"edition_id","projection_run_id","ranking_scope","league","group_id","team_id","group_position","interim_overall_rank","final_overall_rank","ranking_stage","rank","probability","counted_match_ids","excluded_match_ids","ranking_status","missing_rule_input","suppression_reason","ruleset_version","ruleset_sha256","simulation_seed","row_sha256"
"uefa_nations_league_2026_27","phase15-nl-projection-aa8a81e5649029aa","final_overall","A","2014191","team_bel",1,,,"blocked",,,"","uefa_nations_league_2026_27-2048010","unresolved","stage_participants","missing_rule_input","uefa-nations-league-2026-27-v2","78cec2073663e09c2e421843bf86ce65ab54520e8c3db3564c93ae4add1b6b70",15017,"79ce7de6d8981d44793d1f72bf3c59de24cf87772a1abfb3d3a41ab82e59608e"
"uefa_nations_league_2026_27","phase15-nl-projection-aa8a81e5649029aa","final_overall","A","2014191","team_bel",1,4,2,"final_overall",2,0.01,"","uefa_nations_league_2026_27-2048010","ready","","none","uefa-nations-league-2026-27-v2","78cec2073663e09c2e421843bf86ce65ab54520e8c3db3564c93ae4add1b6b70",15017,"2e8613441760b29487caa2f75601826371444bd61926a6fe918233acad3a83a1"
"uefa_nations_league_2026_27","phase15-nl-projection-aa8a81e5649029aa","final_overall","A","2014191","team_fra",2,,,"blocked",,,"uefa_nations_league_2026_27-2048011","","unresolved","stage_participants","missing_rule_input","uefa-nations-league-2026-27-v2","78cec2073663e09c2e421843bf86ce65ab54520e8c3db3564c93ae4add1b6b70",15017,"6aafcacb9fde312ad9d4aaab38ac2b596422f3c9f346ce35042de98a9b0c59eb"
"uefa_nations_league_2026_27","phase15-nl-projection-aa8a81e5649029aa","final_overall","A","2014191","team_fra",2,5,5,"final_overall",5,0.01,"uefa_nations_league_2026_27-2048011","","ready","","none","uefa-nations-league-2026-27-v2","78cec2073663e09c2e421843bf86ce65ab54520e8c3db3564c93ae4add1b6b70",15017,"451a64ba84eb191d763e77407af52f65febdef89752843bffbff330370f14b06"
"uefa_nations_league_2026_27","phase15-nl-projection-aa8a81e5649029aa","final_overall","A","2014191","team_ita",4,,,"blocked",,,"uefa_nations_league_2026_27-2048010","","unresolved","stage_participants","missing_rule_input","uefa-nations-league-2026-27-v2","78cec2073663e09c2e421843bf86ce65ab54520e8c3db3564c93ae4add1b6b70",15017,"e34e1bdc2a6d77c73caad3c738c7151667061f4703a90668cdcda003fe6dd0d7"
"uefa_nations_league_2026_27","phase15-nl-projection-aa8a81e5649029aa","final_overall","A","2014191","team_ita",4,16,20,"final_overall",20,0.01,"uefa_nations_league_2026_27-2048010","","ready","","none","uefa-nations-league-2026-27-v2","78cec2073663e09c2e421843bf86ce65ab54520e8c3db3564c93ae4add1b6b70",15017,"36387a16abbbf5660ec216682bc8fb45f906369ad7216ca1dd26f56ebdd759fa"
"uefa_nations_league_2026_27","phase15-nl-projection-aa8a81e5649029aa","final_overall","A","2014191","team_tur",3,,,"blocked",,,"uefa_nations_league_2026_27-2048011","","unresolved","stage_participants","missing_rule_input","uefa-nations-league-2026-27-v2","78cec2073663e09c2e421843bf86ce65ab54520e8c3db3564c93ae4add1b6b70",15017,"8a7e7d6f92765e850dcacdfc7635379996b985a82e15a8305cfeff45d263f781"
"uefa_nations_league_2026_27","phase15-nl-projection-aa8a81e5649029aa","final_overall","A","2014191","team_tur",3,12,12,"final_overall",12,0.01,"uefa_nations_league_2026_27-2048011","","ready","","none","uefa-nations-league-2026-27-v2","78cec2073663e09c2e421843bf86ce65ab54520e8c3db3564c93ae4add1b6b70",15017,"e21fac13f40d7c854d5c90ba02bb5b272d0fcfb478e351d34134ec675ca252dd"
"uefa_nations_league_2026_27","phase15-nl-projection-aa8a81e5649029aa","final_overall","A","2014192","team_deu",2,,,"blocked",,,"uefa_nations_league_2026_27-2048003","","unresolved","stage_participants","missing_rule_input","uefa-nations-league-2026-27-v2","78cec2073663e09c2e421843bf86ce65ab54520e8c3db3564c93ae4add1b6b70",15017,"aa66221955500858983f076c0583fc9c0922040680b7ab498ad4d147c3b0c730"
"uefa_nations_league_2026_27","phase15-nl-projection-aa8a81e5649029aa","final_overall","A","2014192","team_deu",2,6,6,"final_overall",6,0.01,"uefa_nations_league_2026_27-2048003","","ready","","none","uefa-nations-league-2026-27-v2","78cec2073663e09c2e421843bf86ce65ab54520e8c3db3564c93ae4add1b6b70",15017,"cfa4a46922707803aa306b13ddfe5cb0f5051f8f439a5472c0eed2880ff88994"
"uefa_nations_league_2026_27","phase15-nl-projection-aa8a81e5649029aa","final_overall","A","2014192","team_gre",1,,,"blocked",,,"","uefa_nations_league_2026_27-2048004","unresolved","stage_participants","missing_rule_input","uefa-nations-league-2026-27-v2","78cec2073663e09c2e421843bf86ce65ab54520e8c3db3564c93ae4add1b6b70",15017,"0fdc4262c5a920c237f4b914710ccedd0899418fb1d243f54f8e17e4f43283aa"
"uefa_nations_league_2026_27","phase15-nl-projection-aa8a81e5649029aa","final_overall","A","2014192","team_gre",1,3,4,"final_overall",4,0.01,"","uefa_nations_league_2026_27-2048004","ready","","none","uefa-nations-league-2026-27-v2","78cec2073663e09c2e421843bf86ce65ab54520e8c3db3564c93ae4add1b6b70",15017,"7dc97eda8503c4b945e1adb9090a09bde2e2b6271ccd8dd81ba5e8d770b3496b"
"uefa_nations_league_2026_27","phase15-nl-projection-aa8a81e5649029aa","final_overall","A","2014192","team_ned",3,,,"blocked",,,"uefa_nations_league_2026_27-2048003","","unresolved","stage_participants","missing_rule_input","uefa-nations-league-2026-27-v2","78cec2073663e09c2e421843bf86ce65ab54520e8c3db3564c93ae4add1b6b70",15017,"b0d7082827ed29b0a27d4ea5bfced4d6c148c06c11fa7ecc066b1fc977588a9e"
"uefa_nations_league_2026_27","phase15-nl-projection-aa8a81e5649029aa","final_overall","A","2014192","team_ned",3,9,9,"final_overall",9,0.01,"uefa_nations_league_2026_27-2048003","","ready","","none","uefa-nations-league-2026-27-v2","78cec2073663e09c2e421843bf86ce65ab54520e8c3db3564c93ae4add1b6b70",15017,"b9da13427acab6720dc0e573e634acb2e22f0d4d8883a19c94c7490b61653cce"
"uefa_nations_league_2026_27","phase15-nl-projection-aa8a81e5649029aa","final_overall","A","2014192","team_srb",4,,,"blocked",,,"uefa_nations_league_2026_27-2048004","","unresolved","stage_participants","missing_rule_input","uefa-nations-league-2026-27-v2","78cec2073663e09c2e421843bf86ce65ab54520e8c3db3564c93ae4add1b6b70",15017,"12867a639539347dc4483a75caadb9f90f46dc7233169259480c61a982297ecf"
"uefa_nations_league_2026_27","phase15-nl-projection-aa8a81e5649029aa","final_overall","A","2014192","team_srb",4,14,18,"final_overall",18,0.01,"uefa_nations_league_2026_27-2048004","","ready","","none","uefa-nations-league-2026-27-v2","78cec2073663e09c2e421843bf86ce65ab54520e8c3db3564c93ae4add1b6b70",15017,"6c88bd0a0e1d4c26d7f7c97f9a75a97dcd8f750e91c413801adc2aa0251667b6"
"uefa_nations_league_2026_27","phase15-nl-projection-aa8a81e5649029aa","final_overall","A","2014193","team_cro",2,,,"blocked",,,"","uefa_nations_league_2026_27-2048023","unresolved","stage_participants","missing_rule_input","uefa-nations-league-2026-27-v2","78cec2073663e09c2e421843bf86ce65ab54520e8c3db3564c93ae4add1b6b70",15017,"33970641f81f7bd95c82bd9e4706ccccfdd0aae3a605e9a390a99bb8672f1fa2"
"uefa_nations_league_2026_27","phase15-nl-projection-aa8a81e5649029aa","final_overall","A","2014193","team_cro",2,7,7,"final_overall",7,0.01,"","uefa_nations_league_2026_27-2048023","ready","","none","uefa-nations-league-2026-27-v2","78cec2073663e09c2e421843bf86ce65ab54520e8c3db3564c93ae4add1b6b70",15017,"d13eb1931b6e833a0cb6e58798dd65ff190dbcb671ce5985908220826de17fd1"
"uefa_nations_league_2026_27","phase15-nl-projection-aa8a81e5649029aa","final_overall","A","2014193","team_cze",4,,,"blocked",,,"uefa_nations_league_2026_27-2048023","","unresolved","stage_participants","missing_rule_input","uefa-nations-league-2026-27-v2","78cec2073663e09c2e421843bf86ce65ab54520e8c3db3564c93ae4add1b6b70",15017,"b4962d727d83b833fd75c57eb474097d6336f93fec5da554e88055f64b56bb77"
"uefa_nations_league_2026_27","phase15-nl-projection-aa8a81e5649029aa","final_overall","A","2014193","team_cze",4,13,17,"final_overall",17,0.01,"uefa_nations_league_2026_27-2048023","","ready","","none","uefa-nations-league-2026-27-v2","78cec2073663e09c2e421843bf86ce65ab54520e8c3db3564c93ae4add1b6b70",15017,"7c891824b55c148eb86686e2d5660e7bfcf21997ac8ff2a5ef854281d305e188"
"uefa_nations_league_2026_27","phase15-nl-projection-aa8a81e5649029aa","final_overall","A","2014193","team_eng",3,,,"blocked",,,"uefa_nations_league_2026_27-2048018","","unresolved","stage_participants","missing_rule_input","uefa-nations-league-2026-27-v2","78cec2073663e09c2e421843bf86ce65ab54520e8c3db3564c93ae4add1b6b70",15017,"291cfce20e75901f7f2e1ef8779af1c2ee384e7fc665e3ded095203c65d7a15e"
"uefa_nations_league_2026_27","phase15-nl-projection-aa8a81e5649029aa","final_overall","A","2014193","team_eng",3,11,11,"final_overall",11,0.01,"uefa_nations_league_2026_27-2048018","","ready","","none","uefa-nations-league-2026-27-v2","78cec2073663e09c2e421843bf86ce65ab54520e8c3db3564c93ae4add1b6b70",15017,"6fed41f4cd8904e77e93bcc51c7cf063856e325bc4c16a8f3816a2afc7f19c98"
"uefa_nations_league_2026_27","phase15-nl-projection-aa8a81e5649029aa","final_overall","A","2014193","team_esp",1,,,"blocked",,,"uefa_nations_league_2026_27-2048018","","unresolved","stage_participants","missing_rule_input","uefa-nations-league-2026-27-v2","78cec2073663e09c2e421843bf86ce65ab54520e8c3db3564c93ae4add1b6b70",15017,"bc22e8a75a89ce3f4291ae3a2cbea7eb7d81517e66fac8458f33e3eeb33dee75"
"uefa_nations_league_2026_27","phase15-nl-projection-aa8a81e5649029aa","final_overall","A","2014193","team_esp",1,1,3,"final_overall",3,0.01,"uefa_nations_league_2026_27-2048018","","ready","","none","uefa-nations-league-2026-27-v2","78cec2073663e09c2e421843bf86ce65ab54520e8c3db3564c93ae4add1b6b70",15017,"f287b53e2b2ab0e2c45ea893a2b8c38cf03a7724046799215b942345351cd8dd"
"uefa_nations_league_2026_27","phase15-nl-projection-aa8a81e5649029aa","final_overall","A","2014194","team_den",3,,,"blocked",,,"uefa_nations_league_2026_27-2048005","","unresolved","stage_participants","missing_rule_input","uefa-nations-league-2026-27-v2","78cec2073663e09c2e421843bf86ce65ab54520e8c3db3564c93ae4add1b6b70",15017,"88cfc04a4c1ac7dc5adb4d60f0b0b225c0bfd54262c90d1f77a3d045ac2d5a90"
"uefa_nations_league_2026_27","phase15-nl-projection-aa8a81e5649029aa","final_overall","A","2014194","team_den",3,10,10,"final_overall",10,0.01,"uefa_nations_league_2026_27-2048005","","ready","","none","uefa-nations-league-2026-27-v2","78cec2073663e09c2e421843bf86ce65ab54520e8c3db3564c93ae4add1b6b70",15017,"78b829e2b51b675ec18c0488c87a2b5958ee95e9b9e9ba6fa980ce1531475f1c"
"uefa_nations_league_2026_27","phase15-nl-projection-aa8a81e5649029aa","final_overall","A","2014194","team_nor",1,,,"blocked",,,"uefa_nations_league_2026_27-2048005","","unresolved","stage_participants","missing_rule_input","uefa-nations-league-2026-27-v2","78cec2073663e09c2e421843bf86ce65ab54520e8c3db3564c93ae4add1b6b70",15017,"01033083e0e0641001dfe5457e069abf3935fb417c38bc1fff07ad020936a481"
"uefa_nations_league_2026_27","phase15-nl-projection-aa8a81e5649029aa","final_overall","A","2014194","team_nor",1,2,1,"final_overall",1,0.01,"uefa_nations_league_2026_27-2048005","","ready","","none","uefa-nations-league-2026-27-v2","78cec2073663e09c2e421843bf86ce65ab54520e8c3db3564c93ae4add1b6b70",15017,"c69e51fb949cf2a609cf253a5a30716527f01ca25ea51424fd5d29fb2e7642b4"
"uefa_nations_league_2026_27","phase15-nl-projection-aa8a81e5649029aa","final_overall","A","2014194","team_por",2,,,"blocked",,,"","uefa_nations_league_2026_27-2048002","unresolved","stage_participants","missing_rule_input","uefa-nations-league-2026-27-v2","78cec2073663e09c2e421843bf86ce65ab54520e8c3db3564c93ae4add1b6b70",15017,"42d19cb2143fe24c4c35e65c316f58dfa4906134999afca130b232b5db7bfdbd"
"uefa_nations_league_2026_27","phase15-nl-projection-aa8a81e5649029aa","final_overall","A","2014194","team_por",2,8,8,"final_overall",8,0.01,"","uefa_nations_league_2026_27-2048002","ready","","none","uefa-nations-league-2026-27-v2","78cec2073663e09c2e421843bf86ce65ab54520e8c3db3564c93ae4add1b6b70",15017,"80b4e8b665ce0a29a7eacd6a288b6d740d01d5b11d222adafb370030ba1ea0d0"
"uefa_nations_league_2026_27","phase15-nl-projection-aa8a81e5649029aa","final_overall","A","2014194","team_wal",4,,,"blocked",,,"uefa_nations_league_2026_27-2048002","","unresolved","stage_participants","missing_rule_input","uefa-nations-league-2026-27-v2","78cec2073663e09c2e421843bf86ce65ab54520e8c3db3564c93ae4add1b6b70",15017,"00ef8e3355d394e5c6ad4024444b77b7877f00ad7d650e99516219952699ce20"
"uefa_nations_league_2026_27","phase15-nl-projection-aa8a81e5649029aa","final_overall","A","2014194","team_wal",4,15,19,"final_overall",19,0.01,"uefa_nations_league_2026_27-2048002","","ready","","none","uefa-nations-league-2026-27-v2","78cec2073663e09c2e421843bf86ce65ab54520e8c3db3564c93ae4add1b6b70",15017,"1e174683c8695a166f213d6a8848974f21741b49db1dbbb97cc4515bf46cf369"
"uefa_nations_league_2026_27","phase15-nl-projection-aa8a81e5649029aa","final_overall","B","2014195","team_mkd",4,,,"blocked",,,"uefa_nations_league_2026_27-2048022","","unresolved","stage_participants","missing_rule_input","uefa-nations-league-2026-27-v2","78cec2073663e09c2e421843bf86ce65ab54520e8c3db3564c93ae4add1b6b70",15017,"5ddf0e383a70514f8069fe96e1e41840dbfcfc1afddbf6f3db45d470446e64f4"
"uefa_nations_league_2026_27","phase15-nl-projection-aa8a81e5649029aa","final_overall","B","2014195","team_mkd",4,32,36,"final_overall",36,0.01,"uefa_nations_league_2026_27-2048022","","ready","","none","uefa-nations-league-2026-27-v2","78cec2073663e09c2e421843bf86ce65ab54520e8c3db3564c93ae4add1b6b70",15017,"58ff21c851972b9ca20ac6e93c5a0956cb183bee6f1ac4f8a7de26dd420d9b1a"
"uefa_nations_league_2026_27","phase15-nl-projection-aa8a81e5649029aa","final_overall","B","2014195","team_scotland",3,,,"blocked",,,"uefa_nations_league_2026_27-2048027","","unresolved","stage_participants","missing_rule_input","uefa-nations-league-2026-27-v2","78cec2073663e09c2e421843bf86ce65ab54520e8c3db3564c93ae4add1b6b70",15017,"cdcad54d24dbd0d154ebdcea3efa9e337b34324b758d1affdad6579860f4e69c"
"uefa_nations_league_2026_27","phase15-nl-projection-aa8a81e5649029aa","final_overall","B","2014195","team_scotland",3,26,26,"final_overall",26,0.01,"uefa_nations_league_2026_27-2048027","","ready","","none","uefa-nations-league-2026-27-v2","78cec2073663e09c2e421843bf86ce65ab54520e8c3db3564c93ae4add1b6b70",15017,"c3a0f4d8f6f28908979fa7dfbc3b7f7bc6cd813a97a6251c6ece930ef4aa3315"
"uefa_nations_league_2026_27","phase15-nl-projection-aa8a81e5649029aa","final_overall","B","2014195","team_sui",1,,,"blocked",,,"","uefa_nations_league_2026_27-2048022","unresolved","stage_participants","missing_rule_input","uefa-nations-league-2026-27-v2","78cec2073663e09c2e421843bf86ce65ab54520e8c3db3564c93ae4add1b6b70",15017,"59d3cd6488470a0626be6fbf1f19eadda0d55d8a2516198dc7081244a4a6c63d"
"uefa_nations_league_2026_27","phase15-nl-projection-aa8a81e5649029aa","final_overall","B","2014195","team_sui",1,20,16,"final_overall",16,0.01,"","uefa_nations_league_2026_27-2048022","ready","","none","uefa-nations-league-2026-27-v2","78cec2073663e09c2e421843bf86ce65ab54520e8c3db3564c93ae4add1b6b70",15017,"21e1f2a32362cb2bec13d9badc940b02c0a580de84cbebcdb367904f5147e081"
"uefa_nations_league_2026_27","phase15-nl-projection-aa8a81e5649029aa","final_overall","B","2014195","team_svn",2,,,"blocked",,,"uefa_nations_league_2026_27-2048027","","unresolved","stage_participants","missing_rule_input","uefa-nations-league-2026-27-v2","78cec2073663e09c2e421843bf86ce65ab54520e8c3db3564c93ae4add1b6b70",15017,"8405576b0c12ef4cb76d6a5c31132f00dc4afbceb2c68525ae78619eb8f2786e"
"uefa_nations_league_2026_27","phase15-nl-projection-aa8a81e5649029aa","final_overall","B","2014195","team_svn",2,22,22,"final_overall",22,0.01,"uefa_nations_league_2026_27-2048027","","ready","","none","uefa-nations-league-2026-27-v2","78cec2073663e09c2e421843bf86ce65ab54520e8c3db3564c93ae4add1b6b70",15017,"5cc4bbe545beac08b5bd9a78d23a13cd78a2019a4bb870428529fecaea6625c7"
"uefa_nations_league_2026_27","phase15-nl-projection-aa8a81e5649029aa","final_overall","B","2014196","team_geo",3,,,"blocked",,,"uefa_nations_league_2026_27-2048014","","unresolved","stage_participants","missing_rule_input","uefa-nations-league-2026-27-v2","78cec2073663e09c2e421843bf86ce65ab54520e8c3db3564c93ae4add1b6b70",15017,"b94e4f664e97b7f3566ea2cb3b5a771f96882052ab593ecbd98c254ef1d6922b"
"uefa_nations_league_2026_27","phase15-nl-projection-aa8a81e5649029aa","final_overall","B","2014196","team_geo",3,28,28,"final_overall",28,0.01,"uefa_nations_league_2026_27-2048014","","ready","","none","uefa-nations-league-2026-27-v2","78cec2073663e09c2e421843bf86ce65ab54520e8c3db3564c93ae4add1b6b70",15017,"94b56678c4084f820d19f99585fde0606c81a1b89306c0ac04fe556117829136"
"uefa_nations_league_2026_27","phase15-nl-projection-aa8a81e5649029aa","final_overall","B","2014196","team_hun",4,,,"blocked",,,"uefa_nations_league_2026_27-2048012","","unresolved","stage_participants","missing_rule_input","uefa-nations-league-2026-27-v2","78cec2073663e09c2e421843bf86ce65ab54520e8c3db3564c93ae4add1b6b70",15017,"d92e83705098720ab5992938508d490f5bd31f5d145590fb2cdb677517323bf0"
"uefa_nations_league_2026_27","phase15-nl-projection-aa8a81e5649029aa","final_overall","B","2014196","team_hun",4,30,34,"final_overall",34,0.01,"uefa_nations_league_2026_27-2048012","","ready","","none","uefa-nations-league-2026-27-v2","78cec2073663e09c2e421843bf86ce65ab54520e8c3db3564c93ae4add1b6b70",15017,"b3692e47dbe7ef1babe4f1c319aa7784520091c050ef51224dbfb3cc5a13dfd2"
"uefa_nations_league_2026_27","phase15-nl-projection-aa8a81e5649029aa","final_overall","B","2014196","team_nir",1,,,"blocked",,,"uefa_nations_league_2026_27-2048014","","unresolved","stage_participants","missing_rule_input","uefa-nations-league-2026-27-v2","78cec2073663e09c2e421843bf86ce65ab54520e8c3db3564c93ae4add1b6b70",15017,"2d4f4fe6ef67ed4b8631fa129565b41c15ed5747a567b53296380720dfb47cf0"
"uefa_nations_league_2026_27","phase15-nl-projection-aa8a81e5649029aa","final_overall","B","2014196","team_nir",1,17,13,"final_overall",13,0.01,"uefa_nations_league_2026_27-2048014","","ready","","none","uefa-nations-league-2026-27-v2","78cec2073663e09c2e421843bf86ce65ab54520e8c3db3564c93ae4add1b6b70",15017,"e5f4a2226d91ff2a71df07c6dee12c0b07f3622b927cc57f70da6f5f5db9acd9"
"uefa_nations_league_2026_27","phase15-nl-projection-aa8a81e5649029aa","final_overall","B","2014196","team_ukr",2,,,"blocked",,,"","uefa_nations_league_2026_27-2048012","unresolved","stage_participants","missing_rule_input","uefa-nations-league-2026-27-v2","78cec2073663e09c2e421843bf86ce65ab54520e8c3db3564c93ae4add1b6b70",15017,"49a1d264c5fe29f9b3b2b8fb8f77e4ed670b54022f9efc6dca64f1e40abb8fea"
"uefa_nations_league_2026_27","phase15-nl-projection-aa8a81e5649029aa","final_overall","B","2014196","team_ukr",2,24,24,"final_overall",24,0.01,"","uefa_nations_league_2026_27-2048012","ready","","none","uefa-nations-league-2026-27-v2","78cec2073663e09c2e421843bf86ce65ab54520e8c3db3564c93ae4add1b6b70",15017,"4076c8f33e37f6d51cd5a1464d450f9d8816aa4c0661e026ed620db83cdd147f"
"uefa_nations_league_2026_27","phase15-nl-projection-aa8a81e5649029aa","final_overall","B","2014197","team_aut",1,,,"blocked",,,"","uefa_nations_league_2026_27-2048006","unresolved","stage_participants","missing_rule_input","uefa-nations-league-2026-27-v2","78cec2073663e09c2e421843bf86ce65ab54520e8c3db3564c93ae4add1b6b70",15017,"68624da861fbd85e969c787f1b3e0bfe44602ef1e9d77023f88084a9d648214a"
"uefa_nations_league_2026_27","phase15-nl-projection-aa8a81e5649029aa","final_overall","B","2014197","team_aut",1,19,15,"final_overall",15,0.01,"","uefa_nations_league_2026_27-2048006","ready","","none","uefa-nations-league-2026-27-v2","78cec2073663e09c2e421843bf86ce65ab54520e8c3db3564c93ae4add1b6b70",15017,"fbde04f2d1cfb28e8419205b1fc628c1ff6ab67a0262d05eae6595193bd00e4b"
"uefa_nations_league_2026_27","phase15-nl-projection-aa8a81e5649029aa","final_overall","B","2014197","team_isr",4,,,"blocked",,,"uefa_nations_league_2026_27-2048006","","unresolved","stage_participants","missing_rule_input","uefa-nations-league-2026-27-v2","78cec2073663e09c2e421843bf86ce65ab54520e8c3db3564c93ae4add1b6b70",15017,"67827b166bbbb9116bd229006c46b7263ad5b0f557d0d96695c1d8d94db76cd2"
"uefa_nations_league_2026_27","phase15-nl-projection-aa8a81e5649029aa","final_overall","B","2014197","team_isr",4,31,35,"final_overall",35,0.01,"uefa_nations_league_2026_27-2048006","","ready","","none","uefa-nations-league-2026-27-v2","78cec2073663e09c2e421843bf86ce65ab54520e8c3db3564c93ae4add1b6b70",15017,"66fc9ba5fc61f319286b4930358eb8e959a169b579489167a0806db068103a9d"
"uefa_nations_league_2026_27","phase15-nl-projection-aa8a81e5649029aa","final_overall","B","2014197","team_kvx",2,,,"blocked",,,"uefa_nations_league_2026_27-2048007","","unresolved","stage_participants","missing_rule_input","uefa-nations-league-2026-27-v2","78cec2073663e09c2e421843bf86ce65ab54520e8c3db3564c93ae4add1b6b70",15017,"e459df484bb459578b63b8950c38b42ba4bf8f71873bea01fd23434cda86698c"
"uefa_nations_league_2026_27","phase15-nl-projection-aa8a81e5649029aa","final_overall","B","2014197","team_kvx",2,21,21,"final_overall",21,0.01,"uefa_nations_league_2026_27-2048007","","ready","","none","uefa-nations-league-2026-27-v2","78cec2073663e09c2e421843bf86ce65ab54520e8c3db3564c93ae4add1b6b70",15017,"f278fa3999cf0e2f67179aa33ade67c01c54b573198c7bad802592603096fb21"
"uefa_nations_league_2026_27","phase15-nl-projection-aa8a81e5649029aa","final_overall","B","2014197","team_republic_of_ireland",3,,,"blocked",,,"uefa_nations_league_2026_27-2048007","","unresolved","stage_participants","missing_rule_input","uefa-nations-league-2026-27-v2","78cec2073663e09c2e421843bf86ce65ab54520e8c3db3564c93ae4add1b6b70",15017,"9dcd88ad9f7b21ab185e556d26f2a63a289a74505e2a53ba0526bfef8aa02db8"
"uefa_nations_league_2026_27","phase15-nl-projection-aa8a81e5649029aa","final_overall","B","2014197","team_republic_of_ireland",3,27,27,"final_overall",27,0.01,"uefa_nations_league_2026_27-2048007","","ready","","none","uefa-nations-league-2026-27-v2","78cec2073663e09c2e421843bf86ce65ab54520e8c3db3564c93ae4add1b6b70",15017,"bd0b155208c2b0dc4dea0636ca42464538bd15a8a3762ce0a3a06533b2de1a95"
"uefa_nations_league_2026_27","phase15-nl-projection-aa8a81e5649029aa","final_overall","B","2014198","team_bih",2,,,"blocked",,,"uefa_nations_league_2026_27-2048013","","unresolved","stage_participants","missing_rule_input","uefa-nations-league-2026-27-v2","78cec2073663e09c2e421843bf86ce65ab54520e8c3db3564c93ae4add1b6b70",15017,"66184e5d750ea3827628ce31816e061c6965d3b13066b08f538fbb468b439dfa"
"uefa_nations_league_2026_27","phase15-nl-projection-aa8a81e5649029aa","final_overall","B","2014198","team_bih",2,23,23,"final_overall",23,0.01,"uefa_nations_league_2026_27-2048013","","ready","","none","uefa-nations-league-2026-27-v2","78cec2073663e09c2e421843bf86ce65ab54520e8c3db3564c93ae4add1b6b70",15017,"1477f100b61113a66c9d734126165ff7d4752c46fcf0619d0d42804097be1e0d"
"uefa_nations_league_2026_27","phase15-nl-projection-aa8a81e5649029aa","final_overall","B","2014198","team_pol",3,,,"blocked",,,"uefa_nations_league_2026_27-2048013","","unresolved","stage_participants","missing_rule_input","uefa-nations-league-2026-27-v2","78cec2073663e09c2e421843bf86ce65ab54520e8c3db3564c93ae4add1b6b70",15017,"4fde120bbfde74a56d1e339e5acc1f67ee2eccb9db4cdb51345f6f06303d8a30"
"uefa_nations_league_2026_27","phase15-nl-projection-aa8a81e5649029aa","final_overall","B","2014198","team_pol",3,25,25,"final_overall",25,0.01,"uefa_nations_league_2026_27-2048013","","ready","","none","uefa-nations-league-2026-27-v2","78cec2073663e09c2e421843bf86ce65ab54520e8c3db3564c93ae4add1b6b70",15017,"f9bb7aa3c505b0fcd243b0c3a859a8842e13ee8e3ae55cb31c93b9adc6881379"
"uefa_nations_league_2026_27","phase15-nl-projection-aa8a81e5649029aa","final_overall","B","2014198","team_rou",4,,,"blocked",,,"uefa_nations_league_2026_27-2048015","","unresolved","stage_participants","missing_rule_input","uefa-nations-league-2026-27-v2","78cec2073663e09c2e421843bf86ce65ab54520e8c3db3564c93ae4add1b6b70",15017,"0fe18fdae29b60b80a670ab3b3e933306d6f4d1e1fec51adb171485c786cffcb"
"uefa_nations_league_2026_27","phase15-nl-projection-aa8a81e5649029aa","final_overall","B","2014198","team_rou",4,29,33,"final_overall",33,0.01,"uefa_nations_league_2026_27-2048015","","ready","","none","uefa-nations-league-2026-27-v2","78cec2073663e09c2e421843bf86ce65ab54520e8c3db3564c93ae4add1b6b70",15017,"392ce5a95e8bf2cfcec4835367c8b853a03f9917afabe971ac5af62f222d6eb2"
"uefa_nations_league_2026_27","phase15-nl-projection-aa8a81e5649029aa","final_overall","B","2014198","team_swe",1,,,"blocked",,,"","uefa_nations_league_2026_27-2048015","unresolved","stage_participants","missing_rule_input","uefa-nations-league-2026-27-v2","78cec2073663e09c2e421843bf86ce65ab54520e8c3db3564c93ae4add1b6b70",15017,"6cbd831352795a93f2f15859c41e49be1c33ea2dd037946f871612a1a62da79d"
"uefa_nations_league_2026_27","phase15-nl-projection-aa8a81e5649029aa","final_overall","B","2014198","team_swe",1,18,14,"final_overall",14,0.01,"","uefa_nations_league_2026_27-2048015","ready","","none","uefa-nations-league-2026-27-v2","78cec2073663e09c2e421843bf86ce65ab54520e8c3db3564c93ae4add1b6b70",15017,"eb0fcdfcb951c9ea3f948f8bea5de0faec090b6ce03b81f74a30a06c50600490"
"uefa_nations_league_2026_27","phase15-nl-projection-aa8a81e5649029aa","final_overall","C","2014199","team_alb",2,,,"blocked",,,"uefa_nations_league_2026_27-2048020","","unresolved","stage_participants","missing_rule_input","uefa-nations-league-2026-27-v2","78cec2073663e09c2e421843bf86ce65ab54520e8c3db3564c93ae4add1b6b70",15017,"ea73a586d6ab8b9f7370897fe636bcbf03502d21e304a5626f9dc197c7148658"
"uefa_nations_league_2026_27","phase15-nl-projection-aa8a81e5649029aa","final_overall","C","2014199","team_alb",2,37,37,"final_overall",37,0.01,"uefa_nations_league_2026_27-2048020","","ready","","none","uefa-nations-league-2026-27-v2","78cec2073663e09c2e421843bf86ce65ab54520e8c3db3564c93ae4add1b6b70",15017,"43c3cee60f6d3e23c80317be2dc32ab308964f44f335164d7ef370ff6fbec6bb"
"uefa_nations_league_2026_27","phase15-nl-projection-aa8a81e5649029aa","final_overall","C","2014199","team_blr",3,,,"blocked",,,"uefa_nations_league_2026_27-2048020","","unresolved","stage_participants","missing_rule_input","uefa-nations-league-2026-27-v2","78cec2073663e09c2e421843bf86ce65ab54520e8c3db3564c93ae4add1b6b70",15017,"4fddcc964bee742938f303a2624f00752a889084a56ae3f35482ad15cf47699d"
"uefa_nations_league_2026_27","phase15-nl-projection-aa8a81e5649029aa","final_overall","C","2014199","team_blr",3,44,44,"final_overall",44,0.01,"uefa_nations_league_2026_27-2048020","","ready","","none","uefa-nations-league-2026-27-v2","78cec2073663e09c2e421843bf86ce65ab54520e8c3db3564c93ae4add1b6b70",15017,"e7bc85ad4220122ae93d632db54152c848b32fed59248c420b75706d0e898db5"
"uefa_nations_league_2026_27","phase15-nl-projection-aa8a81e5649029aa","final_overall","C","2014199","team_fin",1,,,"blocked",,,"","uefa_nations_league_2026_27-2048025","unresolved","stage_participants","missing_rule_input","uefa-nations-league-2026-27-v2","78cec2073663e09c2e421843bf86ce65ab54520e8c3db3564c93ae4add1b6b70",15017,"f94ff322c3caeb508926e398f805981bcb5471ca4769f20a719463e9b326fb82"
"uefa_nations_league_2026_27","phase15-nl-projection-aa8a81e5649029aa","final_overall","C","2014199","team_fin",1,36,32,"final_overall",32,0.01,"","uefa_nations_league_2026_27-2048025","ready","","none","uefa-nations-league-2026-27-v2","78cec2073663e09c2e421843bf86ce65ab54520e8c3db3564c93ae4add1b6b70",15017,"bfe1e74de4a0fe4d1a5c20cf43bcc5b4c450303e5f0156a7495420d145d2058a"
"uefa_nations_league_2026_27","phase15-nl-projection-aa8a81e5649029aa","final_overall","C","2014199","team_smr",4,,,"blocked",,,"uefa_nations_league_2026_27-2048025","","unresolved","stage_participants","missing_rule_input","uefa-nations-league-2026-27-v2","78cec2073663e09c2e421843bf86ce65ab54520e8c3db3564c93ae4add1b6b70",15017,"8a22b21227df650f84c2c9fb9a637cc1170e36bcd1f9c9ccceb6362f9d58d6d5"
"uefa_nations_league_2026_27","phase15-nl-projection-aa8a81e5649029aa","final_overall","C","2014199","team_smr",4,48,50,"final_overall",50,0.01,"uefa_nations_league_2026_27-2048025","","ready","","none","uefa-nations-league-2026-27-v2","78cec2073663e09c2e421843bf86ce65ab54520e8c3db3564c93ae4add1b6b70",15017,"3a9f2c7a0414e2578aad61dedac3113efd9fcbc01fc33ccb94f94c047ec9293e"
"uefa_nations_league_2026_27","phase15-nl-projection-aa8a81e5649029aa","final_overall","C","2014200","team_arm",1,,,"blocked",,,"","uefa_nations_league_2026_27-2048017","unresolved","stage_participants","missing_rule_input","uefa-nations-league-2026-27-v2","78cec2073663e09c2e421843bf86ce65ab54520e8c3db3564c93ae4add1b6b70",15017,"797a48a0421a2c4584f67e59b418311867dda9402f783752a81d774942a45fa1"
"uefa_nations_league_2026_27","phase15-nl-projection-aa8a81e5649029aa","final_overall","C","2014200","team_arm",1,34,30,"final_overall",30,0.01,"","uefa_nations_league_2026_27-2048017","ready","","none","uefa-nations-league-2026-27-v2","78cec2073663e09c2e421843bf86ce65ab54520e8c3db3564c93ae4add1b6b70",15017,"a28c64538d47136b3b9dfefdb61018ddedbbd884bd62d552bb3948a518bb376e"
"uefa_nations_league_2026_27","phase15-nl-projection-aa8a81e5649029aa","final_overall","C","2014200","team_cyp",3,,,"blocked",,,"uefa_nations_league_2026_27-2048016","","unresolved","stage_participants","missing_rule_input","uefa-nations-league-2026-27-v2","78cec2073663e09c2e421843bf86ce65ab54520e8c3db3564c93ae4add1b6b70",15017,"f04b39225072d5b1f884492c578002efc1b58c0087b87cfdac764094f4159ca5"
"uefa_nations_league_2026_27","phase15-nl-projection-aa8a81e5649029aa","final_overall","C","2014200","team_cyp",3,43,43,"final_overall",43,0.01,"uefa_nations_league_2026_27-2048016","","ready","","none","uefa-nations-league-2026-27-v2","78cec2073663e09c2e421843bf86ce65ab54520e8c3db3564c93ae4add1b6b70",15017,"a669dc82bac6d19dd1598e1b953f89a64ec24c49b8ba5ade94f08760ae305a7a"
"uefa_nations_league_2026_27","phase15-nl-projection-aa8a81e5649029aa","final_overall","C","2014200","team_lva",4,,,"blocked",,,"uefa_nations_league_2026_27-2048017","","unresolved","stage_participants","missing_rule_input","uefa-nations-league-2026-27-v2","78cec2073663e09c2e421843bf86ce65ab54520e8c3db3564c93ae4add1b6b70",15017,"3dd940955ac47fa7c55c9c22bc127ee97d15b32008c9c989763453920953887c"
"uefa_nations_league_2026_27","phase15-nl-projection-aa8a81e5649029aa","final_overall","C","2014200","team_lva",4,47,49,"final_overall",49,0.01,"uefa_nations_league_2026_27-2048017","","ready","","none","uefa-nations-league-2026-27-v2","78cec2073663e09c2e421843bf86ce65ab54520e8c3db3564c93ae4add1b6b70",15017,"a302bb2c7ac632a8ef3fa2f3a60126aedec4f1fe9eb6c0cc965618f020e55d9f"
"uefa_nations_league_2026_27","phase15-nl-projection-aa8a81e5649029aa","final_overall","C","2014200","team_mne",2,,,"blocked",,,"uefa_nations_league_2026_27-2048016","","unresolved","stage_participants","missing_rule_input","uefa-nations-league-2026-27-v2","78cec2073663e09c2e421843bf86ce65ab54520e8c3db3564c93ae4add1b6b70",15017,"7adb4e52e0e4a95d47c256926be5c2eb5cf5c0a8aca4d7e1e119ce24740e72ee"
"uefa_nations_league_2026_27","phase15-nl-projection-aa8a81e5649029aa","final_overall","C","2014200","team_mne",2,38,38,"final_overall",38,0.01,"uefa_nations_league_2026_27-2048016","","ready","","none","uefa-nations-league-2026-27-v2","78cec2073663e09c2e421843bf86ce65ab54520e8c3db3564c93ae4add1b6b70",15017,"88e07617cc2a7abd2e7f12004f5903dbb6e0f8e7a6409c4b398a079344216711"
"uefa_nations_league_2026_27","phase15-nl-projection-aa8a81e5649029aa","final_overall","C","2014201","team_fro",3,,,"blocked",,,"uefa_nations_league_2026_27-2048024","","unresolved","stage_participants","missing_rule_input","uefa-nations-league-2026-27-v2","78cec2073663e09c2e421843bf86ce65ab54520e8c3db3564c93ae4add1b6b70",15017,"55315d184f83abb4c98592f3761d1f1dcbf7d82345e448efd688349dcf99c7aa"
"uefa_nations_league_2026_27","phase15-nl-projection-aa8a81e5649029aa","final_overall","C","2014201","team_fro",3,41,41,"final_overall",41,0.01,"uefa_nations_league_2026_27-2048024","","ready","","none","uefa-nations-league-2026-27-v2","78cec2073663e09c2e421843bf86ce65ab54520e8c3db3564c93ae4add1b6b70",15017,"0f6aac8630f045de734ff162659df609111907dde5b96175acb8cc78a30adce1"
"uefa_nations_league_2026_27","phase15-nl-projection-aa8a81e5649029aa","final_overall","C","2014201","team_kaz",2,,,"blocked",,,"uefa_nations_league_2026_27-2048024","","unresolved","stage_participants","missing_rule_input","uefa-nations-league-2026-27-v2","78cec2073663e09c2e421843bf86ce65ab54520e8c3db3564c93ae4add1b6b70",15017,"6a6200fec79c64bbc385d2e7392cf51fedd82ddd7c4c171a104139bcad7e42b7"
"uefa_nations_league_2026_27","phase15-nl-projection-aa8a81e5649029aa","final_overall","C","2014201","team_kaz",2,40,40,"final_overall",40,0.01,"uefa_nations_league_2026_27-2048024","","ready","","none","uefa-nations-league-2026-27-v2","78cec2073663e09c2e421843bf86ce65ab54520e8c3db3564c93ae4add1b6b70",15017,"58658c4b3e64e1fbb8b54ce815908050229cd170043d81110696c842b4dd61bb"
"uefa_nations_league_2026_27","phase15-nl-projection-aa8a81e5649029aa","final_overall","C","2014201","team_mda",4,,,"blocked",,,"uefa_nations_league_2026_27-2048021","","unresolved","stage_participants","missing_rule_input","uefa-nations-league-2026-27-v2","78cec2073663e09c2e421843bf86ce65ab54520e8c3db3564c93ae4add1b6b70",15017,"8db890fa9db8b5beeb7546f35e42c53d9838df90f3083c295c29edc5ad6bf645"
"uefa_nations_league_2026_27","phase15-nl-projection-aa8a81e5649029aa","final_overall","C","2014201","team_mda",4,46,46,"final_overall",46,0.01,"uefa_nations_league_2026_27-2048021","","ready","","none","uefa-nations-league-2026-27-v2","78cec2073663e09c2e421843bf86ce65ab54520e8c3db3564c93ae4add1b6b70",15017,"cc9b35616365af1d3433e14e2a53f560886fba17438dc4b55d2144165f58dee0"
"uefa_nations_league_2026_27","phase15-nl-projection-aa8a81e5649029aa","final_overall","C","2014201","team_svk",1,,,"blocked",,,"","uefa_nations_league_2026_27-2048021","unresolved","stage_participants","missing_rule_input","uefa-nations-league-2026-27-v2","78cec2073663e09c2e421843bf86ce65ab54520e8c3db3564c93ae4add1b6b70",15017,"b06225ac21f91e372b167f28432aa1ba148585bcceb57a4516288b4a78f6796e"
"uefa_nations_league_2026_27","phase15-nl-projection-aa8a81e5649029aa","final_overall","C","2014201","team_svk",1,35,31,"final_overall",31,0.01,"","uefa_nations_league_2026_27-2048021","ready","","none","uefa-nations-league-2026-27-v2","78cec2073663e09c2e421843bf86ce65ab54520e8c3db3564c93ae4add1b6b70",15017,"278eee8f5aaeb4ff0102421241ce68e6f23f363d82b8620583e398f814f65d92"
"uefa_nations_league_2026_27","phase15-nl-projection-aa8a81e5649029aa","final_overall","C","2014202","team_bul",4,,,"blocked",,,"uefa_nations_league_2026_27-2048026","","unresolved","stage_participants","missing_rule_input","uefa-nations-league-2026-27-v2","78cec2073663e09c2e421843bf86ce65ab54520e8c3db3564c93ae4add1b6b70",15017,"ee4bf222eb1273f5d4dbc33e5c1bfe60ecd45e135679485df50dafeb2a1667ba"
"uefa_nations_league_2026_27","phase15-nl-projection-aa8a81e5649029aa","final_overall","C","2014202","team_bul",4,45,45,"final_overall",45,0.01,"uefa_nations_league_2026_27-2048026","","ready","","none","uefa-nations-league-2026-27-v2","78cec2073663e09c2e421843bf86ce65ab54520e8c3db3564c93ae4add1b6b70",15017,"f9323c0f1bc85bde43a2617373a68769501170282856aaf4cababf45f23e7450"
"uefa_nations_league_2026_27","phase15-nl-projection-aa8a81e5649029aa","final_overall","C","2014202","team_est",2,,,"blocked",,,"uefa_nations_league_2026_27-2048019","","unresolved","stage_participants","missing_rule_input","uefa-nations-league-2026-27-v2","78cec2073663e09c2e421843bf86ce65ab54520e8c3db3564c93ae4add1b6b70",15017,"d6cc759adf20f68a8c721e9cbddee9b7e0922dd77bda0f88493dce9565575bb6"
"uefa_nations_league_2026_27","phase15-nl-projection-aa8a81e5649029aa","final_overall","C","2014202","team_est",2,39,39,"final_overall",39,0.01,"uefa_nations_league_2026_27-2048019","","ready","","none","uefa-nations-league-2026-27-v2","78cec2073663e09c2e421843bf86ce65ab54520e8c3db3564c93ae4add1b6b70",15017,"674762be33acb8655356d48a76cb0ce035c28ed032b2b0d96277e1cfbe20bbf1"
"uefa_nations_league_2026_27","phase15-nl-projection-aa8a81e5649029aa","final_overall","C","2014202","team_isl",3,,,"blocked",,,"uefa_nations_league_2026_27-2048019","","unresolved","stage_participants","missing_rule_input","uefa-nations-league-2026-27-v2","78cec2073663e09c2e421843bf86ce65ab54520e8c3db3564c93ae4add1b6b70",15017,"34ee9f5a6481f3c551f252fab0e59df2bc6bca20d3fb8b6a64655ed9d8a2c8f0"
"uefa_nations_league_2026_27","phase15-nl-projection-aa8a81e5649029aa","final_overall","C","2014202","team_isl",3,42,42,"final_overall",42,0.01,"uefa_nations_league_2026_27-2048019","","ready","","none","uefa-nations-league-2026-27-v2","78cec2073663e09c2e421843bf86ce65ab54520e8c3db3564c93ae4add1b6b70",15017,"add96213864099659dc019f94d8887a4e802c271398d6243078617f7bf014a69"
"uefa_nations_league_2026_27","phase15-nl-projection-aa8a81e5649029aa","final_overall","C","2014202","team_lux",1,,,"blocked",,,"","uefa_nations_league_2026_27-2048026","unresolved","stage_participants","missing_rule_input","uefa-nations-league-2026-27-v2","78cec2073663e09c2e421843bf86ce65ab54520e8c3db3564c93ae4add1b6b70",15017,"52ef86b1d659f7ddc90d3371942d05e4b8ab298f3e65deb8b83c12f3020ad4d9"
"uefa_nations_league_2026_27","phase15-nl-projection-aa8a81e5649029aa","final_overall","C","2014202","team_lux",1,33,29,"final_overall",29,0.01,"","uefa_nations_league_2026_27-2048026","ready","","none","uefa-nations-league-2026-27-v2","78cec2073663e09c2e421843bf86ce65ab54520e8c3db3564c93ae4add1b6b70",15017,"a9a251c60a533c9bb7a9fef60e5cdae6a05e20e59ce237cd655fde47afd4c1f2"
"uefa_nations_league_2026_27","phase15-nl-projection-aa8a81e5649029aa","final_overall","D","2014203","team_and",3,,,"blocked",,,"uefa_nations_league_2026_27-2048009","","unresolved","stage_participants","missing_rule_input","uefa-nations-league-2026-27-v2","78cec2073663e09c2e421843bf86ce65ab54520e8c3db3564c93ae4add1b6b70",15017,"8de69d6cffd276f3f3d9b93be0fefa536eb588473aa3539026c5e055624416a5"
"uefa_nations_league_2026_27","phase15-nl-projection-aa8a81e5649029aa","final_overall","D","2014203","team_and",3,53,53,"final_overall",53,0.01,"uefa_nations_league_2026_27-2048009","","ready","","none","uefa-nations-league-2026-27-v2","78cec2073663e09c2e421843bf86ce65ab54520e8c3db3564c93ae4add1b6b70",15017,"2beb192d5ae89df94a0ae026f88992ff767dcde4e9bc919fbd6e24323329d2c8"
"uefa_nations_league_2026_27","phase15-nl-projection-aa8a81e5649029aa","final_overall","D","2014203","team_gibraltar",2,,,"blocked",,,"","","unresolved","stage_participants","missing_rule_input","uefa-nations-league-2026-27-v2","78cec2073663e09c2e421843bf86ce65ab54520e8c3db3564c93ae4add1b6b70",15017,"c7abe5c7588d8188e3c185f695796bdca43a49d754a98fe048d48457859b0c96"
"uefa_nations_league_2026_27","phase15-nl-projection-aa8a81e5649029aa","final_overall","D","2014203","team_gibraltar",2,51,51,"final_overall",51,0.01,"","","ready","","none","uefa-nations-league-2026-27-v2","78cec2073663e09c2e421843bf86ce65ab54520e8c3db3564c93ae4add1b6b70",15017,"b9dac33fb72ee834f07fe1485834622b854a70e098718ec736d35d81ecf608e3"
"uefa_nations_league_2026_27","phase15-nl-projection-aa8a81e5649029aa","final_overall","D","2014203","team_mlt",1,,,"blocked",,,"uefa_nations_league_2026_27-2048009","","unresolved","stage_participants","missing_rule_input","uefa-nations-league-2026-27-v2","78cec2073663e09c2e421843bf86ce65ab54520e8c3db3564c93ae4add1b6b70",15017,"5b1925802e523d57730900363fa574f8afe55618e4b0cad263c2c93ef4a97531"
"uefa_nations_league_2026_27","phase15-nl-projection-aa8a81e5649029aa","final_overall","D","2014203","team_mlt",1,50,48,"final_overall",48,0.01,"uefa_nations_league_2026_27-2048009","","ready","","none","uefa-nations-league-2026-27-v2","78cec2073663e09c2e421843bf86ce65ab54520e8c3db3564c93ae4add1b6b70",15017,"48f4a42bbbb69fff2366fa9de5d1a0b84431010141251c82edb4d5064167f4f5"
"uefa_nations_league_2026_27","phase15-nl-projection-aa8a81e5649029aa","final_overall","D","2014204","team_aze",2,,,"blocked",,,"","","unresolved","stage_participants","missing_rule_input","uefa-nations-league-2026-27-v2","78cec2073663e09c2e421843bf86ce65ab54520e8c3db3564c93ae4add1b6b70",15017,"7127d22212121b4143f7423c9a5392b02cb4fb56b9ec3b11ddbd567f49b1ab02"
"uefa_nations_league_2026_27","phase15-nl-projection-aa8a81e5649029aa","final_overall","D","2014204","team_aze",2,52,52,"final_overall",52,0.01,"","","ready","","none","uefa-nations-league-2026-27-v2","78cec2073663e09c2e421843bf86ce65ab54520e8c3db3564c93ae4add1b6b70",15017,"5336151bcf54c5fb2174dedb1a0595500bc7aa109c1f052d8609410cdd6c47fb"
"uefa_nations_league_2026_27","phase15-nl-projection-aa8a81e5649029aa","final_overall","D","2014204","team_lie",3,,,"blocked",,,"uefa_nations_league_2026_27-2048008","","unresolved","stage_participants","missing_rule_input","uefa-nations-league-2026-27-v2","78cec2073663e09c2e421843bf86ce65ab54520e8c3db3564c93ae4add1b6b70",15017,"670fef4100d88895069449482b2c5b60878444f80a6b909772a980b81cca0a77"
"uefa_nations_league_2026_27","phase15-nl-projection-aa8a81e5649029aa","final_overall","D","2014204","team_lie",3,54,54,"final_overall",54,0.01,"uefa_nations_league_2026_27-2048008","","ready","","none","uefa-nations-league-2026-27-v2","78cec2073663e09c2e421843bf86ce65ab54520e8c3db3564c93ae4add1b6b70",15017,"56e35a1711f01c39b992770b6451fce589fc03c05ac9762deef67d18ff8905a6"
"uefa_nations_league_2026_27","phase15-nl-projection-aa8a81e5649029aa","final_overall","D","2014204","team_ltu",1,,,"blocked",,,"uefa_nations_league_2026_27-2048008","","unresolved","stage_participants","missing_rule_input","uefa-nations-league-2026-27-v2","78cec2073663e09c2e421843bf86ce65ab54520e8c3db3564c93ae4add1b6b70",15017,"568ec031f8da307ad96342f351dd05168cb009cd11f9929f7ab62056c6f951f8"
"uefa_nations_league_2026_27","phase15-nl-projection-aa8a81e5649029aa","final_overall","D","2014204","team_ltu",1,49,47,"final_overall",47,0.01,"uefa_nations_league_2026_27-2048008","","ready","","none","uefa-nations-league-2026-27-v2","78cec2073663e09c2e421843bf86ce65ab54520e8c3db3564c93ae4add1b6b70",15017,"d4b6753ad3d1acabd7f97e31c5242ac0548c28cb820c71decf86d29c22242ccf"
"uefa_nations_league_2026_27","phase15-nl-projection-aa8a81e5649029aa","group","A","2014191","team_bel",1,,,"group",1,1,"uefa_nations_league_2026_27-2048010","","ready","","none","uefa-nations-league-2026-27-v2","78cec2073663e09c2e421843bf86ce65ab54520e8c3db3564c93ae4add1b6b70",15017,"459693b678c2ce854cfa74e719d8eca1cf95451982b5740dd1fc16b695b3848e"
"uefa_nations_league_2026_27","phase15-nl-projection-aa8a81e5649029aa","group","A","2014191","team_fra",2,,,"group",2,1,"uefa_nations_league_2026_27-2048011","","ready","","none","uefa-nations-league-2026-27-v2","78cec2073663e09c2e421843bf86ce65ab54520e8c3db3564c93ae4add1b6b70",15017,"fc17af5bf3dfeaedc13707c36e3a6a4659c75d16b835a1e15fb0f9729704c9a9"
"uefa_nations_league_2026_27","phase15-nl-projection-aa8a81e5649029aa","group","A","2014191","team_ita",4,,,"group",4,1,"uefa_nations_league_2026_27-2048010","","ready","","none","uefa-nations-league-2026-27-v2","78cec2073663e09c2e421843bf86ce65ab54520e8c3db3564c93ae4add1b6b70",15017,"86900760f683c5f0ca0905761f99d76d38dacf17d056244a2def45ed508a7214"
"uefa_nations_league_2026_27","phase15-nl-projection-aa8a81e5649029aa","group","A","2014191","team_tur",3,,,"group",3,1,"uefa_nations_league_2026_27-2048011","","ready","","none","uefa-nations-league-2026-27-v2","78cec2073663e09c2e421843bf86ce65ab54520e8c3db3564c93ae4add1b6b70",15017,"d7fdddeb958a6df77dcebd5831921a0c84beae794a0cede08296a47791ebbf12"
"uefa_nations_league_2026_27","phase15-nl-projection-aa8a81e5649029aa","group","A","2014192","team_deu",2,,,"group",2,1,"uefa_nations_league_2026_27-2048003","","ready","","none","uefa-nations-league-2026-27-v2","78cec2073663e09c2e421843bf86ce65ab54520e8c3db3564c93ae4add1b6b70",15017,"06254f58a1039bc6ce5c72376177302418b678cf922fbedf0d67c8f2b63c519c"
"uefa_nations_league_2026_27","phase15-nl-projection-aa8a81e5649029aa","group","A","2014192","team_gre",1,,,"group",1,1,"uefa_nations_league_2026_27-2048004","","ready","","none","uefa-nations-league-2026-27-v2","78cec2073663e09c2e421843bf86ce65ab54520e8c3db3564c93ae4add1b6b70",15017,"3867ba17c81e7bc3e61c37e9ed53180f68526e894a74bdddd0d0a6be71be1b3f"
"uefa_nations_league_2026_27","phase15-nl-projection-aa8a81e5649029aa","group","A","2014192","team_ned",3,,,"group",3,1,"uefa_nations_league_2026_27-2048003","","ready","","none","uefa-nations-league-2026-27-v2","78cec2073663e09c2e421843bf86ce65ab54520e8c3db3564c93ae4add1b6b70",15017,"bf7cb20f8ad5af662e87fb2984ea03ac72301af08aca20d45c2201411619c926"
"uefa_nations_league_2026_27","phase15-nl-projection-aa8a81e5649029aa","group","A","2014192","team_srb",4,,,"group",4,1,"uefa_nations_league_2026_27-2048004","","ready","","none","uefa-nations-league-2026-27-v2","78cec2073663e09c2e421843bf86ce65ab54520e8c3db3564c93ae4add1b6b70",15017,"2b05e7c017c2b3e4ced5e54e0c929b234e425b56a8dc8edd3d0a40e0b4fb1812"
"uefa_nations_league_2026_27","phase15-nl-projection-aa8a81e5649029aa","group","A","2014193","team_cro",2,,,"group",2,1,"uefa_nations_league_2026_27-2048023","","ready","","none","uefa-nations-league-2026-27-v2","78cec2073663e09c2e421843bf86ce65ab54520e8c3db3564c93ae4add1b6b70",15017,"57363e53033c5ea1da95fe924cd46c2129faee2ab7433f28a539a8fed7b1fb2b"
"uefa_nations_league_2026_27","phase15-nl-projection-aa8a81e5649029aa","group","A","2014193","team_cze",4,,,"group",4,1,"uefa_nations_league_2026_27-2048023","","ready","","none","uefa-nations-league-2026-27-v2","78cec2073663e09c2e421843bf86ce65ab54520e8c3db3564c93ae4add1b6b70",15017,"408794cc77c1cb054051b07241feb4c766c95936e7e77540ca61fd03154700e8"
"uefa_nations_league_2026_27","phase15-nl-projection-aa8a81e5649029aa","group","A","2014193","team_eng",3,,,"group",3,1,"uefa_nations_league_2026_27-2048018","","ready","","none","uefa-nations-league-2026-27-v2","78cec2073663e09c2e421843bf86ce65ab54520e8c3db3564c93ae4add1b6b70",15017,"6357bcc79b28c95e7c8ea5953a12189012b02354c0b8c8065a485bd4617d99a0"
"uefa_nations_league_2026_27","phase15-nl-projection-aa8a81e5649029aa","group","A","2014193","team_esp",1,,,"group",1,1,"uefa_nations_league_2026_27-2048018","","ready","","none","uefa-nations-league-2026-27-v2","78cec2073663e09c2e421843bf86ce65ab54520e8c3db3564c93ae4add1b6b70",15017,"41cab669e1493f3eb3d72beeb718826f90e81d7de10884981a807a63eb8a301b"
"uefa_nations_league_2026_27","phase15-nl-projection-aa8a81e5649029aa","group","A","2014194","team_den",3,,,"group",3,1,"uefa_nations_league_2026_27-2048005","","ready","","none","uefa-nations-league-2026-27-v2","78cec2073663e09c2e421843bf86ce65ab54520e8c3db3564c93ae4add1b6b70",15017,"dc2d69124c25594f69263cb62075e8bcd7e0df665464f909b26824872498b3d5"
"uefa_nations_league_2026_27","phase15-nl-projection-aa8a81e5649029aa","group","A","2014194","team_nor",1,,,"group",1,1,"uefa_nations_league_2026_27-2048005","","ready","","none","uefa-nations-league-2026-27-v2","78cec2073663e09c2e421843bf86ce65ab54520e8c3db3564c93ae4add1b6b70",15017,"c2d410745b8f95659840c35ad8280abd318aeb863e79a5aaf5b9219ef8591c8b"
"uefa_nations_league_2026_27","phase15-nl-projection-aa8a81e5649029aa","group","A","2014194","team_por",2,,,"group",2,1,"uefa_nations_league_2026_27-2048002","","ready","","none","uefa-nations-league-2026-27-v2","78cec2073663e09c2e421843bf86ce65ab54520e8c3db3564c93ae4add1b6b70",15017,"9f3e99433ffcd6454c460bce2a35d9ab0b0f476a22903c2ed1f23c0250fd23ea"
"uefa_nations_league_2026_27","phase15-nl-projection-aa8a81e5649029aa","group","A","2014194","team_wal",4,,,"group",4,1,"uefa_nations_league_2026_27-2048002","","ready","","none","uefa-nations-league-2026-27-v2","78cec2073663e09c2e421843bf86ce65ab54520e8c3db3564c93ae4add1b6b70",15017,"66f7d7b6de74d4cccc4a7dada2e582ce5dd75b842edb8b0ab72eba459d153239"
"uefa_nations_league_2026_27","phase15-nl-projection-aa8a81e5649029aa","group","B","2014195","team_mkd",4,,,"group",4,1,"uefa_nations_league_2026_27-2048022","","ready","","none","uefa-nations-league-2026-27-v2","78cec2073663e09c2e421843bf86ce65ab54520e8c3db3564c93ae4add1b6b70",15017,"617eb7a99e981b2603910aedbc35c98143a4e6c83cd9a603037c5d960aaaf432"
"uefa_nations_league_2026_27","phase15-nl-projection-aa8a81e5649029aa","group","B","2014195","team_scotland",3,,,"group",3,1,"uefa_nations_league_2026_27-2048027","","ready","","none","uefa-nations-league-2026-27-v2","78cec2073663e09c2e421843bf86ce65ab54520e8c3db3564c93ae4add1b6b70",15017,"5a5a41df54b3a0658fdb959dc395d2e927bae9bf586f198abfeea2ee02ab11de"
"uefa_nations_league_2026_27","phase15-nl-projection-aa8a81e5649029aa","group","B","2014195","team_sui",1,,,"group",1,1,"uefa_nations_league_2026_27-2048022","","ready","","none","uefa-nations-league-2026-27-v2","78cec2073663e09c2e421843bf86ce65ab54520e8c3db3564c93ae4add1b6b70",15017,"b25064a0a68a893214d31e09a188292d16836351f9a375738c0eccb3ef1cb40c"
"uefa_nations_league_2026_27","phase15-nl-projection-aa8a81e5649029aa","group","B","2014195","team_svn",2,,,"group",2,1,"uefa_nations_league_2026_27-2048027","","ready","","none","uefa-nations-league-2026-27-v2","78cec2073663e09c2e421843bf86ce65ab54520e8c3db3564c93ae4add1b6b70",15017,"fc5b63138b0a2bcc07c238449f90cc2db2af039b0fb67fd2386e7e28bf5ea7fd"
"uefa_nations_league_2026_27","phase15-nl-projection-aa8a81e5649029aa","group","B","2014196","team_geo",3,,,"group",3,1,"uefa_nations_league_2026_27-2048014","","ready","","none","uefa-nations-league-2026-27-v2","78cec2073663e09c2e421843bf86ce65ab54520e8c3db3564c93ae4add1b6b70",15017,"04c8a3ce48edba622f11faf447f9dd431f19bd69606dd33cbf50f8c2ea4bc634"
"uefa_nations_league_2026_27","phase15-nl-projection-aa8a81e5649029aa","group","B","2014196","team_hun",4,,,"group",4,1,"uefa_nations_league_2026_27-2048012","","ready","","none","uefa-nations-league-2026-27-v2","78cec2073663e09c2e421843bf86ce65ab54520e8c3db3564c93ae4add1b6b70",15017,"8a1d18004ba2364fd2917025d385940e5bffb407196e87decc793f67edf57eaf"
"uefa_nations_league_2026_27","phase15-nl-projection-aa8a81e5649029aa","group","B","2014196","team_nir",1,,,"group",1,1,"uefa_nations_league_2026_27-2048014","","ready","","none","uefa-nations-league-2026-27-v2","78cec2073663e09c2e421843bf86ce65ab54520e8c3db3564c93ae4add1b6b70",15017,"a3e09957121f5340d2df9b5f88c18f9623b9c5936f66e3b492382be1282917a9"
"uefa_nations_league_2026_27","phase15-nl-projection-aa8a81e5649029aa","group","B","2014196","team_ukr",2,,,"group",2,1,"uefa_nations_league_2026_27-2048012","","ready","","none","uefa-nations-league-2026-27-v2","78cec2073663e09c2e421843bf86ce65ab54520e8c3db3564c93ae4add1b6b70",15017,"29423d2d81b12ef2dbc8205c9f28b50571623c7ec9bbe32fa92612f61da572a0"
"uefa_nations_league_2026_27","phase15-nl-projection-aa8a81e5649029aa","group","B","2014197","team_aut",1,,,"group",1,1,"uefa_nations_league_2026_27-2048006","","ready","","none","uefa-nations-league-2026-27-v2","78cec2073663e09c2e421843bf86ce65ab54520e8c3db3564c93ae4add1b6b70",15017,"d88449aba36ec8149fdcc1ceb60da9b221a20bd538ab28cc6b7c3abc2e499584"
"uefa_nations_league_2026_27","phase15-nl-projection-aa8a81e5649029aa","group","B","2014197","team_isr",4,,,"group",4,1,"uefa_nations_league_2026_27-2048006","","ready","","none","uefa-nations-league-2026-27-v2","78cec2073663e09c2e421843bf86ce65ab54520e8c3db3564c93ae4add1b6b70",15017,"7a120e42de48fee149672195796553998f448deffb8ea06cba07d13b1678570a"
"uefa_nations_league_2026_27","phase15-nl-projection-aa8a81e5649029aa","group","B","2014197","team_kvx",2,,,"group",2,1,"uefa_nations_league_2026_27-2048007","","ready","","none","uefa-nations-league-2026-27-v2","78cec2073663e09c2e421843bf86ce65ab54520e8c3db3564c93ae4add1b6b70",15017,"46ea8821ed43a17d1fb8dd997aaa9cee655e82c4cf0c6e30abdcc48ba0e9d8e1"
"uefa_nations_league_2026_27","phase15-nl-projection-aa8a81e5649029aa","group","B","2014197","team_republic_of_ireland",3,,,"group",3,1,"uefa_nations_league_2026_27-2048007","","ready","","none","uefa-nations-league-2026-27-v2","78cec2073663e09c2e421843bf86ce65ab54520e8c3db3564c93ae4add1b6b70",15017,"915dfcfec4872fd086024f5158bba782fa4ece1bb9850955782c09ebd91792d0"
"uefa_nations_league_2026_27","phase15-nl-projection-aa8a81e5649029aa","group","B","2014198","team_bih",2,,,"group",2,1,"uefa_nations_league_2026_27-2048013","","ready","","none","uefa-nations-league-2026-27-v2","78cec2073663e09c2e421843bf86ce65ab54520e8c3db3564c93ae4add1b6b70",15017,"778c439b491a0c99cc34db70737d63ab8ce90567ccb72a660480a6d89b1472ac"
"uefa_nations_league_2026_27","phase15-nl-projection-aa8a81e5649029aa","group","B","2014198","team_pol",3,,,"group",3,1,"uefa_nations_league_2026_27-2048013","","ready","","none","uefa-nations-league-2026-27-v2","78cec2073663e09c2e421843bf86ce65ab54520e8c3db3564c93ae4add1b6b70",15017,"1da0c9a61b284eb41d35374bf36c39ef69743d295f4d5a0ed325471198ceadf3"
"uefa_nations_league_2026_27","phase15-nl-projection-aa8a81e5649029aa","group","B","2014198","team_rou",4,,,"group",4,1,"uefa_nations_league_2026_27-2048015","","ready","","none","uefa-nations-league-2026-27-v2","78cec2073663e09c2e421843bf86ce65ab54520e8c3db3564c93ae4add1b6b70",15017,"63ace45d1474c118cf0d3705b2d7d05e8acae98791364da97eaef580e7e4d576"
"uefa_nations_league_2026_27","phase15-nl-projection-aa8a81e5649029aa","group","B","2014198","team_swe",1,,,"group",1,1,"uefa_nations_league_2026_27-2048015","","ready","","none","uefa-nations-league-2026-27-v2","78cec2073663e09c2e421843bf86ce65ab54520e8c3db3564c93ae4add1b6b70",15017,"85b7d0d7084ccc2172f485362b756f39fd1ea5bd0b82f3832c166fa1e5cc8691"
"uefa_nations_league_2026_27","phase15-nl-projection-aa8a81e5649029aa","group","C","2014199","team_alb",2,,,"group",2,1,"uefa_nations_league_2026_27-2048020","","ready","","none","uefa-nations-league-2026-27-v2","78cec2073663e09c2e421843bf86ce65ab54520e8c3db3564c93ae4add1b6b70",15017,"8dbf1b484574019ce064f308b523477167d3f437e3c51a725bba0f1cf2cf4c55"
"uefa_nations_league_2026_27","phase15-nl-projection-aa8a81e5649029aa","group","C","2014199","team_blr",3,,,"group",3,1,"uefa_nations_league_2026_27-2048020","","ready","","none","uefa-nations-league-2026-27-v2","78cec2073663e09c2e421843bf86ce65ab54520e8c3db3564c93ae4add1b6b70",15017,"08c1747efdea6fd5a18d055a547cd7b96c3d2b8949b7461c483e7e701970a7f1"
"uefa_nations_league_2026_27","phase15-nl-projection-aa8a81e5649029aa","group","C","2014199","team_fin",1,,,"group",1,1,"uefa_nations_league_2026_27-2048025","","ready","","none","uefa-nations-league-2026-27-v2","78cec2073663e09c2e421843bf86ce65ab54520e8c3db3564c93ae4add1b6b70",15017,"521058d504b249181eae2892526e5c0b03b9d293d3dd6f8c00f05e83639113ab"
"uefa_nations_league_2026_27","phase15-nl-projection-aa8a81e5649029aa","group","C","2014199","team_smr",4,,,"group",4,1,"uefa_nations_league_2026_27-2048025","","ready","","none","uefa-nations-league-2026-27-v2","78cec2073663e09c2e421843bf86ce65ab54520e8c3db3564c93ae4add1b6b70",15017,"3d273fa90c9d3bdb3d5335711cde2f37944cfa435c2b71cab8a5d2ae196d49b5"
"uefa_nations_league_2026_27","phase15-nl-projection-aa8a81e5649029aa","group","C","2014200","team_arm",1,,,"group",1,1,"uefa_nations_league_2026_27-2048017","","ready","","none","uefa-nations-league-2026-27-v2","78cec2073663e09c2e421843bf86ce65ab54520e8c3db3564c93ae4add1b6b70",15017,"04ff6a2f3ae4eb8ea7d6922cc1a444c66004b4c01a5c5ae9bc5eff38f2030501"
"uefa_nations_league_2026_27","phase15-nl-projection-aa8a81e5649029aa","group","C","2014200","team_cyp",3,,,"group",3,1,"uefa_nations_league_2026_27-2048016","","ready","","none","uefa-nations-league-2026-27-v2","78cec2073663e09c2e421843bf86ce65ab54520e8c3db3564c93ae4add1b6b70",15017,"2e958a49874603325566be1a1502be480ff766d0b7607931e8f745e1a0f32c1d"
"uefa_nations_league_2026_27","phase15-nl-projection-aa8a81e5649029aa","group","C","2014200","team_lva",4,,,"group",4,1,"uefa_nations_league_2026_27-2048017","","ready","","none","uefa-nations-league-2026-27-v2","78cec2073663e09c2e421843bf86ce65ab54520e8c3db3564c93ae4add1b6b70",15017,"93fdc764d3957ca314cf455880f094a218175ed2cef1e201336287a25bfdb3a8"
"uefa_nations_league_2026_27","phase15-nl-projection-aa8a81e5649029aa","group","C","2014200","team_mne",2,,,"group",2,1,"uefa_nations_league_2026_27-2048016","","ready","","none","uefa-nations-league-2026-27-v2","78cec2073663e09c2e421843bf86ce65ab54520e8c3db3564c93ae4add1b6b70",15017,"c163276ee173e4561527acc08d2479a7b9700fbd3d06c5227b3697f01dd7f579"
"uefa_nations_league_2026_27","phase15-nl-projection-aa8a81e5649029aa","group","C","2014201","team_fro",3,,,"group",3,1,"uefa_nations_league_2026_27-2048024","","ready","","none","uefa-nations-league-2026-27-v2","78cec2073663e09c2e421843bf86ce65ab54520e8c3db3564c93ae4add1b6b70",15017,"0231421f4d0c84bcb697b3b60e53b299871964f6d48fef6ebf4602295e7e8550"
"uefa_nations_league_2026_27","phase15-nl-projection-aa8a81e5649029aa","group","C","2014201","team_kaz",2,,,"group",2,1,"uefa_nations_league_2026_27-2048024","","ready","","none","uefa-nations-league-2026-27-v2","78cec2073663e09c2e421843bf86ce65ab54520e8c3db3564c93ae4add1b6b70",15017,"68bd8c113077e7b193d61294c5441c8aadc994832b60b051c174b89143945d7e"
"uefa_nations_league_2026_27","phase15-nl-projection-aa8a81e5649029aa","group","C","2014201","team_mda",4,,,"group",4,1,"uefa_nations_league_2026_27-2048021","","ready","","none","uefa-nations-league-2026-27-v2","78cec2073663e09c2e421843bf86ce65ab54520e8c3db3564c93ae4add1b6b70",15017,"ca7afdcc6a8affc64584fd64049beeb6b85d57a1f046cc6dd637370921e600c5"
"uefa_nations_league_2026_27","phase15-nl-projection-aa8a81e5649029aa","group","C","2014201","team_svk",1,,,"group",1,1,"uefa_nations_league_2026_27-2048021","","ready","","none","uefa-nations-league-2026-27-v2","78cec2073663e09c2e421843bf86ce65ab54520e8c3db3564c93ae4add1b6b70",15017,"fbc3b1e78ac2c475172bb562dfdfbdf8afc70fd3cbe2b8396a5ae7d4d1bbad00"
"uefa_nations_league_2026_27","phase15-nl-projection-aa8a81e5649029aa","group","C","2014202","team_bul",4,,,"group",4,1,"uefa_nations_league_2026_27-2048026","","ready","","none","uefa-nations-league-2026-27-v2","78cec2073663e09c2e421843bf86ce65ab54520e8c3db3564c93ae4add1b6b70",15017,"401ce569956f97bbe0cf6effd48f3ec4b015167f2e411da6117f001d181fa1b5"
"uefa_nations_league_2026_27","phase15-nl-projection-aa8a81e5649029aa","group","C","2014202","team_est",2,,,"group",2,1,"uefa_nations_league_2026_27-2048019","","ready","","none","uefa-nations-league-2026-27-v2","78cec2073663e09c2e421843bf86ce65ab54520e8c3db3564c93ae4add1b6b70",15017,"07c6ba72c07048ec3e58eb69a77ac1c8e26f351492f7b4752db6a9cc093cb037"
"uefa_nations_league_2026_27","phase15-nl-projection-aa8a81e5649029aa","group","C","2014202","team_isl",3,,,"group",3,1,"uefa_nations_league_2026_27-2048019","","ready","","none","uefa-nations-league-2026-27-v2","78cec2073663e09c2e421843bf86ce65ab54520e8c3db3564c93ae4add1b6b70",15017,"704654b5d37f2d998e37249d80fa1b4ec38cafc92bbf967691f601db47226e97"
"uefa_nations_league_2026_27","phase15-nl-projection-aa8a81e5649029aa","group","C","2014202","team_lux",1,,,"group",1,1,"uefa_nations_league_2026_27-2048026","","ready","","none","uefa-nations-league-2026-27-v2","78cec2073663e09c2e421843bf86ce65ab54520e8c3db3564c93ae4add1b6b70",15017,"14c24459bca76fb2292df60d4744582d30c969d07f6404018eaec17306cedc95"
"uefa_nations_league_2026_27","phase15-nl-projection-aa8a81e5649029aa","group","D","2014203","team_and",3,,,"group",3,1,"uefa_nations_league_2026_27-2048009","","ready","","none","uefa-nations-league-2026-27-v2","78cec2073663e09c2e421843bf86ce65ab54520e8c3db3564c93ae4add1b6b70",15017,"ed7ff8e6050b5dcd7ae872e15aa6b7c1eccf1d0cd4892025a24c6b3eef1b14ce"
"uefa_nations_league_2026_27","phase15-nl-projection-aa8a81e5649029aa","group","D","2014203","team_gibraltar",2,,,"group",2,1,"","","ready","","none","uefa-nations-league-2026-27-v2","78cec2073663e09c2e421843bf86ce65ab54520e8c3db3564c93ae4add1b6b70",15017,"cb657771e61d996f71bb979121accd71543859b4a07945fdc8efcbcc6f4f044e"
"uefa_nations_league_2026_27","phase15-nl-projection-aa8a81e5649029aa","group","D","2014203","team_mlt",1,,,"group",1,1,"uefa_nations_league_2026_27-2048009","","ready","","none","uefa-nations-league-2026-27-v2","78cec2073663e09c2e421843bf86ce65ab54520e8c3db3564c93ae4add1b6b70",15017,"19f45e1349761942f842d410c6500468c87ae5cdbf6c28afcecaeb0729916074"
"uefa_nations_league_2026_27","phase15-nl-projection-aa8a81e5649029aa","group","D","2014204","team_aze",2,,,"group",2,1,"","","ready","","none","uefa-nations-league-2026-27-v2","78cec2073663e09c2e421843bf86ce65ab54520e8c3db3564c93ae4add1b6b70",15017,"99546221c74b114411fea151d3ad371c0b8a87b4c6ff8589db199c89050e0f48"
"uefa_nations_league_2026_27","phase15-nl-projection-aa8a81e5649029aa","group","D","2014204","team_lie",3,,,"group",3,1,"uefa_nations_league_2026_27-2048008","","ready","","none","uefa-nations-league-2026-27-v2","78cec2073663e09c2e421843bf86ce65ab54520e8c3db3564c93ae4add1b6b70",15017,"ebe60122957aac386122440fc0e31e8e49323c6b91b32dc78e3ee12a96e320b1"
"uefa_nations_league_2026_27","phase15-nl-projection-aa8a81e5649029aa","group","D","2014204","team_ltu",1,,,"group",1,1,"uefa_nations_league_2026_27-2048008","","ready","","none","uefa-nations-league-2026-27-v2","78cec2073663e09c2e421843bf86ce65ab54520e8c3db3564c93ae4add1b6b70",15017,"9e92c29e08f58d42dac502e8f5da4d125eb3632af3e9369c46e48293449035ca"
"uefa_nations_league_2026_27","phase15-nl-projection-aa8a81e5649029aa","individual_league","A","2014191","team_bel",1,,,"individual_league",4,1,"","uefa_nations_league_2026_27-2048010","ready","","none","uefa-nations-league-2026-27-v2","78cec2073663e09c2e421843bf86ce65ab54520e8c3db3564c93ae4add1b6b70",15017,"eee105cec75630f4d8c82f9c17a077dc012702a64a2e2db023caca62b67bb64e"
"uefa_nations_league_2026_27","phase15-nl-projection-aa8a81e5649029aa","individual_league","A","2014191","team_fra",2,,,"individual_league",5,1,"uefa_nations_league_2026_27-2048011","","ready","","none","uefa-nations-league-2026-27-v2","78cec2073663e09c2e421843bf86ce65ab54520e8c3db3564c93ae4add1b6b70",15017,"f7961bd4b6cc3ca4f5311afd78900525df17a118e525f4b4553c00b616b9be69"
"uefa_nations_league_2026_27","phase15-nl-projection-aa8a81e5649029aa","individual_league","A","2014191","team_ita",4,,,"individual_league",16,1,"uefa_nations_league_2026_27-2048010","","ready","","none","uefa-nations-league-2026-27-v2","78cec2073663e09c2e421843bf86ce65ab54520e8c3db3564c93ae4add1b6b70",15017,"27a62ef5cdefd5a0bfc8fa5752c98aa323c551a7e0d74ebba6ded063778457df"
"uefa_nations_league_2026_27","phase15-nl-projection-aa8a81e5649029aa","individual_league","A","2014191","team_tur",3,,,"individual_league",12,1,"uefa_nations_league_2026_27-2048011","","ready","","none","uefa-nations-league-2026-27-v2","78cec2073663e09c2e421843bf86ce65ab54520e8c3db3564c93ae4add1b6b70",15017,"f89c40d9a501cdf970d0c6021ea0233149f974233a63e0780d9624206426a33f"
"uefa_nations_league_2026_27","phase15-nl-projection-aa8a81e5649029aa","individual_league","A","2014192","team_deu",2,,,"individual_league",6,1,"uefa_nations_league_2026_27-2048003","","ready","","none","uefa-nations-league-2026-27-v2","78cec2073663e09c2e421843bf86ce65ab54520e8c3db3564c93ae4add1b6b70",15017,"25efc47247d8e696a55236db0ac660c58f049bea218c32019e95d93bc5c01070"
"uefa_nations_league_2026_27","phase15-nl-projection-aa8a81e5649029aa","individual_league","A","2014192","team_gre",1,,,"individual_league",3,1,"","uefa_nations_league_2026_27-2048004","ready","","none","uefa-nations-league-2026-27-v2","78cec2073663e09c2e421843bf86ce65ab54520e8c3db3564c93ae4add1b6b70",15017,"7f0bd1391201c227d0aae2f1bfadf93c33b554cc06dd945377f40b57e022b008"
"uefa_nations_league_2026_27","phase15-nl-projection-aa8a81e5649029aa","individual_league","A","2014192","team_ned",3,,,"individual_league",9,1,"uefa_nations_league_2026_27-2048003","","ready","","none","uefa-nations-league-2026-27-v2","78cec2073663e09c2e421843bf86ce65ab54520e8c3db3564c93ae4add1b6b70",15017,"f7a9d40d60cba6e9a30ad577fb2141293d43753014ee4ff83acfef07d36d9bd9"
"uefa_nations_league_2026_27","phase15-nl-projection-aa8a81e5649029aa","individual_league","A","2014192","team_srb",4,,,"individual_league",14,1,"uefa_nations_league_2026_27-2048004","","ready","","none","uefa-nations-league-2026-27-v2","78cec2073663e09c2e421843bf86ce65ab54520e8c3db3564c93ae4add1b6b70",15017,"f294c30039d1c25886f596eda0b19a54c5ca99d292f1ac5ab5fd6973d63b546b"
"uefa_nations_league_2026_27","phase15-nl-projection-aa8a81e5649029aa","individual_league","A","2014193","team_cro",2,,,"individual_league",7,1,"","uefa_nations_league_2026_27-2048023","ready","","none","uefa-nations-league-2026-27-v2","78cec2073663e09c2e421843bf86ce65ab54520e8c3db3564c93ae4add1b6b70",15017,"16dbd94fc9d104319f87eedf27c797140e15f20bafca7b4388ceb9238e9837f8"
"uefa_nations_league_2026_27","phase15-nl-projection-aa8a81e5649029aa","individual_league","A","2014193","team_cze",4,,,"individual_league",13,1,"uefa_nations_league_2026_27-2048023","","ready","","none","uefa-nations-league-2026-27-v2","78cec2073663e09c2e421843bf86ce65ab54520e8c3db3564c93ae4add1b6b70",15017,"ca0d7b9ff27bc4a08d6f8ed4029b56c89e192fc0b9e458fcf1b58cba3e0e25ce"
"uefa_nations_league_2026_27","phase15-nl-projection-aa8a81e5649029aa","individual_league","A","2014193","team_eng",3,,,"individual_league",11,1,"uefa_nations_league_2026_27-2048018","","ready","","none","uefa-nations-league-2026-27-v2","78cec2073663e09c2e421843bf86ce65ab54520e8c3db3564c93ae4add1b6b70",15017,"b77d3023b49280f204b5667356dfd9f570c7e2df9f9b5d2032725843f6dd6bae"
"uefa_nations_league_2026_27","phase15-nl-projection-aa8a81e5649029aa","individual_league","A","2014193","team_esp",1,,,"individual_league",1,1,"uefa_nations_league_2026_27-2048018","","ready","","none","uefa-nations-league-2026-27-v2","78cec2073663e09c2e421843bf86ce65ab54520e8c3db3564c93ae4add1b6b70",15017,"22b256721d0551fd8a3ca222df19185342f143fc97b116c21dfab9147c98587a"
"uefa_nations_league_2026_27","phase15-nl-projection-aa8a81e5649029aa","individual_league","A","2014194","team_den",3,,,"individual_league",10,1,"uefa_nations_league_2026_27-2048005","","ready","","none","uefa-nations-league-2026-27-v2","78cec2073663e09c2e421843bf86ce65ab54520e8c3db3564c93ae4add1b6b70",15017,"fc3e4719ed455eb66a6b6bee33a60f72d5f0ceaf5c7084427bc3b85ba2439ee1"
"uefa_nations_league_2026_27","phase15-nl-projection-aa8a81e5649029aa","individual_league","A","2014194","team_nor",1,,,"individual_league",2,1,"uefa_nations_league_2026_27-2048005","","ready","","none","uefa-nations-league-2026-27-v2","78cec2073663e09c2e421843bf86ce65ab54520e8c3db3564c93ae4add1b6b70",15017,"d683a1b700893d04b9cbcffa0db4ada6566dd18ab4b6a59bb9e0c9c201ca01ee"
"uefa_nations_league_2026_27","phase15-nl-projection-aa8a81e5649029aa","individual_league","A","2014194","team_por",2,,,"individual_league",8,1,"","uefa_nations_league_2026_27-2048002","ready","","none","uefa-nations-league-2026-27-v2","78cec2073663e09c2e421843bf86ce65ab54520e8c3db3564c93ae4add1b6b70",15017,"bc849eadec06cb0aa4676f4384c233e85d457498f97598f1ea21244d96716b15"
"uefa_nations_league_2026_27","phase15-nl-projection-aa8a81e5649029aa","individual_league","A","2014194","team_wal",4,,,"individual_league",15,1,"uefa_nations_league_2026_27-2048002","","ready","","none","uefa-nations-league-2026-27-v2","78cec2073663e09c2e421843bf86ce65ab54520e8c3db3564c93ae4add1b6b70",15017,"9e251bec9a18f040742c36c056d63f279c8ab2d1c666ab6e127d3f887d570cae"
"uefa_nations_league_2026_27","phase15-nl-projection-aa8a81e5649029aa","individual_league","B","2014195","team_mkd",4,,,"individual_league",16,1,"uefa_nations_league_2026_27-2048022","","ready","","none","uefa-nations-league-2026-27-v2","78cec2073663e09c2e421843bf86ce65ab54520e8c3db3564c93ae4add1b6b70",15017,"47b22799c865cad5ca7e8e2cde2b9ae2f5c8089118bd3a6253106e52a3ee97e5"
"uefa_nations_league_2026_27","phase15-nl-projection-aa8a81e5649029aa","individual_league","B","2014195","team_scotland",3,,,"individual_league",10,1,"uefa_nations_league_2026_27-2048027","","ready","","none","uefa-nations-league-2026-27-v2","78cec2073663e09c2e421843bf86ce65ab54520e8c3db3564c93ae4add1b6b70",15017,"09d0faf5e1a6edf32311b284bd2cfd2e6a494777d347d11318f9ac823c969555"
"uefa_nations_league_2026_27","phase15-nl-projection-aa8a81e5649029aa","individual_league","B","2014195","team_sui",1,,,"individual_league",4,1,"","uefa_nations_league_2026_27-2048022","ready","","none","uefa-nations-league-2026-27-v2","78cec2073663e09c2e421843bf86ce65ab54520e8c3db3564c93ae4add1b6b70",15017,"c992c36e36c10543d33de0ea30cdc312e4d678d38025fbed580bab89002fa7e4"
"uefa_nations_league_2026_27","phase15-nl-projection-aa8a81e5649029aa","individual_league","B","2014195","team_svn",2,,,"individual_league",6,1,"uefa_nations_league_2026_27-2048027","","ready","","none","uefa-nations-league-2026-27-v2","78cec2073663e09c2e421843bf86ce65ab54520e8c3db3564c93ae4add1b6b70",15017,"b5af98eecc40265f048a808b6cc035d66ad8e865eef2313f0b9950847877c451"
"uefa_nations_league_2026_27","phase15-nl-projection-aa8a81e5649029aa","individual_league","B","2014196","team_geo",3,,,"individual_league",12,1,"uefa_nations_league_2026_27-2048014","","ready","","none","uefa-nations-league-2026-27-v2","78cec2073663e09c2e421843bf86ce65ab54520e8c3db3564c93ae4add1b6b70",15017,"3956825a8f815a5fb1937effe97ba5a8ad414f9eb4474d07b597335af0601e10"
"uefa_nations_league_2026_27","phase15-nl-projection-aa8a81e5649029aa","individual_league","B","2014196","team_hun",4,,,"individual_league",14,1,"uefa_nations_league_2026_27-2048012","","ready","","none","uefa-nations-league-2026-27-v2","78cec2073663e09c2e421843bf86ce65ab54520e8c3db3564c93ae4add1b6b70",15017,"57edbafa123123f6575ae8d50d8266625511b3a25b904f69161574fc16eb6252"
"uefa_nations_league_2026_27","phase15-nl-projection-aa8a81e5649029aa","individual_league","B","2014196","team_nir",1,,,"individual_league",1,1,"uefa_nations_league_2026_27-2048014","","ready","","none","uefa-nations-league-2026-27-v2","78cec2073663e09c2e421843bf86ce65ab54520e8c3db3564c93ae4add1b6b70",15017,"e3e523bda6d775d94bc832db09c62f5cd6dbfc3fe4789b3f22d14e0bd051874d"
"uefa_nations_league_2026_27","phase15-nl-projection-aa8a81e5649029aa","individual_league","B","2014196","team_ukr",2,,,"individual_league",8,1,"","uefa_nations_league_2026_27-2048012","ready","","none","uefa-nations-league-2026-27-v2","78cec2073663e09c2e421843bf86ce65ab54520e8c3db3564c93ae4add1b6b70",15017,"462b94becbcaf03d6dbe1af5d4aefbb083d6a82787609f90e8bc8a9c42a42d38"
"uefa_nations_league_2026_27","phase15-nl-projection-aa8a81e5649029aa","individual_league","B","2014197","team_aut",1,,,"individual_league",3,1,"","uefa_nations_league_2026_27-2048006","ready","","none","uefa-nations-league-2026-27-v2","78cec2073663e09c2e421843bf86ce65ab54520e8c3db3564c93ae4add1b6b70",15017,"4f4e22eb77e38c678b8569b9cb361fadfb1aa62ef3404337e8190b4e5fef79fa"
"uefa_nations_league_2026_27","phase15-nl-projection-aa8a81e5649029aa","individual_league","B","2014197","team_isr",4,,,"individual_league",15,1,"uefa_nations_league_2026_27-2048006","","ready","","none","uefa-nations-league-2026-27-v2","78cec2073663e09c2e421843bf86ce65ab54520e8c3db3564c93ae4add1b6b70",15017,"11c91e668b88f42b53a82be2ad7ffbbd61cfd0b6f4fb8e8183375dd2a94c7ef7"
"uefa_nations_league_2026_27","phase15-nl-projection-aa8a81e5649029aa","individual_league","B","2014197","team_kvx",2,,,"individual_league",5,1,"uefa_nations_league_2026_27-2048007","","ready","","none","uefa-nations-league-2026-27-v2","78cec2073663e09c2e421843bf86ce65ab54520e8c3db3564c93ae4add1b6b70",15017,"7c9f39653569250b8b485e0129ef216f66e92158fa60d2d182fce1ae12d292e0"
"uefa_nations_league_2026_27","phase15-nl-projection-aa8a81e5649029aa","individual_league","B","2014197","team_republic_of_ireland",3,,,"individual_league",11,1,"uefa_nations_league_2026_27-2048007","","ready","","none","uefa-nations-league-2026-27-v2","78cec2073663e09c2e421843bf86ce65ab54520e8c3db3564c93ae4add1b6b70",15017,"59d98f66219c65c7727cd99743936a5716f4f1af22e872da307b632fa6726e26"
"uefa_nations_league_2026_27","phase15-nl-projection-aa8a81e5649029aa","individual_league","B","2014198","team_bih",2,,,"individual_league",7,1,"uefa_nations_league_2026_27-2048013","","ready","","none","uefa-nations-league-2026-27-v2","78cec2073663e09c2e421843bf86ce65ab54520e8c3db3564c93ae4add1b6b70",15017,"2b62bc67ac7ee7b3bf0f16b38a185145bb51db2bda79194ab812a80e96f5cffb"
"uefa_nations_league_2026_27","phase15-nl-projection-aa8a81e5649029aa","individual_league","B","2014198","team_pol",3,,,"individual_league",9,1,"uefa_nations_league_2026_27-2048013","","ready","","none","uefa-nations-league-2026-27-v2","78cec2073663e09c2e421843bf86ce65ab54520e8c3db3564c93ae4add1b6b70",15017,"da8f55e34c699604580aa539281dfbf486cc8790181ef6128c1dfe555c7f39ec"
"uefa_nations_league_2026_27","phase15-nl-projection-aa8a81e5649029aa","individual_league","B","2014198","team_rou",4,,,"individual_league",13,1,"uefa_nations_league_2026_27-2048015","","ready","","none","uefa-nations-league-2026-27-v2","78cec2073663e09c2e421843bf86ce65ab54520e8c3db3564c93ae4add1b6b70",15017,"a59133207d81a9b8c7500a71e2cf82cd1ab8ee4030cfdb5ebc161dfaf87785fa"
"uefa_nations_league_2026_27","phase15-nl-projection-aa8a81e5649029aa","individual_league","B","2014198","team_swe",1,,,"individual_league",2,1,"","uefa_nations_league_2026_27-2048015","ready","","none","uefa-nations-league-2026-27-v2","78cec2073663e09c2e421843bf86ce65ab54520e8c3db3564c93ae4add1b6b70",15017,"95d30c849ff399ba66eb21f5734ec9cc128a04ea1f296a1551f32a0856096f91"
"uefa_nations_league_2026_27","phase15-nl-projection-aa8a81e5649029aa","individual_league","C","2014199","team_alb",2,,,"individual_league",5,1,"uefa_nations_league_2026_27-2048020","","ready","","none","uefa-nations-league-2026-27-v2","78cec2073663e09c2e421843bf86ce65ab54520e8c3db3564c93ae4add1b6b70",15017,"6528c5e3fe9d600f95118f8474281c50d59e6e862281bb673326c5bf29b6a9d3"
"uefa_nations_league_2026_27","phase15-nl-projection-aa8a81e5649029aa","individual_league","C","2014199","team_blr",3,,,"individual_league",12,1,"uefa_nations_league_2026_27-2048020","","ready","","none","uefa-nations-league-2026-27-v2","78cec2073663e09c2e421843bf86ce65ab54520e8c3db3564c93ae4add1b6b70",15017,"be6c2aa7d9e19572328290378eabca993261445335ec7ab33a8c2f47440e4d12"
"uefa_nations_league_2026_27","phase15-nl-projection-aa8a81e5649029aa","individual_league","C","2014199","team_fin",1,,,"individual_league",4,1,"","uefa_nations_league_2026_27-2048025","ready","","none","uefa-nations-league-2026-27-v2","78cec2073663e09c2e421843bf86ce65ab54520e8c3db3564c93ae4add1b6b70",15017,"7810bdb670aec032ff656bc4f78947f90956bfa2facba9001c460e1a2624658d"
"uefa_nations_league_2026_27","phase15-nl-projection-aa8a81e5649029aa","individual_league","C","2014199","team_smr",4,,,"individual_league",16,1,"uefa_nations_league_2026_27-2048025","","ready","","none","uefa-nations-league-2026-27-v2","78cec2073663e09c2e421843bf86ce65ab54520e8c3db3564c93ae4add1b6b70",15017,"8ef27569189e92a04829dfc22aa845011b5aa8e44faadbb37a2651bd34a63288"
"uefa_nations_league_2026_27","phase15-nl-projection-aa8a81e5649029aa","individual_league","C","2014200","team_arm",1,,,"individual_league",2,1,"","uefa_nations_league_2026_27-2048017","ready","","none","uefa-nations-league-2026-27-v2","78cec2073663e09c2e421843bf86ce65ab54520e8c3db3564c93ae4add1b6b70",15017,"c661f74c169c45b8897500f3624b58963912a664abab6d4eec644dc5f8d87b00"
"uefa_nations_league_2026_27","phase15-nl-projection-aa8a81e5649029aa","individual_league","C","2014200","team_cyp",3,,,"individual_league",11,1,"uefa_nations_league_2026_27-2048016","","ready","","none","uefa-nations-league-2026-27-v2","78cec2073663e09c2e421843bf86ce65ab54520e8c3db3564c93ae4add1b6b70",15017,"82a3685649acd5a9c5d97ed30c1e524a33026d3088148091b3017b545cebfac0"
"uefa_nations_league_2026_27","phase15-nl-projection-aa8a81e5649029aa","individual_league","C","2014200","team_lva",4,,,"individual_league",15,1,"uefa_nations_league_2026_27-2048017","","ready","","none","uefa-nations-league-2026-27-v2","78cec2073663e09c2e421843bf86ce65ab54520e8c3db3564c93ae4add1b6b70",15017,"91ea8df528886849b40f5a82ef362671a3ed022d4d0fdde7da1bbe32b68cda32"
"uefa_nations_league_2026_27","phase15-nl-projection-aa8a81e5649029aa","individual_league","C","2014200","team_mne",2,,,"individual_league",6,1,"uefa_nations_league_2026_27-2048016","","ready","","none","uefa-nations-league-2026-27-v2","78cec2073663e09c2e421843bf86ce65ab54520e8c3db3564c93ae4add1b6b70",15017,"99b5e32ae7a23e5a3736ff8c0f0b635949f1bf8cb862973e5d69079cf2c6a8c0"
"uefa_nations_league_2026_27","phase15-nl-projection-aa8a81e5649029aa","individual_league","C","2014201","team_fro",3,,,"individual_league",9,1,"uefa_nations_league_2026_27-2048024","","ready","","none","uefa-nations-league-2026-27-v2","78cec2073663e09c2e421843bf86ce65ab54520e8c3db3564c93ae4add1b6b70",15017,"e3cb75fde88d387829f814d3744f02f867b7cb1a093140e02519f31ea4c57ad9"
"uefa_nations_league_2026_27","phase15-nl-projection-aa8a81e5649029aa","individual_league","C","2014201","team_kaz",2,,,"individual_league",8,1,"uefa_nations_league_2026_27-2048024","","ready","","none","uefa-nations-league-2026-27-v2","78cec2073663e09c2e421843bf86ce65ab54520e8c3db3564c93ae4add1b6b70",15017,"b0f35b3f5f93098edb25e506ad17f63ba584f97de2f1e2a9117479e5f74edcda"
"uefa_nations_league_2026_27","phase15-nl-projection-aa8a81e5649029aa","individual_league","C","2014201","team_mda",4,,,"individual_league",14,1,"uefa_nations_league_2026_27-2048021","","ready","","none","uefa-nations-league-2026-27-v2","78cec2073663e09c2e421843bf86ce65ab54520e8c3db3564c93ae4add1b6b70",15017,"7efed58250c1d967e2aefbd71d4c9047f550390a5c21a1f1c85b5be870f5cda1"
"uefa_nations_league_2026_27","phase15-nl-projection-aa8a81e5649029aa","individual_league","C","2014201","team_svk",1,,,"individual_league",3,1,"","uefa_nations_league_2026_27-2048021","ready","","none","uefa-nations-league-2026-27-v2","78cec2073663e09c2e421843bf86ce65ab54520e8c3db3564c93ae4add1b6b70",15017,"89f8a59c657d157acfdad4fb6e55db3bceacbcc9db7293e5456fba16d868b39e"
"uefa_nations_league_2026_27","phase15-nl-projection-aa8a81e5649029aa","individual_league","C","2014202","team_bul",4,,,"individual_league",13,1,"uefa_nations_league_2026_27-2048026","","ready","","none","uefa-nations-league-2026-27-v2","78cec2073663e09c2e421843bf86ce65ab54520e8c3db3564c93ae4add1b6b70",15017,"4bd178274c21d114e718125b48fb96ac1a60a7bbe69efc9b3ed09b4e70a2f471"
"uefa_nations_league_2026_27","phase15-nl-projection-aa8a81e5649029aa","individual_league","C","2014202","team_est",2,,,"individual_league",7,1,"uefa_nations_league_2026_27-2048019","","ready","","none","uefa-nations-league-2026-27-v2","78cec2073663e09c2e421843bf86ce65ab54520e8c3db3564c93ae4add1b6b70",15017,"ae12fcf8ee0cf862a5408cc90047fc2c4091c5563473fc6725f26562a47744bf"
"uefa_nations_league_2026_27","phase15-nl-projection-aa8a81e5649029aa","individual_league","C","2014202","team_isl",3,,,"individual_league",10,1,"uefa_nations_league_2026_27-2048019","","ready","","none","uefa-nations-league-2026-27-v2","78cec2073663e09c2e421843bf86ce65ab54520e8c3db3564c93ae4add1b6b70",15017,"011914c0dbad9dd5fd910d522444f9bf44198fc3af9a726c1987ddb25dda6521"
"uefa_nations_league_2026_27","phase15-nl-projection-aa8a81e5649029aa","individual_league","C","2014202","team_lux",1,,,"individual_league",1,1,"","uefa_nations_league_2026_27-2048026","ready","","none","uefa-nations-league-2026-27-v2","78cec2073663e09c2e421843bf86ce65ab54520e8c3db3564c93ae4add1b6b70",15017,"b8718e764e92a2364814be4dd26b0755ac1bcc9577bb13babe3bd1e9aa15581d"
"uefa_nations_league_2026_27","phase15-nl-projection-aa8a81e5649029aa","individual_league","D","2014203","team_and",3,,,"individual_league",5,1,"uefa_nations_league_2026_27-2048009","","ready","","none","uefa-nations-league-2026-27-v2","78cec2073663e09c2e421843bf86ce65ab54520e8c3db3564c93ae4add1b6b70",15017,"ce9232c3d3636e61f57315b32df04e4baca6a4ec15005b2c98c1954dd96e4ac7"
"uefa_nations_league_2026_27","phase15-nl-projection-aa8a81e5649029aa","individual_league","D","2014203","team_gibraltar",2,,,"individual_league",3,1,"","","ready","","none","uefa-nations-league-2026-27-v2","78cec2073663e09c2e421843bf86ce65ab54520e8c3db3564c93ae4add1b6b70",15017,"f38e8ba06539668fa92eb169dbf9968b89f0233fbe1a3ead5c6ba97a487ebcd9"
"uefa_nations_league_2026_27","phase15-nl-projection-aa8a81e5649029aa","individual_league","D","2014203","team_mlt",1,,,"individual_league",2,1,"uefa_nations_league_2026_27-2048009","","ready","","none","uefa-nations-league-2026-27-v2","78cec2073663e09c2e421843bf86ce65ab54520e8c3db3564c93ae4add1b6b70",15017,"40b885627856c16feee479229900bd2aebd8720f84550824b4bdb578ac44eb0d"
"uefa_nations_league_2026_27","phase15-nl-projection-aa8a81e5649029aa","individual_league","D","2014204","team_aze",2,,,"individual_league",4,1,"","","ready","","none","uefa-nations-league-2026-27-v2","78cec2073663e09c2e421843bf86ce65ab54520e8c3db3564c93ae4add1b6b70",15017,"c0337379cf6cad08333bf5b4bbdc8968056cffa5385069b40cbb265f255915b7"
"uefa_nations_league_2026_27","phase15-nl-projection-aa8a81e5649029aa","individual_league","D","2014204","team_lie",3,,,"individual_league",6,1,"uefa_nations_league_2026_27-2048008","","ready","","none","uefa-nations-league-2026-27-v2","78cec2073663e09c2e421843bf86ce65ab54520e8c3db3564c93ae4add1b6b70",15017,"d048e75b147c05f5a5f984f55e95f4795652ff3f8924232f2ab9c4dcfa9ecf41"
"uefa_nations_league_2026_27","phase15-nl-projection-aa8a81e5649029aa","individual_league","D","2014204","team_ltu",1,,,"individual_league",1,1,"uefa_nations_league_2026_27-2048008","","ready","","none","uefa-nations-league-2026-27-v2","78cec2073663e09c2e421843bf86ce65ab54520e8c3db3564c93ae4add1b6b70",15017,"85de4ecba17ddb80084522ed791bc63d8301022f9ea058c685566d1f80941853"
"uefa_nations_league_2026_27","phase15-nl-projection-aa8a81e5649029aa","interim_overall","A","2014191","team_bel",1,4,,"blocked",4,0.99,"","uefa_nations_league_2026_27-2048010","ready","","none","uefa-nations-league-2026-27-v2","78cec2073663e09c2e421843bf86ce65ab54520e8c3db3564c93ae4add1b6b70",15017,"b1c869092457331453bfbfd448056560dd7382bac8e17e714e52a4412e137ea4"
"uefa_nations_league_2026_27","phase15-nl-projection-aa8a81e5649029aa","interim_overall","A","2014191","team_bel",1,4,2,"final_overall",4,0.01,"","uefa_nations_league_2026_27-2048010","ready","","none","uefa-nations-league-2026-27-v2","78cec2073663e09c2e421843bf86ce65ab54520e8c3db3564c93ae4add1b6b70",15017,"976909b8b673250d25d53a2dd17b9450ffc24025c8e2866ab59c31932a840c64"
"uefa_nations_league_2026_27","phase15-nl-projection-aa8a81e5649029aa","interim_overall","A","2014191","team_fra",2,5,,"blocked",5,0.99,"uefa_nations_league_2026_27-2048011","","ready","","none","uefa-nations-league-2026-27-v2","78cec2073663e09c2e421843bf86ce65ab54520e8c3db3564c93ae4add1b6b70",15017,"5cb325e78a72570df24bdba849c27d9b8cf50fb3456d1aa5e148929284880971"
"uefa_nations_league_2026_27","phase15-nl-projection-aa8a81e5649029aa","interim_overall","A","2014191","team_fra",2,5,5,"final_overall",5,0.01,"uefa_nations_league_2026_27-2048011","","ready","","none","uefa-nations-league-2026-27-v2","78cec2073663e09c2e421843bf86ce65ab54520e8c3db3564c93ae4add1b6b70",15017,"d61b77895b1303ff5db28fe6bfa61f771e52f54a5f0644ff3ee4ae1d445cc2e7"
"uefa_nations_league_2026_27","phase15-nl-projection-aa8a81e5649029aa","interim_overall","A","2014191","team_ita",4,16,,"blocked",16,0.99,"uefa_nations_league_2026_27-2048010","","ready","","none","uefa-nations-league-2026-27-v2","78cec2073663e09c2e421843bf86ce65ab54520e8c3db3564c93ae4add1b6b70",15017,"0efd455190d989e215691788c64b52f9f5242c47d7990c8bfdfdb8c804031172"
"uefa_nations_league_2026_27","phase15-nl-projection-aa8a81e5649029aa","interim_overall","A","2014191","team_ita",4,16,20,"final_overall",16,0.01,"uefa_nations_league_2026_27-2048010","","ready","","none","uefa-nations-league-2026-27-v2","78cec2073663e09c2e421843bf86ce65ab54520e8c3db3564c93ae4add1b6b70",15017,"f34919a1bacea9c86fc261d28e89978fa0d4ae732730fd75a922b8c75cb45e2c"
"uefa_nations_league_2026_27","phase15-nl-projection-aa8a81e5649029aa","interim_overall","A","2014191","team_tur",3,12,,"blocked",12,0.99,"uefa_nations_league_2026_27-2048011","","ready","","none","uefa-nations-league-2026-27-v2","78cec2073663e09c2e421843bf86ce65ab54520e8c3db3564c93ae4add1b6b70",15017,"8d1cfe57351cb5051e1045bc33d39d8da7e2c54e1a74669cdd8c863af3fd1d0a"
"uefa_nations_league_2026_27","phase15-nl-projection-aa8a81e5649029aa","interim_overall","A","2014191","team_tur",3,12,12,"final_overall",12,0.01,"uefa_nations_league_2026_27-2048011","","ready","","none","uefa-nations-league-2026-27-v2","78cec2073663e09c2e421843bf86ce65ab54520e8c3db3564c93ae4add1b6b70",15017,"29c597e439602eef0cc32b23f2f21e2fdd39fdf7c5f4663d87f3a8b65e5ba24e"
"uefa_nations_league_2026_27","phase15-nl-projection-aa8a81e5649029aa","interim_overall","A","2014192","team_deu",2,6,,"blocked",6,0.99,"uefa_nations_league_2026_27-2048003","","ready","","none","uefa-nations-league-2026-27-v2","78cec2073663e09c2e421843bf86ce65ab54520e8c3db3564c93ae4add1b6b70",15017,"630a1f12771d33387583c19fcf1c9a653c9b244a3965bed7bb9e3e549ce6ff25"
"uefa_nations_league_2026_27","phase15-nl-projection-aa8a81e5649029aa","interim_overall","A","2014192","team_deu",2,6,6,"final_overall",6,0.01,"uefa_nations_league_2026_27-2048003","","ready","","none","uefa-nations-league-2026-27-v2","78cec2073663e09c2e421843bf86ce65ab54520e8c3db3564c93ae4add1b6b70",15017,"2b21d80b453f75c48d3d4a54bb9065853395b887a69906e84484ab292a74eb2d"
"uefa_nations_league_2026_27","phase15-nl-projection-aa8a81e5649029aa","interim_overall","A","2014192","team_gre",1,3,,"blocked",3,0.99,"","uefa_nations_league_2026_27-2048004","ready","","none","uefa-nations-league-2026-27-v2","78cec2073663e09c2e421843bf86ce65ab54520e8c3db3564c93ae4add1b6b70",15017,"cec87ec2a8454d878f0c1ee6d6aa2139164ac023eefdba1628fd21fbb3c7a1ac"
"uefa_nations_league_2026_27","phase15-nl-projection-aa8a81e5649029aa","interim_overall","A","2014192","team_gre",1,3,4,"final_overall",3,0.01,"","uefa_nations_league_2026_27-2048004","ready","","none","uefa-nations-league-2026-27-v2","78cec2073663e09c2e421843bf86ce65ab54520e8c3db3564c93ae4add1b6b70",15017,"fc569c85563fc81c50d52f8a4adc366d76090d7786232367eedd0609d446ec14"
"uefa_nations_league_2026_27","phase15-nl-projection-aa8a81e5649029aa","interim_overall","A","2014192","team_ned",3,9,,"blocked",9,0.99,"uefa_nations_league_2026_27-2048003","","ready","","none","uefa-nations-league-2026-27-v2","78cec2073663e09c2e421843bf86ce65ab54520e8c3db3564c93ae4add1b6b70",15017,"bedbb62994ef81ca0bd04043ef101d37e698bce530a467afc8446d796fd03f31"
"uefa_nations_league_2026_27","phase15-nl-projection-aa8a81e5649029aa","interim_overall","A","2014192","team_ned",3,9,9,"final_overall",9,0.01,"uefa_nations_league_2026_27-2048003","","ready","","none","uefa-nations-league-2026-27-v2","78cec2073663e09c2e421843bf86ce65ab54520e8c3db3564c93ae4add1b6b70",15017,"6f199f3f64848805d323e9d5ba68f11b543326a0062e6b9a8586e8f824127262"
"uefa_nations_league_2026_27","phase15-nl-projection-aa8a81e5649029aa","interim_overall","A","2014192","team_srb",4,14,,"blocked",14,0.99,"uefa_nations_league_2026_27-2048004","","ready","","none","uefa-nations-league-2026-27-v2","78cec2073663e09c2e421843bf86ce65ab54520e8c3db3564c93ae4add1b6b70",15017,"d999e03221d946a2a543ce44cb7332c768f2d508f674da752eec5c1e10d3fb46"
"uefa_nations_league_2026_27","phase15-nl-projection-aa8a81e5649029aa","interim_overall","A","2014192","team_srb",4,14,18,"final_overall",14,0.01,"uefa_nations_league_2026_27-2048004","","ready","","none","uefa-nations-league-2026-27-v2","78cec2073663e09c2e421843bf86ce65ab54520e8c3db3564c93ae4add1b6b70",15017,"e37cedf6e1ae86e2df51611a97f5f36034eddd309545369dace9b9a3174833b5"
"uefa_nations_league_2026_27","phase15-nl-projection-aa8a81e5649029aa","interim_overall","A","2014193","team_cro",2,7,,"blocked",7,0.99,"","uefa_nations_league_2026_27-2048023","ready","","none","uefa-nations-league-2026-27-v2","78cec2073663e09c2e421843bf86ce65ab54520e8c3db3564c93ae4add1b6b70",15017,"c2b61cea68702a80b8d855caed0edcae997f46dac8c72e79fa16f04b689e7346"
"uefa_nations_league_2026_27","phase15-nl-projection-aa8a81e5649029aa","interim_overall","A","2014193","team_cro",2,7,7,"final_overall",7,0.01,"","uefa_nations_league_2026_27-2048023","ready","","none","uefa-nations-league-2026-27-v2","78cec2073663e09c2e421843bf86ce65ab54520e8c3db3564c93ae4add1b6b70",15017,"f8d8bc2c22fedde888b397a75cea82316fa41553441f15d9f360493c9e27138e"
"uefa_nations_league_2026_27","phase15-nl-projection-aa8a81e5649029aa","interim_overall","A","2014193","team_cze",4,13,,"blocked",13,0.99,"uefa_nations_league_2026_27-2048023","","ready","","none","uefa-nations-league-2026-27-v2","78cec2073663e09c2e421843bf86ce65ab54520e8c3db3564c93ae4add1b6b70",15017,"cc1f74a0ca2b0932d82b7ec5aec32633a420b692c5e8656ddc362939b8639cab"
"uefa_nations_league_2026_27","phase15-nl-projection-aa8a81e5649029aa","interim_overall","A","2014193","team_cze",4,13,17,"final_overall",13,0.01,"uefa_nations_league_2026_27-2048023","","ready","","none","uefa-nations-league-2026-27-v2","78cec2073663e09c2e421843bf86ce65ab54520e8c3db3564c93ae4add1b6b70",15017,"69ab0eb0405d82806539be75582c96120ffcef31a073ded512bbc70583269f56"
"uefa_nations_league_2026_27","phase15-nl-projection-aa8a81e5649029aa","interim_overall","A","2014193","team_eng",3,11,,"blocked",11,0.99,"uefa_nations_league_2026_27-2048018","","ready","","none","uefa-nations-league-2026-27-v2","78cec2073663e09c2e421843bf86ce65ab54520e8c3db3564c93ae4add1b6b70",15017,"30ce75b5ffb7e17986ef875d4074c8822dd913cf4fd1a60e32c90c480315eb7a"
"uefa_nations_league_2026_27","phase15-nl-projection-aa8a81e5649029aa","interim_overall","A","2014193","team_eng",3,11,11,"final_overall",11,0.01,"uefa_nations_league_2026_27-2048018","","ready","","none","uefa-nations-league-2026-27-v2","78cec2073663e09c2e421843bf86ce65ab54520e8c3db3564c93ae4add1b6b70",15017,"c0e79f5c8907a10cc08211c96d9886735d77a1551aaf04eb164c8ebbb141dbed"
"uefa_nations_league_2026_27","phase15-nl-projection-aa8a81e5649029aa","interim_overall","A","2014193","team_esp",1,1,,"blocked",1,0.99,"uefa_nations_league_2026_27-2048018","","ready","","none","uefa-nations-league-2026-27-v2","78cec2073663e09c2e421843bf86ce65ab54520e8c3db3564c93ae4add1b6b70",15017,"f1111d576f6e68ec89a9eb87a94feba6cdbf26d8da8b0acf2e1e14852c32fe36"
"uefa_nations_league_2026_27","phase15-nl-projection-aa8a81e5649029aa","interim_overall","A","2014193","team_esp",1,1,3,"final_overall",1,0.01,"uefa_nations_league_2026_27-2048018","","ready","","none","uefa-nations-league-2026-27-v2","78cec2073663e09c2e421843bf86ce65ab54520e8c3db3564c93ae4add1b6b70",15017,"86330dce664d36015bd45357403386f52bad5bda2eb0554b1d754dea250b818f"
"uefa_nations_league_2026_27","phase15-nl-projection-aa8a81e5649029aa","interim_overall","A","2014194","team_den",3,10,,"blocked",10,0.99,"uefa_nations_league_2026_27-2048005","","ready","","none","uefa-nations-league-2026-27-v2","78cec2073663e09c2e421843bf86ce65ab54520e8c3db3564c93ae4add1b6b70",15017,"8f5e7758f938444fc48f607134f9ade487a4c1984a8b2b16b76f186303eb05ba"
"uefa_nations_league_2026_27","phase15-nl-projection-aa8a81e5649029aa","interim_overall","A","2014194","team_den",3,10,10,"final_overall",10,0.01,"uefa_nations_league_2026_27-2048005","","ready","","none","uefa-nations-league-2026-27-v2","78cec2073663e09c2e421843bf86ce65ab54520e8c3db3564c93ae4add1b6b70",15017,"f1e1555626f18ae267d6df3467e632ee44e5525aca40da876f8f93226cf4bf84"
"uefa_nations_league_2026_27","phase15-nl-projection-aa8a81e5649029aa","interim_overall","A","2014194","team_nor",1,2,,"blocked",2,0.99,"uefa_nations_league_2026_27-2048005","","ready","","none","uefa-nations-league-2026-27-v2","78cec2073663e09c2e421843bf86ce65ab54520e8c3db3564c93ae4add1b6b70",15017,"7a2eb0eac0920aa3774e71828e30af3107ac5c679aed94d1a9dd80a7ac6673f3"
"uefa_nations_league_2026_27","phase15-nl-projection-aa8a81e5649029aa","interim_overall","A","2014194","team_nor",1,2,1,"final_overall",2,0.01,"uefa_nations_league_2026_27-2048005","","ready","","none","uefa-nations-league-2026-27-v2","78cec2073663e09c2e421843bf86ce65ab54520e8c3db3564c93ae4add1b6b70",15017,"24b8a6572bcb26e6e94e5fe0865f19e3c3923886ac69a7ec80b08fff2a040a01"
"uefa_nations_league_2026_27","phase15-nl-projection-aa8a81e5649029aa","interim_overall","A","2014194","team_por",2,8,,"blocked",8,0.99,"","uefa_nations_league_2026_27-2048002","ready","","none","uefa-nations-league-2026-27-v2","78cec2073663e09c2e421843bf86ce65ab54520e8c3db3564c93ae4add1b6b70",15017,"302f7947829b0023ed6010719b189775b6b30cb0533ce8775ea389052a7af8a9"
"uefa_nations_league_2026_27","phase15-nl-projection-aa8a81e5649029aa","interim_overall","A","2014194","team_por",2,8,8,"final_overall",8,0.01,"","uefa_nations_league_2026_27-2048002","ready","","none","uefa-nations-league-2026-27-v2","78cec2073663e09c2e421843bf86ce65ab54520e8c3db3564c93ae4add1b6b70",15017,"15c9dde8b7e7310c25cc80151803f7c0d7cb6019b1813ba09cfa515b29dc2de4"
"uefa_nations_league_2026_27","phase15-nl-projection-aa8a81e5649029aa","interim_overall","A","2014194","team_wal",4,15,,"blocked",15,0.99,"uefa_nations_league_2026_27-2048002","","ready","","none","uefa-nations-league-2026-27-v2","78cec2073663e09c2e421843bf86ce65ab54520e8c3db3564c93ae4add1b6b70",15017,"ce55b20171615a98e8440e2ff988c75a5f309cb2c1caaa986259bbc780e30569"
"uefa_nations_league_2026_27","phase15-nl-projection-aa8a81e5649029aa","interim_overall","A","2014194","team_wal",4,15,19,"final_overall",15,0.01,"uefa_nations_league_2026_27-2048002","","ready","","none","uefa-nations-league-2026-27-v2","78cec2073663e09c2e421843bf86ce65ab54520e8c3db3564c93ae4add1b6b70",15017,"10855725f822a1c7b449a2f5141e275a06667bf7ba62f296b8ddfec4d0fa4b33"
"uefa_nations_league_2026_27","phase15-nl-projection-aa8a81e5649029aa","interim_overall","B","2014195","team_mkd",4,32,,"blocked",32,0.99,"uefa_nations_league_2026_27-2048022","","ready","","none","uefa-nations-league-2026-27-v2","78cec2073663e09c2e421843bf86ce65ab54520e8c3db3564c93ae4add1b6b70",15017,"e2f9c0fd2e3c6667061414e4406560eda9233890e9b86aa1a8221d8991551565"
"uefa_nations_league_2026_27","phase15-nl-projection-aa8a81e5649029aa","interim_overall","B","2014195","team_mkd",4,32,36,"final_overall",32,0.01,"uefa_nations_league_2026_27-2048022","","ready","","none","uefa-nations-league-2026-27-v2","78cec2073663e09c2e421843bf86ce65ab54520e8c3db3564c93ae4add1b6b70",15017,"107b8123d73c2055e09607b73081aa5159c05bff3be53466801217e7f946efe0"
"uefa_nations_league_2026_27","phase15-nl-projection-aa8a81e5649029aa","interim_overall","B","2014195","team_scotland",3,26,,"blocked",26,0.99,"uefa_nations_league_2026_27-2048027","","ready","","none","uefa-nations-league-2026-27-v2","78cec2073663e09c2e421843bf86ce65ab54520e8c3db3564c93ae4add1b6b70",15017,"2269f7b46756d210779ec3ecf2c004bfa52e9be0bc50b7af4632f58dacaaf8a6"
"uefa_nations_league_2026_27","phase15-nl-projection-aa8a81e5649029aa","interim_overall","B","2014195","team_scotland",3,26,26,"final_overall",26,0.01,"uefa_nations_league_2026_27-2048027","","ready","","none","uefa-nations-league-2026-27-v2","78cec2073663e09c2e421843bf86ce65ab54520e8c3db3564c93ae4add1b6b70",15017,"7b8c214ff975c504a38d85b4cfa051537e7b23469e094b7f763cbb5adce069a8"
"uefa_nations_league_2026_27","phase15-nl-projection-aa8a81e5649029aa","interim_overall","B","2014195","team_sui",1,20,,"blocked",20,0.99,"","uefa_nations_league_2026_27-2048022","ready","","none","uefa-nations-league-2026-27-v2","78cec2073663e09c2e421843bf86ce65ab54520e8c3db3564c93ae4add1b6b70",15017,"e9bb0f245b7a9dd4768c345e01eeea6e63e8d77a49f1d5997d6a2b3443c5235d"
"uefa_nations_league_2026_27","phase15-nl-projection-aa8a81e5649029aa","interim_overall","B","2014195","team_sui",1,20,16,"final_overall",20,0.01,"","uefa_nations_league_2026_27-2048022","ready","","none","uefa-nations-league-2026-27-v2","78cec2073663e09c2e421843bf86ce65ab54520e8c3db3564c93ae4add1b6b70",15017,"7e8e929521da0552601e0fcf1d90163bc6899d3d486d5956734a0bcfaefd82d9"
"uefa_nations_league_2026_27","phase15-nl-projection-aa8a81e5649029aa","interim_overall","B","2014195","team_svn",2,22,,"blocked",22,0.99,"uefa_nations_league_2026_27-2048027","","ready","","none","uefa-nations-league-2026-27-v2","78cec2073663e09c2e421843bf86ce65ab54520e8c3db3564c93ae4add1b6b70",15017,"fd2b7fca226200f36e315d5995ecc4381e48d2e5a65c835b9ff1e0ff0ba5476f"
"uefa_nations_league_2026_27","phase15-nl-projection-aa8a81e5649029aa","interim_overall","B","2014195","team_svn",2,22,22,"final_overall",22,0.01,"uefa_nations_league_2026_27-2048027","","ready","","none","uefa-nations-league-2026-27-v2","78cec2073663e09c2e421843bf86ce65ab54520e8c3db3564c93ae4add1b6b70",15017,"fb19c4aa54e35949aa1fd9c2030db9720524d4b34b0faa00f340429b04523658"
"uefa_nations_league_2026_27","phase15-nl-projection-aa8a81e5649029aa","interim_overall","B","2014196","team_geo",3,28,,"blocked",28,0.99,"uefa_nations_league_2026_27-2048014","","ready","","none","uefa-nations-league-2026-27-v2","78cec2073663e09c2e421843bf86ce65ab54520e8c3db3564c93ae4add1b6b70",15017,"37e5b247b0f976835a7f13b0ce8f58aa3947c0c9530b5d86afe347e74c05a15e"
"uefa_nations_league_2026_27","phase15-nl-projection-aa8a81e5649029aa","interim_overall","B","2014196","team_geo",3,28,28,"final_overall",28,0.01,"uefa_nations_league_2026_27-2048014","","ready","","none","uefa-nations-league-2026-27-v2","78cec2073663e09c2e421843bf86ce65ab54520e8c3db3564c93ae4add1b6b70",15017,"7a15f99a1e67089656264478ac40e65ff86eeaef003d47d967579d8eff925823"
"uefa_nations_league_2026_27","phase15-nl-projection-aa8a81e5649029aa","interim_overall","B","2014196","team_hun",4,30,,"blocked",30,0.99,"uefa_nations_league_2026_27-2048012","","ready","","none","uefa-nations-league-2026-27-v2","78cec2073663e09c2e421843bf86ce65ab54520e8c3db3564c93ae4add1b6b70",15017,"0b441d7961dd2ff9258d0d06514c9cc15ae57c0296fcbc59fff2e7983c8c7caa"
"uefa_nations_league_2026_27","phase15-nl-projection-aa8a81e5649029aa","interim_overall","B","2014196","team_hun",4,30,34,"final_overall",30,0.01,"uefa_nations_league_2026_27-2048012","","ready","","none","uefa-nations-league-2026-27-v2","78cec2073663e09c2e421843bf86ce65ab54520e8c3db3564c93ae4add1b6b70",15017,"513965365a0af9c0ce471fb30e2d580c860ea208532bb9fbf72003f5792d9171"
"uefa_nations_league_2026_27","phase15-nl-projection-aa8a81e5649029aa","interim_overall","B","2014196","team_nir",1,17,,"blocked",17,0.99,"uefa_nations_league_2026_27-2048014","","ready","","none","uefa-nations-league-2026-27-v2","78cec2073663e09c2e421843bf86ce65ab54520e8c3db3564c93ae4add1b6b70",15017,"cc5e3df8cf5ceb6beca6f6b5f7d3c86d8a0c92747e8be8ad896db049b71e7dfa"
"uefa_nations_league_2026_27","phase15-nl-projection-aa8a81e5649029aa","interim_overall","B","2014196","team_nir",1,17,13,"final_overall",17,0.01,"uefa_nations_league_2026_27-2048014","","ready","","none","uefa-nations-league-2026-27-v2","78cec2073663e09c2e421843bf86ce65ab54520e8c3db3564c93ae4add1b6b70",15017,"3e02353340135e2cdfd9dacb71b9bd3aa1e469346a0db0c1b223991e740ba071"
"uefa_nations_league_2026_27","phase15-nl-projection-aa8a81e5649029aa","interim_overall","B","2014196","team_ukr",2,24,,"blocked",24,0.99,"","uefa_nations_league_2026_27-2048012","ready","","none","uefa-nations-league-2026-27-v2","78cec2073663e09c2e421843bf86ce65ab54520e8c3db3564c93ae4add1b6b70",15017,"6ee9271020a637b71580ad6b486030fb236fd1f4a8c459bb7f1a200063362e1b"
"uefa_nations_league_2026_27","phase15-nl-projection-aa8a81e5649029aa","interim_overall","B","2014196","team_ukr",2,24,24,"final_overall",24,0.01,"","uefa_nations_league_2026_27-2048012","ready","","none","uefa-nations-league-2026-27-v2","78cec2073663e09c2e421843bf86ce65ab54520e8c3db3564c93ae4add1b6b70",15017,"0c051b99070a659dbe83ff658440c9f3d04ef6378b20074195dc0a818159777e"
"uefa_nations_league_2026_27","phase15-nl-projection-aa8a81e5649029aa","interim_overall","B","2014197","team_aut",1,19,,"blocked",19,0.99,"","uefa_nations_league_2026_27-2048006","ready","","none","uefa-nations-league-2026-27-v2","78cec2073663e09c2e421843bf86ce65ab54520e8c3db3564c93ae4add1b6b70",15017,"73ea4e415db631f94f3c66da54614a304ad8046078ef5d53751341a8d1c8e867"
"uefa_nations_league_2026_27","phase15-nl-projection-aa8a81e5649029aa","interim_overall","B","2014197","team_aut",1,19,15,"final_overall",19,0.01,"","uefa_nations_league_2026_27-2048006","ready","","none","uefa-nations-league-2026-27-v2","78cec2073663e09c2e421843bf86ce65ab54520e8c3db3564c93ae4add1b6b70",15017,"0e5cb689784d7492a824442ede5c0496af09db068230ddb2e464cea273996d72"
"uefa_nations_league_2026_27","phase15-nl-projection-aa8a81e5649029aa","interim_overall","B","2014197","team_isr",4,31,,"blocked",31,0.99,"uefa_nations_league_2026_27-2048006","","ready","","none","uefa-nations-league-2026-27-v2","78cec2073663e09c2e421843bf86ce65ab54520e8c3db3564c93ae4add1b6b70",15017,"cdc8ab970bf7dac82e53f6b9fd33f111734b3df28149a4c40bf947c0b2c712f1"
"uefa_nations_league_2026_27","phase15-nl-projection-aa8a81e5649029aa","interim_overall","B","2014197","team_isr",4,31,35,"final_overall",31,0.01,"uefa_nations_league_2026_27-2048006","","ready","","none","uefa-nations-league-2026-27-v2","78cec2073663e09c2e421843bf86ce65ab54520e8c3db3564c93ae4add1b6b70",15017,"af33f6e153d3b82e700a0c590cd1760c2bfd756758acbeb080fbefabedc6b174"
"uefa_nations_league_2026_27","phase15-nl-projection-aa8a81e5649029aa","interim_overall","B","2014197","team_kvx",2,21,,"blocked",21,0.99,"uefa_nations_league_2026_27-2048007","","ready","","none","uefa-nations-league-2026-27-v2","78cec2073663e09c2e421843bf86ce65ab54520e8c3db3564c93ae4add1b6b70",15017,"643b4d7dbace422e70192e3466940ae07a0fadafa03d814012824e22a1d27ae0"
"uefa_nations_league_2026_27","phase15-nl-projection-aa8a81e5649029aa","interim_overall","B","2014197","team_kvx",2,21,21,"final_overall",21,0.01,"uefa_nations_league_2026_27-2048007","","ready","","none","uefa-nations-league-2026-27-v2","78cec2073663e09c2e421843bf86ce65ab54520e8c3db3564c93ae4add1b6b70",15017,"176b920533c56304f18bb059cf5234a777b861bfe9efd1b9263e94d21614340f"
"uefa_nations_league_2026_27","phase15-nl-projection-aa8a81e5649029aa","interim_overall","B","2014197","team_republic_of_ireland",3,27,,"blocked",27,0.99,"uefa_nations_league_2026_27-2048007","","ready","","none","uefa-nations-league-2026-27-v2","78cec2073663e09c2e421843bf86ce65ab54520e8c3db3564c93ae4add1b6b70",15017,"06d2091283da0bab7aee3f18af728a5d6e58f6706d7a4b35833ca871b0908ff2"
"uefa_nations_league_2026_27","phase15-nl-projection-aa8a81e5649029aa","interim_overall","B","2014197","team_republic_of_ireland",3,27,27,"final_overall",27,0.01,"uefa_nations_league_2026_27-2048007","","ready","","none","uefa-nations-league-2026-27-v2","78cec2073663e09c2e421843bf86ce65ab54520e8c3db3564c93ae4add1b6b70",15017,"1d1046cc9429d00e8ae6106e6833d470d25e25e603910ed8411e1ce72a03626a"
"uefa_nations_league_2026_27","phase15-nl-projection-aa8a81e5649029aa","interim_overall","B","2014198","team_bih",2,23,,"blocked",23,0.99,"uefa_nations_league_2026_27-2048013","","ready","","none","uefa-nations-league-2026-27-v2","78cec2073663e09c2e421843bf86ce65ab54520e8c3db3564c93ae4add1b6b70",15017,"02fd50b1d7076deb6eb59195f5ce0f2465149eb4745f449a5da28b3927f696ab"
"uefa_nations_league_2026_27","phase15-nl-projection-aa8a81e5649029aa","interim_overall","B","2014198","team_bih",2,23,23,"final_overall",23,0.01,"uefa_nations_league_2026_27-2048013","","ready","","none","uefa-nations-league-2026-27-v2","78cec2073663e09c2e421843bf86ce65ab54520e8c3db3564c93ae4add1b6b70",15017,"74f5d981afdd79c83f07b351cd7b90cdeb0c1ed48a3f22aa88bda1ace7798b98"
"uefa_nations_league_2026_27","phase15-nl-projection-aa8a81e5649029aa","interim_overall","B","2014198","team_pol",3,25,,"blocked",25,0.99,"uefa_nations_league_2026_27-2048013","","ready","","none","uefa-nations-league-2026-27-v2","78cec2073663e09c2e421843bf86ce65ab54520e8c3db3564c93ae4add1b6b70",15017,"abc099c88086d2315ad73fef06343a329e1b599a11f021a8d7694c496df56b6a"
"uefa_nations_league_2026_27","phase15-nl-projection-aa8a81e5649029aa","interim_overall","B","2014198","team_pol",3,25,25,"final_overall",25,0.01,"uefa_nations_league_2026_27-2048013","","ready","","none","uefa-nations-league-2026-27-v2","78cec2073663e09c2e421843bf86ce65ab54520e8c3db3564c93ae4add1b6b70",15017,"aeed374e57eb4198a65b7fde023168b7befe11277422e0fe8e2b7b582ef3fb86"
"uefa_nations_league_2026_27","phase15-nl-projection-aa8a81e5649029aa","interim_overall","B","2014198","team_rou",4,29,,"blocked",29,0.99,"uefa_nations_league_2026_27-2048015","","ready","","none","uefa-nations-league-2026-27-v2","78cec2073663e09c2e421843bf86ce65ab54520e8c3db3564c93ae4add1b6b70",15017,"c76a264d06a513b7bbdb582bb3e4dee9883afad0ab564bf6dbcef788f78251ec"
"uefa_nations_league_2026_27","phase15-nl-projection-aa8a81e5649029aa","interim_overall","B","2014198","team_rou",4,29,33,"final_overall",29,0.01,"uefa_nations_league_2026_27-2048015","","ready","","none","uefa-nations-league-2026-27-v2","78cec2073663e09c2e421843bf86ce65ab54520e8c3db3564c93ae4add1b6b70",15017,"053c1be3383169a15adefc54ad3f82bfe2955cc16202bb07f343f5802a8274d9"
"uefa_nations_league_2026_27","phase15-nl-projection-aa8a81e5649029aa","interim_overall","B","2014198","team_swe",1,18,,"blocked",18,0.99,"","uefa_nations_league_2026_27-2048015","ready","","none","uefa-nations-league-2026-27-v2","78cec2073663e09c2e421843bf86ce65ab54520e8c3db3564c93ae4add1b6b70",15017,"72e8c297f4a5d44cd16c87a6b2a01719bf1e81d9a7620eef19cee3af2e45d0b7"
"uefa_nations_league_2026_27","phase15-nl-projection-aa8a81e5649029aa","interim_overall","B","2014198","team_swe",1,18,14,"final_overall",18,0.01,"","uefa_nations_league_2026_27-2048015","ready","","none","uefa-nations-league-2026-27-v2","78cec2073663e09c2e421843bf86ce65ab54520e8c3db3564c93ae4add1b6b70",15017,"c9234b95a50a34f7a10391cdde309cc53b8db55bdcd46a93d7e5ed0bbdaffc82"
"uefa_nations_league_2026_27","phase15-nl-projection-aa8a81e5649029aa","interim_overall","C","2014199","team_alb",2,37,,"blocked",37,0.99,"uefa_nations_league_2026_27-2048020","","ready","","none","uefa-nations-league-2026-27-v2","78cec2073663e09c2e421843bf86ce65ab54520e8c3db3564c93ae4add1b6b70",15017,"87d3a7fd9dc7b746fac4e92753338ea663ed3806c4cf60a16dc38ccbd7912c10"
"uefa_nations_league_2026_27","phase15-nl-projection-aa8a81e5649029aa","interim_overall","C","2014199","team_alb",2,37,37,"final_overall",37,0.01,"uefa_nations_league_2026_27-2048020","","ready","","none","uefa-nations-league-2026-27-v2","78cec2073663e09c2e421843bf86ce65ab54520e8c3db3564c93ae4add1b6b70",15017,"019bc244a1e0cce7e85f03d036363fe128942406c20884e6b3b3bc9d9f842ae1"
"uefa_nations_league_2026_27","phase15-nl-projection-aa8a81e5649029aa","interim_overall","C","2014199","team_blr",3,44,,"blocked",44,0.99,"uefa_nations_league_2026_27-2048020","","ready","","none","uefa-nations-league-2026-27-v2","78cec2073663e09c2e421843bf86ce65ab54520e8c3db3564c93ae4add1b6b70",15017,"ec8e092828331ce69427267b309ce228e557a9db232378ac90afe6ec64f6112e"
"uefa_nations_league_2026_27","phase15-nl-projection-aa8a81e5649029aa","interim_overall","C","2014199","team_blr",3,44,44,"final_overall",44,0.01,"uefa_nations_league_2026_27-2048020","","ready","","none","uefa-nations-league-2026-27-v2","78cec2073663e09c2e421843bf86ce65ab54520e8c3db3564c93ae4add1b6b70",15017,"b9f9958a82050e09eaaae2e2da53b03544edf55838fd87c6f7eb2895a8a5aeea"
"uefa_nations_league_2026_27","phase15-nl-projection-aa8a81e5649029aa","interim_overall","C","2014199","team_fin",1,36,,"blocked",36,0.99,"","uefa_nations_league_2026_27-2048025","ready","","none","uefa-nations-league-2026-27-v2","78cec2073663e09c2e421843bf86ce65ab54520e8c3db3564c93ae4add1b6b70",15017,"16dff3700c2f2313ca89081140497d2fa432c089df06723f309b12059df410dd"
"uefa_nations_league_2026_27","phase15-nl-projection-aa8a81e5649029aa","interim_overall","C","2014199","team_fin",1,36,32,"final_overall",36,0.01,"","uefa_nations_league_2026_27-2048025","ready","","none","uefa-nations-league-2026-27-v2","78cec2073663e09c2e421843bf86ce65ab54520e8c3db3564c93ae4add1b6b70",15017,"6a93e3a545292dd78575dde37c59c3712773a57652f573ebb4fc09c043a20f7f"
"uefa_nations_league_2026_27","phase15-nl-projection-aa8a81e5649029aa","interim_overall","C","2014199","team_smr",4,48,,"blocked",48,0.99,"uefa_nations_league_2026_27-2048025","","ready","","none","uefa-nations-league-2026-27-v2","78cec2073663e09c2e421843bf86ce65ab54520e8c3db3564c93ae4add1b6b70",15017,"5aefaa2cdcc6c7649ac3994f614cb0f9f062de1fcf95a9e82324e0d85bc9d363"
"uefa_nations_league_2026_27","phase15-nl-projection-aa8a81e5649029aa","interim_overall","C","2014199","team_smr",4,48,50,"final_overall",48,0.01,"uefa_nations_league_2026_27-2048025","","ready","","none","uefa-nations-league-2026-27-v2","78cec2073663e09c2e421843bf86ce65ab54520e8c3db3564c93ae4add1b6b70",15017,"62b25f68ad51dfac1683a3f897a35878381f13999482bdddb91fd2d489ade7ad"
"uefa_nations_league_2026_27","phase15-nl-projection-aa8a81e5649029aa","interim_overall","C","2014200","team_arm",1,34,,"blocked",34,0.99,"","uefa_nations_league_2026_27-2048017","ready","","none","uefa-nations-league-2026-27-v2","78cec2073663e09c2e421843bf86ce65ab54520e8c3db3564c93ae4add1b6b70",15017,"fef767194ea9bb112a718af9878c88da826b0470de84413247802c1b718f4f74"
"uefa_nations_league_2026_27","phase15-nl-projection-aa8a81e5649029aa","interim_overall","C","2014200","team_arm",1,34,30,"final_overall",34,0.01,"","uefa_nations_league_2026_27-2048017","ready","","none","uefa-nations-league-2026-27-v2","78cec2073663e09c2e421843bf86ce65ab54520e8c3db3564c93ae4add1b6b70",15017,"8ee893ae112a01c39a30c967c1c35e5ace5d9c34091e241ab7d15e45fb762490"
"uefa_nations_league_2026_27","phase15-nl-projection-aa8a81e5649029aa","interim_overall","C","2014200","team_cyp",3,43,,"blocked",43,0.99,"uefa_nations_league_2026_27-2048016","","ready","","none","uefa-nations-league-2026-27-v2","78cec2073663e09c2e421843bf86ce65ab54520e8c3db3564c93ae4add1b6b70",15017,"7304ab0d7d526dfd7ba8c8a79c932f549663a55fee1dffbb344f24e6a80d3502"
"uefa_nations_league_2026_27","phase15-nl-projection-aa8a81e5649029aa","interim_overall","C","2014200","team_cyp",3,43,43,"final_overall",43,0.01,"uefa_nations_league_2026_27-2048016","","ready","","none","uefa-nations-league-2026-27-v2","78cec2073663e09c2e421843bf86ce65ab54520e8c3db3564c93ae4add1b6b70",15017,"ff1948fa24a9cb280fa7523cfc32ec87dcdd23c7a21e1353d5c6720ace5c2b8b"
"uefa_nations_league_2026_27","phase15-nl-projection-aa8a81e5649029aa","interim_overall","C","2014200","team_lva",4,47,,"blocked",47,0.99,"uefa_nations_league_2026_27-2048017","","ready","","none","uefa-nations-league-2026-27-v2","78cec2073663e09c2e421843bf86ce65ab54520e8c3db3564c93ae4add1b6b70",15017,"44683bbce73399bd4631c7e1207e938c938c51e4af6f44ecb4447f8789f121c9"
"uefa_nations_league_2026_27","phase15-nl-projection-aa8a81e5649029aa","interim_overall","C","2014200","team_lva",4,47,49,"final_overall",47,0.01,"uefa_nations_league_2026_27-2048017","","ready","","none","uefa-nations-league-2026-27-v2","78cec2073663e09c2e421843bf86ce65ab54520e8c3db3564c93ae4add1b6b70",15017,"3fcb0b9165bbcbb44936c7d7333d13cd5cab06665b6756e4f63eb74e1ad6effc"
"uefa_nations_league_2026_27","phase15-nl-projection-aa8a81e5649029aa","interim_overall","C","2014200","team_mne",2,38,,"blocked",38,0.99,"uefa_nations_league_2026_27-2048016","","ready","","none","uefa-nations-league-2026-27-v2","78cec2073663e09c2e421843bf86ce65ab54520e8c3db3564c93ae4add1b6b70",15017,"0ea6613af3023af3360193fbad158165b189ae58c4a85491f187694865b376ee"
"uefa_nations_league_2026_27","phase15-nl-projection-aa8a81e5649029aa","interim_overall","C","2014200","team_mne",2,38,38,"final_overall",38,0.01,"uefa_nations_league_2026_27-2048016","","ready","","none","uefa-nations-league-2026-27-v2","78cec2073663e09c2e421843bf86ce65ab54520e8c3db3564c93ae4add1b6b70",15017,"dda59c04fea6a4456b1926d613e708f98788f1da6561d3bb69929f0327403b88"
"uefa_nations_league_2026_27","phase15-nl-projection-aa8a81e5649029aa","interim_overall","C","2014201","team_fro",3,41,,"blocked",41,0.99,"uefa_nations_league_2026_27-2048024","","ready","","none","uefa-nations-league-2026-27-v2","78cec2073663e09c2e421843bf86ce65ab54520e8c3db3564c93ae4add1b6b70",15017,"0d53601dc4ab58336ab8c9e2a3fdb8f3f2451176023dc7331174543043de3f73"
"uefa_nations_league_2026_27","phase15-nl-projection-aa8a81e5649029aa","interim_overall","C","2014201","team_fro",3,41,41,"final_overall",41,0.01,"uefa_nations_league_2026_27-2048024","","ready","","none","uefa-nations-league-2026-27-v2","78cec2073663e09c2e421843bf86ce65ab54520e8c3db3564c93ae4add1b6b70",15017,"2996542fd281b35273f53867a5527d03044a9804ccbbb6494b7d390c008f6002"
"uefa_nations_league_2026_27","phase15-nl-projection-aa8a81e5649029aa","interim_overall","C","2014201","team_kaz",2,40,,"blocked",40,0.99,"uefa_nations_league_2026_27-2048024","","ready","","none","uefa-nations-league-2026-27-v2","78cec2073663e09c2e421843bf86ce65ab54520e8c3db3564c93ae4add1b6b70",15017,"a38af37b97d93a43f11a6a4879ba0a43131631a1a337d63790ceedd1c8f59a2d"
"uefa_nations_league_2026_27","phase15-nl-projection-aa8a81e5649029aa","interim_overall","C","2014201","team_kaz",2,40,40,"final_overall",40,0.01,"uefa_nations_league_2026_27-2048024","","ready","","none","uefa-nations-league-2026-27-v2","78cec2073663e09c2e421843bf86ce65ab54520e8c3db3564c93ae4add1b6b70",15017,"de7bfa79b295ea0e00437be6f4be993d061f5d48e7b3ba1136fcfd6711eda222"
"uefa_nations_league_2026_27","phase15-nl-projection-aa8a81e5649029aa","interim_overall","C","2014201","team_mda",4,46,,"blocked",46,0.99,"uefa_nations_league_2026_27-2048021","","ready","","none","uefa-nations-league-2026-27-v2","78cec2073663e09c2e421843bf86ce65ab54520e8c3db3564c93ae4add1b6b70",15017,"df039078ee65a373ee48a69851b18d795f9292c20ff37ff5df04995c59d18ea2"
"uefa_nations_league_2026_27","phase15-nl-projection-aa8a81e5649029aa","interim_overall","C","2014201","team_mda",4,46,46,"final_overall",46,0.01,"uefa_nations_league_2026_27-2048021","","ready","","none","uefa-nations-league-2026-27-v2","78cec2073663e09c2e421843bf86ce65ab54520e8c3db3564c93ae4add1b6b70",15017,"d0f2f6a24a079f8e82f14327c0dbe527b839434c82f2e8e434585dc8af5efeec"
"uefa_nations_league_2026_27","phase15-nl-projection-aa8a81e5649029aa","interim_overall","C","2014201","team_svk",1,35,,"blocked",35,0.99,"","uefa_nations_league_2026_27-2048021","ready","","none","uefa-nations-league-2026-27-v2","78cec2073663e09c2e421843bf86ce65ab54520e8c3db3564c93ae4add1b6b70",15017,"11729236e42b526487fe9f23eca4a7eda0684c545d1ed111c8d130376178c287"
"uefa_nations_league_2026_27","phase15-nl-projection-aa8a81e5649029aa","interim_overall","C","2014201","team_svk",1,35,31,"final_overall",35,0.01,"","uefa_nations_league_2026_27-2048021","ready","","none","uefa-nations-league-2026-27-v2","78cec2073663e09c2e421843bf86ce65ab54520e8c3db3564c93ae4add1b6b70",15017,"b700ce3154f78dd267b0d1e250bd225f58373b26f272ee1eb3a3051c891d8b8a"
"uefa_nations_league_2026_27","phase15-nl-projection-aa8a81e5649029aa","interim_overall","C","2014202","team_bul",4,45,,"blocked",45,0.99,"uefa_nations_league_2026_27-2048026","","ready","","none","uefa-nations-league-2026-27-v2","78cec2073663e09c2e421843bf86ce65ab54520e8c3db3564c93ae4add1b6b70",15017,"74a9df6aa79a5526b35a6fdf6793fd4e3cf4a41e7a4c9ce444d4e4a818bc20f0"
"uefa_nations_league_2026_27","phase15-nl-projection-aa8a81e5649029aa","interim_overall","C","2014202","team_bul",4,45,45,"final_overall",45,0.01,"uefa_nations_league_2026_27-2048026","","ready","","none","uefa-nations-league-2026-27-v2","78cec2073663e09c2e421843bf86ce65ab54520e8c3db3564c93ae4add1b6b70",15017,"4ac0b8bac7be966fdf49aa8c734ed3496245af21018406520ecde282cbffd46e"
"uefa_nations_league_2026_27","phase15-nl-projection-aa8a81e5649029aa","interim_overall","C","2014202","team_est",2,39,,"blocked",39,0.99,"uefa_nations_league_2026_27-2048019","","ready","","none","uefa-nations-league-2026-27-v2","78cec2073663e09c2e421843bf86ce65ab54520e8c3db3564c93ae4add1b6b70",15017,"ee98e1a1fa3c8401814459fd30e87e93e4d15a96ed02bf1c388ecc9b3c2dc9d4"
"uefa_nations_league_2026_27","phase15-nl-projection-aa8a81e5649029aa","interim_overall","C","2014202","team_est",2,39,39,"final_overall",39,0.01,"uefa_nations_league_2026_27-2048019","","ready","","none","uefa-nations-league-2026-27-v2","78cec2073663e09c2e421843bf86ce65ab54520e8c3db3564c93ae4add1b6b70",15017,"85d57e6607522af0cb3a9b0aecc55836f3c4c48834523a2f1254f285c7696248"
"uefa_nations_league_2026_27","phase15-nl-projection-aa8a81e5649029aa","interim_overall","C","2014202","team_isl",3,42,,"blocked",42,0.99,"uefa_nations_league_2026_27-2048019","","ready","","none","uefa-nations-league-2026-27-v2","78cec2073663e09c2e421843bf86ce65ab54520e8c3db3564c93ae4add1b6b70",15017,"54515f9f57008728e1b5576b144f9d1e10c49257b8b66812fbf370b2fe29ee31"
"uefa_nations_league_2026_27","phase15-nl-projection-aa8a81e5649029aa","interim_overall","C","2014202","team_isl",3,42,42,"final_overall",42,0.01,"uefa_nations_league_2026_27-2048019","","ready","","none","uefa-nations-league-2026-27-v2","78cec2073663e09c2e421843bf86ce65ab54520e8c3db3564c93ae4add1b6b70",15017,"bf224da3590814e08123f4366105d463c60cfa0b81269cc2c5eeefcd9dae4754"
"uefa_nations_league_2026_27","phase15-nl-projection-aa8a81e5649029aa","interim_overall","C","2014202","team_lux",1,33,,"blocked",33,0.99,"","uefa_nations_league_2026_27-2048026","ready","","none","uefa-nations-league-2026-27-v2","78cec2073663e09c2e421843bf86ce65ab54520e8c3db3564c93ae4add1b6b70",15017,"e3da8f336c708dd551ba93f2106a1e03fd3c979f1ea783dd1bbecd9e85aaff2f"
"uefa_nations_league_2026_27","phase15-nl-projection-aa8a81e5649029aa","interim_overall","C","2014202","team_lux",1,33,29,"final_overall",33,0.01,"","uefa_nations_league_2026_27-2048026","ready","","none","uefa-nations-league-2026-27-v2","78cec2073663e09c2e421843bf86ce65ab54520e8c3db3564c93ae4add1b6b70",15017,"11491a246a9fd58b4526dc4772580a91172d506cc5798b4f0c1167f4e3d07e74"
"uefa_nations_league_2026_27","phase15-nl-projection-aa8a81e5649029aa","interim_overall","D","2014203","team_and",3,53,,"blocked",53,0.99,"uefa_nations_league_2026_27-2048009","","ready","","none","uefa-nations-league-2026-27-v2","78cec2073663e09c2e421843bf86ce65ab54520e8c3db3564c93ae4add1b6b70",15017,"e96706bb691592cd745e8bfade72e72eeefb2acb4b3a44ba400ddb158c62e1f4"
"uefa_nations_league_2026_27","phase15-nl-projection-aa8a81e5649029aa","interim_overall","D","2014203","team_and",3,53,53,"final_overall",53,0.01,"uefa_nations_league_2026_27-2048009","","ready","","none","uefa-nations-league-2026-27-v2","78cec2073663e09c2e421843bf86ce65ab54520e8c3db3564c93ae4add1b6b70",15017,"672e813f82b29f1f84347bae24e771694edae2f9b5c3f88334af57974783dd68"
"uefa_nations_league_2026_27","phase15-nl-projection-aa8a81e5649029aa","interim_overall","D","2014203","team_gibraltar",2,51,,"blocked",51,0.99,"","","ready","","none","uefa-nations-league-2026-27-v2","78cec2073663e09c2e421843bf86ce65ab54520e8c3db3564c93ae4add1b6b70",15017,"38db1215cb06062acb6958d876eaa5b806f539d61adb399164f9dae123079b72"
"uefa_nations_league_2026_27","phase15-nl-projection-aa8a81e5649029aa","interim_overall","D","2014203","team_gibraltar",2,51,51,"final_overall",51,0.01,"","","ready","","none","uefa-nations-league-2026-27-v2","78cec2073663e09c2e421843bf86ce65ab54520e8c3db3564c93ae4add1b6b70",15017,"f6f805059caed9ace12acf026dac034dac95159da45a929842440d9a9d674c42"
"uefa_nations_league_2026_27","phase15-nl-projection-aa8a81e5649029aa","interim_overall","D","2014203","team_mlt",1,50,,"blocked",50,0.99,"uefa_nations_league_2026_27-2048009","","ready","","none","uefa-nations-league-2026-27-v2","78cec2073663e09c2e421843bf86ce65ab54520e8c3db3564c93ae4add1b6b70",15017,"a4ad77dd25c80e52ee5b23f84d27ce198838fcfb4ab713e3500978ba3eeb584a"
"uefa_nations_league_2026_27","phase15-nl-projection-aa8a81e5649029aa","interim_overall","D","2014203","team_mlt",1,50,48,"final_overall",50,0.01,"uefa_nations_league_2026_27-2048009","","ready","","none","uefa-nations-league-2026-27-v2","78cec2073663e09c2e421843bf86ce65ab54520e8c3db3564c93ae4add1b6b70",15017,"5fda5090eef78b8189419f7ece735fac818ee4e0443a61ee352264d372d4411a"
"uefa_nations_league_2026_27","phase15-nl-projection-aa8a81e5649029aa","interim_overall","D","2014204","team_aze",2,52,,"blocked",52,0.99,"","","ready","","none","uefa-nations-league-2026-27-v2","78cec2073663e09c2e421843bf86ce65ab54520e8c3db3564c93ae4add1b6b70",15017,"8faf06cbce43cc90b29cbdbd1297d96f693182035d9e4a00a9295fae75365419"
"uefa_nations_league_2026_27","phase15-nl-projection-aa8a81e5649029aa","interim_overall","D","2014204","team_aze",2,52,52,"final_overall",52,0.01,"","","ready","","none","uefa-nations-league-2026-27-v2","78cec2073663e09c2e421843bf86ce65ab54520e8c3db3564c93ae4add1b6b70",15017,"b7113b167b459a6facd546e68b9419070d95d925c68195b63041877b081dc08d"
"uefa_nations_league_2026_27","phase15-nl-projection-aa8a81e5649029aa","interim_overall","D","2014204","team_lie",3,54,,"blocked",54,0.99,"uefa_nations_league_2026_27-2048008","","ready","","none","uefa-nations-league-2026-27-v2","78cec2073663e09c2e421843bf86ce65ab54520e8c3db3564c93ae4add1b6b70",15017,"a106f5b0cc2a7bef93f6ccc793868ed8e4d9705e5d76becd32a4de1412e03c0f"
"uefa_nations_league_2026_27","phase15-nl-projection-aa8a81e5649029aa","interim_overall","D","2014204","team_lie",3,54,54,"final_overall",54,0.01,"uefa_nations_league_2026_27-2048008","","ready","","none","uefa-nations-league-2026-27-v2","78cec2073663e09c2e421843bf86ce65ab54520e8c3db3564c93ae4add1b6b70",15017,"4e9be0a0f162332e5e4d228e77ed2f751220b333590051ae74ea7c193c6b2023"
"uefa_nations_league_2026_27","phase15-nl-projection-aa8a81e5649029aa","interim_overall","D","2014204","team_ltu",1,49,,"blocked",49,0.99,"uefa_nations_league_2026_27-2048008","","ready","","none","uefa-nations-league-2026-27-v2","78cec2073663e09c2e421843bf86ce65ab54520e8c3db3564c93ae4add1b6b70",15017,"0359325b44ca532d5509882957c87f41b0d4289dac312e757afdff9054c55505"
"uefa_nations_league_2026_27","phase15-nl-projection-aa8a81e5649029aa","interim_overall","D","2014204","team_ltu",1,49,47,"final_overall",49,0.01,"uefa_nations_league_2026_27-2048008","","ready","","none","uefa-nations-league-2026-27-v2","78cec2073663e09c2e421843bf86ce65ab54520e8c3db3564c93ae4add1b6b70",15017,"f4a2943ec07eea4feb0855467959cffb96cf9c30e6122449464a9487f9dc1158"
