"edition_id","fixture_id","match_id","kickoff_utc","feature_cutoff_utc","identity_status","forecast_status","suppression_reason","feature_evidence_status","release_calibration_status","active_predictors","dropped_predictors_with_reason","model_manifest_sha256","model_release_id","release_manifest_sha256","release_manifest_path","release_selector_sha256","model_id","model_sha256","calibrator_id","calibrator_sha256","calibration_data_cutoff","calibration_gate_id","calibration_gate_sha256","model_data_cutoff","feature_evidence_source","latest_evidence_at_utc","national_team_xg_status","national_team_xg_source_id","national_team_xg_sample_count","national_team_xg_feature_cutoff_utc","national_team_xg_availability_reason","source_bundle_id","accepted_state_sha256","edition_registry_revision","edition_registry_row_sha256","ruleset_version","team_identity_registry_sha256","contributing_form_sha256","contributing_history_sha256","generated_at_utc","row_sha256"
"uefa_nations_league_2026_27","uefa_nations_league_2026_27-2047872","uefa_nations_league_2026_27-2047872","2026-11-12T19:45:00Z","2026-11-12T19:44:59Z","resolved","available","none","available","fitted","elo_diff","xgf_ewma_diffmissing_or_zero_variance|xga_ewma_diffmissing_or_zero_variance|xgd_ewma_diffmissing_or_zero_variance|form_index_diff","407a3e3d7ba5329021874a370aeae303669c5fe1afb2095be799b730a484f99f","phase14-open-nb-incumbent-calibrated-v1","0e89c2948c77b348c5b6d3832cf6d4e7721ca7794f8f68f857d6ae82b9fe7d50","/Users/davidzenz/R/xGelo/outputs/releases/phase14-open-nb-incumbent-calibrated-v1/release_manifest.csv","fc9a617e48969b5d524f9994bccb31de0cb028829b4c58a1999b77cf12c5a990","open_nb_incumbent","c65a4f90477e5b799e234d1a313ff333f6cce12cfc08de93e342d7718c252ff8","vector_w400_p0p010","be1392fd4b9fbfe747ea90c89a17413f72459d8ff708d6d80d1bf086973eb51e","2024-07-14","phase14-calibration-remediation-gate-v2","6eab1b1aa4998738a1ef021c74981d6489ca6a615ebbfcaafd35d781d735b852","2026-06-10","elo_ratings","2026-07-19T00:00:00Z","inactive_optional_unavailable","national_team_xg_sources.csv",0,"2026-11-12T19:44:59Z","inactive_optional_unavailable:no_accepted_national_team_xg_source","nl-2026-27-official-uefa-v2","e9c9b5c5d0487ef49581c50bac6ed2847ee7d40bbf67a909b49a02145df8f376",6,"4dcbff6678a9bfe52301e9d581d51420e42d2cfbd6e1df0feda98a2572005321","uefa-nations-league-2026-27-v1","450962da0b9b12c3a84a1de98b75ae98f6358ea8068c4a02e248315cf4280b15","a8fafc601e4f04d797eeda7d13cc1cbfc0ea83657971385dcb04d134809c2083","0d4fa155bd77d1a8eb40e3dda1c25cfa22df2ecdea55fc9d2b00d27054be4d0d","2026-06-10T00:00:00Z","28438e9123e79adacd84ee4c0f690e1eda80ab08828f240eb9ef6fa31b8b8912"
"uefa_nations_league_2026_27","uefa_nations_league_2026_27-2047873","uefa_nations_league_2026_27-2047873","2026-11-12T17:00:00Z","2026-11-12T16:59:59Z","resolved","available","none","available","fitted","elo_diff","xgf_ewma_diffmissing_or_zero_variance|xga_ewma_diffmissing_or_zero_variance|xgd_ewma_diffmissing_or_zero_variance|form_index_diff","407a3e3d7ba5329021874a370aeae303669c5fe1afb2095be799b730a484f99f","phase14-open-nb-incumbent-calibrated-v1","0e89c2948c77b348c5b6d3832cf6d4e7721ca7794f8f68f857d6ae82b9fe7d50","/Users/davidzenz/R/xGelo/outputs/releases/phase14-open-nb-incumbent-calibrated-v1/release_manifest.csv","fc9a617e48969b5d524f9994bccb31de0cb028829b4c58a1999b77cf12c5a990","open_nb_incumbent","c65a4f90477e5b799e234d1a313ff333f6cce12cfc08de93e342d7718c252ff8","vector_w400_p0p010","be1392fd4b9fbfe747ea90c89a17413f72459d8ff708d6d80d1bf086973eb51e","2024-07-14","phase14-calibration-remediation-gate-v2","6eab1b1aa4998738a1ef021c74981d6489ca6a615ebbfcaafd35d781d735b852","2026-06-10","elo_ratings","2026-07-19T00:00:00Z","inactive_optional_unavailable","national_team_xg_sources.csv",0,"2026-11-12T19:44:59Z","inactive_optional_unavailable:no_accepted_national_team_xg_source","nl-2026-27-official-uefa-v2","e9c9b5c5d0487ef49581c50bac6ed2847ee7d40bbf67a909b49a02145df8f376",6,"4dcbff6678a9bfe52301e9d581d51420e42d2cfbd6e1df0feda98a2572005321","uefa-nations-league-2026-27-v1","450962da0b9b12c3a84a1de98b75ae98f6358ea8068c4a02e248315cf4280b15","a8fafc601e4f04d797eeda7d13cc1cbfc0ea83657971385dcb04d134809c2083","0d4fa155bd77d1a8eb40e3dda1c25cfa22df2ecdea55fc9d2b00d27054be4d0d","2026-06-10T00:00:00Z","f5034e4e21c529b5c80eb6de7ddcad03a3a2bb4d91a18266509490e42b020ef1"
"uefa_nations_league_2026_27","uefa_nations_league_2026_27-2047874","uefa_nations_league_2026_27-2047874","2026-11-12T19:45:00Z","2026-11-12T19:44:59Z","resolved","available","none","available","fitted","elo_diff","xgf_ewma_diffmissing_or_zero_variance|xga_ewma_diffmissing_or_zero_variance|xgd_ewma_diffmissing_or_zero_variance|form_index_diff","407a3e3d7ba5329021874a370aeae303669c5fe1afb2095be799b730a484f99f","phase14-open-nb-incumbent-calibrated-v1","0e89c2948c77b348c5b6d3832cf6d4e7721ca7794f8f68f857d6ae82b9fe7d50","/Users/davidzenz/R/xGelo/outputs/releases/phase14-open-nb-incumbent-calibrated-v1/release_manifest.csv","fc9a617e48969b5d524f9994bccb31de0cb028829b4c58a1999b77cf12c5a990","open_nb_incumbent","c65a4f90477e5b799e234d1a313ff333f6cce12cfc08de93e342d7718c252ff8","vector_w400_p0p010","be1392fd4b9fbfe747ea90c89a17413f72459d8ff708d6d80d1bf086973eb51e","2024-07-14","phase14-calibration-remediation-gate-v2","6eab1b1aa4998738a1ef021c74981d6489ca6a615ebbfcaafd35d781d735b852","2026-06-10","elo_ratings","2026-07-19T00:00:00Z","inactive_optional_unavailable","national_team_xg_sources.csv",0,"2026-11-12T19:44:59Z","inactive_optional_unavailable:no_accepted_national_team_xg_source","nl-2026-27-official-uefa-v2","e9c9b5c5d0487ef49581c50bac6ed2847ee7d40bbf67a909b49a02145df8f376",6,"4dcbff6678a9bfe52301e9d581d51420e42d2cfbd6e1df0feda98a2572005321","uefa-nations-league-2026-27-v1","450962da0b9b12c3a84a1de98b75ae98f6358ea8068c4a02e248315cf4280b15","a8fafc601e4f04d797eeda7d13cc1cbfc0ea83657971385dcb04d134809c2083","0d4fa155bd77d1a8eb40e3dda1c25cfa22df2ecdea55fc9d2b00d27054be4d0d","2026-06-10T00:00:00Z","e341b6d4ff4891d77c1fee8d06e5ee31228bbc692bef40104fdfd2972c58f2df"
"uefa_nations_league_2026_27","uefa_nations_league_2026_27-2047875","uefa_nations_league_2026_27-2047875","2026-11-12T19:45:00Z","2026-11-12T19:44:59Z","resolved","available","none","available","fitted","elo_diff","xgf_ewma_diffmissing_or_zero_variance|xga_ewma_diffmissing_or_zero_variance|xgd_ewma_diffmissing_or_zero_variance|form_index_diff","407a3e3d7ba5329021874a370aeae303669c5fe1afb2095be799b730a484f99f","phase14-open-nb-incumbent-calibrated-v1","0e89c2948c77b348c5b6d3832cf6d4e7721ca7794f8f68f857d6ae82b9fe7d50","/Users/davidzenz/R/xGelo/outputs/releases/phase14-open-nb-incumbent-calibrated-v1/release_manifest.csv","fc9a617e48969b5d524f9994bccb31de0cb028829b4c58a1999b77cf12c5a990","open_nb_incumbent","c65a4f90477e5b799e234d1a313ff333f6cce12cfc08de93e342d7718c252ff8","vector_w400_p0p010","be1392fd4b9fbfe747ea90c89a17413f72459d8ff708d6d80d1bf086973eb51e","2024-07-14","phase14-calibration-remediation-gate-v2","6eab1b1aa4998738a1ef021c74981d6489ca6a615ebbfcaafd35d781d735b852","2026-06-10","elo_ratings","2026-07-19T00:00:00Z","inactive_optional_unavailable","national_team_xg_sources.csv",0,"2026-11-12T19:44:59Z","inactive_optional_unavailable:no_accepted_national_team_xg_source","nl-2026-27-official-uefa-v2","e9c9b5c5d0487ef49581c50bac6ed2847ee7d40bbf67a909b49a02145df8f376",6,"4dcbff6678a9bfe52301e9d581d51420e42d2cfbd6e1df0feda98a2572005321","uefa-nations-league-2026-27-v1","450962da0b9b12c3a84a1de98b75ae98f6358ea8068c4a02e248315cf4280b15","a8fafc601e4f04d797eeda7d13cc1cbfc0ea83657971385dcb04d134809c2083","0d4fa155bd77d1a8eb40e3dda1c25cfa22df2ecdea55fc9d2b00d27054be4d0d","2026-06-10T00:00:00Z","1b7f86f3923bcfa0b0d9abdc0badb9080067fcb2790e5de19d2aa96bbf6fb273"
"uefa_nations_league_2026_27","uefa_nations_league_2026_27-2047876","uefa_nations_league_2026_27-2047876","2026-11-12T17:00:00Z","2026-11-12T16:59:59Z","resolved","available","none","available","fitted","elo_diff","xgf_ewma_diffmissing_or_zero_variance|xga_ewma_diffmissing_or_zero_variance|xgd_ewma_diffmissing_or_zero_variance|form_index_diff","407a3e3d7ba5329021874a370aeae303669c5fe1afb2095be799b730a484f99f","phase14-open-nb-incumbent-calibrated-v1","0e89c2948c77b348c5b6d3832cf6d4e7721ca7794f8f68f857d6ae82b9fe7d50","/Users/davidzenz/R/xGelo/outputs/releases/phase14-open-nb-incumbent-calibrated-v1/release_manifest.csv","fc9a617e48969b5d524f9994bccb31de0cb028829b4c58a1999b77cf12c5a990","open_nb_incumbent","c65a4f90477e5b799e234d1a313ff333f6cce12cfc08de93e342d7718c252ff8","vector_w400_p0p010","be1392fd4b9fbfe747ea90c89a17413f72459d8ff708d6d80d1bf086973eb51e","2024-07-14","phase14-calibration-remediation-gate-v2","6eab1b1aa4998738a1ef021c74981d6489ca6a615ebbfcaafd35d781d735b852","2026-06-10","elo_ratings","2026-07-19T00:00:00Z","inactive_optional_unavailable","national_team_xg_sources.csv",0,"2026-11-12T19:44:59Z","inactive_optional_unavailable:no_accepted_national_team_xg_source","nl-2026-27-official-uefa-v2","e9c9b5c5d0487ef49581c50bac6ed2847ee7d40bbf67a909b49a02145df8f376",6,"4dcbff6678a9bfe52301e9d581d51420e42d2cfbd6e1df0feda98a2572005321","uefa-nations-league-2026-27-v1","450962da0b9b12c3a84a1de98b75ae98f6358ea8068c4a02e248315cf4280b15","a8fafc601e4f04d797eeda7d13cc1cbfc0ea83657971385dcb04d134809c2083","0d4fa155bd77d1a8eb40e3dda1c25cfa22df2ecdea55fc9d2b00d27054be4d0d","2026-06-10T00:00:00Z","00f9c48e142a309c025e05c55fe8256d2bcc695d0b47731fe693290937fe97b8"
"uefa_nations_league_2026_27","uefa_nations_league_2026_27-2047877","uefa_nations_league_2026_27-2047877","2026-11-12T19:45:00Z","2026-11-12T19:44:59Z","resolved","available","none","available","fitted","elo_diff","xgf_ewma_diffmissing_or_zero_variance|xga_ewma_diffmissing_or_zero_variance|xgd_ewma_diffmissing_or_zero_variance|form_index_diff","407a3e3d7ba5329021874a370aeae303669c5fe1afb2095be799b730a484f99f","phase14-open-nb-incumbent-calibrated-v1","0e89c2948c77b348c5b6d3832cf6d4e7721ca7794f8f68f857d6ae82b9fe7d50","/Users/davidzenz/R/xGelo/outputs/releases/phase14-open-nb-incumbent-calibrated-v1/release_manifest.csv","fc9a617e48969b5d524f9994bccb31de0cb028829b4c58a1999b77cf12c5a990","open_nb_incumbent","c65a4f90477e5b799e234d1a313ff333f6cce12cfc08de93e342d7718c252ff8","vector_w400_p0p010","be1392fd4b9fbfe747ea90c89a17413f72459d8ff708d6d80d1bf086973eb51e","2024-07-14","phase14-calibration-remediation-gate-v2","6eab1b1aa4998738a1ef021c74981d6489ca6a615ebbfcaafd35d781d735b852","2026-06-10","elo_ratings","2026-07-19T00:00:00Z","inactive_optional_unavailable","national_team_xg_sources.csv",0,"2026-11-12T19:44:59Z","inactive_optional_unavailable:no_accepted_national_team_xg_source","nl-2026-27-official-uefa-v2","e9c9b5c5d0487ef49581c50bac6ed2847ee7d40bbf67a909b49a02145df8f376",6,"4dcbff6678a9bfe52301e9d581d51420e42d2cfbd6e1df0feda98a2572005321","uefa-nations-league-2026-27-v1","450962da0b9b12c3a84a1de98b75ae98f6358ea8068c4a02e248315cf4280b15","a8fafc601e4f04d797eeda7d13cc1cbfc0ea83657971385dcb04d134809c2083","0d4fa155bd77d1a8eb40e3dda1c25cfa22df2ecdea55fc9d2b00d27054be4d0d","2026-06-10T00:00:00Z","75b6dc0ec286dbf1acd6aa3a7111bcf3c24e431746e72227a31ab04d4be7eab0"
"uefa_nations_league_2026_27","uefa_nations_league_2026_27-2047878","uefa_nations_league_2026_27-2047878","2026-11-12T19:45:00Z","2026-11-12T19:44:59Z","resolved","available","none","available","fitted","elo_diff","xgf_ewma_diffmissing_or_zero_variance|xga_ewma_diffmissing_or_zero_variance|xgd_ewma_diffmissing_or_zero_variance|form_index_diff","407a3e3d7ba5329021874a370aeae303669c5fe1afb2095be799b730a484f99f","phase14-open-nb-incumbent-calibrated-v1","0e89c2948c77b348c5b6d3832cf6d4e7721ca7794f8f68f857d6ae82b9fe7d50","/Users/davidzenz/R/xGelo/outputs/releases/phase14-open-nb-incumbent-calibrated-v1/release_manifest.csv","fc9a617e48969b5d524f9994bccb31de0cb028829b4c58a1999b77cf12c5a990","open_nb_incumbent","c65a4f90477e5b799e234d1a313ff333f6cce12cfc08de93e342d7718c252ff8","vector_w400_p0p010","be1392fd4b9fbfe747ea90c89a17413f72459d8ff708d6d80d1bf086973eb51e","2024-07-14","phase14-calibration-remediation-gate-v2","6eab1b1aa4998738a1ef021c74981d6489ca6a615ebbfcaafd35d781d735b852","2026-06-10","elo_ratings","2026-07-19T00:00:00Z","inactive_optional_unavailable","national_team_xg_sources.csv",0,"2026-11-12T19:44:59Z","inactive_optional_unavailable:no_accepted_national_team_xg_source","nl-2026-27-official-uefa-v2","e9c9b5c5d0487ef49581c50bac6ed2847ee7d40bbf67a909b49a02145df8f376",6,"4dcbff6678a9bfe52301e9d581d51420e42d2cfbd6e1df0feda98a2572005321","uefa-nations-league-2026-27-v1","450962da0b9b12c3a84a1de98b75ae98f6358ea8068c4a02e248315cf4280b15","a8fafc601e4f04d797eeda7d13cc1cbfc0ea83657971385dcb04d134809c2083","0d4fa155bd77d1a8eb40e3dda1c25cfa22df2ecdea55fc9d2b00d27054be4d0d","2026-06-10T00:00:00Z","ece18bf216ea770278479d32c41fdb66e854c0d3c6ebad8511797d10d8231b36"
"uefa_nations_league_2026_27","uefa_nations_league_2026_27-2047879","uefa_nations_league_2026_27-2047879","2026-11-12T19:45:00Z","2026-11-12T19:44:59Z","resolved","available","none","available","fitted","elo_diff","xgf_ewma_diffmissing_or_zero_variance|xga_ewma_diffmissing_or_zero_variance|xgd_ewma_diffmissing_or_zero_variance|form_index_diff","407a3e3d7ba5329021874a370aeae303669c5fe1afb2095be799b730a484f99f","phase14-open-nb-incumbent-calibrated-v1","0e89c2948c77b348c5b6d3832cf6d4e7721ca7794f8f68f857d6ae82b9fe7d50","/Users/davidzenz/R/xGelo/outputs/releases/phase14-open-nb-incumbent-calibrated-v1/release_manifest.csv","fc9a617e48969b5d524f9994bccb31de0cb028829b4c58a1999b77cf12c5a990","open_nb_incumbent","c65a4f90477e5b799e234d1a313ff333f6cce12cfc08de93e342d7718c252ff8","vector_w400_p0p010","be1392fd4b9fbfe747ea90c89a17413f72459d8ff708d6d80d1bf086973eb51e","2024-07-14","phase14-calibration-remediation-gate-v2","6eab1b1aa4998738a1ef021c74981d6489ca6a615ebbfcaafd35d781d735b852","2026-06-10","elo_ratings","2026-07-19T00:00:00Z","inactive_optional_unavailable","national_team_xg_sources.csv",0,"2026-11-12T19:44:59Z","inactive_optional_unavailable:no_accepted_national_team_xg_source","nl-2026-27-official-uefa-v2","e9c9b5c5d0487ef49581c50bac6ed2847ee7d40bbf67a909b49a02145df8f376",6,"4dcbff6678a9bfe52301e9d581d51420e42d2cfbd6e1df0feda98a2572005321","uefa-nations-league-2026-27-v1","450962da0b9b12c3a84a1de98b75ae98f6358ea8068c4a02e248315cf4280b15","a8fafc601e4f04d797eeda7d13cc1cbfc0ea83657971385dcb04d134809c2083","0d4fa155bd77d1a8eb40e3dda1c25cfa22df2ecdea55fc9d2b00d27054be4d0d","2026-06-10T00:00:00Z","8ca9b643f5474a782b1ec472253ea6f3d34ab94d61577c5eddc989dfd6527d80"
"uefa_nations_league_2026_27","uefa_nations_league_2026_27-2047880","uefa_nations_league_2026_27-2047880","2026-11-13T19:45:00Z","2026-11-13T19:44:59Z","resolved","available","none","available","fitted","elo_diff","xgf_ewma_diffmissing_or_zero_variance|xga_ewma_diffmissing_or_zero_variance|xgd_ewma_diffmissing_or_zero_variance|form_index_diff","407a3e3d7ba5329021874a370aeae303669c5fe1afb2095be799b730a484f99f","phase14-open-nb-incumbent-calibrated-v1","0e89c2948c77b348c5b6d3832cf6d4e7721ca7794f8f68f857d6ae82b9fe7d50","/Users/davidzenz/R/xGelo/outputs/releases/phase14-open-nb-incumbent-calibrated-v1/release_manifest.csv","fc9a617e48969b5d524f9994bccb31de0cb028829b4c58a1999b77cf12c5a990","open_nb_incumbent","c65a4f90477e5b799e234d1a313ff333f6cce12cfc08de93e342d7718c252ff8","vector_w400_p0p010","be1392fd4b9fbfe747ea90c89a17413f72459d8ff708d6d80d1bf086973eb51e","2024-07-14","phase14-calibration-remediation-gate-v2","6eab1b1aa4998738a1ef021c74981d6489ca6a615ebbfcaafd35d781d735b852","2026-06-10","elo_ratings","2026-07-19T00:00:00Z","inactive_optional_unavailable","national_team_xg_sources.csv",0,"2026-11-12T19:44:59Z","inactive_optional_unavailable:no_accepted_national_team_xg_source","nl-2026-27-official-uefa-v2","e9c9b5c5d0487ef49581c50bac6ed2847ee7d40bbf67a909b49a02145df8f376",6,"4dcbff6678a9bfe52301e9d581d51420e42d2cfbd6e1df0feda98a2572005321","uefa-nations-league-2026-27-v1","450962da0b9b12c3a84a1de98b75ae98f6358ea8068c4a02e248315cf4280b15","a8fafc601e4f04d797eeda7d13cc1cbfc0ea83657971385dcb04d134809c2083","0d4fa155bd77d1a8eb40e3dda1c25cfa22df2ecdea55fc9d2b00d27054be4d0d","2026-06-10T00:00:00Z","cccd0d66aaa07ddd9d698a3dba17406bc42d4399a3d848a789ddb5a986b7f130"
"uefa_nations_league_2026_27","uefa_nations_league_2026_27-2047881","uefa_nations_league_2026_27-2047881","2026-11-13T19:45:00Z","2026-11-13T19:44:59Z","resolved","available","none","available","fitted","elo_diff","xgf_ewma_diffmissing_or_zero_variance|xga_ewma_diffmissing_or_zero_variance|xgd_ewma_diffmissing_or_zero_variance|form_index_diff","407a3e3d7ba5329021874a370aeae303669c5fe1afb2095be799b730a484f99f","phase14-open-nb-incumbent-calibrated-v1","0e89c2948c77b348c5b6d3832cf6d4e7721ca7794f8f68f857d6ae82b9fe7d50","/Users/davidzenz/R/xGelo/outputs/releases/phase14-open-nb-incumbent-calibrated-v1/release_manifest.csv","fc9a617e48969b5d524f9994bccb31de0cb028829b4c58a1999b77cf12c5a990","open_nb_incumbent","c65a4f90477e5b799e234d1a313ff333f6cce12cfc08de93e342d7718c252ff8","vector_w400_p0p010","be1392fd4b9fbfe747ea90c89a17413f72459d8ff708d6d80d1bf086973eb51e","2024-07-14","phase14-calibration-remediation-gate-v2","6eab1b1aa4998738a1ef021c74981d6489ca6a615ebbfcaafd35d781d735b852","2026-06-10","elo_ratings","2026-07-19T00:00:00Z","inactive_optional_unavailable","national_team_xg_sources.csv",0,"2026-11-12T19:44:59Z","inactive_optional_unavailable:no_accepted_national_team_xg_source","nl-2026-27-official-uefa-v2","e9c9b5c5d0487ef49581c50bac6ed2847ee7d40bbf67a909b49a02145df8f376",6,"4dcbff6678a9bfe52301e9d581d51420e42d2cfbd6e1df0feda98a2572005321","uefa-nations-league-2026-27-v1","450962da0b9b12c3a84a1de98b75ae98f6358ea8068c4a02e248315cf4280b15","a8fafc601e4f04d797eeda7d13cc1cbfc0ea83657971385dcb04d134809c2083","0d4fa155bd77d1a8eb40e3dda1c25cfa22df2ecdea55fc9d2b00d27054be4d0d","2026-06-10T00:00:00Z","ee4e1bf32be01fe70a404408c922d41bda1c0ea4eb39325c9b9550de254bb2a9"
"uefa_nations_league_2026_27","uefa_nations_league_2026_27-2047882","uefa_nations_league_2026_27-2047882","2026-11-13T19:45:00Z","2026-11-13T19:44:59Z","resolved","available","none","available","fitted","elo_diff","xgf_ewma_diffmissing_or_zero_variance|xga_ewma_diffmissing_or_zero_variance|xgd_ewma_diffmissing_or_zero_variance|form_index_diff","407a3e3d7ba5329021874a370aeae303669c5fe1afb2095be799b730a484f99f","phase14-open-nb-incumbent-calibrated-v1","0e89c2948c77b348c5b6d3832cf6d4e7721ca7794f8f68f857d6ae82b9fe7d50","/Users/davidzenz/R/xGelo/outputs/releases/phase14-open-nb-incumbent-calibrated-v1/release_manifest.csv","fc9a617e48969b5d524f9994bccb31de0cb028829b4c58a1999b77cf12c5a990","open_nb_incumbent","c65a4f90477e5b799e234d1a313ff333f6cce12cfc08de93e342d7718c252ff8","vector_w400_p0p010","be1392fd4b9fbfe747ea90c89a17413f72459d8ff708d6d80d1bf086973eb51e","2024-07-14","phase14-calibration-remediation-gate-v2","6eab1b1aa4998738a1ef021c74981d6489ca6a615ebbfcaafd35d781d735b852","2026-06-10","elo_ratings","2026-07-19T00:00:00Z","inactive_optional_unavailable","national_team_xg_sources.csv",0,"2026-11-12T19:44:59Z","inactive_optional_unavailable:no_accepted_national_team_xg_source","nl-2026-27-official-uefa-v2","e9c9b5c5d0487ef49581c50bac6ed2847ee7d40bbf67a909b49a02145df8f376",6,"4dcbff6678a9bfe52301e9d581d51420e42d2cfbd6e1df0feda98a2572005321","uefa-nations-league-2026-27-v1","450962da0b9b12c3a84a1de98b75ae98f6358ea8068c4a02e248315cf4280b15","a8fafc601e4f04d797eeda7d13cc1cbfc0ea83657971385dcb04d134809c2083","0d4fa155bd77d1a8eb40e3dda1c25cfa22df2ecdea55fc9d2b00d27054be4d0d","2026-06-10T00:00:00Z","0b37d4736d6031ca35417eff7c3aa18933bdd76469ddea95cbc3f68efa9df48e"
"uefa_nations_league_2026_27","uefa_nations_league_2026_27-2047883","uefa_nations_league_2026_27-2047883","2026-11-13T17:00:00Z","2026-11-13T16:59:59Z","resolved","available","none","available","fitted","elo_diff","xgf_ewma_diffmissing_or_zero_variance|xga_ewma_diffmissing_or_zero_variance|xgd_ewma_diffmissing_or_zero_variance|form_index_diff","407a3e3d7ba5329021874a370aeae303669c5fe1afb2095be799b730a484f99f","phase14-open-nb-incumbent-calibrated-v1","0e89c2948c77b348c5b6d3832cf6d4e7721ca7794f8f68f857d6ae82b9fe7d50","/Users/davidzenz/R/xGelo/outputs/releases/phase14-open-nb-incumbent-calibrated-v1/release_manifest.csv","fc9a617e48969b5d524f9994bccb31de0cb028829b4c58a1999b77cf12c5a990","open_nb_incumbent","c65a4f90477e5b799e234d1a313ff333f6cce12cfc08de93e342d7718c252ff8","vector_w400_p0p010","be1392fd4b9fbfe747ea90c89a17413f72459d8ff708d6d80d1bf086973eb51e","2024-07-14","phase14-calibration-remediation-gate-v2","6eab1b1aa4998738a1ef021c74981d6489ca6a615ebbfcaafd35d781d735b852","2026-06-10","elo_ratings","2026-07-19T00:00:00Z","inactive_optional_unavailable","national_team_xg_sources.csv",0,"2026-11-12T19:44:59Z","inactive_optional_unavailable:no_accepted_national_team_xg_source","nl-2026-27-official-uefa-v2","e9c9b5c5d0487ef49581c50bac6ed2847ee7d40bbf67a909b49a02145df8f376",6,"4dcbff6678a9bfe52301e9d581d51420e42d2cfbd6e1df0feda98a2572005321","uefa-nations-league-2026-27-v1","450962da0b9b12c3a84a1de98b75ae98f6358ea8068c4a02e248315cf4280b15","a8fafc601e4f04d797eeda7d13cc1cbfc0ea83657971385dcb04d134809c2083","0d4fa155bd77d1a8eb40e3dda1c25cfa22df2ecdea55fc9d2b00d27054be4d0d","2026-06-10T00:00:00Z","d6cdc6b3594f6e8cb85d7fbe03d60c21d6d91b35439a75bc2044ca4a1a48c5f6"
"uefa_nations_league_2026_27","uefa_nations_league_2026_27-2047884","uefa_nations_league_2026_27-2047884","2026-11-13T19:45:00Z","2026-11-13T19:44:59Z","resolved","available","none","available","fitted","elo_diff","xgf_ewma_diffmissing_or_zero_variance|xga_ewma_diffmissing_or_zero_variance|xgd_ewma_diffmissing_or_zero_variance|form_index_diff","407a3e3d7ba5329021874a370aeae303669c5fe1afb2095be799b730a484f99f","phase14-open-nb-incumbent-calibrated-v1","0e89c2948c77b348c5b6d3832cf6d4e7721ca7794f8f68f857d6ae82b9fe7d50","/Users/davidzenz/R/xGelo/outputs/releases/phase14-open-nb-incumbent-calibrated-v1/release_manifest.csv","fc9a617e48969b5d524f9994bccb31de0cb028829b4c58a1999b77cf12c5a990","open_nb_incumbent","c65a4f90477e5b799e234d1a313ff333f6cce12cfc08de93e342d7718c252ff8","vector_w400_p0p010","be1392fd4b9fbfe747ea90c89a17413f72459d8ff708d6d80d1bf086973eb51e","2024-07-14","phase14-calibration-remediation-gate-v2","6eab1b1aa4998738a1ef021c74981d6489ca6a615ebbfcaafd35d781d735b852","2026-06-10","elo_ratings","2026-07-19T00:00:00Z","inactive_optional_unavailable","national_team_xg_sources.csv",0,"2026-11-12T19:44:59Z","inactive_optional_unavailable:no_accepted_national_team_xg_source","nl-2026-27-official-uefa-v2","e9c9b5c5d0487ef49581c50bac6ed2847ee7d40bbf67a909b49a02145df8f376",6,"4dcbff6678a9bfe52301e9d581d51420e42d2cfbd6e1df0feda98a2572005321","uefa-nations-league-2026-27-v1","450962da0b9b12c3a84a1de98b75ae98f6358ea8068c4a02e248315cf4280b15","a8fafc601e4f04d797eeda7d13cc1cbfc0ea83657971385dcb04d134809c2083","0d4fa155bd77d1a8eb40e3dda1c25cfa22df2ecdea55fc9d2b00d27054be4d0d","2026-06-10T00:00:00Z","e72b1348948784880bd64140daee58199ccc7ccad579cd7f8fd99e962ef37ab0"
"uefa_nations_league_2026_27","uefa_nations_league_2026_27-2047885","uefa_nations_league_2026_27-2047885","2026-11-13T19:45:00Z","2026-11-13T19:44:59Z","resolved","available","none","available","fitted","elo_diff","xgf_ewma_diffmissing_or_zero_variance|xga_ewma_diffmissing_or_zero_variance|xgd_ewma_diffmissing_or_zero_variance|form_index_diff","407a3e3d7ba5329021874a370aeae303669c5fe1afb2095be799b730a484f99f","phase14-open-nb-incumbent-calibrated-v1","0e89c2948c77b348c5b6d3832cf6d4e7721ca7794f8f68f857d6ae82b9fe7d50","/Users/davidzenz/R/xGelo/outputs/releases/phase14-open-nb-incumbent-calibrated-v1/release_manifest.csv","fc9a617e48969b5d524f9994bccb31de0cb028829b4c58a1999b77cf12c5a990","open_nb_incumbent","c65a4f90477e5b799e234d1a313ff333f6cce12cfc08de93e342d7718c252ff8","vector_w400_p0p010","be1392fd4b9fbfe747ea90c89a17413f72459d8ff708d6d80d1bf086973eb51e","2024-07-14","phase14-calibration-remediation-gate-v2","6eab1b1aa4998738a1ef021c74981d6489ca6a615ebbfcaafd35d781d735b852","2026-06-10","elo_ratings","2026-07-19T00:00:00Z","inactive_optional_unavailable","national_team_xg_sources.csv",0,"2026-11-12T19:44:59Z","inactive_optional_unavailable:no_accepted_national_team_xg_source","nl-2026-27-official-uefa-v2","e9c9b5c5d0487ef49581c50bac6ed2847ee7d40bbf67a909b49a02145df8f376",6,"4dcbff6678a9bfe52301e9d581d51420e42d2cfbd6e1df0feda98a2572005321","uefa-nations-league-2026-27-v1","450962da0b9b12c3a84a1de98b75ae98f6358ea8068c4a02e248315cf4280b15","a8fafc601e4f04d797eeda7d13cc1cbfc0ea83657971385dcb04d134809c2083","0d4fa155bd77d1a8eb40e3dda1c25cfa22df2ecdea55fc9d2b00d27054be4d0d","2026-06-10T00:00:00Z","7c34ad2c6dcc5089fc417a63c101841657157baa9b2892d3b38161485e2c8403"
"uefa_nations_league_2026_27","uefa_nations_league_2026_27-2047886","uefa_nations_league_2026_27-2047886","2026-11-13T19:45:00Z","2026-11-13T19:44:59Z","resolved","available","none","available","fitted","elo_diff","xgf_ewma_diffmissing_or_zero_variance|xga_ewma_diffmissing_or_zero_variance|xgd_ewma_diffmissing_or_zero_variance|form_index_diff","407a3e3d7ba5329021874a370aeae303669c5fe1afb2095be799b730a484f99f","phase14-open-nb-incumbent-calibrated-v1","0e89c2948c77b348c5b6d3832cf6d4e7721ca7794f8f68f857d6ae82b9fe7d50","/Users/davidzenz/R/xGelo/outputs/releases/phase14-open-nb-incumbent-calibrated-v1/release_manifest.csv","fc9a617e48969b5d524f9994bccb31de0cb028829b4c58a1999b77cf12c5a990","open_nb_incumbent","c65a4f90477e5b799e234d1a313ff333f6cce12cfc08de93e342d7718c252ff8","vector_w400_p0p010","be1392fd4b9fbfe747ea90c89a17413f72459d8ff708d6d80d1bf086973eb51e","2024-07-14","phase14-calibration-remediation-gate-v2","6eab1b1aa4998738a1ef021c74981d6489ca6a615ebbfcaafd35d781d735b852","2026-06-10","elo_ratings","2026-07-19T00:00:00Z","inactive_optional_unavailable","national_team_xg_sources.csv",0,"2026-11-12T19:44:59Z","inactive_optional_unavailable:no_accepted_national_team_xg_source","nl-2026-27-official-uefa-v2","e9c9b5c5d0487ef49581c50bac6ed2847ee7d40bbf67a909b49a02145df8f376",6,"4dcbff6678a9bfe52301e9d581d51420e42d2cfbd6e1df0feda98a2572005321","uefa-nations-league-2026-27-v1","450962da0b9b12c3a84a1de98b75ae98f6358ea8068c4a02e248315cf4280b15","a8fafc601e4f04d797eeda7d13cc1cbfc0ea83657971385dcb04d134809c2083","0d4fa155bd77d1a8eb40e3dda1c25cfa22df2ecdea55fc9d2b00d27054be4d0d","2026-06-10T00:00:00Z","bb498efc841840d259fb123f3cf1bf5f409fcbdfb4719ba556d0b44af8dec7e5"
"uefa_nations_league_2026_27","uefa_nations_league_2026_27-2047887","uefa_nations_league_2026_27-2047887","2026-11-13T19:45:00Z","2026-11-13T19:44:59Z","resolved","available","none","available","fitted","elo_diff","xgf_ewma_diffmissing_or_zero_variance|xga_ewma_diffmissing_or_zero_variance|xgd_ewma_diffmissing_or_zero_variance|form_index_diff","407a3e3d7ba5329021874a370aeae303669c5fe1afb2095be799b730a484f99f","phase14-open-nb-incumbent-calibrated-v1","0e89c2948c77b348c5b6d3832cf6d4e7721ca7794f8f68f857d6ae82b9fe7d50","/Users/davidzenz/R/xGelo/outputs/releases/phase14-open-nb-incumbent-calibrated-v1/release_manifest.csv","fc9a617e48969b5d524f9994bccb31de0cb028829b4c58a1999b77cf12c5a990","open_nb_incumbent","c65a4f90477e5b799e234d1a313ff333f6cce12cfc08de93e342d7718c252ff8","vector_w400_p0p010","be1392fd4b9fbfe747ea90c89a17413f72459d8ff708d6d80d1bf086973eb51e","2024-07-14","phase14-calibration-remediation-gate-v2","6eab1b1aa4998738a1ef021c74981d6489ca6a615ebbfcaafd35d781d735b852","2026-06-10","elo_ratings","2026-07-19T00:00:00Z","inactive_optional_unavailable","national_team_xg_sources.csv",0,"2026-11-12T19:44:59Z","inactive_optional_unavailable:no_accepted_national_team_xg_source","nl-2026-27-official-uefa-v2","e9c9b5c5d0487ef49581c50bac6ed2847ee7d40bbf67a909b49a02145df8f376",6,"4dcbff6678a9bfe52301e9d581d51420e42d2cfbd6e1df0feda98a2572005321","uefa-nations-league-2026-27-v1","450962da0b9b12c3a84a1de98b75ae98f6358ea8068c4a02e248315cf4280b15","a8fafc601e4f04d797eeda7d13cc1cbfc0ea83657971385dcb04d134809c2083","0d4fa155bd77d1a8eb40e3dda1c25cfa22df2ecdea55fc9d2b00d27054be4d0d","2026-06-10T00:00:00Z","5e07ffb1bcad67373097e29219ce575f7f9e4fdd647b7c256381b7509731ac8a"
"uefa_nations_league_2026_27","uefa_nations_league_2026_27-2047888","uefa_nations_league_2026_27-2047888","2026-11-13T19:45:00Z","2026-11-13T19:44:59Z","resolved","available","none","available","fitted","elo_diff","xgf_ewma_diffmissing_or_zero_variance|xga_ewma_diffmissing_or_zero_variance|xgd_ewma_diffmissing_or_zero_variance|form_index_diff","407a3e3d7ba5329021874a370aeae303669c5fe1afb2095be799b730a484f99f","phase14-open-nb-incumbent-calibrated-v1","0e89c2948c77b348c5b6d3832cf6d4e7721ca7794f8f68f857d6ae82b9fe7d50","/Users/davidzenz/R/xGelo/outputs/releases/phase14-open-nb-incumbent-calibrated-v1/release_manifest.csv","fc9a617e48969b5d524f9994bccb31de0cb028829b4c58a1999b77cf12c5a990","open_nb_incumbent","c65a4f90477e5b799e234d1a313ff333f6cce12cfc08de93e342d7718c252ff8","vector_w400_p0p010","be1392fd4b9fbfe747ea90c89a17413f72459d8ff708d6d80d1bf086973eb51e","2024-07-14","phase14-calibration-remediation-gate-v2","6eab1b1aa4998738a1ef021c74981d6489ca6a615ebbfcaafd35d781d735b852","2026-06-10","elo_ratings","2026-07-19T00:00:00Z","inactive_optional_unavailable","national_team_xg_sources.csv",0,"2026-11-12T19:44:59Z","inactive_optional_unavailable:no_accepted_national_team_xg_source","nl-2026-27-official-uefa-v2","e9c9b5c5d0487ef49581c50bac6ed2847ee7d40bbf67a909b49a02145df8f376",6,"4dcbff6678a9bfe52301e9d581d51420e42d2cfbd6e1df0feda98a2572005321","uefa-nations-league-2026-27-v1","450962da0b9b12c3a84a1de98b75ae98f6358ea8068c4a02e248315cf4280b15","a8fafc601e4f04d797eeda7d13cc1cbfc0ea83657971385dcb04d134809c2083","0d4fa155bd77d1a8eb40e3dda1c25cfa22df2ecdea55fc9d2b00d27054be4d0d","2026-06-10T00:00:00Z","9244513fc4c422407770d33d9540ec3acef92a3e04231299a74b654f8777884f"
"uefa_nations_league_2026_27","uefa_nations_league_2026_27-2047889","uefa_nations_league_2026_27-2047889","2026-11-13T19:45:00Z","2026-11-13T19:44:59Z","resolved","available","none","available","fitted","elo_diff","xgf_ewma_diffmissing_or_zero_variance|xga_ewma_diffmissing_or_zero_variance|xgd_ewma_diffmissing_or_zero_variance|form_index_diff","407a3e3d7ba5329021874a370aeae303669c5fe1afb2095be799b730a484f99f","phase14-open-nb-incumbent-calibrated-v1","0e89c2948c77b348c5b6d3832cf6d4e7721ca7794f8f68f857d6ae82b9fe7d50","/Users/davidzenz/R/xGelo/outputs/releases/phase14-open-nb-incumbent-calibrated-v1/release_manifest.csv","fc9a617e48969b5d524f9994bccb31de0cb028829b4c58a1999b77cf12c5a990","open_nb_incumbent","c65a4f90477e5b799e234d1a313ff333f6cce12cfc08de93e342d7718c252ff8","vector_w400_p0p010","be1392fd4b9fbfe747ea90c89a17413f72459d8ff708d6d80d1bf086973eb51e","2024-07-14","phase14-calibration-remediation-gate-v2","6eab1b1aa4998738a1ef021c74981d6489ca6a615ebbfcaafd35d781d735b852","2026-06-10","elo_ratings","2026-07-19T00:00:00Z","inactive_optional_unavailable","national_team_xg_sources.csv",0,"2026-11-12T19:44:59Z","inactive_optional_unavailable:no_accepted_national_team_xg_source","nl-2026-27-official-uefa-v2","e9c9b5c5d0487ef49581c50bac6ed2847ee7d40bbf67a909b49a02145df8f376",6,"4dcbff6678a9bfe52301e9d581d51420e42d2cfbd6e1df0feda98a2572005321","uefa-nations-league-2026-27-v1","450962da0b9b12c3a84a1de98b75ae98f6358ea8068c4a02e248315cf4280b15","a8fafc601e4f04d797eeda7d13cc1cbfc0ea83657971385dcb04d134809c2083","0d4fa155bd77d1a8eb40e3dda1c25cfa22df2ecdea55fc9d2b00d27054be4d0d","2026-06-10T00:00:00Z","f34a999afd65247301e8326c5bd2001bccde78ddd7d1970f6531636071259e46"
"uefa_nations_league_2026_27","uefa_nations_league_2026_27-2047890","uefa_nations_league_2026_27-2047890","2026-11-14T19:45:00Z","2026-11-14T19:44:59Z","resolved","available","none","available","fitted","elo_diff","xgf_ewma_diffmissing_or_zero_variance|xga_ewma_diffmissing_or_zero_variance|xgd_ewma_diffmissing_or_zero_variance|form_index_diff","407a3e3d7ba5329021874a370aeae303669c5fe1afb2095be799b730a484f99f","phase14-open-nb-incumbent-calibrated-v1","0e89c2948c77b348c5b6d3832cf6d4e7721ca7794f8f68f857d6ae82b9fe7d50","/Users/davidzenz/R/xGelo/outputs/releases/phase14-open-nb-incumbent-calibrated-v1/release_manifest.csv","fc9a617e48969b5d524f9994bccb31de0cb028829b4c58a1999b77cf12c5a990","open_nb_incumbent","c65a4f90477e5b799e234d1a313ff333f6cce12cfc08de93e342d7718c252ff8","vector_w400_p0p010","be1392fd4b9fbfe747ea90c89a17413f72459d8ff708d6d80d1bf086973eb51e","2024-07-14","phase14-calibration-remediation-gate-v2","6eab1b1aa4998738a1ef021c74981d6489ca6a615ebbfcaafd35d781d735b852","2026-06-10","elo_ratings","2026-07-19T00:00:00Z","inactive_optional_unavailable","national_team_xg_sources.csv",0,"2026-11-12T19:44:59Z","inactive_optional_unavailable:no_accepted_national_team_xg_source","nl-2026-27-official-uefa-v2","e9c9b5c5d0487ef49581c50bac6ed2847ee7d40bbf67a909b49a02145df8f376",6,"4dcbff6678a9bfe52301e9d581d51420e42d2cfbd6e1df0feda98a2572005321","uefa-nations-league-2026-27-v1","450962da0b9b12c3a84a1de98b75ae98f6358ea8068c4a02e248315cf4280b15","a8fafc601e4f04d797eeda7d13cc1cbfc0ea83657971385dcb04d134809c2083","0d4fa155bd77d1a8eb40e3dda1c25cfa22df2ecdea55fc9d2b00d27054be4d0d","2026-06-10T00:00:00Z","490412cf4dd7cc9dabdde8b61ad2e3b6b7147513537d4d9c4a33d3b91be0a60b"
"uefa_nations_league_2026_27","uefa_nations_league_2026_27-2047891","uefa_nations_league_2026_27-2047891","2026-11-14T19:45:00Z","2026-11-14T19:44:59Z","resolved","available","none","available","fitted","elo_diff","xgf_ewma_diffmissing_or_zero_variance|xga_ewma_diffmissing_or_zero_variance|xgd_ewma_diffmissing_or_zero_variance|form_index_diff","407a3e3d7ba5329021874a370aeae303669c5fe1afb2095be799b730a484f99f","phase14-open-nb-incumbent-calibrated-v1","0e89c2948c77b348c5b6d3832cf6d4e7721ca7794f8f68f857d6ae82b9fe7d50","/Users/davidzenz/R/xGelo/outputs/releases/phase14-open-nb-incumbent-calibrated-v1/release_manifest.csv","fc9a617e48969b5d524f9994bccb31de0cb028829b4c58a1999b77cf12c5a990","open_nb_incumbent","c65a4f90477e5b799e234d1a313ff333f6cce12cfc08de93e342d7718c252ff8","vector_w400_p0p010","be1392fd4b9fbfe747ea90c89a17413f72459d8ff708d6d80d1bf086973eb51e","2024-07-14","phase14-calibration-remediation-gate-v2","6eab1b1aa4998738a1ef021c74981d6489ca6a615ebbfcaafd35d781d735b852","2026-06-10","elo_ratings","2026-07-19T00:00:00Z","inactive_optional_unavailable","national_team_xg_sources.csv",0,"2026-11-12T19:44:59Z","inactive_optional_unavailable:no_accepted_national_team_xg_source","nl-2026-27-official-uefa-v2","e9c9b5c5d0487ef49581c50bac6ed2847ee7d40bbf67a909b49a02145df8f376",6,"4dcbff6678a9bfe52301e9d581d51420e42d2cfbd6e1df0feda98a2572005321","uefa-nations-league-2026-27-v1","450962da0b9b12c3a84a1de98b75ae98f6358ea8068c4a02e248315cf4280b15","a8fafc601e4f04d797eeda7d13cc1cbfc0ea83657971385dcb04d134809c2083","0d4fa155bd77d1a8eb40e3dda1c25cfa22df2ecdea55fc9d2b00d27054be4d0d","2026-06-10T00:00:00Z","1ff0815688e7bccf99998c3e6b415134f598e2d27b52c33042d63ed4c69b53bf"
"uefa_nations_league_2026_27","uefa_nations_league_2026_27-2047892","uefa_nations_league_2026_27-2047892","2026-11-14T19:45:00Z","2026-11-14T19:44:59Z","resolved","available","none","available","fitted","elo_diff","xgf_ewma_diffmissing_or_zero_variance|xga_ewma_diffmissing_or_zero_variance|xgd_ewma_diffmissing_or_zero_variance|form_index_diff","407a3e3d7ba5329021874a370aeae303669c5fe1afb2095be799b730a484f99f","phase14-open-nb-incumbent-calibrated-v1","0e89c2948c77b348c5b6d3832cf6d4e7721ca7794f8f68f857d6ae82b9fe7d50","/Users/davidzenz/R/xGelo/outputs/releases/phase14-open-nb-incumbent-calibrated-v1/release_manifest.csv","fc9a617e48969b5d524f9994bccb31de0cb028829b4c58a1999b77cf12c5a990","open_nb_incumbent","c65a4f90477e5b799e234d1a313ff333f6cce12cfc08de93e342d7718c252ff8","vector_w400_p0p010","be1392fd4b9fbfe747ea90c89a17413f72459d8ff708d6d80d1bf086973eb51e","2024-07-14","phase14-calibration-remediation-gate-v2","6eab1b1aa4998738a1ef021c74981d6489ca6a615ebbfcaafd35d781d735b852","2026-06-10","elo_ratings","2026-07-19T00:00:00Z","inactive_optional_unavailable","national_team_xg_sources.csv",0,"2026-11-12T19:44:59Z","inactive_optional_unavailable:no_accepted_national_team_xg_source","nl-2026-27-official-uefa-v2","e9c9b5c5d0487ef49581c50bac6ed2847ee7d40bbf67a909b49a02145df8f376",6,"4dcbff6678a9bfe52301e9d581d51420e42d2cfbd6e1df0feda98a2572005321","uefa-nations-league-2026-27-v1","450962da0b9b12c3a84a1de98b75ae98f6358ea8068c4a02e248315cf4280b15","a8fafc601e4f04d797eeda7d13cc1cbfc0ea83657971385dcb04d134809c2083","0d4fa155bd77d1a8eb40e3dda1c25cfa22df2ecdea55fc9d2b00d27054be4d0d","2026-06-10T00:00:00Z","df88ee9ede74bd2971c38fabeb377dbbe9521a0d90fd6902357e1710b71b56a9"
"uefa_nations_league_2026_27","uefa_nations_league_2026_27-2047893","uefa_nations_league_2026_27-2047893","2026-11-14T17:00:00Z","2026-11-14T16:59:59Z","resolved","available","none","available","fitted","elo_diff","xgf_ewma_diffmissing_or_zero_variance|xga_ewma_diffmissing_or_zero_variance|xgd_ewma_diffmissing_or_zero_variance|form_index_diff","407a3e3d7ba5329021874a370aeae303669c5fe1afb2095be799b730a484f99f","phase14-open-nb-incumbent-calibrated-v1","0e89c2948c77b348c5b6d3832cf6d4e7721ca7794f8f68f857d6ae82b9fe7d50","/Users/davidzenz/R/xGelo/outputs/releases/phase14-open-nb-incumbent-calibrated-v1/release_manifest.csv","fc9a617e48969b5d524f9994bccb31de0cb028829b4c58a1999b77cf12c5a990","open_nb_incumbent","c65a4f90477e5b799e234d1a313ff333f6cce12cfc08de93e342d7718c252ff8","vector_w400_p0p010","be1392fd4b9fbfe747ea90c89a17413f72459d8ff708d6d80d1bf086973eb51e","2024-07-14","phase14-calibration-remediation-gate-v2","6eab1b1aa4998738a1ef021c74981d6489ca6a615ebbfcaafd35d781d735b852","2026-06-10","elo_ratings","2026-07-19T00:00:00Z","inactive_optional_unavailable","national_team_xg_sources.csv",0,"2026-11-12T19:44:59Z","inactive_optional_unavailable:no_accepted_national_team_xg_source","nl-2026-27-official-uefa-v2","e9c9b5c5d0487ef49581c50bac6ed2847ee7d40bbf67a909b49a02145df8f376",6,"4dcbff6678a9bfe52301e9d581d51420e42d2cfbd6e1df0feda98a2572005321","uefa-nations-league-2026-27-v1","450962da0b9b12c3a84a1de98b75ae98f6358ea8068c4a02e248315cf4280b15","a8fafc601e4f04d797eeda7d13cc1cbfc0ea83657971385dcb04d134809c2083","0d4fa155bd77d1a8eb40e3dda1c25cfa22df2ecdea55fc9d2b00d27054be4d0d","2026-06-10T00:00:00Z","1cb1d81a0a2f9200ec607beef8263aa20b9ae1721b04bb5dd8e3f35624374c93"
"uefa_nations_league_2026_27","uefa_nations_league_2026_27-2047894","uefa_nations_league_2026_27-2047894","2026-11-14T19:45:00Z","2026-11-14T19:44:59Z","resolved","available","none","available","fitted","elo_diff","xgf_ewma_diffmissing_or_zero_variance|xga_ewma_diffmissing_or_zero_variance|xgd_ewma_diffmissing_or_zero_variance|form_index_diff","407a3e3d7ba5329021874a370aeae303669c5fe1afb2095be799b730a484f99f","phase14-open-nb-incumbent-calibrated-v1","0e89c2948c77b348c5b6d3832cf6d4e7721ca7794f8f68f857d6ae82b9fe7d50","/Users/davidzenz/R/xGelo/outputs/releases/phase14-open-nb-incumbent-calibrated-v1/release_manifest.csv","fc9a617e48969b5d524f9994bccb31de0cb028829b4c58a1999b77cf12c5a990","open_nb_incumbent","c65a4f90477e5b799e234d1a313ff333f6cce12cfc08de93e342d7718c252ff8","vector_w400_p0p010","be1392fd4b9fbfe747ea90c89a17413f72459d8ff708d6d80d1bf086973eb51e","2024-07-14","phase14-calibration-remediation-gate-v2","6eab1b1aa4998738a1ef021c74981d6489ca6a615ebbfcaafd35d781d735b852","2026-06-10","elo_ratings","2026-07-19T00:00:00Z","inactive_optional_unavailable","national_team_xg_sources.csv",0,"2026-11-12T19:44:59Z","inactive_optional_unavailable:no_accepted_national_team_xg_source","nl-2026-27-official-uefa-v2","e9c9b5c5d0487ef49581c50bac6ed2847ee7d40bbf67a909b49a02145df8f376",6,"4dcbff6678a9bfe52301e9d581d51420e42d2cfbd6e1df0feda98a2572005321","uefa-nations-league-2026-27-v1","450962da0b9b12c3a84a1de98b75ae98f6358ea8068c4a02e248315cf4280b15","a8fafc601e4f04d797eeda7d13cc1cbfc0ea83657971385dcb04d134809c2083","0d4fa155bd77d1a8eb40e3dda1c25cfa22df2ecdea55fc9d2b00d27054be4d0d","2026-06-10T00:00:00Z","6147c7d66153b591ac044b7c822917891047ec0a3804d81f04ce3e16b2df1066"
"uefa_nations_league_2026_27","uefa_nations_league_2026_27-2047895","uefa_nations_league_2026_27-2047895","2026-11-14T17:00:00Z","2026-11-14T16:59:59Z","resolved","available","none","available","fitted","elo_diff","xgf_ewma_diffmissing_or_zero_variance|xga_ewma_diffmissing_or_zero_variance|xgd_ewma_diffmissing_or_zero_variance|form_index_diff","407a3e3d7ba5329021874a370aeae303669c5fe1afb2095be799b730a484f99f","phase14-open-nb-incumbent-calibrated-v1","0e89c2948c77b348c5b6d3832cf6d4e7721ca7794f8f68f857d6ae82b9fe7d50","/Users/davidzenz/R/xGelo/outputs/releases/phase14-open-nb-incumbent-calibrated-v1/release_manifest.csv","fc9a617e48969b5d524f9994bccb31de0cb028829b4c58a1999b77cf12c5a990","open_nb_incumbent","c65a4f90477e5b799e234d1a313ff333f6cce12cfc08de93e342d7718c252ff8","vector_w400_p0p010","be1392fd4b9fbfe747ea90c89a17413f72459d8ff708d6d80d1bf086973eb51e","2024-07-14","phase14-calibration-remediation-gate-v2","6eab1b1aa4998738a1ef021c74981d6489ca6a615ebbfcaafd35d781d735b852","2026-06-10","elo_ratings","2026-07-19T00:00:00Z","inactive_optional_unavailable","national_team_xg_sources.csv",0,"2026-11-12T19:44:59Z","inactive_optional_unavailable:no_accepted_national_team_xg_source","nl-2026-27-official-uefa-v2","e9c9b5c5d0487ef49581c50bac6ed2847ee7d40bbf67a909b49a02145df8f376",6,"4dcbff6678a9bfe52301e9d581d51420e42d2cfbd6e1df0feda98a2572005321","uefa-nations-league-2026-27-v1","450962da0b9b12c3a84a1de98b75ae98f6358ea8068c4a02e248315cf4280b15","a8fafc601e4f04d797eeda7d13cc1cbfc0ea83657971385dcb04d134809c2083","0d4fa155bd77d1a8eb40e3dda1c25cfa22df2ecdea55fc9d2b00d27054be4d0d","2026-06-10T00:00:00Z","305212778b9294ff3ffc7a6dfff4b88be7027b2afbca41f60d22962e50b4a49f"
"uefa_nations_league_2026_27","uefa_nations_league_2026_27-2047896","uefa_nations_league_2026_27-2047896","2026-11-14T14:00:00Z","2026-11-14T13:59:59Z","resolved","available","none","available","fitted","elo_diff","xgf_ewma_diffmissing_or_zero_variance|xga_ewma_diffmissing_or_zero_variance|xgd_ewma_diffmissing_or_zero_variance|form_index_diff","407a3e3d7ba5329021874a370aeae303669c5fe1afb2095be799b730a484f99f","phase14-open-nb-incumbent-calibrated-v1","0e89c2948c77b348c5b6d3832cf6d4e7721ca7794f8f68f857d6ae82b9fe7d50","/Users/davidzenz/R/xGelo/outputs/releases/phase14-open-nb-incumbent-calibrated-v1/release_manifest.csv","fc9a617e48969b5d524f9994bccb31de0cb028829b4c58a1999b77cf12c5a990","open_nb_incumbent","c65a4f90477e5b799e234d1a313ff333f6cce12cfc08de93e342d7718c252ff8","vector_w400_p0p010","be1392fd4b9fbfe747ea90c89a17413f72459d8ff708d6d80d1bf086973eb51e","2024-07-14","phase14-calibration-remediation-gate-v2","6eab1b1aa4998738a1ef021c74981d6489ca6a615ebbfcaafd35d781d735b852","2026-06-10","elo_ratings","2026-07-19T00:00:00Z","inactive_optional_unavailable","national_team_xg_sources.csv",0,"2026-11-12T19:44:59Z","inactive_optional_unavailable:no_accepted_national_team_xg_source","nl-2026-27-official-uefa-v2","e9c9b5c5d0487ef49581c50bac6ed2847ee7d40bbf67a909b49a02145df8f376",6,"4dcbff6678a9bfe52301e9d581d51420e42d2cfbd6e1df0feda98a2572005321","uefa-nations-league-2026-27-v1","450962da0b9b12c3a84a1de98b75ae98f6358ea8068c4a02e248315cf4280b15","a8fafc601e4f04d797eeda7d13cc1cbfc0ea83657971385dcb04d134809c2083","0d4fa155bd77d1a8eb40e3dda1c25cfa22df2ecdea55fc9d2b00d27054be4d0d","2026-06-10T00:00:00Z","f914a66610629fd6a15b7db0b89a0b49f6eaa39f718b4212c3e447d5754c3379"
"uefa_nations_league_2026_27","uefa_nations_league_2026_27-2047897","uefa_nations_league_2026_27-2047897","2026-11-14T19:45:00Z","2026-11-14T19:44:59Z","resolved","available","none","available","fitted","elo_diff","xgf_ewma_diffmissing_or_zero_variance|xga_ewma_diffmissing_or_zero_variance|xgd_ewma_diffmissing_or_zero_variance|form_index_diff","407a3e3d7ba5329021874a370aeae303669c5fe1afb2095be799b730a484f99f","phase14-open-nb-incumbent-calibrated-v1","0e89c2948c77b348c5b6d3832cf6d4e7721ca7794f8f68f857d6ae82b9fe7d50","/Users/davidzenz/R/xGelo/outputs/releases/phase14-open-nb-incumbent-calibrated-v1/release_manifest.csv","fc9a617e48969b5d524f9994bccb31de0cb028829b4c58a1999b77cf12c5a990","open_nb_incumbent","c65a4f90477e5b799e234d1a313ff333f6cce12cfc08de93e342d7718c252ff8","vector_w400_p0p010","be1392fd4b9fbfe747ea90c89a17413f72459d8ff708d6d80d1bf086973eb51e","2024-07-14","phase14-calibration-remediation-gate-v2","6eab1b1aa4998738a1ef021c74981d6489ca6a615ebbfcaafd35d781d735b852","2026-06-10","elo_ratings","2026-07-19T00:00:00Z","inactive_optional_unavailable","national_team_xg_sources.csv",0,"2026-11-12T19:44:59Z","inactive_optional_unavailable:no_accepted_national_team_xg_source","nl-2026-27-official-uefa-v2","e9c9b5c5d0487ef49581c50bac6ed2847ee7d40bbf67a909b49a02145df8f376",6,"4dcbff6678a9bfe52301e9d581d51420e42d2cfbd6e1df0feda98a2572005321","uefa-nations-league-2026-27-v1","450962da0b9b12c3a84a1de98b75ae98f6358ea8068c4a02e248315cf4280b15","a8fafc601e4f04d797eeda7d13cc1cbfc0ea83657971385dcb04d134809c2083","0d4fa155bd77d1a8eb40e3dda1c25cfa22df2ecdea55fc9d2b00d27054be4d0d","2026-06-10T00:00:00Z","090018ef0ba87f4972d071072e4832717a38f8fb284f217fa261fdddf9799604"
"uefa_nations_league_2026_27","uefa_nations_league_2026_27-2047898","uefa_nations_league_2026_27-2047898","2026-11-15T19:45:00Z","2026-11-15T19:44:59Z","resolved","available","none","available","fitted","elo_diff","xgf_ewma_diffmissing_or_zero_variance|xga_ewma_diffmissing_or_zero_variance|xgd_ewma_diffmissing_or_zero_variance|form_index_diff","407a3e3d7ba5329021874a370aeae303669c5fe1afb2095be799b730a484f99f","phase14-open-nb-incumbent-calibrated-v1","0e89c2948c77b348c5b6d3832cf6d4e7721ca7794f8f68f857d6ae82b9fe7d50","/Users/davidzenz/R/xGelo/outputs/releases/phase14-open-nb-incumbent-calibrated-v1/release_manifest.csv","fc9a617e48969b5d524f9994bccb31de0cb028829b4c58a1999b77cf12c5a990","open_nb_incumbent","c65a4f90477e5b799e234d1a313ff333f6cce12cfc08de93e342d7718c252ff8","vector_w400_p0p010","be1392fd4b9fbfe747ea90c89a17413f72459d8ff708d6d80d1bf086973eb51e","2024-07-14","phase14-calibration-remediation-gate-v2","6eab1b1aa4998738a1ef021c74981d6489ca6a615ebbfcaafd35d781d735b852","2026-06-10","elo_ratings","2026-07-19T00:00:00Z","inactive_optional_unavailable","national_team_xg_sources.csv",0,"2026-11-12T19:44:59Z","inactive_optional_unavailable:no_accepted_national_team_xg_source","nl-2026-27-official-uefa-v2","e9c9b5c5d0487ef49581c50bac6ed2847ee7d40bbf67a909b49a02145df8f376",6,"4dcbff6678a9bfe52301e9d581d51420e42d2cfbd6e1df0feda98a2572005321","uefa-nations-league-2026-27-v1","450962da0b9b12c3a84a1de98b75ae98f6358ea8068c4a02e248315cf4280b15","a8fafc601e4f04d797eeda7d13cc1cbfc0ea83657971385dcb04d134809c2083","0d4fa155bd77d1a8eb40e3dda1c25cfa22df2ecdea55fc9d2b00d27054be4d0d","2026-06-10T00:00:00Z","e242de6fb44f55376b6c4934880e37a8c983ee290a17f9dab2e3769ea9a67926"
"uefa_nations_league_2026_27","uefa_nations_league_2026_27-2047899","uefa_nations_league_2026_27-2047899","2026-11-15T14:00:00Z","2026-11-15T13:59:59Z","resolved","available","none","available","fitted","elo_diff","xgf_ewma_diffmissing_or_zero_variance|xga_ewma_diffmissing_or_zero_variance|xgd_ewma_diffmissing_or_zero_variance|form_index_diff","407a3e3d7ba5329021874a370aeae303669c5fe1afb2095be799b730a484f99f","phase14-open-nb-incumbent-calibrated-v1","0e89c2948c77b348c5b6d3832cf6d4e7721ca7794f8f68f857d6ae82b9fe7d50","/Users/davidzenz/R/xGelo/outputs/releases/phase14-open-nb-incumbent-calibrated-v1/release_manifest.csv","fc9a617e48969b5d524f9994bccb31de0cb028829b4c58a1999b77cf12c5a990","open_nb_incumbent","c65a4f90477e5b799e234d1a313ff333f6cce12cfc08de93e342d7718c252ff8","vector_w400_p0p010","be1392fd4b9fbfe747ea90c89a17413f72459d8ff708d6d80d1bf086973eb51e","2024-07-14","phase14-calibration-remediation-gate-v2","6eab1b1aa4998738a1ef021c74981d6489ca6a615ebbfcaafd35d781d735b852","2026-06-10","elo_ratings","2026-07-19T00:00:00Z","inactive_optional_unavailable","national_team_xg_sources.csv",0,"2026-11-12T19:44:59Z","inactive_optional_unavailable:no_accepted_national_team_xg_source","nl-2026-27-official-uefa-v2","e9c9b5c5d0487ef49581c50bac6ed2847ee7d40bbf67a909b49a02145df8f376",6,"4dcbff6678a9bfe52301e9d581d51420e42d2cfbd6e1df0feda98a2572005321","uefa-nations-league-2026-27-v1","450962da0b9b12c3a84a1de98b75ae98f6358ea8068c4a02e248315cf4280b15","a8fafc601e4f04d797eeda7d13cc1cbfc0ea83657971385dcb04d134809c2083","0d4fa155bd77d1a8eb40e3dda1c25cfa22df2ecdea55fc9d2b00d27054be4d0d","2026-06-10T00:00:00Z","db0b48f531f14a58738512b9d11d836dad722207c33e74ce1cb888ca758505ac"
"uefa_nations_league_2026_27","uefa_nations_league_2026_27-2047900","uefa_nations_league_2026_27-2047900","2026-11-15T19:45:00Z","2026-11-15T19:44:59Z","resolved","available","none","available","fitted","elo_diff","xgf_ewma_diffmissing_or_zero_variance|xga_ewma_diffmissing_or_zero_variance|xgd_ewma_diffmissing_or_zero_variance|form_index_diff","407a3e3d7ba5329021874a370aeae303669c5fe1afb2095be799b730a484f99f","phase14-open-nb-incumbent-calibrated-v1","0e89c2948c77b348c5b6d3832cf6d4e7721ca7794f8f68f857d6ae82b9fe7d50","/Users/davidzenz/R/xGelo/outputs/releases/phase14-open-nb-incumbent-calibrated-v1/release_manifest.csv","fc9a617e48969b5d524f9994bccb31de0cb028829b4c58a1999b77cf12c5a990","open_nb_incumbent","c65a4f90477e5b799e234d1a313ff333f6cce12cfc08de93e342d7718c252ff8","vector_w400_p0p010","be1392fd4b9fbfe747ea90c89a17413f72459d8ff708d6d80d1bf086973eb51e","2024-07-14","phase14-calibration-remediation-gate-v2","6eab1b1aa4998738a1ef021c74981d6489ca6a615ebbfcaafd35d781d735b852","2026-06-10","elo_ratings","2026-07-19T00:00:00Z","inactive_optional_unavailable","national_team_xg_sources.csv",0,"2026-11-12T19:44:59Z","inactive_optional_unavailable:no_accepted_national_team_xg_source","nl-2026-27-official-uefa-v2","e9c9b5c5d0487ef49581c50bac6ed2847ee7d40bbf67a909b49a02145df8f376",6,"4dcbff6678a9bfe52301e9d581d51420e42d2cfbd6e1df0feda98a2572005321","uefa-nations-league-2026-27-v1","450962da0b9b12c3a84a1de98b75ae98f6358ea8068c4a02e248315cf4280b15","a8fafc601e4f04d797eeda7d13cc1cbfc0ea83657971385dcb04d134809c2083","0d4fa155bd77d1a8eb40e3dda1c25cfa22df2ecdea55fc9d2b00d27054be4d0d","2026-06-10T00:00:00Z","7e1d8616362100c52b89b6d4b1309fdc661962cde195bb807c17c51b86af6b31"
"uefa_nations_league_2026_27","uefa_nations_league_2026_27-2047901","uefa_nations_league_2026_27-2047901","2026-11-15T17:00:00Z","2026-11-15T16:59:59Z","resolved","available","none","available","fitted","elo_diff","xgf_ewma_diffmissing_or_zero_variance|xga_ewma_diffmissing_or_zero_variance|xgd_ewma_diffmissing_or_zero_variance|form_index_diff","407a3e3d7ba5329021874a370aeae303669c5fe1afb2095be799b730a484f99f","phase14-open-nb-incumbent-calibrated-v1","0e89c2948c77b348c5b6d3832cf6d4e7721ca7794f8f68f857d6ae82b9fe7d50","/Users/davidzenz/R/xGelo/outputs/releases/phase14-open-nb-incumbent-calibrated-v1/release_manifest.csv","fc9a617e48969b5d524f9994bccb31de0cb028829b4c58a1999b77cf12c5a990","open_nb_incumbent","c65a4f90477e5b799e234d1a313ff333f6cce12cfc08de93e342d7718c252ff8","vector_w400_p0p010","be1392fd4b9fbfe747ea90c89a17413f72459d8ff708d6d80d1bf086973eb51e","2024-07-14","phase14-calibration-remediation-gate-v2","6eab1b1aa4998738a1ef021c74981d6489ca6a615ebbfcaafd35d781d735b852","2026-06-10","elo_ratings","2026-07-19T00:00:00Z","inactive_optional_unavailable","national_team_xg_sources.csv",0,"2026-11-12T19:44:59Z","inactive_optional_unavailable:no_accepted_national_team_xg_source","nl-2026-27-official-uefa-v2","e9c9b5c5d0487ef49581c50bac6ed2847ee7d40bbf67a909b49a02145df8f376",6,"4dcbff6678a9bfe52301e9d581d51420e42d2cfbd6e1df0feda98a2572005321","uefa-nations-league-2026-27-v1","450962da0b9b12c3a84a1de98b75ae98f6358ea8068c4a02e248315cf4280b15","a8fafc601e4f04d797eeda7d13cc1cbfc0ea83657971385dcb04d134809c2083","0d4fa155bd77d1a8eb40e3dda1c25cfa22df2ecdea55fc9d2b00d27054be4d0d","2026-06-10T00:00:00Z","c724ab25d135d55b227bd40d568e660fb9888e53520e697671d268711f116a45"
"uefa_nations_league_2026_27","uefa_nations_league_2026_27-2047902","uefa_nations_league_2026_27-2047902","2026-11-15T19:45:00Z","2026-11-15T19:44:59Z","resolved","available","none","available","fitted","elo_diff","xgf_ewma_diffmissing_or_zero_variance|xga_ewma_diffmissing_or_zero_variance|xgd_ewma_diffmissing_or_zero_variance|form_index_diff","407a3e3d7ba5329021874a370aeae303669c5fe1afb2095be799b730a484f99f","phase14-open-nb-incumbent-calibrated-v1","0e89c2948c77b348c5b6d3832cf6d4e7721ca7794f8f68f857d6ae82b9fe7d50","/Users/davidzenz/R/xGelo/outputs/releases/phase14-open-nb-incumbent-calibrated-v1/release_manifest.csv","fc9a617e48969b5d524f9994bccb31de0cb028829b4c58a1999b77cf12c5a990","open_nb_incumbent","c65a4f90477e5b799e234d1a313ff333f6cce12cfc08de93e342d7718c252ff8","vector_w400_p0p010","be1392fd4b9fbfe747ea90c89a17413f72459d8ff708d6d80d1bf086973eb51e","2024-07-14","phase14-calibration-remediation-gate-v2","6eab1b1aa4998738a1ef021c74981d6489ca6a615ebbfcaafd35d781d735b852","2026-06-10","elo_ratings","2026-07-19T00:00:00Z","inactive_optional_unavailable","national_team_xg_sources.csv",0,"2026-11-12T19:44:59Z","inactive_optional_unavailable:no_accepted_national_team_xg_source","nl-2026-27-official-uefa-v2","e9c9b5c5d0487ef49581c50bac6ed2847ee7d40bbf67a909b49a02145df8f376",6,"4dcbff6678a9bfe52301e9d581d51420e42d2cfbd6e1df0feda98a2572005321","uefa-nations-league-2026-27-v1","450962da0b9b12c3a84a1de98b75ae98f6358ea8068c4a02e248315cf4280b15","a8fafc601e4f04d797eeda7d13cc1cbfc0ea83657971385dcb04d134809c2083","0d4fa155bd77d1a8eb40e3dda1c25cfa22df2ecdea55fc9d2b00d27054be4d0d","2026-06-10T00:00:00Z","77db5b4a87d7f284d346ab88bbf0fa9977fbec6b5865f847e0f8c23856ce5ba3"
"uefa_nations_league_2026_27","uefa_nations_league_2026_27-2047903","uefa_nations_league_2026_27-2047903","2026-11-15T14:00:00Z","2026-11-15T13:59:59Z","resolved","available","none","available","fitted","elo_diff","xgf_ewma_diffmissing_or_zero_variance|xga_ewma_diffmissing_or_zero_variance|xgd_ewma_diffmissing_or_zero_variance|form_index_diff","407a3e3d7ba5329021874a370aeae303669c5fe1afb2095be799b730a484f99f","phase14-open-nb-incumbent-calibrated-v1","0e89c2948c77b348c5b6d3832cf6d4e7721ca7794f8f68f857d6ae82b9fe7d50","/Users/davidzenz/R/xGelo/outputs/releases/phase14-open-nb-incumbent-calibrated-v1/release_manifest.csv","fc9a617e48969b5d524f9994bccb31de0cb028829b4c58a1999b77cf12c5a990","open_nb_incumbent","c65a4f90477e5b799e234d1a313ff333f6cce12cfc08de93e342d7718c252ff8","vector_w400_p0p010","be1392fd4b9fbfe747ea90c89a17413f72459d8ff708d6d80d1bf086973eb51e","2024-07-14","phase14-calibration-remediation-gate-v2","6eab1b1aa4998738a1ef021c74981d6489ca6a615ebbfcaafd35d781d735b852","2026-06-10","elo_ratings","2026-07-19T00:00:00Z","inactive_optional_unavailable","national_team_xg_sources.csv",0,"2026-11-12T19:44:59Z","inactive_optional_unavailable:no_accepted_national_team_xg_source","nl-2026-27-official-uefa-v2","e9c9b5c5d0487ef49581c50bac6ed2847ee7d40bbf67a909b49a02145df8f376",6,"4dcbff6678a9bfe52301e9d581d51420e42d2cfbd6e1df0feda98a2572005321","uefa-nations-league-2026-27-v1","450962da0b9b12c3a84a1de98b75ae98f6358ea8068c4a02e248315cf4280b15","a8fafc601e4f04d797eeda7d13cc1cbfc0ea83657971385dcb04d134809c2083","0d4fa155bd77d1a8eb40e3dda1c25cfa22df2ecdea55fc9d2b00d27054be4d0d","2026-06-10T00:00:00Z","dec887df58ed62dc45ff4997ff9fcee8c604d7fec748c5a32c6707069fbe5682"
"uefa_nations_league_2026_27","uefa_nations_league_2026_27-2047904","uefa_nations_league_2026_27-2047904","2026-11-15T19:45:00Z","2026-11-15T19:44:59Z","resolved","available","none","available","fitted","elo_diff","xgf_ewma_diffmissing_or_zero_variance|xga_ewma_diffmissing_or_zero_variance|xgd_ewma_diffmissing_or_zero_variance|form_index_diff","407a3e3d7ba5329021874a370aeae303669c5fe1afb2095be799b730a484f99f","phase14-open-nb-incumbent-calibrated-v1","0e89c2948c77b348c5b6d3832cf6d4e7721ca7794f8f68f857d6ae82b9fe7d50","/Users/davidzenz/R/xGelo/outputs/releases/phase14-open-nb-incumbent-calibrated-v1/release_manifest.csv","fc9a617e48969b5d524f9994bccb31de0cb028829b4c58a1999b77cf12c5a990","open_nb_incumbent","c65a4f90477e5b799e234d1a313ff333f6cce12cfc08de93e342d7718c252ff8","vector_w400_p0p010","be1392fd4b9fbfe747ea90c89a17413f72459d8ff708d6d80d1bf086973eb51e","2024-07-14","phase14-calibration-remediation-gate-v2","6eab1b1aa4998738a1ef021c74981d6489ca6a615ebbfcaafd35d781d735b852","2026-06-10","elo_ratings","2026-07-19T00:00:00Z","inactive_optional_unavailable","national_team_xg_sources.csv",0,"2026-11-12T19:44:59Z","inactive_optional_unavailable:no_accepted_national_team_xg_source","nl-2026-27-official-uefa-v2","e9c9b5c5d0487ef49581c50bac6ed2847ee7d40bbf67a909b49a02145df8f376",6,"4dcbff6678a9bfe52301e9d581d51420e42d2cfbd6e1df0feda98a2572005321","uefa-nations-league-2026-27-v1","450962da0b9b12c3a84a1de98b75ae98f6358ea8068c4a02e248315cf4280b15","a8fafc601e4f04d797eeda7d13cc1cbfc0ea83657971385dcb04d134809c2083","0d4fa155bd77d1a8eb40e3dda1c25cfa22df2ecdea55fc9d2b00d27054be4d0d","2026-06-10T00:00:00Z","ccf174c5a4a72ecc7be38ba352f6f70caa94209b34fc3188e7db3ae712c87838"
"uefa_nations_league_2026_27","uefa_nations_league_2026_27-2047905","uefa_nations_league_2026_27-2047905","2026-11-15T17:00:00Z","2026-11-15T16:59:59Z","resolved","available","none","available","fitted","elo_diff","xgf_ewma_diffmissing_or_zero_variance|xga_ewma_diffmissing_or_zero_variance|xgd_ewma_diffmissing_or_zero_variance|form_index_diff","407a3e3d7ba5329021874a370aeae303669c5fe1afb2095be799b730a484f99f","phase14-open-nb-incumbent-calibrated-v1","0e89c2948c77b348c5b6d3832cf6d4e7721ca7794f8f68f857d6ae82b9fe7d50","/Users/davidzenz/R/xGelo/outputs/releases/phase14-open-nb-incumbent-calibrated-v1/release_manifest.csv","fc9a617e48969b5d524f9994bccb31de0cb028829b4c58a1999b77cf12c5a990","open_nb_incumbent","c65a4f90477e5b799e234d1a313ff333f6cce12cfc08de93e342d7718c252ff8","vector_w400_p0p010","be1392fd4b9fbfe747ea90c89a17413f72459d8ff708d6d80d1bf086973eb51e","2024-07-14","phase14-calibration-remediation-gate-v2","6eab1b1aa4998738a1ef021c74981d6489ca6a615ebbfcaafd35d781d735b852","2026-06-10","elo_ratings","2026-07-19T00:00:00Z","inactive_optional_unavailable","national_team_xg_sources.csv",0,"2026-11-12T19:44:59Z","inactive_optional_unavailable:no_accepted_national_team_xg_source","nl-2026-27-official-uefa-v2","e9c9b5c5d0487ef49581c50bac6ed2847ee7d40bbf67a909b49a02145df8f376",6,"4dcbff6678a9bfe52301e9d581d51420e42d2cfbd6e1df0feda98a2572005321","uefa-nations-league-2026-27-v1","450962da0b9b12c3a84a1de98b75ae98f6358ea8068c4a02e248315cf4280b15","a8fafc601e4f04d797eeda7d13cc1cbfc0ea83657971385dcb04d134809c2083","0d4fa155bd77d1a8eb40e3dda1c25cfa22df2ecdea55fc9d2b00d27054be4d0d","2026-06-10T00:00:00Z","8a4392b267011c0efde742ae60111477f636fcb1a33ca97b1d843830b389cce4"
"uefa_nations_league_2026_27","uefa_nations_league_2026_27-2047906","uefa_nations_league_2026_27-2047906","2026-11-16T17:00:00Z","2026-11-16T16:59:59Z","resolved","available","none","available","fitted","elo_diff","xgf_ewma_diffmissing_or_zero_variance|xga_ewma_diffmissing_or_zero_variance|xgd_ewma_diffmissing_or_zero_variance|form_index_diff","407a3e3d7ba5329021874a370aeae303669c5fe1afb2095be799b730a484f99f","phase14-open-nb-incumbent-calibrated-v1","0e89c2948c77b348c5b6d3832cf6d4e7721ca7794f8f68f857d6ae82b9fe7d50","/Users/davidzenz/R/xGelo/outputs/releases/phase14-open-nb-incumbent-calibrated-v1/release_manifest.csv","fc9a617e48969b5d524f9994bccb31de0cb028829b4c58a1999b77cf12c5a990","open_nb_incumbent","c65a4f90477e5b799e234d1a313ff333f6cce12cfc08de93e342d7718c252ff8","vector_w400_p0p010","be1392fd4b9fbfe747ea90c89a17413f72459d8ff708d6d80d1bf086973eb51e","2024-07-14","phase14-calibration-remediation-gate-v2","6eab1b1aa4998738a1ef021c74981d6489ca6a615ebbfcaafd35d781d735b852","2026-06-10","elo_ratings","2026-07-19T00:00:00Z","inactive_optional_unavailable","national_team_xg_sources.csv",0,"2026-11-12T19:44:59Z","inactive_optional_unavailable:no_accepted_national_team_xg_source","nl-2026-27-official-uefa-v2","e9c9b5c5d0487ef49581c50bac6ed2847ee7d40bbf67a909b49a02145df8f376",6,"4dcbff6678a9bfe52301e9d581d51420e42d2cfbd6e1df0feda98a2572005321","uefa-nations-league-2026-27-v1","450962da0b9b12c3a84a1de98b75ae98f6358ea8068c4a02e248315cf4280b15","a8fafc601e4f04d797eeda7d13cc1cbfc0ea83657971385dcb04d134809c2083","0d4fa155bd77d1a8eb40e3dda1c25cfa22df2ecdea55fc9d2b00d27054be4d0d","2026-06-10T00:00:00Z","96893cb74b3f284640b81d6dd4bb5f020e9e60677faa35e99c5f2a84c5ed2f90"
"uefa_nations_league_2026_27","uefa_nations_league_2026_27-2047907","uefa_nations_league_2026_27-2047907","2026-11-16T17:00:00Z","2026-11-16T16:59:59Z","resolved","available","none","available","fitted","elo_diff","xgf_ewma_diffmissing_or_zero_variance|xga_ewma_diffmissing_or_zero_variance|xgd_ewma_diffmissing_or_zero_variance|form_index_diff","407a3e3d7ba5329021874a370aeae303669c5fe1afb2095be799b730a484f99f","phase14-open-nb-incumbent-calibrated-v1","0e89c2948c77b348c5b6d3832cf6d4e7721ca7794f8f68f857d6ae82b9fe7d50","/Users/davidzenz/R/xGelo/outputs/releases/phase14-open-nb-incumbent-calibrated-v1/release_manifest.csv","fc9a617e48969b5d524f9994bccb31de0cb028829b4c58a1999b77cf12c5a990","open_nb_incumbent","c65a4f90477e5b799e234d1a313ff333f6cce12cfc08de93e342d7718c252ff8","vector_w400_p0p010","be1392fd4b9fbfe747ea90c89a17413f72459d8ff708d6d80d1bf086973eb51e","2024-07-14","phase14-calibration-remediation-gate-v2","6eab1b1aa4998738a1ef021c74981d6489ca6a615ebbfcaafd35d781d735b852","2026-06-10","elo_ratings","2026-07-19T00:00:00Z","inactive_optional_unavailable","national_team_xg_sources.csv",0,"2026-11-12T19:44:59Z","inactive_optional_unavailable:no_accepted_national_team_xg_source","nl-2026-27-official-uefa-v2","e9c9b5c5d0487ef49581c50bac6ed2847ee7d40bbf67a909b49a02145df8f376",6,"4dcbff6678a9bfe52301e9d581d51420e42d2cfbd6e1df0feda98a2572005321","uefa-nations-league-2026-27-v1","450962da0b9b12c3a84a1de98b75ae98f6358ea8068c4a02e248315cf4280b15","a8fafc601e4f04d797eeda7d13cc1cbfc0ea83657971385dcb04d134809c2083","0d4fa155bd77d1a8eb40e3dda1c25cfa22df2ecdea55fc9d2b00d27054be4d0d","2026-06-10T00:00:00Z","4af67109804b951e067283cfe76db12c31196d68612a400f7b1f8f3b5a1bbfe7"
"uefa_nations_league_2026_27","uefa_nations_league_2026_27-2047908","uefa_nations_league_2026_27-2047908","2026-11-16T19:45:00Z","2026-11-16T19:44:59Z","resolved","available","none","available","fitted","elo_diff","xgf_ewma_diffmissing_or_zero_variance|xga_ewma_diffmissing_or_zero_variance|xgd_ewma_diffmissing_or_zero_variance|form_index_diff","407a3e3d7ba5329021874a370aeae303669c5fe1afb2095be799b730a484f99f","phase14-open-nb-incumbent-calibrated-v1","0e89c2948c77b348c5b6d3832cf6d4e7721ca7794f8f68f857d6ae82b9fe7d50","/Users/davidzenz/R/xGelo/outputs/releases/phase14-open-nb-incumbent-calibrated-v1/release_manifest.csv","fc9a617e48969b5d524f9994bccb31de0cb028829b4c58a1999b77cf12c5a990","open_nb_incumbent","c65a4f90477e5b799e234d1a313ff333f6cce12cfc08de93e342d7718c252ff8","vector_w400_p0p010","be1392fd4b9fbfe747ea90c89a17413f72459d8ff708d6d80d1bf086973eb51e","2024-07-14","phase14-calibration-remediation-gate-v2","6eab1b1aa4998738a1ef021c74981d6489ca6a615ebbfcaafd35d781d735b852","2026-06-10","elo_ratings","2026-07-19T00:00:00Z","inactive_optional_unavailable","national_team_xg_sources.csv",0,"2026-11-12T19:44:59Z","inactive_optional_unavailable:no_accepted_national_team_xg_source","nl-2026-27-official-uefa-v2","e9c9b5c5d0487ef49581c50bac6ed2847ee7d40bbf67a909b49a02145df8f376",6,"4dcbff6678a9bfe52301e9d581d51420e42d2cfbd6e1df0feda98a2572005321","uefa-nations-league-2026-27-v1","450962da0b9b12c3a84a1de98b75ae98f6358ea8068c4a02e248315cf4280b15","a8fafc601e4f04d797eeda7d13cc1cbfc0ea83657971385dcb04d134809c2083","0d4fa155bd77d1a8eb40e3dda1c25cfa22df2ecdea55fc9d2b00d27054be4d0d","2026-06-10T00:00:00Z","e1a69efaa51f792cad57e0d0db83e2a1beb6345dbd904b5e51e95756ecb68888"
"uefa_nations_league_2026_27","uefa_nations_league_2026_27-2047909","uefa_nations_league_2026_27-2047909","2026-11-16T19:45:00Z","2026-11-16T19:44:59Z","resolved","available","none","available","fitted","elo_diff","xgf_ewma_diffmissing_or_zero_variance|xga_ewma_diffmissing_or_zero_variance|xgd_ewma_diffmissing_or_zero_variance|form_index_diff","407a3e3d7ba5329021874a370aeae303669c5fe1afb2095be799b730a484f99f","phase14-open-nb-incumbent-calibrated-v1","0e89c2948c77b348c5b6d3832cf6d4e7721ca7794f8f68f857d6ae82b9fe7d50","/Users/davidzenz/R/xGelo/outputs/releases/phase14-open-nb-incumbent-calibrated-v1/release_manifest.csv","fc9a617e48969b5d524f9994bccb31de0cb028829b4c58a1999b77cf12c5a990","open_nb_incumbent","c65a4f90477e5b799e234d1a313ff333f6cce12cfc08de93e342d7718c252ff8","vector_w400_p0p010","be1392fd4b9fbfe747ea90c89a17413f72459d8ff708d6d80d1bf086973eb51e","2024-07-14","phase14-calibration-remediation-gate-v2","6eab1b1aa4998738a1ef021c74981d6489ca6a615ebbfcaafd35d781d735b852","2026-06-10","elo_ratings","2026-07-19T00:00:00Z","inactive_optional_unavailable","national_team_xg_sources.csv",0,"2026-11-12T19:44:59Z","inactive_optional_unavailable:no_accepted_national_team_xg_source","nl-2026-27-official-uefa-v2","e9c9b5c5d0487ef49581c50bac6ed2847ee7d40bbf67a909b49a02145df8f376",6,"4dcbff6678a9bfe52301e9d581d51420e42d2cfbd6e1df0feda98a2572005321","uefa-nations-league-2026-27-v1","450962da0b9b12c3a84a1de98b75ae98f6358ea8068c4a02e248315cf4280b15","a8fafc601e4f04d797eeda7d13cc1cbfc0ea83657971385dcb04d134809c2083","0d4fa155bd77d1a8eb40e3dda1c25cfa22df2ecdea55fc9d2b00d27054be4d0d","2026-06-10T00:00:00Z","59bde7b665807b2d69af5e027f0327e3959225d0cf79dbde4253d7364e3a148b"
"uefa_nations_league_2026_27","uefa_nations_league_2026_27-2047910","uefa_nations_league_2026_27-2047910","2026-11-16T15:00:00Z","2026-11-16T14:59:59Z","resolved","available","none","available","fitted","elo_diff","xgf_ewma_diffmissing_or_zero_variance|xga_ewma_diffmissing_or_zero_variance|xgd_ewma_diffmissing_or_zero_variance|form_index_diff","407a3e3d7ba5329021874a370aeae303669c5fe1afb2095be799b730a484f99f","phase14-open-nb-incumbent-calibrated-v1","0e89c2948c77b348c5b6d3832cf6d4e7721ca7794f8f68f857d6ae82b9fe7d50","/Users/davidzenz/R/xGelo/outputs/releases/phase14-open-nb-incumbent-calibrated-v1/release_manifest.csv","fc9a617e48969b5d524f9994bccb31de0cb028829b4c58a1999b77cf12c5a990","open_nb_incumbent","c65a4f90477e5b799e234d1a313ff333f6cce12cfc08de93e342d7718c252ff8","vector_w400_p0p010","be1392fd4b9fbfe747ea90c89a17413f72459d8ff708d6d80d1bf086973eb51e","2024-07-14","phase14-calibration-remediation-gate-v2","6eab1b1aa4998738a1ef021c74981d6489ca6a615ebbfcaafd35d781d735b852","2026-06-10","elo_ratings","2026-07-19T00:00:00Z","inactive_optional_unavailable","national_team_xg_sources.csv",0,"2026-11-12T19:44:59Z","inactive_optional_unavailable:no_accepted_national_team_xg_source","nl-2026-27-official-uefa-v2","e9c9b5c5d0487ef49581c50bac6ed2847ee7d40bbf67a909b49a02145df8f376",6,"4dcbff6678a9bfe52301e9d581d51420e42d2cfbd6e1df0feda98a2572005321","uefa-nations-league-2026-27-v1","450962da0b9b12c3a84a1de98b75ae98f6358ea8068c4a02e248315cf4280b15","a8fafc601e4f04d797eeda7d13cc1cbfc0ea83657971385dcb04d134809c2083","0d4fa155bd77d1a8eb40e3dda1c25cfa22df2ecdea55fc9d2b00d27054be4d0d","2026-06-10T00:00:00Z","9067ba3e2e836c698ef2ae12fba0986a28fa68b9bd2c895c09b04d4c36eba1bd"
"uefa_nations_league_2026_27","uefa_nations_league_2026_27-2047911","uefa_nations_league_2026_27-2047911","2026-11-16T17:00:00Z","2026-11-16T16:59:59Z","resolved","available","none","available","fitted","elo_diff","xgf_ewma_diffmissing_or_zero_variance|xga_ewma_diffmissing_or_zero_variance|xgd_ewma_diffmissing_or_zero_variance|form_index_diff","407a3e3d7ba5329021874a370aeae303669c5fe1afb2095be799b730a484f99f","phase14-open-nb-incumbent-calibrated-v1","0e89c2948c77b348c5b6d3832cf6d4e7721ca7794f8f68f857d6ae82b9fe7d50","/Users/davidzenz/R/xGelo/outputs/releases/phase14-open-nb-incumbent-calibrated-v1/release_manifest.csv","fc9a617e48969b5d524f9994bccb31de0cb028829b4c58a1999b77cf12c5a990","open_nb_incumbent","c65a4f90477e5b799e234d1a313ff333f6cce12cfc08de93e342d7718c252ff8","vector_w400_p0p010","be1392fd4b9fbfe747ea90c89a17413f72459d8ff708d6d80d1bf086973eb51e","2024-07-14","phase14-calibration-remediation-gate-v2","6eab1b1aa4998738a1ef021c74981d6489ca6a615ebbfcaafd35d781d735b852","2026-06-10","elo_ratings","2026-07-19T00:00:00Z","inactive_optional_unavailable","national_team_xg_sources.csv",0,"2026-11-12T19:44:59Z","inactive_optional_unavailable:no_accepted_national_team_xg_source","nl-2026-27-official-uefa-v2","e9c9b5c5d0487ef49581c50bac6ed2847ee7d40bbf67a909b49a02145df8f376",6,"4dcbff6678a9bfe52301e9d581d51420e42d2cfbd6e1df0feda98a2572005321","uefa-nations-league-2026-27-v1","450962da0b9b12c3a84a1de98b75ae98f6358ea8068c4a02e248315cf4280b15","a8fafc601e4f04d797eeda7d13cc1cbfc0ea83657971385dcb04d134809c2083","0d4fa155bd77d1a8eb40e3dda1c25cfa22df2ecdea55fc9d2b00d27054be4d0d","2026-06-10T00:00:00Z","56a3c655e8090cddf3a8d406696ba4a64de77f1978a494853a2ac54cd8b81572"
"uefa_nations_league_2026_27","uefa_nations_league_2026_27-2047912","uefa_nations_league_2026_27-2047912","2026-11-16T19:45:00Z","2026-11-16T19:44:59Z","resolved","available","none","available","fitted","elo_diff","xgf_ewma_diffmissing_or_zero_variance|xga_ewma_diffmissing_or_zero_variance|xgd_ewma_diffmissing_or_zero_variance|form_index_diff","407a3e3d7ba5329021874a370aeae303669c5fe1afb2095be799b730a484f99f","phase14-open-nb-incumbent-calibrated-v1","0e89c2948c77b348c5b6d3832cf6d4e7721ca7794f8f68f857d6ae82b9fe7d50","/Users/davidzenz/R/xGelo/outputs/releases/phase14-open-nb-incumbent-calibrated-v1/release_manifest.csv","fc9a617e48969b5d524f9994bccb31de0cb028829b4c58a1999b77cf12c5a990","open_nb_incumbent","c65a4f90477e5b799e234d1a313ff333f6cce12cfc08de93e342d7718c252ff8","vector_w400_p0p010","be1392fd4b9fbfe747ea90c89a17413f72459d8ff708d6d80d1bf086973eb51e","2024-07-14","phase14-calibration-remediation-gate-v2","6eab1b1aa4998738a1ef021c74981d6489ca6a615ebbfcaafd35d781d735b852","2026-06-10","elo_ratings","2026-07-19T00:00:00Z","inactive_optional_unavailable","national_team_xg_sources.csv",0,"2026-11-12T19:44:59Z","inactive_optional_unavailable:no_accepted_national_team_xg_source","nl-2026-27-official-uefa-v2","e9c9b5c5d0487ef49581c50bac6ed2847ee7d40bbf67a909b49a02145df8f376",6,"4dcbff6678a9bfe52301e9d581d51420e42d2cfbd6e1df0feda98a2572005321","uefa-nations-league-2026-27-v1","450962da0b9b12c3a84a1de98b75ae98f6358ea8068c4a02e248315cf4280b15","a8fafc601e4f04d797eeda7d13cc1cbfc0ea83657971385dcb04d134809c2083","0d4fa155bd77d1a8eb40e3dda1c25cfa22df2ecdea55fc9d2b00d27054be4d0d","2026-06-10T00:00:00Z","b34ce599dfbafd592d8950933001696d3ebce4bd0e2d940fb4b1a2ef72ce0870"
"uefa_nations_league_2026_27","uefa_nations_league_2026_27-2047913","uefa_nations_league_2026_27-2047913","2026-11-16T15:00:00Z","2026-11-16T14:59:59Z","resolved","available","none","available","fitted","elo_diff","xgf_ewma_diffmissing_or_zero_variance|xga_ewma_diffmissing_or_zero_variance|xgd_ewma_diffmissing_or_zero_variance|form_index_diff","407a3e3d7ba5329021874a370aeae303669c5fe1afb2095be799b730a484f99f","phase14-open-nb-incumbent-calibrated-v1","0e89c2948c77b348c5b6d3832cf6d4e7721ca7794f8f68f857d6ae82b9fe7d50","/Users/davidzenz/R/xGelo/outputs/releases/phase14-open-nb-incumbent-calibrated-v1/release_manifest.csv","fc9a617e48969b5d524f9994bccb31de0cb028829b4c58a1999b77cf12c5a990","open_nb_incumbent","c65a4f90477e5b799e234d1a313ff333f6cce12cfc08de93e342d7718c252ff8","vector_w400_p0p010","be1392fd4b9fbfe747ea90c89a17413f72459d8ff708d6d80d1bf086973eb51e","2024-07-14","phase14-calibration-remediation-gate-v2","6eab1b1aa4998738a1ef021c74981d6489ca6a615ebbfcaafd35d781d735b852","2026-06-10","elo_ratings","2026-07-19T00:00:00Z","inactive_optional_unavailable","national_team_xg_sources.csv",0,"2026-11-12T19:44:59Z","inactive_optional_unavailable:no_accepted_national_team_xg_source","nl-2026-27-official-uefa-v2","e9c9b5c5d0487ef49581c50bac6ed2847ee7d40bbf67a909b49a02145df8f376",6,"4dcbff6678a9bfe52301e9d581d51420e42d2cfbd6e1df0feda98a2572005321","uefa-nations-league-2026-27-v1","450962da0b9b12c3a84a1de98b75ae98f6358ea8068c4a02e248315cf4280b15","a8fafc601e4f04d797eeda7d13cc1cbfc0ea83657971385dcb04d134809c2083","0d4fa155bd77d1a8eb40e3dda1c25cfa22df2ecdea55fc9d2b00d27054be4d0d","2026-06-10T00:00:00Z","d7b46fed3b9cb4dd37ef7488b4f438612a423fe6d4408512c54ce2435197feb6"
"uefa_nations_league_2026_27","uefa_nations_league_2026_27-2047914","uefa_nations_league_2026_27-2047914","2026-11-16T19:45:00Z","2026-11-16T19:44:59Z","resolved","available","none","available","fitted","elo_diff","xgf_ewma_diffmissing_or_zero_variance|xga_ewma_diffmissing_or_zero_variance|xgd_ewma_diffmissing_or_zero_variance|form_index_diff","407a3e3d7ba5329021874a370aeae303669c5fe1afb2095be799b730a484f99f","phase14-open-nb-incumbent-calibrated-v1","0e89c2948c77b348c5b6d3832cf6d4e7721ca7794f8f68f857d6ae82b9fe7d50","/Users/davidzenz/R/xGelo/outputs/releases/phase14-open-nb-incumbent-calibrated-v1/release_manifest.csv","fc9a617e48969b5d524f9994bccb31de0cb028829b4c58a1999b77cf12c5a990","open_nb_incumbent","c65a4f90477e5b799e234d1a313ff333f6cce12cfc08de93e342d7718c252ff8","vector_w400_p0p010","be1392fd4b9fbfe747ea90c89a17413f72459d8ff708d6d80d1bf086973eb51e","2024-07-14","phase14-calibration-remediation-gate-v2","6eab1b1aa4998738a1ef021c74981d6489ca6a615ebbfcaafd35d781d735b852","2026-06-10","elo_ratings","2026-07-19T00:00:00Z","inactive_optional_unavailable","national_team_xg_sources.csv",0,"2026-11-12T19:44:59Z","inactive_optional_unavailable:no_accepted_national_team_xg_source","nl-2026-27-official-uefa-v2","e9c9b5c5d0487ef49581c50bac6ed2847ee7d40bbf67a909b49a02145df8f376",6,"4dcbff6678a9bfe52301e9d581d51420e42d2cfbd6e1df0feda98a2572005321","uefa-nations-league-2026-27-v1","450962da0b9b12c3a84a1de98b75ae98f6358ea8068c4a02e248315cf4280b15","a8fafc601e4f04d797eeda7d13cc1cbfc0ea83657971385dcb04d134809c2083","0d4fa155bd77d1a8eb40e3dda1c25cfa22df2ecdea55fc9d2b00d27054be4d0d","2026-06-10T00:00:00Z","d76f1fd0b15e02af18805f870b5dc5fe7de0dd3daa585baab9a3054440b7dada"
"uefa_nations_league_2026_27","uefa_nations_league_2026_27-2047915","uefa_nations_league_2026_27-2047915","2026-11-16T19:45:00Z","2026-11-16T19:44:59Z","resolved","available","none","available","fitted","elo_diff","xgf_ewma_diffmissing_or_zero_variance|xga_ewma_diffmissing_or_zero_variance|xgd_ewma_diffmissing_or_zero_variance|form_index_diff","407a3e3d7ba5329021874a370aeae303669c5fe1afb2095be799b730a484f99f","phase14-open-nb-incumbent-calibrated-v1","0e89c2948c77b348c5b6d3832cf6d4e7721ca7794f8f68f857d6ae82b9fe7d50","/Users/davidzenz/R/xGelo/outputs/releases/phase14-open-nb-incumbent-calibrated-v1/release_manifest.csv","fc9a617e48969b5d524f9994bccb31de0cb028829b4c58a1999b77cf12c5a990","open_nb_incumbent","c65a4f90477e5b799e234d1a313ff333f6cce12cfc08de93e342d7718c252ff8","vector_w400_p0p010","be1392fd4b9fbfe747ea90c89a17413f72459d8ff708d6d80d1bf086973eb51e","2024-07-14","phase14-calibration-remediation-gate-v2","6eab1b1aa4998738a1ef021c74981d6489ca6a615ebbfcaafd35d781d735b852","2026-06-10","elo_ratings","2026-07-19T00:00:00Z","inactive_optional_unavailable","national_team_xg_sources.csv",0,"2026-11-12T19:44:59Z","inactive_optional_unavailable:no_accepted_national_team_xg_source","nl-2026-27-official-uefa-v2","e9c9b5c5d0487ef49581c50bac6ed2847ee7d40bbf67a909b49a02145df8f376",6,"4dcbff6678a9bfe52301e9d581d51420e42d2cfbd6e1df0feda98a2572005321","uefa-nations-league-2026-27-v1","450962da0b9b12c3a84a1de98b75ae98f6358ea8068c4a02e248315cf4280b15","a8fafc601e4f04d797eeda7d13cc1cbfc0ea83657971385dcb04d134809c2083","0d4fa155bd77d1a8eb40e3dda1c25cfa22df2ecdea55fc9d2b00d27054be4d0d","2026-06-10T00:00:00Z","8d317e3ca7d2337320d58790bd9aac929756a4e9a742e4c89aec8d45a8bef6ea"
"uefa_nations_league_2026_27","uefa_nations_league_2026_27-2047916","uefa_nations_league_2026_27-2047916","2026-11-17T19:45:00Z","2026-11-17T19:44:59Z","resolved","available","none","available","fitted","elo_diff","xgf_ewma_diffmissing_or_zero_variance|xga_ewma_diffmissing_or_zero_variance|xgd_ewma_diffmissing_or_zero_variance|form_index_diff","407a3e3d7ba5329021874a370aeae303669c5fe1afb2095be799b730a484f99f","phase14-open-nb-incumbent-calibrated-v1","0e89c2948c77b348c5b6d3832cf6d4e7721ca7794f8f68f857d6ae82b9fe7d50","/Users/davidzenz/R/xGelo/outputs/releases/phase14-open-nb-incumbent-calibrated-v1/release_manifest.csv","fc9a617e48969b5d524f9994bccb31de0cb028829b4c58a1999b77cf12c5a990","open_nb_incumbent","c65a4f90477e5b799e234d1a313ff333f6cce12cfc08de93e342d7718c252ff8","vector_w400_p0p010","be1392fd4b9fbfe747ea90c89a17413f72459d8ff708d6d80d1bf086973eb51e","2024-07-14","phase14-calibration-remediation-gate-v2","6eab1b1aa4998738a1ef021c74981d6489ca6a615ebbfcaafd35d781d735b852","2026-06-10","elo_ratings","2026-07-19T00:00:00Z","inactive_optional_unavailable","national_team_xg_sources.csv",0,"2026-11-12T19:44:59Z","inactive_optional_unavailable:no_accepted_national_team_xg_source","nl-2026-27-official-uefa-v2","e9c9b5c5d0487ef49581c50bac6ed2847ee7d40bbf67a909b49a02145df8f376",6,"4dcbff6678a9bfe52301e9d581d51420e42d2cfbd6e1df0feda98a2572005321","uefa-nations-league-2026-27-v1","450962da0b9b12c3a84a1de98b75ae98f6358ea8068c4a02e248315cf4280b15","a8fafc601e4f04d797eeda7d13cc1cbfc0ea83657971385dcb04d134809c2083","0d4fa155bd77d1a8eb40e3dda1c25cfa22df2ecdea55fc9d2b00d27054be4d0d","2026-06-10T00:00:00Z","044bd4013f14b43a80d897f1d5117c7e07e9e865b44079ec283faf09c5ad8085"
"uefa_nations_league_2026_27","uefa_nations_league_2026_27-2047917","uefa_nations_league_2026_27-2047917","2026-11-17T19:45:00Z","2026-11-17T19:44:59Z","resolved","available","none","available","fitted","elo_diff","xgf_ewma_diffmissing_or_zero_variance|xga_ewma_diffmissing_or_zero_variance|xgd_ewma_diffmissing_or_zero_variance|form_index_diff","407a3e3d7ba5329021874a370aeae303669c5fe1afb2095be799b730a484f99f","phase14-open-nb-incumbent-calibrated-v1","0e89c2948c77b348c5b6d3832cf6d4e7721ca7794f8f68f857d6ae82b9fe7d50","/Users/davidzenz/R/xGelo/outputs/releases/phase14-open-nb-incumbent-calibrated-v1/release_manifest.csv","fc9a617e48969b5d524f9994bccb31de0cb028829b4c58a1999b77cf12c5a990","open_nb_incumbent","c65a4f90477e5b799e234d1a313ff333f6cce12cfc08de93e342d7718c252ff8","vector_w400_p0p010","be1392fd4b9fbfe747ea90c89a17413f72459d8ff708d6d80d1bf086973eb51e","2024-07-14","phase14-calibration-remediation-gate-v2","6eab1b1aa4998738a1ef021c74981d6489ca6a615ebbfcaafd35d781d735b852","2026-06-10","elo_ratings","2026-07-19T00:00:00Z","inactive_optional_unavailable","national_team_xg_sources.csv",0,"2026-11-12T19:44:59Z","inactive_optional_unavailable:no_accepted_national_team_xg_source","nl-2026-27-official-uefa-v2","e9c9b5c5d0487ef49581c50bac6ed2847ee7d40bbf67a909b49a02145df8f376",6,"4dcbff6678a9bfe52301e9d581d51420e42d2cfbd6e1df0feda98a2572005321","uefa-nations-league-2026-27-v1","450962da0b9b12c3a84a1de98b75ae98f6358ea8068c4a02e248315cf4280b15","a8fafc601e4f04d797eeda7d13cc1cbfc0ea83657971385dcb04d134809c2083","0d4fa155bd77d1a8eb40e3dda1c25cfa22df2ecdea55fc9d2b00d27054be4d0d","2026-06-10T00:00:00Z","2247fa734ba319e81970dc56222ab921ac56c7910cad4a6e5653fc46333722b7"
"uefa_nations_league_2026_27","uefa_nations_league_2026_27-2047918","uefa_nations_league_2026_27-2047918","2026-11-17T19:45:00Z","2026-11-17T19:44:59Z","resolved","available","none","available","fitted","elo_diff","xgf_ewma_diffmissing_or_zero_variance|xga_ewma_diffmissing_or_zero_variance|xgd_ewma_diffmissing_or_zero_variance|form_index_diff","407a3e3d7ba5329021874a370aeae303669c5fe1afb2095be799b730a484f99f","phase14-open-nb-incumbent-calibrated-v1","0e89c2948c77b348c5b6d3832cf6d4e7721ca7794f8f68f857d6ae82b9fe7d50","/Users/davidzenz/R/xGelo/outputs/releases/phase14-open-nb-incumbent-calibrated-v1/release_manifest.csv","fc9a617e48969b5d524f9994bccb31de0cb028829b4c58a1999b77cf12c5a990","open_nb_incumbent","c65a4f90477e5b799e234d1a313ff333f6cce12cfc08de93e342d7718c252ff8","vector_w400_p0p010","be1392fd4b9fbfe747ea90c89a17413f72459d8ff708d6d80d1bf086973eb51e","2024-07-14","phase14-calibration-remediation-gate-v2","6eab1b1aa4998738a1ef021c74981d6489ca6a615ebbfcaafd35d781d735b852","2026-06-10","elo_ratings","2026-07-19T00:00:00Z","inactive_optional_unavailable","national_team_xg_sources.csv",0,"2026-11-12T19:44:59Z","inactive_optional_unavailable:no_accepted_national_team_xg_source","nl-2026-27-official-uefa-v2","e9c9b5c5d0487ef49581c50bac6ed2847ee7d40bbf67a909b49a02145df8f376",6,"4dcbff6678a9bfe52301e9d581d51420e42d2cfbd6e1df0feda98a2572005321","uefa-nations-league-2026-27-v1","450962da0b9b12c3a84a1de98b75ae98f6358ea8068c4a02e248315cf4280b15","a8fafc601e4f04d797eeda7d13cc1cbfc0ea83657971385dcb04d134809c2083","0d4fa155bd77d1a8eb40e3dda1c25cfa22df2ecdea55fc9d2b00d27054be4d0d","2026-06-10T00:00:00Z","03ee0ba8182e35d7c50afbbf8dad86d78eaa9b4270aa070bdd01368bc3134cde"
"uefa_nations_league_2026_27","uefa_nations_league_2026_27-2047919","uefa_nations_league_2026_27-2047919","2026-11-17T19:45:00Z","2026-11-17T19:44:59Z","resolved","available","none","available","fitted","elo_diff","xgf_ewma_diffmissing_or_zero_variance|xga_ewma_diffmissing_or_zero_variance|xgd_ewma_diffmissing_or_zero_variance|form_index_diff","407a3e3d7ba5329021874a370aeae303669c5fe1afb2095be799b730a484f99f","phase14-open-nb-incumbent-calibrated-v1","0e89c2948c77b348c5b6d3832cf6d4e7721ca7794f8f68f857d6ae82b9fe7d50","/Users/davidzenz/R/xGelo/outputs/releases/phase14-open-nb-incumbent-calibrated-v1/release_manifest.csv","fc9a617e48969b5d524f9994bccb31de0cb028829b4c58a1999b77cf12c5a990","open_nb_incumbent","c65a4f90477e5b799e234d1a313ff333f6cce12cfc08de93e342d7718c252ff8","vector_w400_p0p010","be1392fd4b9fbfe747ea90c89a17413f72459d8ff708d6d80d1bf086973eb51e","2024-07-14","phase14-calibration-remediation-gate-v2","6eab1b1aa4998738a1ef021c74981d6489ca6a615ebbfcaafd35d781d735b852","2026-06-10","elo_ratings","2026-07-19T00:00:00Z","inactive_optional_unavailable","national_team_xg_sources.csv",0,"2026-11-12T19:44:59Z","inactive_optional_unavailable:no_accepted_national_team_xg_source","nl-2026-27-official-uefa-v2","e9c9b5c5d0487ef49581c50bac6ed2847ee7d40bbf67a909b49a02145df8f376",6,"4dcbff6678a9bfe52301e9d581d51420e42d2cfbd6e1df0feda98a2572005321","uefa-nations-league-2026-27-v1","450962da0b9b12c3a84a1de98b75ae98f6358ea8068c4a02e248315cf4280b15","a8fafc601e4f04d797eeda7d13cc1cbfc0ea83657971385dcb04d134809c2083","0d4fa155bd77d1a8eb40e3dda1c25cfa22df2ecdea55fc9d2b00d27054be4d0d","2026-06-10T00:00:00Z","e04ee045b0ee0adac8f81bffb584ff9600afd8bc0a5af4c66279cf542db70f00"
"uefa_nations_league_2026_27","uefa_nations_league_2026_27-2047920","uefa_nations_league_2026_27-2047920","2026-11-17T19:45:00Z","2026-11-17T19:44:59Z","resolved","available","none","available","fitted","elo_diff","xgf_ewma_diffmissing_or_zero_variance|xga_ewma_diffmissing_or_zero_variance|xgd_ewma_diffmissing_or_zero_variance|form_index_diff","407a3e3d7ba5329021874a370aeae303669c5fe1afb2095be799b730a484f99f","phase14-open-nb-incumbent-calibrated-v1","0e89c2948c77b348c5b6d3832cf6d4e7721ca7794f8f68f857d6ae82b9fe7d50","/Users/davidzenz/R/xGelo/outputs/releases/phase14-open-nb-incumbent-calibrated-v1/release_manifest.csv","fc9a617e48969b5d524f9994bccb31de0cb028829b4c58a1999b77cf12c5a990","open_nb_incumbent","c65a4f90477e5b799e234d1a313ff333f6cce12cfc08de93e342d7718c252ff8","vector_w400_p0p010","be1392fd4b9fbfe747ea90c89a17413f72459d8ff708d6d80d1bf086973eb51e","2024-07-14","phase14-calibration-remediation-gate-v2","6eab1b1aa4998738a1ef021c74981d6489ca6a615ebbfcaafd35d781d735b852","2026-06-10","elo_ratings","2026-07-19T00:00:00Z","inactive_optional_unavailable","national_team_xg_sources.csv",0,"2026-11-12T19:44:59Z","inactive_optional_unavailable:no_accepted_national_team_xg_source","nl-2026-27-official-uefa-v2","e9c9b5c5d0487ef49581c50bac6ed2847ee7d40bbf67a909b49a02145df8f376",6,"4dcbff6678a9bfe52301e9d581d51420e42d2cfbd6e1df0feda98a2572005321","uefa-nations-league-2026-27-v1","450962da0b9b12c3a84a1de98b75ae98f6358ea8068c4a02e248315cf4280b15","a8fafc601e4f04d797eeda7d13cc1cbfc0ea83657971385dcb04d134809c2083","0d4fa155bd77d1a8eb40e3dda1c25cfa22df2ecdea55fc9d2b00d27054be4d0d","2026-06-10T00:00:00Z","4e66cca4cc6765f0b4989bcf7afa46559bad50c12001d2b0750c9450c5a2f5d3"
"uefa_nations_league_2026_27","uefa_nations_league_2026_27-2047921","uefa_nations_league_2026_27-2047921","2026-11-17T19:45:00Z","2026-11-17T19:44:59Z","resolved","available","none","available","fitted","elo_diff","xgf_ewma_diffmissing_or_zero_variance|xga_ewma_diffmissing_or_zero_variance|xgd_ewma_diffmissing_or_zero_variance|form_index_diff","407a3e3d7ba5329021874a370aeae303669c5fe1afb2095be799b730a484f99f","phase14-open-nb-incumbent-calibrated-v1","0e89c2948c77b348c5b6d3832cf6d4e7721ca7794f8f68f857d6ae82b9fe7d50","/Users/davidzenz/R/xGelo/outputs/releases/phase14-open-nb-incumbent-calibrated-v1/release_manifest.csv","fc9a617e48969b5d524f9994bccb31de0cb028829b4c58a1999b77cf12c5a990","open_nb_incumbent","c65a4f90477e5b799e234d1a313ff333f6cce12cfc08de93e342d7718c252ff8","vector_w400_p0p010","be1392fd4b9fbfe747ea90c89a17413f72459d8ff708d6d80d1bf086973eb51e","2024-07-14","phase14-calibration-remediation-gate-v2","6eab1b1aa4998738a1ef021c74981d6489ca6a615ebbfcaafd35d781d735b852","2026-06-10","elo_ratings","2026-07-19T00:00:00Z","inactive_optional_unavailable","national_team_xg_sources.csv",0,"2026-11-12T19:44:59Z","inactive_optional_unavailable:no_accepted_national_team_xg_source","nl-2026-27-official-uefa-v2","e9c9b5c5d0487ef49581c50bac6ed2847ee7d40bbf67a909b49a02145df8f376",6,"4dcbff6678a9bfe52301e9d581d51420e42d2cfbd6e1df0feda98a2572005321","uefa-nations-league-2026-27-v1","450962da0b9b12c3a84a1de98b75ae98f6358ea8068c4a02e248315cf4280b15","a8fafc601e4f04d797eeda7d13cc1cbfc0ea83657971385dcb04d134809c2083","0d4fa155bd77d1a8eb40e3dda1c25cfa22df2ecdea55fc9d2b00d27054be4d0d","2026-06-10T00:00:00Z","11212f3ea29e4f3da8788a3721d4875236ca8d5136daf2f4fff42c7b5e75c48d"
"uefa_nations_league_2026_27","uefa_nations_league_2026_27-2047922","uefa_nations_league_2026_27-2047922","2026-11-17T19:45:00Z","2026-11-17T19:44:59Z","resolved","available","none","available","fitted","elo_diff","xgf_ewma_diffmissing_or_zero_variance|xga_ewma_diffmissing_or_zero_variance|xgd_ewma_diffmissing_or_zero_variance|form_index_diff","407a3e3d7ba5329021874a370aeae303669c5fe1afb2095be799b730a484f99f","phase14-open-nb-incumbent-calibrated-v1","0e89c2948c77b348c5b6d3832cf6d4e7721ca7794f8f68f857d6ae82b9fe7d50","/Users/davidzenz/R/xGelo/outputs/releases/phase14-open-nb-incumbent-calibrated-v1/release_manifest.csv","fc9a617e48969b5d524f9994bccb31de0cb028829b4c58a1999b77cf12c5a990","open_nb_incumbent","c65a4f90477e5b799e234d1a313ff333f6cce12cfc08de93e342d7718c252ff8","vector_w400_p0p010","be1392fd4b9fbfe747ea90c89a17413f72459d8ff708d6d80d1bf086973eb51e","2024-07-14","phase14-calibration-remediation-gate-v2","6eab1b1aa4998738a1ef021c74981d6489ca6a615ebbfcaafd35d781d735b852","2026-06-10","elo_ratings","2026-07-19T00:00:00Z","inactive_optional_unavailable","national_team_xg_sources.csv",0,"2026-11-12T19:44:59Z","inactive_optional_unavailable:no_accepted_national_team_xg_source","nl-2026-27-official-uefa-v2","e9c9b5c5d0487ef49581c50bac6ed2847ee7d40bbf67a909b49a02145df8f376",6,"4dcbff6678a9bfe52301e9d581d51420e42d2cfbd6e1df0feda98a2572005321","uefa-nations-league-2026-27-v1","450962da0b9b12c3a84a1de98b75ae98f6358ea8068c4a02e248315cf4280b15","a8fafc601e4f04d797eeda7d13cc1cbfc0ea83657971385dcb04d134809c2083","0d4fa155bd77d1a8eb40e3dda1c25cfa22df2ecdea55fc9d2b00d27054be4d0d","2026-06-10T00:00:00Z","90498500df9a089e008f0a92a3a34a85b965abed34018fc22a8ae01e9298e27e"
"uefa_nations_league_2026_27","uefa_nations_league_2026_27-2047923","uefa_nations_league_2026_27-2047923","2026-11-17T19:45:00Z","2026-11-17T19:44:59Z","resolved","available","none","available","fitted","elo_diff","xgf_ewma_diffmissing_or_zero_variance|xga_ewma_diffmissing_or_zero_variance|xgd_ewma_diffmissing_or_zero_variance|form_index_diff","407a3e3d7ba5329021874a370aeae303669c5fe1afb2095be799b730a484f99f","phase14-open-nb-incumbent-calibrated-v1","0e89c2948c77b348c5b6d3832cf6d4e7721ca7794f8f68f857d6ae82b9fe7d50","/Users/davidzenz/R/xGelo/outputs/releases/phase14-open-nb-incumbent-calibrated-v1/release_manifest.csv","fc9a617e48969b5d524f9994bccb31de0cb028829b4c58a1999b77cf12c5a990","open_nb_incumbent","c65a4f90477e5b799e234d1a313ff333f6cce12cfc08de93e342d7718c252ff8","vector_w400_p0p010","be1392fd4b9fbfe747ea90c89a17413f72459d8ff708d6d80d1bf086973eb51e","2024-07-14","phase14-calibration-remediation-gate-v2","6eab1b1aa4998738a1ef021c74981d6489ca6a615ebbfcaafd35d781d735b852","2026-06-10","elo_ratings","2026-07-19T00:00:00Z","inactive_optional_unavailable","national_team_xg_sources.csv",0,"2026-11-12T19:44:59Z","inactive_optional_unavailable:no_accepted_national_team_xg_source","nl-2026-27-official-uefa-v2","e9c9b5c5d0487ef49581c50bac6ed2847ee7d40bbf67a909b49a02145df8f376",6,"4dcbff6678a9bfe52301e9d581d51420e42d2cfbd6e1df0feda98a2572005321","uefa-nations-league-2026-27-v1","450962da0b9b12c3a84a1de98b75ae98f6358ea8068c4a02e248315cf4280b15","a8fafc601e4f04d797eeda7d13cc1cbfc0ea83657971385dcb04d134809c2083","0d4fa155bd77d1a8eb40e3dda1c25cfa22df2ecdea55fc9d2b00d27054be4d0d","2026-06-10T00:00:00Z","3b706b10b6160277023bc896c513c9054752d49756fbbe7de19965049e9a73c9"
"uefa_nations_league_2026_27","uefa_nations_league_2026_27-2047924","uefa_nations_league_2026_27-2047924","2026-10-04T18:45:00Z","2026-10-04T18:44:59Z","resolved","available","none","available","fitted","elo_diff","xgf_ewma_diffmissing_or_zero_variance|xga_ewma_diffmissing_or_zero_variance|xgd_ewma_diffmissing_or_zero_variance|form_index_diff","407a3e3d7ba5329021874a370aeae303669c5fe1afb2095be799b730a484f99f","phase14-open-nb-incumbent-calibrated-v1","0e89c2948c77b348c5b6d3832cf6d4e7721ca7794f8f68f857d6ae82b9fe7d50","/Users/davidzenz/R/xGelo/outputs/releases/phase14-open-nb-incumbent-calibrated-v1/release_manifest.csv","fc9a617e48969b5d524f9994bccb31de0cb028829b4c58a1999b77cf12c5a990","open_nb_incumbent","c65a4f90477e5b799e234d1a313ff333f6cce12cfc08de93e342d7718c252ff8","vector_w400_p0p010","be1392fd4b9fbfe747ea90c89a17413f72459d8ff708d6d80d1bf086973eb51e","2024-07-14","phase14-calibration-remediation-gate-v2","6eab1b1aa4998738a1ef021c74981d6489ca6a615ebbfcaafd35d781d735b852","2026-06-10","elo_ratings","2026-07-19T00:00:00Z","inactive_optional_unavailable","national_team_xg_sources.csv",0,"2026-11-12T19:44:59Z","inactive_optional_unavailable:no_accepted_national_team_xg_source","nl-2026-27-official-uefa-v2","e9c9b5c5d0487ef49581c50bac6ed2847ee7d40bbf67a909b49a02145df8f376",6,"4dcbff6678a9bfe52301e9d581d51420e42d2cfbd6e1df0feda98a2572005321","uefa-nations-league-2026-27-v1","450962da0b9b12c3a84a1de98b75ae98f6358ea8068c4a02e248315cf4280b15","a8fafc601e4f04d797eeda7d13cc1cbfc0ea83657971385dcb04d134809c2083","0d4fa155bd77d1a8eb40e3dda1c25cfa22df2ecdea55fc9d2b00d27054be4d0d","2026-06-10T00:00:00Z","bef565d44b237541b1a53c40436f7f6dc41b61f9920661274fd56adb68d091c5"
"uefa_nations_league_2026_27","uefa_nations_league_2026_27-2047925","uefa_nations_league_2026_27-2047925","2026-10-04T18:45:00Z","2026-10-04T18:44:59Z","resolved","available","none","available","fitted","elo_diff","xgf_ewma_diffmissing_or_zero_variance|xga_ewma_diffmissing_or_zero_variance|xgd_ewma_diffmissing_or_zero_variance|form_index_diff","407a3e3d7ba5329021874a370aeae303669c5fe1afb2095be799b730a484f99f","phase14-open-nb-incumbent-calibrated-v1","0e89c2948c77b348c5b6d3832cf6d4e7721ca7794f8f68f857d6ae82b9fe7d50","/Users/davidzenz/R/xGelo/outputs/releases/phase14-open-nb-incumbent-calibrated-v1/release_manifest.csv","fc9a617e48969b5d524f9994bccb31de0cb028829b4c58a1999b77cf12c5a990","open_nb_incumbent","c65a4f90477e5b799e234d1a313ff333f6cce12cfc08de93e342d7718c252ff8","vector_w400_p0p010","be1392fd4b9fbfe747ea90c89a17413f72459d8ff708d6d80d1bf086973eb51e","2024-07-14","phase14-calibration-remediation-gate-v2","6eab1b1aa4998738a1ef021c74981d6489ca6a615ebbfcaafd35d781d735b852","2026-06-10","elo_ratings","2026-07-19T00:00:00Z","inactive_optional_unavailable","national_team_xg_sources.csv",0,"2026-11-12T19:44:59Z","inactive_optional_unavailable:no_accepted_national_team_xg_source","nl-2026-27-official-uefa-v2","e9c9b5c5d0487ef49581c50bac6ed2847ee7d40bbf67a909b49a02145df8f376",6,"4dcbff6678a9bfe52301e9d581d51420e42d2cfbd6e1df0feda98a2572005321","uefa-nations-league-2026-27-v1","450962da0b9b12c3a84a1de98b75ae98f6358ea8068c4a02e248315cf4280b15","a8fafc601e4f04d797eeda7d13cc1cbfc0ea83657971385dcb04d134809c2083","0d4fa155bd77d1a8eb40e3dda1c25cfa22df2ecdea55fc9d2b00d27054be4d0d","2026-06-10T00:00:00Z","5029901c7b6416fee5c0831a9422f2e7807cb8b1a9aea9c3f6181d0cef5d6bd0"
"uefa_nations_league_2026_27","uefa_nations_league_2026_27-2047926","uefa_nations_league_2026_27-2047926","2026-10-04T18:45:00Z","2026-10-04T18:44:59Z","resolved","available","none","available","fitted","elo_diff","xgf_ewma_diffmissing_or_zero_variance|xga_ewma_diffmissing_or_zero_variance|xgd_ewma_diffmissing_or_zero_variance|form_index_diff","407a3e3d7ba5329021874a370aeae303669c5fe1afb2095be799b730a484f99f","phase14-open-nb-incumbent-calibrated-v1","0e89c2948c77b348c5b6d3832cf6d4e7721ca7794f8f68f857d6ae82b9fe7d50","/Users/davidzenz/R/xGelo/outputs/releases/phase14-open-nb-incumbent-calibrated-v1/release_manifest.csv","fc9a617e48969b5d524f9994bccb31de0cb028829b4c58a1999b77cf12c5a990","open_nb_incumbent","c65a4f90477e5b799e234d1a313ff333f6cce12cfc08de93e342d7718c252ff8","vector_w400_p0p010","be1392fd4b9fbfe747ea90c89a17413f72459d8ff708d6d80d1bf086973eb51e","2024-07-14","phase14-calibration-remediation-gate-v2","6eab1b1aa4998738a1ef021c74981d6489ca6a615ebbfcaafd35d781d735b852","2026-06-10","elo_ratings","2026-07-19T00:00:00Z","inactive_optional_unavailable","national_team_xg_sources.csv",0,"2026-11-12T19:44:59Z","inactive_optional_unavailable:no_accepted_national_team_xg_source","nl-2026-27-official-uefa-v2","e9c9b5c5d0487ef49581c50bac6ed2847ee7d40bbf67a909b49a02145df8f376",6,"4dcbff6678a9bfe52301e9d581d51420e42d2cfbd6e1df0feda98a2572005321","uefa-nations-league-2026-27-v1","450962da0b9b12c3a84a1de98b75ae98f6358ea8068c4a02e248315cf4280b15","a8fafc601e4f04d797eeda7d13cc1cbfc0ea83657971385dcb04d134809c2083","0d4fa155bd77d1a8eb40e3dda1c25cfa22df2ecdea55fc9d2b00d27054be4d0d","2026-06-10T00:00:00Z","53a6090a1312420f820650f3ca3e46acaecbbf04b07e5f5162d81d650f4e2c28"
"uefa_nations_league_2026_27","uefa_nations_league_2026_27-2047927","uefa_nations_league_2026_27-2047927","2026-10-04T16:00:00Z","2026-10-04T15:59:59Z","resolved","available","none","available","fitted","elo_diff","xgf_ewma_diffmissing_or_zero_variance|xga_ewma_diffmissing_or_zero_variance|xgd_ewma_diffmissing_or_zero_variance|form_index_diff","407a3e3d7ba5329021874a370aeae303669c5fe1afb2095be799b730a484f99f","phase14-open-nb-incumbent-calibrated-v1","0e89c2948c77b348c5b6d3832cf6d4e7721ca7794f8f68f857d6ae82b9fe7d50","/Users/davidzenz/R/xGelo/outputs/releases/phase14-open-nb-incumbent-calibrated-v1/release_manifest.csv","fc9a617e48969b5d524f9994bccb31de0cb028829b4c58a1999b77cf12c5a990","open_nb_incumbent","c65a4f90477e5b799e234d1a313ff333f6cce12cfc08de93e342d7718c252ff8","vector_w400_p0p010","be1392fd4b9fbfe747ea90c89a17413f72459d8ff708d6d80d1bf086973eb51e","2024-07-14","phase14-calibration-remediation-gate-v2","6eab1b1aa4998738a1ef021c74981d6489ca6a615ebbfcaafd35d781d735b852","2026-06-10","elo_ratings","2026-07-19T00:00:00Z","inactive_optional_unavailable","national_team_xg_sources.csv",0,"2026-11-12T19:44:59Z","inactive_optional_unavailable:no_accepted_national_team_xg_source","nl-2026-27-official-uefa-v2","e9c9b5c5d0487ef49581c50bac6ed2847ee7d40bbf67a909b49a02145df8f376",6,"4dcbff6678a9bfe52301e9d581d51420e42d2cfbd6e1df0feda98a2572005321","uefa-nations-league-2026-27-v1","450962da0b9b12c3a84a1de98b75ae98f6358ea8068c4a02e248315cf4280b15","a8fafc601e4f04d797eeda7d13cc1cbfc0ea83657971385dcb04d134809c2083","0d4fa155bd77d1a8eb40e3dda1c25cfa22df2ecdea55fc9d2b00d27054be4d0d","2026-06-10T00:00:00Z","ef8d0af2067a9ff0be1d50beea4d2e30910708db414e0739e79520fc1c2e6b7b"
"uefa_nations_league_2026_27","uefa_nations_league_2026_27-2047928","uefa_nations_league_2026_27-2047928","2026-10-04T16:00:00Z","2026-10-04T15:59:59Z","resolved","available","none","available","fitted","elo_diff","xgf_ewma_diffmissing_or_zero_variance|xga_ewma_diffmissing_or_zero_variance|xgd_ewma_diffmissing_or_zero_variance|form_index_diff","407a3e3d7ba5329021874a370aeae303669c5fe1afb2095be799b730a484f99f","phase14-open-nb-incumbent-calibrated-v1","0e89c2948c77b348c5b6d3832cf6d4e7721ca7794f8f68f857d6ae82b9fe7d50","/Users/davidzenz/R/xGelo/outputs/releases/phase14-open-nb-incumbent-calibrated-v1/release_manifest.csv","fc9a617e48969b5d524f9994bccb31de0cb028829b4c58a1999b77cf12c5a990","open_nb_incumbent","c65a4f90477e5b799e234d1a313ff333f6cce12cfc08de93e342d7718c252ff8","vector_w400_p0p010","be1392fd4b9fbfe747ea90c89a17413f72459d8ff708d6d80d1bf086973eb51e","2024-07-14","phase14-calibration-remediation-gate-v2","6eab1b1aa4998738a1ef021c74981d6489ca6a615ebbfcaafd35d781d735b852","2026-06-10","elo_ratings","2026-07-19T00:00:00Z","inactive_optional_unavailable","national_team_xg_sources.csv",0,"2026-11-12T19:44:59Z","inactive_optional_unavailable:no_accepted_national_team_xg_source","nl-2026-27-official-uefa-v2","e9c9b5c5d0487ef49581c50bac6ed2847ee7d40bbf67a909b49a02145df8f376",6,"4dcbff6678a9bfe52301e9d581d51420e42d2cfbd6e1df0feda98a2572005321","uefa-nations-league-2026-27-v1","450962da0b9b12c3a84a1de98b75ae98f6358ea8068c4a02e248315cf4280b15","a8fafc601e4f04d797eeda7d13cc1cbfc0ea83657971385dcb04d134809c2083","0d4fa155bd77d1a8eb40e3dda1c25cfa22df2ecdea55fc9d2b00d27054be4d0d","2026-06-10T00:00:00Z","27cb267426fda037e213b41223b5f66ba7fe378911d648fa6b48bd1f78bfaf03"
"uefa_nations_league_2026_27","uefa_nations_league_2026_27-2047929","uefa_nations_league_2026_27-2047929","2026-10-04T18:45:00Z","2026-10-04T18:44:59Z","resolved","available","none","available","fitted","elo_diff","xgf_ewma_diffmissing_or_zero_variance|xga_ewma_diffmissing_or_zero_variance|xgd_ewma_diffmissing_or_zero_variance|form_index_diff","407a3e3d7ba5329021874a370aeae303669c5fe1afb2095be799b730a484f99f","phase14-open-nb-incumbent-calibrated-v1","0e89c2948c77b348c5b6d3832cf6d4e7721ca7794f8f68f857d6ae82b9fe7d50","/Users/davidzenz/R/xGelo/outputs/releases/phase14-open-nb-incumbent-calibrated-v1/release_manifest.csv","fc9a617e48969b5d524f9994bccb31de0cb028829b4c58a1999b77cf12c5a990","open_nb_incumbent","c65a4f90477e5b799e234d1a313ff333f6cce12cfc08de93e342d7718c252ff8","vector_w400_p0p010","be1392fd4b9fbfe747ea90c89a17413f72459d8ff708d6d80d1bf086973eb51e","2024-07-14","phase14-calibration-remediation-gate-v2","6eab1b1aa4998738a1ef021c74981d6489ca6a615ebbfcaafd35d781d735b852","2026-06-10","elo_ratings","2026-07-19T00:00:00Z","inactive_optional_unavailable","national_team_xg_sources.csv",0,"2026-11-12T19:44:59Z","inactive_optional_unavailable:no_accepted_national_team_xg_source","nl-2026-27-official-uefa-v2","e9c9b5c5d0487ef49581c50bac6ed2847ee7d40bbf67a909b49a02145df8f376",6,"4dcbff6678a9bfe52301e9d581d51420e42d2cfbd6e1df0feda98a2572005321","uefa-nations-league-2026-27-v1","450962da0b9b12c3a84a1de98b75ae98f6358ea8068c4a02e248315cf4280b15","a8fafc601e4f04d797eeda7d13cc1cbfc0ea83657971385dcb04d134809c2083","0d4fa155bd77d1a8eb40e3dda1c25cfa22df2ecdea55fc9d2b00d27054be4d0d","2026-06-10T00:00:00Z","941b74731eb13d9102d1594bce836cf87b5dd8718ff9cb1d716abd794b51d740"
"uefa_nations_league_2026_27","uefa_nations_league_2026_27-2047930","uefa_nations_league_2026_27-2047930","2026-10-04T18:45:00Z","2026-10-04T18:44:59Z","resolved","available","none","available","fitted","elo_diff","xgf_ewma_diffmissing_or_zero_variance|xga_ewma_diffmissing_or_zero_variance|xgd_ewma_diffmissing_or_zero_variance|form_index_diff","407a3e3d7ba5329021874a370aeae303669c5fe1afb2095be799b730a484f99f","phase14-open-nb-incumbent-calibrated-v1","0e89c2948c77b348c5b6d3832cf6d4e7721ca7794f8f68f857d6ae82b9fe7d50","/Users/davidzenz/R/xGelo/outputs/releases/phase14-open-nb-incumbent-calibrated-v1/release_manifest.csv","fc9a617e48969b5d524f9994bccb31de0cb028829b4c58a1999b77cf12c5a990","open_nb_incumbent","c65a4f90477e5b799e234d1a313ff333f6cce12cfc08de93e342d7718c252ff8","vector_w400_p0p010","be1392fd4b9fbfe747ea90c89a17413f72459d8ff708d6d80d1bf086973eb51e","2024-07-14","phase14-calibration-remediation-gate-v2","6eab1b1aa4998738a1ef021c74981d6489ca6a615ebbfcaafd35d781d735b852","2026-06-10","elo_ratings","2026-07-19T00:00:00Z","inactive_optional_unavailable","national_team_xg_sources.csv",0,"2026-11-12T19:44:59Z","inactive_optional_unavailable:no_accepted_national_team_xg_source","nl-2026-27-official-uefa-v2","e9c9b5c5d0487ef49581c50bac6ed2847ee7d40bbf67a909b49a02145df8f376",6,"4dcbff6678a9bfe52301e9d581d51420e42d2cfbd6e1df0feda98a2572005321","uefa-nations-league-2026-27-v1","450962da0b9b12c3a84a1de98b75ae98f6358ea8068c4a02e248315cf4280b15","a8fafc601e4f04d797eeda7d13cc1cbfc0ea83657971385dcb04d134809c2083","0d4fa155bd77d1a8eb40e3dda1c25cfa22df2ecdea55fc9d2b00d27054be4d0d","2026-06-10T00:00:00Z","fbe178b80ad81006262a6cf1265ac2e77f61e68c1698c187da56c025109f82ab"
"uefa_nations_league_2026_27","uefa_nations_league_2026_27-2047931","uefa_nations_league_2026_27-2047931","2026-10-04T13:00:00Z","2026-10-04T12:59:59Z","resolved","available","none","available","fitted","elo_diff","xgf_ewma_diffmissing_or_zero_variance|xga_ewma_diffmissing_or_zero_variance|xgd_ewma_diffmissing_or_zero_variance|form_index_diff","407a3e3d7ba5329021874a370aeae303669c5fe1afb2095be799b730a484f99f","phase14-open-nb-incumbent-calibrated-v1","0e89c2948c77b348c5b6d3832cf6d4e7721ca7794f8f68f857d6ae82b9fe7d50","/Users/davidzenz/R/xGelo/outputs/releases/phase14-open-nb-incumbent-calibrated-v1/release_manifest.csv","fc9a617e48969b5d524f9994bccb31de0cb028829b4c58a1999b77cf12c5a990","open_nb_incumbent","c65a4f90477e5b799e234d1a313ff333f6cce12cfc08de93e342d7718c252ff8","vector_w400_p0p010","be1392fd4b9fbfe747ea90c89a17413f72459d8ff708d6d80d1bf086973eb51e","2024-07-14","phase14-calibration-remediation-gate-v2","6eab1b1aa4998738a1ef021c74981d6489ca6a615ebbfcaafd35d781d735b852","2026-06-10","elo_ratings","2026-07-19T00:00:00Z","inactive_optional_unavailable","national_team_xg_sources.csv",0,"2026-11-12T19:44:59Z","inactive_optional_unavailable:no_accepted_national_team_xg_source","nl-2026-27-official-uefa-v2","e9c9b5c5d0487ef49581c50bac6ed2847ee7d40bbf67a909b49a02145df8f376",6,"4dcbff6678a9bfe52301e9d581d51420e42d2cfbd6e1df0feda98a2572005321","uefa-nations-league-2026-27-v1","450962da0b9b12c3a84a1de98b75ae98f6358ea8068c4a02e248315cf4280b15","a8fafc601e4f04d797eeda7d13cc1cbfc0ea83657971385dcb04d134809c2083","0d4fa155bd77d1a8eb40e3dda1c25cfa22df2ecdea55fc9d2b00d27054be4d0d","2026-06-10T00:00:00Z","e0fbe9a45c1d6d08b96dd09846db78f68d016b8f23c75471a1715af3b4f73ed5"
"uefa_nations_league_2026_27","uefa_nations_league_2026_27-2047932","uefa_nations_league_2026_27-2047932","2026-10-05T18:45:00Z","2026-10-05T18:44:59Z","resolved","available","none","available","fitted","elo_diff","xgf_ewma_diffmissing_or_zero_variance|xga_ewma_diffmissing_or_zero_variance|xgd_ewma_diffmissing_or_zero_variance|form_index_diff","407a3e3d7ba5329021874a370aeae303669c5fe1afb2095be799b730a484f99f","phase14-open-nb-incumbent-calibrated-v1","0e89c2948c77b348c5b6d3832cf6d4e7721ca7794f8f68f857d6ae82b9fe7d50","/Users/davidzenz/R/xGelo/outputs/releases/phase14-open-nb-incumbent-calibrated-v1/release_manifest.csv","fc9a617e48969b5d524f9994bccb31de0cb028829b4c58a1999b77cf12c5a990","open_nb_incumbent","c65a4f90477e5b799e234d1a313ff333f6cce12cfc08de93e342d7718c252ff8","vector_w400_p0p010","be1392fd4b9fbfe747ea90c89a17413f72459d8ff708d6d80d1bf086973eb51e","2024-07-14","phase14-calibration-remediation-gate-v2","6eab1b1aa4998738a1ef021c74981d6489ca6a615ebbfcaafd35d781d735b852","2026-06-10","elo_ratings","2026-07-19T00:00:00Z","inactive_optional_unavailable","national_team_xg_sources.csv",0,"2026-11-12T19:44:59Z","inactive_optional_unavailable:no_accepted_national_team_xg_source","nl-2026-27-official-uefa-v2","e9c9b5c5d0487ef49581c50bac6ed2847ee7d40bbf67a909b49a02145df8f376",6,"4dcbff6678a9bfe52301e9d581d51420e42d2cfbd6e1df0feda98a2572005321","uefa-nations-league-2026-27-v1","450962da0b9b12c3a84a1de98b75ae98f6358ea8068c4a02e248315cf4280b15","a8fafc601e4f04d797eeda7d13cc1cbfc0ea83657971385dcb04d134809c2083","0d4fa155bd77d1a8eb40e3dda1c25cfa22df2ecdea55fc9d2b00d27054be4d0d","2026-06-10T00:00:00Z","a6a3aca8f43d248b73acf8059e071c4bc9a192b87f6089363c9dbcda76bc2b69"
"uefa_nations_league_2026_27","uefa_nations_league_2026_27-2047933","uefa_nations_league_2026_27-2047933","2026-10-05T18:45:00Z","2026-10-05T18:44:59Z","resolved","available","none","available","fitted","elo_diff","xgf_ewma_diffmissing_or_zero_variance|xga_ewma_diffmissing_or_zero_variance|xgd_ewma_diffmissing_or_zero_variance|form_index_diff","407a3e3d7ba5329021874a370aeae303669c5fe1afb2095be799b730a484f99f","phase14-open-nb-incumbent-calibrated-v1","0e89c2948c77b348c5b6d3832cf6d4e7721ca7794f8f68f857d6ae82b9fe7d50","/Users/davidzenz/R/xGelo/outputs/releases/phase14-open-nb-incumbent-calibrated-v1/release_manifest.csv","fc9a617e48969b5d524f9994bccb31de0cb028829b4c58a1999b77cf12c5a990","open_nb_incumbent","c65a4f90477e5b799e234d1a313ff333f6cce12cfc08de93e342d7718c252ff8","vector_w400_p0p010","be1392fd4b9fbfe747ea90c89a17413f72459d8ff708d6d80d1bf086973eb51e","2024-07-14","phase14-calibration-remediation-gate-v2","6eab1b1aa4998738a1ef021c74981d6489ca6a615ebbfcaafd35d781d735b852","2026-06-10","elo_ratings","2026-07-19T00:00:00Z","inactive_optional_unavailable","national_team_xg_sources.csv",0,"2026-11-12T19:44:59Z","inactive_optional_unavailable:no_accepted_national_team_xg_source","nl-2026-27-official-uefa-v2","e9c9b5c5d0487ef49581c50bac6ed2847ee7d40bbf67a909b49a02145df8f376",6,"4dcbff6678a9bfe52301e9d581d51420e42d2cfbd6e1df0feda98a2572005321","uefa-nations-league-2026-27-v1","450962da0b9b12c3a84a1de98b75ae98f6358ea8068c4a02e248315cf4280b15","a8fafc601e4f04d797eeda7d13cc1cbfc0ea83657971385dcb04d134809c2083","0d4fa155bd77d1a8eb40e3dda1c25cfa22df2ecdea55fc9d2b00d27054be4d0d","2026-06-10T00:00:00Z","477cc5a3e572928a028348d21637bce77961eb4e042ecb62e116572e483275f4"
"uefa_nations_league_2026_27","uefa_nations_league_2026_27-2047934","uefa_nations_league_2026_27-2047934","2026-10-05T18:45:00Z","2026-10-05T18:44:59Z","resolved","available","none","available","fitted","elo_diff","xgf_ewma_diffmissing_or_zero_variance|xga_ewma_diffmissing_or_zero_variance|xgd_ewma_diffmissing_or_zero_variance|form_index_diff","407a3e3d7ba5329021874a370aeae303669c5fe1afb2095be799b730a484f99f","phase14-open-nb-incumbent-calibrated-v1","0e89c2948c77b348c5b6d3832cf6d4e7721ca7794f8f68f857d6ae82b9fe7d50","/Users/davidzenz/R/xGelo/outputs/releases/phase14-open-nb-incumbent-calibrated-v1/release_manifest.csv","fc9a617e48969b5d524f9994bccb31de0cb028829b4c58a1999b77cf12c5a990","open_nb_incumbent","c65a4f90477e5b799e234d1a313ff333f6cce12cfc08de93e342d7718c252ff8","vector_w400_p0p010","be1392fd4b9fbfe747ea90c89a17413f72459d8ff708d6d80d1bf086973eb51e","2024-07-14","phase14-calibration-remediation-gate-v2","6eab1b1aa4998738a1ef021c74981d6489ca6a615ebbfcaafd35d781d735b852","2026-06-10","elo_ratings","2026-07-19T00:00:00Z","inactive_optional_unavailable","national_team_xg_sources.csv",0,"2026-11-12T19:44:59Z","inactive_optional_unavailable:no_accepted_national_team_xg_source","nl-2026-27-official-uefa-v2","e9c9b5c5d0487ef49581c50bac6ed2847ee7d40bbf67a909b49a02145df8f376",6,"4dcbff6678a9bfe52301e9d581d51420e42d2cfbd6e1df0feda98a2572005321","uefa-nations-league-2026-27-v1","450962da0b9b12c3a84a1de98b75ae98f6358ea8068c4a02e248315cf4280b15","a8fafc601e4f04d797eeda7d13cc1cbfc0ea83657971385dcb04d134809c2083","0d4fa155bd77d1a8eb40e3dda1c25cfa22df2ecdea55fc9d2b00d27054be4d0d","2026-06-10T00:00:00Z","6d3351dc6c68af509f661af91ea6b89e8d60b562b307bf0f5f0c3349171055df"
"uefa_nations_league_2026_27","uefa_nations_league_2026_27-2047935","uefa_nations_league_2026_27-2047935","2026-10-05T18:45:00Z","2026-10-05T18:44:59Z","resolved","available","none","available","fitted","elo_diff","xgf_ewma_diffmissing_or_zero_variance|xga_ewma_diffmissing_or_zero_variance|xgd_ewma_diffmissing_or_zero_variance|form_index_diff","407a3e3d7ba5329021874a370aeae303669c5fe1afb2095be799b730a484f99f","phase14-open-nb-incumbent-calibrated-v1","0e89c2948c77b348c5b6d3832cf6d4e7721ca7794f8f68f857d6ae82b9fe7d50","/Users/davidzenz/R/xGelo/outputs/releases/phase14-open-nb-incumbent-calibrated-v1/release_manifest.csv","fc9a617e48969b5d524f9994bccb31de0cb028829b4c58a1999b77cf12c5a990","open_nb_incumbent","c65a4f90477e5b799e234d1a313ff333f6cce12cfc08de93e342d7718c252ff8","vector_w400_p0p010","be1392fd4b9fbfe747ea90c89a17413f72459d8ff708d6d80d1bf086973eb51e","2024-07-14","phase14-calibration-remediation-gate-v2","6eab1b1aa4998738a1ef021c74981d6489ca6a615ebbfcaafd35d781d735b852","2026-06-10","elo_ratings","2026-07-19T00:00:00Z","inactive_optional_unavailable","national_team_xg_sources.csv",0,"2026-11-12T19:44:59Z","inactive_optional_unavailable:no_accepted_national_team_xg_source","nl-2026-27-official-uefa-v2","e9c9b5c5d0487ef49581c50bac6ed2847ee7d40bbf67a909b49a02145df8f376",6,"4dcbff6678a9bfe52301e9d581d51420e42d2cfbd6e1df0feda98a2572005321","uefa-nations-league-2026-27-v1","450962da0b9b12c3a84a1de98b75ae98f6358ea8068c4a02e248315cf4280b15","a8fafc601e4f04d797eeda7d13cc1cbfc0ea83657971385dcb04d134809c2083","0d4fa155bd77d1a8eb40e3dda1c25cfa22df2ecdea55fc9d2b00d27054be4d0d","2026-06-10T00:00:00Z","d18be8d705425739a83b70fc04964323ac964a2f5f132535dcb47997c34c2403"
"uefa_nations_league_2026_27","uefa_nations_league_2026_27-2047936","uefa_nations_league_2026_27-2047936","2026-10-05T16:00:00Z","2026-10-05T15:59:59Z","resolved","available","none","available","fitted","elo_diff","xgf_ewma_diffmissing_or_zero_variance|xga_ewma_diffmissing_or_zero_variance|xgd_ewma_diffmissing_or_zero_variance|form_index_diff","407a3e3d7ba5329021874a370aeae303669c5fe1afb2095be799b730a484f99f","phase14-open-nb-incumbent-calibrated-v1","0e89c2948c77b348c5b6d3832cf6d4e7721ca7794f8f68f857d6ae82b9fe7d50","/Users/davidzenz/R/xGelo/outputs/releases/phase14-open-nb-incumbent-calibrated-v1/release_manifest.csv","fc9a617e48969b5d524f9994bccb31de0cb028829b4c58a1999b77cf12c5a990","open_nb_incumbent","c65a4f90477e5b799e234d1a313ff333f6cce12cfc08de93e342d7718c252ff8","vector_w400_p0p010","be1392fd4b9fbfe747ea90c89a17413f72459d8ff708d6d80d1bf086973eb51e","2024-07-14","phase14-calibration-remediation-gate-v2","6eab1b1aa4998738a1ef021c74981d6489ca6a615ebbfcaafd35d781d735b852","2026-06-10","elo_ratings","2026-07-19T00:00:00Z","inactive_optional_unavailable","national_team_xg_sources.csv",0,"2026-11-12T19:44:59Z","inactive_optional_unavailable:no_accepted_national_team_xg_source","nl-2026-27-official-uefa-v2","e9c9b5c5d0487ef49581c50bac6ed2847ee7d40bbf67a909b49a02145df8f376",6,"4dcbff6678a9bfe52301e9d581d51420e42d2cfbd6e1df0feda98a2572005321","uefa-nations-league-2026-27-v1","450962da0b9b12c3a84a1de98b75ae98f6358ea8068c4a02e248315cf4280b15","a8fafc601e4f04d797eeda7d13cc1cbfc0ea83657971385dcb04d134809c2083","0d4fa155bd77d1a8eb40e3dda1c25cfa22df2ecdea55fc9d2b00d27054be4d0d","2026-06-10T00:00:00Z","890bc82a18dedb3380562f5af5519633d15fc6b86f88dab139f9fa43b82ac7fd"
"uefa_nations_league_2026_27","uefa_nations_league_2026_27-2047937","uefa_nations_league_2026_27-2047937","2026-10-05T18:45:00Z","2026-10-05T18:44:59Z","resolved","available","none","available","fitted","elo_diff","xgf_ewma_diffmissing_or_zero_variance|xga_ewma_diffmissing_or_zero_variance|xgd_ewma_diffmissing_or_zero_variance|form_index_diff","407a3e3d7ba5329021874a370aeae303669c5fe1afb2095be799b730a484f99f","phase14-open-nb-incumbent-calibrated-v1","0e89c2948c77b348c5b6d3832cf6d4e7721ca7794f8f68f857d6ae82b9fe7d50","/Users/davidzenz/R/xGelo/outputs/releases/phase14-open-nb-incumbent-calibrated-v1/release_manifest.csv","fc9a617e48969b5d524f9994bccb31de0cb028829b4c58a1999b77cf12c5a990","open_nb_incumbent","c65a4f90477e5b799e234d1a313ff333f6cce12cfc08de93e342d7718c252ff8","vector_w400_p0p010","be1392fd4b9fbfe747ea90c89a17413f72459d8ff708d6d80d1bf086973eb51e","2024-07-14","phase14-calibration-remediation-gate-v2","6eab1b1aa4998738a1ef021c74981d6489ca6a615ebbfcaafd35d781d735b852","2026-06-10","elo_ratings","2026-07-19T00:00:00Z","inactive_optional_unavailable","national_team_xg_sources.csv",0,"2026-11-12T19:44:59Z","inactive_optional_unavailable:no_accepted_national_team_xg_source","nl-2026-27-official-uefa-v2","e9c9b5c5d0487ef49581c50bac6ed2847ee7d40bbf67a909b49a02145df8f376",6,"4dcbff6678a9bfe52301e9d581d51420e42d2cfbd6e1df0feda98a2572005321","uefa-nations-league-2026-27-v1","450962da0b9b12c3a84a1de98b75ae98f6358ea8068c4a02e248315cf4280b15","a8fafc601e4f04d797eeda7d13cc1cbfc0ea83657971385dcb04d134809c2083","0d4fa155bd77d1a8eb40e3dda1c25cfa22df2ecdea55fc9d2b00d27054be4d0d","2026-06-10T00:00:00Z","abd1e287c57626fec7e7c648143752c2be505729bc5ecbe14b0624c2a1faafaa"
"uefa_nations_league_2026_27","uefa_nations_league_2026_27-2047938","uefa_nations_league_2026_27-2047938","2026-10-05T18:45:00Z","2026-10-05T18:44:59Z","resolved","available","none","available","fitted","elo_diff","xgf_ewma_diffmissing_or_zero_variance|xga_ewma_diffmissing_or_zero_variance|xgd_ewma_diffmissing_or_zero_variance|form_index_diff","407a3e3d7ba5329021874a370aeae303669c5fe1afb2095be799b730a484f99f","phase14-open-nb-incumbent-calibrated-v1","0e89c2948c77b348c5b6d3832cf6d4e7721ca7794f8f68f857d6ae82b9fe7d50","/Users/davidzenz/R/xGelo/outputs/releases/phase14-open-nb-incumbent-calibrated-v1/release_manifest.csv","fc9a617e48969b5d524f9994bccb31de0cb028829b4c58a1999b77cf12c5a990","open_nb_incumbent","c65a4f90477e5b799e234d1a313ff333f6cce12cfc08de93e342d7718c252ff8","vector_w400_p0p010","be1392fd4b9fbfe747ea90c89a17413f72459d8ff708d6d80d1bf086973eb51e","2024-07-14","phase14-calibration-remediation-gate-v2","6eab1b1aa4998738a1ef021c74981d6489ca6a615ebbfcaafd35d781d735b852","2026-06-10","elo_ratings","2026-07-19T00:00:00Z","inactive_optional_unavailable","national_team_xg_sources.csv",0,"2026-11-12T19:44:59Z","inactive_optional_unavailable:no_accepted_national_team_xg_source","nl-2026-27-official-uefa-v2","e9c9b5c5d0487ef49581c50bac6ed2847ee7d40bbf67a909b49a02145df8f376",6,"4dcbff6678a9bfe52301e9d581d51420e42d2cfbd6e1df0feda98a2572005321","uefa-nations-league-2026-27-v1","450962da0b9b12c3a84a1de98b75ae98f6358ea8068c4a02e248315cf4280b15","a8fafc601e4f04d797eeda7d13cc1cbfc0ea83657971385dcb04d134809c2083","0d4fa155bd77d1a8eb40e3dda1c25cfa22df2ecdea55fc9d2b00d27054be4d0d","2026-06-10T00:00:00Z","9701f0c4fd8c715c366a7a183277585bef9636bd42c033c87a52b1fec78aa754"
"uefa_nations_league_2026_27","uefa_nations_league_2026_27-2047939","uefa_nations_league_2026_27-2047939","2026-10-05T18:45:00Z","2026-10-05T18:44:59Z","resolved","available","none","available","fitted","elo_diff","xgf_ewma_diffmissing_or_zero_variance|xga_ewma_diffmissing_or_zero_variance|xgd_ewma_diffmissing_or_zero_variance|form_index_diff","407a3e3d7ba5329021874a370aeae303669c5fe1afb2095be799b730a484f99f","phase14-open-nb-incumbent-calibrated-v1","0e89c2948c77b348c5b6d3832cf6d4e7721ca7794f8f68f857d6ae82b9fe7d50","/Users/davidzenz/R/xGelo/outputs/releases/phase14-open-nb-incumbent-calibrated-v1/release_manifest.csv","fc9a617e48969b5d524f9994bccb31de0cb028829b4c58a1999b77cf12c5a990","open_nb_incumbent","c65a4f90477e5b799e234d1a313ff333f6cce12cfc08de93e342d7718c252ff8","vector_w400_p0p010","be1392fd4b9fbfe747ea90c89a17413f72459d8ff708d6d80d1bf086973eb51e","2024-07-14","phase14-calibration-remediation-gate-v2","6eab1b1aa4998738a1ef021c74981d6489ca6a615ebbfcaafd35d781d735b852","2026-06-10","elo_ratings","2026-07-19T00:00:00Z","inactive_optional_unavailable","national_team_xg_sources.csv",0,"2026-11-12T19:44:59Z","inactive_optional_unavailable:no_accepted_national_team_xg_source","nl-2026-27-official-uefa-v2","e9c9b5c5d0487ef49581c50bac6ed2847ee7d40bbf67a909b49a02145df8f376",6,"4dcbff6678a9bfe52301e9d581d51420e42d2cfbd6e1df0feda98a2572005321","uefa-nations-league-2026-27-v1","450962da0b9b12c3a84a1de98b75ae98f6358ea8068c4a02e248315cf4280b15","a8fafc601e4f04d797eeda7d13cc1cbfc0ea83657971385dcb04d134809c2083","0d4fa155bd77d1a8eb40e3dda1c25cfa22df2ecdea55fc9d2b00d27054be4d0d","2026-06-10T00:00:00Z","29835cfde30244e9e427247ef725cbac8fd4a66e4339ce084d1eca90e1a0cc20"
"uefa_nations_league_2026_27","uefa_nations_league_2026_27-2047940","uefa_nations_league_2026_27-2047940","2026-10-06T18:45:00Z","2026-10-06T18:44:59Z","resolved","available","none","available","fitted","elo_diff","xgf_ewma_diffmissing_or_zero_variance|xga_ewma_diffmissing_or_zero_variance|xgd_ewma_diffmissing_or_zero_variance|form_index_diff","407a3e3d7ba5329021874a370aeae303669c5fe1afb2095be799b730a484f99f","phase14-open-nb-incumbent-calibrated-v1","0e89c2948c77b348c5b6d3832cf6d4e7721ca7794f8f68f857d6ae82b9fe7d50","/Users/davidzenz/R/xGelo/outputs/releases/phase14-open-nb-incumbent-calibrated-v1/release_manifest.csv","fc9a617e48969b5d524f9994bccb31de0cb028829b4c58a1999b77cf12c5a990","open_nb_incumbent","c65a4f90477e5b799e234d1a313ff333f6cce12cfc08de93e342d7718c252ff8","vector_w400_p0p010","be1392fd4b9fbfe747ea90c89a17413f72459d8ff708d6d80d1bf086973eb51e","2024-07-14","phase14-calibration-remediation-gate-v2","6eab1b1aa4998738a1ef021c74981d6489ca6a615ebbfcaafd35d781d735b852","2026-06-10","elo_ratings","2026-07-19T00:00:00Z","inactive_optional_unavailable","national_team_xg_sources.csv",0,"2026-11-12T19:44:59Z","inactive_optional_unavailable:no_accepted_national_team_xg_source","nl-2026-27-official-uefa-v2","e9c9b5c5d0487ef49581c50bac6ed2847ee7d40bbf67a909b49a02145df8f376",6,"4dcbff6678a9bfe52301e9d581d51420e42d2cfbd6e1df0feda98a2572005321","uefa-nations-league-2026-27-v1","450962da0b9b12c3a84a1de98b75ae98f6358ea8068c4a02e248315cf4280b15","a8fafc601e4f04d797eeda7d13cc1cbfc0ea83657971385dcb04d134809c2083","0d4fa155bd77d1a8eb40e3dda1c25cfa22df2ecdea55fc9d2b00d27054be4d0d","2026-06-10T00:00:00Z","48b9ff5f066ab0d63f564792451bf9c8f0655249c68027f3cc4012d2415561cb"
"uefa_nations_league_2026_27","uefa_nations_league_2026_27-2047941","uefa_nations_league_2026_27-2047941","2026-10-06T18:45:00Z","2026-10-06T18:44:59Z","resolved","available","none","available","fitted","elo_diff","xgf_ewma_diffmissing_or_zero_variance|xga_ewma_diffmissing_or_zero_variance|xgd_ewma_diffmissing_or_zero_variance|form_index_diff","407a3e3d7ba5329021874a370aeae303669c5fe1afb2095be799b730a484f99f","phase14-open-nb-incumbent-calibrated-v1","0e89c2948c77b348c5b6d3832cf6d4e7721ca7794f8f68f857d6ae82b9fe7d50","/Users/davidzenz/R/xGelo/outputs/releases/phase14-open-nb-incumbent-calibrated-v1/release_manifest.csv","fc9a617e48969b5d524f9994bccb31de0cb028829b4c58a1999b77cf12c5a990","open_nb_incumbent","c65a4f90477e5b799e234d1a313ff333f6cce12cfc08de93e342d7718c252ff8","vector_w400_p0p010","be1392fd4b9fbfe747ea90c89a17413f72459d8ff708d6d80d1bf086973eb51e","2024-07-14","phase14-calibration-remediation-gate-v2","6eab1b1aa4998738a1ef021c74981d6489ca6a615ebbfcaafd35d781d735b852","2026-06-10","elo_ratings","2026-07-19T00:00:00Z","inactive_optional_unavailable","national_team_xg_sources.csv",0,"2026-11-12T19:44:59Z","inactive_optional_unavailable:no_accepted_national_team_xg_source","nl-2026-27-official-uefa-v2","e9c9b5c5d0487ef49581c50bac6ed2847ee7d40bbf67a909b49a02145df8f376",6,"4dcbff6678a9bfe52301e9d581d51420e42d2cfbd6e1df0feda98a2572005321","uefa-nations-league-2026-27-v1","450962da0b9b12c3a84a1de98b75ae98f6358ea8068c4a02e248315cf4280b15","a8fafc601e4f04d797eeda7d13cc1cbfc0ea83657971385dcb04d134809c2083","0d4fa155bd77d1a8eb40e3dda1c25cfa22df2ecdea55fc9d2b00d27054be4d0d","2026-06-10T00:00:00Z","30ccf64ae5fb9ef364d2fad46ed54700552ce338cbf74df8ce60ff95b4dfdb16"
"uefa_nations_league_2026_27","uefa_nations_league_2026_27-2047942","uefa_nations_league_2026_27-2047942","2026-10-06T18:45:00Z","2026-10-06T18:44:59Z","resolved","available","none","available","fitted","elo_diff","xgf_ewma_diffmissing_or_zero_variance|xga_ewma_diffmissing_or_zero_variance|xgd_ewma_diffmissing_or_zero_variance|form_index_diff","407a3e3d7ba5329021874a370aeae303669c5fe1afb2095be799b730a484f99f","phase14-open-nb-incumbent-calibrated-v1","0e89c2948c77b348c5b6d3832cf6d4e7721ca7794f8f68f857d6ae82b9fe7d50","/Users/davidzenz/R/xGelo/outputs/releases/phase14-open-nb-incumbent-calibrated-v1/release_manifest.csv","fc9a617e48969b5d524f9994bccb31de0cb028829b4c58a1999b77cf12c5a990","open_nb_incumbent","c65a4f90477e5b799e234d1a313ff333f6cce12cfc08de93e342d7718c252ff8","vector_w400_p0p010","be1392fd4b9fbfe747ea90c89a17413f72459d8ff708d6d80d1bf086973eb51e","2024-07-14","phase14-calibration-remediation-gate-v2","6eab1b1aa4998738a1ef021c74981d6489ca6a615ebbfcaafd35d781d735b852","2026-06-10","elo_ratings","2026-07-19T00:00:00Z","inactive_optional_unavailable","national_team_xg_sources.csv",0,"2026-11-12T19:44:59Z","inactive_optional_unavailable:no_accepted_national_team_xg_source","nl-2026-27-official-uefa-v2","e9c9b5c5d0487ef49581c50bac6ed2847ee7d40bbf67a909b49a02145df8f376",6,"4dcbff6678a9bfe52301e9d581d51420e42d2cfbd6e1df0feda98a2572005321","uefa-nations-league-2026-27-v1","450962da0b9b12c3a84a1de98b75ae98f6358ea8068c4a02e248315cf4280b15","a8fafc601e4f04d797eeda7d13cc1cbfc0ea83657971385dcb04d134809c2083","0d4fa155bd77d1a8eb40e3dda1c25cfa22df2ecdea55fc9d2b00d27054be4d0d","2026-06-10T00:00:00Z","958da0a999b1816cafe1d3400921243d92f3c1538597760b1f314d88ee74898b"
"uefa_nations_league_2026_27","uefa_nations_league_2026_27-2047943","uefa_nations_league_2026_27-2047943","2026-10-06T18:45:00Z","2026-10-06T18:44:59Z","resolved","available","none","available","fitted","elo_diff","xgf_ewma_diffmissing_or_zero_variance|xga_ewma_diffmissing_or_zero_variance|xgd_ewma_diffmissing_or_zero_variance|form_index_diff","407a3e3d7ba5329021874a370aeae303669c5fe1afb2095be799b730a484f99f","phase14-open-nb-incumbent-calibrated-v1","0e89c2948c77b348c5b6d3832cf6d4e7721ca7794f8f68f857d6ae82b9fe7d50","/Users/davidzenz/R/xGelo/outputs/releases/phase14-open-nb-incumbent-calibrated-v1/release_manifest.csv","fc9a617e48969b5d524f9994bccb31de0cb028829b4c58a1999b77cf12c5a990","open_nb_incumbent","c65a4f90477e5b799e234d1a313ff333f6cce12cfc08de93e342d7718c252ff8","vector_w400_p0p010","be1392fd4b9fbfe747ea90c89a17413f72459d8ff708d6d80d1bf086973eb51e","2024-07-14","phase14-calibration-remediation-gate-v2","6eab1b1aa4998738a1ef021c74981d6489ca6a615ebbfcaafd35d781d735b852","2026-06-10","elo_ratings","2026-07-19T00:00:00Z","inactive_optional_unavailable","national_team_xg_sources.csv",0,"2026-11-12T19:44:59Z","inactive_optional_unavailable:no_accepted_national_team_xg_source","nl-2026-27-official-uefa-v2","e9c9b5c5d0487ef49581c50bac6ed2847ee7d40bbf67a909b49a02145df8f376",6,"4dcbff6678a9bfe52301e9d581d51420e42d2cfbd6e1df0feda98a2572005321","uefa-nations-league-2026-27-v1","450962da0b9b12c3a84a1de98b75ae98f6358ea8068c4a02e248315cf4280b15","a8fafc601e4f04d797eeda7d13cc1cbfc0ea83657971385dcb04d134809c2083","0d4fa155bd77d1a8eb40e3dda1c25cfa22df2ecdea55fc9d2b00d27054be4d0d","2026-06-10T00:00:00Z","c1022204c640e99cb1a7e6a48685d17e61883afdc397cfa451f07ce6dad85928"
"uefa_nations_league_2026_27","uefa_nations_league_2026_27-2047944","uefa_nations_league_2026_27-2047944","2026-10-06T18:45:00Z","2026-10-06T18:44:59Z","resolved","available","none","available","fitted","elo_diff","xgf_ewma_diffmissing_or_zero_variance|xga_ewma_diffmissing_or_zero_variance|xgd_ewma_diffmissing_or_zero_variance|form_index_diff","407a3e3d7ba5329021874a370aeae303669c5fe1afb2095be799b730a484f99f","phase14-open-nb-incumbent-calibrated-v1","0e89c2948c77b348c5b6d3832cf6d4e7721ca7794f8f68f857d6ae82b9fe7d50","/Users/davidzenz/R/xGelo/outputs/releases/phase14-open-nb-incumbent-calibrated-v1/release_manifest.csv","fc9a617e48969b5d524f9994bccb31de0cb028829b4c58a1999b77cf12c5a990","open_nb_incumbent","c65a4f90477e5b799e234d1a313ff333f6cce12cfc08de93e342d7718c252ff8","vector_w400_p0p010","be1392fd4b9fbfe747ea90c89a17413f72459d8ff708d6d80d1bf086973eb51e","2024-07-14","phase14-calibration-remediation-gate-v2","6eab1b1aa4998738a1ef021c74981d6489ca6a615ebbfcaafd35d781d735b852","2026-06-10","elo_ratings","2026-07-19T00:00:00Z","inactive_optional_unavailable","national_team_xg_sources.csv",0,"2026-11-12T19:44:59Z","inactive_optional_unavailable:no_accepted_national_team_xg_source","nl-2026-27-official-uefa-v2","e9c9b5c5d0487ef49581c50bac6ed2847ee7d40bbf67a909b49a02145df8f376",6,"4dcbff6678a9bfe52301e9d581d51420e42d2cfbd6e1df0feda98a2572005321","uefa-nations-league-2026-27-v1","450962da0b9b12c3a84a1de98b75ae98f6358ea8068c4a02e248315cf4280b15","a8fafc601e4f04d797eeda7d13cc1cbfc0ea83657971385dcb04d134809c2083","0d4fa155bd77d1a8eb40e3dda1c25cfa22df2ecdea55fc9d2b00d27054be4d0d","2026-06-10T00:00:00Z","f74b49a7b2eb274c0c3d3b0a5c1ab1202df37fac3159c8a3de94558f6cba6ed6"
"uefa_nations_league_2026_27","uefa_nations_league_2026_27-2047945","uefa_nations_league_2026_27-2047945","2026-10-06T18:45:00Z","2026-10-06T18:44:59Z","resolved","available","none","available","fitted","elo_diff","xgf_ewma_diffmissing_or_zero_variance|xga_ewma_diffmissing_or_zero_variance|xgd_ewma_diffmissing_or_zero_variance|form_index_diff","407a3e3d7ba5329021874a370aeae303669c5fe1afb2095be799b730a484f99f","phase14-open-nb-incumbent-calibrated-v1","0e89c2948c77b348c5b6d3832cf6d4e7721ca7794f8f68f857d6ae82b9fe7d50","/Users/davidzenz/R/xGelo/outputs/releases/phase14-open-nb-incumbent-calibrated-v1/release_manifest.csv","fc9a617e48969b5d524f9994bccb31de0cb028829b4c58a1999b77cf12c5a990","open_nb_incumbent","c65a4f90477e5b799e234d1a313ff333f6cce12cfc08de93e342d7718c252ff8","vector_w400_p0p010","be1392fd4b9fbfe747ea90c89a17413f72459d8ff708d6d80d1bf086973eb51e","2024-07-14","phase14-calibration-remediation-gate-v2","6eab1b1aa4998738a1ef021c74981d6489ca6a615ebbfcaafd35d781d735b852","2026-06-10","elo_ratings","2026-07-19T00:00:00Z","inactive_optional_unavailable","national_team_xg_sources.csv",0,"2026-11-12T19:44:59Z","inactive_optional_unavailable:no_accepted_national_team_xg_source","nl-2026-27-official-uefa-v2","e9c9b5c5d0487ef49581c50bac6ed2847ee7d40bbf67a909b49a02145df8f376",6,"4dcbff6678a9bfe52301e9d581d51420e42d2cfbd6e1df0feda98a2572005321","uefa-nations-league-2026-27-v1","450962da0b9b12c3a84a1de98b75ae98f6358ea8068c4a02e248315cf4280b15","a8fafc601e4f04d797eeda7d13cc1cbfc0ea83657971385dcb04d134809c2083","0d4fa155bd77d1a8eb40e3dda1c25cfa22df2ecdea55fc9d2b00d27054be4d0d","2026-06-10T00:00:00Z","007ca00f7c194d9ba1329a695d26becf413f67011515fe7dadab471a79a17782"
"uefa_nations_league_2026_27","uefa_nations_league_2026_27-2047946","uefa_nations_league_2026_27-2047946","2026-10-06T18:45:00Z","2026-10-06T18:44:59Z","resolved","available","none","available","fitted","elo_diff","xgf_ewma_diffmissing_or_zero_variance|xga_ewma_diffmissing_or_zero_variance|xgd_ewma_diffmissing_or_zero_variance|form_index_diff","407a3e3d7ba5329021874a370aeae303669c5fe1afb2095be799b730a484f99f","phase14-open-nb-incumbent-calibrated-v1","0e89c2948c77b348c5b6d3832cf6d4e7721ca7794f8f68f857d6ae82b9fe7d50","/Users/davidzenz/R/xGelo/outputs/releases/phase14-open-nb-incumbent-calibrated-v1/release_manifest.csv","fc9a617e48969b5d524f9994bccb31de0cb028829b4c58a1999b77cf12c5a990","open_nb_incumbent","c65a4f90477e5b799e234d1a313ff333f6cce12cfc08de93e342d7718c252ff8","vector_w400_p0p010","be1392fd4b9fbfe747ea90c89a17413f72459d8ff708d6d80d1bf086973eb51e","2024-07-14","phase14-calibration-remediation-gate-v2","6eab1b1aa4998738a1ef021c74981d6489ca6a615ebbfcaafd35d781d735b852","2026-06-10","elo_ratings","2026-07-19T00:00:00Z","inactive_optional_unavailable","national_team_xg_sources.csv",0,"2026-11-12T19:44:59Z","inactive_optional_unavailable:no_accepted_national_team_xg_source","nl-2026-27-official-uefa-v2","e9c9b5c5d0487ef49581c50bac6ed2847ee7d40bbf67a909b49a02145df8f376",6,"4dcbff6678a9bfe52301e9d581d51420e42d2cfbd6e1df0feda98a2572005321","uefa-nations-league-2026-27-v1","450962da0b9b12c3a84a1de98b75ae98f6358ea8068c4a02e248315cf4280b15","a8fafc601e4f04d797eeda7d13cc1cbfc0ea83657971385dcb04d134809c2083","0d4fa155bd77d1a8eb40e3dda1c25cfa22df2ecdea55fc9d2b00d27054be4d0d","2026-06-10T00:00:00Z","b53ead0830d5b3b747380ab9d9472a4ed683dd2e147365f7025e8d1de75df254"
"uefa_nations_league_2026_27","uefa_nations_league_2026_27-2047947","uefa_nations_league_2026_27-2047947","2026-10-06T18:45:00Z","2026-10-06T18:44:59Z","resolved","available","none","available","fitted","elo_diff","xgf_ewma_diffmissing_or_zero_variance|xga_ewma_diffmissing_or_zero_variance|xgd_ewma_diffmissing_or_zero_variance|form_index_diff","407a3e3d7ba5329021874a370aeae303669c5fe1afb2095be799b730a484f99f","phase14-open-nb-incumbent-calibrated-v1","0e89c2948c77b348c5b6d3832cf6d4e7721ca7794f8f68f857d6ae82b9fe7d50","/Users/davidzenz/R/xGelo/outputs/releases/phase14-open-nb-incumbent-calibrated-v1/release_manifest.csv","fc9a617e48969b5d524f9994bccb31de0cb028829b4c58a1999b77cf12c5a990","open_nb_incumbent","c65a4f90477e5b799e234d1a313ff333f6cce12cfc08de93e342d7718c252ff8","vector_w400_p0p010","be1392fd4b9fbfe747ea90c89a17413f72459d8ff708d6d80d1bf086973eb51e","2024-07-14","phase14-calibration-remediation-gate-v2","6eab1b1aa4998738a1ef021c74981d6489ca6a615ebbfcaafd35d781d735b852","2026-06-10","elo_ratings","2026-07-19T00:00:00Z","inactive_optional_unavailable","national_team_xg_sources.csv",0,"2026-11-12T19:44:59Z","inactive_optional_unavailable:no_accepted_national_team_xg_source","nl-2026-27-official-uefa-v2","e9c9b5c5d0487ef49581c50bac6ed2847ee7d40bbf67a909b49a02145df8f376",6,"4dcbff6678a9bfe52301e9d581d51420e42d2cfbd6e1df0feda98a2572005321","uefa-nations-league-2026-27-v1","450962da0b9b12c3a84a1de98b75ae98f6358ea8068c4a02e248315cf4280b15","a8fafc601e4f04d797eeda7d13cc1cbfc0ea83657971385dcb04d134809c2083","0d4fa155bd77d1a8eb40e3dda1c25cfa22df2ecdea55fc9d2b00d27054be4d0d","2026-06-10T00:00:00Z","baa6755c374898fb7e486a31d076645b86d7ec84b4f78b6133703ef3b6f7e9ea"
"uefa_nations_league_2026_27","uefa_nations_league_2026_27-2047948","uefa_nations_league_2026_27-2047948","2026-10-06T18:45:00Z","2026-10-06T18:44:59Z","resolved","available","none","available","fitted","elo_diff","xgf_ewma_diffmissing_or_zero_variance|xga_ewma_diffmissing_or_zero_variance|xgd_ewma_diffmissing_or_zero_variance|form_index_diff","407a3e3d7ba5329021874a370aeae303669c5fe1afb2095be799b730a484f99f","phase14-open-nb-incumbent-calibrated-v1","0e89c2948c77b348c5b6d3832cf6d4e7721ca7794f8f68f857d6ae82b9fe7d50","/Users/davidzenz/R/xGelo/outputs/releases/phase14-open-nb-incumbent-calibrated-v1/release_manifest.csv","fc9a617e48969b5d524f9994bccb31de0cb028829b4c58a1999b77cf12c5a990","open_nb_incumbent","c65a4f90477e5b799e234d1a313ff333f6cce12cfc08de93e342d7718c252ff8","vector_w400_p0p010","be1392fd4b9fbfe747ea90c89a17413f72459d8ff708d6d80d1bf086973eb51e","2024-07-14","phase14-calibration-remediation-gate-v2","6eab1b1aa4998738a1ef021c74981d6489ca6a615ebbfcaafd35d781d735b852","2026-06-10","elo_ratings","2026-07-19T00:00:00Z","inactive_optional_unavailable","national_team_xg_sources.csv",0,"2026-11-12T19:44:59Z","inactive_optional_unavailable:no_accepted_national_team_xg_source","nl-2026-27-official-uefa-v2","e9c9b5c5d0487ef49581c50bac6ed2847ee7d40bbf67a909b49a02145df8f376",6,"4dcbff6678a9bfe52301e9d581d51420e42d2cfbd6e1df0feda98a2572005321","uefa-nations-league-2026-27-v1","450962da0b9b12c3a84a1de98b75ae98f6358ea8068c4a02e248315cf4280b15","a8fafc601e4f04d797eeda7d13cc1cbfc0ea83657971385dcb04d134809c2083","0d4fa155bd77d1a8eb40e3dda1c25cfa22df2ecdea55fc9d2b00d27054be4d0d","2026-06-10T00:00:00Z","2dbe459f276766ad04ae8db5e88520c8ac07f3bba1a32c9d0f6fb54ba0f9a816"
"uefa_nations_league_2026_27","uefa_nations_league_2026_27-2047949","uefa_nations_league_2026_27-2047949","2026-10-06T14:00:00Z","2026-10-06T13:59:59Z","resolved","available","none","available","fitted","elo_diff","xgf_ewma_diffmissing_or_zero_variance|xga_ewma_diffmissing_or_zero_variance|xgd_ewma_diffmissing_or_zero_variance|form_index_diff","407a3e3d7ba5329021874a370aeae303669c5fe1afb2095be799b730a484f99f","phase14-open-nb-incumbent-calibrated-v1","0e89c2948c77b348c5b6d3832cf6d4e7721ca7794f8f68f857d6ae82b9fe7d50","/Users/davidzenz/R/xGelo/outputs/releases/phase14-open-nb-incumbent-calibrated-v1/release_manifest.csv","fc9a617e48969b5d524f9994bccb31de0cb028829b4c58a1999b77cf12c5a990","open_nb_incumbent","c65a4f90477e5b799e234d1a313ff333f6cce12cfc08de93e342d7718c252ff8","vector_w400_p0p010","be1392fd4b9fbfe747ea90c89a17413f72459d8ff708d6d80d1bf086973eb51e","2024-07-14","phase14-calibration-remediation-gate-v2","6eab1b1aa4998738a1ef021c74981d6489ca6a615ebbfcaafd35d781d735b852","2026-06-10","elo_ratings","2026-07-19T00:00:00Z","inactive_optional_unavailable","national_team_xg_sources.csv",0,"2026-11-12T19:44:59Z","inactive_optional_unavailable:no_accepted_national_team_xg_source","nl-2026-27-official-uefa-v2","e9c9b5c5d0487ef49581c50bac6ed2847ee7d40bbf67a909b49a02145df8f376",6,"4dcbff6678a9bfe52301e9d581d51420e42d2cfbd6e1df0feda98a2572005321","uefa-nations-league-2026-27-v1","450962da0b9b12c3a84a1de98b75ae98f6358ea8068c4a02e248315cf4280b15","a8fafc601e4f04d797eeda7d13cc1cbfc0ea83657971385dcb04d134809c2083","0d4fa155bd77d1a8eb40e3dda1c25cfa22df2ecdea55fc9d2b00d27054be4d0d","2026-06-10T00:00:00Z","76e659549768c5f2dc6b9067adff67c1f8c540b6963f9486e48f5a76aa0d547f"
"uefa_nations_league_2026_27","uefa_nations_league_2026_27-2047950","uefa_nations_league_2026_27-2047950","2026-10-01T18:45:00Z","2026-10-01T18:44:59Z","resolved","available","none","available","fitted","elo_diff","xgf_ewma_diffmissing_or_zero_variance|xga_ewma_diffmissing_or_zero_variance|xgd_ewma_diffmissing_or_zero_variance|form_index_diff","407a3e3d7ba5329021874a370aeae303669c5fe1afb2095be799b730a484f99f","phase14-open-nb-incumbent-calibrated-v1","0e89c2948c77b348c5b6d3832cf6d4e7721ca7794f8f68f857d6ae82b9fe7d50","/Users/davidzenz/R/xGelo/outputs/releases/phase14-open-nb-incumbent-calibrated-v1/release_manifest.csv","fc9a617e48969b5d524f9994bccb31de0cb028829b4c58a1999b77cf12c5a990","open_nb_incumbent","c65a4f90477e5b799e234d1a313ff333f6cce12cfc08de93e342d7718c252ff8","vector_w400_p0p010","be1392fd4b9fbfe747ea90c89a17413f72459d8ff708d6d80d1bf086973eb51e","2024-07-14","phase14-calibration-remediation-gate-v2","6eab1b1aa4998738a1ef021c74981d6489ca6a615ebbfcaafd35d781d735b852","2026-06-10","elo_ratings","2026-07-19T00:00:00Z","inactive_optional_unavailable","national_team_xg_sources.csv",0,"2026-11-12T19:44:59Z","inactive_optional_unavailable:no_accepted_national_team_xg_source","nl-2026-27-official-uefa-v2","e9c9b5c5d0487ef49581c50bac6ed2847ee7d40bbf67a909b49a02145df8f376",6,"4dcbff6678a9bfe52301e9d581d51420e42d2cfbd6e1df0feda98a2572005321","uefa-nations-league-2026-27-v1","450962da0b9b12c3a84a1de98b75ae98f6358ea8068c4a02e248315cf4280b15","a8fafc601e4f04d797eeda7d13cc1cbfc0ea83657971385dcb04d134809c2083","0d4fa155bd77d1a8eb40e3dda1c25cfa22df2ecdea55fc9d2b00d27054be4d0d","2026-06-10T00:00:00Z","7ea67c2d2300bfd4ca4a68c22f99adc89f2f07ce9023597e5c7beef6963c5cee"
"uefa_nations_league_2026_27","uefa_nations_league_2026_27-2047951","uefa_nations_league_2026_27-2047951","2026-10-01T18:45:00Z","2026-10-01T18:44:59Z","resolved","available","none","available","fitted","elo_diff","xgf_ewma_diffmissing_or_zero_variance|xga_ewma_diffmissing_or_zero_variance|xgd_ewma_diffmissing_or_zero_variance|form_index_diff","407a3e3d7ba5329021874a370aeae303669c5fe1afb2095be799b730a484f99f","phase14-open-nb-incumbent-calibrated-v1","0e89c2948c77b348c5b6d3832cf6d4e7721ca7794f8f68f857d6ae82b9fe7d50","/Users/davidzenz/R/xGelo/outputs/releases/phase14-open-nb-incumbent-calibrated-v1/release_manifest.csv","fc9a617e48969b5d524f9994bccb31de0cb028829b4c58a1999b77cf12c5a990","open_nb_incumbent","c65a4f90477e5b799e234d1a313ff333f6cce12cfc08de93e342d7718c252ff8","vector_w400_p0p010","be1392fd4b9fbfe747ea90c89a17413f72459d8ff708d6d80d1bf086973eb51e","2024-07-14","phase14-calibration-remediation-gate-v2","6eab1b1aa4998738a1ef021c74981d6489ca6a615ebbfcaafd35d781d735b852","2026-06-10","elo_ratings","2026-07-19T00:00:00Z","inactive_optional_unavailable","national_team_xg_sources.csv",0,"2026-11-12T19:44:59Z","inactive_optional_unavailable:no_accepted_national_team_xg_source","nl-2026-27-official-uefa-v2","e9c9b5c5d0487ef49581c50bac6ed2847ee7d40bbf67a909b49a02145df8f376",6,"4dcbff6678a9bfe52301e9d581d51420e42d2cfbd6e1df0feda98a2572005321","uefa-nations-league-2026-27-v1","450962da0b9b12c3a84a1de98b75ae98f6358ea8068c4a02e248315cf4280b15","a8fafc601e4f04d797eeda7d13cc1cbfc0ea83657971385dcb04d134809c2083","0d4fa155bd77d1a8eb40e3dda1c25cfa22df2ecdea55fc9d2b00d27054be4d0d","2026-06-10T00:00:00Z","9b6d687c0894306f9cc06e18873656623673a77c118479badb8d3b0ecb5c0150"
"uefa_nations_league_2026_27","uefa_nations_league_2026_27-2047952","uefa_nations_league_2026_27-2047952","2026-10-01T18:45:00Z","2026-10-01T18:44:59Z","resolved","available","none","available","fitted","elo_diff","xgf_ewma_diffmissing_or_zero_variance|xga_ewma_diffmissing_or_zero_variance|xgd_ewma_diffmissing_or_zero_variance|form_index_diff","407a3e3d7ba5329021874a370aeae303669c5fe1afb2095be799b730a484f99f","phase14-open-nb-incumbent-calibrated-v1","0e89c2948c77b348c5b6d3832cf6d4e7721ca7794f8f68f857d6ae82b9fe7d50","/Users/davidzenz/R/xGelo/outputs/releases/phase14-open-nb-incumbent-calibrated-v1/release_manifest.csv","fc9a617e48969b5d524f9994bccb31de0cb028829b4c58a1999b77cf12c5a990","open_nb_incumbent","c65a4f90477e5b799e234d1a313ff333f6cce12cfc08de93e342d7718c252ff8","vector_w400_p0p010","be1392fd4b9fbfe747ea90c89a17413f72459d8ff708d6d80d1bf086973eb51e","2024-07-14","phase14-calibration-remediation-gate-v2","6eab1b1aa4998738a1ef021c74981d6489ca6a615ebbfcaafd35d781d735b852","2026-06-10","elo_ratings","2026-07-19T00:00:00Z","inactive_optional_unavailable","national_team_xg_sources.csv",0,"2026-11-12T19:44:59Z","inactive_optional_unavailable:no_accepted_national_team_xg_source","nl-2026-27-official-uefa-v2","e9c9b5c5d0487ef49581c50bac6ed2847ee7d40bbf67a909b49a02145df8f376",6,"4dcbff6678a9bfe52301e9d581d51420e42d2cfbd6e1df0feda98a2572005321","uefa-nations-league-2026-27-v1","450962da0b9b12c3a84a1de98b75ae98f6358ea8068c4a02e248315cf4280b15","a8fafc601e4f04d797eeda7d13cc1cbfc0ea83657971385dcb04d134809c2083","0d4fa155bd77d1a8eb40e3dda1c25cfa22df2ecdea55fc9d2b00d27054be4d0d","2026-06-10T00:00:00Z","aba6ac203b45a7f781431ac0a83d563f196963aaf04305d18e2d75d5ac03b49c"
"uefa_nations_league_2026_27","uefa_nations_league_2026_27-2047953","uefa_nations_league_2026_27-2047953","2026-10-01T18:45:00Z","2026-10-01T18:44:59Z","resolved","available","none","available","fitted","elo_diff","xgf_ewma_diffmissing_or_zero_variance|xga_ewma_diffmissing_or_zero_variance|xgd_ewma_diffmissing_or_zero_variance|form_index_diff","407a3e3d7ba5329021874a370aeae303669c5fe1afb2095be799b730a484f99f","phase14-open-nb-incumbent-calibrated-v1","0e89c2948c77b348c5b6d3832cf6d4e7721ca7794f8f68f857d6ae82b9fe7d50","/Users/davidzenz/R/xGelo/outputs/releases/phase14-open-nb-incumbent-calibrated-v1/release_manifest.csv","fc9a617e48969b5d524f9994bccb31de0cb028829b4c58a1999b77cf12c5a990","open_nb_incumbent","c65a4f90477e5b799e234d1a313ff333f6cce12cfc08de93e342d7718c252ff8","vector_w400_p0p010","be1392fd4b9fbfe747ea90c89a17413f72459d8ff708d6d80d1bf086973eb51e","2024-07-14","phase14-calibration-remediation-gate-v2","6eab1b1aa4998738a1ef021c74981d6489ca6a615ebbfcaafd35d781d735b852","2026-06-10","elo_ratings","2026-07-19T00:00:00Z","inactive_optional_unavailable","national_team_xg_sources.csv",0,"2026-11-12T19:44:59Z","inactive_optional_unavailable:no_accepted_national_team_xg_source","nl-2026-27-official-uefa-v2","e9c9b5c5d0487ef49581c50bac6ed2847ee7d40bbf67a909b49a02145df8f376",6,"4dcbff6678a9bfe52301e9d581d51420e42d2cfbd6e1df0feda98a2572005321","uefa-nations-league-2026-27-v1","450962da0b9b12c3a84a1de98b75ae98f6358ea8068c4a02e248315cf4280b15","a8fafc601e4f04d797eeda7d13cc1cbfc0ea83657971385dcb04d134809c2083","0d4fa155bd77d1a8eb40e3dda1c25cfa22df2ecdea55fc9d2b00d27054be4d0d","2026-06-10T00:00:00Z","a4988aea1f3bae4c8bb2fde30290268bc9829f8eb33eab7620486533094d165a"
"uefa_nations_league_2026_27","uefa_nations_league_2026_27-2047954","uefa_nations_league_2026_27-2047954","2026-10-01T18:45:00Z","2026-10-01T18:44:59Z","resolved","available","none","available","fitted","elo_diff","xgf_ewma_diffmissing_or_zero_variance|xga_ewma_diffmissing_or_zero_variance|xgd_ewma_diffmissing_or_zero_variance|form_index_diff","407a3e3d7ba5329021874a370aeae303669c5fe1afb2095be799b730a484f99f","phase14-open-nb-incumbent-calibrated-v1","0e89c2948c77b348c5b6d3832cf6d4e7721ca7794f8f68f857d6ae82b9fe7d50","/Users/davidzenz/R/xGelo/outputs/releases/phase14-open-nb-incumbent-calibrated-v1/release_manifest.csv","fc9a617e48969b5d524f9994bccb31de0cb028829b4c58a1999b77cf12c5a990","open_nb_incumbent","c65a4f90477e5b799e234d1a313ff333f6cce12cfc08de93e342d7718c252ff8","vector_w400_p0p010","be1392fd4b9fbfe747ea90c89a17413f72459d8ff708d6d80d1bf086973eb51e","2024-07-14","phase14-calibration-remediation-gate-v2","6eab1b1aa4998738a1ef021c74981d6489ca6a615ebbfcaafd35d781d735b852","2026-06-10","elo_ratings","2026-07-19T00:00:00Z","inactive_optional_unavailable","national_team_xg_sources.csv",0,"2026-11-12T19:44:59Z","inactive_optional_unavailable:no_accepted_national_team_xg_source","nl-2026-27-official-uefa-v2","e9c9b5c5d0487ef49581c50bac6ed2847ee7d40bbf67a909b49a02145df8f376",6,"4dcbff6678a9bfe52301e9d581d51420e42d2cfbd6e1df0feda98a2572005321","uefa-nations-league-2026-27-v1","450962da0b9b12c3a84a1de98b75ae98f6358ea8068c4a02e248315cf4280b15","a8fafc601e4f04d797eeda7d13cc1cbfc0ea83657971385dcb04d134809c2083","0d4fa155bd77d1a8eb40e3dda1c25cfa22df2ecdea55fc9d2b00d27054be4d0d","2026-06-10T00:00:00Z","ec85cb0199e63a0b55341879385830515024df8ae45236b9b8f3f3dd90fe7afe"
"uefa_nations_league_2026_27","uefa_nations_league_2026_27-2047955","uefa_nations_league_2026_27-2047955","2026-10-01T16:00:00Z","2026-10-01T15:59:59Z","resolved","available","none","available","fitted","elo_diff","xgf_ewma_diffmissing_or_zero_variance|xga_ewma_diffmissing_or_zero_variance|xgd_ewma_diffmissing_or_zero_variance|form_index_diff","407a3e3d7ba5329021874a370aeae303669c5fe1afb2095be799b730a484f99f","phase14-open-nb-incumbent-calibrated-v1","0e89c2948c77b348c5b6d3832cf6d4e7721ca7794f8f68f857d6ae82b9fe7d50","/Users/davidzenz/R/xGelo/outputs/releases/phase14-open-nb-incumbent-calibrated-v1/release_manifest.csv","fc9a617e48969b5d524f9994bccb31de0cb028829b4c58a1999b77cf12c5a990","open_nb_incumbent","c65a4f90477e5b799e234d1a313ff333f6cce12cfc08de93e342d7718c252ff8","vector_w400_p0p010","be1392fd4b9fbfe747ea90c89a17413f72459d8ff708d6d80d1bf086973eb51e","2024-07-14","phase14-calibration-remediation-gate-v2","6eab1b1aa4998738a1ef021c74981d6489ca6a615ebbfcaafd35d781d735b852","2026-06-10","elo_ratings","2026-07-19T00:00:00Z","inactive_optional_unavailable","national_team_xg_sources.csv",0,"2026-11-12T19:44:59Z","inactive_optional_unavailable:no_accepted_national_team_xg_source","nl-2026-27-official-uefa-v2","e9c9b5c5d0487ef49581c50bac6ed2847ee7d40bbf67a909b49a02145df8f376",6,"4dcbff6678a9bfe52301e9d581d51420e42d2cfbd6e1df0feda98a2572005321","uefa-nations-league-2026-27-v1","450962da0b9b12c3a84a1de98b75ae98f6358ea8068c4a02e248315cf4280b15","a8fafc601e4f04d797eeda7d13cc1cbfc0ea83657971385dcb04d134809c2083","0d4fa155bd77d1a8eb40e3dda1c25cfa22df2ecdea55fc9d2b00d27054be4d0d","2026-06-10T00:00:00Z","7d0382e1fa19df76cc07507c8197004ca7b8a8609a61cab56593839b123b755e"
"uefa_nations_league_2026_27","uefa_nations_league_2026_27-2047956","uefa_nations_league_2026_27-2047956","2026-10-01T18:45:00Z","2026-10-01T18:44:59Z","resolved","available","none","available","fitted","elo_diff","xgf_ewma_diffmissing_or_zero_variance|xga_ewma_diffmissing_or_zero_variance|xgd_ewma_diffmissing_or_zero_variance|form_index_diff","407a3e3d7ba5329021874a370aeae303669c5fe1afb2095be799b730a484f99f","phase14-open-nb-incumbent-calibrated-v1","0e89c2948c77b348c5b6d3832cf6d4e7721ca7794f8f68f857d6ae82b9fe7d50","/Users/davidzenz/R/xGelo/outputs/releases/phase14-open-nb-incumbent-calibrated-v1/release_manifest.csv","fc9a617e48969b5d524f9994bccb31de0cb028829b4c58a1999b77cf12c5a990","open_nb_incumbent","c65a4f90477e5b799e234d1a313ff333f6cce12cfc08de93e342d7718c252ff8","vector_w400_p0p010","be1392fd4b9fbfe747ea90c89a17413f72459d8ff708d6d80d1bf086973eb51e","2024-07-14","phase14-calibration-remediation-gate-v2","6eab1b1aa4998738a1ef021c74981d6489ca6a615ebbfcaafd35d781d735b852","2026-06-10","elo_ratings","2026-07-19T00:00:00Z","inactive_optional_unavailable","national_team_xg_sources.csv",0,"2026-11-12T19:44:59Z","inactive_optional_unavailable:no_accepted_national_team_xg_source","nl-2026-27-official-uefa-v2","e9c9b5c5d0487ef49581c50bac6ed2847ee7d40bbf67a909b49a02145df8f376",6,"4dcbff6678a9bfe52301e9d581d51420e42d2cfbd6e1df0feda98a2572005321","uefa-nations-league-2026-27-v1","450962da0b9b12c3a84a1de98b75ae98f6358ea8068c4a02e248315cf4280b15","a8fafc601e4f04d797eeda7d13cc1cbfc0ea83657971385dcb04d134809c2083","0d4fa155bd77d1a8eb40e3dda1c25cfa22df2ecdea55fc9d2b00d27054be4d0d","2026-06-10T00:00:00Z","f429cff5ccf2abd671fe6ec13480084e6622cfbab9564b16ada123e4772d8f40"
"uefa_nations_league_2026_27","uefa_nations_league_2026_27-2047957","uefa_nations_league_2026_27-2047957","2026-10-01T18:45:00Z","2026-10-01T18:44:59Z","resolved","available","none","available","fitted","elo_diff","xgf_ewma_diffmissing_or_zero_variance|xga_ewma_diffmissing_or_zero_variance|xgd_ewma_diffmissing_or_zero_variance|form_index_diff","407a3e3d7ba5329021874a370aeae303669c5fe1afb2095be799b730a484f99f","phase14-open-nb-incumbent-calibrated-v1","0e89c2948c77b348c5b6d3832cf6d4e7721ca7794f8f68f857d6ae82b9fe7d50","/Users/davidzenz/R/xGelo/outputs/releases/phase14-open-nb-incumbent-calibrated-v1/release_manifest.csv","fc9a617e48969b5d524f9994bccb31de0cb028829b4c58a1999b77cf12c5a990","open_nb_incumbent","c65a4f90477e5b799e234d1a313ff333f6cce12cfc08de93e342d7718c252ff8","vector_w400_p0p010","be1392fd4b9fbfe747ea90c89a17413f72459d8ff708d6d80d1bf086973eb51e","2024-07-14","phase14-calibration-remediation-gate-v2","6eab1b1aa4998738a1ef021c74981d6489ca6a615ebbfcaafd35d781d735b852","2026-06-10","elo_ratings","2026-07-19T00:00:00Z","inactive_optional_unavailable","national_team_xg_sources.csv",0,"2026-11-12T19:44:59Z","inactive_optional_unavailable:no_accepted_national_team_xg_source","nl-2026-27-official-uefa-v2","e9c9b5c5d0487ef49581c50bac6ed2847ee7d40bbf67a909b49a02145df8f376",6,"4dcbff6678a9bfe52301e9d581d51420e42d2cfbd6e1df0feda98a2572005321","uefa-nations-league-2026-27-v1","450962da0b9b12c3a84a1de98b75ae98f6358ea8068c4a02e248315cf4280b15","a8fafc601e4f04d797eeda7d13cc1cbfc0ea83657971385dcb04d134809c2083","0d4fa155bd77d1a8eb40e3dda1c25cfa22df2ecdea55fc9d2b00d27054be4d0d","2026-06-10T00:00:00Z","14e0e616d5f7997b6b069a1162e3b3e6d53aafcd3653277917dc4730b91f8c48"
"uefa_nations_league_2026_27","uefa_nations_league_2026_27-2047958","uefa_nations_league_2026_27-2047958","2026-10-02T16:00:00Z","2026-10-02T15:59:59Z","resolved","available","none","available","fitted","elo_diff","xgf_ewma_diffmissing_or_zero_variance|xga_ewma_diffmissing_or_zero_variance|xgd_ewma_diffmissing_or_zero_variance|form_index_diff","407a3e3d7ba5329021874a370aeae303669c5fe1afb2095be799b730a484f99f","phase14-open-nb-incumbent-calibrated-v1","0e89c2948c77b348c5b6d3832cf6d4e7721ca7794f8f68f857d6ae82b9fe7d50","/Users/davidzenz/R/xGelo/outputs/releases/phase14-open-nb-incumbent-calibrated-v1/release_manifest.csv","fc9a617e48969b5d524f9994bccb31de0cb028829b4c58a1999b77cf12c5a990","open_nb_incumbent","c65a4f90477e5b799e234d1a313ff333f6cce12cfc08de93e342d7718c252ff8","vector_w400_p0p010","be1392fd4b9fbfe747ea90c89a17413f72459d8ff708d6d80d1bf086973eb51e","2024-07-14","phase14-calibration-remediation-gate-v2","6eab1b1aa4998738a1ef021c74981d6489ca6a615ebbfcaafd35d781d735b852","2026-06-10","elo_ratings","2026-07-19T00:00:00Z","inactive_optional_unavailable","national_team_xg_sources.csv",0,"2026-11-12T19:44:59Z","inactive_optional_unavailable:no_accepted_national_team_xg_source","nl-2026-27-official-uefa-v2","e9c9b5c5d0487ef49581c50bac6ed2847ee7d40bbf67a909b49a02145df8f376",6,"4dcbff6678a9bfe52301e9d581d51420e42d2cfbd6e1df0feda98a2572005321","uefa-nations-league-2026-27-v1","450962da0b9b12c3a84a1de98b75ae98f6358ea8068c4a02e248315cf4280b15","a8fafc601e4f04d797eeda7d13cc1cbfc0ea83657971385dcb04d134809c2083","0d4fa155bd77d1a8eb40e3dda1c25cfa22df2ecdea55fc9d2b00d27054be4d0d","2026-06-10T00:00:00Z","b6a3d2671c628baefa768497a4701fbe6ad111f8a27c75983772650b26709e0c"
"uefa_nations_league_2026_27","uefa_nations_league_2026_27-2047959","uefa_nations_league_2026_27-2047959","2026-10-02T18:45:00Z","2026-10-02T18:44:59Z","resolved","available","none","available","fitted","elo_diff","xgf_ewma_diffmissing_or_zero_variance|xga_ewma_diffmissing_or_zero_variance|xgd_ewma_diffmissing_or_zero_variance|form_index_diff","407a3e3d7ba5329021874a370aeae303669c5fe1afb2095be799b730a484f99f","phase14-open-nb-incumbent-calibrated-v1","0e89c2948c77b348c5b6d3832cf6d4e7721ca7794f8f68f857d6ae82b9fe7d50","/Users/davidzenz/R/xGelo/outputs/releases/phase14-open-nb-incumbent-calibrated-v1/release_manifest.csv","fc9a617e48969b5d524f9994bccb31de0cb028829b4c58a1999b77cf12c5a990","open_nb_incumbent","c65a4f90477e5b799e234d1a313ff333f6cce12cfc08de93e342d7718c252ff8","vector_w400_p0p010","be1392fd4b9fbfe747ea90c89a17413f72459d8ff708d6d80d1bf086973eb51e","2024-07-14","phase14-calibration-remediation-gate-v2","6eab1b1aa4998738a1ef021c74981d6489ca6a615ebbfcaafd35d781d735b852","2026-06-10","elo_ratings","2026-07-19T00:00:00Z","inactive_optional_unavailable","national_team_xg_sources.csv",0,"2026-11-12T19:44:59Z","inactive_optional_unavailable:no_accepted_national_team_xg_source","nl-2026-27-official-uefa-v2","e9c9b5c5d0487ef49581c50bac6ed2847ee7d40bbf67a909b49a02145df8f376",6,"4dcbff6678a9bfe52301e9d581d51420e42d2cfbd6e1df0feda98a2572005321","uefa-nations-league-2026-27-v1","450962da0b9b12c3a84a1de98b75ae98f6358ea8068c4a02e248315cf4280b15","a8fafc601e4f04d797eeda7d13cc1cbfc0ea83657971385dcb04d134809c2083","0d4fa155bd77d1a8eb40e3dda1c25cfa22df2ecdea55fc9d2b00d27054be4d0d","2026-06-10T00:00:00Z","210d2bda8f7af664ba5bc625aab1628aca148cf703184ad52958cea9f8dc21a7"
"uefa_nations_league_2026_27","uefa_nations_league_2026_27-2047960","uefa_nations_league_2026_27-2047960","2026-10-02T18:45:00Z","2026-10-02T18:44:59Z","resolved","available","none","available","fitted","elo_diff","xgf_ewma_diffmissing_or_zero_variance|xga_ewma_diffmissing_or_zero_variance|xgd_ewma_diffmissing_or_zero_variance|form_index_diff","407a3e3d7ba5329021874a370aeae303669c5fe1afb2095be799b730a484f99f","phase14-open-nb-incumbent-calibrated-v1","0e89c2948c77b348c5b6d3832cf6d4e7721ca7794f8f68f857d6ae82b9fe7d50","/Users/davidzenz/R/xGelo/outputs/releases/phase14-open-nb-incumbent-calibrated-v1/release_manifest.csv","fc9a617e48969b5d524f9994bccb31de0cb028829b4c58a1999b77cf12c5a990","open_nb_incumbent","c65a4f90477e5b799e234d1a313ff333f6cce12cfc08de93e342d7718c252ff8","vector_w400_p0p010","be1392fd4b9fbfe747ea90c89a17413f72459d8ff708d6d80d1bf086973eb51e","2024-07-14","phase14-calibration-remediation-gate-v2","6eab1b1aa4998738a1ef021c74981d6489ca6a615ebbfcaafd35d781d735b852","2026-06-10","elo_ratings","2026-07-19T00:00:00Z","inactive_optional_unavailable","national_team_xg_sources.csv",0,"2026-11-12T19:44:59Z","inactive_optional_unavailable:no_accepted_national_team_xg_source","nl-2026-27-official-uefa-v2","e9c9b5c5d0487ef49581c50bac6ed2847ee7d40bbf67a909b49a02145df8f376",6,"4dcbff6678a9bfe52301e9d581d51420e42d2cfbd6e1df0feda98a2572005321","uefa-nations-league-2026-27-v1","450962da0b9b12c3a84a1de98b75ae98f6358ea8068c4a02e248315cf4280b15","a8fafc601e4f04d797eeda7d13cc1cbfc0ea83657971385dcb04d134809c2083","0d4fa155bd77d1a8eb40e3dda1c25cfa22df2ecdea55fc9d2b00d27054be4d0d","2026-06-10T00:00:00Z","f1bf802dca3fe37cce0556dc9ef34ab74a938aaafea278dccc1a8fea85a0e502"
"uefa_nations_league_2026_27","uefa_nations_league_2026_27-2047961","uefa_nations_league_2026_27-2047961","2026-10-02T18:45:00Z","2026-10-02T18:44:59Z","resolved","available","none","available","fitted","elo_diff","xgf_ewma_diffmissing_or_zero_variance|xga_ewma_diffmissing_or_zero_variance|xgd_ewma_diffmissing_or_zero_variance|form_index_diff","407a3e3d7ba5329021874a370aeae303669c5fe1afb2095be799b730a484f99f","phase14-open-nb-incumbent-calibrated-v1","0e89c2948c77b348c5b6d3832cf6d4e7721ca7794f8f68f857d6ae82b9fe7d50","/Users/davidzenz/R/xGelo/outputs/releases/phase14-open-nb-incumbent-calibrated-v1/release_manifest.csv","fc9a617e48969b5d524f9994bccb31de0cb028829b4c58a1999b77cf12c5a990","open_nb_incumbent","c65a4f90477e5b799e234d1a313ff333f6cce12cfc08de93e342d7718c252ff8","vector_w400_p0p010","be1392fd4b9fbfe747ea90c89a17413f72459d8ff708d6d80d1bf086973eb51e","2024-07-14","phase14-calibration-remediation-gate-v2","6eab1b1aa4998738a1ef021c74981d6489ca6a615ebbfcaafd35d781d735b852","2026-06-10","elo_ratings","2026-07-19T00:00:00Z","inactive_optional_unavailable","national_team_xg_sources.csv",0,"2026-11-12T19:44:59Z","inactive_optional_unavailable:no_accepted_national_team_xg_source","nl-2026-27-official-uefa-v2","e9c9b5c5d0487ef49581c50bac6ed2847ee7d40bbf67a909b49a02145df8f376",6,"4dcbff6678a9bfe52301e9d581d51420e42d2cfbd6e1df0feda98a2572005321","uefa-nations-league-2026-27-v1","450962da0b9b12c3a84a1de98b75ae98f6358ea8068c4a02e248315cf4280b15","a8fafc601e4f04d797eeda7d13cc1cbfc0ea83657971385dcb04d134809c2083","0d4fa155bd77d1a8eb40e3dda1c25cfa22df2ecdea55fc9d2b00d27054be4d0d","2026-06-10T00:00:00Z","58a5f26aee014995e550c7609544256ba4f18ade537867101d0897048a3b9459"
"uefa_nations_league_2026_27","uefa_nations_league_2026_27-2047962","uefa_nations_league_2026_27-2047962","2026-10-02T18:45:00Z","2026-10-02T18:44:59Z","resolved","available","none","available","fitted","elo_diff","xgf_ewma_diffmissing_or_zero_variance|xga_ewma_diffmissing_or_zero_variance|xgd_ewma_diffmissing_or_zero_variance|form_index_diff","407a3e3d7ba5329021874a370aeae303669c5fe1afb2095be799b730a484f99f","phase14-open-nb-incumbent-calibrated-v1","0e89c2948c77b348c5b6d3832cf6d4e7721ca7794f8f68f857d6ae82b9fe7d50","/Users/davidzenz/R/xGelo/outputs/releases/phase14-open-nb-incumbent-calibrated-v1/release_manifest.csv","fc9a617e48969b5d524f9994bccb31de0cb028829b4c58a1999b77cf12c5a990","open_nb_incumbent","c65a4f90477e5b799e234d1a313ff333f6cce12cfc08de93e342d7718c252ff8","vector_w400_p0p010","be1392fd4b9fbfe747ea90c89a17413f72459d8ff708d6d80d1bf086973eb51e","2024-07-14","phase14-calibration-remediation-gate-v2","6eab1b1aa4998738a1ef021c74981d6489ca6a615ebbfcaafd35d781d735b852","2026-06-10","elo_ratings","2026-07-19T00:00:00Z","inactive_optional_unavailable","national_team_xg_sources.csv",0,"2026-11-12T19:44:59Z","inactive_optional_unavailable:no_accepted_national_team_xg_source","nl-2026-27-official-uefa-v2","e9c9b5c5d0487ef49581c50bac6ed2847ee7d40bbf67a909b49a02145df8f376",6,"4dcbff6678a9bfe52301e9d581d51420e42d2cfbd6e1df0feda98a2572005321","uefa-nations-league-2026-27-v1","450962da0b9b12c3a84a1de98b75ae98f6358ea8068c4a02e248315cf4280b15","a8fafc601e4f04d797eeda7d13cc1cbfc0ea83657971385dcb04d134809c2083","0d4fa155bd77d1a8eb40e3dda1c25cfa22df2ecdea55fc9d2b00d27054be4d0d","2026-06-10T00:00:00Z","a985c3af540d39120069d7144b867775aeeccac0ee51e282cce5d18ae871506e"
"uefa_nations_league_2026_27","uefa_nations_league_2026_27-2047963","uefa_nations_league_2026_27-2047963","2026-10-02T18:45:00Z","2026-10-02T18:44:59Z","resolved","available","none","available","fitted","elo_diff","xgf_ewma_diffmissing_or_zero_variance|xga_ewma_diffmissing_or_zero_variance|xgd_ewma_diffmissing_or_zero_variance|form_index_diff","407a3e3d7ba5329021874a370aeae303669c5fe1afb2095be799b730a484f99f","phase14-open-nb-incumbent-calibrated-v1","0e89c2948c77b348c5b6d3832cf6d4e7721ca7794f8f68f857d6ae82b9fe7d50","/Users/davidzenz/R/xGelo/outputs/releases/phase14-open-nb-incumbent-calibrated-v1/release_manifest.csv","fc9a617e48969b5d524f9994bccb31de0cb028829b4c58a1999b77cf12c5a990","open_nb_incumbent","c65a4f90477e5b799e234d1a313ff333f6cce12cfc08de93e342d7718c252ff8","vector_w400_p0p010","be1392fd4b9fbfe747ea90c89a17413f72459d8ff708d6d80d1bf086973eb51e","2024-07-14","phase14-calibration-remediation-gate-v2","6eab1b1aa4998738a1ef021c74981d6489ca6a615ebbfcaafd35d781d735b852","2026-06-10","elo_ratings","2026-07-19T00:00:00Z","inactive_optional_unavailable","national_team_xg_sources.csv",0,"2026-11-12T19:44:59Z","inactive_optional_unavailable:no_accepted_national_team_xg_source","nl-2026-27-official-uefa-v2","e9c9b5c5d0487ef49581c50bac6ed2847ee7d40bbf67a909b49a02145df8f376",6,"4dcbff6678a9bfe52301e9d581d51420e42d2cfbd6e1df0feda98a2572005321","uefa-nations-league-2026-27-v1","450962da0b9b12c3a84a1de98b75ae98f6358ea8068c4a02e248315cf4280b15","a8fafc601e4f04d797eeda7d13cc1cbfc0ea83657971385dcb04d134809c2083","0d4fa155bd77d1a8eb40e3dda1c25cfa22df2ecdea55fc9d2b00d27054be4d0d","2026-06-10T00:00:00Z","b4d65c8dd03fbd8aa16eb9f1d65abf4a613229b4db6a885acec6c1ec8504776b"
"uefa_nations_league_2026_27","uefa_nations_league_2026_27-2047964","uefa_nations_league_2026_27-2047964","2026-10-02T18:45:00Z","2026-10-02T18:44:59Z","resolved","available","none","available","fitted","elo_diff","xgf_ewma_diffmissing_or_zero_variance|xga_ewma_diffmissing_or_zero_variance|xgd_ewma_diffmissing_or_zero_variance|form_index_diff","407a3e3d7ba5329021874a370aeae303669c5fe1afb2095be799b730a484f99f","phase14-open-nb-incumbent-calibrated-v1","0e89c2948c77b348c5b6d3832cf6d4e7721ca7794f8f68f857d6ae82b9fe7d50","/Users/davidzenz/R/xGelo/outputs/releases/phase14-open-nb-incumbent-calibrated-v1/release_manifest.csv","fc9a617e48969b5d524f9994bccb31de0cb028829b4c58a1999b77cf12c5a990","open_nb_incumbent","c65a4f90477e5b799e234d1a313ff333f6cce12cfc08de93e342d7718c252ff8","vector_w400_p0p010","be1392fd4b9fbfe747ea90c89a17413f72459d8ff708d6d80d1bf086973eb51e","2024-07-14","phase14-calibration-remediation-gate-v2","6eab1b1aa4998738a1ef021c74981d6489ca6a615ebbfcaafd35d781d735b852","2026-06-10","elo_ratings","2026-07-19T00:00:00Z","inactive_optional_unavailable","national_team_xg_sources.csv",0,"2026-11-12T19:44:59Z","inactive_optional_unavailable:no_accepted_national_team_xg_source","nl-2026-27-official-uefa-v2","e9c9b5c5d0487ef49581c50bac6ed2847ee7d40bbf67a909b49a02145df8f376",6,"4dcbff6678a9bfe52301e9d581d51420e42d2cfbd6e1df0feda98a2572005321","uefa-nations-league-2026-27-v1","450962da0b9b12c3a84a1de98b75ae98f6358ea8068c4a02e248315cf4280b15","a8fafc601e4f04d797eeda7d13cc1cbfc0ea83657971385dcb04d134809c2083","0d4fa155bd77d1a8eb40e3dda1c25cfa22df2ecdea55fc9d2b00d27054be4d0d","2026-06-10T00:00:00Z","51899d49bb21f79021d42360298cf491fc3b3ff98e179c5be1597099f547f1e6"
"uefa_nations_league_2026_27","uefa_nations_league_2026_27-2047965","uefa_nations_league_2026_27-2047965","2026-10-02T18:45:00Z","2026-10-02T18:44:59Z","resolved","available","none","available","fitted","elo_diff","xgf_ewma_diffmissing_or_zero_variance|xga_ewma_diffmissing_or_zero_variance|xgd_ewma_diffmissing_or_zero_variance|form_index_diff","407a3e3d7ba5329021874a370aeae303669c5fe1afb2095be799b730a484f99f","phase14-open-nb-incumbent-calibrated-v1","0e89c2948c77b348c5b6d3832cf6d4e7721ca7794f8f68f857d6ae82b9fe7d50","/Users/davidzenz/R/xGelo/outputs/releases/phase14-open-nb-incumbent-calibrated-v1/release_manifest.csv","fc9a617e48969b5d524f9994bccb31de0cb028829b4c58a1999b77cf12c5a990","open_nb_incumbent","c65a4f90477e5b799e234d1a313ff333f6cce12cfc08de93e342d7718c252ff8","vector_w400_p0p010","be1392fd4b9fbfe747ea90c89a17413f72459d8ff708d6d80d1bf086973eb51e","2024-07-14","phase14-calibration-remediation-gate-v2","6eab1b1aa4998738a1ef021c74981d6489ca6a615ebbfcaafd35d781d735b852","2026-06-10","elo_ratings","2026-07-19T00:00:00Z","inactive_optional_unavailable","national_team_xg_sources.csv",0,"2026-11-12T19:44:59Z","inactive_optional_unavailable:no_accepted_national_team_xg_source","nl-2026-27-official-uefa-v2","e9c9b5c5d0487ef49581c50bac6ed2847ee7d40bbf67a909b49a02145df8f376",6,"4dcbff6678a9bfe52301e9d581d51420e42d2cfbd6e1df0feda98a2572005321","uefa-nations-league-2026-27-v1","450962da0b9b12c3a84a1de98b75ae98f6358ea8068c4a02e248315cf4280b15","a8fafc601e4f04d797eeda7d13cc1cbfc0ea83657971385dcb04d134809c2083","0d4fa155bd77d1a8eb40e3dda1c25cfa22df2ecdea55fc9d2b00d27054be4d0d","2026-06-10T00:00:00Z","483a307dcb8f8f38348a1271d1bb8d9f740337110bb21310f9bb48e870d727f9"
"uefa_nations_league_2026_27","uefa_nations_league_2026_27-2047966","uefa_nations_league_2026_27-2047966","2026-10-02T16:00:00Z","2026-10-02T15:59:59Z","resolved","available","none","available","fitted","elo_diff","xgf_ewma_diffmissing_or_zero_variance|xga_ewma_diffmissing_or_zero_variance|xgd_ewma_diffmissing_or_zero_variance|form_index_diff","407a3e3d7ba5329021874a370aeae303669c5fe1afb2095be799b730a484f99f","phase14-open-nb-incumbent-calibrated-v1","0e89c2948c77b348c5b6d3832cf6d4e7721ca7794f8f68f857d6ae82b9fe7d50","/Users/davidzenz/R/xGelo/outputs/releases/phase14-open-nb-incumbent-calibrated-v1/release_manifest.csv","fc9a617e48969b5d524f9994bccb31de0cb028829b4c58a1999b77cf12c5a990","open_nb_incumbent","c65a4f90477e5b799e234d1a313ff333f6cce12cfc08de93e342d7718c252ff8","vector_w400_p0p010","be1392fd4b9fbfe747ea90c89a17413f72459d8ff708d6d80d1bf086973eb51e","2024-07-14","phase14-calibration-remediation-gate-v2","6eab1b1aa4998738a1ef021c74981d6489ca6a615ebbfcaafd35d781d735b852","2026-06-10","elo_ratings","2026-07-19T00:00:00Z","inactive_optional_unavailable","national_team_xg_sources.csv",0,"2026-11-12T19:44:59Z","inactive_optional_unavailable:no_accepted_national_team_xg_source","nl-2026-27-official-uefa-v2","e9c9b5c5d0487ef49581c50bac6ed2847ee7d40bbf67a909b49a02145df8f376",6,"4dcbff6678a9bfe52301e9d581d51420e42d2cfbd6e1df0feda98a2572005321","uefa-nations-league-2026-27-v1","450962da0b9b12c3a84a1de98b75ae98f6358ea8068c4a02e248315cf4280b15","a8fafc601e4f04d797eeda7d13cc1cbfc0ea83657971385dcb04d134809c2083","0d4fa155bd77d1a8eb40e3dda1c25cfa22df2ecdea55fc9d2b00d27054be4d0d","2026-06-10T00:00:00Z","f00aff1db60139d2578a87e367cd6672cb5ff791dd2a73d39de5c4d5cceb2504"
"uefa_nations_league_2026_27","uefa_nations_league_2026_27-2047967","uefa_nations_league_2026_27-2047967","2026-10-02T14:00:00Z","2026-10-02T13:59:59Z","resolved","available","none","available","fitted","elo_diff","xgf_ewma_diffmissing_or_zero_variance|xga_ewma_diffmissing_or_zero_variance|xgd_ewma_diffmissing_or_zero_variance|form_index_diff","407a3e3d7ba5329021874a370aeae303669c5fe1afb2095be799b730a484f99f","phase14-open-nb-incumbent-calibrated-v1","0e89c2948c77b348c5b6d3832cf6d4e7721ca7794f8f68f857d6ae82b9fe7d50","/Users/davidzenz/R/xGelo/outputs/releases/phase14-open-nb-incumbent-calibrated-v1/release_manifest.csv","fc9a617e48969b5d524f9994bccb31de0cb028829b4c58a1999b77cf12c5a990","open_nb_incumbent","c65a4f90477e5b799e234d1a313ff333f6cce12cfc08de93e342d7718c252ff8","vector_w400_p0p010","be1392fd4b9fbfe747ea90c89a17413f72459d8ff708d6d80d1bf086973eb51e","2024-07-14","phase14-calibration-remediation-gate-v2","6eab1b1aa4998738a1ef021c74981d6489ca6a615ebbfcaafd35d781d735b852","2026-06-10","elo_ratings","2026-07-19T00:00:00Z","inactive_optional_unavailable","national_team_xg_sources.csv",0,"2026-11-12T19:44:59Z","inactive_optional_unavailable:no_accepted_national_team_xg_source","nl-2026-27-official-uefa-v2","e9c9b5c5d0487ef49581c50bac6ed2847ee7d40bbf67a909b49a02145df8f376",6,"4dcbff6678a9bfe52301e9d581d51420e42d2cfbd6e1df0feda98a2572005321","uefa-nations-league-2026-27-v1","450962da0b9b12c3a84a1de98b75ae98f6358ea8068c4a02e248315cf4280b15","a8fafc601e4f04d797eeda7d13cc1cbfc0ea83657971385dcb04d134809c2083","0d4fa155bd77d1a8eb40e3dda1c25cfa22df2ecdea55fc9d2b00d27054be4d0d","2026-06-10T00:00:00Z","8b43263e305912fd84cf8f224733191aaad75d651fe60aad96cd6a967e31a85c"
"uefa_nations_league_2026_27","uefa_nations_league_2026_27-2047968","uefa_nations_league_2026_27-2047968","2026-10-03T16:00:00Z","2026-10-03T15:59:59Z","resolved","available","none","available","fitted","elo_diff","xgf_ewma_diffmissing_or_zero_variance|xga_ewma_diffmissing_or_zero_variance|xgd_ewma_diffmissing_or_zero_variance|form_index_diff","407a3e3d7ba5329021874a370aeae303669c5fe1afb2095be799b730a484f99f","phase14-open-nb-incumbent-calibrated-v1","0e89c2948c77b348c5b6d3832cf6d4e7721ca7794f8f68f857d6ae82b9fe7d50","/Users/davidzenz/R/xGelo/outputs/releases/phase14-open-nb-incumbent-calibrated-v1/release_manifest.csv","fc9a617e48969b5d524f9994bccb31de0cb028829b4c58a1999b77cf12c5a990","open_nb_incumbent","c65a4f90477e5b799e234d1a313ff333f6cce12cfc08de93e342d7718c252ff8","vector_w400_p0p010","be1392fd4b9fbfe747ea90c89a17413f72459d8ff708d6d80d1bf086973eb51e","2024-07-14","phase14-calibration-remediation-gate-v2","6eab1b1aa4998738a1ef021c74981d6489ca6a615ebbfcaafd35d781d735b852","2026-06-10","elo_ratings","2026-07-19T00:00:00Z","inactive_optional_unavailable","national_team_xg_sources.csv",0,"2026-11-12T19:44:59Z","inactive_optional_unavailable:no_accepted_national_team_xg_source","nl-2026-27-official-uefa-v2","e9c9b5c5d0487ef49581c50bac6ed2847ee7d40bbf67a909b49a02145df8f376",6,"4dcbff6678a9bfe52301e9d581d51420e42d2cfbd6e1df0feda98a2572005321","uefa-nations-league-2026-27-v1","450962da0b9b12c3a84a1de98b75ae98f6358ea8068c4a02e248315cf4280b15","a8fafc601e4f04d797eeda7d13cc1cbfc0ea83657971385dcb04d134809c2083","0d4fa155bd77d1a8eb40e3dda1c25cfa22df2ecdea55fc9d2b00d27054be4d0d","2026-06-10T00:00:00Z","c6e29aadc4f6b9e7e039b2fc850512f57eea8f82d16aece26e0c9f69ea3334f6"
"uefa_nations_league_2026_27","uefa_nations_league_2026_27-2047969","uefa_nations_league_2026_27-2047969","2026-10-03T16:00:00Z","2026-10-03T15:59:59Z","resolved","available","none","available","fitted","elo_diff","xgf_ewma_diffmissing_or_zero_variance|xga_ewma_diffmissing_or_zero_variance|xgd_ewma_diffmissing_or_zero_variance|form_index_diff","407a3e3d7ba5329021874a370aeae303669c5fe1afb2095be799b730a484f99f","phase14-open-nb-incumbent-calibrated-v1","0e89c2948c77b348c5b6d3832cf6d4e7721ca7794f8f68f857d6ae82b9fe7d50","/Users/davidzenz/R/xGelo/outputs/releases/phase14-open-nb-incumbent-calibrated-v1/release_manifest.csv","fc9a617e48969b5d524f9994bccb31de0cb028829b4c58a1999b77cf12c5a990","open_nb_incumbent","c65a4f90477e5b799e234d1a313ff333f6cce12cfc08de93e342d7718c252ff8","vector_w400_p0p010","be1392fd4b9fbfe747ea90c89a17413f72459d8ff708d6d80d1bf086973eb51e","2024-07-14","phase14-calibration-remediation-gate-v2","6eab1b1aa4998738a1ef021c74981d6489ca6a615ebbfcaafd35d781d735b852","2026-06-10","elo_ratings","2026-07-19T00:00:00Z","inactive_optional_unavailable","national_team_xg_sources.csv",0,"2026-11-12T19:44:59Z","inactive_optional_unavailable:no_accepted_national_team_xg_source","nl-2026-27-official-uefa-v2","e9c9b5c5d0487ef49581c50bac6ed2847ee7d40bbf67a909b49a02145df8f376",6,"4dcbff6678a9bfe52301e9d581d51420e42d2cfbd6e1df0feda98a2572005321","uefa-nations-league-2026-27-v1","450962da0b9b12c3a84a1de98b75ae98f6358ea8068c4a02e248315cf4280b15","a8fafc601e4f04d797eeda7d13cc1cbfc0ea83657971385dcb04d134809c2083","0d4fa155bd77d1a8eb40e3dda1c25cfa22df2ecdea55fc9d2b00d27054be4d0d","2026-06-10T00:00:00Z","545e152187d5b0e636f4e0c201f403422cb40fab4beb0219df9c373ba01a27f5"
"uefa_nations_league_2026_27","uefa_nations_league_2026_27-2047970","uefa_nations_league_2026_27-2047970","2026-10-03T13:00:00Z","2026-10-03T12:59:59Z","resolved","available","none","available","fitted","elo_diff","xgf_ewma_diffmissing_or_zero_variance|xga_ewma_diffmissing_or_zero_variance|xgd_ewma_diffmissing_or_zero_variance|form_index_diff","407a3e3d7ba5329021874a370aeae303669c5fe1afb2095be799b730a484f99f","phase14-open-nb-incumbent-calibrated-v1","0e89c2948c77b348c5b6d3832cf6d4e7721ca7794f8f68f857d6ae82b9fe7d50","/Users/davidzenz/R/xGelo/outputs/releases/phase14-open-nb-incumbent-calibrated-v1/release_manifest.csv","fc9a617e48969b5d524f9994bccb31de0cb028829b4c58a1999b77cf12c5a990","open_nb_incumbent","c65a4f90477e5b799e234d1a313ff333f6cce12cfc08de93e342d7718c252ff8","vector_w400_p0p010","be1392fd4b9fbfe747ea90c89a17413f72459d8ff708d6d80d1bf086973eb51e","2024-07-14","phase14-calibration-remediation-gate-v2","6eab1b1aa4998738a1ef021c74981d6489ca6a615ebbfcaafd35d781d735b852","2026-06-10","elo_ratings","2026-07-19T00:00:00Z","inactive_optional_unavailable","national_team_xg_sources.csv",0,"2026-11-12T19:44:59Z","inactive_optional_unavailable:no_accepted_national_team_xg_source","nl-2026-27-official-uefa-v2","e9c9b5c5d0487ef49581c50bac6ed2847ee7d40bbf67a909b49a02145df8f376",6,"4dcbff6678a9bfe52301e9d581d51420e42d2cfbd6e1df0feda98a2572005321","uefa-nations-league-2026-27-v1","450962da0b9b12c3a84a1de98b75ae98f6358ea8068c4a02e248315cf4280b15","a8fafc601e4f04d797eeda7d13cc1cbfc0ea83657971385dcb04d134809c2083","0d4fa155bd77d1a8eb40e3dda1c25cfa22df2ecdea55fc9d2b00d27054be4d0d","2026-06-10T00:00:00Z","e902ea89933c4296e4f232480093805135055a0f8df1543c75a78b2390511f26"
"uefa_nations_league_2026_27","uefa_nations_league_2026_27-2047971","uefa_nations_league_2026_27-2047971","2026-10-03T18:45:00Z","2026-10-03T18:44:59Z","resolved","available","none","available","fitted","elo_diff","xgf_ewma_diffmissing_or_zero_variance|xga_ewma_diffmissing_or_zero_variance|xgd_ewma_diffmissing_or_zero_variance|form_index_diff","407a3e3d7ba5329021874a370aeae303669c5fe1afb2095be799b730a484f99f","phase14-open-nb-incumbent-calibrated-v1","0e89c2948c77b348c5b6d3832cf6d4e7721ca7794f8f68f857d6ae82b9fe7d50","/Users/davidzenz/R/xGelo/outputs/releases/phase14-open-nb-incumbent-calibrated-v1/release_manifest.csv","fc9a617e48969b5d524f9994bccb31de0cb028829b4c58a1999b77cf12c5a990","open_nb_incumbent","c65a4f90477e5b799e234d1a313ff333f6cce12cfc08de93e342d7718c252ff8","vector_w400_p0p010","be1392fd4b9fbfe747ea90c89a17413f72459d8ff708d6d80d1bf086973eb51e","2024-07-14","phase14-calibration-remediation-gate-v2","6eab1b1aa4998738a1ef021c74981d6489ca6a615ebbfcaafd35d781d735b852","2026-06-10","elo_ratings","2026-07-19T00:00:00Z","inactive_optional_unavailable","national_team_xg_sources.csv",0,"2026-11-12T19:44:59Z","inactive_optional_unavailable:no_accepted_national_team_xg_source","nl-2026-27-official-uefa-v2","e9c9b5c5d0487ef49581c50bac6ed2847ee7d40bbf67a909b49a02145df8f376",6,"4dcbff6678a9bfe52301e9d581d51420e42d2cfbd6e1df0feda98a2572005321","uefa-nations-league-2026-27-v1","450962da0b9b12c3a84a1de98b75ae98f6358ea8068c4a02e248315cf4280b15","a8fafc601e4f04d797eeda7d13cc1cbfc0ea83657971385dcb04d134809c2083","0d4fa155bd77d1a8eb40e3dda1c25cfa22df2ecdea55fc9d2b00d27054be4d0d","2026-06-10T00:00:00Z","0f3d157589005bb741aca5a975785d831c39abf2eabeae230d18e61d20d00398"
"uefa_nations_league_2026_27","uefa_nations_league_2026_27-2047972","uefa_nations_league_2026_27-2047972","2026-10-03T18:45:00Z","2026-10-03T18:44:59Z","resolved","available","none","available","fitted","elo_diff","xgf_ewma_diffmissing_or_zero_variance|xga_ewma_diffmissing_or_zero_variance|xgd_ewma_diffmissing_or_zero_variance|form_index_diff","407a3e3d7ba5329021874a370aeae303669c5fe1afb2095be799b730a484f99f","phase14-open-nb-incumbent-calibrated-v1","0e89c2948c77b348c5b6d3832cf6d4e7721ca7794f8f68f857d6ae82b9fe7d50","/Users/davidzenz/R/xGelo/outputs/releases/phase14-open-nb-incumbent-calibrated-v1/release_manifest.csv","fc9a617e48969b5d524f9994bccb31de0cb028829b4c58a1999b77cf12c5a990","open_nb_incumbent","c65a4f90477e5b799e234d1a313ff333f6cce12cfc08de93e342d7718c252ff8","vector_w400_p0p010","be1392fd4b9fbfe747ea90c89a17413f72459d8ff708d6d80d1bf086973eb51e","2024-07-14","phase14-calibration-remediation-gate-v2","6eab1b1aa4998738a1ef021c74981d6489ca6a615ebbfcaafd35d781d735b852","2026-06-10","elo_ratings","2026-07-19T00:00:00Z","inactive_optional_unavailable","national_team_xg_sources.csv",0,"2026-11-12T19:44:59Z","inactive_optional_unavailable:no_accepted_national_team_xg_source","nl-2026-27-official-uefa-v2","e9c9b5c5d0487ef49581c50bac6ed2847ee7d40bbf67a909b49a02145df8f376",6,"4dcbff6678a9bfe52301e9d581d51420e42d2cfbd6e1df0feda98a2572005321","uefa-nations-league-2026-27-v1","450962da0b9b12c3a84a1de98b75ae98f6358ea8068c4a02e248315cf4280b15","a8fafc601e4f04d797eeda7d13cc1cbfc0ea83657971385dcb04d134809c2083","0d4fa155bd77d1a8eb40e3dda1c25cfa22df2ecdea55fc9d2b00d27054be4d0d","2026-06-10T00:00:00Z","86ddc7654d96f6aaa3079f059a3bb2b8331181ba432fc3e5b0b9b61de3adce04"
"uefa_nations_league_2026_27","uefa_nations_league_2026_27-2047973","uefa_nations_league_2026_27-2047973","2026-10-03T16:00:00Z","2026-10-03T15:59:59Z","resolved","available","none","available","fitted","elo_diff","xgf_ewma_diffmissing_or_zero_variance|xga_ewma_diffmissing_or_zero_variance|xgd_ewma_diffmissing_or_zero_variance|form_index_diff","407a3e3d7ba5329021874a370aeae303669c5fe1afb2095be799b730a484f99f","phase14-open-nb-incumbent-calibrated-v1","0e89c2948c77b348c5b6d3832cf6d4e7721ca7794f8f68f857d6ae82b9fe7d50","/Users/davidzenz/R/xGelo/outputs/releases/phase14-open-nb-incumbent-calibrated-v1/release_manifest.csv","fc9a617e48969b5d524f9994bccb31de0cb028829b4c58a1999b77cf12c5a990","open_nb_incumbent","c65a4f90477e5b799e234d1a313ff333f6cce12cfc08de93e342d7718c252ff8","vector_w400_p0p010","be1392fd4b9fbfe747ea90c89a17413f72459d8ff708d6d80d1bf086973eb51e","2024-07-14","phase14-calibration-remediation-gate-v2","6eab1b1aa4998738a1ef021c74981d6489ca6a615ebbfcaafd35d781d735b852","2026-06-10","elo_ratings","2026-07-19T00:00:00Z","inactive_optional_unavailable","national_team_xg_sources.csv",0,"2026-11-12T19:44:59Z","inactive_optional_unavailable:no_accepted_national_team_xg_source","nl-2026-27-official-uefa-v2","e9c9b5c5d0487ef49581c50bac6ed2847ee7d40bbf67a909b49a02145df8f376",6,"4dcbff6678a9bfe52301e9d581d51420e42d2cfbd6e1df0feda98a2572005321","uefa-nations-league-2026-27-v1","450962da0b9b12c3a84a1de98b75ae98f6358ea8068c4a02e248315cf4280b15","a8fafc601e4f04d797eeda7d13cc1cbfc0ea83657971385dcb04d134809c2083","0d4fa155bd77d1a8eb40e3dda1c25cfa22df2ecdea55fc9d2b00d27054be4d0d","2026-06-10T00:00:00Z","c10f16f2cddd28ae4bb7e9f782c0ad367ea5e129c0227a7de77ef8ccd708c4c1"
"uefa_nations_league_2026_27","uefa_nations_league_2026_27-2047974","uefa_nations_league_2026_27-2047974","2026-10-03T16:00:00Z","2026-10-03T15:59:59Z","resolved","available","none","available","fitted","elo_diff","xgf_ewma_diffmissing_or_zero_variance|xga_ewma_diffmissing_or_zero_variance|xgd_ewma_diffmissing_or_zero_variance|form_index_diff","407a3e3d7ba5329021874a370aeae303669c5fe1afb2095be799b730a484f99f","phase14-open-nb-incumbent-calibrated-v1","0e89c2948c77b348c5b6d3832cf6d4e7721ca7794f8f68f857d6ae82b9fe7d50","/Users/davidzenz/R/xGelo/outputs/releases/phase14-open-nb-incumbent-calibrated-v1/release_manifest.csv","fc9a617e48969b5d524f9994bccb31de0cb028829b4c58a1999b77cf12c5a990","open_nb_incumbent","c65a4f90477e5b799e234d1a313ff333f6cce12cfc08de93e342d7718c252ff8","vector_w400_p0p010","be1392fd4b9fbfe747ea90c89a17413f72459d8ff708d6d80d1bf086973eb51e","2024-07-14","phase14-calibration-remediation-gate-v2","6eab1b1aa4998738a1ef021c74981d6489ca6a615ebbfcaafd35d781d735b852","2026-06-10","elo_ratings","2026-07-19T00:00:00Z","inactive_optional_unavailable","national_team_xg_sources.csv",0,"2026-11-12T19:44:59Z","inactive_optional_unavailable:no_accepted_national_team_xg_source","nl-2026-27-official-uefa-v2","e9c9b5c5d0487ef49581c50bac6ed2847ee7d40bbf67a909b49a02145df8f376",6,"4dcbff6678a9bfe52301e9d581d51420e42d2cfbd6e1df0feda98a2572005321","uefa-nations-league-2026-27-v1","450962da0b9b12c3a84a1de98b75ae98f6358ea8068c4a02e248315cf4280b15","a8fafc601e4f04d797eeda7d13cc1cbfc0ea83657971385dcb04d134809c2083","0d4fa155bd77d1a8eb40e3dda1c25cfa22df2ecdea55fc9d2b00d27054be4d0d","2026-06-10T00:00:00Z","07f3da09c2edab8d50401efbaa981e9b1e453f3fb591eb48d0b20d61f567eb3a"
"uefa_nations_league_2026_27","uefa_nations_league_2026_27-2047975","uefa_nations_league_2026_27-2047975","2026-10-03T18:45:00Z","2026-10-03T18:44:59Z","resolved","available","none","available","fitted","elo_diff","xgf_ewma_diffmissing_or_zero_variance|xga_ewma_diffmissing_or_zero_variance|xgd_ewma_diffmissing_or_zero_variance|form_index_diff","407a3e3d7ba5329021874a370aeae303669c5fe1afb2095be799b730a484f99f","phase14-open-nb-incumbent-calibrated-v1","0e89c2948c77b348c5b6d3832cf6d4e7721ca7794f8f68f857d6ae82b9fe7d50","/Users/davidzenz/R/xGelo/outputs/releases/phase14-open-nb-incumbent-calibrated-v1/release_manifest.csv","fc9a617e48969b5d524f9994bccb31de0cb028829b4c58a1999b77cf12c5a990","open_nb_incumbent","c65a4f90477e5b799e234d1a313ff333f6cce12cfc08de93e342d7718c252ff8","vector_w400_p0p010","be1392fd4b9fbfe747ea90c89a17413f72459d8ff708d6d80d1bf086973eb51e","2024-07-14","phase14-calibration-remediation-gate-v2","6eab1b1aa4998738a1ef021c74981d6489ca6a615ebbfcaafd35d781d735b852","2026-06-10","elo_ratings","2026-07-19T00:00:00Z","inactive_optional_unavailable","national_team_xg_sources.csv",0,"2026-11-12T19:44:59Z","inactive_optional_unavailable:no_accepted_national_team_xg_source","nl-2026-27-official-uefa-v2","e9c9b5c5d0487ef49581c50bac6ed2847ee7d40bbf67a909b49a02145df8f376",6,"4dcbff6678a9bfe52301e9d581d51420e42d2cfbd6e1df0feda98a2572005321","uefa-nations-league-2026-27-v1","450962da0b9b12c3a84a1de98b75ae98f6358ea8068c4a02e248315cf4280b15","a8fafc601e4f04d797eeda7d13cc1cbfc0ea83657971385dcb04d134809c2083","0d4fa155bd77d1a8eb40e3dda1c25cfa22df2ecdea55fc9d2b00d27054be4d0d","2026-06-10T00:00:00Z","670cdb2e126c3ba4e39a04d1de0baf3ea79f041b678bc5e2393efd49658e18ed"
"uefa_nations_league_2026_27","uefa_nations_league_2026_27-2047976","uefa_nations_league_2026_27-2047976","2026-09-27T18:45:00Z","2026-09-27T18:44:59Z","resolved","suppressed","status_ineligible","available","fitted","elo_diff","xgf_ewma_diffmissing_or_zero_variance|xga_ewma_diffmissing_or_zero_variance|xgd_ewma_diffmissing_or_zero_variance|form_index_diff","407a3e3d7ba5329021874a370aeae303669c5fe1afb2095be799b730a484f99f","phase14-open-nb-incumbent-calibrated-v1","0e89c2948c77b348c5b6d3832cf6d4e7721ca7794f8f68f857d6ae82b9fe7d50","/Users/davidzenz/R/xGelo/outputs/releases/phase14-open-nb-incumbent-calibrated-v1/release_manifest.csv","fc9a617e48969b5d524f9994bccb31de0cb028829b4c58a1999b77cf12c5a990","open_nb_incumbent","c65a4f90477e5b799e234d1a313ff333f6cce12cfc08de93e342d7718c252ff8","vector_w400_p0p010","be1392fd4b9fbfe747ea90c89a17413f72459d8ff708d6d80d1bf086973eb51e","2024-07-14","phase14-calibration-remediation-gate-v2","6eab1b1aa4998738a1ef021c74981d6489ca6a615ebbfcaafd35d781d735b852","2026-06-10","elo_ratings","2026-07-19T00:00:00Z","inactive_optional_unavailable","national_team_xg_sources.csv",0,"2026-11-12T19:44:59Z","inactive_optional_unavailable:no_accepted_national_team_xg_source","nl-2026-27-official-uefa-v2","e9c9b5c5d0487ef49581c50bac6ed2847ee7d40bbf67a909b49a02145df8f376",6,"4dcbff6678a9bfe52301e9d581d51420e42d2cfbd6e1df0feda98a2572005321","uefa-nations-league-2026-27-v1","450962da0b9b12c3a84a1de98b75ae98f6358ea8068c4a02e248315cf4280b15","a8fafc601e4f04d797eeda7d13cc1cbfc0ea83657971385dcb04d134809c2083","0d4fa155bd77d1a8eb40e3dda1c25cfa22df2ecdea55fc9d2b00d27054be4d0d","2026-06-10T00:00:00Z","e8704a4832c82f9d79efaa21db29efb76e3aa5ffd76646ffce3522688f0e1594"
"uefa_nations_league_2026_27","uefa_nations_league_2026_27-2047977","uefa_nations_league_2026_27-2047977","2026-09-27T16:00:00Z","2026-09-27T15:59:59Z","resolved","suppressed","status_ineligible","available","fitted","elo_diff","xgf_ewma_diffmissing_or_zero_variance|xga_ewma_diffmissing_or_zero_variance|xgd_ewma_diffmissing_or_zero_variance|form_index_diff","407a3e3d7ba5329021874a370aeae303669c5fe1afb2095be799b730a484f99f","phase14-open-nb-incumbent-calibrated-v1","0e89c2948c77b348c5b6d3832cf6d4e7721ca7794f8f68f857d6ae82b9fe7d50","/Users/davidzenz/R/xGelo/outputs/releases/phase14-open-nb-incumbent-calibrated-v1/release_manifest.csv","fc9a617e48969b5d524f9994bccb31de0cb028829b4c58a1999b77cf12c5a990","open_nb_incumbent","c65a4f90477e5b799e234d1a313ff333f6cce12cfc08de93e342d7718c252ff8","vector_w400_p0p010","be1392fd4b9fbfe747ea90c89a17413f72459d8ff708d6d80d1bf086973eb51e","2024-07-14","phase14-calibration-remediation-gate-v2","6eab1b1aa4998738a1ef021c74981d6489ca6a615ebbfcaafd35d781d735b852","2026-06-10","elo_ratings","2026-07-19T00:00:00Z","inactive_optional_unavailable","national_team_xg_sources.csv",0,"2026-11-12T19:44:59Z","inactive_optional_unavailable:no_accepted_national_team_xg_source","nl-2026-27-official-uefa-v2","e9c9b5c5d0487ef49581c50bac6ed2847ee7d40bbf67a909b49a02145df8f376",6,"4dcbff6678a9bfe52301e9d581d51420e42d2cfbd6e1df0feda98a2572005321","uefa-nations-league-2026-27-v1","450962da0b9b12c3a84a1de98b75ae98f6358ea8068c4a02e248315cf4280b15","a8fafc601e4f04d797eeda7d13cc1cbfc0ea83657971385dcb04d134809c2083","0d4fa155bd77d1a8eb40e3dda1c25cfa22df2ecdea55fc9d2b00d27054be4d0d","2026-06-10T00:00:00Z","cffa56aca688d449b93ff4450c023367cbdc39ca68e7ea586fe3b21008849b95"
"uefa_nations_league_2026_27","uefa_nations_league_2026_27-2047978","uefa_nations_league_2026_27-2047978","2026-09-27T18:45:00Z","2026-09-27T18:44:59Z","resolved","suppressed","status_ineligible","available","fitted","elo_diff","xgf_ewma_diffmissing_or_zero_variance|xga_ewma_diffmissing_or_zero_variance|xgd_ewma_diffmissing_or_zero_variance|form_index_diff","407a3e3d7ba5329021874a370aeae303669c5fe1afb2095be799b730a484f99f","phase14-open-nb-incumbent-calibrated-v1","0e89c2948c77b348c5b6d3832cf6d4e7721ca7794f8f68f857d6ae82b9fe7d50","/Users/davidzenz/R/xGelo/outputs/releases/phase14-open-nb-incumbent-calibrated-v1/release_manifest.csv","fc9a617e48969b5d524f9994bccb31de0cb028829b4c58a1999b77cf12c5a990","open_nb_incumbent","c65a4f90477e5b799e234d1a313ff333f6cce12cfc08de93e342d7718c252ff8","vector_w400_p0p010","be1392fd4b9fbfe747ea90c89a17413f72459d8ff708d6d80d1bf086973eb51e","2024-07-14","phase14-calibration-remediation-gate-v2","6eab1b1aa4998738a1ef021c74981d6489ca6a615ebbfcaafd35d781d735b852","2026-06-10","elo_ratings","2026-07-19T00:00:00Z","inactive_optional_unavailable","national_team_xg_sources.csv",0,"2026-11-12T19:44:59Z","inactive_optional_unavailable:no_accepted_national_team_xg_source","nl-2026-27-official-uefa-v2","e9c9b5c5d0487ef49581c50bac6ed2847ee7d40bbf67a909b49a02145df8f376",6,"4dcbff6678a9bfe52301e9d581d51420e42d2cfbd6e1df0feda98a2572005321","uefa-nations-league-2026-27-v1","450962da0b9b12c3a84a1de98b75ae98f6358ea8068c4a02e248315cf4280b15","a8fafc601e4f04d797eeda7d13cc1cbfc0ea83657971385dcb04d134809c2083","0d4fa155bd77d1a8eb40e3dda1c25cfa22df2ecdea55fc9d2b00d27054be4d0d","2026-06-10T00:00:00Z","fbc2cab756cf27e46cc9b0762756b422a9a1775bcdaf27b0ec1549cfedddd85a"
"uefa_nations_league_2026_27","uefa_nations_league_2026_27-2047979","uefa_nations_league_2026_27-2047979","2026-09-27T16:00:00Z","2026-09-27T15:59:59Z","resolved","suppressed","status_ineligible","available","fitted","elo_diff","xgf_ewma_diffmissing_or_zero_variance|xga_ewma_diffmissing_or_zero_variance|xgd_ewma_diffmissing_or_zero_variance|form_index_diff","407a3e3d7ba5329021874a370aeae303669c5fe1afb2095be799b730a484f99f","phase14-open-nb-incumbent-calibrated-v1","0e89c2948c77b348c5b6d3832cf6d4e7721ca7794f8f68f857d6ae82b9fe7d50","/Users/davidzenz/R/xGelo/outputs/releases/phase14-open-nb-incumbent-calibrated-v1/release_manifest.csv","fc9a617e48969b5d524f9994bccb31de0cb028829b4c58a1999b77cf12c5a990","open_nb_incumbent","c65a4f90477e5b799e234d1a313ff333f6cce12cfc08de93e342d7718c252ff8","vector_w400_p0p010","be1392fd4b9fbfe747ea90c89a17413f72459d8ff708d6d80d1bf086973eb51e","2024-07-14","phase14-calibration-remediation-gate-v2","6eab1b1aa4998738a1ef021c74981d6489ca6a615ebbfcaafd35d781d735b852","2026-06-10","elo_ratings","2026-07-19T00:00:00Z","inactive_optional_unavailable","national_team_xg_sources.csv",0,"2026-11-12T19:44:59Z","inactive_optional_unavailable:no_accepted_national_team_xg_source","nl-2026-27-official-uefa-v2","e9c9b5c5d0487ef49581c50bac6ed2847ee7d40bbf67a909b49a02145df8f376",6,"4dcbff6678a9bfe52301e9d581d51420e42d2cfbd6e1df0feda98a2572005321","uefa-nations-league-2026-27-v1","450962da0b9b12c3a84a1de98b75ae98f6358ea8068c4a02e248315cf4280b15","a8fafc601e4f04d797eeda7d13cc1cbfc0ea83657971385dcb04d134809c2083","0d4fa155bd77d1a8eb40e3dda1c25cfa22df2ecdea55fc9d2b00d27054be4d0d","2026-06-10T00:00:00Z","cc8131cf5245fbb762b98075d604160b4d3292906191adf300ca7df114486b61"
"uefa_nations_league_2026_27","uefa_nations_league_2026_27-2047980","uefa_nations_league_2026_27-2047980","2026-09-27T16:00:00Z","2026-09-27T15:59:59Z","resolved","suppressed","status_ineligible","available","fitted","elo_diff","xgf_ewma_diffmissing_or_zero_variance|xga_ewma_diffmissing_or_zero_variance|xgd_ewma_diffmissing_or_zero_variance|form_index_diff","407a3e3d7ba5329021874a370aeae303669c5fe1afb2095be799b730a484f99f","phase14-open-nb-incumbent-calibrated-v1","0e89c2948c77b348c5b6d3832cf6d4e7721ca7794f8f68f857d6ae82b9fe7d50","/Users/davidzenz/R/xGelo/outputs/releases/phase14-open-nb-incumbent-calibrated-v1/release_manifest.csv","fc9a617e48969b5d524f9994bccb31de0cb028829b4c58a1999b77cf12c5a990","open_nb_incumbent","c65a4f90477e5b799e234d1a313ff333f6cce12cfc08de93e342d7718c252ff8","vector_w400_p0p010","be1392fd4b9fbfe747ea90c89a17413f72459d8ff708d6d80d1bf086973eb51e","2024-07-14","phase14-calibration-remediation-gate-v2","6eab1b1aa4998738a1ef021c74981d6489ca6a615ebbfcaafd35d781d735b852","2026-06-10","elo_ratings","2026-07-19T00:00:00Z","inactive_optional_unavailable","national_team_xg_sources.csv",0,"2026-11-12T19:44:59Z","inactive_optional_unavailable:no_accepted_national_team_xg_source","nl-2026-27-official-uefa-v2","e9c9b5c5d0487ef49581c50bac6ed2847ee7d40bbf67a909b49a02145df8f376",6,"4dcbff6678a9bfe52301e9d581d51420e42d2cfbd6e1df0feda98a2572005321","uefa-nations-league-2026-27-v1","450962da0b9b12c3a84a1de98b75ae98f6358ea8068c4a02e248315cf4280b15","a8fafc601e4f04d797eeda7d13cc1cbfc0ea83657971385dcb04d134809c2083","0d4fa155bd77d1a8eb40e3dda1c25cfa22df2ecdea55fc9d2b00d27054be4d0d","2026-06-10T00:00:00Z","7185196c9de7d0dab9f8881e789475f476f4b7777a1310be3da84d868893070b"
"uefa_nations_league_2026_27","uefa_nations_league_2026_27-2047981","uefa_nations_league_2026_27-2047981","2026-09-27T16:00:00Z","2026-09-27T15:59:59Z","resolved","suppressed","status_ineligible","available","fitted","elo_diff","xgf_ewma_diffmissing_or_zero_variance|xga_ewma_diffmissing_or_zero_variance|xgd_ewma_diffmissing_or_zero_variance|form_index_diff","407a3e3d7ba5329021874a370aeae303669c5fe1afb2095be799b730a484f99f","phase14-open-nb-incumbent-calibrated-v1","0e89c2948c77b348c5b6d3832cf6d4e7721ca7794f8f68f857d6ae82b9fe7d50","/Users/davidzenz/R/xGelo/outputs/releases/phase14-open-nb-incumbent-calibrated-v1/release_manifest.csv","fc9a617e48969b5d524f9994bccb31de0cb028829b4c58a1999b77cf12c5a990","open_nb_incumbent","c65a4f90477e5b799e234d1a313ff333f6cce12cfc08de93e342d7718c252ff8","vector_w400_p0p010","be1392fd4b9fbfe747ea90c89a17413f72459d8ff708d6d80d1bf086973eb51e","2024-07-14","phase14-calibration-remediation-gate-v2","6eab1b1aa4998738a1ef021c74981d6489ca6a615ebbfcaafd35d781d735b852","2026-06-10","elo_ratings","2026-07-19T00:00:00Z","inactive_optional_unavailable","national_team_xg_sources.csv",0,"2026-11-12T19:44:59Z","inactive_optional_unavailable:no_accepted_national_team_xg_source","nl-2026-27-official-uefa-v2","e9c9b5c5d0487ef49581c50bac6ed2847ee7d40bbf67a909b49a02145df8f376",6,"4dcbff6678a9bfe52301e9d581d51420e42d2cfbd6e1df0feda98a2572005321","uefa-nations-league-2026-27-v1","450962da0b9b12c3a84a1de98b75ae98f6358ea8068c4a02e248315cf4280b15","a8fafc601e4f04d797eeda7d13cc1cbfc0ea83657971385dcb04d134809c2083","0d4fa155bd77d1a8eb40e3dda1c25cfa22df2ecdea55fc9d2b00d27054be4d0d","2026-06-10T00:00:00Z","42577b0288c174f4660c2d383da1d6bb7191a6e9673086e5aaff6a9664d42451"
"uefa_nations_league_2026_27","uefa_nations_league_2026_27-2047982","uefa_nations_league_2026_27-2047982","2026-09-27T18:45:00Z","2026-09-27T18:44:59Z","resolved","suppressed","status_ineligible","available","fitted","elo_diff","xgf_ewma_diffmissing_or_zero_variance|xga_ewma_diffmissing_or_zero_variance|xgd_ewma_diffmissing_or_zero_variance|form_index_diff","407a3e3d7ba5329021874a370aeae303669c5fe1afb2095be799b730a484f99f","phase14-open-nb-incumbent-calibrated-v1","0e89c2948c77b348c5b6d3832cf6d4e7721ca7794f8f68f857d6ae82b9fe7d50","/Users/davidzenz/R/xGelo/outputs/releases/phase14-open-nb-incumbent-calibrated-v1/release_manifest.csv","fc9a617e48969b5d524f9994bccb31de0cb028829b4c58a1999b77cf12c5a990","open_nb_incumbent","c65a4f90477e5b799e234d1a313ff333f6cce12cfc08de93e342d7718c252ff8","vector_w400_p0p010","be1392fd4b9fbfe747ea90c89a17413f72459d8ff708d6d80d1bf086973eb51e","2024-07-14","phase14-calibration-remediation-gate-v2","6eab1b1aa4998738a1ef021c74981d6489ca6a615ebbfcaafd35d781d735b852","2026-06-10","elo_ratings","2026-07-19T00:00:00Z","inactive_optional_unavailable","national_team_xg_sources.csv",0,"2026-11-12T19:44:59Z","inactive_optional_unavailable:no_accepted_national_team_xg_source","nl-2026-27-official-uefa-v2","e9c9b5c5d0487ef49581c50bac6ed2847ee7d40bbf67a909b49a02145df8f376",6,"4dcbff6678a9bfe52301e9d581d51420e42d2cfbd6e1df0feda98a2572005321","uefa-nations-league-2026-27-v1","450962da0b9b12c3a84a1de98b75ae98f6358ea8068c4a02e248315cf4280b15","a8fafc601e4f04d797eeda7d13cc1cbfc0ea83657971385dcb04d134809c2083","0d4fa155bd77d1a8eb40e3dda1c25cfa22df2ecdea55fc9d2b00d27054be4d0d","2026-06-10T00:00:00Z","535fe8b3a827529d6d2d1e6740bf905585b52ede1be2f1b22ee31f7d92b9fbcb"
"uefa_nations_league_2026_27","uefa_nations_league_2026_27-2047983","uefa_nations_league_2026_27-2047983","2026-09-27T13:00:00Z","2026-09-27T12:59:59Z","resolved","suppressed","status_ineligible","available","fitted","elo_diff","xgf_ewma_diffmissing_or_zero_variance|xga_ewma_diffmissing_or_zero_variance|xgd_ewma_diffmissing_or_zero_variance|form_index_diff","407a3e3d7ba5329021874a370aeae303669c5fe1afb2095be799b730a484f99f","phase14-open-nb-incumbent-calibrated-v1","0e89c2948c77b348c5b6d3832cf6d4e7721ca7794f8f68f857d6ae82b9fe7d50","/Users/davidzenz/R/xGelo/outputs/releases/phase14-open-nb-incumbent-calibrated-v1/release_manifest.csv","fc9a617e48969b5d524f9994bccb31de0cb028829b4c58a1999b77cf12c5a990","open_nb_incumbent","c65a4f90477e5b799e234d1a313ff333f6cce12cfc08de93e342d7718c252ff8","vector_w400_p0p010","be1392fd4b9fbfe747ea90c89a17413f72459d8ff708d6d80d1bf086973eb51e","2024-07-14","phase14-calibration-remediation-gate-v2","6eab1b1aa4998738a1ef021c74981d6489ca6a615ebbfcaafd35d781d735b852","2026-06-10","elo_ratings","2026-07-19T00:00:00Z","inactive_optional_unavailable","national_team_xg_sources.csv",0,"2026-11-12T19:44:59Z","inactive_optional_unavailable:no_accepted_national_team_xg_source","nl-2026-27-official-uefa-v2","e9c9b5c5d0487ef49581c50bac6ed2847ee7d40bbf67a909b49a02145df8f376",6,"4dcbff6678a9bfe52301e9d581d51420e42d2cfbd6e1df0feda98a2572005321","uefa-nations-league-2026-27-v1","450962da0b9b12c3a84a1de98b75ae98f6358ea8068c4a02e248315cf4280b15","a8fafc601e4f04d797eeda7d13cc1cbfc0ea83657971385dcb04d134809c2083","0d4fa155bd77d1a8eb40e3dda1c25cfa22df2ecdea55fc9d2b00d27054be4d0d","2026-06-10T00:00:00Z","7bcc8f3cd0cf84ef4c6b6eafde187533e4af6e2e7ae42c17543e9c98245553d1"
"uefa_nations_league_2026_27","uefa_nations_league_2026_27-2047984","uefa_nations_league_2026_27-2047984","2026-09-28T18:45:00Z","2026-09-28T18:44:59Z","resolved","available","none","available","fitted","elo_diff","xgf_ewma_diffmissing_or_zero_variance|xga_ewma_diffmissing_or_zero_variance|xgd_ewma_diffmissing_or_zero_variance|form_index_diff","407a3e3d7ba5329021874a370aeae303669c5fe1afb2095be799b730a484f99f","phase14-open-nb-incumbent-calibrated-v1","0e89c2948c77b348c5b6d3832cf6d4e7721ca7794f8f68f857d6ae82b9fe7d50","/Users/davidzenz/R/xGelo/outputs/releases/phase14-open-nb-incumbent-calibrated-v1/release_manifest.csv","fc9a617e48969b5d524f9994bccb31de0cb028829b4c58a1999b77cf12c5a990","open_nb_incumbent","c65a4f90477e5b799e234d1a313ff333f6cce12cfc08de93e342d7718c252ff8","vector_w400_p0p010","be1392fd4b9fbfe747ea90c89a17413f72459d8ff708d6d80d1bf086973eb51e","2024-07-14","phase14-calibration-remediation-gate-v2","6eab1b1aa4998738a1ef021c74981d6489ca6a615ebbfcaafd35d781d735b852","2026-06-10","elo_ratings","2026-07-19T00:00:00Z","inactive_optional_unavailable","national_team_xg_sources.csv",0,"2026-11-12T19:44:59Z","inactive_optional_unavailable:no_accepted_national_team_xg_source","nl-2026-27-official-uefa-v2","e9c9b5c5d0487ef49581c50bac6ed2847ee7d40bbf67a909b49a02145df8f376",6,"4dcbff6678a9bfe52301e9d581d51420e42d2cfbd6e1df0feda98a2572005321","uefa-nations-league-2026-27-v1","450962da0b9b12c3a84a1de98b75ae98f6358ea8068c4a02e248315cf4280b15","a8fafc601e4f04d797eeda7d13cc1cbfc0ea83657971385dcb04d134809c2083","0d4fa155bd77d1a8eb40e3dda1c25cfa22df2ecdea55fc9d2b00d27054be4d0d","2026-06-10T00:00:00Z","aee0b8770b211a6df008337780fe3285210cb4aa126453d0e7320c985d0b919b"
"uefa_nations_league_2026_27","uefa_nations_league_2026_27-2047985","uefa_nations_league_2026_27-2047985","2026-09-28T18:45:00Z","2026-09-28T18:44:59Z","resolved","available","none","available","fitted","elo_diff","xgf_ewma_diffmissing_or_zero_variance|xga_ewma_diffmissing_or_zero_variance|xgd_ewma_diffmissing_or_zero_variance|form_index_diff","407a3e3d7ba5329021874a370aeae303669c5fe1afb2095be799b730a484f99f","phase14-open-nb-incumbent-calibrated-v1","0e89c2948c77b348c5b6d3832cf6d4e7721ca7794f8f68f857d6ae82b9fe7d50","/Users/davidzenz/R/xGelo/outputs/releases/phase14-open-nb-incumbent-calibrated-v1/release_manifest.csv","fc9a617e48969b5d524f9994bccb31de0cb028829b4c58a1999b77cf12c5a990","open_nb_incumbent","c65a4f90477e5b799e234d1a313ff333f6cce12cfc08de93e342d7718c252ff8","vector_w400_p0p010","be1392fd4b9fbfe747ea90c89a17413f72459d8ff708d6d80d1bf086973eb51e","2024-07-14","phase14-calibration-remediation-gate-v2","6eab1b1aa4998738a1ef021c74981d6489ca6a615ebbfcaafd35d781d735b852","2026-06-10","elo_ratings","2026-07-19T00:00:00Z","inactive_optional_unavailable","national_team_xg_sources.csv",0,"2026-11-12T19:44:59Z","inactive_optional_unavailable:no_accepted_national_team_xg_source","nl-2026-27-official-uefa-v2","e9c9b5c5d0487ef49581c50bac6ed2847ee7d40bbf67a909b49a02145df8f376",6,"4dcbff6678a9bfe52301e9d581d51420e42d2cfbd6e1df0feda98a2572005321","uefa-nations-league-2026-27-v1","450962da0b9b12c3a84a1de98b75ae98f6358ea8068c4a02e248315cf4280b15","a8fafc601e4f04d797eeda7d13cc1cbfc0ea83657971385dcb04d134809c2083","0d4fa155bd77d1a8eb40e3dda1c25cfa22df2ecdea55fc9d2b00d27054be4d0d","2026-06-10T00:00:00Z","0e19ad120b1e4f8b686c63ac97c1630eb88eeb4b706a326dca383916e6253162"
"uefa_nations_league_2026_27","uefa_nations_league_2026_27-2047986","uefa_nations_league_2026_27-2047986","2026-09-28T18:45:00Z","2026-09-28T18:44:59Z","resolved","available","none","available","fitted","elo_diff","xgf_ewma_diffmissing_or_zero_variance|xga_ewma_diffmissing_or_zero_variance|xgd_ewma_diffmissing_or_zero_variance|form_index_diff","407a3e3d7ba5329021874a370aeae303669c5fe1afb2095be799b730a484f99f","phase14-open-nb-incumbent-calibrated-v1","0e89c2948c77b348c5b6d3832cf6d4e7721ca7794f8f68f857d6ae82b9fe7d50","/Users/davidzenz/R/xGelo/outputs/releases/phase14-open-nb-incumbent-calibrated-v1/release_manifest.csv","fc9a617e48969b5d524f9994bccb31de0cb028829b4c58a1999b77cf12c5a990","open_nb_incumbent","c65a4f90477e5b799e234d1a313ff333f6cce12cfc08de93e342d7718c252ff8","vector_w400_p0p010","be1392fd4b9fbfe747ea90c89a17413f72459d8ff708d6d80d1bf086973eb51e","2024-07-14","phase14-calibration-remediation-gate-v2","6eab1b1aa4998738a1ef021c74981d6489ca6a615ebbfcaafd35d781d735b852","2026-06-10","elo_ratings","2026-07-19T00:00:00Z","inactive_optional_unavailable","national_team_xg_sources.csv",0,"2026-11-12T19:44:59Z","inactive_optional_unavailable:no_accepted_national_team_xg_source","nl-2026-27-official-uefa-v2","e9c9b5c5d0487ef49581c50bac6ed2847ee7d40bbf67a909b49a02145df8f376",6,"4dcbff6678a9bfe52301e9d581d51420e42d2cfbd6e1df0feda98a2572005321","uefa-nations-league-2026-27-v1","450962da0b9b12c3a84a1de98b75ae98f6358ea8068c4a02e248315cf4280b15","a8fafc601e4f04d797eeda7d13cc1cbfc0ea83657971385dcb04d134809c2083","0d4fa155bd77d1a8eb40e3dda1c25cfa22df2ecdea55fc9d2b00d27054be4d0d","2026-06-10T00:00:00Z","4e858fc4c44b5493a3f8ad46b7945603025d8dade10272d92ce63195fbf81c68"
"uefa_nations_league_2026_27","uefa_nations_league_2026_27-2047987","uefa_nations_league_2026_27-2047987","2026-09-28T16:00:00Z","2026-09-28T15:59:59Z","resolved","suppressed","status_ineligible","available","fitted","elo_diff","xgf_ewma_diffmissing_or_zero_variance|xga_ewma_diffmissing_or_zero_variance|xgd_ewma_diffmissing_or_zero_variance|form_index_diff","407a3e3d7ba5329021874a370aeae303669c5fe1afb2095be799b730a484f99f","phase14-open-nb-incumbent-calibrated-v1","0e89c2948c77b348c5b6d3832cf6d4e7721ca7794f8f68f857d6ae82b9fe7d50","/Users/davidzenz/R/xGelo/outputs/releases/phase14-open-nb-incumbent-calibrated-v1/release_manifest.csv","fc9a617e48969b5d524f9994bccb31de0cb028829b4c58a1999b77cf12c5a990","open_nb_incumbent","c65a4f90477e5b799e234d1a313ff333f6cce12cfc08de93e342d7718c252ff8","vector_w400_p0p010","be1392fd4b9fbfe747ea90c89a17413f72459d8ff708d6d80d1bf086973eb51e","2024-07-14","phase14-calibration-remediation-gate-v2","6eab1b1aa4998738a1ef021c74981d6489ca6a615ebbfcaafd35d781d735b852","2026-06-10","elo_ratings","2026-07-19T00:00:00Z","inactive_optional_unavailable","national_team_xg_sources.csv",0,"2026-11-12T19:44:59Z","inactive_optional_unavailable:no_accepted_national_team_xg_source","nl-2026-27-official-uefa-v2","e9c9b5c5d0487ef49581c50bac6ed2847ee7d40bbf67a909b49a02145df8f376",6,"4dcbff6678a9bfe52301e9d581d51420e42d2cfbd6e1df0feda98a2572005321","uefa-nations-league-2026-27-v1","450962da0b9b12c3a84a1de98b75ae98f6358ea8068c4a02e248315cf4280b15","a8fafc601e4f04d797eeda7d13cc1cbfc0ea83657971385dcb04d134809c2083","0d4fa155bd77d1a8eb40e3dda1c25cfa22df2ecdea55fc9d2b00d27054be4d0d","2026-06-10T00:00:00Z","fc40e00fcc196b7af67f18da8e151424bebab810d2af38cc2644431318e5387a"
"uefa_nations_league_2026_27","uefa_nations_league_2026_27-2047988","uefa_nations_league_2026_27-2047988","2026-09-28T16:00:00Z","2026-09-28T15:59:59Z","resolved","suppressed","status_ineligible","available","fitted","elo_diff","xgf_ewma_diffmissing_or_zero_variance|xga_ewma_diffmissing_or_zero_variance|xgd_ewma_diffmissing_or_zero_variance|form_index_diff","407a3e3d7ba5329021874a370aeae303669c5fe1afb2095be799b730a484f99f","phase14-open-nb-incumbent-calibrated-v1","0e89c2948c77b348c5b6d3832cf6d4e7721ca7794f8f68f857d6ae82b9fe7d50","/Users/davidzenz/R/xGelo/outputs/releases/phase14-open-nb-incumbent-calibrated-v1/release_manifest.csv","fc9a617e48969b5d524f9994bccb31de0cb028829b4c58a1999b77cf12c5a990","open_nb_incumbent","c65a4f90477e5b799e234d1a313ff333f6cce12cfc08de93e342d7718c252ff8","vector_w400_p0p010","be1392fd4b9fbfe747ea90c89a17413f72459d8ff708d6d80d1bf086973eb51e","2024-07-14","phase14-calibration-remediation-gate-v2","6eab1b1aa4998738a1ef021c74981d6489ca6a615ebbfcaafd35d781d735b852","2026-06-10","elo_ratings","2026-07-19T00:00:00Z","inactive_optional_unavailable","national_team_xg_sources.csv",0,"2026-11-12T19:44:59Z","inactive_optional_unavailable:no_accepted_national_team_xg_source","nl-2026-27-official-uefa-v2","e9c9b5c5d0487ef49581c50bac6ed2847ee7d40bbf67a909b49a02145df8f376",6,"4dcbff6678a9bfe52301e9d581d51420e42d2cfbd6e1df0feda98a2572005321","uefa-nations-league-2026-27-v1","450962da0b9b12c3a84a1de98b75ae98f6358ea8068c4a02e248315cf4280b15","a8fafc601e4f04d797eeda7d13cc1cbfc0ea83657971385dcb04d134809c2083","0d4fa155bd77d1a8eb40e3dda1c25cfa22df2ecdea55fc9d2b00d27054be4d0d","2026-06-10T00:00:00Z","bdeeb372fc8a5611e8a55593c4d016f064bbf12170a5efeb7b1db46943a246e7"
"uefa_nations_league_2026_27","uefa_nations_league_2026_27-2047989","uefa_nations_league_2026_27-2047989","2026-09-28T18:45:00Z","2026-09-28T18:44:59Z","resolved","available","none","available","fitted","elo_diff","xgf_ewma_diffmissing_or_zero_variance|xga_ewma_diffmissing_or_zero_variance|xgd_ewma_diffmissing_or_zero_variance|form_index_diff","407a3e3d7ba5329021874a370aeae303669c5fe1afb2095be799b730a484f99f","phase14-open-nb-incumbent-calibrated-v1","0e89c2948c77b348c5b6d3832cf6d4e7721ca7794f8f68f857d6ae82b9fe7d50","/Users/davidzenz/R/xGelo/outputs/releases/phase14-open-nb-incumbent-calibrated-v1/release_manifest.csv","fc9a617e48969b5d524f9994bccb31de0cb028829b4c58a1999b77cf12c5a990","open_nb_incumbent","c65a4f90477e5b799e234d1a313ff333f6cce12cfc08de93e342d7718c252ff8","vector_w400_p0p010","be1392fd4b9fbfe747ea90c89a17413f72459d8ff708d6d80d1bf086973eb51e","2024-07-14","phase14-calibration-remediation-gate-v2","6eab1b1aa4998738a1ef021c74981d6489ca6a615ebbfcaafd35d781d735b852","2026-06-10","elo_ratings","2026-07-19T00:00:00Z","inactive_optional_unavailable","national_team_xg_sources.csv",0,"2026-11-12T19:44:59Z","inactive_optional_unavailable:no_accepted_national_team_xg_source","nl-2026-27-official-uefa-v2","e9c9b5c5d0487ef49581c50bac6ed2847ee7d40bbf67a909b49a02145df8f376",6,"4dcbff6678a9bfe52301e9d581d51420e42d2cfbd6e1df0feda98a2572005321","uefa-nations-league-2026-27-v1","450962da0b9b12c3a84a1de98b75ae98f6358ea8068c4a02e248315cf4280b15","a8fafc601e4f04d797eeda7d13cc1cbfc0ea83657971385dcb04d134809c2083","0d4fa155bd77d1a8eb40e3dda1c25cfa22df2ecdea55fc9d2b00d27054be4d0d","2026-06-10T00:00:00Z","9ee82649da1f009d39a757c5828afbe36a0c8e88ba4cf3bb2e675ca624312654"
"uefa_nations_league_2026_27","uefa_nations_league_2026_27-2047990","uefa_nations_league_2026_27-2047990","2026-09-28T18:45:00Z","2026-09-28T18:44:59Z","resolved","available","none","available","fitted","elo_diff","xgf_ewma_diffmissing_or_zero_variance|xga_ewma_diffmissing_or_zero_variance|xgd_ewma_diffmissing_or_zero_variance|form_index_diff","407a3e3d7ba5329021874a370aeae303669c5fe1afb2095be799b730a484f99f","phase14-open-nb-incumbent-calibrated-v1","0e89c2948c77b348c5b6d3832cf6d4e7721ca7794f8f68f857d6ae82b9fe7d50","/Users/davidzenz/R/xGelo/outputs/releases/phase14-open-nb-incumbent-calibrated-v1/release_manifest.csv","fc9a617e48969b5d524f9994bccb31de0cb028829b4c58a1999b77cf12c5a990","open_nb_incumbent","c65a4f90477e5b799e234d1a313ff333f6cce12cfc08de93e342d7718c252ff8","vector_w400_p0p010","be1392fd4b9fbfe747ea90c89a17413f72459d8ff708d6d80d1bf086973eb51e","2024-07-14","phase14-calibration-remediation-gate-v2","6eab1b1aa4998738a1ef021c74981d6489ca6a615ebbfcaafd35d781d735b852","2026-06-10","elo_ratings","2026-07-19T00:00:00Z","inactive_optional_unavailable","national_team_xg_sources.csv",0,"2026-11-12T19:44:59Z","inactive_optional_unavailable:no_accepted_national_team_xg_source","nl-2026-27-official-uefa-v2","e9c9b5c5d0487ef49581c50bac6ed2847ee7d40bbf67a909b49a02145df8f376",6,"4dcbff6678a9bfe52301e9d581d51420e42d2cfbd6e1df0feda98a2572005321","uefa-nations-league-2026-27-v1","450962da0b9b12c3a84a1de98b75ae98f6358ea8068c4a02e248315cf4280b15","a8fafc601e4f04d797eeda7d13cc1cbfc0ea83657971385dcb04d134809c2083","0d4fa155bd77d1a8eb40e3dda1c25cfa22df2ecdea55fc9d2b00d27054be4d0d","2026-06-10T00:00:00Z","49bb1692b7ffd336e1cd8c5a2763b7a32edc2d8232ed2c98a9008911d1ad7d5c"
"uefa_nations_league_2026_27","uefa_nations_league_2026_27-2047991","uefa_nations_league_2026_27-2047991","2026-09-28T16:00:00Z","2026-09-28T15:59:59Z","resolved","suppressed","status_ineligible","available","fitted","elo_diff","xgf_ewma_diffmissing_or_zero_variance|xga_ewma_diffmissing_or_zero_variance|xgd_ewma_diffmissing_or_zero_variance|form_index_diff","407a3e3d7ba5329021874a370aeae303669c5fe1afb2095be799b730a484f99f","phase14-open-nb-incumbent-calibrated-v1","0e89c2948c77b348c5b6d3832cf6d4e7721ca7794f8f68f857d6ae82b9fe7d50","/Users/davidzenz/R/xGelo/outputs/releases/phase14-open-nb-incumbent-calibrated-v1/release_manifest.csv","fc9a617e48969b5d524f9994bccb31de0cb028829b4c58a1999b77cf12c5a990","open_nb_incumbent","c65a4f90477e5b799e234d1a313ff333f6cce12cfc08de93e342d7718c252ff8","vector_w400_p0p010","be1392fd4b9fbfe747ea90c89a17413f72459d8ff708d6d80d1bf086973eb51e","2024-07-14","phase14-calibration-remediation-gate-v2","6eab1b1aa4998738a1ef021c74981d6489ca6a615ebbfcaafd35d781d735b852","2026-06-10","elo_ratings","2026-07-19T00:00:00Z","inactive_optional_unavailable","national_team_xg_sources.csv",0,"2026-11-12T19:44:59Z","inactive_optional_unavailable:no_accepted_national_team_xg_source","nl-2026-27-official-uefa-v2","e9c9b5c5d0487ef49581c50bac6ed2847ee7d40bbf67a909b49a02145df8f376",6,"4dcbff6678a9bfe52301e9d581d51420e42d2cfbd6e1df0feda98a2572005321","uefa-nations-league-2026-27-v1","450962da0b9b12c3a84a1de98b75ae98f6358ea8068c4a02e248315cf4280b15","a8fafc601e4f04d797eeda7d13cc1cbfc0ea83657971385dcb04d134809c2083","0d4fa155bd77d1a8eb40e3dda1c25cfa22df2ecdea55fc9d2b00d27054be4d0d","2026-06-10T00:00:00Z","d81698543e82e5503f1e2e362b82a8253f0d9df406d3f1dd08a192822dc47f85"
"uefa_nations_league_2026_27","uefa_nations_league_2026_27-2047992","uefa_nations_league_2026_27-2047992","2026-09-29T18:45:00Z","2026-09-29T18:44:59Z","resolved","available","none","available","fitted","elo_diff","xgf_ewma_diffmissing_or_zero_variance|xga_ewma_diffmissing_or_zero_variance|xgd_ewma_diffmissing_or_zero_variance|form_index_diff","407a3e3d7ba5329021874a370aeae303669c5fe1afb2095be799b730a484f99f","phase14-open-nb-incumbent-calibrated-v1","0e89c2948c77b348c5b6d3832cf6d4e7721ca7794f8f68f857d6ae82b9fe7d50","/Users/davidzenz/R/xGelo/outputs/releases/phase14-open-nb-incumbent-calibrated-v1/release_manifest.csv","fc9a617e48969b5d524f9994bccb31de0cb028829b4c58a1999b77cf12c5a990","open_nb_incumbent","c65a4f90477e5b799e234d1a313ff333f6cce12cfc08de93e342d7718c252ff8","vector_w400_p0p010","be1392fd4b9fbfe747ea90c89a17413f72459d8ff708d6d80d1bf086973eb51e","2024-07-14","phase14-calibration-remediation-gate-v2","6eab1b1aa4998738a1ef021c74981d6489ca6a615ebbfcaafd35d781d735b852","2026-06-10","elo_ratings","2026-07-19T00:00:00Z","inactive_optional_unavailable","national_team_xg_sources.csv",0,"2026-11-12T19:44:59Z","inactive_optional_unavailable:no_accepted_national_team_xg_source","nl-2026-27-official-uefa-v2","e9c9b5c5d0487ef49581c50bac6ed2847ee7d40bbf67a909b49a02145df8f376",6,"4dcbff6678a9bfe52301e9d581d51420e42d2cfbd6e1df0feda98a2572005321","uefa-nations-league-2026-27-v1","450962da0b9b12c3a84a1de98b75ae98f6358ea8068c4a02e248315cf4280b15","a8fafc601e4f04d797eeda7d13cc1cbfc0ea83657971385dcb04d134809c2083","0d4fa155bd77d1a8eb40e3dda1c25cfa22df2ecdea55fc9d2b00d27054be4d0d","2026-06-10T00:00:00Z","2f68c7a3f7c6ae0ebcb3da616121c6bea38d3a51c617102c78ad95f82f6046a7"
"uefa_nations_league_2026_27","uefa_nations_league_2026_27-2047993","uefa_nations_league_2026_27-2047993","2026-09-29T16:00:00Z","2026-09-29T15:59:59Z","resolved","available","none","available","fitted","elo_diff","xgf_ewma_diffmissing_or_zero_variance|xga_ewma_diffmissing_or_zero_variance|xgd_ewma_diffmissing_or_zero_variance|form_index_diff","407a3e3d7ba5329021874a370aeae303669c5fe1afb2095be799b730a484f99f","phase14-open-nb-incumbent-calibrated-v1","0e89c2948c77b348c5b6d3832cf6d4e7721ca7794f8f68f857d6ae82b9fe7d50","/Users/davidzenz/R/xGelo/outputs/releases/phase14-open-nb-incumbent-calibrated-v1/release_manifest.csv","fc9a617e48969b5d524f9994bccb31de0cb028829b4c58a1999b77cf12c5a990","open_nb_incumbent","c65a4f90477e5b799e234d1a313ff333f6cce12cfc08de93e342d7718c252ff8","vector_w400_p0p010","be1392fd4b9fbfe747ea90c89a17413f72459d8ff708d6d80d1bf086973eb51e","2024-07-14","phase14-calibration-remediation-gate-v2","6eab1b1aa4998738a1ef021c74981d6489ca6a615ebbfcaafd35d781d735b852","2026-06-10","elo_ratings","2026-07-19T00:00:00Z","inactive_optional_unavailable","national_team_xg_sources.csv",0,"2026-11-12T19:44:59Z","inactive_optional_unavailable:no_accepted_national_team_xg_source","nl-2026-27-official-uefa-v2","e9c9b5c5d0487ef49581c50bac6ed2847ee7d40bbf67a909b49a02145df8f376",6,"4dcbff6678a9bfe52301e9d581d51420e42d2cfbd6e1df0feda98a2572005321","uefa-nations-league-2026-27-v1","450962da0b9b12c3a84a1de98b75ae98f6358ea8068c4a02e248315cf4280b15","a8fafc601e4f04d797eeda7d13cc1cbfc0ea83657971385dcb04d134809c2083","0d4fa155bd77d1a8eb40e3dda1c25cfa22df2ecdea55fc9d2b00d27054be4d0d","2026-06-10T00:00:00Z","dd26e1865150279e87e7bc9df22fb34cb8bfd11c798c247048954ba8580b9c2b"
"uefa_nations_league_2026_27","uefa_nations_league_2026_27-2047994","uefa_nations_league_2026_27-2047994","2026-09-29T16:00:00Z","2026-09-29T15:59:59Z","resolved","available","none","available","fitted","elo_diff","xgf_ewma_diffmissing_or_zero_variance|xga_ewma_diffmissing_or_zero_variance|xgd_ewma_diffmissing_or_zero_variance|form_index_diff","407a3e3d7ba5329021874a370aeae303669c5fe1afb2095be799b730a484f99f","phase14-open-nb-incumbent-calibrated-v1","0e89c2948c77b348c5b6d3832cf6d4e7721ca7794f8f68f857d6ae82b9fe7d50","/Users/davidzenz/R/xGelo/outputs/releases/phase14-open-nb-incumbent-calibrated-v1/release_manifest.csv","fc9a617e48969b5d524f9994bccb31de0cb028829b4c58a1999b77cf12c5a990","open_nb_incumbent","c65a4f90477e5b799e234d1a313ff333f6cce12cfc08de93e342d7718c252ff8","vector_w400_p0p010","be1392fd4b9fbfe747ea90c89a17413f72459d8ff708d6d80d1bf086973eb51e","2024-07-14","phase14-calibration-remediation-gate-v2","6eab1b1aa4998738a1ef021c74981d6489ca6a615ebbfcaafd35d781d735b852","2026-06-10","elo_ratings","2026-07-19T00:00:00Z","inactive_optional_unavailable","national_team_xg_sources.csv",0,"2026-11-12T19:44:59Z","inactive_optional_unavailable:no_accepted_national_team_xg_source","nl-2026-27-official-uefa-v2","e9c9b5c5d0487ef49581c50bac6ed2847ee7d40bbf67a909b49a02145df8f376",6,"4dcbff6678a9bfe52301e9d581d51420e42d2cfbd6e1df0feda98a2572005321","uefa-nations-league-2026-27-v1","450962da0b9b12c3a84a1de98b75ae98f6358ea8068c4a02e248315cf4280b15","a8fafc601e4f04d797eeda7d13cc1cbfc0ea83657971385dcb04d134809c2083","0d4fa155bd77d1a8eb40e3dda1c25cfa22df2ecdea55fc9d2b00d27054be4d0d","2026-06-10T00:00:00Z","ab82ecce7ffad61676a11e98af1dac69ed8ae96988d4a6bb3657a77673565101"
"uefa_nations_league_2026_27","uefa_nations_league_2026_27-2047995","uefa_nations_league_2026_27-2047995","2026-09-29T18:45:00Z","2026-09-29T18:44:59Z","resolved","available","none","available","fitted","elo_diff","xgf_ewma_diffmissing_or_zero_variance|xga_ewma_diffmissing_or_zero_variance|xgd_ewma_diffmissing_or_zero_variance|form_index_diff","407a3e3d7ba5329021874a370aeae303669c5fe1afb2095be799b730a484f99f","phase14-open-nb-incumbent-calibrated-v1","0e89c2948c77b348c5b6d3832cf6d4e7721ca7794f8f68f857d6ae82b9fe7d50","/Users/davidzenz/R/xGelo/outputs/releases/phase14-open-nb-incumbent-calibrated-v1/release_manifest.csv","fc9a617e48969b5d524f9994bccb31de0cb028829b4c58a1999b77cf12c5a990","open_nb_incumbent","c65a4f90477e5b799e234d1a313ff333f6cce12cfc08de93e342d7718c252ff8","vector_w400_p0p010","be1392fd4b9fbfe747ea90c89a17413f72459d8ff708d6d80d1bf086973eb51e","2024-07-14","phase14-calibration-remediation-gate-v2","6eab1b1aa4998738a1ef021c74981d6489ca6a615ebbfcaafd35d781d735b852","2026-06-10","elo_ratings","2026-07-19T00:00:00Z","inactive_optional_unavailable","national_team_xg_sources.csv",0,"2026-11-12T19:44:59Z","inactive_optional_unavailable:no_accepted_national_team_xg_source","nl-2026-27-official-uefa-v2","e9c9b5c5d0487ef49581c50bac6ed2847ee7d40bbf67a909b49a02145df8f376",6,"4dcbff6678a9bfe52301e9d581d51420e42d2cfbd6e1df0feda98a2572005321","uefa-nations-league-2026-27-v1","450962da0b9b12c3a84a1de98b75ae98f6358ea8068c4a02e248315cf4280b15","a8fafc601e4f04d797eeda7d13cc1cbfc0ea83657971385dcb04d134809c2083","0d4fa155bd77d1a8eb40e3dda1c25cfa22df2ecdea55fc9d2b00d27054be4d0d","2026-06-10T00:00:00Z","c504fdbb7ec8561c798551c61894fbf39aeb78c43b7d7b545decc941ad457857"
"uefa_nations_league_2026_27","uefa_nations_league_2026_27-2047996","uefa_nations_league_2026_27-2047996","2026-09-29T18:45:00Z","2026-09-29T18:44:59Z","resolved","available","none","available","fitted","elo_diff","xgf_ewma_diffmissing_or_zero_variance|xga_ewma_diffmissing_or_zero_variance|xgd_ewma_diffmissing_or_zero_variance|form_index_diff","407a3e3d7ba5329021874a370aeae303669c5fe1afb2095be799b730a484f99f","phase14-open-nb-incumbent-calibrated-v1","0e89c2948c77b348c5b6d3832cf6d4e7721ca7794f8f68f857d6ae82b9fe7d50","/Users/davidzenz/R/xGelo/outputs/releases/phase14-open-nb-incumbent-calibrated-v1/release_manifest.csv","fc9a617e48969b5d524f9994bccb31de0cb028829b4c58a1999b77cf12c5a990","open_nb_incumbent","c65a4f90477e5b799e234d1a313ff333f6cce12cfc08de93e342d7718c252ff8","vector_w400_p0p010","be1392fd4b9fbfe747ea90c89a17413f72459d8ff708d6d80d1bf086973eb51e","2024-07-14","phase14-calibration-remediation-gate-v2","6eab1b1aa4998738a1ef021c74981d6489ca6a615ebbfcaafd35d781d735b852","2026-06-10","elo_ratings","2026-07-19T00:00:00Z","inactive_optional_unavailable","national_team_xg_sources.csv",0,"2026-11-12T19:44:59Z","inactive_optional_unavailable:no_accepted_national_team_xg_source","nl-2026-27-official-uefa-v2","e9c9b5c5d0487ef49581c50bac6ed2847ee7d40bbf67a909b49a02145df8f376",6,"4dcbff6678a9bfe52301e9d581d51420e42d2cfbd6e1df0feda98a2572005321","uefa-nations-league-2026-27-v1","450962da0b9b12c3a84a1de98b75ae98f6358ea8068c4a02e248315cf4280b15","a8fafc601e4f04d797eeda7d13cc1cbfc0ea83657971385dcb04d134809c2083","0d4fa155bd77d1a8eb40e3dda1c25cfa22df2ecdea55fc9d2b00d27054be4d0d","2026-06-10T00:00:00Z","c1a1d3cf749bd53f5f18bebbd468ce82b1cb1a4eae2b22e8f2aa3231ad3b379f"
"uefa_nations_league_2026_27","uefa_nations_league_2026_27-2047997","uefa_nations_league_2026_27-2047997","2026-09-29T18:45:00Z","2026-09-29T18:44:59Z","resolved","available","none","available","fitted","elo_diff","xgf_ewma_diffmissing_or_zero_variance|xga_ewma_diffmissing_or_zero_variance|xgd_ewma_diffmissing_or_zero_variance|form_index_diff","407a3e3d7ba5329021874a370aeae303669c5fe1afb2095be799b730a484f99f","phase14-open-nb-incumbent-calibrated-v1","0e89c2948c77b348c5b6d3832cf6d4e7721ca7794f8f68f857d6ae82b9fe7d50","/Users/davidzenz/R/xGelo/outputs/releases/phase14-open-nb-incumbent-calibrated-v1/release_manifest.csv","fc9a617e48969b5d524f9994bccb31de0cb028829b4c58a1999b77cf12c5a990","open_nb_incumbent","c65a4f90477e5b799e234d1a313ff333f6cce12cfc08de93e342d7718c252ff8","vector_w400_p0p010","be1392fd4b9fbfe747ea90c89a17413f72459d8ff708d6d80d1bf086973eb51e","2024-07-14","phase14-calibration-remediation-gate-v2","6eab1b1aa4998738a1ef021c74981d6489ca6a615ebbfcaafd35d781d735b852","2026-06-10","elo_ratings","2026-07-19T00:00:00Z","inactive_optional_unavailable","national_team_xg_sources.csv",0,"2026-11-12T19:44:59Z","inactive_optional_unavailable:no_accepted_national_team_xg_source","nl-2026-27-official-uefa-v2","e9c9b5c5d0487ef49581c50bac6ed2847ee7d40bbf67a909b49a02145df8f376",6,"4dcbff6678a9bfe52301e9d581d51420e42d2cfbd6e1df0feda98a2572005321","uefa-nations-league-2026-27-v1","450962da0b9b12c3a84a1de98b75ae98f6358ea8068c4a02e248315cf4280b15","a8fafc601e4f04d797eeda7d13cc1cbfc0ea83657971385dcb04d134809c2083","0d4fa155bd77d1a8eb40e3dda1c25cfa22df2ecdea55fc9d2b00d27054be4d0d","2026-06-10T00:00:00Z","1dc1a5f36eaaf44e3e80c0ee65de9a5e5da0b97f2fe80b96810a6b02cc5590a9"
"uefa_nations_league_2026_27","uefa_nations_league_2026_27-2047998","uefa_nations_league_2026_27-2047998","2026-09-29T18:45:00Z","2026-09-29T18:44:59Z","resolved","available","none","available","fitted","elo_diff","xgf_ewma_diffmissing_or_zero_variance|xga_ewma_diffmissing_or_zero_variance|xgd_ewma_diffmissing_or_zero_variance|form_index_diff","407a3e3d7ba5329021874a370aeae303669c5fe1afb2095be799b730a484f99f","phase14-open-nb-incumbent-calibrated-v1","0e89c2948c77b348c5b6d3832cf6d4e7721ca7794f8f68f857d6ae82b9fe7d50","/Users/davidzenz/R/xGelo/outputs/releases/phase14-open-nb-incumbent-calibrated-v1/release_manifest.csv","fc9a617e48969b5d524f9994bccb31de0cb028829b4c58a1999b77cf12c5a990","open_nb_incumbent","c65a4f90477e5b799e234d1a313ff333f6cce12cfc08de93e342d7718c252ff8","vector_w400_p0p010","be1392fd4b9fbfe747ea90c89a17413f72459d8ff708d6d80d1bf086973eb51e","2024-07-14","phase14-calibration-remediation-gate-v2","6eab1b1aa4998738a1ef021c74981d6489ca6a615ebbfcaafd35d781d735b852","2026-06-10","elo_ratings","2026-07-19T00:00:00Z","inactive_optional_unavailable","national_team_xg_sources.csv",0,"2026-11-12T19:44:59Z","inactive_optional_unavailable:no_accepted_national_team_xg_source","nl-2026-27-official-uefa-v2","e9c9b5c5d0487ef49581c50bac6ed2847ee7d40bbf67a909b49a02145df8f376",6,"4dcbff6678a9bfe52301e9d581d51420e42d2cfbd6e1df0feda98a2572005321","uefa-nations-league-2026-27-v1","450962da0b9b12c3a84a1de98b75ae98f6358ea8068c4a02e248315cf4280b15","a8fafc601e4f04d797eeda7d13cc1cbfc0ea83657971385dcb04d134809c2083","0d4fa155bd77d1a8eb40e3dda1c25cfa22df2ecdea55fc9d2b00d27054be4d0d","2026-06-10T00:00:00Z","116b3440d83385ab800453779160748fbd1959b351fd95c4156c389bca434fc0"
"uefa_nations_league_2026_27","uefa_nations_league_2026_27-2047999","uefa_nations_league_2026_27-2047999","2026-09-29T18:45:00Z","2026-09-29T18:44:59Z","resolved","available","none","available","fitted","elo_diff","xgf_ewma_diffmissing_or_zero_variance|xga_ewma_diffmissing_or_zero_variance|xgd_ewma_diffmissing_or_zero_variance|form_index_diff","407a3e3d7ba5329021874a370aeae303669c5fe1afb2095be799b730a484f99f","phase14-open-nb-incumbent-calibrated-v1","0e89c2948c77b348c5b6d3832cf6d4e7721ca7794f8f68f857d6ae82b9fe7d50","/Users/davidzenz/R/xGelo/outputs/releases/phase14-open-nb-incumbent-calibrated-v1/release_manifest.csv","fc9a617e48969b5d524f9994bccb31de0cb028829b4c58a1999b77cf12c5a990","open_nb_incumbent","c65a4f90477e5b799e234d1a313ff333f6cce12cfc08de93e342d7718c252ff8","vector_w400_p0p010","be1392fd4b9fbfe747ea90c89a17413f72459d8ff708d6d80d1bf086973eb51e","2024-07-14","phase14-calibration-remediation-gate-v2","6eab1b1aa4998738a1ef021c74981d6489ca6a615ebbfcaafd35d781d735b852","2026-06-10","elo_ratings","2026-07-19T00:00:00Z","inactive_optional_unavailable","national_team_xg_sources.csv",0,"2026-11-12T19:44:59Z","inactive_optional_unavailable:no_accepted_national_team_xg_source","nl-2026-27-official-uefa-v2","e9c9b5c5d0487ef49581c50bac6ed2847ee7d40bbf67a909b49a02145df8f376",6,"4dcbff6678a9bfe52301e9d581d51420e42d2cfbd6e1df0feda98a2572005321","uefa-nations-league-2026-27-v1","450962da0b9b12c3a84a1de98b75ae98f6358ea8068c4a02e248315cf4280b15","a8fafc601e4f04d797eeda7d13cc1cbfc0ea83657971385dcb04d134809c2083","0d4fa155bd77d1a8eb40e3dda1c25cfa22df2ecdea55fc9d2b00d27054be4d0d","2026-06-10T00:00:00Z","2e8bc5d9f5615c78bce5060df839d707ba3c297736b9a761898e49605aafc69e"
"uefa_nations_league_2026_27","uefa_nations_league_2026_27-2048000","uefa_nations_league_2026_27-2048000","2026-09-29T18:45:00Z","2026-09-29T18:44:59Z","resolved","available","none","available","fitted","elo_diff","xgf_ewma_diffmissing_or_zero_variance|xga_ewma_diffmissing_or_zero_variance|xgd_ewma_diffmissing_or_zero_variance|form_index_diff","407a3e3d7ba5329021874a370aeae303669c5fe1afb2095be799b730a484f99f","phase14-open-nb-incumbent-calibrated-v1","0e89c2948c77b348c5b6d3832cf6d4e7721ca7794f8f68f857d6ae82b9fe7d50","/Users/davidzenz/R/xGelo/outputs/releases/phase14-open-nb-incumbent-calibrated-v1/release_manifest.csv","fc9a617e48969b5d524f9994bccb31de0cb028829b4c58a1999b77cf12c5a990","open_nb_incumbent","c65a4f90477e5b799e234d1a313ff333f6cce12cfc08de93e342d7718c252ff8","vector_w400_p0p010","be1392fd4b9fbfe747ea90c89a17413f72459d8ff708d6d80d1bf086973eb51e","2024-07-14","phase14-calibration-remediation-gate-v2","6eab1b1aa4998738a1ef021c74981d6489ca6a615ebbfcaafd35d781d735b852","2026-06-10","elo_ratings","2026-07-19T00:00:00Z","inactive_optional_unavailable","national_team_xg_sources.csv",0,"2026-11-12T19:44:59Z","inactive_optional_unavailable:no_accepted_national_team_xg_source","nl-2026-27-official-uefa-v2","e9c9b5c5d0487ef49581c50bac6ed2847ee7d40bbf67a909b49a02145df8f376",6,"4dcbff6678a9bfe52301e9d581d51420e42d2cfbd6e1df0feda98a2572005321","uefa-nations-league-2026-27-v1","450962da0b9b12c3a84a1de98b75ae98f6358ea8068c4a02e248315cf4280b15","a8fafc601e4f04d797eeda7d13cc1cbfc0ea83657971385dcb04d134809c2083","0d4fa155bd77d1a8eb40e3dda1c25cfa22df2ecdea55fc9d2b00d27054be4d0d","2026-06-10T00:00:00Z","41bd4cb956a14e7f16f4a7926741e3600a44116b4c6ec5defd6cb61089cdbf4f"
"uefa_nations_league_2026_27","uefa_nations_league_2026_27-2048001","uefa_nations_league_2026_27-2048001","2026-09-29T18:45:00Z","2026-09-29T18:44:59Z","resolved","available","none","available","fitted","elo_diff","xgf_ewma_diffmissing_or_zero_variance|xga_ewma_diffmissing_or_zero_variance|xgd_ewma_diffmissing_or_zero_variance|form_index_diff","407a3e3d7ba5329021874a370aeae303669c5fe1afb2095be799b730a484f99f","phase14-open-nb-incumbent-calibrated-v1","0e89c2948c77b348c5b6d3832cf6d4e7721ca7794f8f68f857d6ae82b9fe7d50","/Users/davidzenz/R/xGelo/outputs/releases/phase14-open-nb-incumbent-calibrated-v1/release_manifest.csv","fc9a617e48969b5d524f9994bccb31de0cb028829b4c58a1999b77cf12c5a990","open_nb_incumbent","c65a4f90477e5b799e234d1a313ff333f6cce12cfc08de93e342d7718c252ff8","vector_w400_p0p010","be1392fd4b9fbfe747ea90c89a17413f72459d8ff708d6d80d1bf086973eb51e","2024-07-14","phase14-calibration-remediation-gate-v2","6eab1b1aa4998738a1ef021c74981d6489ca6a615ebbfcaafd35d781d735b852","2026-06-10","elo_ratings","2026-07-19T00:00:00Z","inactive_optional_unavailable","national_team_xg_sources.csv",0,"2026-11-12T19:44:59Z","inactive_optional_unavailable:no_accepted_national_team_xg_source","nl-2026-27-official-uefa-v2","e9c9b5c5d0487ef49581c50bac6ed2847ee7d40bbf67a909b49a02145df8f376",6,"4dcbff6678a9bfe52301e9d581d51420e42d2cfbd6e1df0feda98a2572005321","uefa-nations-league-2026-27-v1","450962da0b9b12c3a84a1de98b75ae98f6358ea8068c4a02e248315cf4280b15","a8fafc601e4f04d797eeda7d13cc1cbfc0ea83657971385dcb04d134809c2083","0d4fa155bd77d1a8eb40e3dda1c25cfa22df2ecdea55fc9d2b00d27054be4d0d","2026-06-10T00:00:00Z","2f1cf4699503fe48515b5aaabe94114505f09342e93dc6213f4d58f3e3ae0e68"
"uefa_nations_league_2026_27","uefa_nations_league_2026_27-2048002","uefa_nations_league_2026_27-2048002","2026-09-24T18:45:00Z","2026-09-24T18:44:59Z","resolved","suppressed","status_ineligible","available","fitted","elo_diff","xgf_ewma_diffmissing_or_zero_variance|xga_ewma_diffmissing_or_zero_variance|xgd_ewma_diffmissing_or_zero_variance|form_index_diff","407a3e3d7ba5329021874a370aeae303669c5fe1afb2095be799b730a484f99f","phase14-open-nb-incumbent-calibrated-v1","0e89c2948c77b348c5b6d3832cf6d4e7721ca7794f8f68f857d6ae82b9fe7d50","/Users/davidzenz/R/xGelo/outputs/releases/phase14-open-nb-incumbent-calibrated-v1/release_manifest.csv","fc9a617e48969b5d524f9994bccb31de0cb028829b4c58a1999b77cf12c5a990","open_nb_incumbent","c65a4f90477e5b799e234d1a313ff333f6cce12cfc08de93e342d7718c252ff8","vector_w400_p0p010","be1392fd4b9fbfe747ea90c89a17413f72459d8ff708d6d80d1bf086973eb51e","2024-07-14","phase14-calibration-remediation-gate-v2","6eab1b1aa4998738a1ef021c74981d6489ca6a615ebbfcaafd35d781d735b852","2026-06-10","elo_ratings","2026-07-19T00:00:00Z","inactive_optional_unavailable","national_team_xg_sources.csv",0,"2026-11-12T19:44:59Z","inactive_optional_unavailable:no_accepted_national_team_xg_source","nl-2026-27-official-uefa-v2","e9c9b5c5d0487ef49581c50bac6ed2847ee7d40bbf67a909b49a02145df8f376",6,"4dcbff6678a9bfe52301e9d581d51420e42d2cfbd6e1df0feda98a2572005321","uefa-nations-league-2026-27-v1","450962da0b9b12c3a84a1de98b75ae98f6358ea8068c4a02e248315cf4280b15","a8fafc601e4f04d797eeda7d13cc1cbfc0ea83657971385dcb04d134809c2083","0d4fa155bd77d1a8eb40e3dda1c25cfa22df2ecdea55fc9d2b00d27054be4d0d","2026-06-10T00:00:00Z","df8fdb06ca2ed92a47a4b622c14e3f6a737696dbb912a8c3a905df3cbb718f81"
"uefa_nations_league_2026_27","uefa_nations_league_2026_27-2048003","uefa_nations_league_2026_27-2048003","2026-09-24T18:45:00Z","2026-09-24T18:44:59Z","resolved","suppressed","status_ineligible","available","fitted","elo_diff","xgf_ewma_diffmissing_or_zero_variance|xga_ewma_diffmissing_or_zero_variance|xgd_ewma_diffmissing_or_zero_variance|form_index_diff","407a3e3d7ba5329021874a370aeae303669c5fe1afb2095be799b730a484f99f","phase14-open-nb-incumbent-calibrated-v1","0e89c2948c77b348c5b6d3832cf6d4e7721ca7794f8f68f857d6ae82b9fe7d50","/Users/davidzenz/R/xGelo/outputs/releases/phase14-open-nb-incumbent-calibrated-v1/release_manifest.csv","fc9a617e48969b5d524f9994bccb31de0cb028829b4c58a1999b77cf12c5a990","open_nb_incumbent","c65a4f90477e5b799e234d1a313ff333f6cce12cfc08de93e342d7718c252ff8","vector_w400_p0p010","be1392fd4b9fbfe747ea90c89a17413f72459d8ff708d6d80d1bf086973eb51e","2024-07-14","phase14-calibration-remediation-gate-v2","6eab1b1aa4998738a1ef021c74981d6489ca6a615ebbfcaafd35d781d735b852","2026-06-10","elo_ratings","2026-07-19T00:00:00Z","inactive_optional_unavailable","national_team_xg_sources.csv",0,"2026-11-12T19:44:59Z","inactive_optional_unavailable:no_accepted_national_team_xg_source","nl-2026-27-official-uefa-v2","e9c9b5c5d0487ef49581c50bac6ed2847ee7d40bbf67a909b49a02145df8f376",6,"4dcbff6678a9bfe52301e9d581d51420e42d2cfbd6e1df0feda98a2572005321","uefa-nations-league-2026-27-v1","450962da0b9b12c3a84a1de98b75ae98f6358ea8068c4a02e248315cf4280b15","a8fafc601e4f04d797eeda7d13cc1cbfc0ea83657971385dcb04d134809c2083","0d4fa155bd77d1a8eb40e3dda1c25cfa22df2ecdea55fc9d2b00d27054be4d0d","2026-06-10T00:00:00Z","f3d609be7157a3469f489f3e11459d731c4a108cdc9f3a0736a629e37fdeea56"
"uefa_nations_league_2026_27","uefa_nations_league_2026_27-2048004","uefa_nations_league_2026_27-2048004","2026-09-24T18:45:00Z","2026-09-24T18:44:59Z","resolved","suppressed","status_ineligible","available","fitted","elo_diff","xgf_ewma_diffmissing_or_zero_variance|xga_ewma_diffmissing_or_zero_variance|xgd_ewma_diffmissing_or_zero_variance|form_index_diff","407a3e3d7ba5329021874a370aeae303669c5fe1afb2095be799b730a484f99f","phase14-open-nb-incumbent-calibrated-v1","0e89c2948c77b348c5b6d3832cf6d4e7721ca7794f8f68f857d6ae82b9fe7d50","/Users/davidzenz/R/xGelo/outputs/releases/phase14-open-nb-incumbent-calibrated-v1/release_manifest.csv","fc9a617e48969b5d524f9994bccb31de0cb028829b4c58a1999b77cf12c5a990","open_nb_incumbent","c65a4f90477e5b799e234d1a313ff333f6cce12cfc08de93e342d7718c252ff8","vector_w400_p0p010","be1392fd4b9fbfe747ea90c89a17413f72459d8ff708d6d80d1bf086973eb51e","2024-07-14","phase14-calibration-remediation-gate-v2","6eab1b1aa4998738a1ef021c74981d6489ca6a615ebbfcaafd35d781d735b852","2026-06-10","elo_ratings","2026-07-19T00:00:00Z","inactive_optional_unavailable","national_team_xg_sources.csv",0,"2026-11-12T19:44:59Z","inactive_optional_unavailable:no_accepted_national_team_xg_source","nl-2026-27-official-uefa-v2","e9c9b5c5d0487ef49581c50bac6ed2847ee7d40bbf67a909b49a02145df8f376",6,"4dcbff6678a9bfe52301e9d581d51420e42d2cfbd6e1df0feda98a2572005321","uefa-nations-league-2026-27-v1","450962da0b9b12c3a84a1de98b75ae98f6358ea8068c4a02e248315cf4280b15","a8fafc601e4f04d797eeda7d13cc1cbfc0ea83657971385dcb04d134809c2083","0d4fa155bd77d1a8eb40e3dda1c25cfa22df2ecdea55fc9d2b00d27054be4d0d","2026-06-10T00:00:00Z","ff7b2c8aa5dc64e8deeaa34e83adc9017692c5c68031e558c5e82be8df0c101a"
"uefa_nations_league_2026_27","uefa_nations_league_2026_27-2048005","uefa_nations_league_2026_27-2048005","2026-09-24T18:45:00Z","2026-09-24T18:44:59Z","resolved","suppressed","status_ineligible","available","fitted","elo_diff","xgf_ewma_diffmissing_or_zero_variance|xga_ewma_diffmissing_or_zero_variance|xgd_ewma_diffmissing_or_zero_variance|form_index_diff","407a3e3d7ba5329021874a370aeae303669c5fe1afb2095be799b730a484f99f","phase14-open-nb-incumbent-calibrated-v1","0e89c2948c77b348c5b6d3832cf6d4e7721ca7794f8f68f857d6ae82b9fe7d50","/Users/davidzenz/R/xGelo/outputs/releases/phase14-open-nb-incumbent-calibrated-v1/release_manifest.csv","fc9a617e48969b5d524f9994bccb31de0cb028829b4c58a1999b77cf12c5a990","open_nb_incumbent","c65a4f90477e5b799e234d1a313ff333f6cce12cfc08de93e342d7718c252ff8","vector_w400_p0p010","be1392fd4b9fbfe747ea90c89a17413f72459d8ff708d6d80d1bf086973eb51e","2024-07-14","phase14-calibration-remediation-gate-v2","6eab1b1aa4998738a1ef021c74981d6489ca6a615ebbfcaafd35d781d735b852","2026-06-10","elo_ratings","2026-07-19T00:00:00Z","inactive_optional_unavailable","national_team_xg_sources.csv",0,"2026-11-12T19:44:59Z","inactive_optional_unavailable:no_accepted_national_team_xg_source","nl-2026-27-official-uefa-v2","e9c9b5c5d0487ef49581c50bac6ed2847ee7d40bbf67a909b49a02145df8f376",6,"4dcbff6678a9bfe52301e9d581d51420e42d2cfbd6e1df0feda98a2572005321","uefa-nations-league-2026-27-v1","450962da0b9b12c3a84a1de98b75ae98f6358ea8068c4a02e248315cf4280b15","a8fafc601e4f04d797eeda7d13cc1cbfc0ea83657971385dcb04d134809c2083","0d4fa155bd77d1a8eb40e3dda1c25cfa22df2ecdea55fc9d2b00d27054be4d0d","2026-06-10T00:00:00Z","5bcc70d820349346c0fdfd1aab9c3a9d396d6f92d8503be1ca835aaf1df79942"
"uefa_nations_league_2026_27","uefa_nations_league_2026_27-2048006","uefa_nations_league_2026_27-2048006","2026-09-24T18:45:00Z","2026-09-24T18:44:59Z","resolved","suppressed","status_ineligible","available","fitted","elo_diff","xgf_ewma_diffmissing_or_zero_variance|xga_ewma_diffmissing_or_zero_variance|xgd_ewma_diffmissing_or_zero_variance|form_index_diff","407a3e3d7ba5329021874a370aeae303669c5fe1afb2095be799b730a484f99f","phase14-open-nb-incumbent-calibrated-v1","0e89c2948c77b348c5b6d3832cf6d4e7721ca7794f8f68f857d6ae82b9fe7d50","/Users/davidzenz/R/xGelo/outputs/releases/phase14-open-nb-incumbent-calibrated-v1/release_manifest.csv","fc9a617e48969b5d524f9994bccb31de0cb028829b4c58a1999b77cf12c5a990","open_nb_incumbent","c65a4f90477e5b799e234d1a313ff333f6cce12cfc08de93e342d7718c252ff8","vector_w400_p0p010","be1392fd4b9fbfe747ea90c89a17413f72459d8ff708d6d80d1bf086973eb51e","2024-07-14","phase14-calibration-remediation-gate-v2","6eab1b1aa4998738a1ef021c74981d6489ca6a615ebbfcaafd35d781d735b852","2026-06-10","elo_ratings","2026-07-19T00:00:00Z","inactive_optional_unavailable","national_team_xg_sources.csv",0,"2026-11-12T19:44:59Z","inactive_optional_unavailable:no_accepted_national_team_xg_source","nl-2026-27-official-uefa-v2","e9c9b5c5d0487ef49581c50bac6ed2847ee7d40bbf67a909b49a02145df8f376",6,"4dcbff6678a9bfe52301e9d581d51420e42d2cfbd6e1df0feda98a2572005321","uefa-nations-league-2026-27-v1","450962da0b9b12c3a84a1de98b75ae98f6358ea8068c4a02e248315cf4280b15","a8fafc601e4f04d797eeda7d13cc1cbfc0ea83657971385dcb04d134809c2083","0d4fa155bd77d1a8eb40e3dda1c25cfa22df2ecdea55fc9d2b00d27054be4d0d","2026-06-10T00:00:00Z","57f88d8bc681407668810969554735f33c79f111d1933d9df30de25fba4af006"
"uefa_nations_league_2026_27","uefa_nations_league_2026_27-2048007","uefa_nations_league_2026_27-2048007","2026-09-24T18:45:00Z","2026-09-24T18:44:59Z","resolved","suppressed","status_ineligible","available","fitted","elo_diff","xgf_ewma_diffmissing_or_zero_variance|xga_ewma_diffmissing_or_zero_variance|xgd_ewma_diffmissing_or_zero_variance|form_index_diff","407a3e3d7ba5329021874a370aeae303669c5fe1afb2095be799b730a484f99f","phase14-open-nb-incumbent-calibrated-v1","0e89c2948c77b348c5b6d3832cf6d4e7721ca7794f8f68f857d6ae82b9fe7d50","/Users/davidzenz/R/xGelo/outputs/releases/phase14-open-nb-incumbent-calibrated-v1/release_manifest.csv","fc9a617e48969b5d524f9994bccb31de0cb028829b4c58a1999b77cf12c5a990","open_nb_incumbent","c65a4f90477e5b799e234d1a313ff333f6cce12cfc08de93e342d7718c252ff8","vector_w400_p0p010","be1392fd4b9fbfe747ea90c89a17413f72459d8ff708d6d80d1bf086973eb51e","2024-07-14","phase14-calibration-remediation-gate-v2","6eab1b1aa4998738a1ef021c74981d6489ca6a615ebbfcaafd35d781d735b852","2026-06-10","elo_ratings","2026-07-19T00:00:00Z","inactive_optional_unavailable","national_team_xg_sources.csv",0,"2026-11-12T19:44:59Z","inactive_optional_unavailable:no_accepted_national_team_xg_source","nl-2026-27-official-uefa-v2","e9c9b5c5d0487ef49581c50bac6ed2847ee7d40bbf67a909b49a02145df8f376",6,"4dcbff6678a9bfe52301e9d581d51420e42d2cfbd6e1df0feda98a2572005321","uefa-nations-league-2026-27-v1","450962da0b9b12c3a84a1de98b75ae98f6358ea8068c4a02e248315cf4280b15","a8fafc601e4f04d797eeda7d13cc1cbfc0ea83657971385dcb04d134809c2083","0d4fa155bd77d1a8eb40e3dda1c25cfa22df2ecdea55fc9d2b00d27054be4d0d","2026-06-10T00:00:00Z","f64d9976129c0de4d4779e72526ce8b61fa38ee9e78f54eb30dcde6d157d8dd8"
"uefa_nations_league_2026_27","uefa_nations_league_2026_27-2048008","uefa_nations_league_2026_27-2048008","2026-09-24T18:45:00Z","2026-09-24T18:44:59Z","resolved","suppressed","status_ineligible","available","fitted","elo_diff","xgf_ewma_diffmissing_or_zero_variance|xga_ewma_diffmissing_or_zero_variance|xgd_ewma_diffmissing_or_zero_variance|form_index_diff","407a3e3d7ba5329021874a370aeae303669c5fe1afb2095be799b730a484f99f","phase14-open-nb-incumbent-calibrated-v1","0e89c2948c77b348c5b6d3832cf6d4e7721ca7794f8f68f857d6ae82b9fe7d50","/Users/davidzenz/R/xGelo/outputs/releases/phase14-open-nb-incumbent-calibrated-v1/release_manifest.csv","fc9a617e48969b5d524f9994bccb31de0cb028829b4c58a1999b77cf12c5a990","open_nb_incumbent","c65a4f90477e5b799e234d1a313ff333f6cce12cfc08de93e342d7718c252ff8","vector_w400_p0p010","be1392fd4b9fbfe747ea90c89a17413f72459d8ff708d6d80d1bf086973eb51e","2024-07-14","phase14-calibration-remediation-gate-v2","6eab1b1aa4998738a1ef021c74981d6489ca6a615ebbfcaafd35d781d735b852","2026-06-10","elo_ratings","2026-07-19T00:00:00Z","inactive_optional_unavailable","national_team_xg_sources.csv",0,"2026-11-12T19:44:59Z","inactive_optional_unavailable:no_accepted_national_team_xg_source","nl-2026-27-official-uefa-v2","e9c9b5c5d0487ef49581c50bac6ed2847ee7d40bbf67a909b49a02145df8f376",6,"4dcbff6678a9bfe52301e9d581d51420e42d2cfbd6e1df0feda98a2572005321","uefa-nations-league-2026-27-v1","450962da0b9b12c3a84a1de98b75ae98f6358ea8068c4a02e248315cf4280b15","a8fafc601e4f04d797eeda7d13cc1cbfc0ea83657971385dcb04d134809c2083","0d4fa155bd77d1a8eb40e3dda1c25cfa22df2ecdea55fc9d2b00d27054be4d0d","2026-06-10T00:00:00Z","ebc38a7aa2f0437fbf3cf6480d1fbeecb4169931d2bb203ab71ab851b448623b"
"uefa_nations_league_2026_27","uefa_nations_league_2026_27-2048009","uefa_nations_league_2026_27-2048009","2026-09-24T16:00:00Z","2026-09-24T15:59:59Z","resolved","suppressed","status_ineligible","available","fitted","elo_diff","xgf_ewma_diffmissing_or_zero_variance|xga_ewma_diffmissing_or_zero_variance|xgd_ewma_diffmissing_or_zero_variance|form_index_diff","407a3e3d7ba5329021874a370aeae303669c5fe1afb2095be799b730a484f99f","phase14-open-nb-incumbent-calibrated-v1","0e89c2948c77b348c5b6d3832cf6d4e7721ca7794f8f68f857d6ae82b9fe7d50","/Users/davidzenz/R/xGelo/outputs/releases/phase14-open-nb-incumbent-calibrated-v1/release_manifest.csv","fc9a617e48969b5d524f9994bccb31de0cb028829b4c58a1999b77cf12c5a990","open_nb_incumbent","c65a4f90477e5b799e234d1a313ff333f6cce12cfc08de93e342d7718c252ff8","vector_w400_p0p010","be1392fd4b9fbfe747ea90c89a17413f72459d8ff708d6d80d1bf086973eb51e","2024-07-14","phase14-calibration-remediation-gate-v2","6eab1b1aa4998738a1ef021c74981d6489ca6a615ebbfcaafd35d781d735b852","2026-06-10","elo_ratings","2026-07-19T00:00:00Z","inactive_optional_unavailable","national_team_xg_sources.csv",0,"2026-11-12T19:44:59Z","inactive_optional_unavailable:no_accepted_national_team_xg_source","nl-2026-27-official-uefa-v2","e9c9b5c5d0487ef49581c50bac6ed2847ee7d40bbf67a909b49a02145df8f376",6,"4dcbff6678a9bfe52301e9d581d51420e42d2cfbd6e1df0feda98a2572005321","uefa-nations-league-2026-27-v1","450962da0b9b12c3a84a1de98b75ae98f6358ea8068c4a02e248315cf4280b15","a8fafc601e4f04d797eeda7d13cc1cbfc0ea83657971385dcb04d134809c2083","0d4fa155bd77d1a8eb40e3dda1c25cfa22df2ecdea55fc9d2b00d27054be4d0d","2026-06-10T00:00:00Z","886f5b98324d17741db577fc3b1575bffed1af78b1defa9baca6a5462f0dcc3a"
"uefa_nations_league_2026_27","uefa_nations_league_2026_27-2048010","uefa_nations_league_2026_27-2048010","2026-09-25T18:45:00Z","2026-09-25T18:44:59Z","resolved","suppressed","status_ineligible","available","fitted","elo_diff","xgf_ewma_diffmissing_or_zero_variance|xga_ewma_diffmissing_or_zero_variance|xgd_ewma_diffmissing_or_zero_variance|form_index_diff","407a3e3d7ba5329021874a370aeae303669c5fe1afb2095be799b730a484f99f","phase14-open-nb-incumbent-calibrated-v1","0e89c2948c77b348c5b6d3832cf6d4e7721ca7794f8f68f857d6ae82b9fe7d50","/Users/davidzenz/R/xGelo/outputs/releases/phase14-open-nb-incumbent-calibrated-v1/release_manifest.csv","fc9a617e48969b5d524f9994bccb31de0cb028829b4c58a1999b77cf12c5a990","open_nb_incumbent","c65a4f90477e5b799e234d1a313ff333f6cce12cfc08de93e342d7718c252ff8","vector_w400_p0p010","be1392fd4b9fbfe747ea90c89a17413f72459d8ff708d6d80d1bf086973eb51e","2024-07-14","phase14-calibration-remediation-gate-v2","6eab1b1aa4998738a1ef021c74981d6489ca6a615ebbfcaafd35d781d735b852","2026-06-10","elo_ratings","2026-07-19T00:00:00Z","inactive_optional_unavailable","national_team_xg_sources.csv",0,"2026-11-12T19:44:59Z","inactive_optional_unavailable:no_accepted_national_team_xg_source","nl-2026-27-official-uefa-v2","e9c9b5c5d0487ef49581c50bac6ed2847ee7d40bbf67a909b49a02145df8f376",6,"4dcbff6678a9bfe52301e9d581d51420e42d2cfbd6e1df0feda98a2572005321","uefa-nations-league-2026-27-v1","450962da0b9b12c3a84a1de98b75ae98f6358ea8068c4a02e248315cf4280b15","a8fafc601e4f04d797eeda7d13cc1cbfc0ea83657971385dcb04d134809c2083","0d4fa155bd77d1a8eb40e3dda1c25cfa22df2ecdea55fc9d2b00d27054be4d0d","2026-06-10T00:00:00Z","655c2c500f95a9aa39e498c80f2a4d80c759cc8aea8e4631b23c9a9168c69a33"
"uefa_nations_league_2026_27","uefa_nations_league_2026_27-2048011","uefa_nations_league_2026_27-2048011","2026-09-25T18:45:00Z","2026-09-25T18:44:59Z","resolved","suppressed","status_ineligible","available","fitted","elo_diff","xgf_ewma_diffmissing_or_zero_variance|xga_ewma_diffmissing_or_zero_variance|xgd_ewma_diffmissing_or_zero_variance|form_index_diff","407a3e3d7ba5329021874a370aeae303669c5fe1afb2095be799b730a484f99f","phase14-open-nb-incumbent-calibrated-v1","0e89c2948c77b348c5b6d3832cf6d4e7721ca7794f8f68f857d6ae82b9fe7d50","/Users/davidzenz/R/xGelo/outputs/releases/phase14-open-nb-incumbent-calibrated-v1/release_manifest.csv","fc9a617e48969b5d524f9994bccb31de0cb028829b4c58a1999b77cf12c5a990","open_nb_incumbent","c65a4f90477e5b799e234d1a313ff333f6cce12cfc08de93e342d7718c252ff8","vector_w400_p0p010","be1392fd4b9fbfe747ea90c89a17413f72459d8ff708d6d80d1bf086973eb51e","2024-07-14","phase14-calibration-remediation-gate-v2","6eab1b1aa4998738a1ef021c74981d6489ca6a615ebbfcaafd35d781d735b852","2026-06-10","elo_ratings","2026-07-19T00:00:00Z","inactive_optional_unavailable","national_team_xg_sources.csv",0,"2026-11-12T19:44:59Z","inactive_optional_unavailable:no_accepted_national_team_xg_source","nl-2026-27-official-uefa-v2","e9c9b5c5d0487ef49581c50bac6ed2847ee7d40bbf67a909b49a02145df8f376",6,"4dcbff6678a9bfe52301e9d581d51420e42d2cfbd6e1df0feda98a2572005321","uefa-nations-league-2026-27-v1","450962da0b9b12c3a84a1de98b75ae98f6358ea8068c4a02e248315cf4280b15","a8fafc601e4f04d797eeda7d13cc1cbfc0ea83657971385dcb04d134809c2083","0d4fa155bd77d1a8eb40e3dda1c25cfa22df2ecdea55fc9d2b00d27054be4d0d","2026-06-10T00:00:00Z","3a523861b422a198451d78c4a84bb0c6ee87072511e0180167833e05839e052f"
"uefa_nations_league_2026_27","uefa_nations_league_2026_27-2048012","uefa_nations_league_2026_27-2048012","2026-09-25T18:45:00Z","2026-09-25T18:44:59Z","resolved","suppressed","status_ineligible","available","fitted","elo_diff","xgf_ewma_diffmissing_or_zero_variance|xga_ewma_diffmissing_or_zero_variance|xgd_ewma_diffmissing_or_zero_variance|form_index_diff","407a3e3d7ba5329021874a370aeae303669c5fe1afb2095be799b730a484f99f","phase14-open-nb-incumbent-calibrated-v1","0e89c2948c77b348c5b6d3832cf6d4e7721ca7794f8f68f857d6ae82b9fe7d50","/Users/davidzenz/R/xGelo/outputs/releases/phase14-open-nb-incumbent-calibrated-v1/release_manifest.csv","fc9a617e48969b5d524f9994bccb31de0cb028829b4c58a1999b77cf12c5a990","open_nb_incumbent","c65a4f90477e5b799e234d1a313ff333f6cce12cfc08de93e342d7718c252ff8","vector_w400_p0p010","be1392fd4b9fbfe747ea90c89a17413f72459d8ff708d6d80d1bf086973eb51e","2024-07-14","phase14-calibration-remediation-gate-v2","6eab1b1aa4998738a1ef021c74981d6489ca6a615ebbfcaafd35d781d735b852","2026-06-10","elo_ratings","2026-07-19T00:00:00Z","inactive_optional_unavailable","national_team_xg_sources.csv",0,"2026-11-12T19:44:59Z","inactive_optional_unavailable:no_accepted_national_team_xg_source","nl-2026-27-official-uefa-v2","e9c9b5c5d0487ef49581c50bac6ed2847ee7d40bbf67a909b49a02145df8f376",6,"4dcbff6678a9bfe52301e9d581d51420e42d2cfbd6e1df0feda98a2572005321","uefa-nations-league-2026-27-v1","450962da0b9b12c3a84a1de98b75ae98f6358ea8068c4a02e248315cf4280b15","a8fafc601e4f04d797eeda7d13cc1cbfc0ea83657971385dcb04d134809c2083","0d4fa155bd77d1a8eb40e3dda1c25cfa22df2ecdea55fc9d2b00d27054be4d0d","2026-06-10T00:00:00Z","6c14ad1d70f349bca88cbc3101d1e62448c5970c404cc36d31a94525031640db"
"uefa_nations_league_2026_27","uefa_nations_league_2026_27-2048013","uefa_nations_league_2026_27-2048013","2026-09-25T18:45:00Z","2026-09-25T18:44:59Z","resolved","suppressed","status_ineligible","available","fitted","elo_diff","xgf_ewma_diffmissing_or_zero_variance|xga_ewma_diffmissing_or_zero_variance|xgd_ewma_diffmissing_or_zero_variance|form_index_diff","407a3e3d7ba5329021874a370aeae303669c5fe1afb2095be799b730a484f99f","phase14-open-nb-incumbent-calibrated-v1","0e89c2948c77b348c5b6d3832cf6d4e7721ca7794f8f68f857d6ae82b9fe7d50","/Users/davidzenz/R/xGelo/outputs/releases/phase14-open-nb-incumbent-calibrated-v1/release_manifest.csv","fc9a617e48969b5d524f9994bccb31de0cb028829b4c58a1999b77cf12c5a990","open_nb_incumbent","c65a4f90477e5b799e234d1a313ff333f6cce12cfc08de93e342d7718c252ff8","vector_w400_p0p010","be1392fd4b9fbfe747ea90c89a17413f72459d8ff708d6d80d1bf086973eb51e","2024-07-14","phase14-calibration-remediation-gate-v2","6eab1b1aa4998738a1ef021c74981d6489ca6a615ebbfcaafd35d781d735b852","2026-06-10","elo_ratings","2026-07-19T00:00:00Z","inactive_optional_unavailable","national_team_xg_sources.csv",0,"2026-11-12T19:44:59Z","inactive_optional_unavailable:no_accepted_national_team_xg_source","nl-2026-27-official-uefa-v2","e9c9b5c5d0487ef49581c50bac6ed2847ee7d40bbf67a909b49a02145df8f376",6,"4dcbff6678a9bfe52301e9d581d51420e42d2cfbd6e1df0feda98a2572005321","uefa-nations-league-2026-27-v1","450962da0b9b12c3a84a1de98b75ae98f6358ea8068c4a02e248315cf4280b15","a8fafc601e4f04d797eeda7d13cc1cbfc0ea83657971385dcb04d134809c2083","0d4fa155bd77d1a8eb40e3dda1c25cfa22df2ecdea55fc9d2b00d27054be4d0d","2026-06-10T00:00:00Z","e7494cfcd6ee31b143bb76924689913b3380f3aade4fc4352bf96c1ae88730aa"
"uefa_nations_league_2026_27","uefa_nations_league_2026_27-2048014","uefa_nations_league_2026_27-2048014","2026-09-25T16:00:00Z","2026-09-25T15:59:59Z","resolved","suppressed","status_ineligible","available","fitted","elo_diff","xgf_ewma_diffmissing_or_zero_variance|xga_ewma_diffmissing_or_zero_variance|xgd_ewma_diffmissing_or_zero_variance|form_index_diff","407a3e3d7ba5329021874a370aeae303669c5fe1afb2095be799b730a484f99f","phase14-open-nb-incumbent-calibrated-v1","0e89c2948c77b348c5b6d3832cf6d4e7721ca7794f8f68f857d6ae82b9fe7d50","/Users/davidzenz/R/xGelo/outputs/releases/phase14-open-nb-incumbent-calibrated-v1/release_manifest.csv","fc9a617e48969b5d524f9994bccb31de0cb028829b4c58a1999b77cf12c5a990","open_nb_incumbent","c65a4f90477e5b799e234d1a313ff333f6cce12cfc08de93e342d7718c252ff8","vector_w400_p0p010","be1392fd4b9fbfe747ea90c89a17413f72459d8ff708d6d80d1bf086973eb51e","2024-07-14","phase14-calibration-remediation-gate-v2","6eab1b1aa4998738a1ef021c74981d6489ca6a615ebbfcaafd35d781d735b852","2026-06-10","elo_ratings","2026-07-19T00:00:00Z","inactive_optional_unavailable","national_team_xg_sources.csv",0,"2026-11-12T19:44:59Z","inactive_optional_unavailable:no_accepted_national_team_xg_source","nl-2026-27-official-uefa-v2","e9c9b5c5d0487ef49581c50bac6ed2847ee7d40bbf67a909b49a02145df8f376",6,"4dcbff6678a9bfe52301e9d581d51420e42d2cfbd6e1df0feda98a2572005321","uefa-nations-league-2026-27-v1","450962da0b9b12c3a84a1de98b75ae98f6358ea8068c4a02e248315cf4280b15","a8fafc601e4f04d797eeda7d13cc1cbfc0ea83657971385dcb04d134809c2083","0d4fa155bd77d1a8eb40e3dda1c25cfa22df2ecdea55fc9d2b00d27054be4d0d","2026-06-10T00:00:00Z","09c2fffc617b938ada5bedac2afc1fd0277bacd9e1b42fbf63df2fa4ec1a427b"
"uefa_nations_league_2026_27","uefa_nations_league_2026_27-2048015","uefa_nations_league_2026_27-2048015","2026-09-25T18:45:00Z","2026-09-25T18:44:59Z","resolved","suppressed","status_ineligible","available","fitted","elo_diff","xgf_ewma_diffmissing_or_zero_variance|xga_ewma_diffmissing_or_zero_variance|xgd_ewma_diffmissing_or_zero_variance|form_index_diff","407a3e3d7ba5329021874a370aeae303669c5fe1afb2095be799b730a484f99f","phase14-open-nb-incumbent-calibrated-v1","0e89c2948c77b348c5b6d3832cf6d4e7721ca7794f8f68f857d6ae82b9fe7d50","/Users/davidzenz/R/xGelo/outputs/releases/phase14-open-nb-incumbent-calibrated-v1/release_manifest.csv","fc9a617e48969b5d524f9994bccb31de0cb028829b4c58a1999b77cf12c5a990","open_nb_incumbent","c65a4f90477e5b799e234d1a313ff333f6cce12cfc08de93e342d7718c252ff8","vector_w400_p0p010","be1392fd4b9fbfe747ea90c89a17413f72459d8ff708d6d80d1bf086973eb51e","2024-07-14","phase14-calibration-remediation-gate-v2","6eab1b1aa4998738a1ef021c74981d6489ca6a615ebbfcaafd35d781d735b852","2026-06-10","elo_ratings","2026-07-19T00:00:00Z","inactive_optional_unavailable","national_team_xg_sources.csv",0,"2026-11-12T19:44:59Z","inactive_optional_unavailable:no_accepted_national_team_xg_source","nl-2026-27-official-uefa-v2","e9c9b5c5d0487ef49581c50bac6ed2847ee7d40bbf67a909b49a02145df8f376",6,"4dcbff6678a9bfe52301e9d581d51420e42d2cfbd6e1df0feda98a2572005321","uefa-nations-league-2026-27-v1","450962da0b9b12c3a84a1de98b75ae98f6358ea8068c4a02e248315cf4280b15","a8fafc601e4f04d797eeda7d13cc1cbfc0ea83657971385dcb04d134809c2083","0d4fa155bd77d1a8eb40e3dda1c25cfa22df2ecdea55fc9d2b00d27054be4d0d","2026-06-10T00:00:00Z","66edafc4d21eb3124e28735b59e65fb3e5b2602825f0f09c19c568028e76cb65"
"uefa_nations_league_2026_27","uefa_nations_league_2026_27-2048016","uefa_nations_league_2026_27-2048016","2026-09-25T18:45:00Z","2026-09-25T18:44:59Z","resolved","suppressed","status_ineligible","available","fitted","elo_diff","xgf_ewma_diffmissing_or_zero_variance|xga_ewma_diffmissing_or_zero_variance|xgd_ewma_diffmissing_or_zero_variance|form_index_diff","407a3e3d7ba5329021874a370aeae303669c5fe1afb2095be799b730a484f99f","phase14-open-nb-incumbent-calibrated-v1","0e89c2948c77b348c5b6d3832cf6d4e7721ca7794f8f68f857d6ae82b9fe7d50","/Users/davidzenz/R/xGelo/outputs/releases/phase14-open-nb-incumbent-calibrated-v1/release_manifest.csv","fc9a617e48969b5d524f9994bccb31de0cb028829b4c58a1999b77cf12c5a990","open_nb_incumbent","c65a4f90477e5b799e234d1a313ff333f6cce12cfc08de93e342d7718c252ff8","vector_w400_p0p010","be1392fd4b9fbfe747ea90c89a17413f72459d8ff708d6d80d1bf086973eb51e","2024-07-14","phase14-calibration-remediation-gate-v2","6eab1b1aa4998738a1ef021c74981d6489ca6a615ebbfcaafd35d781d735b852","2026-06-10","elo_ratings","2026-07-19T00:00:00Z","inactive_optional_unavailable","national_team_xg_sources.csv",0,"2026-11-12T19:44:59Z","inactive_optional_unavailable:no_accepted_national_team_xg_source","nl-2026-27-official-uefa-v2","e9c9b5c5d0487ef49581c50bac6ed2847ee7d40bbf67a909b49a02145df8f376",6,"4dcbff6678a9bfe52301e9d581d51420e42d2cfbd6e1df0feda98a2572005321","uefa-nations-league-2026-27-v1","450962da0b9b12c3a84a1de98b75ae98f6358ea8068c4a02e248315cf4280b15","a8fafc601e4f04d797eeda7d13cc1cbfc0ea83657971385dcb04d134809c2083","0d4fa155bd77d1a8eb40e3dda1c25cfa22df2ecdea55fc9d2b00d27054be4d0d","2026-06-10T00:00:00Z","6de89d8e40e4fd03b7c5ffcfe895587d8d6e85353739d4325b4f15af5267d9b1"
"uefa_nations_league_2026_27","uefa_nations_league_2026_27-2048017","uefa_nations_league_2026_27-2048017","2026-09-25T16:00:00Z","2026-09-25T15:59:59Z","resolved","suppressed","status_ineligible","available","fitted","elo_diff","xgf_ewma_diffmissing_or_zero_variance|xga_ewma_diffmissing_or_zero_variance|xgd_ewma_diffmissing_or_zero_variance|form_index_diff","407a3e3d7ba5329021874a370aeae303669c5fe1afb2095be799b730a484f99f","phase14-open-nb-incumbent-calibrated-v1","0e89c2948c77b348c5b6d3832cf6d4e7721ca7794f8f68f857d6ae82b9fe7d50","/Users/davidzenz/R/xGelo/outputs/releases/phase14-open-nb-incumbent-calibrated-v1/release_manifest.csv","fc9a617e48969b5d524f9994bccb31de0cb028829b4c58a1999b77cf12c5a990","open_nb_incumbent","c65a4f90477e5b799e234d1a313ff333f6cce12cfc08de93e342d7718c252ff8","vector_w400_p0p010","be1392fd4b9fbfe747ea90c89a17413f72459d8ff708d6d80d1bf086973eb51e","2024-07-14","phase14-calibration-remediation-gate-v2","6eab1b1aa4998738a1ef021c74981d6489ca6a615ebbfcaafd35d781d735b852","2026-06-10","elo_ratings","2026-07-19T00:00:00Z","inactive_optional_unavailable","national_team_xg_sources.csv",0,"2026-11-12T19:44:59Z","inactive_optional_unavailable:no_accepted_national_team_xg_source","nl-2026-27-official-uefa-v2","e9c9b5c5d0487ef49581c50bac6ed2847ee7d40bbf67a909b49a02145df8f376",6,"4dcbff6678a9bfe52301e9d581d51420e42d2cfbd6e1df0feda98a2572005321","uefa-nations-league-2026-27-v1","450962da0b9b12c3a84a1de98b75ae98f6358ea8068c4a02e248315cf4280b15","a8fafc601e4f04d797eeda7d13cc1cbfc0ea83657971385dcb04d134809c2083","0d4fa155bd77d1a8eb40e3dda1c25cfa22df2ecdea55fc9d2b00d27054be4d0d","2026-06-10T00:00:00Z","2d453c29c819173b3b82e1ebdd237e06029b25e009b7fe946d156a116533972a"
"uefa_nations_league_2026_27","uefa_nations_league_2026_27-2048018","uefa_nations_league_2026_27-2048018","2026-09-26T18:45:00Z","2026-09-26T18:44:59Z","resolved","suppressed","status_ineligible","available","fitted","elo_diff","xgf_ewma_diffmissing_or_zero_variance|xga_ewma_diffmissing_or_zero_variance|xgd_ewma_diffmissing_or_zero_variance|form_index_diff","407a3e3d7ba5329021874a370aeae303669c5fe1afb2095be799b730a484f99f","phase14-open-nb-incumbent-calibrated-v1","0e89c2948c77b348c5b6d3832cf6d4e7721ca7794f8f68f857d6ae82b9fe7d50","/Users/davidzenz/R/xGelo/outputs/releases/phase14-open-nb-incumbent-calibrated-v1/release_manifest.csv","fc9a617e48969b5d524f9994bccb31de0cb028829b4c58a1999b77cf12c5a990","open_nb_incumbent","c65a4f90477e5b799e234d1a313ff333f6cce12cfc08de93e342d7718c252ff8","vector_w400_p0p010","be1392fd4b9fbfe747ea90c89a17413f72459d8ff708d6d80d1bf086973eb51e","2024-07-14","phase14-calibration-remediation-gate-v2","6eab1b1aa4998738a1ef021c74981d6489ca6a615ebbfcaafd35d781d735b852","2026-06-10","elo_ratings","2026-07-19T00:00:00Z","inactive_optional_unavailable","national_team_xg_sources.csv",0,"2026-11-12T19:44:59Z","inactive_optional_unavailable:no_accepted_national_team_xg_source","nl-2026-27-official-uefa-v2","e9c9b5c5d0487ef49581c50bac6ed2847ee7d40bbf67a909b49a02145df8f376",6,"4dcbff6678a9bfe52301e9d581d51420e42d2cfbd6e1df0feda98a2572005321","uefa-nations-league-2026-27-v1","450962da0b9b12c3a84a1de98b75ae98f6358ea8068c4a02e248315cf4280b15","a8fafc601e4f04d797eeda7d13cc1cbfc0ea83657971385dcb04d134809c2083","0d4fa155bd77d1a8eb40e3dda1c25cfa22df2ecdea55fc9d2b00d27054be4d0d","2026-06-10T00:00:00Z","89d495ea90e61a6a575a26662b738de79a90d76c32ff3b45dec408c8a1ef8cce"
"uefa_nations_league_2026_27","uefa_nations_league_2026_27-2048019","uefa_nations_league_2026_27-2048019","2026-09-26T16:00:00Z","2026-09-26T15:59:59Z","resolved","suppressed","status_ineligible","available","fitted","elo_diff","xgf_ewma_diffmissing_or_zero_variance|xga_ewma_diffmissing_or_zero_variance|xgd_ewma_diffmissing_or_zero_variance|form_index_diff","407a3e3d7ba5329021874a370aeae303669c5fe1afb2095be799b730a484f99f","phase14-open-nb-incumbent-calibrated-v1","0e89c2948c77b348c5b6d3832cf6d4e7721ca7794f8f68f857d6ae82b9fe7d50","/Users/davidzenz/R/xGelo/outputs/releases/phase14-open-nb-incumbent-calibrated-v1/release_manifest.csv","fc9a617e48969b5d524f9994bccb31de0cb028829b4c58a1999b77cf12c5a990","open_nb_incumbent","c65a4f90477e5b799e234d1a313ff333f6cce12cfc08de93e342d7718c252ff8","vector_w400_p0p010","be1392fd4b9fbfe747ea90c89a17413f72459d8ff708d6d80d1bf086973eb51e","2024-07-14","phase14-calibration-remediation-gate-v2","6eab1b1aa4998738a1ef021c74981d6489ca6a615ebbfcaafd35d781d735b852","2026-06-10","elo_ratings","2026-07-19T00:00:00Z","inactive_optional_unavailable","national_team_xg_sources.csv",0,"2026-11-12T19:44:59Z","inactive_optional_unavailable:no_accepted_national_team_xg_source","nl-2026-27-official-uefa-v2","e9c9b5c5d0487ef49581c50bac6ed2847ee7d40bbf67a909b49a02145df8f376",6,"4dcbff6678a9bfe52301e9d581d51420e42d2cfbd6e1df0feda98a2572005321","uefa-nations-league-2026-27-v1","450962da0b9b12c3a84a1de98b75ae98f6358ea8068c4a02e248315cf4280b15","a8fafc601e4f04d797eeda7d13cc1cbfc0ea83657971385dcb04d134809c2083","0d4fa155bd77d1a8eb40e3dda1c25cfa22df2ecdea55fc9d2b00d27054be4d0d","2026-06-10T00:00:00Z","622ad445dba22c6605094bf38c590d543118b1fb120e069159da015d71e62d8a"
"uefa_nations_league_2026_27","uefa_nations_league_2026_27-2048020","uefa_nations_league_2026_27-2048020","2026-09-26T18:45:00Z","2026-09-26T18:44:59Z","resolved","suppressed","status_ineligible","available","fitted","elo_diff","xgf_ewma_diffmissing_or_zero_variance|xga_ewma_diffmissing_or_zero_variance|xgd_ewma_diffmissing_or_zero_variance|form_index_diff","407a3e3d7ba5329021874a370aeae303669c5fe1afb2095be799b730a484f99f","phase14-open-nb-incumbent-calibrated-v1","0e89c2948c77b348c5b6d3832cf6d4e7721ca7794f8f68f857d6ae82b9fe7d50","/Users/davidzenz/R/xGelo/outputs/releases/phase14-open-nb-incumbent-calibrated-v1/release_manifest.csv","fc9a617e48969b5d524f9994bccb31de0cb028829b4c58a1999b77cf12c5a990","open_nb_incumbent","c65a4f90477e5b799e234d1a313ff333f6cce12cfc08de93e342d7718c252ff8","vector_w400_p0p010","be1392fd4b9fbfe747ea90c89a17413f72459d8ff708d6d80d1bf086973eb51e","2024-07-14","phase14-calibration-remediation-gate-v2","6eab1b1aa4998738a1ef021c74981d6489ca6a615ebbfcaafd35d781d735b852","2026-06-10","elo_ratings","2026-07-19T00:00:00Z","inactive_optional_unavailable","national_team_xg_sources.csv",0,"2026-11-12T19:44:59Z","inactive_optional_unavailable:no_accepted_national_team_xg_source","nl-2026-27-official-uefa-v2","e9c9b5c5d0487ef49581c50bac6ed2847ee7d40bbf67a909b49a02145df8f376",6,"4dcbff6678a9bfe52301e9d581d51420e42d2cfbd6e1df0feda98a2572005321","uefa-nations-league-2026-27-v1","450962da0b9b12c3a84a1de98b75ae98f6358ea8068c4a02e248315cf4280b15","a8fafc601e4f04d797eeda7d13cc1cbfc0ea83657971385dcb04d134809c2083","0d4fa155bd77d1a8eb40e3dda1c25cfa22df2ecdea55fc9d2b00d27054be4d0d","2026-06-10T00:00:00Z","2224d362f8b4d32d05d861a172253cd7682a3e74fffc65f5dc5f5f022a4093a3"
"uefa_nations_league_2026_27","uefa_nations_league_2026_27-2048021","uefa_nations_league_2026_27-2048021","2026-09-26T18:45:00Z","2026-09-26T18:44:59Z","resolved","suppressed","status_ineligible","available","fitted","elo_diff","xgf_ewma_diffmissing_or_zero_variance|xga_ewma_diffmissing_or_zero_variance|xgd_ewma_diffmissing_or_zero_variance|form_index_diff","407a3e3d7ba5329021874a370aeae303669c5fe1afb2095be799b730a484f99f","phase14-open-nb-incumbent-calibrated-v1","0e89c2948c77b348c5b6d3832cf6d4e7721ca7794f8f68f857d6ae82b9fe7d50","/Users/davidzenz/R/xGelo/outputs/releases/phase14-open-nb-incumbent-calibrated-v1/release_manifest.csv","fc9a617e48969b5d524f9994bccb31de0cb028829b4c58a1999b77cf12c5a990","open_nb_incumbent","c65a4f90477e5b799e234d1a313ff333f6cce12cfc08de93e342d7718c252ff8","vector_w400_p0p010","be1392fd4b9fbfe747ea90c89a17413f72459d8ff708d6d80d1bf086973eb51e","2024-07-14","phase14-calibration-remediation-gate-v2","6eab1b1aa4998738a1ef021c74981d6489ca6a615ebbfcaafd35d781d735b852","2026-06-10","elo_ratings","2026-07-19T00:00:00Z","inactive_optional_unavailable","national_team_xg_sources.csv",0,"2026-11-12T19:44:59Z","inactive_optional_unavailable:no_accepted_national_team_xg_source","nl-2026-27-official-uefa-v2","e9c9b5c5d0487ef49581c50bac6ed2847ee7d40bbf67a909b49a02145df8f376",6,"4dcbff6678a9bfe52301e9d581d51420e42d2cfbd6e1df0feda98a2572005321","uefa-nations-league-2026-27-v1","450962da0b9b12c3a84a1de98b75ae98f6358ea8068c4a02e248315cf4280b15","a8fafc601e4f04d797eeda7d13cc1cbfc0ea83657971385dcb04d134809c2083","0d4fa155bd77d1a8eb40e3dda1c25cfa22df2ecdea55fc9d2b00d27054be4d0d","2026-06-10T00:00:00Z","cdf4e830f2b5b9d84b1001f5651bda4aad6800f41d1f90a8e05798aeb405c05f"
"uefa_nations_league_2026_27","uefa_nations_league_2026_27-2048022","uefa_nations_league_2026_27-2048022","2026-09-26T18:45:00Z","2026-09-26T18:44:59Z","resolved","suppressed","status_ineligible","available","fitted","elo_diff","xgf_ewma_diffmissing_or_zero_variance|xga_ewma_diffmissing_or_zero_variance|xgd_ewma_diffmissing_or_zero_variance|form_index_diff","407a3e3d7ba5329021874a370aeae303669c5fe1afb2095be799b730a484f99f","phase14-open-nb-incumbent-calibrated-v1","0e89c2948c77b348c5b6d3832cf6d4e7721ca7794f8f68f857d6ae82b9fe7d50","/Users/davidzenz/R/xGelo/outputs/releases/phase14-open-nb-incumbent-calibrated-v1/release_manifest.csv","fc9a617e48969b5d524f9994bccb31de0cb028829b4c58a1999b77cf12c5a990","open_nb_incumbent","c65a4f90477e5b799e234d1a313ff333f6cce12cfc08de93e342d7718c252ff8","vector_w400_p0p010","be1392fd4b9fbfe747ea90c89a17413f72459d8ff708d6d80d1bf086973eb51e","2024-07-14","phase14-calibration-remediation-gate-v2","6eab1b1aa4998738a1ef021c74981d6489ca6a615ebbfcaafd35d781d735b852","2026-06-10","elo_ratings","2026-07-19T00:00:00Z","inactive_optional_unavailable","national_team_xg_sources.csv",0,"2026-11-12T19:44:59Z","inactive_optional_unavailable:no_accepted_national_team_xg_source","nl-2026-27-official-uefa-v2","e9c9b5c5d0487ef49581c50bac6ed2847ee7d40bbf67a909b49a02145df8f376",6,"4dcbff6678a9bfe52301e9d581d51420e42d2cfbd6e1df0feda98a2572005321","uefa-nations-league-2026-27-v1","450962da0b9b12c3a84a1de98b75ae98f6358ea8068c4a02e248315cf4280b15","a8fafc601e4f04d797eeda7d13cc1cbfc0ea83657971385dcb04d134809c2083","0d4fa155bd77d1a8eb40e3dda1c25cfa22df2ecdea55fc9d2b00d27054be4d0d","2026-06-10T00:00:00Z","df677146f0cc5e093428f326d624d2bc614c6ded96bfb8107f3896476685e627"
"uefa_nations_league_2026_27","uefa_nations_league_2026_27-2048023","uefa_nations_league_2026_27-2048023","2026-09-26T18:45:00Z","2026-09-26T18:44:59Z","resolved","suppressed","status_ineligible","available","fitted","elo_diff","xgf_ewma_diffmissing_or_zero_variance|xga_ewma_diffmissing_or_zero_variance|xgd_ewma_diffmissing_or_zero_variance|form_index_diff","407a3e3d7ba5329021874a370aeae303669c5fe1afb2095be799b730a484f99f","phase14-open-nb-incumbent-calibrated-v1","0e89c2948c77b348c5b6d3832cf6d4e7721ca7794f8f68f857d6ae82b9fe7d50","/Users/davidzenz/R/xGelo/outputs/releases/phase14-open-nb-incumbent-calibrated-v1/release_manifest.csv","fc9a617e48969b5d524f9994bccb31de0cb028829b4c58a1999b77cf12c5a990","open_nb_incumbent","c65a4f90477e5b799e234d1a313ff333f6cce12cfc08de93e342d7718c252ff8","vector_w400_p0p010","be1392fd4b9fbfe747ea90c89a17413f72459d8ff708d6d80d1bf086973eb51e","2024-07-14","phase14-calibration-remediation-gate-v2","6eab1b1aa4998738a1ef021c74981d6489ca6a615ebbfcaafd35d781d735b852","2026-06-10","elo_ratings","2026-07-19T00:00:00Z","inactive_optional_unavailable","national_team_xg_sources.csv",0,"2026-11-12T19:44:59Z","inactive_optional_unavailable:no_accepted_national_team_xg_source","nl-2026-27-official-uefa-v2","e9c9b5c5d0487ef49581c50bac6ed2847ee7d40bbf67a909b49a02145df8f376",6,"4dcbff6678a9bfe52301e9d581d51420e42d2cfbd6e1df0feda98a2572005321","uefa-nations-league-2026-27-v1","450962da0b9b12c3a84a1de98b75ae98f6358ea8068c4a02e248315cf4280b15","a8fafc601e4f04d797eeda7d13cc1cbfc0ea83657971385dcb04d134809c2083","0d4fa155bd77d1a8eb40e3dda1c25cfa22df2ecdea55fc9d2b00d27054be4d0d","2026-06-10T00:00:00Z","6dc498966e62d2c9b3a797f2b4ff108dc78aacab9a08a37a1fae68139a232844"
"uefa_nations_league_2026_27","uefa_nations_league_2026_27-2048024","uefa_nations_league_2026_27-2048024","2026-09-26T16:00:00Z","2026-09-26T15:59:59Z","resolved","suppressed","status_ineligible","available","fitted","elo_diff","xgf_ewma_diffmissing_or_zero_variance|xga_ewma_diffmissing_or_zero_variance|xgd_ewma_diffmissing_or_zero_variance|form_index_diff","407a3e3d7ba5329021874a370aeae303669c5fe1afb2095be799b730a484f99f","phase14-open-nb-incumbent-calibrated-v1","0e89c2948c77b348c5b6d3832cf6d4e7721ca7794f8f68f857d6ae82b9fe7d50","/Users/davidzenz/R/xGelo/outputs/releases/phase14-open-nb-incumbent-calibrated-v1/release_manifest.csv","fc9a617e48969b5d524f9994bccb31de0cb028829b4c58a1999b77cf12c5a990","open_nb_incumbent","c65a4f90477e5b799e234d1a313ff333f6cce12cfc08de93e342d7718c252ff8","vector_w400_p0p010","be1392fd4b9fbfe747ea90c89a17413f72459d8ff708d6d80d1bf086973eb51e","2024-07-14","phase14-calibration-remediation-gate-v2","6eab1b1aa4998738a1ef021c74981d6489ca6a615ebbfcaafd35d781d735b852","2026-06-10","elo_ratings","2026-07-19T00:00:00Z","inactive_optional_unavailable","national_team_xg_sources.csv",0,"2026-11-12T19:44:59Z","inactive_optional_unavailable:no_accepted_national_team_xg_source","nl-2026-27-official-uefa-v2","e9c9b5c5d0487ef49581c50bac6ed2847ee7d40bbf67a909b49a02145df8f376",6,"4dcbff6678a9bfe52301e9d581d51420e42d2cfbd6e1df0feda98a2572005321","uefa-nations-league-2026-27-v1","450962da0b9b12c3a84a1de98b75ae98f6358ea8068c4a02e248315cf4280b15","a8fafc601e4f04d797eeda7d13cc1cbfc0ea83657971385dcb04d134809c2083","0d4fa155bd77d1a8eb40e3dda1c25cfa22df2ecdea55fc9d2b00d27054be4d0d","2026-06-10T00:00:00Z","6eb6623734643b45085a1774b8a149ca296e6909eab54ad142c1dc3a1bdcb2d7"
"uefa_nations_league_2026_27","uefa_nations_league_2026_27-2048025","uefa_nations_league_2026_27-2048025","2026-09-26T16:00:00Z","2026-09-26T15:59:59Z","resolved","suppressed","status_ineligible","available","fitted","elo_diff","xgf_ewma_diffmissing_or_zero_variance|xga_ewma_diffmissing_or_zero_variance|xgd_ewma_diffmissing_or_zero_variance|form_index_diff","407a3e3d7ba5329021874a370aeae303669c5fe1afb2095be799b730a484f99f","phase14-open-nb-incumbent-calibrated-v1","0e89c2948c77b348c5b6d3832cf6d4e7721ca7794f8f68f857d6ae82b9fe7d50","/Users/davidzenz/R/xGelo/outputs/releases/phase14-open-nb-incumbent-calibrated-v1/release_manifest.csv","fc9a617e48969b5d524f9994bccb31de0cb028829b4c58a1999b77cf12c5a990","open_nb_incumbent","c65a4f90477e5b799e234d1a313ff333f6cce12cfc08de93e342d7718c252ff8","vector_w400_p0p010","be1392fd4b9fbfe747ea90c89a17413f72459d8ff708d6d80d1bf086973eb51e","2024-07-14","phase14-calibration-remediation-gate-v2","6eab1b1aa4998738a1ef021c74981d6489ca6a615ebbfcaafd35d781d735b852","2026-06-10","elo_ratings","2026-07-19T00:00:00Z","inactive_optional_unavailable","national_team_xg_sources.csv",0,"2026-11-12T19:44:59Z","inactive_optional_unavailable:no_accepted_national_team_xg_source","nl-2026-27-official-uefa-v2","e9c9b5c5d0487ef49581c50bac6ed2847ee7d40bbf67a909b49a02145df8f376",6,"4dcbff6678a9bfe52301e9d581d51420e42d2cfbd6e1df0feda98a2572005321","uefa-nations-league-2026-27-v1","450962da0b9b12c3a84a1de98b75ae98f6358ea8068c4a02e248315cf4280b15","a8fafc601e4f04d797eeda7d13cc1cbfc0ea83657971385dcb04d134809c2083","0d4fa155bd77d1a8eb40e3dda1c25cfa22df2ecdea55fc9d2b00d27054be4d0d","2026-06-10T00:00:00Z","4657c42968ced2f2e2313484f6d0cd010ee874e7d45064c4c46f94d33b866399"
"uefa_nations_league_2026_27","uefa_nations_league_2026_27-2048026","uefa_nations_league_2026_27-2048026","2026-09-26T16:00:00Z","2026-09-26T15:59:59Z","resolved","suppressed","status_ineligible","available","fitted","elo_diff","xgf_ewma_diffmissing_or_zero_variance|xga_ewma_diffmissing_or_zero_variance|xgd_ewma_diffmissing_or_zero_variance|form_index_diff","407a3e3d7ba5329021874a370aeae303669c5fe1afb2095be799b730a484f99f","phase14-open-nb-incumbent-calibrated-v1","0e89c2948c77b348c5b6d3832cf6d4e7721ca7794f8f68f857d6ae82b9fe7d50","/Users/davidzenz/R/xGelo/outputs/releases/phase14-open-nb-incumbent-calibrated-v1/release_manifest.csv","fc9a617e48969b5d524f9994bccb31de0cb028829b4c58a1999b77cf12c5a990","open_nb_incumbent","c65a4f90477e5b799e234d1a313ff333f6cce12cfc08de93e342d7718c252ff8","vector_w400_p0p010","be1392fd4b9fbfe747ea90c89a17413f72459d8ff708d6d80d1bf086973eb51e","2024-07-14","phase14-calibration-remediation-gate-v2","6eab1b1aa4998738a1ef021c74981d6489ca6a615ebbfcaafd35d781d735b852","2026-06-10","elo_ratings","2026-07-19T00:00:00Z","inactive_optional_unavailable","national_team_xg_sources.csv",0,"2026-11-12T19:44:59Z","inactive_optional_unavailable:no_accepted_national_team_xg_source","nl-2026-27-official-uefa-v2","e9c9b5c5d0487ef49581c50bac6ed2847ee7d40bbf67a909b49a02145df8f376",6,"4dcbff6678a9bfe52301e9d581d51420e42d2cfbd6e1df0feda98a2572005321","uefa-nations-league-2026-27-v1","450962da0b9b12c3a84a1de98b75ae98f6358ea8068c4a02e248315cf4280b15","a8fafc601e4f04d797eeda7d13cc1cbfc0ea83657971385dcb04d134809c2083","0d4fa155bd77d1a8eb40e3dda1c25cfa22df2ecdea55fc9d2b00d27054be4d0d","2026-06-10T00:00:00Z","b0cd9063d099be1d2a3253a7ec8a89ca8be67d5e143a8b53381e6c2dfb7d59fd"
"uefa_nations_league_2026_27","uefa_nations_league_2026_27-2048027","uefa_nations_league_2026_27-2048027","2026-09-26T13:00:00Z","2026-09-26T12:59:59Z","resolved","suppressed","status_ineligible","available","fitted","elo_diff","xgf_ewma_diffmissing_or_zero_variance|xga_ewma_diffmissing_or_zero_variance|xgd_ewma_diffmissing_or_zero_variance|form_index_diff","407a3e3d7ba5329021874a370aeae303669c5fe1afb2095be799b730a484f99f","phase14-open-nb-incumbent-calibrated-v1","0e89c2948c77b348c5b6d3832cf6d4e7721ca7794f8f68f857d6ae82b9fe7d50","/Users/davidzenz/R/xGelo/outputs/releases/phase14-open-nb-incumbent-calibrated-v1/release_manifest.csv","fc9a617e48969b5d524f9994bccb31de0cb028829b4c58a1999b77cf12c5a990","open_nb_incumbent","c65a4f90477e5b799e234d1a313ff333f6cce12cfc08de93e342d7718c252ff8","vector_w400_p0p010","be1392fd4b9fbfe747ea90c89a17413f72459d8ff708d6d80d1bf086973eb51e","2024-07-14","phase14-calibration-remediation-gate-v2","6eab1b1aa4998738a1ef021c74981d6489ca6a615ebbfcaafd35d781d735b852","2026-06-10","elo_ratings","2026-07-19T00:00:00Z","inactive_optional_unavailable","national_team_xg_sources.csv",0,"2026-11-12T19:44:59Z","inactive_optional_unavailable:no_accepted_national_team_xg_source","nl-2026-27-official-uefa-v2","e9c9b5c5d0487ef49581c50bac6ed2847ee7d40bbf67a909b49a02145df8f376",6,"4dcbff6678a9bfe52301e9d581d51420e42d2cfbd6e1df0feda98a2572005321","uefa-nations-league-2026-27-v1","450962da0b9b12c3a84a1de98b75ae98f6358ea8068c4a02e248315cf4280b15","a8fafc601e4f04d797eeda7d13cc1cbfc0ea83657971385dcb04d134809c2083","0d4fa155bd77d1a8eb40e3dda1c25cfa22df2ecdea55fc9d2b00d27054be4d0d","2026-06-10T00:00:00Z","909ff37c6f3c239a23dd33fc0251b87fa95752c4b47bcb87ab79e94814a02a48"
