"edition_id","fixture_id","match_id","kickoff_utc","feature_cutoff_utc","identity_status","forecast_status","suppression_reason","feature_evidence_status","release_calibration_status","active_predictors","dropped_predictors_with_reason","model_manifest_sha256","model_release_id","release_manifest_sha256","release_manifest_path","release_selector_sha256","model_id","model_sha256","calibrator_id","calibrator_sha256","calibration_data_cutoff","calibration_gate_id","calibration_gate_sha256","model_data_cutoff","feature_evidence_source","latest_evidence_at_utc","national_team_xg_status","national_team_xg_source_id","national_team_xg_sample_count","national_team_xg_feature_cutoff_utc","national_team_xg_availability_reason","source_bundle_id","accepted_state_sha256","edition_registry_revision","edition_registry_row_sha256","ruleset_version","team_identity_registry_sha256","contributing_form_sha256","contributing_history_sha256","generated_at_utc","raw_probability_view","primary_probability_view","p_home_raw","p_draw_raw","p_away_raw","p_home","p_draw","p_away","expected_home_goals","expected_away_goals","modal_home_goals","modal_away_goals","modal_score_probability","score_distribution_id","score_support_min","score_support_max","score_cell_count","raw_tail_mass","top10_scoreline_mass","top10_omitted_mass","entropy_nats","max_outcome_probability","home_goals_p10","home_goals_p90","away_goals_p10","away_goals_p90","uncertainty_status","calculation_method","seed_status","simulation_count_status","monte_carlo_seed","monte_carlo_count","row_sha256"
"uefa_nations_league_2026_27","uefa_nations_league_2026_27-2047872","uefa_nations_league_2026_27-2047872","2026-11-12T19:45:00Z","2026-11-12T19:44:59Z","resolved","available","none","available","fitted","elo_diff","xgf_ewma_diffmissing_or_zero_variance|xga_ewma_diffmissing_or_zero_variance|xgd_ewma_diffmissing_or_zero_variance|form_index_diff","407a3e3d7ba5329021874a370aeae303669c5fe1afb2095be799b730a484f99f","phase14-open-nb-incumbent-calibrated-v1","0e89c2948c77b348c5b6d3832cf6d4e7721ca7794f8f68f857d6ae82b9fe7d50","/Users/davidzenz/R/xGelo/outputs/releases/phase14-open-nb-incumbent-calibrated-v1/release_manifest.csv","fc9a617e48969b5d524f9994bccb31de0cb028829b4c58a1999b77cf12c5a990","open_nb_incumbent","c65a4f90477e5b799e234d1a313ff333f6cce12cfc08de93e342d7718c252ff8","vector_w400_p0p010","be1392fd4b9fbfe747ea90c89a17413f72459d8ff708d6d80d1bf086973eb51e","2024-07-14","phase14-calibration-remediation-gate-v2","6eab1b1aa4998738a1ef021c74981d6489ca6a615ebbfcaafd35d781d735b852","2026-06-10","elo_ratings","2026-07-19T00:00:00Z","inactive_optional_unavailable","national_team_xg_sources.csv",0,"2026-11-12T19:44:59Z","inactive_optional_unavailable:no_accepted_national_team_xg_source","nl-2026-27-official-uefa-v2","da820cfe9ccbe70bb3ae3d18caaf369746d7e4d97b207a1fc61a6d8227701207",12,"482ced3a312147403cbb45ed8bb7868967f85fcb56af1fa6acfd9d7272000d2c","uefa-nations-league-2026-27-v3","450962da0b9b12c3a84a1de98b75ae98f6358ea8068c4a02e248315cf4280b15","cd8a439b187edded28240964c541195960769984f2ba855c574f64513237d914","19fcff44f621dbaabd0f0e4e722bda809943e77830e3560bcf8ce5a5cbc540ed","2026-06-10T00:00:00Z","raw_1x2","calibrated_1x2",0.141582416780023,0.20553367498561,0.652883908234366,0.088567980403618,0.219972078189349,0.691459941407033,0.744081992653035,2.05273590812896,0,1,0.128035946912419,"uefa_nations_league_2026_27-2047872__score",0,40,1681,0,0.76320974247737,0.23679025752263,0.802895376089181,0.691459941407033,0,2,0,4,"available","analytic_negative_binomial","not_applicable","not_applicable",,,"a25f1b2d0f0d24b679f166fa91716ea586f906a88677d3a0e51a326a1f1a05e2"
"uefa_nations_league_2026_27","uefa_nations_league_2026_27-2047873","uefa_nations_league_2026_27-2047873","2026-11-12T17:00:00Z","2026-11-12T16:59:59Z","resolved","available","none","available","fitted","elo_diff","xgf_ewma_diffmissing_or_zero_variance|xga_ewma_diffmissing_or_zero_variance|xgd_ewma_diffmissing_or_zero_variance|form_index_diff","407a3e3d7ba5329021874a370aeae303669c5fe1afb2095be799b730a484f99f","phase14-open-nb-incumbent-calibrated-v1","0e89c2948c77b348c5b6d3832cf6d4e7721ca7794f8f68f857d6ae82b9fe7d50","/Users/davidzenz/R/xGelo/outputs/releases/phase14-open-nb-incumbent-calibrated-v1/release_manifest.csv","fc9a617e48969b5d524f9994bccb31de0cb028829b4c58a1999b77cf12c5a990","open_nb_incumbent","c65a4f90477e5b799e234d1a313ff333f6cce12cfc08de93e342d7718c252ff8","vector_w400_p0p010","be1392fd4b9fbfe747ea90c89a17413f72459d8ff708d6d80d1bf086973eb51e","2024-07-14","phase14-calibration-remediation-gate-v2","6eab1b1aa4998738a1ef021c74981d6489ca6a615ebbfcaafd35d781d735b852","2026-06-10","elo_ratings","2026-07-19T00:00:00Z","inactive_optional_unavailable","national_team_xg_sources.csv",0,"2026-11-12T19:44:59Z","inactive_optional_unavailable:no_accepted_national_team_xg_source","nl-2026-27-official-uefa-v2","da820cfe9ccbe70bb3ae3d18caaf369746d7e4d97b207a1fc61a6d8227701207",12,"482ced3a312147403cbb45ed8bb7868967f85fcb56af1fa6acfd9d7272000d2c","uefa-nations-league-2026-27-v3","450962da0b9b12c3a84a1de98b75ae98f6358ea8068c4a02e248315cf4280b15","cd8a439b187edded28240964c541195960769984f2ba855c574f64513237d914","19fcff44f621dbaabd0f0e4e722bda809943e77830e3560bcf8ce5a5cbc540ed","2026-06-10T00:00:00Z","raw_1x2","calibrated_1x2",0.353811330277646,0.269917195832696,0.376271473889658,0.288631545238623,0.309268134920412,0.402100319840965,1.18586323742978,1.24518095886396,1,1,0.116969223413915,"uefa_nations_league_2026_27-2047873__score",0,40,1681,2.22044604925031e-16,0.781303769728334,0.218696230271666,1.08793035790094,0.402100319840965,0,3,0,3,"available","analytic_negative_binomial","not_applicable","not_applicable",,,"4784086f6606c0157cbfd1fc8ea24556f7301286ada9431078d27cc985afd292"
"uefa_nations_league_2026_27","uefa_nations_league_2026_27-2047874","uefa_nations_league_2026_27-2047874","2026-11-12T19:45:00Z","2026-11-12T19:44:59Z","resolved","available","none","available","fitted","elo_diff","xgf_ewma_diffmissing_or_zero_variance|xga_ewma_diffmissing_or_zero_variance|xgd_ewma_diffmissing_or_zero_variance|form_index_diff","407a3e3d7ba5329021874a370aeae303669c5fe1afb2095be799b730a484f99f","phase14-open-nb-incumbent-calibrated-v1","0e89c2948c77b348c5b6d3832cf6d4e7721ca7794f8f68f857d6ae82b9fe7d50","/Users/davidzenz/R/xGelo/outputs/releases/phase14-open-nb-incumbent-calibrated-v1/release_manifest.csv","fc9a617e48969b5d524f9994bccb31de0cb028829b4c58a1999b77cf12c5a990","open_nb_incumbent","c65a4f90477e5b799e234d1a313ff333f6cce12cfc08de93e342d7718c252ff8","vector_w400_p0p010","be1392fd4b9fbfe747ea90c89a17413f72459d8ff708d6d80d1bf086973eb51e","2024-07-14","phase14-calibration-remediation-gate-v2","6eab1b1aa4998738a1ef021c74981d6489ca6a615ebbfcaafd35d781d735b852","2026-06-10","elo_ratings","2026-07-19T00:00:00Z","inactive_optional_unavailable","national_team_xg_sources.csv",0,"2026-11-12T19:44:59Z","inactive_optional_unavailable:no_accepted_national_team_xg_source","nl-2026-27-official-uefa-v2","da820cfe9ccbe70bb3ae3d18caaf369746d7e4d97b207a1fc61a6d8227701207",12,"482ced3a312147403cbb45ed8bb7868967f85fcb56af1fa6acfd9d7272000d2c","uefa-nations-league-2026-27-v3","450962da0b9b12c3a84a1de98b75ae98f6358ea8068c4a02e248315cf4280b15","cd8a439b187edded28240964c541195960769984f2ba855c574f64513237d914","19fcff44f621dbaabd0f0e4e722bda809943e77830e3560bcf8ce5a5cbc540ed","2026-06-10T00:00:00Z","raw_1x2","calibrated_1x2",0.450588284528233,0.264446010972361,0.284965704499407,0.392872482141622,0.306907790517877,0.300219727340501,1.40294891833698,1.03974762691306,1,0,0.125019878614029,"uefa_nations_league_2026_27-2047874__score",0,40,1681,5.55111512312578e-16,0.784504995987548,0.215495004012452,1.09080754574376,0.392872482141622,0,3,0,2,"available","analytic_negative_binomial","not_applicable","not_applicable",,,"5ba8c280c8b02b2e0620bc71802c8cedbee2920c20a543ae2539f6f792635cf2"
"uefa_nations_league_2026_27","uefa_nations_league_2026_27-2047875","uefa_nations_league_2026_27-2047875","2026-11-12T19:45:00Z","2026-11-12T19:44:59Z","resolved","available","none","available","fitted","elo_diff","xgf_ewma_diffmissing_or_zero_variance|xga_ewma_diffmissing_or_zero_variance|xgd_ewma_diffmissing_or_zero_variance|form_index_diff","407a3e3d7ba5329021874a370aeae303669c5fe1afb2095be799b730a484f99f","phase14-open-nb-incumbent-calibrated-v1","0e89c2948c77b348c5b6d3832cf6d4e7721ca7794f8f68f857d6ae82b9fe7d50","/Users/davidzenz/R/xGelo/outputs/releases/phase14-open-nb-incumbent-calibrated-v1/release_manifest.csv","fc9a617e48969b5d524f9994bccb31de0cb028829b4c58a1999b77cf12c5a990","open_nb_incumbent","c65a4f90477e5b799e234d1a313ff333f6cce12cfc08de93e342d7718c252ff8","vector_w400_p0p010","be1392fd4b9fbfe747ea90c89a17413f72459d8ff708d6d80d1bf086973eb51e","2024-07-14","phase14-calibration-remediation-gate-v2","6eab1b1aa4998738a1ef021c74981d6489ca6a615ebbfcaafd35d781d735b852","2026-06-10","elo_ratings","2026-07-19T00:00:00Z","inactive_optional_unavailable","national_team_xg_sources.csv",0,"2026-11-12T19:44:59Z","inactive_optional_unavailable:no_accepted_national_team_xg_source","nl-2026-27-official-uefa-v2","da820cfe9ccbe70bb3ae3d18caaf369746d7e4d97b207a1fc61a6d8227701207",12,"482ced3a312147403cbb45ed8bb7868967f85fcb56af1fa6acfd9d7272000d2c","uefa-nations-league-2026-27-v3","450962da0b9b12c3a84a1de98b75ae98f6358ea8068c4a02e248315cf4280b15","cd8a439b187edded28240964c541195960769984f2ba855c574f64513237d914","19fcff44f621dbaabd0f0e4e722bda809943e77830e3560bcf8ce5a5cbc540ed","2026-06-10T00:00:00Z","raw_1x2","calibrated_1x2",0.69429098508253,0.190853992069604,0.114855022847866,0.668096410416679,0.220924127718343,0.110979461864978,2.13810647438574,0.661703165903506,1,0,0.134501351709264,"uefa_nations_league_2026_27-2047875__score",0,40,1681,0,0.781736879556318,0.218263120443682,0.847018162550998,0.668096410416679,0,4,0,2,"available","analytic_negative_binomial","not_applicable","not_applicable",,,"f3013fa7842201afa07440728c3773313342ba7280acfbc08955856fe4442724"
"uefa_nations_league_2026_27","uefa_nations_league_2026_27-2047876","uefa_nations_league_2026_27-2047876","2026-11-12T17:00:00Z","2026-11-12T16:59:59Z","resolved","available","none","available","fitted","elo_diff","xgf_ewma_diffmissing_or_zero_variance|xga_ewma_diffmissing_or_zero_variance|xgd_ewma_diffmissing_or_zero_variance|form_index_diff","407a3e3d7ba5329021874a370aeae303669c5fe1afb2095be799b730a484f99f","phase14-open-nb-incumbent-calibrated-v1","0e89c2948c77b348c5b6d3832cf6d4e7721ca7794f8f68f857d6ae82b9fe7d50","/Users/davidzenz/R/xGelo/outputs/releases/phase14-open-nb-incumbent-calibrated-v1/release_manifest.csv","fc9a617e48969b5d524f9994bccb31de0cb028829b4c58a1999b77cf12c5a990","open_nb_incumbent","c65a4f90477e5b799e234d1a313ff333f6cce12cfc08de93e342d7718c252ff8","vector_w400_p0p010","be1392fd4b9fbfe747ea90c89a17413f72459d8ff708d6d80d1bf086973eb51e","2024-07-14","phase14-calibration-remediation-gate-v2","6eab1b1aa4998738a1ef021c74981d6489ca6a615ebbfcaafd35d781d735b852","2026-06-10","elo_ratings","2026-07-19T00:00:00Z","inactive_optional_unavailable","national_team_xg_sources.csv",0,"2026-11-12T19:44:59Z","inactive_optional_unavailable:no_accepted_national_team_xg_source","nl-2026-27-official-uefa-v2","da820cfe9ccbe70bb3ae3d18caaf369746d7e4d97b207a1fc61a6d8227701207",12,"482ced3a312147403cbb45ed8bb7868967f85fcb56af1fa6acfd9d7272000d2c","uefa-nations-league-2026-27-v3","450962da0b9b12c3a84a1de98b75ae98f6358ea8068c4a02e248315cf4280b15","cd8a439b187edded28240964c541195960769984f2ba855c574f64513237d914","19fcff44f621dbaabd0f0e4e722bda809943e77830e3560bcf8ce5a5cbc540ed","2026-06-10T00:00:00Z","raw_1x2","calibrated_1x2",0.537611778105219,0.2469482702254,0.21543995166938,0.490110676145552,0.287857240781396,0.222032083073052,1.62386646449914,0.888815090283797,1,0,0.133944371857759,"uefa_nations_league_2026_27-2047876__score",0,40,1681,5.55111512312578e-16,0.785640574065687,0.214359425934313,1.04211912248882,0.490110676145552,0,3,0,2,"available","analytic_negative_binomial","not_applicable","not_applicable",,,"cff69baf6c1ed4f9f31bea714f38272939572f81e8ebc0f4f4001fb9aaadcc88"
"uefa_nations_league_2026_27","uefa_nations_league_2026_27-2047877","uefa_nations_league_2026_27-2047877","2026-11-12T19:45:00Z","2026-11-12T19:44:59Z","resolved","available","none","available","fitted","elo_diff","xgf_ewma_diffmissing_or_zero_variance|xga_ewma_diffmissing_or_zero_variance|xgd_ewma_diffmissing_or_zero_variance|form_index_diff","407a3e3d7ba5329021874a370aeae303669c5fe1afb2095be799b730a484f99f","phase14-open-nb-incumbent-calibrated-v1","0e89c2948c77b348c5b6d3832cf6d4e7721ca7794f8f68f857d6ae82b9fe7d50","/Users/davidzenz/R/xGelo/outputs/releases/phase14-open-nb-incumbent-calibrated-v1/release_manifest.csv","fc9a617e48969b5d524f9994bccb31de0cb028829b4c58a1999b77cf12c5a990","open_nb_incumbent","c65a4f90477e5b799e234d1a313ff333f6cce12cfc08de93e342d7718c252ff8","vector_w400_p0p010","be1392fd4b9fbfe747ea90c89a17413f72459d8ff708d6d80d1bf086973eb51e","2024-07-14","phase14-calibration-remediation-gate-v2","6eab1b1aa4998738a1ef021c74981d6489ca6a615ebbfcaafd35d781d735b852","2026-06-10","elo_ratings","2026-07-19T00:00:00Z","inactive_optional_unavailable","national_team_xg_sources.csv",0,"2026-11-12T19:44:59Z","inactive_optional_unavailable:no_accepted_national_team_xg_source","nl-2026-27-official-uefa-v2","da820cfe9ccbe70bb3ae3d18caaf369746d7e4d97b207a1fc61a6d8227701207",12,"482ced3a312147403cbb45ed8bb7868967f85fcb56af1fa6acfd9d7272000d2c","uefa-nations-league-2026-27-v3","450962da0b9b12c3a84a1de98b75ae98f6358ea8068c4a02e248315cf4280b15","cd8a439b187edded28240964c541195960769984f2ba855c574f64513237d914","19fcff44f621dbaabd0f0e4e722bda809943e77830e3560bcf8ce5a5cbc540ed","2026-06-10T00:00:00Z","raw_1x2","calibrated_1x2",0.0220280210121888,0.0657669980287729,0.912204980959038,0.00848868288297611,0.0640669771836333,0.927444339933391,0.4023286835683,3.96961899299509,0,3,0.116868839669278,"uefa_nations_league_2026_27-2047877__score",0,40,1681,1.88737914186277e-13,0.715205827069714,0.284794172930286,0.286385054241358,0.927444339933391,0,1,1,7,"available","analytic_negative_binomial","not_applicable","not_applicable",,,"eddacc8382ac694b898d28c7b4fe279e15a37353d21fd80a6d5bb22d1cd4db24"
"uefa_nations_league_2026_27","uefa_nations_league_2026_27-2047878","uefa_nations_league_2026_27-2047878","2026-11-12T19:45:00Z","2026-11-12T19:44:59Z","resolved","available","none","available","fitted","elo_diff","xgf_ewma_diffmissing_or_zero_variance|xga_ewma_diffmissing_or_zero_variance|xgd_ewma_diffmissing_or_zero_variance|form_index_diff","407a3e3d7ba5329021874a370aeae303669c5fe1afb2095be799b730a484f99f","phase14-open-nb-incumbent-calibrated-v1","0e89c2948c77b348c5b6d3832cf6d4e7721ca7794f8f68f857d6ae82b9fe7d50","/Users/davidzenz/R/xGelo/outputs/releases/phase14-open-nb-incumbent-calibrated-v1/release_manifest.csv","fc9a617e48969b5d524f9994bccb31de0cb028829b4c58a1999b77cf12c5a990","open_nb_incumbent","c65a4f90477e5b799e234d1a313ff333f6cce12cfc08de93e342d7718c252ff8","vector_w400_p0p010","be1392fd4b9fbfe747ea90c89a17413f72459d8ff708d6d80d1bf086973eb51e","2024-07-14","phase14-calibration-remediation-gate-v2","6eab1b1aa4998738a1ef021c74981d6489ca6a615ebbfcaafd35d781d735b852","2026-06-10","elo_ratings","2026-07-19T00:00:00Z","inactive_optional_unavailable","national_team_xg_sources.csv",0,"2026-11-12T19:44:59Z","inactive_optional_unavailable:no_accepted_national_team_xg_source","nl-2026-27-official-uefa-v2","da820cfe9ccbe70bb3ae3d18caaf369746d7e4d97b207a1fc61a6d8227701207",12,"482ced3a312147403cbb45ed8bb7868967f85fcb56af1fa6acfd9d7272000d2c","uefa-nations-league-2026-27-v3","450962da0b9b12c3a84a1de98b75ae98f6358ea8068c4a02e248315cf4280b15","cd8a439b187edded28240964c541195960769984f2ba855c574f64513237d914","19fcff44f621dbaabd0f0e4e722bda809943e77830e3560bcf8ce5a5cbc540ed","2026-06-10T00:00:00Z","raw_1x2","calibrated_1x2",0.337945983793297,0.269176329001078,0.392877687205626,0.272107462420258,0.307495482180133,0.420397055399608,1.15216231910393,1.28428646823417,1,1,0.116659844249202,"uefa_nations_league_2026_27-2047878__score",0,40,1681,2.22044604925031e-16,0.781445248325291,0.218554751674709,1.08108899141602,0.420397055399608,0,3,0,3,"available","analytic_negative_binomial","not_applicable","not_applicable",,,"eb1ee6c1ba1ad7204e68d767e38dc1db80f99db98ed8e040b6aa93b0be5b7581"
"uefa_nations_league_2026_27","uefa_nations_league_2026_27-2047879","uefa_nations_league_2026_27-2047879","2026-11-12T19:45:00Z","2026-11-12T19:44:59Z","resolved","available","none","available","fitted","elo_diff","xgf_ewma_diffmissing_or_zero_variance|xga_ewma_diffmissing_or_zero_variance|xgd_ewma_diffmissing_or_zero_variance|form_index_diff","407a3e3d7ba5329021874a370aeae303669c5fe1afb2095be799b730a484f99f","phase14-open-nb-incumbent-calibrated-v1","0e89c2948c77b348c5b6d3832cf6d4e7721ca7794f8f68f857d6ae82b9fe7d50","/Users/davidzenz/R/xGelo/outputs/releases/phase14-open-nb-incumbent-calibrated-v1/release_manifest.csv","fc9a617e48969b5d524f9994bccb31de0cb028829b4c58a1999b77cf12c5a990","open_nb_incumbent","c65a4f90477e5b799e234d1a313ff333f6cce12cfc08de93e342d7718c252ff8","vector_w400_p0p010","be1392fd4b9fbfe747ea90c89a17413f72459d8ff708d6d80d1bf086973eb51e","2024-07-14","phase14-calibration-remediation-gate-v2","6eab1b1aa4998738a1ef021c74981d6489ca6a615ebbfcaafd35d781d735b852","2026-06-10","elo_ratings","2026-07-19T00:00:00Z","inactive_optional_unavailable","national_team_xg_sources.csv",0,"2026-11-12T19:44:59Z","inactive_optional_unavailable:no_accepted_national_team_xg_source","nl-2026-27-official-uefa-v2","da820cfe9ccbe70bb3ae3d18caaf369746d7e4d97b207a1fc61a6d8227701207",12,"482ced3a312147403cbb45ed8bb7868967f85fcb56af1fa6acfd9d7272000d2c","uefa-nations-league-2026-27-v3","450962da0b9b12c3a84a1de98b75ae98f6358ea8068c4a02e248315cf4280b15","cd8a439b187edded28240964c541195960769984f2ba855c574f64513237d914","19fcff44f621dbaabd0f0e4e722bda809943e77830e3560bcf8ce5a5cbc540ed","2026-06-10T00:00:00Z","raw_1x2","calibrated_1x2",0.610496744511969,0.224500310154195,0.165002945333836,0.572808061155271,0.261437232976509,0.16575470586822,1.83855106243923,0.77798872590542,1,0,0.13698502744896,"uefa_nations_league_2026_27-2047879__score",0,40,1681,0,0.783075065529591,0.216924934470409,0.967807315079948,0.572808061155271,0,4,0,2,"available","analytic_negative_binomial","not_applicable","not_applicable",,,"ff2578bb4649d297590ebc39f1d6f2f9a5636fb1b67fe014c66d92f1f10cbaf5"
"uefa_nations_league_2026_27","uefa_nations_league_2026_27-2047880","uefa_nations_league_2026_27-2047880","2026-11-13T19:45:00Z","2026-11-13T19:44:59Z","resolved","available","none","available","fitted","elo_diff","xgf_ewma_diffmissing_or_zero_variance|xga_ewma_diffmissing_or_zero_variance|xgd_ewma_diffmissing_or_zero_variance|form_index_diff","407a3e3d7ba5329021874a370aeae303669c5fe1afb2095be799b730a484f99f","phase14-open-nb-incumbent-calibrated-v1","0e89c2948c77b348c5b6d3832cf6d4e7721ca7794f8f68f857d6ae82b9fe7d50","/Users/davidzenz/R/xGelo/outputs/releases/phase14-open-nb-incumbent-calibrated-v1/release_manifest.csv","fc9a617e48969b5d524f9994bccb31de0cb028829b4c58a1999b77cf12c5a990","open_nb_incumbent","c65a4f90477e5b799e234d1a313ff333f6cce12cfc08de93e342d7718c252ff8","vector_w400_p0p010","be1392fd4b9fbfe747ea90c89a17413f72459d8ff708d6d80d1bf086973eb51e","2024-07-14","phase14-calibration-remediation-gate-v2","6eab1b1aa4998738a1ef021c74981d6489ca6a615ebbfcaafd35d781d735b852","2026-06-10","elo_ratings","2026-07-19T00:00:00Z","inactive_optional_unavailable","national_team_xg_sources.csv",0,"2026-11-12T19:44:59Z","inactive_optional_unavailable:no_accepted_national_team_xg_source","nl-2026-27-official-uefa-v2","da820cfe9ccbe70bb3ae3d18caaf369746d7e4d97b207a1fc61a6d8227701207",12,"482ced3a312147403cbb45ed8bb7868967f85fcb56af1fa6acfd9d7272000d2c","uefa-nations-league-2026-27-v3","450962da0b9b12c3a84a1de98b75ae98f6358ea8068c4a02e248315cf4280b15","cd8a439b187edded28240964c541195960769984f2ba855c574f64513237d914","19fcff44f621dbaabd0f0e4e722bda809943e77830e3560bcf8ce5a5cbc540ed","2026-06-10T00:00:00Z","raw_1x2","calibrated_1x2",0.805503222121286,0.134215841136361,0.0602809367423527,0.793019167375875,0.152864927477651,0.0541159051464743,2.69754471758578,0.515703293563354,2,0,0.138642669923066,"uefa_nations_league_2026_27-2047880__score",0,40,1681,8.88178419700125e-16,0.780257663708293,0.219742336291707,0.628854311711545,0.793019167375875,1,5,0,1,"available","analytic_negative_binomial","not_applicable","not_applicable",,,"a1945fb5dea9b154f199d19b115fc03fe39431304892752001d03754054e76f1"
"uefa_nations_league_2026_27","uefa_nations_league_2026_27-2047881","uefa_nations_league_2026_27-2047881","2026-11-13T19:45:00Z","2026-11-13T19:44:59Z","resolved","available","none","available","fitted","elo_diff","xgf_ewma_diffmissing_or_zero_variance|xga_ewma_diffmissing_or_zero_variance|xgd_ewma_diffmissing_or_zero_variance|form_index_diff","407a3e3d7ba5329021874a370aeae303669c5fe1afb2095be799b730a484f99f","phase14-open-nb-incumbent-calibrated-v1","0e89c2948c77b348c5b6d3832cf6d4e7721ca7794f8f68f857d6ae82b9fe7d50","/Users/davidzenz/R/xGelo/outputs/releases/phase14-open-nb-incumbent-calibrated-v1/release_manifest.csv","fc9a617e48969b5d524f9994bccb31de0cb028829b4c58a1999b77cf12c5a990","open_nb_incumbent","c65a4f90477e5b799e234d1a313ff333f6cce12cfc08de93e342d7718c252ff8","vector_w400_p0p010","be1392fd4b9fbfe747ea90c89a17413f72459d8ff708d6d80d1bf086973eb51e","2024-07-14","phase14-calibration-remediation-gate-v2","6eab1b1aa4998738a1ef021c74981d6489ca6a615ebbfcaafd35d781d735b852","2026-06-10","elo_ratings","2026-07-19T00:00:00Z","inactive_optional_unavailable","national_team_xg_sources.csv",0,"2026-11-12T19:44:59Z","inactive_optional_unavailable:no_accepted_national_team_xg_source","nl-2026-27-official-uefa-v2","da820cfe9ccbe70bb3ae3d18caaf369746d7e4d97b207a1fc61a6d8227701207",12,"482ced3a312147403cbb45ed8bb7868967f85fcb56af1fa6acfd9d7272000d2c","uefa-nations-league-2026-27-v3","450962da0b9b12c3a84a1de98b75ae98f6358ea8068c4a02e248315cf4280b15","cd8a439b187edded28240964c541195960769984f2ba855c574f64513237d914","19fcff44f621dbaabd0f0e4e722bda809943e77830e3560bcf8ce5a5cbc540ed","2026-06-10T00:00:00Z","raw_1x2","calibrated_1x2",0.474443907874524,0.260736378575016,0.26481971355046,0.419281415877897,0.303157115484809,0.277561468637294,1.46052830434167,0.995846409718227,1,0,0.127993911261486,"uefa_nations_league_2026_27-2047881__score",0,40,1681,0,0.784091302597557,0.215908697402443,1.08201819229573,0.419281415877897,0,3,0,2,"available","analytic_negative_binomial","not_applicable","not_applicable",,,"27ceaee74cabf65c285fa389eb6c61623eacc804cd8bc3ec4172591bf2023b6d"
"uefa_nations_league_2026_27","uefa_nations_league_2026_27-2047882","uefa_nations_league_2026_27-2047882","2026-11-13T19:45:00Z","2026-11-13T19:44:59Z","resolved","available","none","available","fitted","elo_diff","xgf_ewma_diffmissing_or_zero_variance|xga_ewma_diffmissing_or_zero_variance|xgd_ewma_diffmissing_or_zero_variance|form_index_diff","407a3e3d7ba5329021874a370aeae303669c5fe1afb2095be799b730a484f99f","phase14-open-nb-incumbent-calibrated-v1","0e89c2948c77b348c5b6d3832cf6d4e7721ca7794f8f68f857d6ae82b9fe7d50","/Users/davidzenz/R/xGelo/outputs/releases/phase14-open-nb-incumbent-calibrated-v1/release_manifest.csv","fc9a617e48969b5d524f9994bccb31de0cb028829b4c58a1999b77cf12c5a990","open_nb_incumbent","c65a4f90477e5b799e234d1a313ff333f6cce12cfc08de93e342d7718c252ff8","vector_w400_p0p010","be1392fd4b9fbfe747ea90c89a17413f72459d8ff708d6d80d1bf086973eb51e","2024-07-14","phase14-calibration-remediation-gate-v2","6eab1b1aa4998738a1ef021c74981d6489ca6a615ebbfcaafd35d781d735b852","2026-06-10","elo_ratings","2026-07-19T00:00:00Z","inactive_optional_unavailable","national_team_xg_sources.csv",0,"2026-11-12T19:44:59Z","inactive_optional_unavailable:no_accepted_national_team_xg_source","nl-2026-27-official-uefa-v2","da820cfe9ccbe70bb3ae3d18caaf369746d7e4d97b207a1fc61a6d8227701207",12,"482ced3a312147403cbb45ed8bb7868967f85fcb56af1fa6acfd9d7272000d2c","uefa-nations-league-2026-27-v3","450962da0b9b12c3a84a1de98b75ae98f6358ea8068c4a02e248315cf4280b15","cd8a439b187edded28240964c541195960769984f2ba855c574f64513237d914","19fcff44f621dbaabd0f0e4e722bda809943e77830e3560bcf8ce5a5cbc540ed","2026-06-10T00:00:00Z","raw_1x2","calibrated_1x2",0.344517422316057,0.269544629417815,0.38593794826613,0.278929006912171,0.308309218206945,0.412761774880885,1.16607274532784,1.26786133491902,1,1,0.116815025494084,"uefa_nations_league_2026_27-2047882__score",0,40,1681,1.11022302462516e-16,0.781478389116157,0.218521610883843,1.0841552323366,0.412761774880885,0,3,0,3,"available","analytic_negative_binomial","not_applicable","not_applicable",,,"911a28ad7ca2435c012712d0d4fbc535a5d2bc8b2a7ca6699df09faac98a56a4"
"uefa_nations_league_2026_27","uefa_nations_league_2026_27-2047883","uefa_nations_league_2026_27-2047883","2026-11-13T17:00:00Z","2026-11-13T16:59:59Z","resolved","available","none","available","fitted","elo_diff","xgf_ewma_diffmissing_or_zero_variance|xga_ewma_diffmissing_or_zero_variance|xgd_ewma_diffmissing_or_zero_variance|form_index_diff","407a3e3d7ba5329021874a370aeae303669c5fe1afb2095be799b730a484f99f","phase14-open-nb-incumbent-calibrated-v1","0e89c2948c77b348c5b6d3832cf6d4e7721ca7794f8f68f857d6ae82b9fe7d50","/Users/davidzenz/R/xGelo/outputs/releases/phase14-open-nb-incumbent-calibrated-v1/release_manifest.csv","fc9a617e48969b5d524f9994bccb31de0cb028829b4c58a1999b77cf12c5a990","open_nb_incumbent","c65a4f90477e5b799e234d1a313ff333f6cce12cfc08de93e342d7718c252ff8","vector_w400_p0p010","be1392fd4b9fbfe747ea90c89a17413f72459d8ff708d6d80d1bf086973eb51e","2024-07-14","phase14-calibration-remediation-gate-v2","6eab1b1aa4998738a1ef021c74981d6489ca6a615ebbfcaafd35d781d735b852","2026-06-10","elo_ratings","2026-07-19T00:00:00Z","inactive_optional_unavailable","national_team_xg_sources.csv",0,"2026-11-12T19:44:59Z","inactive_optional_unavailable:no_accepted_national_team_xg_source","nl-2026-27-official-uefa-v2","da820cfe9ccbe70bb3ae3d18caaf369746d7e4d97b207a1fc61a6d8227701207",12,"482ced3a312147403cbb45ed8bb7868967f85fcb56af1fa6acfd9d7272000d2c","uefa-nations-league-2026-27-v3","450962da0b9b12c3a84a1de98b75ae98f6358ea8068c4a02e248315cf4280b15","cd8a439b187edded28240964c541195960769984f2ba855c574f64513237d914","19fcff44f621dbaabd0f0e4e722bda809943e77830e3560bcf8ce5a5cbc540ed","2026-06-10T00:00:00Z","raw_1x2","calibrated_1x2",0.314831434397501,0.267163114584219,0.418005451018279,0.248383912101492,0.303713063718163,0.447903024180344,1.10371347931293,1.3448472863318,0,1,0.116121950507437,"uefa_nations_league_2026_27-2047883__score",0,40,1681,2.22044604925031e-16,0.780345739910858,0.219654260089142,1.06761648561132,0.447903024180344,0,3,0,3,"available","analytic_negative_binomial","not_applicable","not_applicable",,,"4b208050e6d73ba303eafaa695cd468afe125e31e0c4e1723c806f8f6dbd36f6"
"uefa_nations_league_2026_27","uefa_nations_league_2026_27-2047884","uefa_nations_league_2026_27-2047884","2026-11-13T19:45:00Z","2026-11-13T19:44:59Z","resolved","available","none","available","fitted","elo_diff","xgf_ewma_diffmissing_or_zero_variance|xga_ewma_diffmissing_or_zero_variance|xgd_ewma_diffmissing_or_zero_variance|form_index_diff","407a3e3d7ba5329021874a370aeae303669c5fe1afb2095be799b730a484f99f","phase14-open-nb-incumbent-calibrated-v1","0e89c2948c77b348c5b6d3832cf6d4e7721ca7794f8f68f857d6ae82b9fe7d50","/Users/davidzenz/R/xGelo/outputs/releases/phase14-open-nb-incumbent-calibrated-v1/release_manifest.csv","fc9a617e48969b5d524f9994bccb31de0cb028829b4c58a1999b77cf12c5a990","open_nb_incumbent","c65a4f90477e5b799e234d1a313ff333f6cce12cfc08de93e342d7718c252ff8","vector_w400_p0p010","be1392fd4b9fbfe747ea90c89a17413f72459d8ff708d6d80d1bf086973eb51e","2024-07-14","phase14-calibration-remediation-gate-v2","6eab1b1aa4998738a1ef021c74981d6489ca6a615ebbfcaafd35d781d735b852","2026-06-10","elo_ratings","2026-07-19T00:00:00Z","inactive_optional_unavailable","national_team_xg_sources.csv",0,"2026-11-12T19:44:59Z","inactive_optional_unavailable:no_accepted_national_team_xg_source","nl-2026-27-official-uefa-v2","da820cfe9ccbe70bb3ae3d18caaf369746d7e4d97b207a1fc61a6d8227701207",12,"482ced3a312147403cbb45ed8bb7868967f85fcb56af1fa6acfd9d7272000d2c","uefa-nations-league-2026-27-v3","450962da0b9b12c3a84a1de98b75ae98f6358ea8068c4a02e248315cf4280b15","cd8a439b187edded28240964c541195960769984f2ba855c574f64513237d914","19fcff44f621dbaabd0f0e4e722bda809943e77830e3560bcf8ce5a5cbc540ed","2026-06-10T00:00:00Z","raw_1x2","calibrated_1x2",0.411289611342544,0.26861113192994,0.320099256727516,0.349914010795298,0.310458952212498,0.339627036992203,1.31199247788471,1.11725076307888,1,0,0.119304171414766,"uefa_nations_league_2026_27-2047884__score",0,40,1681,2.22044604925031e-16,0.783889825773902,0.216110174226098,1.09734408549237,0.349914010795298,0,3,0,3,"available","analytic_negative_binomial","not_applicable","not_applicable",,,"619f6aee3e6e30a0194124ddae74c40f7ae85f675abb851786317bf3c258cb4e"
"uefa_nations_league_2026_27","uefa_nations_league_2026_27-2047885","uefa_nations_league_2026_27-2047885","2026-11-13T19:45:00Z","2026-11-13T19:44:59Z","resolved","available","none","available","fitted","elo_diff","xgf_ewma_diffmissing_or_zero_variance|xga_ewma_diffmissing_or_zero_variance|xgd_ewma_diffmissing_or_zero_variance|form_index_diff","407a3e3d7ba5329021874a370aeae303669c5fe1afb2095be799b730a484f99f","phase14-open-nb-incumbent-calibrated-v1","0e89c2948c77b348c5b6d3832cf6d4e7721ca7794f8f68f857d6ae82b9fe7d50","/Users/davidzenz/R/xGelo/outputs/releases/phase14-open-nb-incumbent-calibrated-v1/release_manifest.csv","fc9a617e48969b5d524f9994bccb31de0cb028829b4c58a1999b77cf12c5a990","open_nb_incumbent","c65a4f90477e5b799e234d1a313ff333f6cce12cfc08de93e342d7718c252ff8","vector_w400_p0p010","be1392fd4b9fbfe747ea90c89a17413f72459d8ff708d6d80d1bf086973eb51e","2024-07-14","phase14-calibration-remediation-gate-v2","6eab1b1aa4998738a1ef021c74981d6489ca6a615ebbfcaafd35d781d735b852","2026-06-10","elo_ratings","2026-07-19T00:00:00Z","inactive_optional_unavailable","national_team_xg_sources.csv",0,"2026-11-12T19:44:59Z","inactive_optional_unavailable:no_accepted_national_team_xg_source","nl-2026-27-official-uefa-v2","da820cfe9ccbe70bb3ae3d18caaf369746d7e4d97b207a1fc61a6d8227701207",12,"482ced3a312147403cbb45ed8bb7868967f85fcb56af1fa6acfd9d7272000d2c","uefa-nations-league-2026-27-v3","450962da0b9b12c3a84a1de98b75ae98f6358ea8068c4a02e248315cf4280b15","cd8a439b187edded28240964c541195960769984f2ba855c574f64513237d914","19fcff44f621dbaabd0f0e4e722bda809943e77830e3560bcf8ce5a5cbc540ed","2026-06-10T00:00:00Z","raw_1x2","calibrated_1x2",0.139089667617247,0.203828574511684,0.657081757871069,0.086570432446533,0.217868911353784,0.695560656199683,0.738585558261094,2.06912486008649,0,1,0.127841442287997,"uefa_nations_league_2026_27-2047885__score",0,40,1681,0,0.762612550380424,0.237387449619576,0.79633665919193,0.695560656199683,0,2,0,4,"available","analytic_negative_binomial","not_applicable","not_applicable",,,"d812b7a48b6e354ee31f988a28aa0c587a3fc39bf2ca2dcdeccfda1c77983d51"
"uefa_nations_league_2026_27","uefa_nations_league_2026_27-2047886","uefa_nations_league_2026_27-2047886","2026-11-13T19:45:00Z","2026-11-13T19:44:59Z","resolved","available","none","available","fitted","elo_diff","xgf_ewma_diffmissing_or_zero_variance|xga_ewma_diffmissing_or_zero_variance|xgd_ewma_diffmissing_or_zero_variance|form_index_diff","407a3e3d7ba5329021874a370aeae303669c5fe1afb2095be799b730a484f99f","phase14-open-nb-incumbent-calibrated-v1","0e89c2948c77b348c5b6d3832cf6d4e7721ca7794f8f68f857d6ae82b9fe7d50","/Users/davidzenz/R/xGelo/outputs/releases/phase14-open-nb-incumbent-calibrated-v1/release_manifest.csv","fc9a617e48969b5d524f9994bccb31de0cb028829b4c58a1999b77cf12c5a990","open_nb_incumbent","c65a4f90477e5b799e234d1a313ff333f6cce12cfc08de93e342d7718c252ff8","vector_w400_p0p010","be1392fd4b9fbfe747ea90c89a17413f72459d8ff708d6d80d1bf086973eb51e","2024-07-14","phase14-calibration-remediation-gate-v2","6eab1b1aa4998738a1ef021c74981d6489ca6a615ebbfcaafd35d781d735b852","2026-06-10","elo_ratings","2026-07-19T00:00:00Z","inactive_optional_unavailable","national_team_xg_sources.csv",0,"2026-11-12T19:44:59Z","inactive_optional_unavailable:no_accepted_national_team_xg_source","nl-2026-27-official-uefa-v2","da820cfe9ccbe70bb3ae3d18caaf369746d7e4d97b207a1fc61a6d8227701207",12,"482ced3a312147403cbb45ed8bb7868967f85fcb56af1fa6acfd9d7272000d2c","uefa-nations-league-2026-27-v3","450962da0b9b12c3a84a1de98b75ae98f6358ea8068c4a02e248315cf4280b15","cd8a439b187edded28240964c541195960769984f2ba855c574f64513237d914","19fcff44f621dbaabd0f0e4e722bda809943e77830e3560bcf8ce5a5cbc540ed","2026-06-10T00:00:00Z","raw_1x2","calibrated_1x2",0.697007038647662,0.189630725009243,0.113362236343096,0.67117611043608,0.219446415236012,0.109377474327907,2.14911190482988,0.658069447285197,1,0,0.13429746221755,"uefa_nations_league_2026_27-2047886__score",0,40,1681,6.66133814775094e-16,0.781778673672322,0.218221326327678,0.842483540144786,0.67117611043608,0,4,0,2,"available","analytic_negative_binomial","not_applicable","not_applicable",,,"d7110a412710ed95a49630bf66904320f94773990631723115a1dbda90180f8d"
"uefa_nations_league_2026_27","uefa_nations_league_2026_27-2047887","uefa_nations_league_2026_27-2047887","2026-11-13T19:45:00Z","2026-11-13T19:44:59Z","resolved","available","none","available","fitted","elo_diff","xgf_ewma_diffmissing_or_zero_variance|xga_ewma_diffmissing_or_zero_variance|xgd_ewma_diffmissing_or_zero_variance|form_index_diff","407a3e3d7ba5329021874a370aeae303669c5fe1afb2095be799b730a484f99f","phase14-open-nb-incumbent-calibrated-v1","0e89c2948c77b348c5b6d3832cf6d4e7721ca7794f8f68f857d6ae82b9fe7d50","/Users/davidzenz/R/xGelo/outputs/releases/phase14-open-nb-incumbent-calibrated-v1/release_manifest.csv","fc9a617e48969b5d524f9994bccb31de0cb028829b4c58a1999b77cf12c5a990","open_nb_incumbent","c65a4f90477e5b799e234d1a313ff333f6cce12cfc08de93e342d7718c252ff8","vector_w400_p0p010","be1392fd4b9fbfe747ea90c89a17413f72459d8ff708d6d80d1bf086973eb51e","2024-07-14","phase14-calibration-remediation-gate-v2","6eab1b1aa4998738a1ef021c74981d6489ca6a615ebbfcaafd35d781d735b852","2026-06-10","elo_ratings","2026-07-19T00:00:00Z","inactive_optional_unavailable","national_team_xg_sources.csv",0,"2026-11-12T19:44:59Z","inactive_optional_unavailable:no_accepted_national_team_xg_source","nl-2026-27-official-uefa-v2","da820cfe9ccbe70bb3ae3d18caaf369746d7e4d97b207a1fc61a6d8227701207",12,"482ced3a312147403cbb45ed8bb7868967f85fcb56af1fa6acfd9d7272000d2c","uefa-nations-league-2026-27-v3","450962da0b9b12c3a84a1de98b75ae98f6358ea8068c4a02e248315cf4280b15","cd8a439b187edded28240964c541195960769984f2ba855c574f64513237d914","19fcff44f621dbaabd0f0e4e722bda809943e77830e3560bcf8ce5a5cbc540ed","2026-06-10T00:00:00Z","raw_1x2","calibrated_1x2",0.271835922196385,0.260200763140317,0.467963314663299,0.205500324696694,0.292635176719571,0.501864498583735,1.01506449418186,1.47120806184103,0,1,0.122018355939371,"uefa_nations_league_2026_27-2047887__score",0,40,1681,5.55111512312578e-16,0.777294899187806,0.222705100812194,1.03076119814425,0.501864498583735,0,2,0,3,"available","analytic_negative_binomial","not_applicable","not_applicable",,,"bdb932c19229a2e88951fc1062eb7abd43cbefcf7c26ed245656f04a53919fbb"
"uefa_nations_league_2026_27","uefa_nations_league_2026_27-2047888","uefa_nations_league_2026_27-2047888","2026-11-13T19:45:00Z","2026-11-13T19:44:59Z","resolved","available","none","available","fitted","elo_diff","xgf_ewma_diffmissing_or_zero_variance|xga_ewma_diffmissing_or_zero_variance|xgd_ewma_diffmissing_or_zero_variance|form_index_diff","407a3e3d7ba5329021874a370aeae303669c5fe1afb2095be799b730a484f99f","phase14-open-nb-incumbent-calibrated-v1","0e89c2948c77b348c5b6d3832cf6d4e7721ca7794f8f68f857d6ae82b9fe7d50","/Users/davidzenz/R/xGelo/outputs/releases/phase14-open-nb-incumbent-calibrated-v1/release_manifest.csv","fc9a617e48969b5d524f9994bccb31de0cb028829b4c58a1999b77cf12c5a990","open_nb_incumbent","c65a4f90477e5b799e234d1a313ff333f6cce12cfc08de93e342d7718c252ff8","vector_w400_p0p010","be1392fd4b9fbfe747ea90c89a17413f72459d8ff708d6d80d1bf086973eb51e","2024-07-14","phase14-calibration-remediation-gate-v2","6eab1b1aa4998738a1ef021c74981d6489ca6a615ebbfcaafd35d781d735b852","2026-06-10","elo_ratings","2026-07-19T00:00:00Z","inactive_optional_unavailable","national_team_xg_sources.csv",0,"2026-11-12T19:44:59Z","inactive_optional_unavailable:no_accepted_national_team_xg_source","nl-2026-27-official-uefa-v2","da820cfe9ccbe70bb3ae3d18caaf369746d7e4d97b207a1fc61a6d8227701207",12,"482ced3a312147403cbb45ed8bb7868967f85fcb56af1fa6acfd9d7272000d2c","uefa-nations-league-2026-27-v3","450962da0b9b12c3a84a1de98b75ae98f6358ea8068c4a02e248315cf4280b15","cd8a439b187edded28240964c541195960769984f2ba855c574f64513237d914","19fcff44f621dbaabd0f0e4e722bda809943e77830e3560bcf8ce5a5cbc540ed","2026-06-10T00:00:00Z","raw_1x2","calibrated_1x2",0.63791996544886,0.214377293527043,0.147702741024098,0.604021815017505,0.249300082229079,0.146678102753417,1.92909781247067,0.738890085738638,1,0,0.136937828823547,"uefa_nations_league_2026_27-2047888__score",0,40,1681,3.33066907387547e-16,0.783290483433548,0.216709516566452,0.932367590972548,0.604021815017505,0,4,0,2,"available","analytic_negative_binomial","not_applicable","not_applicable",,,"998a435c4689c44e7d996ff4921630f0b8e802f50065791dc4d7622aa3b8d3e1"
"uefa_nations_league_2026_27","uefa_nations_league_2026_27-2047889","uefa_nations_league_2026_27-2047889","2026-11-13T19:45:00Z","2026-11-13T19:44:59Z","resolved","available","none","available","fitted","elo_diff","xgf_ewma_diffmissing_or_zero_variance|xga_ewma_diffmissing_or_zero_variance|xgd_ewma_diffmissing_or_zero_variance|form_index_diff","407a3e3d7ba5329021874a370aeae303669c5fe1afb2095be799b730a484f99f","phase14-open-nb-incumbent-calibrated-v1","0e89c2948c77b348c5b6d3832cf6d4e7721ca7794f8f68f857d6ae82b9fe7d50","/Users/davidzenz/R/xGelo/outputs/releases/phase14-open-nb-incumbent-calibrated-v1/release_manifest.csv","fc9a617e48969b5d524f9994bccb31de0cb028829b4c58a1999b77cf12c5a990","open_nb_incumbent","c65a4f90477e5b799e234d1a313ff333f6cce12cfc08de93e342d7718c252ff8","vector_w400_p0p010","be1392fd4b9fbfe747ea90c89a17413f72459d8ff708d6d80d1bf086973eb51e","2024-07-14","phase14-calibration-remediation-gate-v2","6eab1b1aa4998738a1ef021c74981d6489ca6a615ebbfcaafd35d781d735b852","2026-06-10","elo_ratings","2026-07-19T00:00:00Z","inactive_optional_unavailable","national_team_xg_sources.csv",0,"2026-11-12T19:44:59Z","inactive_optional_unavailable:no_accepted_national_team_xg_source","nl-2026-27-official-uefa-v2","da820cfe9ccbe70bb3ae3d18caaf369746d7e4d97b207a1fc61a6d8227701207",12,"482ced3a312147403cbb45ed8bb7868967f85fcb56af1fa6acfd9d7272000d2c","uefa-nations-league-2026-27-v3","450962da0b9b12c3a84a1de98b75ae98f6358ea8068c4a02e248315cf4280b15","cd8a439b187edded28240964c541195960769984f2ba855c574f64513237d914","19fcff44f621dbaabd0f0e4e722bda809943e77830e3560bcf8ce5a5cbc540ed","2026-06-10T00:00:00Z","raw_1x2","calibrated_1x2",0.275945308515366,0.261060285921779,0.462994405562855,0.209522864765469,0.293933326357721,0.496543808876811,1.02348045546389,1.45823658989282,0,1,0.121506315470835,"uefa_nations_league_2026_27-2047889__score",0,40,1681,5.55111512312578e-16,0.777326826325419,0.222673173674581,1.03498278554602,0.496543808876811,0,2,0,3,"available","analytic_negative_binomial","not_applicable","not_applicable",,,"19974a73c7e60d1ddd7c975caf5c5a7ce6c9c8a5f6e44cafe7a5c53087e4d147"
"uefa_nations_league_2026_27","uefa_nations_league_2026_27-2047890","uefa_nations_league_2026_27-2047890","2026-11-14T19:45:00Z","2026-11-14T19:44:59Z","resolved","available","none","available","fitted","elo_diff","xgf_ewma_diffmissing_or_zero_variance|xga_ewma_diffmissing_or_zero_variance|xgd_ewma_diffmissing_or_zero_variance|form_index_diff","407a3e3d7ba5329021874a370aeae303669c5fe1afb2095be799b730a484f99f","phase14-open-nb-incumbent-calibrated-v1","0e89c2948c77b348c5b6d3832cf6d4e7721ca7794f8f68f857d6ae82b9fe7d50","/Users/davidzenz/R/xGelo/outputs/releases/phase14-open-nb-incumbent-calibrated-v1/release_manifest.csv","fc9a617e48969b5d524f9994bccb31de0cb028829b4c58a1999b77cf12c5a990","open_nb_incumbent","c65a4f90477e5b799e234d1a313ff333f6cce12cfc08de93e342d7718c252ff8","vector_w400_p0p010","be1392fd4b9fbfe747ea90c89a17413f72459d8ff708d6d80d1bf086973eb51e","2024-07-14","phase14-calibration-remediation-gate-v2","6eab1b1aa4998738a1ef021c74981d6489ca6a615ebbfcaafd35d781d735b852","2026-06-10","elo_ratings","2026-07-19T00:00:00Z","inactive_optional_unavailable","national_team_xg_sources.csv",0,"2026-11-12T19:44:59Z","inactive_optional_unavailable:no_accepted_national_team_xg_source","nl-2026-27-official-uefa-v2","da820cfe9ccbe70bb3ae3d18caaf369746d7e4d97b207a1fc61a6d8227701207",12,"482ced3a312147403cbb45ed8bb7868967f85fcb56af1fa6acfd9d7272000d2c","uefa-nations-league-2026-27-v3","450962da0b9b12c3a84a1de98b75ae98f6358ea8068c4a02e248315cf4280b15","cd8a439b187edded28240964c541195960769984f2ba855c574f64513237d914","19fcff44f621dbaabd0f0e4e722bda809943e77830e3560bcf8ce5a5cbc540ed","2026-06-10T00:00:00Z","raw_1x2","calibrated_1x2",0.672014577572316,0.200577975279069,0.127407447148615,0.642805316773663,0.232668388590701,0.124526294635636,2.05133232538581,0.691770567795292,1,0,0.135862970884317,"uefa_nations_league_2026_27-2047890__score",0,40,1681,5.55111512312578e-16,0.781038295918235,0.218961704081765,0.882745554743205,0.642805316773663,0,4,0,2,"available","analytic_negative_binomial","not_applicable","not_applicable",,,"aac82268069a8134b2a108ed512aa867bb7227a74c9a851a9a8d30c115ca4fab"
"uefa_nations_league_2026_27","uefa_nations_league_2026_27-2047891","uefa_nations_league_2026_27-2047891","2026-11-14T19:45:00Z","2026-11-14T19:44:59Z","resolved","available","none","available","fitted","elo_diff","xgf_ewma_diffmissing_or_zero_variance|xga_ewma_diffmissing_or_zero_variance|xgd_ewma_diffmissing_or_zero_variance|form_index_diff","407a3e3d7ba5329021874a370aeae303669c5fe1afb2095be799b730a484f99f","phase14-open-nb-incumbent-calibrated-v1","0e89c2948c77b348c5b6d3832cf6d4e7721ca7794f8f68f857d6ae82b9fe7d50","/Users/davidzenz/R/xGelo/outputs/releases/phase14-open-nb-incumbent-calibrated-v1/release_manifest.csv","fc9a617e48969b5d524f9994bccb31de0cb028829b4c58a1999b77cf12c5a990","open_nb_incumbent","c65a4f90477e5b799e234d1a313ff333f6cce12cfc08de93e342d7718c252ff8","vector_w400_p0p010","be1392fd4b9fbfe747ea90c89a17413f72459d8ff708d6d80d1bf086973eb51e","2024-07-14","phase14-calibration-remediation-gate-v2","6eab1b1aa4998738a1ef021c74981d6489ca6a615ebbfcaafd35d781d735b852","2026-06-10","elo_ratings","2026-07-19T00:00:00Z","inactive_optional_unavailable","national_team_xg_sources.csv",0,"2026-11-12T19:44:59Z","inactive_optional_unavailable:no_accepted_national_team_xg_source","nl-2026-27-official-uefa-v2","da820cfe9ccbe70bb3ae3d18caaf369746d7e4d97b207a1fc61a6d8227701207",12,"482ced3a312147403cbb45ed8bb7868967f85fcb56af1fa6acfd9d7272000d2c","uefa-nations-league-2026-27-v3","450962da0b9b12c3a84a1de98b75ae98f6358ea8068c4a02e248315cf4280b15","cd8a439b187edded28240964c541195960769984f2ba855c574f64513237d914","19fcff44f621dbaabd0f0e4e722bda809943e77830e3560bcf8ce5a5cbc540ed","2026-06-10T00:00:00Z","raw_1x2","calibrated_1x2",0.357967450577336,0.270028650554571,0.372003898868094,0.292990594696505,0.309625258629966,0.39738414667353,1.19476041776607,1.23523819058192,1,1,0.117013907648558,"uefa_nations_league_2026_27-2047891__score",0,40,1681,5.55111512312578e-16,0.781143685122654,0.218856314877346,1.08940862184241,0.39738414667353,0,3,0,3,"available","analytic_negative_binomial","not_applicable","not_applicable",,,"808ffa9048ced493a84a09fb406a0066828ead6b07bd430de89a7d0dd5441035"
"uefa_nations_league_2026_27","uefa_nations_league_2026_27-2047892","uefa_nations_league_2026_27-2047892","2026-11-14T19:45:00Z","2026-11-14T19:44:59Z","resolved","available","none","available","fitted","elo_diff","xgf_ewma_diffmissing_or_zero_variance|xga_ewma_diffmissing_or_zero_variance|xgd_ewma_diffmissing_or_zero_variance|form_index_diff","407a3e3d7ba5329021874a370aeae303669c5fe1afb2095be799b730a484f99f","phase14-open-nb-incumbent-calibrated-v1","0e89c2948c77b348c5b6d3832cf6d4e7721ca7794f8f68f857d6ae82b9fe7d50","/Users/davidzenz/R/xGelo/outputs/releases/phase14-open-nb-incumbent-calibrated-v1/release_manifest.csv","fc9a617e48969b5d524f9994bccb31de0cb028829b4c58a1999b77cf12c5a990","open_nb_incumbent","c65a4f90477e5b799e234d1a313ff333f6cce12cfc08de93e342d7718c252ff8","vector_w400_p0p010","be1392fd4b9fbfe747ea90c89a17413f72459d8ff708d6d80d1bf086973eb51e","2024-07-14","phase14-calibration-remediation-gate-v2","6eab1b1aa4998738a1ef021c74981d6489ca6a615ebbfcaafd35d781d735b852","2026-06-10","elo_ratings","2026-07-19T00:00:00Z","inactive_optional_unavailable","national_team_xg_sources.csv",0,"2026-11-12T19:44:59Z","inactive_optional_unavailable:no_accepted_national_team_xg_source","nl-2026-27-official-uefa-v2","da820cfe9ccbe70bb3ae3d18caaf369746d7e4d97b207a1fc61a6d8227701207",12,"482ced3a312147403cbb45ed8bb7868967f85fcb56af1fa6acfd9d7272000d2c","uefa-nations-league-2026-27-v3","450962da0b9b12c3a84a1de98b75ae98f6358ea8068c4a02e248315cf4280b15","cd8a439b187edded28240964c541195960769984f2ba855c574f64513237d914","19fcff44f621dbaabd0f0e4e722bda809943e77830e3560bcf8ce5a5cbc540ed","2026-06-10T00:00:00Z","raw_1x2","calibrated_1x2",0.632821660446866,0.21632602454101,0.150852315012125,0.598218589821064,0.251642193475969,0.150139216702967,1.91178152852951,0.746070664738405,1,0,0.136999792692938,"uefa_nations_league_2026_27-2047892__score",0,40,1681,3.33066907387547e-16,0.783381127296947,0.216618872703053,0.939259553100016,0.598218589821064,0,4,0,2,"available","analytic_negative_binomial","not_applicable","not_applicable",,,"ebecf98c0869faaaa1b31270cfcdf6dd396b1e77b2715a7ba0664aedbeb55321"
"uefa_nations_league_2026_27","uefa_nations_league_2026_27-2047893","uefa_nations_league_2026_27-2047893","2026-11-14T17:00:00Z","2026-11-14T16:59:59Z","resolved","available","none","available","fitted","elo_diff","xgf_ewma_diffmissing_or_zero_variance|xga_ewma_diffmissing_or_zero_variance|xgd_ewma_diffmissing_or_zero_variance|form_index_diff","407a3e3d7ba5329021874a370aeae303669c5fe1afb2095be799b730a484f99f","phase14-open-nb-incumbent-calibrated-v1","0e89c2948c77b348c5b6d3832cf6d4e7721ca7794f8f68f857d6ae82b9fe7d50","/Users/davidzenz/R/xGelo/outputs/releases/phase14-open-nb-incumbent-calibrated-v1/release_manifest.csv","fc9a617e48969b5d524f9994bccb31de0cb028829b4c58a1999b77cf12c5a990","open_nb_incumbent","c65a4f90477e5b799e234d1a313ff333f6cce12cfc08de93e342d7718c252ff8","vector_w400_p0p010","be1392fd4b9fbfe747ea90c89a17413f72459d8ff708d6d80d1bf086973eb51e","2024-07-14","phase14-calibration-remediation-gate-v2","6eab1b1aa4998738a1ef021c74981d6489ca6a615ebbfcaafd35d781d735b852","2026-06-10","elo_ratings","2026-07-19T00:00:00Z","inactive_optional_unavailable","national_team_xg_sources.csv",0,"2026-11-12T19:44:59Z","inactive_optional_unavailable:no_accepted_national_team_xg_source","nl-2026-27-official-uefa-v2","da820cfe9ccbe70bb3ae3d18caaf369746d7e4d97b207a1fc61a6d8227701207",12,"482ced3a312147403cbb45ed8bb7868967f85fcb56af1fa6acfd9d7272000d2c","uefa-nations-league-2026-27-v3","450962da0b9b12c3a84a1de98b75ae98f6358ea8068c4a02e248315cf4280b15","cd8a439b187edded28240964c541195960769984f2ba855c574f64513237d914","19fcff44f621dbaabd0f0e4e722bda809943e77830e3560bcf8ce5a5cbc540ed","2026-06-10T00:00:00Z","raw_1x2","calibrated_1x2",0.720799630569388,0.178568659766374,0.100631709664239,0.698108336115647,0.206088178170899,0.0958034857134542,2.24995876948268,0.626485698930965,2,0,0.133889172833387,"uefa_nations_league_2026_27-2047893__score",0,40,1681,5.55111512312578e-16,0.781086492429438,0.218913507570562,0.801095948184828,0.698108336115647,0,4,0,2,"available","analytic_negative_binomial","not_applicable","not_applicable",,,"95ec291d1b3767ce217d687971cec6aaa76c39f1f9ec9a62eaa5cf2bc1538ed9"
"uefa_nations_league_2026_27","uefa_nations_league_2026_27-2047894","uefa_nations_league_2026_27-2047894","2026-11-14T19:45:00Z","2026-11-14T19:44:59Z","resolved","available","none","available","fitted","elo_diff","xgf_ewma_diffmissing_or_zero_variance|xga_ewma_diffmissing_or_zero_variance|xgd_ewma_diffmissing_or_zero_variance|form_index_diff","407a3e3d7ba5329021874a370aeae303669c5fe1afb2095be799b730a484f99f","phase14-open-nb-incumbent-calibrated-v1","0e89c2948c77b348c5b6d3832cf6d4e7721ca7794f8f68f857d6ae82b9fe7d50","/Users/davidzenz/R/xGelo/outputs/releases/phase14-open-nb-incumbent-calibrated-v1/release_manifest.csv","fc9a617e48969b5d524f9994bccb31de0cb028829b4c58a1999b77cf12c5a990","open_nb_incumbent","c65a4f90477e5b799e234d1a313ff333f6cce12cfc08de93e342d7718c252ff8","vector_w400_p0p010","be1392fd4b9fbfe747ea90c89a17413f72459d8ff708d6d80d1bf086973eb51e","2024-07-14","phase14-calibration-remediation-gate-v2","6eab1b1aa4998738a1ef021c74981d6489ca6a615ebbfcaafd35d781d735b852","2026-06-10","elo_ratings","2026-07-19T00:00:00Z","inactive_optional_unavailable","national_team_xg_sources.csv",0,"2026-11-12T19:44:59Z","inactive_optional_unavailable:no_accepted_national_team_xg_source","nl-2026-27-official-uefa-v2","da820cfe9ccbe70bb3ae3d18caaf369746d7e4d97b207a1fc61a6d8227701207",12,"482ced3a312147403cbb45ed8bb7868967f85fcb56af1fa6acfd9d7272000d2c","uefa-nations-league-2026-27-v3","450962da0b9b12c3a84a1de98b75ae98f6358ea8068c4a02e248315cf4280b15","cd8a439b187edded28240964c541195960769984f2ba855c574f64513237d914","19fcff44f621dbaabd0f0e4e722bda809943e77830e3560bcf8ce5a5cbc540ed","2026-06-10T00:00:00Z","raw_1x2","calibrated_1x2",0.657423016275875,0.206645837644594,0.135931146079531,0.626214728921624,0.239989600438591,0.133795670639785,1.99757728632573,0.711756245276278,1,0,0.136466938316642,"uefa_nations_league_2026_27-2047894__score",0,40,1681,3.33066907387547e-16,0.782363587675392,0.217636412324608,0.904732932916999,0.626214728921624,0,4,0,2,"available","analytic_negative_binomial","not_applicable","not_applicable",,,"c7d30186e6a6071196f76f15fa32fd30334511212406a732a3dd5220fe77b654"
"uefa_nations_league_2026_27","uefa_nations_league_2026_27-2047895","uefa_nations_league_2026_27-2047895","2026-11-14T17:00:00Z","2026-11-14T16:59:59Z","resolved","available","none","available","fitted","elo_diff","xgf_ewma_diffmissing_or_zero_variance|xga_ewma_diffmissing_or_zero_variance|xgd_ewma_diffmissing_or_zero_variance|form_index_diff","407a3e3d7ba5329021874a370aeae303669c5fe1afb2095be799b730a484f99f","phase14-open-nb-incumbent-calibrated-v1","0e89c2948c77b348c5b6d3832cf6d4e7721ca7794f8f68f857d6ae82b9fe7d50","/Users/davidzenz/R/xGelo/outputs/releases/phase14-open-nb-incumbent-calibrated-v1/release_manifest.csv","fc9a617e48969b5d524f9994bccb31de0cb028829b4c58a1999b77cf12c5a990","open_nb_incumbent","c65a4f90477e5b799e234d1a313ff333f6cce12cfc08de93e342d7718c252ff8","vector_w400_p0p010","be1392fd4b9fbfe747ea90c89a17413f72459d8ff708d6d80d1bf086973eb51e","2024-07-14","phase14-calibration-remediation-gate-v2","6eab1b1aa4998738a1ef021c74981d6489ca6a615ebbfcaafd35d781d735b852","2026-06-10","elo_ratings","2026-07-19T00:00:00Z","inactive_optional_unavailable","national_team_xg_sources.csv",0,"2026-11-12T19:44:59Z","inactive_optional_unavailable:no_accepted_national_team_xg_source","nl-2026-27-official-uefa-v2","da820cfe9ccbe70bb3ae3d18caaf369746d7e4d97b207a1fc61a6d8227701207",12,"482ced3a312147403cbb45ed8bb7868967f85fcb56af1fa6acfd9d7272000d2c","uefa-nations-league-2026-27-v3","450962da0b9b12c3a84a1de98b75ae98f6358ea8068c4a02e248315cf4280b15","cd8a439b187edded28240964c541195960769984f2ba855c574f64513237d914","19fcff44f621dbaabd0f0e4e722bda809943e77830e3560bcf8ce5a5cbc540ed","2026-06-10T00:00:00Z","raw_1x2","calibrated_1x2",0.356077886720054,0.269982157366321,0.373939955913625,0.291007249893629,0.309468339834461,0.39952441027191,1.19071161970918,1.23974370774112,1,1,0.116995431274397,"uefa_nations_league_2026_27-2047895__score",0,40,1681,6.66133814775094e-16,0.781222666130242,0.218777333869758,1.08875249305282,0.39952441027191,0,3,0,3,"available","analytic_negative_binomial","not_applicable","not_applicable",,,"4dc2a4bbddaf5d9a71a52d8d4f48f9fec8193ff0387b66777df9d2926132c62e"
"uefa_nations_league_2026_27","uefa_nations_league_2026_27-2047896","uefa_nations_league_2026_27-2047896","2026-11-14T14:00:00Z","2026-11-14T13:59:59Z","resolved","available","none","available","fitted","elo_diff","xgf_ewma_diffmissing_or_zero_variance|xga_ewma_diffmissing_or_zero_variance|xgd_ewma_diffmissing_or_zero_variance|form_index_diff","407a3e3d7ba5329021874a370aeae303669c5fe1afb2095be799b730a484f99f","phase14-open-nb-incumbent-calibrated-v1","0e89c2948c77b348c5b6d3832cf6d4e7721ca7794f8f68f857d6ae82b9fe7d50","/Users/davidzenz/R/xGelo/outputs/releases/phase14-open-nb-incumbent-calibrated-v1/release_manifest.csv","fc9a617e48969b5d524f9994bccb31de0cb028829b4c58a1999b77cf12c5a990","open_nb_incumbent","c65a4f90477e5b799e234d1a313ff333f6cce12cfc08de93e342d7718c252ff8","vector_w400_p0p010","be1392fd4b9fbfe747ea90c89a17413f72459d8ff708d6d80d1bf086973eb51e","2024-07-14","phase14-calibration-remediation-gate-v2","6eab1b1aa4998738a1ef021c74981d6489ca6a615ebbfcaafd35d781d735b852","2026-06-10","elo_ratings","2026-07-19T00:00:00Z","inactive_optional_unavailable","national_team_xg_sources.csv",0,"2026-11-12T19:44:59Z","inactive_optional_unavailable:no_accepted_national_team_xg_source","nl-2026-27-official-uefa-v2","da820cfe9ccbe70bb3ae3d18caaf369746d7e4d97b207a1fc61a6d8227701207",12,"482ced3a312147403cbb45ed8bb7868967f85fcb56af1fa6acfd9d7272000d2c","uefa-nations-league-2026-27-v3","450962da0b9b12c3a84a1de98b75ae98f6358ea8068c4a02e248315cf4280b15","cd8a439b187edded28240964c541195960769984f2ba855c574f64513237d914","19fcff44f621dbaabd0f0e4e722bda809943e77830e3560bcf8ce5a5cbc540ed","2026-06-10T00:00:00Z","raw_1x2","calibrated_1x2",0.461723461289469,0.262821616839778,0.275454921870753,0.40517158147749,0.305302162782129,0.289526255740381,1.42958183746503,1.01898591076881,1,0,0.126455737889157,"uefa_nations_league_2026_27-2047896__score",0,40,1681,3.33066907387547e-16,0.784059374666253,0.215940625333747,1.08714733654686,0.40517158147749,0,3,0,2,"available","analytic_negative_binomial","not_applicable","not_applicable",,,"bc0d22e98ba74871a0c0affcf23801ba83c1f74326d4706244a6ade3ac23274c"
"uefa_nations_league_2026_27","uefa_nations_league_2026_27-2047897","uefa_nations_league_2026_27-2047897","2026-11-14T19:45:00Z","2026-11-14T19:44:59Z","resolved","available","none","available","fitted","elo_diff","xgf_ewma_diffmissing_or_zero_variance|xga_ewma_diffmissing_or_zero_variance|xgd_ewma_diffmissing_or_zero_variance|form_index_diff","407a3e3d7ba5329021874a370aeae303669c5fe1afb2095be799b730a484f99f","phase14-open-nb-incumbent-calibrated-v1","0e89c2948c77b348c5b6d3832cf6d4e7721ca7794f8f68f857d6ae82b9fe7d50","/Users/davidzenz/R/xGelo/outputs/releases/phase14-open-nb-incumbent-calibrated-v1/release_manifest.csv","fc9a617e48969b5d524f9994bccb31de0cb028829b4c58a1999b77cf12c5a990","open_nb_incumbent","c65a4f90477e5b799e234d1a313ff333f6cce12cfc08de93e342d7718c252ff8","vector_w400_p0p010","be1392fd4b9fbfe747ea90c89a17413f72459d8ff708d6d80d1bf086973eb51e","2024-07-14","phase14-calibration-remediation-gate-v2","6eab1b1aa4998738a1ef021c74981d6489ca6a615ebbfcaafd35d781d735b852","2026-06-10","elo_ratings","2026-07-19T00:00:00Z","inactive_optional_unavailable","national_team_xg_sources.csv",0,"2026-11-12T19:44:59Z","inactive_optional_unavailable:no_accepted_national_team_xg_source","nl-2026-27-official-uefa-v2","da820cfe9ccbe70bb3ae3d18caaf369746d7e4d97b207a1fc61a6d8227701207",12,"482ced3a312147403cbb45ed8bb7868967f85fcb56af1fa6acfd9d7272000d2c","uefa-nations-league-2026-27-v3","450962da0b9b12c3a84a1de98b75ae98f6358ea8068c4a02e248315cf4280b15","cd8a439b187edded28240964c541195960769984f2ba855c574f64513237d914","19fcff44f621dbaabd0f0e4e722bda809943e77830e3560bcf8ce5a5cbc540ed","2026-06-10T00:00:00Z","raw_1x2","calibrated_1x2",0.243304954708578,0.252996553620038,0.503698491671384,0.178060430428445,0.282133623680025,0.539805945891529,0.956775288244155,1.56754980104938,0,1,0.125200953488384,"uefa_nations_league_2026_27-2047897__score",0,40,1681,5.55111512312578e-16,0.775637701675,0.224362298325,0.997086475937241,0.539805945891529,0,2,0,3,"available","analytic_negative_binomial","not_applicable","not_applicable",,,"56fca3b90da102c9b7e8eead725409c03f3e24c7baf3400936f6b2a1b2188ac0"
"uefa_nations_league_2026_27","uefa_nations_league_2026_27-2047898","uefa_nations_league_2026_27-2047898","2026-11-15T19:45:00Z","2026-11-15T19:44:59Z","resolved","available","none","available","fitted","elo_diff","xgf_ewma_diffmissing_or_zero_variance|xga_ewma_diffmissing_or_zero_variance|xgd_ewma_diffmissing_or_zero_variance|form_index_diff","407a3e3d7ba5329021874a370aeae303669c5fe1afb2095be799b730a484f99f","phase14-open-nb-incumbent-calibrated-v1","0e89c2948c77b348c5b6d3832cf6d4e7721ca7794f8f68f857d6ae82b9fe7d50","/Users/davidzenz/R/xGelo/outputs/releases/phase14-open-nb-incumbent-calibrated-v1/release_manifest.csv","fc9a617e48969b5d524f9994bccb31de0cb028829b4c58a1999b77cf12c5a990","open_nb_incumbent","c65a4f90477e5b799e234d1a313ff333f6cce12cfc08de93e342d7718c252ff8","vector_w400_p0p010","be1392fd4b9fbfe747ea90c89a17413f72459d8ff708d6d80d1bf086973eb51e","2024-07-14","phase14-calibration-remediation-gate-v2","6eab1b1aa4998738a1ef021c74981d6489ca6a615ebbfcaafd35d781d735b852","2026-06-10","elo_ratings","2026-07-19T00:00:00Z","inactive_optional_unavailable","national_team_xg_sources.csv",0,"2026-11-12T19:44:59Z","inactive_optional_unavailable:no_accepted_national_team_xg_source","nl-2026-27-official-uefa-v2","da820cfe9ccbe70bb3ae3d18caaf369746d7e4d97b207a1fc61a6d8227701207",12,"482ced3a312147403cbb45ed8bb7868967f85fcb56af1fa6acfd9d7272000d2c","uefa-nations-league-2026-27-v3","450962da0b9b12c3a84a1de98b75ae98f6358ea8068c4a02e248315cf4280b15","cd8a439b187edded28240964c541195960769984f2ba855c574f64513237d914","19fcff44f621dbaabd0f0e4e722bda809943e77830e3560bcf8ce5a5cbc540ed","2026-06-10T00:00:00Z","raw_1x2","calibrated_1x2",0.699526969751635,0.188488513138485,0.111984517109881,0.674032554934389,0.218066648874847,0.107900796190764,2.15941077720424,0.654703775391616,1,0,0.134100709593984,"uefa_nations_league_2026_27-2047898__score",0,40,1681,2.22044604925031e-16,0.781796212021917,0.218203787978083,0.838241608397021,0.674032554934389,0,4,0,2,"available","analytic_negative_binomial","not_applicable","not_applicable",,,"70f301dbe6388100bbe2e91cb853c468d9e4e5e1d11b826a502b66ab6cf9ccd1"
"uefa_nations_league_2026_27","uefa_nations_league_2026_27-2047899","uefa_nations_league_2026_27-2047899","2026-11-15T14:00:00Z","2026-11-15T13:59:59Z","resolved","available","none","available","fitted","elo_diff","xgf_ewma_diffmissing_or_zero_variance|xga_ewma_diffmissing_or_zero_variance|xgd_ewma_diffmissing_or_zero_variance|form_index_diff","407a3e3d7ba5329021874a370aeae303669c5fe1afb2095be799b730a484f99f","phase14-open-nb-incumbent-calibrated-v1","0e89c2948c77b348c5b6d3832cf6d4e7721ca7794f8f68f857d6ae82b9fe7d50","/Users/davidzenz/R/xGelo/outputs/releases/phase14-open-nb-incumbent-calibrated-v1/release_manifest.csv","fc9a617e48969b5d524f9994bccb31de0cb028829b4c58a1999b77cf12c5a990","open_nb_incumbent","c65a4f90477e5b799e234d1a313ff333f6cce12cfc08de93e342d7718c252ff8","vector_w400_p0p010","be1392fd4b9fbfe747ea90c89a17413f72459d8ff708d6d80d1bf086973eb51e","2024-07-14","phase14-calibration-remediation-gate-v2","6eab1b1aa4998738a1ef021c74981d6489ca6a615ebbfcaafd35d781d735b852","2026-06-10","elo_ratings","2026-07-19T00:00:00Z","inactive_optional_unavailable","national_team_xg_sources.csv",0,"2026-11-12T19:44:59Z","inactive_optional_unavailable:no_accepted_national_team_xg_source","nl-2026-27-official-uefa-v2","da820cfe9ccbe70bb3ae3d18caaf369746d7e4d97b207a1fc61a6d8227701207",12,"482ced3a312147403cbb45ed8bb7868967f85fcb56af1fa6acfd9d7272000d2c","uefa-nations-league-2026-27-v3","450962da0b9b12c3a84a1de98b75ae98f6358ea8068c4a02e248315cf4280b15","cd8a439b187edded28240964c541195960769984f2ba855c574f64513237d914","19fcff44f621dbaabd0f0e4e722bda809943e77830e3560bcf8ce5a5cbc540ed","2026-06-10T00:00:00Z","raw_1x2","calibrated_1x2",0.312937926579547,0.26694701893495,0.420115054485503,0.246460068695618,0.303338133494384,0.450201797809998,1.09977408119238,1.35001474050214,0,1,0.116404085089118,"uefa_nations_league_2026_27-2047899__score",0,40,1681,1.11022302462516e-16,0.780287460577377,0.219712539422623,1.06632293712597,0.450201797809998,0,3,0,3,"available","analytic_negative_binomial","not_applicable","not_applicable",,,"762520e60b140ebbc3da20df5ce7dbb04d56d58d104d77e125fe2323772871d0"
"uefa_nations_league_2026_27","uefa_nations_league_2026_27-2047900","uefa_nations_league_2026_27-2047900","2026-11-15T19:45:00Z","2026-11-15T19:44:59Z","resolved","available","none","available","fitted","elo_diff","xgf_ewma_diffmissing_or_zero_variance|xga_ewma_diffmissing_or_zero_variance|xgd_ewma_diffmissing_or_zero_variance|form_index_diff","407a3e3d7ba5329021874a370aeae303669c5fe1afb2095be799b730a484f99f","phase14-open-nb-incumbent-calibrated-v1","0e89c2948c77b348c5b6d3832cf6d4e7721ca7794f8f68f857d6ae82b9fe7d50","/Users/davidzenz/R/xGelo/outputs/releases/phase14-open-nb-incumbent-calibrated-v1/release_manifest.csv","fc9a617e48969b5d524f9994bccb31de0cb028829b4c58a1999b77cf12c5a990","open_nb_incumbent","c65a4f90477e5b799e234d1a313ff333f6cce12cfc08de93e342d7718c252ff8","vector_w400_p0p010","be1392fd4b9fbfe747ea90c89a17413f72459d8ff708d6d80d1bf086973eb51e","2024-07-14","phase14-calibration-remediation-gate-v2","6eab1b1aa4998738a1ef021c74981d6489ca6a615ebbfcaafd35d781d735b852","2026-06-10","elo_ratings","2026-07-19T00:00:00Z","inactive_optional_unavailable","national_team_xg_sources.csv",0,"2026-11-12T19:44:59Z","inactive_optional_unavailable:no_accepted_national_team_xg_source","nl-2026-27-official-uefa-v2","da820cfe9ccbe70bb3ae3d18caaf369746d7e4d97b207a1fc61a6d8227701207",12,"482ced3a312147403cbb45ed8bb7868967f85fcb56af1fa6acfd9d7272000d2c","uefa-nations-league-2026-27-v3","450962da0b9b12c3a84a1de98b75ae98f6358ea8068c4a02e248315cf4280b15","cd8a439b187edded28240964c541195960769984f2ba855c574f64513237d914","19fcff44f621dbaabd0f0e4e722bda809943e77830e3560bcf8ce5a5cbc540ed","2026-06-10T00:00:00Z","raw_1x2","calibrated_1x2",0.479320315937185,0.259873306478521,0.260806377584294,0.424706245029864,0.302248517142914,0.273045237827222,1.47254709856844,0.987131236509385,1,0,0.128554294399741,"uefa_nations_league_2026_27-2047900__score",0,40,1681,2.22044604925031e-16,0.784281596737967,0.215718403262033,1.07978734729042,0.424706245029864,0,3,0,2,"available","analytic_negative_binomial","not_applicable","not_applicable",,,"46a9dd1cae65eb07bffb9e33cdb4782dcf4fb039bc7f5b71962deac97d4f9605"
"uefa_nations_league_2026_27","uefa_nations_league_2026_27-2047901","uefa_nations_league_2026_27-2047901","2026-11-15T17:00:00Z","2026-11-15T16:59:59Z","resolved","available","none","available","fitted","elo_diff","xgf_ewma_diffmissing_or_zero_variance|xga_ewma_diffmissing_or_zero_variance|xgd_ewma_diffmissing_or_zero_variance|form_index_diff","407a3e3d7ba5329021874a370aeae303669c5fe1afb2095be799b730a484f99f","phase14-open-nb-incumbent-calibrated-v1","0e89c2948c77b348c5b6d3832cf6d4e7721ca7794f8f68f857d6ae82b9fe7d50","/Users/davidzenz/R/xGelo/outputs/releases/phase14-open-nb-incumbent-calibrated-v1/release_manifest.csv","fc9a617e48969b5d524f9994bccb31de0cb028829b4c58a1999b77cf12c5a990","open_nb_incumbent","c65a4f90477e5b799e234d1a313ff333f6cce12cfc08de93e342d7718c252ff8","vector_w400_p0p010","be1392fd4b9fbfe747ea90c89a17413f72459d8ff708d6d80d1bf086973eb51e","2024-07-14","phase14-calibration-remediation-gate-v2","6eab1b1aa4998738a1ef021c74981d6489ca6a615ebbfcaafd35d781d735b852","2026-06-10","elo_ratings","2026-07-19T00:00:00Z","inactive_optional_unavailable","national_team_xg_sources.csv",0,"2026-11-12T19:44:59Z","inactive_optional_unavailable:no_accepted_national_team_xg_source","nl-2026-27-official-uefa-v2","da820cfe9ccbe70bb3ae3d18caaf369746d7e4d97b207a1fc61a6d8227701207",12,"482ced3a312147403cbb45ed8bb7868967f85fcb56af1fa6acfd9d7272000d2c","uefa-nations-league-2026-27-v3","450962da0b9b12c3a84a1de98b75ae98f6358ea8068c4a02e248315cf4280b15","cd8a439b187edded28240964c541195960769984f2ba855c574f64513237d914","19fcff44f621dbaabd0f0e4e722bda809943e77830e3560bcf8ce5a5cbc540ed","2026-06-10T00:00:00Z","raw_1x2","calibrated_1x2",0.971597858759755,0.0234976367241917,0.00490450451605413,0.971369545758763,0.0252812677811013,0.00334918646013616,5.25626164469742,0.252156893971965,4,0,0.115493237928001,"uefa_nations_league_2026_27-2047901__score",0,40,1681,4.61397586803969e-12,0.736113470240228,0.263886529759772,0.140280479851862,0.971369545758763,2,9,0,1,"available","analytic_negative_binomial","not_applicable","not_applicable",,,"8b5d78b73e94df15ed467052117a5d0cf3590459b72a8e0e0e1aa8ebff14b4d3"
"uefa_nations_league_2026_27","uefa_nations_league_2026_27-2047902","uefa_nations_league_2026_27-2047902","2026-11-15T19:45:00Z","2026-11-15T19:44:59Z","resolved","available","none","available","fitted","elo_diff","xgf_ewma_diffmissing_or_zero_variance|xga_ewma_diffmissing_or_zero_variance|xgd_ewma_diffmissing_or_zero_variance|form_index_diff","407a3e3d7ba5329021874a370aeae303669c5fe1afb2095be799b730a484f99f","phase14-open-nb-incumbent-calibrated-v1","0e89c2948c77b348c5b6d3832cf6d4e7721ca7794f8f68f857d6ae82b9fe7d50","/Users/davidzenz/R/xGelo/outputs/releases/phase14-open-nb-incumbent-calibrated-v1/release_manifest.csv","fc9a617e48969b5d524f9994bccb31de0cb028829b4c58a1999b77cf12c5a990","open_nb_incumbent","c65a4f90477e5b799e234d1a313ff333f6cce12cfc08de93e342d7718c252ff8","vector_w400_p0p010","be1392fd4b9fbfe747ea90c89a17413f72459d8ff708d6d80d1bf086973eb51e","2024-07-14","phase14-calibration-remediation-gate-v2","6eab1b1aa4998738a1ef021c74981d6489ca6a615ebbfcaafd35d781d735b852","2026-06-10","elo_ratings","2026-07-19T00:00:00Z","inactive_optional_unavailable","national_team_xg_sources.csv",0,"2026-11-12T19:44:59Z","inactive_optional_unavailable:no_accepted_national_team_xg_source","nl-2026-27-official-uefa-v2","da820cfe9ccbe70bb3ae3d18caaf369746d7e4d97b207a1fc61a6d8227701207",12,"482ced3a312147403cbb45ed8bb7868967f85fcb56af1fa6acfd9d7272000d2c","uefa-nations-league-2026-27-v3","450962da0b9b12c3a84a1de98b75ae98f6358ea8068c4a02e248315cf4280b15","cd8a439b187edded28240964c541195960769984f2ba855c574f64513237d914","19fcff44f621dbaabd0f0e4e722bda809943e77830e3560bcf8ce5a5cbc540ed","2026-06-10T00:00:00Z","raw_1x2","calibrated_1x2",0.61982025178855,0.221158052732344,0.159021695479107,0.583419221405411,0.257438801503408,0.159141977091181,1.86863857318434,0.764561072780822,1,0,0.137046954636519,"uefa_nations_league_2026_27-2047902__score",0,40,1681,4.44089209850063e-16,0.783339538386784,0.216660461613216,0.956208947332839,0.583419221405411,0,4,0,2,"available","analytic_negative_binomial","not_applicable","not_applicable",,,"c390e6b7a9bee0c4dabb99e043977148dc9279b17cae7887a10b99da578977b8"
"uefa_nations_league_2026_27","uefa_nations_league_2026_27-2047903","uefa_nations_league_2026_27-2047903","2026-11-15T14:00:00Z","2026-11-15T13:59:59Z","resolved","available","none","available","fitted","elo_diff","xgf_ewma_diffmissing_or_zero_variance|xga_ewma_diffmissing_or_zero_variance|xgd_ewma_diffmissing_or_zero_variance|form_index_diff","407a3e3d7ba5329021874a370aeae303669c5fe1afb2095be799b730a484f99f","phase14-open-nb-incumbent-calibrated-v1","0e89c2948c77b348c5b6d3832cf6d4e7721ca7794f8f68f857d6ae82b9fe7d50","/Users/davidzenz/R/xGelo/outputs/releases/phase14-open-nb-incumbent-calibrated-v1/release_manifest.csv","fc9a617e48969b5d524f9994bccb31de0cb028829b4c58a1999b77cf12c5a990","open_nb_incumbent","c65a4f90477e5b799e234d1a313ff333f6cce12cfc08de93e342d7718c252ff8","vector_w400_p0p010","be1392fd4b9fbfe747ea90c89a17413f72459d8ff708d6d80d1bf086973eb51e","2024-07-14","phase14-calibration-remediation-gate-v2","6eab1b1aa4998738a1ef021c74981d6489ca6a615ebbfcaafd35d781d735b852","2026-06-10","elo_ratings","2026-07-19T00:00:00Z","inactive_optional_unavailable","national_team_xg_sources.csv",0,"2026-11-12T19:44:59Z","inactive_optional_unavailable:no_accepted_national_team_xg_source","nl-2026-27-official-uefa-v2","da820cfe9ccbe70bb3ae3d18caaf369746d7e4d97b207a1fc61a6d8227701207",12,"482ced3a312147403cbb45ed8bb7868967f85fcb56af1fa6acfd9d7272000d2c","uefa-nations-league-2026-27-v3","450962da0b9b12c3a84a1de98b75ae98f6358ea8068c4a02e248315cf4280b15","cd8a439b187edded28240964c541195960769984f2ba855c574f64513237d914","19fcff44f621dbaabd0f0e4e722bda809943e77830e3560bcf8ce5a5cbc540ed","2026-06-10T00:00:00Z","raw_1x2","calibrated_1x2",0.33113377398697,0.2687007543812,0.400165471631829,0.265071098900196,0.306531206701565,0.428397694398239,1.13780964414187,1.30167023863064,1,1,0.116457703835735,"uefa_nations_league_2026_27-2047903__score",0,40,1681,2.22044604925031e-16,0.781270029226821,0.218729970773179,1.07755765235919,0.428397694398239,0,3,0,3,"available","analytic_negative_binomial","not_applicable","not_applicable",,,"93cb791a71d80982bb47cebca3955331d6b95093cf88bbc5ba5364d1699ab8a3"
"uefa_nations_league_2026_27","uefa_nations_league_2026_27-2047904","uefa_nations_league_2026_27-2047904","2026-11-15T19:45:00Z","2026-11-15T19:44:59Z","resolved","available","none","available","fitted","elo_diff","xgf_ewma_diffmissing_or_zero_variance|xga_ewma_diffmissing_or_zero_variance|xgd_ewma_diffmissing_or_zero_variance|form_index_diff","407a3e3d7ba5329021874a370aeae303669c5fe1afb2095be799b730a484f99f","phase14-open-nb-incumbent-calibrated-v1","0e89c2948c77b348c5b6d3832cf6d4e7721ca7794f8f68f857d6ae82b9fe7d50","/Users/davidzenz/R/xGelo/outputs/releases/phase14-open-nb-incumbent-calibrated-v1/release_manifest.csv","fc9a617e48969b5d524f9994bccb31de0cb028829b4c58a1999b77cf12c5a990","open_nb_incumbent","c65a4f90477e5b799e234d1a313ff333f6cce12cfc08de93e342d7718c252ff8","vector_w400_p0p010","be1392fd4b9fbfe747ea90c89a17413f72459d8ff708d6d80d1bf086973eb51e","2024-07-14","phase14-calibration-remediation-gate-v2","6eab1b1aa4998738a1ef021c74981d6489ca6a615ebbfcaafd35d781d735b852","2026-06-10","elo_ratings","2026-07-19T00:00:00Z","inactive_optional_unavailable","national_team_xg_sources.csv",0,"2026-11-12T19:44:59Z","inactive_optional_unavailable:no_accepted_national_team_xg_source","nl-2026-27-official-uefa-v2","da820cfe9ccbe70bb3ae3d18caaf369746d7e4d97b207a1fc61a6d8227701207",12,"482ced3a312147403cbb45ed8bb7868967f85fcb56af1fa6acfd9d7272000d2c","uefa-nations-league-2026-27-v3","450962da0b9b12c3a84a1de98b75ae98f6358ea8068c4a02e248315cf4280b15","cd8a439b187edded28240964c541195960769984f2ba855c574f64513237d914","19fcff44f621dbaabd0f0e4e722bda809943e77830e3560bcf8ce5a5cbc540ed","2026-06-10T00:00:00Z","raw_1x2","calibrated_1x2",0.56459932732888,0.239415816844829,0.195984855826292,0.520653840974786,0.279108927459417,0.200237231565797,1.69953820743398,0.846438779661168,1,0,0.135577075040045,"uefa_nations_league_2026_27-2047904__score",0,40,1681,0,0.785048193670957,0.214951806329043,1.01803283248535,0.520653840974786,0,4,0,2,"available","analytic_negative_binomial","not_applicable","not_applicable",,,"0ba5e893951e1ff365f5a62140d12bc19e237c6880fe177019a7c7d7fcd9bddd"
"uefa_nations_league_2026_27","uefa_nations_league_2026_27-2047905","uefa_nations_league_2026_27-2047905","2026-11-15T17:00:00Z","2026-11-15T16:59:59Z","resolved","available","none","available","fitted","elo_diff","xgf_ewma_diffmissing_or_zero_variance|xga_ewma_diffmissing_or_zero_variance|xgd_ewma_diffmissing_or_zero_variance|form_index_diff","407a3e3d7ba5329021874a370aeae303669c5fe1afb2095be799b730a484f99f","phase14-open-nb-incumbent-calibrated-v1","0e89c2948c77b348c5b6d3832cf6d4e7721ca7794f8f68f857d6ae82b9fe7d50","/Users/davidzenz/R/xGelo/outputs/releases/phase14-open-nb-incumbent-calibrated-v1/release_manifest.csv","fc9a617e48969b5d524f9994bccb31de0cb028829b4c58a1999b77cf12c5a990","open_nb_incumbent","c65a4f90477e5b799e234d1a313ff333f6cce12cfc08de93e342d7718c252ff8","vector_w400_p0p010","be1392fd4b9fbfe747ea90c89a17413f72459d8ff708d6d80d1bf086973eb51e","2024-07-14","phase14-calibration-remediation-gate-v2","6eab1b1aa4998738a1ef021c74981d6489ca6a615ebbfcaafd35d781d735b852","2026-06-10","elo_ratings","2026-07-19T00:00:00Z","inactive_optional_unavailable","national_team_xg_sources.csv",0,"2026-11-12T19:44:59Z","inactive_optional_unavailable:no_accepted_national_team_xg_source","nl-2026-27-official-uefa-v2","da820cfe9ccbe70bb3ae3d18caaf369746d7e4d97b207a1fc61a6d8227701207",12,"482ced3a312147403cbb45ed8bb7868967f85fcb56af1fa6acfd9d7272000d2c","uefa-nations-league-2026-27-v3","450962da0b9b12c3a84a1de98b75ae98f6358ea8068c4a02e248315cf4280b15","cd8a439b187edded28240964c541195960769984f2ba855c574f64513237d914","19fcff44f621dbaabd0f0e4e722bda809943e77830e3560bcf8ce5a5cbc540ed","2026-06-10T00:00:00Z","raw_1x2","calibrated_1x2",0.476009357387729,0.260463122190005,0.263527520422266,0.421022000951569,0.302870597315392,0.276107401733039,1.46437701110943,0.993039465799565,1,0,0.128175589500438,"uefa_nations_league_2026_27-2047905__score",0,40,1681,3.33066907387547e-16,0.784157495910131,0.215842504089869,1.0813179157879,0.421022000951569,0,3,0,2,"available","analytic_negative_binomial","not_applicable","not_applicable",,,"bd5edc90e2c77683d36ae9f16079d9072202c9d2d5d686721d90d1f3babdf1e5"
"uefa_nations_league_2026_27","uefa_nations_league_2026_27-2047906","uefa_nations_league_2026_27-2047906","2026-11-16T17:00:00Z","2026-11-16T16:59:59Z","resolved","available","none","available","fitted","elo_diff","xgf_ewma_diffmissing_or_zero_variance|xga_ewma_diffmissing_or_zero_variance|xgd_ewma_diffmissing_or_zero_variance|form_index_diff","407a3e3d7ba5329021874a370aeae303669c5fe1afb2095be799b730a484f99f","phase14-open-nb-incumbent-calibrated-v1","0e89c2948c77b348c5b6d3832cf6d4e7721ca7794f8f68f857d6ae82b9fe7d50","/Users/davidzenz/R/xGelo/outputs/releases/phase14-open-nb-incumbent-calibrated-v1/release_manifest.csv","fc9a617e48969b5d524f9994bccb31de0cb028829b4c58a1999b77cf12c5a990","open_nb_incumbent","c65a4f90477e5b799e234d1a313ff333f6cce12cfc08de93e342d7718c252ff8","vector_w400_p0p010","be1392fd4b9fbfe747ea90c89a17413f72459d8ff708d6d80d1bf086973eb51e","2024-07-14","phase14-calibration-remediation-gate-v2","6eab1b1aa4998738a1ef021c74981d6489ca6a615ebbfcaafd35d781d735b852","2026-06-10","elo_ratings","2026-07-19T00:00:00Z","inactive_optional_unavailable","national_team_xg_sources.csv",0,"2026-11-12T19:44:59Z","inactive_optional_unavailable:no_accepted_national_team_xg_source","nl-2026-27-official-uefa-v2","da820cfe9ccbe70bb3ae3d18caaf369746d7e4d97b207a1fc61a6d8227701207",12,"482ced3a312147403cbb45ed8bb7868967f85fcb56af1fa6acfd9d7272000d2c","uefa-nations-league-2026-27-v3","450962da0b9b12c3a84a1de98b75ae98f6358ea8068c4a02e248315cf4280b15","cd8a439b187edded28240964c541195960769984f2ba855c574f64513237d914","19fcff44f621dbaabd0f0e4e722bda809943e77830e3560bcf8ce5a5cbc540ed","2026-06-10T00:00:00Z","raw_1x2","calibrated_1x2",0.654273254679255,0.207923981253483,0.137802764067263,0.622631643685809,0.241530443774354,0.135837912539837,1.98626662049035,0.716104273613456,1,0,0.136568598695714,"uefa_nations_league_2026_27-2047906__score",0,40,1681,6.66133814775094e-16,0.782577191446061,0.217422808553939,0.909331992675923,0.622631643685809,0,4,0,2,"available","analytic_negative_binomial","not_applicable","not_applicable",,,"795c2b609eed455ee84d079f31f1ab7d14d7cf3d779c978c467b291ee5d06982"
"uefa_nations_league_2026_27","uefa_nations_league_2026_27-2047907","uefa_nations_league_2026_27-2047907","2026-11-16T17:00:00Z","2026-11-16T16:59:59Z","resolved","available","none","available","fitted","elo_diff","xgf_ewma_diffmissing_or_zero_variance|xga_ewma_diffmissing_or_zero_variance|xgd_ewma_diffmissing_or_zero_variance|form_index_diff","407a3e3d7ba5329021874a370aeae303669c5fe1afb2095be799b730a484f99f","phase14-open-nb-incumbent-calibrated-v1","0e89c2948c77b348c5b6d3832cf6d4e7721ca7794f8f68f857d6ae82b9fe7d50","/Users/davidzenz/R/xGelo/outputs/releases/phase14-open-nb-incumbent-calibrated-v1/release_manifest.csv","fc9a617e48969b5d524f9994bccb31de0cb028829b4c58a1999b77cf12c5a990","open_nb_incumbent","c65a4f90477e5b799e234d1a313ff333f6cce12cfc08de93e342d7718c252ff8","vector_w400_p0p010","be1392fd4b9fbfe747ea90c89a17413f72459d8ff708d6d80d1bf086973eb51e","2024-07-14","phase14-calibration-remediation-gate-v2","6eab1b1aa4998738a1ef021c74981d6489ca6a615ebbfcaafd35d781d735b852","2026-06-10","elo_ratings","2026-07-19T00:00:00Z","inactive_optional_unavailable","national_team_xg_sources.csv",0,"2026-11-12T19:44:59Z","inactive_optional_unavailable:no_accepted_national_team_xg_source","nl-2026-27-official-uefa-v2","da820cfe9ccbe70bb3ae3d18caaf369746d7e4d97b207a1fc61a6d8227701207",12,"482ced3a312147403cbb45ed8bb7868967f85fcb56af1fa6acfd9d7272000d2c","uefa-nations-league-2026-27-v3","450962da0b9b12c3a84a1de98b75ae98f6358ea8068c4a02e248315cf4280b15","cd8a439b187edded28240964c541195960769984f2ba855c574f64513237d914","19fcff44f621dbaabd0f0e4e722bda809943e77830e3560bcf8ce5a5cbc540ed","2026-06-10T00:00:00Z","raw_1x2","calibrated_1x2",0.398968324983465,0.26938988303891,0.331641791977625,0.33660800535256,0.310864791584172,0.352527203063269,1.2843386901089,1.14307238390427,1,0,0.117309400687046,"uefa_nations_league_2026_27-2047907__score",0,40,1681,4.44089209850063e-16,0.782968384994602,0.217031615005398,1.09727909522633,0.352527203063269,0,3,0,3,"available","analytic_negative_binomial","not_applicable","not_applicable",,,"e7c22a5c1c5f3c2997506eceed9fb7a641679c5d971438e8449121d9a1f1b97a"
"uefa_nations_league_2026_27","uefa_nations_league_2026_27-2047908","uefa_nations_league_2026_27-2047908","2026-11-16T19:45:00Z","2026-11-16T19:44:59Z","resolved","available","none","available","fitted","elo_diff","xgf_ewma_diffmissing_or_zero_variance|xga_ewma_diffmissing_or_zero_variance|xgd_ewma_diffmissing_or_zero_variance|form_index_diff","407a3e3d7ba5329021874a370aeae303669c5fe1afb2095be799b730a484f99f","phase14-open-nb-incumbent-calibrated-v1","0e89c2948c77b348c5b6d3832cf6d4e7721ca7794f8f68f857d6ae82b9fe7d50","/Users/davidzenz/R/xGelo/outputs/releases/phase14-open-nb-incumbent-calibrated-v1/release_manifest.csv","fc9a617e48969b5d524f9994bccb31de0cb028829b4c58a1999b77cf12c5a990","open_nb_incumbent","c65a4f90477e5b799e234d1a313ff333f6cce12cfc08de93e342d7718c252ff8","vector_w400_p0p010","be1392fd4b9fbfe747ea90c89a17413f72459d8ff708d6d80d1bf086973eb51e","2024-07-14","phase14-calibration-remediation-gate-v2","6eab1b1aa4998738a1ef021c74981d6489ca6a615ebbfcaafd35d781d735b852","2026-06-10","elo_ratings","2026-07-19T00:00:00Z","inactive_optional_unavailable","national_team_xg_sources.csv",0,"2026-11-12T19:44:59Z","inactive_optional_unavailable:no_accepted_national_team_xg_source","nl-2026-27-official-uefa-v2","da820cfe9ccbe70bb3ae3d18caaf369746d7e4d97b207a1fc61a6d8227701207",12,"482ced3a312147403cbb45ed8bb7868967f85fcb56af1fa6acfd9d7272000d2c","uefa-nations-league-2026-27-v3","450962da0b9b12c3a84a1de98b75ae98f6358ea8068c4a02e248315cf4280b15","cd8a439b187edded28240964c541195960769984f2ba855c574f64513237d914","19fcff44f621dbaabd0f0e4e722bda809943e77830e3560bcf8ce5a5cbc540ed","2026-06-10T00:00:00Z","raw_1x2","calibrated_1x2",0.313044078631773,0.26695934400919,0.419996577359036,0.246567840250455,0.303359418428002,0.450072741321543,1.09999482173487,1.3497241725508,0,1,0.116388316513546,"uefa_nations_league_2026_27-2047908__score",0,40,1681,0,0.780290997278807,0.219709002721193,1.0663962305525,0.450072741321543,0,3,0,3,"available","analytic_negative_binomial","not_applicable","not_applicable",,,"970147fdd474685ec7dd3bc6e18ea3ca72031cfa3459881f726ad86303216d1c"
"uefa_nations_league_2026_27","uefa_nations_league_2026_27-2047909","uefa_nations_league_2026_27-2047909","2026-11-16T19:45:00Z","2026-11-16T19:44:59Z","resolved","available","none","available","fitted","elo_diff","xgf_ewma_diffmissing_or_zero_variance|xga_ewma_diffmissing_or_zero_variance|xgd_ewma_diffmissing_or_zero_variance|form_index_diff","407a3e3d7ba5329021874a370aeae303669c5fe1afb2095be799b730a484f99f","phase14-open-nb-incumbent-calibrated-v1","0e89c2948c77b348c5b6d3832cf6d4e7721ca7794f8f68f857d6ae82b9fe7d50","/Users/davidzenz/R/xGelo/outputs/releases/phase14-open-nb-incumbent-calibrated-v1/release_manifest.csv","fc9a617e48969b5d524f9994bccb31de0cb028829b4c58a1999b77cf12c5a990","open_nb_incumbent","c65a4f90477e5b799e234d1a313ff333f6cce12cfc08de93e342d7718c252ff8","vector_w400_p0p010","be1392fd4b9fbfe747ea90c89a17413f72459d8ff708d6d80d1bf086973eb51e","2024-07-14","phase14-calibration-remediation-gate-v2","6eab1b1aa4998738a1ef021c74981d6489ca6a615ebbfcaafd35d781d735b852","2026-06-10","elo_ratings","2026-07-19T00:00:00Z","inactive_optional_unavailable","national_team_xg_sources.csv",0,"2026-11-12T19:44:59Z","inactive_optional_unavailable:no_accepted_national_team_xg_source","nl-2026-27-official-uefa-v2","da820cfe9ccbe70bb3ae3d18caaf369746d7e4d97b207a1fc61a6d8227701207",12,"482ced3a312147403cbb45ed8bb7868967f85fcb56af1fa6acfd9d7272000d2c","uefa-nations-league-2026-27-v3","450962da0b9b12c3a84a1de98b75ae98f6358ea8068c4a02e248315cf4280b15","cd8a439b187edded28240964c541195960769984f2ba855c574f64513237d914","19fcff44f621dbaabd0f0e4e722bda809943e77830e3560bcf8ce5a5cbc540ed","2026-06-10T00:00:00Z","raw_1x2","calibrated_1x2",0.475836730623749,0.260493432187053,0.263669837189199,0.420830018359119,0.302902432640837,0.276267549000044,1.46395215892557,0.993348568606882,1,0,0.128155637781753,"uefa_nations_league_2026_27-2047909__score",0,40,1681,1.11022302462516e-16,0.784150433358629,0.215849566641371,1.08139587516122,0.420830018359119,0,3,0,2,"available","analytic_negative_binomial","not_applicable","not_applicable",,,"9b6c8f113b4761689d10c6d75e6c7b6f0893c86d02af7440d53a33de7b4f2b49"
"uefa_nations_league_2026_27","uefa_nations_league_2026_27-2047910","uefa_nations_league_2026_27-2047910","2026-11-16T15:00:00Z","2026-11-16T14:59:59Z","resolved","available","none","available","fitted","elo_diff","xgf_ewma_diffmissing_or_zero_variance|xga_ewma_diffmissing_or_zero_variance|xgd_ewma_diffmissing_or_zero_variance|form_index_diff","407a3e3d7ba5329021874a370aeae303669c5fe1afb2095be799b730a484f99f","phase14-open-nb-incumbent-calibrated-v1","0e89c2948c77b348c5b6d3832cf6d4e7721ca7794f8f68f857d6ae82b9fe7d50","/Users/davidzenz/R/xGelo/outputs/releases/phase14-open-nb-incumbent-calibrated-v1/release_manifest.csv","fc9a617e48969b5d524f9994bccb31de0cb028829b4c58a1999b77cf12c5a990","open_nb_incumbent","c65a4f90477e5b799e234d1a313ff333f6cce12cfc08de93e342d7718c252ff8","vector_w400_p0p010","be1392fd4b9fbfe747ea90c89a17413f72459d8ff708d6d80d1bf086973eb51e","2024-07-14","phase14-calibration-remediation-gate-v2","6eab1b1aa4998738a1ef021c74981d6489ca6a615ebbfcaafd35d781d735b852","2026-06-10","elo_ratings","2026-07-19T00:00:00Z","inactive_optional_unavailable","national_team_xg_sources.csv",0,"2026-11-12T19:44:59Z","inactive_optional_unavailable:no_accepted_national_team_xg_source","nl-2026-27-official-uefa-v2","da820cfe9ccbe70bb3ae3d18caaf369746d7e4d97b207a1fc61a6d8227701207",12,"482ced3a312147403cbb45ed8bb7868967f85fcb56af1fa6acfd9d7272000d2c","uefa-nations-league-2026-27-v3","450962da0b9b12c3a84a1de98b75ae98f6358ea8068c4a02e248315cf4280b15","cd8a439b187edded28240964c541195960769984f2ba855c574f64513237d914","19fcff44f621dbaabd0f0e4e722bda809943e77830e3560bcf8ce5a5cbc540ed","2026-06-10T00:00:00Z","raw_1x2","calibrated_1x2",0.535827103000149,0.247412895277416,0.216760001722436,0.488095555768394,0.288390867140735,0.22351357709087,1.61900025408724,0.891680743244296,1,0,0.133816470803668,"uefa_nations_league_2026_27-2047910__score",0,40,1681,2.22044604925031e-16,0.785612005417371,0.214387994582629,1.04356658713381,0.488095555768394,0,3,0,2,"available","analytic_negative_binomial","not_applicable","not_applicable",,,"1fe49bd2429ee7643ff28cf587d2ad5794f0a79789eb2d818105656cff2ea3c6"
"uefa_nations_league_2026_27","uefa_nations_league_2026_27-2047911","uefa_nations_league_2026_27-2047911","2026-11-16T17:00:00Z","2026-11-16T16:59:59Z","resolved","available","none","available","fitted","elo_diff","xgf_ewma_diffmissing_or_zero_variance|xga_ewma_diffmissing_or_zero_variance|xgd_ewma_diffmissing_or_zero_variance|form_index_diff","407a3e3d7ba5329021874a370aeae303669c5fe1afb2095be799b730a484f99f","phase14-open-nb-incumbent-calibrated-v1","0e89c2948c77b348c5b6d3832cf6d4e7721ca7794f8f68f857d6ae82b9fe7d50","/Users/davidzenz/R/xGelo/outputs/releases/phase14-open-nb-incumbent-calibrated-v1/release_manifest.csv","fc9a617e48969b5d524f9994bccb31de0cb028829b4c58a1999b77cf12c5a990","open_nb_incumbent","c65a4f90477e5b799e234d1a313ff333f6cce12cfc08de93e342d7718c252ff8","vector_w400_p0p010","be1392fd4b9fbfe747ea90c89a17413f72459d8ff708d6d80d1bf086973eb51e","2024-07-14","phase14-calibration-remediation-gate-v2","6eab1b1aa4998738a1ef021c74981d6489ca6a615ebbfcaafd35d781d735b852","2026-06-10","elo_ratings","2026-07-19T00:00:00Z","inactive_optional_unavailable","national_team_xg_sources.csv",0,"2026-11-12T19:44:59Z","inactive_optional_unavailable:no_accepted_national_team_xg_source","nl-2026-27-official-uefa-v2","da820cfe9ccbe70bb3ae3d18caaf369746d7e4d97b207a1fc61a6d8227701207",12,"482ced3a312147403cbb45ed8bb7868967f85fcb56af1fa6acfd9d7272000d2c","uefa-nations-league-2026-27-v3","450962da0b9b12c3a84a1de98b75ae98f6358ea8068c4a02e248315cf4280b15","cd8a439b187edded28240964c541195960769984f2ba855c574f64513237d914","19fcff44f621dbaabd0f0e4e722bda809943e77830e3560bcf8ce5a5cbc540ed","2026-06-10T00:00:00Z","raw_1x2","calibrated_1x2",0.784161933594336,0.146117760167281,0.0697203062383829,0.769282716248488,0.167070588304838,0.0636466954466733,2.56814394461292,0.543623551172737,2,0,0.138456178936695,"uefa_nations_league_2026_27-2047911__score",0,40,1681,3.33066907387547e-16,0.780530098539423,0.219469901460577,0.676035202189929,0.769282716248488,0,5,0,2,"available","analytic_negative_binomial","not_applicable","not_applicable",,,"f160c9c47c4146e7a293fbac2200400fafeb2febbb00a12fdf2de348a4a52322"
"uefa_nations_league_2026_27","uefa_nations_league_2026_27-2047912","uefa_nations_league_2026_27-2047912","2026-11-16T19:45:00Z","2026-11-16T19:44:59Z","resolved","available","none","available","fitted","elo_diff","xgf_ewma_diffmissing_or_zero_variance|xga_ewma_diffmissing_or_zero_variance|xgd_ewma_diffmissing_or_zero_variance|form_index_diff","407a3e3d7ba5329021874a370aeae303669c5fe1afb2095be799b730a484f99f","phase14-open-nb-incumbent-calibrated-v1","0e89c2948c77b348c5b6d3832cf6d4e7721ca7794f8f68f857d6ae82b9fe7d50","/Users/davidzenz/R/xGelo/outputs/releases/phase14-open-nb-incumbent-calibrated-v1/release_manifest.csv","fc9a617e48969b5d524f9994bccb31de0cb028829b4c58a1999b77cf12c5a990","open_nb_incumbent","c65a4f90477e5b799e234d1a313ff333f6cce12cfc08de93e342d7718c252ff8","vector_w400_p0p010","be1392fd4b9fbfe747ea90c89a17413f72459d8ff708d6d80d1bf086973eb51e","2024-07-14","phase14-calibration-remediation-gate-v2","6eab1b1aa4998738a1ef021c74981d6489ca6a615ebbfcaafd35d781d735b852","2026-06-10","elo_ratings","2026-07-19T00:00:00Z","inactive_optional_unavailable","national_team_xg_sources.csv",0,"2026-11-12T19:44:59Z","inactive_optional_unavailable:no_accepted_national_team_xg_source","nl-2026-27-official-uefa-v2","da820cfe9ccbe70bb3ae3d18caaf369746d7e4d97b207a1fc61a6d8227701207",12,"482ced3a312147403cbb45ed8bb7868967f85fcb56af1fa6acfd9d7272000d2c","uefa-nations-league-2026-27-v3","450962da0b9b12c3a84a1de98b75ae98f6358ea8068c4a02e248315cf4280b15","cd8a439b187edded28240964c541195960769984f2ba855c574f64513237d914","19fcff44f621dbaabd0f0e4e722bda809943e77830e3560bcf8ce5a5cbc540ed","2026-06-10T00:00:00Z","raw_1x2","calibrated_1x2",0.432453730903774,0.266678078156401,0.300868190939826,0.372957087293131,0.308964021127933,0.318078891578936,1.36042054234827,1.07464896165826,1,0,0.122506295211083,"uefa_nations_league_2026_27-2047912__score",0,40,1681,0,0.784651331863289,0.215348668136711,1.09507753260077,0.372957087293131,0,3,0,3,"available","analytic_negative_binomial","not_applicable","not_applicable",,,"50c3e81c579c724dd45631a62a165b2e7458b4d9b29814ff87ec65d78196ef67"
"uefa_nations_league_2026_27","uefa_nations_league_2026_27-2047913","uefa_nations_league_2026_27-2047913","2026-11-16T15:00:00Z","2026-11-16T14:59:59Z","resolved","available","none","available","fitted","elo_diff","xgf_ewma_diffmissing_or_zero_variance|xga_ewma_diffmissing_or_zero_variance|xgd_ewma_diffmissing_or_zero_variance|form_index_diff","407a3e3d7ba5329021874a370aeae303669c5fe1afb2095be799b730a484f99f","phase14-open-nb-incumbent-calibrated-v1","0e89c2948c77b348c5b6d3832cf6d4e7721ca7794f8f68f857d6ae82b9fe7d50","/Users/davidzenz/R/xGelo/outputs/releases/phase14-open-nb-incumbent-calibrated-v1/release_manifest.csv","fc9a617e48969b5d524f9994bccb31de0cb028829b4c58a1999b77cf12c5a990","open_nb_incumbent","c65a4f90477e5b799e234d1a313ff333f6cce12cfc08de93e342d7718c252ff8","vector_w400_p0p010","be1392fd4b9fbfe747ea90c89a17413f72459d8ff708d6d80d1bf086973eb51e","2024-07-14","phase14-calibration-remediation-gate-v2","6eab1b1aa4998738a1ef021c74981d6489ca6a615ebbfcaafd35d781d735b852","2026-06-10","elo_ratings","2026-07-19T00:00:00Z","inactive_optional_unavailable","national_team_xg_sources.csv",0,"2026-11-12T19:44:59Z","inactive_optional_unavailable:no_accepted_national_team_xg_source","nl-2026-27-official-uefa-v2","da820cfe9ccbe70bb3ae3d18caaf369746d7e4d97b207a1fc61a6d8227701207",12,"482ced3a312147403cbb45ed8bb7868967f85fcb56af1fa6acfd9d7272000d2c","uefa-nations-league-2026-27-v3","450962da0b9b12c3a84a1de98b75ae98f6358ea8068c4a02e248315cf4280b15","cd8a439b187edded28240964c541195960769984f2ba855c574f64513237d914","19fcff44f621dbaabd0f0e4e722bda809943e77830e3560bcf8ce5a5cbc540ed","2026-06-10T00:00:00Z","raw_1x2","calibrated_1x2",0.216193963662303,0.243973590332652,0.539832446005045,0.152841876478394,0.269593153487407,0.577564970034199,0.901323752769232,1.6712131873533,0,1,0.127496079841232,"uefa_nations_league_2026_27-2047913__score",0,40,1681,0,0.77361156237243,0.22638843762757,0.957529834028171,0.577564970034199,0,2,0,4,"available","analytic_negative_binomial","not_applicable","not_applicable",,,"bf4a202155e55149300fd37901a68036d203c394242a76b416b24ed112f65f32"
"uefa_nations_league_2026_27","uefa_nations_league_2026_27-2047914","uefa_nations_league_2026_27-2047914","2026-11-16T19:45:00Z","2026-11-16T19:44:59Z","resolved","available","none","available","fitted","elo_diff","xgf_ewma_diffmissing_or_zero_variance|xga_ewma_diffmissing_or_zero_variance|xgd_ewma_diffmissing_or_zero_variance|form_index_diff","407a3e3d7ba5329021874a370aeae303669c5fe1afb2095be799b730a484f99f","phase14-open-nb-incumbent-calibrated-v1","0e89c2948c77b348c5b6d3832cf6d4e7721ca7794f8f68f857d6ae82b9fe7d50","/Users/davidzenz/R/xGelo/outputs/releases/phase14-open-nb-incumbent-calibrated-v1/release_manifest.csv","fc9a617e48969b5d524f9994bccb31de0cb028829b4c58a1999b77cf12c5a990","open_nb_incumbent","c65a4f90477e5b799e234d1a313ff333f6cce12cfc08de93e342d7718c252ff8","vector_w400_p0p010","be1392fd4b9fbfe747ea90c89a17413f72459d8ff708d6d80d1bf086973eb51e","2024-07-14","phase14-calibration-remediation-gate-v2","6eab1b1aa4998738a1ef021c74981d6489ca6a615ebbfcaafd35d781d735b852","2026-06-10","elo_ratings","2026-07-19T00:00:00Z","inactive_optional_unavailable","national_team_xg_sources.csv",0,"2026-11-12T19:44:59Z","inactive_optional_unavailable:no_accepted_national_team_xg_source","nl-2026-27-official-uefa-v2","da820cfe9ccbe70bb3ae3d18caaf369746d7e4d97b207a1fc61a6d8227701207",12,"482ced3a312147403cbb45ed8bb7868967f85fcb56af1fa6acfd9d7272000d2c","uefa-nations-league-2026-27-v3","450962da0b9b12c3a84a1de98b75ae98f6358ea8068c4a02e248315cf4280b15","cd8a439b187edded28240964c541195960769984f2ba855c574f64513237d914","19fcff44f621dbaabd0f0e4e722bda809943e77830e3560bcf8ce5a5cbc540ed","2026-06-10T00:00:00Z","raw_1x2","calibrated_1x2",0.633569179112304,0.216042190888017,0.15038862999968,0.599069484185206,0.251301204362566,0.149629311452228,1.91430602560081,0.74501544336333,1,0,0.136992258266978,"uefa_nations_league_2026_27-2047914__score",0,40,1681,2.22044604925031e-16,0.783371661902218,0.216628338097782,0.938257681829277,0.599069484185206,0,4,0,2,"available","analytic_negative_binomial","not_applicable","not_applicable",,,"23233b1e4e47b93b51a46dec60225ccd0582ac5a65f1cd470e8a36e4479f70c8"
"uefa_nations_league_2026_27","uefa_nations_league_2026_27-2047915","uefa_nations_league_2026_27-2047915","2026-11-16T19:45:00Z","2026-11-16T19:44:59Z","resolved","available","none","available","fitted","elo_diff","xgf_ewma_diffmissing_or_zero_variance|xga_ewma_diffmissing_or_zero_variance|xgd_ewma_diffmissing_or_zero_variance|form_index_diff","407a3e3d7ba5329021874a370aeae303669c5fe1afb2095be799b730a484f99f","phase14-open-nb-incumbent-calibrated-v1","0e89c2948c77b348c5b6d3832cf6d4e7721ca7794f8f68f857d6ae82b9fe7d50","/Users/davidzenz/R/xGelo/outputs/releases/phase14-open-nb-incumbent-calibrated-v1/release_manifest.csv","fc9a617e48969b5d524f9994bccb31de0cb028829b4c58a1999b77cf12c5a990","open_nb_incumbent","c65a4f90477e5b799e234d1a313ff333f6cce12cfc08de93e342d7718c252ff8","vector_w400_p0p010","be1392fd4b9fbfe747ea90c89a17413f72459d8ff708d6d80d1bf086973eb51e","2024-07-14","phase14-calibration-remediation-gate-v2","6eab1b1aa4998738a1ef021c74981d6489ca6a615ebbfcaafd35d781d735b852","2026-06-10","elo_ratings","2026-07-19T00:00:00Z","inactive_optional_unavailable","national_team_xg_sources.csv",0,"2026-11-12T19:44:59Z","inactive_optional_unavailable:no_accepted_national_team_xg_source","nl-2026-27-official-uefa-v2","da820cfe9ccbe70bb3ae3d18caaf369746d7e4d97b207a1fc61a6d8227701207",12,"482ced3a312147403cbb45ed8bb7868967f85fcb56af1fa6acfd9d7272000d2c","uefa-nations-league-2026-27-v3","450962da0b9b12c3a84a1de98b75ae98f6358ea8068c4a02e248315cf4280b15","cd8a439b187edded28240964c541195960769984f2ba855c574f64513237d914","19fcff44f621dbaabd0f0e4e722bda809943e77830e3560bcf8ce5a5cbc540ed","2026-06-10T00:00:00Z","raw_1x2","calibrated_1x2",0.336682990141863,0.269095422413342,0.394221587444796,0.270800179676979,0.307326039835399,0.421873780487622,1.14949626322166,1.28748154284667,1,1,0.116625564832378,"uefa_nations_league_2026_27-2047915__score",0,40,1681,2.22044604925031e-16,0.781423699655668,0.218576300344332,1.08046154617653,0.421873780487622,0,3,0,3,"available","analytic_negative_binomial","not_applicable","not_applicable",,,"6092d2d6468138a4ee8f70d205cccccc0f69a3fbc42985750112630c1aaa8d07"
"uefa_nations_league_2026_27","uefa_nations_league_2026_27-2047916","uefa_nations_league_2026_27-2047916","2026-11-17T19:45:00Z","2026-11-17T19:44:59Z","resolved","available","none","available","fitted","elo_diff","xgf_ewma_diffmissing_or_zero_variance|xga_ewma_diffmissing_or_zero_variance|xgd_ewma_diffmissing_or_zero_variance|form_index_diff","407a3e3d7ba5329021874a370aeae303669c5fe1afb2095be799b730a484f99f","phase14-open-nb-incumbent-calibrated-v1","0e89c2948c77b348c5b6d3832cf6d4e7721ca7794f8f68f857d6ae82b9fe7d50","/Users/davidzenz/R/xGelo/outputs/releases/phase14-open-nb-incumbent-calibrated-v1/release_manifest.csv","fc9a617e48969b5d524f9994bccb31de0cb028829b4c58a1999b77cf12c5a990","open_nb_incumbent","c65a4f90477e5b799e234d1a313ff333f6cce12cfc08de93e342d7718c252ff8","vector_w400_p0p010","be1392fd4b9fbfe747ea90c89a17413f72459d8ff708d6d80d1bf086973eb51e","2024-07-14","phase14-calibration-remediation-gate-v2","6eab1b1aa4998738a1ef021c74981d6489ca6a615ebbfcaafd35d781d735b852","2026-06-10","elo_ratings","2026-07-19T00:00:00Z","inactive_optional_unavailable","national_team_xg_sources.csv",0,"2026-11-12T19:44:59Z","inactive_optional_unavailable:no_accepted_national_team_xg_source","nl-2026-27-official-uefa-v2","da820cfe9ccbe70bb3ae3d18caaf369746d7e4d97b207a1fc61a6d8227701207",12,"482ced3a312147403cbb45ed8bb7868967f85fcb56af1fa6acfd9d7272000d2c","uefa-nations-league-2026-27-v3","450962da0b9b12c3a84a1de98b75ae98f6358ea8068c4a02e248315cf4280b15","cd8a439b187edded28240964c541195960769984f2ba855c574f64513237d914","19fcff44f621dbaabd0f0e4e722bda809943e77830e3560bcf8ce5a5cbc540ed","2026-06-10T00:00:00Z","raw_1x2","calibrated_1x2",0.267212296029035,0.259181734984894,0.473605968986073,0.200994910466262,0.291111497136896,0.507893592396842,1.00560442429546,1.48605749684481,0,1,0.122579495088187,"uefa_nations_league_2026_27-2047916__score",0,40,1681,3.33066907387547e-16,0.777200041921282,0.222799958078718,1.02582671642421,0.507893592396842,0,2,0,3,"available","analytic_negative_binomial","not_applicable","not_applicable",,,"53c77f28d37bb8259694c0b00b5d7eb841bfbe088d407e1d68ea7e7fd0a4e8ec"
"uefa_nations_league_2026_27","uefa_nations_league_2026_27-2047917","uefa_nations_league_2026_27-2047917","2026-11-17T19:45:00Z","2026-11-17T19:44:59Z","resolved","available","none","available","fitted","elo_diff","xgf_ewma_diffmissing_or_zero_variance|xga_ewma_diffmissing_or_zero_variance|xgd_ewma_diffmissing_or_zero_variance|form_index_diff","407a3e3d7ba5329021874a370aeae303669c5fe1afb2095be799b730a484f99f","phase14-open-nb-incumbent-calibrated-v1","0e89c2948c77b348c5b6d3832cf6d4e7721ca7794f8f68f857d6ae82b9fe7d50","/Users/davidzenz/R/xGelo/outputs/releases/phase14-open-nb-incumbent-calibrated-v1/release_manifest.csv","fc9a617e48969b5d524f9994bccb31de0cb028829b4c58a1999b77cf12c5a990","open_nb_incumbent","c65a4f90477e5b799e234d1a313ff333f6cce12cfc08de93e342d7718c252ff8","vector_w400_p0p010","be1392fd4b9fbfe747ea90c89a17413f72459d8ff708d6d80d1bf086973eb51e","2024-07-14","phase14-calibration-remediation-gate-v2","6eab1b1aa4998738a1ef021c74981d6489ca6a615ebbfcaafd35d781d735b852","2026-06-10","elo_ratings","2026-07-19T00:00:00Z","inactive_optional_unavailable","national_team_xg_sources.csv",0,"2026-11-12T19:44:59Z","inactive_optional_unavailable:no_accepted_national_team_xg_source","nl-2026-27-official-uefa-v2","da820cfe9ccbe70bb3ae3d18caaf369746d7e4d97b207a1fc61a6d8227701207",12,"482ced3a312147403cbb45ed8bb7868967f85fcb56af1fa6acfd9d7272000d2c","uefa-nations-league-2026-27-v3","450962da0b9b12c3a84a1de98b75ae98f6358ea8068c4a02e248315cf4280b15","cd8a439b187edded28240964c541195960769984f2ba855c574f64513237d914","19fcff44f621dbaabd0f0e4e722bda809943e77830e3560bcf8ce5a5cbc540ed","2026-06-10T00:00:00Z","raw_1x2","calibrated_1x2",0.424470696457302,0.267493885956913,0.308035417585787,0.364238781691267,0.30964435534021,0.326116862968523,1.34200877902509,1.09047028283827,1,0,0.121332087812291,"uefa_nations_league_2026_27-2047917__score",0,40,1681,0,0.784483884123325,0.215516115876675,1.0962807842113,0.364238781691267,0,3,0,3,"available","analytic_negative_binomial","not_applicable","not_applicable",,,"2bc98405bc06eecd5ae18865b47deedb3d0ef7d2dc7cbdddbcd21f164cfd1087"
"uefa_nations_league_2026_27","uefa_nations_league_2026_27-2047918","uefa_nations_league_2026_27-2047918","2026-11-17T19:45:00Z","2026-11-17T19:44:59Z","resolved","available","none","available","fitted","elo_diff","xgf_ewma_diffmissing_or_zero_variance|xga_ewma_diffmissing_or_zero_variance|xgd_ewma_diffmissing_or_zero_variance|form_index_diff","407a3e3d7ba5329021874a370aeae303669c5fe1afb2095be799b730a484f99f","phase14-open-nb-incumbent-calibrated-v1","0e89c2948c77b348c5b6d3832cf6d4e7721ca7794f8f68f857d6ae82b9fe7d50","/Users/davidzenz/R/xGelo/outputs/releases/phase14-open-nb-incumbent-calibrated-v1/release_manifest.csv","fc9a617e48969b5d524f9994bccb31de0cb028829b4c58a1999b77cf12c5a990","open_nb_incumbent","c65a4f90477e5b799e234d1a313ff333f6cce12cfc08de93e342d7718c252ff8","vector_w400_p0p010","be1392fd4b9fbfe747ea90c89a17413f72459d8ff708d6d80d1bf086973eb51e","2024-07-14","phase14-calibration-remediation-gate-v2","6eab1b1aa4998738a1ef021c74981d6489ca6a615ebbfcaafd35d781d735b852","2026-06-10","elo_ratings","2026-07-19T00:00:00Z","inactive_optional_unavailable","national_team_xg_sources.csv",0,"2026-11-12T19:44:59Z","inactive_optional_unavailable:no_accepted_national_team_xg_source","nl-2026-27-official-uefa-v2","da820cfe9ccbe70bb3ae3d18caaf369746d7e4d97b207a1fc61a6d8227701207",12,"482ced3a312147403cbb45ed8bb7868967f85fcb56af1fa6acfd9d7272000d2c","uefa-nations-league-2026-27-v3","450962da0b9b12c3a84a1de98b75ae98f6358ea8068c4a02e248315cf4280b15","cd8a439b187edded28240964c541195960769984f2ba855c574f64513237d914","19fcff44f621dbaabd0f0e4e722bda809943e77830e3560bcf8ce5a5cbc540ed","2026-06-10T00:00:00Z","raw_1x2","calibrated_1x2",0.678251648726137,0.197911170384423,0.123837180889439,0.649891644892788,0.229448402855119,0.120659952252092,2.07502740169108,0.683301479524048,1,0,0.135536437837644,"uefa_nations_league_2026_27-2047918__score",0,40,1681,5.55111512312578e-16,0.78102416144455,0.21897583855545,0.873005436600824,0.649891644892788,0,4,0,2,"available","analytic_negative_binomial","not_applicable","not_applicable",,,"c64162ec02b3a63c2391ee508aba1a69d8bf806bc5983b0cb78a8227fb995660"
"uefa_nations_league_2026_27","uefa_nations_league_2026_27-2047919","uefa_nations_league_2026_27-2047919","2026-11-17T19:45:00Z","2026-11-17T19:44:59Z","resolved","available","none","available","fitted","elo_diff","xgf_ewma_diffmissing_or_zero_variance|xga_ewma_diffmissing_or_zero_variance|xgd_ewma_diffmissing_or_zero_variance|form_index_diff","407a3e3d7ba5329021874a370aeae303669c5fe1afb2095be799b730a484f99f","phase14-open-nb-incumbent-calibrated-v1","0e89c2948c77b348c5b6d3832cf6d4e7721ca7794f8f68f857d6ae82b9fe7d50","/Users/davidzenz/R/xGelo/outputs/releases/phase14-open-nb-incumbent-calibrated-v1/release_manifest.csv","fc9a617e48969b5d524f9994bccb31de0cb028829b4c58a1999b77cf12c5a990","open_nb_incumbent","c65a4f90477e5b799e234d1a313ff333f6cce12cfc08de93e342d7718c252ff8","vector_w400_p0p010","be1392fd4b9fbfe747ea90c89a17413f72459d8ff708d6d80d1bf086973eb51e","2024-07-14","phase14-calibration-remediation-gate-v2","6eab1b1aa4998738a1ef021c74981d6489ca6a615ebbfcaafd35d781d735b852","2026-06-10","elo_ratings","2026-07-19T00:00:00Z","inactive_optional_unavailable","national_team_xg_sources.csv",0,"2026-11-12T19:44:59Z","inactive_optional_unavailable:no_accepted_national_team_xg_source","nl-2026-27-official-uefa-v2","da820cfe9ccbe70bb3ae3d18caaf369746d7e4d97b207a1fc61a6d8227701207",12,"482ced3a312147403cbb45ed8bb7868967f85fcb56af1fa6acfd9d7272000d2c","uefa-nations-league-2026-27-v3","450962da0b9b12c3a84a1de98b75ae98f6358ea8068c4a02e248315cf4280b15","cd8a439b187edded28240964c541195960769984f2ba855c574f64513237d914","19fcff44f621dbaabd0f0e4e722bda809943e77830e3560bcf8ce5a5cbc540ed","2026-06-10T00:00:00Z","raw_1x2","calibrated_1x2",0.411646451266167,0.268584715408136,0.319768833325698,0.350300612596177,0.310442034344146,0.339257353059677,1.31279903861814,1.11651455479308,1,0,0.119360521920717,"uefa_nations_league_2026_27-2047919__score",0,40,1681,0,0.783911190818174,0.216088809181826,1.09733061514898,0.350300612596177,0,3,0,3,"available","analytic_negative_binomial","not_applicable","not_applicable",,,"1fbeb9fc36215d6c9b457e2cd2e5d99f75aea26bb9bb1c18d3a193ea422cd83a"
"uefa_nations_league_2026_27","uefa_nations_league_2026_27-2047920","uefa_nations_league_2026_27-2047920","2026-11-17T19:45:00Z","2026-11-17T19:44:59Z","resolved","available","none","available","fitted","elo_diff","xgf_ewma_diffmissing_or_zero_variance|xga_ewma_diffmissing_or_zero_variance|xgd_ewma_diffmissing_or_zero_variance|form_index_diff","407a3e3d7ba5329021874a370aeae303669c5fe1afb2095be799b730a484f99f","phase14-open-nb-incumbent-calibrated-v1","0e89c2948c77b348c5b6d3832cf6d4e7721ca7794f8f68f857d6ae82b9fe7d50","/Users/davidzenz/R/xGelo/outputs/releases/phase14-open-nb-incumbent-calibrated-v1/release_manifest.csv","fc9a617e48969b5d524f9994bccb31de0cb028829b4c58a1999b77cf12c5a990","open_nb_incumbent","c65a4f90477e5b799e234d1a313ff333f6cce12cfc08de93e342d7718c252ff8","vector_w400_p0p010","be1392fd4b9fbfe747ea90c89a17413f72459d8ff708d6d80d1bf086973eb51e","2024-07-14","phase14-calibration-remediation-gate-v2","6eab1b1aa4998738a1ef021c74981d6489ca6a615ebbfcaafd35d781d735b852","2026-06-10","elo_ratings","2026-07-19T00:00:00Z","inactive_optional_unavailable","national_team_xg_sources.csv",0,"2026-11-12T19:44:59Z","inactive_optional_unavailable:no_accepted_national_team_xg_source","nl-2026-27-official-uefa-v2","da820cfe9ccbe70bb3ae3d18caaf369746d7e4d97b207a1fc61a6d8227701207",12,"482ced3a312147403cbb45ed8bb7868967f85fcb56af1fa6acfd9d7272000d2c","uefa-nations-league-2026-27-v3","450962da0b9b12c3a84a1de98b75ae98f6358ea8068c4a02e248315cf4280b15","cd8a439b187edded28240964c541195960769984f2ba855c574f64513237d914","19fcff44f621dbaabd0f0e4e722bda809943e77830e3560bcf8ce5a5cbc540ed","2026-06-10T00:00:00Z","raw_1x2","calibrated_1x2",0.153188952659719,0.213063999067111,0.633747048273171,0.0980081815366994,0.229344162431592,0.672647656031709,0.76938136212163,1.98042592653155,0,1,0.128714064579859,"uefa_nations_league_2026_27-2047920__score",0,40,1681,4.44089209850063e-16,0.765349557536053,0.234650442463947,0.832087948459279,0.672647656031709,0,2,0,4,"available","analytic_negative_binomial","not_applicable","not_applicable",,,"9c9985a5091addd27d8ba8c76daf9234909f6fd1d8be2ed9ddbd09f6d5d0dfcc"
"uefa_nations_league_2026_27","uefa_nations_league_2026_27-2047921","uefa_nations_league_2026_27-2047921","2026-11-17T19:45:00Z","2026-11-17T19:44:59Z","resolved","available","none","available","fitted","elo_diff","xgf_ewma_diffmissing_or_zero_variance|xga_ewma_diffmissing_or_zero_variance|xgd_ewma_diffmissing_or_zero_variance|form_index_diff","407a3e3d7ba5329021874a370aeae303669c5fe1afb2095be799b730a484f99f","phase14-open-nb-incumbent-calibrated-v1","0e89c2948c77b348c5b6d3832cf6d4e7721ca7794f8f68f857d6ae82b9fe7d50","/Users/davidzenz/R/xGelo/outputs/releases/phase14-open-nb-incumbent-calibrated-v1/release_manifest.csv","fc9a617e48969b5d524f9994bccb31de0cb028829b4c58a1999b77cf12c5a990","open_nb_incumbent","c65a4f90477e5b799e234d1a313ff333f6cce12cfc08de93e342d7718c252ff8","vector_w400_p0p010","be1392fd4b9fbfe747ea90c89a17413f72459d8ff708d6d80d1bf086973eb51e","2024-07-14","phase14-calibration-remediation-gate-v2","6eab1b1aa4998738a1ef021c74981d6489ca6a615ebbfcaafd35d781d735b852","2026-06-10","elo_ratings","2026-07-19T00:00:00Z","inactive_optional_unavailable","national_team_xg_sources.csv",0,"2026-11-12T19:44:59Z","inactive_optional_unavailable:no_accepted_national_team_xg_source","nl-2026-27-official-uefa-v2","da820cfe9ccbe70bb3ae3d18caaf369746d7e4d97b207a1fc61a6d8227701207",12,"482ced3a312147403cbb45ed8bb7868967f85fcb56af1fa6acfd9d7272000d2c","uefa-nations-league-2026-27-v3","450962da0b9b12c3a84a1de98b75ae98f6358ea8068c4a02e248315cf4280b15","cd8a439b187edded28240964c541195960769984f2ba855c574f64513237d914","19fcff44f621dbaabd0f0e4e722bda809943e77830e3560bcf8ce5a5cbc540ed","2026-06-10T00:00:00Z","raw_1x2","calibrated_1x2",0.610280000137781,0.224576776867838,0.165143222994382,0.572561415650163,0.261528589422537,0.1659099949273,1.83785969992392,0.778302627558007,1,0,0.136982654691947,"uefa_nations_league_2026_27-2047921__score",0,40,1681,4.44089209850063e-16,0.78306663563669,0.21693336436331,0.968071394214113,0.572561415650163,0,4,0,2,"available","analytic_negative_binomial","not_applicable","not_applicable",,,"6f6cd88e91c1cb01cc749480798bcc0d7889a8730287fbce4c1ba1503f699c23"
"uefa_nations_league_2026_27","uefa_nations_league_2026_27-2047922","uefa_nations_league_2026_27-2047922","2026-11-17T19:45:00Z","2026-11-17T19:44:59Z","resolved","available","none","available","fitted","elo_diff","xgf_ewma_diffmissing_or_zero_variance|xga_ewma_diffmissing_or_zero_variance|xgd_ewma_diffmissing_or_zero_variance|form_index_diff","407a3e3d7ba5329021874a370aeae303669c5fe1afb2095be799b730a484f99f","phase14-open-nb-incumbent-calibrated-v1","0e89c2948c77b348c5b6d3832cf6d4e7721ca7794f8f68f857d6ae82b9fe7d50","/Users/davidzenz/R/xGelo/outputs/releases/phase14-open-nb-incumbent-calibrated-v1/release_manifest.csv","fc9a617e48969b5d524f9994bccb31de0cb028829b4c58a1999b77cf12c5a990","open_nb_incumbent","c65a4f90477e5b799e234d1a313ff333f6cce12cfc08de93e342d7718c252ff8","vector_w400_p0p010","be1392fd4b9fbfe747ea90c89a17413f72459d8ff708d6d80d1bf086973eb51e","2024-07-14","phase14-calibration-remediation-gate-v2","6eab1b1aa4998738a1ef021c74981d6489ca6a615ebbfcaafd35d781d735b852","2026-06-10","elo_ratings","2026-07-19T00:00:00Z","inactive_optional_unavailable","national_team_xg_sources.csv",0,"2026-11-12T19:44:59Z","inactive_optional_unavailable:no_accepted_national_team_xg_source","nl-2026-27-official-uefa-v2","da820cfe9ccbe70bb3ae3d18caaf369746d7e4d97b207a1fc61a6d8227701207",12,"482ced3a312147403cbb45ed8bb7868967f85fcb56af1fa6acfd9d7272000d2c","uefa-nations-league-2026-27-v3","450962da0b9b12c3a84a1de98b75ae98f6358ea8068c4a02e248315cf4280b15","cd8a439b187edded28240964c541195960769984f2ba855c574f64513237d914","19fcff44f621dbaabd0f0e4e722bda809943e77830e3560bcf8ce5a5cbc540ed","2026-06-10T00:00:00Z","raw_1x2","calibrated_1x2",0.415236609440704,0.268306995401136,0.31645639515816,0.354193984409377,0.310255825135271,0.335550190455352,1.3209321961568,1.10914287030321,1,0,0.119922987168587,"uefa_nations_league_2026_27-2047922__score",0,40,1681,3.33066907387547e-16,0.784109680096261,0.215890319903739,1.09714743052098,0.354193984409377,0,3,0,3,"available","analytic_negative_binomial","not_applicable","not_applicable",,,"7f50cd9996baf37708faccbc74c31aee2543a3c81d7c5baa5384915792198c9a"
"uefa_nations_league_2026_27","uefa_nations_league_2026_27-2047923","uefa_nations_league_2026_27-2047923","2026-11-17T19:45:00Z","2026-11-17T19:44:59Z","resolved","available","none","available","fitted","elo_diff","xgf_ewma_diffmissing_or_zero_variance|xga_ewma_diffmissing_or_zero_variance|xgd_ewma_diffmissing_or_zero_variance|form_index_diff","407a3e3d7ba5329021874a370aeae303669c5fe1afb2095be799b730a484f99f","phase14-open-nb-incumbent-calibrated-v1","0e89c2948c77b348c5b6d3832cf6d4e7721ca7794f8f68f857d6ae82b9fe7d50","/Users/davidzenz/R/xGelo/outputs/releases/phase14-open-nb-incumbent-calibrated-v1/release_manifest.csv","fc9a617e48969b5d524f9994bccb31de0cb028829b4c58a1999b77cf12c5a990","open_nb_incumbent","c65a4f90477e5b799e234d1a313ff333f6cce12cfc08de93e342d7718c252ff8","vector_w400_p0p010","be1392fd4b9fbfe747ea90c89a17413f72459d8ff708d6d80d1bf086973eb51e","2024-07-14","phase14-calibration-remediation-gate-v2","6eab1b1aa4998738a1ef021c74981d6489ca6a615ebbfcaafd35d781d735b852","2026-06-10","elo_ratings","2026-07-19T00:00:00Z","inactive_optional_unavailable","national_team_xg_sources.csv",0,"2026-11-12T19:44:59Z","inactive_optional_unavailable:no_accepted_national_team_xg_source","nl-2026-27-official-uefa-v2","da820cfe9ccbe70bb3ae3d18caaf369746d7e4d97b207a1fc61a6d8227701207",12,"482ced3a312147403cbb45ed8bb7868967f85fcb56af1fa6acfd9d7272000d2c","uefa-nations-league-2026-27-v3","450962da0b9b12c3a84a1de98b75ae98f6358ea8068c4a02e248315cf4280b15","cd8a439b187edded28240964c541195960769984f2ba855c574f64513237d914","19fcff44f621dbaabd0f0e4e722bda809943e77830e3560bcf8ce5a5cbc540ed","2026-06-10T00:00:00Z","raw_1x2","calibrated_1x2",0.495432720524866,0.256775938136827,0.247791341338307,0.442687968185335,0.298913512648173,0.258398519166492,1.51290947904454,0.958912630390918,1,0,0.130288493716063,"uefa_nations_league_2026_27-2047923__score",0,40,1681,3.33066907387547e-16,0.784577133009102,0.215422866990898,1.07138868252072,0.442687968185335,0,3,0,2,"available","analytic_negative_binomial","not_applicable","not_applicable",,,"ba859185197c1891e9d8a36381deb545624c4a72bb49e421a3f68641acab5634"
