"edition_id","fixture_id","match_id","score_distribution_id","rank","home_goals","away_goals","probability","top10_scoreline_mass","top10_omitted_mass","model_release_id","release_manifest_sha256","release_selector_sha256","model_id","model_sha256","calibrator_id","calibrator_sha256","model_data_cutoff","feature_cutoff_utc","active_predictors","dropped_predictors_with_reason","row_sha256"
"uefa_nations_league_2026_27","uefa_nations_league_2026_27-2047872","uefa_nations_league_2026_27-2047872","uefa_nations_league_2026_27-2047872__score",1,0,1,0.128035946912419,0.76320974247737,0.23679025752263,"phase14-open-nb-incumbent-calibrated-v1","0e89c2948c77b348c5b6d3832cf6d4e7721ca7794f8f68f857d6ae82b9fe7d50","fc9a617e48969b5d524f9994bccb31de0cb028829b4c58a1999b77cf12c5a990","open_nb_incumbent","c65a4f90477e5b799e234d1a313ff333f6cce12cfc08de93e342d7718c252ff8","vector_w400_p0p010","be1392fd4b9fbfe747ea90c89a17413f72459d8ff708d6d80d1bf086973eb51e","2026-06-10","2026-11-12T19:44:59Z","elo_diff","xgf_ewma_diffmissing_or_zero_variance|xga_ewma_diffmissing_or_zero_variance|xgd_ewma_diffmissing_or_zero_variance|form_index_diff","4e8ddfe1ad935820d419d6e088cd23ada5c5851492dbde46af4eb3e849c00ed3"
"uefa_nations_league_2026_27","uefa_nations_league_2026_27-2047872","uefa_nations_league_2026_27-2047872","uefa_nations_league_2026_27-2047872__score",2,0,2,0.117175020517202,0.76320974247737,0.23679025752263,"phase14-open-nb-incumbent-calibrated-v1","0e89c2948c77b348c5b6d3832cf6d4e7721ca7794f8f68f857d6ae82b9fe7d50","fc9a617e48969b5d524f9994bccb31de0cb028829b4c58a1999b77cf12c5a990","open_nb_incumbent","c65a4f90477e5b799e234d1a313ff333f6cce12cfc08de93e342d7718c252ff8","vector_w400_p0p010","be1392fd4b9fbfe747ea90c89a17413f72459d8ff708d6d80d1bf086973eb51e","2026-06-10","2026-11-12T19:44:59Z","elo_diff","xgf_ewma_diffmissing_or_zero_variance|xga_ewma_diffmissing_or_zero_variance|xgd_ewma_diffmissing_or_zero_variance|form_index_diff","8409b9f8aa910ac3e178d9ae457f9e5b1fde5c7e5e982c6067b7cf776a84ca91"
"uefa_nations_league_2026_27","uefa_nations_league_2026_27-2047872","uefa_nations_league_2026_27-2047872","uefa_nations_league_2026_27-2047872__score",3,1,1,0.0888705135567479,0.76320974247737,0.23679025752263,"phase14-open-nb-incumbent-calibrated-v1","0e89c2948c77b348c5b6d3832cf6d4e7721ca7794f8f68f857d6ae82b9fe7d50","fc9a617e48969b5d524f9994bccb31de0cb028829b4c58a1999b77cf12c5a990","open_nb_incumbent","c65a4f90477e5b799e234d1a313ff333f6cce12cfc08de93e342d7718c252ff8","vector_w400_p0p010","be1392fd4b9fbfe747ea90c89a17413f72459d8ff708d6d80d1bf086973eb51e","2026-06-10","2026-11-12T19:44:59Z","elo_diff","xgf_ewma_diffmissing_or_zero_variance|xga_ewma_diffmissing_or_zero_variance|xgd_ewma_diffmissing_or_zero_variance|form_index_diff","423c2a9acefe75fab0b22b465dce84385384cad1aa34fd4dcb6a09bcbc529e76"
"uefa_nations_league_2026_27","uefa_nations_league_2026_27-2047872","uefa_nations_league_2026_27-2047872","uefa_nations_league_2026_27-2047872__score",4,1,2,0.0813318798392561,0.76320974247737,0.23679025752263,"phase14-open-nb-incumbent-calibrated-v1","0e89c2948c77b348c5b6d3832cf6d4e7721ca7794f8f68f857d6ae82b9fe7d50","fc9a617e48969b5d524f9994bccb31de0cb028829b4c58a1999b77cf12c5a990","open_nb_incumbent","c65a4f90477e5b799e234d1a313ff333f6cce12cfc08de93e342d7718c252ff8","vector_w400_p0p010","be1392fd4b9fbfe747ea90c89a17413f72459d8ff708d6d80d1bf086973eb51e","2026-06-10","2026-11-12T19:44:59Z","elo_diff","xgf_ewma_diffmissing_or_zero_variance|xga_ewma_diffmissing_or_zero_variance|xgd_ewma_diffmissing_or_zero_variance|form_index_diff","00b020878b9a52162142d439dabacd6f6aaefb3b38986a897f360ab1199fb187"
"uefa_nations_league_2026_27","uefa_nations_league_2026_27-2047872","uefa_nations_league_2026_27-2047872","uefa_nations_league_2026_27-2047872__score",5,0,3,0.0797413299195678,0.76320974247737,0.23679025752263,"phase14-open-nb-incumbent-calibrated-v1","0e89c2948c77b348c5b6d3832cf6d4e7721ca7794f8f68f857d6ae82b9fe7d50","fc9a617e48969b5d524f9994bccb31de0cb028829b4c58a1999b77cf12c5a990","open_nb_incumbent","c65a4f90477e5b799e234d1a313ff333f6cce12cfc08de93e342d7718c252ff8","vector_w400_p0p010","be1392fd4b9fbfe747ea90c89a17413f72459d8ff708d6d80d1bf086973eb51e","2026-06-10","2026-11-12T19:44:59Z","elo_diff","xgf_ewma_diffmissing_or_zero_variance|xga_ewma_diffmissing_or_zero_variance|xgd_ewma_diffmissing_or_zero_variance|form_index_diff","098646a30a04f32678fb80f0365a1c387b4d47c4820a98416d9c7d96bc2f59d1"
"uefa_nations_league_2026_27","uefa_nations_league_2026_27-2047872","uefa_nations_league_2026_27-2047872","uefa_nations_league_2026_27-2047872__score",6,0,0,0.0790786687749555,0.76320974247737,0.23679025752263,"phase14-open-nb-incumbent-calibrated-v1","0e89c2948c77b348c5b6d3832cf6d4e7721ca7794f8f68f857d6ae82b9fe7d50","fc9a617e48969b5d524f9994bccb31de0cb028829b4c58a1999b77cf12c5a990","open_nb_incumbent","c65a4f90477e5b799e234d1a313ff333f6cce12cfc08de93e342d7718c252ff8","vector_w400_p0p010","be1392fd4b9fbfe747ea90c89a17413f72459d8ff708d6d80d1bf086973eb51e","2026-06-10","2026-11-12T19:44:59Z","elo_diff","xgf_ewma_diffmissing_or_zero_variance|xga_ewma_diffmissing_or_zero_variance|xgd_ewma_diffmissing_or_zero_variance|form_index_diff","97e09d9cdc67ce78bd6b0dddfc38cb42aa822323d6edd25fd996437662c295e5"
"uefa_nations_league_2026_27","uefa_nations_league_2026_27-2047872","uefa_nations_league_2026_27-2047872","uefa_nations_league_2026_27-2047872__score",7,1,3,0.0553489321752551,0.76320974247737,0.23679025752263,"phase14-open-nb-incumbent-calibrated-v1","0e89c2948c77b348c5b6d3832cf6d4e7721ca7794f8f68f857d6ae82b9fe7d50","fc9a617e48969b5d524f9994bccb31de0cb028829b4c58a1999b77cf12c5a990","open_nb_incumbent","c65a4f90477e5b799e234d1a313ff333f6cce12cfc08de93e342d7718c252ff8","vector_w400_p0p010","be1392fd4b9fbfe747ea90c89a17413f72459d8ff708d6d80d1bf086973eb51e","2026-06-10","2026-11-12T19:44:59Z","elo_diff","xgf_ewma_diffmissing_or_zero_variance|xga_ewma_diffmissing_or_zero_variance|xgd_ewma_diffmissing_or_zero_variance|form_index_diff","a0757050563fc6ced519eff4f788a7f936d52e9148370229c63d5fba659314ac"
"uefa_nations_league_2026_27","uefa_nations_league_2026_27-2047872","uefa_nations_league_2026_27-2047872","uefa_nations_league_2026_27-2047872__score",8,1,0,0.0548889751268172,0.76320974247737,0.23679025752263,"phase14-open-nb-incumbent-calibrated-v1","0e89c2948c77b348c5b6d3832cf6d4e7721ca7794f8f68f857d6ae82b9fe7d50","fc9a617e48969b5d524f9994bccb31de0cb028829b4c58a1999b77cf12c5a990","open_nb_incumbent","c65a4f90477e5b799e234d1a313ff333f6cce12cfc08de93e342d7718c252ff8","vector_w400_p0p010","be1392fd4b9fbfe747ea90c89a17413f72459d8ff708d6d80d1bf086973eb51e","2026-06-10","2026-11-12T19:44:59Z","elo_diff","xgf_ewma_diffmissing_or_zero_variance|xga_ewma_diffmissing_or_zero_variance|xgd_ewma_diffmissing_or_zero_variance|form_index_diff","5fc9f530ced6c04d626c511f74d61707a904a6c28a29a50d5afd6f49eec069f1"
"uefa_nations_league_2026_27","uefa_nations_league_2026_27-2047872","uefa_nations_league_2026_27-2047872","uefa_nations_league_2026_27-2047872__score",9,0,4,0.044911219032052,0.76320974247737,0.23679025752263,"phase14-open-nb-incumbent-calibrated-v1","0e89c2948c77b348c5b6d3832cf6d4e7721ca7794f8f68f857d6ae82b9fe7d50","fc9a617e48969b5d524f9994bccb31de0cb028829b4c58a1999b77cf12c5a990","open_nb_incumbent","c65a4f90477e5b799e234d1a313ff333f6cce12cfc08de93e342d7718c252ff8","vector_w400_p0p010","be1392fd4b9fbfe747ea90c89a17413f72459d8ff708d6d80d1bf086973eb51e","2026-06-10","2026-11-12T19:44:59Z","elo_diff","xgf_ewma_diffmissing_or_zero_variance|xga_ewma_diffmissing_or_zero_variance|xgd_ewma_diffmissing_or_zero_variance|form_index_diff","83fb59fe193212a9d0f1fa31cd7cc2e0521b9eb6e4dd2fac04d0cdc0d75da283"
"uefa_nations_league_2026_27","uefa_nations_league_2026_27-2047872","uefa_nations_league_2026_27-2047872","uefa_nations_league_2026_27-2047872__score",10,2,1,0.0338272566230969,0.76320974247737,0.23679025752263,"phase14-open-nb-incumbent-calibrated-v1","0e89c2948c77b348c5b6d3832cf6d4e7721ca7794f8f68f857d6ae82b9fe7d50","fc9a617e48969b5d524f9994bccb31de0cb028829b4c58a1999b77cf12c5a990","open_nb_incumbent","c65a4f90477e5b799e234d1a313ff333f6cce12cfc08de93e342d7718c252ff8","vector_w400_p0p010","be1392fd4b9fbfe747ea90c89a17413f72459d8ff708d6d80d1bf086973eb51e","2026-06-10","2026-11-12T19:44:59Z","elo_diff","xgf_ewma_diffmissing_or_zero_variance|xga_ewma_diffmissing_or_zero_variance|xgd_ewma_diffmissing_or_zero_variance|form_index_diff","024945197376c0db09642db3ce5744d1f6a34764bebfccfeff26a4094b7891bb"
"uefa_nations_league_2026_27","uefa_nations_league_2026_27-2047873","uefa_nations_league_2026_27-2047873","uefa_nations_league_2026_27-2047873__score",1,1,1,0.116969223413915,0.781303769728334,0.218696230271666,"phase14-open-nb-incumbent-calibrated-v1","0e89c2948c77b348c5b6d3832cf6d4e7721ca7794f8f68f857d6ae82b9fe7d50","fc9a617e48969b5d524f9994bccb31de0cb028829b4c58a1999b77cf12c5a990","open_nb_incumbent","c65a4f90477e5b799e234d1a313ff333f6cce12cfc08de93e342d7718c252ff8","vector_w400_p0p010","be1392fd4b9fbfe747ea90c89a17413f72459d8ff708d6d80d1bf086973eb51e","2026-06-10","2026-11-12T16:59:59Z","elo_diff","xgf_ewma_diffmissing_or_zero_variance|xga_ewma_diffmissing_or_zero_variance|xgd_ewma_diffmissing_or_zero_variance|form_index_diff","de97155e506ef4bf92b50434d36cc5f1ecf8b819fa6765a8f2c3f786738a49c3"
"uefa_nations_league_2026_27","uefa_nations_league_2026_27-2047873","uefa_nations_league_2026_27-2047873","uefa_nations_league_2026_27-2047873__score",2,0,1,0.109954798613951,0.781303769728334,0.218696230271666,"phase14-open-nb-incumbent-calibrated-v1","0e89c2948c77b348c5b6d3832cf6d4e7721ca7794f8f68f857d6ae82b9fe7d50","fc9a617e48969b5d524f9994bccb31de0cb028829b4c58a1999b77cf12c5a990","open_nb_incumbent","c65a4f90477e5b799e234d1a313ff333f6cce12cfc08de93e342d7718c252ff8","vector_w400_p0p010","be1392fd4b9fbfe747ea90c89a17413f72459d8ff708d6d80d1bf086973eb51e","2026-06-10","2026-11-12T16:59:59Z","elo_diff","xgf_ewma_diffmissing_or_zero_variance|xga_ewma_diffmissing_or_zero_variance|xgd_ewma_diffmissing_or_zero_variance|form_index_diff","be57e0722b25a1ee623dda859b0cf85e66f99465be8bd0a7dba7bcb94ca6106e"
"uefa_nations_league_2026_27","uefa_nations_league_2026_27-2047873","uefa_nations_league_2026_27-2047873","uefa_nations_league_2026_27-2047873__score",3,1,0,0.109198963044413,0.781303769728334,0.218696230271666,"phase14-open-nb-incumbent-calibrated-v1","0e89c2948c77b348c5b6d3832cf6d4e7721ca7794f8f68f857d6ae82b9fe7d50","fc9a617e48969b5d524f9994bccb31de0cb028829b4c58a1999b77cf12c5a990","open_nb_incumbent","c65a4f90477e5b799e234d1a313ff333f6cce12cfc08de93e342d7718c252ff8","vector_w400_p0p010","be1392fd4b9fbfe747ea90c89a17413f72459d8ff708d6d80d1bf086973eb51e","2026-06-10","2026-11-12T16:59:59Z","elo_diff","xgf_ewma_diffmissing_or_zero_variance|xga_ewma_diffmissing_or_zero_variance|xgd_ewma_diffmissing_or_zero_variance|form_index_diff","79127bccdc0fd5881c7717bf3d51c6ef5d08132de138399929cb76e15b7a5522"
"uefa_nations_league_2026_27","uefa_nations_league_2026_27-2047873","uefa_nations_league_2026_27-2047873","uefa_nations_league_2026_27-2047873__score",4,0,0,0.102650506175562,0.781303769728334,0.218696230271666,"phase14-open-nb-incumbent-calibrated-v1","0e89c2948c77b348c5b6d3832cf6d4e7721ca7794f8f68f857d6ae82b9fe7d50","fc9a617e48969b5d524f9994bccb31de0cb028829b4c58a1999b77cf12c5a990","open_nb_incumbent","c65a4f90477e5b799e234d1a313ff333f6cce12cfc08de93e342d7718c252ff8","vector_w400_p0p010","be1392fd4b9fbfe747ea90c89a17413f72459d8ff708d6d80d1bf086973eb51e","2026-06-10","2026-11-12T16:59:59Z","elo_diff","xgf_ewma_diffmissing_or_zero_variance|xga_ewma_diffmissing_or_zero_variance|xgd_ewma_diffmissing_or_zero_variance|form_index_diff","0b49020878cfc2a63fc9b5fa6626e18fbe1c3087194e5071b99d33090ba5614a"
"uefa_nations_league_2026_27","uefa_nations_league_2026_27-2047873","uefa_nations_league_2026_27-2047873","uefa_nations_league_2026_27-2047873__score",5,1,2,0.0708198905516466,0.781303769728334,0.218696230271666,"phase14-open-nb-incumbent-calibrated-v1","0e89c2948c77b348c5b6d3832cf6d4e7721ca7794f8f68f857d6ae82b9fe7d50","fc9a617e48969b5d524f9994bccb31de0cb028829b4c58a1999b77cf12c5a990","open_nb_incumbent","c65a4f90477e5b799e234d1a313ff333f6cce12cfc08de93e342d7718c252ff8","vector_w400_p0p010","be1392fd4b9fbfe747ea90c89a17413f72459d8ff708d6d80d1bf086973eb51e","2026-06-10","2026-11-12T16:59:59Z","elo_diff","xgf_ewma_diffmissing_or_zero_variance|xga_ewma_diffmissing_or_zero_variance|xgd_ewma_diffmissing_or_zero_variance|form_index_diff","d318a89bb5b6e8bee1b0cd3f2d1185ecc69b6fc7f09317918f805a4dc2340927"
"uefa_nations_league_2026_27","uefa_nations_league_2026_27-2047873","uefa_nations_league_2026_27-2047873","uefa_nations_league_2026_27-2047873__score",6,2,1,0.0682358085103976,0.781303769728334,0.218696230271666,"phase14-open-nb-incumbent-calibrated-v1","0e89c2948c77b348c5b6d3832cf6d4e7721ca7794f8f68f857d6ae82b9fe7d50","fc9a617e48969b5d524f9994bccb31de0cb028829b4c58a1999b77cf12c5a990","open_nb_incumbent","c65a4f90477e5b799e234d1a313ff333f6cce12cfc08de93e342d7718c252ff8","vector_w400_p0p010","be1392fd4b9fbfe747ea90c89a17413f72459d8ff708d6d80d1bf086973eb51e","2026-06-10","2026-11-12T16:59:59Z","elo_diff","xgf_ewma_diffmissing_or_zero_variance|xga_ewma_diffmissing_or_zero_variance|xgd_ewma_diffmissing_or_zero_variance|form_index_diff","83b09ccc118a5d51707d084c19329a9b165638f021bd5ae2900214fc11693705"
"uefa_nations_league_2026_27","uefa_nations_league_2026_27-2047873","uefa_nations_league_2026_27-2047873","uefa_nations_league_2026_27-2047873__score",7,0,2,0.0665729546302349,0.781303769728334,0.218696230271666,"phase14-open-nb-incumbent-calibrated-v1","0e89c2948c77b348c5b6d3832cf6d4e7721ca7794f8f68f857d6ae82b9fe7d50","fc9a617e48969b5d524f9994bccb31de0cb028829b4c58a1999b77cf12c5a990","open_nb_incumbent","c65a4f90477e5b799e234d1a313ff333f6cce12cfc08de93e342d7718c252ff8","vector_w400_p0p010","be1392fd4b9fbfe747ea90c89a17413f72459d8ff708d6d80d1bf086973eb51e","2026-06-10","2026-11-12T16:59:59Z","elo_diff","xgf_ewma_diffmissing_or_zero_variance|xga_ewma_diffmissing_or_zero_variance|xgd_ewma_diffmissing_or_zero_variance|form_index_diff","808088a7b4fd603a708484b4e44240508875510df05840183ed0b3abe8ca109d"
"uefa_nations_league_2026_27","uefa_nations_league_2026_27-2047873","uefa_nations_league_2026_27-2047873","uefa_nations_league_2026_27-2047873__score",8,2,0,0.0637029067506499,0.781303769728334,0.218696230271666,"phase14-open-nb-incumbent-calibrated-v1","0e89c2948c77b348c5b6d3832cf6d4e7721ca7794f8f68f857d6ae82b9fe7d50","fc9a617e48969b5d524f9994bccb31de0cb028829b4c58a1999b77cf12c5a990","open_nb_incumbent","c65a4f90477e5b799e234d1a313ff333f6cce12cfc08de93e342d7718c252ff8","vector_w400_p0p010","be1392fd4b9fbfe747ea90c89a17413f72459d8ff708d6d80d1bf086973eb51e","2026-06-10","2026-11-12T16:59:59Z","elo_diff","xgf_ewma_diffmissing_or_zero_variance|xga_ewma_diffmissing_or_zero_variance|xgd_ewma_diffmissing_or_zero_variance|form_index_diff","af0e92cfead6c865ee345ba53a3b6c0c2524a70b8c380f6640ba45ae81022f49"
"uefa_nations_league_2026_27","uefa_nations_league_2026_27-2047873","uefa_nations_league_2026_27-2047873","uefa_nations_league_2026_27-2047873__score",9,2,2,0.0413138802615542,0.781303769728334,0.218696230271666,"phase14-open-nb-incumbent-calibrated-v1","0e89c2948c77b348c5b6d3832cf6d4e7721ca7794f8f68f857d6ae82b9fe7d50","fc9a617e48969b5d524f9994bccb31de0cb028829b4c58a1999b77cf12c5a990","open_nb_incumbent","c65a4f90477e5b799e234d1a313ff333f6cce12cfc08de93e342d7718c252ff8","vector_w400_p0p010","be1392fd4b9fbfe747ea90c89a17413f72459d8ff708d6d80d1bf086973eb51e","2026-06-10","2026-11-12T16:59:59Z","elo_diff","xgf_ewma_diffmissing_or_zero_variance|xga_ewma_diffmissing_or_zero_variance|xgd_ewma_diffmissing_or_zero_variance|form_index_diff","cf29bea6ed06406228aa94899631f2cefd15e734e58c85b222ca8271d9d376fa"
"uefa_nations_league_2026_27","uefa_nations_league_2026_27-2047873","uefa_nations_league_2026_27-2047873","uefa_nations_league_2026_27-2047873__score",10,1,3,0.0318848377760092,0.781303769728334,0.218696230271666,"phase14-open-nb-incumbent-calibrated-v1","0e89c2948c77b348c5b6d3832cf6d4e7721ca7794f8f68f857d6ae82b9fe7d50","fc9a617e48969b5d524f9994bccb31de0cb028829b4c58a1999b77cf12c5a990","open_nb_incumbent","c65a4f90477e5b799e234d1a313ff333f6cce12cfc08de93e342d7718c252ff8","vector_w400_p0p010","be1392fd4b9fbfe747ea90c89a17413f72459d8ff708d6d80d1bf086973eb51e","2026-06-10","2026-11-12T16:59:59Z","elo_diff","xgf_ewma_diffmissing_or_zero_variance|xga_ewma_diffmissing_or_zero_variance|xgd_ewma_diffmissing_or_zero_variance|form_index_diff","a2db9d8824bd82d5a060279dbc25fd752fbeaf2b02f5d01e1f2c0f7cbe4da18f"
"uefa_nations_league_2026_27","uefa_nations_league_2026_27-2047874","uefa_nations_league_2026_27-2047874","uefa_nations_league_2026_27-2047874__score",1,1,0,0.125019878614029,0.784504995987548,0.215495004012452,"phase14-open-nb-incumbent-calibrated-v1","0e89c2948c77b348c5b6d3832cf6d4e7721ca7794f8f68f857d6ae82b9fe7d50","fc9a617e48969b5d524f9994bccb31de0cb028829b4c58a1999b77cf12c5a990","open_nb_incumbent","c65a4f90477e5b799e234d1a313ff333f6cce12cfc08de93e342d7718c252ff8","vector_w400_p0p010","be1392fd4b9fbfe747ea90c89a17413f72459d8ff708d6d80d1bf086973eb51e","2026-06-10","2026-11-12T19:44:59Z","elo_diff","xgf_ewma_diffmissing_or_zero_variance|xga_ewma_diffmissing_or_zero_variance|xgd_ewma_diffmissing_or_zero_variance|form_index_diff","967896c0ed50465e7f1a03d504b681b04cbbb5b3d82d1b60545236bd0149aabf"
"uefa_nations_league_2026_27","uefa_nations_league_2026_27-2047874","uefa_nations_league_2026_27-2047874","uefa_nations_league_2026_27-2047874__score",2,1,1,0.11446130692,0.784504995987548,0.215495004012452,"phase14-open-nb-incumbent-calibrated-v1","0e89c2948c77b348c5b6d3832cf6d4e7721ca7794f8f68f857d6ae82b9fe7d50","fc9a617e48969b5d524f9994bccb31de0cb028829b4c58a1999b77cf12c5a990","open_nb_incumbent","c65a4f90477e5b799e234d1a313ff333f6cce12cfc08de93e342d7718c252ff8","vector_w400_p0p010","be1392fd4b9fbfe747ea90c89a17413f72459d8ff708d6d80d1bf086973eb51e","2026-06-10","2026-11-12T19:44:59Z","elo_diff","xgf_ewma_diffmissing_or_zero_variance|xga_ewma_diffmissing_or_zero_variance|xgd_ewma_diffmissing_or_zero_variance|form_index_diff","645cb3acaeaad9e0e89c1b4f15df380e95759898f3380c89ebea7885baec7b8c"
"uefa_nations_league_2026_27","uefa_nations_league_2026_27-2047874","uefa_nations_league_2026_27-2047874","uefa_nations_league_2026_27-2047874__score",3,0,0,0.101209672994563,0.784504995987548,0.215495004012452,"phase14-open-nb-incumbent-calibrated-v1","0e89c2948c77b348c5b6d3832cf6d4e7721ca7794f8f68f857d6ae82b9fe7d50","fc9a617e48969b5d524f9994bccb31de0cb028829b4c58a1999b77cf12c5a990","open_nb_incumbent","c65a4f90477e5b799e234d1a313ff333f6cce12cfc08de93e342d7718c252ff8","vector_w400_p0p010","be1392fd4b9fbfe747ea90c89a17413f72459d8ff708d6d80d1bf086973eb51e","2026-06-10","2026-11-12T19:44:59Z","elo_diff","xgf_ewma_diffmissing_or_zero_variance|xga_ewma_diffmissing_or_zero_variance|xgd_ewma_diffmissing_or_zero_variance|form_index_diff","245afd8b15f0cf7ed8fe91f6df1e0e1c224de7e3ea75e03de079843acec8f7d3"
"uefa_nations_league_2026_27","uefa_nations_league_2026_27-2047874","uefa_nations_league_2026_27-2047874","uefa_nations_league_2026_27-2047874__score",4,0,1,0.0926619956148599,0.784504995987548,0.215495004012452,"phase14-open-nb-incumbent-calibrated-v1","0e89c2948c77b348c5b6d3832cf6d4e7721ca7794f8f68f857d6ae82b9fe7d50","fc9a617e48969b5d524f9994bccb31de0cb028829b4c58a1999b77cf12c5a990","open_nb_incumbent","c65a4f90477e5b799e234d1a313ff333f6cce12cfc08de93e342d7718c252ff8","vector_w400_p0p010","be1392fd4b9fbfe747ea90c89a17413f72459d8ff708d6d80d1bf086973eb51e","2026-06-10","2026-11-12T19:44:59Z","elo_diff","xgf_ewma_diffmissing_or_zero_variance|xga_ewma_diffmissing_or_zero_variance|xgd_ewma_diffmissing_or_zero_variance|form_index_diff","6df737d1d84ee84316348566c22dee0ce38376ab89a29245aec34a5788650131"
"uefa_nations_league_2026_27","uefa_nations_league_2026_27-2047874","uefa_nations_league_2026_27-2047874","uefa_nations_league_2026_27-2047874__score",5,2,0,0.0846875249075211,0.784504995987548,0.215495004012452,"phase14-open-nb-incumbent-calibrated-v1","0e89c2948c77b348c5b6d3832cf6d4e7721ca7794f8f68f857d6ae82b9fe7d50","fc9a617e48969b5d524f9994bccb31de0cb028829b4c58a1999b77cf12c5a990","open_nb_incumbent","c65a4f90477e5b799e234d1a313ff333f6cce12cfc08de93e342d7718c252ff8","vector_w400_p0p010","be1392fd4b9fbfe747ea90c89a17413f72459d8ff708d6d80d1bf086973eb51e","2026-06-10","2026-11-12T19:44:59Z","elo_diff","xgf_ewma_diffmissing_or_zero_variance|xga_ewma_diffmissing_or_zero_variance|xgd_ewma_diffmissing_or_zero_variance|form_index_diff","d1fa1af2a01c583b5bc0ad227a0c0f385a91c00846d455370160e61c90987bf8"
"uefa_nations_league_2026_27","uefa_nations_league_2026_27-2047874","uefa_nations_league_2026_27-2047874","uefa_nations_league_2026_27-2047874__score",6,2,1,0.077535227902926,0.784504995987548,0.215495004012452,"phase14-open-nb-incumbent-calibrated-v1","0e89c2948c77b348c5b6d3832cf6d4e7721ca7794f8f68f857d6ae82b9fe7d50","fc9a617e48969b5d524f9994bccb31de0cb028829b4c58a1999b77cf12c5a990","open_nb_incumbent","c65a4f90477e5b799e234d1a313ff333f6cce12cfc08de93e342d7718c252ff8","vector_w400_p0p010","be1392fd4b9fbfe747ea90c89a17413f72459d8ff708d6d80d1bf086973eb51e","2026-06-10","2026-11-12T19:44:59Z","elo_diff","xgf_ewma_diffmissing_or_zero_variance|xga_ewma_diffmissing_or_zero_variance|xgd_ewma_diffmissing_or_zero_variance|form_index_diff","f79e53767a8e8d112ceed24b1c3bbfbb2a6caceb90725e8af7e89c8a38add54f"
"uefa_nations_league_2026_27","uefa_nations_league_2026_27-2047874","uefa_nations_league_2026_27-2047874","uefa_nations_league_2026_27-2047874__score",7,1,2,0.0592337025782726,0.784504995987548,0.215495004012452,"phase14-open-nb-incumbent-calibrated-v1","0e89c2948c77b348c5b6d3832cf6d4e7721ca7794f8f68f857d6ae82b9fe7d50","fc9a617e48969b5d524f9994bccb31de0cb028829b4c58a1999b77cf12c5a990","open_nb_incumbent","c65a4f90477e5b799e234d1a313ff333f6cce12cfc08de93e342d7718c252ff8","vector_w400_p0p010","be1392fd4b9fbfe747ea90c89a17413f72459d8ff708d6d80d1bf086973eb51e","2026-06-10","2026-11-12T19:44:59Z","elo_diff","xgf_ewma_diffmissing_or_zero_variance|xga_ewma_diffmissing_or_zero_variance|xgd_ewma_diffmissing_or_zero_variance|form_index_diff","2d5dbded6ec6cf5dcca8f26fbd4ab396a48cfbfd27de4b3925da8807e091e930"
"uefa_nations_league_2026_27","uefa_nations_league_2026_27-2047874","uefa_nations_league_2026_27-2047874","uefa_nations_league_2026_27-2047874__score",8,0,2,0.047952563501621,0.784504995987548,0.215495004012452,"phase14-open-nb-incumbent-calibrated-v1","0e89c2948c77b348c5b6d3832cf6d4e7721ca7794f8f68f857d6ae82b9fe7d50","fc9a617e48969b5d524f9994bccb31de0cb028829b4c58a1999b77cf12c5a990","open_nb_incumbent","c65a4f90477e5b799e234d1a313ff333f6cce12cfc08de93e342d7718c252ff8","vector_w400_p0p010","be1392fd4b9fbfe747ea90c89a17413f72459d8ff708d6d80d1bf086973eb51e","2026-06-10","2026-11-12T19:44:59Z","elo_diff","xgf_ewma_diffmissing_or_zero_variance|xga_ewma_diffmissing_or_zero_variance|xgd_ewma_diffmissing_or_zero_variance|form_index_diff","a62501261431cc5b040ec1d4df57da3fdf46a8d5a5b57a8b86c31a7985c537e9"
"uefa_nations_league_2026_27","uefa_nations_league_2026_27-2047874","uefa_nations_league_2026_27-2047874","uefa_nations_league_2026_27-2047874__score",9,3,0,0.0416186586039782,0.784504995987548,0.215495004012452,"phase14-open-nb-incumbent-calibrated-v1","0e89c2948c77b348c5b6d3832cf6d4e7721ca7794f8f68f857d6ae82b9fe7d50","fc9a617e48969b5d524f9994bccb31de0cb028829b4c58a1999b77cf12c5a990","open_nb_incumbent","c65a4f90477e5b799e234d1a313ff333f6cce12cfc08de93e342d7718c252ff8","vector_w400_p0p010","be1392fd4b9fbfe747ea90c89a17413f72459d8ff708d6d80d1bf086973eb51e","2026-06-10","2026-11-12T19:44:59Z","elo_diff","xgf_ewma_diffmissing_or_zero_variance|xga_ewma_diffmissing_or_zero_variance|xgd_ewma_diffmissing_or_zero_variance|form_index_diff","338f1cd0aa26fb142d99312e602f419831a5d167647ac126a53ee04b355dbd4c"
"uefa_nations_league_2026_27","uefa_nations_league_2026_27-2047874","uefa_nations_league_2026_27-2047874","uefa_nations_league_2026_27-2047874__score",10,2,2,0.0401244643497778,0.784504995987548,0.215495004012452,"phase14-open-nb-incumbent-calibrated-v1","0e89c2948c77b348c5b6d3832cf6d4e7721ca7794f8f68f857d6ae82b9fe7d50","fc9a617e48969b5d524f9994bccb31de0cb028829b4c58a1999b77cf12c5a990","open_nb_incumbent","c65a4f90477e5b799e234d1a313ff333f6cce12cfc08de93e342d7718c252ff8","vector_w400_p0p010","be1392fd4b9fbfe747ea90c89a17413f72459d8ff708d6d80d1bf086973eb51e","2026-06-10","2026-11-12T19:44:59Z","elo_diff","xgf_ewma_diffmissing_or_zero_variance|xga_ewma_diffmissing_or_zero_variance|xgd_ewma_diffmissing_or_zero_variance|form_index_diff","ee135657b4444510d40467ea3af972549a7d2eca152de47a4404ee6a7919afd0"
"uefa_nations_league_2026_27","uefa_nations_league_2026_27-2047875","uefa_nations_league_2026_27-2047875","uefa_nations_league_2026_27-2047875__score",1,1,0,0.134501351709264,0.781736879556318,0.218263120443682,"phase14-open-nb-incumbent-calibrated-v1","0e89c2948c77b348c5b6d3832cf6d4e7721ca7794f8f68f857d6ae82b9fe7d50","fc9a617e48969b5d524f9994bccb31de0cb028829b4c58a1999b77cf12c5a990","open_nb_incumbent","c65a4f90477e5b799e234d1a313ff333f6cce12cfc08de93e342d7718c252ff8","vector_w400_p0p010","be1392fd4b9fbfe747ea90c89a17413f72459d8ff708d6d80d1bf086973eb51e","2026-06-10","2026-11-12T19:44:59Z","elo_diff","xgf_ewma_diffmissing_or_zero_variance|xga_ewma_diffmissing_or_zero_variance|xgd_ewma_diffmissing_or_zero_variance|form_index_diff","70a59795b3e43ddea5ed2430a2197a4902a425ec99ab416abe49054d5aeac642"
"uefa_nations_league_2026_27","uefa_nations_league_2026_27-2047875","uefa_nations_league_2026_27-2047875","uefa_nations_league_2026_27-2047875__score",2,2,0,0.130668449441254,0.781736879556318,0.218263120443682,"phase14-open-nb-incumbent-calibrated-v1","0e89c2948c77b348c5b6d3832cf6d4e7721ca7794f8f68f857d6ae82b9fe7d50","fc9a617e48969b5d524f9994bccb31de0cb028829b4c58a1999b77cf12c5a990","open_nb_incumbent","c65a4f90477e5b799e234d1a313ff333f6cce12cfc08de93e342d7718c252ff8","vector_w400_p0p010","be1392fd4b9fbfe747ea90c89a17413f72459d8ff708d6d80d1bf086973eb51e","2026-06-10","2026-11-12T19:44:59Z","elo_diff","xgf_ewma_diffmissing_or_zero_variance|xga_ewma_diffmissing_or_zero_variance|xgd_ewma_diffmissing_or_zero_variance|form_index_diff","afb85104a0078410dd43365329663cb7ac8fd2ebe10042e95651e7e25a697bae"
"uefa_nations_league_2026_27","uefa_nations_league_2026_27-2047875","uefa_nations_league_2026_27-2047875","uefa_nations_league_2026_27-2047875__score",3,3,0,0.0920964939426317,0.781736879556318,0.218263120443682,"phase14-open-nb-incumbent-calibrated-v1","0e89c2948c77b348c5b6d3832cf6d4e7721ca7794f8f68f857d6ae82b9fe7d50","fc9a617e48969b5d524f9994bccb31de0cb028829b4c58a1999b77cf12c5a990","open_nb_incumbent","c65a4f90477e5b799e234d1a313ff333f6cce12cfc08de93e342d7718c252ff8","vector_w400_p0p010","be1392fd4b9fbfe747ea90c89a17413f72459d8ff708d6d80d1bf086973eb51e","2026-06-10","2026-11-12T19:44:59Z","elo_diff","xgf_ewma_diffmissing_or_zero_variance|xga_ewma_diffmissing_or_zero_variance|xgd_ewma_diffmissing_or_zero_variance|form_index_diff","4f3edb737637fc50fe72d55238b71a55e58a0c663096d1bf93a0055eb96df205"
"uefa_nations_league_2026_27","uefa_nations_league_2026_27-2047875","uefa_nations_league_2026_27-2047875","uefa_nations_league_2026_27-2047875__score",4,1,1,0.0819268178643776,0.781736879556318,0.218263120443682,"phase14-open-nb-incumbent-calibrated-v1","0e89c2948c77b348c5b6d3832cf6d4e7721ca7794f8f68f857d6ae82b9fe7d50","fc9a617e48969b5d524f9994bccb31de0cb028829b4c58a1999b77cf12c5a990","open_nb_incumbent","c65a4f90477e5b799e234d1a313ff333f6cce12cfc08de93e342d7718c252ff8","vector_w400_p0p010","be1392fd4b9fbfe747ea90c89a17413f72459d8ff708d6d80d1bf086973eb51e","2026-06-10","2026-11-12T19:44:59Z","elo_diff","xgf_ewma_diffmissing_or_zero_variance|xga_ewma_diffmissing_or_zero_variance|xgd_ewma_diffmissing_or_zero_variance|form_index_diff","77bf4e9f859431110cd9e6292ffee2ca06d639042675483f226417ace4e66550"
"uefa_nations_league_2026_27","uefa_nations_league_2026_27-2047875","uefa_nations_league_2026_27-2047875","uefa_nations_league_2026_27-2047875__score",5,2,1,0.0795921388294633,0.781736879556318,0.218263120443682,"phase14-open-nb-incumbent-calibrated-v1","0e89c2948c77b348c5b6d3832cf6d4e7721ca7794f8f68f857d6ae82b9fe7d50","fc9a617e48969b5d524f9994bccb31de0cb028829b4c58a1999b77cf12c5a990","open_nb_incumbent","c65a4f90477e5b799e234d1a313ff333f6cce12cfc08de93e342d7718c252ff8","vector_w400_p0p010","be1392fd4b9fbfe747ea90c89a17413f72459d8ff708d6d80d1bf086973eb51e","2026-06-10","2026-11-12T19:44:59Z","elo_diff","xgf_ewma_diffmissing_or_zero_variance|xga_ewma_diffmissing_or_zero_variance|xgd_ewma_diffmissing_or_zero_variance|form_index_diff","5b32926505ce7d5bd139d2cfe2a64ea74019410c2ac6a88b213189488871f141"
"uefa_nations_league_2026_27","uefa_nations_league_2026_27-2047875","uefa_nations_league_2026_27-2047875","uefa_nations_league_2026_27-2047875__score",6,0,0,0.0759216916693489,0.781736879556318,0.218263120443682,"phase14-open-nb-incumbent-calibrated-v1","0e89c2948c77b348c5b6d3832cf6d4e7721ca7794f8f68f857d6ae82b9fe7d50","fc9a617e48969b5d524f9994bccb31de0cb028829b4c58a1999b77cf12c5a990","open_nb_incumbent","c65a4f90477e5b799e234d1a313ff333f6cce12cfc08de93e342d7718c252ff8","vector_w400_p0p010","be1392fd4b9fbfe747ea90c89a17413f72459d8ff708d6d80d1bf086973eb51e","2026-06-10","2026-11-12T19:44:59Z","elo_diff","xgf_ewma_diffmissing_or_zero_variance|xga_ewma_diffmissing_or_zero_variance|xgd_ewma_diffmissing_or_zero_variance|form_index_diff","07516a80a9a033d3112f5bded505e245db92ef50273b2a41d04466f9b2b43ede"
"uefa_nations_league_2026_27","uefa_nations_league_2026_27-2047875","uefa_nations_league_2026_27-2047875","uefa_nations_league_2026_27-2047875__score",7,3,1,0.05609737440777,0.781736879556318,0.218263120443682,"phase14-open-nb-incumbent-calibrated-v1","0e89c2948c77b348c5b6d3832cf6d4e7721ca7794f8f68f857d6ae82b9fe7d50","fc9a617e48969b5d524f9994bccb31de0cb028829b4c58a1999b77cf12c5a990","open_nb_incumbent","c65a4f90477e5b799e234d1a313ff333f6cce12cfc08de93e342d7718c252ff8","vector_w400_p0p010","be1392fd4b9fbfe747ea90c89a17413f72459d8ff708d6d80d1bf086973eb51e","2026-06-10","2026-11-12T19:44:59Z","elo_diff","xgf_ewma_diffmissing_or_zero_variance|xga_ewma_diffmissing_or_zero_variance|xgd_ewma_diffmissing_or_zero_variance|form_index_diff","59373e6d850f1a51ae48c97015e4b75f5f97b86e21c253fd800dd5da03438ae8"
"uefa_nations_league_2026_27","uefa_nations_league_2026_27-2047875","uefa_nations_league_2026_27-2047875","uefa_nations_league_2026_27-2047875__score",8,4,0,0.0526298584303867,0.781736879556318,0.218263120443682,"phase14-open-nb-incumbent-calibrated-v1","0e89c2948c77b348c5b6d3832cf6d4e7721ca7794f8f68f857d6ae82b9fe7d50","fc9a617e48969b5d524f9994bccb31de0cb028829b4c58a1999b77cf12c5a990","open_nb_incumbent","c65a4f90477e5b799e234d1a313ff333f6cce12cfc08de93e342d7718c252ff8","vector_w400_p0p010","be1392fd4b9fbfe747ea90c89a17413f72459d8ff708d6d80d1bf086973eb51e","2026-06-10","2026-11-12T19:44:59Z","elo_diff","xgf_ewma_diffmissing_or_zero_variance|xga_ewma_diffmissing_or_zero_variance|xgd_ewma_diffmissing_or_zero_variance|form_index_diff","c67d8d61c3deefe63559c5fd1ec1647d2ff41d68dd92a1f670997a82adfc1859"
"uefa_nations_league_2026_27","uefa_nations_league_2026_27-2047875","uefa_nations_league_2026_27-2047875","uefa_nations_league_2026_27-2047875__score",9,0,1,0.0462450564719623,0.781736879556318,0.218263120443682,"phase14-open-nb-incumbent-calibrated-v1","0e89c2948c77b348c5b6d3832cf6d4e7721ca7794f8f68f857d6ae82b9fe7d50","fc9a617e48969b5d524f9994bccb31de0cb028829b4c58a1999b77cf12c5a990","open_nb_incumbent","c65a4f90477e5b799e234d1a313ff333f6cce12cfc08de93e342d7718c252ff8","vector_w400_p0p010","be1392fd4b9fbfe747ea90c89a17413f72459d8ff708d6d80d1bf086973eb51e","2026-06-10","2026-11-12T19:44:59Z","elo_diff","xgf_ewma_diffmissing_or_zero_variance|xga_ewma_diffmissing_or_zero_variance|xgd_ewma_diffmissing_or_zero_variance|form_index_diff","da453e59f8bd0b816700a4c42ad39d795900aaa87b54fbbe9737e66fa9df38ac"
"uefa_nations_league_2026_27","uefa_nations_league_2026_27-2047875","uefa_nations_league_2026_27-2047875","uefa_nations_league_2026_27-2047875__score",10,4,1,0.0320576467898596,0.781736879556318,0.218263120443682,"phase14-open-nb-incumbent-calibrated-v1","0e89c2948c77b348c5b6d3832cf6d4e7721ca7794f8f68f857d6ae82b9fe7d50","fc9a617e48969b5d524f9994bccb31de0cb028829b4c58a1999b77cf12c5a990","open_nb_incumbent","c65a4f90477e5b799e234d1a313ff333f6cce12cfc08de93e342d7718c252ff8","vector_w400_p0p010","be1392fd4b9fbfe747ea90c89a17413f72459d8ff708d6d80d1bf086973eb51e","2026-06-10","2026-11-12T19:44:59Z","elo_diff","xgf_ewma_diffmissing_or_zero_variance|xga_ewma_diffmissing_or_zero_variance|xgd_ewma_diffmissing_or_zero_variance|form_index_diff","9d391c49407befc6ae6d288eb36537b6bd84de3e98c26b79531879a89d133c7b"
"uefa_nations_league_2026_27","uefa_nations_league_2026_27-2047876","uefa_nations_league_2026_27-2047876","uefa_nations_league_2026_27-2047876__score",1,1,0,0.133944371857759,0.785640574065687,0.214359425934313,"phase14-open-nb-incumbent-calibrated-v1","0e89c2948c77b348c5b6d3832cf6d4e7721ca7794f8f68f857d6ae82b9fe7d50","fc9a617e48969b5d524f9994bccb31de0cb028829b4c58a1999b77cf12c5a990","open_nb_incumbent","c65a4f90477e5b799e234d1a313ff333f6cce12cfc08de93e342d7718c252ff8","vector_w400_p0p010","be1392fd4b9fbfe747ea90c89a17413f72459d8ff708d6d80d1bf086973eb51e","2026-06-10","2026-11-12T16:59:59Z","elo_diff","xgf_ewma_diffmissing_or_zero_variance|xga_ewma_diffmissing_or_zero_variance|xgd_ewma_diffmissing_or_zero_variance|form_index_diff","0a857a2317e17427f72e5fb97d8521a898423dfd0e3cdde3bc431bb3e84af2fc"
"uefa_nations_league_2026_27","uefa_nations_league_2026_27-2047876","uefa_nations_league_2026_27-2047876","uefa_nations_league_2026_27-2047876__score",2,1,1,0.106680357641416,0.785640574065687,0.214359425934313,"phase14-open-nb-incumbent-calibrated-v1","0e89c2948c77b348c5b6d3832cf6d4e7721ca7794f8f68f857d6ae82b9fe7d50","fc9a617e48969b5d524f9994bccb31de0cb028829b4c58a1999b77cf12c5a990","open_nb_incumbent","c65a4f90477e5b799e234d1a313ff333f6cce12cfc08de93e342d7718c252ff8","vector_w400_p0p010","be1392fd4b9fbfe747ea90c89a17413f72459d8ff708d6d80d1bf086973eb51e","2026-06-10","2026-11-12T16:59:59Z","elo_diff","xgf_ewma_diffmissing_or_zero_variance|xga_ewma_diffmissing_or_zero_variance|xgd_ewma_diffmissing_or_zero_variance|form_index_diff","8186516a1fec4b569aa42ca76e7dbf59b3b93a8902badee1efb76467d04b4b26"
"uefa_nations_league_2026_27","uefa_nations_league_2026_27-2047876","uefa_nations_league_2026_27-2047876","uefa_nations_league_2026_27-2047876__score",3,2,0,0.103080157222002,0.785640574065687,0.214359425934313,"phase14-open-nb-incumbent-calibrated-v1","0e89c2948c77b348c5b6d3832cf6d4e7721ca7794f8f68f857d6ae82b9fe7d50","fc9a617e48969b5d524f9994bccb31de0cb028829b4c58a1999b77cf12c5a990","open_nb_incumbent","c65a4f90477e5b799e234d1a313ff333f6cce12cfc08de93e342d7718c252ff8","vector_w400_p0p010","be1392fd4b9fbfe747ea90c89a17413f72459d8ff708d6d80d1bf086973eb51e","2026-06-10","2026-11-12T16:59:59Z","elo_diff","xgf_ewma_diffmissing_or_zero_variance|xga_ewma_diffmissing_or_zero_variance|xgd_ewma_diffmissing_or_zero_variance|form_index_diff","1821af6b797568686738ce824de38f939cfefbd8dd0a90d809f25a49178eb0cf"
"uefa_nations_league_2026_27","uefa_nations_league_2026_27-2047876","uefa_nations_league_2026_27-2047876","uefa_nations_league_2026_27-2047876__score",4,0,0,0.0954458793997107,0.785640574065687,0.214359425934313,"phase14-open-nb-incumbent-calibrated-v1","0e89c2948c77b348c5b6d3832cf6d4e7721ca7794f8f68f857d6ae82b9fe7d50","fc9a617e48969b5d524f9994bccb31de0cb028829b4c58a1999b77cf12c5a990","open_nb_incumbent","c65a4f90477e5b799e234d1a313ff333f6cce12cfc08de93e342d7718c252ff8","vector_w400_p0p010","be1392fd4b9fbfe747ea90c89a17413f72459d8ff708d6d80d1bf086973eb51e","2026-06-10","2026-11-12T16:59:59Z","elo_diff","xgf_ewma_diffmissing_or_zero_variance|xga_ewma_diffmissing_or_zero_variance|xgd_ewma_diffmissing_or_zero_variance|form_index_diff","7f5248f8a429f4e76f263fc83c29f354bbbec22886ef83a921db01b14586b055"
"uefa_nations_league_2026_27","uefa_nations_league_2026_27-2047876","uefa_nations_league_2026_27-2047876","uefa_nations_league_2026_27-2047876__score",5,2,1,0.0820984703250863,0.785640574065687,0.214359425934313,"phase14-open-nb-incumbent-calibrated-v1","0e89c2948c77b348c5b6d3832cf6d4e7721ca7794f8f68f857d6ae82b9fe7d50","fc9a617e48969b5d524f9994bccb31de0cb028829b4c58a1999b77cf12c5a990","open_nb_incumbent","c65a4f90477e5b799e234d1a313ff333f6cce12cfc08de93e342d7718c252ff8","vector_w400_p0p010","be1392fd4b9fbfe747ea90c89a17413f72459d8ff708d6d80d1bf086973eb51e","2026-06-10","2026-11-12T16:59:59Z","elo_diff","xgf_ewma_diffmissing_or_zero_variance|xga_ewma_diffmissing_or_zero_variance|xgd_ewma_diffmissing_or_zero_variance|form_index_diff","eee0d39cec1f670d19e26ecab5e384a5e3ba8f2a5854f38bf4e2353492e35e19"
"uefa_nations_league_2026_27","uefa_nations_league_2026_27-2047876","uefa_nations_league_2026_27-2047876","uefa_nations_league_2026_27-2047876__score",6,0,1,0.0760181290825229,0.785640574065687,0.214359425934313,"phase14-open-nb-incumbent-calibrated-v1","0e89c2948c77b348c5b6d3832cf6d4e7721ca7794f8f68f857d6ae82b9fe7d50","fc9a617e48969b5d524f9994bccb31de0cb028829b4c58a1999b77cf12c5a990","open_nb_incumbent","c65a4f90477e5b799e234d1a313ff333f6cce12cfc08de93e342d7718c252ff8","vector_w400_p0p010","be1392fd4b9fbfe747ea90c89a17413f72459d8ff708d6d80d1bf086973eb51e","2026-06-10","2026-11-12T16:59:59Z","elo_diff","xgf_ewma_diffmissing_or_zero_variance|xga_ewma_diffmissing_or_zero_variance|xgd_ewma_diffmissing_or_zero_variance|form_index_diff","152eb1241c7998edbe085935f6c3dc5790e9bf949b2f278114b8576d75d3dd0e"
"uefa_nations_league_2026_27","uefa_nations_league_2026_27-2047876","uefa_nations_league_2026_27-2047876","uefa_nations_league_2026_27-2047876__score",7,3,0,0.0575511419506609,0.785640574065687,0.214359425934313,"phase14-open-nb-incumbent-calibrated-v1","0e89c2948c77b348c5b6d3832cf6d4e7721ca7794f8f68f857d6ae82b9fe7d50","fc9a617e48969b5d524f9994bccb31de0cb028829b4c58a1999b77cf12c5a990","open_nb_incumbent","c65a4f90477e5b799e234d1a313ff333f6cce12cfc08de93e342d7718c252ff8","vector_w400_p0p010","be1392fd4b9fbfe747ea90c89a17413f72459d8ff708d6d80d1bf086973eb51e","2026-06-10","2026-11-12T16:59:59Z","elo_diff","xgf_ewma_diffmissing_or_zero_variance|xga_ewma_diffmissing_or_zero_variance|xgd_ewma_diffmissing_or_zero_variance|form_index_diff","d5710b684be90cf10d3b0894104e6939a5486742dce83eb37d52e1fec4548f27"
"uefa_nations_league_2026_27","uefa_nations_league_2026_27-2047876","uefa_nations_league_2026_27-2047876","uefa_nations_league_2026_27-2047876__score",8,1,2,0.0480258442967632,0.785640574065687,0.214359425934313,"phase14-open-nb-incumbent-calibrated-v1","0e89c2948c77b348c5b6d3832cf6d4e7721ca7794f8f68f857d6ae82b9fe7d50","fc9a617e48969b5d524f9994bccb31de0cb028829b4c58a1999b77cf12c5a990","open_nb_incumbent","c65a4f90477e5b799e234d1a313ff333f6cce12cfc08de93e342d7718c252ff8","vector_w400_p0p010","be1392fd4b9fbfe747ea90c89a17413f72459d8ff708d6d80d1bf086973eb51e","2026-06-10","2026-11-12T16:59:59Z","elo_diff","xgf_ewma_diffmissing_or_zero_variance|xga_ewma_diffmissing_or_zero_variance|xgd_ewma_diffmissing_or_zero_variance|form_index_diff","1572508bf8d769bbbea1d6980b1a5c4b8fca024c37bf4ec36d576f0280259800"
"uefa_nations_league_2026_27","uefa_nations_league_2026_27-2047876","uefa_nations_league_2026_27-2047876","uefa_nations_league_2026_27-2047876__score",9,3,1,0.0458367628353079,0.785640574065687,0.214359425934313,"phase14-open-nb-incumbent-calibrated-v1","0e89c2948c77b348c5b6d3832cf6d4e7721ca7794f8f68f857d6ae82b9fe7d50","fc9a617e48969b5d524f9994bccb31de0cb028829b4c58a1999b77cf12c5a990","open_nb_incumbent","c65a4f90477e5b799e234d1a313ff333f6cce12cfc08de93e342d7718c252ff8","vector_w400_p0p010","be1392fd4b9fbfe747ea90c89a17413f72459d8ff708d6d80d1bf086973eb51e","2026-06-10","2026-11-12T16:59:59Z","elo_diff","xgf_ewma_diffmissing_or_zero_variance|xga_ewma_diffmissing_or_zero_variance|xgd_ewma_diffmissing_or_zero_variance|form_index_diff","a7de57b06bb325faf9d7fc073c7b57a20af7b358b028ce5e06966989ecc22ba7"
"uefa_nations_league_2026_27","uefa_nations_league_2026_27-2047876","uefa_nations_league_2026_27-2047876","uefa_nations_league_2026_27-2047876__score",10,2,2,0.0369594594544585,0.785640574065687,0.214359425934313,"phase14-open-nb-incumbent-calibrated-v1","0e89c2948c77b348c5b6d3832cf6d4e7721ca7794f8f68f857d6ae82b9fe7d50","fc9a617e48969b5d524f9994bccb31de0cb028829b4c58a1999b77cf12c5a990","open_nb_incumbent","c65a4f90477e5b799e234d1a313ff333f6cce12cfc08de93e342d7718c252ff8","vector_w400_p0p010","be1392fd4b9fbfe747ea90c89a17413f72459d8ff708d6d80d1bf086973eb51e","2026-06-10","2026-11-12T16:59:59Z","elo_diff","xgf_ewma_diffmissing_or_zero_variance|xga_ewma_diffmissing_or_zero_variance|xgd_ewma_diffmissing_or_zero_variance|form_index_diff","23d3542de5981af7bd3038b48d22ee1bbac5b0af6da98d71b584d5fa89841ce7"
"uefa_nations_league_2026_27","uefa_nations_league_2026_27-2047877","uefa_nations_league_2026_27-2047877","uefa_nations_league_2026_27-2047877__score",1,0,3,0.116868839669278,0.715205827069714,0.284794172930286,"phase14-open-nb-incumbent-calibrated-v1","0e89c2948c77b348c5b6d3832cf6d4e7721ca7794f8f68f857d6ae82b9fe7d50","fc9a617e48969b5d524f9994bccb31de0cb028829b4c58a1999b77cf12c5a990","open_nb_incumbent","c65a4f90477e5b799e234d1a313ff333f6cce12cfc08de93e342d7718c252ff8","vector_w400_p0p010","be1392fd4b9fbfe747ea90c89a17413f72459d8ff708d6d80d1bf086973eb51e","2026-06-10","2026-11-12T19:44:59Z","elo_diff","xgf_ewma_diffmissing_or_zero_variance|xga_ewma_diffmissing_or_zero_variance|xgd_ewma_diffmissing_or_zero_variance|form_index_diff","a6e0c58cc39e299e808ffc76dad664711c6c54c64123791cc753e7ec3aeb6533"
"uefa_nations_league_2026_27","uefa_nations_league_2026_27-2047877","uefa_nations_league_2026_27-2047877","uefa_nations_league_2026_27-2047877__score",2,0,2,0.106322770796697,0.715205827069714,0.284794172930286,"phase14-open-nb-incumbent-calibrated-v1","0e89c2948c77b348c5b6d3832cf6d4e7721ca7794f8f68f857d6ae82b9fe7d50","fc9a617e48969b5d524f9994bccb31de0cb028829b4c58a1999b77cf12c5a990","open_nb_incumbent","c65a4f90477e5b799e234d1a313ff333f6cce12cfc08de93e342d7718c252ff8","vector_w400_p0p010","be1392fd4b9fbfe747ea90c89a17413f72459d8ff708d6d80d1bf086973eb51e","2026-06-10","2026-11-12T19:44:59Z","elo_diff","xgf_ewma_diffmissing_or_zero_variance|xga_ewma_diffmissing_or_zero_variance|xgd_ewma_diffmissing_or_zero_variance|form_index_diff","d5e4d7b4539bb746bc34727146a8c204fbcf387f227e801dfb7c65372a406c8b"
"uefa_nations_league_2026_27","uefa_nations_league_2026_27-2047877","uefa_nations_league_2026_27-2047877","uefa_nations_league_2026_27-2047877__score",3,0,4,0.106314894118413,0.715205827069714,0.284794172930286,"phase14-open-nb-incumbent-calibrated-v1","0e89c2948c77b348c5b6d3832cf6d4e7721ca7794f8f68f857d6ae82b9fe7d50","fc9a617e48969b5d524f9994bccb31de0cb028829b4c58a1999b77cf12c5a990","open_nb_incumbent","c65a4f90477e5b799e234d1a313ff333f6cce12cfc08de93e342d7718c252ff8","vector_w400_p0p010","be1392fd4b9fbfe747ea90c89a17413f72459d8ff708d6d80d1bf086973eb51e","2026-06-10","2026-11-12T19:44:59Z","elo_diff","xgf_ewma_diffmissing_or_zero_variance|xga_ewma_diffmissing_or_zero_variance|xgd_ewma_diffmissing_or_zero_variance|form_index_diff","7bc76d8731046fbf48d99e37c791e1178370db1e8781a3da31dc3a87fb0027b3"
"uefa_nations_league_2026_27","uefa_nations_league_2026_27-2047877","uefa_nations_league_2026_27-2047877","uefa_nations_league_2026_27-2047877__score",4,0,5,0.0846263423361643,0.715205827069714,0.284794172930286,"phase14-open-nb-incumbent-calibrated-v1","0e89c2948c77b348c5b6d3832cf6d4e7721ca7794f8f68f857d6ae82b9fe7d50","fc9a617e48969b5d524f9994bccb31de0cb028829b4c58a1999b77cf12c5a990","open_nb_incumbent","c65a4f90477e5b799e234d1a313ff333f6cce12cfc08de93e342d7718c252ff8","vector_w400_p0p010","be1392fd4b9fbfe747ea90c89a17413f72459d8ff708d6d80d1bf086973eb51e","2026-06-10","2026-11-12T19:44:59Z","elo_diff","xgf_ewma_diffmissing_or_zero_variance|xga_ewma_diffmissing_or_zero_variance|xgd_ewma_diffmissing_or_zero_variance|form_index_diff","87fa9f2980d251546aec709343437c1e1031a0acf1988ad72f8e197b09d3fe38"
"uefa_nations_league_2026_27","uefa_nations_league_2026_27-2047877","uefa_nations_league_2026_27-2047877","uefa_nations_league_2026_27-2047877__score",5,0,1,0.0719281938979048,0.715205827069714,0.284794172930286,"phase14-open-nb-incumbent-calibrated-v1","0e89c2948c77b348c5b6d3832cf6d4e7721ca7794f8f68f857d6ae82b9fe7d50","fc9a617e48969b5d524f9994bccb31de0cb028829b4c58a1999b77cf12c5a990","open_nb_incumbent","c65a4f90477e5b799e234d1a313ff333f6cce12cfc08de93e342d7718c252ff8","vector_w400_p0p010","be1392fd4b9fbfe747ea90c89a17413f72459d8ff708d6d80d1bf086973eb51e","2026-06-10","2026-11-12T19:44:59Z","elo_diff","xgf_ewma_diffmissing_or_zero_variance|xga_ewma_diffmissing_or_zero_variance|xgd_ewma_diffmissing_or_zero_variance|form_index_diff","04e6dd90b51ccc03ca348f21c45a2117e61d8966032213b92fc2d778e36ccd63"
"uefa_nations_league_2026_27","uefa_nations_league_2026_27-2047877","uefa_nations_league_2026_27-2047877","uefa_nations_league_2026_27-2047877__score",6,0,6,0.0609478087667771,0.715205827069714,0.284794172930286,"phase14-open-nb-incumbent-calibrated-v1","0e89c2948c77b348c5b6d3832cf6d4e7721ca7794f8f68f857d6ae82b9fe7d50","fc9a617e48969b5d524f9994bccb31de0cb028829b4c58a1999b77cf12c5a990","open_nb_incumbent","c65a4f90477e5b799e234d1a313ff333f6cce12cfc08de93e342d7718c252ff8","vector_w400_p0p010","be1392fd4b9fbfe747ea90c89a17413f72459d8ff708d6d80d1bf086973eb51e","2026-06-10","2026-11-12T19:44:59Z","elo_diff","xgf_ewma_diffmissing_or_zero_variance|xga_ewma_diffmissing_or_zero_variance|xgd_ewma_diffmissing_or_zero_variance|form_index_diff","04930d30a91a7d4f9f012ee9749e3eac9ff49056ab03fa24a7a7b2452abe4ca5"
"uefa_nations_league_2026_27","uefa_nations_league_2026_27-2047877","uefa_nations_league_2026_27-2047877","uefa_nations_league_2026_27-2047877__score",7,1,3,0.0452577540853161,0.715205827069714,0.284794172930286,"phase14-open-nb-incumbent-calibrated-v1","0e89c2948c77b348c5b6d3832cf6d4e7721ca7794f8f68f857d6ae82b9fe7d50","fc9a617e48969b5d524f9994bccb31de0cb028829b4c58a1999b77cf12c5a990","open_nb_incumbent","c65a4f90477e5b799e234d1a313ff333f6cce12cfc08de93e342d7718c252ff8","vector_w400_p0p010","be1392fd4b9fbfe747ea90c89a17413f72459d8ff708d6d80d1bf086973eb51e","2026-06-10","2026-11-12T19:44:59Z","elo_diff","xgf_ewma_diffmissing_or_zero_variance|xga_ewma_diffmissing_or_zero_variance|xgd_ewma_diffmissing_or_zero_variance|form_index_diff","3e40856b7a584de7fbca8318ed7eaf714203100e2a55fb759eba34a157596901"
"uefa_nations_league_2026_27","uefa_nations_league_2026_27-2047877","uefa_nations_league_2026_27-2047877","uefa_nations_league_2026_27-2047877__score",8,1,2,0.0411737622107263,0.715205827069714,0.284794172930286,"phase14-open-nb-incumbent-calibrated-v1","0e89c2948c77b348c5b6d3832cf6d4e7721ca7794f8f68f857d6ae82b9fe7d50","fc9a617e48969b5d524f9994bccb31de0cb028829b4c58a1999b77cf12c5a990","open_nb_incumbent","c65a4f90477e5b799e234d1a313ff333f6cce12cfc08de93e342d7718c252ff8","vector_w400_p0p010","be1392fd4b9fbfe747ea90c89a17413f72459d8ff708d6d80d1bf086973eb51e","2026-06-10","2026-11-12T19:44:59Z","elo_diff","xgf_ewma_diffmissing_or_zero_variance|xga_ewma_diffmissing_or_zero_variance|xgd_ewma_diffmissing_or_zero_variance|form_index_diff","f0b328d8a93ce2b34a5c8fc9a7abd3b3a32227662f9dfb259edd83ac47467d6c"
"uefa_nations_league_2026_27","uefa_nations_league_2026_27-2047877","uefa_nations_league_2026_27-2047877","uefa_nations_league_2026_27-2047877__score",9,1,4,0.0411707119471163,0.715205827069714,0.284794172930286,"phase14-open-nb-incumbent-calibrated-v1","0e89c2948c77b348c5b6d3832cf6d4e7721ca7794f8f68f857d6ae82b9fe7d50","fc9a617e48969b5d524f9994bccb31de0cb028829b4c58a1999b77cf12c5a990","open_nb_incumbent","c65a4f90477e5b799e234d1a313ff333f6cce12cfc08de93e342d7718c252ff8","vector_w400_p0p010","be1392fd4b9fbfe747ea90c89a17413f72459d8ff708d6d80d1bf086973eb51e","2026-06-10","2026-11-12T19:44:59Z","elo_diff","xgf_ewma_diffmissing_or_zero_variance|xga_ewma_diffmissing_or_zero_variance|xgd_ewma_diffmissing_or_zero_variance|form_index_diff","a96961cce7f1881f9ff91071226062a1a35543b48fd50d77dc42e0339b3c847c"
"uefa_nations_league_2026_27","uefa_nations_league_2026_27-2047877","uefa_nations_league_2026_27-2047877","uefa_nations_league_2026_27-2047877__score",10,0,7,0.0405947492413214,0.715205827069714,0.284794172930286,"phase14-open-nb-incumbent-calibrated-v1","0e89c2948c77b348c5b6d3832cf6d4e7721ca7794f8f68f857d6ae82b9fe7d50","fc9a617e48969b5d524f9994bccb31de0cb028829b4c58a1999b77cf12c5a990","open_nb_incumbent","c65a4f90477e5b799e234d1a313ff333f6cce12cfc08de93e342d7718c252ff8","vector_w400_p0p010","be1392fd4b9fbfe747ea90c89a17413f72459d8ff708d6d80d1bf086973eb51e","2026-06-10","2026-11-12T19:44:59Z","elo_diff","xgf_ewma_diffmissing_or_zero_variance|xga_ewma_diffmissing_or_zero_variance|xgd_ewma_diffmissing_or_zero_variance|form_index_diff","b38befd26275795341e583ddfb8038bd4e653280d64139245206484ee9196c9e"
"uefa_nations_league_2026_27","uefa_nations_league_2026_27-2047878","uefa_nations_league_2026_27-2047878","uefa_nations_league_2026_27-2047878__score",1,1,1,0.116659844249202,0.781445248325291,0.218554751674709,"phase14-open-nb-incumbent-calibrated-v1","0e89c2948c77b348c5b6d3832cf6d4e7721ca7794f8f68f857d6ae82b9fe7d50","fc9a617e48969b5d524f9994bccb31de0cb028829b4c58a1999b77cf12c5a990","open_nb_incumbent","c65a4f90477e5b799e234d1a313ff333f6cce12cfc08de93e342d7718c252ff8","vector_w400_p0p010","be1392fd4b9fbfe747ea90c89a17413f72459d8ff708d6d80d1bf086973eb51e","2026-06-10","2026-11-12T19:44:59Z","elo_diff","xgf_ewma_diffmissing_or_zero_variance|xga_ewma_diffmissing_or_zero_variance|xgd_ewma_diffmissing_or_zero_variance|form_index_diff","f5e65356c35a2953a0a60f95475b2fa708ceaeb7eb6c0926734d7f43abecc323"
"uefa_nations_league_2026_27","uefa_nations_league_2026_27-2047878","uefa_nations_league_2026_27-2047878","uefa_nations_league_2026_27-2047878__score",2,0,1,0.112541469167606,0.781445248325291,0.218554751674709,"phase14-open-nb-incumbent-calibrated-v1","0e89c2948c77b348c5b6d3832cf6d4e7721ca7794f8f68f857d6ae82b9fe7d50","fc9a617e48969b5d524f9994bccb31de0cb028829b4c58a1999b77cf12c5a990","open_nb_incumbent","c65a4f90477e5b799e234d1a313ff333f6cce12cfc08de93e342d7718c252ff8","vector_w400_p0p010","be1392fd4b9fbfe747ea90c89a17413f72459d8ff708d6d80d1bf086973eb51e","2026-06-10","2026-11-12T19:44:59Z","elo_diff","xgf_ewma_diffmissing_or_zero_variance|xga_ewma_diffmissing_or_zero_variance|xgd_ewma_diffmissing_or_zero_variance|form_index_diff","462c7a42d80e82f2afc9fb7b503976adccac809cbac8b8aa4f13cb9cbc95f384"
"uefa_nations_league_2026_27","uefa_nations_league_2026_27-2047878","uefa_nations_league_2026_27-2047878","uefa_nations_league_2026_27-2047878__score",3,1,0,0.106057377727262,0.781445248325291,0.218554751674709,"phase14-open-nb-incumbent-calibrated-v1","0e89c2948c77b348c5b6d3832cf6d4e7721ca7794f8f68f857d6ae82b9fe7d50","fc9a617e48969b5d524f9994bccb31de0cb028829b4c58a1999b77cf12c5a990","open_nb_incumbent","c65a4f90477e5b799e234d1a313ff333f6cce12cfc08de93e342d7718c252ff8","vector_w400_p0p010","be1392fd4b9fbfe747ea90c89a17413f72459d8ff708d6d80d1bf086973eb51e","2026-06-10","2026-11-12T19:44:59Z","elo_diff","xgf_ewma_diffmissing_or_zero_variance|xga_ewma_diffmissing_or_zero_variance|xgd_ewma_diffmissing_or_zero_variance|form_index_diff","452faacb9fc7268504e456781649e2bbc9b3c4061c1a4e623bfcd9e1513cbc15"
"uefa_nations_league_2026_27","uefa_nations_league_2026_27-2047878","uefa_nations_league_2026_27-2047878","uefa_nations_league_2026_27-2047878__score",4,0,0,0.102313295395741,0.781445248325291,0.218554751674709,"phase14-open-nb-incumbent-calibrated-v1","0e89c2948c77b348c5b6d3832cf6d4e7721ca7794f8f68f857d6ae82b9fe7d50","fc9a617e48969b5d524f9994bccb31de0cb028829b4c58a1999b77cf12c5a990","open_nb_incumbent","c65a4f90477e5b799e234d1a313ff333f6cce12cfc08de93e342d7718c252ff8","vector_w400_p0p010","be1392fd4b9fbfe747ea90c89a17413f72459d8ff708d6d80d1bf086973eb51e","2026-06-10","2026-11-12T19:44:59Z","elo_diff","xgf_ewma_diffmissing_or_zero_variance|xga_ewma_diffmissing_or_zero_variance|xgd_ewma_diffmissing_or_zero_variance|form_index_diff","10cd88d67b94ad63eb5fda391f7cc7d75845cf1e39dce5fbb83e879fc82a6d99"
"uefa_nations_league_2026_27","uefa_nations_league_2026_27-2047878","uefa_nations_league_2026_27-2047878","uefa_nations_league_2026_27-2047878__score",5,1,2,0.0725324674984015,0.781445248325291,0.218554751674709,"phase14-open-nb-incumbent-calibrated-v1","0e89c2948c77b348c5b6d3832cf6d4e7721ca7794f8f68f857d6ae82b9fe7d50","fc9a617e48969b5d524f9994bccb31de0cb028829b4c58a1999b77cf12c5a990","open_nb_incumbent","c65a4f90477e5b799e234d1a313ff333f6cce12cfc08de93e342d7718c252ff8","vector_w400_p0p010","be1392fd4b9fbfe747ea90c89a17413f72459d8ff708d6d80d1bf086973eb51e","2026-06-10","2026-11-12T19:44:59Z","elo_diff","xgf_ewma_diffmissing_or_zero_variance|xga_ewma_diffmissing_or_zero_variance|xgd_ewma_diffmissing_or_zero_variance|form_index_diff","013dcbeaca3f1ae524b32c2bddd289a915d0bbae4fdb7bd1333275f237d09fcf"
"uefa_nations_league_2026_27","uefa_nations_league_2026_27-2047878","uefa_nations_league_2026_27-2047878","uefa_nations_league_2026_27-2047878__score",6,0,2,0.0699718957037573,0.781445248325291,0.218554751674709,"phase14-open-nb-incumbent-calibrated-v1","0e89c2948c77b348c5b6d3832cf6d4e7721ca7794f8f68f857d6ae82b9fe7d50","fc9a617e48969b5d524f9994bccb31de0cb028829b4c58a1999b77cf12c5a990","open_nb_incumbent","c65a4f90477e5b799e234d1a313ff333f6cce12cfc08de93e342d7718c252ff8","vector_w400_p0p010","be1392fd4b9fbfe747ea90c89a17413f72459d8ff708d6d80d1bf086973eb51e","2026-06-10","2026-11-12T19:44:59Z","elo_diff","xgf_ewma_diffmissing_or_zero_variance|xga_ewma_diffmissing_or_zero_variance|xgd_ewma_diffmissing_or_zero_variance|form_index_diff","c6eea161158b3d6102c7eeb4e4f735f10f160120044e340343d5b40c90b79366"
"uefa_nations_league_2026_27","uefa_nations_league_2026_27-2047878","uefa_nations_league_2026_27-2047878","uefa_nations_league_2026_27-2047878__score",7,2,1,0.0663152666710528,0.781445248325291,0.218554751674709,"phase14-open-nb-incumbent-calibrated-v1","0e89c2948c77b348c5b6d3832cf6d4e7721ca7794f8f68f857d6ae82b9fe7d50","fc9a617e48969b5d524f9994bccb31de0cb028829b4c58a1999b77cf12c5a990","open_nb_incumbent","c65a4f90477e5b799e234d1a313ff333f6cce12cfc08de93e342d7718c252ff8","vector_w400_p0p010","be1392fd4b9fbfe747ea90c89a17413f72459d8ff708d6d80d1bf086973eb51e","2026-06-10","2026-11-12T19:44:59Z","elo_diff","xgf_ewma_diffmissing_or_zero_variance|xga_ewma_diffmissing_or_zero_variance|xgd_ewma_diffmissing_or_zero_variance|form_index_diff","38331c2dfc6f8c31956f4aad2c9609395f2cb7a9c2724c83985fead9229fa006"
"uefa_nations_league_2026_27","uefa_nations_league_2026_27-2047878","uefa_nations_league_2026_27-2047878","uefa_nations_league_2026_27-2047878__score",8,2,0,0.060288296557228,0.781445248325291,0.218554751674709,"phase14-open-nb-incumbent-calibrated-v1","0e89c2948c77b348c5b6d3832cf6d4e7721ca7794f8f68f857d6ae82b9fe7d50","fc9a617e48969b5d524f9994bccb31de0cb028829b4c58a1999b77cf12c5a990","open_nb_incumbent","c65a4f90477e5b799e234d1a313ff333f6cce12cfc08de93e342d7718c252ff8","vector_w400_p0p010","be1392fd4b9fbfe747ea90c89a17413f72459d8ff708d6d80d1bf086973eb51e","2026-06-10","2026-11-12T19:44:59Z","elo_diff","xgf_ewma_diffmissing_or_zero_variance|xga_ewma_diffmissing_or_zero_variance|xgd_ewma_diffmissing_or_zero_variance|form_index_diff","eb6331aac76a7788d1a43fe761d5b959dbbb8ee6d583179841cd8733814561d5"
"uefa_nations_league_2026_27","uefa_nations_league_2026_27-2047878","uefa_nations_league_2026_27-2047878","uefa_nations_league_2026_27-2047878__score",9,2,2,0.0412310676001855,0.781445248325291,0.218554751674709,"phase14-open-nb-incumbent-calibrated-v1","0e89c2948c77b348c5b6d3832cf6d4e7721ca7794f8f68f857d6ae82b9fe7d50","fc9a617e48969b5d524f9994bccb31de0cb028829b4c58a1999b77cf12c5a990","open_nb_incumbent","c65a4f90477e5b799e234d1a313ff333f6cce12cfc08de93e342d7718c252ff8","vector_w400_p0p010","be1392fd4b9fbfe747ea90c89a17413f72459d8ff708d6d80d1bf086973eb51e","2026-06-10","2026-11-12T19:44:59Z","elo_diff","xgf_ewma_diffmissing_or_zero_variance|xga_ewma_diffmissing_or_zero_variance|xgd_ewma_diffmissing_or_zero_variance|form_index_diff","4733da2fc1441958f027afa1a80c7f248aa8395a5c8f064c87289b47ccab3484"
"uefa_nations_league_2026_27","uefa_nations_league_2026_27-2047878","uefa_nations_league_2026_27-2047878","uefa_nations_league_2026_27-2047878__score",10,1,3,0.0335342677548554,0.781445248325291,0.218554751674709,"phase14-open-nb-incumbent-calibrated-v1","0e89c2948c77b348c5b6d3832cf6d4e7721ca7794f8f68f857d6ae82b9fe7d50","fc9a617e48969b5d524f9994bccb31de0cb028829b4c58a1999b77cf12c5a990","open_nb_incumbent","c65a4f90477e5b799e234d1a313ff333f6cce12cfc08de93e342d7718c252ff8","vector_w400_p0p010","be1392fd4b9fbfe747ea90c89a17413f72459d8ff708d6d80d1bf086973eb51e","2026-06-10","2026-11-12T19:44:59Z","elo_diff","xgf_ewma_diffmissing_or_zero_variance|xga_ewma_diffmissing_or_zero_variance|xgd_ewma_diffmissing_or_zero_variance|form_index_diff","6eebb2bb68a8a77cb2cac05391b155ec7c5db2dc86681db5d82a427f6b2aaab2"
"uefa_nations_league_2026_27","uefa_nations_league_2026_27-2047879","uefa_nations_league_2026_27-2047879","uefa_nations_league_2026_27-2047879__score",1,1,0,0.13698502744896,0.783075065529591,0.216924934470409,"phase14-open-nb-incumbent-calibrated-v1","0e89c2948c77b348c5b6d3832cf6d4e7721ca7794f8f68f857d6ae82b9fe7d50","fc9a617e48969b5d524f9994bccb31de0cb028829b4c58a1999b77cf12c5a990","open_nb_incumbent","c65a4f90477e5b799e234d1a313ff333f6cce12cfc08de93e342d7718c252ff8","vector_w400_p0p010","be1392fd4b9fbfe747ea90c89a17413f72459d8ff708d6d80d1bf086973eb51e","2026-06-10","2026-11-12T19:44:59Z","elo_diff","xgf_ewma_diffmissing_or_zero_variance|xga_ewma_diffmissing_or_zero_variance|xgd_ewma_diffmissing_or_zero_variance|form_index_diff","fd128e918975f83cef90830944a662a6c3edce7d7b50a16292ab8e54b7230d92"
"uefa_nations_league_2026_27","uefa_nations_league_2026_27-2047879","uefa_nations_league_2026_27-2047879","uefa_nations_league_2026_27-2047879__score",2,2,0,0.117252315904584,0.783075065529591,0.216924934470409,"phase14-open-nb-incumbent-calibrated-v1","0e89c2948c77b348c5b6d3832cf6d4e7721ca7794f8f68f857d6ae82b9fe7d50","fc9a617e48969b5d524f9994bccb31de0cb028829b4c58a1999b77cf12c5a990","open_nb_incumbent","c65a4f90477e5b799e234d1a313ff333f6cce12cfc08de93e342d7718c252ff8","vector_w400_p0p010","be1392fd4b9fbfe747ea90c89a17413f72459d8ff708d6d80d1bf086973eb51e","2026-06-10","2026-11-12T19:44:59Z","elo_diff","xgf_ewma_diffmissing_or_zero_variance|xga_ewma_diffmissing_or_zero_variance|xgd_ewma_diffmissing_or_zero_variance|form_index_diff","e7b794067941dd4fdccdb668ee974535b0b2e14026fa102e262c5c5203c3a3b2"
"uefa_nations_league_2026_27","uefa_nations_league_2026_27-2047879","uefa_nations_league_2026_27-2047879","uefa_nations_league_2026_27-2047879__score",3,1,1,0.0967517989155142,0.783075065529591,0.216924934470409,"phase14-open-nb-incumbent-calibrated-v1","0e89c2948c77b348c5b6d3832cf6d4e7721ca7794f8f68f857d6ae82b9fe7d50","fc9a617e48969b5d524f9994bccb31de0cb028829b4c58a1999b77cf12c5a990","open_nb_incumbent","c65a4f90477e5b799e234d1a313ff333f6cce12cfc08de93e342d7718c252ff8","vector_w400_p0p010","be1392fd4b9fbfe747ea90c89a17413f72459d8ff708d6d80d1bf086973eb51e","2026-06-10","2026-11-12T19:44:59Z","elo_diff","xgf_ewma_diffmissing_or_zero_variance|xga_ewma_diffmissing_or_zero_variance|xgd_ewma_diffmissing_or_zero_variance|form_index_diff","91a409feb4ed6c5d72c52545e6de20f57920b3e17772da6b307e6b37bf43e13b"
"uefa_nations_league_2026_27","uefa_nations_league_2026_27-2047879","uefa_nations_league_2026_27-2047879","uefa_nations_league_2026_27-2047879__score",4,0,0,0.0877623187071701,0.783075065529591,0.216924934470409,"phase14-open-nb-incumbent-calibrated-v1","0e89c2948c77b348c5b6d3832cf6d4e7721ca7794f8f68f857d6ae82b9fe7d50","fc9a617e48969b5d524f9994bccb31de0cb028829b4c58a1999b77cf12c5a990","open_nb_incumbent","c65a4f90477e5b799e234d1a313ff333f6cce12cfc08de93e342d7718c252ff8","vector_w400_p0p010","be1392fd4b9fbfe747ea90c89a17413f72459d8ff708d6d80d1bf086973eb51e","2026-06-10","2026-11-12T19:44:59Z","elo_diff","xgf_ewma_diffmissing_or_zero_variance|xga_ewma_diffmissing_or_zero_variance|xgd_ewma_diffmissing_or_zero_variance|form_index_diff","465856b65101b405e663e41a2c313adb51ddf34d9e099ce5c8400d4007efeb1f"
"uefa_nations_league_2026_27","uefa_nations_league_2026_27-2047879","uefa_nations_league_2026_27-2047879","uefa_nations_league_2026_27-2047879__score",5,2,1,0.0828146893280398,0.783075065529591,0.216924934470409,"phase14-open-nb-incumbent-calibrated-v1","0e89c2948c77b348c5b6d3832cf6d4e7721ca7794f8f68f857d6ae82b9fe7d50","fc9a617e48969b5d524f9994bccb31de0cb028829b4c58a1999b77cf12c5a990","open_nb_incumbent","c65a4f90477e5b799e234d1a313ff333f6cce12cfc08de93e342d7718c252ff8","vector_w400_p0p010","be1392fd4b9fbfe747ea90c89a17413f72459d8ff708d6d80d1bf086973eb51e","2026-06-10","2026-11-12T19:44:59Z","elo_diff","xgf_ewma_diffmissing_or_zero_variance|xga_ewma_diffmissing_or_zero_variance|xgd_ewma_diffmissing_or_zero_variance|form_index_diff","bbd7b9a0e988b218d582da2c32dd3d4ecfee7c0bf0a7b1f394b5aeefa269a9b0"
"uefa_nations_league_2026_27","uefa_nations_league_2026_27-2047879","uefa_nations_league_2026_27-2047879","uefa_nations_league_2026_27-2047879__score",6,3,0,0.0728111731563778,0.783075065529591,0.216924934470409,"phase14-open-nb-incumbent-calibrated-v1","0e89c2948c77b348c5b6d3832cf6d4e7721ca7794f8f68f857d6ae82b9fe7d50","fc9a617e48969b5d524f9994bccb31de0cb028829b4c58a1999b77cf12c5a990","open_nb_incumbent","c65a4f90477e5b799e234d1a313ff333f6cce12cfc08de93e342d7718c252ff8","vector_w400_p0p010","be1392fd4b9fbfe747ea90c89a17413f72459d8ff708d6d80d1bf086973eb51e","2026-06-10","2026-11-12T19:44:59Z","elo_diff","xgf_ewma_diffmissing_or_zero_variance|xga_ewma_diffmissing_or_zero_variance|xgd_ewma_diffmissing_or_zero_variance|form_index_diff","126c64382e46fb79ea8d8c21c004a0f8bf6e391f2349a2d0895eebb535449ef7"
"uefa_nations_league_2026_27","uefa_nations_league_2026_27-2047879","uefa_nations_league_2026_27-2047879","uefa_nations_league_2026_27-2047879__score",7,0,1,0.0619860605939518,0.783075065529591,0.216924934470409,"phase14-open-nb-incumbent-calibrated-v1","0e89c2948c77b348c5b6d3832cf6d4e7721ca7794f8f68f857d6ae82b9fe7d50","fc9a617e48969b5d524f9994bccb31de0cb028829b4c58a1999b77cf12c5a990","open_nb_incumbent","c65a4f90477e5b799e234d1a313ff333f6cce12cfc08de93e342d7718c252ff8","vector_w400_p0p010","be1392fd4b9fbfe747ea90c89a17413f72459d8ff708d6d80d1bf086973eb51e","2026-06-10","2026-11-12T19:44:59Z","elo_diff","xgf_ewma_diffmissing_or_zero_variance|xga_ewma_diffmissing_or_zero_variance|xgd_ewma_diffmissing_or_zero_variance|form_index_diff","b3bc3c252072712a674f8efa4961c86a8dba96ea2149a6d93ecba2991f6fd414"
"uefa_nations_league_2026_27","uefa_nations_league_2026_27-2047879","uefa_nations_league_2026_27-2047879","uefa_nations_league_2026_27-2047879__score",8,3,1,0.051426145727155,0.783075065529591,0.216924934470409,"phase14-open-nb-incumbent-calibrated-v1","0e89c2948c77b348c5b6d3832cf6d4e7721ca7794f8f68f857d6ae82b9fe7d50","fc9a617e48969b5d524f9994bccb31de0cb028829b4c58a1999b77cf12c5a990","open_nb_incumbent","c65a4f90477e5b799e234d1a313ff333f6cce12cfc08de93e342d7718c252ff8","vector_w400_p0p010","be1392fd4b9fbfe747ea90c89a17413f72459d8ff708d6d80d1bf086973eb51e","2026-06-10","2026-11-12T19:44:59Z","elo_diff","xgf_ewma_diffmissing_or_zero_variance|xga_ewma_diffmissing_or_zero_variance|xgd_ewma_diffmissing_or_zero_variance|form_index_diff","46a43d66438ba7ed83caa0494726d39d031bc378f08a73d92b1edd9c2d6e783d"
"uefa_nations_league_2026_27","uefa_nations_league_2026_27-2047879","uefa_nations_league_2026_27-2047879","uefa_nations_league_2026_27-2047879__score",9,1,2,0.0386256275706357,0.783075065529591,0.216924934470409,"phase14-open-nb-incumbent-calibrated-v1","0e89c2948c77b348c5b6d3832cf6d4e7721ca7794f8f68f857d6ae82b9fe7d50","fc9a617e48969b5d524f9994bccb31de0cb028829b4c58a1999b77cf12c5a990","open_nb_incumbent","c65a4f90477e5b799e234d1a313ff333f6cce12cfc08de93e342d7718c252ff8","vector_w400_p0p010","be1392fd4b9fbfe747ea90c89a17413f72459d8ff708d6d80d1bf086973eb51e","2026-06-10","2026-11-12T19:44:59Z","elo_diff","xgf_ewma_diffmissing_or_zero_variance|xga_ewma_diffmissing_or_zero_variance|xgd_ewma_diffmissing_or_zero_variance|form_index_diff","01647e695e6ffe32b182da6df86022efdcf858d38426ead3efa60bc5ad4c486c"
"uefa_nations_league_2026_27","uefa_nations_league_2026_27-2047879","uefa_nations_league_2026_27-2047879","uefa_nations_league_2026_27-2047879__score",10,4,0,0.0366599081772032,0.783075065529591,0.216924934470409,"phase14-open-nb-incumbent-calibrated-v1","0e89c2948c77b348c5b6d3832cf6d4e7721ca7794f8f68f857d6ae82b9fe7d50","fc9a617e48969b5d524f9994bccb31de0cb028829b4c58a1999b77cf12c5a990","open_nb_incumbent","c65a4f90477e5b799e234d1a313ff333f6cce12cfc08de93e342d7718c252ff8","vector_w400_p0p010","be1392fd4b9fbfe747ea90c89a17413f72459d8ff708d6d80d1bf086973eb51e","2026-06-10","2026-11-12T19:44:59Z","elo_diff","xgf_ewma_diffmissing_or_zero_variance|xga_ewma_diffmissing_or_zero_variance|xgd_ewma_diffmissing_or_zero_variance|form_index_diff","c494625b823d71388736faba1849f99613cdb525a31ce6c3d3470d64ce2efde2"
"uefa_nations_league_2026_27","uefa_nations_league_2026_27-2047880","uefa_nations_league_2026_27-2047880","uefa_nations_league_2026_27-2047880__score",1,2,0,0.138642669923066,0.780257663708293,0.219742336291707,"phase14-open-nb-incumbent-calibrated-v1","0e89c2948c77b348c5b6d3832cf6d4e7721ca7794f8f68f857d6ae82b9fe7d50","fc9a617e48969b5d524f9994bccb31de0cb028829b4c58a1999b77cf12c5a990","open_nb_incumbent","c65a4f90477e5b799e234d1a313ff333f6cce12cfc08de93e342d7718c252ff8","vector_w400_p0p010","be1392fd4b9fbfe747ea90c89a17413f72459d8ff708d6d80d1bf086973eb51e","2026-06-10","2026-11-13T19:44:59Z","elo_diff","xgf_ewma_diffmissing_or_zero_variance|xga_ewma_diffmissing_or_zero_variance|xgd_ewma_diffmissing_or_zero_variance|form_index_diff","f30d2cdec201d3209ca5ef13e0feb936153c9f9ef063cfa87c4f2fc6c7a5569b"
"uefa_nations_league_2026_27","uefa_nations_league_2026_27-2047880","uefa_nations_league_2026_27-2047880","uefa_nations_league_2026_27-2047880__score",2,1,0,0.118186809536691,0.780257663708293,0.219742336291707,"phase14-open-nb-incumbent-calibrated-v1","0e89c2948c77b348c5b6d3832cf6d4e7721ca7794f8f68f857d6ae82b9fe7d50","fc9a617e48969b5d524f9994bccb31de0cb028829b4c58a1999b77cf12c5a990","open_nb_incumbent","c65a4f90477e5b799e234d1a313ff333f6cce12cfc08de93e342d7718c252ff8","vector_w400_p0p010","be1392fd4b9fbfe747ea90c89a17413f72459d8ff708d6d80d1bf086973eb51e","2026-06-10","2026-11-13T19:44:59Z","elo_diff","xgf_ewma_diffmissing_or_zero_variance|xga_ewma_diffmissing_or_zero_variance|xgd_ewma_diffmissing_or_zero_variance|form_index_diff","f4dd0de02459c1a362accc2b0a394c64267608dbf390efbc7effa66f9109391a"
"uefa_nations_league_2026_27","uefa_nations_league_2026_27-2047880","uefa_nations_league_2026_27-2047880","uefa_nations_league_2026_27-2047880__score",3,3,0,0.117992142834596,0.780257663708293,0.219742336291707,"phase14-open-nb-incumbent-calibrated-v1","0e89c2948c77b348c5b6d3832cf6d4e7721ca7794f8f68f857d6ae82b9fe7d50","fc9a617e48969b5d524f9994bccb31de0cb028829b4c58a1999b77cf12c5a990","open_nb_incumbent","c65a4f90477e5b799e234d1a313ff333f6cce12cfc08de93e342d7718c252ff8","vector_w400_p0p010","be1392fd4b9fbfe747ea90c89a17413f72459d8ff708d6d80d1bf086973eb51e","2026-06-10","2026-11-13T19:44:59Z","elo_diff","xgf_ewma_diffmissing_or_zero_variance|xga_ewma_diffmissing_or_zero_variance|xgd_ewma_diffmissing_or_zero_variance|form_index_diff","ce4d5db94367d5b48e56eccaa4a81a6efe7307ba01f2b42403a3503ce52f0d5b"
"uefa_nations_league_2026_27","uefa_nations_league_2026_27-2047880","uefa_nations_league_2026_27-2047880","uefa_nations_league_2026_27-2047880__score",4,4,0,0.0814190458388416,0.780257663708293,0.219742336291707,"phase14-open-nb-incumbent-calibrated-v1","0e89c2948c77b348c5b6d3832cf6d4e7721ca7794f8f68f857d6ae82b9fe7d50","fc9a617e48969b5d524f9994bccb31de0cb028829b4c58a1999b77cf12c5a990","open_nb_incumbent","c65a4f90477e5b799e234d1a313ff333f6cce12cfc08de93e342d7718c252ff8","vector_w400_p0p010","be1392fd4b9fbfe747ea90c89a17413f72459d8ff708d6d80d1bf086973eb51e","2026-06-10","2026-11-13T19:44:59Z","elo_diff","xgf_ewma_diffmissing_or_zero_variance|xga_ewma_diffmissing_or_zero_variance|xgd_ewma_diffmissing_or_zero_variance|form_index_diff","a77982440243b2d3e24e5c26693bd0dfc7dbc1b56986c4113e69164377165e58"
"uefa_nations_league_2026_27","uefa_nations_league_2026_27-2047880","uefa_nations_league_2026_27-2047880","uefa_nations_league_2026_27-2047880__score",5,2,1,0.066990940414573,0.780257663708293,0.219742336291707,"phase14-open-nb-incumbent-calibrated-v1","0e89c2948c77b348c5b6d3832cf6d4e7721ca7794f8f68f857d6ae82b9fe7d50","fc9a617e48969b5d524f9994bccb31de0cb028829b4c58a1999b77cf12c5a990","open_nb_incumbent","c65a4f90477e5b799e234d1a313ff333f6cce12cfc08de93e342d7718c252ff8","vector_w400_p0p010","be1392fd4b9fbfe747ea90c89a17413f72459d8ff708d6d80d1bf086973eb51e","2026-06-10","2026-11-13T19:44:59Z","elo_diff","xgf_ewma_diffmissing_or_zero_variance|xga_ewma_diffmissing_or_zero_variance|xgd_ewma_diffmissing_or_zero_variance|form_index_diff","aeba8989d90ee9a90ed1c726682a22215c5714e2bb0677623d46ff2c3d9cfd84"
"uefa_nations_league_2026_27","uefa_nations_league_2026_27-2047880","uefa_nations_league_2026_27-2047880","uefa_nations_league_2026_27-2047880__score",6,1,1,0.0571068453878911,0.780257663708293,0.219742336291707,"phase14-open-nb-incumbent-calibrated-v1","0e89c2948c77b348c5b6d3832cf6d4e7721ca7794f8f68f857d6ae82b9fe7d50","fc9a617e48969b5d524f9994bccb31de0cb028829b4c58a1999b77cf12c5a990","open_nb_incumbent","c65a4f90477e5b799e234d1a313ff333f6cce12cfc08de93e342d7718c252ff8","vector_w400_p0p010","be1392fd4b9fbfe747ea90c89a17413f72459d8ff708d6d80d1bf086973eb51e","2026-06-10","2026-11-13T19:44:59Z","elo_diff","xgf_ewma_diffmissing_or_zero_variance|xga_ewma_diffmissing_or_zero_variance|xgd_ewma_diffmissing_or_zero_variance|form_index_diff","5f49874efa24da8df267f2c5df9b2472382e3884f445ceed85f0876a0a490c44"
"uefa_nations_league_2026_27","uefa_nations_league_2026_27-2047880","uefa_nations_league_2026_27-2047880","uefa_nations_league_2026_27-2047880__score",7,3,1,0.0570127841191057,0.780257663708293,0.219742336291707,"phase14-open-nb-incumbent-calibrated-v1","0e89c2948c77b348c5b6d3832cf6d4e7721ca7794f8f68f857d6ae82b9fe7d50","fc9a617e48969b5d524f9994bccb31de0cb028829b4c58a1999b77cf12c5a990","open_nb_incumbent","c65a4f90477e5b799e234d1a313ff333f6cce12cfc08de93e342d7718c252ff8","vector_w400_p0p010","be1392fd4b9fbfe747ea90c89a17413f72459d8ff708d6d80d1bf086973eb51e","2026-06-10","2026-11-13T19:44:59Z","elo_diff","xgf_ewma_diffmissing_or_zero_variance|xga_ewma_diffmissing_or_zero_variance|xgd_ewma_diffmissing_or_zero_variance|form_index_diff","748f55078e43cc114b139f86f40b45b2835b19a22f5cd17e6c018a3791ced238"
"uefa_nations_league_2026_27","uefa_nations_league_2026_27-2047880","uefa_nations_league_2026_27-2047880","uefa_nations_league_2026_27-2047880__score",8,0,0,0.0552489998903682,0.780257663708293,0.219742336291707,"phase14-open-nb-incumbent-calibrated-v1","0e89c2948c77b348c5b6d3832cf6d4e7721ca7794f8f68f857d6ae82b9fe7d50","fc9a617e48969b5d524f9994bccb31de0cb028829b4c58a1999b77cf12c5a990","open_nb_incumbent","c65a4f90477e5b799e234d1a313ff333f6cce12cfc08de93e342d7718c252ff8","vector_w400_p0p010","be1392fd4b9fbfe747ea90c89a17413f72459d8ff708d6d80d1bf086973eb51e","2026-06-10","2026-11-13T19:44:59Z","elo_diff","xgf_ewma_diffmissing_or_zero_variance|xga_ewma_diffmissing_or_zero_variance|xgd_ewma_diffmissing_or_zero_variance|form_index_diff","a4bddcdb0c5c4005b901b79a88682a8df572a7157c383191346634bedbd782f4"
"uefa_nations_league_2026_27","uefa_nations_league_2026_27-2047880","uefa_nations_league_2026_27-2047880","uefa_nations_league_2026_27-2047880__score",9,5,0,0.048316446168437,0.780257663708293,0.219742336291707,"phase14-open-nb-incumbent-calibrated-v1","0e89c2948c77b348c5b6d3832cf6d4e7721ca7794f8f68f857d6ae82b9fe7d50","fc9a617e48969b5d524f9994bccb31de0cb028829b4c58a1999b77cf12c5a990","open_nb_incumbent","c65a4f90477e5b799e234d1a313ff333f6cce12cfc08de93e342d7718c252ff8","vector_w400_p0p010","be1392fd4b9fbfe747ea90c89a17413f72459d8ff708d6d80d1bf086973eb51e","2026-06-10","2026-11-13T19:44:59Z","elo_diff","xgf_ewma_diffmissing_or_zero_variance|xga_ewma_diffmissing_or_zero_variance|xgd_ewma_diffmissing_or_zero_variance|form_index_diff","537916352c5bb48304d89c185bb2fa058fc7966f07c68b5bbbe1c4b34cb69187"
"uefa_nations_league_2026_27","uefa_nations_league_2026_27-2047880","uefa_nations_league_2026_27-2047880","uefa_nations_league_2026_27-2047880__score",10,4,1,0.0393409795947227,0.780257663708293,0.219742336291707,"phase14-open-nb-incumbent-calibrated-v1","0e89c2948c77b348c5b6d3832cf6d4e7721ca7794f8f68f857d6ae82b9fe7d50","fc9a617e48969b5d524f9994bccb31de0cb028829b4c58a1999b77cf12c5a990","open_nb_incumbent","c65a4f90477e5b799e234d1a313ff333f6cce12cfc08de93e342d7718c252ff8","vector_w400_p0p010","be1392fd4b9fbfe747ea90c89a17413f72459d8ff708d6d80d1bf086973eb51e","2026-06-10","2026-11-13T19:44:59Z","elo_diff","xgf_ewma_diffmissing_or_zero_variance|xga_ewma_diffmissing_or_zero_variance|xgd_ewma_diffmissing_or_zero_variance|form_index_diff","969ca6c0474ecceefdf38d68cc6f8e35418a34708a809dcdb11ee1fe590f360e"
"uefa_nations_league_2026_27","uefa_nations_league_2026_27-2047881","uefa_nations_league_2026_27-2047881","uefa_nations_league_2026_27-2047881__score",1,1,0,0.127993911261486,0.784091302597557,0.215908697402443,"phase14-open-nb-incumbent-calibrated-v1","0e89c2948c77b348c5b6d3832cf6d4e7721ca7794f8f68f857d6ae82b9fe7d50","fc9a617e48969b5d524f9994bccb31de0cb028829b4c58a1999b77cf12c5a990","open_nb_incumbent","c65a4f90477e5b799e234d1a313ff333f6cce12cfc08de93e342d7718c252ff8","vector_w400_p0p010","be1392fd4b9fbfe747ea90c89a17413f72459d8ff708d6d80d1bf086973eb51e","2026-06-10","2026-11-13T19:44:59Z","elo_diff","xgf_ewma_diffmissing_or_zero_variance|xga_ewma_diffmissing_or_zero_variance|xgd_ewma_diffmissing_or_zero_variance|form_index_diff","c35c2a801df6fb129de472e682a3281f65bca5c1806d57bad21af08a91dba001"
"uefa_nations_league_2026_27","uefa_nations_league_2026_27-2047881","uefa_nations_league_2026_27-2047881","uefa_nations_league_2026_27-2047881__score",2,1,1,0.112805264881664,0.784091302597557,0.215908697402443,"phase14-open-nb-incumbent-calibrated-v1","0e89c2948c77b348c5b6d3832cf6d4e7721ca7794f8f68f857d6ae82b9fe7d50","fc9a617e48969b5d524f9994bccb31de0cb028829b4c58a1999b77cf12c5a990","open_nb_incumbent","c65a4f90477e5b799e234d1a313ff333f6cce12cfc08de93e342d7718c252ff8","vector_w400_p0p010","be1392fd4b9fbfe747ea90c89a17413f72459d8ff708d6d80d1bf086973eb51e","2026-06-10","2026-11-13T19:44:59Z","elo_diff","xgf_ewma_diffmissing_or_zero_variance|xga_ewma_diffmissing_or_zero_variance|xgd_ewma_diffmissing_or_zero_variance|form_index_diff","12ac07e5b1a0ddc35a5105c5acbb40eec6f9b7ff80dc4600550bd1e56d7c39da"
"uefa_nations_league_2026_27","uefa_nations_league_2026_27-2047881","uefa_nations_league_2026_27-2047881","uefa_nations_league_2026_27-2047881__score",3,0,0,0.100020594695466,0.784091302597557,0.215908697402443,"phase14-open-nb-incumbent-calibrated-v1","0e89c2948c77b348c5b6d3832cf6d4e7721ca7794f8f68f857d6ae82b9fe7d50","fc9a617e48969b5d524f9994bccb31de0cb028829b4c58a1999b77cf12c5a990","open_nb_incumbent","c65a4f90477e5b799e234d1a313ff333f6cce12cfc08de93e342d7718c252ff8","vector_w400_p0p010","be1392fd4b9fbfe747ea90c89a17413f72459d8ff708d6d80d1bf086973eb51e","2026-06-10","2026-11-13T19:44:59Z","elo_diff","xgf_ewma_diffmissing_or_zero_variance|xga_ewma_diffmissing_or_zero_variance|xgd_ewma_diffmissing_or_zero_variance|form_index_diff","9988e57e0e70204339855bed1b207dcf869f3c41599669e0c8a07434d0482091"
"uefa_nations_league_2026_27","uefa_nations_league_2026_27-2047881","uefa_nations_league_2026_27-2047881","uefa_nations_league_2026_27-2047881__score",4,2,0,0.0898198870889809,0.784091302597557,0.215908697402443,"phase14-open-nb-incumbent-calibrated-v1","0e89c2948c77b348c5b6d3832cf6d4e7721ca7794f8f68f857d6ae82b9fe7d50","fc9a617e48969b5d524f9994bccb31de0cb028829b4c58a1999b77cf12c5a990","open_nb_incumbent","c65a4f90477e5b799e234d1a313ff333f6cce12cfc08de93e342d7718c252ff8","vector_w400_p0p010","be1392fd4b9fbfe747ea90c89a17413f72459d8ff708d6d80d1bf086973eb51e","2026-06-10","2026-11-13T19:44:59Z","elo_diff","xgf_ewma_diffmissing_or_zero_variance|xga_ewma_diffmissing_or_zero_variance|xgd_ewma_diffmissing_or_zero_variance|form_index_diff","24102706d23e4d1d1714f21defa97838576c111a8f3801be2da202978dbc3ed0"
"uefa_nations_league_2026_27","uefa_nations_league_2026_27-2047881","uefa_nations_league_2026_27-2047881","uefa_nations_league_2026_27-2047881__score",5,0,1,0.0881514563235214,0.784091302597557,0.215908697402443,"phase14-open-nb-incumbent-calibrated-v1","0e89c2948c77b348c5b6d3832cf6d4e7721ca7794f8f68f857d6ae82b9fe7d50","fc9a617e48969b5d524f9994bccb31de0cb028829b4c58a1999b77cf12c5a990","open_nb_incumbent","c65a4f90477e5b799e234d1a313ff333f6cce12cfc08de93e342d7718c252ff8","vector_w400_p0p010","be1392fd4b9fbfe747ea90c89a17413f72459d8ff708d6d80d1bf086973eb51e","2026-06-10","2026-11-13T19:44:59Z","elo_diff","xgf_ewma_diffmissing_or_zero_variance|xga_ewma_diffmissing_or_zero_variance|xgd_ewma_diffmissing_or_zero_variance|form_index_diff","780dabc1a19003ad8a26d7a4e22bfcaa8a46f58a8963b8fdc4a0c49d4137066c"
"uefa_nations_league_2026_27","uefa_nations_league_2026_27-2047881","uefa_nations_league_2026_27-2047881","uefa_nations_league_2026_27-2047881__score",6,2,1,0.0791612355216966,0.784091302597557,0.215908697402443,"phase14-open-nb-incumbent-calibrated-v1","0e89c2948c77b348c5b6d3832cf6d4e7721ca7794f8f68f857d6ae82b9fe7d50","fc9a617e48969b5d524f9994bccb31de0cb028829b4c58a1999b77cf12c5a990","open_nb_incumbent","c65a4f90477e5b799e234d1a313ff333f6cce12cfc08de93e342d7718c252ff8","vector_w400_p0p010","be1392fd4b9fbfe747ea90c89a17413f72459d8ff708d6d80d1bf086973eb51e","2026-06-10","2026-11-13T19:44:59Z","elo_diff","xgf_ewma_diffmissing_or_zero_variance|xga_ewma_diffmissing_or_zero_variance|xgd_ewma_diffmissing_or_zero_variance|form_index_diff","edc041a74374e8251a3d24413557d36a1813c6d82a8c1c4cf016ce72ddb59da9"
"uefa_nations_league_2026_27","uefa_nations_league_2026_27-2047881","uefa_nations_league_2026_27-2047881","uefa_nations_league_2026_27-2047881__score",7,1,2,0.0561952983456431,0.784091302597557,0.215908697402443,"phase14-open-nb-incumbent-calibrated-v1","0e89c2948c77b348c5b6d3832cf6d4e7721ca7794f8f68f857d6ae82b9fe7d50","fc9a617e48969b5d524f9994bccb31de0cb028829b4c58a1999b77cf12c5a990","open_nb_incumbent","c65a4f90477e5b799e234d1a313ff333f6cce12cfc08de93e342d7718c252ff8","vector_w400_p0p010","be1392fd4b9fbfe747ea90c89a17413f72459d8ff708d6d80d1bf086973eb51e","2026-06-10","2026-11-13T19:44:59Z","elo_diff","xgf_ewma_diffmissing_or_zero_variance|xga_ewma_diffmissing_or_zero_variance|xgd_ewma_diffmissing_or_zero_variance|form_index_diff","7bb9430cc03b8995203508fe01b8a31cc3820d2dd832c303e3810486b4410e39"
"uefa_nations_league_2026_27","uefa_nations_league_2026_27-2047881","uefa_nations_league_2026_27-2047881","uefa_nations_league_2026_27-2047881__score",8,3,0,0.0457281856073492,0.784091302597557,0.215908697402443,"phase14-open-nb-incumbent-calibrated-v1","0e89c2948c77b348c5b6d3832cf6d4e7721ca7794f8f68f857d6ae82b9fe7d50","fc9a617e48969b5d524f9994bccb31de0cb028829b4c58a1999b77cf12c5a990","open_nb_incumbent","c65a4f90477e5b799e234d1a313ff333f6cce12cfc08de93e342d7718c252ff8","vector_w400_p0p010","be1392fd4b9fbfe747ea90c89a17413f72459d8ff708d6d80d1bf086973eb51e","2026-06-10","2026-11-13T19:44:59Z","elo_diff","xgf_ewma_diffmissing_or_zero_variance|xga_ewma_diffmissing_or_zero_variance|xgd_ewma_diffmissing_or_zero_variance|form_index_diff","24f6e09203faa1225df33bb388ceb1dce2bcb5f6f6453e787cfd3f7baa423723"
"uefa_nations_league_2026_27","uefa_nations_league_2026_27-2047881","uefa_nations_league_2026_27-2047881","uefa_nations_league_2026_27-2047881__score",9,0,2,0.0439137073336053,0.784091302597557,0.215908697402443,"phase14-open-nb-incumbent-calibrated-v1","0e89c2948c77b348c5b6d3832cf6d4e7721ca7794f8f68f857d6ae82b9fe7d50","fc9a617e48969b5d524f9994bccb31de0cb028829b4c58a1999b77cf12c5a990","open_nb_incumbent","c65a4f90477e5b799e234d1a313ff333f6cce12cfc08de93e342d7718c252ff8","vector_w400_p0p010","be1392fd4b9fbfe747ea90c89a17413f72459d8ff708d6d80d1bf086973eb51e","2026-06-10","2026-11-13T19:44:59Z","elo_diff","xgf_ewma_diffmissing_or_zero_variance|xga_ewma_diffmissing_or_zero_variance|xgd_ewma_diffmissing_or_zero_variance|form_index_diff","03901aa513d8755f9e2d7bbb124cc625832cbdc50b953973d264e2188a1d5bb0"
"uefa_nations_league_2026_27","uefa_nations_league_2026_27-2047881","uefa_nations_league_2026_27-2047881","uefa_nations_league_2026_27-2047881__score",10,3,1,0.0403017615381451,0.784091302597557,0.215908697402443,"phase14-open-nb-incumbent-calibrated-v1","0e89c2948c77b348c5b6d3832cf6d4e7721ca7794f8f68f857d6ae82b9fe7d50","fc9a617e48969b5d524f9994bccb31de0cb028829b4c58a1999b77cf12c5a990","open_nb_incumbent","c65a4f90477e5b799e234d1a313ff333f6cce12cfc08de93e342d7718c252ff8","vector_w400_p0p010","be1392fd4b9fbfe747ea90c89a17413f72459d8ff708d6d80d1bf086973eb51e","2026-06-10","2026-11-13T19:44:59Z","elo_diff","xgf_ewma_diffmissing_or_zero_variance|xga_ewma_diffmissing_or_zero_variance|xgd_ewma_diffmissing_or_zero_variance|form_index_diff","b845a48ea66a35a30acc1677aa26430dbfff9267da4ea0f376eac82d443dc383"
"uefa_nations_league_2026_27","uefa_nations_league_2026_27-2047882","uefa_nations_league_2026_27-2047882","uefa_nations_league_2026_27-2047882__score",1,1,1,0.116815025494084,0.781478389116157,0.218521610883843,"phase14-open-nb-incumbent-calibrated-v1","0e89c2948c77b348c5b6d3832cf6d4e7721ca7794f8f68f857d6ae82b9fe7d50","fc9a617e48969b5d524f9994bccb31de0cb028829b4c58a1999b77cf12c5a990","open_nb_incumbent","c65a4f90477e5b799e234d1a313ff333f6cce12cfc08de93e342d7718c252ff8","vector_w400_p0p010","be1392fd4b9fbfe747ea90c89a17413f72459d8ff708d6d80d1bf086973eb51e","2026-06-10","2026-11-13T19:44:59Z","elo_diff","xgf_ewma_diffmissing_or_zero_variance|xga_ewma_diffmissing_or_zero_variance|xgd_ewma_diffmissing_or_zero_variance|form_index_diff","f42a37a9c4ef66a00263ec8708694562b299d99dcd6729265ed8dbdade30887b"
"uefa_nations_league_2026_27","uefa_nations_league_2026_27-2047882","uefa_nations_league_2026_27-2047882","uefa_nations_league_2026_27-2047882__score",2,0,1,0.111481688959184,0.781478389116157,0.218521610883843,"phase14-open-nb-incumbent-calibrated-v1","0e89c2948c77b348c5b6d3832cf6d4e7721ca7794f8f68f857d6ae82b9fe7d50","fc9a617e48969b5d524f9994bccb31de0cb028829b4c58a1999b77cf12c5a990","open_nb_incumbent","c65a4f90477e5b799e234d1a313ff333f6cce12cfc08de93e342d7718c252ff8","vector_w400_p0p010","be1392fd4b9fbfe747ea90c89a17413f72459d8ff708d6d80d1bf086973eb51e","2026-06-10","2026-11-13T19:44:59Z","elo_diff","xgf_ewma_diffmissing_or_zero_variance|xga_ewma_diffmissing_or_zero_variance|xgd_ewma_diffmissing_or_zero_variance|form_index_diff","c64a5cc5ad9aab6ee3626569814bd8b3b334ff2b4b779c3771acccf3c0856bb9"
"uefa_nations_league_2026_27","uefa_nations_league_2026_27-2047882","uefa_nations_league_2026_27-2047882","uefa_nations_league_2026_27-2047882__score",3,1,0,0.107376804567535,0.781478389116157,0.218521610883843,"phase14-open-nb-incumbent-calibrated-v1","0e89c2948c77b348c5b6d3832cf6d4e7721ca7794f8f68f857d6ae82b9fe7d50","fc9a617e48969b5d524f9994bccb31de0cb028829b4c58a1999b77cf12c5a990","open_nb_incumbent","c65a4f90477e5b799e234d1a313ff333f6cce12cfc08de93e342d7718c252ff8","vector_w400_p0p010","be1392fd4b9fbfe747ea90c89a17413f72459d8ff708d6d80d1bf086973eb51e","2026-06-10","2026-11-13T19:44:59Z","elo_diff","xgf_ewma_diffmissing_or_zero_variance|xga_ewma_diffmissing_or_zero_variance|xgd_ewma_diffmissing_or_zero_variance|form_index_diff","e78615b380fac4490cea1f8510a139c69157cd4a5a80c6b92d83fa5daedd9437"
"uefa_nations_league_2026_27","uefa_nations_league_2026_27-2047882","uefa_nations_league_2026_27-2047882","uefa_nations_league_2026_27-2047882__score",4,0,0,0.102474381849408,0.781478389116157,0.218521610883843,"phase14-open-nb-incumbent-calibrated-v1","0e89c2948c77b348c5b6d3832cf6d4e7721ca7794f8f68f857d6ae82b9fe7d50","fc9a617e48969b5d524f9994bccb31de0cb028829b4c58a1999b77cf12c5a990","open_nb_incumbent","c65a4f90477e5b799e234d1a313ff333f6cce12cfc08de93e342d7718c252ff8","vector_w400_p0p010","be1392fd4b9fbfe747ea90c89a17413f72459d8ff708d6d80d1bf086973eb51e","2026-06-10","2026-11-13T19:44:59Z","elo_diff","xgf_ewma_diffmissing_or_zero_variance|xga_ewma_diffmissing_or_zero_variance|xgd_ewma_diffmissing_or_zero_variance|form_index_diff","7c86cbc9f270436772d31260c6f274ba8f92512909cd201691101adcc819975a"
"uefa_nations_league_2026_27","uefa_nations_league_2026_27-2047882","uefa_nations_league_2026_27-2047882","uefa_nations_league_2026_27-2047882__score",5,1,2,0.0718319230085598,0.781478389116157,0.218521610883843,"phase14-open-nb-incumbent-calibrated-v1","0e89c2948c77b348c5b6d3832cf6d4e7721ca7794f8f68f857d6ae82b9fe7d50","fc9a617e48969b5d524f9994bccb31de0cb028829b4c58a1999b77cf12c5a990","open_nb_incumbent","c65a4f90477e5b799e234d1a313ff333f6cce12cfc08de93e342d7718c252ff8","vector_w400_p0p010","be1392fd4b9fbfe747ea90c89a17413f72459d8ff708d6d80d1bf086973eb51e","2026-06-10","2026-11-13T19:44:59Z","elo_diff","xgf_ewma_diffmissing_or_zero_variance|xga_ewma_diffmissing_or_zero_variance|xgd_ewma_diffmissing_or_zero_variance|form_index_diff","8777be881dd711e1e954a3f5f8d372553e191612500f60c877eca8d22c3bc47f"
"uefa_nations_league_2026_27","uefa_nations_league_2026_27-2047882","uefa_nations_league_2026_27-2047882","uefa_nations_league_2026_27-2047882__score",6,0,2,0.0685523464495233,0.781478389116157,0.218521610883843,"phase14-open-nb-incumbent-calibrated-v1","0e89c2948c77b348c5b6d3832cf6d4e7721ca7794f8f68f857d6ae82b9fe7d50","fc9a617e48969b5d524f9994bccb31de0cb028829b4c58a1999b77cf12c5a990","open_nb_incumbent","c65a4f90477e5b799e234d1a313ff333f6cce12cfc08de93e342d7718c252ff8","vector_w400_p0p010","be1392fd4b9fbfe747ea90c89a17413f72459d8ff708d6d80d1bf086973eb51e","2026-06-10","2026-11-13T19:44:59Z","elo_diff","xgf_ewma_diffmissing_or_zero_variance|xga_ewma_diffmissing_or_zero_variance|xgd_ewma_diffmissing_or_zero_variance|form_index_diff","78546cc3fcc63dfba5f4a8bb30ceabcd1b05a9ca60982264fd9c969cc3537ff8"
"uefa_nations_league_2026_27","uefa_nations_league_2026_27-2047882","uefa_nations_league_2026_27-2047882","uefa_nations_league_2026_27-2047882__score",7,2,1,0.0671239016906662,0.781478389116157,0.218521610883843,"phase14-open-nb-incumbent-calibrated-v1","0e89c2948c77b348c5b6d3832cf6d4e7721ca7794f8f68f857d6ae82b9fe7d50","fc9a617e48969b5d524f9994bccb31de0cb028829b4c58a1999b77cf12c5a990","open_nb_incumbent","c65a4f90477e5b799e234d1a313ff333f6cce12cfc08de93e342d7718c252ff8","vector_w400_p0p010","be1392fd4b9fbfe747ea90c89a17413f72459d8ff708d6d80d1bf086973eb51e","2026-06-10","2026-11-13T19:44:59Z","elo_diff","xgf_ewma_diffmissing_or_zero_variance|xga_ewma_diffmissing_or_zero_variance|xgd_ewma_diffmissing_or_zero_variance|form_index_diff","08d2f2feab90bce79971e7999a6cbf95fb3322bd1f5105d6d0fb47f3fa16552a"
"uefa_nations_league_2026_27","uefa_nations_league_2026_27-2047882","uefa_nations_league_2026_27-2047882","uefa_nations_league_2026_27-2047882__score",8,2,0,0.0617005393198684,0.781478389116157,0.218521610883843,"phase14-open-nb-incumbent-calibrated-v1","0e89c2948c77b348c5b6d3832cf6d4e7721ca7794f8f68f857d6ae82b9fe7d50","fc9a617e48969b5d524f9994bccb31de0cb028829b4c58a1999b77cf12c5a990","open_nb_incumbent","c65a4f90477e5b799e234d1a313ff333f6cce12cfc08de93e342d7718c252ff8","vector_w400_p0p010","be1392fd4b9fbfe747ea90c89a17413f72459d8ff708d6d80d1bf086973eb51e","2026-06-10","2026-11-13T19:44:59Z","elo_diff","xgf_ewma_diffmissing_or_zero_variance|xga_ewma_diffmissing_or_zero_variance|xgd_ewma_diffmissing_or_zero_variance|form_index_diff","3a5c406238512ef84007d3e71e06295a6bb82def83b77647d9aa34ae7415edd2"
"uefa_nations_league_2026_27","uefa_nations_league_2026_27-2047882","uefa_nations_league_2026_27-2047882","uefa_nations_league_2026_27-2047882__score",9,2,2,0.0412758454478296,0.781478389116157,0.218521610883843,"phase14-open-nb-incumbent-calibrated-v1","0e89c2948c77b348c5b6d3832cf6d4e7721ca7794f8f68f857d6ae82b9fe7d50","fc9a617e48969b5d524f9994bccb31de0cb028829b4c58a1999b77cf12c5a990","open_nb_incumbent","c65a4f90477e5b799e234d1a313ff333f6cce12cfc08de93e342d7718c252ff8","vector_w400_p0p010","be1392fd4b9fbfe747ea90c89a17413f72459d8ff708d6d80d1bf086973eb51e","2026-06-10","2026-11-13T19:44:59Z","elo_diff","xgf_ewma_diffmissing_or_zero_variance|xga_ewma_diffmissing_or_zero_variance|xgd_ewma_diffmissing_or_zero_variance|form_index_diff","41f0205a71d534aceb2fb36026aa74bc61f8b8195d81c8b5e471dd8f712f11bc"
"uefa_nations_league_2026_27","uefa_nations_league_2026_27-2047882","uefa_nations_league_2026_27-2047882","uefa_nations_league_2026_27-2047882__score",10,1,3,0.0328459323294988,0.781478389116157,0.218521610883843,"phase14-open-nb-incumbent-calibrated-v1","0e89c2948c77b348c5b6d3832cf6d4e7721ca7794f8f68f857d6ae82b9fe7d50","fc9a617e48969b5d524f9994bccb31de0cb028829b4c58a1999b77cf12c5a990","open_nb_incumbent","c65a4f90477e5b799e234d1a313ff333f6cce12cfc08de93e342d7718c252ff8","vector_w400_p0p010","be1392fd4b9fbfe747ea90c89a17413f72459d8ff708d6d80d1bf086973eb51e","2026-06-10","2026-11-13T19:44:59Z","elo_diff","xgf_ewma_diffmissing_or_zero_variance|xga_ewma_diffmissing_or_zero_variance|xgd_ewma_diffmissing_or_zero_variance|form_index_diff","5f9bb0eb9ff4ebfe7cb1fa3d0647c0309fd77eacf7cb81dbae78bc34e09ae3d0"
"uefa_nations_league_2026_27","uefa_nations_league_2026_27-2047883","uefa_nations_league_2026_27-2047883","uefa_nations_league_2026_27-2047883__score",1,0,1,0.116121950507437,0.780345739910858,0.219654260089142,"phase14-open-nb-incumbent-calibrated-v1","0e89c2948c77b348c5b6d3832cf6d4e7721ca7794f8f68f857d6ae82b9fe7d50","fc9a617e48969b5d524f9994bccb31de0cb028829b4c58a1999b77cf12c5a990","open_nb_incumbent","c65a4f90477e5b799e234d1a313ff333f6cce12cfc08de93e342d7718c252ff8","vector_w400_p0p010","be1392fd4b9fbfe747ea90c89a17413f72459d8ff708d6d80d1bf086973eb51e","2026-06-10","2026-11-13T16:59:59Z","elo_diff","xgf_ewma_diffmissing_or_zero_variance|xga_ewma_diffmissing_or_zero_variance|xgd_ewma_diffmissing_or_zero_variance|form_index_diff","4c968b3ec6fd31041e4796c436bc8867aac254d4c8207622d17448b69a28931d"
"uefa_nations_league_2026_27","uefa_nations_league_2026_27-2047883","uefa_nations_league_2026_27-2047883","uefa_nations_league_2026_27-2047883__score",2,1,1,0.115798114206525,0.780345739910858,0.219654260089142,"phase14-open-nb-incumbent-calibrated-v1","0e89c2948c77b348c5b6d3832cf6d4e7721ca7794f8f68f857d6ae82b9fe7d50","fc9a617e48969b5d524f9994bccb31de0cb028829b4c58a1999b77cf12c5a990","open_nb_incumbent","c65a4f90477e5b799e234d1a313ff333f6cce12cfc08de93e342d7718c252ff8","vector_w400_p0p010","be1392fd4b9fbfe747ea90c89a17413f72459d8ff708d6d80d1bf086973eb51e","2026-06-10","2026-11-13T16:59:59Z","elo_diff","xgf_ewma_diffmissing_or_zero_variance|xga_ewma_diffmissing_or_zero_variance|xgd_ewma_diffmissing_or_zero_variance|form_index_diff","e6ef563bcf4297aa8773784388935acfca348e838388f4aeb16539f0c3ab14eb"
"uefa_nations_league_2026_27","uefa_nations_league_2026_27-2047883","uefa_nations_league_2026_27-2047883","uefa_nations_league_2026_27-2047883__score",3,0,0,0.10149671277779,0.780345739910858,0.219654260089142,"phase14-open-nb-incumbent-calibrated-v1","0e89c2948c77b348c5b6d3832cf6d4e7721ca7794f8f68f857d6ae82b9fe7d50","fc9a617e48969b5d524f9994bccb31de0cb028829b4c58a1999b77cf12c5a990","open_nb_incumbent","c65a4f90477e5b799e234d1a313ff333f6cce12cfc08de93e342d7718c252ff8","vector_w400_p0p010","be1392fd4b9fbfe747ea90c89a17413f72459d8ff708d6d80d1bf086973eb51e","2026-06-10","2026-11-13T16:59:59Z","elo_diff","xgf_ewma_diffmissing_or_zero_variance|xga_ewma_diffmissing_or_zero_variance|xgd_ewma_diffmissing_or_zero_variance|form_index_diff","bbf9f7d5c160eefa15dfdda57ea8bddb584f20ca0cf935feb8802845fb14af9f"
"uefa_nations_league_2026_27","uefa_nations_league_2026_27-2047883","uefa_nations_league_2026_27-2047883","uefa_nations_league_2026_27-2047883__score",4,1,0,0.101213662761173,0.780345739910858,0.219654260089142,"phase14-open-nb-incumbent-calibrated-v1","0e89c2948c77b348c5b6d3832cf6d4e7721ca7794f8f68f857d6ae82b9fe7d50","fc9a617e48969b5d524f9994bccb31de0cb028829b4c58a1999b77cf12c5a990","open_nb_incumbent","c65a4f90477e5b799e234d1a313ff333f6cce12cfc08de93e342d7718c252ff8","vector_w400_p0p010","be1392fd4b9fbfe747ea90c89a17413f72459d8ff708d6d80d1bf086973eb51e","2026-06-10","2026-11-13T16:59:59Z","elo_diff","xgf_ewma_diffmissing_or_zero_variance|xga_ewma_diffmissing_or_zero_variance|xgd_ewma_diffmissing_or_zero_variance|form_index_diff","3f147480bb144c7e360888007385726b10f236a6e65dd207d3711a34b5bf5318"
"uefa_nations_league_2026_27","uefa_nations_league_2026_27-2047883","uefa_nations_league_2026_27-2047883","uefa_nations_league_2026_27-2047883__score",5,0,2,0.07509434263628,0.780345739910858,0.219654260089142,"phase14-open-nb-incumbent-calibrated-v1","0e89c2948c77b348c5b6d3832cf6d4e7721ca7794f8f68f857d6ae82b9fe7d50","fc9a617e48969b5d524f9994bccb31de0cb028829b4c58a1999b77cf12c5a990","open_nb_incumbent","c65a4f90477e5b799e234d1a313ff333f6cce12cfc08de93e342d7718c252ff8","vector_w400_p0p010","be1392fd4b9fbfe747ea90c89a17413f72459d8ff708d6d80d1bf086973eb51e","2026-06-10","2026-11-13T16:59:59Z","elo_diff","xgf_ewma_diffmissing_or_zero_variance|xga_ewma_diffmissing_or_zero_variance|xgd_ewma_diffmissing_or_zero_variance|form_index_diff","01745ec0dbf2ab5bbaec75271e80e319b7c78d0742c0ca3280c92ed3344e2f5b"
"uefa_nations_league_2026_27","uefa_nations_league_2026_27-2047883","uefa_nations_league_2026_27-2047883","uefa_nations_league_2026_27-2047883__score",6,1,2,0.0748849225048364,0.780345739910858,0.219654260089142,"phase14-open-nb-incumbent-calibrated-v1","0e89c2948c77b348c5b6d3832cf6d4e7721ca7794f8f68f857d6ae82b9fe7d50","fc9a617e48969b5d524f9994bccb31de0cb028829b4c58a1999b77cf12c5a990","open_nb_incumbent","c65a4f90477e5b799e234d1a313ff333f6cce12cfc08de93e342d7718c252ff8","vector_w400_p0p010","be1392fd4b9fbfe747ea90c89a17413f72459d8ff708d6d80d1bf086973eb51e","2026-06-10","2026-11-13T16:59:59Z","elo_diff","xgf_ewma_diffmissing_or_zero_variance|xga_ewma_diffmissing_or_zero_variance|xgd_ewma_diffmissing_or_zero_variance|form_index_diff","010a168ebe663dc27670e5f396b585f40c17329aa248b4de0766afe4cf52fb60"
"uefa_nations_league_2026_27","uefa_nations_league_2026_27-2047883","uefa_nations_league_2026_27-2047883","uefa_nations_league_2026_27-2047883__score",7,2,1,0.0633245289404062,0.780345739910858,0.219654260089142,"phase14-open-nb-incumbent-calibrated-v1","0e89c2948c77b348c5b6d3832cf6d4e7721ca7794f8f68f857d6ae82b9fe7d50","fc9a617e48969b5d524f9994bccb31de0cb028829b4c58a1999b77cf12c5a990","open_nb_incumbent","c65a4f90477e5b799e234d1a313ff333f6cce12cfc08de93e342d7718c252ff8","vector_w400_p0p010","be1392fd4b9fbfe747ea90c89a17413f72459d8ff708d6d80d1bf086973eb51e","2026-06-10","2026-11-13T16:59:59Z","elo_diff","xgf_ewma_diffmissing_or_zero_variance|xga_ewma_diffmissing_or_zero_variance|xgd_ewma_diffmissing_or_zero_variance|form_index_diff","5841f80b014a54a2c4f61be0c03d2bfc94c902a5fb1edf0b4bac38e1b774b864"
"uefa_nations_league_2026_27","uefa_nations_league_2026_27-2047883","uefa_nations_league_2026_27-2047883","uefa_nations_league_2026_27-2047883__score",8,2,0,0.0553489800814324,0.780345739910858,0.219654260089142,"phase14-open-nb-incumbent-calibrated-v1","0e89c2948c77b348c5b6d3832cf6d4e7721ca7794f8f68f857d6ae82b9fe7d50","fc9a617e48969b5d524f9994bccb31de0cb028829b4c58a1999b77cf12c5a990","open_nb_incumbent","c65a4f90477e5b799e234d1a313ff333f6cce12cfc08de93e342d7718c252ff8","vector_w400_p0p010","be1392fd4b9fbfe747ea90c89a17413f72459d8ff708d6d80d1bf086973eb51e","2026-06-10","2026-11-13T16:59:59Z","elo_diff","xgf_ewma_diffmissing_or_zero_variance|xga_ewma_diffmissing_or_zero_variance|xgd_ewma_diffmissing_or_zero_variance|form_index_diff","35df2396dd44e92f03399f9dc760129286564fe12ef02187a69edb2f8c23465a"
"uefa_nations_league_2026_27","uefa_nations_league_2026_27-2047883","uefa_nations_league_2026_27-2047883","uefa_nations_league_2026_27-2047883__score",9,2,2,0.0409510333985247,0.780345739910858,0.219654260089142,"phase14-open-nb-incumbent-calibrated-v1","0e89c2948c77b348c5b6d3832cf6d4e7721ca7794f8f68f857d6ae82b9fe7d50","fc9a617e48969b5d524f9994bccb31de0cb028829b4c58a1999b77cf12c5a990","open_nb_incumbent","c65a4f90477e5b799e234d1a313ff333f6cce12cfc08de93e342d7718c252ff8","vector_w400_p0p010","be1392fd4b9fbfe747ea90c89a17413f72459d8ff708d6d80d1bf086973eb51e","2026-06-10","2026-11-13T16:59:59Z","elo_diff","xgf_ewma_diffmissing_or_zero_variance|xga_ewma_diffmissing_or_zero_variance|xgd_ewma_diffmissing_or_zero_variance|form_index_diff","e899171be1525c900bd4b39af546834026a08528d4102ed7320cb64babd61eb3"
"uefa_nations_league_2026_27","uefa_nations_league_2026_27-2047883","uefa_nations_league_2026_27-2047883","uefa_nations_league_2026_27-2047883__score",10,0,3,0.0361114920964532,0.780345739910858,0.219654260089142,"phase14-open-nb-incumbent-calibrated-v1","0e89c2948c77b348c5b6d3832cf6d4e7721ca7794f8f68f857d6ae82b9fe7d50","fc9a617e48969b5d524f9994bccb31de0cb028829b4c58a1999b77cf12c5a990","open_nb_incumbent","c65a4f90477e5b799e234d1a313ff333f6cce12cfc08de93e342d7718c252ff8","vector_w400_p0p010","be1392fd4b9fbfe747ea90c89a17413f72459d8ff708d6d80d1bf086973eb51e","2026-06-10","2026-11-13T16:59:59Z","elo_diff","xgf_ewma_diffmissing_or_zero_variance|xga_ewma_diffmissing_or_zero_variance|xgd_ewma_diffmissing_or_zero_variance|form_index_diff","3ef3e3db395d89a9e897296f644e11f938f17987d68bdad7f878c5f194175c44"
"uefa_nations_league_2026_27","uefa_nations_league_2026_27-2047884","uefa_nations_league_2026_27-2047884","uefa_nations_league_2026_27-2047884__score",1,1,0,0.119304171414766,0.783889825773902,0.216110174226098,"phase14-open-nb-incumbent-calibrated-v1","0e89c2948c77b348c5b6d3832cf6d4e7721ca7794f8f68f857d6ae82b9fe7d50","fc9a617e48969b5d524f9994bccb31de0cb028829b4c58a1999b77cf12c5a990","open_nb_incumbent","c65a4f90477e5b799e234d1a313ff333f6cce12cfc08de93e342d7718c252ff8","vector_w400_p0p010","be1392fd4b9fbfe747ea90c89a17413f72459d8ff708d6d80d1bf086973eb51e","2026-06-10","2026-11-13T19:44:59Z","elo_diff","xgf_ewma_diffmissing_or_zero_variance|xga_ewma_diffmissing_or_zero_variance|xgd_ewma_diffmissing_or_zero_variance|form_index_diff","901826b85ae1678282f9cde12f451bb30b5d4d80d59bb34ab6718e0fac4b2619"
"uefa_nations_league_2026_27","uefa_nations_league_2026_27-2047884","uefa_nations_league_2026_27-2047884","uefa_nations_league_2026_27-2047884__score",2,1,1,0.116334372188348,0.783889825773902,0.216110174226098,"phase14-open-nb-incumbent-calibrated-v1","0e89c2948c77b348c5b6d3832cf6d4e7721ca7794f8f68f857d6ae82b9fe7d50","fc9a617e48969b5d524f9994bccb31de0cb028829b4c58a1999b77cf12c5a990","open_nb_incumbent","c65a4f90477e5b799e234d1a313ff333f6cce12cfc08de93e342d7718c252ff8","vector_w400_p0p010","be1392fd4b9fbfe747ea90c89a17413f72459d8ff708d6d80d1bf086973eb51e","2026-06-10","2026-11-13T19:44:59Z","elo_diff","xgf_ewma_diffmissing_or_zero_variance|xga_ewma_diffmissing_or_zero_variance|xgd_ewma_diffmissing_or_zero_variance|form_index_diff","892563c065a308d583967446db1f2b59b03b682eeb00e887b26980aab0669ee0"
"uefa_nations_league_2026_27","uefa_nations_league_2026_27-2047884","uefa_nations_league_2026_27-2047884","uefa_nations_league_2026_27-2047884__score",3,0,0,0.102477965342048,0.783889825773902,0.216110174226098,"phase14-open-nb-incumbent-calibrated-v1","0e89c2948c77b348c5b6d3832cf6d4e7721ca7794f8f68f857d6ae82b9fe7d50","fc9a617e48969b5d524f9994bccb31de0cb028829b4c58a1999b77cf12c5a990","open_nb_incumbent","c65a4f90477e5b799e234d1a313ff333f6cce12cfc08de93e342d7718c252ff8","vector_w400_p0p010","be1392fd4b9fbfe747ea90c89a17413f72459d8ff708d6d80d1bf086973eb51e","2026-06-10","2026-11-13T19:44:59Z","elo_diff","xgf_ewma_diffmissing_or_zero_variance|xga_ewma_diffmissing_or_zero_variance|xgd_ewma_diffmissing_or_zero_variance|form_index_diff","b30b3068dcfc27ae8b458789e004a6fa2b0b0fcaee382f0486e2d512827bfb89"
"uefa_nations_league_2026_27","uefa_nations_league_2026_27-2047884","uefa_nations_league_2026_27-2047884","uefa_nations_league_2026_27-2047884__score",4,0,1,0.0999270152906902,0.783889825773902,0.216110174226098,"phase14-open-nb-incumbent-calibrated-v1","0e89c2948c77b348c5b6d3832cf6d4e7721ca7794f8f68f857d6ae82b9fe7d50","fc9a617e48969b5d524f9994bccb31de0cb028829b4c58a1999b77cf12c5a990","open_nb_incumbent","c65a4f90477e5b799e234d1a313ff333f6cce12cfc08de93e342d7718c252ff8","vector_w400_p0p010","be1392fd4b9fbfe747ea90c89a17413f72459d8ff708d6d80d1bf086973eb51e","2026-06-10","2026-11-13T19:44:59Z","elo_diff","xgf_ewma_diffmissing_or_zero_variance|xga_ewma_diffmissing_or_zero_variance|xgd_ewma_diffmissing_or_zero_variance|form_index_diff","9330f78ba653b487cdb45ed984043158af8fa256d4e0a9b0c9c5ab4a2da9ed54"
"uefa_nations_league_2026_27","uefa_nations_league_2026_27-2047884","uefa_nations_league_2026_27-2047884","uefa_nations_league_2026_27-2047884__score",5,2,0,0.0761665140985561,0.783889825773902,0.216110174226098,"phase14-open-nb-incumbent-calibrated-v1","0e89c2948c77b348c5b6d3832cf6d4e7721ca7794f8f68f857d6ae82b9fe7d50","fc9a617e48969b5d524f9994bccb31de0cb028829b4c58a1999b77cf12c5a990","open_nb_incumbent","c65a4f90477e5b799e234d1a313ff333f6cce12cfc08de93e342d7718c252ff8","vector_w400_p0p010","be1392fd4b9fbfe747ea90c89a17413f72459d8ff708d6d80d1bf086973eb51e","2026-06-10","2026-11-13T19:44:59Z","elo_diff","xgf_ewma_diffmissing_or_zero_variance|xga_ewma_diffmissing_or_zero_variance|xgd_ewma_diffmissing_or_zero_variance|form_index_diff","25f586c15d36b5d3cd5e7f04e50296faf0e1daf23a227d0f43ce701cca3feb5a"
"uefa_nations_league_2026_27","uefa_nations_league_2026_27-2047884","uefa_nations_league_2026_27-2047884","uefa_nations_league_2026_27-2047884__score",6,2,1,0.0742705262888552,0.783889825773902,0.216110174226098,"phase14-open-nb-incumbent-calibrated-v1","0e89c2948c77b348c5b6d3832cf6d4e7721ca7794f8f68f857d6ae82b9fe7d50","fc9a617e48969b5d524f9994bccb31de0cb028829b4c58a1999b77cf12c5a990","open_nb_incumbent","c65a4f90477e5b799e234d1a313ff333f6cce12cfc08de93e342d7718c252ff8","vector_w400_p0p010","be1392fd4b9fbfe747ea90c89a17413f72459d8ff708d6d80d1bf086973eb51e","2026-06-10","2026-11-13T19:44:59Z","elo_diff","xgf_ewma_diffmissing_or_zero_variance|xga_ewma_diffmissing_or_zero_variance|xgd_ewma_diffmissing_or_zero_variance|form_index_diff","3d16687df86c5435b2a05ded7901a0676f16a873756555aac53686f04714aa2d"
"uefa_nations_league_2026_27","uefa_nations_league_2026_27-2047884","uefa_nations_league_2026_27-2047884","uefa_nations_league_2026_27-2047884__score",7,1,2,0.0641196325064526,0.783889825773902,0.216110174226098,"phase14-open-nb-incumbent-calibrated-v1","0e89c2948c77b348c5b6d3832cf6d4e7721ca7794f8f68f857d6ae82b9fe7d50","fc9a617e48969b5d524f9994bccb31de0cb028829b4c58a1999b77cf12c5a990","open_nb_incumbent","c65a4f90477e5b799e234d1a313ff333f6cce12cfc08de93e342d7718c252ff8","vector_w400_p0p010","be1392fd4b9fbfe747ea90c89a17413f72459d8ff708d6d80d1bf086973eb51e","2026-06-10","2026-11-13T19:44:59Z","elo_diff","xgf_ewma_diffmissing_or_zero_variance|xga_ewma_diffmissing_or_zero_variance|xgd_ewma_diffmissing_or_zero_variance|form_index_diff","eb23a0dd396e367d9b2b565460399a4f3ab70c92de63c265f47bd7db9e5c9f80"
"uefa_nations_league_2026_27","uefa_nations_league_2026_27-2047884","uefa_nations_league_2026_27-2047884","uefa_nations_league_2026_27-2047884__score",8,0,2,0.0550764436802236,0.783889825773902,0.216110174226098,"phase14-open-nb-incumbent-calibrated-v1","0e89c2948c77b348c5b6d3832cf6d4e7721ca7794f8f68f857d6ae82b9fe7d50","fc9a617e48969b5d524f9994bccb31de0cb028829b4c58a1999b77cf12c5a990","open_nb_incumbent","c65a4f90477e5b799e234d1a313ff333f6cce12cfc08de93e342d7718c252ff8","vector_w400_p0p010","be1392fd4b9fbfe747ea90c89a17413f72459d8ff708d6d80d1bf086973eb51e","2026-06-10","2026-11-13T19:44:59Z","elo_diff","xgf_ewma_diffmissing_or_zero_variance|xga_ewma_diffmissing_or_zero_variance|xgd_ewma_diffmissing_or_zero_variance|form_index_diff","97654647aca836fb6dbbb374426bbf640814c9bd8eb99224cccc1b35960d8e97"
"uefa_nations_league_2026_27","uefa_nations_league_2026_27-2047884","uefa_nations_league_2026_27-2047884","uefa_nations_league_2026_27-2047884__score",9,2,2,0.040935441195248,0.783889825773902,0.216110174226098,"phase14-open-nb-incumbent-calibrated-v1","0e89c2948c77b348c5b6d3832cf6d4e7721ca7794f8f68f857d6ae82b9fe7d50","fc9a617e48969b5d524f9994bccb31de0cb028829b4c58a1999b77cf12c5a990","open_nb_incumbent","c65a4f90477e5b799e234d1a313ff333f6cce12cfc08de93e342d7718c252ff8","vector_w400_p0p010","be1392fd4b9fbfe747ea90c89a17413f72459d8ff708d6d80d1bf086973eb51e","2026-06-10","2026-11-13T19:44:59Z","elo_diff","xgf_ewma_diffmissing_or_zero_variance|xga_ewma_diffmissing_or_zero_variance|xgd_ewma_diffmissing_or_zero_variance|form_index_diff","e711e519f7fb5895d28675e58e4c83c077195fc4cb7f50bdd7b1ac57757ad765"
"uefa_nations_league_2026_27","uefa_nations_league_2026_27-2047884","uefa_nations_league_2026_27-2047884","uefa_nations_league_2026_27-2047884__score",10,3,0,0.0352777437687133,0.783889825773902,0.216110174226098,"phase14-open-nb-incumbent-calibrated-v1","0e89c2948c77b348c5b6d3832cf6d4e7721ca7794f8f68f857d6ae82b9fe7d50","fc9a617e48969b5d524f9994bccb31de0cb028829b4c58a1999b77cf12c5a990","open_nb_incumbent","c65a4f90477e5b799e234d1a313ff333f6cce12cfc08de93e342d7718c252ff8","vector_w400_p0p010","be1392fd4b9fbfe747ea90c89a17413f72459d8ff708d6d80d1bf086973eb51e","2026-06-10","2026-11-13T19:44:59Z","elo_diff","xgf_ewma_diffmissing_or_zero_variance|xga_ewma_diffmissing_or_zero_variance|xgd_ewma_diffmissing_or_zero_variance|form_index_diff","40b87850f32a19f02b54c443abb47edac4dd692772012b51b21296f9144a91a2"
"uefa_nations_league_2026_27","uefa_nations_league_2026_27-2047885","uefa_nations_league_2026_27-2047885","uefa_nations_league_2026_27-2047885__score",1,0,1,0.127841442287997,0.762612550380424,0.237387449619576,"phase14-open-nb-incumbent-calibrated-v1","0e89c2948c77b348c5b6d3832cf6d4e7721ca7794f8f68f857d6ae82b9fe7d50","fc9a617e48969b5d524f9994bccb31de0cb028829b4c58a1999b77cf12c5a990","open_nb_incumbent","c65a4f90477e5b799e234d1a313ff333f6cce12cfc08de93e342d7718c252ff8","vector_w400_p0p010","be1392fd4b9fbfe747ea90c89a17413f72459d8ff708d6d80d1bf086973eb51e","2026-06-10","2026-11-13T19:44:59Z","elo_diff","xgf_ewma_diffmissing_or_zero_variance|xga_ewma_diffmissing_or_zero_variance|xgd_ewma_diffmissing_or_zero_variance|form_index_diff","79889f29b1657ccff5bea9a221e9e54b8afc6bcb19e3b7989c66a515b89a0b79"
"uefa_nations_league_2026_27","uefa_nations_league_2026_27-2047885","uefa_nations_league_2026_27-2047885","uefa_nations_league_2026_27-2047885__score",2,0,2,0.117732545362758,0.762612550380424,0.237387449619576,"phase14-open-nb-incumbent-calibrated-v1","0e89c2948c77b348c5b6d3832cf6d4e7721ca7794f8f68f857d6ae82b9fe7d50","fc9a617e48969b5d524f9994bccb31de0cb028829b4c58a1999b77cf12c5a990","open_nb_incumbent","c65a4f90477e5b799e234d1a313ff333f6cce12cfc08de93e342d7718c252ff8","vector_w400_p0p010","be1392fd4b9fbfe747ea90c89a17413f72459d8ff708d6d80d1bf086973eb51e","2026-06-10","2026-11-13T19:44:59Z","elo_diff","xgf_ewma_diffmissing_or_zero_variance|xga_ewma_diffmissing_or_zero_variance|xgd_ewma_diffmissing_or_zero_variance|form_index_diff","81341ea348086545c3cb81efe4898ea0dd1052c66701e73ce938616cbbe30458"
"uefa_nations_league_2026_27","uefa_nations_league_2026_27-2047885","uefa_nations_league_2026_27-2047885","uefa_nations_league_2026_27-2047885__score",3,1,1,0.0881237508074966,0.762612550380424,0.237387449619576,"phase14-open-nb-incumbent-calibrated-v1","0e89c2948c77b348c5b6d3832cf6d4e7721ca7794f8f68f857d6ae82b9fe7d50","fc9a617e48969b5d524f9994bccb31de0cb028829b4c58a1999b77cf12c5a990","open_nb_incumbent","c65a4f90477e5b799e234d1a313ff333f6cce12cfc08de93e342d7718c252ff8","vector_w400_p0p010","be1392fd4b9fbfe747ea90c89a17413f72459d8ff708d6d80d1bf086973eb51e","2026-06-10","2026-11-13T19:44:59Z","elo_diff","xgf_ewma_diffmissing_or_zero_variance|xga_ewma_diffmissing_or_zero_variance|xgd_ewma_diffmissing_or_zero_variance|form_index_diff","d85400830fdb943032c41d43d145e661a66cd9a797198be158756cf7310c30db"
"uefa_nations_league_2026_27","uefa_nations_league_2026_27-2047885","uefa_nations_league_2026_27-2047885","uefa_nations_league_2026_27-2047885__score",4,1,2,0.0811554790355653,0.762612550380424,0.237387449619576,"phase14-open-nb-incumbent-calibrated-v1","0e89c2948c77b348c5b6d3832cf6d4e7721ca7794f8f68f857d6ae82b9fe7d50","fc9a617e48969b5d524f9994bccb31de0cb028829b4c58a1999b77cf12c5a990","open_nb_incumbent","c65a4f90477e5b799e234d1a313ff333f6cce12cfc08de93e342d7718c252ff8","vector_w400_p0p010","be1392fd4b9fbfe747ea90c89a17413f72459d8ff708d6d80d1bf086973eb51e","2026-06-10","2026-11-13T19:44:59Z","elo_diff","xgf_ewma_diffmissing_or_zero_variance|xga_ewma_diffmissing_or_zero_variance|xgd_ewma_diffmissing_or_zero_variance|form_index_diff","dcb34929e904ce3ef91f35bef36a4e7589ae5a7f9dfeeb7d3c83be1bbb746422"
"uefa_nations_league_2026_27","uefa_nations_league_2026_27-2047885","uefa_nations_league_2026_27-2047885","uefa_nations_league_2026_27-2047885__score",5,0,3,0.0806244418585255,0.762612550380424,0.237387449619576,"phase14-open-nb-incumbent-calibrated-v1","0e89c2948c77b348c5b6d3832cf6d4e7721ca7794f8f68f857d6ae82b9fe7d50","fc9a617e48969b5d524f9994bccb31de0cb028829b4c58a1999b77cf12c5a990","open_nb_incumbent","c65a4f90477e5b799e234d1a313ff333f6cce12cfc08de93e342d7718c252ff8","vector_w400_p0p010","be1392fd4b9fbfe747ea90c89a17413f72459d8ff708d6d80d1bf086973eb51e","2026-06-10","2026-11-13T19:44:59Z","elo_diff","xgf_ewma_diffmissing_or_zero_variance|xga_ewma_diffmissing_or_zero_variance|xgd_ewma_diffmissing_or_zero_variance|form_index_diff","2cfb541f9d03c78c729e54e616a4ff8616630051abd0baf177236af2efe095b3"
"uefa_nations_league_2026_27","uefa_nations_league_2026_27-2047885","uefa_nations_league_2026_27-2047885","uefa_nations_league_2026_27-2047885__score",6,0,0,0.0784652462901424,0.762612550380424,0.237387449619576,"phase14-open-nb-incumbent-calibrated-v1","0e89c2948c77b348c5b6d3832cf6d4e7721ca7794f8f68f857d6ae82b9fe7d50","fc9a617e48969b5d524f9994bccb31de0cb028829b4c58a1999b77cf12c5a990","open_nb_incumbent","c65a4f90477e5b799e234d1a313ff333f6cce12cfc08de93e342d7718c252ff8","vector_w400_p0p010","be1392fd4b9fbfe747ea90c89a17413f72459d8ff708d6d80d1bf086973eb51e","2026-06-10","2026-11-13T19:44:59Z","elo_diff","xgf_ewma_diffmissing_or_zero_variance|xga_ewma_diffmissing_or_zero_variance|xgd_ewma_diffmissing_or_zero_variance|form_index_diff","140ae3beb70616f0e6ef9b7a48050019856f9ee7d934ac5c000f05153bd1dad1"
"uefa_nations_league_2026_27","uefa_nations_league_2026_27-2047885","uefa_nations_league_2026_27-2047885","uefa_nations_league_2026_27-2047885__score",7,1,3,0.0555760956398508,0.762612550380424,0.237387449619576,"phase14-open-nb-incumbent-calibrated-v1","0e89c2948c77b348c5b6d3832cf6d4e7721ca7794f8f68f857d6ae82b9fe7d50","fc9a617e48969b5d524f9994bccb31de0cb028829b4c58a1999b77cf12c5a990","open_nb_incumbent","c65a4f90477e5b799e234d1a313ff333f6cce12cfc08de93e342d7718c252ff8","vector_w400_p0p010","be1392fd4b9fbfe747ea90c89a17413f72459d8ff708d6d80d1bf086973eb51e","2026-06-10","2026-11-13T19:44:59Z","elo_diff","xgf_ewma_diffmissing_or_zero_variance|xga_ewma_diffmissing_or_zero_variance|xgd_ewma_diffmissing_or_zero_variance|form_index_diff","99fa5e6f935d9813b705bb7f304c8658d991803dc9ca9c6d29a90b5ee74e1002"
"uefa_nations_league_2026_27","uefa_nations_league_2026_27-2047885","uefa_nations_league_2026_27-2047885","uefa_nations_league_2026_27-2047885__score",8,1,0,0.0540877174675818,0.762612550380424,0.237387449619576,"phase14-open-nb-incumbent-calibrated-v1","0e89c2948c77b348c5b6d3832cf6d4e7721ca7794f8f68f857d6ae82b9fe7d50","fc9a617e48969b5d524f9994bccb31de0cb028829b4c58a1999b77cf12c5a990","open_nb_incumbent","c65a4f90477e5b799e234d1a313ff333f6cce12cfc08de93e342d7718c252ff8","vector_w400_p0p010","be1392fd4b9fbfe747ea90c89a17413f72459d8ff708d6d80d1bf086973eb51e","2026-06-10","2026-11-13T19:44:59Z","elo_diff","xgf_ewma_diffmissing_or_zero_variance|xga_ewma_diffmissing_or_zero_variance|xgd_ewma_diffmissing_or_zero_variance|form_index_diff","cebc1bba5ea7cc5a80c8c722ffc645b1e17c159b684c3c8f550b5a53e40de1b8"
"uefa_nations_league_2026_27","uefa_nations_league_2026_27-2047885","uefa_nations_league_2026_27-2047885","uefa_nations_league_2026_27-2047885__score",9,0,4,0.0456940698600683,0.762612550380424,0.237387449619576,"phase14-open-nb-incumbent-calibrated-v1","0e89c2948c77b348c5b6d3832cf6d4e7721ca7794f8f68f857d6ae82b9fe7d50","fc9a617e48969b5d524f9994bccb31de0cb028829b4c58a1999b77cf12c5a990","open_nb_incumbent","c65a4f90477e5b799e234d1a313ff333f6cce12cfc08de93e342d7718c252ff8","vector_w400_p0p010","be1392fd4b9fbfe747ea90c89a17413f72459d8ff708d6d80d1bf086973eb51e","2026-06-10","2026-11-13T19:44:59Z","elo_diff","xgf_ewma_diffmissing_or_zero_variance|xga_ewma_diffmissing_or_zero_variance|xgd_ewma_diffmissing_or_zero_variance|form_index_diff","3464cbf94c989af1131488c149f35c9db00a63cbcca2257bb2018de8c5f5ae70"
"uefa_nations_league_2026_27","uefa_nations_league_2026_27-2047885","uefa_nations_league_2026_27-2047885","uefa_nations_league_2026_27-2047885__score",10,2,1,0.0333117617704383,0.762612550380424,0.237387449619576,"phase14-open-nb-incumbent-calibrated-v1","0e89c2948c77b348c5b6d3832cf6d4e7721ca7794f8f68f857d6ae82b9fe7d50","fc9a617e48969b5d524f9994bccb31de0cb028829b4c58a1999b77cf12c5a990","open_nb_incumbent","c65a4f90477e5b799e234d1a313ff333f6cce12cfc08de93e342d7718c252ff8","vector_w400_p0p010","be1392fd4b9fbfe747ea90c89a17413f72459d8ff708d6d80d1bf086973eb51e","2026-06-10","2026-11-13T19:44:59Z","elo_diff","xgf_ewma_diffmissing_or_zero_variance|xga_ewma_diffmissing_or_zero_variance|xgd_ewma_diffmissing_or_zero_variance|form_index_diff","e3356176d93a8fa7c297ff54f114878e9dd492d60da95eb00c534922c3902627"
"uefa_nations_league_2026_27","uefa_nations_league_2026_27-2047886","uefa_nations_league_2026_27-2047886","uefa_nations_league_2026_27-2047886__score",1,1,0,0.13429746221755,0.781778673672322,0.218221326327678,"phase14-open-nb-incumbent-calibrated-v1","0e89c2948c77b348c5b6d3832cf6d4e7721ca7794f8f68f857d6ae82b9fe7d50","fc9a617e48969b5d524f9994bccb31de0cb028829b4c58a1999b77cf12c5a990","open_nb_incumbent","c65a4f90477e5b799e234d1a313ff333f6cce12cfc08de93e342d7718c252ff8","vector_w400_p0p010","be1392fd4b9fbfe747ea90c89a17413f72459d8ff708d6d80d1bf086973eb51e","2026-06-10","2026-11-13T19:44:59Z","elo_diff","xgf_ewma_diffmissing_or_zero_variance|xga_ewma_diffmissing_or_zero_variance|xgd_ewma_diffmissing_or_zero_variance|form_index_diff","3a781c48d1af142470116aab93915ee7e243f42f5d0beaf1909eaada35d37dae"
"uefa_nations_league_2026_27","uefa_nations_league_2026_27-2047886","uefa_nations_league_2026_27-2047886","uefa_nations_league_2026_27-2047886__score",2,2,0,0.131026323116258,0.781778673672322,0.218221326327678,"phase14-open-nb-incumbent-calibrated-v1","0e89c2948c77b348c5b6d3832cf6d4e7721ca7794f8f68f857d6ae82b9fe7d50","fc9a617e48969b5d524f9994bccb31de0cb028829b4c58a1999b77cf12c5a990","open_nb_incumbent","c65a4f90477e5b799e234d1a313ff333f6cce12cfc08de93e342d7718c252ff8","vector_w400_p0p010","be1392fd4b9fbfe747ea90c89a17413f72459d8ff708d6d80d1bf086973eb51e","2026-06-10","2026-11-13T19:44:59Z","elo_diff","xgf_ewma_diffmissing_or_zero_variance|xga_ewma_diffmissing_or_zero_variance|xgd_ewma_diffmissing_or_zero_variance|form_index_diff","750ed50bcef39fcc76201cc9ecceca714281742a901d18e99c7c66cff53ff9c3"
"uefa_nations_league_2026_27","uefa_nations_league_2026_27-2047886","uefa_nations_league_2026_27-2047886","uefa_nations_league_2026_27-2047886__score",3,3,0,0.0927422381927923,0.781778673672322,0.218221326327678,"phase14-open-nb-incumbent-calibrated-v1","0e89c2948c77b348c5b6d3832cf6d4e7721ca7794f8f68f857d6ae82b9fe7d50","fc9a617e48969b5d524f9994bccb31de0cb028829b4c58a1999b77cf12c5a990","open_nb_incumbent","c65a4f90477e5b799e234d1a313ff333f6cce12cfc08de93e342d7718c252ff8","vector_w400_p0p010","be1392fd4b9fbfe747ea90c89a17413f72459d8ff708d6d80d1bf086973eb51e","2026-06-10","2026-11-13T19:44:59Z","elo_diff","xgf_ewma_diffmissing_or_zero_variance|xga_ewma_diffmissing_or_zero_variance|xgd_ewma_diffmissing_or_zero_variance|form_index_diff","7b009a1464cd5097a2940a03d4a92be31e149a0931ff0c0ea64f993326e47520"
"uefa_nations_league_2026_27","uefa_nations_league_2026_27-2047886","uefa_nations_league_2026_27-2047886","uefa_nations_league_2026_27-2047886__score",4,1,1,0.0813889298586976,0.781778673672322,0.218221326327678,"phase14-open-nb-incumbent-calibrated-v1","0e89c2948c77b348c5b6d3832cf6d4e7721ca7794f8f68f857d6ae82b9fe7d50","fc9a617e48969b5d524f9994bccb31de0cb028829b4c58a1999b77cf12c5a990","open_nb_incumbent","c65a4f90477e5b799e234d1a313ff333f6cce12cfc08de93e342d7718c252ff8","vector_w400_p0p010","be1392fd4b9fbfe747ea90c89a17413f72459d8ff708d6d80d1bf086973eb51e","2026-06-10","2026-11-13T19:44:59Z","elo_diff","xgf_ewma_diffmissing_or_zero_variance|xga_ewma_diffmissing_or_zero_variance|xgd_ewma_diffmissing_or_zero_variance|form_index_diff","e02bce6f791202e050660ca13a09a99211e03b494200833a717b9fbc4982e6f1"
"uefa_nations_league_2026_27","uefa_nations_league_2026_27-2047886","uefa_nations_league_2026_27-2047886","uefa_nations_league_2026_27-2047886__score",5,2,1,0.0794065058688699,0.781778673672322,0.218221326327678,"phase14-open-nb-incumbent-calibrated-v1","0e89c2948c77b348c5b6d3832cf6d4e7721ca7794f8f68f857d6ae82b9fe7d50","fc9a617e48969b5d524f9994bccb31de0cb028829b4c58a1999b77cf12c5a990","open_nb_incumbent","c65a4f90477e5b799e234d1a313ff333f6cce12cfc08de93e342d7718c252ff8","vector_w400_p0p010","be1392fd4b9fbfe747ea90c89a17413f72459d8ff708d6d80d1bf086973eb51e","2026-06-10","2026-11-13T19:44:59Z","elo_diff","xgf_ewma_diffmissing_or_zero_variance|xga_ewma_diffmissing_or_zero_variance|xgd_ewma_diffmissing_or_zero_variance|form_index_diff","6679544f91874ceeeebf1ef4f762638c34257627a00e97e44aac152c369ad751"
"uefa_nations_league_2026_27","uefa_nations_league_2026_27-2047886","uefa_nations_league_2026_27-2047886","uefa_nations_league_2026_27-2047886__score",6,0,0,0.0754849504355995,0.781778673672322,0.218221326327678,"phase14-open-nb-incumbent-calibrated-v1","0e89c2948c77b348c5b6d3832cf6d4e7721ca7794f8f68f857d6ae82b9fe7d50","fc9a617e48969b5d524f9994bccb31de0cb028829b4c58a1999b77cf12c5a990","open_nb_incumbent","c65a4f90477e5b799e234d1a313ff333f6cce12cfc08de93e342d7718c252ff8","vector_w400_p0p010","be1392fd4b9fbfe747ea90c89a17413f72459d8ff708d6d80d1bf086973eb51e","2026-06-10","2026-11-13T19:44:59Z","elo_diff","xgf_ewma_diffmissing_or_zero_variance|xga_ewma_diffmissing_or_zero_variance|xgd_ewma_diffmissing_or_zero_variance|form_index_diff","1cac1e36be0abdd0191d6f797197604b1713babb7cf818863ca72f25cda87dfc"
"uefa_nations_league_2026_27","uefa_nations_league_2026_27-2047886","uefa_nations_league_2026_27-2047886","uefa_nations_league_2026_27-2047886__score",7,3,1,0.0562050197715903,0.781778673672322,0.218221326327678,"phase14-open-nb-incumbent-calibrated-v1","0e89c2948c77b348c5b6d3832cf6d4e7721ca7794f8f68f857d6ae82b9fe7d50","fc9a617e48969b5d524f9994bccb31de0cb028829b4c58a1999b77cf12c5a990","open_nb_incumbent","c65a4f90477e5b799e234d1a313ff333f6cce12cfc08de93e342d7718c252ff8","vector_w400_p0p010","be1392fd4b9fbfe747ea90c89a17413f72459d8ff708d6d80d1bf086973eb51e","2026-06-10","2026-11-13T19:44:59Z","elo_diff","xgf_ewma_diffmissing_or_zero_variance|xga_ewma_diffmissing_or_zero_variance|xgd_ewma_diffmissing_or_zero_variance|form_index_diff","014f9a339f405acb07f2bd9d1e6b16674e30b061dd77b5221e9ab4f5f18bd246"
"uefa_nations_league_2026_27","uefa_nations_league_2026_27-2047886","uefa_nations_league_2026_27-2047886","uefa_nations_league_2026_27-2047886__score",8,4,0,0.0532247140138847,0.781778673672322,0.218221326327678,"phase14-open-nb-incumbent-calibrated-v1","0e89c2948c77b348c5b6d3832cf6d4e7721ca7794f8f68f857d6ae82b9fe7d50","fc9a617e48969b5d524f9994bccb31de0cb028829b4c58a1999b77cf12c5a990","open_nb_incumbent","c65a4f90477e5b799e234d1a313ff333f6cce12cfc08de93e342d7718c252ff8","vector_w400_p0p010","be1392fd4b9fbfe747ea90c89a17413f72459d8ff708d6d80d1bf086973eb51e","2026-06-10","2026-11-13T19:44:59Z","elo_diff","xgf_ewma_diffmissing_or_zero_variance|xga_ewma_diffmissing_or_zero_variance|xgd_ewma_diffmissing_or_zero_variance|form_index_diff","dd6241b8957aba01d541014c89b41cb179a89f09c708f64274ff4061576eb74f"
"uefa_nations_league_2026_27","uefa_nations_league_2026_27-2047886","uefa_nations_league_2026_27-2047886","uefa_nations_league_2026_27-2047886__score",9,0,1,0.0457465035820121,0.781778673672322,0.218221326327678,"phase14-open-nb-incumbent-calibrated-v1","0e89c2948c77b348c5b6d3832cf6d4e7721ca7794f8f68f857d6ae82b9fe7d50","fc9a617e48969b5d524f9994bccb31de0cb028829b4c58a1999b77cf12c5a990","open_nb_incumbent","c65a4f90477e5b799e234d1a313ff333f6cce12cfc08de93e342d7718c252ff8","vector_w400_p0p010","be1392fd4b9fbfe747ea90c89a17413f72459d8ff708d6d80d1bf086973eb51e","2026-06-10","2026-11-13T19:44:59Z","elo_diff","xgf_ewma_diffmissing_or_zero_variance|xga_ewma_diffmissing_or_zero_variance|xgd_ewma_diffmissing_or_zero_variance|form_index_diff","0d4d4801acee50e8bc58eba9caa957fad29629d4083a836bf8b71ffcf454050f"
"uefa_nations_league_2026_27","uefa_nations_league_2026_27-2047886","uefa_nations_league_2026_27-2047886","uefa_nations_league_2026_27-2047886__score",10,4,1,0.0322560266150674,0.781778673672322,0.218221326327678,"phase14-open-nb-incumbent-calibrated-v1","0e89c2948c77b348c5b6d3832cf6d4e7721ca7794f8f68f857d6ae82b9fe7d50","fc9a617e48969b5d524f9994bccb31de0cb028829b4c58a1999b77cf12c5a990","open_nb_incumbent","c65a4f90477e5b799e234d1a313ff333f6cce12cfc08de93e342d7718c252ff8","vector_w400_p0p010","be1392fd4b9fbfe747ea90c89a17413f72459d8ff708d6d80d1bf086973eb51e","2026-06-10","2026-11-13T19:44:59Z","elo_diff","xgf_ewma_diffmissing_or_zero_variance|xga_ewma_diffmissing_or_zero_variance|xgd_ewma_diffmissing_or_zero_variance|form_index_diff","c8520d2c1a106a2db7ac7fa3fee824d58dc03697ffb75c0367bfc5872f80014c"
"uefa_nations_league_2026_27","uefa_nations_league_2026_27-2047887","uefa_nations_league_2026_27-2047887","uefa_nations_league_2026_27-2047887__score",1,0,1,0.122018355939371,0.777294899187806,0.222705100812194,"phase14-open-nb-incumbent-calibrated-v1","0e89c2948c77b348c5b6d3832cf6d4e7721ca7794f8f68f857d6ae82b9fe7d50","fc9a617e48969b5d524f9994bccb31de0cb028829b4c58a1999b77cf12c5a990","open_nb_incumbent","c65a4f90477e5b799e234d1a313ff333f6cce12cfc08de93e342d7718c252ff8","vector_w400_p0p010","be1392fd4b9fbfe747ea90c89a17413f72459d8ff708d6d80d1bf086973eb51e","2026-06-10","2026-11-13T19:44:59Z","elo_diff","xgf_ewma_diffmissing_or_zero_variance|xga_ewma_diffmissing_or_zero_variance|xgd_ewma_diffmissing_or_zero_variance|form_index_diff","93f86cb63831921f99d83c0f7c210d877dbc78f1831feea760f8ceea3ccb5885"
"uefa_nations_league_2026_27","uefa_nations_league_2026_27-2047887","uefa_nations_league_2026_27-2047887","uefa_nations_league_2026_27-2047887__score",2,1,1,0.112779108743111,0.777294899187806,0.222705100812194,"phase14-open-nb-incumbent-calibrated-v1","0e89c2948c77b348c5b6d3832cf6d4e7721ca7794f8f68f857d6ae82b9fe7d50","fc9a617e48969b5d524f9994bccb31de0cb028829b4c58a1999b77cf12c5a990","open_nb_incumbent","c65a4f90477e5b799e234d1a313ff333f6cce12cfc08de93e342d7718c252ff8","vector_w400_p0p010","be1392fd4b9fbfe747ea90c89a17413f72459d8ff708d6d80d1bf086973eb51e","2026-06-10","2026-11-13T19:44:59Z","elo_diff","xgf_ewma_diffmissing_or_zero_variance|xga_ewma_diffmissing_or_zero_variance|xgd_ewma_diffmissing_or_zero_variance|form_index_diff","269de1c563d73c467cd26c6ba62642666a1dbb3cc4bdca575c94b86dff0562d9"
"uefa_nations_league_2026_27","uefa_nations_league_2026_27-2047887","uefa_nations_league_2026_27-2047887","uefa_nations_league_2026_27-2047887__score",3,0,0,0.0988577387375297,0.777294899187806,0.222705100812194,"phase14-open-nb-incumbent-calibrated-v1","0e89c2948c77b348c5b6d3832cf6d4e7721ca7794f8f68f857d6ae82b9fe7d50","fc9a617e48969b5d524f9994bccb31de0cb028829b4c58a1999b77cf12c5a990","open_nb_incumbent","c65a4f90477e5b799e234d1a313ff333f6cce12cfc08de93e342d7718c252ff8","vector_w400_p0p010","be1392fd4b9fbfe747ea90c89a17413f72459d8ff708d6d80d1bf086973eb51e","2026-06-10","2026-11-13T19:44:59Z","elo_diff","xgf_ewma_diffmissing_or_zero_variance|xga_ewma_diffmissing_or_zero_variance|xgd_ewma_diffmissing_or_zero_variance|form_index_diff","b14295783e0502b27d7f6fd4591a5c412e035e286b0da8b61aae058532107d82"
"uefa_nations_league_2026_27","uefa_nations_league_2026_27-2047887","uefa_nations_league_2026_27-2047887","uefa_nations_league_2026_27-2047887__score",4,1,0,0.0913722167566143,0.777294899187806,0.222705100812194,"phase14-open-nb-incumbent-calibrated-v1","0e89c2948c77b348c5b6d3832cf6d4e7721ca7794f8f68f857d6ae82b9fe7d50","fc9a617e48969b5d524f9994bccb31de0cb028829b4c58a1999b77cf12c5a990","open_nb_incumbent","c65a4f90477e5b799e234d1a313ff333f6cce12cfc08de93e342d7718c252ff8","vector_w400_p0p010","be1392fd4b9fbfe747ea90c89a17413f72459d8ff708d6d80d1bf086973eb51e","2026-06-10","2026-11-13T19:44:59Z","elo_diff","xgf_ewma_diffmissing_or_zero_variance|xga_ewma_diffmissing_or_zero_variance|xgd_ewma_diffmissing_or_zero_variance|form_index_diff","aca3da8b821375f4b8d3ec3b14f2fedd6758a455c08464667ba8d034d787e838"
"uefa_nations_league_2026_27","uefa_nations_league_2026_27-2047887","uefa_nations_league_2026_27-2047887","uefa_nations_league_2026_27-2047887__score",5,0,2,0.0851275664584785,0.777294899187806,0.222705100812194,"phase14-open-nb-incumbent-calibrated-v1","0e89c2948c77b348c5b6d3832cf6d4e7721ca7794f8f68f857d6ae82b9fe7d50","fc9a617e48969b5d524f9994bccb31de0cb028829b4c58a1999b77cf12c5a990","open_nb_incumbent","c65a4f90477e5b799e234d1a313ff333f6cce12cfc08de93e342d7718c252ff8","vector_w400_p0p010","be1392fd4b9fbfe747ea90c89a17413f72459d8ff708d6d80d1bf086973eb51e","2026-06-10","2026-11-13T19:44:59Z","elo_diff","xgf_ewma_diffmissing_or_zero_variance|xga_ewma_diffmissing_or_zero_variance|xgd_ewma_diffmissing_or_zero_variance|form_index_diff","6081dbd1cfa0dec9e712f8b95191a7fdd38bd12ec4885e7276442f94998cf423"
"uefa_nations_league_2026_27","uefa_nations_league_2026_27-2047887","uefa_nations_league_2026_27-2047887","uefa_nations_league_2026_27-2047887__score",6,1,2,0.0786816950674827,0.777294899187806,0.222705100812194,"phase14-open-nb-incumbent-calibrated-v1","0e89c2948c77b348c5b6d3832cf6d4e7721ca7794f8f68f857d6ae82b9fe7d50","fc9a617e48969b5d524f9994bccb31de0cb028829b4c58a1999b77cf12c5a990","open_nb_incumbent","c65a4f90477e5b799e234d1a313ff333f6cce12cfc08de93e342d7718c252ff8","vector_w400_p0p010","be1392fd4b9fbfe747ea90c89a17413f72459d8ff708d6d80d1bf086973eb51e","2026-06-10","2026-11-13T19:44:59Z","elo_diff","xgf_ewma_diffmissing_or_zero_variance|xga_ewma_diffmissing_or_zero_variance|xgd_ewma_diffmissing_or_zero_variance|form_index_diff","33c7515a6e5af32cea34079a356c4c9b351258434fb477990729c5c815e6d7cf"
"uefa_nations_league_2026_27","uefa_nations_league_2026_27-2047887","uefa_nations_league_2026_27-2047887","uefa_nations_league_2026_27-2047887__score",7,2,1,0.0571630592707043,0.777294899187806,0.222705100812194,"phase14-open-nb-incumbent-calibrated-v1","0e89c2948c77b348c5b6d3832cf6d4e7721ca7794f8f68f857d6ae82b9fe7d50","fc9a617e48969b5d524f9994bccb31de0cb028829b4c58a1999b77cf12c5a990","open_nb_incumbent","c65a4f90477e5b799e234d1a313ff333f6cce12cfc08de93e342d7718c252ff8","vector_w400_p0p010","be1392fd4b9fbfe747ea90c89a17413f72459d8ff708d6d80d1bf086973eb51e","2026-06-10","2026-11-13T19:44:59Z","elo_diff","xgf_ewma_diffmissing_or_zero_variance|xga_ewma_diffmissing_or_zero_variance|xgd_ewma_diffmissing_or_zero_variance|form_index_diff","6cb6b81adbad8d22db5106673312bc3b89a69d969934c0289c8d42642c5cd4d9"
"uefa_nations_league_2026_27","uefa_nations_league_2026_27-2047887","uefa_nations_league_2026_27-2047887","uefa_nations_league_2026_27-2047887__score",8,2,0,0.0463127923279765,0.777294899187806,0.222705100812194,"phase14-open-nb-incumbent-calibrated-v1","0e89c2948c77b348c5b6d3832cf6d4e7721ca7794f8f68f857d6ae82b9fe7d50","fc9a617e48969b5d524f9994bccb31de0cb028829b4c58a1999b77cf12c5a990","open_nb_incumbent","c65a4f90477e5b799e234d1a313ff333f6cce12cfc08de93e342d7718c252ff8","vector_w400_p0p010","be1392fd4b9fbfe747ea90c89a17413f72459d8ff708d6d80d1bf086973eb51e","2026-06-10","2026-11-13T19:44:59Z","elo_diff","xgf_ewma_diffmissing_or_zero_variance|xga_ewma_diffmissing_or_zero_variance|xgd_ewma_diffmissing_or_zero_variance|form_index_diff","4eab4527a80992da34288784f41c5caf768a4b23f43c91f50451525d967d5eb1"
"uefa_nations_league_2026_27","uefa_nations_league_2026_27-2047887","uefa_nations_league_2026_27-2047887","uefa_nations_league_2026_27-2047887__score",9,0,3,0.0441632050130358,0.777294899187806,0.222705100812194,"phase14-open-nb-incumbent-calibrated-v1","0e89c2948c77b348c5b6d3832cf6d4e7721ca7794f8f68f857d6ae82b9fe7d50","fc9a617e48969b5d524f9994bccb31de0cb028829b4c58a1999b77cf12c5a990","open_nb_incumbent","c65a4f90477e5b799e234d1a313ff333f6cce12cfc08de93e342d7718c252ff8","vector_w400_p0p010","be1392fd4b9fbfe747ea90c89a17413f72459d8ff708d6d80d1bf086973eb51e","2026-06-10","2026-11-13T19:44:59Z","elo_diff","xgf_ewma_diffmissing_or_zero_variance|xga_ewma_diffmissing_or_zero_variance|xgd_ewma_diffmissing_or_zero_variance|form_index_diff","7b21391fc20606bd5a5b8ca3f001ed8659d741622082750cde683582ddc1648d"
"uefa_nations_league_2026_27","uefa_nations_league_2026_27-2047887","uefa_nations_league_2026_27-2047887","uefa_nations_league_2026_27-2047887__score",10,1,3,0.0408191608735025,0.777294899187806,0.222705100812194,"phase14-open-nb-incumbent-calibrated-v1","0e89c2948c77b348c5b6d3832cf6d4e7721ca7794f8f68f857d6ae82b9fe7d50","fc9a617e48969b5d524f9994bccb31de0cb028829b4c58a1999b77cf12c5a990","open_nb_incumbent","c65a4f90477e5b799e234d1a313ff333f6cce12cfc08de93e342d7718c252ff8","vector_w400_p0p010","be1392fd4b9fbfe747ea90c89a17413f72459d8ff708d6d80d1bf086973eb51e","2026-06-10","2026-11-13T19:44:59Z","elo_diff","xgf_ewma_diffmissing_or_zero_variance|xga_ewma_diffmissing_or_zero_variance|xgd_ewma_diffmissing_or_zero_variance|form_index_diff","de9eb63862e9b7ed83a4057222ae0d713f2cad26fd4a27a69b84336a5d434b3b"
"uefa_nations_league_2026_27","uefa_nations_league_2026_27-2047888","uefa_nations_league_2026_27-2047888","uefa_nations_league_2026_27-2047888__score",1,1,0,0.136937828823547,0.783290483433548,0.216709516566452,"phase14-open-nb-incumbent-calibrated-v1","0e89c2948c77b348c5b6d3832cf6d4e7721ca7794f8f68f857d6ae82b9fe7d50","fc9a617e48969b5d524f9994bccb31de0cb028829b4c58a1999b77cf12c5a990","open_nb_incumbent","c65a4f90477e5b799e234d1a313ff333f6cce12cfc08de93e342d7718c252ff8","vector_w400_p0p010","be1392fd4b9fbfe747ea90c89a17413f72459d8ff708d6d80d1bf086973eb51e","2026-06-10","2026-11-13T19:44:59Z","elo_diff","xgf_ewma_diffmissing_or_zero_variance|xga_ewma_diffmissing_or_zero_variance|xgd_ewma_diffmissing_or_zero_variance|form_index_diff","ea7f625954b0f31851259233ffa9173882337594c55dd5884ad5f82d53dc9a2e"
"uefa_nations_league_2026_27","uefa_nations_league_2026_27-2047888","uefa_nations_league_2026_27-2047888","uefa_nations_league_2026_27-2047888__score",2,2,0,0.122076433723665,0.783290483433548,0.216709516566452,"phase14-open-nb-incumbent-calibrated-v1","0e89c2948c77b348c5b6d3832cf6d4e7721ca7794f8f68f857d6ae82b9fe7d50","fc9a617e48969b5d524f9994bccb31de0cb028829b4c58a1999b77cf12c5a990","open_nb_incumbent","c65a4f90477e5b799e234d1a313ff333f6cce12cfc08de93e342d7718c252ff8","vector_w400_p0p010","be1392fd4b9fbfe747ea90c89a17413f72459d8ff708d6d80d1bf086973eb51e","2026-06-10","2026-11-13T19:44:59Z","elo_diff","xgf_ewma_diffmissing_or_zero_variance|xga_ewma_diffmissing_or_zero_variance|xgd_ewma_diffmissing_or_zero_variance|form_index_diff","4536e1fa943cbcbdc68c2812d8f22f281c20c618855849d221c8a2c71f57ed5d"
"uefa_nations_league_2026_27","uefa_nations_league_2026_27-2047888","uefa_nations_league_2026_27-2047888","uefa_nations_league_2026_27-2047888__score",3,1,1,0.0922851703786059,0.783290483433548,0.216709516566452,"phase14-open-nb-incumbent-calibrated-v1","0e89c2948c77b348c5b6d3832cf6d4e7721ca7794f8f68f857d6ae82b9fe7d50","fc9a617e48969b5d524f9994bccb31de0cb028829b4c58a1999b77cf12c5a990","open_nb_incumbent","c65a4f90477e5b799e234d1a313ff333f6cce12cfc08de93e342d7718c252ff8","vector_w400_p0p010","be1392fd4b9fbfe747ea90c89a17413f72459d8ff708d6d80d1bf086973eb51e","2026-06-10","2026-11-13T19:44:59Z","elo_diff","xgf_ewma_diffmissing_or_zero_variance|xga_ewma_diffmissing_or_zero_variance|xgd_ewma_diffmissing_or_zero_variance|form_index_diff","358c50cee5005dcea927ea827b73fa3b4ff1aca996541c87b913e29519cad309"
"uefa_nations_league_2026_27","uefa_nations_league_2026_27-2047888","uefa_nations_league_2026_27-2047888","uefa_nations_league_2026_27-2047888__score",4,0,0,0.0842361206858412,0.783290483433548,0.216709516566452,"phase14-open-nb-incumbent-calibrated-v1","0e89c2948c77b348c5b6d3832cf6d4e7721ca7794f8f68f857d6ae82b9fe7d50","fc9a617e48969b5d524f9994bccb31de0cb028829b4c58a1999b77cf12c5a990","open_nb_incumbent","c65a4f90477e5b799e234d1a313ff333f6cce12cfc08de93e342d7718c252ff8","vector_w400_p0p010","be1392fd4b9fbfe747ea90c89a17413f72459d8ff708d6d80d1bf086973eb51e","2026-06-10","2026-11-13T19:44:59Z","elo_diff","xgf_ewma_diffmissing_or_zero_variance|xga_ewma_diffmissing_or_zero_variance|xgd_ewma_diffmissing_or_zero_variance|form_index_diff","8af2254e6a43e860323a3494a92f2ed7920192f8ac97eee9fcb822016ac28d3b"
"uefa_nations_league_2026_27","uefa_nations_league_2026_27-2047888","uefa_nations_league_2026_27-2047888","uefa_nations_league_2026_27-2047888__score",5,2,1,0.0822697758697325,0.783290483433548,0.216709516566452,"phase14-open-nb-incumbent-calibrated-v1","0e89c2948c77b348c5b6d3832cf6d4e7721ca7794f8f68f857d6ae82b9fe7d50","fc9a617e48969b5d524f9994bccb31de0cb028829b4c58a1999b77cf12c5a990","open_nb_incumbent","c65a4f90477e5b799e234d1a313ff333f6cce12cfc08de93e342d7718c252ff8","vector_w400_p0p010","be1392fd4b9fbfe747ea90c89a17413f72459d8ff708d6d80d1bf086973eb51e","2026-06-10","2026-11-13T19:44:59Z","elo_diff","xgf_ewma_diffmissing_or_zero_variance|xga_ewma_diffmissing_or_zero_variance|xgd_ewma_diffmissing_or_zero_variance|form_index_diff","13937a3b0e6962bfb7efd51a7a84e70eb77d888278f754212cd1f581d4b45af6"
"uefa_nations_league_2026_27","uefa_nations_league_2026_27-2047888","uefa_nations_league_2026_27-2047888","uefa_nations_league_2026_27-2047888__score",6,3,0,0.0789529751847729,0.783290483433548,0.216709516566452,"phase14-open-nb-incumbent-calibrated-v1","0e89c2948c77b348c5b6d3832cf6d4e7721ca7794f8f68f857d6ae82b9fe7d50","fc9a617e48969b5d524f9994bccb31de0cb028829b4c58a1999b77cf12c5a990","open_nb_incumbent","c65a4f90477e5b799e234d1a313ff333f6cce12cfc08de93e342d7718c252ff8","vector_w400_p0p010","be1392fd4b9fbfe747ea90c89a17413f72459d8ff708d6d80d1bf086973eb51e","2026-06-10","2026-11-13T19:44:59Z","elo_diff","xgf_ewma_diffmissing_or_zero_variance|xga_ewma_diffmissing_or_zero_variance|xgd_ewma_diffmissing_or_zero_variance|form_index_diff","bcd3c5f1cea2db39cfd2d80e70fb76b4fbb369101594d315700489b8d6821c3d"
"uefa_nations_league_2026_27","uefa_nations_league_2026_27-2047888","uefa_nations_league_2026_27-2047888","uefa_nations_league_2026_27-2047888__score",7,0,1,0.0567684241550421,0.783290483433548,0.216709516566452,"phase14-open-nb-incumbent-calibrated-v1","0e89c2948c77b348c5b6d3832cf6d4e7721ca7794f8f68f857d6ae82b9fe7d50","fc9a617e48969b5d524f9994bccb31de0cb028829b4c58a1999b77cf12c5a990","open_nb_incumbent","c65a4f90477e5b799e234d1a313ff333f6cce12cfc08de93e342d7718c252ff8","vector_w400_p0p010","be1392fd4b9fbfe747ea90c89a17413f72459d8ff708d6d80d1bf086973eb51e","2026-06-10","2026-11-13T19:44:59Z","elo_diff","xgf_ewma_diffmissing_or_zero_variance|xga_ewma_diffmissing_or_zero_variance|xgd_ewma_diffmissing_or_zero_variance|form_index_diff","eb7f5c37c985c81d3127cf8332252bef3285b0a56915c32182f7e193d5783b24"
"uefa_nations_league_2026_27","uefa_nations_league_2026_27-2047888","uefa_nations_league_2026_27-2047888","uefa_nations_league_2026_27-2047888__score",8,3,1,0.0532080056286954,0.783290483433548,0.216709516566452,"phase14-open-nb-incumbent-calibrated-v1","0e89c2948c77b348c5b6d3832cf6d4e7721ca7794f8f68f857d6ae82b9fe7d50","fc9a617e48969b5d524f9994bccb31de0cb028829b4c58a1999b77cf12c5a990","open_nb_incumbent","c65a4f90477e5b799e234d1a313ff333f6cce12cfc08de93e342d7718c252ff8","vector_w400_p0p010","be1392fd4b9fbfe747ea90c89a17413f72459d8ff708d6d80d1bf086973eb51e","2026-06-10","2026-11-13T19:44:59Z","elo_diff","xgf_ewma_diffmissing_or_zero_variance|xga_ewma_diffmissing_or_zero_variance|xgd_ewma_diffmissing_or_zero_variance|form_index_diff","3a2a8928b22e4cfcc2dacb8bab961335db8176caa20903e26e40cc203e223af6"
"uefa_nations_league_2026_27","uefa_nations_league_2026_27-2047888","uefa_nations_league_2026_27-2047888","uefa_nations_league_2026_27-2047888__score",9,4,0,0.0414020563259322,0.783290483433548,0.216709516566452,"phase14-open-nb-incumbent-calibrated-v1","0e89c2948c77b348c5b6d3832cf6d4e7721ca7794f8f68f857d6ae82b9fe7d50","fc9a617e48969b5d524f9994bccb31de0cb028829b4c58a1999b77cf12c5a990","open_nb_incumbent","c65a4f90477e5b799e234d1a313ff333f6cce12cfc08de93e342d7718c252ff8","vector_w400_p0p010","be1392fd4b9fbfe747ea90c89a17413f72459d8ff708d6d80d1bf086973eb51e","2026-06-10","2026-11-13T19:44:59Z","elo_diff","xgf_ewma_diffmissing_or_zero_variance|xga_ewma_diffmissing_or_zero_variance|xgd_ewma_diffmissing_or_zero_variance|form_index_diff","648580c4e18170f66f73ef6f206961a5acadbc73b1e674f56628a60b6fbf8eca"
"uefa_nations_league_2026_27","uefa_nations_league_2026_27-2047888","uefa_nations_league_2026_27-2047888","uefa_nations_league_2026_27-2047888__score",10,1,2,0.0351536926577142,0.783290483433548,0.216709516566452,"phase14-open-nb-incumbent-calibrated-v1","0e89c2948c77b348c5b6d3832cf6d4e7721ca7794f8f68f857d6ae82b9fe7d50","fc9a617e48969b5d524f9994bccb31de0cb028829b4c58a1999b77cf12c5a990","open_nb_incumbent","c65a4f90477e5b799e234d1a313ff333f6cce12cfc08de93e342d7718c252ff8","vector_w400_p0p010","be1392fd4b9fbfe747ea90c89a17413f72459d8ff708d6d80d1bf086973eb51e","2026-06-10","2026-11-13T19:44:59Z","elo_diff","xgf_ewma_diffmissing_or_zero_variance|xga_ewma_diffmissing_or_zero_variance|xgd_ewma_diffmissing_or_zero_variance|form_index_diff","91e5008cfea1a3a99aac69d9bd2681e1741e6f1861acf541c9e79e829326cd79"
"uefa_nations_league_2026_27","uefa_nations_league_2026_27-2047889","uefa_nations_league_2026_27-2047889","uefa_nations_league_2026_27-2047889__score",1,0,1,0.121506315470835,0.777326826325419,0.222673173674581,"phase14-open-nb-incumbent-calibrated-v1","0e89c2948c77b348c5b6d3832cf6d4e7721ca7794f8f68f857d6ae82b9fe7d50","fc9a617e48969b5d524f9994bccb31de0cb028829b4c58a1999b77cf12c5a990","open_nb_incumbent","c65a4f90477e5b799e234d1a313ff333f6cce12cfc08de93e342d7718c252ff8","vector_w400_p0p010","be1392fd4b9fbfe747ea90c89a17413f72459d8ff708d6d80d1bf086973eb51e","2026-06-10","2026-11-13T19:44:59Z","elo_diff","xgf_ewma_diffmissing_or_zero_variance|xga_ewma_diffmissing_or_zero_variance|xgd_ewma_diffmissing_or_zero_variance|form_index_diff","fddb5e9c464efde3e0a7cb5f9181890e17945449b56e8c3ed196766e8950025f"
"uefa_nations_league_2026_27","uefa_nations_league_2026_27-2047889","uefa_nations_league_2026_27-2047889","uefa_nations_league_2026_27-2047889__score",2,1,1,0.113153068171234,0.777326826325419,0.222673173674581,"phase14-open-nb-incumbent-calibrated-v1","0e89c2948c77b348c5b6d3832cf6d4e7721ca7794f8f68f857d6ae82b9fe7d50","fc9a617e48969b5d524f9994bccb31de0cb028829b4c58a1999b77cf12c5a990","open_nb_incumbent","c65a4f90477e5b799e234d1a313ff333f6cce12cfc08de93e342d7718c252ff8","vector_w400_p0p010","be1392fd4b9fbfe747ea90c89a17413f72459d8ff708d6d80d1bf086973eb51e","2026-06-10","2026-11-13T19:44:59Z","elo_diff","xgf_ewma_diffmissing_or_zero_variance|xga_ewma_diffmissing_or_zero_variance|xgd_ewma_diffmissing_or_zero_variance|form_index_diff","7c1c71b260f47762fd7ee0c46ddfc1bf9269be81d99ebb7d80b7a2d3c24b5ae6"
"uefa_nations_league_2026_27","uefa_nations_league_2026_27-2047889","uefa_nations_league_2026_27-2047889","uefa_nations_league_2026_27-2047889__score",3,0,0,0.0991775493591496,0.777326826325419,0.222673173674581,"phase14-open-nb-incumbent-calibrated-v1","0e89c2948c77b348c5b6d3832cf6d4e7721ca7794f8f68f857d6ae82b9fe7d50","fc9a617e48969b5d524f9994bccb31de0cb028829b4c58a1999b77cf12c5a990","open_nb_incumbent","c65a4f90477e5b799e234d1a313ff333f6cce12cfc08de93e342d7718c252ff8","vector_w400_p0p010","be1392fd4b9fbfe747ea90c89a17413f72459d8ff708d6d80d1bf086973eb51e","2026-06-10","2026-11-13T19:44:59Z","elo_diff","xgf_ewma_diffmissing_or_zero_variance|xga_ewma_diffmissing_or_zero_variance|xgd_ewma_diffmissing_or_zero_variance|form_index_diff","ee7f63a5332b133886947be79330efa5ee844b8f1e187bfa428798af8ed779b9"
"uefa_nations_league_2026_27","uefa_nations_league_2026_27-2047889","uefa_nations_league_2026_27-2047889","uefa_nations_league_2026_27-2047889__score",4,1,0,0.0923593474150353,0.777326826325419,0.222673173674581,"phase14-open-nb-incumbent-calibrated-v1","0e89c2948c77b348c5b6d3832cf6d4e7721ca7794f8f68f857d6ae82b9fe7d50","fc9a617e48969b5d524f9994bccb31de0cb028829b4c58a1999b77cf12c5a990","open_nb_incumbent","c65a4f90477e5b799e234d1a313ff333f6cce12cfc08de93e342d7718c252ff8","vector_w400_p0p010","be1392fd4b9fbfe747ea90c89a17413f72459d8ff708d6d80d1bf086973eb51e","2026-06-10","2026-11-13T19:44:59Z","elo_diff","xgf_ewma_diffmissing_or_zero_variance|xga_ewma_diffmissing_or_zero_variance|xgd_ewma_diffmissing_or_zero_variance|form_index_diff","e7885a9bbef995351a04d6d1f4e18f26b7c8e90b2ce22288eb6953a4a83c416d"
"uefa_nations_league_2026_27","uefa_nations_league_2026_27-2047889","uefa_nations_league_2026_27-2047889","uefa_nations_league_2026_27-2047889__score",5,0,2,0.0841423976038603,0.777326826325419,0.222673173674581,"phase14-open-nb-incumbent-calibrated-v1","0e89c2948c77b348c5b6d3832cf6d4e7721ca7794f8f68f857d6ae82b9fe7d50","fc9a617e48969b5d524f9994bccb31de0cb028829b4c58a1999b77cf12c5a990","open_nb_incumbent","c65a4f90477e5b799e234d1a313ff333f6cce12cfc08de93e342d7718c252ff8","vector_w400_p0p010","be1392fd4b9fbfe747ea90c89a17413f72459d8ff708d6d80d1bf086973eb51e","2026-06-10","2026-11-13T19:44:59Z","elo_diff","xgf_ewma_diffmissing_or_zero_variance|xga_ewma_diffmissing_or_zero_variance|xgd_ewma_diffmissing_or_zero_variance|form_index_diff","b30a697721ac4eeeb31336855666d225777b18906073c3c903a31a13d1297512"
"uefa_nations_league_2026_27","uefa_nations_league_2026_27-2047889","uefa_nations_league_2026_27-2047889","uefa_nations_league_2026_27-2047889__score",6,1,2,0.0783578237498769,0.777326826325419,0.222673173674581,"phase14-open-nb-incumbent-calibrated-v1","0e89c2948c77b348c5b6d3832cf6d4e7721ca7794f8f68f857d6ae82b9fe7d50","fc9a617e48969b5d524f9994bccb31de0cb028829b4c58a1999b77cf12c5a990","open_nb_incumbent","c65a4f90477e5b799e234d1a313ff333f6cce12cfc08de93e342d7718c252ff8","vector_w400_p0p010","be1392fd4b9fbfe747ea90c89a17413f72459d8ff708d6d80d1bf086973eb51e","2026-06-10","2026-11-13T19:44:59Z","elo_diff","xgf_ewma_diffmissing_or_zero_variance|xga_ewma_diffmissing_or_zero_variance|xgd_ewma_diffmissing_or_zero_variance|form_index_diff","71d8840d0f220f986fe0548fc8b4a8f2913ef417f27c30d651745bb6be88acba"
"uefa_nations_league_2026_27","uefa_nations_league_2026_27-2047889","uefa_nations_league_2026_27-2047889","uefa_nations_league_2026_27-2047889__score",7,2,1,0.0577852682148099,0.777326826325419,0.222673173674581,"phase14-open-nb-incumbent-calibrated-v1","0e89c2948c77b348c5b6d3832cf6d4e7721ca7794f8f68f857d6ae82b9fe7d50","fc9a617e48969b5d524f9994bccb31de0cb028829b4c58a1999b77cf12c5a990","open_nb_incumbent","c65a4f90477e5b799e234d1a313ff333f6cce12cfc08de93e342d7718c252ff8","vector_w400_p0p010","be1392fd4b9fbfe747ea90c89a17413f72459d8ff708d6d80d1bf086973eb51e","2026-06-10","2026-11-13T19:44:59Z","elo_diff","xgf_ewma_diffmissing_or_zero_variance|xga_ewma_diffmissing_or_zero_variance|xgd_ewma_diffmissing_or_zero_variance|form_index_diff","6cb57a727bf8cac18b35c9e7c08012989c88ffe5ba49b85ab077d197eb46027f"
"uefa_nations_league_2026_27","uefa_nations_league_2026_27-2047889","uefa_nations_league_2026_27-2047889","uefa_nations_league_2026_27-2047889__score",8,2,0,0.0471662832372001,0.777326826325419,0.222673173674581,"phase14-open-nb-incumbent-calibrated-v1","0e89c2948c77b348c5b6d3832cf6d4e7721ca7794f8f68f857d6ae82b9fe7d50","fc9a617e48969b5d524f9994bccb31de0cb028829b4c58a1999b77cf12c5a990","open_nb_incumbent","c65a4f90477e5b799e234d1a313ff333f6cce12cfc08de93e342d7718c252ff8","vector_w400_p0p010","be1392fd4b9fbfe747ea90c89a17413f72459d8ff708d6d80d1bf086973eb51e","2026-06-10","2026-11-13T19:44:59Z","elo_diff","xgf_ewma_diffmissing_or_zero_variance|xga_ewma_diffmissing_or_zero_variance|xgd_ewma_diffmissing_or_zero_variance|form_index_diff","1fefe86515038627274635145e18ec777d9c07952106b33806deba32b3b0347f"
"uefa_nations_league_2026_27","uefa_nations_league_2026_27-2047889","uefa_nations_league_2026_27-2047889","uefa_nations_league_2026_27-2047889__score",9,0,3,0.0433287569630075,0.777326826325419,0.222673173674581,"phase14-open-nb-incumbent-calibrated-v1","0e89c2948c77b348c5b6d3832cf6d4e7721ca7794f8f68f857d6ae82b9fe7d50","fc9a617e48969b5d524f9994bccb31de0cb028829b4c58a1999b77cf12c5a990","open_nb_incumbent","c65a4f90477e5b799e234d1a313ff333f6cce12cfc08de93e342d7718c252ff8","vector_w400_p0p010","be1392fd4b9fbfe747ea90c89a17413f72459d8ff708d6d80d1bf086973eb51e","2026-06-10","2026-11-13T19:44:59Z","elo_diff","xgf_ewma_diffmissing_or_zero_variance|xga_ewma_diffmissing_or_zero_variance|xgd_ewma_diffmissing_or_zero_variance|form_index_diff","02497db45fb7e349fccc63ebfcbebe28512ace80b5a72450f6dbb5e2104cdec1"
"uefa_nations_league_2026_27","uefa_nations_league_2026_27-2047889","uefa_nations_league_2026_27-2047889","uefa_nations_league_2026_27-2047889__score",10,1,3,0.0403500161404104,0.777326826325419,0.222673173674581,"phase14-open-nb-incumbent-calibrated-v1","0e89c2948c77b348c5b6d3832cf6d4e7721ca7794f8f68f857d6ae82b9fe7d50","fc9a617e48969b5d524f9994bccb31de0cb028829b4c58a1999b77cf12c5a990","open_nb_incumbent","c65a4f90477e5b799e234d1a313ff333f6cce12cfc08de93e342d7718c252ff8","vector_w400_p0p010","be1392fd4b9fbfe747ea90c89a17413f72459d8ff708d6d80d1bf086973eb51e","2026-06-10","2026-11-13T19:44:59Z","elo_diff","xgf_ewma_diffmissing_or_zero_variance|xga_ewma_diffmissing_or_zero_variance|xgd_ewma_diffmissing_or_zero_variance|form_index_diff","86006a01a45e8a1e166cef4bf2a094555393d29a40951d892ea48db4f70a2014"
"uefa_nations_league_2026_27","uefa_nations_league_2026_27-2047890","uefa_nations_league_2026_27-2047890","uefa_nations_league_2026_27-2047890__score",1,1,0,0.135862970884317,0.781038295918235,0.218961704081765,"phase14-open-nb-incumbent-calibrated-v1","0e89c2948c77b348c5b6d3832cf6d4e7721ca7794f8f68f857d6ae82b9fe7d50","fc9a617e48969b5d524f9994bccb31de0cb028829b4c58a1999b77cf12c5a990","open_nb_incumbent","c65a4f90477e5b799e234d1a313ff333f6cce12cfc08de93e342d7718c252ff8","vector_w400_p0p010","be1392fd4b9fbfe747ea90c89a17413f72459d8ff708d6d80d1bf086973eb51e","2026-06-10","2026-11-14T19:44:59Z","elo_diff","xgf_ewma_diffmissing_or_zero_variance|xga_ewma_diffmissing_or_zero_variance|xgd_ewma_diffmissing_or_zero_variance|form_index_diff","da16e0e30862f6faea1adbcc404b6850b52d8dc1e4cf906d4a72f334ac4b1def"
"uefa_nations_league_2026_27","uefa_nations_league_2026_27-2047890","uefa_nations_league_2026_27-2047890","uefa_nations_league_2026_27-2047890__score",2,2,0,0.127521655400761,0.781038295918235,0.218961704081765,"phase14-open-nb-incumbent-calibrated-v1","0e89c2948c77b348c5b6d3832cf6d4e7721ca7794f8f68f857d6ae82b9fe7d50","fc9a617e48969b5d524f9994bccb31de0cb028829b4c58a1999b77cf12c5a990","open_nb_incumbent","c65a4f90477e5b799e234d1a313ff333f6cce12cfc08de93e342d7718c252ff8","vector_w400_p0p010","be1392fd4b9fbfe747ea90c89a17413f72459d8ff708d6d80d1bf086973eb51e","2026-06-10","2026-11-14T19:44:59Z","elo_diff","xgf_ewma_diffmissing_or_zero_variance|xga_ewma_diffmissing_or_zero_variance|xgd_ewma_diffmissing_or_zero_variance|form_index_diff","d972ef8dd284efe7f19e38391e58cadb861bbb340fadd7d9220d75b97c542fef"
"uefa_nations_league_2026_27","uefa_nations_league_2026_27-2047890","uefa_nations_league_2026_27-2047890","uefa_nations_league_2026_27-2047890__score",3,3,0,0.0868350477581862,0.781038295918235,0.218961704081765,"phase14-open-nb-incumbent-calibrated-v1","0e89c2948c77b348c5b6d3832cf6d4e7721ca7794f8f68f857d6ae82b9fe7d50","fc9a617e48969b5d524f9994bccb31de0cb028829b4c58a1999b77cf12c5a990","open_nb_incumbent","c65a4f90477e5b799e234d1a313ff333f6cce12cfc08de93e342d7718c252ff8","vector_w400_p0p010","be1392fd4b9fbfe747ea90c89a17413f72459d8ff708d6d80d1bf086973eb51e","2026-06-10","2026-11-14T19:44:59Z","elo_diff","xgf_ewma_diffmissing_or_zero_variance|xga_ewma_diffmissing_or_zero_variance|xgd_ewma_diffmissing_or_zero_variance|form_index_diff","d0440e01b498bd021a17c0b569ab98626b19a464cc053a4ab9702d2860004250"
"uefa_nations_league_2026_27","uefa_nations_league_2026_27-2047890","uefa_nations_league_2026_27-2047890","uefa_nations_league_2026_27-2047890__score",4,1,1,0.086205286182127,0.781038295918235,0.218961704081765,"phase14-open-nb-incumbent-calibrated-v1","0e89c2948c77b348c5b6d3832cf6d4e7721ca7794f8f68f857d6ae82b9fe7d50","fc9a617e48969b5d524f9994bccb31de0cb028829b4c58a1999b77cf12c5a990","open_nb_incumbent","c65a4f90477e5b799e234d1a313ff333f6cce12cfc08de93e342d7718c252ff8","vector_w400_p0p010","be1392fd4b9fbfe747ea90c89a17413f72459d8ff708d6d80d1bf086973eb51e","2026-06-10","2026-11-14T19:44:59Z","elo_diff","xgf_ewma_diffmissing_or_zero_variance|xga_ewma_diffmissing_or_zero_variance|xgd_ewma_diffmissing_or_zero_variance|form_index_diff","97958abc50f06c938e9594c8e60778aaa5ca0fe87b70a2090fdbe283ecaec345"
"uefa_nations_league_2026_27","uefa_nations_league_2026_27-2047890","uefa_nations_league_2026_27-2047890","uefa_nations_league_2026_27-2047890__score",5,2,1,0.080912707315972,0.781038295918235,0.218961704081765,"phase14-open-nb-incumbent-calibrated-v1","0e89c2948c77b348c5b6d3832cf6d4e7721ca7794f8f68f857d6ae82b9fe7d50","fc9a617e48969b5d524f9994bccb31de0cb028829b4c58a1999b77cf12c5a990","open_nb_incumbent","c65a4f90477e5b799e234d1a313ff333f6cce12cfc08de93e342d7718c252ff8","vector_w400_p0p010","be1392fd4b9fbfe747ea90c89a17413f72459d8ff708d6d80d1bf086973eb51e","2026-06-10","2026-11-14T19:44:59Z","elo_diff","xgf_ewma_diffmissing_or_zero_variance|xga_ewma_diffmissing_or_zero_variance|xgd_ewma_diffmissing_or_zero_variance|form_index_diff","e82bcef96c2ccd8d9dac0c2126e2272dabfc202bf5304d6ac0c4f4a8fe6b58b9"
"uefa_nations_league_2026_27","uefa_nations_league_2026_27-2047890","uefa_nations_league_2026_27-2047890","uefa_nations_league_2026_27-2047890__score",6,0,0,0.0793782624711312,0.781038295918235,0.218961704081765,"phase14-open-nb-incumbent-calibrated-v1","0e89c2948c77b348c5b6d3832cf6d4e7721ca7794f8f68f857d6ae82b9fe7d50","fc9a617e48969b5d524f9994bccb31de0cb028829b4c58a1999b77cf12c5a990","open_nb_incumbent","c65a4f90477e5b799e234d1a313ff333f6cce12cfc08de93e342d7718c252ff8","vector_w400_p0p010","be1392fd4b9fbfe747ea90c89a17413f72459d8ff708d6d80d1bf086973eb51e","2026-06-10","2026-11-14T19:44:59Z","elo_diff","xgf_ewma_diffmissing_or_zero_variance|xga_ewma_diffmissing_or_zero_variance|xgd_ewma_diffmissing_or_zero_variance|form_index_diff","952680a2560156d4f8e5408a9f818545d5936c38a7edfa93dbcd792501b4200c"
"uefa_nations_league_2026_27","uefa_nations_league_2026_27-2047890","uefa_nations_league_2026_27-2047890","uefa_nations_league_2026_27-2047890__score",7,3,1,0.0550969855429326,0.781038295918235,0.218961704081765,"phase14-open-nb-incumbent-calibrated-v1","0e89c2948c77b348c5b6d3832cf6d4e7721ca7794f8f68f857d6ae82b9fe7d50","fc9a617e48969b5d524f9994bccb31de0cb028829b4c58a1999b77cf12c5a990","open_nb_incumbent","c65a4f90477e5b799e234d1a313ff333f6cce12cfc08de93e342d7718c252ff8","vector_w400_p0p010","be1392fd4b9fbfe747ea90c89a17413f72459d8ff708d6d80d1bf086973eb51e","2026-06-10","2026-11-14T19:44:59Z","elo_diff","xgf_ewma_diffmissing_or_zero_variance|xga_ewma_diffmissing_or_zero_variance|xgd_ewma_diffmissing_or_zero_variance|form_index_diff","caaa5b5c37d453fb17d6dcf5c3e68743a1471a9ccbfb42416c557bc93bf6d30d"
"uefa_nations_league_2026_27","uefa_nations_league_2026_27-2047890","uefa_nations_league_2026_27-2047890","uefa_nations_league_2026_27-2047890__score",8,0,1,0.0503656425913893,0.781038295918235,0.218961704081765,"phase14-open-nb-incumbent-calibrated-v1","0e89c2948c77b348c5b6d3832cf6d4e7721ca7794f8f68f857d6ae82b9fe7d50","fc9a617e48969b5d524f9994bccb31de0cb028829b4c58a1999b77cf12c5a990","open_nb_incumbent","c65a4f90477e5b799e234d1a313ff333f6cce12cfc08de93e342d7718c252ff8","vector_w400_p0p010","be1392fd4b9fbfe747ea90c89a17413f72459d8ff708d6d80d1bf086973eb51e","2026-06-10","2026-11-14T19:44:59Z","elo_diff","xgf_ewma_diffmissing_or_zero_variance|xga_ewma_diffmissing_or_zero_variance|xgd_ewma_diffmissing_or_zero_variance|form_index_diff","1c0cd131fa78575735f80f6fa223e67c399bb5b655f2be970335908c573c2632"
"uefa_nations_league_2026_27","uefa_nations_league_2026_27-2047890","uefa_nations_league_2026_27-2047890","uefa_nations_league_2026_27-2047890__score",9,4,0,0.0479427452136131,0.781038295918235,0.218961704081765,"phase14-open-nb-incumbent-calibrated-v1","0e89c2948c77b348c5b6d3832cf6d4e7721ca7794f8f68f857d6ae82b9fe7d50","fc9a617e48969b5d524f9994bccb31de0cb028829b4c58a1999b77cf12c5a990","open_nb_incumbent","c65a4f90477e5b799e234d1a313ff333f6cce12cfc08de93e342d7718c252ff8","vector_w400_p0p010","be1392fd4b9fbfe747ea90c89a17413f72459d8ff708d6d80d1bf086973eb51e","2026-06-10","2026-11-14T19:44:59Z","elo_diff","xgf_ewma_diffmissing_or_zero_variance|xga_ewma_diffmissing_or_zero_variance|xgd_ewma_diffmissing_or_zero_variance|form_index_diff","f5ebf8736c969971a84156d24861104b45e111a86884f27b59ddd3e4c45b3d26"
"uefa_nations_league_2026_27","uefa_nations_league_2026_27-2047890","uefa_nations_league_2026_27-2047890","uefa_nations_league_2026_27-2047890__score",10,1,2,0.0309169925578057,0.781038295918235,0.218961704081765,"phase14-open-nb-incumbent-calibrated-v1","0e89c2948c77b348c5b6d3832cf6d4e7721ca7794f8f68f857d6ae82b9fe7d50","fc9a617e48969b5d524f9994bccb31de0cb028829b4c58a1999b77cf12c5a990","open_nb_incumbent","c65a4f90477e5b799e234d1a313ff333f6cce12cfc08de93e342d7718c252ff8","vector_w400_p0p010","be1392fd4b9fbfe747ea90c89a17413f72459d8ff708d6d80d1bf086973eb51e","2026-06-10","2026-11-14T19:44:59Z","elo_diff","xgf_ewma_diffmissing_or_zero_variance|xga_ewma_diffmissing_or_zero_variance|xgd_ewma_diffmissing_or_zero_variance|form_index_diff","7e5e22c9e2b4ba673a0810194a98ecb4eb3c30b73148fe3af9059f6ce3466531"
"uefa_nations_league_2026_27","uefa_nations_league_2026_27-2047891","uefa_nations_league_2026_27-2047891","uefa_nations_league_2026_27-2047891__score",1,1,1,0.117013907648558,0.781143685122654,0.218856314877346,"phase14-open-nb-incumbent-calibrated-v1","0e89c2948c77b348c5b6d3832cf6d4e7721ca7794f8f68f857d6ae82b9fe7d50","fc9a617e48969b5d524f9994bccb31de0cb028829b4c58a1999b77cf12c5a990","open_nb_incumbent","c65a4f90477e5b799e234d1a313ff333f6cce12cfc08de93e342d7718c252ff8","vector_w400_p0p010","be1392fd4b9fbfe747ea90c89a17413f72459d8ff708d6d80d1bf086973eb51e","2026-06-10","2026-11-14T19:44:59Z","elo_diff","xgf_ewma_diffmissing_or_zero_variance|xga_ewma_diffmissing_or_zero_variance|xgd_ewma_diffmissing_or_zero_variance|form_index_diff","a9ac3ddcd100978b04787ebd6bf8e8a32d890aa9c36f626cfb9b39885f3c4252"
"uefa_nations_league_2026_27","uefa_nations_league_2026_27-2047891","uefa_nations_league_2026_27-2047891","uefa_nations_league_2026_27-2047891__score",2,1,0,0.10999709649733,0.781143685122654,0.218856314877346,"phase14-open-nb-incumbent-calibrated-v1","0e89c2948c77b348c5b6d3832cf6d4e7721ca7794f8f68f857d6ae82b9fe7d50","fc9a617e48969b5d524f9994bccb31de0cb028829b4c58a1999b77cf12c5a990","open_nb_incumbent","c65a4f90477e5b799e234d1a313ff333f6cce12cfc08de93e342d7718c252ff8","vector_w400_p0p010","be1392fd4b9fbfe747ea90c89a17413f72459d8ff708d6d80d1bf086973eb51e","2026-06-10","2026-11-14T19:44:59Z","elo_diff","xgf_ewma_diffmissing_or_zero_variance|xga_ewma_diffmissing_or_zero_variance|xgd_ewma_diffmissing_or_zero_variance|form_index_diff","261b252d47d8bb78f03770e88d760ed6ce973fce5f9921f0f8f8649df129c257"
"uefa_nations_league_2026_27","uefa_nations_league_2026_27-2047891","uefa_nations_league_2026_27-2047891","uefa_nations_league_2026_27-2047891__score",3,0,1,0.109261994257426,0.781143685122654,0.218856314877346,"phase14-open-nb-incumbent-calibrated-v1","0e89c2948c77b348c5b6d3832cf6d4e7721ca7794f8f68f857d6ae82b9fe7d50","fc9a617e48969b5d524f9994bccb31de0cb028829b4c58a1999b77cf12c5a990","open_nb_incumbent","c65a4f90477e5b799e234d1a313ff333f6cce12cfc08de93e342d7718c252ff8","vector_w400_p0p010","be1392fd4b9fbfe747ea90c89a17413f72459d8ff708d6d80d1bf086973eb51e","2026-06-10","2026-11-14T19:44:59Z","elo_diff","xgf_ewma_diffmissing_or_zero_variance|xga_ewma_diffmissing_or_zero_variance|xgd_ewma_diffmissing_or_zero_variance|form_index_diff","8cfc5a56ec1a8b746e9759fceefbed5a06b7fcf4377dd8c1a3f464559b37cbaa"
"uefa_nations_league_2026_27","uefa_nations_league_2026_27-2047891","uefa_nations_league_2026_27-2047891","uefa_nations_league_2026_27-2047891__score",4,0,0,0.102710031374403,0.781143685122654,0.218856314877346,"phase14-open-nb-incumbent-calibrated-v1","0e89c2948c77b348c5b6d3832cf6d4e7721ca7794f8f68f857d6ae82b9fe7d50","fc9a617e48969b5d524f9994bccb31de0cb028829b4c58a1999b77cf12c5a990","open_nb_incumbent","c65a4f90477e5b799e234d1a313ff333f6cce12cfc08de93e342d7718c252ff8","vector_w400_p0p010","be1392fd4b9fbfe747ea90c89a17413f72459d8ff708d6d80d1bf086973eb51e","2026-06-10","2026-11-14T19:44:59Z","elo_diff","xgf_ewma_diffmissing_or_zero_variance|xga_ewma_diffmissing_or_zero_variance|xgd_ewma_diffmissing_or_zero_variance|form_index_diff","862d7375c8ea10f9ac1dade69e7b5ca2dad3c7db6c476c7dd5483055a4319011"
"uefa_nations_league_2026_27","uefa_nations_league_2026_27-2047891","uefa_nations_league_2026_27-2047891","uefa_nations_league_2026_27-2047891__score",5,1,2,0.0703597514106563,0.781143685122654,0.218856314877346,"phase14-open-nb-incumbent-calibrated-v1","0e89c2948c77b348c5b6d3832cf6d4e7721ca7794f8f68f857d6ae82b9fe7d50","fc9a617e48969b5d524f9994bccb31de0cb028829b4c58a1999b77cf12c5a990","open_nb_incumbent","c65a4f90477e5b799e234d1a313ff333f6cce12cfc08de93e342d7718c252ff8","vector_w400_p0p010","be1392fd4b9fbfe747ea90c89a17413f72459d8ff708d6d80d1bf086973eb51e","2026-06-10","2026-11-14T19:44:59Z","elo_diff","xgf_ewma_diffmissing_or_zero_variance|xga_ewma_diffmissing_or_zero_variance|xgd_ewma_diffmissing_or_zero_variance|form_index_diff","a46bae1dc6c822e29306895e4f7adbd43b440e1e288ba6dcbe844d26d991bb8a"
"uefa_nations_league_2026_27","uefa_nations_league_2026_27-2047891","uefa_nations_league_2026_27-2047891","uefa_nations_league_2026_27-2047891__score",6,2,1,0.0687209506412172,0.781143685122654,0.218856314877346,"phase14-open-nb-incumbent-calibrated-v1","0e89c2948c77b348c5b6d3832cf6d4e7721ca7794f8f68f857d6ae82b9fe7d50","fc9a617e48969b5d524f9994bccb31de0cb028829b4c58a1999b77cf12c5a990","open_nb_incumbent","c65a4f90477e5b799e234d1a313ff333f6cce12cfc08de93e342d7718c252ff8","vector_w400_p0p010","be1392fd4b9fbfe747ea90c89a17413f72459d8ff708d6d80d1bf086973eb51e","2026-06-10","2026-11-14T19:44:59Z","elo_diff","xgf_ewma_diffmissing_or_zero_variance|xga_ewma_diffmissing_or_zero_variance|xgd_ewma_diffmissing_or_zero_variance|form_index_diff","1c3a34f0c12d5441be01156d6f95a4382531cc3708831cdbf7a59b81facdd50f"
"uefa_nations_league_2026_27","uefa_nations_league_2026_27-2047891","uefa_nations_league_2026_27-2047891","uefa_nations_league_2026_27-2047891__score",7,0,2,0.0656985730078712,0.781143685122654,0.218856314877346,"phase14-open-nb-incumbent-calibrated-v1","0e89c2948c77b348c5b6d3832cf6d4e7721ca7794f8f68f857d6ae82b9fe7d50","fc9a617e48969b5d524f9994bccb31de0cb028829b4c58a1999b77cf12c5a990","open_nb_incumbent","c65a4f90477e5b799e234d1a313ff333f6cce12cfc08de93e342d7718c252ff8","vector_w400_p0p010","be1392fd4b9fbfe747ea90c89a17413f72459d8ff708d6d80d1bf086973eb51e","2026-06-10","2026-11-14T19:44:59Z","elo_diff","xgf_ewma_diffmissing_or_zero_variance|xga_ewma_diffmissing_or_zero_variance|xgd_ewma_diffmissing_or_zero_variance|form_index_diff","d50b703e6eff032bb6a5ac9c508dc8c37c01854b99f408c3d7d36bbcc53a346c"
"uefa_nations_league_2026_27","uefa_nations_league_2026_27-2047891","uefa_nations_league_2026_27-2047891","uefa_nations_league_2026_27-2047891__score",8,2,0,0.0646000564460542,0.781143685122654,0.218856314877346,"phase14-open-nb-incumbent-calibrated-v1","0e89c2948c77b348c5b6d3832cf6d4e7721ca7794f8f68f857d6ae82b9fe7d50","fc9a617e48969b5d524f9994bccb31de0cb028829b4c58a1999b77cf12c5a990","open_nb_incumbent","c65a4f90477e5b799e234d1a313ff333f6cce12cfc08de93e342d7718c252ff8","vector_w400_p0p010","be1392fd4b9fbfe747ea90c89a17413f72459d8ff708d6d80d1bf086973eb51e","2026-06-10","2026-11-14T19:44:59Z","elo_diff","xgf_ewma_diffmissing_or_zero_variance|xga_ewma_diffmissing_or_zero_variance|xgd_ewma_diffmissing_or_zero_variance|form_index_diff","aeb0dda9b7e7512c6b85247185ffc7ceef4f8c747c3b4683248ebd4318a391a8"
"uefa_nations_league_2026_27","uefa_nations_league_2026_27-2047891","uefa_nations_league_2026_27-2047891","uefa_nations_league_2026_27-2047891__score",9,2,2,0.0413214899065001,0.781143685122654,0.218856314877346,"phase14-open-nb-incumbent-calibrated-v1","0e89c2948c77b348c5b6d3832cf6d4e7721ca7794f8f68f857d6ae82b9fe7d50","fc9a617e48969b5d524f9994bccb31de0cb028829b4c58a1999b77cf12c5a990","open_nb_incumbent","c65a4f90477e5b799e234d1a313ff333f6cce12cfc08de93e342d7718c252ff8","vector_w400_p0p010","be1392fd4b9fbfe747ea90c89a17413f72459d8ff708d6d80d1bf086973eb51e","2026-06-10","2026-11-14T19:44:59Z","elo_diff","xgf_ewma_diffmissing_or_zero_variance|xga_ewma_diffmissing_or_zero_variance|xgd_ewma_diffmissing_or_zero_variance|form_index_diff","b8be47dd955b389c81702f18430f84f69fe26dd2f888c64f3ce9f4a79585303f"
"uefa_nations_league_2026_27","uefa_nations_league_2026_27-2047891","uefa_nations_league_2026_27-2047891","uefa_nations_league_2026_27-2047891__score",10,1,3,0.0314598339326381,0.781143685122654,0.218856314877346,"phase14-open-nb-incumbent-calibrated-v1","0e89c2948c77b348c5b6d3832cf6d4e7721ca7794f8f68f857d6ae82b9fe7d50","fc9a617e48969b5d524f9994bccb31de0cb028829b4c58a1999b77cf12c5a990","open_nb_incumbent","c65a4f90477e5b799e234d1a313ff333f6cce12cfc08de93e342d7718c252ff8","vector_w400_p0p010","be1392fd4b9fbfe747ea90c89a17413f72459d8ff708d6d80d1bf086973eb51e","2026-06-10","2026-11-14T19:44:59Z","elo_diff","xgf_ewma_diffmissing_or_zero_variance|xga_ewma_diffmissing_or_zero_variance|xgd_ewma_diffmissing_or_zero_variance|form_index_diff","52fd2c284d7346d1c2ff393b5b70fb62e6728d79080032727f5c9ff8f66b411c"
"uefa_nations_league_2026_27","uefa_nations_league_2026_27-2047892","uefa_nations_league_2026_27-2047892","uefa_nations_league_2026_27-2047892__score",1,1,0,0.136999792692938,0.783381127296947,0.216618872703053,"phase14-open-nb-incumbent-calibrated-v1","0e89c2948c77b348c5b6d3832cf6d4e7721ca7794f8f68f857d6ae82b9fe7d50","fc9a617e48969b5d524f9994bccb31de0cb028829b4c58a1999b77cf12c5a990","open_nb_incumbent","c65a4f90477e5b799e234d1a313ff333f6cce12cfc08de93e342d7718c252ff8","vector_w400_p0p010","be1392fd4b9fbfe747ea90c89a17413f72459d8ff708d6d80d1bf086973eb51e","2026-06-10","2026-11-14T19:44:59Z","elo_diff","xgf_ewma_diffmissing_or_zero_variance|xga_ewma_diffmissing_or_zero_variance|xgd_ewma_diffmissing_or_zero_variance|form_index_diff","c30dd123fef07390b0c1c7d3d3bc19cc3c86632e91822b3235d09e3da1074520"
"uefa_nations_league_2026_27","uefa_nations_league_2026_27-2047892","uefa_nations_league_2026_27-2047892","uefa_nations_league_2026_27-2047892__score",2,2,0,0.121206520524007,0.783381127296947,0.216618872703053,"phase14-open-nb-incumbent-calibrated-v1","0e89c2948c77b348c5b6d3832cf6d4e7721ca7794f8f68f857d6ae82b9fe7d50","fc9a617e48969b5d524f9994bccb31de0cb028829b4c58a1999b77cf12c5a990","open_nb_incumbent","c65a4f90477e5b799e234d1a313ff333f6cce12cfc08de93e342d7718c252ff8","vector_w400_p0p010","be1392fd4b9fbfe747ea90c89a17413f72459d8ff708d6d80d1bf086973eb51e","2026-06-10","2026-11-14T19:44:59Z","elo_diff","xgf_ewma_diffmissing_or_zero_variance|xga_ewma_diffmissing_or_zero_variance|xgd_ewma_diffmissing_or_zero_variance|form_index_diff","6a9d374aaa9e9214f64486a7c13d074f4c6e71b83b1bb72d808d7a18ef916d2e"
"uefa_nations_league_2026_27","uefa_nations_league_2026_27-2047892","uefa_nations_league_2026_27-2047892","uefa_nations_league_2026_27-2047892__score",3,1,1,0.0931445758255729,0.783381127296947,0.216618872703053,"phase14-open-nb-incumbent-calibrated-v1","0e89c2948c77b348c5b6d3832cf6d4e7721ca7794f8f68f857d6ae82b9fe7d50","fc9a617e48969b5d524f9994bccb31de0cb028829b4c58a1999b77cf12c5a990","open_nb_incumbent","c65a4f90477e5b799e234d1a313ff333f6cce12cfc08de93e342d7718c252ff8","vector_w400_p0p010","be1392fd4b9fbfe747ea90c89a17413f72459d8ff708d6d80d1bf086973eb51e","2026-06-10","2026-11-14T19:44:59Z","elo_diff","xgf_ewma_diffmissing_or_zero_variance|xga_ewma_diffmissing_or_zero_variance|xgd_ewma_diffmissing_or_zero_variance|form_index_diff","04f59c39b4aca7c1d7a2c1be2573a2f3e89604e51ace6f0e9555e38035f41725"
"uefa_nations_league_2026_27","uefa_nations_league_2026_27-2047892","uefa_nations_league_2026_27-2047892","uefa_nations_league_2026_27-2047892__score",4,0,0,0.084917490636347,0.783381127296947,0.216618872703053,"phase14-open-nb-incumbent-calibrated-v1","0e89c2948c77b348c5b6d3832cf6d4e7721ca7794f8f68f857d6ae82b9fe7d50","fc9a617e48969b5d524f9994bccb31de0cb028829b4c58a1999b77cf12c5a990","open_nb_incumbent","c65a4f90477e5b799e234d1a313ff333f6cce12cfc08de93e342d7718c252ff8","vector_w400_p0p010","be1392fd4b9fbfe747ea90c89a17413f72459d8ff708d6d80d1bf086973eb51e","2026-06-10","2026-11-14T19:44:59Z","elo_diff","xgf_ewma_diffmissing_or_zero_variance|xga_ewma_diffmissing_or_zero_variance|xgd_ewma_diffmissing_or_zero_variance|form_index_diff","db9dc8cf569796d7178ecef50e21f48f19ea6a86e1ab1d0b38d80ed4f823a536"
"uefa_nations_league_2026_27","uefa_nations_league_2026_27-2047892","uefa_nations_league_2026_27-2047892","uefa_nations_league_2026_27-2047892__score",5,2,1,0.0824069125915123,0.783381127296947,0.216618872703053,"phase14-open-nb-incumbent-calibrated-v1","0e89c2948c77b348c5b6d3832cf6d4e7721ca7794f8f68f857d6ae82b9fe7d50","fc9a617e48969b5d524f9994bccb31de0cb028829b4c58a1999b77cf12c5a990","open_nb_incumbent","c65a4f90477e5b799e234d1a313ff333f6cce12cfc08de93e342d7718c252ff8","vector_w400_p0p010","be1392fd4b9fbfe747ea90c89a17413f72459d8ff708d6d80d1bf086973eb51e","2026-06-10","2026-11-14T19:44:59Z","elo_diff","xgf_ewma_diffmissing_or_zero_variance|xga_ewma_diffmissing_or_zero_variance|xgd_ewma_diffmissing_or_zero_variance|form_index_diff","d3dae6dd85109b9cb218aadbfbf778694813f0eac40e9476d8e42184296e5017"
"uefa_nations_league_2026_27","uefa_nations_league_2026_27-2047892","uefa_nations_league_2026_27-2047892","uefa_nations_league_2026_27-2047892__score",6,3,0,0.0777965484022683,0.783381127296947,0.216618872703053,"phase14-open-nb-incumbent-calibrated-v1","0e89c2948c77b348c5b6d3832cf6d4e7721ca7794f8f68f857d6ae82b9fe7d50","fc9a617e48969b5d524f9994bccb31de0cb028829b4c58a1999b77cf12c5a990","open_nb_incumbent","c65a4f90477e5b799e234d1a313ff333f6cce12cfc08de93e342d7718c252ff8","vector_w400_p0p010","be1392fd4b9fbfe747ea90c89a17413f72459d8ff708d6d80d1bf086973eb51e","2026-06-10","2026-11-14T19:44:59Z","elo_diff","xgf_ewma_diffmissing_or_zero_variance|xga_ewma_diffmissing_or_zero_variance|xgd_ewma_diffmissing_or_zero_variance|form_index_diff","050228541661fe73989ac5e9ba46094326b930f61621df73840bffd7eca91736"
"uefa_nations_league_2026_27","uefa_nations_league_2026_27-2047892","uefa_nations_league_2026_27-2047892","uefa_nations_league_2026_27-2047892__score",7,0,1,0.0577344205419541,0.783381127296947,0.216618872703053,"phase14-open-nb-incumbent-calibrated-v1","0e89c2948c77b348c5b6d3832cf6d4e7721ca7794f8f68f857d6ae82b9fe7d50","fc9a617e48969b5d524f9994bccb31de0cb028829b4c58a1999b77cf12c5a990","open_nb_incumbent","c65a4f90477e5b799e234d1a313ff333f6cce12cfc08de93e342d7718c252ff8","vector_w400_p0p010","be1392fd4b9fbfe747ea90c89a17413f72459d8ff708d6d80d1bf086973eb51e","2026-06-10","2026-11-14T19:44:59Z","elo_diff","xgf_ewma_diffmissing_or_zero_variance|xga_ewma_diffmissing_or_zero_variance|xgd_ewma_diffmissing_or_zero_variance|form_index_diff","430200291f90587bf2f113b18832cfbf4cbe0f93534a66cef1ad2abf96b8642a"
"uefa_nations_league_2026_27","uefa_nations_league_2026_27-2047892","uefa_nations_league_2026_27-2047892","uefa_nations_league_2026_27-2047892__score",8,3,1,0.0528929742095622,0.783381127296947,0.216618872703053,"phase14-open-nb-incumbent-calibrated-v1","0e89c2948c77b348c5b6d3832cf6d4e7721ca7794f8f68f857d6ae82b9fe7d50","fc9a617e48969b5d524f9994bccb31de0cb028829b4c58a1999b77cf12c5a990","open_nb_incumbent","c65a4f90477e5b799e234d1a313ff333f6cce12cfc08de93e342d7718c252ff8","vector_w400_p0p010","be1392fd4b9fbfe747ea90c89a17413f72459d8ff708d6d80d1bf086973eb51e","2026-06-10","2026-11-14T19:44:59Z","elo_diff","xgf_ewma_diffmissing_or_zero_variance|xga_ewma_diffmissing_or_zero_variance|xgd_ewma_diffmissing_or_zero_variance|form_index_diff","8a3c9c1673aebe871df533c6da9c151f15ba6d88b5c4af285e62bcc7a94f2d43"
"uefa_nations_league_2026_27","uefa_nations_league_2026_27-2047892","uefa_nations_league_2026_27-2047892","uefa_nations_league_2026_27-2047892__score",9,4,0,0.0404866104578094,0.783381127296947,0.216618872703053,"phase14-open-nb-incumbent-calibrated-v1","0e89c2948c77b348c5b6d3832cf6d4e7721ca7794f8f68f857d6ae82b9fe7d50","fc9a617e48969b5d524f9994bccb31de0cb028829b4c58a1999b77cf12c5a990","open_nb_incumbent","c65a4f90477e5b799e234d1a313ff333f6cce12cfc08de93e342d7718c252ff8","vector_w400_p0p010","be1392fd4b9fbfe747ea90c89a17413f72459d8ff708d6d80d1bf086973eb51e","2026-06-10","2026-11-14T19:44:59Z","elo_diff","xgf_ewma_diffmissing_or_zero_variance|xga_ewma_diffmissing_or_zero_variance|xgd_ewma_diffmissing_or_zero_variance|form_index_diff","925e779dd67f09443f4382cdb171805b6433f0d2c30832bc4e7f3a948b6abac5"
"uefa_nations_league_2026_27","uefa_nations_league_2026_27-2047892","uefa_nations_league_2026_27-2047892","uefa_nations_league_2026_27-2047892__score",10,1,2,0.035795281414976,0.783381127296947,0.216618872703053,"phase14-open-nb-incumbent-calibrated-v1","0e89c2948c77b348c5b6d3832cf6d4e7721ca7794f8f68f857d6ae82b9fe7d50","fc9a617e48969b5d524f9994bccb31de0cb028829b4c58a1999b77cf12c5a990","open_nb_incumbent","c65a4f90477e5b799e234d1a313ff333f6cce12cfc08de93e342d7718c252ff8","vector_w400_p0p010","be1392fd4b9fbfe747ea90c89a17413f72459d8ff708d6d80d1bf086973eb51e","2026-06-10","2026-11-14T19:44:59Z","elo_diff","xgf_ewma_diffmissing_or_zero_variance|xga_ewma_diffmissing_or_zero_variance|xgd_ewma_diffmissing_or_zero_variance|form_index_diff","93629e1128c184a14255a5ca9e4c3d93c11e3f0fecb620813bef8a11eb0cfbd9"
"uefa_nations_league_2026_27","uefa_nations_league_2026_27-2047893","uefa_nations_league_2026_27-2047893","uefa_nations_league_2026_27-2047893__score",1,2,0,0.133889172833387,0.781086492429438,0.218913507570562,"phase14-open-nb-incumbent-calibrated-v1","0e89c2948c77b348c5b6d3832cf6d4e7721ca7794f8f68f857d6ae82b9fe7d50","fc9a617e48969b5d524f9994bccb31de0cb028829b4c58a1999b77cf12c5a990","open_nb_incumbent","c65a4f90477e5b799e234d1a313ff333f6cce12cfc08de93e342d7718c252ff8","vector_w400_p0p010","be1392fd4b9fbfe747ea90c89a17413f72459d8ff708d6d80d1bf086973eb51e","2026-06-10","2026-11-14T16:59:59Z","elo_diff","xgf_ewma_diffmissing_or_zero_variance|xga_ewma_diffmissing_or_zero_variance|xgd_ewma_diffmissing_or_zero_variance|form_index_diff","a7287629325067d952836c0688e6f8538b73b34ba55e2d133ec7a7998ef01398"
"uefa_nations_league_2026_27","uefa_nations_league_2026_27-2047893","uefa_nations_league_2026_27-2047893","uefa_nations_league_2026_27-2047893__score",2,1,0,0.132139754446445,0.781086492429438,0.218913507570562,"phase14-open-nb-incumbent-calibrated-v1","0e89c2948c77b348c5b6d3832cf6d4e7721ca7794f8f68f857d6ae82b9fe7d50","fc9a617e48969b5d524f9994bccb31de0cb028829b4c58a1999b77cf12c5a990","open_nb_incumbent","c65a4f90477e5b799e234d1a313ff333f6cce12cfc08de93e342d7718c252ff8","vector_w400_p0p010","be1392fd4b9fbfe747ea90c89a17413f72459d8ff708d6d80d1bf086973eb51e","2026-06-10","2026-11-14T16:59:59Z","elo_diff","xgf_ewma_diffmissing_or_zero_variance|xga_ewma_diffmissing_or_zero_variance|xgd_ewma_diffmissing_or_zero_variance|form_index_diff","e15cdb8663f0c3a4a2c723b78fc58adb34e2b76476473c958b12f97f504d406f"
"uefa_nations_league_2026_27","uefa_nations_league_2026_27-2047893","uefa_nations_league_2026_27-2047893","uefa_nations_league_2026_27-2047893__score",3,3,0,0.0984205284142607,0.781086492429438,0.218913507570562,"phase14-open-nb-incumbent-calibrated-v1","0e89c2948c77b348c5b6d3832cf6d4e7721ca7794f8f68f857d6ae82b9fe7d50","fc9a617e48969b5d524f9994bccb31de0cb028829b4c58a1999b77cf12c5a990","open_nb_incumbent","c65a4f90477e5b799e234d1a313ff333f6cce12cfc08de93e342d7718c252ff8","vector_w400_p0p010","be1392fd4b9fbfe747ea90c89a17413f72459d8ff708d6d80d1bf086973eb51e","2026-06-10","2026-11-14T16:59:59Z","elo_diff","xgf_ewma_diffmissing_or_zero_variance|xga_ewma_diffmissing_or_zero_variance|xgd_ewma_diffmissing_or_zero_variance|form_index_diff","5caaf76f1d2b530afaa12fdd12e2ef4666f7ab196b69eaae40dcd53bc49f6022"
"uefa_nations_league_2026_27","uefa_nations_league_2026_27-2047893","uefa_nations_league_2026_27-2047893","uefa_nations_league_2026_27-2047893__score",4,2,1,0.0775414133426602,0.781086492429438,0.218913507570562,"phase14-open-nb-incumbent-calibrated-v1","0e89c2948c77b348c5b6d3832cf6d4e7721ca7794f8f68f857d6ae82b9fe7d50","fc9a617e48969b5d524f9994bccb31de0cb028829b4c58a1999b77cf12c5a990","open_nb_incumbent","c65a4f90477e5b799e234d1a313ff333f6cce12cfc08de93e342d7718c252ff8","vector_w400_p0p010","be1392fd4b9fbfe747ea90c89a17413f72459d8ff708d6d80d1bf086973eb51e","2026-06-10","2026-11-14T16:59:59Z","elo_diff","xgf_ewma_diffmissing_or_zero_variance|xga_ewma_diffmissing_or_zero_variance|xgd_ewma_diffmissing_or_zero_variance|form_index_diff","d7712877da218f0d4500c1e1289c87e0a07b9321e86858ebf9652f79329e5218"
"uefa_nations_league_2026_27","uefa_nations_league_2026_27-2047893","uefa_nations_league_2026_27-2047893","uefa_nations_league_2026_27-2047893__score",5,1,1,0.0765282442313688,0.781086492429438,0.218913507570562,"phase14-open-nb-incumbent-calibrated-v1","0e89c2948c77b348c5b6d3832cf6d4e7721ca7794f8f68f857d6ae82b9fe7d50","fc9a617e48969b5d524f9994bccb31de0cb028829b4c58a1999b77cf12c5a990","open_nb_incumbent","c65a4f90477e5b799e234d1a313ff333f6cce12cfc08de93e342d7718c252ff8","vector_w400_p0p010","be1392fd4b9fbfe747ea90c89a17413f72459d8ff708d6d80d1bf086973eb51e","2026-06-10","2026-11-14T16:59:59Z","elo_diff","xgf_ewma_diffmissing_or_zero_variance|xga_ewma_diffmissing_or_zero_variance|xgd_ewma_diffmissing_or_zero_variance|form_index_diff","251a629df4b629bc2d2a3557a453a28e2747897e3f29f76ab2416950854c2b2b"
"uefa_nations_league_2026_27","uefa_nations_league_2026_27-2047893","uefa_nations_league_2026_27-2047893","uefa_nations_league_2026_27-2047893__score",6,0,0,0.0715162688784587,0.781086492429438,0.218913507570562,"phase14-open-nb-incumbent-calibrated-v1","0e89c2948c77b348c5b6d3832cf6d4e7721ca7794f8f68f857d6ae82b9fe7d50","fc9a617e48969b5d524f9994bccb31de0cb028829b4c58a1999b77cf12c5a990","open_nb_incumbent","c65a4f90477e5b799e234d1a313ff333f6cce12cfc08de93e342d7718c252ff8","vector_w400_p0p010","be1392fd4b9fbfe747ea90c89a17413f72459d8ff708d6d80d1bf086973eb51e","2026-06-10","2026-11-14T16:59:59Z","elo_diff","xgf_ewma_diffmissing_or_zero_variance|xga_ewma_diffmissing_or_zero_variance|xgd_ewma_diffmissing_or_zero_variance|form_index_diff","2e1d4f9c444890a272ca1c36bb73982685674a5aa5e9541e4ae0c0102fa748a0"
"uefa_nations_league_2026_27","uefa_nations_league_2026_27-2047893","uefa_nations_league_2026_27-2047893","uefa_nations_league_2026_27-2047893__score",7,4,0,0.0586600827627772,0.781086492429438,0.218913507570562,"phase14-open-nb-incumbent-calibrated-v1","0e89c2948c77b348c5b6d3832cf6d4e7721ca7794f8f68f857d6ae82b9fe7d50","fc9a617e48969b5d524f9994bccb31de0cb028829b4c58a1999b77cf12c5a990","open_nb_incumbent","c65a4f90477e5b799e234d1a313ff333f6cce12cfc08de93e342d7718c252ff8","vector_w400_p0p010","be1392fd4b9fbfe747ea90c89a17413f72459d8ff708d6d80d1bf086973eb51e","2026-06-10","2026-11-14T16:59:59Z","elo_diff","xgf_ewma_diffmissing_or_zero_variance|xga_ewma_diffmissing_or_zero_variance|xgd_ewma_diffmissing_or_zero_variance|form_index_diff","cefc1377eee9f4239399c1a9cd09c70417ba6510ee0ef9d3b09f52ee6745b62b"
"uefa_nations_league_2026_27","uefa_nations_league_2026_27-2047893","uefa_nations_league_2026_27-2047893","uefa_nations_league_2026_27-2047893__score",8,3,1,0.0569998806749679,0.781086492429438,0.218913507570562,"phase14-open-nb-incumbent-calibrated-v1","0e89c2948c77b348c5b6d3832cf6d4e7721ca7794f8f68f857d6ae82b9fe7d50","fc9a617e48969b5d524f9994bccb31de0cb028829b4c58a1999b77cf12c5a990","open_nb_incumbent","c65a4f90477e5b799e234d1a313ff333f6cce12cfc08de93e342d7718c252ff8","vector_w400_p0p010","be1392fd4b9fbfe747ea90c89a17413f72459d8ff708d6d80d1bf086973eb51e","2026-06-10","2026-11-14T16:59:59Z","elo_diff","xgf_ewma_diffmissing_or_zero_variance|xga_ewma_diffmissing_or_zero_variance|xgd_ewma_diffmissing_or_zero_variance|form_index_diff","64a423cc6d92d707dcdb0ac2cdb4a7a8b7e5f5ae5d0d74e1603ac67e617ae87d"
"uefa_nations_league_2026_27","uefa_nations_league_2026_27-2047893","uefa_nations_league_2026_27-2047893","uefa_nations_league_2026_27-2047893__score",9,0,1,0.041418379458735,0.781086492429438,0.218913507570562,"phase14-open-nb-incumbent-calibrated-v1","0e89c2948c77b348c5b6d3832cf6d4e7721ca7794f8f68f857d6ae82b9fe7d50","fc9a617e48969b5d524f9994bccb31de0cb028829b4c58a1999b77cf12c5a990","open_nb_incumbent","c65a4f90477e5b799e234d1a313ff333f6cce12cfc08de93e342d7718c252ff8","vector_w400_p0p010","be1392fd4b9fbfe747ea90c89a17413f72459d8ff708d6d80d1bf086973eb51e","2026-06-10","2026-11-14T16:59:59Z","elo_diff","xgf_ewma_diffmissing_or_zero_variance|xga_ewma_diffmissing_or_zero_variance|xgd_ewma_diffmissing_or_zero_variance|form_index_diff","e17a998202d5f2a176cf0013e68343da87796f53cf9f7babb057f72d9cb2ab8a"
"uefa_nations_league_2026_27","uefa_nations_league_2026_27-2047893","uefa_nations_league_2026_27-2047893","uefa_nations_league_2026_27-2047893__score",10,4,1,0.0339727673863775,0.781086492429438,0.218913507570562,"phase14-open-nb-incumbent-calibrated-v1","0e89c2948c77b348c5b6d3832cf6d4e7721ca7794f8f68f857d6ae82b9fe7d50","fc9a617e48969b5d524f9994bccb31de0cb028829b4c58a1999b77cf12c5a990","open_nb_incumbent","c65a4f90477e5b799e234d1a313ff333f6cce12cfc08de93e342d7718c252ff8","vector_w400_p0p010","be1392fd4b9fbfe747ea90c89a17413f72459d8ff708d6d80d1bf086973eb51e","2026-06-10","2026-11-14T16:59:59Z","elo_diff","xgf_ewma_diffmissing_or_zero_variance|xga_ewma_diffmissing_or_zero_variance|xgd_ewma_diffmissing_or_zero_variance|form_index_diff","5cb82b3282387e8c9758d872b3c2d256b3b398c30841cf57d7957bc3f376323e"
"uefa_nations_league_2026_27","uefa_nations_league_2026_27-2047894","uefa_nations_league_2026_27-2047894","uefa_nations_league_2026_27-2047894__score",1,1,0,0.136466938316642,0.782363587675392,0.217636412324608,"phase14-open-nb-incumbent-calibrated-v1","0e89c2948c77b348c5b6d3832cf6d4e7721ca7794f8f68f857d6ae82b9fe7d50","fc9a617e48969b5d524f9994bccb31de0cb028829b4c58a1999b77cf12c5a990","open_nb_incumbent","c65a4f90477e5b799e234d1a313ff333f6cce12cfc08de93e342d7718c252ff8","vector_w400_p0p010","be1392fd4b9fbfe747ea90c89a17413f72459d8ff708d6d80d1bf086973eb51e","2026-06-10","2026-11-14T19:44:59Z","elo_diff","xgf_ewma_diffmissing_or_zero_variance|xga_ewma_diffmissing_or_zero_variance|xgd_ewma_diffmissing_or_zero_variance|form_index_diff","dd1cf7774ef49338f82d2554424b6f75a0ac9f1b2cdf4da530bb224d7bada212"
"uefa_nations_league_2026_27","uefa_nations_league_2026_27-2047894","uefa_nations_league_2026_27-2047894","uefa_nations_league_2026_27-2047894__score",2,2,0,0.12527569650189,0.782363587675392,0.217636412324608,"phase14-open-nb-incumbent-calibrated-v1","0e89c2948c77b348c5b6d3832cf6d4e7721ca7794f8f68f857d6ae82b9fe7d50","fc9a617e48969b5d524f9994bccb31de0cb028829b4c58a1999b77cf12c5a990","open_nb_incumbent","c65a4f90477e5b799e234d1a313ff333f6cce12cfc08de93e342d7718c252ff8","vector_w400_p0p010","be1392fd4b9fbfe747ea90c89a17413f72459d8ff708d6d80d1bf086973eb51e","2026-06-10","2026-11-14T19:44:59Z","elo_diff","xgf_ewma_diffmissing_or_zero_variance|xga_ewma_diffmissing_or_zero_variance|xgd_ewma_diffmissing_or_zero_variance|form_index_diff","3fa952f558a2ad8220beff82ff07e97a77bd72d195a0cdc8d635c73befafe0ce"
"uefa_nations_league_2026_27","uefa_nations_league_2026_27-2047894","uefa_nations_league_2026_27-2047894","uefa_nations_league_2026_27-2047894__score",3,1,1,0.0888775281232352,0.782363587675392,0.217636412324608,"phase14-open-nb-incumbent-calibrated-v1","0e89c2948c77b348c5b6d3832cf6d4e7721ca7794f8f68f857d6ae82b9fe7d50","fc9a617e48969b5d524f9994bccb31de0cb028829b4c58a1999b77cf12c5a990","open_nb_incumbent","c65a4f90477e5b799e234d1a313ff333f6cce12cfc08de93e342d7718c252ff8","vector_w400_p0p010","be1392fd4b9fbfe747ea90c89a17413f72459d8ff708d6d80d1bf086973eb51e","2026-06-10","2026-11-14T19:44:59Z","elo_diff","xgf_ewma_diffmissing_or_zero_variance|xga_ewma_diffmissing_or_zero_variance|xgd_ewma_diffmissing_or_zero_variance|form_index_diff","2584fa49b468bbf238b33079978edacba53ce9181a2744b1913079fe9839a661"
"uefa_nations_league_2026_27","uefa_nations_league_2026_27-2047894","uefa_nations_league_2026_27-2047894","uefa_nations_league_2026_27-2047894__score",4,3,0,0.08343234968939,0.782363587675392,0.217636412324608,"phase14-open-nb-incumbent-calibrated-v1","0e89c2948c77b348c5b6d3832cf6d4e7721ca7794f8f68f857d6ae82b9fe7d50","fc9a617e48969b5d524f9994bccb31de0cb028829b4c58a1999b77cf12c5a990","open_nb_incumbent","c65a4f90477e5b799e234d1a313ff333f6cce12cfc08de93e342d7718c252ff8","vector_w400_p0p010","be1392fd4b9fbfe747ea90c89a17413f72459d8ff708d6d80d1bf086973eb51e","2026-06-10","2026-11-14T19:44:59Z","elo_diff","xgf_ewma_diffmissing_or_zero_variance|xga_ewma_diffmissing_or_zero_variance|xgd_ewma_diffmissing_or_zero_variance|form_index_diff","c048a704d3578f19d21cdd010395623956c4b200d5b036629c9f8947680dd49c"
"uefa_nations_league_2026_27","uefa_nations_league_2026_27-2047894","uefa_nations_league_2026_27-2047894","uefa_nations_league_2026_27-2047894__score",5,2,1,0.0815889502347459,0.782363587675392,0.217636412324608,"phase14-open-nb-incumbent-calibrated-v1","0e89c2948c77b348c5b6d3832cf6d4e7721ca7794f8f68f857d6ae82b9fe7d50","fc9a617e48969b5d524f9994bccb31de0cb028829b4c58a1999b77cf12c5a990","open_nb_incumbent","c65a4f90477e5b799e234d1a313ff333f6cce12cfc08de93e342d7718c252ff8","vector_w400_p0p010","be1392fd4b9fbfe747ea90c89a17413f72459d8ff708d6d80d1bf086973eb51e","2026-06-10","2026-11-14T19:44:59Z","elo_diff","xgf_ewma_diffmissing_or_zero_variance|xga_ewma_diffmissing_or_zero_variance|xgd_ewma_diffmissing_or_zero_variance|form_index_diff","b33142210a702f348373542bc05d461c848895738f96800c173b4e2538f8cb6e"
"uefa_nations_league_2026_27","uefa_nations_league_2026_27-2047894","uefa_nations_league_2026_27-2047894","uefa_nations_league_2026_27-2047894__score",6,0,0,0.0815213543891472,0.782363587675392,0.217636412324608,"phase14-open-nb-incumbent-calibrated-v1","0e89c2948c77b348c5b6d3832cf6d4e7721ca7794f8f68f857d6ae82b9fe7d50","fc9a617e48969b5d524f9994bccb31de0cb028829b4c58a1999b77cf12c5a990","open_nb_incumbent","c65a4f90477e5b799e234d1a313ff333f6cce12cfc08de93e342d7718c252ff8","vector_w400_p0p010","be1392fd4b9fbfe747ea90c89a17413f72459d8ff708d6d80d1bf086973eb51e","2026-06-10","2026-11-14T19:44:59Z","elo_diff","xgf_ewma_diffmissing_or_zero_variance|xga_ewma_diffmissing_or_zero_variance|xgd_ewma_diffmissing_or_zero_variance|form_index_diff","b577e7795f024174413bf8af7a99b8f3871a12ef0db188a0436e6f75045cd74e"
"uefa_nations_league_2026_27","uefa_nations_league_2026_27-2047894","uefa_nations_league_2026_27-2047894","uefa_nations_league_2026_27-2047894__score",7,3,1,0.0543374175267336,0.782363587675392,0.217636412324608,"phase14-open-nb-incumbent-calibrated-v1","0e89c2948c77b348c5b6d3832cf6d4e7721ca7794f8f68f857d6ae82b9fe7d50","fc9a617e48969b5d524f9994bccb31de0cb028829b4c58a1999b77cf12c5a990","open_nb_incumbent","c65a4f90477e5b799e234d1a313ff333f6cce12cfc08de93e342d7718c252ff8","vector_w400_p0p010","be1392fd4b9fbfe747ea90c89a17413f72459d8ff708d6d80d1bf086973eb51e","2026-06-10","2026-11-14T19:44:59Z","elo_diff","xgf_ewma_diffmissing_or_zero_variance|xga_ewma_diffmissing_or_zero_variance|xgd_ewma_diffmissing_or_zero_variance|form_index_diff","e1e1b0e1980f75f0521ae69bdfb210fd4ad555a450a9641cbdf7f71dc7d33e2c"
"uefa_nations_league_2026_27","uefa_nations_league_2026_27-2047894","uefa_nations_league_2026_27-2047894","uefa_nations_league_2026_27-2047894__score",8,0,1,0.0530928337422963,0.782363587675392,0.217636412324608,"phase14-open-nb-incumbent-calibrated-v1","0e89c2948c77b348c5b6d3832cf6d4e7721ca7794f8f68f857d6ae82b9fe7d50","fc9a617e48969b5d524f9994bccb31de0cb028829b4c58a1999b77cf12c5a990","open_nb_incumbent","c65a4f90477e5b799e234d1a313ff333f6cce12cfc08de93e342d7718c252ff8","vector_w400_p0p010","be1392fd4b9fbfe747ea90c89a17413f72459d8ff708d6d80d1bf086973eb51e","2026-06-10","2026-11-14T19:44:59Z","elo_diff","xgf_ewma_diffmissing_or_zero_variance|xga_ewma_diffmissing_or_zero_variance|xgd_ewma_diffmissing_or_zero_variance|form_index_diff","81d10b29c84f10b3730c83f69779dca0cf121f9f4a57c20d4f316545654c744e"
"uefa_nations_league_2026_27","uefa_nations_league_2026_27-2047894","uefa_nations_league_2026_27-2047894","uefa_nations_league_2026_27-2047894__score",9,4,0,0.045052497215583,0.782363587675392,0.217636412324608,"phase14-open-nb-incumbent-calibrated-v1","0e89c2948c77b348c5b6d3832cf6d4e7721ca7794f8f68f857d6ae82b9fe7d50","fc9a617e48969b5d524f9994bccb31de0cb028829b4c58a1999b77cf12c5a990","open_nb_incumbent","c65a4f90477e5b799e234d1a313ff333f6cce12cfc08de93e342d7718c252ff8","vector_w400_p0p010","be1392fd4b9fbfe747ea90c89a17413f72459d8ff708d6d80d1bf086973eb51e","2026-06-10","2026-11-14T19:44:59Z","elo_diff","xgf_ewma_diffmissing_or_zero_variance|xga_ewma_diffmissing_or_zero_variance|xgd_ewma_diffmissing_or_zero_variance|form_index_diff","b95a7680080909d846bb8f16fe690b23f903e394956dbf15d3262994f99da458"
"uefa_nations_league_2026_27","uefa_nations_league_2026_27-2047894","uefa_nations_league_2026_27-2047894","uefa_nations_league_2026_27-2047894__score",10,1,2,0.0327180219357291,0.782363587675392,0.217636412324608,"phase14-open-nb-incumbent-calibrated-v1","0e89c2948c77b348c5b6d3832cf6d4e7721ca7794f8f68f857d6ae82b9fe7d50","fc9a617e48969b5d524f9994bccb31de0cb028829b4c58a1999b77cf12c5a990","open_nb_incumbent","c65a4f90477e5b799e234d1a313ff333f6cce12cfc08de93e342d7718c252ff8","vector_w400_p0p010","be1392fd4b9fbfe747ea90c89a17413f72459d8ff708d6d80d1bf086973eb51e","2026-06-10","2026-11-14T19:44:59Z","elo_diff","xgf_ewma_diffmissing_or_zero_variance|xga_ewma_diffmissing_or_zero_variance|xgd_ewma_diffmissing_or_zero_variance|form_index_diff","b7ae1c0f5af36468b9b5227f06176da1d219a0de7444e3a39fe3269b42fb198f"
"uefa_nations_league_2026_27","uefa_nations_league_2026_27-2047895","uefa_nations_league_2026_27-2047895","uefa_nations_league_2026_27-2047895__score",1,1,1,0.116995431274397,0.781222666130242,0.218777333869758,"phase14-open-nb-incumbent-calibrated-v1","0e89c2948c77b348c5b6d3832cf6d4e7721ca7794f8f68f857d6ae82b9fe7d50","fc9a617e48969b5d524f9994bccb31de0cb028829b4c58a1999b77cf12c5a990","open_nb_incumbent","c65a4f90477e5b799e234d1a313ff333f6cce12cfc08de93e342d7718c252ff8","vector_w400_p0p010","be1392fd4b9fbfe747ea90c89a17413f72459d8ff708d6d80d1bf086973eb51e","2026-06-10","2026-11-14T16:59:59Z","elo_diff","xgf_ewma_diffmissing_or_zero_variance|xga_ewma_diffmissing_or_zero_variance|xgd_ewma_diffmissing_or_zero_variance|form_index_diff","4a7f293330ee49d3c95a79c4fe0859ea4d48654fde28ba4a21dda9ce576a374c"
"uefa_nations_league_2026_27","uefa_nations_league_2026_27-2047895","uefa_nations_league_2026_27-2047895","uefa_nations_league_2026_27-2047895__score",2,1,0,0.109635512170272,0.781222666130242,0.218777333869758,"phase14-open-nb-incumbent-calibrated-v1","0e89c2948c77b348c5b6d3832cf6d4e7721ca7794f8f68f857d6ae82b9fe7d50","fc9a617e48969b5d524f9994bccb31de0cb028829b4c58a1999b77cf12c5a990","open_nb_incumbent","c65a4f90477e5b799e234d1a313ff333f6cce12cfc08de93e342d7718c252ff8","vector_w400_p0p010","be1392fd4b9fbfe747ea90c89a17413f72459d8ff708d6d80d1bf086973eb51e","2026-06-10","2026-11-14T16:59:59Z","elo_diff","xgf_ewma_diffmissing_or_zero_variance|xga_ewma_diffmissing_or_zero_variance|xgd_ewma_diffmissing_or_zero_variance|form_index_diff","8b84b3a1a0b7100fe1ed7140b1950a719131330597e26feab85d5cdc4e2b76ad"
"uefa_nations_league_2026_27","uefa_nations_league_2026_27-2047895","uefa_nations_league_2026_27-2047895","uefa_nations_league_2026_27-2047895__score",3,0,1,0.10957771381492,0.781222666130242,0.218777333869758,"phase14-open-nb-incumbent-calibrated-v1","0e89c2948c77b348c5b6d3832cf6d4e7721ca7794f8f68f857d6ae82b9fe7d50","fc9a617e48969b5d524f9994bccb31de0cb028829b4c58a1999b77cf12c5a990","open_nb_incumbent","c65a4f90477e5b799e234d1a313ff333f6cce12cfc08de93e342d7718c252ff8","vector_w400_p0p010","be1392fd4b9fbfe747ea90c89a17413f72459d8ff708d6d80d1bf086973eb51e","2026-06-10","2026-11-14T16:59:59Z","elo_diff","xgf_ewma_diffmissing_or_zero_variance|xga_ewma_diffmissing_or_zero_variance|xgd_ewma_diffmissing_or_zero_variance|form_index_diff","4ecbbfef617d3e3185f681a273694ea39cb1a4711fa4004d04bf759f801620c5"
"uefa_nations_league_2026_27","uefa_nations_league_2026_27-2047895","uefa_nations_league_2026_27-2047895","uefa_nations_league_2026_27-2047895__score",4,0,0,0.102684426611241,0.781222666130242,0.218777333869758,"phase14-open-nb-incumbent-calibrated-v1","0e89c2948c77b348c5b6d3832cf6d4e7721ca7794f8f68f857d6ae82b9fe7d50","fc9a617e48969b5d524f9994bccb31de0cb028829b4c58a1999b77cf12c5a990","open_nb_incumbent","c65a4f90477e5b799e234d1a313ff333f6cce12cfc08de93e342d7718c252ff8","vector_w400_p0p010","be1392fd4b9fbfe747ea90c89a17413f72459d8ff708d6d80d1bf086973eb51e","2026-06-10","2026-11-14T16:59:59Z","elo_diff","xgf_ewma_diffmissing_or_zero_variance|xga_ewma_diffmissing_or_zero_variance|xgd_ewma_diffmissing_or_zero_variance|form_index_diff","78adfcfd80bcca9f6491ca8dcdaa0882f67f897106e68010c3003428073ceedf"
"uefa_nations_league_2026_27","uefa_nations_league_2026_27-2047895","uefa_nations_league_2026_27-2047895","uefa_nations_league_2026_27-2047895__score",5,1,2,0.0705695109991197,0.781222666130242,0.218777333869758,"phase14-open-nb-incumbent-calibrated-v1","0e89c2948c77b348c5b6d3832cf6d4e7721ca7794f8f68f857d6ae82b9fe7d50","fc9a617e48969b5d524f9994bccb31de0cb028829b4c58a1999b77cf12c5a990","open_nb_incumbent","c65a4f90477e5b799e234d1a313ff333f6cce12cfc08de93e342d7718c252ff8","vector_w400_p0p010","be1392fd4b9fbfe747ea90c89a17413f72459d8ff708d6d80d1bf086973eb51e","2026-06-10","2026-11-14T16:59:59Z","elo_diff","xgf_ewma_diffmissing_or_zero_variance|xga_ewma_diffmissing_or_zero_variance|xgd_ewma_diffmissing_or_zero_variance|form_index_diff","048ff878fa83e1ae823171b5c9cda94b9bb39c7ab9fd0dcfe10aa2838702d6c4"
"uefa_nations_league_2026_27","uefa_nations_league_2026_27-2047895","uefa_nations_league_2026_27-2047895","uefa_nations_league_2026_27-2047895__score",6,2,1,0.0685013114776297,0.781222666130242,0.218777333869758,"phase14-open-nb-incumbent-calibrated-v1","0e89c2948c77b348c5b6d3832cf6d4e7721ca7794f8f68f857d6ae82b9fe7d50","fc9a617e48969b5d524f9994bccb31de0cb028829b4c58a1999b77cf12c5a990","open_nb_incumbent","c65a4f90477e5b799e234d1a313ff333f6cce12cfc08de93e342d7718c252ff8","vector_w400_p0p010","be1392fd4b9fbfe747ea90c89a17413f72459d8ff708d6d80d1bf086973eb51e","2026-06-10","2026-11-14T16:59:59Z","elo_diff","xgf_ewma_diffmissing_or_zero_variance|xga_ewma_diffmissing_or_zero_variance|xgd_ewma_diffmissing_or_zero_variance|form_index_diff","1cf145f393ed9be123c1d9ea78fc40e9b57d47a8d4eb9ebe13a40012ad03e442"
"uefa_nations_league_2026_27","uefa_nations_league_2026_27-2047895","uefa_nations_league_2026_27-2047895","uefa_nations_league_2026_27-2047895__score",7,0,2,0.0660952790727706,0.781222666130242,0.218777333869758,"phase14-open-nb-incumbent-calibrated-v1","0e89c2948c77b348c5b6d3832cf6d4e7721ca7794f8f68f857d6ae82b9fe7d50","fc9a617e48969b5d524f9994bccb31de0cb028829b4c58a1999b77cf12c5a990","open_nb_incumbent","c65a4f90477e5b799e234d1a313ff333f6cce12cfc08de93e342d7718c252ff8","vector_w400_p0p010","be1392fd4b9fbfe747ea90c89a17413f72459d8ff708d6d80d1bf086973eb51e","2026-06-10","2026-11-14T16:59:59Z","elo_diff","xgf_ewma_diffmissing_or_zero_variance|xga_ewma_diffmissing_or_zero_variance|xgd_ewma_diffmissing_or_zero_variance|form_index_diff","3db1eb0f3f8f416e6d17f1b079f5094cb3be7462c092655d2b22db2e51240ec1"
"uefa_nations_league_2026_27","uefa_nations_league_2026_27-2047895","uefa_nations_league_2026_27-2047895","uefa_nations_league_2026_27-2047895__score",8,2,0,0.0641920482396549,0.781222666130242,0.218777333869758,"phase14-open-nb-incumbent-calibrated-v1","0e89c2948c77b348c5b6d3832cf6d4e7721ca7794f8f68f857d6ae82b9fe7d50","fc9a617e48969b5d524f9994bccb31de0cb028829b4c58a1999b77cf12c5a990","open_nb_incumbent","c65a4f90477e5b799e234d1a313ff333f6cce12cfc08de93e342d7718c252ff8","vector_w400_p0p010","be1392fd4b9fbfe747ea90c89a17413f72459d8ff708d6d80d1bf086973eb51e","2026-06-10","2026-11-14T16:59:59Z","elo_diff","xgf_ewma_diffmissing_or_zero_variance|xga_ewma_diffmissing_or_zero_variance|xgd_ewma_diffmissing_or_zero_variance|form_index_diff","b42f953aad58bb756a35026d5a3aad78b5ba26b1340fbe751b673ad1cba1cede"
"uefa_nations_league_2026_27","uefa_nations_league_2026_27-2047895","uefa_nations_league_2026_27-2047895","uefa_nations_league_2026_27-2047895__score",9,2,2,0.04131874211769,0.781222666130242,0.218777333869758,"phase14-open-nb-incumbent-calibrated-v1","0e89c2948c77b348c5b6d3832cf6d4e7721ca7794f8f68f857d6ae82b9fe7d50","fc9a617e48969b5d524f9994bccb31de0cb028829b4c58a1999b77cf12c5a990","open_nb_incumbent","c65a4f90477e5b799e234d1a313ff333f6cce12cfc08de93e342d7718c252ff8","vector_w400_p0p010","be1392fd4b9fbfe747ea90c89a17413f72459d8ff708d6d80d1bf086973eb51e","2026-06-10","2026-11-14T16:59:59Z","elo_diff","xgf_ewma_diffmissing_or_zero_variance|xga_ewma_diffmissing_or_zero_variance|xgd_ewma_diffmissing_or_zero_variance|form_index_diff","3e2641d7b24b87f4720095f0d4e36a18de452f246838628951875c6536a29c29"
"uefa_nations_league_2026_27","uefa_nations_league_2026_27-2047895","uefa_nations_league_2026_27-2047895","uefa_nations_league_2026_27-2047895__score",10,1,3,0.0316526903525469,0.781222666130242,0.218777333869758,"phase14-open-nb-incumbent-calibrated-v1","0e89c2948c77b348c5b6d3832cf6d4e7721ca7794f8f68f857d6ae82b9fe7d50","fc9a617e48969b5d524f9994bccb31de0cb028829b4c58a1999b77cf12c5a990","open_nb_incumbent","c65a4f90477e5b799e234d1a313ff333f6cce12cfc08de93e342d7718c252ff8","vector_w400_p0p010","be1392fd4b9fbfe747ea90c89a17413f72459d8ff708d6d80d1bf086973eb51e","2026-06-10","2026-11-14T16:59:59Z","elo_diff","xgf_ewma_diffmissing_or_zero_variance|xga_ewma_diffmissing_or_zero_variance|xgd_ewma_diffmissing_or_zero_variance|form_index_diff","6e734be5c3c49c7885eb897881aa9a39a14aa3b7d35ca66df62bb54ff0287792"
"uefa_nations_league_2026_27","uefa_nations_league_2026_27-2047896","uefa_nations_league_2026_27-2047896","uefa_nations_league_2026_27-2047896__score",1,1,0,0.126455737889157,0.784059374666253,0.215940625333747,"phase14-open-nb-incumbent-calibrated-v1","0e89c2948c77b348c5b6d3832cf6d4e7721ca7794f8f68f857d6ae82b9fe7d50","fc9a617e48969b5d524f9994bccb31de0cb028829b4c58a1999b77cf12c5a990","open_nb_incumbent","c65a4f90477e5b799e234d1a313ff333f6cce12cfc08de93e342d7718c252ff8","vector_w400_p0p010","be1392fd4b9fbfe747ea90c89a17413f72459d8ff708d6d80d1bf086973eb51e","2026-06-10","2026-11-14T13:59:59Z","elo_diff","xgf_ewma_diffmissing_or_zero_variance|xga_ewma_diffmissing_or_zero_variance|xgd_ewma_diffmissing_or_zero_variance|form_index_diff","aaa71542a728068697089c6fe658338f30248e26b59999d32cbbaaec0649f0dc"
"uefa_nations_league_2026_27","uefa_nations_league_2026_27-2047896","uefa_nations_league_2026_27-2047896","uefa_nations_league_2026_27-2047896__score",2,1,1,0.113735373624435,0.784059374666253,0.215940625333747,"phase14-open-nb-incumbent-calibrated-v1","0e89c2948c77b348c5b6d3832cf6d4e7721ca7794f8f68f857d6ae82b9fe7d50","fc9a617e48969b5d524f9994bccb31de0cb028829b4c58a1999b77cf12c5a990","open_nb_incumbent","c65a4f90477e5b799e234d1a313ff333f6cce12cfc08de93e342d7718c252ff8","vector_w400_p0p010","be1392fd4b9fbfe747ea90c89a17413f72459d8ff708d6d80d1bf086973eb51e","2026-06-10","2026-11-14T13:59:59Z","elo_diff","xgf_ewma_diffmissing_or_zero_variance|xga_ewma_diffmissing_or_zero_variance|xgd_ewma_diffmissing_or_zero_variance|form_index_diff","a60e2408cb65661de79b1b390d5c29c068c76c81d537fc75a0e4d42caba41f2d"
"uefa_nations_league_2026_27","uefa_nations_league_2026_27-2047896","uefa_nations_league_2026_27-2047896","uefa_nations_league_2026_27-2047896__score",3,0,0,0.100692855438269,0.784059374666253,0.215940625333747,"phase14-open-nb-incumbent-calibrated-v1","0e89c2948c77b348c5b6d3832cf6d4e7721ca7794f8f68f857d6ae82b9fe7d50","fc9a617e48969b5d524f9994bccb31de0cb028829b4c58a1999b77cf12c5a990","open_nb_incumbent","c65a4f90477e5b799e234d1a313ff333f6cce12cfc08de93e342d7718c252ff8","vector_w400_p0p010","be1392fd4b9fbfe747ea90c89a17413f72459d8ff708d6d80d1bf086973eb51e","2026-06-10","2026-11-14T13:59:59Z","elo_diff","xgf_ewma_diffmissing_or_zero_variance|xga_ewma_diffmissing_or_zero_variance|xgd_ewma_diffmissing_or_zero_variance|form_index_diff","4336f903f12ebd9b42f3c67db76a8756e3b53a02fd358324670e3062bd104f9d"
"uefa_nations_league_2026_27","uefa_nations_league_2026_27-2047896","uefa_nations_league_2026_27-2047896","uefa_nations_league_2026_27-2047896__score",4,0,1,0.0905640165147833,0.784059374666253,0.215940625333747,"phase14-open-nb-incumbent-calibrated-v1","0e89c2948c77b348c5b6d3832cf6d4e7721ca7794f8f68f857d6ae82b9fe7d50","fc9a617e48969b5d524f9994bccb31de0cb028829b4c58a1999b77cf12c5a990","open_nb_incumbent","c65a4f90477e5b799e234d1a313ff333f6cce12cfc08de93e342d7718c252ff8","vector_w400_p0p010","be1392fd4b9fbfe747ea90c89a17413f72459d8ff708d6d80d1bf086973eb51e","2026-06-10","2026-11-14T13:59:59Z","elo_diff","xgf_ewma_diffmissing_or_zero_variance|xga_ewma_diffmissing_or_zero_variance|xgd_ewma_diffmissing_or_zero_variance|form_index_diff","8e94a92c06a704d3ecbbec4b5490615c6339da5534e03fd89e301ae5dff57a36"
"uefa_nations_league_2026_27","uefa_nations_league_2026_27-2047896","uefa_nations_league_2026_27-2047896","uefa_nations_league_2026_27-2047896__score",5,2,0,0.0870886863443966,0.784059374666253,0.215940625333747,"phase14-open-nb-incumbent-calibrated-v1","0e89c2948c77b348c5b6d3832cf6d4e7721ca7794f8f68f857d6ae82b9fe7d50","fc9a617e48969b5d524f9994bccb31de0cb028829b4c58a1999b77cf12c5a990","open_nb_incumbent","c65a4f90477e5b799e234d1a313ff333f6cce12cfc08de93e342d7718c252ff8","vector_w400_p0p010","be1392fd4b9fbfe747ea90c89a17413f72459d8ff708d6d80d1bf086973eb51e","2026-06-10","2026-11-14T13:59:59Z","elo_diff","xgf_ewma_diffmissing_or_zero_variance|xga_ewma_diffmissing_or_zero_variance|xgd_ewma_diffmissing_or_zero_variance|form_index_diff","ee73e2dccd9d4f743904898191c241720246917c26e9e947c03287c4f87215d0"
"uefa_nations_league_2026_27","uefa_nations_league_2026_27-2047896","uefa_nations_league_2026_27-2047896","uefa_nations_league_2026_27-2047896__score",6,2,1,0.0783283103256519,0.784059374666253,0.215940625333747,"phase14-open-nb-incumbent-calibrated-v1","0e89c2948c77b348c5b6d3832cf6d4e7721ca7794f8f68f857d6ae82b9fe7d50","fc9a617e48969b5d524f9994bccb31de0cb028829b4c58a1999b77cf12c5a990","open_nb_incumbent","c65a4f90477e5b799e234d1a313ff333f6cce12cfc08de93e342d7718c252ff8","vector_w400_p0p010","be1392fd4b9fbfe747ea90c89a17413f72459d8ff708d6d80d1bf086973eb51e","2026-06-10","2026-11-14T13:59:59Z","elo_diff","xgf_ewma_diffmissing_or_zero_variance|xga_ewma_diffmissing_or_zero_variance|xgd_ewma_diffmissing_or_zero_variance|form_index_diff","75cabed38fefbfbef9c8bab99d802b19c94e7d4fb77aef4ad1a97133601833c6"
"uefa_nations_league_2026_27","uefa_nations_league_2026_27-2047896","uefa_nations_league_2026_27-2047896","uefa_nations_league_2026_27-2047896__score",7,1,2,0.0578206713137327,0.784059374666253,0.215940625333747,"phase14-open-nb-incumbent-calibrated-v1","0e89c2948c77b348c5b6d3832cf6d4e7721ca7794f8f68f857d6ae82b9fe7d50","fc9a617e48969b5d524f9994bccb31de0cb028829b4c58a1999b77cf12c5a990","open_nb_incumbent","c65a4f90477e5b799e234d1a313ff333f6cce12cfc08de93e342d7718c252ff8","vector_w400_p0p010","be1392fd4b9fbfe747ea90c89a17413f72459d8ff708d6d80d1bf086973eb51e","2026-06-10","2026-11-14T13:59:59Z","elo_diff","xgf_ewma_diffmissing_or_zero_variance|xga_ewma_diffmissing_or_zero_variance|xgd_ewma_diffmissing_or_zero_variance|form_index_diff","40f81947e223a74e084b9fba31fe635feaba0564e30af092b3707c7120101874"
"uefa_nations_league_2026_27","uefa_nations_league_2026_27-2047896","uefa_nations_league_2026_27-2047896","uefa_nations_league_2026_27-2047896__score",8,0,2,0.0460408408121477,0.784059374666253,0.215940625333747,"phase14-open-nb-incumbent-calibrated-v1","0e89c2948c77b348c5b6d3832cf6d4e7721ca7794f8f68f857d6ae82b9fe7d50","fc9a617e48969b5d524f9994bccb31de0cb028829b4c58a1999b77cf12c5a990","open_nb_incumbent","c65a4f90477e5b799e234d1a313ff333f6cce12cfc08de93e342d7718c252ff8","vector_w400_p0p010","be1392fd4b9fbfe747ea90c89a17413f72459d8ff708d6d80d1bf086973eb51e","2026-06-10","2026-11-14T13:59:59Z","elo_diff","xgf_ewma_diffmissing_or_zero_variance|xga_ewma_diffmissing_or_zero_variance|xgd_ewma_diffmissing_or_zero_variance|form_index_diff","4ad198583309f1e2aa4508c8f6388b5fcc64df726ef788e2dde66eb0e1d6bed4"
"uefa_nations_league_2026_27","uefa_nations_league_2026_27-2047896","uefa_nations_league_2026_27-2047896","uefa_nations_league_2026_27-2047896__score",9,3,0,0.0435124172170557,0.784059374666253,0.215940625333747,"phase14-open-nb-incumbent-calibrated-v1","0e89c2948c77b348c5b6d3832cf6d4e7721ca7794f8f68f857d6ae82b9fe7d50","fc9a617e48969b5d524f9994bccb31de0cb028829b4c58a1999b77cf12c5a990","open_nb_incumbent","c65a4f90477e5b799e234d1a313ff333f6cce12cfc08de93e342d7718c252ff8","vector_w400_p0p010","be1392fd4b9fbfe747ea90c89a17413f72459d8ff708d6d80d1bf086973eb51e","2026-06-10","2026-11-14T13:59:59Z","elo_diff","xgf_ewma_diffmissing_or_zero_variance|xga_ewma_diffmissing_or_zero_variance|xgd_ewma_diffmissing_or_zero_variance|form_index_diff","4a121b07a8399508a13b7e70ef5c89cb52cd91530888ebea8151d777ce32b60e"
"uefa_nations_league_2026_27","uefa_nations_league_2026_27-2047896","uefa_nations_league_2026_27-2047896","uefa_nations_league_2026_27-2047896__score",10,2,2,0.0398204651866248,0.784059374666253,0.215940625333747,"phase14-open-nb-incumbent-calibrated-v1","0e89c2948c77b348c5b6d3832cf6d4e7721ca7794f8f68f857d6ae82b9fe7d50","fc9a617e48969b5d524f9994bccb31de0cb028829b4c58a1999b77cf12c5a990","open_nb_incumbent","c65a4f90477e5b799e234d1a313ff333f6cce12cfc08de93e342d7718c252ff8","vector_w400_p0p010","be1392fd4b9fbfe747ea90c89a17413f72459d8ff708d6d80d1bf086973eb51e","2026-06-10","2026-11-14T13:59:59Z","elo_diff","xgf_ewma_diffmissing_or_zero_variance|xga_ewma_diffmissing_or_zero_variance|xgd_ewma_diffmissing_or_zero_variance|form_index_diff","290b2307ca1fffbc35df7b40a0ddd744b2a61b7b5757c7595fecbe707e02ca72"
"uefa_nations_league_2026_27","uefa_nations_league_2026_27-2047897","uefa_nations_league_2026_27-2047897","uefa_nations_league_2026_27-2047897__score",1,0,1,0.125200953488384,0.775637701675,0.224362298325,"phase14-open-nb-incumbent-calibrated-v1","0e89c2948c77b348c5b6d3832cf6d4e7721ca7794f8f68f857d6ae82b9fe7d50","fc9a617e48969b5d524f9994bccb31de0cb028829b4c58a1999b77cf12c5a990","open_nb_incumbent","c65a4f90477e5b799e234d1a313ff333f6cce12cfc08de93e342d7718c252ff8","vector_w400_p0p010","be1392fd4b9fbfe747ea90c89a17413f72459d8ff708d6d80d1bf086973eb51e","2026-06-10","2026-11-14T19:44:59Z","elo_diff","xgf_ewma_diffmissing_or_zero_variance|xga_ewma_diffmissing_or_zero_variance|xgd_ewma_diffmissing_or_zero_variance|form_index_diff","2c64b3d5283c751ca62b00f5ab632e3f28ad347cca2b5824ae3c899b6af2c7a7"
"uefa_nations_league_2026_27","uefa_nations_league_2026_27-2047897","uefa_nations_league_2026_27-2047897","uefa_nations_league_2026_27-2047897__score",2,1,1,0.109638645509898,0.775637701675,0.224362298325,"phase14-open-nb-incumbent-calibrated-v1","0e89c2948c77b348c5b6d3832cf6d4e7721ca7794f8f68f857d6ae82b9fe7d50","fc9a617e48969b5d524f9994bccb31de0cb028829b4c58a1999b77cf12c5a990","open_nb_incumbent","c65a4f90477e5b799e234d1a313ff333f6cce12cfc08de93e342d7718c252ff8","vector_w400_p0p010","be1392fd4b9fbfe747ea90c89a17413f72459d8ff708d6d80d1bf086973eb51e","2026-06-10","2026-11-14T19:44:59Z","elo_diff","xgf_ewma_diffmissing_or_zero_variance|xga_ewma_diffmissing_or_zero_variance|xgd_ewma_diffmissing_or_zero_variance|form_index_diff","669805d50e25bf06877a761439a1b639044ae74aa81be51d2fff50b9070c39d2"
"uefa_nations_league_2026_27","uefa_nations_league_2026_27-2047897","uefa_nations_league_2026_27-2047897","uefa_nations_league_2026_27-2047897__score",3,0,0,0.096205938373624,0.775637701675,0.224362298325,"phase14-open-nb-incumbent-calibrated-v1","0e89c2948c77b348c5b6d3832cf6d4e7721ca7794f8f68f857d6ae82b9fe7d50","fc9a617e48969b5d524f9994bccb31de0cb028829b4c58a1999b77cf12c5a990","open_nb_incumbent","c65a4f90477e5b799e234d1a313ff333f6cce12cfc08de93e342d7718c252ff8","vector_w400_p0p010","be1392fd4b9fbfe747ea90c89a17413f72459d8ff708d6d80d1bf086973eb51e","2026-06-10","2026-11-14T19:44:59Z","elo_diff","xgf_ewma_diffmissing_or_zero_variance|xga_ewma_diffmissing_or_zero_variance|xgd_ewma_diffmissing_or_zero_variance|form_index_diff","ce58cb26ab353b08e308db4ba682cb3b7bb302293239614e5f419359c1ed0a74"
"uefa_nations_league_2026_27","uefa_nations_league_2026_27-2047897","uefa_nations_league_2026_27-2047897","uefa_nations_league_2026_27-2047897__score",4,0,2,0.0920966737679727,0.775637701675,0.224362298325,"phase14-open-nb-incumbent-calibrated-v1","0e89c2948c77b348c5b6d3832cf6d4e7721ca7794f8f68f857d6ae82b9fe7d50","fc9a617e48969b5d524f9994bccb31de0cb028829b4c58a1999b77cf12c5a990","open_nb_incumbent","c65a4f90477e5b799e234d1a313ff333f6cce12cfc08de93e342d7718c252ff8","vector_w400_p0p010","be1392fd4b9fbfe747ea90c89a17413f72459d8ff708d6d80d1bf086973eb51e","2026-06-10","2026-11-14T19:44:59Z","elo_diff","xgf_ewma_diffmissing_or_zero_variance|xga_ewma_diffmissing_or_zero_variance|xgd_ewma_diffmissing_or_zero_variance|form_index_diff","a6dec31ef86419ee4b532c0bb57c3648605ebc98a52a4b5c9751b1788260487f"
"uefa_nations_league_2026_27","uefa_nations_league_2026_27-2047897","uefa_nations_league_2026_27-2047897","uefa_nations_league_2026_27-2047897__score",5,1,0,0.084247671278889,0.775637701675,0.224362298325,"phase14-open-nb-incumbent-calibrated-v1","0e89c2948c77b348c5b6d3832cf6d4e7721ca7794f8f68f857d6ae82b9fe7d50","fc9a617e48969b5d524f9994bccb31de0cb028829b4c58a1999b77cf12c5a990","open_nb_incumbent","c65a4f90477e5b799e234d1a313ff333f6cce12cfc08de93e342d7718c252ff8","vector_w400_p0p010","be1392fd4b9fbfe747ea90c89a17413f72459d8ff708d6d80d1bf086973eb51e","2026-06-10","2026-11-14T19:44:59Z","elo_diff","xgf_ewma_diffmissing_or_zero_variance|xga_ewma_diffmissing_or_zero_variance|xgd_ewma_diffmissing_or_zero_variance|form_index_diff","6eca387dccd836f599ab2b2f8ca679fcf7c935963764c412ea1642aa78ccb346"
"uefa_nations_league_2026_27","uefa_nations_league_2026_27-2047897","uefa_nations_league_2026_27-2047897","uefa_nations_league_2026_27-2047897__score",6,1,2,0.0806491826663627,0.775637701675,0.224362298325,"phase14-open-nb-incumbent-calibrated-v1","0e89c2948c77b348c5b6d3832cf6d4e7721ca7794f8f68f857d6ae82b9fe7d50","fc9a617e48969b5d524f9994bccb31de0cb028829b4c58a1999b77cf12c5a990","open_nb_incumbent","c65a4f90477e5b799e234d1a313ff333f6cce12cfc08de93e342d7718c252ff8","vector_w400_p0p010","be1392fd4b9fbfe747ea90c89a17413f72459d8ff708d6d80d1bf086973eb51e","2026-06-10","2026-11-14T19:44:59Z","elo_diff","xgf_ewma_diffmissing_or_zero_variance|xga_ewma_diffmissing_or_zero_variance|xgd_ewma_diffmissing_or_zero_variance|form_index_diff","88dd27a16f81044ebfb9a0f32503c50dcafdfca51b8b548fb491fb9c71f03343"
"uefa_nations_league_2026_27","uefa_nations_league_2026_27-2047897","uefa_nations_league_2026_27-2047897","uefa_nations_league_2026_27-2047897__score",7,2,1,0.0526505609940929,0.775637701675,0.224362298325,"phase14-open-nb-incumbent-calibrated-v1","0e89c2948c77b348c5b6d3832cf6d4e7721ca7794f8f68f857d6ae82b9fe7d50","fc9a617e48969b5d524f9994bccb31de0cb028829b4c58a1999b77cf12c5a990","open_nb_incumbent","c65a4f90477e5b799e234d1a313ff333f6cce12cfc08de93e342d7718c252ff8","vector_w400_p0p010","be1392fd4b9fbfe747ea90c89a17413f72459d8ff708d6d80d1bf086973eb51e","2026-06-10","2026-11-14T19:44:59Z","elo_diff","xgf_ewma_diffmissing_or_zero_variance|xga_ewma_diffmissing_or_zero_variance|xgd_ewma_diffmissing_or_zero_variance|form_index_diff","8bf9e613d91f474207e30fb0560d078225dc17096739110372b64307c023df86"
"uefa_nations_league_2026_27","uefa_nations_league_2026_27-2047897","uefa_nations_league_2026_27-2047897","uefa_nations_league_2026_27-2047897__score",8,0,3,0.0503762191731808,0.775637701675,0.224362298325,"phase14-open-nb-incumbent-calibrated-v1","0e89c2948c77b348c5b6d3832cf6d4e7721ca7794f8f68f857d6ae82b9fe7d50","fc9a617e48969b5d524f9994bccb31de0cb028829b4c58a1999b77cf12c5a990","open_nb_incumbent","c65a4f90477e5b799e234d1a313ff333f6cce12cfc08de93e342d7718c252ff8","vector_w400_p0p010","be1392fd4b9fbfe747ea90c89a17413f72459d8ff708d6d80d1bf086973eb51e","2026-06-10","2026-11-14T19:44:59Z","elo_diff","xgf_ewma_diffmissing_or_zero_variance|xga_ewma_diffmissing_or_zero_variance|xgd_ewma_diffmissing_or_zero_variance|form_index_diff","4080b01b3478d76a67a90a01f86851015b885fd2f5c14f15279d8b10cc689ccb"
"uefa_nations_league_2026_27","uefa_nations_league_2026_27-2047897","uefa_nations_league_2026_27-2047897","uefa_nations_league_2026_27-2047897__score",9,1,3,0.0441145237489722,0.775637701675,0.224362298325,"phase14-open-nb-incumbent-calibrated-v1","0e89c2948c77b348c5b6d3832cf6d4e7721ca7794f8f68f857d6ae82b9fe7d50","fc9a617e48969b5d524f9994bccb31de0cb028829b4c58a1999b77cf12c5a990","open_nb_incumbent","c65a4f90477e5b799e234d1a313ff333f6cce12cfc08de93e342d7718c252ff8","vector_w400_p0p010","be1392fd4b9fbfe747ea90c89a17413f72459d8ff708d6d80d1bf086973eb51e","2026-06-10","2026-11-14T19:44:59Z","elo_diff","xgf_ewma_diffmissing_or_zero_variance|xga_ewma_diffmissing_or_zero_variance|xgd_ewma_diffmissing_or_zero_variance|form_index_diff","a66a70d1572605459d009ea9a28ba4bd55dffaf6461f607e9bec7f799e0b3bf3"
"uefa_nations_league_2026_27","uefa_nations_league_2026_27-2047897","uefa_nations_league_2026_27-2047897","uefa_nations_league_2026_27-2047897__score",10,2,0,0.0404573326736235,0.775637701675,0.224362298325,"phase14-open-nb-incumbent-calibrated-v1","0e89c2948c77b348c5b6d3832cf6d4e7721ca7794f8f68f857d6ae82b9fe7d50","fc9a617e48969b5d524f9994bccb31de0cb028829b4c58a1999b77cf12c5a990","open_nb_incumbent","c65a4f90477e5b799e234d1a313ff333f6cce12cfc08de93e342d7718c252ff8","vector_w400_p0p010","be1392fd4b9fbfe747ea90c89a17413f72459d8ff708d6d80d1bf086973eb51e","2026-06-10","2026-11-14T19:44:59Z","elo_diff","xgf_ewma_diffmissing_or_zero_variance|xga_ewma_diffmissing_or_zero_variance|xgd_ewma_diffmissing_or_zero_variance|form_index_diff","9b170d33fb283d533a9f480ecd1c7f1577fabdb658727020399580362f0b9499"
"uefa_nations_league_2026_27","uefa_nations_league_2026_27-2047898","uefa_nations_league_2026_27-2047898","uefa_nations_league_2026_27-2047898__score",1,1,0,0.134100709593984,0.781796212021917,0.218203787978083,"phase14-open-nb-incumbent-calibrated-v1","0e89c2948c77b348c5b6d3832cf6d4e7721ca7794f8f68f857d6ae82b9fe7d50","fc9a617e48969b5d524f9994bccb31de0cb028829b4c58a1999b77cf12c5a990","open_nb_incumbent","c65a4f90477e5b799e234d1a313ff333f6cce12cfc08de93e342d7718c252ff8","vector_w400_p0p010","be1392fd4b9fbfe747ea90c89a17413f72459d8ff708d6d80d1bf086973eb51e","2026-06-10","2026-11-15T19:44:59Z","elo_diff","xgf_ewma_diffmissing_or_zero_variance|xga_ewma_diffmissing_or_zero_variance|xgd_ewma_diffmissing_or_zero_variance|form_index_diff","f6f0b2c2f611856fac3053ed480ae7974a1ead78b6aecf0fec75f74ad89f6e2f"
"uefa_nations_league_2026_27","uefa_nations_league_2026_27-2047898","uefa_nations_league_2026_27-2047898","uefa_nations_league_2026_27-2047898__score",2,2,0,0.13135297507621,0.781796212021917,0.218203787978083,"phase14-open-nb-incumbent-calibrated-v1","0e89c2948c77b348c5b6d3832cf6d4e7721ca7794f8f68f857d6ae82b9fe7d50","fc9a617e48969b5d524f9994bccb31de0cb028829b4c58a1999b77cf12c5a990","open_nb_incumbent","c65a4f90477e5b799e234d1a313ff333f6cce12cfc08de93e342d7718c252ff8","vector_w400_p0p010","be1392fd4b9fbfe747ea90c89a17413f72459d8ff708d6d80d1bf086973eb51e","2026-06-10","2026-11-15T19:44:59Z","elo_diff","xgf_ewma_diffmissing_or_zero_variance|xga_ewma_diffmissing_or_zero_variance|xgd_ewma_diffmissing_or_zero_variance|form_index_diff","fcfd3dbdf4b97e77438f290927fd7be7a51d8f732ec97f9f2bc45b63a3ada59c"
"uefa_nations_league_2026_27","uefa_nations_league_2026_27-2047898","uefa_nations_league_2026_27-2047898","uefa_nations_league_2026_27-2047898__score",3,3,0,0.0933419828848622,0.781796212021917,0.218203787978083,"phase14-open-nb-incumbent-calibrated-v1","0e89c2948c77b348c5b6d3832cf6d4e7721ca7794f8f68f857d6ae82b9fe7d50","fc9a617e48969b5d524f9994bccb31de0cb028829b4c58a1999b77cf12c5a990","open_nb_incumbent","c65a4f90477e5b799e234d1a313ff333f6cce12cfc08de93e342d7718c252ff8","vector_w400_p0p010","be1392fd4b9fbfe747ea90c89a17413f72459d8ff708d6d80d1bf086973eb51e","2026-06-10","2026-11-15T19:44:59Z","elo_diff","xgf_ewma_diffmissing_or_zero_variance|xga_ewma_diffmissing_or_zero_variance|xgd_ewma_diffmissing_or_zero_variance|form_index_diff","8c8ce1e3ce0e10b1a641429b547b655c3fa0a1edf909bfbb419e02d96dc949c0"
"uefa_nations_league_2026_27","uefa_nations_league_2026_27-2047898","uefa_nations_league_2026_27-2047898","uefa_nations_league_2026_27-2047898__score",4,1,1,0.0808867514630406,0.781796212021917,0.218203787978083,"phase14-open-nb-incumbent-calibrated-v1","0e89c2948c77b348c5b6d3832cf6d4e7721ca7794f8f68f857d6ae82b9fe7d50","fc9a617e48969b5d524f9994bccb31de0cb028829b4c58a1999b77cf12c5a990","open_nb_incumbent","c65a4f90477e5b799e234d1a313ff333f6cce12cfc08de93e342d7718c252ff8","vector_w400_p0p010","be1392fd4b9fbfe747ea90c89a17413f72459d8ff708d6d80d1bf086973eb51e","2026-06-10","2026-11-15T19:44:59Z","elo_diff","xgf_ewma_diffmissing_or_zero_variance|xga_ewma_diffmissing_or_zero_variance|xgd_ewma_diffmissing_or_zero_variance|form_index_diff","d5dface0d444b30068550884e72596ff3b2de5898b6e162c8cbc81b52016c47b"
"uefa_nations_league_2026_27","uefa_nations_league_2026_27-2047898","uefa_nations_league_2026_27-2047898","uefa_nations_league_2026_27-2047898__score",5,2,1,0.0792293753037461,0.781796212021917,0.218203787978083,"phase14-open-nb-incumbent-calibrated-v1","0e89c2948c77b348c5b6d3832cf6d4e7721ca7794f8f68f857d6ae82b9fe7d50","fc9a617e48969b5d524f9994bccb31de0cb028829b4c58a1999b77cf12c5a990","open_nb_incumbent","c65a4f90477e5b799e234d1a313ff333f6cce12cfc08de93e342d7718c252ff8","vector_w400_p0p010","be1392fd4b9fbfe747ea90c89a17413f72459d8ff708d6d80d1bf086973eb51e","2026-06-10","2026-11-15T19:44:59Z","elo_diff","xgf_ewma_diffmissing_or_zero_variance|xga_ewma_diffmissing_or_zero_variance|xgd_ewma_diffmissing_or_zero_variance|form_index_diff","5f463adc798a26d9813e7aef5774acef2525396722eb908f84fd23ea2477de72"
"uefa_nations_league_2026_27","uefa_nations_league_2026_27-2047898","uefa_nations_league_2026_27-2047898","uefa_nations_league_2026_27-2047898__score",6,0,0,0.0750767655707241,0.781796212021917,0.218203787978083,"phase14-open-nb-incumbent-calibrated-v1","0e89c2948c77b348c5b6d3832cf6d4e7721ca7794f8f68f857d6ae82b9fe7d50","fc9a617e48969b5d524f9994bccb31de0cb028829b4c58a1999b77cf12c5a990","open_nb_incumbent","c65a4f90477e5b799e234d1a313ff333f6cce12cfc08de93e342d7718c252ff8","vector_w400_p0p010","be1392fd4b9fbfe747ea90c89a17413f72459d8ff708d6d80d1bf086973eb51e","2026-06-10","2026-11-15T19:44:59Z","elo_diff","xgf_ewma_diffmissing_or_zero_variance|xga_ewma_diffmissing_or_zero_variance|xgd_ewma_diffmissing_or_zero_variance|form_index_diff","38898989782ec2a9b2f54f6022e24856b5eb689477437cdde2067609f410530f"
"uefa_nations_league_2026_27","uefa_nations_league_2026_27-2047898","uefa_nations_league_2026_27-2047898","uefa_nations_league_2026_27-2047898__score",7,3,1,0.0563019375030509,0.781796212021917,0.218203787978083,"phase14-open-nb-incumbent-calibrated-v1","0e89c2948c77b348c5b6d3832cf6d4e7721ca7794f8f68f857d6ae82b9fe7d50","fc9a617e48969b5d524f9994bccb31de0cb028829b4c58a1999b77cf12c5a990","open_nb_incumbent","c65a4f90477e5b799e234d1a313ff333f6cce12cfc08de93e342d7718c252ff8","vector_w400_p0p010","be1392fd4b9fbfe747ea90c89a17413f72459d8ff708d6d80d1bf086973eb51e","2026-06-10","2026-11-15T19:44:59Z","elo_diff","xgf_ewma_diffmissing_or_zero_variance|xga_ewma_diffmissing_or_zero_variance|xgd_ewma_diffmissing_or_zero_variance|form_index_diff","110dd72eccc60c10d38d82f0e8f04bd49abbd1fe11ba95dedabcbeab8be503b1"
"uefa_nations_league_2026_27","uefa_nations_league_2026_27-2047898","uefa_nations_league_2026_27-2047898","uefa_nations_league_2026_27-2047898__score",8,4,0,0.0537812480450464,0.781796212021917,0.218203787978083,"phase14-open-nb-incumbent-calibrated-v1","0e89c2948c77b348c5b6d3832cf6d4e7721ca7794f8f68f857d6ae82b9fe7d50","fc9a617e48969b5d524f9994bccb31de0cb028829b4c58a1999b77cf12c5a990","open_nb_incumbent","c65a4f90477e5b799e234d1a313ff333f6cce12cfc08de93e342d7718c252ff8","vector_w400_p0p010","be1392fd4b9fbfe747ea90c89a17413f72459d8ff708d6d80d1bf086973eb51e","2026-06-10","2026-11-15T19:44:59Z","elo_diff","xgf_ewma_diffmissing_or_zero_variance|xga_ewma_diffmissing_or_zero_variance|xgd_ewma_diffmissing_or_zero_variance|form_index_diff","a1083c039b7201da81fbe502d7de1d989d65b3391b26fd68a217c8abef0d2930"
"uefa_nations_league_2026_27","uefa_nations_league_2026_27-2047898","uefa_nations_league_2026_27-2047898","uefa_nations_league_2026_27-2047898__score",9,0,1,0.0452847393257983,0.781796212021917,0.218203787978083,"phase14-open-nb-incumbent-calibrated-v1","0e89c2948c77b348c5b6d3832cf6d4e7721ca7794f8f68f857d6ae82b9fe7d50","fc9a617e48969b5d524f9994bccb31de0cb028829b4c58a1999b77cf12c5a990","open_nb_incumbent","c65a4f90477e5b799e234d1a313ff333f6cce12cfc08de93e342d7718c252ff8","vector_w400_p0p010","be1392fd4b9fbfe747ea90c89a17413f72459d8ff708d6d80d1bf086973eb51e","2026-06-10","2026-11-15T19:44:59Z","elo_diff","xgf_ewma_diffmissing_or_zero_variance|xga_ewma_diffmissing_or_zero_variance|xgd_ewma_diffmissing_or_zero_variance|form_index_diff","1f3ff384f536e47de260576822adec795e56320cba61a91e010f4d42c1603011"
"uefa_nations_league_2026_27","uefa_nations_league_2026_27-2047898","uefa_nations_league_2026_27-2047898","uefa_nations_league_2026_27-2047898__score",10,4,1,0.032439727255455,0.781796212021917,0.218203787978083,"phase14-open-nb-incumbent-calibrated-v1","0e89c2948c77b348c5b6d3832cf6d4e7721ca7794f8f68f857d6ae82b9fe7d50","fc9a617e48969b5d524f9994bccb31de0cb028829b4c58a1999b77cf12c5a990","open_nb_incumbent","c65a4f90477e5b799e234d1a313ff333f6cce12cfc08de93e342d7718c252ff8","vector_w400_p0p010","be1392fd4b9fbfe747ea90c89a17413f72459d8ff708d6d80d1bf086973eb51e","2026-06-10","2026-11-15T19:44:59Z","elo_diff","xgf_ewma_diffmissing_or_zero_variance|xga_ewma_diffmissing_or_zero_variance|xgd_ewma_diffmissing_or_zero_variance|form_index_diff","947422b933b6d698ba093f821e1d2359887188313d5885816385124f84063fcf"
"uefa_nations_league_2026_27","uefa_nations_league_2026_27-2047899","uefa_nations_league_2026_27-2047899","uefa_nations_league_2026_27-2047899__score",1,0,1,0.116404085089118,0.780287460577377,0.219712539422623,"phase14-open-nb-incumbent-calibrated-v1","0e89c2948c77b348c5b6d3832cf6d4e7721ca7794f8f68f857d6ae82b9fe7d50","fc9a617e48969b5d524f9994bccb31de0cb028829b4c58a1999b77cf12c5a990","open_nb_incumbent","c65a4f90477e5b799e234d1a313ff333f6cce12cfc08de93e342d7718c252ff8","vector_w400_p0p010","be1392fd4b9fbfe747ea90c89a17413f72459d8ff708d6d80d1bf086973eb51e","2026-06-10","2026-11-15T13:59:59Z","elo_diff","xgf_ewma_diffmissing_or_zero_variance|xga_ewma_diffmissing_or_zero_variance|xgd_ewma_diffmissing_or_zero_variance|form_index_diff","acee42ac670d798547810918141f4c59e77d1916b3d6f4d9f04bdee82d72d4f0"
"uefa_nations_league_2026_27","uefa_nations_league_2026_27-2047899","uefa_nations_league_2026_27-2047899","uefa_nations_league_2026_27-2047899__score",2,1,1,0.11570499861981,0.780287460577377,0.219712539422623,"phase14-open-nb-incumbent-calibrated-v1","0e89c2948c77b348c5b6d3832cf6d4e7721ca7794f8f68f857d6ae82b9fe7d50","fc9a617e48969b5d524f9994bccb31de0cb028829b4c58a1999b77cf12c5a990","open_nb_incumbent","c65a4f90477e5b799e234d1a313ff333f6cce12cfc08de93e342d7718c252ff8","vector_w400_p0p010","be1392fd4b9fbfe747ea90c89a17413f72459d8ff708d6d80d1bf086973eb51e","2026-06-10","2026-11-15T13:59:59Z","elo_diff","xgf_ewma_diffmissing_or_zero_variance|xga_ewma_diffmissing_or_zero_variance|xgd_ewma_diffmissing_or_zero_variance|form_index_diff","1adade5b94ca8b5ec0428d59f738050e33466982ac6f036489cc6635431946c0"
"uefa_nations_league_2026_27","uefa_nations_league_2026_27-2047899","uefa_nations_league_2026_27-2047899","uefa_nations_league_2026_27-2047899__score",3,0,0,0.101412004184125,0.780287460577377,0.219712539422623,"phase14-open-nb-incumbent-calibrated-v1","0e89c2948c77b348c5b6d3832cf6d4e7721ca7794f8f68f857d6ae82b9fe7d50","fc9a617e48969b5d524f9994bccb31de0cb028829b4c58a1999b77cf12c5a990","open_nb_incumbent","c65a4f90477e5b799e234d1a313ff333f6cce12cfc08de93e342d7718c252ff8","vector_w400_p0p010","be1392fd4b9fbfe747ea90c89a17413f72459d8ff708d6d80d1bf086973eb51e","2026-06-10","2026-11-15T13:59:59Z","elo_diff","xgf_ewma_diffmissing_or_zero_variance|xga_ewma_diffmissing_or_zero_variance|xgd_ewma_diffmissing_or_zero_variance|form_index_diff","8f4e13da4d615851547c288c9b66e32d8db77e1c08244125f7fae332913804c3"
"uefa_nations_league_2026_27","uefa_nations_league_2026_27-2047899","uefa_nations_league_2026_27-2047899","uefa_nations_league_2026_27-2047899__score",4,1,0,0.100802955456184,0.780287460577377,0.219712539422623,"phase14-open-nb-incumbent-calibrated-v1","0e89c2948c77b348c5b6d3832cf6d4e7721ca7794f8f68f857d6ae82b9fe7d50","fc9a617e48969b5d524f9994bccb31de0cb028829b4c58a1999b77cf12c5a990","open_nb_incumbent","c65a4f90477e5b799e234d1a313ff333f6cce12cfc08de93e342d7718c252ff8","vector_w400_p0p010","be1392fd4b9fbfe747ea90c89a17413f72459d8ff708d6d80d1bf086973eb51e","2026-06-10","2026-11-15T13:59:59Z","elo_diff","xgf_ewma_diffmissing_or_zero_variance|xga_ewma_diffmissing_or_zero_variance|xgd_ewma_diffmissing_or_zero_variance|form_index_diff","6bcd856762fba5f71bd2aebdfdc2ed3d712092c5ccf390998e33c242658e4ebc"
"uefa_nations_league_2026_27","uefa_nations_league_2026_27-2047899","uefa_nations_league_2026_27-2047899","uefa_nations_league_2026_27-2047899__score",5,0,2,0.0755227212706034,0.780287460577377,0.219712539422623,"phase14-open-nb-incumbent-calibrated-v1","0e89c2948c77b348c5b6d3832cf6d4e7721ca7794f8f68f857d6ae82b9fe7d50","fc9a617e48969b5d524f9994bccb31de0cb028829b4c58a1999b77cf12c5a990","open_nb_incumbent","c65a4f90477e5b799e234d1a313ff333f6cce12cfc08de93e342d7718c252ff8","vector_w400_p0p010","be1392fd4b9fbfe747ea90c89a17413f72459d8ff708d6d80d1bf086973eb51e","2026-06-10","2026-11-15T13:59:59Z","elo_diff","xgf_ewma_diffmissing_or_zero_variance|xga_ewma_diffmissing_or_zero_variance|xgd_ewma_diffmissing_or_zero_variance|form_index_diff","6177d12976985f76acccc3e58518bd835ff1f0b56dc334f484745bfd0cc3ee16"
"uefa_nations_league_2026_27","uefa_nations_league_2026_27-2047899","uefa_nations_league_2026_27-2047899","uefa_nations_league_2026_27-2047899__score",6,1,2,0.0750691554655441,0.780287460577377,0.219712539422623,"phase14-open-nb-incumbent-calibrated-v1","0e89c2948c77b348c5b6d3832cf6d4e7721ca7794f8f68f857d6ae82b9fe7d50","fc9a617e48969b5d524f9994bccb31de0cb028829b4c58a1999b77cf12c5a990","open_nb_incumbent","c65a4f90477e5b799e234d1a313ff333f6cce12cfc08de93e342d7718c252ff8","vector_w400_p0p010","be1392fd4b9fbfe747ea90c89a17413f72459d8ff708d6d80d1bf086973eb51e","2026-06-10","2026-11-15T13:59:59Z","elo_diff","xgf_ewma_diffmissing_or_zero_variance|xga_ewma_diffmissing_or_zero_variance|xgd_ewma_diffmissing_or_zero_variance|form_index_diff","fd4c57f99ba47e2fb38a9fca1152f74094d44263b9c878c47457d09eced540fa"
"uefa_nations_league_2026_27","uefa_nations_league_2026_27-2047899","uefa_nations_league_2026_27-2047899","uefa_nations_league_2026_27-2047899__score",7,2,1,0.0630694926513831,0.780287460577377,0.219712539422623,"phase14-open-nb-incumbent-calibrated-v1","0e89c2948c77b348c5b6d3832cf6d4e7721ca7794f8f68f857d6ae82b9fe7d50","fc9a617e48969b5d524f9994bccb31de0cb028829b4c58a1999b77cf12c5a990","open_nb_incumbent","c65a4f90477e5b799e234d1a313ff333f6cce12cfc08de93e342d7718c252ff8","vector_w400_p0p010","be1392fd4b9fbfe747ea90c89a17413f72459d8ff708d6d80d1bf086973eb51e","2026-06-10","2026-11-15T13:59:59Z","elo_diff","xgf_ewma_diffmissing_or_zero_variance|xga_ewma_diffmissing_or_zero_variance|xgd_ewma_diffmissing_or_zero_variance|form_index_diff","d05667affab4620a1006b6f2e1e51b0b880a433bc890a5170da0844ef74f399e"
"uefa_nations_league_2026_27","uefa_nations_league_2026_27-2047899","uefa_nations_league_2026_27-2047899","uefa_nations_league_2026_27-2047899__score",8,2,0,0.054946556624331,0.780287460577377,0.219712539422623,"phase14-open-nb-incumbent-calibrated-v1","0e89c2948c77b348c5b6d3832cf6d4e7721ca7794f8f68f857d6ae82b9fe7d50","fc9a617e48969b5d524f9994bccb31de0cb028829b4c58a1999b77cf12c5a990","open_nb_incumbent","c65a4f90477e5b799e234d1a313ff333f6cce12cfc08de93e342d7718c252ff8","vector_w400_p0p010","be1392fd4b9fbfe747ea90c89a17413f72459d8ff708d6d80d1bf086973eb51e","2026-06-10","2026-11-15T13:59:59Z","elo_diff","xgf_ewma_diffmissing_or_zero_variance|xga_ewma_diffmissing_or_zero_variance|xgd_ewma_diffmissing_or_zero_variance|form_index_diff","81c996c42f8cf963fadc3c333f63443fad2652ec4b17147659a4eff3e2623b86"
"uefa_nations_league_2026_27","uefa_nations_league_2026_27-2047899","uefa_nations_league_2026_27-2047899","uefa_nations_league_2026_27-2047899__score",9,2,2,0.0409193518469916,0.780287460577377,0.219712539422623,"phase14-open-nb-incumbent-calibrated-v1","0e89c2948c77b348c5b6d3832cf6d4e7721ca7794f8f68f857d6ae82b9fe7d50","fc9a617e48969b5d524f9994bccb31de0cb028829b4c58a1999b77cf12c5a990","open_nb_incumbent","c65a4f90477e5b799e234d1a313ff333f6cce12cfc08de93e342d7718c252ff8","vector_w400_p0p010","be1392fd4b9fbfe747ea90c89a17413f72459d8ff708d6d80d1bf086973eb51e","2026-06-10","2026-11-15T13:59:59Z","elo_diff","xgf_ewma_diffmissing_or_zero_variance|xga_ewma_diffmissing_or_zero_variance|xgd_ewma_diffmissing_or_zero_variance|form_index_diff","7cd7a5b1097070260e4a37b49a87120fd6f725e4fbbe808eafa37073da96cf4e"
"uefa_nations_league_2026_27","uefa_nations_league_2026_27-2047899","uefa_nations_league_2026_27-2047899","uefa_nations_league_2026_27-2047899__score",10,0,3,0.036436139369287,0.780287460577377,0.219712539422623,"phase14-open-nb-incumbent-calibrated-v1","0e89c2948c77b348c5b6d3832cf6d4e7721ca7794f8f68f857d6ae82b9fe7d50","fc9a617e48969b5d524f9994bccb31de0cb028829b4c58a1999b77cf12c5a990","open_nb_incumbent","c65a4f90477e5b799e234d1a313ff333f6cce12cfc08de93e342d7718c252ff8","vector_w400_p0p010","be1392fd4b9fbfe747ea90c89a17413f72459d8ff708d6d80d1bf086973eb51e","2026-06-10","2026-11-15T13:59:59Z","elo_diff","xgf_ewma_diffmissing_or_zero_variance|xga_ewma_diffmissing_or_zero_variance|xgd_ewma_diffmissing_or_zero_variance|form_index_diff","1de20f4513a8bd0b123b88460453d96f6191f4fdeb4470f5297b38d6ffb0a284"
"uefa_nations_league_2026_27","uefa_nations_league_2026_27-2047900","uefa_nations_league_2026_27-2047900","uefa_nations_league_2026_27-2047900__score",1,1,0,0.128554294399741,0.784281596737967,0.215718403262033,"phase14-open-nb-incumbent-calibrated-v1","0e89c2948c77b348c5b6d3832cf6d4e7721ca7794f8f68f857d6ae82b9fe7d50","fc9a617e48969b5d524f9994bccb31de0cb028829b4c58a1999b77cf12c5a990","open_nb_incumbent","c65a4f90477e5b799e234d1a313ff333f6cce12cfc08de93e342d7718c252ff8","vector_w400_p0p010","be1392fd4b9fbfe747ea90c89a17413f72459d8ff708d6d80d1bf086973eb51e","2026-06-10","2026-11-15T19:44:59Z","elo_diff","xgf_ewma_diffmissing_or_zero_variance|xga_ewma_diffmissing_or_zero_variance|xgd_ewma_diffmissing_or_zero_variance|form_index_diff","55527a34d1c68419769cf21fa867fadc9dbc888a2d5e422e39d170f9728d81a5"
"uefa_nations_league_2026_27","uefa_nations_league_2026_27-2047900","uefa_nations_league_2026_27-2047900","uefa_nations_league_2026_27-2047900__score",2,1,1,0.112420743098917,0.784281596737967,0.215718403262033,"phase14-open-nb-incumbent-calibrated-v1","0e89c2948c77b348c5b6d3832cf6d4e7721ca7794f8f68f857d6ae82b9fe7d50","fc9a617e48969b5d524f9994bccb31de0cb028829b4c58a1999b77cf12c5a990","open_nb_incumbent","c65a4f90477e5b799e234d1a313ff333f6cce12cfc08de93e342d7718c252ff8","vector_w400_p0p010","be1392fd4b9fbfe747ea90c89a17413f72459d8ff708d6d80d1bf086973eb51e","2026-06-10","2026-11-15T19:44:59Z","elo_diff","xgf_ewma_diffmissing_or_zero_variance|xga_ewma_diffmissing_or_zero_variance|xgd_ewma_diffmissing_or_zero_variance|form_index_diff","599b48701687d188eb261efdf1bc3d0faad55e76693284eaf0f9b70bb7567625"
"uefa_nations_league_2026_27","uefa_nations_league_2026_27-2047900","uefa_nations_league_2026_27-2047900","uefa_nations_league_2026_27-2047900__score",3,0,0,0.0997401017197369,0.784281596737967,0.215718403262033,"phase14-open-nb-incumbent-calibrated-v1","0e89c2948c77b348c5b6d3832cf6d4e7721ca7794f8f68f857d6ae82b9fe7d50","fc9a617e48969b5d524f9994bccb31de0cb028829b4c58a1999b77cf12c5a990","open_nb_incumbent","c65a4f90477e5b799e234d1a313ff333f6cce12cfc08de93e342d7718c252ff8","vector_w400_p0p010","be1392fd4b9fbfe747ea90c89a17413f72459d8ff708d6d80d1bf086973eb51e","2026-06-10","2026-11-15T19:44:59Z","elo_diff","xgf_ewma_diffmissing_or_zero_variance|xga_ewma_diffmissing_or_zero_variance|xgd_ewma_diffmissing_or_zero_variance|form_index_diff","94dd83fe2e5376a49199fd87cc710b8c9fd81c5d5ac61e2d08573f2fb3489c02"
"uefa_nations_league_2026_27","uefa_nations_league_2026_27-2047900","uefa_nations_league_2026_27-2047900","uefa_nations_league_2026_27-2047900__score",4,2,0,0.0908629195784696,0.784281596737967,0.215718403262033,"phase14-open-nb-incumbent-calibrated-v1","0e89c2948c77b348c5b6d3832cf6d4e7721ca7794f8f68f857d6ae82b9fe7d50","fc9a617e48969b5d524f9994bccb31de0cb028829b4c58a1999b77cf12c5a990","open_nb_incumbent","c65a4f90477e5b799e234d1a313ff333f6cce12cfc08de93e342d7718c252ff8","vector_w400_p0p010","be1392fd4b9fbfe747ea90c89a17413f72459d8ff708d6d80d1bf086973eb51e","2026-06-10","2026-11-15T19:44:59Z","elo_diff","xgf_ewma_diffmissing_or_zero_variance|xga_ewma_diffmissing_or_zero_variance|xgd_ewma_diffmissing_or_zero_variance|form_index_diff","978f3ea02bdbc13814ea84e0b03a38cdced7863eb672be97e4d2edef1051ea3b"
"uefa_nations_league_2026_27","uefa_nations_league_2026_27-2047900","uefa_nations_league_2026_27-2047900","uefa_nations_league_2026_27-2047900__score",5,0,1,0.0872227287656982,0.784281596737967,0.215718403262033,"phase14-open-nb-incumbent-calibrated-v1","0e89c2948c77b348c5b6d3832cf6d4e7721ca7794f8f68f857d6ae82b9fe7d50","fc9a617e48969b5d524f9994bccb31de0cb028829b4c58a1999b77cf12c5a990","open_nb_incumbent","c65a4f90477e5b799e234d1a313ff333f6cce12cfc08de93e342d7718c252ff8","vector_w400_p0p010","be1392fd4b9fbfe747ea90c89a17413f72459d8ff708d6d80d1bf086973eb51e","2026-06-10","2026-11-15T19:44:59Z","elo_diff","xgf_ewma_diffmissing_or_zero_variance|xga_ewma_diffmissing_or_zero_variance|xgd_ewma_diffmissing_or_zero_variance|form_index_diff","fcaa8e5193fbf447b92b57a161ffbbf93490cd9ed8a8a69d31a20a105a9cd4be"
"uefa_nations_league_2026_27","uefa_nations_league_2026_27-2047900","uefa_nations_league_2026_27-2047900","uefa_nations_league_2026_27-2047900__score",6,2,1,0.07945963210988,0.784281596737967,0.215718403262033,"phase14-open-nb-incumbent-calibrated-v1","0e89c2948c77b348c5b6d3832cf6d4e7721ca7794f8f68f857d6ae82b9fe7d50","fc9a617e48969b5d524f9994bccb31de0cb028829b4c58a1999b77cf12c5a990","open_nb_incumbent","c65a4f90477e5b799e234d1a313ff333f6cce12cfc08de93e342d7718c252ff8","vector_w400_p0p010","be1392fd4b9fbfe747ea90c89a17413f72459d8ff708d6d80d1bf086973eb51e","2026-06-10","2026-11-15T19:44:59Z","elo_diff","xgf_ewma_diffmissing_or_zero_variance|xga_ewma_diffmissing_or_zero_variance|xgd_ewma_diffmissing_or_zero_variance|form_index_diff","331f520287cd02f4fe3e366bb2cb4162af36f6b4f3d34c9edfdd164aac73af7d"
"uefa_nations_league_2026_27","uefa_nations_league_2026_27-2047900","uefa_nations_league_2026_27-2047900","uefa_nations_league_2026_27-2047900__score",7,1,2,0.0555695483247284,0.784281596737967,0.215718403262033,"phase14-open-nb-incumbent-calibrated-v1","0e89c2948c77b348c5b6d3832cf6d4e7721ca7794f8f68f857d6ae82b9fe7d50","fc9a617e48969b5d524f9994bccb31de0cb028829b4c58a1999b77cf12c5a990","open_nb_incumbent","c65a4f90477e5b799e234d1a313ff333f6cce12cfc08de93e342d7718c252ff8","vector_w400_p0p010","be1392fd4b9fbfe747ea90c89a17413f72459d8ff708d6d80d1bf086973eb51e","2026-06-10","2026-11-15T19:44:59Z","elo_diff","xgf_ewma_diffmissing_or_zero_variance|xga_ewma_diffmissing_or_zero_variance|xgd_ewma_diffmissing_or_zero_variance|form_index_diff","3799bf3d8f6d104dcdaa5ce954d6aeb70b88969e2452bac851b81bde4dcda600"
"uefa_nations_league_2026_27","uefa_nations_league_2026_27-2047900","uefa_nations_league_2026_27-2047900","uefa_nations_league_2026_27-2047900__score",8,3,0,0.0465923972880568,0.784281596737967,0.215718403262033,"phase14-open-nb-incumbent-calibrated-v1","0e89c2948c77b348c5b6d3832cf6d4e7721ca7794f8f68f857d6ae82b9fe7d50","fc9a617e48969b5d524f9994bccb31de0cb028829b4c58a1999b77cf12c5a990","open_nb_incumbent","c65a4f90477e5b799e234d1a313ff333f6cce12cfc08de93e342d7718c252ff8","vector_w400_p0p010","be1392fd4b9fbfe747ea90c89a17413f72459d8ff708d6d80d1bf086973eb51e","2026-06-10","2026-11-15T19:44:59Z","elo_diff","xgf_ewma_diffmissing_or_zero_variance|xga_ewma_diffmissing_or_zero_variance|xgd_ewma_diffmissing_or_zero_variance|form_index_diff","5c2400afca8e45e37c8f2b7143db8db07bb014ae87dc0d09081c12fe271a8993"
"uefa_nations_league_2026_27","uefa_nations_league_2026_27-2047900","uefa_nations_league_2026_27-2047900","uefa_nations_league_2026_27-2047900__score",9,0,2,0.0431141754408742,0.784281596737967,0.215718403262033,"phase14-open-nb-incumbent-calibrated-v1","0e89c2948c77b348c5b6d3832cf6d4e7721ca7794f8f68f857d6ae82b9fe7d50","fc9a617e48969b5d524f9994bccb31de0cb028829b4c58a1999b77cf12c5a990","open_nb_incumbent","c65a4f90477e5b799e234d1a313ff333f6cce12cfc08de93e342d7718c252ff8","vector_w400_p0p010","be1392fd4b9fbfe747ea90c89a17413f72459d8ff708d6d80d1bf086973eb51e","2026-06-10","2026-11-15T19:44:59Z","elo_diff","xgf_ewma_diffmissing_or_zero_variance|xga_ewma_diffmissing_or_zero_variance|xgd_ewma_diffmissing_or_zero_variance|form_index_diff","7d01707aa817ad820dc3219e795124271fbf8fd9ce14e0bfc012479e6071e205"
"uefa_nations_league_2026_27","uefa_nations_league_2026_27-2047900","uefa_nations_league_2026_27-2047900","uefa_nations_league_2026_27-2047900__score",10,3,1,0.0407450560118654,0.784281596737967,0.215718403262033,"phase14-open-nb-incumbent-calibrated-v1","0e89c2948c77b348c5b6d3832cf6d4e7721ca7794f8f68f857d6ae82b9fe7d50","fc9a617e48969b5d524f9994bccb31de0cb028829b4c58a1999b77cf12c5a990","open_nb_incumbent","c65a4f90477e5b799e234d1a313ff333f6cce12cfc08de93e342d7718c252ff8","vector_w400_p0p010","be1392fd4b9fbfe747ea90c89a17413f72459d8ff708d6d80d1bf086973eb51e","2026-06-10","2026-11-15T19:44:59Z","elo_diff","xgf_ewma_diffmissing_or_zero_variance|xga_ewma_diffmissing_or_zero_variance|xgd_ewma_diffmissing_or_zero_variance|form_index_diff","21ae25ad215d28245a1dfa2dabf5b51f0e7eba0a7e32e4afd662abfa58ba7064"
"uefa_nations_league_2026_27","uefa_nations_league_2026_27-2047901","uefa_nations_league_2026_27-2047901","uefa_nations_league_2026_27-2047901__score",1,4,0,0.115493237928001,0.736113470240228,0.263886529759772,"phase14-open-nb-incumbent-calibrated-v1","0e89c2948c77b348c5b6d3832cf6d4e7721ca7794f8f68f857d6ae82b9fe7d50","fc9a617e48969b5d524f9994bccb31de0cb028829b4c58a1999b77cf12c5a990","open_nb_incumbent","c65a4f90477e5b799e234d1a313ff333f6cce12cfc08de93e342d7718c252ff8","vector_w400_p0p010","be1392fd4b9fbfe747ea90c89a17413f72459d8ff708d6d80d1bf086973eb51e","2026-06-10","2026-11-15T16:59:59Z","elo_diff","xgf_ewma_diffmissing_or_zero_variance|xga_ewma_diffmissing_or_zero_variance|xgd_ewma_diffmissing_or_zero_variance|form_index_diff","3596e97da12e96772b141707e3484dc9c2549b9b8369af48c4c9feabd69f3f61"
"uefa_nations_league_2026_27","uefa_nations_league_2026_27-2047901","uefa_nations_league_2026_27-2047901","uefa_nations_league_2026_27-2047901__score",2,5,0,0.111629369599261,0.736113470240228,0.263886529759772,"phase14-open-nb-incumbent-calibrated-v1","0e89c2948c77b348c5b6d3832cf6d4e7721ca7794f8f68f857d6ae82b9fe7d50","fc9a617e48969b5d524f9994bccb31de0cb028829b4c58a1999b77cf12c5a990","open_nb_incumbent","c65a4f90477e5b799e234d1a313ff333f6cce12cfc08de93e342d7718c252ff8","vector_w400_p0p010","be1392fd4b9fbfe747ea90c89a17413f72459d8ff708d6d80d1bf086973eb51e","2026-06-10","2026-11-15T16:59:59Z","elo_diff","xgf_ewma_diffmissing_or_zero_variance|xga_ewma_diffmissing_or_zero_variance|xgd_ewma_diffmissing_or_zero_variance|form_index_diff","fc2193fd8bd42ca5b4f72ab530814a0723fe904030d003684a77f74a325b01dd"
"uefa_nations_league_2026_27","uefa_nations_league_2026_27-2047901","uefa_nations_league_2026_27-2047901","uefa_nations_league_2026_27-2047901__score",3,3,0,0.102761561912305,0.736113470240228,0.263886529759772,"phase14-open-nb-incumbent-calibrated-v1","0e89c2948c77b348c5b6d3832cf6d4e7721ca7794f8f68f857d6ae82b9fe7d50","fc9a617e48969b5d524f9994bccb31de0cb028829b4c58a1999b77cf12c5a990","open_nb_incumbent","c65a4f90477e5b799e234d1a313ff333f6cce12cfc08de93e342d7718c252ff8","vector_w400_p0p010","be1392fd4b9fbfe747ea90c89a17413f72459d8ff708d6d80d1bf086973eb51e","2026-06-10","2026-11-15T16:59:59Z","elo_diff","xgf_ewma_diffmissing_or_zero_variance|xga_ewma_diffmissing_or_zero_variance|xgd_ewma_diffmissing_or_zero_variance|form_index_diff","3b4cbe8bc0ba7194b189570edebdc4b0d3354aa3a53a5a4c1696bb659e50a7cf"
"uefa_nations_league_2026_27","uefa_nations_league_2026_27-2047901","uefa_nations_league_2026_27-2047901","uefa_nations_league_2026_27-2047901__score",4,6,0,0.0961847970300548,0.736113470240228,0.263886529759772,"phase14-open-nb-incumbent-calibrated-v1","0e89c2948c77b348c5b6d3832cf6d4e7721ca7794f8f68f857d6ae82b9fe7d50","fc9a617e48969b5d524f9994bccb31de0cb028829b4c58a1999b77cf12c5a990","open_nb_incumbent","c65a4f90477e5b799e234d1a313ff333f6cce12cfc08de93e342d7718c252ff8","vector_w400_p0p010","be1392fd4b9fbfe747ea90c89a17413f72459d8ff708d6d80d1bf086973eb51e","2026-06-10","2026-11-15T16:59:59Z","elo_diff","xgf_ewma_diffmissing_or_zero_variance|xga_ewma_diffmissing_or_zero_variance|xgd_ewma_diffmissing_or_zero_variance|form_index_diff","9bcc2d15f011d8f0eb818bee2bea197b24a6c3b2eae38e8a738217340679caaa"
"uefa_nations_league_2026_27","uefa_nations_league_2026_27-2047901","uefa_nations_league_2026_27-2047901","uefa_nations_league_2026_27-2047901__score",5,7,0,0.075670050398142,0.736113470240228,0.263886529759772,"phase14-open-nb-incumbent-calibrated-v1","0e89c2948c77b348c5b6d3832cf6d4e7721ca7794f8f68f857d6ae82b9fe7d50","fc9a617e48969b5d524f9994bccb31de0cb028829b4c58a1999b77cf12c5a990","open_nb_incumbent","c65a4f90477e5b799e234d1a313ff333f6cce12cfc08de93e342d7718c252ff8","vector_w400_p0p010","be1392fd4b9fbfe747ea90c89a17413f72459d8ff708d6d80d1bf086973eb51e","2026-06-10","2026-11-15T16:59:59Z","elo_diff","xgf_ewma_diffmissing_or_zero_variance|xga_ewma_diffmissing_or_zero_variance|xgd_ewma_diffmissing_or_zero_variance|form_index_diff","eb7579d31e608e82272f5c4950a921c638f4363321e5700708dcede6806f56fc"
"uefa_nations_league_2026_27","uefa_nations_league_2026_27-2047901","uefa_nations_league_2026_27-2047901","uefa_nations_league_2026_27-2047901__score",6,2,0,0.0741347079694303,0.736113470240228,0.263886529759772,"phase14-open-nb-incumbent-calibrated-v1","0e89c2948c77b348c5b6d3832cf6d4e7721ca7794f8f68f857d6ae82b9fe7d50","fc9a617e48969b5d524f9994bccb31de0cb028829b4c58a1999b77cf12c5a990","open_nb_incumbent","c65a4f90477e5b799e234d1a313ff333f6cce12cfc08de93e342d7718c252ff8","vector_w400_p0p010","be1392fd4b9fbfe747ea90c89a17413f72459d8ff708d6d80d1bf086973eb51e","2026-06-10","2026-11-15T16:59:59Z","elo_diff","xgf_ewma_diffmissing_or_zero_variance|xga_ewma_diffmissing_or_zero_variance|xgd_ewma_diffmissing_or_zero_variance|form_index_diff","0e64a9a63f65dbbb70ac0fe7a6a04d52fcf1bbce18003a7f7c94e662dde6b2ed"
"uefa_nations_league_2026_27","uefa_nations_league_2026_27-2047901","uefa_nations_league_2026_27-2047901","uefa_nations_league_2026_27-2047901__score",7,8,0,0.055278380653909,0.736113470240228,0.263886529759772,"phase14-open-nb-incumbent-calibrated-v1","0e89c2948c77b348c5b6d3832cf6d4e7721ca7794f8f68f857d6ae82b9fe7d50","fc9a617e48969b5d524f9994bccb31de0cb028829b4c58a1999b77cf12c5a990","open_nb_incumbent","c65a4f90477e5b799e234d1a313ff333f6cce12cfc08de93e342d7718c252ff8","vector_w400_p0p010","be1392fd4b9fbfe747ea90c89a17413f72459d8ff708d6d80d1bf086973eb51e","2026-06-10","2026-11-15T16:59:59Z","elo_diff","xgf_ewma_diffmissing_or_zero_variance|xga_ewma_diffmissing_or_zero_variance|xgd_ewma_diffmissing_or_zero_variance|form_index_diff","9da70625dd7a57b8cdfd072870673eedab615a98d02186906056024879d21139"
"uefa_nations_league_2026_27","uefa_nations_league_2026_27-2047901","uefa_nations_league_2026_27-2047901","uefa_nations_league_2026_27-2047901__score",8,1,0,0.0388008050406557,0.736113470240228,0.263886529759772,"phase14-open-nb-incumbent-calibrated-v1","0e89c2948c77b348c5b6d3832cf6d4e7721ca7794f8f68f857d6ae82b9fe7d50","fc9a617e48969b5d524f9994bccb31de0cb028829b4c58a1999b77cf12c5a990","open_nb_incumbent","c65a4f90477e5b799e234d1a313ff333f6cce12cfc08de93e342d7718c252ff8","vector_w400_p0p010","be1392fd4b9fbfe747ea90c89a17413f72459d8ff708d6d80d1bf086973eb51e","2026-06-10","2026-11-15T16:59:59Z","elo_diff","xgf_ewma_diffmissing_or_zero_variance|xga_ewma_diffmissing_or_zero_variance|xgd_ewma_diffmissing_or_zero_variance|form_index_diff","7933fe21e0118f0e043f66488f2c50751df575de54b37597775c01520e356e02"
"uefa_nations_league_2026_27","uefa_nations_league_2026_27-2047901","uefa_nations_league_2026_27-2047901","uefa_nations_league_2026_27-2047901__score",9,9,0,0.0379657499444087,0.736113470240228,0.263886529759772,"phase14-open-nb-incumbent-calibrated-v1","0e89c2948c77b348c5b6d3832cf6d4e7721ca7794f8f68f857d6ae82b9fe7d50","fc9a617e48969b5d524f9994bccb31de0cb028829b4c58a1999b77cf12c5a990","open_nb_incumbent","c65a4f90477e5b799e234d1a313ff333f6cce12cfc08de93e342d7718c252ff8","vector_w400_p0p010","be1392fd4b9fbfe747ea90c89a17413f72459d8ff708d6d80d1bf086973eb51e","2026-06-10","2026-11-15T16:59:59Z","elo_diff","xgf_ewma_diffmissing_or_zero_variance|xga_ewma_diffmissing_or_zero_variance|xgd_ewma_diffmissing_or_zero_variance|form_index_diff","ffccdc39ebd3d1895e1af3b78a7e6be4f982fd027da1cd82f4d4f45d32b9c5b2"
"uefa_nations_league_2026_27","uefa_nations_league_2026_27-2047901","uefa_nations_league_2026_27-2047901","uefa_nations_league_2026_27-2047901__score",10,4,1,0.0281948097640612,0.736113470240228,0.263886529759772,"phase14-open-nb-incumbent-calibrated-v1","0e89c2948c77b348c5b6d3832cf6d4e7721ca7794f8f68f857d6ae82b9fe7d50","fc9a617e48969b5d524f9994bccb31de0cb028829b4c58a1999b77cf12c5a990","open_nb_incumbent","c65a4f90477e5b799e234d1a313ff333f6cce12cfc08de93e342d7718c252ff8","vector_w400_p0p010","be1392fd4b9fbfe747ea90c89a17413f72459d8ff708d6d80d1bf086973eb51e","2026-06-10","2026-11-15T16:59:59Z","elo_diff","xgf_ewma_diffmissing_or_zero_variance|xga_ewma_diffmissing_or_zero_variance|xgd_ewma_diffmissing_or_zero_variance|form_index_diff","0e52e9536e236ab6e3cb2adbe0ad1d54a47b23a621b91b8cdbf1acf0639e7b50"
"uefa_nations_league_2026_27","uefa_nations_league_2026_27-2047902","uefa_nations_league_2026_27-2047902","uefa_nations_league_2026_27-2047902__score",1,1,0,0.137046954636519,0.783339538386784,0.216660461613216,"phase14-open-nb-incumbent-calibrated-v1","0e89c2948c77b348c5b6d3832cf6d4e7721ca7794f8f68f857d6ae82b9fe7d50","fc9a617e48969b5d524f9994bccb31de0cb028829b4c58a1999b77cf12c5a990","open_nb_incumbent","c65a4f90477e5b799e234d1a313ff333f6cce12cfc08de93e342d7718c252ff8","vector_w400_p0p010","be1392fd4b9fbfe747ea90c89a17413f72459d8ff708d6d80d1bf086973eb51e","2026-06-10","2026-11-15T19:44:59Z","elo_diff","xgf_ewma_diffmissing_or_zero_variance|xga_ewma_diffmissing_or_zero_variance|xgd_ewma_diffmissing_or_zero_variance|form_index_diff","d0f572b95be8b8cd891ea552cc8b76a62ea3727f7bc452ec6588a9d0a25157c7"
"uefa_nations_league_2026_27","uefa_nations_league_2026_27-2047902","uefa_nations_league_2026_27-2047902","uefa_nations_league_2026_27-2047902__score",2,2,0,0.118931041493458,0.783339538386784,0.216660461613216,"phase14-open-nb-incumbent-calibrated-v1","0e89c2948c77b348c5b6d3832cf6d4e7721ca7794f8f68f857d6ae82b9fe7d50","fc9a617e48969b5d524f9994bccb31de0cb028829b4c58a1999b77cf12c5a990","open_nb_incumbent","c65a4f90477e5b799e234d1a313ff333f6cce12cfc08de93e342d7718c252ff8","vector_w400_p0p010","be1392fd4b9fbfe747ea90c89a17413f72459d8ff708d6d80d1bf086973eb51e","2026-06-10","2026-11-15T19:44:59Z","elo_diff","xgf_ewma_diffmissing_or_zero_variance|xga_ewma_diffmissing_or_zero_variance|xgd_ewma_diffmissing_or_zero_variance|form_index_diff","42f1957284306ef116ffbc41eabdce34ba3d213bf8b1084376bdb80e87638033"
"uefa_nations_league_2026_27","uefa_nations_league_2026_27-2047902","uefa_nations_league_2026_27-2047902","uefa_nations_league_2026_27-2047902__score",3,1,1,0.095276438714555,0.783339538386784,0.216660461613216,"phase14-open-nb-incumbent-calibrated-v1","0e89c2948c77b348c5b6d3832cf6d4e7721ca7794f8f68f857d6ae82b9fe7d50","fc9a617e48969b5d524f9994bccb31de0cb028829b4c58a1999b77cf12c5a990","open_nb_incumbent","c65a4f90477e5b799e234d1a313ff333f6cce12cfc08de93e342d7718c252ff8","vector_w400_p0p010","be1392fd4b9fbfe747ea90c89a17413f72459d8ff708d6d80d1bf086973eb51e","2026-06-10","2026-11-15T19:44:59Z","elo_diff","xgf_ewma_diffmissing_or_zero_variance|xga_ewma_diffmissing_or_zero_variance|xgd_ewma_diffmissing_or_zero_variance|form_index_diff","cf0ef0b937a16d99798008edce4fee609aa8965fbee60a0ede6a5de960903890"
"uefa_nations_league_2026_27","uefa_nations_league_2026_27-2047902","uefa_nations_league_2026_27-2047902","uefa_nations_league_2026_27-2047902__score",4,0,0,0.0866017908350892,0.783339538386784,0.216660461613216,"phase14-open-nb-incumbent-calibrated-v1","0e89c2948c77b348c5b6d3832cf6d4e7721ca7794f8f68f857d6ae82b9fe7d50","fc9a617e48969b5d524f9994bccb31de0cb028829b4c58a1999b77cf12c5a990","open_nb_incumbent","c65a4f90477e5b799e234d1a313ff333f6cce12cfc08de93e342d7718c252ff8","vector_w400_p0p010","be1392fd4b9fbfe747ea90c89a17413f72459d8ff708d6d80d1bf086973eb51e","2026-06-10","2026-11-15T19:44:59Z","elo_diff","xgf_ewma_diffmissing_or_zero_variance|xga_ewma_diffmissing_or_zero_variance|xgd_ewma_diffmissing_or_zero_variance|form_index_diff","4dff3d2306262bb3a575ef3b03f1d60d2b5da6c2b27faac793c38ed6e8490a1b"
"uefa_nations_league_2026_27","uefa_nations_league_2026_27-2047902","uefa_nations_league_2026_27-2047902","uefa_nations_league_2026_27-2047902__score",5,2,1,0.0826820713832206,0.783339538386784,0.216660461613216,"phase14-open-nb-incumbent-calibrated-v1","0e89c2948c77b348c5b6d3832cf6d4e7721ca7794f8f68f857d6ae82b9fe7d50","fc9a617e48969b5d524f9994bccb31de0cb028829b4c58a1999b77cf12c5a990","open_nb_incumbent","c65a4f90477e5b799e234d1a313ff333f6cce12cfc08de93e342d7718c252ff8","vector_w400_p0p010","be1392fd4b9fbfe747ea90c89a17413f72459d8ff708d6d80d1bf086973eb51e","2026-06-10","2026-11-15T19:44:59Z","elo_diff","xgf_ewma_diffmissing_or_zero_variance|xga_ewma_diffmissing_or_zero_variance|xgd_ewma_diffmissing_or_zero_variance|form_index_diff","30ed8528f5aea3d52cc37c3a1f57a910c3dfa1a70d65f2240d5e53649a2db220"
"uefa_nations_league_2026_27","uefa_nations_league_2026_27-2047902","uefa_nations_league_2026_27-2047902","uefa_nations_league_2026_27-2047902__score",6,3,0,0.0748771534153369,0.783339538386784,0.216660461613216,"phase14-open-nb-incumbent-calibrated-v1","0e89c2948c77b348c5b6d3832cf6d4e7721ca7794f8f68f857d6ae82b9fe7d50","fc9a617e48969b5d524f9994bccb31de0cb028829b4c58a1999b77cf12c5a990","open_nb_incumbent","c65a4f90477e5b799e234d1a313ff333f6cce12cfc08de93e342d7718c252ff8","vector_w400_p0p010","be1392fd4b9fbfe747ea90c89a17413f72459d8ff708d6d80d1bf086973eb51e","2026-06-10","2026-11-15T19:44:59Z","elo_diff","xgf_ewma_diffmissing_or_zero_variance|xga_ewma_diffmissing_or_zero_variance|xgd_ewma_diffmissing_or_zero_variance|form_index_diff","df0e90fa659e9f2111d533b6979012abb2f60026f930837087fb5282182949fe"
"uefa_nations_league_2026_27","uefa_nations_league_2026_27-2047902","uefa_nations_league_2026_27-2047902","uefa_nations_league_2026_27-2047902__score",7,0,1,0.0602064470454963,0.783339538386784,0.216660461613216,"phase14-open-nb-incumbent-calibrated-v1","0e89c2948c77b348c5b6d3832cf6d4e7721ca7794f8f68f857d6ae82b9fe7d50","fc9a617e48969b5d524f9994bccb31de0cb028829b4c58a1999b77cf12c5a990","open_nb_incumbent","c65a4f90477e5b799e234d1a313ff333f6cce12cfc08de93e342d7718c252ff8","vector_w400_p0p010","be1392fd4b9fbfe747ea90c89a17413f72459d8ff708d6d80d1bf086973eb51e","2026-06-10","2026-11-15T19:44:59Z","elo_diff","xgf_ewma_diffmissing_or_zero_variance|xga_ewma_diffmissing_or_zero_variance|xgd_ewma_diffmissing_or_zero_variance|form_index_diff","1bdff69717f1ceba91571d92c77481721fb8634dcee8cde8d5d30742ee915881"
"uefa_nations_league_2026_27","uefa_nations_league_2026_27-2047902","uefa_nations_league_2026_27-2047902","uefa_nations_league_2026_27-2047902__score",8,3,1,0.0520553596934557,0.783339538386784,0.216660461613216,"phase14-open-nb-incumbent-calibrated-v1","0e89c2948c77b348c5b6d3832cf6d4e7721ca7794f8f68f857d6ae82b9fe7d50","fc9a617e48969b5d524f9994bccb31de0cb028829b4c58a1999b77cf12c5a990","open_nb_incumbent","c65a4f90477e5b799e234d1a313ff333f6cce12cfc08de93e342d7718c252ff8","vector_w400_p0p010","be1392fd4b9fbfe747ea90c89a17413f72459d8ff708d6d80d1bf086973eb51e","2026-06-10","2026-11-15T19:44:59Z","elo_diff","xgf_ewma_diffmissing_or_zero_variance|xga_ewma_diffmissing_or_zero_variance|xgd_ewma_diffmissing_or_zero_variance|form_index_diff","efa2ed0a75797765a838f64a42958decba5573daede7dfa034652ca587ac4693"
"uefa_nations_league_2026_27","uefa_nations_league_2026_27-2047902","uefa_nations_league_2026_27-2047902","uefa_nations_league_2026_27-2047902__score",9,4,0,0.0382225954779903,0.783339538386784,0.216660461613216,"phase14-open-nb-incumbent-calibrated-v1","0e89c2948c77b348c5b6d3832cf6d4e7721ca7794f8f68f857d6ae82b9fe7d50","fc9a617e48969b5d524f9994bccb31de0cb028829b4c58a1999b77cf12c5a990","open_nb_incumbent","c65a4f90477e5b799e234d1a313ff333f6cce12cfc08de93e342d7718c252ff8","vector_w400_p0p010","be1392fd4b9fbfe747ea90c89a17413f72459d8ff708d6d80d1bf086973eb51e","2026-06-10","2026-11-15T19:44:59Z","elo_diff","xgf_ewma_diffmissing_or_zero_variance|xga_ewma_diffmissing_or_zero_variance|xgd_ewma_diffmissing_or_zero_variance|form_index_diff","c39e510a1696860ab4dba7824694c07340fe23cb405b6532bd2036705b60c7f4"
"uefa_nations_league_2026_27","uefa_nations_league_2026_27-2047902","uefa_nations_league_2026_27-2047902","uefa_nations_league_2026_27-2047902__score",10,1,2,0.0374396856916635,0.783339538386784,0.216660461613216,"phase14-open-nb-incumbent-calibrated-v1","0e89c2948c77b348c5b6d3832cf6d4e7721ca7794f8f68f857d6ae82b9fe7d50","fc9a617e48969b5d524f9994bccb31de0cb028829b4c58a1999b77cf12c5a990","open_nb_incumbent","c65a4f90477e5b799e234d1a313ff333f6cce12cfc08de93e342d7718c252ff8","vector_w400_p0p010","be1392fd4b9fbfe747ea90c89a17413f72459d8ff708d6d80d1bf086973eb51e","2026-06-10","2026-11-15T19:44:59Z","elo_diff","xgf_ewma_diffmissing_or_zero_variance|xga_ewma_diffmissing_or_zero_variance|xgd_ewma_diffmissing_or_zero_variance|form_index_diff","902c46063be52459186ad2e4483ad835a7baada74462396242934405d428987d"
"uefa_nations_league_2026_27","uefa_nations_league_2026_27-2047903","uefa_nations_league_2026_27-2047903","uefa_nations_league_2026_27-2047903__score",1,1,1,0.116457703835735,0.781270029226821,0.218729970773179,"phase14-open-nb-incumbent-calibrated-v1","0e89c2948c77b348c5b6d3832cf6d4e7721ca7794f8f68f857d6ae82b9fe7d50","fc9a617e48969b5d524f9994bccb31de0cb028829b4c58a1999b77cf12c5a990","open_nb_incumbent","c65a4f90477e5b799e234d1a313ff333f6cce12cfc08de93e342d7718c252ff8","vector_w400_p0p010","be1392fd4b9fbfe747ea90c89a17413f72459d8ff708d6d80d1bf086973eb51e","2026-06-10","2026-11-15T13:59:59Z","elo_diff","xgf_ewma_diffmissing_or_zero_variance|xga_ewma_diffmissing_or_zero_variance|xgd_ewma_diffmissing_or_zero_variance|form_index_diff","544cda412dd2e98ad60c428a49f4a4e9aa190108e25a32981c93e3569744d3c5"
"uefa_nations_league_2026_27","uefa_nations_league_2026_27-2047903","uefa_nations_league_2026_27-2047903","uefa_nations_league_2026_27-2047903__score",2,0,1,0.113621487140924,0.781270029226821,0.218729970773179,"phase14-open-nb-incumbent-calibrated-v1","0e89c2948c77b348c5b6d3832cf6d4e7721ca7794f8f68f857d6ae82b9fe7d50","fc9a617e48969b5d524f9994bccb31de0cb028829b4c58a1999b77cf12c5a990","open_nb_incumbent","c65a4f90477e5b799e234d1a313ff333f6cce12cfc08de93e342d7718c252ff8","vector_w400_p0p010","be1392fd4b9fbfe747ea90c89a17413f72459d8ff708d6d80d1bf086973eb51e","2026-06-10","2026-11-15T13:59:59Z","elo_diff","xgf_ewma_diffmissing_or_zero_variance|xga_ewma_diffmissing_or_zero_variance|xgd_ewma_diffmissing_or_zero_variance|form_index_diff","ec82d99a52179d6dbe34697b73d652fe3fc50ea03ef7b0c7a77d3de98ee563d1"
"uefa_nations_league_2026_27","uefa_nations_league_2026_27-2047903","uefa_nations_league_2026_27-2047903","uefa_nations_league_2026_27-2047903__score",3,1,0,0.104662594131508,0.781270029226821,0.218729970773179,"phase14-open-nb-incumbent-calibrated-v1","0e89c2948c77b348c5b6d3832cf6d4e7721ca7794f8f68f857d6ae82b9fe7d50","fc9a617e48969b5d524f9994bccb31de0cb028829b4c58a1999b77cf12c5a990","open_nb_incumbent","c65a4f90477e5b799e234d1a313ff333f6cce12cfc08de93e342d7718c252ff8","vector_w400_p0p010","be1392fd4b9fbfe747ea90c89a17413f72459d8ff708d6d80d1bf086973eb51e","2026-06-10","2026-11-15T13:59:59Z","elo_diff","xgf_ewma_diffmissing_or_zero_variance|xga_ewma_diffmissing_or_zero_variance|xgd_ewma_diffmissing_or_zero_variance|form_index_diff","6b969c72b5719fa69627c22571c7caac0af8806685d4c10676ac29cd83a7f592"
"uefa_nations_league_2026_27","uefa_nations_league_2026_27-2047903","uefa_nations_league_2026_27-2047903","uefa_nations_league_2026_27-2047903__score",4,0,0,0.102113636123399,0.781270029226821,0.218729970773179,"phase14-open-nb-incumbent-calibrated-v1","0e89c2948c77b348c5b6d3832cf6d4e7721ca7794f8f68f857d6ae82b9fe7d50","fc9a617e48969b5d524f9994bccb31de0cb028829b4c58a1999b77cf12c5a990","open_nb_incumbent","c65a4f90477e5b799e234d1a313ff333f6cce12cfc08de93e342d7718c252ff8","vector_w400_p0p010","be1392fd4b9fbfe747ea90c89a17413f72459d8ff708d6d80d1bf086973eb51e","2026-06-10","2026-11-15T13:59:59Z","elo_diff","xgf_ewma_diffmissing_or_zero_variance|xga_ewma_diffmissing_or_zero_variance|xgd_ewma_diffmissing_or_zero_variance|form_index_diff","ab68b6cefdf86011774702aef9a3c065a5ee6543cd9dddc146ab4c4e3a56fa91"
"uefa_nations_league_2026_27","uefa_nations_league_2026_27-2047903","uefa_nations_league_2026_27-2047903","uefa_nations_league_2026_27-2047903__score",5,1,2,0.0732445817972216,0.781270029226821,0.218729970773179,"phase14-open-nb-incumbent-calibrated-v1","0e89c2948c77b348c5b6d3832cf6d4e7721ca7794f8f68f857d6ae82b9fe7d50","fc9a617e48969b5d524f9994bccb31de0cb028829b4c58a1999b77cf12c5a990","open_nb_incumbent","c65a4f90477e5b799e234d1a313ff333f6cce12cfc08de93e342d7718c252ff8","vector_w400_p0p010","be1392fd4b9fbfe747ea90c89a17413f72459d8ff708d6d80d1bf086973eb51e","2026-06-10","2026-11-15T13:59:59Z","elo_diff","xgf_ewma_diffmissing_or_zero_variance|xga_ewma_diffmissing_or_zero_variance|xgd_ewma_diffmissing_or_zero_variance|form_index_diff","8071ac0e488a097d505f0d06cd25ba7ea8bfafa92e2327045f661151094ccb8d"
"uefa_nations_league_2026_27","uefa_nations_league_2026_27-2047903","uefa_nations_league_2026_27-2047903","uefa_nations_league_2026_27-2047903__score",6,0,2,0.0714607796196453,0.781270029226821,0.218729970773179,"phase14-open-nb-incumbent-calibrated-v1","0e89c2948c77b348c5b6d3832cf6d4e7721ca7794f8f68f857d6ae82b9fe7d50","fc9a617e48969b5d524f9994bccb31de0cb028829b4c58a1999b77cf12c5a990","open_nb_incumbent","c65a4f90477e5b799e234d1a313ff333f6cce12cfc08de93e342d7718c252ff8","vector_w400_p0p010","be1392fd4b9fbfe747ea90c89a17413f72459d8ff708d6d80d1bf086973eb51e","2026-06-10","2026-11-15T13:59:59Z","elo_diff","xgf_ewma_diffmissing_or_zero_variance|xga_ewma_diffmissing_or_zero_variance|xgd_ewma_diffmissing_or_zero_variance|form_index_diff","32ad038a802825e1f62e4e90025264777d1019c1d84af083a2510164cdd72c31"
"uefa_nations_league_2026_27","uefa_nations_league_2026_27-2047903","uefa_nations_league_2026_27-2047903","uefa_nations_league_2026_27-2047903__score",7,2,1,0.0654574816843502,0.781270029226821,0.218729970773179,"phase14-open-nb-incumbent-calibrated-v1","0e89c2948c77b348c5b6d3832cf6d4e7721ca7794f8f68f857d6ae82b9fe7d50","fc9a617e48969b5d524f9994bccb31de0cb028829b4c58a1999b77cf12c5a990","open_nb_incumbent","c65a4f90477e5b799e234d1a313ff333f6cce12cfc08de93e342d7718c252ff8","vector_w400_p0p010","be1392fd4b9fbfe747ea90c89a17413f72459d8ff708d6d80d1bf086973eb51e","2026-06-10","2026-11-15T13:59:59Z","elo_diff","xgf_ewma_diffmissing_or_zero_variance|xga_ewma_diffmissing_or_zero_variance|xgd_ewma_diffmissing_or_zero_variance|form_index_diff","da4b663f270ede6113a501b037a427fd58f8f86e71db92dc5c26f58358493193"
"uefa_nations_league_2026_27","uefa_nations_league_2026_27-2047903","uefa_nations_league_2026_27-2047903","uefa_nations_league_2026_27-2047903__score",8,2,0,0.0588277942356061,0.781270029226821,0.218729970773179,"phase14-open-nb-incumbent-calibrated-v1","0e89c2948c77b348c5b6d3832cf6d4e7721ca7794f8f68f857d6ae82b9fe7d50","fc9a617e48969b5d524f9994bccb31de0cb028829b4c58a1999b77cf12c5a990","open_nb_incumbent","c65a4f90477e5b799e234d1a313ff333f6cce12cfc08de93e342d7718c252ff8","vector_w400_p0p010","be1392fd4b9fbfe747ea90c89a17413f72459d8ff708d6d80d1bf086973eb51e","2026-06-10","2026-11-15T13:59:59Z","elo_diff","xgf_ewma_diffmissing_or_zero_variance|xga_ewma_diffmissing_or_zero_variance|xgd_ewma_diffmissing_or_zero_variance|form_index_diff","a06f667f18e85aea869258cd2918971dfd8430d179f25a283702f9694cad938e"
"uefa_nations_league_2026_27","uefa_nations_league_2026_27-2047903","uefa_nations_league_2026_27-2047903","uefa_nations_league_2026_27-2047903__score",9,2,2,0.0411686450407103,0.781270029226821,0.218729970773179,"phase14-open-nb-incumbent-calibrated-v1","0e89c2948c77b348c5b6d3832cf6d4e7721ca7794f8f68f857d6ae82b9fe7d50","fc9a617e48969b5d524f9994bccb31de0cb028829b4c58a1999b77cf12c5a990","open_nb_incumbent","c65a4f90477e5b799e234d1a313ff333f6cce12cfc08de93e342d7718c252ff8","vector_w400_p0p010","be1392fd4b9fbfe747ea90c89a17413f72459d8ff708d6d80d1bf086973eb51e","2026-06-10","2026-11-15T13:59:59Z","elo_diff","xgf_ewma_diffmissing_or_zero_variance|xga_ewma_diffmissing_or_zero_variance|xgd_ewma_diffmissing_or_zero_variance|form_index_diff","de0ce6b2ee9b185f920d330251388e50c6a75b41552fd0901dde4aad4cfe99cf"
"uefa_nations_league_2026_27","uefa_nations_league_2026_27-2047903","uefa_nations_league_2026_27-2047903","uefa_nations_league_2026_27-2047903__score",10,1,3,0.0342553256177221,0.781270029226821,0.218729970773179,"phase14-open-nb-incumbent-calibrated-v1","0e89c2948c77b348c5b6d3832cf6d4e7721ca7794f8f68f857d6ae82b9fe7d50","fc9a617e48969b5d524f9994bccb31de0cb028829b4c58a1999b77cf12c5a990","open_nb_incumbent","c65a4f90477e5b799e234d1a313ff333f6cce12cfc08de93e342d7718c252ff8","vector_w400_p0p010","be1392fd4b9fbfe747ea90c89a17413f72459d8ff708d6d80d1bf086973eb51e","2026-06-10","2026-11-15T13:59:59Z","elo_diff","xgf_ewma_diffmissing_or_zero_variance|xga_ewma_diffmissing_or_zero_variance|xgd_ewma_diffmissing_or_zero_variance|form_index_diff","a3d523061e33e841b52fbbc199e34dfb282ede982aae2c73e6aed63b361fd5b5"
"uefa_nations_league_2026_27","uefa_nations_league_2026_27-2047904","uefa_nations_league_2026_27-2047904","uefa_nations_league_2026_27-2047904__score",1,1,0,0.135577075040045,0.785048193670957,0.214951806329043,"phase14-open-nb-incumbent-calibrated-v1","0e89c2948c77b348c5b6d3832cf6d4e7721ca7794f8f68f857d6ae82b9fe7d50","fc9a617e48969b5d524f9994bccb31de0cb028829b4c58a1999b77cf12c5a990","open_nb_incumbent","c65a4f90477e5b799e234d1a313ff333f6cce12cfc08de93e342d7718c252ff8","vector_w400_p0p010","be1392fd4b9fbfe747ea90c89a17413f72459d8ff708d6d80d1bf086973eb51e","2026-06-10","2026-11-15T19:44:59Z","elo_diff","xgf_ewma_diffmissing_or_zero_variance|xga_ewma_diffmissing_or_zero_variance|xgd_ewma_diffmissing_or_zero_variance|form_index_diff","8a110c5df491ea77e87d76b29f9be895945757c5e675971b841830b9f493c71a"
"uefa_nations_league_2026_27","uefa_nations_league_2026_27-2047904","uefa_nations_league_2026_27-2047904","uefa_nations_league_2026_27-2047904__score",2,2,0,0.108512040107705,0.785048193670957,0.214951806329043,"phase14-open-nb-incumbent-calibrated-v1","0e89c2948c77b348c5b6d3832cf6d4e7721ca7794f8f68f857d6ae82b9fe7d50","fc9a617e48969b5d524f9994bccb31de0cb028829b4c58a1999b77cf12c5a990","open_nb_incumbent","c65a4f90477e5b799e234d1a313ff333f6cce12cfc08de93e342d7718c252ff8","vector_w400_p0p010","be1392fd4b9fbfe747ea90c89a17413f72459d8ff708d6d80d1bf086973eb51e","2026-06-10","2026-11-15T19:44:59Z","elo_diff","xgf_ewma_diffmissing_or_zero_variance|xga_ewma_diffmissing_or_zero_variance|xgd_ewma_diffmissing_or_zero_variance|form_index_diff","56e2e528fa72d73b4739270f7ea9b24f06325ff87f94f377a281a0918e1df717"
"uefa_nations_league_2026_27","uefa_nations_league_2026_27-2047904","uefa_nations_league_2026_27-2047904","uefa_nations_league_2026_27-2047904__score",3,1,1,0.10334451328668,0.785048193670957,0.214951806329043,"phase14-open-nb-incumbent-calibrated-v1","0e89c2948c77b348c5b6d3832cf6d4e7721ca7794f8f68f857d6ae82b9fe7d50","fc9a617e48969b5d524f9994bccb31de0cb028829b4c58a1999b77cf12c5a990","open_nb_incumbent","c65a4f90477e5b799e234d1a313ff333f6cce12cfc08de93e342d7718c252ff8","vector_w400_p0p010","be1392fd4b9fbfe747ea90c89a17413f72459d8ff708d6d80d1bf086973eb51e","2026-06-10","2026-11-15T19:44:59Z","elo_diff","xgf_ewma_diffmissing_or_zero_variance|xga_ewma_diffmissing_or_zero_variance|xgd_ewma_diffmissing_or_zero_variance|form_index_diff","04ef8195b3b3457cc60c5442293f2d68523522b41dc4380ee8e7d0a12beaa051"
"uefa_nations_league_2026_27","uefa_nations_league_2026_27-2047904","uefa_nations_league_2026_27-2047904","uefa_nations_league_2026_27-2047904__score",4,0,0,0.0928919132281451,0.785048193670957,0.214951806329043,"phase14-open-nb-incumbent-calibrated-v1","0e89c2948c77b348c5b6d3832cf6d4e7721ca7794f8f68f857d6ae82b9fe7d50","fc9a617e48969b5d524f9994bccb31de0cb028829b4c58a1999b77cf12c5a990","open_nb_incumbent","c65a4f90477e5b799e234d1a313ff333f6cce12cfc08de93e342d7718c252ff8","vector_w400_p0p010","be1392fd4b9fbfe747ea90c89a17413f72459d8ff708d6d80d1bf086973eb51e","2026-06-10","2026-11-15T19:44:59Z","elo_diff","xgf_ewma_diffmissing_or_zero_variance|xga_ewma_diffmissing_or_zero_variance|xgd_ewma_diffmissing_or_zero_variance|form_index_diff","4053f8a87276a191710684655e7095ad6d46393f807e3d5f4b3fb3ae2e1b4649"
"uefa_nations_league_2026_27","uefa_nations_league_2026_27-2047904","uefa_nations_league_2026_27-2047904","uefa_nations_league_2026_27-2047904__score",5,2,1,0.0827140131719412,0.785048193670957,0.214951806329043,"phase14-open-nb-incumbent-calibrated-v1","0e89c2948c77b348c5b6d3832cf6d4e7721ca7794f8f68f857d6ae82b9fe7d50","fc9a617e48969b5d524f9994bccb31de0cb028829b4c58a1999b77cf12c5a990","open_nb_incumbent","c65a4f90477e5b799e234d1a313ff333f6cce12cfc08de93e342d7718c252ff8","vector_w400_p0p010","be1392fd4b9fbfe747ea90c89a17413f72459d8ff708d6d80d1bf086973eb51e","2026-06-10","2026-11-15T19:44:59Z","elo_diff","xgf_ewma_diffmissing_or_zero_variance|xga_ewma_diffmissing_or_zero_variance|xgd_ewma_diffmissing_or_zero_variance|form_index_diff","a09f44abbbe2e1b22a3ee4a531fcd802fe5745045be6227038051b7118f0059b"
"uefa_nations_league_2026_27","uefa_nations_league_2026_27-2047904","uefa_nations_league_2026_27-2047904","uefa_nations_league_2026_27-2047904__score",6,0,1,0.0708074691683364,0.785048193670957,0.214951806329043,"phase14-open-nb-incumbent-calibrated-v1","0e89c2948c77b348c5b6d3832cf6d4e7721ca7794f8f68f857d6ae82b9fe7d50","fc9a617e48969b5d524f9994bccb31de0cb028829b4c58a1999b77cf12c5a990","open_nb_incumbent","c65a4f90477e5b799e234d1a313ff333f6cce12cfc08de93e342d7718c252ff8","vector_w400_p0p010","be1392fd4b9fbfe747ea90c89a17413f72459d8ff708d6d80d1bf086973eb51e","2026-06-10","2026-11-15T19:44:59Z","elo_diff","xgf_ewma_diffmissing_or_zero_variance|xga_ewma_diffmissing_or_zero_variance|xgd_ewma_diffmissing_or_zero_variance|form_index_diff","09ffd56fd93da4cb45b9b69575caa422cdd2742954e3d9fd8b2efaf15b9f9996"
"uefa_nations_league_2026_27","uefa_nations_league_2026_27-2047904","uefa_nations_league_2026_27-2047904","uefa_nations_league_2026_27-2047904__score",7,3,0,0.0630083153318061,0.785048193670957,0.214951806329043,"phase14-open-nb-incumbent-calibrated-v1","0e89c2948c77b348c5b6d3832cf6d4e7721ca7794f8f68f857d6ae82b9fe7d50","fc9a617e48969b5d524f9994bccb31de0cb028829b4c58a1999b77cf12c5a990","open_nb_incumbent","c65a4f90477e5b799e234d1a313ff333f6cce12cfc08de93e342d7718c252ff8","vector_w400_p0p010","be1392fd4b9fbfe747ea90c89a17413f72459d8ff708d6d80d1bf086973eb51e","2026-06-10","2026-11-15T19:44:59Z","elo_diff","xgf_ewma_diffmissing_or_zero_variance|xga_ewma_diffmissing_or_zero_variance|xgd_ewma_diffmissing_or_zero_variance|form_index_diff","ec47d5ffabf3ec015bc94dd7daae8666f4b20e00acc6c2763dba0c5618d24624"
"uefa_nations_league_2026_27","uefa_nations_league_2026_27-2047904","uefa_nations_league_2026_27-2047904","uefa_nations_league_2026_27-2047904__score",8,3,1,0.0480285009767019,0.785048193670957,0.214951806329043,"phase14-open-nb-incumbent-calibrated-v1","0e89c2948c77b348c5b6d3832cf6d4e7721ca7794f8f68f857d6ae82b9fe7d50","fc9a617e48969b5d524f9994bccb31de0cb028829b4c58a1999b77cf12c5a990","open_nb_incumbent","c65a4f90477e5b799e234d1a313ff333f6cce12cfc08de93e342d7718c252ff8","vector_w400_p0p010","be1392fd4b9fbfe747ea90c89a17413f72459d8ff708d6d80d1bf086973eb51e","2026-06-10","2026-11-15T19:44:59Z","elo_diff","xgf_ewma_diffmissing_or_zero_variance|xga_ewma_diffmissing_or_zero_variance|xgd_ewma_diffmissing_or_zero_variance|form_index_diff","52c39b6e20fb9b19e6da9e8f11cfce80d599dca3bb9e9e49e3b8df327c157aa3"
"uefa_nations_league_2026_27","uefa_nations_league_2026_27-2047904","uefa_nations_league_2026_27-2047904","uefa_nations_league_2026_27-2047904__score",9,1,2,0.0445265596722401,0.785048193670957,0.214951806329043,"phase14-open-nb-incumbent-calibrated-v1","0e89c2948c77b348c5b6d3832cf6d4e7721ca7794f8f68f857d6ae82b9fe7d50","fc9a617e48969b5d524f9994bccb31de0cb028829b4c58a1999b77cf12c5a990","open_nb_incumbent","c65a4f90477e5b799e234d1a313ff333f6cce12cfc08de93e342d7718c252ff8","vector_w400_p0p010","be1392fd4b9fbfe747ea90c89a17413f72459d8ff708d6d80d1bf086973eb51e","2026-06-10","2026-11-15T19:44:59Z","elo_diff","xgf_ewma_diffmissing_or_zero_variance|xga_ewma_diffmissing_or_zero_variance|xgd_ewma_diffmissing_or_zero_variance|form_index_diff","9473b950bc530f537829a6a17146456dd9e460823eb9967dab7f35dfffa5cedd"
"uefa_nations_league_2026_27","uefa_nations_league_2026_27-2047904","uefa_nations_league_2026_27-2047904","uefa_nations_league_2026_27-2047904__score",10,2,2,0.0356377936873555,0.785048193670957,0.214951806329043,"phase14-open-nb-incumbent-calibrated-v1","0e89c2948c77b348c5b6d3832cf6d4e7721ca7794f8f68f857d6ae82b9fe7d50","fc9a617e48969b5d524f9994bccb31de0cb028829b4c58a1999b77cf12c5a990","open_nb_incumbent","c65a4f90477e5b799e234d1a313ff333f6cce12cfc08de93e342d7718c252ff8","vector_w400_p0p010","be1392fd4b9fbfe747ea90c89a17413f72459d8ff708d6d80d1bf086973eb51e","2026-06-10","2026-11-15T19:44:59Z","elo_diff","xgf_ewma_diffmissing_or_zero_variance|xga_ewma_diffmissing_or_zero_variance|xgd_ewma_diffmissing_or_zero_variance|form_index_diff","a8b4ee498c6c518e0fded17d26b1a7582ee0dbcf0aca32e0dbc9e75cdcb02fbb"
"uefa_nations_league_2026_27","uefa_nations_league_2026_27-2047905","uefa_nations_league_2026_27-2047905","uefa_nations_league_2026_27-2047905__score",1,1,0,0.128175589500438,0.784157495910131,0.215842504089869,"phase14-open-nb-incumbent-calibrated-v1","0e89c2948c77b348c5b6d3832cf6d4e7721ca7794f8f68f857d6ae82b9fe7d50","fc9a617e48969b5d524f9994bccb31de0cb028829b4c58a1999b77cf12c5a990","open_nb_incumbent","c65a4f90477e5b799e234d1a313ff333f6cce12cfc08de93e342d7718c252ff8","vector_w400_p0p010","be1392fd4b9fbfe747ea90c89a17413f72459d8ff708d6d80d1bf086973eb51e","2026-06-10","2026-11-15T16:59:59Z","elo_diff","xgf_ewma_diffmissing_or_zero_variance|xga_ewma_diffmissing_or_zero_variance|xgd_ewma_diffmissing_or_zero_variance|form_index_diff","373ae12cb8c8354aa5cae49ff17e134803ec27414f140adb2d38905bffb6e4ba"
"uefa_nations_league_2026_27","uefa_nations_league_2026_27-2047905","uefa_nations_league_2026_27-2047905","uefa_nations_league_2026_27-2047905__score",2,1,1,0.11268349679444,0.784157495910131,0.215842504089869,"phase14-open-nb-incumbent-calibrated-v1","0e89c2948c77b348c5b6d3832cf6d4e7721ca7794f8f68f857d6ae82b9fe7d50","fc9a617e48969b5d524f9994bccb31de0cb028829b4c58a1999b77cf12c5a990","open_nb_incumbent","c65a4f90477e5b799e234d1a313ff333f6cce12cfc08de93e342d7718c252ff8","vector_w400_p0p010","be1392fd4b9fbfe747ea90c89a17413f72459d8ff708d6d80d1bf086973eb51e","2026-06-10","2026-11-15T16:59:59Z","elo_diff","xgf_ewma_diffmissing_or_zero_variance|xga_ewma_diffmissing_or_zero_variance|xgd_ewma_diffmissing_or_zero_variance|form_index_diff","6b4280a534a71a7e5efeae6e422392f9294ddf3b56d25047b0df8e0de3b2124a"
"uefa_nations_league_2026_27","uefa_nations_league_2026_27-2047905","uefa_nations_league_2026_27-2047905","uefa_nations_league_2026_27-2047905__score",3,0,0,0.0999319147819698,0.784157495910131,0.215842504089869,"phase14-open-nb-incumbent-calibrated-v1","0e89c2948c77b348c5b6d3832cf6d4e7721ca7794f8f68f857d6ae82b9fe7d50","fc9a617e48969b5d524f9994bccb31de0cb028829b4c58a1999b77cf12c5a990","open_nb_incumbent","c65a4f90477e5b799e234d1a313ff333f6cce12cfc08de93e342d7718c252ff8","vector_w400_p0p010","be1392fd4b9fbfe747ea90c89a17413f72459d8ff708d6d80d1bf086973eb51e","2026-06-10","2026-11-15T16:59:59Z","elo_diff","xgf_ewma_diffmissing_or_zero_variance|xga_ewma_diffmissing_or_zero_variance|xgd_ewma_diffmissing_or_zero_variance|form_index_diff","b435d52b30a7d3c31a6cee97b90ffcde1b1078e1a660f3c4635d987ec71c3f7b"
"uefa_nations_league_2026_27","uefa_nations_league_2026_27-2047905","uefa_nations_league_2026_27-2047905","uefa_nations_league_2026_27-2047905__score",4,2,0,0.0901549868206939,0.784157495910131,0.215842504089869,"phase14-open-nb-incumbent-calibrated-v1","0e89c2948c77b348c5b6d3832cf6d4e7721ca7794f8f68f857d6ae82b9fe7d50","fc9a617e48969b5d524f9994bccb31de0cb028829b4c58a1999b77cf12c5a990","open_nb_incumbent","c65a4f90477e5b799e234d1a313ff333f6cce12cfc08de93e342d7718c252ff8","vector_w400_p0p010","be1392fd4b9fbfe747ea90c89a17413f72459d8ff708d6d80d1bf086973eb51e","2026-06-10","2026-11-15T16:59:59Z","elo_diff","xgf_ewma_diffmissing_or_zero_variance|xga_ewma_diffmissing_or_zero_variance|xgd_ewma_diffmissing_or_zero_variance|form_index_diff","f98d2321af8b718782d5e892f693328dafce778e293e1ee389f4ce0de1ff7fe3"
"uefa_nations_league_2026_27","uefa_nations_league_2026_27-2047905","uefa_nations_league_2026_27-2047905","uefa_nations_league_2026_27-2047905__score",5,0,1,0.087853526891389,0.784157495910131,0.215842504089869,"phase14-open-nb-incumbent-calibrated-v1","0e89c2948c77b348c5b6d3832cf6d4e7721ca7794f8f68f857d6ae82b9fe7d50","fc9a617e48969b5d524f9994bccb31de0cb028829b4c58a1999b77cf12c5a990","open_nb_incumbent","c65a4f90477e5b799e234d1a313ff333f6cce12cfc08de93e342d7718c252ff8","vector_w400_p0p010","be1392fd4b9fbfe747ea90c89a17413f72459d8ff708d6d80d1bf086973eb51e","2026-06-10","2026-11-15T16:59:59Z","elo_diff","xgf_ewma_diffmissing_or_zero_variance|xga_ewma_diffmissing_or_zero_variance|xgd_ewma_diffmissing_or_zero_variance|form_index_diff","7d5d238b6c60d27ee65b35b785325de62f0b762aea82f8cb6e634ef3c9804053"
"uefa_nations_league_2026_27","uefa_nations_league_2026_27-2047905","uefa_nations_league_2026_27-2047905","uefa_nations_league_2026_27-2047905__score",6,2,1,0.0792582987759752,0.784157495910131,0.215842504089869,"phase14-open-nb-incumbent-calibrated-v1","0e89c2948c77b348c5b6d3832cf6d4e7721ca7794f8f68f857d6ae82b9fe7d50","fc9a617e48969b5d524f9994bccb31de0cb028829b4c58a1999b77cf12c5a990","open_nb_incumbent","c65a4f90477e5b799e234d1a313ff333f6cce12cfc08de93e342d7718c252ff8","vector_w400_p0p010","be1392fd4b9fbfe747ea90c89a17413f72459d8ff708d6d80d1bf086973eb51e","2026-06-10","2026-11-15T16:59:59Z","elo_diff","xgf_ewma_diffmissing_or_zero_variance|xga_ewma_diffmissing_or_zero_variance|xgd_ewma_diffmissing_or_zero_variance|form_index_diff","6f9be8d443847e2a9657f66e1c7663dd04d410ffe02f960a388828d7c9e185a0"
"uefa_nations_league_2026_27","uefa_nations_league_2026_27-2047905","uefa_nations_league_2026_27-2047905","uefa_nations_league_2026_27-2047905__score",7,1,2,0.0559945630602606,0.784157495910131,0.215842504089869,"phase14-open-nb-incumbent-calibrated-v1","0e89c2948c77b348c5b6d3832cf6d4e7721ca7794f8f68f857d6ae82b9fe7d50","fc9a617e48969b5d524f9994bccb31de0cb028829b4c58a1999b77cf12c5a990","open_nb_incumbent","c65a4f90477e5b799e234d1a313ff333f6cce12cfc08de93e342d7718c252ff8","vector_w400_p0p010","be1392fd4b9fbfe747ea90c89a17413f72459d8ff708d6d80d1bf086973eb51e","2026-06-10","2026-11-15T16:59:59Z","elo_diff","xgf_ewma_diffmissing_or_zero_variance|xga_ewma_diffmissing_or_zero_variance|xgd_ewma_diffmissing_or_zero_variance|form_index_diff","2645f2bab68d4b7534d7ce8cd58e548dcafbde89027d66c50160379a91e882b4"
"uefa_nations_league_2026_27","uefa_nations_league_2026_27-2047905","uefa_nations_league_2026_27-2047905","uefa_nations_league_2026_27-2047905__score",8,3,0,0.0460047267796149,0.784157495910131,0.215842504089869,"phase14-open-nb-incumbent-calibrated-v1","0e89c2948c77b348c5b6d3832cf6d4e7721ca7794f8f68f857d6ae82b9fe7d50","fc9a617e48969b5d524f9994bccb31de0cb028829b4c58a1999b77cf12c5a990","open_nb_incumbent","c65a4f90477e5b799e234d1a313ff333f6cce12cfc08de93e342d7718c252ff8","vector_w400_p0p010","be1392fd4b9fbfe747ea90c89a17413f72459d8ff708d6d80d1bf086973eb51e","2026-06-10","2026-11-15T16:59:59Z","elo_diff","xgf_ewma_diffmissing_or_zero_variance|xga_ewma_diffmissing_or_zero_variance|xgd_ewma_diffmissing_or_zero_variance|form_index_diff","ff3f7e13a5e26296c649615226603b04f8dab8bd34fee6cbf4e39e094174af10"
"uefa_nations_league_2026_27","uefa_nations_league_2026_27-2047905","uefa_nations_league_2026_27-2047905","uefa_nations_league_2026_27-2047905__score",9,0,2,0.04365608089497,0.784157495910131,0.215842504089869,"phase14-open-nb-incumbent-calibrated-v1","0e89c2948c77b348c5b6d3832cf6d4e7721ca7794f8f68f857d6ae82b9fe7d50","fc9a617e48969b5d524f9994bccb31de0cb028829b4c58a1999b77cf12c5a990","open_nb_incumbent","c65a4f90477e5b799e234d1a313ff333f6cce12cfc08de93e342d7718c252ff8","vector_w400_p0p010","be1392fd4b9fbfe747ea90c89a17413f72459d8ff708d6d80d1bf086973eb51e","2026-06-10","2026-11-15T16:59:59Z","elo_diff","xgf_ewma_diffmissing_or_zero_variance|xga_ewma_diffmissing_or_zero_variance|xgd_ewma_diffmissing_or_zero_variance|form_index_diff","e3842bd2ba2d9b7098713c61cb0c29ea36f211d69df8b45059d9141b4008f8b0"
"uefa_nations_league_2026_27","uefa_nations_league_2026_27-2047905","uefa_nations_league_2026_27-2047905","uefa_nations_league_2026_27-2047905__score",10,3,1,0.0404443116103798,0.784157495910131,0.215842504089869,"phase14-open-nb-incumbent-calibrated-v1","0e89c2948c77b348c5b6d3832cf6d4e7721ca7794f8f68f857d6ae82b9fe7d50","fc9a617e48969b5d524f9994bccb31de0cb028829b4c58a1999b77cf12c5a990","open_nb_incumbent","c65a4f90477e5b799e234d1a313ff333f6cce12cfc08de93e342d7718c252ff8","vector_w400_p0p010","be1392fd4b9fbfe747ea90c89a17413f72459d8ff708d6d80d1bf086973eb51e","2026-06-10","2026-11-15T16:59:59Z","elo_diff","xgf_ewma_diffmissing_or_zero_variance|xga_ewma_diffmissing_or_zero_variance|xgd_ewma_diffmissing_or_zero_variance|form_index_diff","7409d15d23c833f1ed82c7cdb2116e3ce33af25da6cde75173730abdb82338db"
"uefa_nations_league_2026_27","uefa_nations_league_2026_27-2047906","uefa_nations_league_2026_27-2047906","uefa_nations_league_2026_27-2047906__score",1,1,0,0.136568598695714,0.782577191446061,0.217422808553939,"phase14-open-nb-incumbent-calibrated-v1","0e89c2948c77b348c5b6d3832cf6d4e7721ca7794f8f68f857d6ae82b9fe7d50","fc9a617e48969b5d524f9994bccb31de0cb028829b4c58a1999b77cf12c5a990","open_nb_incumbent","c65a4f90477e5b799e234d1a313ff333f6cce12cfc08de93e342d7718c252ff8","vector_w400_p0p010","be1392fd4b9fbfe747ea90c89a17413f72459d8ff708d6d80d1bf086973eb51e","2026-06-10","2026-11-16T16:59:59Z","elo_diff","xgf_ewma_diffmissing_or_zero_variance|xga_ewma_diffmissing_or_zero_variance|xgd_ewma_diffmissing_or_zero_variance|form_index_diff","0428b1b17637e9e1ce0bf7dfe6be20c4f75be78cae24a54f018400eedb292f9f"
"uefa_nations_league_2026_27","uefa_nations_league_2026_27-2047906","uefa_nations_league_2026_27-2047906","uefa_nations_league_2026_27-2047906__score",2,2,0,0.124773596765341,0.782577191446061,0.217422808553939,"phase14-open-nb-incumbent-calibrated-v1","0e89c2948c77b348c5b6d3832cf6d4e7721ca7794f8f68f857d6ae82b9fe7d50","fc9a617e48969b5d524f9994bccb31de0cb028829b4c58a1999b77cf12c5a990","open_nb_incumbent","c65a4f90477e5b799e234d1a313ff333f6cce12cfc08de93e342d7718c252ff8","vector_w400_p0p010","be1392fd4b9fbfe747ea90c89a17413f72459d8ff708d6d80d1bf086973eb51e","2026-06-10","2026-11-16T16:59:59Z","elo_diff","xgf_ewma_diffmissing_or_zero_variance|xga_ewma_diffmissing_or_zero_variance|xgd_ewma_diffmissing_or_zero_variance|form_index_diff","7dbcb63e74efca92735e79c53e3a3dcbf6d56964a6135a887300194a13ac79a8"
"uefa_nations_league_2026_27","uefa_nations_league_2026_27-2047906","uefa_nations_league_2026_27-2047906","uefa_nations_league_2026_27-2047906__score",3,1,1,0.0894406545152318,0.782577191446061,0.217422808553939,"phase14-open-nb-incumbent-calibrated-v1","0e89c2948c77b348c5b6d3832cf6d4e7721ca7794f8f68f857d6ae82b9fe7d50","fc9a617e48969b5d524f9994bccb31de0cb028829b4c58a1999b77cf12c5a990","open_nb_incumbent","c65a4f90477e5b799e234d1a313ff333f6cce12cfc08de93e342d7718c252ff8","vector_w400_p0p010","be1392fd4b9fbfe747ea90c89a17413f72459d8ff708d6d80d1bf086973eb51e","2026-06-10","2026-11-16T16:59:59Z","elo_diff","xgf_ewma_diffmissing_or_zero_variance|xga_ewma_diffmissing_or_zero_variance|xgd_ewma_diffmissing_or_zero_variance|form_index_diff","dcb2ceb19de6c45e29471efe178f634697b0118b22393b51fd7e5f5cc711045d"
"uefa_nations_league_2026_27","uefa_nations_league_2026_27-2047906","uefa_nations_league_2026_27-2047906","uefa_nations_league_2026_27-2047906__score",4,3,0,0.0827032937937105,0.782577191446061,0.217422808553939,"phase14-open-nb-incumbent-calibrated-v1","0e89c2948c77b348c5b6d3832cf6d4e7721ca7794f8f68f857d6ae82b9fe7d50","fc9a617e48969b5d524f9994bccb31de0cb028829b4c58a1999b77cf12c5a990","open_nb_incumbent","c65a4f90477e5b799e234d1a313ff333f6cce12cfc08de93e342d7718c252ff8","vector_w400_p0p010","be1392fd4b9fbfe747ea90c89a17413f72459d8ff708d6d80d1bf086973eb51e","2026-06-10","2026-11-16T16:59:59Z","elo_diff","xgf_ewma_diffmissing_or_zero_variance|xga_ewma_diffmissing_or_zero_variance|xgd_ewma_diffmissing_or_zero_variance|form_index_diff","bbb3574c9fc8c7e50f173249c08a7d5c721bd149a3bc2fc8465eecabc609f851"
"uefa_nations_league_2026_27","uefa_nations_league_2026_27-2047906","uefa_nations_league_2026_27-2047906","uefa_nations_league_2026_27-2047906__score",5,0,0,0.0819713954126286,0.782577191446061,0.217422808553939,"phase14-open-nb-incumbent-calibrated-v1","0e89c2948c77b348c5b6d3832cf6d4e7721ca7794f8f68f857d6ae82b9fe7d50","fc9a617e48969b5d524f9994bccb31de0cb028829b4c58a1999b77cf12c5a990","open_nb_incumbent","c65a4f90477e5b799e234d1a313ff333f6cce12cfc08de93e342d7718c252ff8","vector_w400_p0p010","be1392fd4b9fbfe747ea90c89a17413f72459d8ff708d6d80d1bf086973eb51e","2026-06-10","2026-11-16T16:59:59Z","elo_diff","xgf_ewma_diffmissing_or_zero_variance|xga_ewma_diffmissing_or_zero_variance|xgd_ewma_diffmissing_or_zero_variance|form_index_diff","684f6541c0947ad55c73b923fe87491f81606f65f1d91d26be3e3e4aa9add34a"
"uefa_nations_league_2026_27","uefa_nations_league_2026_27-2047906","uefa_nations_league_2026_27-2047906","uefa_nations_league_2026_27-2047906__score",6,2,1,0.081715945447875,0.782577191446061,0.217422808553939,"phase14-open-nb-incumbent-calibrated-v1","0e89c2948c77b348c5b6d3832cf6d4e7721ca7794f8f68f857d6ae82b9fe7d50","fc9a617e48969b5d524f9994bccb31de0cb028829b4c58a1999b77cf12c5a990","open_nb_incumbent","c65a4f90477e5b799e234d1a313ff333f6cce12cfc08de93e342d7718c252ff8","vector_w400_p0p010","be1392fd4b9fbfe747ea90c89a17413f72459d8ff708d6d80d1bf086973eb51e","2026-06-10","2026-11-16T16:59:59Z","elo_diff","xgf_ewma_diffmissing_or_zero_variance|xga_ewma_diffmissing_or_zero_variance|xgd_ewma_diffmissing_or_zero_variance|form_index_diff","4decb6eabc068b928dc3c345f3ec3b76f0e147a9b629e0668d4dd858c3469f70"
"uefa_nations_league_2026_27","uefa_nations_league_2026_27-2047906","uefa_nations_league_2026_27-2047906","uefa_nations_league_2026_27-2047906__score",7,3,1,0.0541635251303719,0.782577191446061,0.217422808553939,"phase14-open-nb-incumbent-calibrated-v1","0e89c2948c77b348c5b6d3832cf6d4e7721ca7794f8f68f857d6ae82b9fe7d50","fc9a617e48969b5d524f9994bccb31de0cb028829b4c58a1999b77cf12c5a990","open_nb_incumbent","c65a4f90477e5b799e234d1a313ff333f6cce12cfc08de93e342d7718c252ff8","vector_w400_p0p010","be1392fd4b9fbfe747ea90c89a17413f72459d8ff708d6d80d1bf086973eb51e","2026-06-10","2026-11-16T16:59:59Z","elo_diff","xgf_ewma_diffmissing_or_zero_variance|xga_ewma_diffmissing_or_zero_variance|xgd_ewma_diffmissing_or_zero_variance|form_index_diff","3f1fe76b60f4b3205b6bc2f4f9095967021809be63b148bb85465deea17d9c71"
"uefa_nations_league_2026_27","uefa_nations_league_2026_27-2047906","uefa_nations_league_2026_27-2047906","uefa_nations_league_2026_27-2047906__score",8,0,1,0.0536841948094358,0.782577191446061,0.217422808553939,"phase14-open-nb-incumbent-calibrated-v1","0e89c2948c77b348c5b6d3832cf6d4e7721ca7794f8f68f857d6ae82b9fe7d50","fc9a617e48969b5d524f9994bccb31de0cb028829b4c58a1999b77cf12c5a990","open_nb_incumbent","c65a4f90477e5b799e234d1a313ff333f6cce12cfc08de93e342d7718c252ff8","vector_w400_p0p010","be1392fd4b9fbfe747ea90c89a17413f72459d8ff708d6d80d1bf086973eb51e","2026-06-10","2026-11-16T16:59:59Z","elo_diff","xgf_ewma_diffmissing_or_zero_variance|xga_ewma_diffmissing_or_zero_variance|xgd_ewma_diffmissing_or_zero_variance|form_index_diff","fc5c0d7a5406bed5931a8732f29e68e82625615cd3041577c5b7689122fa1057"
"uefa_nations_league_2026_27","uefa_nations_league_2026_27-2047906","uefa_nations_league_2026_27-2047906","uefa_nations_league_2026_27-2047906__score",9,4,0,0.044446714500056,0.782577191446061,0.217422808553939,"phase14-open-nb-incumbent-calibrated-v1","0e89c2948c77b348c5b6d3832cf6d4e7721ca7794f8f68f857d6ae82b9fe7d50","fc9a617e48969b5d524f9994bccb31de0cb028829b4c58a1999b77cf12c5a990","open_nb_incumbent","c65a4f90477e5b799e234d1a313ff333f6cce12cfc08de93e342d7718c252ff8","vector_w400_p0p010","be1392fd4b9fbfe747ea90c89a17413f72459d8ff708d6d80d1bf086973eb51e","2026-06-10","2026-11-16T16:59:59Z","elo_diff","xgf_ewma_diffmissing_or_zero_variance|xga_ewma_diffmissing_or_zero_variance|xgd_ewma_diffmissing_or_zero_variance|form_index_diff","80983ac0b565a9e34f0e907410fcabbb714e24f8beb7958720bf3cdd33a4fd52"
"uefa_nations_league_2026_27","uefa_nations_league_2026_27-2047906","uefa_nations_league_2026_27-2047906","uefa_nations_league_2026_27-2047906__score",10,1,2,0.0331092723756962,0.782577191446061,0.217422808553939,"phase14-open-nb-incumbent-calibrated-v1","0e89c2948c77b348c5b6d3832cf6d4e7721ca7794f8f68f857d6ae82b9fe7d50","fc9a617e48969b5d524f9994bccb31de0cb028829b4c58a1999b77cf12c5a990","open_nb_incumbent","c65a4f90477e5b799e234d1a313ff333f6cce12cfc08de93e342d7718c252ff8","vector_w400_p0p010","be1392fd4b9fbfe747ea90c89a17413f72459d8ff708d6d80d1bf086973eb51e","2026-06-10","2026-11-16T16:59:59Z","elo_diff","xgf_ewma_diffmissing_or_zero_variance|xga_ewma_diffmissing_or_zero_variance|xgd_ewma_diffmissing_or_zero_variance|form_index_diff","7d4de610c064137e21c269a8f0126e7f8b766f489182310b04375063265884f9"
"uefa_nations_league_2026_27","uefa_nations_league_2026_27-2047907","uefa_nations_league_2026_27-2047907","uefa_nations_league_2026_27-2047907__score",1,1,0,0.117309400687046,0.782968384994602,0.217031615005398,"phase14-open-nb-incumbent-calibrated-v1","0e89c2948c77b348c5b6d3832cf6d4e7721ca7794f8f68f857d6ae82b9fe7d50","fc9a617e48969b5d524f9994bccb31de0cb028829b4c58a1999b77cf12c5a990","open_nb_incumbent","c65a4f90477e5b799e234d1a313ff333f6cce12cfc08de93e342d7718c252ff8","vector_w400_p0p010","be1392fd4b9fbfe747ea90c89a17413f72459d8ff708d6d80d1bf086973eb51e","2026-06-10","2026-11-16T16:59:59Z","elo_diff","xgf_ewma_diffmissing_or_zero_variance|xga_ewma_diffmissing_or_zero_variance|xgd_ewma_diffmissing_or_zero_variance|form_index_diff","bba48780bb0ad4066e582a51bf0ebac85deb86ae83c323019540a19893613020"
"uefa_nations_league_2026_27","uefa_nations_league_2026_27-2047907","uefa_nations_league_2026_27-2047907","uefa_nations_league_2026_27-2047907__score",2,1,1,0.116689875646264,0.782968384994602,0.217031615005398,"phase14-open-nb-incumbent-calibrated-v1","0e89c2948c77b348c5b6d3832cf6d4e7721ca7794f8f68f857d6ae82b9fe7d50","fc9a617e48969b5d524f9994bccb31de0cb028829b4c58a1999b77cf12c5a990","open_nb_incumbent","c65a4f90477e5b799e234d1a313ff333f6cce12cfc08de93e342d7718c252ff8","vector_w400_p0p010","be1392fd4b9fbfe747ea90c89a17413f72459d8ff708d6d80d1bf086973eb51e","2026-06-10","2026-11-16T16:59:59Z","elo_diff","xgf_ewma_diffmissing_or_zero_variance|xga_ewma_diffmissing_or_zero_variance|xgd_ewma_diffmissing_or_zero_variance|form_index_diff","3dc5f9ff38a491455a81889e68884866ef4523f2ce8826134ccb27272cf2e35e"
"uefa_nations_league_2026_27","uefa_nations_league_2026_27-2047907","uefa_nations_league_2026_27-2047907","uefa_nations_league_2026_27-2047907__score",3,0,0,0.102689732487573,0.782968384994602,0.217031615005398,"phase14-open-nb-incumbent-calibrated-v1","0e89c2948c77b348c5b6d3832cf6d4e7721ca7794f8f68f857d6ae82b9fe7d50","fc9a617e48969b5d524f9994bccb31de0cb028829b4c58a1999b77cf12c5a990","open_nb_incumbent","c65a4f90477e5b799e234d1a313ff333f6cce12cfc08de93e342d7718c252ff8","vector_w400_p0p010","be1392fd4b9fbfe747ea90c89a17413f72459d8ff708d6d80d1bf086973eb51e","2026-06-10","2026-11-16T16:59:59Z","elo_diff","xgf_ewma_diffmissing_or_zero_variance|xga_ewma_diffmissing_or_zero_variance|xgd_ewma_diffmissing_or_zero_variance|form_index_diff","3f8c4b51016eac6b2aa15dcbbe62810b2d6d756500b2254b10bf17299893ea7e"
"uefa_nations_league_2026_27","uefa_nations_league_2026_27-2047907","uefa_nations_league_2026_27-2047907","uefa_nations_league_2026_27-2047907__score",4,0,1,0.102147415671234,0.782968384994602,0.217031615005398,"phase14-open-nb-incumbent-calibrated-v1","0e89c2948c77b348c5b6d3832cf6d4e7721ca7794f8f68f857d6ae82b9fe7d50","fc9a617e48969b5d524f9994bccb31de0cb028829b4c58a1999b77cf12c5a990","open_nb_incumbent","c65a4f90477e5b799e234d1a313ff333f6cce12cfc08de93e342d7718c252ff8","vector_w400_p0p010","be1392fd4b9fbfe747ea90c89a17413f72459d8ff708d6d80d1bf086973eb51e","2026-06-10","2026-11-16T16:59:59Z","elo_diff","xgf_ewma_diffmissing_or_zero_variance|xga_ewma_diffmissing_or_zero_variance|xgd_ewma_diffmissing_or_zero_variance|form_index_diff","6d9797699e077df3c3c7d69518fdf9e1f5045613fe2ac409b0a029d6b09e21ca"
"uefa_nations_league_2026_27","uefa_nations_league_2026_27-2047907","uefa_nations_league_2026_27-2047907","uefa_nations_league_2026_27-2047907__score",5,2,0,0.0734889302870235,0.782968384994602,0.217031615005398,"phase14-open-nb-incumbent-calibrated-v1","0e89c2948c77b348c5b6d3832cf6d4e7721ca7794f8f68f857d6ae82b9fe7d50","fc9a617e48969b5d524f9994bccb31de0cb028829b4c58a1999b77cf12c5a990","open_nb_incumbent","c65a4f90477e5b799e234d1a313ff333f6cce12cfc08de93e342d7718c252ff8","vector_w400_p0p010","be1392fd4b9fbfe747ea90c89a17413f72459d8ff708d6d80d1bf086973eb51e","2026-06-10","2026-11-16T16:59:59Z","elo_diff","xgf_ewma_diffmissing_or_zero_variance|xga_ewma_diffmissing_or_zero_variance|xgd_ewma_diffmissing_or_zero_variance|form_index_diff","c3f6670c818b40607a2168889dd9ee2d937c14bd01386ba492b84d4e5c7c19b4"
"uefa_nations_league_2026_27","uefa_nations_league_2026_27-2047907","uefa_nations_league_2026_27-2047907","uefa_nations_league_2026_27-2047907__score",6,2,1,0.0731008264158382,0.782968384994602,0.217031615005398,"phase14-open-nb-incumbent-calibrated-v1","0e89c2948c77b348c5b6d3832cf6d4e7721ca7794f8f68f857d6ae82b9fe7d50","fc9a617e48969b5d524f9994bccb31de0cb028829b4c58a1999b77cf12c5a990","open_nb_incumbent","c65a4f90477e5b799e234d1a313ff333f6cce12cfc08de93e342d7718c252ff8","vector_w400_p0p010","be1392fd4b9fbfe747ea90c89a17413f72459d8ff708d6d80d1bf086973eb51e","2026-06-10","2026-11-16T16:59:59Z","elo_diff","xgf_ewma_diffmissing_or_zero_variance|xga_ewma_diffmissing_or_zero_variance|xgd_ewma_diffmissing_or_zero_variance|form_index_diff","e0c30b70aa4b3b34815c7ed6d818b78b889e294d3579d9c891ad0325570660e5"
"uefa_nations_league_2026_27","uefa_nations_league_2026_27-2047907","uefa_nations_league_2026_27-2047907","uefa_nations_league_2026_27-2047907__score",7,1,2,0.0656091015356948,0.782968384994602,0.217031615005398,"phase14-open-nb-incumbent-calibrated-v1","0e89c2948c77b348c5b6d3832cf6d4e7721ca7794f8f68f857d6ae82b9fe7d50","fc9a617e48969b5d524f9994bccb31de0cb028829b4c58a1999b77cf12c5a990","open_nb_incumbent","c65a4f90477e5b799e234d1a313ff333f6cce12cfc08de93e342d7718c252ff8","vector_w400_p0p010","be1392fd4b9fbfe747ea90c89a17413f72459d8ff708d6d80d1bf086973eb51e","2026-06-10","2026-11-16T16:59:59Z","elo_diff","xgf_ewma_diffmissing_or_zero_variance|xga_ewma_diffmissing_or_zero_variance|xgd_ewma_diffmissing_or_zero_variance|form_index_diff","ca01158042af395108a478149cee9778a09d0739c6c59169604b1ee5894dce75"
"uefa_nations_league_2026_27","uefa_nations_league_2026_27-2047907","uefa_nations_league_2026_27-2047907","uefa_nations_league_2026_27-2047907__score",8,0,2,0.0574325761276734,0.782968384994602,0.217031615005398,"phase14-open-nb-incumbent-calibrated-v1","0e89c2948c77b348c5b6d3832cf6d4e7721ca7794f8f68f857d6ae82b9fe7d50","fc9a617e48969b5d524f9994bccb31de0cb028829b4c58a1999b77cf12c5a990","open_nb_incumbent","c65a4f90477e5b799e234d1a313ff333f6cce12cfc08de93e342d7718c252ff8","vector_w400_p0p010","be1392fd4b9fbfe747ea90c89a17413f72459d8ff708d6d80d1bf086973eb51e","2026-06-10","2026-11-16T16:59:59Z","elo_diff","xgf_ewma_diffmissing_or_zero_variance|xga_ewma_diffmissing_or_zero_variance|xgd_ewma_diffmissing_or_zero_variance|form_index_diff","462b740e70d4aab322a60bfc2699bc6b958a708d66ea2b2f02c4af58cd187bb0"
"uefa_nations_league_2026_27","uefa_nations_league_2026_27-2047907","uefa_nations_league_2026_27-2047907","uefa_nations_league_2026_27-2047907__score",9,2,2,0.0411010768166284,0.782968384994602,0.217031615005398,"phase14-open-nb-incumbent-calibrated-v1","0e89c2948c77b348c5b6d3832cf6d4e7721ca7794f8f68f857d6ae82b9fe7d50","fc9a617e48969b5d524f9994bccb31de0cb028829b4c58a1999b77cf12c5a990","open_nb_incumbent","c65a4f90477e5b799e234d1a313ff333f6cce12cfc08de93e342d7718c252ff8","vector_w400_p0p010","be1392fd4b9fbfe747ea90c89a17413f72459d8ff708d6d80d1bf086973eb51e","2026-06-10","2026-11-16T16:59:59Z","elo_diff","xgf_ewma_diffmissing_or_zero_variance|xga_ewma_diffmissing_or_zero_variance|xgd_ewma_diffmissing_or_zero_variance|form_index_diff","c24eaf49bdc58bc23b43f045358db48c9c906f693d20c0d3286d37e15eb06141"
"uefa_nations_league_2026_27","uefa_nations_league_2026_27-2047907","uefa_nations_league_2026_27-2047907","uefa_nations_league_2026_27-2047907__score",10,3,0,0.0333994493196257,0.782968384994602,0.217031615005398,"phase14-open-nb-incumbent-calibrated-v1","0e89c2948c77b348c5b6d3832cf6d4e7721ca7794f8f68f857d6ae82b9fe7d50","fc9a617e48969b5d524f9994bccb31de0cb028829b4c58a1999b77cf12c5a990","open_nb_incumbent","c65a4f90477e5b799e234d1a313ff333f6cce12cfc08de93e342d7718c252ff8","vector_w400_p0p010","be1392fd4b9fbfe747ea90c89a17413f72459d8ff708d6d80d1bf086973eb51e","2026-06-10","2026-11-16T16:59:59Z","elo_diff","xgf_ewma_diffmissing_or_zero_variance|xga_ewma_diffmissing_or_zero_variance|xgd_ewma_diffmissing_or_zero_variance|form_index_diff","c619be82bc1b782af1c648c748712bdf8d425e693f81bb407d60999619a76da7"
"uefa_nations_league_2026_27","uefa_nations_league_2026_27-2047908","uefa_nations_league_2026_27-2047908","uefa_nations_league_2026_27-2047908__score",1,0,1,0.116388316513546,0.780290997278807,0.219709002721193,"phase14-open-nb-incumbent-calibrated-v1","0e89c2948c77b348c5b6d3832cf6d4e7721ca7794f8f68f857d6ae82b9fe7d50","fc9a617e48969b5d524f9994bccb31de0cb028829b4c58a1999b77cf12c5a990","open_nb_incumbent","c65a4f90477e5b799e234d1a313ff333f6cce12cfc08de93e342d7718c252ff8","vector_w400_p0p010","be1392fd4b9fbfe747ea90c89a17413f72459d8ff708d6d80d1bf086973eb51e","2026-06-10","2026-11-16T19:44:59Z","elo_diff","xgf_ewma_diffmissing_or_zero_variance|xga_ewma_diffmissing_or_zero_variance|xgd_ewma_diffmissing_or_zero_variance|form_index_diff","3116e04a4bbe1590eb94c14df2fe631ebfc7c1b720b9484d1c65bc83cddbd5ba"
"uefa_nations_league_2026_27","uefa_nations_league_2026_27-2047908","uefa_nations_league_2026_27-2047908","uefa_nations_league_2026_27-2047908__score",2,1,1,0.11571031143533,0.780290997278807,0.219709002721193,"phase14-open-nb-incumbent-calibrated-v1","0e89c2948c77b348c5b6d3832cf6d4e7721ca7794f8f68f857d6ae82b9fe7d50","fc9a617e48969b5d524f9994bccb31de0cb028829b4c58a1999b77cf12c5a990","open_nb_incumbent","c65a4f90477e5b799e234d1a313ff333f6cce12cfc08de93e342d7718c252ff8","vector_w400_p0p010","be1392fd4b9fbfe747ea90c89a17413f72459d8ff708d6d80d1bf086973eb51e","2026-06-10","2026-11-16T19:44:59Z","elo_diff","xgf_ewma_diffmissing_or_zero_variance|xga_ewma_diffmissing_or_zero_variance|xgd_ewma_diffmissing_or_zero_variance|form_index_diff","2d05be024f132c1d217e4a9aab9b0ed2c11154c4539542c95cb6a7bd21a20ce0"
"uefa_nations_league_2026_27","uefa_nations_league_2026_27-2047908","uefa_nations_league_2026_27-2047908","uefa_nations_league_2026_27-2047908__score",3,0,0,0.101416826308941,0.780290997278807,0.219709002721193,"phase14-open-nb-incumbent-calibrated-v1","0e89c2948c77b348c5b6d3832cf6d4e7721ca7794f8f68f857d6ae82b9fe7d50","fc9a617e48969b5d524f9994bccb31de0cb028829b4c58a1999b77cf12c5a990","open_nb_incumbent","c65a4f90477e5b799e234d1a313ff333f6cce12cfc08de93e342d7718c252ff8","vector_w400_p0p010","be1392fd4b9fbfe747ea90c89a17413f72459d8ff708d6d80d1bf086973eb51e","2026-06-10","2026-11-16T19:44:59Z","elo_diff","xgf_ewma_diffmissing_or_zero_variance|xga_ewma_diffmissing_or_zero_variance|xgd_ewma_diffmissing_or_zero_variance|form_index_diff","898c1dbea9afe3860a8d969512d352bff2b2f45c17e811803e121dbc86dc3f06"
"uefa_nations_league_2026_27","uefa_nations_league_2026_27-2047908","uefa_nations_league_2026_27-2047908","uefa_nations_league_2026_27-2047908__score",4,1,0,0.100826035709731,0.780290997278807,0.219709002721193,"phase14-open-nb-incumbent-calibrated-v1","0e89c2948c77b348c5b6d3832cf6d4e7721ca7794f8f68f857d6ae82b9fe7d50","fc9a617e48969b5d524f9994bccb31de0cb028829b4c58a1999b77cf12c5a990","open_nb_incumbent","c65a4f90477e5b799e234d1a313ff333f6cce12cfc08de93e342d7718c252ff8","vector_w400_p0p010","be1392fd4b9fbfe747ea90c89a17413f72459d8ff708d6d80d1bf086973eb51e","2026-06-10","2026-11-16T19:44:59Z","elo_diff","xgf_ewma_diffmissing_or_zero_variance|xga_ewma_diffmissing_or_zero_variance|xgd_ewma_diffmissing_or_zero_variance|form_index_diff","a1e7cbf11376d16d32c5b891d5ea4256d6d464bf36142868678a073e7de9d387"
"uefa_nations_league_2026_27","uefa_nations_league_2026_27-2047908","uefa_nations_league_2026_27-2047908","uefa_nations_league_2026_27-2047908__score",5,0,2,0.0754986714703908,0.780290997278807,0.219709002721193,"phase14-open-nb-incumbent-calibrated-v1","0e89c2948c77b348c5b6d3832cf6d4e7721ca7794f8f68f857d6ae82b9fe7d50","fc9a617e48969b5d524f9994bccb31de0cb028829b4c58a1999b77cf12c5a990","open_nb_incumbent","c65a4f90477e5b799e234d1a313ff333f6cce12cfc08de93e342d7718c252ff8","vector_w400_p0p010","be1392fd4b9fbfe747ea90c89a17413f72459d8ff708d6d80d1bf086973eb51e","2026-06-10","2026-11-16T19:44:59Z","elo_diff","xgf_ewma_diffmissing_or_zero_variance|xga_ewma_diffmissing_or_zero_variance|xgd_ewma_diffmissing_or_zero_variance|form_index_diff","c12a415c84be232cd5a77cdc0d0ea4ca47fd967209bee5e673401109df4c22c5"
"uefa_nations_league_2026_27","uefa_nations_league_2026_27-2047908","uefa_nations_league_2026_27-2047908","uefa_nations_league_2026_27-2047908__score",6,1,2,0.07505886372861,0.780290997278807,0.219709002721193,"phase14-open-nb-incumbent-calibrated-v1","0e89c2948c77b348c5b6d3832cf6d4e7721ca7794f8f68f857d6ae82b9fe7d50","fc9a617e48969b5d524f9994bccb31de0cb028829b4c58a1999b77cf12c5a990","open_nb_incumbent","c65a4f90477e5b799e234d1a313ff333f6cce12cfc08de93e342d7718c252ff8","vector_w400_p0p010","be1392fd4b9fbfe747ea90c89a17413f72459d8ff708d6d80d1bf086973eb51e","2026-06-10","2026-11-16T19:44:59Z","elo_diff","xgf_ewma_diffmissing_or_zero_variance|xga_ewma_diffmissing_or_zero_variance|xgd_ewma_diffmissing_or_zero_variance|form_index_diff","e83f66115eccee79c354c8517bdfa6f7b62a6f7c52eaf07273917cde6444f1f8"
"uefa_nations_league_2026_27","uefa_nations_league_2026_27-2047908","uefa_nations_league_2026_27-2047908","uefa_nations_league_2026_27-2047908__score",7,2,1,0.0630838302910698,0.780290997278807,0.219709002721193,"phase14-open-nb-incumbent-calibrated-v1","0e89c2948c77b348c5b6d3832cf6d4e7721ca7794f8f68f857d6ae82b9fe7d50","fc9a617e48969b5d524f9994bccb31de0cb028829b4c58a1999b77cf12c5a990","open_nb_incumbent","c65a4f90477e5b799e234d1a313ff333f6cce12cfc08de93e342d7718c252ff8","vector_w400_p0p010","be1392fd4b9fbfe747ea90c89a17413f72459d8ff708d6d80d1bf086973eb51e","2026-06-10","2026-11-16T19:44:59Z","elo_diff","xgf_ewma_diffmissing_or_zero_variance|xga_ewma_diffmissing_or_zero_variance|xgd_ewma_diffmissing_or_zero_variance|form_index_diff","8d5b98a595e74d7682f896b94d2ed0c27b7d14e4fa31782f22c006f9db04a0e4"
"uefa_nations_league_2026_27","uefa_nations_league_2026_27-2047908","uefa_nations_league_2026_27-2047908","uefa_nations_league_2026_27-2047908__score",8,2,0,0.0549691073054355,0.780290997278807,0.219709002721193,"phase14-open-nb-incumbent-calibrated-v1","0e89c2948c77b348c5b6d3832cf6d4e7721ca7794f8f68f857d6ae82b9fe7d50","fc9a617e48969b5d524f9994bccb31de0cb028829b4c58a1999b77cf12c5a990","open_nb_incumbent","c65a4f90477e5b799e234d1a313ff333f6cce12cfc08de93e342d7718c252ff8","vector_w400_p0p010","be1392fd4b9fbfe747ea90c89a17413f72459d8ff708d6d80d1bf086973eb51e","2026-06-10","2026-11-16T19:44:59Z","elo_diff","xgf_ewma_diffmissing_or_zero_variance|xga_ewma_diffmissing_or_zero_variance|xgd_ewma_diffmissing_or_zero_variance|form_index_diff","26a3d50a1b27ce15bce230843893cfe51c26805102d484f057ecd514dfd87e52"
"uefa_nations_league_2026_27","uefa_nations_league_2026_27-2047908","uefa_nations_league_2026_27-2047908","uefa_nations_league_2026_27-2047908__score",9,2,2,0.0409211639184165,0.780290997278807,0.219709002721193,"phase14-open-nb-incumbent-calibrated-v1","0e89c2948c77b348c5b6d3832cf6d4e7721ca7794f8f68f857d6ae82b9fe7d50","fc9a617e48969b5d524f9994bccb31de0cb028829b4c58a1999b77cf12c5a990","open_nb_incumbent","c65a4f90477e5b799e234d1a313ff333f6cce12cfc08de93e342d7718c252ff8","vector_w400_p0p010","be1392fd4b9fbfe747ea90c89a17413f72459d8ff708d6d80d1bf086973eb51e","2026-06-10","2026-11-16T19:44:59Z","elo_diff","xgf_ewma_diffmissing_or_zero_variance|xga_ewma_diffmissing_or_zero_variance|xgd_ewma_diffmissing_or_zero_variance|form_index_diff","802921072c4d56be7aa0d69bdec26a9cf40fd4d712bbf6906eb8092ccf4433db"
"uefa_nations_league_2026_27","uefa_nations_league_2026_27-2047908","uefa_nations_league_2026_27-2047908","uefa_nations_league_2026_27-2047908__score",10,0,3,0.0364178705973355,0.780290997278807,0.219709002721193,"phase14-open-nb-incumbent-calibrated-v1","0e89c2948c77b348c5b6d3832cf6d4e7721ca7794f8f68f857d6ae82b9fe7d50","fc9a617e48969b5d524f9994bccb31de0cb028829b4c58a1999b77cf12c5a990","open_nb_incumbent","c65a4f90477e5b799e234d1a313ff333f6cce12cfc08de93e342d7718c252ff8","vector_w400_p0p010","be1392fd4b9fbfe747ea90c89a17413f72459d8ff708d6d80d1bf086973eb51e","2026-06-10","2026-11-16T19:44:59Z","elo_diff","xgf_ewma_diffmissing_or_zero_variance|xga_ewma_diffmissing_or_zero_variance|xgd_ewma_diffmissing_or_zero_variance|form_index_diff","22a0be04f3d99a7fc12452ae27aee000f7777fae7a71ca252ceb3ca095c1ae86"
"uefa_nations_league_2026_27","uefa_nations_league_2026_27-2047909","uefa_nations_league_2026_27-2047909","uefa_nations_league_2026_27-2047909__score",1,1,0,0.128155637781753,0.784150433358629,0.215849566641371,"phase14-open-nb-incumbent-calibrated-v1","0e89c2948c77b348c5b6d3832cf6d4e7721ca7794f8f68f857d6ae82b9fe7d50","fc9a617e48969b5d524f9994bccb31de0cb028829b4c58a1999b77cf12c5a990","open_nb_incumbent","c65a4f90477e5b799e234d1a313ff333f6cce12cfc08de93e342d7718c252ff8","vector_w400_p0p010","be1392fd4b9fbfe747ea90c89a17413f72459d8ff708d6d80d1bf086973eb51e","2026-06-10","2026-11-16T19:44:59Z","elo_diff","xgf_ewma_diffmissing_or_zero_variance|xga_ewma_diffmissing_or_zero_variance|xgd_ewma_diffmissing_or_zero_variance|form_index_diff","063c5668ff2233e408e48067391b7c326aa74e676b9f86a0c91c972da5e93e46"
"uefa_nations_league_2026_27","uefa_nations_league_2026_27-2047909","uefa_nations_league_2026_27-2047909","uefa_nations_league_2026_27-2047909__score",2,1,1,0.112697002311494,0.784150433358629,0.215849566641371,"phase14-open-nb-incumbent-calibrated-v1","0e89c2948c77b348c5b6d3832cf6d4e7721ca7794f8f68f857d6ae82b9fe7d50","fc9a617e48969b5d524f9994bccb31de0cb028829b4c58a1999b77cf12c5a990","open_nb_incumbent","c65a4f90477e5b799e234d1a313ff333f6cce12cfc08de93e342d7718c252ff8","vector_w400_p0p010","be1392fd4b9fbfe747ea90c89a17413f72459d8ff708d6d80d1bf086973eb51e","2026-06-10","2026-11-16T19:44:59Z","elo_diff","xgf_ewma_diffmissing_or_zero_variance|xga_ewma_diffmissing_or_zero_variance|xgd_ewma_diffmissing_or_zero_variance|form_index_diff","cebcd34a593c16673ddcc08756f09976d551b582b0f4f848d3173a9474dc11f1"
"uefa_nations_league_2026_27","uefa_nations_league_2026_27-2047909","uefa_nations_league_2026_27-2047909","uefa_nations_league_2026_27-2047909__score",3,0,0,0.0999417572346789,0.784150433358629,0.215849566641371,"phase14-open-nb-incumbent-calibrated-v1","0e89c2948c77b348c5b6d3832cf6d4e7721ca7794f8f68f857d6ae82b9fe7d50","fc9a617e48969b5d524f9994bccb31de0cb028829b4c58a1999b77cf12c5a990","open_nb_incumbent","c65a4f90477e5b799e234d1a313ff333f6cce12cfc08de93e342d7718c252ff8","vector_w400_p0p010","be1392fd4b9fbfe747ea90c89a17413f72459d8ff708d6d80d1bf086973eb51e","2026-06-10","2026-11-16T19:44:59Z","elo_diff","xgf_ewma_diffmissing_or_zero_variance|xga_ewma_diffmissing_or_zero_variance|xgd_ewma_diffmissing_or_zero_variance|form_index_diff","2a9889a6ad944be32386c9c0b1acf2d8e568cd6d9ec90f4a271f883691c813f5"
"uefa_nations_league_2026_27","uefa_nations_league_2026_27-2047909","uefa_nations_league_2026_27-2047909","uefa_nations_league_2026_27-2047909__score",4,2,0,0.0901180462170373,0.784150433358629,0.215849566641371,"phase14-open-nb-incumbent-calibrated-v1","0e89c2948c77b348c5b6d3832cf6d4e7721ca7794f8f68f857d6ae82b9fe7d50","fc9a617e48969b5d524f9994bccb31de0cb028829b4c58a1999b77cf12c5a990","open_nb_incumbent","c65a4f90477e5b799e234d1a313ff333f6cce12cfc08de93e342d7718c252ff8","vector_w400_p0p010","be1392fd4b9fbfe747ea90c89a17413f72459d8ff708d6d80d1bf086973eb51e","2026-06-10","2026-11-16T19:44:59Z","elo_diff","xgf_ewma_diffmissing_or_zero_variance|xga_ewma_diffmissing_or_zero_variance|xgd_ewma_diffmissing_or_zero_variance|form_index_diff","d0ca9bd9852792e1450d8ad854f1f80404717111d7ae866571fb32dfba5965c9"
"uefa_nations_league_2026_27","uefa_nations_league_2026_27-2047909","uefa_nations_league_2026_27-2047909","uefa_nations_league_2026_27-2047909__score",5,0,1,0.0878863906500339,0.784150433358629,0.215849566641371,"phase14-open-nb-incumbent-calibrated-v1","0e89c2948c77b348c5b6d3832cf6d4e7721ca7794f8f68f857d6ae82b9fe7d50","fc9a617e48969b5d524f9994bccb31de0cb028829b4c58a1999b77cf12c5a990","open_nb_incumbent","c65a4f90477e5b799e234d1a313ff333f6cce12cfc08de93e342d7718c252ff8","vector_w400_p0p010","be1392fd4b9fbfe747ea90c89a17413f72459d8ff708d6d80d1bf086973eb51e","2026-06-10","2026-11-16T19:44:59Z","elo_diff","xgf_ewma_diffmissing_or_zero_variance|xga_ewma_diffmissing_or_zero_variance|xgd_ewma_diffmissing_or_zero_variance|form_index_diff","aa9ec3591dbc516c77fade9d6af45cc29f6f5f607fac29764e158d69d77e1afc"
"uefa_nations_league_2026_27","uefa_nations_league_2026_27-2047909","uefa_nations_league_2026_27-2047909","uefa_nations_league_2026_27-2047909__score",6,2,1,0.079247654169724,0.784150433358629,0.215849566641371,"phase14-open-nb-incumbent-calibrated-v1","0e89c2948c77b348c5b6d3832cf6d4e7721ca7794f8f68f857d6ae82b9fe7d50","fc9a617e48969b5d524f9994bccb31de0cb028829b4c58a1999b77cf12c5a990","open_nb_incumbent","c65a4f90477e5b799e234d1a313ff333f6cce12cfc08de93e342d7718c252ff8","vector_w400_p0p010","be1392fd4b9fbfe747ea90c89a17413f72459d8ff708d6d80d1bf086973eb51e","2026-06-10","2026-11-16T19:44:59Z","elo_diff","xgf_ewma_diffmissing_or_zero_variance|xga_ewma_diffmissing_or_zero_variance|xgd_ewma_diffmissing_or_zero_variance|form_index_diff","1b5d7023dec4876176065f55fd462497469da746f191d274c2ce4b6d8a357c44"
"uefa_nations_league_2026_27","uefa_nations_league_2026_27-2047909","uefa_nations_league_2026_27-2047909","uefa_nations_league_2026_27-2047909__score",7,1,2,0.0560167056783894,0.784150433358629,0.215849566641371,"phase14-open-nb-incumbent-calibrated-v1","0e89c2948c77b348c5b6d3832cf6d4e7721ca7794f8f68f857d6ae82b9fe7d50","fc9a617e48969b5d524f9994bccb31de0cb028829b4c58a1999b77cf12c5a990","open_nb_incumbent","c65a4f90477e5b799e234d1a313ff333f6cce12cfc08de93e342d7718c252ff8","vector_w400_p0p010","be1392fd4b9fbfe747ea90c89a17413f72459d8ff708d6d80d1bf086973eb51e","2026-06-10","2026-11-16T19:44:59Z","elo_diff","xgf_ewma_diffmissing_or_zero_variance|xga_ewma_diffmissing_or_zero_variance|xgd_ewma_diffmissing_or_zero_variance|form_index_diff","9622b66d3ea0fe0c7f88f191a4fcefbf1624b3835ba68e59eecc69cf5aa3a3e6"
"uefa_nations_league_2026_27","uefa_nations_league_2026_27-2047909","uefa_nations_league_2026_27-2047909","uefa_nations_league_2026_27-2047909__score",8,3,0,0.0459741903491889,0.784150433358629,0.215849566641371,"phase14-open-nb-incumbent-calibrated-v1","0e89c2948c77b348c5b6d3832cf6d4e7721ca7794f8f68f857d6ae82b9fe7d50","fc9a617e48969b5d524f9994bccb31de0cb028829b4c58a1999b77cf12c5a990","open_nb_incumbent","c65a4f90477e5b799e234d1a313ff333f6cce12cfc08de93e342d7718c252ff8","vector_w400_p0p010","be1392fd4b9fbfe747ea90c89a17413f72459d8ff708d6d80d1bf086973eb51e","2026-06-10","2026-11-16T19:44:59Z","elo_diff","xgf_ewma_diffmissing_or_zero_variance|xga_ewma_diffmissing_or_zero_variance|xgd_ewma_diffmissing_or_zero_variance|form_index_diff","876eb0172183295614bd92f8c2a51a103b5996ad1fbd5707dce245ced234b321"
"uefa_nations_league_2026_27","uefa_nations_league_2026_27-2047909","uefa_nations_league_2026_27-2047909","uefa_nations_league_2026_27-2047909__score",9,0,2,0.0436844457013279,0.784150433358629,0.215849566641371,"phase14-open-nb-incumbent-calibrated-v1","0e89c2948c77b348c5b6d3832cf6d4e7721ca7794f8f68f857d6ae82b9fe7d50","fc9a617e48969b5d524f9994bccb31de0cb028829b4c58a1999b77cf12c5a990","open_nb_incumbent","c65a4f90477e5b799e234d1a313ff333f6cce12cfc08de93e342d7718c252ff8","vector_w400_p0p010","be1392fd4b9fbfe747ea90c89a17413f72459d8ff708d6d80d1bf086973eb51e","2026-06-10","2026-11-16T19:44:59Z","elo_diff","xgf_ewma_diffmissing_or_zero_variance|xga_ewma_diffmissing_or_zero_variance|xgd_ewma_diffmissing_or_zero_variance|form_index_diff","c1b7a0f5c2638ff5c230f213494baada9a6f77e9a19826c088ede51dcd18f436"
"uefa_nations_league_2026_27","uefa_nations_league_2026_27-2047909","uefa_nations_league_2026_27-2047909","uefa_nations_league_2026_27-2047909__score",10,3,1,0.0404286032650006,0.784150433358629,0.215849566641371,"phase14-open-nb-incumbent-calibrated-v1","0e89c2948c77b348c5b6d3832cf6d4e7721ca7794f8f68f857d6ae82b9fe7d50","fc9a617e48969b5d524f9994bccb31de0cb028829b4c58a1999b77cf12c5a990","open_nb_incumbent","c65a4f90477e5b799e234d1a313ff333f6cce12cfc08de93e342d7718c252ff8","vector_w400_p0p010","be1392fd4b9fbfe747ea90c89a17413f72459d8ff708d6d80d1bf086973eb51e","2026-06-10","2026-11-16T19:44:59Z","elo_diff","xgf_ewma_diffmissing_or_zero_variance|xga_ewma_diffmissing_or_zero_variance|xgd_ewma_diffmissing_or_zero_variance|form_index_diff","71bb5cd5307550a795b644c21ab76a0125adae7d3face361fca2766ab8657052"
"uefa_nations_league_2026_27","uefa_nations_league_2026_27-2047910","uefa_nations_league_2026_27-2047910","uefa_nations_league_2026_27-2047910__score",1,1,0,0.133816470803668,0.785612005417371,0.214387994582629,"phase14-open-nb-incumbent-calibrated-v1","0e89c2948c77b348c5b6d3832cf6d4e7721ca7794f8f68f857d6ae82b9fe7d50","fc9a617e48969b5d524f9994bccb31de0cb028829b4c58a1999b77cf12c5a990","open_nb_incumbent","c65a4f90477e5b799e234d1a313ff333f6cce12cfc08de93e342d7718c252ff8","vector_w400_p0p010","be1392fd4b9fbfe747ea90c89a17413f72459d8ff708d6d80d1bf086973eb51e","2026-06-10","2026-11-16T14:59:59Z","elo_diff","xgf_ewma_diffmissing_or_zero_variance|xga_ewma_diffmissing_or_zero_variance|xgd_ewma_diffmissing_or_zero_variance|form_index_diff","de9afb0c112b85378a2f17a62959ad5c18edacd69c7947e23d8fd9dfac786685"
"uefa_nations_league_2026_27","uefa_nations_league_2026_27-2047910","uefa_nations_league_2026_27-2047910","uefa_nations_league_2026_27-2047910__score",2,1,1,0.106886301994381,0.785612005417371,0.214387994582629,"phase14-open-nb-incumbent-calibrated-v1","0e89c2948c77b348c5b6d3832cf6d4e7721ca7794f8f68f857d6ae82b9fe7d50","fc9a617e48969b5d524f9994bccb31de0cb028829b4c58a1999b77cf12c5a990","open_nb_incumbent","c65a4f90477e5b799e234d1a313ff333f6cce12cfc08de93e342d7718c252ff8","vector_w400_p0p010","be1392fd4b9fbfe747ea90c89a17413f72459d8ff708d6d80d1bf086973eb51e","2026-06-10","2026-11-16T14:59:59Z","elo_diff","xgf_ewma_diffmissing_or_zero_variance|xga_ewma_diffmissing_or_zero_variance|xgd_ewma_diffmissing_or_zero_variance|form_index_diff","2818833ab46964b3329025a969d2ff770d6717b4b0cdd4ccba2efde31d47ea9e"
"uefa_nations_league_2026_27","uefa_nations_league_2026_27-2047910","uefa_nations_league_2026_27-2047910","uefa_nations_league_2026_27-2047910__score",3,2,0,0.102714922528655,0.785612005417371,0.214387994582629,"phase14-open-nb-incumbent-calibrated-v1","0e89c2948c77b348c5b6d3832cf6d4e7721ca7794f8f68f857d6ae82b9fe7d50","fc9a617e48969b5d524f9994bccb31de0cb028829b4c58a1999b77cf12c5a990","open_nb_incumbent","c65a4f90477e5b799e234d1a313ff333f6cce12cfc08de93e342d7718c252ff8","vector_w400_p0p010","be1392fd4b9fbfe747ea90c89a17413f72459d8ff708d6d80d1bf086973eb51e","2026-06-10","2026-11-16T14:59:59Z","elo_diff","xgf_ewma_diffmissing_or_zero_variance|xga_ewma_diffmissing_or_zero_variance|xgd_ewma_diffmissing_or_zero_variance|form_index_diff","2e9592c0323fc4bb41374bffd3825e23bf5d0949302f2c514ea368a89b5ca607"
"uefa_nations_league_2026_27","uefa_nations_league_2026_27-2047910","uefa_nations_league_2026_27-2047910","uefa_nations_league_2026_27-2047910__score",4,0,0,0.0956024268657923,0.785612005417371,0.214387994582629,"phase14-open-nb-incumbent-calibrated-v1","0e89c2948c77b348c5b6d3832cf6d4e7721ca7794f8f68f857d6ae82b9fe7d50","fc9a617e48969b5d524f9994bccb31de0cb028829b4c58a1999b77cf12c5a990","open_nb_incumbent","c65a4f90477e5b799e234d1a313ff333f6cce12cfc08de93e342d7718c252ff8","vector_w400_p0p010","be1392fd4b9fbfe747ea90c89a17413f72459d8ff708d6d80d1bf086973eb51e","2026-06-10","2026-11-16T14:59:59Z","elo_diff","xgf_ewma_diffmissing_or_zero_variance|xga_ewma_diffmissing_or_zero_variance|xgd_ewma_diffmissing_or_zero_variance|form_index_diff","fe1ac6ec5935073dfd5b456801714ec72ff6b4ed372f3cc87d1edd5fb4c064f5"
"uefa_nations_league_2026_27","uefa_nations_league_2026_27-2047910","uefa_nations_league_2026_27-2047910","uefa_nations_league_2026_27-2047910__score",5,2,1,0.0820438482855756,0.785612005417371,0.214387994582629,"phase14-open-nb-incumbent-calibrated-v1","0e89c2948c77b348c5b6d3832cf6d4e7721ca7794f8f68f857d6ae82b9fe7d50","fc9a617e48969b5d524f9994bccb31de0cb028829b4c58a1999b77cf12c5a990","open_nb_incumbent","c65a4f90477e5b799e234d1a313ff333f6cce12cfc08de93e342d7718c252ff8","vector_w400_p0p010","be1392fd4b9fbfe747ea90c89a17413f72459d8ff708d6d80d1bf086973eb51e","2026-06-10","2026-11-16T14:59:59Z","elo_diff","xgf_ewma_diffmissing_or_zero_variance|xga_ewma_diffmissing_or_zero_variance|xgd_ewma_diffmissing_or_zero_variance|form_index_diff","e3f2c001b21f0af9dfec7575edaf53e64147470845d265e83bed209f7c6db5da"
"uefa_nations_league_2026_27","uefa_nations_league_2026_27-2047910","uefa_nations_league_2026_27-2047910","uefa_nations_league_2026_27-2047910__score",6,0,1,0.076362721330211,0.785612005417371,0.214387994582629,"phase14-open-nb-incumbent-calibrated-v1","0e89c2948c77b348c5b6d3832cf6d4e7721ca7794f8f68f857d6ae82b9fe7d50","fc9a617e48969b5d524f9994bccb31de0cb028829b4c58a1999b77cf12c5a990","open_nb_incumbent","c65a4f90477e5b799e234d1a313ff333f6cce12cfc08de93e342d7718c252ff8","vector_w400_p0p010","be1392fd4b9fbfe747ea90c89a17413f72459d8ff708d6d80d1bf086973eb51e","2026-06-10","2026-11-16T14:59:59Z","elo_diff","xgf_ewma_diffmissing_or_zero_variance|xga_ewma_diffmissing_or_zero_variance|xgd_ewma_diffmissing_or_zero_variance|form_index_diff","28b7162c1b6ec98e003869b6f6ace27fd74f6ad282619d8a745f2eefdfe8f187"
"uefa_nations_league_2026_27","uefa_nations_league_2026_27-2047910","uefa_nations_league_2026_27-2047910","uefa_nations_league_2026_27-2047910__score",7,3,0,0.0571986508041212,0.785612005417371,0.214387994582629,"phase14-open-nb-incumbent-calibrated-v1","0e89c2948c77b348c5b6d3832cf6d4e7721ca7794f8f68f857d6ae82b9fe7d50","fc9a617e48969b5d524f9994bccb31de0cb028829b4c58a1999b77cf12c5a990","open_nb_incumbent","c65a4f90477e5b799e234d1a313ff333f6cce12cfc08de93e342d7718c252ff8","vector_w400_p0p010","be1392fd4b9fbfe747ea90c89a17413f72459d8ff708d6d80d1bf086973eb51e","2026-06-10","2026-11-16T14:59:59Z","elo_diff","xgf_ewma_diffmissing_or_zero_variance|xga_ewma_diffmissing_or_zero_variance|xgd_ewma_diffmissing_or_zero_variance|form_index_diff","521c631949d70a9c929d137b27182f2be103eed6f45b7858757ad2b95026e8b4"
"uefa_nations_league_2026_27","uefa_nations_league_2026_27-2047910","uefa_nations_league_2026_27-2047910","uefa_nations_league_2026_27-2047910__score",8,1,2,0.0482575294322695,0.785612005417371,0.214387994582629,"phase14-open-nb-incumbent-calibrated-v1","0e89c2948c77b348c5b6d3832cf6d4e7721ca7794f8f68f857d6ae82b9fe7d50","fc9a617e48969b5d524f9994bccb31de0cb028829b4c58a1999b77cf12c5a990","open_nb_incumbent","c65a4f90477e5b799e234d1a313ff333f6cce12cfc08de93e342d7718c252ff8","vector_w400_p0p010","be1392fd4b9fbfe747ea90c89a17413f72459d8ff708d6d80d1bf086973eb51e","2026-06-10","2026-11-16T14:59:59Z","elo_diff","xgf_ewma_diffmissing_or_zero_variance|xga_ewma_diffmissing_or_zero_variance|xgd_ewma_diffmissing_or_zero_variance|form_index_diff","542e57c4fe229562249af804adf9cff6e742f896533d9ae6e27797ebf186c6d8"
"uefa_nations_league_2026_27","uefa_nations_league_2026_27-2047910","uefa_nations_league_2026_27-2047910","uefa_nations_league_2026_27-2047910__score",9,3,1,0.0456875915707745,0.785612005417371,0.214387994582629,"phase14-open-nb-incumbent-calibrated-v1","0e89c2948c77b348c5b6d3832cf6d4e7721ca7794f8f68f857d6ae82b9fe7d50","fc9a617e48969b5d524f9994bccb31de0cb028829b4c58a1999b77cf12c5a990","open_nb_incumbent","c65a4f90477e5b799e234d1a313ff333f6cce12cfc08de93e342d7718c252ff8","vector_w400_p0p010","be1392fd4b9fbfe747ea90c89a17413f72459d8ff708d6d80d1bf086973eb51e","2026-06-10","2026-11-16T14:59:59Z","elo_diff","xgf_ewma_diffmissing_or_zero_variance|xga_ewma_diffmissing_or_zero_variance|xgd_ewma_diffmissing_or_zero_variance|form_index_diff","28a2c0773f327a2093fc96d34a08bd7dc666366be9548e774ddcf0ef138b539d"
"uefa_nations_league_2026_27","uefa_nations_league_2026_27-2047910","uefa_nations_league_2026_27-2047910","uefa_nations_league_2026_27-2047910__score",10,2,2,0.0370415418019229,0.785612005417371,0.214387994582629,"phase14-open-nb-incumbent-calibrated-v1","0e89c2948c77b348c5b6d3832cf6d4e7721ca7794f8f68f857d6ae82b9fe7d50","fc9a617e48969b5d524f9994bccb31de0cb028829b4c58a1999b77cf12c5a990","open_nb_incumbent","c65a4f90477e5b799e234d1a313ff333f6cce12cfc08de93e342d7718c252ff8","vector_w400_p0p010","be1392fd4b9fbfe747ea90c89a17413f72459d8ff708d6d80d1bf086973eb51e","2026-06-10","2026-11-16T14:59:59Z","elo_diff","xgf_ewma_diffmissing_or_zero_variance|xga_ewma_diffmissing_or_zero_variance|xgd_ewma_diffmissing_or_zero_variance|form_index_diff","e5da84bb43a931d7e3c0c4ed86a28e4d6eb137b7ea97d7aa895d5f06d3d07c48"
"uefa_nations_league_2026_27","uefa_nations_league_2026_27-2047911","uefa_nations_league_2026_27-2047911","uefa_nations_league_2026_27-2047911__score",1,2,0,0.138456178936695,0.780530098539423,0.219469901460577,"phase14-open-nb-incumbent-calibrated-v1","0e89c2948c77b348c5b6d3832cf6d4e7721ca7794f8f68f857d6ae82b9fe7d50","fc9a617e48969b5d524f9994bccb31de0cb028829b4c58a1999b77cf12c5a990","open_nb_incumbent","c65a4f90477e5b799e234d1a313ff333f6cce12cfc08de93e342d7718c252ff8","vector_w400_p0p010","be1392fd4b9fbfe747ea90c89a17413f72459d8ff708d6d80d1bf086973eb51e","2026-06-10","2026-11-16T16:59:59Z","elo_diff","xgf_ewma_diffmissing_or_zero_variance|xga_ewma_diffmissing_or_zero_variance|xgd_ewma_diffmissing_or_zero_variance|form_index_diff","5e36fd6ef5c9ef33d10e245bbe05ef3d6341f5621a7baba461b861fd938b23da"
"uefa_nations_league_2026_27","uefa_nations_league_2026_27-2047911","uefa_nations_league_2026_27-2047911","uefa_nations_league_2026_27-2047911__score",2,1,0,0.122743878488735,0.780530098539423,0.219469901460577,"phase14-open-nb-incumbent-calibrated-v1","0e89c2948c77b348c5b6d3832cf6d4e7721ca7794f8f68f857d6ae82b9fe7d50","fc9a617e48969b5d524f9994bccb31de0cb028829b4c58a1999b77cf12c5a990","open_nb_incumbent","c65a4f90477e5b799e234d1a313ff333f6cce12cfc08de93e342d7718c252ff8","vector_w400_p0p010","be1392fd4b9fbfe747ea90c89a17413f72459d8ff708d6d80d1bf086973eb51e","2026-06-10","2026-11-16T16:59:59Z","elo_diff","xgf_ewma_diffmissing_or_zero_variance|xga_ewma_diffmissing_or_zero_variance|xgd_ewma_diffmissing_or_zero_variance|form_index_diff","71e3125b01d0eca81142e7720833a4986b01011660ca50900a18bc0ca90923fc"
"uefa_nations_league_2026_27","uefa_nations_league_2026_27-2047911","uefa_nations_league_2026_27-2047911","uefa_nations_league_2026_27-2047911__score",3,3,0,0.113306053363091,0.780530098539423,0.219469901460577,"phase14-open-nb-incumbent-calibrated-v1","0e89c2948c77b348c5b6d3832cf6d4e7721ca7794f8f68f857d6ae82b9fe7d50","fc9a617e48969b5d524f9994bccb31de0cb028829b4c58a1999b77cf12c5a990","open_nb_incumbent","c65a4f90477e5b799e234d1a313ff333f6cce12cfc08de93e342d7718c252ff8","vector_w400_p0p010","be1392fd4b9fbfe747ea90c89a17413f72459d8ff708d6d80d1bf086973eb51e","2026-06-10","2026-11-16T16:59:59Z","elo_diff","xgf_ewma_diffmissing_or_zero_variance|xga_ewma_diffmissing_or_zero_variance|xgd_ewma_diffmissing_or_zero_variance|form_index_diff","2ef5c2b78345ebcd40b14b75ad0eeb31bf4d5c9a1279093e32477ad4f5321fe1"
"uefa_nations_league_2026_27","uefa_nations_league_2026_27-2047911","uefa_nations_league_2026_27-2047911","uefa_nations_league_2026_27-2047911__score",4,4,0,0.0751814380226425,0.780530098539423,0.219469901460577,"phase14-open-nb-incumbent-calibrated-v1","0e89c2948c77b348c5b6d3832cf6d4e7721ca7794f8f68f857d6ae82b9fe7d50","fc9a617e48969b5d524f9994bccb31de0cb028829b4c58a1999b77cf12c5a990","open_nb_incumbent","c65a4f90477e5b799e234d1a313ff333f6cce12cfc08de93e342d7718c252ff8","vector_w400_p0p010","be1392fd4b9fbfe747ea90c89a17413f72459d8ff708d6d80d1bf086973eb51e","2026-06-10","2026-11-16T16:59:59Z","elo_diff","xgf_ewma_diffmissing_or_zero_variance|xga_ewma_diffmissing_or_zero_variance|xgd_ewma_diffmissing_or_zero_variance|form_index_diff","b566968a5d2694b050501850b42e033f3066826d703ef96691715ab8e030a060"
"uefa_nations_league_2026_27","uefa_nations_league_2026_27-2047911","uefa_nations_league_2026_27-2047911","uefa_nations_league_2026_27-2047911__score",5,2,1,0.070282960876734,0.780530098539423,0.219469901460577,"phase14-open-nb-incumbent-calibrated-v1","0e89c2948c77b348c5b6d3832cf6d4e7721ca7794f8f68f857d6ae82b9fe7d50","fc9a617e48969b5d524f9994bccb31de0cb028829b4c58a1999b77cf12c5a990","open_nb_incumbent","c65a4f90477e5b799e234d1a313ff333f6cce12cfc08de93e342d7718c252ff8","vector_w400_p0p010","be1392fd4b9fbfe747ea90c89a17413f72459d8ff708d6d80d1bf086973eb51e","2026-06-10","2026-11-16T16:59:59Z","elo_diff","xgf_ewma_diffmissing_or_zero_variance|xga_ewma_diffmissing_or_zero_variance|xgd_ewma_diffmissing_or_zero_variance|form_index_diff","95ce96be99b86cb5416e177c6f3e6f2f3981a352c5a4435d08590a8809e63b0a"
"uefa_nations_league_2026_27","uefa_nations_league_2026_27-2047911","uefa_nations_league_2026_27-2047911","uefa_nations_league_2026_27-2047911__score",6,1,1,0.062307101611021,0.780530098539423,0.219469901460577,"phase14-open-nb-incumbent-calibrated-v1","0e89c2948c77b348c5b6d3832cf6d4e7721ca7794f8f68f857d6ae82b9fe7d50","fc9a617e48969b5d524f9994bccb31de0cb028829b4c58a1999b77cf12c5a990","open_nb_incumbent","c65a4f90477e5b799e234d1a313ff333f6cce12cfc08de93e342d7718c252ff8","vector_w400_p0p010","be1392fd4b9fbfe747ea90c89a17413f72459d8ff708d6d80d1bf086973eb51e","2026-06-10","2026-11-16T16:59:59Z","elo_diff","xgf_ewma_diffmissing_or_zero_variance|xga_ewma_diffmissing_or_zero_variance|xgd_ewma_diffmissing_or_zero_variance|form_index_diff","522d87d39e9e93431e17297ac1b473a158da94929e061b1866e9b7e594668850"
"uefa_nations_league_2026_27","uefa_nations_league_2026_27-2047911","uefa_nations_league_2026_27-2047911","uefa_nations_league_2026_27-2047911__score",7,0,0,0.059672008831655,0.780530098539423,0.219469901460577,"phase14-open-nb-incumbent-calibrated-v1","0e89c2948c77b348c5b6d3832cf6d4e7721ca7794f8f68f857d6ae82b9fe7d50","fc9a617e48969b5d524f9994bccb31de0cb028829b4c58a1999b77cf12c5a990","open_nb_incumbent","c65a4f90477e5b799e234d1a313ff333f6cce12cfc08de93e342d7718c252ff8","vector_w400_p0p010","be1392fd4b9fbfe747ea90c89a17413f72459d8ff708d6d80d1bf086973eb51e","2026-06-10","2026-11-16T16:59:59Z","elo_diff","xgf_ewma_diffmissing_or_zero_variance|xga_ewma_diffmissing_or_zero_variance|xgd_ewma_diffmissing_or_zero_variance|form_index_diff","1991285f09ab2622c8fcbb20b61e06066cf3ebf795546524ab4a49780945c6d0"
"uefa_nations_league_2026_27","uefa_nations_league_2026_27-2047911","uefa_nations_league_2026_27-2047911","uefa_nations_league_2026_27-2047911__score",8,3,1,0.0575162840457723,0.780530098539423,0.219469901460577,"phase14-open-nb-incumbent-calibrated-v1","0e89c2948c77b348c5b6d3832cf6d4e7721ca7794f8f68f857d6ae82b9fe7d50","fc9a617e48969b5d524f9994bccb31de0cb028829b4c58a1999b77cf12c5a990","open_nb_incumbent","c65a4f90477e5b799e234d1a313ff333f6cce12cfc08de93e342d7718c252ff8","vector_w400_p0p010","be1392fd4b9fbfe747ea90c89a17413f72459d8ff708d6d80d1bf086973eb51e","2026-06-10","2026-11-16T16:59:59Z","elo_diff","xgf_ewma_diffmissing_or_zero_variance|xga_ewma_diffmissing_or_zero_variance|xgd_ewma_diffmissing_or_zero_variance|form_index_diff","b938fcad97104d835deae1f7931994a83a8926a29cefb0ec27df41bea715ecfc"
"uefa_nations_league_2026_27","uefa_nations_league_2026_27-2047911","uefa_nations_league_2026_27-2047911","uefa_nations_league_2026_27-2047911__score",9,5,0,0.0429006822122903,0.780530098539423,0.219469901460577,"phase14-open-nb-incumbent-calibrated-v1","0e89c2948c77b348c5b6d3832cf6d4e7721ca7794f8f68f857d6ae82b9fe7d50","fc9a617e48969b5d524f9994bccb31de0cb028829b4c58a1999b77cf12c5a990","open_nb_incumbent","c65a4f90477e5b799e234d1a313ff333f6cce12cfc08de93e342d7718c252ff8","vector_w400_p0p010","be1392fd4b9fbfe747ea90c89a17413f72459d8ff708d6d80d1bf086973eb51e","2026-06-10","2026-11-16T16:59:59Z","elo_diff","xgf_ewma_diffmissing_or_zero_variance|xga_ewma_diffmissing_or_zero_variance|xgd_ewma_diffmissing_or_zero_variance|form_index_diff","eb6f293189f4d220704742cceb8173e64beb2c8b57d06bc21315ed9a4189b5ef"
"uefa_nations_league_2026_27","uefa_nations_league_2026_27-2047911","uefa_nations_league_2026_27-2047911","uefa_nations_league_2026_27-2047911__score",10,4,1,0.0381635121507861,0.780530098539423,0.219469901460577,"phase14-open-nb-incumbent-calibrated-v1","0e89c2948c77b348c5b6d3832cf6d4e7721ca7794f8f68f857d6ae82b9fe7d50","fc9a617e48969b5d524f9994bccb31de0cb028829b4c58a1999b77cf12c5a990","open_nb_incumbent","c65a4f90477e5b799e234d1a313ff333f6cce12cfc08de93e342d7718c252ff8","vector_w400_p0p010","be1392fd4b9fbfe747ea90c89a17413f72459d8ff708d6d80d1bf086973eb51e","2026-06-10","2026-11-16T16:59:59Z","elo_diff","xgf_ewma_diffmissing_or_zero_variance|xga_ewma_diffmissing_or_zero_variance|xgd_ewma_diffmissing_or_zero_variance|form_index_diff","6de4c08c91f90619807ff735d9caa302b3e82fe40b55cbfba86cc7673d4bdde6"
"uefa_nations_league_2026_27","uefa_nations_league_2026_27-2047912","uefa_nations_league_2026_27-2047912","uefa_nations_league_2026_27-2047912__score",1,1,0,0.122506295211083,0.784651331863289,0.215348668136711,"phase14-open-nb-incumbent-calibrated-v1","0e89c2948c77b348c5b6d3832cf6d4e7721ca7794f8f68f857d6ae82b9fe7d50","fc9a617e48969b5d524f9994bccb31de0cb028829b4c58a1999b77cf12c5a990","open_nb_incumbent","c65a4f90477e5b799e234d1a313ff333f6cce12cfc08de93e342d7718c252ff8","vector_w400_p0p010","be1392fd4b9fbfe747ea90c89a17413f72459d8ff708d6d80d1bf086973eb51e","2026-06-10","2026-11-16T19:44:59Z","elo_diff","xgf_ewma_diffmissing_or_zero_variance|xga_ewma_diffmissing_or_zero_variance|xgd_ewma_diffmissing_or_zero_variance|form_index_diff","0dc42c79d5644126d49d4a1356d19738fc823d0694236bf141191c790d4336c0"
"uefa_nations_league_2026_27","uefa_nations_league_2026_27-2047912","uefa_nations_league_2026_27-2047912","uefa_nations_league_2026_27-2047912__score",2,1,1,0.115461923575343,0.784651331863289,0.215348668136711,"phase14-open-nb-incumbent-calibrated-v1","0e89c2948c77b348c5b6d3832cf6d4e7721ca7794f8f68f857d6ae82b9fe7d50","fc9a617e48969b5d524f9994bccb31de0cb028829b4c58a1999b77cf12c5a990","open_nb_incumbent","c65a4f90477e5b799e234d1a313ff333f6cce12cfc08de93e342d7718c252ff8","vector_w400_p0p010","be1392fd4b9fbfe747ea90c89a17413f72459d8ff708d6d80d1bf086973eb51e","2026-06-10","2026-11-16T19:44:59Z","elo_diff","xgf_ewma_diffmissing_or_zero_variance|xga_ewma_diffmissing_or_zero_variance|xgd_ewma_diffmissing_or_zero_variance|form_index_diff","9bad98a8252f3b7b72c683f1d3bcedc6f33b0118a725153392756e680b6e716a"
"uefa_nations_league_2026_27","uefa_nations_league_2026_27-2047912","uefa_nations_league_2026_27-2047912","uefa_nations_league_2026_27-2047912__score",3,0,0,0.101904550505328,0.784651331863289,0.215348668136711,"phase14-open-nb-incumbent-calibrated-v1","0e89c2948c77b348c5b6d3832cf6d4e7721ca7794f8f68f857d6ae82b9fe7d50","fc9a617e48969b5d524f9994bccb31de0cb028829b4c58a1999b77cf12c5a990","open_nb_incumbent","c65a4f90477e5b799e234d1a313ff333f6cce12cfc08de93e342d7718c252ff8","vector_w400_p0p010","be1392fd4b9fbfe747ea90c89a17413f72459d8ff708d6d80d1bf086973eb51e","2026-06-10","2026-11-16T19:44:59Z","elo_diff","xgf_ewma_diffmissing_or_zero_variance|xga_ewma_diffmissing_or_zero_variance|xgd_ewma_diffmissing_or_zero_variance|form_index_diff","f75ba4c25280297ee00767e0fbd2c536d058ed63f72723c99c6a92a6270408f5"
"uefa_nations_league_2026_27","uefa_nations_league_2026_27-2047912","uefa_nations_league_2026_27-2047912","uefa_nations_league_2026_27-2047912__score",4,0,1,0.096044822857082,0.784651331863289,0.215348668136711,"phase14-open-nb-incumbent-calibrated-v1","0e89c2948c77b348c5b6d3832cf6d4e7721ca7794f8f68f857d6ae82b9fe7d50","fc9a617e48969b5d524f9994bccb31de0cb028829b4c58a1999b77cf12c5a990","open_nb_incumbent","c65a4f90477e5b799e234d1a313ff333f6cce12cfc08de93e342d7718c252ff8","vector_w400_p0p010","be1392fd4b9fbfe747ea90c89a17413f72459d8ff708d6d80d1bf086973eb51e","2026-06-10","2026-11-16T19:44:59Z","elo_diff","xgf_ewma_diffmissing_or_zero_variance|xga_ewma_diffmissing_or_zero_variance|xgd_ewma_diffmissing_or_zero_variance|form_index_diff","953e366e9aef3a27c3eb0137c26f6e1451afe2b13d15d1232c2d08d24b9864fb"
"uefa_nations_league_2026_27","uefa_nations_league_2026_27-2047912","uefa_nations_league_2026_27-2047912","uefa_nations_league_2026_27-2047912__score",5,2,0,0.0807619043682805,0.784651331863289,0.215348668136711,"phase14-open-nb-incumbent-calibrated-v1","0e89c2948c77b348c5b6d3832cf6d4e7721ca7794f8f68f857d6ae82b9fe7d50","fc9a617e48969b5d524f9994bccb31de0cb028829b4c58a1999b77cf12c5a990","open_nb_incumbent","c65a4f90477e5b799e234d1a313ff333f6cce12cfc08de93e342d7718c252ff8","vector_w400_p0p010","be1392fd4b9fbfe747ea90c89a17413f72459d8ff708d6d80d1bf086973eb51e","2026-06-10","2026-11-16T19:44:59Z","elo_diff","xgf_ewma_diffmissing_or_zero_variance|xga_ewma_diffmissing_or_zero_variance|xgd_ewma_diffmissing_or_zero_variance|form_index_diff","778d3e33fd644782e38273113a86286d577df4ee80c79a1ad23cfc8694bd40f4"
"uefa_nations_league_2026_27","uefa_nations_league_2026_27-2047912","uefa_nations_league_2026_27-2047912","uefa_nations_league_2026_27-2047912__score",6,2,1,0.0761179236863083,0.784651331863289,0.215348668136711,"phase14-open-nb-incumbent-calibrated-v1","0e89c2948c77b348c5b6d3832cf6d4e7721ca7794f8f68f857d6ae82b9fe7d50","fc9a617e48969b5d524f9994bccb31de0cb028829b4c58a1999b77cf12c5a990","open_nb_incumbent","c65a4f90477e5b799e234d1a313ff333f6cce12cfc08de93e342d7718c252ff8","vector_w400_p0p010","be1392fd4b9fbfe747ea90c89a17413f72459d8ff708d6d80d1bf086973eb51e","2026-06-10","2026-11-16T19:44:59Z","elo_diff","xgf_ewma_diffmissing_or_zero_variance|xga_ewma_diffmissing_or_zero_variance|xgd_ewma_diffmissing_or_zero_variance|form_index_diff","ddbaf70cba6500f34828b4b89b9b884cdff0c418434d0a11c9ddddf5776d7c4f"
"uefa_nations_league_2026_27","uefa_nations_league_2026_27-2047912","uefa_nations_league_2026_27-2047912","uefa_nations_league_2026_27-2047912__score",7,1,2,0.0615105659869781,0.784651331863289,0.215348668136711,"phase14-open-nb-incumbent-calibrated-v1","0e89c2948c77b348c5b6d3832cf6d4e7721ca7794f8f68f857d6ae82b9fe7d50","fc9a617e48969b5d524f9994bccb31de0cb028829b4c58a1999b77cf12c5a990","open_nb_incumbent","c65a4f90477e5b799e234d1a313ff333f6cce12cfc08de93e342d7718c252ff8","vector_w400_p0p010","be1392fd4b9fbfe747ea90c89a17413f72459d8ff708d6d80d1bf086973eb51e","2026-06-10","2026-11-16T19:44:59Z","elo_diff","xgf_ewma_diffmissing_or_zero_variance|xga_ewma_diffmissing_or_zero_variance|xgd_ewma_diffmissing_or_zero_variance|form_index_diff","7611ead5d2dccaf63e2a2a1098c194b3cb9dc51a864d228753a2fe71700ccd79"
"uefa_nations_league_2026_27","uefa_nations_league_2026_27-2047912","uefa_nations_league_2026_27-2047912","uefa_nations_league_2026_27-2047912__score",8,0,2,0.0511664038768863,0.784651331863289,0.215348668136711,"phase14-open-nb-incumbent-calibrated-v1","0e89c2948c77b348c5b6d3832cf6d4e7721ca7794f8f68f857d6ae82b9fe7d50","fc9a617e48969b5d524f9994bccb31de0cb028829b4c58a1999b77cf12c5a990","open_nb_incumbent","c65a4f90477e5b799e234d1a313ff333f6cce12cfc08de93e342d7718c252ff8","vector_w400_p0p010","be1392fd4b9fbfe747ea90c89a17413f72459d8ff708d6d80d1bf086973eb51e","2026-06-10","2026-11-16T19:44:59Z","elo_diff","xgf_ewma_diffmissing_or_zero_variance|xga_ewma_diffmissing_or_zero_variance|xgd_ewma_diffmissing_or_zero_variance|form_index_diff","59ab8ba6b5be716f0509fedb8bd6b7a7ec66d586282fc53d4b02d5a34b7b27e0"
"uefa_nations_league_2026_27","uefa_nations_league_2026_27-2047912","uefa_nations_league_2026_27-2047912","uefa_nations_league_2026_27-2047912__score",9,2,2,0.0405506544730587,0.784651331863289,0.215348668136711,"phase14-open-nb-incumbent-calibrated-v1","0e89c2948c77b348c5b6d3832cf6d4e7721ca7794f8f68f857d6ae82b9fe7d50","fc9a617e48969b5d524f9994bccb31de0cb028829b4c58a1999b77cf12c5a990","open_nb_incumbent","c65a4f90477e5b799e234d1a313ff333f6cce12cfc08de93e342d7718c252ff8","vector_w400_p0p010","be1392fd4b9fbfe747ea90c89a17413f72459d8ff708d6d80d1bf086973eb51e","2026-06-10","2026-11-16T19:44:59Z","elo_diff","xgf_ewma_diffmissing_or_zero_variance|xga_ewma_diffmissing_or_zero_variance|xgd_ewma_diffmissing_or_zero_variance|form_index_diff","98e58e106e5a217eceeef9cb930b6e71df0e007565c20b3e4e3d1910f1c6ca0f"
"uefa_nations_league_2026_27","uefa_nations_league_2026_27-2047912","uefa_nations_league_2026_27-2047912","uefa_nations_league_2026_27-2047912__score",10,3,0,0.0386262873229416,0.784651331863289,0.215348668136711,"phase14-open-nb-incumbent-calibrated-v1","0e89c2948c77b348c5b6d3832cf6d4e7721ca7794f8f68f857d6ae82b9fe7d50","fc9a617e48969b5d524f9994bccb31de0cb028829b4c58a1999b77cf12c5a990","open_nb_incumbent","c65a4f90477e5b799e234d1a313ff333f6cce12cfc08de93e342d7718c252ff8","vector_w400_p0p010","be1392fd4b9fbfe747ea90c89a17413f72459d8ff708d6d80d1bf086973eb51e","2026-06-10","2026-11-16T19:44:59Z","elo_diff","xgf_ewma_diffmissing_or_zero_variance|xga_ewma_diffmissing_or_zero_variance|xgd_ewma_diffmissing_or_zero_variance|form_index_diff","bb9b68b412b2a474d0038e1154461b743894dab32166bb62545c48f519bd06c4"
"uefa_nations_league_2026_27","uefa_nations_league_2026_27-2047913","uefa_nations_league_2026_27-2047913","uefa_nations_league_2026_27-2047913__score",1,0,1,0.127496079841232,0.77361156237243,0.22638843762757,"phase14-open-nb-incumbent-calibrated-v1","0e89c2948c77b348c5b6d3832cf6d4e7721ca7794f8f68f857d6ae82b9fe7d50","fc9a617e48969b5d524f9994bccb31de0cb028829b4c58a1999b77cf12c5a990","open_nb_incumbent","c65a4f90477e5b799e234d1a313ff333f6cce12cfc08de93e342d7718c252ff8","vector_w400_p0p010","be1392fd4b9fbfe747ea90c89a17413f72459d8ff708d6d80d1bf086973eb51e","2026-06-10","2026-11-16T14:59:59Z","elo_diff","xgf_ewma_diffmissing_or_zero_variance|xga_ewma_diffmissing_or_zero_variance|xgd_ewma_diffmissing_or_zero_variance|form_index_diff","8d4739ccf1b4b7acb7131f718df6d374de763bd6e626cefb0d45242d74ca5e4d"
"uefa_nations_league_2026_27","uefa_nations_league_2026_27-2047913","uefa_nations_league_2026_27-2047913","uefa_nations_league_2026_27-2047913__score",2,1,1,0.105696795911082,0.77361156237243,0.22638843762757,"phase14-open-nb-incumbent-calibrated-v1","0e89c2948c77b348c5b6d3832cf6d4e7721ca7794f8f68f857d6ae82b9fe7d50","fc9a617e48969b5d524f9994bccb31de0cb028829b4c58a1999b77cf12c5a990","open_nb_incumbent","c65a4f90477e5b799e234d1a313ff333f6cce12cfc08de93e342d7718c252ff8","vector_w400_p0p010","be1392fd4b9fbfe747ea90c89a17413f72459d8ff708d6d80d1bf086973eb51e","2026-06-10","2026-11-16T14:59:59Z","elo_diff","xgf_ewma_diffmissing_or_zero_variance|xga_ewma_diffmissing_or_zero_variance|xgd_ewma_diffmissing_or_zero_variance|form_index_diff","690d277ccda11e99fb4e691162c757f377fee5e4465b10c2b867ce816d2662a6"
"uefa_nations_league_2026_27","uefa_nations_league_2026_27-2047913","uefa_nations_league_2026_27-2047913","uefa_nations_league_2026_27-2047913__score",3,0,2,0.0988767573518123,0.77361156237243,0.22638843762757,"phase14-open-nb-incumbent-calibrated-v1","0e89c2948c77b348c5b6d3832cf6d4e7721ca7794f8f68f857d6ae82b9fe7d50","fc9a617e48969b5d524f9994bccb31de0cb028829b4c58a1999b77cf12c5a990","open_nb_incumbent","c65a4f90477e5b799e234d1a313ff333f6cce12cfc08de93e342d7718c252ff8","vector_w400_p0p010","be1392fd4b9fbfe747ea90c89a17413f72459d8ff708d6d80d1bf086973eb51e","2026-06-10","2026-11-16T14:59:59Z","elo_diff","xgf_ewma_diffmissing_or_zero_variance|xga_ewma_diffmissing_or_zero_variance|xgd_ewma_diffmissing_or_zero_variance|form_index_diff","9d542320b9bab001cca73fbd45c8bb4ff8592464a508fabfd54afdc2e45c8dee"
"uefa_nations_league_2026_27","uefa_nations_league_2026_27-2047913","uefa_nations_league_2026_27-2047913","uefa_nations_league_2026_27-2047913__score",4,0,0,0.0929244502253086,0.77361156237243,0.22638843762757,"phase14-open-nb-incumbent-calibrated-v1","0e89c2948c77b348c5b6d3832cf6d4e7721ca7794f8f68f857d6ae82b9fe7d50","fc9a617e48969b5d524f9994bccb31de0cb028829b4c58a1999b77cf12c5a990","open_nb_incumbent","c65a4f90477e5b799e234d1a313ff333f6cce12cfc08de93e342d7718c252ff8","vector_w400_p0p010","be1392fd4b9fbfe747ea90c89a17413f72459d8ff708d6d80d1bf086973eb51e","2026-06-10","2026-11-16T14:59:59Z","elo_diff","xgf_ewma_diffmissing_or_zero_variance|xga_ewma_diffmissing_or_zero_variance|xgd_ewma_diffmissing_or_zero_variance|form_index_diff","7ddd75e48b1f29bd45e3c9433cb8f9a11108e5e8dd0de2afbb989ea45cafbbaa"
"uefa_nations_league_2026_27","uefa_nations_league_2026_27-2047913","uefa_nations_league_2026_27-2047913","uefa_nations_league_2026_27-2047913__score",5,1,2,0.0819708061234383,0.77361156237243,0.22638843762757,"phase14-open-nb-incumbent-calibrated-v1","0e89c2948c77b348c5b6d3832cf6d4e7721ca7794f8f68f857d6ae82b9fe7d50","fc9a617e48969b5d524f9994bccb31de0cb028829b4c58a1999b77cf12c5a990","open_nb_incumbent","c65a4f90477e5b799e234d1a313ff333f6cce12cfc08de93e342d7718c252ff8","vector_w400_p0p010","be1392fd4b9fbfe747ea90c89a17413f72459d8ff708d6d80d1bf086973eb51e","2026-06-10","2026-11-16T14:59:59Z","elo_diff","xgf_ewma_diffmissing_or_zero_variance|xga_ewma_diffmissing_or_zero_variance|xgd_ewma_diffmissing_or_zero_variance|form_index_diff","9a38f459f33fecb82a1a516b3837583c3a54828afd301d0f36c9ba63e8710b6c"
"uefa_nations_league_2026_27","uefa_nations_league_2026_27-2047913","uefa_nations_league_2026_27-2047913","uefa_nations_league_2026_27-2047913__score",6,1,0,0.0770362246654547,0.77361156237243,0.22638843762757,"phase14-open-nb-incumbent-calibrated-v1","0e89c2948c77b348c5b6d3832cf6d4e7721ca7794f8f68f857d6ae82b9fe7d50","fc9a617e48969b5d524f9994bccb31de0cb028829b4c58a1999b77cf12c5a990","open_nb_incumbent","c65a4f90477e5b799e234d1a313ff333f6cce12cfc08de93e342d7718c252ff8","vector_w400_p0p010","be1392fd4b9fbfe747ea90c89a17413f72459d8ff708d6d80d1bf086973eb51e","2026-06-10","2026-11-16T14:59:59Z","elo_diff","xgf_ewma_diffmissing_or_zero_variance|xga_ewma_diffmissing_or_zero_variance|xgd_ewma_diffmissing_or_zero_variance|form_index_diff","614293c24d908dfa9b52c0e7f744d86afe91483485dbd1b4dd626672980413e6"
"uefa_nations_league_2026_27","uefa_nations_league_2026_27-2047913","uefa_nations_league_2026_27-2047913","uefa_nations_league_2026_27-2047913__score",7,0,3,0.0570212738111389,0.77361156237243,0.22638843762757,"phase14-open-nb-incumbent-calibrated-v1","0e89c2948c77b348c5b6d3832cf6d4e7721ca7794f8f68f857d6ae82b9fe7d50","fc9a617e48969b5d524f9994bccb31de0cb028829b4c58a1999b77cf12c5a990","open_nb_incumbent","c65a4f90477e5b799e234d1a313ff333f6cce12cfc08de93e342d7718c252ff8","vector_w400_p0p010","be1392fd4b9fbfe747ea90c89a17413f72459d8ff708d6d80d1bf086973eb51e","2026-06-10","2026-11-16T14:59:59Z","elo_diff","xgf_ewma_diffmissing_or_zero_variance|xga_ewma_diffmissing_or_zero_variance|xgd_ewma_diffmissing_or_zero_variance|form_index_diff","fbfb42cc560d58751cee971b0f1b4d1afc19f900c256bc743f1abaa7535ba000"
"uefa_nations_league_2026_27","uefa_nations_league_2026_27-2047913","uefa_nations_league_2026_27-2047913","uefa_nations_league_2026_27-2047913__score",8,2,1,0.048051851826114,0.77361156237243,0.22638843762757,"phase14-open-nb-incumbent-calibrated-v1","0e89c2948c77b348c5b6d3832cf6d4e7721ca7794f8f68f857d6ae82b9fe7d50","fc9a617e48969b5d524f9994bccb31de0cb028829b4c58a1999b77cf12c5a990","open_nb_incumbent","c65a4f90477e5b799e234d1a313ff333f6cce12cfc08de93e342d7718c252ff8","vector_w400_p0p010","be1392fd4b9fbfe747ea90c89a17413f72459d8ff708d6d80d1bf086973eb51e","2026-06-10","2026-11-16T14:59:59Z","elo_diff","xgf_ewma_diffmissing_or_zero_variance|xga_ewma_diffmissing_or_zero_variance|xgd_ewma_diffmissing_or_zero_variance|form_index_diff","8d0a8a4e05c79f40362774f73cf87b52ce63f719ea9e901fae7a499a31fbbfd8"
"uefa_nations_league_2026_27","uefa_nations_league_2026_27-2047913","uefa_nations_league_2026_27-2047913","uefa_nations_league_2026_27-2047913__score",9,1,3,0.0472717745369983,0.77361156237243,0.22638843762757,"phase14-open-nb-incumbent-calibrated-v1","0e89c2948c77b348c5b6d3832cf6d4e7721ca7794f8f68f857d6ae82b9fe7d50","fc9a617e48969b5d524f9994bccb31de0cb028829b4c58a1999b77cf12c5a990","open_nb_incumbent","c65a4f90477e5b799e234d1a313ff333f6cce12cfc08de93e342d7718c252ff8","vector_w400_p0p010","be1392fd4b9fbfe747ea90c89a17413f72459d8ff708d6d80d1bf086973eb51e","2026-06-10","2026-11-16T14:59:59Z","elo_diff","xgf_ewma_diffmissing_or_zero_variance|xga_ewma_diffmissing_or_zero_variance|xgd_ewma_diffmissing_or_zero_variance|form_index_diff","ae218ba46e8d83df6d80ac3bdb520527993df22a3ce750013cc4f144f1257733"
"uefa_nations_league_2026_27","uefa_nations_league_2026_27-2047913","uefa_nations_league_2026_27-2047913","uefa_nations_league_2026_27-2047913__score",10,2,2,0.0372655480798506,0.77361156237243,0.22638843762757,"phase14-open-nb-incumbent-calibrated-v1","0e89c2948c77b348c5b6d3832cf6d4e7721ca7794f8f68f857d6ae82b9fe7d50","fc9a617e48969b5d524f9994bccb31de0cb028829b4c58a1999b77cf12c5a990","open_nb_incumbent","c65a4f90477e5b799e234d1a313ff333f6cce12cfc08de93e342d7718c252ff8","vector_w400_p0p010","be1392fd4b9fbfe747ea90c89a17413f72459d8ff708d6d80d1bf086973eb51e","2026-06-10","2026-11-16T14:59:59Z","elo_diff","xgf_ewma_diffmissing_or_zero_variance|xga_ewma_diffmissing_or_zero_variance|xgd_ewma_diffmissing_or_zero_variance|form_index_diff","1d0c9bb39cd97b1545183800badeddcf11f6fd74dd7c41a1f69bc66559bd8ba0"
"uefa_nations_league_2026_27","uefa_nations_league_2026_27-2047914","uefa_nations_league_2026_27-2047914","uefa_nations_league_2026_27-2047914__score",1,1,0,0.136992258266978,0.783371661902218,0.216628338097782,"phase14-open-nb-incumbent-calibrated-v1","0e89c2948c77b348c5b6d3832cf6d4e7721ca7794f8f68f857d6ae82b9fe7d50","fc9a617e48969b5d524f9994bccb31de0cb028829b4c58a1999b77cf12c5a990","open_nb_incumbent","c65a4f90477e5b799e234d1a313ff333f6cce12cfc08de93e342d7718c252ff8","vector_w400_p0p010","be1392fd4b9fbfe747ea90c89a17413f72459d8ff708d6d80d1bf086973eb51e","2026-06-10","2026-11-16T19:44:59Z","elo_diff","xgf_ewma_diffmissing_or_zero_variance|xga_ewma_diffmissing_or_zero_variance|xgd_ewma_diffmissing_or_zero_variance|form_index_diff","19f3b624d333f573f05718c7383bdd51f5bf7a1d3d35519c39d6c4602358d833"
"uefa_nations_league_2026_27","uefa_nations_league_2026_27-2047914","uefa_nations_league_2026_27-2047914","uefa_nations_league_2026_27-2047914__score",2,2,0,0.121334885726323,0.783371661902218,0.216628338097782,"phase14-open-nb-incumbent-calibrated-v1","0e89c2948c77b348c5b6d3832cf6d4e7721ca7794f8f68f857d6ae82b9fe7d50","fc9a617e48969b5d524f9994bccb31de0cb028829b4c58a1999b77cf12c5a990","open_nb_incumbent","c65a4f90477e5b799e234d1a313ff333f6cce12cfc08de93e342d7718c252ff8","vector_w400_p0p010","be1392fd4b9fbfe747ea90c89a17413f72459d8ff708d6d80d1bf086973eb51e","2026-06-10","2026-11-16T19:44:59Z","elo_diff","xgf_ewma_diffmissing_or_zero_variance|xga_ewma_diffmissing_or_zero_variance|xgd_ewma_diffmissing_or_zero_variance|form_index_diff","cb6e13447df4f1f619d51225b3199b8da434cf1212d2dc43ad776712d3427272"
"uefa_nations_league_2026_27","uefa_nations_league_2026_27-2047914","uefa_nations_league_2026_27-2047914","uefa_nations_league_2026_27-2047914__score",3,1,1,0.0930193901743016,0.783371661902218,0.216628338097782,"phase14-open-nb-incumbent-calibrated-v1","0e89c2948c77b348c5b6d3832cf6d4e7721ca7794f8f68f857d6ae82b9fe7d50","fc9a617e48969b5d524f9994bccb31de0cb028829b4c58a1999b77cf12c5a990","open_nb_incumbent","c65a4f90477e5b799e234d1a313ff333f6cce12cfc08de93e342d7718c252ff8","vector_w400_p0p010","be1392fd4b9fbfe747ea90c89a17413f72459d8ff708d6d80d1bf086973eb51e","2026-06-10","2026-11-16T19:44:59Z","elo_diff","xgf_ewma_diffmissing_or_zero_variance|xga_ewma_diffmissing_or_zero_variance|xgd_ewma_diffmissing_or_zero_variance|form_index_diff","340e7d775bb1ce74327323e1de8b44a9cdaeb42e39fb684b75d1ca138c0145be"
"uefa_nations_league_2026_27","uefa_nations_league_2026_27-2047914","uefa_nations_league_2026_27-2047914","uefa_nations_league_2026_27-2047914__score",4,0,0,0.084818322816506,0.783371661902218,0.216628338097782,"phase14-open-nb-incumbent-calibrated-v1","0e89c2948c77b348c5b6d3832cf6d4e7721ca7794f8f68f857d6ae82b9fe7d50","fc9a617e48969b5d524f9994bccb31de0cb028829b4c58a1999b77cf12c5a990","open_nb_incumbent","c65a4f90477e5b799e234d1a313ff333f6cce12cfc08de93e342d7718c252ff8","vector_w400_p0p010","be1392fd4b9fbfe747ea90c89a17413f72459d8ff708d6d80d1bf086973eb51e","2026-06-10","2026-11-16T19:44:59Z","elo_diff","xgf_ewma_diffmissing_or_zero_variance|xga_ewma_diffmissing_or_zero_variance|xgd_ewma_diffmissing_or_zero_variance|form_index_diff","293b9524af758f3393dcf625629449ccf772c7b577b77c06de367a3cbe97a401"
"uefa_nations_league_2026_27","uefa_nations_league_2026_27-2047914","uefa_nations_league_2026_27-2047914","uefa_nations_league_2026_27-2047914__score",5,2,1,0.0823878459988253,0.783371661902218,0.216628338097782,"phase14-open-nb-incumbent-calibrated-v1","0e89c2948c77b348c5b6d3832cf6d4e7721ca7794f8f68f857d6ae82b9fe7d50","fc9a617e48969b5d524f9994bccb31de0cb028829b4c58a1999b77cf12c5a990","open_nb_incumbent","c65a4f90477e5b799e234d1a313ff333f6cce12cfc08de93e342d7718c252ff8","vector_w400_p0p010","be1392fd4b9fbfe747ea90c89a17413f72459d8ff708d6d80d1bf086973eb51e","2026-06-10","2026-11-16T19:44:59Z","elo_diff","xgf_ewma_diffmissing_or_zero_variance|xga_ewma_diffmissing_or_zero_variance|xgd_ewma_diffmissing_or_zero_variance|form_index_diff","b52fb94c48f8b735859e5c34d72178f099cf0e20b783ac69dd9ca546116d178d"
"uefa_nations_league_2026_27","uefa_nations_league_2026_27-2047914","uefa_nations_league_2026_27-2047914","uefa_nations_league_2026_27-2047914__score",6,3,0,0.0779657061669926,0.783371661902218,0.216628338097782,"phase14-open-nb-incumbent-calibrated-v1","0e89c2948c77b348c5b6d3832cf6d4e7721ca7794f8f68f857d6ae82b9fe7d50","fc9a617e48969b5d524f9994bccb31de0cb028829b4c58a1999b77cf12c5a990","open_nb_incumbent","c65a4f90477e5b799e234d1a313ff333f6cce12cfc08de93e342d7718c252ff8","vector_w400_p0p010","be1392fd4b9fbfe747ea90c89a17413f72459d8ff708d6d80d1bf086973eb51e","2026-06-10","2026-11-16T19:44:59Z","elo_diff","xgf_ewma_diffmissing_or_zero_variance|xga_ewma_diffmissing_or_zero_variance|xgd_ewma_diffmissing_or_zero_variance|form_index_diff","1bcb2161da885460c7f9c85306af7e264de8b893bcf782448fe252e2af6f628d"
"uefa_nations_league_2026_27","uefa_nations_league_2026_27-2047914","uefa_nations_league_2026_27-2047914","uefa_nations_league_2026_27-2047914__score",7,0,1,0.0575926608102369,0.783371661902218,0.216628338097782,"phase14-open-nb-incumbent-calibrated-v1","0e89c2948c77b348c5b6d3832cf6d4e7721ca7794f8f68f857d6ae82b9fe7d50","fc9a617e48969b5d524f9994bccb31de0cb028829b4c58a1999b77cf12c5a990","open_nb_incumbent","c65a4f90477e5b799e234d1a313ff333f6cce12cfc08de93e342d7718c252ff8","vector_w400_p0p010","be1392fd4b9fbfe747ea90c89a17413f72459d8ff708d6d80d1bf086973eb51e","2026-06-10","2026-11-16T19:44:59Z","elo_diff","xgf_ewma_diffmissing_or_zero_variance|xga_ewma_diffmissing_or_zero_variance|xgd_ewma_diffmissing_or_zero_variance|form_index_diff","303593eaf4423e632a071b6253f1ed0e3b0bff2c7765526a5a0d0dc98d0ec71e"
"uefa_nations_league_2026_27","uefa_nations_league_2026_27-2047914","uefa_nations_league_2026_27-2047914","uefa_nations_league_2026_27-2047914__score",8,3,1,0.0529396517285576,0.783371661902218,0.216628338097782,"phase14-open-nb-incumbent-calibrated-v1","0e89c2948c77b348c5b6d3832cf6d4e7721ca7794f8f68f857d6ae82b9fe7d50","fc9a617e48969b5d524f9994bccb31de0cb028829b4c58a1999b77cf12c5a990","open_nb_incumbent","c65a4f90477e5b799e234d1a313ff333f6cce12cfc08de93e342d7718c252ff8","vector_w400_p0p010","be1392fd4b9fbfe747ea90c89a17413f72459d8ff708d6d80d1bf086973eb51e","2026-06-10","2026-11-16T19:44:59Z","elo_diff","xgf_ewma_diffmissing_or_zero_variance|xga_ewma_diffmissing_or_zero_variance|xgd_ewma_diffmissing_or_zero_variance|form_index_diff","82514016ea80140fce2af1c2abfd9a2de41a9c573be7ffd03c4781c29efae57c"
"uefa_nations_league_2026_27","uefa_nations_league_2026_27-2047914","uefa_nations_league_2026_27-2047914","uefa_nations_league_2026_27-2047914__score",9,4,0,0.0406198479376572,0.783371661902218,0.216628338097782,"phase14-open-nb-incumbent-calibrated-v1","0e89c2948c77b348c5b6d3832cf6d4e7721ca7794f8f68f857d6ae82b9fe7d50","fc9a617e48969b5d524f9994bccb31de0cb028829b4c58a1999b77cf12c5a990","open_nb_incumbent","c65a4f90477e5b799e234d1a313ff333f6cce12cfc08de93e342d7718c252ff8","vector_w400_p0p010","be1392fd4b9fbfe747ea90c89a17413f72459d8ff708d6d80d1bf086973eb51e","2026-06-10","2026-11-16T19:44:59Z","elo_diff","xgf_ewma_diffmissing_or_zero_variance|xga_ewma_diffmissing_or_zero_variance|xgd_ewma_diffmissing_or_zero_variance|form_index_diff","f30deac23b6162485d09a3cc39de46019f26477abbb7ef7f80c43e2f7a76695d"
"uefa_nations_league_2026_27","uefa_nations_league_2026_27-2047914","uefa_nations_league_2026_27-2047914","uefa_nations_league_2026_27-2047914__score",10,1,2,0.0357010922758404,0.783371661902218,0.216628338097782,"phase14-open-nb-incumbent-calibrated-v1","0e89c2948c77b348c5b6d3832cf6d4e7721ca7794f8f68f857d6ae82b9fe7d50","fc9a617e48969b5d524f9994bccb31de0cb028829b4c58a1999b77cf12c5a990","open_nb_incumbent","c65a4f90477e5b799e234d1a313ff333f6cce12cfc08de93e342d7718c252ff8","vector_w400_p0p010","be1392fd4b9fbfe747ea90c89a17413f72459d8ff708d6d80d1bf086973eb51e","2026-06-10","2026-11-16T19:44:59Z","elo_diff","xgf_ewma_diffmissing_or_zero_variance|xga_ewma_diffmissing_or_zero_variance|xgd_ewma_diffmissing_or_zero_variance|form_index_diff","55427d1d9ff4bf520abfadcb05b3b202a5891a8e17c882bd15fbb32f3553e987"
"uefa_nations_league_2026_27","uefa_nations_league_2026_27-2047915","uefa_nations_league_2026_27-2047915","uefa_nations_league_2026_27-2047915__score",1,1,1,0.116625564832378,0.781423699655668,0.218576300344332,"phase14-open-nb-incumbent-calibrated-v1","0e89c2948c77b348c5b6d3832cf6d4e7721ca7794f8f68f857d6ae82b9fe7d50","fc9a617e48969b5d524f9994bccb31de0cb028829b4c58a1999b77cf12c5a990","open_nb_incumbent","c65a4f90477e5b799e234d1a313ff333f6cce12cfc08de93e342d7718c252ff8","vector_w400_p0p010","be1392fd4b9fbfe747ea90c89a17413f72459d8ff708d6d80d1bf086973eb51e","2026-06-10","2026-11-16T19:44:59Z","elo_diff","xgf_ewma_diffmissing_or_zero_variance|xga_ewma_diffmissing_or_zero_variance|xgd_ewma_diffmissing_or_zero_variance|form_index_diff","97a3b8b0099cc18207b72f5b819be191650d9fb89dc71318e2a3102870e3a888"
"uefa_nations_league_2026_27","uefa_nations_league_2026_27-2047915","uefa_nations_league_2026_27-2047915","uefa_nations_league_2026_27-2047915__score",2,0,1,0.112743169452265,0.781423699655668,0.218576300344332,"phase14-open-nb-incumbent-calibrated-v1","0e89c2948c77b348c5b6d3832cf6d4e7721ca7794f8f68f857d6ae82b9fe7d50","fc9a617e48969b5d524f9994bccb31de0cb028829b4c58a1999b77cf12c5a990","open_nb_incumbent","c65a4f90477e5b799e234d1a313ff333f6cce12cfc08de93e342d7718c252ff8","vector_w400_p0p010","be1392fd4b9fbfe747ea90c89a17413f72459d8ff708d6d80d1bf086973eb51e","2026-06-10","2026-11-16T19:44:59Z","elo_diff","xgf_ewma_diffmissing_or_zero_variance|xga_ewma_diffmissing_or_zero_variance|xgd_ewma_diffmissing_or_zero_variance|form_index_diff","e84ccc961d844fb9aa28167464878fa893af2ddfb97d8c7f422760c2d1fad9de"
"uefa_nations_league_2026_27","uefa_nations_league_2026_27-2047915","uefa_nations_league_2026_27-2047915","uefa_nations_league_2026_27-2047915__score",3,1,0,0.105800856335481,0.781423699655668,0.218576300344332,"phase14-open-nb-incumbent-calibrated-v1","0e89c2948c77b348c5b6d3832cf6d4e7721ca7794f8f68f857d6ae82b9fe7d50","fc9a617e48969b5d524f9994bccb31de0cb028829b4c58a1999b77cf12c5a990","open_nb_incumbent","c65a4f90477e5b799e234d1a313ff333f6cce12cfc08de93e342d7718c252ff8","vector_w400_p0p010","be1392fd4b9fbfe747ea90c89a17413f72459d8ff708d6d80d1bf086973eb51e","2026-06-10","2026-11-16T19:44:59Z","elo_diff","xgf_ewma_diffmissing_or_zero_variance|xga_ewma_diffmissing_or_zero_variance|xgd_ewma_diffmissing_or_zero_variance|form_index_diff","86c715721f81ec41d65e11f644dfe78be92ab3638b65b7689d13d47862fd4250"
"uefa_nations_league_2026_27","uefa_nations_league_2026_27-2047915","uefa_nations_league_2026_27-2047915","uefa_nations_league_2026_27-2047915__score",4,0,0,0.102278809034452,0.781423699655668,0.218576300344332,"phase14-open-nb-incumbent-calibrated-v1","0e89c2948c77b348c5b6d3832cf6d4e7721ca7794f8f68f857d6ae82b9fe7d50","fc9a617e48969b5d524f9994bccb31de0cb028829b4c58a1999b77cf12c5a990","open_nb_incumbent","c65a4f90477e5b799e234d1a313ff333f6cce12cfc08de93e342d7718c252ff8","vector_w400_p0p010","be1392fd4b9fbfe747ea90c89a17413f72459d8ff708d6d80d1bf086973eb51e","2026-06-10","2026-11-16T19:44:59Z","elo_diff","xgf_ewma_diffmissing_or_zero_variance|xga_ewma_diffmissing_or_zero_variance|xgd_ewma_diffmissing_or_zero_variance|form_index_diff","4ce060e5df4acd6f7ee750683617fc5f78ddebade5bd19e515fe9be10edf7f2f"
"uefa_nations_league_2026_27","uefa_nations_league_2026_27-2047915","uefa_nations_league_2026_27-2047915","uefa_nations_league_2026_27-2047915__score",5,1,2,0.0726656043505776,0.781423699655668,0.218576300344332,"phase14-open-nb-incumbent-calibrated-v1","0e89c2948c77b348c5b6d3832cf6d4e7721ca7794f8f68f857d6ae82b9fe7d50","fc9a617e48969b5d524f9994bccb31de0cb028829b4c58a1999b77cf12c5a990","open_nb_incumbent","c65a4f90477e5b799e234d1a313ff333f6cce12cfc08de93e342d7718c252ff8","vector_w400_p0p010","be1392fd4b9fbfe747ea90c89a17413f72459d8ff708d6d80d1bf086973eb51e","2026-06-10","2026-11-16T19:44:59Z","elo_diff","xgf_ewma_diffmissing_or_zero_variance|xga_ewma_diffmissing_or_zero_variance|xgd_ewma_diffmissing_or_zero_variance|form_index_diff","73e6938236c489aa79c0b83a182faab7c81488e261988c9ff783071b8932b8c9"
"uefa_nations_league_2026_27","uefa_nations_league_2026_27-2047915","uefa_nations_league_2026_27-2047915","uefa_nations_league_2026_27-2047915__score",6,0,2,0.0702466097928294,0.781423699655668,0.218576300344332,"phase14-open-nb-incumbent-calibrated-v1","0e89c2948c77b348c5b6d3832cf6d4e7721ca7794f8f68f857d6ae82b9fe7d50","fc9a617e48969b5d524f9994bccb31de0cb028829b4c58a1999b77cf12c5a990","open_nb_incumbent","c65a4f90477e5b799e234d1a313ff333f6cce12cfc08de93e342d7718c252ff8","vector_w400_p0p010","be1392fd4b9fbfe747ea90c89a17413f72459d8ff708d6d80d1bf086973eb51e","2026-06-10","2026-11-16T19:44:59Z","elo_diff","xgf_ewma_diffmissing_or_zero_variance|xga_ewma_diffmissing_or_zero_variance|xgd_ewma_diffmissing_or_zero_variance|form_index_diff","9d3b09542b048aafdd40d27a49dff945102b9c239e4f4d18cfdbb602198f2147"
"uefa_nations_league_2026_27","uefa_nations_league_2026_27-2047915","uefa_nations_league_2026_27-2047915","uefa_nations_league_2026_27-2047915__score",7,2,1,0.0661577302204959,0.781423699655668,0.218576300344332,"phase14-open-nb-incumbent-calibrated-v1","0e89c2948c77b348c5b6d3832cf6d4e7721ca7794f8f68f857d6ae82b9fe7d50","fc9a617e48969b5d524f9994bccb31de0cb028829b4c58a1999b77cf12c5a990","open_nb_incumbent","c65a4f90477e5b799e234d1a313ff333f6cce12cfc08de93e342d7718c252ff8","vector_w400_p0p010","be1392fd4b9fbfe747ea90c89a17413f72459d8ff708d6d80d1bf086973eb51e","2026-06-10","2026-11-16T19:44:59Z","elo_diff","xgf_ewma_diffmissing_or_zero_variance|xga_ewma_diffmissing_or_zero_variance|xgd_ewma_diffmissing_or_zero_variance|form_index_diff","320facbedaffdc30a172eca7f4b00bf2c147ae0fd7c90a0e258d09e23c90e121"
"uefa_nations_league_2026_27","uefa_nations_league_2026_27-2047915","uefa_nations_league_2026_27-2047915","uefa_nations_league_2026_27-2047915__score",8,2,0,0.0600172399645003,0.781423699655668,0.218576300344332,"phase14-open-nb-incumbent-calibrated-v1","0e89c2948c77b348c5b6d3832cf6d4e7721ca7794f8f68f857d6ae82b9fe7d50","fc9a617e48969b5d524f9994bccb31de0cb028829b4c58a1999b77cf12c5a990","open_nb_incumbent","c65a4f90477e5b799e234d1a313ff333f6cce12cfc08de93e342d7718c252ff8","vector_w400_p0p010","be1392fd4b9fbfe747ea90c89a17413f72459d8ff708d6d80d1bf086973eb51e","2026-06-10","2026-11-16T19:44:59Z","elo_diff","xgf_ewma_diffmissing_or_zero_variance|xga_ewma_diffmissing_or_zero_variance|xgd_ewma_diffmissing_or_zero_variance|form_index_diff","98ed641aa0ecad7ef88a4ac3cd332d82f62a7cbe99f520d00bd3422f0a3de58a"
"uefa_nations_league_2026_27","uefa_nations_league_2026_27-2047915","uefa_nations_league_2026_27-2047915","uefa_nations_league_2026_27-2047915__score",9,2,2,0.0412207345434452,0.781423699655668,0.218576300344332,"phase14-open-nb-incumbent-calibrated-v1","0e89c2948c77b348c5b6d3832cf6d4e7721ca7794f8f68f857d6ae82b9fe7d50","fc9a617e48969b5d524f9994bccb31de0cb028829b4c58a1999b77cf12c5a990","open_nb_incumbent","c65a4f90477e5b799e234d1a313ff333f6cce12cfc08de93e342d7718c252ff8","vector_w400_p0p010","be1392fd4b9fbfe747ea90c89a17413f72459d8ff708d6d80d1bf086973eb51e","2026-06-10","2026-11-16T19:44:59Z","elo_diff","xgf_ewma_diffmissing_or_zero_variance|xga_ewma_diffmissing_or_zero_variance|xgd_ewma_diffmissing_or_zero_variance|form_index_diff","be99aba57fac7160437f9ef07dc5fc9b2f043b0fcfcb1f0c34164694b78cf041"
"uefa_nations_league_2026_27","uefa_nations_league_2026_27-2047915","uefa_nations_league_2026_27-2047915","uefa_nations_league_2026_27-2047915__score",10,1,3,0.0336673811292442,0.781423699655668,0.218576300344332,"phase14-open-nb-incumbent-calibrated-v1","0e89c2948c77b348c5b6d3832cf6d4e7721ca7794f8f68f857d6ae82b9fe7d50","fc9a617e48969b5d524f9994bccb31de0cb028829b4c58a1999b77cf12c5a990","open_nb_incumbent","c65a4f90477e5b799e234d1a313ff333f6cce12cfc08de93e342d7718c252ff8","vector_w400_p0p010","be1392fd4b9fbfe747ea90c89a17413f72459d8ff708d6d80d1bf086973eb51e","2026-06-10","2026-11-16T19:44:59Z","elo_diff","xgf_ewma_diffmissing_or_zero_variance|xga_ewma_diffmissing_or_zero_variance|xgd_ewma_diffmissing_or_zero_variance|form_index_diff","ba2628bce582323102844815158883cba4974a347ea6e5379523527f964152ef"
"uefa_nations_league_2026_27","uefa_nations_league_2026_27-2047916","uefa_nations_league_2026_27-2047916","uefa_nations_league_2026_27-2047916__score",1,0,1,0.122579495088187,0.777200041921282,0.222799958078718,"phase14-open-nb-incumbent-calibrated-v1","0e89c2948c77b348c5b6d3832cf6d4e7721ca7794f8f68f857d6ae82b9fe7d50","fc9a617e48969b5d524f9994bccb31de0cb028829b4c58a1999b77cf12c5a990","open_nb_incumbent","c65a4f90477e5b799e234d1a313ff333f6cce12cfc08de93e342d7718c252ff8","vector_w400_p0p010","be1392fd4b9fbfe747ea90c89a17413f72459d8ff708d6d80d1bf086973eb51e","2026-06-10","2026-11-17T19:44:59Z","elo_diff","xgf_ewma_diffmissing_or_zero_variance|xga_ewma_diffmissing_or_zero_variance|xgd_ewma_diffmissing_or_zero_variance|form_index_diff","897165de9f5151d27d2dcee8a407af6051e365abd444add00d9e2c8c7b0fa0d7"
"uefa_nations_league_2026_27","uefa_nations_league_2026_27-2047916","uefa_nations_league_2026_27-2047916","uefa_nations_league_2026_27-2047916__score",2,1,1,0.112335494830541,0.777200041921282,0.222799958078718,"phase14-open-nb-incumbent-calibrated-v1","0e89c2948c77b348c5b6d3832cf6d4e7721ca7794f8f68f857d6ae82b9fe7d50","fc9a617e48969b5d524f9994bccb31de0cb028829b4c58a1999b77cf12c5a990","open_nb_incumbent","c65a4f90477e5b799e234d1a313ff333f6cce12cfc08de93e342d7718c252ff8","vector_w400_p0p010","be1392fd4b9fbfe747ea90c89a17413f72459d8ff708d6d80d1bf086973eb51e","2026-06-10","2026-11-17T19:44:59Z","elo_diff","xgf_ewma_diffmissing_or_zero_variance|xga_ewma_diffmissing_or_zero_variance|xgd_ewma_diffmissing_or_zero_variance|form_index_diff","2783348e0b5858a5e4291573548ca1e66bcda03c212e6967462bda20707a0859"
"uefa_nations_league_2026_27","uefa_nations_league_2026_27-2047916","uefa_nations_league_2026_27-2047916","uefa_nations_league_2026_27-2047916__score",3,0,0,0.0984798018181264,0.777200041921282,0.222799958078718,"phase14-open-nb-incumbent-calibrated-v1","0e89c2948c77b348c5b6d3832cf6d4e7721ca7794f8f68f857d6ae82b9fe7d50","fc9a617e48969b5d524f9994bccb31de0cb028829b4c58a1999b77cf12c5a990","open_nb_incumbent","c65a4f90477e5b799e234d1a313ff333f6cce12cfc08de93e342d7718c252ff8","vector_w400_p0p010","be1392fd4b9fbfe747ea90c89a17413f72459d8ff708d6d80d1bf086973eb51e","2026-06-10","2026-11-17T19:44:59Z","elo_diff","xgf_ewma_diffmissing_or_zero_variance|xga_ewma_diffmissing_or_zero_variance|xgd_ewma_diffmissing_or_zero_variance|form_index_diff","9337da633b201046002a6a350b7c99053a7e1cd8f0dd13c409019492986c2af5"
"uefa_nations_league_2026_27","uefa_nations_league_2026_27-2047916","uefa_nations_league_2026_27-2047916","uefa_nations_league_2026_27-2047916__score",4,1,0,0.0902498191895307,0.777200041921282,0.222799958078718,"phase14-open-nb-incumbent-calibrated-v1","0e89c2948c77b348c5b6d3832cf6d4e7721ca7794f8f68f857d6ae82b9fe7d50","fc9a617e48969b5d524f9994bccb31de0cb028829b4c58a1999b77cf12c5a990","open_nb_incumbent","c65a4f90477e5b799e234d1a313ff333f6cce12cfc08de93e342d7718c252ff8","vector_w400_p0p010","be1392fd4b9fbfe747ea90c89a17413f72459d8ff708d6d80d1bf086973eb51e","2026-06-10","2026-11-17T19:44:59Z","elo_diff","xgf_ewma_diffmissing_or_zero_variance|xga_ewma_diffmissing_or_zero_variance|xgd_ewma_diffmissing_or_zero_variance|form_index_diff","041a2e657c85485580774e1c5060030a34cdbc2698416d5e63334ca8d1e279c9"
"uefa_nations_league_2026_27","uefa_nations_league_2026_27-2047916","uefa_nations_league_2026_27-2047916","uefa_nations_league_2026_27-2047916__score",5,0,2,0.0862420443490971,0.777200041921282,0.222799958078718,"phase14-open-nb-incumbent-calibrated-v1","0e89c2948c77b348c5b6d3832cf6d4e7721ca7794f8f68f857d6ae82b9fe7d50","fc9a617e48969b5d524f9994bccb31de0cb028829b4c58a1999b77cf12c5a990","open_nb_incumbent","c65a4f90477e5b799e234d1a313ff333f6cce12cfc08de93e342d7718c252ff8","vector_w400_p0p010","be1392fd4b9fbfe747ea90c89a17413f72459d8ff708d6d80d1bf086973eb51e","2026-06-10","2026-11-17T19:44:59Z","elo_diff","xgf_ewma_diffmissing_or_zero_variance|xga_ewma_diffmissing_or_zero_variance|xgd_ewma_diffmissing_or_zero_variance|form_index_diff","cefa462475aa1dc39955e508e232a49767298fea3415852adce2fe2d2d0ca2be"
"uefa_nations_league_2026_27","uefa_nations_league_2026_27-2047916","uefa_nations_league_2026_27-2047916","uefa_nations_league_2026_27-2047916__score",6,1,2,0.0790347742922538,0.777200041921282,0.222799958078718,"phase14-open-nb-incumbent-calibrated-v1","0e89c2948c77b348c5b6d3832cf6d4e7721ca7794f8f68f857d6ae82b9fe7d50","fc9a617e48969b5d524f9994bccb31de0cb028829b4c58a1999b77cf12c5a990","open_nb_incumbent","c65a4f90477e5b799e234d1a313ff333f6cce12cfc08de93e342d7718c252ff8","vector_w400_p0p010","be1392fd4b9fbfe747ea90c89a17413f72459d8ff708d6d80d1bf086973eb51e","2026-06-10","2026-11-17T19:44:59Z","elo_diff","xgf_ewma_diffmissing_or_zero_variance|xga_ewma_diffmissing_or_zero_variance|xgd_ewma_diffmissing_or_zero_variance|form_index_diff","f2e7732ca00d01d0a8cc1cc495322cc78677ca6a39904819679d6cf01dc49c7d"
"uefa_nations_league_2026_27","uefa_nations_league_2026_27-2047916","uefa_nations_league_2026_27-2047916","uefa_nations_league_2026_27-2047916__score",7,2,1,0.0564546206386235,0.777200041921282,0.222799958078718,"phase14-open-nb-incumbent-calibrated-v1","0e89c2948c77b348c5b6d3832cf6d4e7721ca7794f8f68f857d6ae82b9fe7d50","fc9a617e48969b5d524f9994bccb31de0cb028829b4c58a1999b77cf12c5a990","open_nb_incumbent","c65a4f90477e5b799e234d1a313ff333f6cce12cfc08de93e342d7718c252ff8","vector_w400_p0p010","be1392fd4b9fbfe747ea90c89a17413f72459d8ff708d6d80d1bf086973eb51e","2026-06-10","2026-11-17T19:44:59Z","elo_diff","xgf_ewma_diffmissing_or_zero_variance|xga_ewma_diffmissing_or_zero_variance|xgd_ewma_diffmissing_or_zero_variance|form_index_diff","08232e0525c3b3ef86c916baba15b8b6e3f8bb365995f6fdb569095ce3f5ba0d"
"uefa_nations_league_2026_27","uefa_nations_league_2026_27-2047916","uefa_nations_league_2026_27-2047916","uefa_nations_league_2026_27-2047916__score",8,2,0,0.0453553822212222,0.777200041921282,0.222799958078718,"phase14-open-nb-incumbent-calibrated-v1","0e89c2948c77b348c5b6d3832cf6d4e7721ca7794f8f68f857d6ae82b9fe7d50","fc9a617e48969b5d524f9994bccb31de0cb028829b4c58a1999b77cf12c5a990","open_nb_incumbent","c65a4f90477e5b799e234d1a313ff333f6cce12cfc08de93e342d7718c252ff8","vector_w400_p0p010","be1392fd4b9fbfe747ea90c89a17413f72459d8ff708d6d80d1bf086973eb51e","2026-06-10","2026-11-17T19:44:59Z","elo_diff","xgf_ewma_diffmissing_or_zero_variance|xga_ewma_diffmissing_or_zero_variance|xgd_ewma_diffmissing_or_zero_variance|form_index_diff","55e8cca3e7c764dfbe498d54a916b6029d41bf3b0fabb0a67bc6c3ed4f6fa9cc"
"uefa_nations_league_2026_27","uefa_nations_league_2026_27-2047916","uefa_nations_league_2026_27-2047916","uefa_nations_league_2026_27-2047916__score",9,0,3,0.0451196345383593,0.777200041921282,0.222799958078718,"phase14-open-nb-incumbent-calibrated-v1","0e89c2948c77b348c5b6d3832cf6d4e7721ca7794f8f68f857d6ae82b9fe7d50","fc9a617e48969b5d524f9994bccb31de0cb028829b4c58a1999b77cf12c5a990","open_nb_incumbent","c65a4f90477e5b799e234d1a313ff333f6cce12cfc08de93e342d7718c252ff8","vector_w400_p0p010","be1392fd4b9fbfe747ea90c89a17413f72459d8ff708d6d80d1bf086973eb51e","2026-06-10","2026-11-17T19:44:59Z","elo_diff","xgf_ewma_diffmissing_or_zero_variance|xga_ewma_diffmissing_or_zero_variance|xgd_ewma_diffmissing_or_zero_variance|form_index_diff","fb171585cd0bdd0a21759f2d99b27240584bd39a03c5550f3dde57407772872a"
"uefa_nations_league_2026_27","uefa_nations_league_2026_27-2047916","uefa_nations_league_2026_27-2047916","uefa_nations_league_2026_27-2047916__score",10,1,3,0.0413489749553407,0.777200041921282,0.222799958078718,"phase14-open-nb-incumbent-calibrated-v1","0e89c2948c77b348c5b6d3832cf6d4e7721ca7794f8f68f857d6ae82b9fe7d50","fc9a617e48969b5d524f9994bccb31de0cb028829b4c58a1999b77cf12c5a990","open_nb_incumbent","c65a4f90477e5b799e234d1a313ff333f6cce12cfc08de93e342d7718c252ff8","vector_w400_p0p010","be1392fd4b9fbfe747ea90c89a17413f72459d8ff708d6d80d1bf086973eb51e","2026-06-10","2026-11-17T19:44:59Z","elo_diff","xgf_ewma_diffmissing_or_zero_variance|xga_ewma_diffmissing_or_zero_variance|xgd_ewma_diffmissing_or_zero_variance|form_index_diff","6ee0e14cb993827a3d4008c22f6fadb31cbdc14543595eff5e7b1efd88afa81f"
"uefa_nations_league_2026_27","uefa_nations_league_2026_27-2047917","uefa_nations_league_2026_27-2047917","uefa_nations_league_2026_27-2047917__score",1,1,0,0.121332087812291,0.784483884123325,0.215516115876675,"phase14-open-nb-incumbent-calibrated-v1","0e89c2948c77b348c5b6d3832cf6d4e7721ca7794f8f68f857d6ae82b9fe7d50","fc9a617e48969b5d524f9994bccb31de0cb028829b4c58a1999b77cf12c5a990","open_nb_incumbent","c65a4f90477e5b799e234d1a313ff333f6cce12cfc08de93e342d7718c252ff8","vector_w400_p0p010","be1392fd4b9fbfe747ea90c89a17413f72459d8ff708d6d80d1bf086973eb51e","2026-06-10","2026-11-17T19:44:59Z","elo_diff","xgf_ewma_diffmissing_or_zero_variance|xga_ewma_diffmissing_or_zero_variance|xgd_ewma_diffmissing_or_zero_variance|form_index_diff","2db1b69514b82402824dbf85333046dfbffdced83213cd764ef45890d159db1e"
"uefa_nations_league_2026_27","uefa_nations_league_2026_27-2047917","uefa_nations_league_2026_27-2047917","uefa_nations_league_2026_27-2047917__score",2,1,1,0.115829109697662,0.784483884123325,0.215516115876675,"phase14-open-nb-incumbent-calibrated-v1","0e89c2948c77b348c5b6d3832cf6d4e7721ca7794f8f68f857d6ae82b9fe7d50","fc9a617e48969b5d524f9994bccb31de0cb028829b4c58a1999b77cf12c5a990","open_nb_incumbent","c65a4f90477e5b799e234d1a313ff333f6cce12cfc08de93e342d7718c252ff8","vector_w400_p0p010","be1392fd4b9fbfe747ea90c89a17413f72459d8ff708d6d80d1bf086973eb51e","2026-06-10","2026-11-17T19:44:59Z","elo_diff","xgf_ewma_diffmissing_or_zero_variance|xga_ewma_diffmissing_or_zero_variance|xgd_ewma_diffmissing_or_zero_variance|form_index_diff","05f2ce8e29668b7e44d444a95a399b0db2bd9ec667ab591f6ea8a49d62a62a97"
"uefa_nations_league_2026_27","uefa_nations_league_2026_27-2047917","uefa_nations_league_2026_27-2047917","uefa_nations_league_2026_27-2047917__score",3,0,0,0.10215141682038,0.784483884123325,0.215516115876675,"phase14-open-nb-incumbent-calibrated-v1","0e89c2948c77b348c5b6d3832cf6d4e7721ca7794f8f68f857d6ae82b9fe7d50","fc9a617e48969b5d524f9994bccb31de0cb028829b4c58a1999b77cf12c5a990","open_nb_incumbent","c65a4f90477e5b799e234d1a313ff333f6cce12cfc08de93e342d7718c252ff8","vector_w400_p0p010","be1392fd4b9fbfe747ea90c89a17413f72459d8ff708d6d80d1bf086973eb51e","2026-06-10","2026-11-17T19:44:59Z","elo_diff","xgf_ewma_diffmissing_or_zero_variance|xga_ewma_diffmissing_or_zero_variance|xgd_ewma_diffmissing_or_zero_variance|form_index_diff","a473ba07066aefce1f2e37e23ba43d08478d1b1cf5c96f582d2992624b2da9da"
"uefa_nations_league_2026_27","uefa_nations_league_2026_27-2047917","uefa_nations_league_2026_27-2047917","uefa_nations_league_2026_27-2047917__score",4,0,1,0.0975183719162932,0.784483884123325,0.215516115876675,"phase14-open-nb-incumbent-calibrated-v1","0e89c2948c77b348c5b6d3832cf6d4e7721ca7794f8f68f857d6ae82b9fe7d50","fc9a617e48969b5d524f9994bccb31de0cb028829b4c58a1999b77cf12c5a990","open_nb_incumbent","c65a4f90477e5b799e234d1a313ff333f6cce12cfc08de93e342d7718c252ff8","vector_w400_p0p010","be1392fd4b9fbfe747ea90c89a17413f72459d8ff708d6d80d1bf086973eb51e","2026-06-10","2026-11-17T19:44:59Z","elo_diff","xgf_ewma_diffmissing_or_zero_variance|xga_ewma_diffmissing_or_zero_variance|xgd_ewma_diffmissing_or_zero_variance|form_index_diff","4cc2da39be5e984c094853dcafe48638cae6c5fd2e6aef68ba803b0c7bbf3151"
"uefa_nations_league_2026_27","uefa_nations_league_2026_27-2047917","uefa_nations_league_2026_27-2047917","uefa_nations_league_2026_27-2047917__score",5,2,0,0.0790296872126271,0.784483884123325,0.215516115876675,"phase14-open-nb-incumbent-calibrated-v1","0e89c2948c77b348c5b6d3832cf6d4e7721ca7794f8f68f857d6ae82b9fe7d50","fc9a617e48969b5d524f9994bccb31de0cb028829b4c58a1999b77cf12c5a990","open_nb_incumbent","c65a4f90477e5b799e234d1a313ff333f6cce12cfc08de93e342d7718c252ff8","vector_w400_p0p010","be1392fd4b9fbfe747ea90c89a17413f72459d8ff708d6d80d1bf086973eb51e","2026-06-10","2026-11-17T19:44:59Z","elo_diff","xgf_ewma_diffmissing_or_zero_variance|xga_ewma_diffmissing_or_zero_variance|xgd_ewma_diffmissing_or_zero_variance|form_index_diff","fe7cd99c735c9cf3e9739e0f69b466ea7673dc1a31037c3628b8bcf30a8b602b"
"uefa_nations_league_2026_27","uefa_nations_league_2026_27-2047917","uefa_nations_league_2026_27-2047917","uefa_nations_league_2026_27-2047917__score",6,2,1,0.0754453209746547,0.784483884123325,0.215516115876675,"phase14-open-nb-incumbent-calibrated-v1","0e89c2948c77b348c5b6d3832cf6d4e7721ca7794f8f68f857d6ae82b9fe7d50","fc9a617e48969b5d524f9994bccb31de0cb028829b4c58a1999b77cf12c5a990","open_nb_incumbent","c65a4f90477e5b799e234d1a313ff333f6cce12cfc08de93e342d7718c252ff8","vector_w400_p0p010","be1392fd4b9fbfe747ea90c89a17413f72459d8ff708d6d80d1bf086973eb51e","2026-06-10","2026-11-17T19:44:59Z","elo_diff","xgf_ewma_diffmissing_or_zero_variance|xga_ewma_diffmissing_or_zero_variance|xgd_ewma_diffmissing_or_zero_variance|form_index_diff","08a7944c08adc60db1231a6f72259e3fc888b8c74a6c65f9157bedcec1cc7fc7"
"uefa_nations_league_2026_27","uefa_nations_league_2026_27-2047917","uefa_nations_league_2026_27-2047917","uefa_nations_league_2026_27-2047917__score",7,1,2,0.0625014824274932,0.784483884123325,0.215516115876675,"phase14-open-nb-incumbent-calibrated-v1","0e89c2948c77b348c5b6d3832cf6d4e7721ca7794f8f68f857d6ae82b9fe7d50","fc9a617e48969b5d524f9994bccb31de0cb028829b4c58a1999b77cf12c5a990","open_nb_incumbent","c65a4f90477e5b799e234d1a313ff333f6cce12cfc08de93e342d7718c252ff8","vector_w400_p0p010","be1392fd4b9fbfe747ea90c89a17413f72459d8ff708d6d80d1bf086973eb51e","2026-06-10","2026-11-17T19:44:59Z","elo_diff","xgf_ewma_diffmissing_or_zero_variance|xga_ewma_diffmissing_or_zero_variance|xgd_ewma_diffmissing_or_zero_variance|form_index_diff","667c2dd15eae27f643745c1eac829733900a58f5d0ca98e883632267de8c0bf2"
"uefa_nations_league_2026_27","uefa_nations_league_2026_27-2047917","uefa_nations_league_2026_27-2047917","uefa_nations_league_2026_27-2047917__score",8,0,2,0.0526209933288212,0.784483884123325,0.215516115876675,"phase14-open-nb-incumbent-calibrated-v1","0e89c2948c77b348c5b6d3832cf6d4e7721ca7794f8f68f857d6ae82b9fe7d50","fc9a617e48969b5d524f9994bccb31de0cb028829b4c58a1999b77cf12c5a990","open_nb_incumbent","c65a4f90477e5b799e234d1a313ff333f6cce12cfc08de93e342d7718c252ff8","vector_w400_p0p010","be1392fd4b9fbfe747ea90c89a17413f72459d8ff708d6d80d1bf086973eb51e","2026-06-10","2026-11-17T19:44:59Z","elo_diff","xgf_ewma_diffmissing_or_zero_variance|xga_ewma_diffmissing_or_zero_variance|xgd_ewma_diffmissing_or_zero_variance|form_index_diff","8e615e12684fea05c181bae891f3d4fe3eccb224fa7adb048564d0c5eb4168ae"
"uefa_nations_league_2026_27","uefa_nations_league_2026_27-2047917","uefa_nations_league_2026_27-2047917","uefa_nations_league_2026_27-2047917__score",9,2,2,0.0407103569684881,0.784483884123325,0.215516115876675,"phase14-open-nb-incumbent-calibrated-v1","0e89c2948c77b348c5b6d3832cf6d4e7721ca7794f8f68f857d6ae82b9fe7d50","fc9a617e48969b5d524f9994bccb31de0cb028829b4c58a1999b77cf12c5a990","open_nb_incumbent","c65a4f90477e5b799e234d1a313ff333f6cce12cfc08de93e342d7718c252ff8","vector_w400_p0p010","be1392fd4b9fbfe747ea90c89a17413f72459d8ff708d6d80d1bf086973eb51e","2026-06-10","2026-11-17T19:44:59Z","elo_diff","xgf_ewma_diffmissing_or_zero_variance|xga_ewma_diffmissing_or_zero_variance|xgd_ewma_diffmissing_or_zero_variance|form_index_diff","3e25329cc32c2d22e38a8c56e5c4fdac779be9a50ef869232dfbd77db0dbe745"
"uefa_nations_league_2026_27","uefa_nations_league_2026_27-2047917","uefa_nations_league_2026_27-2047917","uefa_nations_league_2026_27-2047917__score",10,3,0,0.0373450569646155,0.784483884123325,0.215516115876675,"phase14-open-nb-incumbent-calibrated-v1","0e89c2948c77b348c5b6d3832cf6d4e7721ca7794f8f68f857d6ae82b9fe7d50","fc9a617e48969b5d524f9994bccb31de0cb028829b4c58a1999b77cf12c5a990","open_nb_incumbent","c65a4f90477e5b799e234d1a313ff333f6cce12cfc08de93e342d7718c252ff8","vector_w400_p0p010","be1392fd4b9fbfe747ea90c89a17413f72459d8ff708d6d80d1bf086973eb51e","2026-06-10","2026-11-17T19:44:59Z","elo_diff","xgf_ewma_diffmissing_or_zero_variance|xga_ewma_diffmissing_or_zero_variance|xgd_ewma_diffmissing_or_zero_variance|form_index_diff","7031b7470319c591f150281181e371f2a9d953ebeb6270834bb2c4a4bcc3e12c"
"uefa_nations_league_2026_27","uefa_nations_league_2026_27-2047918","uefa_nations_league_2026_27-2047918","uefa_nations_league_2026_27-2047918__score",1,1,0,0.135536437837644,0.78102416144455,0.21897583855545,"phase14-open-nb-incumbent-calibrated-v1","0e89c2948c77b348c5b6d3832cf6d4e7721ca7794f8f68f857d6ae82b9fe7d50","fc9a617e48969b5d524f9994bccb31de0cb028829b4c58a1999b77cf12c5a990","open_nb_incumbent","c65a4f90477e5b799e234d1a313ff333f6cce12cfc08de93e342d7718c252ff8","vector_w400_p0p010","be1392fd4b9fbfe747ea90c89a17413f72459d8ff708d6d80d1bf086973eb51e","2026-06-10","2026-11-17T19:44:59Z","elo_diff","xgf_ewma_diffmissing_or_zero_variance|xga_ewma_diffmissing_or_zero_variance|xgd_ewma_diffmissing_or_zero_variance|form_index_diff","7491c7551667a3c0eb47f36ab6e4b1446a8e71bc0c478f00099feb47ff255fcc"
"uefa_nations_league_2026_27","uefa_nations_league_2026_27-2047918","uefa_nations_league_2026_27-2047918","uefa_nations_league_2026_27-2047918__score",2,2,0,0.128438924735854,0.78102416144455,0.21897583855545,"phase14-open-nb-incumbent-calibrated-v1","0e89c2948c77b348c5b6d3832cf6d4e7721ca7794f8f68f857d6ae82b9fe7d50","fc9a617e48969b5d524f9994bccb31de0cb028829b4c58a1999b77cf12c5a990","open_nb_incumbent","c65a4f90477e5b799e234d1a313ff333f6cce12cfc08de93e342d7718c252ff8","vector_w400_p0p010","be1392fd4b9fbfe747ea90c89a17413f72459d8ff708d6d80d1bf086973eb51e","2026-06-10","2026-11-17T19:44:59Z","elo_diff","xgf_ewma_diffmissing_or_zero_variance|xga_ewma_diffmissing_or_zero_variance|xgd_ewma_diffmissing_or_zero_variance|form_index_diff","19d63c30d0a13835e04b4d3818fb729b02e1c0257b86897566a928258d3413b7"
"uefa_nations_league_2026_27","uefa_nations_league_2026_27-2047918","uefa_nations_league_2026_27-2047918","uefa_nations_league_2026_27-2047918__score",3,3,0,0.0883009804234294,0.78102416144455,0.21897583855545,"phase14-open-nb-incumbent-calibrated-v1","0e89c2948c77b348c5b6d3832cf6d4e7721ca7794f8f68f857d6ae82b9fe7d50","fc9a617e48969b5d524f9994bccb31de0cb028829b4c58a1999b77cf12c5a990","open_nb_incumbent","c65a4f90477e5b799e234d1a313ff333f6cce12cfc08de93e342d7718c252ff8","vector_w400_p0p010","be1392fd4b9fbfe747ea90c89a17413f72459d8ff708d6d80d1bf086973eb51e","2026-06-10","2026-11-17T19:44:59Z","elo_diff","xgf_ewma_diffmissing_or_zero_variance|xga_ewma_diffmissing_or_zero_variance|xgd_ewma_diffmissing_or_zero_variance|form_index_diff","d3f20be8e71db6314a4a3c49d675137bacd0bb2bfe25dbf28940c3c3ed6f78c9"
"uefa_nations_league_2026_27","uefa_nations_league_2026_27-2047918","uefa_nations_league_2026_27-2047918","uefa_nations_league_2026_27-2047918__score",4,1,1,0.085031438654936,0.78102416144455,0.21897583855545,"phase14-open-nb-incumbent-calibrated-v1","0e89c2948c77b348c5b6d3832cf6d4e7721ca7794f8f68f857d6ae82b9fe7d50","fc9a617e48969b5d524f9994bccb31de0cb028829b4c58a1999b77cf12c5a990","open_nb_incumbent","c65a4f90477e5b799e234d1a313ff333f6cce12cfc08de93e342d7718c252ff8","vector_w400_p0p010","be1392fd4b9fbfe747ea90c89a17413f72459d8ff708d6d80d1bf086973eb51e","2026-06-10","2026-11-17T19:44:59Z","elo_diff","xgf_ewma_diffmissing_or_zero_variance|xga_ewma_diffmissing_or_zero_variance|xgd_ewma_diffmissing_or_zero_variance|form_index_diff","708f5011f658f99e4639d7c29fbc024a592857cd810051b9c6c04891ab6ce2b7"
"uefa_nations_league_2026_27","uefa_nations_league_2026_27-2047918","uefa_nations_league_2026_27-2047918","uefa_nations_league_2026_27-2047918__score",5,2,1,0.0805786748111615,0.78102416144455,0.21897583855545,"phase14-open-nb-incumbent-calibrated-v1","0e89c2948c77b348c5b6d3832cf6d4e7721ca7794f8f68f857d6ae82b9fe7d50","fc9a617e48969b5d524f9994bccb31de0cb028829b4c58a1999b77cf12c5a990","open_nb_incumbent","c65a4f90477e5b799e234d1a313ff333f6cce12cfc08de93e342d7718c252ff8","vector_w400_p0p010","be1392fd4b9fbfe747ea90c89a17413f72459d8ff708d6d80d1bf086973eb51e","2026-06-10","2026-11-17T19:44:59Z","elo_diff","xgf_ewma_diffmissing_or_zero_variance|xga_ewma_diffmissing_or_zero_variance|xgd_ewma_diffmissing_or_zero_variance|form_index_diff","d72733fcb107090ce3b46a4ce25638961f22811147e9c6ceedd8276817afe6db"
"uefa_nations_league_2026_27","uefa_nations_league_2026_27-2047918","uefa_nations_league_2026_27-2047918","uefa_nations_league_2026_27-2047918__score",6,0,0,0.078432993321707,0.78102416144455,0.21897583855545,"phase14-open-nb-incumbent-calibrated-v1","0e89c2948c77b348c5b6d3832cf6d4e7721ca7794f8f68f857d6ae82b9fe7d50","fc9a617e48969b5d524f9994bccb31de0cb028829b4c58a1999b77cf12c5a990","open_nb_incumbent","c65a4f90477e5b799e234d1a313ff333f6cce12cfc08de93e342d7718c252ff8","vector_w400_p0p010","be1392fd4b9fbfe747ea90c89a17413f72459d8ff708d6d80d1bf086973eb51e","2026-06-10","2026-11-17T19:44:59Z","elo_diff","xgf_ewma_diffmissing_or_zero_variance|xga_ewma_diffmissing_or_zero_variance|xgd_ewma_diffmissing_or_zero_variance|form_index_diff","21ac7649aef16c827b9f8a97413abe441bf2f968d0847729e0bc40be60de5ae5"
"uefa_nations_league_2026_27","uefa_nations_league_2026_27-2047918","uefa_nations_league_2026_27-2047918","uefa_nations_league_2026_27-2047918__score",7,3,1,0.0553973493758162,0.78102416144455,0.21897583855545,"phase14-open-nb-incumbent-calibrated-v1","0e89c2948c77b348c5b6d3832cf6d4e7721ca7794f8f68f857d6ae82b9fe7d50","fc9a617e48969b5d524f9994bccb31de0cb028829b4c58a1999b77cf12c5a990","open_nb_incumbent","c65a4f90477e5b799e234d1a313ff333f6cce12cfc08de93e342d7718c252ff8","vector_w400_p0p010","be1392fd4b9fbfe747ea90c89a17413f72459d8ff708d6d80d1bf086973eb51e","2026-06-10","2026-11-17T19:44:59Z","elo_diff","xgf_ewma_diffmissing_or_zero_variance|xga_ewma_diffmissing_or_zero_variance|xgd_ewma_diffmissing_or_zero_variance|form_index_diff","1f51fd4a455c233a0a910a7403536b2f03dafe3bdd1f1579b5f02f4f7b32c368"
"uefa_nations_league_2026_27","uefa_nations_league_2026_27-2047918","uefa_nations_league_2026_27-2047918","uefa_nations_league_2026_27-2047918__score",8,4,0,0.0492210796179235,0.78102416144455,0.21897583855545,"phase14-open-nb-incumbent-calibrated-v1","0e89c2948c77b348c5b6d3832cf6d4e7721ca7794f8f68f857d6ae82b9fe7d50","fc9a617e48969b5d524f9994bccb31de0cb028829b4c58a1999b77cf12c5a990","open_nb_incumbent","c65a4f90477e5b799e234d1a313ff333f6cce12cfc08de93e342d7718c252ff8","vector_w400_p0p010","be1392fd4b9fbfe747ea90c89a17413f72459d8ff708d6d80d1bf086973eb51e","2026-06-10","2026-11-17T19:44:59Z","elo_diff","xgf_ewma_diffmissing_or_zero_variance|xga_ewma_diffmissing_or_zero_variance|xgd_ewma_diffmissing_or_zero_variance|form_index_diff","e9f04fa2f692783c71e73f86ed3fa9715addd2b2aca64344df2d2d39d2da5aac"
"uefa_nations_league_2026_27","uefa_nations_league_2026_27-2047918","uefa_nations_league_2026_27-2047918","uefa_nations_league_2026_27-2047918__score",9,0,1,0.0492064744105693,0.78102416144455,0.21897583855545,"phase14-open-nb-incumbent-calibrated-v1","0e89c2948c77b348c5b6d3832cf6d4e7721ca7794f8f68f857d6ae82b9fe7d50","fc9a617e48969b5d524f9994bccb31de0cb028829b4c58a1999b77cf12c5a990","open_nb_incumbent","c65a4f90477e5b799e234d1a313ff333f6cce12cfc08de93e342d7718c252ff8","vector_w400_p0p010","be1392fd4b9fbfe747ea90c89a17413f72459d8ff708d6d80d1bf086973eb51e","2026-06-10","2026-11-17T19:44:59Z","elo_diff","xgf_ewma_diffmissing_or_zero_variance|xga_ewma_diffmissing_or_zero_variance|xgd_ewma_diffmissing_or_zero_variance|form_index_diff","802344935fc1490ef7586dc8741da6c75920c148526ba2cb479ea59c91da0cdb"
"uefa_nations_league_2026_27","uefa_nations_league_2026_27-2047918","uefa_nations_league_2026_27-2047918","uefa_nations_league_2026_27-2047918__score",10,4,1,0.0308798082555092,0.78102416144455,0.21897583855545,"phase14-open-nb-incumbent-calibrated-v1","0e89c2948c77b348c5b6d3832cf6d4e7721ca7794f8f68f857d6ae82b9fe7d50","fc9a617e48969b5d524f9994bccb31de0cb028829b4c58a1999b77cf12c5a990","open_nb_incumbent","c65a4f90477e5b799e234d1a313ff333f6cce12cfc08de93e342d7718c252ff8","vector_w400_p0p010","be1392fd4b9fbfe747ea90c89a17413f72459d8ff708d6d80d1bf086973eb51e","2026-06-10","2026-11-17T19:44:59Z","elo_diff","xgf_ewma_diffmissing_or_zero_variance|xga_ewma_diffmissing_or_zero_variance|xgd_ewma_diffmissing_or_zero_variance|form_index_diff","0fe07f7e05c45f3f1736679ca104b78c4bccfa7cd2d9447996840293b4dd2ba8"
"uefa_nations_league_2026_27","uefa_nations_league_2026_27-2047919","uefa_nations_league_2026_27-2047919","uefa_nations_league_2026_27-2047919__score",1,1,0,0.119360521920717,0.783911190818174,0.216088809181826,"phase14-open-nb-incumbent-calibrated-v1","0e89c2948c77b348c5b6d3832cf6d4e7721ca7794f8f68f857d6ae82b9fe7d50","fc9a617e48969b5d524f9994bccb31de0cb028829b4c58a1999b77cf12c5a990","open_nb_incumbent","c65a4f90477e5b799e234d1a313ff333f6cce12cfc08de93e342d7718c252ff8","vector_w400_p0p010","be1392fd4b9fbfe747ea90c89a17413f72459d8ff708d6d80d1bf086973eb51e","2026-06-10","2026-11-17T19:44:59Z","elo_diff","xgf_ewma_diffmissing_or_zero_variance|xga_ewma_diffmissing_or_zero_variance|xgd_ewma_diffmissing_or_zero_variance|form_index_diff","6aacb50fe3a99ac9a399eb992c717abb0827c68121001b69dfc2cb2fdcef0973"
"uefa_nations_league_2026_27","uefa_nations_league_2026_27-2047919","uefa_nations_league_2026_27-2047919","uefa_nations_league_2026_27-2047919__score",2,1,1,0.116322377569698,0.783911190818174,0.216088809181826,"phase14-open-nb-incumbent-calibrated-v1","0e89c2948c77b348c5b6d3832cf6d4e7721ca7794f8f68f857d6ae82b9fe7d50","fc9a617e48969b5d524f9994bccb31de0cb028829b4c58a1999b77cf12c5a990","open_nb_incumbent","c65a4f90477e5b799e234d1a313ff333f6cce12cfc08de93e342d7718c252ff8","vector_w400_p0p010","be1392fd4b9fbfe747ea90c89a17413f72459d8ff708d6d80d1bf086973eb51e","2026-06-10","2026-11-17T19:44:59Z","elo_diff","xgf_ewma_diffmissing_or_zero_variance|xga_ewma_diffmissing_or_zero_variance|xgd_ewma_diffmissing_or_zero_variance|form_index_diff","165ca18e6f6eb2253b64b733a08fd8ca8c896ab28ca11e660de407ede4aab8ee"
"uefa_nations_league_2026_27","uefa_nations_league_2026_27-2047919","uefa_nations_league_2026_27-2047919","uefa_nations_league_2026_27-2047919__score",3,0,0,0.102470474001293,0.783911190818174,0.216088809181826,"phase14-open-nb-incumbent-calibrated-v1","0e89c2948c77b348c5b6d3832cf6d4e7721ca7794f8f68f857d6ae82b9fe7d50","fc9a617e48969b5d524f9994bccb31de0cb028829b4c58a1999b77cf12c5a990","open_nb_incumbent","c65a4f90477e5b799e234d1a313ff333f6cce12cfc08de93e342d7718c252ff8","vector_w400_p0p010","be1392fd4b9fbfe747ea90c89a17413f72459d8ff708d6d80d1bf086973eb51e","2026-06-10","2026-11-17T19:44:59Z","elo_diff","xgf_ewma_diffmissing_or_zero_variance|xga_ewma_diffmissing_or_zero_variance|xgd_ewma_diffmissing_or_zero_variance|form_index_diff","9ef40bd2bd4cb59f22fe3f6d4b84d104dccdb4eab0e436ad67f0a750dbe37559"
"uefa_nations_league_2026_27","uefa_nations_league_2026_27-2047919","uefa_nations_league_2026_27-2047919","uefa_nations_league_2026_27-2047919__score",4,0,1,0.0998622406698401,0.783911190818174,0.216088809181826,"phase14-open-nb-incumbent-calibrated-v1","0e89c2948c77b348c5b6d3832cf6d4e7721ca7794f8f68f857d6ae82b9fe7d50","fc9a617e48969b5d524f9994bccb31de0cb028829b4c58a1999b77cf12c5a990","open_nb_incumbent","c65a4f90477e5b799e234d1a313ff333f6cce12cfc08de93e342d7718c252ff8","vector_w400_p0p010","be1392fd4b9fbfe747ea90c89a17413f72459d8ff708d6d80d1bf086973eb51e","2026-06-10","2026-11-17T19:44:59Z","elo_diff","xgf_ewma_diffmissing_or_zero_variance|xga_ewma_diffmissing_or_zero_variance|xgd_ewma_diffmissing_or_zero_variance|form_index_diff","a1c51e1e902919c0454e81c55ed4c5d88550285b54d14cb28abc3fbd2afc32a2"
"uefa_nations_league_2026_27","uefa_nations_league_2026_27-2047919","uefa_nations_league_2026_27-2047919","uefa_nations_league_2026_27-2047919__score",5,2,0,0.0762440555869911,0.783911190818174,0.216088809181826,"phase14-open-nb-incumbent-calibrated-v1","0e89c2948c77b348c5b6d3832cf6d4e7721ca7794f8f68f857d6ae82b9fe7d50","fc9a617e48969b5d524f9994bccb31de0cb028829b4c58a1999b77cf12c5a990","open_nb_incumbent","c65a4f90477e5b799e234d1a313ff333f6cce12cfc08de93e342d7718c252ff8","vector_w400_p0p010","be1392fd4b9fbfe747ea90c89a17413f72459d8ff708d6d80d1bf086973eb51e","2026-06-10","2026-11-17T19:44:59Z","elo_diff","xgf_ewma_diffmissing_or_zero_variance|xga_ewma_diffmissing_or_zero_variance|xgd_ewma_diffmissing_or_zero_variance|form_index_diff","dea40e97efb70f7b25922b9fa85dd110bf587b7c7502cd33048d881b635c95f9"
"uefa_nations_league_2026_27","uefa_nations_league_2026_27-2047919","uefa_nations_league_2026_27-2047919","uefa_nations_league_2026_27-2047919__score",6,2,1,0.0743033766836744,0.783911190818174,0.216088809181826,"phase14-open-nb-incumbent-calibrated-v1","0e89c2948c77b348c5b6d3832cf6d4e7721ca7794f8f68f857d6ae82b9fe7d50","fc9a617e48969b5d524f9994bccb31de0cb028829b4c58a1999b77cf12c5a990","open_nb_incumbent","c65a4f90477e5b799e234d1a313ff333f6cce12cfc08de93e342d7718c252ff8","vector_w400_p0p010","be1392fd4b9fbfe747ea90c89a17413f72459d8ff708d6d80d1bf086973eb51e","2026-06-10","2026-11-17T19:44:59Z","elo_diff","xgf_ewma_diffmissing_or_zero_variance|xga_ewma_diffmissing_or_zero_variance|xgd_ewma_diffmissing_or_zero_variance|form_index_diff","45a0f514cfdc013947dfa1c51e6b54634c100dba1825d6bd8689ab57b4c8ca41"
"uefa_nations_league_2026_27","uefa_nations_league_2026_27-2047919","uefa_nations_league_2026_27-2047919","uefa_nations_league_2026_27-2047919__score",7,1,2,0.0640761462657919,0.783911190818174,0.216088809181826,"phase14-open-nb-incumbent-calibrated-v1","0e89c2948c77b348c5b6d3832cf6d4e7721ca7794f8f68f857d6ae82b9fe7d50","fc9a617e48969b5d524f9994bccb31de0cb028829b4c58a1999b77cf12c5a990","open_nb_incumbent","c65a4f90477e5b799e234d1a313ff333f6cce12cfc08de93e342d7718c252ff8","vector_w400_p0p010","be1392fd4b9fbfe747ea90c89a17413f72459d8ff708d6d80d1bf086973eb51e","2026-06-10","2026-11-17T19:44:59Z","elo_diff","xgf_ewma_diffmissing_or_zero_variance|xga_ewma_diffmissing_or_zero_variance|xgd_ewma_diffmissing_or_zero_variance|form_index_diff","276d8795472dc6fb0ab1056ee0b35e0858faaab1c6649914d91d88c84f855bad"
"uefa_nations_league_2026_27","uefa_nations_league_2026_27-2047919","uefa_nations_league_2026_27-2047919","uefa_nations_league_2026_27-2047919__score",8,0,2,0.0550090848663779,0.783911190818174,0.216088809181826,"phase14-open-nb-incumbent-calibrated-v1","0e89c2948c77b348c5b6d3832cf6d4e7721ca7794f8f68f857d6ae82b9fe7d50","fc9a617e48969b5d524f9994bccb31de0cb028829b4c58a1999b77cf12c5a990","open_nb_incumbent","c65a4f90477e5b799e234d1a313ff333f6cce12cfc08de93e342d7718c252ff8","vector_w400_p0p010","be1392fd4b9fbfe747ea90c89a17413f72459d8ff708d6d80d1bf086973eb51e","2026-06-10","2026-11-17T19:44:59Z","elo_diff","xgf_ewma_diffmissing_or_zero_variance|xga_ewma_diffmissing_or_zero_variance|xgd_ewma_diffmissing_or_zero_variance|form_index_diff","2fd753e9ce03a78518c8157826a05a994d3f9e006c05acdf925a235536489b1d"
"uefa_nations_league_2026_27","uefa_nations_league_2026_27-2047919","uefa_nations_league_2026_27-2047919","uefa_nations_league_2026_27-2047919__score",9,2,2,0.0409299924219018,0.783911190818174,0.216088809181826,"phase14-open-nb-incumbent-calibrated-v1","0e89c2948c77b348c5b6d3832cf6d4e7721ca7794f8f68f857d6ae82b9fe7d50","fc9a617e48969b5d524f9994bccb31de0cb028829b4c58a1999b77cf12c5a990","open_nb_incumbent","c65a4f90477e5b799e234d1a313ff333f6cce12cfc08de93e342d7718c252ff8","vector_w400_p0p010","be1392fd4b9fbfe747ea90c89a17413f72459d8ff708d6d80d1bf086973eb51e","2026-06-10","2026-11-17T19:44:59Z","elo_diff","xgf_ewma_diffmissing_or_zero_variance|xga_ewma_diffmissing_or_zero_variance|xgd_ewma_diffmissing_or_zero_variance|form_index_diff","f18888c10e004658421e69ba934813714790d13d08aec56c80e9ac39a807cdae"
"uefa_nations_league_2026_27","uefa_nations_league_2026_27-2047919","uefa_nations_league_2026_27-2047919","uefa_nations_league_2026_27-2047919__score",10,3,0,0.0353329208318876,0.783911190818174,0.216088809181826,"phase14-open-nb-incumbent-calibrated-v1","0e89c2948c77b348c5b6d3832cf6d4e7721ca7794f8f68f857d6ae82b9fe7d50","fc9a617e48969b5d524f9994bccb31de0cb028829b4c58a1999b77cf12c5a990","open_nb_incumbent","c65a4f90477e5b799e234d1a313ff333f6cce12cfc08de93e342d7718c252ff8","vector_w400_p0p010","be1392fd4b9fbfe747ea90c89a17413f72459d8ff708d6d80d1bf086973eb51e","2026-06-10","2026-11-17T19:44:59Z","elo_diff","xgf_ewma_diffmissing_or_zero_variance|xga_ewma_diffmissing_or_zero_variance|xgd_ewma_diffmissing_or_zero_variance|form_index_diff","6a6141d227819196b08ad15498558603e6d306f6f5c11bc42ff76f3cc0aa4b5c"
"uefa_nations_league_2026_27","uefa_nations_league_2026_27-2047920","uefa_nations_league_2026_27-2047920","uefa_nations_league_2026_27-2047920__score",1,0,1,0.128714064579859,0.765349557536053,0.234650442463947,"phase14-open-nb-incumbent-calibrated-v1","0e89c2948c77b348c5b6d3832cf6d4e7721ca7794f8f68f857d6ae82b9fe7d50","fc9a617e48969b5d524f9994bccb31de0cb028829b4c58a1999b77cf12c5a990","open_nb_incumbent","c65a4f90477e5b799e234d1a313ff333f6cce12cfc08de93e342d7718c252ff8","vector_w400_p0p010","be1392fd4b9fbfe747ea90c89a17413f72459d8ff708d6d80d1bf086973eb51e","2026-06-10","2026-11-17T19:44:59Z","elo_diff","xgf_ewma_diffmissing_or_zero_variance|xga_ewma_diffmissing_or_zero_variance|xgd_ewma_diffmissing_or_zero_variance|form_index_diff","fdf66695147310aaf181d19faad1c4803bac1619c55480440d4e001e77dbf61f"
"uefa_nations_league_2026_27","uefa_nations_league_2026_27-2047920","uefa_nations_league_2026_27-2047920","uefa_nations_league_2026_27-2047920__score",2,0,2,0.114498169478198,0.765349557536053,0.234650442463947,"phase14-open-nb-incumbent-calibrated-v1","0e89c2948c77b348c5b6d3832cf6d4e7721ca7794f8f68f857d6ae82b9fe7d50","fc9a617e48969b5d524f9994bccb31de0cb028829b4c58a1999b77cf12c5a990","open_nb_incumbent","c65a4f90477e5b799e234d1a313ff333f6cce12cfc08de93e342d7718c252ff8","vector_w400_p0p010","be1392fd4b9fbfe747ea90c89a17413f72459d8ff708d6d80d1bf086973eb51e","2026-06-10","2026-11-17T19:44:59Z","elo_diff","xgf_ewma_diffmissing_or_zero_variance|xga_ewma_diffmissing_or_zero_variance|xgd_ewma_diffmissing_or_zero_variance|form_index_diff","48d1518b7df2941c4d72e657bb2dc6100bda35e49ecb1d9b8630c8a6702727d9"
"uefa_nations_league_2026_27","uefa_nations_league_2026_27-2047920","uefa_nations_league_2026_27-2047920","uefa_nations_league_2026_27-2047920__score",3,1,1,0.0921683891672444,0.765349557536053,0.234650442463947,"phase14-open-nb-incumbent-calibrated-v1","0e89c2948c77b348c5b6d3832cf6d4e7721ca7794f8f68f857d6ae82b9fe7d50","fc9a617e48969b5d524f9994bccb31de0cb028829b4c58a1999b77cf12c5a990","open_nb_incumbent","c65a4f90477e5b799e234d1a313ff333f6cce12cfc08de93e342d7718c252ff8","vector_w400_p0p010","be1392fd4b9fbfe747ea90c89a17413f72459d8ff708d6d80d1bf086973eb51e","2026-06-10","2026-11-17T19:44:59Z","elo_diff","xgf_ewma_diffmissing_or_zero_variance|xga_ewma_diffmissing_or_zero_variance|xgd_ewma_diffmissing_or_zero_variance|form_index_diff","8ab700a1a9ce66a0b1799012ed1b46402b78f1a0c8f27f8ede8b0cb1d9a1a8b9"
"uefa_nations_league_2026_27","uefa_nations_league_2026_27-2047920","uefa_nations_league_2026_27-2047920","uefa_nations_league_2026_27-2047920__score",4,1,2,0.081988801129469,0.765349557536053,0.234650442463947,"phase14-open-nb-incumbent-calibrated-v1","0e89c2948c77b348c5b6d3832cf6d4e7721ca7794f8f68f857d6ae82b9fe7d50","fc9a617e48969b5d524f9994bccb31de0cb028829b4c58a1999b77cf12c5a990","open_nb_incumbent","c65a4f90477e5b799e234d1a313ff333f6cce12cfc08de93e342d7718c252ff8","vector_w400_p0p010","be1392fd4b9fbfe747ea90c89a17413f72459d8ff708d6d80d1bf086973eb51e","2026-06-10","2026-11-17T19:44:59Z","elo_diff","xgf_ewma_diffmissing_or_zero_variance|xga_ewma_diffmissing_or_zero_variance|xgd_ewma_diffmissing_or_zero_variance|form_index_diff","74d93e0c0d761577bfeb49e871bd7c4f1dff4038644ded24f5bb3b0c8fbdcd16"
"uefa_nations_league_2026_27","uefa_nations_league_2026_27-2047920","uefa_nations_league_2026_27-2047920","uefa_nations_league_2026_27-2047920__score",5,0,0,0.0817869511057216,0.765349557536053,0.234650442463947,"phase14-open-nb-incumbent-calibrated-v1","0e89c2948c77b348c5b6d3832cf6d4e7721ca7794f8f68f857d6ae82b9fe7d50","fc9a617e48969b5d524f9994bccb31de0cb028829b4c58a1999b77cf12c5a990","open_nb_incumbent","c65a4f90477e5b799e234d1a313ff333f6cce12cfc08de93e342d7718c252ff8","vector_w400_p0p010","be1392fd4b9fbfe747ea90c89a17413f72459d8ff708d6d80d1bf086973eb51e","2026-06-10","2026-11-17T19:44:59Z","elo_diff","xgf_ewma_diffmissing_or_zero_variance|xga_ewma_diffmissing_or_zero_variance|xgd_ewma_diffmissing_or_zero_variance|form_index_diff","f8238172bef18306a2547b5270a3feee7760590fba5181fabaaec432fe9a1bdb"
"uefa_nations_league_2026_27","uefa_nations_league_2026_27-2047920","uefa_nations_league_2026_27-2047920","uefa_nations_league_2026_27-2047920__score",6,0,3,0.0757384473835702,0.765349557536053,0.234650442463947,"phase14-open-nb-incumbent-calibrated-v1","0e89c2948c77b348c5b6d3832cf6d4e7721ca7794f8f68f857d6ae82b9fe7d50","fc9a617e48969b5d524f9994bccb31de0cb028829b4c58a1999b77cf12c5a990","open_nb_incumbent","c65a4f90477e5b799e234d1a313ff333f6cce12cfc08de93e342d7718c252ff8","vector_w400_p0p010","be1392fd4b9fbfe747ea90c89a17413f72459d8ff708d6d80d1bf086973eb51e","2026-06-10","2026-11-17T19:44:59Z","elo_diff","xgf_ewma_diffmissing_or_zero_variance|xga_ewma_diffmissing_or_zero_variance|xgd_ewma_diffmissing_or_zero_variance|form_index_diff","6c02e5b5ce1ec365419d87e6839e04d85fa80cf3efa5ad1f40cec811743a3ed7"
"uefa_nations_league_2026_27","uefa_nations_league_2026_27-2047920","uefa_nations_league_2026_27-2047920","uefa_nations_league_2026_27-2047920__score",7,1,0,0.0585652513027245,0.765349557536053,0.234650442463947,"phase14-open-nb-incumbent-calibrated-v1","0e89c2948c77b348c5b6d3832cf6d4e7721ca7794f8f68f857d6ae82b9fe7d50","fc9a617e48969b5d524f9994bccb31de0cb028829b4c58a1999b77cf12c5a990","open_nb_incumbent","c65a4f90477e5b799e234d1a313ff333f6cce12cfc08de93e342d7718c252ff8","vector_w400_p0p010","be1392fd4b9fbfe747ea90c89a17413f72459d8ff708d6d80d1bf086973eb51e","2026-06-10","2026-11-17T19:44:59Z","elo_diff","xgf_ewma_diffmissing_or_zero_variance|xga_ewma_diffmissing_or_zero_variance|xgd_ewma_diffmissing_or_zero_variance|form_index_diff","b8fecc972989006aec84af24a551506144aeca0a6edc488e2bfc2c2763c5a8c6"
"uefa_nations_league_2026_27","uefa_nations_league_2026_27-2047920","uefa_nations_league_2026_27-2047920","uefa_nations_league_2026_27-2047920__score",8,1,3,0.0542340941229519,0.765349557536053,0.234650442463947,"phase14-open-nb-incumbent-calibrated-v1","0e89c2948c77b348c5b6d3832cf6d4e7721ca7794f8f68f857d6ae82b9fe7d50","fc9a617e48969b5d524f9994bccb31de0cb028829b4c58a1999b77cf12c5a990","open_nb_incumbent","c65a4f90477e5b799e234d1a313ff333f6cce12cfc08de93e342d7718c252ff8","vector_w400_p0p010","be1392fd4b9fbfe747ea90c89a17413f72459d8ff708d6d80d1bf086973eb51e","2026-06-10","2026-11-17T19:44:59Z","elo_diff","xgf_ewma_diffmissing_or_zero_variance|xga_ewma_diffmissing_or_zero_variance|xgd_ewma_diffmissing_or_zero_variance|form_index_diff","93fb18af12e136bad7a40c0b282829f4311b0cf565a95c5357047227f876338c"
"uefa_nations_league_2026_27","uefa_nations_league_2026_27-2047920","uefa_nations_league_2026_27-2047920","uefa_nations_league_2026_27-2047920__score",9,0,4,0.0414626623423399,0.765349557536053,0.234650442463947,"phase14-open-nb-incumbent-calibrated-v1","0e89c2948c77b348c5b6d3832cf6d4e7721ca7794f8f68f857d6ae82b9fe7d50","fc9a617e48969b5d524f9994bccb31de0cb028829b4c58a1999b77cf12c5a990","open_nb_incumbent","c65a4f90477e5b799e234d1a313ff333f6cce12cfc08de93e342d7718c252ff8","vector_w400_p0p010","be1392fd4b9fbfe747ea90c89a17413f72459d8ff708d6d80d1bf086973eb51e","2026-06-10","2026-11-17T19:44:59Z","elo_diff","xgf_ewma_diffmissing_or_zero_variance|xga_ewma_diffmissing_or_zero_variance|xgd_ewma_diffmissing_or_zero_variance|form_index_diff","5c6ac027e5d58acd5c8f0d99c283f6344468020c5abbe6d3fd094156354b55ee"
"uefa_nations_league_2026_27","uefa_nations_league_2026_27-2047920","uefa_nations_league_2026_27-2047920","uefa_nations_league_2026_27-2047920__score",10,2,1,0.036192726923975,0.765349557536053,0.234650442463947,"phase14-open-nb-incumbent-calibrated-v1","0e89c2948c77b348c5b6d3832cf6d4e7721ca7794f8f68f857d6ae82b9fe7d50","fc9a617e48969b5d524f9994bccb31de0cb028829b4c58a1999b77cf12c5a990","open_nb_incumbent","c65a4f90477e5b799e234d1a313ff333f6cce12cfc08de93e342d7718c252ff8","vector_w400_p0p010","be1392fd4b9fbfe747ea90c89a17413f72459d8ff708d6d80d1bf086973eb51e","2026-06-10","2026-11-17T19:44:59Z","elo_diff","xgf_ewma_diffmissing_or_zero_variance|xga_ewma_diffmissing_or_zero_variance|xgd_ewma_diffmissing_or_zero_variance|form_index_diff","51e06c816e04f86a988583302ef3b2c2862b7244478f85a6ff63f61e12d79ab4"
"uefa_nations_league_2026_27","uefa_nations_league_2026_27-2047921","uefa_nations_league_2026_27-2047921","uefa_nations_league_2026_27-2047921__score",1,1,0,0.136982654691947,0.78306663563669,0.21693336436331,"phase14-open-nb-incumbent-calibrated-v1","0e89c2948c77b348c5b6d3832cf6d4e7721ca7794f8f68f857d6ae82b9fe7d50","fc9a617e48969b5d524f9994bccb31de0cb028829b4c58a1999b77cf12c5a990","open_nb_incumbent","c65a4f90477e5b799e234d1a313ff333f6cce12cfc08de93e342d7718c252ff8","vector_w400_p0p010","be1392fd4b9fbfe747ea90c89a17413f72459d8ff708d6d80d1bf086973eb51e","2026-06-10","2026-11-17T19:44:59Z","elo_diff","xgf_ewma_diffmissing_or_zero_variance|xga_ewma_diffmissing_or_zero_variance|xgd_ewma_diffmissing_or_zero_variance|form_index_diff","9ad6eb53ebe74fe898da6315b4987b8c5c3dbb838288af324cbe860606139ce7"
"uefa_nations_league_2026_27","uefa_nations_league_2026_27-2047921","uefa_nations_league_2026_27-2047921","uefa_nations_league_2026_27-2047921__score",2,2,0,0.117212851651515,0.78306663563669,0.21693336436331,"phase14-open-nb-incumbent-calibrated-v1","0e89c2948c77b348c5b6d3832cf6d4e7721ca7794f8f68f857d6ae82b9fe7d50","fc9a617e48969b5d524f9994bccb31de0cb028829b4c58a1999b77cf12c5a990","open_nb_incumbent","c65a4f90477e5b799e234d1a313ff333f6cce12cfc08de93e342d7718c252ff8","vector_w400_p0p010","be1392fd4b9fbfe747ea90c89a17413f72459d8ff708d6d80d1bf086973eb51e","2026-06-10","2026-11-17T19:44:59Z","elo_diff","xgf_ewma_diffmissing_or_zero_variance|xga_ewma_diffmissing_or_zero_variance|xgd_ewma_diffmissing_or_zero_variance|form_index_diff","115ccb4240b287d6cfea2ed080ec68534b22178ce8c2d9af7815c5ebf89a15f2"
"uefa_nations_league_2026_27","uefa_nations_league_2026_27-2047921","uefa_nations_league_2026_27-2047921","uefa_nations_league_2026_27-2047921__score",3,1,1,0.0967855609777853,0.78306663563669,0.21693336436331,"phase14-open-nb-incumbent-calibrated-v1","0e89c2948c77b348c5b6d3832cf6d4e7721ca7794f8f68f857d6ae82b9fe7d50","fc9a617e48969b5d524f9994bccb31de0cb028829b4c58a1999b77cf12c5a990","open_nb_incumbent","c65a4f90477e5b799e234d1a313ff333f6cce12cfc08de93e342d7718c252ff8","vector_w400_p0p010","be1392fd4b9fbfe747ea90c89a17413f72459d8ff708d6d80d1bf086973eb51e","2026-06-10","2026-11-17T19:44:59Z","elo_diff","xgf_ewma_diffmissing_or_zero_variance|xga_ewma_diffmissing_or_zero_variance|xgd_ewma_diffmissing_or_zero_variance|form_index_diff","ff3dfa3b0a3df2d11161218a9aff5b8e45ba803f43d3aa66c417b127a367ea8b"
"uefa_nations_league_2026_27","uefa_nations_league_2026_27-2047921","uefa_nations_league_2026_27-2047921","uefa_nations_league_2026_27-2047921__score",4,0,0,0.0877888259860008,0.78306663563669,0.21693336436331,"phase14-open-nb-incumbent-calibrated-v1","0e89c2948c77b348c5b6d3832cf6d4e7721ca7794f8f68f857d6ae82b9fe7d50","fc9a617e48969b5d524f9994bccb31de0cb028829b4c58a1999b77cf12c5a990","open_nb_incumbent","c65a4f90477e5b799e234d1a313ff333f6cce12cfc08de93e342d7718c252ff8","vector_w400_p0p010","be1392fd4b9fbfe747ea90c89a17413f72459d8ff708d6d80d1bf086973eb51e","2026-06-10","2026-11-17T19:44:59Z","elo_diff","xgf_ewma_diffmissing_or_zero_variance|xga_ewma_diffmissing_or_zero_variance|xgd_ewma_diffmissing_or_zero_variance|form_index_diff","5e6e88e1f8931005cbf4b22811531896039ba43991bdafb58d2023dcc6e93f94"
"uefa_nations_league_2026_27","uefa_nations_league_2026_27-2047921","uefa_nations_league_2026_27-2047921","uefa_nations_league_2026_27-2047921__score",5,2,1,0.0828171393408156,0.78306663563669,0.21693336436331,"phase14-open-nb-incumbent-calibrated-v1","0e89c2948c77b348c5b6d3832cf6d4e7721ca7794f8f68f857d6ae82b9fe7d50","fc9a617e48969b5d524f9994bccb31de0cb028829b4c58a1999b77cf12c5a990","open_nb_incumbent","c65a4f90477e5b799e234d1a313ff333f6cce12cfc08de93e342d7718c252ff8","vector_w400_p0p010","be1392fd4b9fbfe747ea90c89a17413f72459d8ff708d6d80d1bf086973eb51e","2026-06-10","2026-11-17T19:44:59Z","elo_diff","xgf_ewma_diffmissing_or_zero_variance|xga_ewma_diffmissing_or_zero_variance|xgd_ewma_diffmissing_or_zero_variance|form_index_diff","0d8be2c00170a78221996499ea55b1e7ad79cac93d1de654d592cdcf2be61ae9"
"uefa_nations_league_2026_27","uefa_nations_league_2026_27-2047921","uefa_nations_league_2026_27-2047921","uefa_nations_league_2026_27-2047921__score",6,3,0,0.0727634288515805,0.78306663563669,0.21693336436331,"phase14-open-nb-incumbent-calibrated-v1","0e89c2948c77b348c5b6d3832cf6d4e7721ca7794f8f68f857d6ae82b9fe7d50","fc9a617e48969b5d524f9994bccb31de0cb028829b4c58a1999b77cf12c5a990","open_nb_incumbent","c65a4f90477e5b799e234d1a313ff333f6cce12cfc08de93e342d7718c252ff8","vector_w400_p0p010","be1392fd4b9fbfe747ea90c89a17413f72459d8ff708d6d80d1bf086973eb51e","2026-06-10","2026-11-17T19:44:59Z","elo_diff","xgf_ewma_diffmissing_or_zero_variance|xga_ewma_diffmissing_or_zero_variance|xgd_ewma_diffmissing_or_zero_variance|form_index_diff","1fee84168728f8cd48ea4b9d1c985f9f69e93f348899f1c08b1883b8252e041b"
"uefa_nations_league_2026_27","uefa_nations_league_2026_27-2047921","uefa_nations_league_2026_27-2047921","uefa_nations_league_2026_27-2047921__score",7,0,1,0.0620274938439762,0.78306663563669,0.21693336436331,"phase14-open-nb-incumbent-calibrated-v1","0e89c2948c77b348c5b6d3832cf6d4e7721ca7794f8f68f857d6ae82b9fe7d50","fc9a617e48969b5d524f9994bccb31de0cb028829b4c58a1999b77cf12c5a990","open_nb_incumbent","c65a4f90477e5b799e234d1a313ff333f6cce12cfc08de93e342d7718c252ff8","vector_w400_p0p010","be1392fd4b9fbfe747ea90c89a17413f72459d8ff708d6d80d1bf086973eb51e","2026-06-10","2026-11-17T19:44:59Z","elo_diff","xgf_ewma_diffmissing_or_zero_variance|xga_ewma_diffmissing_or_zero_variance|xgd_ewma_diffmissing_or_zero_variance|form_index_diff","37f17cd161c4c11dec6eee85353d9ba4466e61bc1703595e7f779f913fabfcbb"
"uefa_nations_league_2026_27","uefa_nations_league_2026_27-2047921","uefa_nations_league_2026_27-2047921","uefa_nations_league_2026_27-2047921__score",8,3,1,0.0514112483504191,0.78306663563669,0.21693336436331,"phase14-open-nb-incumbent-calibrated-v1","0e89c2948c77b348c5b6d3832cf6d4e7721ca7794f8f68f857d6ae82b9fe7d50","fc9a617e48969b5d524f9994bccb31de0cb028829b4c58a1999b77cf12c5a990","open_nb_incumbent","c65a4f90477e5b799e234d1a313ff333f6cce12cfc08de93e342d7718c252ff8","vector_w400_p0p010","be1392fd4b9fbfe747ea90c89a17413f72459d8ff708d6d80d1bf086973eb51e","2026-06-10","2026-11-17T19:44:59Z","elo_diff","xgf_ewma_diffmissing_or_zero_variance|xga_ewma_diffmissing_or_zero_variance|xgd_ewma_diffmissing_or_zero_variance|form_index_diff","3e0fe91c26dbc07063b684a6b3a31e9c33886e84aa021373a14d97baf46696fb"
"uefa_nations_league_2026_27","uefa_nations_league_2026_27-2047921","uefa_nations_league_2026_27-2047921","uefa_nations_league_2026_27-2047921__score",9,1,2,0.0386532590405801,0.78306663563669,0.21693336436331,"phase14-open-nb-incumbent-calibrated-v1","0e89c2948c77b348c5b6d3832cf6d4e7721ca7794f8f68f857d6ae82b9fe7d50","fc9a617e48969b5d524f9994bccb31de0cb028829b4c58a1999b77cf12c5a990","open_nb_incumbent","c65a4f90477e5b799e234d1a313ff333f6cce12cfc08de93e342d7718c252ff8","vector_w400_p0p010","be1392fd4b9fbfe747ea90c89a17413f72459d8ff708d6d80d1bf086973eb51e","2026-06-10","2026-11-17T19:44:59Z","elo_diff","xgf_ewma_diffmissing_or_zero_variance|xga_ewma_diffmissing_or_zero_variance|xgd_ewma_diffmissing_or_zero_variance|form_index_diff","b73282ffc5a2e5e075a60b9392d4049eb9901245f2dddfc110501fc8ac7e7133"
"uefa_nations_league_2026_27","uefa_nations_league_2026_27-2047921","uefa_nations_league_2026_27-2047921","uefa_nations_league_2026_27-2047921__score",10,4,0,0.0366241729020697,0.78306663563669,0.21693336436331,"phase14-open-nb-incumbent-calibrated-v1","0e89c2948c77b348c5b6d3832cf6d4e7721ca7794f8f68f857d6ae82b9fe7d50","fc9a617e48969b5d524f9994bccb31de0cb028829b4c58a1999b77cf12c5a990","open_nb_incumbent","c65a4f90477e5b799e234d1a313ff333f6cce12cfc08de93e342d7718c252ff8","vector_w400_p0p010","be1392fd4b9fbfe747ea90c89a17413f72459d8ff708d6d80d1bf086973eb51e","2026-06-10","2026-11-17T19:44:59Z","elo_diff","xgf_ewma_diffmissing_or_zero_variance|xga_ewma_diffmissing_or_zero_variance|xgd_ewma_diffmissing_or_zero_variance|form_index_diff","d2d6d9371d4063bc0763053fec5612a76d8bf34cb4d825e1e9ab4e59b214a0b6"
"uefa_nations_league_2026_27","uefa_nations_league_2026_27-2047922","uefa_nations_league_2026_27-2047922","uefa_nations_league_2026_27-2047922__score",1,1,0,0.119922987168587,0.784109680096261,0.215890319903739,"phase14-open-nb-incumbent-calibrated-v1","0e89c2948c77b348c5b6d3832cf6d4e7721ca7794f8f68f857d6ae82b9fe7d50","fc9a617e48969b5d524f9994bccb31de0cb028829b4c58a1999b77cf12c5a990","open_nb_incumbent","c65a4f90477e5b799e234d1a313ff333f6cce12cfc08de93e342d7718c252ff8","vector_w400_p0p010","be1392fd4b9fbfe747ea90c89a17413f72459d8ff708d6d80d1bf086973eb51e","2026-06-10","2026-11-17T19:44:59Z","elo_diff","xgf_ewma_diffmissing_or_zero_variance|xga_ewma_diffmissing_or_zero_variance|xgd_ewma_diffmissing_or_zero_variance|form_index_diff","85d8660598c99e88c942233199ab4a9db4d6dbb3838c5b4fc73ea283e0e5e5e7"
"uefa_nations_league_2026_27","uefa_nations_league_2026_27-2047922","uefa_nations_league_2026_27-2047922","uefa_nations_league_2026_27-2047922__score",2,1,1,0.116196447918575,0.784109680096261,0.215890319903739,"phase14-open-nb-incumbent-calibrated-v1","0e89c2948c77b348c5b6d3832cf6d4e7721ca7794f8f68f857d6ae82b9fe7d50","fc9a617e48969b5d524f9994bccb31de0cb028829b4c58a1999b77cf12c5a990","open_nb_incumbent","c65a4f90477e5b799e234d1a313ff333f6cce12cfc08de93e342d7718c252ff8","vector_w400_p0p010","be1392fd4b9fbfe747ea90c89a17413f72459d8ff708d6d80d1bf086973eb51e","2026-06-10","2026-11-17T19:44:59Z","elo_diff","xgf_ewma_diffmissing_or_zero_variance|xga_ewma_diffmissing_or_zero_variance|xgd_ewma_diffmissing_or_zero_variance|form_index_diff","1b7a505b7fd8fd13318173a3e869ee1a24fb8911fe2045f1d53b9bd608ae853b"
"uefa_nations_league_2026_27","uefa_nations_league_2026_27-2047922","uefa_nations_league_2026_27-2047922","uefa_nations_league_2026_27-2047922__score",3,0,0,0.102390899291287,0.784109680096261,0.215890319903739,"phase14-open-nb-incumbent-calibrated-v1","0e89c2948c77b348c5b6d3832cf6d4e7721ca7794f8f68f857d6ae82b9fe7d50","fc9a617e48969b5d524f9994bccb31de0cb028829b4c58a1999b77cf12c5a990","open_nb_incumbent","c65a4f90477e5b799e234d1a313ff333f6cce12cfc08de93e342d7718c252ff8","vector_w400_p0p010","be1392fd4b9fbfe747ea90c89a17413f72459d8ff708d6d80d1bf086973eb51e","2026-06-10","2026-11-17T19:44:59Z","elo_diff","xgf_ewma_diffmissing_or_zero_variance|xga_ewma_diffmissing_or_zero_variance|xgd_ewma_diffmissing_or_zero_variance|form_index_diff","6953d61f8ff68da2e32d514590d0090c8067b415b616f9c91abc1a1b223bdff3"
"uefa_nations_league_2026_27","uefa_nations_league_2026_27-2047922","uefa_nations_league_2026_27-2047922","uefa_nations_league_2026_27-2047922__score",4,0,1,0.0992091597927825,0.784109680096261,0.215890319903739,"phase14-open-nb-incumbent-calibrated-v1","0e89c2948c77b348c5b6d3832cf6d4e7721ca7794f8f68f857d6ae82b9fe7d50","fc9a617e48969b5d524f9994bccb31de0cb028829b4c58a1999b77cf12c5a990","open_nb_incumbent","c65a4f90477e5b799e234d1a313ff333f6cce12cfc08de93e342d7718c252ff8","vector_w400_p0p010","be1392fd4b9fbfe747ea90c89a17413f72459d8ff708d6d80d1bf086973eb51e","2026-06-10","2026-11-17T19:44:59Z","elo_diff","xgf_ewma_diffmissing_or_zero_variance|xga_ewma_diffmissing_or_zero_variance|xgd_ewma_diffmissing_or_zero_variance|form_index_diff","c215376f9225591a1912770e5a0e6ce9216582e52594f6076c8d11a261c9ccd9"
"uefa_nations_league_2026_27","uefa_nations_league_2026_27-2047922","uefa_nations_league_2026_27-2047922","uefa_nations_league_2026_27-2047922__score",5,2,0,0.0770241358285104,0.784109680096261,0.215890319903739,"phase14-open-nb-incumbent-calibrated-v1","0e89c2948c77b348c5b6d3832cf6d4e7721ca7794f8f68f857d6ae82b9fe7d50","fc9a617e48969b5d524f9994bccb31de0cb028829b4c58a1999b77cf12c5a990","open_nb_incumbent","c65a4f90477e5b799e234d1a313ff333f6cce12cfc08de93e342d7718c252ff8","vector_w400_p0p010","be1392fd4b9fbfe747ea90c89a17413f72459d8ff708d6d80d1bf086973eb51e","2026-06-10","2026-11-17T19:44:59Z","elo_diff","xgf_ewma_diffmissing_or_zero_variance|xga_ewma_diffmissing_or_zero_variance|xgd_ewma_diffmissing_or_zero_variance|form_index_diff","c42ab8de1c8b622be8c2e7318418e0bafc93e5e24257713dbb2c0ee55e3ece98"
"uefa_nations_league_2026_27","uefa_nations_league_2026_27-2047922","uefa_nations_league_2026_27-2047922","uefa_nations_league_2026_27-2047922__score",6,2,1,0.0746306542105144,0.784109680096261,0.215890319903739,"phase14-open-nb-incumbent-calibrated-v1","0e89c2948c77b348c5b6d3832cf6d4e7721ca7794f8f68f857d6ae82b9fe7d50","fc9a617e48969b5d524f9994bccb31de0cb028829b4c58a1999b77cf12c5a990","open_nb_incumbent","c65a4f90477e5b799e234d1a313ff333f6cce12cfc08de93e342d7718c252ff8","vector_w400_p0p010","be1392fd4b9fbfe747ea90c89a17413f72459d8ff708d6d80d1bf086973eb51e","2026-06-10","2026-11-17T19:44:59Z","elo_diff","xgf_ewma_diffmissing_or_zero_variance|xga_ewma_diffmissing_or_zero_variance|xgd_ewma_diffmissing_or_zero_variance|form_index_diff","e2001131e54cbdbb05f4d0504ade985dbd27db5805bcef4e454dab51aea1d2c3"
"uefa_nations_league_2026_27","uefa_nations_league_2026_27-2047922","uefa_nations_league_2026_27-2047922","uefa_nations_league_2026_27-2047922__score",7,1,2,0.0636376038443879,0.784109680096261,0.215890319903739,"phase14-open-nb-incumbent-calibrated-v1","0e89c2948c77b348c5b6d3832cf6d4e7721ca7794f8f68f857d6ae82b9fe7d50","fc9a617e48969b5d524f9994bccb31de0cb028829b4c58a1999b77cf12c5a990","open_nb_incumbent","c65a4f90477e5b799e234d1a313ff333f6cce12cfc08de93e342d7718c252ff8","vector_w400_p0p010","be1392fd4b9fbfe747ea90c89a17413f72459d8ff708d6d80d1bf086973eb51e","2026-06-10","2026-11-17T19:44:59Z","elo_diff","xgf_ewma_diffmissing_or_zero_variance|xga_ewma_diffmissing_or_zero_variance|xgd_ewma_diffmissing_or_zero_variance|form_index_diff","eb49f2b954d71dc76fdf68544a988aeb847ac556910d7e8fecaa039c81c64141"
"uefa_nations_league_2026_27","uefa_nations_league_2026_27-2047922","uefa_nations_league_2026_27-2047922","uefa_nations_league_2026_27-2047922__score",8,0,2,0.0543341325980275,0.784109680096261,0.215890319903739,"phase14-open-nb-incumbent-calibrated-v1","0e89c2948c77b348c5b6d3832cf6d4e7721ca7794f8f68f857d6ae82b9fe7d50","fc9a617e48969b5d524f9994bccb31de0cb028829b4c58a1999b77cf12c5a990","open_nb_incumbent","c65a4f90477e5b799e234d1a313ff333f6cce12cfc08de93e342d7718c252ff8","vector_w400_p0p010","be1392fd4b9fbfe747ea90c89a17413f72459d8ff708d6d80d1bf086973eb51e","2026-06-10","2026-11-17T19:44:59Z","elo_diff","xgf_ewma_diffmissing_or_zero_variance|xga_ewma_diffmissing_or_zero_variance|xgd_ewma_diffmissing_or_zero_variance|form_index_diff","e00502e2b146341a12b933e8d47a144185cb03334190010050b87820f36cecd3"
"uefa_nations_league_2026_27","uefa_nations_league_2026_27-2047922","uefa_nations_league_2026_27-2047922","uefa_nations_league_2026_27-2047922__score",9,2,2,0.0408731600007627,0.784109680096261,0.215890319903739,"phase14-open-nb-incumbent-calibrated-v1","0e89c2948c77b348c5b6d3832cf6d4e7721ca7794f8f68f857d6ae82b9fe7d50","fc9a617e48969b5d524f9994bccb31de0cb028829b4c58a1999b77cf12c5a990","open_nb_incumbent","c65a4f90477e5b799e234d1a313ff333f6cce12cfc08de93e342d7718c252ff8","vector_w400_p0p010","be1392fd4b9fbfe747ea90c89a17413f72459d8ff708d6d80d1bf086973eb51e","2026-06-10","2026-11-17T19:44:59Z","elo_diff","xgf_ewma_diffmissing_or_zero_variance|xga_ewma_diffmissing_or_zero_variance|xgd_ewma_diffmissing_or_zero_variance|form_index_diff","9e8a9861b63faea21b76f0908fe696c711bd60c212068a22e53b718ca7967b8a"
"uefa_nations_league_2026_27","uefa_nations_league_2026_27-2047922","uefa_nations_league_2026_27-2047922","uefa_nations_league_2026_27-2047922__score",10,3,0,0.0358904994428253,0.784109680096261,0.215890319903739,"phase14-open-nb-incumbent-calibrated-v1","0e89c2948c77b348c5b6d3832cf6d4e7721ca7794f8f68f857d6ae82b9fe7d50","fc9a617e48969b5d524f9994bccb31de0cb028829b4c58a1999b77cf12c5a990","open_nb_incumbent","c65a4f90477e5b799e234d1a313ff333f6cce12cfc08de93e342d7718c252ff8","vector_w400_p0p010","be1392fd4b9fbfe747ea90c89a17413f72459d8ff708d6d80d1bf086973eb51e","2026-06-10","2026-11-17T19:44:59Z","elo_diff","xgf_ewma_diffmissing_or_zero_variance|xga_ewma_diffmissing_or_zero_variance|xgd_ewma_diffmissing_or_zero_variance|form_index_diff","0dbf462b5224d497934b2c2330cc18f5b4453a579b4f48ac73a965c5ba174cea"
"uefa_nations_league_2026_27","uefa_nations_league_2026_27-2047923","uefa_nations_league_2026_27-2047923","uefa_nations_league_2026_27-2047923__score",1,1,0,0.130288493716063,0.784577133009102,0.215422866990898,"phase14-open-nb-incumbent-calibrated-v1","0e89c2948c77b348c5b6d3832cf6d4e7721ca7794f8f68f857d6ae82b9fe7d50","fc9a617e48969b5d524f9994bccb31de0cb028829b4c58a1999b77cf12c5a990","open_nb_incumbent","c65a4f90477e5b799e234d1a313ff333f6cce12cfc08de93e342d7718c252ff8","vector_w400_p0p010","be1392fd4b9fbfe747ea90c89a17413f72459d8ff708d6d80d1bf086973eb51e","2026-06-10","2026-11-17T19:44:59Z","elo_diff","xgf_ewma_diffmissing_or_zero_variance|xga_ewma_diffmissing_or_zero_variance|xgd_ewma_diffmissing_or_zero_variance|form_index_diff","8a58348d96367f3d0fb3e13581beb5d63a35c11ae880b95e4a37deec00682568"
"uefa_nations_league_2026_27","uefa_nations_league_2026_27-2047923","uefa_nations_league_2026_27-2047923","uefa_nations_league_2026_27-2047923__score",2,1,1,0.111042421605604,0.784577133009102,0.215422866990898,"phase14-open-nb-incumbent-calibrated-v1","0e89c2948c77b348c5b6d3832cf6d4e7721ca7794f8f68f857d6ae82b9fe7d50","fc9a617e48969b5d524f9994bccb31de0cb028829b4c58a1999b77cf12c5a990","open_nb_incumbent","c65a4f90477e5b799e234d1a313ff333f6cce12cfc08de93e342d7718c252ff8","vector_w400_p0p010","be1392fd4b9fbfe747ea90c89a17413f72459d8ff708d6d80d1bf086973eb51e","2026-06-10","2026-11-17T19:44:59Z","elo_diff","xgf_ewma_diffmissing_or_zero_variance|xga_ewma_diffmissing_or_zero_variance|xgd_ewma_diffmissing_or_zero_variance|form_index_diff","b3e630f07c74066e0e933783182c904e9dce2050af3f7daedd507747ab713725"
"uefa_nations_league_2026_27","uefa_nations_league_2026_27-2047923","uefa_nations_league_2026_27-2047923","uefa_nations_league_2026_27-2047923__score",3,0,0,0.0987251151335661,0.784577133009102,0.215422866990898,"phase14-open-nb-incumbent-calibrated-v1","0e89c2948c77b348c5b6d3832cf6d4e7721ca7794f8f68f857d6ae82b9fe7d50","fc9a617e48969b5d524f9994bccb31de0cb028829b4c58a1999b77cf12c5a990","open_nb_incumbent","c65a4f90477e5b799e234d1a313ff333f6cce12cfc08de93e342d7718c252ff8","vector_w400_p0p010","be1392fd4b9fbfe747ea90c89a17413f72459d8ff708d6d80d1bf086973eb51e","2026-06-10","2026-11-17T19:44:59Z","elo_diff","xgf_ewma_diffmissing_or_zero_variance|xga_ewma_diffmissing_or_zero_variance|xgd_ewma_diffmissing_or_zero_variance|form_index_diff","a0b5ece2bfb8a3a1973735744ea25911cbf7c3bae9012e11dc03e44e75c9b161"
"uefa_nations_league_2026_27","uefa_nations_league_2026_27-2047923","uefa_nations_league_2026_27-2047923","uefa_nations_league_2026_27-2047923__score",4,2,0,0.0942904685000468,0.784577133009102,0.215422866990898,"phase14-open-nb-incumbent-calibrated-v1","0e89c2948c77b348c5b6d3832cf6d4e7721ca7794f8f68f857d6ae82b9fe7d50","fc9a617e48969b5d524f9994bccb31de0cb028829b4c58a1999b77cf12c5a990","open_nb_incumbent","c65a4f90477e5b799e234d1a313ff333f6cce12cfc08de93e342d7718c252ff8","vector_w400_p0p010","be1392fd4b9fbfe747ea90c89a17413f72459d8ff708d6d80d1bf086973eb51e","2026-06-10","2026-11-17T19:44:59Z","elo_diff","xgf_ewma_diffmissing_or_zero_variance|xga_ewma_diffmissing_or_zero_variance|xgd_ewma_diffmissing_or_zero_variance|form_index_diff","052fee76d767c793b1cd98d56f41dc6d999664822bb4625118494afd0549ee3c"
"uefa_nations_league_2026_27","uefa_nations_league_2026_27-2047923","uefa_nations_league_2026_27-2047923","uefa_nations_league_2026_27-2047923__score",5,0,1,0.0841415503783022,0.784577133009102,0.215422866990898,"phase14-open-nb-incumbent-calibrated-v1","0e89c2948c77b348c5b6d3832cf6d4e7721ca7794f8f68f857d6ae82b9fe7d50","fc9a617e48969b5d524f9994bccb31de0cb028829b4c58a1999b77cf12c5a990","open_nb_incumbent","c65a4f90477e5b799e234d1a313ff333f6cce12cfc08de93e342d7718c252ff8","vector_w400_p0p010","be1392fd4b9fbfe747ea90c89a17413f72459d8ff708d6d80d1bf086973eb51e","2026-06-10","2026-11-17T19:44:59Z","elo_diff","xgf_ewma_diffmissing_or_zero_variance|xga_ewma_diffmissing_or_zero_variance|xgd_ewma_diffmissing_or_zero_variance|form_index_diff","8cfae76d454ddd938665163b0f4e853da5d4d09bc13833cd58d276292b13d8f0"
"uefa_nations_league_2026_27","uefa_nations_league_2026_27-2047923","uefa_nations_league_2026_27-2047923","uefa_nations_league_2026_27-2047923__score",6,2,1,0.0803619848379692,0.784577133009102,0.215422866990898,"phase14-open-nb-incumbent-calibrated-v1","0e89c2948c77b348c5b6d3832cf6d4e7721ca7794f8f68f857d6ae82b9fe7d50","fc9a617e48969b5d524f9994bccb31de0cb028829b4c58a1999b77cf12c5a990","open_nb_incumbent","c65a4f90477e5b799e234d1a313ff333f6cce12cfc08de93e342d7718c252ff8","vector_w400_p0p010","be1392fd4b9fbfe747ea90c89a17413f72459d8ff708d6d80d1bf086973eb51e","2026-06-10","2026-11-17T19:44:59Z","elo_diff","xgf_ewma_diffmissing_or_zero_variance|xga_ewma_diffmissing_or_zero_variance|xgd_ewma_diffmissing_or_zero_variance|form_index_diff","58e326ca3aad92bb6df440464ff53732af9ea2768f9fb5efa7c7a77d847d6ff1"
"uefa_nations_league_2026_27","uefa_nations_league_2026_27-2047923","uefa_nations_league_2026_27-2047923","uefa_nations_league_2026_27-2047923__score",7,1,2,0.0534936630590342,0.784577133009102,0.215422866990898,"phase14-open-nb-incumbent-calibrated-v1","0e89c2948c77b348c5b6d3832cf6d4e7721ca7794f8f68f857d6ae82b9fe7d50","fc9a617e48969b5d524f9994bccb31de0cb028829b4c58a1999b77cf12c5a990","open_nb_incumbent","c65a4f90477e5b799e234d1a313ff333f6cce12cfc08de93e342d7718c252ff8","vector_w400_p0p010","be1392fd4b9fbfe747ea90c89a17413f72459d8ff708d6d80d1bf086973eb51e","2026-06-10","2026-11-17T19:44:59Z","elo_diff","xgf_ewma_diffmissing_or_zero_variance|xga_ewma_diffmissing_or_zero_variance|xgd_ewma_diffmissing_or_zero_variance|form_index_diff","2d98075e77982a83c72b5846f38b118972c21ec2707c7d1e4b35572d1ab59ebf"
"uefa_nations_league_2026_27","uefa_nations_league_2026_27-2047923","uefa_nations_league_2026_27-2047923","uefa_nations_league_2026_27-2047923__score",8,3,0,0.0495059951442147,0.784577133009102,0.215422866990898,"phase14-open-nb-incumbent-calibrated-v1","0e89c2948c77b348c5b6d3832cf6d4e7721ca7794f8f68f857d6ae82b9fe7d50","fc9a617e48969b5d524f9994bccb31de0cb028829b4c58a1999b77cf12c5a990","open_nb_incumbent","c65a4f90477e5b799e234d1a313ff333f6cce12cfc08de93e342d7718c252ff8","vector_w400_p0p010","be1392fd4b9fbfe747ea90c89a17413f72459d8ff708d6d80d1bf086973eb51e","2026-06-10","2026-11-17T19:44:59Z","elo_diff","xgf_ewma_diffmissing_or_zero_variance|xga_ewma_diffmissing_or_zero_variance|xgd_ewma_diffmissing_or_zero_variance|form_index_diff","ff35fecc4a3c0d6746447165eed26f5c601ca6e423010bba2bde2b459c3bc650"
"uefa_nations_league_2026_27","uefa_nations_league_2026_27-2047923","uefa_nations_league_2026_27-2047923","uefa_nations_league_2026_27-2047923__score",9,3,1,0.042193024326377,0.784577133009102,0.215422866990898,"phase14-open-nb-incumbent-calibrated-v1","0e89c2948c77b348c5b6d3832cf6d4e7721ca7794f8f68f857d6ae82b9fe7d50","fc9a617e48969b5d524f9994bccb31de0cb028829b4c58a1999b77cf12c5a990","open_nb_incumbent","c65a4f90477e5b799e234d1a313ff333f6cce12cfc08de93e342d7718c252ff8","vector_w400_p0p010","be1392fd4b9fbfe747ea90c89a17413f72459d8ff708d6d80d1bf086973eb51e","2026-06-10","2026-11-17T19:44:59Z","elo_diff","xgf_ewma_diffmissing_or_zero_variance|xga_ewma_diffmissing_or_zero_variance|xgd_ewma_diffmissing_or_zero_variance|form_index_diff","21c625e1d5ad5b48002261b05d47c4a315fbae0e56948c9ffc3532bfff6e226f"
"uefa_nations_league_2026_27","uefa_nations_league_2026_27-2047923","uefa_nations_league_2026_27-2047923","uefa_nations_league_2026_27-2047923__score",10,0,2,0.0405344163079249,0.784577133009102,0.215422866990898,"phase14-open-nb-incumbent-calibrated-v1","0e89c2948c77b348c5b6d3832cf6d4e7721ca7794f8f68f857d6ae82b9fe7d50","fc9a617e48969b5d524f9994bccb31de0cb028829b4c58a1999b77cf12c5a990","open_nb_incumbent","c65a4f90477e5b799e234d1a313ff333f6cce12cfc08de93e342d7718c252ff8","vector_w400_p0p010","be1392fd4b9fbfe747ea90c89a17413f72459d8ff708d6d80d1bf086973eb51e","2026-06-10","2026-11-17T19:44:59Z","elo_diff","xgf_ewma_diffmissing_or_zero_variance|xga_ewma_diffmissing_or_zero_variance|xgd_ewma_diffmissing_or_zero_variance|form_index_diff","2d67111ce770755b6bfb397d9a177b327f3008312b57a37829b85a0f8751736b"
"uefa_nations_league_2026_27","uefa_nations_league_2026_27-2047924","uefa_nations_league_2026_27-2047924","uefa_nations_league_2026_27-2047924__score",1,1,0,0.136167811550081,0.784037292620506,0.215962707379494,"phase14-open-nb-incumbent-calibrated-v1","0e89c2948c77b348c5b6d3832cf6d4e7721ca7794f8f68f857d6ae82b9fe7d50","fc9a617e48969b5d524f9994bccb31de0cb028829b4c58a1999b77cf12c5a990","open_nb_incumbent","c65a4f90477e5b799e234d1a313ff333f6cce12cfc08de93e342d7718c252ff8","vector_w400_p0p010","be1392fd4b9fbfe747ea90c89a17413f72459d8ff708d6d80d1bf086973eb51e","2026-06-10","2026-10-04T18:44:59Z","elo_diff","xgf_ewma_diffmissing_or_zero_variance|xga_ewma_diffmissing_or_zero_variance|xgd_ewma_diffmissing_or_zero_variance|form_index_diff","534a477fb979e868e646179a6bc45c4a1a6e5cbd2e7779a3c772cdfdd61f1812"
"uefa_nations_league_2026_27","uefa_nations_league_2026_27-2047924","uefa_nations_league_2026_27-2047924","uefa_nations_league_2026_27-2047924__score",2,2,0,0.11111776330754,0.784037292620506,0.215962707379494,"phase14-open-nb-incumbent-calibrated-v1","0e89c2948c77b348c5b6d3832cf6d4e7721ca7794f8f68f857d6ae82b9fe7d50","fc9a617e48969b5d524f9994bccb31de0cb028829b4c58a1999b77cf12c5a990","open_nb_incumbent","c65a4f90477e5b799e234d1a313ff333f6cce12cfc08de93e342d7718c252ff8","vector_w400_p0p010","be1392fd4b9fbfe747ea90c89a17413f72459d8ff708d6d80d1bf086973eb51e","2026-06-10","2026-10-04T18:44:59Z","elo_diff","xgf_ewma_diffmissing_or_zero_variance|xga_ewma_diffmissing_or_zero_variance|xgd_ewma_diffmissing_or_zero_variance|form_index_diff","7df56810f4fd057a83d5754878443b1a24a28d10b13af445127d63e5d7f8fa46"
"uefa_nations_league_2026_27","uefa_nations_league_2026_27-2047924","uefa_nations_league_2026_27-2047924","uefa_nations_league_2026_27-2047924__score",3,1,1,0.10155042932901,0.784037292620506,0.215962707379494,"phase14-open-nb-incumbent-calibrated-v1","0e89c2948c77b348c5b6d3832cf6d4e7721ca7794f8f68f857d6ae82b9fe7d50","fc9a617e48969b5d524f9994bccb31de0cb028829b4c58a1999b77cf12c5a990","open_nb_incumbent","c65a4f90477e5b799e234d1a313ff333f6cce12cfc08de93e342d7718c252ff8","vector_w400_p0p010","be1392fd4b9fbfe747ea90c89a17413f72459d8ff708d6d80d1bf086973eb51e","2026-06-10","2026-10-04T18:44:59Z","elo_diff","xgf_ewma_diffmissing_or_zero_variance|xga_ewma_diffmissing_or_zero_variance|xgd_ewma_diffmissing_or_zero_variance|form_index_diff","d99fdc114c3d6f99813f9d65f7ba92059ec645b2a329c9206dbcd84af59d4d20"
"uefa_nations_league_2026_27","uefa_nations_league_2026_27-2047924","uefa_nations_league_2026_27-2047924","uefa_nations_league_2026_27-2047924__score",4,0,0,0.0915058249365354,0.784037292620506,0.215962707379494,"phase14-open-nb-incumbent-calibrated-v1","0e89c2948c77b348c5b6d3832cf6d4e7721ca7794f8f68f857d6ae82b9fe7d50","fc9a617e48969b5d524f9994bccb31de0cb028829b4c58a1999b77cf12c5a990","open_nb_incumbent","c65a4f90477e5b799e234d1a313ff333f6cce12cfc08de93e342d7718c252ff8","vector_w400_p0p010","be1392fd4b9fbfe747ea90c89a17413f72459d8ff708d6d80d1bf086973eb51e","2026-06-10","2026-10-04T18:44:59Z","elo_diff","xgf_ewma_diffmissing_or_zero_variance|xga_ewma_diffmissing_or_zero_variance|xgd_ewma_diffmissing_or_zero_variance|form_index_diff","e27935afcf0299844c62c6bf71d66ae8ba259e7270f636201150e69e175499d8"
"uefa_nations_league_2026_27","uefa_nations_league_2026_27-2047924","uefa_nations_league_2026_27-2047924","uefa_nations_league_2026_27-2047924__score",5,2,1,0.0828687517373358,0.784037292620506,0.215962707379494,"phase14-open-nb-incumbent-calibrated-v1","0e89c2948c77b348c5b6d3832cf6d4e7721ca7794f8f68f857d6ae82b9fe7d50","fc9a617e48969b5d524f9994bccb31de0cb028829b4c58a1999b77cf12c5a990","open_nb_incumbent","c65a4f90477e5b799e234d1a313ff333f6cce12cfc08de93e342d7718c252ff8","vector_w400_p0p010","be1392fd4b9fbfe747ea90c89a17413f72459d8ff708d6d80d1bf086973eb51e","2026-06-10","2026-10-04T18:44:59Z","elo_diff","xgf_ewma_diffmissing_or_zero_variance|xga_ewma_diffmissing_or_zero_variance|xgd_ewma_diffmissing_or_zero_variance|form_index_diff","983ad7e9066f51b9fd111592b6704add51bbf6e1650834f248ebd0e29c6d8acb"
"uefa_nations_league_2026_27","uefa_nations_league_2026_27-2047924","uefa_nations_league_2026_27-2047924","uefa_nations_league_2026_27-2047924__score",6,0,1,0.0682426757295188,0.784037292620506,0.215962707379494,"phase14-open-nb-incumbent-calibrated-v1","0e89c2948c77b348c5b6d3832cf6d4e7721ca7794f8f68f857d6ae82b9fe7d50","fc9a617e48969b5d524f9994bccb31de0cb028829b4c58a1999b77cf12c5a990","open_nb_incumbent","c65a4f90477e5b799e234d1a313ff333f6cce12cfc08de93e342d7718c252ff8","vector_w400_p0p010","be1392fd4b9fbfe747ea90c89a17413f72459d8ff708d6d80d1bf086973eb51e","2026-06-10","2026-10-04T18:44:59Z","elo_diff","xgf_ewma_diffmissing_or_zero_variance|xga_ewma_diffmissing_or_zero_variance|xgd_ewma_diffmissing_or_zero_variance|form_index_diff","102152c3ed64f75b990ffcac9d13c31e44197fd38d752229092be78523f95727"
"uefa_nations_league_2026_27","uefa_nations_league_2026_27-2047924","uefa_nations_league_2026_27-2047924","uefa_nations_league_2026_27-2047924__score",7,3,0,0.0657840784189777,0.784037292620506,0.215962707379494,"phase14-open-nb-incumbent-calibrated-v1","0e89c2948c77b348c5b6d3832cf6d4e7721ca7794f8f68f857d6ae82b9fe7d50","fc9a617e48969b5d524f9994bccb31de0cb028829b4c58a1999b77cf12c5a990","open_nb_incumbent","c65a4f90477e5b799e234d1a313ff333f6cce12cfc08de93e342d7718c252ff8","vector_w400_p0p010","be1392fd4b9fbfe747ea90c89a17413f72459d8ff708d6d80d1bf086973eb51e","2026-06-10","2026-10-04T18:44:59Z","elo_diff","xgf_ewma_diffmissing_or_zero_variance|xga_ewma_diffmissing_or_zero_variance|xgd_ewma_diffmissing_or_zero_variance|form_index_diff","315969c581033cc1853fcdfa1cccbb846f8a9e084788fc964ac5df93e74c76bb"
"uefa_nations_league_2026_27","uefa_nations_league_2026_27-2047924","uefa_nations_league_2026_27-2047924","uefa_nations_league_2026_27-2047924__score",8,3,1,0.0490600629503653,0.784037292620506,0.215962707379494,"phase14-open-nb-incumbent-calibrated-v1","0e89c2948c77b348c5b6d3832cf6d4e7721ca7794f8f68f857d6ae82b9fe7d50","fc9a617e48969b5d524f9994bccb31de0cb028829b4c58a1999b77cf12c5a990","open_nb_incumbent","c65a4f90477e5b799e234d1a313ff333f6cce12cfc08de93e342d7718c252ff8","vector_w400_p0p010","be1392fd4b9fbfe747ea90c89a17413f72459d8ff708d6d80d1bf086973eb51e","2026-06-10","2026-10-04T18:44:59Z","elo_diff","xgf_ewma_diffmissing_or_zero_variance|xga_ewma_diffmissing_or_zero_variance|xgd_ewma_diffmissing_or_zero_variance|form_index_diff","57a1e196442ac332c8258577a9ede3ee96e71259fa9a0852f2a362862026747b"
"uefa_nations_league_2026_27","uefa_nations_league_2026_27-2047924","uefa_nations_league_2026_27-2047924","uefa_nations_league_2026_27-2047924__score",9,1,2,0.0428074760617818,0.784037292620506,0.215962707379494,"phase14-open-nb-incumbent-calibrated-v1","0e89c2948c77b348c5b6d3832cf6d4e7721ca7794f8f68f857d6ae82b9fe7d50","fc9a617e48969b5d524f9994bccb31de0cb028829b4c58a1999b77cf12c5a990","open_nb_incumbent","c65a4f90477e5b799e234d1a313ff333f6cce12cfc08de93e342d7718c252ff8","vector_w400_p0p010","be1392fd4b9fbfe747ea90c89a17413f72459d8ff708d6d80d1bf086973eb51e","2026-06-10","2026-10-04T18:44:59Z","elo_diff","xgf_ewma_diffmissing_or_zero_variance|xga_ewma_diffmissing_or_zero_variance|xgd_ewma_diffmissing_or_zero_variance|form_index_diff","800f7724218b534b7aeac4b7f10a23bc453e943b1b837dcb1394177aca9e39ce"
"uefa_nations_league_2026_27","uefa_nations_league_2026_27-2047924","uefa_nations_league_2026_27-2047924","uefa_nations_league_2026_27-2047924__score",10,2,2,0.0349324185993605,0.784037292620506,0.215962707379494,"phase14-open-nb-incumbent-calibrated-v1","0e89c2948c77b348c5b6d3832cf6d4e7721ca7794f8f68f857d6ae82b9fe7d50","fc9a617e48969b5d524f9994bccb31de0cb028829b4c58a1999b77cf12c5a990","open_nb_incumbent","c65a4f90477e5b799e234d1a313ff333f6cce12cfc08de93e342d7718c252ff8","vector_w400_p0p010","be1392fd4b9fbfe747ea90c89a17413f72459d8ff708d6d80d1bf086973eb51e","2026-06-10","2026-10-04T18:44:59Z","elo_diff","xgf_ewma_diffmissing_or_zero_variance|xga_ewma_diffmissing_or_zero_variance|xgd_ewma_diffmissing_or_zero_variance|form_index_diff","e87768e5993b250f611df0ee609130b14458e0aa1b97937964b8be75f3f8f52b"
"uefa_nations_league_2026_27","uefa_nations_league_2026_27-2047925","uefa_nations_league_2026_27-2047925","uefa_nations_league_2026_27-2047925__score",1,1,0,0.136182236088594,0.78174825009109,0.21825174990891,"phase14-open-nb-incumbent-calibrated-v1","0e89c2948c77b348c5b6d3832cf6d4e7721ca7794f8f68f857d6ae82b9fe7d50","fc9a617e48969b5d524f9994bccb31de0cb028829b4c58a1999b77cf12c5a990","open_nb_incumbent","c65a4f90477e5b799e234d1a313ff333f6cce12cfc08de93e342d7718c252ff8","vector_w400_p0p010","be1392fd4b9fbfe747ea90c89a17413f72459d8ff708d6d80d1bf086973eb51e","2026-06-10","2026-10-04T18:44:59Z","elo_diff","xgf_ewma_diffmissing_or_zero_variance|xga_ewma_diffmissing_or_zero_variance|xgd_ewma_diffmissing_or_zero_variance|form_index_diff","03899b03103cff00a8a41abd2a202d909e73d621684bffd0d454c3f9cbb17f28"
"uefa_nations_league_2026_27","uefa_nations_league_2026_27-2047925","uefa_nations_league_2026_27-2047925","uefa_nations_league_2026_27-2047925__score",2,2,0,0.126453976174031,0.78174825009109,0.21825174990891,"phase14-open-nb-incumbent-calibrated-v1","0e89c2948c77b348c5b6d3832cf6d4e7721ca7794f8f68f857d6ae82b9fe7d50","fc9a617e48969b5d524f9994bccb31de0cb028829b4c58a1999b77cf12c5a990","open_nb_incumbent","c65a4f90477e5b799e234d1a313ff333f6cce12cfc08de93e342d7718c252ff8","vector_w400_p0p010","be1392fd4b9fbfe747ea90c89a17413f72459d8ff708d6d80d1bf086973eb51e","2026-06-10","2026-10-04T18:44:59Z","elo_diff","xgf_ewma_diffmissing_or_zero_variance|xga_ewma_diffmissing_or_zero_variance|xgd_ewma_diffmissing_or_zero_variance|form_index_diff","610dc2b3f6e8ed9b12b9d8ed49b2499cb6bb3ceab8ae843e3a72c38af858bda6"
"uefa_nations_league_2026_27","uefa_nations_league_2026_27-2047925","uefa_nations_league_2026_27-2047925","uefa_nations_league_2026_27-2047925__score",3,1,1,0.0875087152596034,0.78174825009109,0.21825174990891,"phase14-open-nb-incumbent-calibrated-v1","0e89c2948c77b348c5b6d3832cf6d4e7721ca7794f8f68f857d6ae82b9fe7d50","fc9a617e48969b5d524f9994bccb31de0cb028829b4c58a1999b77cf12c5a990","open_nb_incumbent","c65a4f90477e5b799e234d1a313ff333f6cce12cfc08de93e342d7718c252ff8","vector_w400_p0p010","be1392fd4b9fbfe747ea90c89a17413f72459d8ff708d6d80d1bf086973eb51e","2026-06-10","2026-10-04T18:44:59Z","elo_diff","xgf_ewma_diffmissing_or_zero_variance|xga_ewma_diffmissing_or_zero_variance|xgd_ewma_diffmissing_or_zero_variance|form_index_diff","220c87cebe8ecad9afaec341a127dd3cb799261216dda1677dc8f80a9b17b615"
"uefa_nations_league_2026_27","uefa_nations_league_2026_27-2047925","uefa_nations_league_2026_27-2047925","uefa_nations_league_2026_27-2047925__score",4,3,0,0.0851868950929809,0.78174825009109,0.21825174990891,"phase14-open-nb-incumbent-calibrated-v1","0e89c2948c77b348c5b6d3832cf6d4e7721ca7794f8f68f857d6ae82b9fe7d50","fc9a617e48969b5d524f9994bccb31de0cb028829b4c58a1999b77cf12c5a990","open_nb_incumbent","c65a4f90477e5b799e234d1a313ff333f6cce12cfc08de93e342d7718c252ff8","vector_w400_p0p010","be1392fd4b9fbfe747ea90c89a17413f72459d8ff708d6d80d1bf086973eb51e","2026-06-10","2026-10-04T18:44:59Z","elo_diff","xgf_ewma_diffmissing_or_zero_variance|xga_ewma_diffmissing_or_zero_variance|xgd_ewma_diffmissing_or_zero_variance|form_index_diff","b1989a1e430728ff14fa8d35c482c615076594fcb71046c4d07da711cca752b2"
"uefa_nations_league_2026_27","uefa_nations_league_2026_27-2047925","uefa_nations_league_2026_27-2047925","uefa_nations_league_2026_27-2047925__score",5,2,1,0.0812574775704156,0.78174825009109,0.21825174990891,"phase14-open-nb-incumbent-calibrated-v1","0e89c2948c77b348c5b6d3832cf6d4e7721ca7794f8f68f857d6ae82b9fe7d50","fc9a617e48969b5d524f9994bccb31de0cb028829b4c58a1999b77cf12c5a990","open_nb_incumbent","c65a4f90477e5b799e234d1a313ff333f6cce12cfc08de93e342d7718c252ff8","vector_w400_p0p010","be1392fd4b9fbfe747ea90c89a17413f72459d8ff708d6d80d1bf086973eb51e","2026-06-10","2026-10-04T18:44:59Z","elo_diff","xgf_ewma_diffmissing_or_zero_variance|xga_ewma_diffmissing_or_zero_variance|xgd_ewma_diffmissing_or_zero_variance|form_index_diff","de7d55203e973a40b4987389f38362ce1f0b532e2f321eaa572178deab594d72"
"uefa_nations_league_2026_27","uefa_nations_league_2026_27-2047925","uefa_nations_league_2026_27-2047925","uefa_nations_league_2026_27-2047925__score",6,0,0,0.0804251256986538,0.78174825009109,0.21825174990891,"phase14-open-nb-incumbent-calibrated-v1","0e89c2948c77b348c5b6d3832cf6d4e7721ca7794f8f68f857d6ae82b9fe7d50","fc9a617e48969b5d524f9994bccb31de0cb028829b4c58a1999b77cf12c5a990","open_nb_incumbent","c65a4f90477e5b799e234d1a313ff333f6cce12cfc08de93e342d7718c252ff8","vector_w400_p0p010","be1392fd4b9fbfe747ea90c89a17413f72459d8ff708d6d80d1bf086973eb51e","2026-06-10","2026-10-04T18:44:59Z","elo_diff","xgf_ewma_diffmissing_or_zero_variance|xga_ewma_diffmissing_or_zero_variance|xgd_ewma_diffmissing_or_zero_variance|form_index_diff","fd41ab38679161447b6590a04981a6a1a0b480246617729a8292f650fc6e10b2"
"uefa_nations_league_2026_27","uefa_nations_league_2026_27-2047925","uefa_nations_league_2026_27-2047925","uefa_nations_league_2026_27-2047925__score",7,3,1,0.0547398541884109,0.78174825009109,0.21825174990891,"phase14-open-nb-incumbent-calibrated-v1","0e89c2948c77b348c5b6d3832cf6d4e7721ca7794f8f68f857d6ae82b9fe7d50","fc9a617e48969b5d524f9994bccb31de0cb028829b4c58a1999b77cf12c5a990","open_nb_incumbent","c65a4f90477e5b799e234d1a313ff333f6cce12cfc08de93e342d7718c252ff8","vector_w400_p0p010","be1392fd4b9fbfe747ea90c89a17413f72459d8ff708d6d80d1bf086973eb51e","2026-06-10","2026-10-04T18:44:59Z","elo_diff","xgf_ewma_diffmissing_or_zero_variance|xga_ewma_diffmissing_or_zero_variance|xgd_ewma_diffmissing_or_zero_variance|form_index_diff","aeecebf823940b6c0b84f47d8652cf8d5ce8c56f5296d899a0d737f73799a98b"
"uefa_nations_league_2026_27","uefa_nations_league_2026_27-2047925","uefa_nations_league_2026_27-2047925","uefa_nations_league_2026_27-2047925__score",8,0,1,0.0516800107460622,0.78174825009109,0.21825174990891,"phase14-open-nb-incumbent-calibrated-v1","0e89c2948c77b348c5b6d3832cf6d4e7721ca7794f8f68f857d6ae82b9fe7d50","fc9a617e48969b5d524f9994bccb31de0cb028829b4c58a1999b77cf12c5a990","open_nb_incumbent","c65a4f90477e5b799e234d1a313ff333f6cce12cfc08de93e342d7718c252ff8","vector_w400_p0p010","be1392fd4b9fbfe747ea90c89a17413f72459d8ff708d6d80d1bf086973eb51e","2026-06-10","2026-10-04T18:44:59Z","elo_diff","xgf_ewma_diffmissing_or_zero_variance|xga_ewma_diffmissing_or_zero_variance|xgd_ewma_diffmissing_or_zero_variance|form_index_diff","c1b30e7d85e25b929c69a8ee94d7f57a4b96d6b32663d361c817a3e42a30112b"
"uefa_nations_league_2026_27","uefa_nations_league_2026_27-2047925","uefa_nations_league_2026_27-2047925","uefa_nations_league_2026_27-2047925__score",9,4,0,0.046529655165184,0.78174825009109,0.21825174990891,"phase14-open-nb-incumbent-calibrated-v1","0e89c2948c77b348c5b6d3832cf6d4e7721ca7794f8f68f857d6ae82b9fe7d50","fc9a617e48969b5d524f9994bccb31de0cb028829b4c58a1999b77cf12c5a990","open_nb_incumbent","c65a4f90477e5b799e234d1a313ff333f6cce12cfc08de93e342d7718c252ff8","vector_w400_p0p010","be1392fd4b9fbfe747ea90c89a17413f72459d8ff708d6d80d1bf086973eb51e","2026-06-10","2026-10-04T18:44:59Z","elo_diff","xgf_ewma_diffmissing_or_zero_variance|xga_ewma_diffmissing_or_zero_variance|xgd_ewma_diffmissing_or_zero_variance|form_index_diff","2961b3184d015d75d70c1f27c64b4ecec9062daa794870da4c6a455c5c65af88"
"uefa_nations_league_2026_27","uefa_nations_league_2026_27-2047925","uefa_nations_league_2026_27-2047925","uefa_nations_league_2026_27-2047925__score",10,1,2,0.0317843041071545,0.78174825009109,0.21825174990891,"phase14-open-nb-incumbent-calibrated-v1","0e89c2948c77b348c5b6d3832cf6d4e7721ca7794f8f68f857d6ae82b9fe7d50","fc9a617e48969b5d524f9994bccb31de0cb028829b4c58a1999b77cf12c5a990","open_nb_incumbent","c65a4f90477e5b799e234d1a313ff333f6cce12cfc08de93e342d7718c252ff8","vector_w400_p0p010","be1392fd4b9fbfe747ea90c89a17413f72459d8ff708d6d80d1bf086973eb51e","2026-06-10","2026-10-04T18:44:59Z","elo_diff","xgf_ewma_diffmissing_or_zero_variance|xga_ewma_diffmissing_or_zero_variance|xgd_ewma_diffmissing_or_zero_variance|form_index_diff","c16748a780a11ea552a121659ed9e3642e7cb149cc51b9efe15539a4cf58e469"
"uefa_nations_league_2026_27","uefa_nations_league_2026_27-2047926","uefa_nations_league_2026_27-2047926","uefa_nations_league_2026_27-2047926__score",1,0,1,0.12521496098911,0.775622715344507,0.224377284655493,"phase14-open-nb-incumbent-calibrated-v1","0e89c2948c77b348c5b6d3832cf6d4e7721ca7794f8f68f857d6ae82b9fe7d50","fc9a617e48969b5d524f9994bccb31de0cb028829b4c58a1999b77cf12c5a990","open_nb_incumbent","c65a4f90477e5b799e234d1a313ff333f6cce12cfc08de93e342d7718c252ff8","vector_w400_p0p010","be1392fd4b9fbfe747ea90c89a17413f72459d8ff708d6d80d1bf086973eb51e","2026-06-10","2026-10-04T18:44:59Z","elo_diff","xgf_ewma_diffmissing_or_zero_variance|xga_ewma_diffmissing_or_zero_variance|xgd_ewma_diffmissing_or_zero_variance|form_index_diff","1f37c8cc310a57d10e64e7010c2e3647a719bc49136b563a6b6bbe91b03db73f"
"uefa_nations_league_2026_27","uefa_nations_league_2026_27-2047926","uefa_nations_league_2026_27-2047926","uefa_nations_league_2026_27-2047926__score",2,1,1,0.109620570667858,0.775622715344507,0.224377284655493,"phase14-open-nb-incumbent-calibrated-v1","0e89c2948c77b348c5b6d3832cf6d4e7721ca7794f8f68f857d6ae82b9fe7d50","fc9a617e48969b5d524f9994bccb31de0cb028829b4c58a1999b77cf12c5a990","open_nb_incumbent","c65a4f90477e5b799e234d1a313ff333f6cce12cfc08de93e342d7718c252ff8","vector_w400_p0p010","be1392fd4b9fbfe747ea90c89a17413f72459d8ff708d6d80d1bf086973eb51e","2026-06-10","2026-10-04T18:44:59Z","elo_diff","xgf_ewma_diffmissing_or_zero_variance|xga_ewma_diffmissing_or_zero_variance|xgd_ewma_diffmissing_or_zero_variance|form_index_diff","b17fcdd7632423e789810cf90d453f77480dda14147bb3141311d7b1a15732fb"
"uefa_nations_league_2026_27","uefa_nations_league_2026_27-2047926","uefa_nations_league_2026_27-2047926","uefa_nations_league_2026_27-2047926__score",3,0,0,0.0961908010149667,0.775622715344507,0.224377284655493,"phase14-open-nb-incumbent-calibrated-v1","0e89c2948c77b348c5b6d3832cf6d4e7721ca7794f8f68f857d6ae82b9fe7d50","fc9a617e48969b5d524f9994bccb31de0cb028829b4c58a1999b77cf12c5a990","open_nb_incumbent","c65a4f90477e5b799e234d1a313ff333f6cce12cfc08de93e342d7718c252ff8","vector_w400_p0p010","be1392fd4b9fbfe747ea90c89a17413f72459d8ff708d6d80d1bf086973eb51e","2026-06-10","2026-10-04T18:44:59Z","elo_diff","xgf_ewma_diffmissing_or_zero_variance|xga_ewma_diffmissing_or_zero_variance|xgd_ewma_diffmissing_or_zero_variance|form_index_diff","3365f717753e45c42c533f98b920b6305d33707ee298769ce8e27e7f6e7339ef"
"uefa_nations_league_2026_27","uefa_nations_league_2026_27-2047926","uefa_nations_league_2026_27-2047926","uefa_nations_league_2026_27-2047926__score",4,0,2,0.0921317788160353,0.775622715344507,0.224377284655493,"phase14-open-nb-incumbent-calibrated-v1","0e89c2948c77b348c5b6d3832cf6d4e7721ca7794f8f68f857d6ae82b9fe7d50","fc9a617e48969b5d524f9994bccb31de0cb028829b4c58a1999b77cf12c5a990","open_nb_incumbent","c65a4f90477e5b799e234d1a313ff333f6cce12cfc08de93e342d7718c252ff8","vector_w400_p0p010","be1392fd4b9fbfe747ea90c89a17413f72459d8ff708d6d80d1bf086973eb51e","2026-06-10","2026-10-04T18:44:59Z","elo_diff","xgf_ewma_diffmissing_or_zero_variance|xga_ewma_diffmissing_or_zero_variance|xgd_ewma_diffmissing_or_zero_variance|form_index_diff","aefc2375105da02215bcee39adc89752f268d840ecc907abcff69a56d77f6c24"
"uefa_nations_league_2026_27","uefa_nations_league_2026_27-2047926","uefa_nations_league_2026_27-2047926","uefa_nations_league_2026_27-2047926__score",5,1,0,0.0842111071789261,0.775622715344507,0.224377284655493,"phase14-open-nb-incumbent-calibrated-v1","0e89c2948c77b348c5b6d3832cf6d4e7721ca7794f8f68f857d6ae82b9fe7d50","fc9a617e48969b5d524f9994bccb31de0cb028829b4c58a1999b77cf12c5a990","open_nb_incumbent","c65a4f90477e5b799e234d1a313ff333f6cce12cfc08de93e342d7718c252ff8","vector_w400_p0p010","be1392fd4b9fbfe747ea90c89a17413f72459d8ff708d6d80d1bf086973eb51e","2026-06-10","2026-10-04T18:44:59Z","elo_diff","xgf_ewma_diffmissing_or_zero_variance|xga_ewma_diffmissing_or_zero_variance|xgd_ewma_diffmissing_or_zero_variance|form_index_diff","3fdb3600e9a114cf64b9b831f43abaf782bd8d34b48b9b25006a7ce3403672c6"
"uefa_nations_league_2026_27","uefa_nations_league_2026_27-2047926","uefa_nations_league_2026_27-2047926","uefa_nations_league_2026_27-2047926__score",6,1,2,0.0806575994647875,0.775622715344507,0.224377284655493,"phase14-open-nb-incumbent-calibrated-v1","0e89c2948c77b348c5b6d3832cf6d4e7721ca7794f8f68f857d6ae82b9fe7d50","fc9a617e48969b5d524f9994bccb31de0cb028829b4c58a1999b77cf12c5a990","open_nb_incumbent","c65a4f90477e5b799e234d1a313ff333f6cce12cfc08de93e342d7718c252ff8","vector_w400_p0p010","be1392fd4b9fbfe747ea90c89a17413f72459d8ff708d6d80d1bf086973eb51e","2026-06-10","2026-10-04T18:44:59Z","elo_diff","xgf_ewma_diffmissing_or_zero_variance|xga_ewma_diffmissing_or_zero_variance|xgd_ewma_diffmissing_or_zero_variance|form_index_diff","f307ccd4eb7f5498fe3816abe8a3530ad5b100ea74e0f9f6909a97d5ca96255b"
"uefa_nations_league_2026_27","uefa_nations_league_2026_27-2047926","uefa_nations_league_2026_27-2047926","uefa_nations_league_2026_27-2047926__score",7,2,1,0.0526273147082532,0.775622715344507,0.224377284655493,"phase14-open-nb-incumbent-calibrated-v1","0e89c2948c77b348c5b6d3832cf6d4e7721ca7794f8f68f857d6ae82b9fe7d50","fc9a617e48969b5d524f9994bccb31de0cb028829b4c58a1999b77cf12c5a990","open_nb_incumbent","c65a4f90477e5b799e234d1a313ff333f6cce12cfc08de93e342d7718c252ff8","vector_w400_p0p010","be1392fd4b9fbfe747ea90c89a17413f72459d8ff708d6d80d1bf086973eb51e","2026-06-10","2026-10-04T18:44:59Z","elo_diff","xgf_ewma_diffmissing_or_zero_variance|xga_ewma_diffmissing_or_zero_variance|xgd_ewma_diffmissing_or_zero_variance|form_index_diff","d332024e5f8c82128a8f50caa6f855324da3ed65325d82c5fa588ad062063fe1"
"uefa_nations_league_2026_27","uefa_nations_league_2026_27-2047926","uefa_nations_league_2026_27-2047926","uefa_nations_league_2026_27-2047926__score",8,0,3,0.0504089911457846,0.775622715344507,0.224377284655493,"phase14-open-nb-incumbent-calibrated-v1","0e89c2948c77b348c5b6d3832cf6d4e7721ca7794f8f68f857d6ae82b9fe7d50","fc9a617e48969b5d524f9994bccb31de0cb028829b4c58a1999b77cf12c5a990","open_nb_incumbent","c65a4f90477e5b799e234d1a313ff333f6cce12cfc08de93e342d7718c252ff8","vector_w400_p0p010","be1392fd4b9fbfe747ea90c89a17413f72459d8ff708d6d80d1bf086973eb51e","2026-06-10","2026-10-04T18:44:59Z","elo_diff","xgf_ewma_diffmissing_or_zero_variance|xga_ewma_diffmissing_or_zero_variance|xgd_ewma_diffmissing_or_zero_variance|form_index_diff","174e953cbf30542176358240991cf29a7f917ec42fc1728458c4ba72f728fc62"
"uefa_nations_league_2026_27","uefa_nations_league_2026_27-2047926","uefa_nations_league_2026_27-2047926","uefa_nations_league_2026_27-2047926__score",9,1,3,0.0441310074494411,0.775622715344507,0.224377284655493,"phase14-open-nb-incumbent-calibrated-v1","0e89c2948c77b348c5b6d3832cf6d4e7721ca7794f8f68f857d6ae82b9fe7d50","fc9a617e48969b5d524f9994bccb31de0cb028829b4c58a1999b77cf12c5a990","open_nb_incumbent","c65a4f90477e5b799e234d1a313ff333f6cce12cfc08de93e342d7718c252ff8","vector_w400_p0p010","be1392fd4b9fbfe747ea90c89a17413f72459d8ff708d6d80d1bf086973eb51e","2026-06-10","2026-10-04T18:44:59Z","elo_diff","xgf_ewma_diffmissing_or_zero_variance|xga_ewma_diffmissing_or_zero_variance|xgd_ewma_diffmissing_or_zero_variance|form_index_diff","ee323cc64f13a946336681b433e3a43a09b1929a9906354f356e676a14685b9e"
"uefa_nations_league_2026_27","uefa_nations_league_2026_27-2047926","uefa_nations_league_2026_27-2047926","uefa_nations_league_2026_27-2047926__score",10,2,0,0.0404285839093452,0.775622715344507,0.224377284655493,"phase14-open-nb-incumbent-calibrated-v1","0e89c2948c77b348c5b6d3832cf6d4e7721ca7794f8f68f857d6ae82b9fe7d50","fc9a617e48969b5d524f9994bccb31de0cb028829b4c58a1999b77cf12c5a990","open_nb_incumbent","c65a4f90477e5b799e234d1a313ff333f6cce12cfc08de93e342d7718c252ff8","vector_w400_p0p010","be1392fd4b9fbfe747ea90c89a17413f72459d8ff708d6d80d1bf086973eb51e","2026-06-10","2026-10-04T18:44:59Z","elo_diff","xgf_ewma_diffmissing_or_zero_variance|xga_ewma_diffmissing_or_zero_variance|xgd_ewma_diffmissing_or_zero_variance|form_index_diff","a2787140c77e5bd74c700f1d6f895a14e4799e3603eef9e94c08d07a3da3d05b"
"uefa_nations_league_2026_27","uefa_nations_league_2026_27-2047927","uefa_nations_league_2026_27-2047927","uefa_nations_league_2026_27-2047927__score",1,0,1,0.123147224778508,0.777032609915834,0.222967390084166,"phase14-open-nb-incumbent-calibrated-v1","0e89c2948c77b348c5b6d3832cf6d4e7721ca7794f8f68f857d6ae82b9fe7d50","fc9a617e48969b5d524f9994bccb31de0cb028829b4c58a1999b77cf12c5a990","open_nb_incumbent","c65a4f90477e5b799e234d1a313ff333f6cce12cfc08de93e342d7718c252ff8","vector_w400_p0p010","be1392fd4b9fbfe747ea90c89a17413f72459d8ff708d6d80d1bf086973eb51e","2026-06-10","2026-10-04T15:59:59Z","elo_diff","xgf_ewma_diffmissing_or_zero_variance|xga_ewma_diffmissing_or_zero_variance|xgd_ewma_diffmissing_or_zero_variance|form_index_diff","1d5d998faebf29b4637c0cff34ac36a71935bf548bb3f8e9961beee6324547cc"
"uefa_nations_league_2026_27","uefa_nations_league_2026_27-2047927","uefa_nations_league_2026_27-2047927","uefa_nations_league_2026_27-2047927__score",2,1,1,0.111846502888132,0.777032609915834,0.222967390084166,"phase14-open-nb-incumbent-calibrated-v1","0e89c2948c77b348c5b6d3832cf6d4e7721ca7794f8f68f857d6ae82b9fe7d50","fc9a617e48969b5d524f9994bccb31de0cb028829b4c58a1999b77cf12c5a990","open_nb_incumbent","c65a4f90477e5b799e234d1a313ff333f6cce12cfc08de93e342d7718c252ff8","vector_w400_p0p010","be1392fd4b9fbfe747ea90c89a17413f72459d8ff708d6d80d1bf086973eb51e","2026-06-10","2026-10-04T15:59:59Z","elo_diff","xgf_ewma_diffmissing_or_zero_variance|xga_ewma_diffmissing_or_zero_variance|xgd_ewma_diffmissing_or_zero_variance|form_index_diff","3b2efeaca3344bc8687e6054ee5b4010738664d5a59ba2f591a4a696a3c6e10e"
"uefa_nations_league_2026_27","uefa_nations_league_2026_27-2047927","uefa_nations_league_2026_27-2047927","uefa_nations_league_2026_27-2047927__score",3,0,0,0.0980647662355742,0.777032609915834,0.222967390084166,"phase14-open-nb-incumbent-calibrated-v1","0e89c2948c77b348c5b6d3832cf6d4e7721ca7794f8f68f857d6ae82b9fe7d50","fc9a617e48969b5d524f9994bccb31de0cb028829b4c58a1999b77cf12c5a990","open_nb_incumbent","c65a4f90477e5b799e234d1a313ff333f6cce12cfc08de93e342d7718c252ff8","vector_w400_p0p010","be1392fd4b9fbfe747ea90c89a17413f72459d8ff708d6d80d1bf086973eb51e","2026-06-10","2026-10-04T15:59:59Z","elo_diff","xgf_ewma_diffmissing_or_zero_variance|xga_ewma_diffmissing_or_zero_variance|xgd_ewma_diffmissing_or_zero_variance|form_index_diff","440d768d708406f844700e8e8a93b09685d9d358fc46fa44dbf846e7fda8bfdf"
"uefa_nations_league_2026_27","uefa_nations_league_2026_27-2047927","uefa_nations_league_2026_27-2047927","uefa_nations_league_2026_27-2047927__score",4,1,0,0.0890657599448019,0.777032609915834,0.222967390084166,"phase14-open-nb-incumbent-calibrated-v1","0e89c2948c77b348c5b6d3832cf6d4e7721ca7794f8f68f857d6ae82b9fe7d50","fc9a617e48969b5d524f9994bccb31de0cb028829b4c58a1999b77cf12c5a990","open_nb_incumbent","c65a4f90477e5b799e234d1a313ff333f6cce12cfc08de93e342d7718c252ff8","vector_w400_p0p010","be1392fd4b9fbfe747ea90c89a17413f72459d8ff708d6d80d1bf086973eb51e","2026-06-10","2026-10-04T15:59:59Z","elo_diff","xgf_ewma_diffmissing_or_zero_variance|xga_ewma_diffmissing_or_zero_variance|xgd_ewma_diffmissing_or_zero_variance|form_index_diff","aa07daa83eade5424fc43dd97742ba266d55be4b658f6f859a056e8593240d58"
"uefa_nations_league_2026_27","uefa_nations_league_2026_27-2047927","uefa_nations_league_2026_27-2047927","uefa_nations_league_2026_27-2047927__score",5,0,2,0.0874111458457153,0.777032609915834,0.222967390084166,"phase14-open-nb-incumbent-calibrated-v1","0e89c2948c77b348c5b6d3832cf6d4e7721ca7794f8f68f857d6ae82b9fe7d50","fc9a617e48969b5d524f9994bccb31de0cb028829b4c58a1999b77cf12c5a990","open_nb_incumbent","c65a4f90477e5b799e234d1a313ff333f6cce12cfc08de93e342d7718c252ff8","vector_w400_p0p010","be1392fd4b9fbfe747ea90c89a17413f72459d8ff708d6d80d1bf086973eb51e","2026-06-10","2026-10-04T15:59:59Z","elo_diff","xgf_ewma_diffmissing_or_zero_variance|xga_ewma_diffmissing_or_zero_variance|xgd_ewma_diffmissing_or_zero_variance|form_index_diff","17755dfb0ff0d448e35d82749825d031e88c0ac4a73b4ffb4fc80bb4d9ac4167"
"uefa_nations_league_2026_27","uefa_nations_league_2026_27-2047927","uefa_nations_league_2026_27-2047927","uefa_nations_league_2026_27-2047927__score",6,1,2,0.0793897791352744,0.777032609915834,0.222967390084166,"phase14-open-nb-incumbent-calibrated-v1","0e89c2948c77b348c5b6d3832cf6d4e7721ca7794f8f68f857d6ae82b9fe7d50","fc9a617e48969b5d524f9994bccb31de0cb028829b4c58a1999b77cf12c5a990","open_nb_incumbent","c65a4f90477e5b799e234d1a313ff333f6cce12cfc08de93e342d7718c252ff8","vector_w400_p0p010","be1392fd4b9fbfe747ea90c89a17413f72459d8ff708d6d80d1bf086973eb51e","2026-06-10","2026-10-04T15:59:59Z","elo_diff","xgf_ewma_diffmissing_or_zero_variance|xga_ewma_diffmissing_or_zero_variance|xgd_ewma_diffmissing_or_zero_variance|form_index_diff","0a94df7fc532a3bbaef97fdf0a79298fa9e357fe8a199a0355674a8e365e81ce"
"uefa_nations_league_2026_27","uefa_nations_league_2026_27-2047927","uefa_nations_league_2026_27-2047927","uefa_nations_league_2026_27-2047927__score",7,2,1,0.0557061964152935,0.777032609915834,0.222967390084166,"phase14-open-nb-incumbent-calibrated-v1","0e89c2948c77b348c5b6d3832cf6d4e7721ca7794f8f68f857d6ae82b9fe7d50","fc9a617e48969b5d524f9994bccb31de0cb028829b4c58a1999b77cf12c5a990","open_nb_incumbent","c65a4f90477e5b799e234d1a313ff333f6cce12cfc08de93e342d7718c252ff8","vector_w400_p0p010","be1392fd4b9fbfe747ea90c89a17413f72459d8ff708d6d80d1bf086973eb51e","2026-06-10","2026-10-04T15:59:59Z","elo_diff","xgf_ewma_diffmissing_or_zero_variance|xga_ewma_diffmissing_or_zero_variance|xgd_ewma_diffmissing_or_zero_variance|form_index_diff","0f74cc0a845c04d14c3d6d83f5b034028e98944954fad489f4715414b5233370"
"uefa_nations_league_2026_27","uefa_nations_league_2026_27-2047927","uefa_nations_league_2026_27-2047927","uefa_nations_league_2026_27-2047927__score",8,0,3,0.0461375270969456,0.777032609915834,0.222967390084166,"phase14-open-nb-incumbent-calibrated-v1","0e89c2948c77b348c5b6d3832cf6d4e7721ca7794f8f68f857d6ae82b9fe7d50","fc9a617e48969b5d524f9994bccb31de0cb028829b4c58a1999b77cf12c5a990","open_nb_incumbent","c65a4f90477e5b799e234d1a313ff333f6cce12cfc08de93e342d7718c252ff8","vector_w400_p0p010","be1392fd4b9fbfe747ea90c89a17413f72459d8ff708d6d80d1bf086973eb51e","2026-06-10","2026-10-04T15:59:59Z","elo_diff","xgf_ewma_diffmissing_or_zero_variance|xga_ewma_diffmissing_or_zero_variance|xgd_ewma_diffmissing_or_zero_variance|form_index_diff","1c7fb3acf4b93faea5094bd5146fb8363173716dcf45664aaefb0d87a32b7795"
"uefa_nations_league_2026_27","uefa_nations_league_2026_27-2047927","uefa_nations_league_2026_27-2047927","uefa_nations_league_2026_27-2047927__score",9,2,0,0.0443600344154254,0.777032609915834,0.222967390084166,"phase14-open-nb-incumbent-calibrated-v1","0e89c2948c77b348c5b6d3832cf6d4e7721ca7794f8f68f857d6ae82b9fe7d50","fc9a617e48969b5d524f9994bccb31de0cb028829b4c58a1999b77cf12c5a990","open_nb_incumbent","c65a4f90477e5b799e234d1a313ff333f6cce12cfc08de93e342d7718c252ff8","vector_w400_p0p010","be1392fd4b9fbfe747ea90c89a17413f72459d8ff708d6d80d1bf086973eb51e","2026-06-10","2026-10-04T15:59:59Z","elo_diff","xgf_ewma_diffmissing_or_zero_variance|xga_ewma_diffmissing_or_zero_variance|xgd_ewma_diffmissing_or_zero_variance|form_index_diff","f9c2bf70deb9789db6ec99b5523f3047726c6b583ee95ebda6bfdf3b013dc0f2"
"uefa_nations_league_2026_27","uefa_nations_league_2026_27-2047927","uefa_nations_league_2026_27-2047927","uefa_nations_league_2026_27-2047927__score",10,1,3,0.0419036731601636,0.777032609915834,0.222967390084166,"phase14-open-nb-incumbent-calibrated-v1","0e89c2948c77b348c5b6d3832cf6d4e7721ca7794f8f68f857d6ae82b9fe7d50","fc9a617e48969b5d524f9994bccb31de0cb028829b4c58a1999b77cf12c5a990","open_nb_incumbent","c65a4f90477e5b799e234d1a313ff333f6cce12cfc08de93e342d7718c252ff8","vector_w400_p0p010","be1392fd4b9fbfe747ea90c89a17413f72459d8ff708d6d80d1bf086973eb51e","2026-06-10","2026-10-04T15:59:59Z","elo_diff","xgf_ewma_diffmissing_or_zero_variance|xga_ewma_diffmissing_or_zero_variance|xgd_ewma_diffmissing_or_zero_variance|form_index_diff","7f1144f8a55070027d22093c9621d16d1cb4e081c7abcfaf1d441305b7c8e2c1"
"uefa_nations_league_2026_27","uefa_nations_league_2026_27-2047928","uefa_nations_league_2026_27-2047928","uefa_nations_league_2026_27-2047928__score",1,1,0,0.135385865180312,0.781194423676883,0.218805576323117,"phase14-open-nb-incumbent-calibrated-v1","0e89c2948c77b348c5b6d3832cf6d4e7721ca7794f8f68f857d6ae82b9fe7d50","fc9a617e48969b5d524f9994bccb31de0cb028829b4c58a1999b77cf12c5a990","open_nb_incumbent","c65a4f90477e5b799e234d1a313ff333f6cce12cfc08de93e342d7718c252ff8","vector_w400_p0p010","be1392fd4b9fbfe747ea90c89a17413f72459d8ff708d6d80d1bf086973eb51e","2026-06-10","2026-10-04T15:59:59Z","elo_diff","xgf_ewma_diffmissing_or_zero_variance|xga_ewma_diffmissing_or_zero_variance|xgd_ewma_diffmissing_or_zero_variance|form_index_diff","985d7dcba77d9fbc04d2a21038fea96d4c4b018e99d7a73aa00684ca6777f681"
"uefa_nations_league_2026_27","uefa_nations_league_2026_27-2047928","uefa_nations_league_2026_27-2047928","uefa_nations_league_2026_27-2047928__score",2,2,0,0.128818324034081,0.781194423676883,0.218805576323117,"phase14-open-nb-incumbent-calibrated-v1","0e89c2948c77b348c5b6d3832cf6d4e7721ca7794f8f68f857d6ae82b9fe7d50","fc9a617e48969b5d524f9994bccb31de0cb028829b4c58a1999b77cf12c5a990","open_nb_incumbent","c65a4f90477e5b799e234d1a313ff333f6cce12cfc08de93e342d7718c252ff8","vector_w400_p0p010","be1392fd4b9fbfe747ea90c89a17413f72459d8ff708d6d80d1bf086973eb51e","2026-06-10","2026-10-04T15:59:59Z","elo_diff","xgf_ewma_diffmissing_or_zero_variance|xga_ewma_diffmissing_or_zero_variance|xgd_ewma_diffmissing_or_zero_variance|form_index_diff","75e285835f9a45ee1adcfb8946b6e3469234bfbc8d6755777e4b10cab0f4e0f4"
"uefa_nations_league_2026_27","uefa_nations_league_2026_27-2047928","uefa_nations_league_2026_27-2047928","uefa_nations_league_2026_27-2047928__score",3,3,0,0.0889222074458537,0.781194423676883,0.218805576323117,"phase14-open-nb-incumbent-calibrated-v1","0e89c2948c77b348c5b6d3832cf6d4e7721ca7794f8f68f857d6ae82b9fe7d50","fc9a617e48969b5d524f9994bccb31de0cb028829b4c58a1999b77cf12c5a990","open_nb_incumbent","c65a4f90477e5b799e234d1a313ff333f6cce12cfc08de93e342d7718c252ff8","vector_w400_p0p010","be1392fd4b9fbfe747ea90c89a17413f72459d8ff708d6d80d1bf086973eb51e","2026-06-10","2026-10-04T15:59:59Z","elo_diff","xgf_ewma_diffmissing_or_zero_variance|xga_ewma_diffmissing_or_zero_variance|xgd_ewma_diffmissing_or_zero_variance|form_index_diff","ecd8176c76051c4662ef4060caa998fd21e265c052218957263d08453d3c4aaf"
"uefa_nations_league_2026_27","uefa_nations_league_2026_27-2047928","uefa_nations_league_2026_27-2047928","uefa_nations_league_2026_27-2047928__score",4,1,1,0.0845298099369823,0.781194423676883,0.218805576323117,"phase14-open-nb-incumbent-calibrated-v1","0e89c2948c77b348c5b6d3832cf6d4e7721ca7794f8f68f857d6ae82b9fe7d50","fc9a617e48969b5d524f9994bccb31de0cb028829b4c58a1999b77cf12c5a990","open_nb_incumbent","c65a4f90477e5b799e234d1a313ff333f6cce12cfc08de93e342d7718c252ff8","vector_w400_p0p010","be1392fd4b9fbfe747ea90c89a17413f72459d8ff708d6d80d1bf086973eb51e","2026-06-10","2026-10-04T15:59:59Z","elo_diff","xgf_ewma_diffmissing_or_zero_variance|xga_ewma_diffmissing_or_zero_variance|xgd_ewma_diffmissing_or_zero_variance|form_index_diff","893b21009534d6970ef4ae64db7b949b1e594db61a60b0e1a37854379b950d08"
"uefa_nations_league_2026_27","uefa_nations_league_2026_27-2047928","uefa_nations_league_2026_27-2047928","uefa_nations_league_2026_27-2047928__score",5,2,1,0.0804292858231476,0.781194423676883,0.218805576323117,"phase14-open-nb-incumbent-calibrated-v1","0e89c2948c77b348c5b6d3832cf6d4e7721ca7794f8f68f857d6ae82b9fe7d50","fc9a617e48969b5d524f9994bccb31de0cb028829b4c58a1999b77cf12c5a990","open_nb_incumbent","c65a4f90477e5b799e234d1a313ff333f6cce12cfc08de93e342d7718c252ff8","vector_w400_p0p010","be1392fd4b9fbfe747ea90c89a17413f72459d8ff708d6d80d1bf086973eb51e","2026-06-10","2026-10-04T15:59:59Z","elo_diff","xgf_ewma_diffmissing_or_zero_variance|xga_ewma_diffmissing_or_zero_variance|xgd_ewma_diffmissing_or_zero_variance|form_index_diff","41c1f650c4e465dc9634a9fbab505c5b02fe13bee436e6688d86f8dd43f32b62"
"uefa_nations_league_2026_27","uefa_nations_league_2026_27-2047928","uefa_nations_league_2026_27-2047928","uefa_nations_league_2026_27-2047928__score",6,0,0,0.0780283315960651,0.781194423676883,0.218805576323117,"phase14-open-nb-incumbent-calibrated-v1","0e89c2948c77b348c5b6d3832cf6d4e7721ca7794f8f68f857d6ae82b9fe7d50","fc9a617e48969b5d524f9994bccb31de0cb028829b4c58a1999b77cf12c5a990","open_nb_incumbent","c65a4f90477e5b799e234d1a313ff333f6cce12cfc08de93e342d7718c252ff8","vector_w400_p0p010","be1392fd4b9fbfe747ea90c89a17413f72459d8ff708d6d80d1bf086973eb51e","2026-06-10","2026-10-04T15:59:59Z","elo_diff","xgf_ewma_diffmissing_or_zero_variance|xga_ewma_diffmissing_or_zero_variance|xgd_ewma_diffmissing_or_zero_variance|form_index_diff","b6af4fa28729d50c0b18715ceaa02139ab71d154417068223a364a803dee613c"
"uefa_nations_league_2026_27","uefa_nations_league_2026_27-2047928","uefa_nations_league_2026_27-2047928","uefa_nations_league_2026_27-2047928__score",7,3,1,0.0555196606718437,0.781194423676883,0.218805576323117,"phase14-open-nb-incumbent-calibrated-v1","0e89c2948c77b348c5b6d3832cf6d4e7721ca7794f8f68f857d6ae82b9fe7d50","fc9a617e48969b5d524f9994bccb31de0cb028829b4c58a1999b77cf12c5a990","open_nb_incumbent","c65a4f90477e5b799e234d1a313ff333f6cce12cfc08de93e342d7718c252ff8","vector_w400_p0p010","be1392fd4b9fbfe747ea90c89a17413f72459d8ff708d6d80d1bf086973eb51e","2026-06-10","2026-10-04T15:59:59Z","elo_diff","xgf_ewma_diffmissing_or_zero_variance|xga_ewma_diffmissing_or_zero_variance|xgd_ewma_diffmissing_or_zero_variance|form_index_diff","8e915f1ace19feba220713f6cf37ab1bd45069b52a8effe43ffc5de5739b03da"
"uefa_nations_league_2026_27","uefa_nations_league_2026_27-2047928","uefa_nations_league_2026_27-2047928","uefa_nations_league_2026_27-2047928__score",8,4,0,0.0497690752293668,0.781194423676883,0.218805576323117,"phase14-open-nb-incumbent-calibrated-v1","0e89c2948c77b348c5b6d3832cf6d4e7721ca7794f8f68f857d6ae82b9fe7d50","fc9a617e48969b5d524f9994bccb31de0cb028829b4c58a1999b77cf12c5a990","open_nb_incumbent","c65a4f90477e5b799e234d1a313ff333f6cce12cfc08de93e342d7718c252ff8","vector_w400_p0p010","be1392fd4b9fbfe747ea90c89a17413f72459d8ff708d6d80d1bf086973eb51e","2026-06-10","2026-10-04T15:59:59Z","elo_diff","xgf_ewma_diffmissing_or_zero_variance|xga_ewma_diffmissing_or_zero_variance|xgd_ewma_diffmissing_or_zero_variance|form_index_diff","fc1bbe0e3524807f3e3095e3c75932fb7a04bd3ab8285b27cbe26ebf137203cc"
"uefa_nations_league_2026_27","uefa_nations_league_2026_27-2047928","uefa_nations_league_2026_27-2047928","uefa_nations_league_2026_27-2047928__score",9,0,1,0.0487179369185311,0.781194423676883,0.218805576323117,"phase14-open-nb-incumbent-calibrated-v1","0e89c2948c77b348c5b6d3832cf6d4e7721ca7794f8f68f857d6ae82b9fe7d50","fc9a617e48969b5d524f9994bccb31de0cb028829b4c58a1999b77cf12c5a990","open_nb_incumbent","c65a4f90477e5b799e234d1a313ff333f6cce12cfc08de93e342d7718c252ff8","vector_w400_p0p010","be1392fd4b9fbfe747ea90c89a17413f72459d8ff708d6d80d1bf086973eb51e","2026-06-10","2026-10-04T15:59:59Z","elo_diff","xgf_ewma_diffmissing_or_zero_variance|xga_ewma_diffmissing_or_zero_variance|xgd_ewma_diffmissing_or_zero_variance|form_index_diff","15d8b216e1fd68037092b2075792c6c1a70ed0adf6796bfa5c618e9fa75011b7"
"uefa_nations_league_2026_27","uefa_nations_league_2026_27-2047928","uefa_nations_league_2026_27-2047928","uefa_nations_league_2026_27-2047928__score",10,4,1,0.0310739268406989,0.781194423676883,0.218805576323117,"phase14-open-nb-incumbent-calibrated-v1","0e89c2948c77b348c5b6d3832cf6d4e7721ca7794f8f68f857d6ae82b9fe7d50","fc9a617e48969b5d524f9994bccb31de0cb028829b4c58a1999b77cf12c5a990","open_nb_incumbent","c65a4f90477e5b799e234d1a313ff333f6cce12cfc08de93e342d7718c252ff8","vector_w400_p0p010","be1392fd4b9fbfe747ea90c89a17413f72459d8ff708d6d80d1bf086973eb51e","2026-06-10","2026-10-04T15:59:59Z","elo_diff","xgf_ewma_diffmissing_or_zero_variance|xga_ewma_diffmissing_or_zero_variance|xgd_ewma_diffmissing_or_zero_variance|form_index_diff","5d82b44a552bc49063b22ea7a07021b052d3b784aba6f2fbe4b4d2ab6e57515c"
"uefa_nations_league_2026_27","uefa_nations_league_2026_27-2047929","uefa_nations_league_2026_27-2047929","uefa_nations_league_2026_27-2047929__score",1,1,0,0.129677300073676,0.784528702674308,0.215471297325692,"phase14-open-nb-incumbent-calibrated-v1","0e89c2948c77b348c5b6d3832cf6d4e7721ca7794f8f68f857d6ae82b9fe7d50","fc9a617e48969b5d524f9994bccb31de0cb028829b4c58a1999b77cf12c5a990","open_nb_incumbent","c65a4f90477e5b799e234d1a313ff333f6cce12cfc08de93e342d7718c252ff8","vector_w400_p0p010","be1392fd4b9fbfe747ea90c89a17413f72459d8ff708d6d80d1bf086973eb51e","2026-06-10","2026-10-04T18:44:59Z","elo_diff","xgf_ewma_diffmissing_or_zero_variance|xga_ewma_diffmissing_or_zero_variance|xgd_ewma_diffmissing_or_zero_variance|form_index_diff","b77e881f8cb0fe53d419ebb7fedde4bc0659b494686686416267540a05ed2c7c"
"uefa_nations_league_2026_27","uefa_nations_league_2026_27-2047929","uefa_nations_league_2026_27-2047929","uefa_nations_league_2026_27-2047929__score",2,1,1,0.111563902119168,0.784528702674308,0.215471297325692,"phase14-open-nb-incumbent-calibrated-v1","0e89c2948c77b348c5b6d3832cf6d4e7721ca7794f8f68f857d6ae82b9fe7d50","fc9a617e48969b5d524f9994bccb31de0cb028829b4c58a1999b77cf12c5a990","open_nb_incumbent","c65a4f90477e5b799e234d1a313ff333f6cce12cfc08de93e342d7718c252ff8","vector_w400_p0p010","be1392fd4b9fbfe747ea90c89a17413f72459d8ff708d6d80d1bf086973eb51e","2026-06-10","2026-10-04T18:44:59Z","elo_diff","xgf_ewma_diffmissing_or_zero_variance|xga_ewma_diffmissing_or_zero_variance|xgd_ewma_diffmissing_or_zero_variance|form_index_diff","211a5953fba4c2cacf1e6cdf9d958264f285afda5cd74be38c316b340b0b51d8"
"uefa_nations_league_2026_27","uefa_nations_league_2026_27-2047929","uefa_nations_league_2026_27-2047929","uefa_nations_league_2026_27-2047929__score",3,0,0,0.0991107122016137,0.784528702674308,0.215471297325692,"phase14-open-nb-incumbent-calibrated-v1","0e89c2948c77b348c5b6d3832cf6d4e7721ca7794f8f68f857d6ae82b9fe7d50","fc9a617e48969b5d524f9994bccb31de0cb028829b4c58a1999b77cf12c5a990","open_nb_incumbent","c65a4f90477e5b799e234d1a313ff333f6cce12cfc08de93e342d7718c252ff8","vector_w400_p0p010","be1392fd4b9fbfe747ea90c89a17413f72459d8ff708d6d80d1bf086973eb51e","2026-06-10","2026-10-04T18:44:59Z","elo_diff","xgf_ewma_diffmissing_or_zero_variance|xga_ewma_diffmissing_or_zero_variance|xgd_ewma_diffmissing_or_zero_variance|form_index_diff","5a40e4ab37c133322bc289a52d58adc54c8ccb8caaa513c6fda7405cf9c02dc4"
"uefa_nations_league_2026_27","uefa_nations_league_2026_27-2047929","uefa_nations_league_2026_27-2047929","uefa_nations_league_2026_27-2047929__score",4,2,0,0.0930444855013914,0.784528702674308,0.215471297325692,"phase14-open-nb-incumbent-calibrated-v1","0e89c2948c77b348c5b6d3832cf6d4e7721ca7794f8f68f857d6ae82b9fe7d50","fc9a617e48969b5d524f9994bccb31de0cb028829b4c58a1999b77cf12c5a990","open_nb_incumbent","c65a4f90477e5b799e234d1a313ff333f6cce12cfc08de93e342d7718c252ff8","vector_w400_p0p010","be1392fd4b9fbfe747ea90c89a17413f72459d8ff708d6d80d1bf086973eb51e","2026-06-10","2026-10-04T18:44:59Z","elo_diff","xgf_ewma_diffmissing_or_zero_variance|xga_ewma_diffmissing_or_zero_variance|xgd_ewma_diffmissing_or_zero_variance|form_index_diff","20203b86245168da5f7aa35399c84b85970efe37e73809543d19b878b67c4755"
"uefa_nations_league_2026_27","uefa_nations_league_2026_27-2047929","uefa_nations_league_2026_27-2047929","uefa_nations_league_2026_27-2047929__score",5,0,1,0.0852668723727262,0.784528702674308,0.215471297325692,"phase14-open-nb-incumbent-calibrated-v1","0e89c2948c77b348c5b6d3832cf6d4e7721ca7794f8f68f857d6ae82b9fe7d50","fc9a617e48969b5d524f9994bccb31de0cb028829b4c58a1999b77cf12c5a990","open_nb_incumbent","c65a4f90477e5b799e234d1a313ff333f6cce12cfc08de93e342d7718c252ff8","vector_w400_p0p010","be1392fd4b9fbfe747ea90c89a17413f72459d8ff708d6d80d1bf086973eb51e","2026-06-10","2026-10-04T18:44:59Z","elo_diff","xgf_ewma_diffmissing_or_zero_variance|xga_ewma_diffmissing_or_zero_variance|xgd_ewma_diffmissing_or_zero_variance|form_index_diff","026a170ea05307169dade07c66a19611f2ae6aec8af480f52cc0f683efb09247"
"uefa_nations_league_2026_27","uefa_nations_league_2026_27-2047929","uefa_nations_league_2026_27-2047929","uefa_nations_league_2026_27-2047929__score",6,2,1,0.0800479796179281,0.784528702674308,0.215471297325692,"phase14-open-nb-incumbent-calibrated-v1","0e89c2948c77b348c5b6d3832cf6d4e7721ca7794f8f68f857d6ae82b9fe7d50","fc9a617e48969b5d524f9994bccb31de0cb028829b4c58a1999b77cf12c5a990","open_nb_incumbent","c65a4f90477e5b799e234d1a313ff333f6cce12cfc08de93e342d7718c252ff8","vector_w400_p0p010","be1392fd4b9fbfe747ea90c89a17413f72459d8ff708d6d80d1bf086973eb51e","2026-06-10","2026-10-04T18:44:59Z","elo_diff","xgf_ewma_diffmissing_or_zero_variance|xga_ewma_diffmissing_or_zero_variance|xgd_ewma_diffmissing_or_zero_variance|form_index_diff","ec591dd0e8095e3f0e9d0356f99149a1096fc62f8287d983beba0adb3740688d"
"uefa_nations_league_2026_27","uefa_nations_league_2026_27-2047929","uefa_nations_league_2026_27-2047929","uefa_nations_league_2026_27-2047929__score",7,1,2,0.0542517790914594,0.784528702674308,0.215471297325692,"phase14-open-nb-incumbent-calibrated-v1","0e89c2948c77b348c5b6d3832cf6d4e7721ca7794f8f68f857d6ae82b9fe7d50","fc9a617e48969b5d524f9994bccb31de0cb028829b4c58a1999b77cf12c5a990","open_nb_incumbent","c65a4f90477e5b799e234d1a313ff333f6cce12cfc08de93e342d7718c252ff8","vector_w400_p0p010","be1392fd4b9fbfe747ea90c89a17413f72459d8ff708d6d80d1bf086973eb51e","2026-06-10","2026-10-04T18:44:59Z","elo_diff","xgf_ewma_diffmissing_or_zero_variance|xga_ewma_diffmissing_or_zero_variance|xgd_ewma_diffmissing_or_zero_variance|form_index_diff","947cdd979e51bd980df6880128e23c3c7d84ccddba99f8a8f04dc65be1949188"
"uefa_nations_league_2026_27","uefa_nations_league_2026_27-2047929","uefa_nations_league_2026_27-2047929","uefa_nations_league_2026_27-2047929__score",8,3,0,0.0484334703930984,0.784528702674308,0.215471297325692,"phase14-open-nb-incumbent-calibrated-v1","0e89c2948c77b348c5b6d3832cf6d4e7721ca7794f8f68f857d6ae82b9fe7d50","fc9a617e48969b5d524f9994bccb31de0cb028829b4c58a1999b77cf12c5a990","open_nb_incumbent","c65a4f90477e5b799e234d1a313ff333f6cce12cfc08de93e342d7718c252ff8","vector_w400_p0p010","be1392fd4b9fbfe747ea90c89a17413f72459d8ff708d6d80d1bf086973eb51e","2026-06-10","2026-10-04T18:44:59Z","elo_diff","xgf_ewma_diffmissing_or_zero_variance|xga_ewma_diffmissing_or_zero_variance|xgd_ewma_diffmissing_or_zero_variance|form_index_diff","bba7c5127ccf9d43c71760d19854c2fd46dde03b58d890529784a74ca7b61738"
"uefa_nations_league_2026_27","uefa_nations_league_2026_27-2047929","uefa_nations_league_2026_27-2047929","uefa_nations_league_2026_27-2047929__score",9,3,1,0.0416682561030904,0.784528702674308,0.215471297325692,"phase14-open-nb-incumbent-calibrated-v1","0e89c2948c77b348c5b6d3832cf6d4e7721ca7794f8f68f857d6ae82b9fe7d50","fc9a617e48969b5d524f9994bccb31de0cb028829b4c58a1999b77cf12c5a990","open_nb_incumbent","c65a4f90477e5b799e234d1a313ff333f6cce12cfc08de93e342d7718c252ff8","vector_w400_p0p010","be1392fd4b9fbfe747ea90c89a17413f72459d8ff708d6d80d1bf086973eb51e","2026-06-10","2026-10-04T18:44:59Z","elo_diff","xgf_ewma_diffmissing_or_zero_variance|xga_ewma_diffmissing_or_zero_variance|xgd_ewma_diffmissing_or_zero_variance|form_index_diff","b97325b663a9c075a99d267d564b9d96b6dec358c3627d4d2e3b7efc5e53d73b"
"uefa_nations_league_2026_27","uefa_nations_league_2026_27-2047929","uefa_nations_league_2026_27-2047929","uefa_nations_league_2026_27-2047929__score",10,0,2,0.0414639452001566,0.784528702674308,0.215471297325692,"phase14-open-nb-incumbent-calibrated-v1","0e89c2948c77b348c5b6d3832cf6d4e7721ca7794f8f68f857d6ae82b9fe7d50","fc9a617e48969b5d524f9994bccb31de0cb028829b4c58a1999b77cf12c5a990","open_nb_incumbent","c65a4f90477e5b799e234d1a313ff333f6cce12cfc08de93e342d7718c252ff8","vector_w400_p0p010","be1392fd4b9fbfe747ea90c89a17413f72459d8ff708d6d80d1bf086973eb51e","2026-06-10","2026-10-04T18:44:59Z","elo_diff","xgf_ewma_diffmissing_or_zero_variance|xga_ewma_diffmissing_or_zero_variance|xgd_ewma_diffmissing_or_zero_variance|form_index_diff","67a8743bc91aaadb2f480efc018f11bf5f5ad5731de76b983221044885b85b1d"
"uefa_nations_league_2026_27","uefa_nations_league_2026_27-2047930","uefa_nations_league_2026_27-2047930","uefa_nations_league_2026_27-2047930__score",1,0,1,0.121792136779545,0.77731510268053,0.22268489731947,"phase14-open-nb-incumbent-calibrated-v1","0e89c2948c77b348c5b6d3832cf6d4e7721ca7794f8f68f857d6ae82b9fe7d50","fc9a617e48969b5d524f9994bccb31de0cb028829b4c58a1999b77cf12c5a990","open_nb_incumbent","c65a4f90477e5b799e234d1a313ff333f6cce12cfc08de93e342d7718c252ff8","vector_w400_p0p010","be1392fd4b9fbfe747ea90c89a17413f72459d8ff708d6d80d1bf086973eb51e","2026-06-10","2026-10-04T18:44:59Z","elo_diff","xgf_ewma_diffmissing_or_zero_variance|xga_ewma_diffmissing_or_zero_variance|xgd_ewma_diffmissing_or_zero_variance|form_index_diff","a7df78170afe8b1314d320d67bcdb3a9bce4bb00abce23143e9c222e9cf83226"
"uefa_nations_league_2026_27","uefa_nations_league_2026_27-2047930","uefa_nations_league_2026_27-2047930","uefa_nations_league_2026_27-2047930__score",2,1,1,0.112947772944973,0.77731510268053,0.22268489731947,"phase14-open-nb-incumbent-calibrated-v1","0e89c2948c77b348c5b6d3832cf6d4e7721ca7794f8f68f857d6ae82b9fe7d50","fc9a617e48969b5d524f9994bccb31de0cb028829b4c58a1999b77cf12c5a990","open_nb_incumbent","c65a4f90477e5b799e234d1a313ff333f6cce12cfc08de93e342d7718c252ff8","vector_w400_p0p010","be1392fd4b9fbfe747ea90c89a17413f72459d8ff708d6d80d1bf086973eb51e","2026-06-10","2026-10-04T18:44:59Z","elo_diff","xgf_ewma_diffmissing_or_zero_variance|xga_ewma_diffmissing_or_zero_variance|xgd_ewma_diffmissing_or_zero_variance|form_index_diff","2c739b7281643cc9cf8ac6e2a219c6f85ce980b6e77cf4fd6ab5dcb5b7fd00d4"
"uefa_nations_league_2026_27","uefa_nations_league_2026_27-2047930","uefa_nations_league_2026_27-2047930","uefa_nations_league_2026_27-2047930__score",3,0,0,0.0990018324768934,0.77731510268053,0.22268489731947,"phase14-open-nb-incumbent-calibrated-v1","0e89c2948c77b348c5b6d3832cf6d4e7721ca7794f8f68f857d6ae82b9fe7d50","fc9a617e48969b5d524f9994bccb31de0cb028829b4c58a1999b77cf12c5a990","open_nb_incumbent","c65a4f90477e5b799e234d1a313ff333f6cce12cfc08de93e342d7718c252ff8","vector_w400_p0p010","be1392fd4b9fbfe747ea90c89a17413f72459d8ff708d6d80d1bf086973eb51e","2026-06-10","2026-10-04T18:44:59Z","elo_diff","xgf_ewma_diffmissing_or_zero_variance|xga_ewma_diffmissing_or_zero_variance|xgd_ewma_diffmissing_or_zero_variance|form_index_diff","8aa7edcd1173b93a99c3f8cf10038d42bf330bf6b1f4e3c9ee6a85372c767745"
"uefa_nations_league_2026_27","uefa_nations_league_2026_27-2047930","uefa_nations_league_2026_27-2047930","uefa_nations_league_2026_27-2047930__score",4,1,0,0.0918124666453385,0.77731510268053,0.22268489731947,"phase14-open-nb-incumbent-calibrated-v1","0e89c2948c77b348c5b6d3832cf6d4e7721ca7794f8f68f857d6ae82b9fe7d50","fc9a617e48969b5d524f9994bccb31de0cb028829b4c58a1999b77cf12c5a990","open_nb_incumbent","c65a4f90477e5b799e234d1a313ff333f6cce12cfc08de93e342d7718c252ff8","vector_w400_p0p010","be1392fd4b9fbfe747ea90c89a17413f72459d8ff708d6d80d1bf086973eb51e","2026-06-10","2026-10-04T18:44:59Z","elo_diff","xgf_ewma_diffmissing_or_zero_variance|xga_ewma_diffmissing_or_zero_variance|xgd_ewma_diffmissing_or_zero_variance|form_index_diff","70979cd5bb2c1a5c9b8eff860150b72cec98effd7887741d38c1d2080fe983ae"
"uefa_nations_league_2026_27","uefa_nations_league_2026_27-2047930","uefa_nations_league_2026_27-2047930","uefa_nations_league_2026_27-2047930__score",5,0,2,0.0846887688172344,0.77731510268053,0.22268489731947,"phase14-open-nb-incumbent-calibrated-v1","0e89c2948c77b348c5b6d3832cf6d4e7721ca7794f8f68f857d6ae82b9fe7d50","fc9a617e48969b5d524f9994bccb31de0cb028829b4c58a1999b77cf12c5a990","open_nb_incumbent","c65a4f90477e5b799e234d1a313ff333f6cce12cfc08de93e342d7718c252ff8","vector_w400_p0p010","be1392fd4b9fbfe747ea90c89a17413f72459d8ff708d6d80d1bf086973eb51e","2026-06-10","2026-10-04T18:44:59Z","elo_diff","xgf_ewma_diffmissing_or_zero_variance|xga_ewma_diffmissing_or_zero_variance|xgd_ewma_diffmissing_or_zero_variance|form_index_diff","29b11c2309b5e9e120ce41d37f801a7bae487c88212b1a087d2aa11139ed596b"
"uefa_nations_league_2026_27","uefa_nations_league_2026_27-2047930","uefa_nations_league_2026_27-2047930","uefa_nations_league_2026_27-2047930__score",6,1,2,0.078538796381187,0.77731510268053,0.22268489731947,"phase14-open-nb-incumbent-calibrated-v1","0e89c2948c77b348c5b6d3832cf6d4e7721ca7794f8f68f857d6ae82b9fe7d50","fc9a617e48969b5d524f9994bccb31de0cb028829b4c58a1999b77cf12c5a990","open_nb_incumbent","c65a4f90477e5b799e234d1a313ff333f6cce12cfc08de93e342d7718c252ff8","vector_w400_p0p010","be1392fd4b9fbfe747ea90c89a17413f72459d8ff708d6d80d1bf086973eb51e","2026-06-10","2026-10-04T18:44:59Z","elo_diff","xgf_ewma_diffmissing_or_zero_variance|xga_ewma_diffmissing_or_zero_variance|xgd_ewma_diffmissing_or_zero_variance|form_index_diff","f0df9667301f2779bea080b99c6d43de1ea6a25cf9572b24c3691c955ffa5dce"
"uefa_nations_league_2026_27","uefa_nations_league_2026_27-2047930","uefa_nations_league_2026_27-2047930","uefa_nations_league_2026_27-2047930__score",7,2,1,0.0574406585473412,0.77731510268053,0.22268489731947,"phase14-open-nb-incumbent-calibrated-v1","0e89c2948c77b348c5b6d3832cf6d4e7721ca7794f8f68f857d6ae82b9fe7d50","fc9a617e48969b5d524f9994bccb31de0cb028829b4c58a1999b77cf12c5a990","open_nb_incumbent","c65a4f90477e5b799e234d1a313ff333f6cce12cfc08de93e342d7718c252ff8","vector_w400_p0p010","be1392fd4b9fbfe747ea90c89a17413f72459d8ff708d6d80d1bf086973eb51e","2026-06-10","2026-10-04T18:44:59Z","elo_diff","xgf_ewma_diffmissing_or_zero_variance|xga_ewma_diffmissing_or_zero_variance|xgd_ewma_diffmissing_or_zero_variance|form_index_diff","c046d3e91ea76dab7aa9e925aa25b98069a1a64339094bf365901a9cf525caea"
"uefa_nations_league_2026_27","uefa_nations_league_2026_27-2047930","uefa_nations_league_2026_27-2047930","uefa_nations_league_2026_27-2047930__score",8,2,0,0.0466920985642926,0.77731510268053,0.22268489731947,"phase14-open-nb-incumbent-calibrated-v1","0e89c2948c77b348c5b6d3832cf6d4e7721ca7794f8f68f857d6ae82b9fe7d50","fc9a617e48969b5d524f9994bccb31de0cb028829b4c58a1999b77cf12c5a990","open_nb_incumbent","c65a4f90477e5b799e234d1a313ff333f6cce12cfc08de93e342d7718c252ff8","vector_w400_p0p010","be1392fd4b9fbfe747ea90c89a17413f72459d8ff708d6d80d1bf086973eb51e","2026-06-10","2026-10-04T18:44:59Z","elo_diff","xgf_ewma_diffmissing_or_zero_variance|xga_ewma_diffmissing_or_zero_variance|xgd_ewma_diffmissing_or_zero_variance|form_index_diff","6b92d2bcb6c68015b55d3d210d39c4acff66d9f393e2bf6f4ff8ba0522b1948e"
"uefa_nations_league_2026_27","uefa_nations_league_2026_27-2047930","uefa_nations_league_2026_27-2047930","uefa_nations_league_2026_27-2047930__score",9,0,3,0.0437902781991891,0.77731510268053,0.22268489731947,"phase14-open-nb-incumbent-calibrated-v1","0e89c2948c77b348c5b6d3832cf6d4e7721ca7794f8f68f857d6ae82b9fe7d50","fc9a617e48969b5d524f9994bccb31de0cb028829b4c58a1999b77cf12c5a990","open_nb_incumbent","c65a4f90477e5b799e234d1a313ff333f6cce12cfc08de93e342d7718c252ff8","vector_w400_p0p010","be1392fd4b9fbfe747ea90c89a17413f72459d8ff708d6d80d1bf086973eb51e","2026-06-10","2026-10-04T18:44:59Z","elo_diff","xgf_ewma_diffmissing_or_zero_variance|xga_ewma_diffmissing_or_zero_variance|xgd_ewma_diffmissing_or_zero_variance|form_index_diff","c2e2fe14b07a8c3acf41bd0b7a1d23bbe9be705c51ee33988361f62aec408334"
"uefa_nations_league_2026_27","uefa_nations_league_2026_27-2047930","uefa_nations_league_2026_27-2047930","uefa_nations_league_2026_27-2047930__score",10,1,3,0.0406102933245353,0.77731510268053,0.22268489731947,"phase14-open-nb-incumbent-calibrated-v1","0e89c2948c77b348c5b6d3832cf6d4e7721ca7794f8f68f857d6ae82b9fe7d50","fc9a617e48969b5d524f9994bccb31de0cb028829b4c58a1999b77cf12c5a990","open_nb_incumbent","c65a4f90477e5b799e234d1a313ff333f6cce12cfc08de93e342d7718c252ff8","vector_w400_p0p010","be1392fd4b9fbfe747ea90c89a17413f72459d8ff708d6d80d1bf086973eb51e","2026-06-10","2026-10-04T18:44:59Z","elo_diff","xgf_ewma_diffmissing_or_zero_variance|xga_ewma_diffmissing_or_zero_variance|xgd_ewma_diffmissing_or_zero_variance|form_index_diff","178207ea62c2c5e391a112fc30a6980c1db136e86259aa2512d33e167474b71b"
"uefa_nations_league_2026_27","uefa_nations_league_2026_27-2047931","uefa_nations_league_2026_27-2047931","uefa_nations_league_2026_27-2047931__score",1,1,0,0.13288852016872,0.78520102238824,0.21479897761176,"phase14-open-nb-incumbent-calibrated-v1","0e89c2948c77b348c5b6d3832cf6d4e7721ca7794f8f68f857d6ae82b9fe7d50","fc9a617e48969b5d524f9994bccb31de0cb028829b4c58a1999b77cf12c5a990","open_nb_incumbent","c65a4f90477e5b799e234d1a313ff333f6cce12cfc08de93e342d7718c252ff8","vector_w400_p0p010","be1392fd4b9fbfe747ea90c89a17413f72459d8ff708d6d80d1bf086973eb51e","2026-06-10","2026-10-04T12:59:59Z","elo_diff","xgf_ewma_diffmissing_or_zero_variance|xga_ewma_diffmissing_or_zero_variance|xgd_ewma_diffmissing_or_zero_variance|form_index_diff","9c5338f496e45d5ebd56b48fffd3ad096676a0bbe979394b86c2d40840aaecc0"
"uefa_nations_league_2026_27","uefa_nations_league_2026_27-2047931","uefa_nations_league_2026_27-2047931","uefa_nations_league_2026_27-2047931__score",2,1,1,0.108229989441127,0.78520102238824,0.21479897761176,"phase14-open-nb-incumbent-calibrated-v1","0e89c2948c77b348c5b6d3832cf6d4e7721ca7794f8f68f857d6ae82b9fe7d50","fc9a617e48969b5d524f9994bccb31de0cb028829b4c58a1999b77cf12c5a990","open_nb_incumbent","c65a4f90477e5b799e234d1a313ff333f6cce12cfc08de93e342d7718c252ff8","vector_w400_p0p010","be1392fd4b9fbfe747ea90c89a17413f72459d8ff708d6d80d1bf086973eb51e","2026-06-10","2026-10-04T12:59:59Z","elo_diff","xgf_ewma_diffmissing_or_zero_variance|xga_ewma_diffmissing_or_zero_variance|xgd_ewma_diffmissing_or_zero_variance|form_index_diff","6be1895693345ff7efa49ef9461ed0f11aed0236cc86115f147ae46fa63f75c6"
"uefa_nations_league_2026_27","uefa_nations_league_2026_27-2047931","uefa_nations_league_2026_27-2047931","uefa_nations_league_2026_27-2047931__score",3,2,0,0.100228386928873,0.78520102238824,0.21479897761176,"phase14-open-nb-incumbent-calibrated-v1","0e89c2948c77b348c5b6d3832cf6d4e7721ca7794f8f68f857d6ae82b9fe7d50","fc9a617e48969b5d524f9994bccb31de0cb028829b4c58a1999b77cf12c5a990","open_nb_incumbent","c65a4f90477e5b799e234d1a313ff333f6cce12cfc08de93e342d7718c252ff8","vector_w400_p0p010","be1392fd4b9fbfe747ea90c89a17413f72459d8ff708d6d80d1bf086973eb51e","2026-06-10","2026-10-04T12:59:59Z","elo_diff","xgf_ewma_diffmissing_or_zero_variance|xga_ewma_diffmissing_or_zero_variance|xgd_ewma_diffmissing_or_zero_variance|form_index_diff","d5af1351931a0b85a4c34ee76e2a25c7f6f44963b9e330314e9754eea273c68f"
"uefa_nations_league_2026_27","uefa_nations_league_2026_27-2047931","uefa_nations_league_2026_27-2047931","uefa_nations_league_2026_27-2047931__score",4,0,0,0.0966201051209041,0.78520102238824,0.21479897761176,"phase14-open-nb-incumbent-calibrated-v1","0e89c2948c77b348c5b6d3832cf6d4e7721ca7794f8f68f857d6ae82b9fe7d50","fc9a617e48969b5d524f9994bccb31de0cb028829b4c58a1999b77cf12c5a990","open_nb_incumbent","c65a4f90477e5b799e234d1a313ff333f6cce12cfc08de93e342d7718c252ff8","vector_w400_p0p010","be1392fd4b9fbfe747ea90c89a17413f72459d8ff708d6d80d1bf086973eb51e","2026-06-10","2026-10-04T12:59:59Z","elo_diff","xgf_ewma_diffmissing_or_zero_variance|xga_ewma_diffmissing_or_zero_variance|xgd_ewma_diffmissing_or_zero_variance|form_index_diff","0bcfc2c91293e46c55e22163fb70162eca93a09e8c42a0b1f5cdef78f185142a"
"uefa_nations_league_2026_27","uefa_nations_league_2026_27-2047931","uefa_nations_league_2026_27-2047931","uefa_nations_league_2026_27-2047931__score",5,2,1,0.0816302058691031,0.78520102238824,0.21479897761176,"phase14-open-nb-incumbent-calibrated-v1","0e89c2948c77b348c5b6d3832cf6d4e7721ca7794f8f68f857d6ae82b9fe7d50","fc9a617e48969b5d524f9994bccb31de0cb028829b4c58a1999b77cf12c5a990","open_nb_incumbent","c65a4f90477e5b799e234d1a313ff333f6cce12cfc08de93e342d7718c252ff8","vector_w400_p0p010","be1392fd4b9fbfe747ea90c89a17413f72459d8ff708d6d80d1bf086973eb51e","2026-06-10","2026-10-04T12:59:59Z","elo_diff","xgf_ewma_diffmissing_or_zero_variance|xga_ewma_diffmissing_or_zero_variance|xgd_ewma_diffmissing_or_zero_variance|form_index_diff","ff62a9410f225dfd821d1dbe533b4e8a9697fa91d51ada99393f439a88026df7"
"uefa_nations_league_2026_27","uefa_nations_league_2026_27-2047931","uefa_nations_league_2026_27-2047931","uefa_nations_league_2026_27-2047931__score",6,0,1,0.0786914696902274,0.78520102238824,0.21479897761176,"phase14-open-nb-incumbent-calibrated-v1","0e89c2948c77b348c5b6d3832cf6d4e7721ca7794f8f68f857d6ae82b9fe7d50","fc9a617e48969b5d524f9994bccb31de0cb028829b4c58a1999b77cf12c5a990","open_nb_incumbent","c65a4f90477e5b799e234d1a313ff333f6cce12cfc08de93e342d7718c252ff8","vector_w400_p0p010","be1392fd4b9fbfe747ea90c89a17413f72459d8ff708d6d80d1bf086973eb51e","2026-06-10","2026-10-04T12:59:59Z","elo_diff","xgf_ewma_diffmissing_or_zero_variance|xga_ewma_diffmissing_or_zero_variance|xgd_ewma_diffmissing_or_zero_variance|form_index_diff","980316e33c434e5d207bc1da03afbc24f24e5351edfeecef6a673ebe97a7e0af"
"uefa_nations_league_2026_27","uefa_nations_league_2026_27-2047931","uefa_nations_league_2026_27-2047931","uefa_nations_league_2026_27-2047931__score",7,3,0,0.0548431368967927,0.78520102238824,0.21479897761176,"phase14-open-nb-incumbent-calibrated-v1","0e89c2948c77b348c5b6d3832cf6d4e7721ca7794f8f68f857d6ae82b9fe7d50","fc9a617e48969b5d524f9994bccb31de0cb028829b4c58a1999b77cf12c5a990","open_nb_incumbent","c65a4f90477e5b799e234d1a313ff333f6cce12cfc08de93e342d7718c252ff8","vector_w400_p0p010","be1392fd4b9fbfe747ea90c89a17413f72459d8ff708d6d80d1bf086973eb51e","2026-06-10","2026-10-04T12:59:59Z","elo_diff","xgf_ewma_diffmissing_or_zero_variance|xga_ewma_diffmissing_or_zero_variance|xgd_ewma_diffmissing_or_zero_variance|form_index_diff","c536c3aff80a23d506a3e180c117901b8b6e569f9e0bb6552e91ae5d4000edc4"
"uefa_nations_league_2026_27","uefa_nations_league_2026_27-2047931","uefa_nations_league_2026_27-2047931","uefa_nations_league_2026_27-2047931__score",8,1,2,0.0498239688598197,0.78520102238824,0.21479897761176,"phase14-open-nb-incumbent-calibrated-v1","0e89c2948c77b348c5b6d3832cf6d4e7721ca7794f8f68f857d6ae82b9fe7d50","fc9a617e48969b5d524f9994bccb31de0cb028829b4c58a1999b77cf12c5a990","open_nb_incumbent","c65a4f90477e5b799e234d1a313ff333f6cce12cfc08de93e342d7718c252ff8","vector_w400_p0p010","be1392fd4b9fbfe747ea90c89a17413f72459d8ff708d6d80d1bf086973eb51e","2026-06-10","2026-10-04T12:59:59Z","elo_diff","xgf_ewma_diffmissing_or_zero_variance|xga_ewma_diffmissing_or_zero_variance|xgd_ewma_diffmissing_or_zero_variance|form_index_diff","019c721eb4e3ff73a031492e03a49f1af95096a93b65e9020985e7b8035bd7f3"
"uefa_nations_league_2026_27","uefa_nations_league_2026_27-2047931","uefa_nations_league_2026_27-2047931","uefa_nations_league_2026_27-2047931__score",9,3,1,0.0446665529853294,0.78520102238824,0.21479897761176,"phase14-open-nb-incumbent-calibrated-v1","0e89c2948c77b348c5b6d3832cf6d4e7721ca7794f8f68f857d6ae82b9fe7d50","fc9a617e48969b5d524f9994bccb31de0cb028829b4c58a1999b77cf12c5a990","open_nb_incumbent","c65a4f90477e5b799e234d1a313ff333f6cce12cfc08de93e342d7718c252ff8","vector_w400_p0p010","be1392fd4b9fbfe747ea90c89a17413f72459d8ff708d6d80d1bf086973eb51e","2026-06-10","2026-10-04T12:59:59Z","elo_diff","xgf_ewma_diffmissing_or_zero_variance|xga_ewma_diffmissing_or_zero_variance|xgd_ewma_diffmissing_or_zero_variance|form_index_diff","4e75f857f649f3e51d7313cb2d4deee0e3c28f9bcd8f5dac030c75965d978283"
"uefa_nations_league_2026_27","uefa_nations_league_2026_27-2047931","uefa_nations_league_2026_27-2047931","uefa_nations_league_2026_27-2047931__score",10,2,2,0.037578686427344,0.78520102238824,0.21479897761176,"phase14-open-nb-incumbent-calibrated-v1","0e89c2948c77b348c5b6d3832cf6d4e7721ca7794f8f68f857d6ae82b9fe7d50","fc9a617e48969b5d524f9994bccb31de0cb028829b4c58a1999b77cf12c5a990","open_nb_incumbent","c65a4f90477e5b799e234d1a313ff333f6cce12cfc08de93e342d7718c252ff8","vector_w400_p0p010","be1392fd4b9fbfe747ea90c89a17413f72459d8ff708d6d80d1bf086973eb51e","2026-06-10","2026-10-04T12:59:59Z","elo_diff","xgf_ewma_diffmissing_or_zero_variance|xga_ewma_diffmissing_or_zero_variance|xgd_ewma_diffmissing_or_zero_variance|form_index_diff","b0e9b4ad3fb62645d0e8864d8f934c6f24525d479cd351319267e2d4e72d9b84"
"uefa_nations_league_2026_27","uefa_nations_league_2026_27-2047932","uefa_nations_league_2026_27-2047932","uefa_nations_league_2026_27-2047932__score",1,1,0,0.135773987846671,0.784788772350186,0.215211227649814,"phase14-open-nb-incumbent-calibrated-v1","0e89c2948c77b348c5b6d3832cf6d4e7721ca7794f8f68f857d6ae82b9fe7d50","fc9a617e48969b5d524f9994bccb31de0cb028829b4c58a1999b77cf12c5a990","open_nb_incumbent","c65a4f90477e5b799e234d1a313ff333f6cce12cfc08de93e342d7718c252ff8","vector_w400_p0p010","be1392fd4b9fbfe747ea90c89a17413f72459d8ff708d6d80d1bf086973eb51e","2026-06-10","2026-10-05T18:44:59Z","elo_diff","xgf_ewma_diffmissing_or_zero_variance|xga_ewma_diffmissing_or_zero_variance|xgd_ewma_diffmissing_or_zero_variance|form_index_diff","37cdf3f1790689becbd873ee6a092e4df15ca3b660f82ddf4f71817708c64488"
"uefa_nations_league_2026_27","uefa_nations_league_2026_27-2047932","uefa_nations_league_2026_27-2047932","uefa_nations_league_2026_27-2047932__score",2,2,0,0.10931833341924,0.784788772350186,0.215211227649814,"phase14-open-nb-incumbent-calibrated-v1","0e89c2948c77b348c5b6d3832cf6d4e7721ca7794f8f68f857d6ae82b9fe7d50","fc9a617e48969b5d524f9994bccb31de0cb028829b4c58a1999b77cf12c5a990","open_nb_incumbent","c65a4f90477e5b799e234d1a313ff333f6cce12cfc08de93e342d7718c252ff8","vector_w400_p0p010","be1392fd4b9fbfe747ea90c89a17413f72459d8ff708d6d80d1bf086973eb51e","2026-06-10","2026-10-05T18:44:59Z","elo_diff","xgf_ewma_diffmissing_or_zero_variance|xga_ewma_diffmissing_or_zero_variance|xgd_ewma_diffmissing_or_zero_variance|form_index_diff","83564d22b7522efbabb392db2238bd0aba16e3f0920b14ecf2e2fd59f1c4f1e1"
"uefa_nations_league_2026_27","uefa_nations_league_2026_27-2047932","uefa_nations_league_2026_27-2047932","uefa_nations_league_2026_27-2047932__score",3,1,1,0.102803541448384,0.784788772350186,0.215211227649814,"phase14-open-nb-incumbent-calibrated-v1","0e89c2948c77b348c5b6d3832cf6d4e7721ca7794f8f68f857d6ae82b9fe7d50","fc9a617e48969b5d524f9994bccb31de0cb028829b4c58a1999b77cf12c5a990","open_nb_incumbent","c65a4f90477e5b799e234d1a313ff333f6cce12cfc08de93e342d7718c252ff8","vector_w400_p0p010","be1392fd4b9fbfe747ea90c89a17413f72459d8ff708d6d80d1bf086973eb51e","2026-06-10","2026-10-05T18:44:59Z","elo_diff","xgf_ewma_diffmissing_or_zero_variance|xga_ewma_diffmissing_or_zero_variance|xgd_ewma_diffmissing_or_zero_variance|form_index_diff","0319e8f44a14f07560977664b12c6555bc0766bd76bd6fe7a754a32c249b5ec1"
"uefa_nations_league_2026_27","uefa_nations_league_2026_27-2047932","uefa_nations_league_2026_27-2047932","uefa_nations_league_2026_27-2047932__score",4,0,0,0.0924748130254744,0.784788772350186,0.215211227649814,"phase14-open-nb-incumbent-calibrated-v1","0e89c2948c77b348c5b6d3832cf6d4e7721ca7794f8f68f857d6ae82b9fe7d50","fc9a617e48969b5d524f9994bccb31de0cb028829b4c58a1999b77cf12c5a990","open_nb_incumbent","c65a4f90477e5b799e234d1a313ff333f6cce12cfc08de93e342d7718c252ff8","vector_w400_p0p010","be1392fd4b9fbfe747ea90c89a17413f72459d8ff708d6d80d1bf086973eb51e","2026-06-10","2026-10-05T18:44:59Z","elo_diff","xgf_ewma_diffmissing_or_zero_variance|xga_ewma_diffmissing_or_zero_variance|xgd_ewma_diffmissing_or_zero_variance|form_index_diff","4e01f05a68c9438bc2b8c1a6ffcf49d23bd06a15f8e2f39c05a9efe97220307f"
"uefa_nations_league_2026_27","uefa_nations_league_2026_27-2047932","uefa_nations_league_2026_27-2047932","uefa_nations_league_2026_27-2047932__score",5,2,1,0.0827722010597818,0.784788772350186,0.215211227649814,"phase14-open-nb-incumbent-calibrated-v1","0e89c2948c77b348c5b6d3832cf6d4e7721ca7794f8f68f857d6ae82b9fe7d50","fc9a617e48969b5d524f9994bccb31de0cb028829b4c58a1999b77cf12c5a990","open_nb_incumbent","c65a4f90477e5b799e234d1a313ff333f6cce12cfc08de93e342d7718c252ff8","vector_w400_p0p010","be1392fd4b9fbfe747ea90c89a17413f72459d8ff708d6d80d1bf086973eb51e","2026-06-10","2026-10-05T18:44:59Z","elo_diff","xgf_ewma_diffmissing_or_zero_variance|xga_ewma_diffmissing_or_zero_variance|xgd_ewma_diffmissing_or_zero_variance|form_index_diff","32859fd3b4ee68546effa29ef19e37aba87eb8295b067bb9f53b8dbceee97e1f"
"uefa_nations_league_2026_27","uefa_nations_league_2026_27-2047932","uefa_nations_league_2026_27-2047932","uefa_nations_league_2026_27-2047932__score",6,0,1,0.0700188484154401,0.784788772350186,0.215211227649814,"phase14-open-nb-incumbent-calibrated-v1","0e89c2948c77b348c5b6d3832cf6d4e7721ca7794f8f68f857d6ae82b9fe7d50","fc9a617e48969b5d524f9994bccb31de0cb028829b4c58a1999b77cf12c5a990","open_nb_incumbent","c65a4f90477e5b799e234d1a313ff333f6cce12cfc08de93e342d7718c252ff8","vector_w400_p0p010","be1392fd4b9fbfe747ea90c89a17413f72459d8ff708d6d80d1bf086973eb51e","2026-06-10","2026-10-05T18:44:59Z","elo_diff","xgf_ewma_diffmissing_or_zero_variance|xga_ewma_diffmissing_or_zero_variance|xgd_ewma_diffmissing_or_zero_variance|form_index_diff","4caa32cabf7e7863bc6391aba338666110b0577d2d120ba9162f50fdebe2d33f"
"uefa_nations_league_2026_27","uefa_nations_league_2026_27-2047932","uefa_nations_league_2026_27-2047932","uefa_nations_league_2026_27-2047932__score",7,3,0,0.0638554105108458,0.784788772350186,0.215211227649814,"phase14-open-nb-incumbent-calibrated-v1","0e89c2948c77b348c5b6d3832cf6d4e7721ca7794f8f68f857d6ae82b9fe7d50","fc9a617e48969b5d524f9994bccb31de0cb028829b4c58a1999b77cf12c5a990","open_nb_incumbent","c65a4f90477e5b799e234d1a313ff333f6cce12cfc08de93e342d7718c252ff8","vector_w400_p0p010","be1392fd4b9fbfe747ea90c89a17413f72459d8ff708d6d80d1bf086973eb51e","2026-06-10","2026-10-05T18:44:59Z","elo_diff","xgf_ewma_diffmissing_or_zero_variance|xga_ewma_diffmissing_or_zero_variance|xgd_ewma_diffmissing_or_zero_variance|form_index_diff","d76b58972796878cf0d879023316804065ef29809ac63003d89bbd10ede3b5ba"
"uefa_nations_league_2026_27","uefa_nations_league_2026_27-2047932","uefa_nations_league_2026_27-2047932","uefa_nations_league_2026_27-2047932__score",8,3,1,0.0483491900419734,0.784788772350186,0.215211227649814,"phase14-open-nb-incumbent-calibrated-v1","0e89c2948c77b348c5b6d3832cf6d4e7721ca7794f8f68f857d6ae82b9fe7d50","fc9a617e48969b5d524f9994bccb31de0cb028829b4c58a1999b77cf12c5a990","open_nb_incumbent","c65a4f90477e5b799e234d1a313ff333f6cce12cfc08de93e342d7718c252ff8","vector_w400_p0p010","be1392fd4b9fbfe747ea90c89a17413f72459d8ff708d6d80d1bf086973eb51e","2026-06-10","2026-10-05T18:44:59Z","elo_diff","xgf_ewma_diffmissing_or_zero_variance|xga_ewma_diffmissing_or_zero_variance|xgd_ewma_diffmissing_or_zero_variance|form_index_diff","825dfc4652368d76fcd1ea3d9f55b9805a4efabe2c5363baba1aaea326f214ea"
"uefa_nations_league_2026_27","uefa_nations_league_2026_27-2047932","uefa_nations_league_2026_27-2047932","uefa_nations_league_2026_27-2047932__score",9,1,2,0.0439977158049307,0.784788772350186,0.215211227649814,"phase14-open-nb-incumbent-calibrated-v1","0e89c2948c77b348c5b6d3832cf6d4e7721ca7794f8f68f857d6ae82b9fe7d50","fc9a617e48969b5d524f9994bccb31de0cb028829b4c58a1999b77cf12c5a990","open_nb_incumbent","c65a4f90477e5b799e234d1a313ff333f6cce12cfc08de93e342d7718c252ff8","vector_w400_p0p010","be1392fd4b9fbfe747ea90c89a17413f72459d8ff708d6d80d1bf086973eb51e","2026-06-10","2026-10-05T18:44:59Z","elo_diff","xgf_ewma_diffmissing_or_zero_variance|xga_ewma_diffmissing_or_zero_variance|xgd_ewma_diffmissing_or_zero_variance|form_index_diff","3c9d1e4f5c850100021bd7d0051d1b90f5665af1ab60bc15a314a47e7758c8eb"
"uefa_nations_league_2026_27","uefa_nations_league_2026_27-2047932","uefa_nations_league_2026_27-2047932","uefa_nations_league_2026_27-2047932__score",10,2,2,0.0354247307774446,0.784788772350186,0.215211227649814,"phase14-open-nb-incumbent-calibrated-v1","0e89c2948c77b348c5b6d3832cf6d4e7721ca7794f8f68f857d6ae82b9fe7d50","fc9a617e48969b5d524f9994bccb31de0cb028829b4c58a1999b77cf12c5a990","open_nb_incumbent","c65a4f90477e5b799e234d1a313ff333f6cce12cfc08de93e342d7718c252ff8","vector_w400_p0p010","be1392fd4b9fbfe747ea90c89a17413f72459d8ff708d6d80d1bf086973eb51e","2026-06-10","2026-10-05T18:44:59Z","elo_diff","xgf_ewma_diffmissing_or_zero_variance|xga_ewma_diffmissing_or_zero_variance|xgd_ewma_diffmissing_or_zero_variance|form_index_diff","232594fec34f2ada3cc846c54799bee86fa65dd1854c4fd4721de8759afd692a"
"uefa_nations_league_2026_27","uefa_nations_league_2026_27-2047933","uefa_nations_league_2026_27-2047933","uefa_nations_league_2026_27-2047933__score",1,0,1,0.116876151237379,0.780165876092374,0.219834123907626,"phase14-open-nb-incumbent-calibrated-v1","0e89c2948c77b348c5b6d3832cf6d4e7721ca7794f8f68f857d6ae82b9fe7d50","fc9a617e48969b5d524f9994bccb31de0cb028829b4c58a1999b77cf12c5a990","open_nb_incumbent","c65a4f90477e5b799e234d1a313ff333f6cce12cfc08de93e342d7718c252ff8","vector_w400_p0p010","be1392fd4b9fbfe747ea90c89a17413f72459d8ff708d6d80d1bf086973eb51e","2026-06-10","2026-10-05T18:44:59Z","elo_diff","xgf_ewma_diffmissing_or_zero_variance|xga_ewma_diffmissing_or_zero_variance|xgd_ewma_diffmissing_or_zero_variance|form_index_diff","57b098667a930bb4708a2c1b8ec50be36787ba580837b0866d75c00b3ccbe824"
"uefa_nations_league_2026_27","uefa_nations_league_2026_27-2047933","uefa_nations_league_2026_27-2047933","uefa_nations_league_2026_27-2047933__score",2,1,1,0.115539847587419,0.780165876092374,0.219834123907626,"phase14-open-nb-incumbent-calibrated-v1","0e89c2948c77b348c5b6d3832cf6d4e7721ca7794f8f68f857d6ae82b9fe7d50","fc9a617e48969b5d524f9994bccb31de0cb028829b4c58a1999b77cf12c5a990","open_nb_incumbent","c65a4f90477e5b799e234d1a313ff333f6cce12cfc08de93e342d7718c252ff8","vector_w400_p0p010","be1392fd4b9fbfe747ea90c89a17413f72459d8ff708d6d80d1bf086973eb51e","2026-06-10","2026-10-05T18:44:59Z","elo_diff","xgf_ewma_diffmissing_or_zero_variance|xga_ewma_diffmissing_or_zero_variance|xgd_ewma_diffmissing_or_zero_variance|form_index_diff","f93b4a49ae17186b64cc75e37bf0ac7861954ed9f156696edb2ac8d749b0dace"
"uefa_nations_league_2026_27","uefa_nations_league_2026_27-2047933","uefa_nations_league_2026_27-2047933","uefa_nations_league_2026_27-2047933__score",3,0,0,0.101262712274223,0.780165876092374,0.219834123907626,"phase14-open-nb-incumbent-calibrated-v1","0e89c2948c77b348c5b6d3832cf6d4e7721ca7794f8f68f857d6ae82b9fe7d50","fc9a617e48969b5d524f9994bccb31de0cb028829b4c58a1999b77cf12c5a990","open_nb_incumbent","c65a4f90477e5b799e234d1a313ff333f6cce12cfc08de93e342d7718c252ff8","vector_w400_p0p010","be1392fd4b9fbfe747ea90c89a17413f72459d8ff708d6d80d1bf086973eb51e","2026-06-10","2026-10-05T18:44:59Z","elo_diff","xgf_ewma_diffmissing_or_zero_variance|xga_ewma_diffmissing_or_zero_variance|xgd_ewma_diffmissing_or_zero_variance|form_index_diff","51f6650d4522d9f814763f276a93710ce36b579358967b0131de733635a9a20f"
"uefa_nations_league_2026_27","uefa_nations_league_2026_27-2047933","uefa_nations_league_2026_27-2047933","uefa_nations_league_2026_27-2047933__score",4,1,0,0.100104924901998,0.780165876092374,0.219834123907626,"phase14-open-nb-incumbent-calibrated-v1","0e89c2948c77b348c5b6d3832cf6d4e7721ca7794f8f68f857d6ae82b9fe7d50","fc9a617e48969b5d524f9994bccb31de0cb028829b4c58a1999b77cf12c5a990","open_nb_incumbent","c65a4f90477e5b799e234d1a313ff333f6cce12cfc08de93e342d7718c252ff8","vector_w400_p0p010","be1392fd4b9fbfe747ea90c89a17413f72459d8ff708d6d80d1bf086973eb51e","2026-06-10","2026-10-05T18:44:59Z","elo_diff","xgf_ewma_diffmissing_or_zero_variance|xga_ewma_diffmissing_or_zero_variance|xgd_ewma_diffmissing_or_zero_variance|form_index_diff","a59ad6375d48a9397c3929dc3736b294ad222d46d2ec50030a216ab9698ea90e"
"uefa_nations_league_2026_27","uefa_nations_league_2026_27-2047933","uefa_nations_league_2026_27-2047933","uefa_nations_league_2026_27-2047933__score",5,0,2,0.0762487626398347,0.780165876092374,0.219834123907626,"phase14-open-nb-incumbent-calibrated-v1","0e89c2948c77b348c5b6d3832cf6d4e7721ca7794f8f68f857d6ae82b9fe7d50","fc9a617e48969b5d524f9994bccb31de0cb028829b4c58a1999b77cf12c5a990","open_nb_incumbent","c65a4f90477e5b799e234d1a313ff333f6cce12cfc08de93e342d7718c252ff8","vector_w400_p0p010","be1392fd4b9fbfe747ea90c89a17413f72459d8ff708d6d80d1bf086973eb51e","2026-06-10","2026-10-05T18:44:59Z","elo_diff","xgf_ewma_diffmissing_or_zero_variance|xga_ewma_diffmissing_or_zero_variance|xgd_ewma_diffmissing_or_zero_variance|form_index_diff","27b29f7460c53bab4e7632287f7ede514820ea2f1e1551292d2aeab20d9a69ca"
"uefa_nations_league_2026_27","uefa_nations_league_2026_27-2047933","uefa_nations_league_2026_27-2047933","uefa_nations_league_2026_27-2047933__score",6,1,2,0.0753769722981622,0.780165876092374,0.219834123907626,"phase14-open-nb-incumbent-calibrated-v1","0e89c2948c77b348c5b6d3832cf6d4e7721ca7794f8f68f857d6ae82b9fe7d50","fc9a617e48969b5d524f9994bccb31de0cb028829b4c58a1999b77cf12c5a990","open_nb_incumbent","c65a4f90477e5b799e234d1a313ff333f6cce12cfc08de93e342d7718c252ff8","vector_w400_p0p010","be1392fd4b9fbfe747ea90c89a17413f72459d8ff708d6d80d1bf086973eb51e","2026-06-10","2026-10-05T18:44:59Z","elo_diff","xgf_ewma_diffmissing_or_zero_variance|xga_ewma_diffmissing_or_zero_variance|xgd_ewma_diffmissing_or_zero_variance|form_index_diff","982d8e16c77433f0c677e33d9e1c9b69737cfa1dc5aed0cec67d395d5545a1e7"
"uefa_nations_league_2026_27","uefa_nations_league_2026_27-2047933","uefa_nations_league_2026_27-2047933","uefa_nations_league_2026_27-2047933__score",7,2,1,0.0626355643879004,0.780165876092374,0.219834123907626,"phase14-open-nb-incumbent-calibrated-v1","0e89c2948c77b348c5b6d3832cf6d4e7721ca7794f8f68f857d6ae82b9fe7d50","fc9a617e48969b5d524f9994bccb31de0cb028829b4c58a1999b77cf12c5a990","open_nb_incumbent","c65a4f90477e5b799e234d1a313ff333f6cce12cfc08de93e342d7718c252ff8","vector_w400_p0p010","be1392fd4b9fbfe747ea90c89a17413f72459d8ff708d6d80d1bf086973eb51e","2026-06-10","2026-10-05T18:44:59Z","elo_diff","xgf_ewma_diffmissing_or_zero_variance|xga_ewma_diffmissing_or_zero_variance|xgd_ewma_diffmissing_or_zero_variance|form_index_diff","4ea2f9b3385f1a3e7bdcac5d41132e035a0f9961e224d28c9e7a58b6b9765415"
"uefa_nations_league_2026_27","uefa_nations_league_2026_27-2047933","uefa_nations_league_2026_27-2047933","uefa_nations_league_2026_27-2047933__score",8,2,0,0.0542681040365834,0.780165876092374,0.219834123907626,"phase14-open-nb-incumbent-calibrated-v1","0e89c2948c77b348c5b6d3832cf6d4e7721ca7794f8f68f857d6ae82b9fe7d50","fc9a617e48969b5d524f9994bccb31de0cb028829b4c58a1999b77cf12c5a990","open_nb_incumbent","c65a4f90477e5b799e234d1a313ff333f6cce12cfc08de93e342d7718c252ff8","vector_w400_p0p010","be1392fd4b9fbfe747ea90c89a17413f72459d8ff708d6d80d1bf086973eb51e","2026-06-10","2026-10-05T18:44:59Z","elo_diff","xgf_ewma_diffmissing_or_zero_variance|xga_ewma_diffmissing_or_zero_variance|xgd_ewma_diffmissing_or_zero_variance|form_index_diff","8a65bde1671ff66eab59652d5a1624b519aafa9fb0e1c8536039c4782a4bf9f4"
"uefa_nations_league_2026_27","uefa_nations_league_2026_27-2047933","uefa_nations_league_2026_27-2047933","uefa_nations_league_2026_27-2047933__score",9,2,2,0.0408627785160817,0.780165876092374,0.219834123907626,"phase14-open-nb-incumbent-calibrated-v1","0e89c2948c77b348c5b6d3832cf6d4e7721ca7794f8f68f857d6ae82b9fe7d50","fc9a617e48969b5d524f9994bccb31de0cb028829b4c58a1999b77cf12c5a990","open_nb_incumbent","c65a4f90477e5b799e234d1a313ff333f6cce12cfc08de93e342d7718c252ff8","vector_w400_p0p010","be1392fd4b9fbfe747ea90c89a17413f72459d8ff708d6d80d1bf086973eb51e","2026-06-10","2026-10-05T18:44:59Z","elo_diff","xgf_ewma_diffmissing_or_zero_variance|xga_ewma_diffmissing_or_zero_variance|xgd_ewma_diffmissing_or_zero_variance|form_index_diff","399fd17c021f7af8886f9739d305e2fadb67cf74241cc8d0d38485c5973dc0dc"
"uefa_nations_league_2026_27","uefa_nations_league_2026_27-2047933","uefa_nations_league_2026_27-2047933","uefa_nations_league_2026_27-2047933__score",10,0,3,0.0369900582127925,0.780165876092374,0.219834123907626,"phase14-open-nb-incumbent-calibrated-v1","0e89c2948c77b348c5b6d3832cf6d4e7721ca7794f8f68f857d6ae82b9fe7d50","fc9a617e48969b5d524f9994bccb31de0cb028829b4c58a1999b77cf12c5a990","open_nb_incumbent","c65a4f90477e5b799e234d1a313ff333f6cce12cfc08de93e342d7718c252ff8","vector_w400_p0p010","be1392fd4b9fbfe747ea90c89a17413f72459d8ff708d6d80d1bf086973eb51e","2026-06-10","2026-10-05T18:44:59Z","elo_diff","xgf_ewma_diffmissing_or_zero_variance|xga_ewma_diffmissing_or_zero_variance|xgd_ewma_diffmissing_or_zero_variance|form_index_diff","c5492c572f2f4b8e8cf79a7ab86a8a4008b2b66d112a9ff675f7cb5bfc62ee57"
"uefa_nations_league_2026_27","uefa_nations_league_2026_27-2047934","uefa_nations_league_2026_27-2047934","uefa_nations_league_2026_27-2047934__score",1,1,0,0.123407157067937,0.7846827182224,0.2153172817776,"phase14-open-nb-incumbent-calibrated-v1","0e89c2948c77b348c5b6d3832cf6d4e7721ca7794f8f68f857d6ae82b9fe7d50","fc9a617e48969b5d524f9994bccb31de0cb028829b4c58a1999b77cf12c5a990","open_nb_incumbent","c65a4f90477e5b799e234d1a313ff333f6cce12cfc08de93e342d7718c252ff8","vector_w400_p0p010","be1392fd4b9fbfe747ea90c89a17413f72459d8ff708d6d80d1bf086973eb51e","2026-06-10","2026-10-05T18:44:59Z","elo_diff","xgf_ewma_diffmissing_or_zero_variance|xga_ewma_diffmissing_or_zero_variance|xgd_ewma_diffmissing_or_zero_variance|form_index_diff","8a9d78903e0da1c9d317c1b5c42523f8b70b7d9839433295cad1c4b2027abfb1"
"uefa_nations_league_2026_27","uefa_nations_league_2026_27-2047934","uefa_nations_league_2026_27-2047934","uefa_nations_league_2026_27-2047934__score",2,1,1,0.115138996563097,0.7846827182224,0.2153172817776,"phase14-open-nb-incumbent-calibrated-v1","0e89c2948c77b348c5b6d3832cf6d4e7721ca7794f8f68f857d6ae82b9fe7d50","fc9a617e48969b5d524f9994bccb31de0cb028829b4c58a1999b77cf12c5a990","open_nb_incumbent","c65a4f90477e5b799e234d1a313ff333f6cce12cfc08de93e342d7718c252ff8","vector_w400_p0p010","be1392fd4b9fbfe747ea90c89a17413f72459d8ff708d6d80d1bf086973eb51e","2026-06-10","2026-10-05T18:44:59Z","elo_diff","xgf_ewma_diffmissing_or_zero_variance|xga_ewma_diffmissing_or_zero_variance|xgd_ewma_diffmissing_or_zero_variance|form_index_diff","15b956493bd1d85cf121c1793fe408e5529258f9c23c9595ad6f6ce4ea2eb7b4"
"uefa_nations_league_2026_27","uefa_nations_league_2026_27-2047934","uefa_nations_league_2026_27-2047934","uefa_nations_league_2026_27-2047934__score",3,0,0,0.101683202626372,0.7846827182224,0.2153172817776,"phase14-open-nb-incumbent-calibrated-v1","0e89c2948c77b348c5b6d3832cf6d4e7721ca7794f8f68f857d6ae82b9fe7d50","fc9a617e48969b5d524f9994bccb31de0cb028829b4c58a1999b77cf12c5a990","open_nb_incumbent","c65a4f90477e5b799e234d1a313ff333f6cce12cfc08de93e342d7718c252ff8","vector_w400_p0p010","be1392fd4b9fbfe747ea90c89a17413f72459d8ff708d6d80d1bf086973eb51e","2026-06-10","2026-10-05T18:44:59Z","elo_diff","xgf_ewma_diffmissing_or_zero_variance|xga_ewma_diffmissing_or_zero_variance|xgd_ewma_diffmissing_or_zero_variance|form_index_diff","45b0b2c5cc10246169962b717e006ca49fa973088b8d5d7daba232cf2f53ed1a"
"uefa_nations_league_2026_27","uefa_nations_league_2026_27-2047934","uefa_nations_league_2026_27-2047934","uefa_nations_league_2026_27-2047934__score",4,0,1,0.0948705261176807,0.7846827182224,0.2153172817776,"phase14-open-nb-incumbent-calibrated-v1","0e89c2948c77b348c5b6d3832cf6d4e7721ca7794f8f68f857d6ae82b9fe7d50","fc9a617e48969b5d524f9994bccb31de0cb028829b4c58a1999b77cf12c5a990","open_nb_incumbent","c65a4f90477e5b799e234d1a313ff333f6cce12cfc08de93e342d7718c252ff8","vector_w400_p0p010","be1392fd4b9fbfe747ea90c89a17413f72459d8ff708d6d80d1bf086973eb51e","2026-06-10","2026-10-05T18:44:59Z","elo_diff","xgf_ewma_diffmissing_or_zero_variance|xga_ewma_diffmissing_or_zero_variance|xgd_ewma_diffmissing_or_zero_variance|form_index_diff","e1d0ca9cea060dddd2c9cbcded4c07b902760cce9acbda7e2aa68b922929af96"
"uefa_nations_league_2026_27","uefa_nations_league_2026_27-2047934","uefa_nations_league_2026_27-2047934","uefa_nations_league_2026_27-2047934__score",5,2,0,0.0821324532160556,0.7846827182224,0.2153172817776,"phase14-open-nb-incumbent-calibrated-v1","0e89c2948c77b348c5b6d3832cf6d4e7721ca7794f8f68f857d6ae82b9fe7d50","fc9a617e48969b5d524f9994bccb31de0cb028829b4c58a1999b77cf12c5a990","open_nb_incumbent","c65a4f90477e5b799e234d1a313ff333f6cce12cfc08de93e342d7718c252ff8","vector_w400_p0p010","be1392fd4b9fbfe747ea90c89a17413f72459d8ff708d6d80d1bf086973eb51e","2026-06-10","2026-10-05T18:44:59Z","elo_diff","xgf_ewma_diffmissing_or_zero_variance|xga_ewma_diffmissing_or_zero_variance|xgd_ewma_diffmissing_or_zero_variance|form_index_diff","940a08973f009c51708d05e400ea8d059d27b9623915ef70d4c734e9ee79c3e7"
"uefa_nations_league_2026_27","uefa_nations_league_2026_27-2047934","uefa_nations_league_2026_27-2047934","uefa_nations_league_2026_27-2047934__score",6,2,1,0.0766296580623448,0.7846827182224,0.2153172817776,"phase14-open-nb-incumbent-calibrated-v1","0e89c2948c77b348c5b6d3832cf6d4e7721ca7794f8f68f857d6ae82b9fe7d50","fc9a617e48969b5d524f9994bccb31de0cb028829b4c58a1999b77cf12c5a990","open_nb_incumbent","c65a4f90477e5b799e234d1a313ff333f6cce12cfc08de93e342d7718c252ff8","vector_w400_p0p010","be1392fd4b9fbfe747ea90c89a17413f72459d8ff708d6d80d1bf086973eb51e","2026-06-10","2026-10-05T18:44:59Z","elo_diff","xgf_ewma_diffmissing_or_zero_variance|xga_ewma_diffmissing_or_zero_variance|xgd_ewma_diffmissing_or_zero_variance|form_index_diff","22c442f0c071438cfd1d82ba81c10cd7fa955b83f5fdc8d47b2534a7829190a6"
"uefa_nations_league_2026_27","uefa_nations_league_2026_27-2047934","uefa_nations_league_2026_27-2047934","uefa_nations_league_2026_27-2047934__score",7,1,2,0.0607204645357896,0.7846827182224,0.2153172817776,"phase14-open-nb-incumbent-calibrated-v1","0e89c2948c77b348c5b6d3832cf6d4e7721ca7794f8f68f857d6ae82b9fe7d50","fc9a617e48969b5d524f9994bccb31de0cb028829b4c58a1999b77cf12c5a990","open_nb_incumbent","c65a4f90477e5b799e234d1a313ff333f6cce12cfc08de93e342d7718c252ff8","vector_w400_p0p010","be1392fd4b9fbfe747ea90c89a17413f72459d8ff708d6d80d1bf086973eb51e","2026-06-10","2026-10-05T18:44:59Z","elo_diff","xgf_ewma_diffmissing_or_zero_variance|xga_ewma_diffmissing_or_zero_variance|xgd_ewma_diffmissing_or_zero_variance|form_index_diff","6abc5fca2513697ac2c20c4abfe6cf5fbeed5df550be7ac8bdaa5fb0e1f3d7d3"
"uefa_nations_league_2026_27","uefa_nations_league_2026_27-2047934","uefa_nations_league_2026_27-2047934","uefa_nations_league_2026_27-2047934__score",8,0,2,0.050031549592874,0.7846827182224,0.2153172817776,"phase14-open-nb-incumbent-calibrated-v1","0e89c2948c77b348c5b6d3832cf6d4e7721ca7794f8f68f857d6ae82b9fe7d50","fc9a617e48969b5d524f9994bccb31de0cb028829b4c58a1999b77cf12c5a990","open_nb_incumbent","c65a4f90477e5b799e234d1a313ff333f6cce12cfc08de93e342d7718c252ff8","vector_w400_p0p010","be1392fd4b9fbfe747ea90c89a17413f72459d8ff708d6d80d1bf086973eb51e","2026-06-10","2026-10-05T18:44:59Z","elo_diff","xgf_ewma_diffmissing_or_zero_variance|xga_ewma_diffmissing_or_zero_variance|xgd_ewma_diffmissing_or_zero_variance|form_index_diff","a2a8272dfa5b2e15f4e30527907f34c2cee045d5cca792a2f73281e7bbea939e"
"uefa_nations_league_2026_27","uefa_nations_league_2026_27-2047934","uefa_nations_league_2026_27-2047934","uefa_nations_league_2026_27-2047934__score",9,2,2,0.0404119244882808,0.7846827182224,0.2153172817776,"phase14-open-nb-incumbent-calibrated-v1","0e89c2948c77b348c5b6d3832cf6d4e7721ca7794f8f68f857d6ae82b9fe7d50","fc9a617e48969b5d524f9994bccb31de0cb028829b4c58a1999b77cf12c5a990","open_nb_incumbent","c65a4f90477e5b799e234d1a313ff333f6cce12cfc08de93e342d7718c252ff8","vector_w400_p0p010","be1392fd4b9fbfe747ea90c89a17413f72459d8ff708d6d80d1bf086973eb51e","2026-06-10","2026-10-05T18:44:59Z","elo_diff","xgf_ewma_diffmissing_or_zero_variance|xga_ewma_diffmissing_or_zero_variance|xgd_ewma_diffmissing_or_zero_variance|form_index_diff","5b5a07db41801e8c03327a4373b31c6bbbd4a0666e89f5856015344af7721197"
"uefa_nations_league_2026_27","uefa_nations_league_2026_27-2047934","uefa_nations_league_2026_27-2047934","uefa_nations_league_2026_27-2047934__score",10,3,0,0.0396567859519687,0.7846827182224,0.2153172817776,"phase14-open-nb-incumbent-calibrated-v1","0e89c2948c77b348c5b6d3832cf6d4e7721ca7794f8f68f857d6ae82b9fe7d50","fc9a617e48969b5d524f9994bccb31de0cb028829b4c58a1999b77cf12c5a990","open_nb_incumbent","c65a4f90477e5b799e234d1a313ff333f6cce12cfc08de93e342d7718c252ff8","vector_w400_p0p010","be1392fd4b9fbfe747ea90c89a17413f72459d8ff708d6d80d1bf086973eb51e","2026-06-10","2026-10-05T18:44:59Z","elo_diff","xgf_ewma_diffmissing_or_zero_variance|xga_ewma_diffmissing_or_zero_variance|xgd_ewma_diffmissing_or_zero_variance|form_index_diff","860e22992a3340dad666fbf53e7d1850c99e146f47df4e1032805d69f35decc0"
"uefa_nations_league_2026_27","uefa_nations_league_2026_27-2047935","uefa_nations_league_2026_27-2047935","uefa_nations_league_2026_27-2047935__score",1,1,0,0.134068931942709,0.785660689918377,0.214339310081623,"phase14-open-nb-incumbent-calibrated-v1","0e89c2948c77b348c5b6d3832cf6d4e7721ca7794f8f68f857d6ae82b9fe7d50","fc9a617e48969b5d524f9994bccb31de0cb028829b4c58a1999b77cf12c5a990","open_nb_incumbent","c65a4f90477e5b799e234d1a313ff333f6cce12cfc08de93e342d7718c252ff8","vector_w400_p0p010","be1392fd4b9fbfe747ea90c89a17413f72459d8ff708d6d80d1bf086973eb51e","2026-06-10","2026-10-05T18:44:59Z","elo_diff","xgf_ewma_diffmissing_or_zero_variance|xga_ewma_diffmissing_or_zero_variance|xgd_ewma_diffmissing_or_zero_variance|form_index_diff","9be1b6f8e92716e3cefc3bb56dfc8bae0961b32edebc435ac0702b196693d74c"
"uefa_nations_league_2026_27","uefa_nations_league_2026_27-2047935","uefa_nations_league_2026_27-2047935","uefa_nations_league_2026_27-2047935__score",2,1,1,0.106474098011697,0.785660689918377,0.214339310081623,"phase14-open-nb-incumbent-calibrated-v1","0e89c2948c77b348c5b6d3832cf6d4e7721ca7794f8f68f857d6ae82b9fe7d50","fc9a617e48969b5d524f9994bccb31de0cb028829b4c58a1999b77cf12c5a990","open_nb_incumbent","c65a4f90477e5b799e234d1a313ff333f6cce12cfc08de93e342d7718c252ff8","vector_w400_p0p010","be1392fd4b9fbfe747ea90c89a17413f72459d8ff708d6d80d1bf086973eb51e","2026-06-10","2026-10-05T18:44:59Z","elo_diff","xgf_ewma_diffmissing_or_zero_variance|xga_ewma_diffmissing_or_zero_variance|xgd_ewma_diffmissing_or_zero_variance|form_index_diff","e81eaed06608c4911027d37994d53d28225599da561a41cdb0103350e2e285ef"
"uefa_nations_league_2026_27","uefa_nations_league_2026_27-2047935","uefa_nations_league_2026_27-2047935","uefa_nations_league_2026_27-2047935__score",3,2,0,0.103442040180815,0.785660689918377,0.214339310081623,"phase14-open-nb-incumbent-calibrated-v1","0e89c2948c77b348c5b6d3832cf6d4e7721ca7794f8f68f857d6ae82b9fe7d50","fc9a617e48969b5d524f9994bccb31de0cb028829b4c58a1999b77cf12c5a990","open_nb_incumbent","c65a4f90477e5b799e234d1a313ff333f6cce12cfc08de93e342d7718c252ff8","vector_w400_p0p010","be1392fd4b9fbfe747ea90c89a17413f72459d8ff708d6d80d1bf086973eb51e","2026-06-10","2026-10-05T18:44:59Z","elo_diff","xgf_ewma_diffmissing_or_zero_variance|xga_ewma_diffmissing_or_zero_variance|xgd_ewma_diffmissing_or_zero_variance|form_index_diff","009577a7297ca436bc694e0050b7730f4c8dda1600faf6f06e216a8c74ae6494"
"uefa_nations_league_2026_27","uefa_nations_league_2026_27-2047935","uefa_nations_league_2026_27-2047935","uefa_nations_league_2026_27-2047935__score",4,0,0,0.0952889492103046,0.785660689918377,0.214339310081623,"phase14-open-nb-incumbent-calibrated-v1","0e89c2948c77b348c5b6d3832cf6d4e7721ca7794f8f68f857d6ae82b9fe7d50","fc9a617e48969b5d524f9994bccb31de0cb028829b4c58a1999b77cf12c5a990","open_nb_incumbent","c65a4f90477e5b799e234d1a313ff333f6cce12cfc08de93e342d7718c252ff8","vector_w400_p0p010","be1392fd4b9fbfe747ea90c89a17413f72459d8ff708d6d80d1bf086973eb51e","2026-06-10","2026-10-05T18:44:59Z","elo_diff","xgf_ewma_diffmissing_or_zero_variance|xga_ewma_diffmissing_or_zero_variance|xgd_ewma_diffmissing_or_zero_variance|form_index_diff","7baceb436f3e67f6fe3fd5149e9a9dc8f44d63e9063336f8990f76f460fdc282"
"uefa_nations_league_2026_27","uefa_nations_league_2026_27-2047935","uefa_nations_league_2026_27-2047935","uefa_nations_league_2026_27-2047935__score",5,2,1,0.0821510081802432,0.785660689918377,0.214339310081623,"phase14-open-nb-incumbent-calibrated-v1","0e89c2948c77b348c5b6d3832cf6d4e7721ca7794f8f68f857d6ae82b9fe7d50","fc9a617e48969b5d524f9994bccb31de0cb028829b4c58a1999b77cf12c5a990","open_nb_incumbent","c65a4f90477e5b799e234d1a313ff333f6cce12cfc08de93e342d7718c252ff8","vector_w400_p0p010","be1392fd4b9fbfe747ea90c89a17413f72459d8ff708d6d80d1bf086973eb51e","2026-06-10","2026-10-05T18:44:59Z","elo_diff","xgf_ewma_diffmissing_or_zero_variance|xga_ewma_diffmissing_or_zero_variance|xgd_ewma_diffmissing_or_zero_variance|form_index_diff","31a0be943f64020d2b6cb42bbef8e0f353e613bd8a84061a27bb881ef47384f5"
"uefa_nations_league_2026_27","uefa_nations_league_2026_27-2047935","uefa_nations_league_2026_27-2047935","uefa_nations_league_2026_27-2047935__score",6,0,1,0.0756760329976008,0.785660689918377,0.214339310081623,"phase14-open-nb-incumbent-calibrated-v1","0e89c2948c77b348c5b6d3832cf6d4e7721ca7794f8f68f857d6ae82b9fe7d50","fc9a617e48969b5d524f9994bccb31de0cb028829b4c58a1999b77cf12c5a990","open_nb_incumbent","c65a4f90477e5b799e234d1a313ff333f6cce12cfc08de93e342d7718c252ff8","vector_w400_p0p010","be1392fd4b9fbfe747ea90c89a17413f72459d8ff708d6d80d1bf086973eb51e","2026-06-10","2026-10-05T18:44:59Z","elo_diff","xgf_ewma_diffmissing_or_zero_variance|xga_ewma_diffmissing_or_zero_variance|xgd_ewma_diffmissing_or_zero_variance|form_index_diff","b342e8a1535777259c778ec606356621cd54cb5c6f16f9f21a6f06fa37d29a3f"
"uefa_nations_league_2026_27","uefa_nations_league_2026_27-2047935","uefa_nations_league_2026_27-2047935","uefa_nations_league_2026_27-2047935__score",7,3,0,0.057902094830342,0.785660689918377,0.214339310081623,"phase14-open-nb-incumbent-calibrated-v1","0e89c2948c77b348c5b6d3832cf6d4e7721ca7794f8f68f857d6ae82b9fe7d50","fc9a617e48969b5d524f9994bccb31de0cb028829b4c58a1999b77cf12c5a990","open_nb_incumbent","c65a4f90477e5b799e234d1a313ff333f6cce12cfc08de93e342d7718c252ff8","vector_w400_p0p010","be1392fd4b9fbfe747ea90c89a17413f72459d8ff708d6d80d1bf086973eb51e","2026-06-10","2026-10-05T18:44:59Z","elo_diff","xgf_ewma_diffmissing_or_zero_variance|xga_ewma_diffmissing_or_zero_variance|xgd_ewma_diffmissing_or_zero_variance|form_index_diff","3c79e02d9692d21e73793778ff7981172de6b8663c83a781b2e7994ed5cde085"
"uefa_nations_league_2026_27","uefa_nations_league_2026_27-2047935","uefa_nations_league_2026_27-2047935","uefa_nations_league_2026_27-2047935__score",8,1,2,0.0477958668090498,0.785660689918377,0.214339310081623,"phase14-open-nb-incumbent-calibrated-v1","0e89c2948c77b348c5b6d3832cf6d4e7721ca7794f8f68f857d6ae82b9fe7d50","fc9a617e48969b5d524f9994bccb31de0cb028829b4c58a1999b77cf12c5a990","open_nb_incumbent","c65a4f90477e5b799e234d1a313ff333f6cce12cfc08de93e342d7718c252ff8","vector_w400_p0p010","be1392fd4b9fbfe747ea90c89a17413f72459d8ff708d6d80d1bf086973eb51e","2026-06-10","2026-10-05T18:44:59Z","elo_diff","xgf_ewma_diffmissing_or_zero_variance|xga_ewma_diffmissing_or_zero_variance|xgd_ewma_diffmissing_or_zero_variance|form_index_diff","fe76d0d59c67e2b9b6b368edcab5db2832dbc4e5c35058b4413a2d4351ee588b"
"uefa_nations_league_2026_27","uefa_nations_league_2026_27-2047935","uefa_nations_league_2026_27-2047935","uefa_nations_league_2026_27-2047935__score",9,3,1,0.0459843546951121,0.785660689918377,0.214339310081623,"phase14-open-nb-incumbent-calibrated-v1","0e89c2948c77b348c5b6d3832cf6d4e7721ca7794f8f68f857d6ae82b9fe7d50","fc9a617e48969b5d524f9994bccb31de0cb028829b4c58a1999b77cf12c5a990","open_nb_incumbent","c65a4f90477e5b799e234d1a313ff333f6cce12cfc08de93e342d7718c252ff8","vector_w400_p0p010","be1392fd4b9fbfe747ea90c89a17413f72459d8ff708d6d80d1bf086973eb51e","2026-06-10","2026-10-05T18:44:59Z","elo_diff","xgf_ewma_diffmissing_or_zero_variance|xga_ewma_diffmissing_or_zero_variance|xgd_ewma_diffmissing_or_zero_variance|form_index_diff","769c09c3c20896398ae859c3b9151a9bbf8e39fa8f9886d3925e88f95cd2aa17"
"uefa_nations_league_2026_27","uefa_nations_league_2026_27-2047935","uefa_nations_league_2026_27-2047935","uefa_nations_league_2026_27-2047935__score",10,2,2,0.0368773130605035,0.785660689918377,0.214339310081623,"phase14-open-nb-incumbent-calibrated-v1","0e89c2948c77b348c5b6d3832cf6d4e7721ca7794f8f68f857d6ae82b9fe7d50","fc9a617e48969b5d524f9994bccb31de0cb028829b4c58a1999b77cf12c5a990","open_nb_incumbent","c65a4f90477e5b799e234d1a313ff333f6cce12cfc08de93e342d7718c252ff8","vector_w400_p0p010","be1392fd4b9fbfe747ea90c89a17413f72459d8ff708d6d80d1bf086973eb51e","2026-06-10","2026-10-05T18:44:59Z","elo_diff","xgf_ewma_diffmissing_or_zero_variance|xga_ewma_diffmissing_or_zero_variance|xgd_ewma_diffmissing_or_zero_variance|form_index_diff","efc32c4a08bef49e6f8aa8a0eaae615f22641a7d2b639bdb880ed422fc5d879d"
"uefa_nations_league_2026_27","uefa_nations_league_2026_27-2047936","uefa_nations_league_2026_27-2047936","uefa_nations_league_2026_27-2047936__score",1,1,0,0.135314760924178,0.785306845869092,0.214693154130908,"phase14-open-nb-incumbent-calibrated-v1","0e89c2948c77b348c5b6d3832cf6d4e7721ca7794f8f68f857d6ae82b9fe7d50","fc9a617e48969b5d524f9994bccb31de0cb028829b4c58a1999b77cf12c5a990","open_nb_incumbent","c65a4f90477e5b799e234d1a313ff333f6cce12cfc08de93e342d7718c252ff8","vector_w400_p0p010","be1392fd4b9fbfe747ea90c89a17413f72459d8ff708d6d80d1bf086973eb51e","2026-06-10","2026-10-05T15:59:59Z","elo_diff","xgf_ewma_diffmissing_or_zero_variance|xga_ewma_diffmissing_or_zero_variance|xgd_ewma_diffmissing_or_zero_variance|form_index_diff","a9508223ec5d6ad12ba2f1811668b63595ef2271d7240e6f0c6efce823156266"
"uefa_nations_league_2026_27","uefa_nations_league_2026_27-2047936","uefa_nations_league_2026_27-2047936","uefa_nations_league_2026_27-2047936__score",2,2,0,0.107507839570236,0.785306845869092,0.214693154130908,"phase14-open-nb-incumbent-calibrated-v1","0e89c2948c77b348c5b6d3832cf6d4e7721ca7794f8f68f857d6ae82b9fe7d50","fc9a617e48969b5d524f9994bccb31de0cb028829b4c58a1999b77cf12c5a990","open_nb_incumbent","c65a4f90477e5b799e234d1a313ff333f6cce12cfc08de93e342d7718c252ff8","vector_w400_p0p010","be1392fd4b9fbfe747ea90c89a17413f72459d8ff708d6d80d1bf086973eb51e","2026-06-10","2026-10-05T15:59:59Z","elo_diff","xgf_ewma_diffmissing_or_zero_variance|xga_ewma_diffmissing_or_zero_variance|xgd_ewma_diffmissing_or_zero_variance|form_index_diff","46c3b1ea15325070d4750c438c7a37b1f6b07589d4011789fc8b0eb4649b77a2"
"uefa_nations_league_2026_27","uefa_nations_league_2026_27-2047936","uefa_nations_league_2026_27-2047936","uefa_nations_league_2026_27-2047936__score",3,1,1,0.104001107604875,0.785306845869092,0.214693154130908,"phase14-open-nb-incumbent-calibrated-v1","0e89c2948c77b348c5b6d3832cf6d4e7721ca7794f8f68f857d6ae82b9fe7d50","fc9a617e48969b5d524f9994bccb31de0cb028829b4c58a1999b77cf12c5a990","open_nb_incumbent","c65a4f90477e5b799e234d1a313ff333f6cce12cfc08de93e342d7718c252ff8","vector_w400_p0p010","be1392fd4b9fbfe747ea90c89a17413f72459d8ff708d6d80d1bf086973eb51e","2026-06-10","2026-10-05T15:59:59Z","elo_diff","xgf_ewma_diffmissing_or_zero_variance|xga_ewma_diffmissing_or_zero_variance|xgd_ewma_diffmissing_or_zero_variance|form_index_diff","6434e253b2f6749ffb603bd72849d6e863c1524144ad6419e78cb64a43b252b4"
"uefa_nations_league_2026_27","uefa_nations_league_2026_27-2047936","uefa_nations_league_2026_27-2047936","uefa_nations_league_2026_27-2047936__score",4,0,0,0.0933971299398362,0.785306845869092,0.214693154130908,"phase14-open-nb-incumbent-calibrated-v1","0e89c2948c77b348c5b6d3832cf6d4e7721ca7794f8f68f857d6ae82b9fe7d50","fc9a617e48969b5d524f9994bccb31de0cb028829b4c58a1999b77cf12c5a990","open_nb_incumbent","c65a4f90477e5b799e234d1a313ff333f6cce12cfc08de93e342d7718c252ff8","vector_w400_p0p010","be1392fd4b9fbfe747ea90c89a17413f72459d8ff708d6d80d1bf086973eb51e","2026-06-10","2026-10-05T15:59:59Z","elo_diff","xgf_ewma_diffmissing_or_zero_variance|xga_ewma_diffmissing_or_zero_variance|xgd_ewma_diffmissing_or_zero_variance|form_index_diff","bcd46cdfd2e1417b2a10652345778471c4ba0175874175c87c1942524a936283"
"uefa_nations_league_2026_27","uefa_nations_league_2026_27-2047936","uefa_nations_league_2026_27-2047936","uefa_nations_league_2026_27-2047936__score",5,2,1,0.0826290813740332,0.785306845869092,0.214693154130908,"phase14-open-nb-incumbent-calibrated-v1","0e89c2948c77b348c5b6d3832cf6d4e7721ca7794f8f68f857d6ae82b9fe7d50","fc9a617e48969b5d524f9994bccb31de0cb028829b4c58a1999b77cf12c5a990","open_nb_incumbent","c65a4f90477e5b799e234d1a313ff333f6cce12cfc08de93e342d7718c252ff8","vector_w400_p0p010","be1392fd4b9fbfe747ea90c89a17413f72459d8ff708d6d80d1bf086973eb51e","2026-06-10","2026-10-05T15:59:59Z","elo_diff","xgf_ewma_diffmissing_or_zero_variance|xga_ewma_diffmissing_or_zero_variance|xgd_ewma_diffmissing_or_zero_variance|form_index_diff","b0404a0d5fcea5e98dea8fbd9a74cbb4193d053181d30fabf63dbffeeb2062cc"
"uefa_nations_league_2026_27","uefa_nations_league_2026_27-2047936","uefa_nations_league_2026_27-2047936","uefa_nations_league_2026_27-2047936__score",6,0,1,0.0717837794969183,0.785306845869092,0.214693154130908,"phase14-open-nb-incumbent-calibrated-v1","0e89c2948c77b348c5b6d3832cf6d4e7721ca7794f8f68f857d6ae82b9fe7d50","fc9a617e48969b5d524f9994bccb31de0cb028829b4c58a1999b77cf12c5a990","open_nb_incumbent","c65a4f90477e5b799e234d1a313ff333f6cce12cfc08de93e342d7718c252ff8","vector_w400_p0p010","be1392fd4b9fbfe747ea90c89a17413f72459d8ff708d6d80d1bf086973eb51e","2026-06-10","2026-10-05T15:59:59Z","elo_diff","xgf_ewma_diffmissing_or_zero_variance|xga_ewma_diffmissing_or_zero_variance|xgd_ewma_diffmissing_or_zero_variance|form_index_diff","56cfda56acdf8d439626ec6d44d3197031d4e0b3ffd5a499a59867de6cb51c11"
"uefa_nations_league_2026_27","uefa_nations_league_2026_27-2047936","uefa_nations_league_2026_27-2047936","uefa_nations_league_2026_27-2047936__score",7,3,0,0.0619674129547712,0.785306845869092,0.214693154130908,"phase14-open-nb-incumbent-calibrated-v1","0e89c2948c77b348c5b6d3832cf6d4e7721ca7794f8f68f857d6ae82b9fe7d50","fc9a617e48969b5d524f9994bccb31de0cb028829b4c58a1999b77cf12c5a990","open_nb_incumbent","c65a4f90477e5b799e234d1a313ff333f6cce12cfc08de93e342d7718c252ff8","vector_w400_p0p010","be1392fd4b9fbfe747ea90c89a17413f72459d8ff708d6d80d1bf086973eb51e","2026-06-10","2026-10-05T15:59:59Z","elo_diff","xgf_ewma_diffmissing_or_zero_variance|xga_ewma_diffmissing_or_zero_variance|xgd_ewma_diffmissing_or_zero_variance|form_index_diff","bb5de1bcbecbdc763347f7779f9b204d60c34a6d5d42fc084358fda7bfcdcde7"
"uefa_nations_league_2026_27","uefa_nations_league_2026_27-2047936","uefa_nations_league_2026_27-2047936","uefa_nations_league_2026_27-2047936__score",8,3,1,0.0476273212078917,0.785306845869092,0.214693154130908,"phase14-open-nb-incumbent-calibrated-v1","0e89c2948c77b348c5b6d3832cf6d4e7721ca7794f8f68f857d6ae82b9fe7d50","fc9a617e48969b5d524f9994bccb31de0cb028829b4c58a1999b77cf12c5a990","open_nb_incumbent","c65a4f90477e5b799e234d1a313ff333f6cce12cfc08de93e342d7718c252ff8","vector_w400_p0p010","be1392fd4b9fbfe747ea90c89a17413f72459d8ff708d6d80d1bf086973eb51e","2026-06-10","2026-10-05T15:59:59Z","elo_diff","xgf_ewma_diffmissing_or_zero_variance|xga_ewma_diffmissing_or_zero_variance|xgd_ewma_diffmissing_or_zero_variance|form_index_diff","b14a73d06a241b27bfa184cb9f5644687cf24a888dbd1c4287b8e458cdce9537"
"uefa_nations_league_2026_27","uefa_nations_league_2026_27-2047936","uefa_nations_league_2026_27-2047936","uefa_nations_league_2026_27-2047936__score",9,1,2,0.0451815688544303,0.785306845869092,0.214693154130908,"phase14-open-nb-incumbent-calibrated-v1","0e89c2948c77b348c5b6d3832cf6d4e7721ca7794f8f68f857d6ae82b9fe7d50","fc9a617e48969b5d524f9994bccb31de0cb028829b4c58a1999b77cf12c5a990","open_nb_incumbent","c65a4f90477e5b799e234d1a313ff333f6cce12cfc08de93e342d7718c252ff8","vector_w400_p0p010","be1392fd4b9fbfe747ea90c89a17413f72459d8ff708d6d80d1bf086973eb51e","2026-06-10","2026-10-05T15:59:59Z","elo_diff","xgf_ewma_diffmissing_or_zero_variance|xga_ewma_diffmissing_or_zero_variance|xgd_ewma_diffmissing_or_zero_variance|form_index_diff","306dfda5c9a27b031ff4c071ce5434c6161b056967e79262a1e45ab5eeb91517"
"uefa_nations_league_2026_27","uefa_nations_league_2026_27-2047936","uefa_nations_league_2026_27-2047936","uefa_nations_league_2026_27-2047936__score",10,2,2,0.0358968439419216,0.785306845869092,0.214693154130908,"phase14-open-nb-incumbent-calibrated-v1","0e89c2948c77b348c5b6d3832cf6d4e7721ca7794f8f68f857d6ae82b9fe7d50","fc9a617e48969b5d524f9994bccb31de0cb028829b4c58a1999b77cf12c5a990","open_nb_incumbent","c65a4f90477e5b799e234d1a313ff333f6cce12cfc08de93e342d7718c252ff8","vector_w400_p0p010","be1392fd4b9fbfe747ea90c89a17413f72459d8ff708d6d80d1bf086973eb51e","2026-06-10","2026-10-05T15:59:59Z","elo_diff","xgf_ewma_diffmissing_or_zero_variance|xga_ewma_diffmissing_or_zero_variance|xgd_ewma_diffmissing_or_zero_variance|form_index_diff","a347d7746edcc6d346fc61ebfdf31b22dfd130891df29c19f03f4fa4a042358f"
"uefa_nations_league_2026_27","uefa_nations_league_2026_27-2047937","uefa_nations_league_2026_27-2047937","uefa_nations_league_2026_27-2047937__score",1,1,0,0.136568070177312,0.782737282573376,0.217262717426624,"phase14-open-nb-incumbent-calibrated-v1","0e89c2948c77b348c5b6d3832cf6d4e7721ca7794f8f68f857d6ae82b9fe7d50","fc9a617e48969b5d524f9994bccb31de0cb028829b4c58a1999b77cf12c5a990","open_nb_incumbent","c65a4f90477e5b799e234d1a313ff333f6cce12cfc08de93e342d7718c252ff8","vector_w400_p0p010","be1392fd4b9fbfe747ea90c89a17413f72459d8ff708d6d80d1bf086973eb51e","2026-06-10","2026-10-05T18:44:59Z","elo_diff","xgf_ewma_diffmissing_or_zero_variance|xga_ewma_diffmissing_or_zero_variance|xgd_ewma_diffmissing_or_zero_variance|form_index_diff","db16d8595bb6213c3b4b9ace47061815242463e9fe7fe2d9c75dd51b31ba25df"
"uefa_nations_league_2026_27","uefa_nations_league_2026_27-2047937","uefa_nations_league_2026_27-2047937","uefa_nations_league_2026_27-2047937__score",2,2,0,0.113376526739433,0.782737282573376,0.217262717426624,"phase14-open-nb-incumbent-calibrated-v1","0e89c2948c77b348c5b6d3832cf6d4e7721ca7794f8f68f857d6ae82b9fe7d50","fc9a617e48969b5d524f9994bccb31de0cb028829b4c58a1999b77cf12c5a990","open_nb_incumbent","c65a4f90477e5b799e234d1a313ff333f6cce12cfc08de93e342d7718c252ff8","vector_w400_p0p010","be1392fd4b9fbfe747ea90c89a17413f72459d8ff708d6d80d1bf086973eb51e","2026-06-10","2026-10-05T18:44:59Z","elo_diff","xgf_ewma_diffmissing_or_zero_variance|xga_ewma_diffmissing_or_zero_variance|xgd_ewma_diffmissing_or_zero_variance|form_index_diff","50029139de0a4953b13198712ad79643c69108ce4fd51c514aee49eb71620e1b"
"uefa_nations_league_2026_27","uefa_nations_league_2026_27-2047937","uefa_nations_league_2026_27-2047937","uefa_nations_league_2026_27-2047937__score",3,1,1,0.099883113436788,0.782737282573376,0.217262717426624,"phase14-open-nb-incumbent-calibrated-v1","0e89c2948c77b348c5b6d3832cf6d4e7721ca7794f8f68f857d6ae82b9fe7d50","fc9a617e48969b5d524f9994bccb31de0cb028829b4c58a1999b77cf12c5a990","open_nb_incumbent","c65a4f90477e5b799e234d1a313ff333f6cce12cfc08de93e342d7718c252ff8","vector_w400_p0p010","be1392fd4b9fbfe747ea90c89a17413f72459d8ff708d6d80d1bf086973eb51e","2026-06-10","2026-10-05T18:44:59Z","elo_diff","xgf_ewma_diffmissing_or_zero_variance|xga_ewma_diffmissing_or_zero_variance|xgd_ewma_diffmissing_or_zero_variance|form_index_diff","ef63e64643152255fbb5329cf0c63906d1be64f875417bb489fe17f41cf9c30e"
"uefa_nations_league_2026_27","uefa_nations_league_2026_27-2047937","uefa_nations_league_2026_27-2047937","uefa_nations_league_2026_27-2047937__score",4,0,0,0.090210795553792,0.782737282573376,0.217262717426624,"phase14-open-nb-incumbent-calibrated-v1","0e89c2948c77b348c5b6d3832cf6d4e7721ca7794f8f68f857d6ae82b9fe7d50","fc9a617e48969b5d524f9994bccb31de0cb028829b4c58a1999b77cf12c5a990","open_nb_incumbent","c65a4f90477e5b799e234d1a313ff333f6cce12cfc08de93e342d7718c252ff8","vector_w400_p0p010","be1392fd4b9fbfe747ea90c89a17413f72459d8ff708d6d80d1bf086973eb51e","2026-06-10","2026-10-05T18:44:59Z","elo_diff","xgf_ewma_diffmissing_or_zero_variance|xga_ewma_diffmissing_or_zero_variance|xgd_ewma_diffmissing_or_zero_variance|form_index_diff","dcdb075d908218dbdebb64b9b2094982ec1f898647d834446f03c2f2cb460f86"
"uefa_nations_league_2026_27","uefa_nations_league_2026_27-2047937","uefa_nations_league_2026_27-2047937","uefa_nations_league_2026_27-2047937__score",5,2,1,0.0829212894835584,0.782737282573376,0.217262717426624,"phase14-open-nb-incumbent-calibrated-v1","0e89c2948c77b348c5b6d3832cf6d4e7721ca7794f8f68f857d6ae82b9fe7d50","fc9a617e48969b5d524f9994bccb31de0cb028829b4c58a1999b77cf12c5a990","open_nb_incumbent","c65a4f90477e5b799e234d1a313ff333f6cce12cfc08de93e342d7718c252ff8","vector_w400_p0p010","be1392fd4b9fbfe747ea90c89a17413f72459d8ff708d6d80d1bf086973eb51e","2026-06-10","2026-10-05T18:44:59Z","elo_diff","xgf_ewma_diffmissing_or_zero_variance|xga_ewma_diffmissing_or_zero_variance|xgd_ewma_diffmissing_or_zero_variance|form_index_diff","afc70869365a3af21e5f66ced1fcbb349ee66a9966f53bd55b5d3a8f53f884a8"
"uefa_nations_league_2026_27","uefa_nations_league_2026_27-2047937","uefa_nations_league_2026_27-2047937","uefa_nations_league_2026_27-2047937__score",6,3,0,0.0682850127844074,0.782737282573376,0.217262717426624,"phase14-open-nb-incumbent-calibrated-v1","0e89c2948c77b348c5b6d3832cf6d4e7721ca7794f8f68f857d6ae82b9fe7d50","fc9a617e48969b5d524f9994bccb31de0cb028829b4c58a1999b77cf12c5a990","open_nb_incumbent","c65a4f90477e5b799e234d1a313ff333f6cce12cfc08de93e342d7718c252ff8","vector_w400_p0p010","be1392fd4b9fbfe747ea90c89a17413f72459d8ff708d6d80d1bf086973eb51e","2026-06-10","2026-10-05T18:44:59Z","elo_diff","xgf_ewma_diffmissing_or_zero_variance|xga_ewma_diffmissing_or_zero_variance|xgd_ewma_diffmissing_or_zero_variance|form_index_diff","ea2b5540c10049a3f16cb0a4891721543d0ce7bc37fdfa87c554f734d0adad17"
"uefa_nations_league_2026_27","uefa_nations_league_2026_27-2047937","uefa_nations_league_2026_27-2047937","uefa_nations_league_2026_27-2047937__score",7,0,1,0.0659783440874837,0.782737282573376,0.217262717426624,"phase14-open-nb-incumbent-calibrated-v1","0e89c2948c77b348c5b6d3832cf6d4e7721ca7794f8f68f857d6ae82b9fe7d50","fc9a617e48969b5d524f9994bccb31de0cb028829b4c58a1999b77cf12c5a990","open_nb_incumbent","c65a4f90477e5b799e234d1a313ff333f6cce12cfc08de93e342d7718c252ff8","vector_w400_p0p010","be1392fd4b9fbfe747ea90c89a17413f72459d8ff708d6d80d1bf086973eb51e","2026-06-10","2026-10-05T18:44:59Z","elo_diff","xgf_ewma_diffmissing_or_zero_variance|xga_ewma_diffmissing_or_zero_variance|xgd_ewma_diffmissing_or_zero_variance|form_index_diff","09e235d64b47b7398e94d7536b73ca089b17b145fd80dd63494be006cb27ad9a"
"uefa_nations_league_2026_27","uefa_nations_league_2026_27-2047937","uefa_nations_league_2026_27-2047937","uefa_nations_league_2026_27-2047937__score",8,3,1,0.049942271785214,0.782737282573376,0.217262717426624,"phase14-open-nb-incumbent-calibrated-v1","0e89c2948c77b348c5b6d3832cf6d4e7721ca7794f8f68f857d6ae82b9fe7d50","fc9a617e48969b5d524f9994bccb31de0cb028829b4c58a1999b77cf12c5a990","open_nb_incumbent","c65a4f90477e5b799e234d1a313ff333f6cce12cfc08de93e342d7718c252ff8","vector_w400_p0p010","be1392fd4b9fbfe747ea90c89a17413f72459d8ff708d6d80d1bf086973eb51e","2026-06-10","2026-10-05T18:44:59Z","elo_diff","xgf_ewma_diffmissing_or_zero_variance|xga_ewma_diffmissing_or_zero_variance|xgd_ewma_diffmissing_or_zero_variance|form_index_diff","c877ef323ad07c7195d094f811f2a10455e2fe53a7cb5a04468d0e6e738a88d3"
"uefa_nations_league_2026_27","uefa_nations_league_2026_27-2047937","uefa_nations_league_2026_27-2047937","uefa_nations_league_2026_27-2047937__score",9,1,2,0.0412919623222055,0.782737282573376,0.217262717426624,"phase14-open-nb-incumbent-calibrated-v1","0e89c2948c77b348c5b6d3832cf6d4e7721ca7794f8f68f857d6ae82b9fe7d50","fc9a617e48969b5d524f9994bccb31de0cb028829b4c58a1999b77cf12c5a990","open_nb_incumbent","c65a4f90477e5b799e234d1a313ff333f6cce12cfc08de93e342d7718c252ff8","vector_w400_p0p010","be1392fd4b9fbfe747ea90c89a17413f72459d8ff708d6d80d1bf086973eb51e","2026-06-10","2026-10-05T18:44:59Z","elo_diff","xgf_ewma_diffmissing_or_zero_variance|xga_ewma_diffmissing_or_zero_variance|xgd_ewma_diffmissing_or_zero_variance|form_index_diff","5e075a4dc3fade0d69db1c80684f426879af179759bae80faf614f3da6290acb"
"uefa_nations_league_2026_27","uefa_nations_league_2026_27-2047937","uefa_nations_league_2026_27-2047937","uefa_nations_league_2026_27-2047937__score",10,2,2,0.0342798962031825,0.782737282573376,0.217262717426624,"phase14-open-nb-incumbent-calibrated-v1","0e89c2948c77b348c5b6d3832cf6d4e7721ca7794f8f68f857d6ae82b9fe7d50","fc9a617e48969b5d524f9994bccb31de0cb028829b4c58a1999b77cf12c5a990","open_nb_incumbent","c65a4f90477e5b799e234d1a313ff333f6cce12cfc08de93e342d7718c252ff8","vector_w400_p0p010","be1392fd4b9fbfe747ea90c89a17413f72459d8ff708d6d80d1bf086973eb51e","2026-06-10","2026-10-05T18:44:59Z","elo_diff","xgf_ewma_diffmissing_or_zero_variance|xga_ewma_diffmissing_or_zero_variance|xgd_ewma_diffmissing_or_zero_variance|form_index_diff","3dd13eeba5cdad90ec19535c236991ed1e77917dbf9b840ae6ccc66cd9fa9728"
"uefa_nations_league_2026_27","uefa_nations_league_2026_27-2047938","uefa_nations_league_2026_27-2047938","uefa_nations_league_2026_27-2047938__score",1,1,0,0.135957445060522,0.784483757217328,0.215516242782672,"phase14-open-nb-incumbent-calibrated-v1","0e89c2948c77b348c5b6d3832cf6d4e7721ca7794f8f68f857d6ae82b9fe7d50","fc9a617e48969b5d524f9994bccb31de0cb028829b4c58a1999b77cf12c5a990","open_nb_incumbent","c65a4f90477e5b799e234d1a313ff333f6cce12cfc08de93e342d7718c252ff8","vector_w400_p0p010","be1392fd4b9fbfe747ea90c89a17413f72459d8ff708d6d80d1bf086973eb51e","2026-06-10","2026-10-05T18:44:59Z","elo_diff","xgf_ewma_diffmissing_or_zero_variance|xga_ewma_diffmissing_or_zero_variance|xgd_ewma_diffmissing_or_zero_variance|form_index_diff","d699791f20b9f2322a4c79dfbf2505b931120f7cab5a26af20409bb9602b7e8d"
"uefa_nations_league_2026_27","uefa_nations_league_2026_27-2047938","uefa_nations_league_2026_27-2047938","uefa_nations_league_2026_27-2047938__score",2,2,0,0.110120405439533,0.784483757217328,0.215516242782672,"phase14-open-nb-incumbent-calibrated-v1","0e89c2948c77b348c5b6d3832cf6d4e7721ca7794f8f68f857d6ae82b9fe7d50","fc9a617e48969b5d524f9994bccb31de0cb028829b4c58a1999b77cf12c5a990","open_nb_incumbent","c65a4f90477e5b799e234d1a313ff333f6cce12cfc08de93e342d7718c252ff8","vector_w400_p0p010","be1392fd4b9fbfe747ea90c89a17413f72459d8ff708d6d80d1bf086973eb51e","2026-06-10","2026-10-05T18:44:59Z","elo_diff","xgf_ewma_diffmissing_or_zero_variance|xga_ewma_diffmissing_or_zero_variance|xgd_ewma_diffmissing_or_zero_variance|form_index_diff","c97840a0c0b12094c521a3f39a9408daf1ba8705f0b9388779093ea342bec91b"
"uefa_nations_league_2026_27","uefa_nations_league_2026_27-2047938","uefa_nations_league_2026_27-2047938","uefa_nations_league_2026_27-2047938__score",3,1,1,0.102252924713808,0.784483757217328,0.215516242782672,"phase14-open-nb-incumbent-calibrated-v1","0e89c2948c77b348c5b6d3832cf6d4e7721ca7794f8f68f857d6ae82b9fe7d50","fc9a617e48969b5d524f9994bccb31de0cb028829b4c58a1999b77cf12c5a990","open_nb_incumbent","c65a4f90477e5b799e234d1a313ff333f6cce12cfc08de93e342d7718c252ff8","vector_w400_p0p010","be1392fd4b9fbfe747ea90c89a17413f72459d8ff708d6d80d1bf086973eb51e","2026-06-10","2026-10-05T18:44:59Z","elo_diff","xgf_ewma_diffmissing_or_zero_variance|xga_ewma_diffmissing_or_zero_variance|xgd_ewma_diffmissing_or_zero_variance|form_index_diff","84346d2744aea958be08704ee3f97401e0ca5fba6d436db1511a67baae896feb"
"uefa_nations_league_2026_27","uefa_nations_league_2026_27-2047938","uefa_nations_league_2026_27-2047938","uefa_nations_league_2026_27-2047938__score",4,0,0,0.0920495148190162,0.784483757217328,0.215516242782672,"phase14-open-nb-incumbent-calibrated-v1","0e89c2948c77b348c5b6d3832cf6d4e7721ca7794f8f68f857d6ae82b9fe7d50","fc9a617e48969b5d524f9994bccb31de0cb028829b4c58a1999b77cf12c5a990","open_nb_incumbent","c65a4f90477e5b799e234d1a313ff333f6cce12cfc08de93e342d7718c252ff8","vector_w400_p0p010","be1392fd4b9fbfe747ea90c89a17413f72459d8ff708d6d80d1bf086973eb51e","2026-06-10","2026-10-05T18:44:59Z","elo_diff","xgf_ewma_diffmissing_or_zero_variance|xga_ewma_diffmissing_or_zero_variance|xgd_ewma_diffmissing_or_zero_variance|form_index_diff","4e1f9ee5ea2576eb617ff379034c86e58191601c1b93b00b5744cceecefbf013"
"uefa_nations_league_2026_27","uefa_nations_league_2026_27-2047938","uefa_nations_league_2026_27-2047938","uefa_nations_league_2026_27-2047938__score",5,2,1,0.0828210144861879,0.784483757217328,0.215516242782672,"phase14-open-nb-incumbent-calibrated-v1","0e89c2948c77b348c5b6d3832cf6d4e7721ca7794f8f68f857d6ae82b9fe7d50","fc9a617e48969b5d524f9994bccb31de0cb028829b4c58a1999b77cf12c5a990","open_nb_incumbent","c65a4f90477e5b799e234d1a313ff333f6cce12cfc08de93e342d7718c252ff8","vector_w400_p0p010","be1392fd4b9fbfe747ea90c89a17413f72459d8ff708d6d80d1bf086973eb51e","2026-06-10","2026-10-05T18:44:59Z","elo_diff","xgf_ewma_diffmissing_or_zero_variance|xga_ewma_diffmissing_or_zero_variance|xgd_ewma_diffmissing_or_zero_variance|form_index_diff","9e156b225fff62562269d69201102de6f291d8e490bd6c7794ce3d9d91427be9"
"uefa_nations_league_2026_27","uefa_nations_league_2026_27-2047938","uefa_nations_league_2026_27-2047938","uefa_nations_league_2026_27-2047938__score",6,0,1,0.0692299866663535,0.784483757217328,0.215516242782672,"phase14-open-nb-incumbent-calibrated-v1","0e89c2948c77b348c5b6d3832cf6d4e7721ca7794f8f68f857d6ae82b9fe7d50","fc9a617e48969b5d524f9994bccb31de0cb028829b4c58a1999b77cf12c5a990","open_nb_incumbent","c65a4f90477e5b799e234d1a313ff333f6cce12cfc08de93e342d7718c252ff8","vector_w400_p0p010","be1392fd4b9fbfe747ea90c89a17413f72459d8ff708d6d80d1bf086973eb51e","2026-06-10","2026-10-05T18:44:59Z","elo_diff","xgf_ewma_diffmissing_or_zero_variance|xga_ewma_diffmissing_or_zero_variance|xgd_ewma_diffmissing_or_zero_variance|form_index_diff","04cb3931f9851a721fb3d40c0ac21e7255aba30e4913cbf8ad7271bab9ae9c55"
"uefa_nations_league_2026_27","uefa_nations_league_2026_27-2047938","uefa_nations_league_2026_27-2047938","uefa_nations_league_2026_27-2047938__score",7,3,0,0.0647084325034649,0.784483757217328,0.215516242782672,"phase14-open-nb-incumbent-calibrated-v1","0e89c2948c77b348c5b6d3832cf6d4e7721ca7794f8f68f857d6ae82b9fe7d50","fc9a617e48969b5d524f9994bccb31de0cb028829b4c58a1999b77cf12c5a990","open_nb_incumbent","c65a4f90477e5b799e234d1a313ff333f6cce12cfc08de93e342d7718c252ff8","vector_w400_p0p010","be1392fd4b9fbfe747ea90c89a17413f72459d8ff708d6d80d1bf086973eb51e","2026-06-10","2026-10-05T18:44:59Z","elo_diff","xgf_ewma_diffmissing_or_zero_variance|xga_ewma_diffmissing_or_zero_variance|xgd_ewma_diffmissing_or_zero_variance|form_index_diff","93d82362fe949856ea29b75088ea9caa0eaaddba24fa06f4f0493aecd0d16205"
"uefa_nations_league_2026_27","uefa_nations_league_2026_27-2047938","uefa_nations_league_2026_27-2047938","uefa_nations_league_2026_27-2047938__score",8,3,1,0.0486668933369549,0.784483757217328,0.215516242782672,"phase14-open-nb-incumbent-calibrated-v1","0e89c2948c77b348c5b6d3832cf6d4e7721ca7794f8f68f857d6ae82b9fe7d50","fc9a617e48969b5d524f9994bccb31de0cb028829b4c58a1999b77cf12c5a990","open_nb_incumbent","c65a4f90477e5b799e234d1a313ff333f6cce12cfc08de93e342d7718c252ff8","vector_w400_p0p010","be1392fd4b9fbfe747ea90c89a17413f72459d8ff708d6d80d1bf086973eb51e","2026-06-10","2026-10-05T18:44:59Z","elo_diff","xgf_ewma_diffmissing_or_zero_variance|xga_ewma_diffmissing_or_zero_variance|xgd_ewma_diffmissing_or_zero_variance|form_index_diff","cfee7fea09ea5ebf5747c23bce045a813dc43f6477cd2f25d1f5ea67b4eb2936"
"uefa_nations_league_2026_27","uefa_nations_league_2026_27-2047938","uefa_nations_league_2026_27-2047938","uefa_nations_league_2026_27-2047938__score",9,1,2,0.0434689385630044,0.784483757217328,0.215516242782672,"phase14-open-nb-incumbent-calibrated-v1","0e89c2948c77b348c5b6d3832cf6d4e7721ca7794f8f68f857d6ae82b9fe7d50","fc9a617e48969b5d524f9994bccb31de0cb028829b4c58a1999b77cf12c5a990","open_nb_incumbent","c65a4f90477e5b799e234d1a313ff333f6cce12cfc08de93e342d7718c252ff8","vector_w400_p0p010","be1392fd4b9fbfe747ea90c89a17413f72459d8ff708d6d80d1bf086973eb51e","2026-06-10","2026-10-05T18:44:59Z","elo_diff","xgf_ewma_diffmissing_or_zero_variance|xga_ewma_diffmissing_or_zero_variance|xgd_ewma_diffmissing_or_zero_variance|form_index_diff","be73fbb820c51d4dc6fbfbf0a5584ff76efb3671c5adb3e858a68313d83842aa"
"uefa_nations_league_2026_27","uefa_nations_league_2026_27-2047938","uefa_nations_league_2026_27-2047938","uefa_nations_league_2026_27-2047938__score",10,2,2,0.0352082016284824,0.784483757217328,0.215516242782672,"phase14-open-nb-incumbent-calibrated-v1","0e89c2948c77b348c5b6d3832cf6d4e7721ca7794f8f68f857d6ae82b9fe7d50","fc9a617e48969b5d524f9994bccb31de0cb028829b4c58a1999b77cf12c5a990","open_nb_incumbent","c65a4f90477e5b799e234d1a313ff333f6cce12cfc08de93e342d7718c252ff8","vector_w400_p0p010","be1392fd4b9fbfe747ea90c89a17413f72459d8ff708d6d80d1bf086973eb51e","2026-06-10","2026-10-05T18:44:59Z","elo_diff","xgf_ewma_diffmissing_or_zero_variance|xga_ewma_diffmissing_or_zero_variance|xgd_ewma_diffmissing_or_zero_variance|form_index_diff","ee5ece6041efc2d152b0648c6332064250bcaffcbd3de2b4fd21c8b67cf3d9a0"
"uefa_nations_league_2026_27","uefa_nations_league_2026_27-2047939","uefa_nations_league_2026_27-2047939","uefa_nations_league_2026_27-2047939__score",1,1,1,0.115951778105493,0.780522883794447,0.219477116205553,"phase14-open-nb-incumbent-calibrated-v1","0e89c2948c77b348c5b6d3832cf6d4e7721ca7794f8f68f857d6ae82b9fe7d50","fc9a617e48969b5d524f9994bccb31de0cb028829b4c58a1999b77cf12c5a990","open_nb_incumbent","c65a4f90477e5b799e234d1a313ff333f6cce12cfc08de93e342d7718c252ff8","vector_w400_p0p010","be1392fd4b9fbfe747ea90c89a17413f72459d8ff708d6d80d1bf086973eb51e","2026-06-10","2026-10-05T18:44:59Z","elo_diff","xgf_ewma_diffmissing_or_zero_variance|xga_ewma_diffmissing_or_zero_variance|xgd_ewma_diffmissing_or_zero_variance|form_index_diff","3a42355036e81b08564d3fbb3c123dbd5d305535fe924dc7d21ef22ee9fda162"
"uefa_nations_league_2026_27","uefa_nations_league_2026_27-2047939","uefa_nations_league_2026_27-2047939","uefa_nations_league_2026_27-2047939__score",2,0,1,0.11562694542412,0.780522883794447,0.219477116205553,"phase14-open-nb-incumbent-calibrated-v1","0e89c2948c77b348c5b6d3832cf6d4e7721ca7794f8f68f857d6ae82b9fe7d50","fc9a617e48969b5d524f9994bccb31de0cb028829b4c58a1999b77cf12c5a990","open_nb_incumbent","c65a4f90477e5b799e234d1a313ff333f6cce12cfc08de93e342d7718c252ff8","vector_w400_p0p010","be1392fd4b9fbfe747ea90c89a17413f72459d8ff708d6d80d1bf086973eb51e","2026-06-10","2026-10-05T18:44:59Z","elo_diff","xgf_ewma_diffmissing_or_zero_variance|xga_ewma_diffmissing_or_zero_variance|xgd_ewma_diffmissing_or_zero_variance|form_index_diff","4abc6d002e99911ff6b21d2665863ac79ae046f95299f48e13167d908d3cc21b"
"uefa_nations_league_2026_27","uefa_nations_league_2026_27-2047939","uefa_nations_league_2026_27-2047939","uefa_nations_league_2026_27-2047939__score",3,1,0,0.101923021558598,0.780522883794447,0.219477116205553,"phase14-open-nb-incumbent-calibrated-v1","0e89c2948c77b348c5b6d3832cf6d4e7721ca7794f8f68f857d6ae82b9fe7d50","fc9a617e48969b5d524f9994bccb31de0cb028829b4c58a1999b77cf12c5a990","open_nb_incumbent","c65a4f90477e5b799e234d1a313ff333f6cce12cfc08de93e342d7718c252ff8","vector_w400_p0p010","be1392fd4b9fbfe747ea90c89a17413f72459d8ff708d6d80d1bf086973eb51e","2026-06-10","2026-10-05T18:44:59Z","elo_diff","xgf_ewma_diffmissing_or_zero_variance|xga_ewma_diffmissing_or_zero_variance|xgd_ewma_diffmissing_or_zero_variance|form_index_diff","8208a7225a928fe21c99d330968bb35a999560b875b26e273d479f07b9e0cee8"
"uefa_nations_league_2026_27","uefa_nations_league_2026_27-2047939","uefa_nations_league_2026_27-2047939","uefa_nations_league_2026_27-2047939__score",4,0,0,0.101637489685542,0.780522883794447,0.219477116205553,"phase14-open-nb-incumbent-calibrated-v1","0e89c2948c77b348c5b6d3832cf6d4e7721ca7794f8f68f857d6ae82b9fe7d50","fc9a617e48969b5d524f9994bccb31de0cb028829b4c58a1999b77cf12c5a990","open_nb_incumbent","c65a4f90477e5b799e234d1a313ff333f6cce12cfc08de93e342d7718c252ff8","vector_w400_p0p010","be1392fd4b9fbfe747ea90c89a17413f72459d8ff708d6d80d1bf086973eb51e","2026-06-10","2026-10-05T18:44:59Z","elo_diff","xgf_ewma_diffmissing_or_zero_variance|xga_ewma_diffmissing_or_zero_variance|xgd_ewma_diffmissing_or_zero_variance|form_index_diff","df4743bfb4b67dc3fbd7b752a935dda3533f6c051b4e83ea12064e60474ed110"
"uefa_nations_league_2026_27","uefa_nations_league_2026_27-2047939","uefa_nations_league_2026_27-2047939","uefa_nations_league_2026_27-2047939__score",5,1,2,0.074561234195559,0.780522883794447,0.219477116205553,"phase14-open-nb-incumbent-calibrated-v1","0e89c2948c77b348c5b6d3832cf6d4e7721ca7794f8f68f857d6ae82b9fe7d50","fc9a617e48969b5d524f9994bccb31de0cb028829b4c58a1999b77cf12c5a990","open_nb_incumbent","c65a4f90477e5b799e234d1a313ff333f6cce12cfc08de93e342d7718c252ff8","vector_w400_p0p010","be1392fd4b9fbfe747ea90c89a17413f72459d8ff708d6d80d1bf086973eb51e","2026-06-10","2026-10-05T18:44:59Z","elo_diff","xgf_ewma_diffmissing_or_zero_variance|xga_ewma_diffmissing_or_zero_variance|xgd_ewma_diffmissing_or_zero_variance|form_index_diff","f06b67cb13f4e75060f500a4ce5d6008e889c3ee685a6431d799b24facbf9107"
"uefa_nations_league_2026_27","uefa_nations_league_2026_27-2047939","uefa_nations_league_2026_27-2047939","uefa_nations_league_2026_27-2047939__score",6,0,2,0.0743523549008557,0.780522883794447,0.219477116205553,"phase14-open-nb-incumbent-calibrated-v1","0e89c2948c77b348c5b6d3832cf6d4e7721ca7794f8f68f857d6ae82b9fe7d50","fc9a617e48969b5d524f9994bccb31de0cb028829b4c58a1999b77cf12c5a990","open_nb_incumbent","c65a4f90477e5b799e234d1a313ff333f6cce12cfc08de93e342d7718c252ff8","vector_w400_p0p010","be1392fd4b9fbfe747ea90c89a17413f72459d8ff708d6d80d1bf086973eb51e","2026-06-10","2026-10-05T18:44:59Z","elo_diff","xgf_ewma_diffmissing_or_zero_variance|xga_ewma_diffmissing_or_zero_variance|xgd_ewma_diffmissing_or_zero_variance|form_index_diff","b103bed6d6dbf06065ebefc4c9a4c577a558ee8e784e8397aee384419b4c894b"
"uefa_nations_league_2026_27","uefa_nations_league_2026_27-2047939","uefa_nations_league_2026_27-2047939","uefa_nations_league_2026_27-2047939__score",7,2,1,0.063764519162619,0.780522883794447,0.219477116205553,"phase14-open-nb-incumbent-calibrated-v1","0e89c2948c77b348c5b6d3832cf6d4e7721ca7794f8f68f857d6ae82b9fe7d50","fc9a617e48969b5d524f9994bccb31de0cb028829b4c58a1999b77cf12c5a990","open_nb_incumbent","c65a4f90477e5b799e234d1a313ff333f6cce12cfc08de93e342d7718c252ff8","vector_w400_p0p010","be1392fd4b9fbfe747ea90c89a17413f72459d8ff708d6d80d1bf086973eb51e","2026-06-10","2026-10-05T18:44:59Z","elo_diff","xgf_ewma_diffmissing_or_zero_variance|xga_ewma_diffmissing_or_zero_variance|xgd_ewma_diffmissing_or_zero_variance|form_index_diff","e76eea84db0331a099944e465eaaf0f607716abea8209a6731b6e73c646c0958"
"uefa_nations_league_2026_27","uefa_nations_league_2026_27-2047939","uefa_nations_league_2026_27-2047939","uefa_nations_league_2026_27-2047939__score",8,2,0,0.056049786967237,0.780522883794447,0.219477116205553,"phase14-open-nb-incumbent-calibrated-v1","0e89c2948c77b348c5b6d3832cf6d4e7721ca7794f8f68f857d6ae82b9fe7d50","fc9a617e48969b5d524f9994bccb31de0cb028829b4c58a1999b77cf12c5a990","open_nb_incumbent","c65a4f90477e5b799e234d1a313ff333f6cce12cfc08de93e342d7718c252ff8","vector_w400_p0p010","be1392fd4b9fbfe747ea90c89a17413f72459d8ff708d6d80d1bf086973eb51e","2026-06-10","2026-10-05T18:44:59Z","elo_diff","xgf_ewma_diffmissing_or_zero_variance|xga_ewma_diffmissing_or_zero_variance|xgd_ewma_diffmissing_or_zero_variance|form_index_diff","94d42c90558e67c84e592db94905cd87e48b9cbc7ff868757e8d0081674a520c"
"uefa_nations_league_2026_27","uefa_nations_league_2026_27-2047939","uefa_nations_league_2026_27-2047939","uefa_nations_league_2026_27-2047939__score",9,2,2,0.0410029179744507,0.780522883794447,0.219477116205553,"phase14-open-nb-incumbent-calibrated-v1","0e89c2948c77b348c5b6d3832cf6d4e7721ca7794f8f68f857d6ae82b9fe7d50","fc9a617e48969b5d524f9994bccb31de0cb028829b4c58a1999b77cf12c5a990","open_nb_incumbent","c65a4f90477e5b799e234d1a313ff333f6cce12cfc08de93e342d7718c252ff8","vector_w400_p0p010","be1392fd4b9fbfe747ea90c89a17413f72459d8ff708d6d80d1bf086973eb51e","2026-06-10","2026-10-05T18:44:59Z","elo_diff","xgf_ewma_diffmissing_or_zero_variance|xga_ewma_diffmissing_or_zero_variance|xgd_ewma_diffmissing_or_zero_variance|form_index_diff","43f4fb72fd439c76e9ddbb534b273ba3a150e59545822972df91d2c38b89336f"
"uefa_nations_league_2026_27","uefa_nations_league_2026_27-2047939","uefa_nations_league_2026_27-2047939","uefa_nations_league_2026_27-2047939__score",10,1,3,0.0356528358199731,0.780522883794447,0.219477116205553,"phase14-open-nb-incumbent-calibrated-v1","0e89c2948c77b348c5b6d3832cf6d4e7721ca7794f8f68f857d6ae82b9fe7d50","fc9a617e48969b5d524f9994bccb31de0cb028829b4c58a1999b77cf12c5a990","open_nb_incumbent","c65a4f90477e5b799e234d1a313ff333f6cce12cfc08de93e342d7718c252ff8","vector_w400_p0p010","be1392fd4b9fbfe747ea90c89a17413f72459d8ff708d6d80d1bf086973eb51e","2026-06-10","2026-10-05T18:44:59Z","elo_diff","xgf_ewma_diffmissing_or_zero_variance|xga_ewma_diffmissing_or_zero_variance|xgd_ewma_diffmissing_or_zero_variance|form_index_diff","69939317a6817c0a67645042897c7477093d4155a2b123c25f74c2fd8c2f1a23"
"uefa_nations_league_2026_27","uefa_nations_league_2026_27-2047940","uefa_nations_league_2026_27-2047940","uefa_nations_league_2026_27-2047940__score",1,2,0,0.138403750050818,0.780446717649719,0.219553282350281,"phase14-open-nb-incumbent-calibrated-v1","0e89c2948c77b348c5b6d3832cf6d4e7721ca7794f8f68f857d6ae82b9fe7d50","fc9a617e48969b5d524f9994bccb31de0cb028829b4c58a1999b77cf12c5a990","open_nb_incumbent","c65a4f90477e5b799e234d1a313ff333f6cce12cfc08de93e342d7718c252ff8","vector_w400_p0p010","be1392fd4b9fbfe747ea90c89a17413f72459d8ff708d6d80d1bf086973eb51e","2026-06-10","2026-10-06T18:44:59Z","elo_diff","xgf_ewma_diffmissing_or_zero_variance|xga_ewma_diffmissing_or_zero_variance|xgd_ewma_diffmissing_or_zero_variance|form_index_diff","386af790b99d34abbcfa599ac2b56414004b1ce8f2a90b06c539d6f8ea5564ae"
"uefa_nations_league_2026_27","uefa_nations_league_2026_27-2047940","uefa_nations_league_2026_27-2047940","uefa_nations_league_2026_27-2047940__score",2,1,0,0.12309236828787,0.780446717649719,0.219553282350281,"phase14-open-nb-incumbent-calibrated-v1","0e89c2948c77b348c5b6d3832cf6d4e7721ca7794f8f68f857d6ae82b9fe7d50","fc9a617e48969b5d524f9994bccb31de0cb028829b4c58a1999b77cf12c5a990","open_nb_incumbent","c65a4f90477e5b799e234d1a313ff333f6cce12cfc08de93e342d7718c252ff8","vector_w400_p0p010","be1392fd4b9fbfe747ea90c89a17413f72459d8ff708d6d80d1bf086973eb51e","2026-06-10","2026-10-06T18:44:59Z","elo_diff","xgf_ewma_diffmissing_or_zero_variance|xga_ewma_diffmissing_or_zero_variance|xgd_ewma_diffmissing_or_zero_variance|form_index_diff","781751459bc5a5d63d3698ca0bb73773eadf26cca7bbffb65028fefe3db398d4"
"uefa_nations_league_2026_27","uefa_nations_league_2026_27-2047940","uefa_nations_league_2026_27-2047940","uefa_nations_league_2026_27-2047940__score",3,3,0,0.112899718289646,0.780446717649719,0.219553282350281,"phase14-open-nb-incumbent-calibrated-v1","0e89c2948c77b348c5b6d3832cf6d4e7721ca7794f8f68f857d6ae82b9fe7d50","fc9a617e48969b5d524f9994bccb31de0cb028829b4c58a1999b77cf12c5a990","open_nb_incumbent","c65a4f90477e5b799e234d1a313ff333f6cce12cfc08de93e342d7718c252ff8","vector_w400_p0p010","be1392fd4b9fbfe747ea90c89a17413f72459d8ff708d6d80d1bf086973eb51e","2026-06-10","2026-10-06T18:44:59Z","elo_diff","xgf_ewma_diffmissing_or_zero_variance|xga_ewma_diffmissing_or_zero_variance|xgd_ewma_diffmissing_or_zero_variance|form_index_diff","5b32dbe1dffe2ae8f111b4eb6ff9974b5fae5cb5d2e070e898bae780f377ccbd"
"uefa_nations_league_2026_27","uefa_nations_league_2026_27-2047940","uefa_nations_league_2026_27-2047940","uefa_nations_league_2026_27-2047940__score",4,4,0,0.0746714533340881,0.780446717649719,0.219553282350281,"phase14-open-nb-incumbent-calibrated-v1","0e89c2948c77b348c5b6d3832cf6d4e7721ca7794f8f68f857d6ae82b9fe7d50","fc9a617e48969b5d524f9994bccb31de0cb028829b4c58a1999b77cf12c5a990","open_nb_incumbent","c65a4f90477e5b799e234d1a313ff333f6cce12cfc08de93e342d7718c252ff8","vector_w400_p0p010","be1392fd4b9fbfe747ea90c89a17413f72459d8ff708d6d80d1bf086973eb51e","2026-06-10","2026-10-06T18:44:59Z","elo_diff","xgf_ewma_diffmissing_or_zero_variance|xga_ewma_diffmissing_or_zero_variance|xgd_ewma_diffmissing_or_zero_variance|form_index_diff","47a6eaa5bb7be1c9894611fb0a5218b438c2ba5467360ee27f77970c620e045a"
"uefa_nations_league_2026_27","uefa_nations_league_2026_27-2047940","uefa_nations_league_2026_27-2047940","uefa_nations_league_2026_27-2047940__score",5,2,1,0.0705390971916798,0.780446717649719,0.219553282350281,"phase14-open-nb-incumbent-calibrated-v1","0e89c2948c77b348c5b6d3832cf6d4e7721ca7794f8f68f857d6ae82b9fe7d50","fc9a617e48969b5d524f9994bccb31de0cb028829b4c58a1999b77cf12c5a990","open_nb_incumbent","c65a4f90477e5b799e234d1a313ff333f6cce12cfc08de93e342d7718c252ff8","vector_w400_p0p010","be1392fd4b9fbfe747ea90c89a17413f72459d8ff708d6d80d1bf086973eb51e","2026-06-10","2026-10-06T18:44:59Z","elo_diff","xgf_ewma_diffmissing_or_zero_variance|xga_ewma_diffmissing_or_zero_variance|xgd_ewma_diffmissing_or_zero_variance|form_index_diff","553678b73368c237664cbbdb5fa0fc119349f3b2cd8b34e06b400086470962c5"
"uefa_nations_league_2026_27","uefa_nations_league_2026_27-2047940","uefa_nations_league_2026_27-2047940","uefa_nations_league_2026_27-2047940__score",6,1,1,0.0627354715968606,0.780446717649719,0.219553282350281,"phase14-open-nb-incumbent-calibrated-v1","0e89c2948c77b348c5b6d3832cf6d4e7721ca7794f8f68f857d6ae82b9fe7d50","fc9a617e48969b5d524f9994bccb31de0cb028829b4c58a1999b77cf12c5a990","open_nb_incumbent","c65a4f90477e5b799e234d1a313ff333f6cce12cfc08de93e342d7718c252ff8","vector_w400_p0p010","be1392fd4b9fbfe747ea90c89a17413f72459d8ff708d6d80d1bf086973eb51e","2026-06-10","2026-10-06T18:44:59Z","elo_diff","xgf_ewma_diffmissing_or_zero_variance|xga_ewma_diffmissing_or_zero_variance|xgd_ewma_diffmissing_or_zero_variance|form_index_diff","5b0a60ec1d8623393bd7a3c8bdc0e10e750b2fca95a8942831c312a0ad031beb"
"uefa_nations_league_2026_27","uefa_nations_league_2026_27-2047940","uefa_nations_league_2026_27-2047940","uefa_nations_league_2026_27-2047940__score",7,0,0,0.0600340598412921,0.780446717649719,0.219553282350281,"phase14-open-nb-incumbent-calibrated-v1","0e89c2948c77b348c5b6d3832cf6d4e7721ca7794f8f68f857d6ae82b9fe7d50","fc9a617e48969b5d524f9994bccb31de0cb028829b4c58a1999b77cf12c5a990","open_nb_incumbent","c65a4f90477e5b799e234d1a313ff333f6cce12cfc08de93e342d7718c252ff8","vector_w400_p0p010","be1392fd4b9fbfe747ea90c89a17413f72459d8ff708d6d80d1bf086973eb51e","2026-06-10","2026-10-06T18:44:59Z","elo_diff","xgf_ewma_diffmissing_or_zero_variance|xga_ewma_diffmissing_or_zero_variance|xgd_ewma_diffmissing_or_zero_variance|form_index_diff","2cad18378e2ae475c172b6d23316eca87e60e0bffa6ee61e048f3042d9284e1d"
"uefa_nations_league_2026_27","uefa_nations_league_2026_27-2047940","uefa_nations_league_2026_27-2047940","uefa_nations_league_2026_27-2047940__score",8,3,1,0.0575406677812016,0.780446717649719,0.219553282350281,"phase14-open-nb-incumbent-calibrated-v1","0e89c2948c77b348c5b6d3832cf6d4e7721ca7794f8f68f857d6ae82b9fe7d50","fc9a617e48969b5d524f9994bccb31de0cb028829b4c58a1999b77cf12c5a990","open_nb_incumbent","c65a4f90477e5b799e234d1a313ff333f6cce12cfc08de93e342d7718c252ff8","vector_w400_p0p010","be1392fd4b9fbfe747ea90c89a17413f72459d8ff708d6d80d1bf086973eb51e","2026-06-10","2026-10-06T18:44:59Z","elo_diff","xgf_ewma_diffmissing_or_zero_variance|xga_ewma_diffmissing_or_zero_variance|xgd_ewma_diffmissing_or_zero_variance|form_index_diff","29eacd582b22d30b84097ce2daad040cc4d0e54a2334d34c17a064c37474687c"
"uefa_nations_league_2026_27","uefa_nations_league_2026_27-2047940","uefa_nations_league_2026_27-2047940","uefa_nations_league_2026_27-2047940__score",9,5,0,0.0424729478383626,0.780446717649719,0.219553282350281,"phase14-open-nb-incumbent-calibrated-v1","0e89c2948c77b348c5b6d3832cf6d4e7721ca7794f8f68f857d6ae82b9fe7d50","fc9a617e48969b5d524f9994bccb31de0cb028829b4c58a1999b77cf12c5a990","open_nb_incumbent","c65a4f90477e5b799e234d1a313ff333f6cce12cfc08de93e342d7718c252ff8","vector_w400_p0p010","be1392fd4b9fbfe747ea90c89a17413f72459d8ff708d6d80d1bf086973eb51e","2026-06-10","2026-10-06T18:44:59Z","elo_diff","xgf_ewma_diffmissing_or_zero_variance|xga_ewma_diffmissing_or_zero_variance|xgd_ewma_diffmissing_or_zero_variance|form_index_diff","526c46205047dcfd94d9d0f95158ed02836f220d81aeed99994ce14d00d3b633"
"uefa_nations_league_2026_27","uefa_nations_league_2026_27-2047940","uefa_nations_league_2026_27-2047940","uefa_nations_league_2026_27-2047940__score",10,4,1,0.0380571834378998,0.780446717649719,0.219553282350281,"phase14-open-nb-incumbent-calibrated-v1","0e89c2948c77b348c5b6d3832cf6d4e7721ca7794f8f68f857d6ae82b9fe7d50","fc9a617e48969b5d524f9994bccb31de0cb028829b4c58a1999b77cf12c5a990","open_nb_incumbent","c65a4f90477e5b799e234d1a313ff333f6cce12cfc08de93e342d7718c252ff8","vector_w400_p0p010","be1392fd4b9fbfe747ea90c89a17413f72459d8ff708d6d80d1bf086973eb51e","2026-06-10","2026-10-06T18:44:59Z","elo_diff","xgf_ewma_diffmissing_or_zero_variance|xga_ewma_diffmissing_or_zero_variance|xgd_ewma_diffmissing_or_zero_variance|form_index_diff","ed5a698735a544d595806c58bd0d36adba78b68dff17bc71075d306eb9cc9234"
"uefa_nations_league_2026_27","uefa_nations_league_2026_27-2047941","uefa_nations_league_2026_27-2047941","uefa_nations_league_2026_27-2047941__score",1,4,0,0.117231273592345,0.737607976898328,0.262392023101672,"phase14-open-nb-incumbent-calibrated-v1","0e89c2948c77b348c5b6d3832cf6d4e7721ca7794f8f68f857d6ae82b9fe7d50","fc9a617e48969b5d524f9994bccb31de0cb028829b4c58a1999b77cf12c5a990","open_nb_incumbent","c65a4f90477e5b799e234d1a313ff333f6cce12cfc08de93e342d7718c252ff8","vector_w400_p0p010","be1392fd4b9fbfe747ea90c89a17413f72459d8ff708d6d80d1bf086973eb51e","2026-06-10","2026-10-06T18:44:59Z","elo_diff","xgf_ewma_diffmissing_or_zero_variance|xga_ewma_diffmissing_or_zero_variance|xgd_ewma_diffmissing_or_zero_variance|form_index_diff","be2e0544e3bb985f81ecbcc259895c4af341899f4da77e5c4252767965e2796f"
"uefa_nations_league_2026_27","uefa_nations_league_2026_27-2047941","uefa_nations_league_2026_27-2047941","uefa_nations_league_2026_27-2047941__score",2,5,0,0.111166906262481,0.737607976898328,0.262392023101672,"phase14-open-nb-incumbent-calibrated-v1","0e89c2948c77b348c5b6d3832cf6d4e7721ca7794f8f68f857d6ae82b9fe7d50","fc9a617e48969b5d524f9994bccb31de0cb028829b4c58a1999b77cf12c5a990","open_nb_incumbent","c65a4f90477e5b799e234d1a313ff333f6cce12cfc08de93e342d7718c252ff8","vector_w400_p0p010","be1392fd4b9fbfe747ea90c89a17413f72459d8ff708d6d80d1bf086973eb51e","2026-06-10","2026-10-06T18:44:59Z","elo_diff","xgf_ewma_diffmissing_or_zero_variance|xga_ewma_diffmissing_or_zero_variance|xgd_ewma_diffmissing_or_zero_variance|form_index_diff","47591173571acaed44802ddb034343fa27bedbdeea34170382e02307c61698a7"
"uefa_nations_league_2026_27","uefa_nations_league_2026_27-2047941","uefa_nations_league_2026_27-2047941","uefa_nations_league_2026_27-2047941__score",3,3,0,0.106318172050309,0.737607976898328,0.262392023101672,"phase14-open-nb-incumbent-calibrated-v1","0e89c2948c77b348c5b6d3832cf6d4e7721ca7794f8f68f857d6ae82b9fe7d50","fc9a617e48969b5d524f9994bccb31de0cb028829b4c58a1999b77cf12c5a990","open_nb_incumbent","c65a4f90477e5b799e234d1a313ff333f6cce12cfc08de93e342d7718c252ff8","vector_w400_p0p010","be1392fd4b9fbfe747ea90c89a17413f72459d8ff708d6d80d1bf086973eb51e","2026-06-10","2026-10-06T18:44:59Z","elo_diff","xgf_ewma_diffmissing_or_zero_variance|xga_ewma_diffmissing_or_zero_variance|xgd_ewma_diffmissing_or_zero_variance|form_index_diff","ff0538698a6e4e8186aaa32575ba4a6e2fb5a57b7962ecf30703a8ff1822d8f8"
"uefa_nations_league_2026_27","uefa_nations_league_2026_27-2047941","uefa_nations_league_2026_27-2047941","uefa_nations_league_2026_27-2047941__score",4,6,0,0.0939752742369212,0.737607976898328,0.262392023101672,"phase14-open-nb-incumbent-calibrated-v1","0e89c2948c77b348c5b6d3832cf6d4e7721ca7794f8f68f857d6ae82b9fe7d50","fc9a617e48969b5d524f9994bccb31de0cb028829b4c58a1999b77cf12c5a990","open_nb_incumbent","c65a4f90477e5b799e234d1a313ff333f6cce12cfc08de93e342d7718c252ff8","vector_w400_p0p010","be1392fd4b9fbfe747ea90c89a17413f72459d8ff708d6d80d1bf086973eb51e","2026-06-10","2026-10-06T18:44:59Z","elo_diff","xgf_ewma_diffmissing_or_zero_variance|xga_ewma_diffmissing_or_zero_variance|xgd_ewma_diffmissing_or_zero_variance|form_index_diff","a78017408cb5537f791d85777bc0d4b3838ab502ccd68be3b69976e016aa7dda"
"uefa_nations_league_2026_27","uefa_nations_league_2026_27-2047941","uefa_nations_league_2026_27-2047941","uefa_nations_league_2026_27-2047941__score",5,2,0,0.0781786675306726,0.737607976898328,0.262392023101672,"phase14-open-nb-incumbent-calibrated-v1","0e89c2948c77b348c5b6d3832cf6d4e7721ca7794f8f68f857d6ae82b9fe7d50","fc9a617e48969b5d524f9994bccb31de0cb028829b4c58a1999b77cf12c5a990","open_nb_incumbent","c65a4f90477e5b799e234d1a313ff333f6cce12cfc08de93e342d7718c252ff8","vector_w400_p0p010","be1392fd4b9fbfe747ea90c89a17413f72459d8ff708d6d80d1bf086973eb51e","2026-06-10","2026-10-06T18:44:59Z","elo_diff","xgf_ewma_diffmissing_or_zero_variance|xga_ewma_diffmissing_or_zero_variance|xgd_ewma_diffmissing_or_zero_variance|form_index_diff","a8a64e8bf0a9ef12646c6a521b1707ebcb735cc07e05ff1232621b26f2955d1f"
"uefa_nations_league_2026_27","uefa_nations_league_2026_27-2047941","uefa_nations_league_2026_27-2047941","uefa_nations_league_2026_27-2047941__score",6,7,0,0.0725339474896322,0.737607976898328,0.262392023101672,"phase14-open-nb-incumbent-calibrated-v1","0e89c2948c77b348c5b6d3832cf6d4e7721ca7794f8f68f857d6ae82b9fe7d50","fc9a617e48969b5d524f9994bccb31de0cb028829b4c58a1999b77cf12c5a990","open_nb_incumbent","c65a4f90477e5b799e234d1a313ff333f6cce12cfc08de93e342d7718c252ff8","vector_w400_p0p010","be1392fd4b9fbfe747ea90c89a17413f72459d8ff708d6d80d1bf086973eb51e","2026-06-10","2026-10-06T18:44:59Z","elo_diff","xgf_ewma_diffmissing_or_zero_variance|xga_ewma_diffmissing_or_zero_variance|xgd_ewma_diffmissing_or_zero_variance|form_index_diff","c505d25fff16b78ff54fc5f3834543a36b8054ef99de2dcc9306c86e263f8964"
"uefa_nations_league_2026_27","uefa_nations_league_2026_27-2047941","uefa_nations_league_2026_27-2047941","uefa_nations_league_2026_27-2047941__score",7,8,0,0.0519855596808085,0.737607976898328,0.262392023101672,"phase14-open-nb-incumbent-calibrated-v1","0e89c2948c77b348c5b6d3832cf6d4e7721ca7794f8f68f857d6ae82b9fe7d50","fc9a617e48969b5d524f9994bccb31de0cb028829b4c58a1999b77cf12c5a990","open_nb_incumbent","c65a4f90477e5b799e234d1a313ff333f6cce12cfc08de93e342d7718c252ff8","vector_w400_p0p010","be1392fd4b9fbfe747ea90c89a17413f72459d8ff708d6d80d1bf086973eb51e","2026-06-10","2026-10-06T18:44:59Z","elo_diff","xgf_ewma_diffmissing_or_zero_variance|xga_ewma_diffmissing_or_zero_variance|xgd_ewma_diffmissing_or_zero_variance|form_index_diff","457076c260cf9c8085152783987d842a1fc5235442eb4eb57616a8a1c4e51490"
"uefa_nations_league_2026_27","uefa_nations_league_2026_27-2047941","uefa_nations_league_2026_27-2047941","uefa_nations_league_2026_27-2047941__score",8,1,0,0.0417058808281446,0.737607976898328,0.262392023101672,"phase14-open-nb-incumbent-calibrated-v1","0e89c2948c77b348c5b6d3832cf6d4e7721ca7794f8f68f857d6ae82b9fe7d50","fc9a617e48969b5d524f9994bccb31de0cb028829b4c58a1999b77cf12c5a990","open_nb_incumbent","c65a4f90477e5b799e234d1a313ff333f6cce12cfc08de93e342d7718c252ff8","vector_w400_p0p010","be1392fd4b9fbfe747ea90c89a17413f72459d8ff708d6d80d1bf086973eb51e","2026-06-10","2026-10-06T18:44:59Z","elo_diff","xgf_ewma_diffmissing_or_zero_variance|xga_ewma_diffmissing_or_zero_variance|xgd_ewma_diffmissing_or_zero_variance|form_index_diff","5804607e867ab1002a04ddbc8023ff32c083f1dea7e6feeaa4310b7d3484cb18"
"uefa_nations_league_2026_27","uefa_nations_league_2026_27-2047941","uefa_nations_league_2026_27-2047941","uefa_nations_league_2026_27-2047941__score",9,9,0,0.0350291433234464,0.737607976898328,0.262392023101672,"phase14-open-nb-incumbent-calibrated-v1","0e89c2948c77b348c5b6d3832cf6d4e7721ca7794f8f68f857d6ae82b9fe7d50","fc9a617e48969b5d524f9994bccb31de0cb028829b4c58a1999b77cf12c5a990","open_nb_incumbent","c65a4f90477e5b799e234d1a313ff333f6cce12cfc08de93e342d7718c252ff8","vector_w400_p0p010","be1392fd4b9fbfe747ea90c89a17413f72459d8ff708d6d80d1bf086973eb51e","2026-06-10","2026-10-06T18:44:59Z","elo_diff","xgf_ewma_diffmissing_or_zero_variance|xga_ewma_diffmissing_or_zero_variance|xgd_ewma_diffmissing_or_zero_variance|form_index_diff","ef9023b54e52be16469a2f8c155a457a247b6ae96843c066d6fc42ff3cb7955c"
"uefa_nations_league_2026_27","uefa_nations_league_2026_27-2047941","uefa_nations_league_2026_27-2047941","uefa_nations_league_2026_27-2047941__score",10,4,1,0.0294831519035667,0.737607976898328,0.262392023101672,"phase14-open-nb-incumbent-calibrated-v1","0e89c2948c77b348c5b6d3832cf6d4e7721ca7794f8f68f857d6ae82b9fe7d50","fc9a617e48969b5d524f9994bccb31de0cb028829b4c58a1999b77cf12c5a990","open_nb_incumbent","c65a4f90477e5b799e234d1a313ff333f6cce12cfc08de93e342d7718c252ff8","vector_w400_p0p010","be1392fd4b9fbfe747ea90c89a17413f72459d8ff708d6d80d1bf086973eb51e","2026-06-10","2026-10-06T18:44:59Z","elo_diff","xgf_ewma_diffmissing_or_zero_variance|xga_ewma_diffmissing_or_zero_variance|xgd_ewma_diffmissing_or_zero_variance|form_index_diff","d1f557388fcc013009419b7d9134bf3bf54e9983c0856cc02031c2eea454959e"
"uefa_nations_league_2026_27","uefa_nations_league_2026_27-2047942","uefa_nations_league_2026_27-2047942","uefa_nations_league_2026_27-2047942__score",1,1,0,0.126110928792274,0.784193548260847,0.215806451739153,"phase14-open-nb-incumbent-calibrated-v1","0e89c2948c77b348c5b6d3832cf6d4e7721ca7794f8f68f857d6ae82b9fe7d50","fc9a617e48969b5d524f9994bccb31de0cb028829b4c58a1999b77cf12c5a990","open_nb_incumbent","c65a4f90477e5b799e234d1a313ff333f6cce12cfc08de93e342d7718c252ff8","vector_w400_p0p010","be1392fd4b9fbfe747ea90c89a17413f72459d8ff708d6d80d1bf086973eb51e","2026-06-10","2026-10-06T18:44:59Z","elo_diff","xgf_ewma_diffmissing_or_zero_variance|xga_ewma_diffmissing_or_zero_variance|xgd_ewma_diffmissing_or_zero_variance|form_index_diff","08a2a8117e03a092ea391e3e8eff43c5e6bd5554cef767cd688dad40a506e71b"
"uefa_nations_league_2026_27","uefa_nations_league_2026_27-2047942","uefa_nations_league_2026_27-2047942","uefa_nations_league_2026_27-2047942__score",2,1,1,0.113921290045679,0.784193548260847,0.215806451739153,"phase14-open-nb-incumbent-calibrated-v1","0e89c2948c77b348c5b6d3832cf6d4e7721ca7794f8f68f857d6ae82b9fe7d50","fc9a617e48969b5d524f9994bccb31de0cb028829b4c58a1999b77cf12c5a990","open_nb_incumbent","c65a4f90477e5b799e234d1a313ff333f6cce12cfc08de93e342d7718c252ff8","vector_w400_p0p010","be1392fd4b9fbfe747ea90c89a17413f72459d8ff708d6d80d1bf086973eb51e","2026-06-10","2026-10-06T18:44:59Z","elo_diff","xgf_ewma_diffmissing_or_zero_variance|xga_ewma_diffmissing_or_zero_variance|xgd_ewma_diffmissing_or_zero_variance|form_index_diff","b15c2dbe97578ce96666409035e27d2764ba8a934f7c5be8cab7a5d6ef801af9"
"uefa_nations_league_2026_27","uefa_nations_league_2026_27-2047942","uefa_nations_league_2026_27-2047942","uefa_nations_league_2026_27-2047942__score",3,0,0,0.100825976314836,0.784193548260847,0.215806451739153,"phase14-open-nb-incumbent-calibrated-v1","0e89c2948c77b348c5b6d3832cf6d4e7721ca7794f8f68f857d6ae82b9fe7d50","fc9a617e48969b5d524f9994bccb31de0cb028829b4c58a1999b77cf12c5a990","open_nb_incumbent","c65a4f90477e5b799e234d1a313ff333f6cce12cfc08de93e342d7718c252ff8","vector_w400_p0p010","be1392fd4b9fbfe747ea90c89a17413f72459d8ff708d6d80d1bf086973eb51e","2026-06-10","2026-10-06T18:44:59Z","elo_diff","xgf_ewma_diffmissing_or_zero_variance|xga_ewma_diffmissing_or_zero_variance|xgd_ewma_diffmissing_or_zero_variance|form_index_diff","49e4b8ab8e9d8a9722a7f75c01828a13df11d984fecb20097b37001ac27d42d0"
"uefa_nations_league_2026_27","uefa_nations_league_2026_27-2047942","uefa_nations_league_2026_27-2047942","uefa_nations_league_2026_27-2047942__score",4,0,1,0.0910803322273599,0.784193548260847,0.215806451739153,"phase14-open-nb-incumbent-calibrated-v1","0e89c2948c77b348c5b6d3832cf6d4e7721ca7794f8f68f857d6ae82b9fe7d50","fc9a617e48969b5d524f9994bccb31de0cb028829b4c58a1999b77cf12c5a990","open_nb_incumbent","c65a4f90477e5b799e234d1a313ff333f6cce12cfc08de93e342d7718c252ff8","vector_w400_p0p010","be1392fd4b9fbfe747ea90c89a17413f72459d8ff708d6d80d1bf086973eb51e","2026-06-10","2026-10-06T18:44:59Z","elo_diff","xgf_ewma_diffmissing_or_zero_variance|xga_ewma_diffmissing_or_zero_variance|xgd_ewma_diffmissing_or_zero_variance|form_index_diff","80e0d8038fbe6410ab0bf258b8f8555f842c47b182fd3a6c48c23db65c36e888"
"uefa_nations_league_2026_27","uefa_nations_league_2026_27-2047942","uefa_nations_league_2026_27-2047942","uefa_nations_league_2026_27-2047942__score",5,2,0,0.0865000440392184,0.784193548260847,0.215806451739153,"phase14-open-nb-incumbent-calibrated-v1","0e89c2948c77b348c5b6d3832cf6d4e7721ca7794f8f68f857d6ae82b9fe7d50","fc9a617e48969b5d524f9994bccb31de0cb028829b4c58a1999b77cf12c5a990","open_nb_incumbent","c65a4f90477e5b799e234d1a313ff333f6cce12cfc08de93e342d7718c252ff8","vector_w400_p0p010","be1392fd4b9fbfe747ea90c89a17413f72459d8ff708d6d80d1bf086973eb51e","2026-06-10","2026-10-06T18:44:59Z","elo_diff","xgf_ewma_diffmissing_or_zero_variance|xga_ewma_diffmissing_or_zero_variance|xgd_ewma_diffmissing_or_zero_variance|form_index_diff","b4b8df8140dec1d745e04fa87c279d1622785851d87a41882f6abbe144e5b0d3"
"uefa_nations_league_2026_27","uefa_nations_league_2026_27-2047942","uefa_nations_league_2026_27-2047942","uefa_nations_league_2026_27-2047942__score",6,2,1,0.0781391168896026,0.784193548260847,0.215806451739153,"phase14-open-nb-incumbent-calibrated-v1","0e89c2948c77b348c5b6d3832cf6d4e7721ca7794f8f68f857d6ae82b9fe7d50","fc9a617e48969b5d524f9994bccb31de0cb028829b4c58a1999b77cf12c5a990","open_nb_incumbent","c65a4f90477e5b799e234d1a313ff333f6cce12cfc08de93e342d7718c252ff8","vector_w400_p0p010","be1392fd4b9fbfe747ea90c89a17413f72459d8ff708d6d80d1bf086973eb51e","2026-06-10","2026-10-06T18:44:59Z","elo_diff","xgf_ewma_diffmissing_or_zero_variance|xga_ewma_diffmissing_or_zero_variance|xgd_ewma_diffmissing_or_zero_variance|form_index_diff","8ad51856007f24499d0876d1f11f8c68f5d9dc9fd82e4df8c41e65ac859a603d"
"uefa_nations_league_2026_27","uefa_nations_league_2026_27-2047942","uefa_nations_league_2026_27-2047942","uefa_nations_league_2026_27-2047942__score",7,1,2,0.0581684667954331,0.784193548260847,0.215806451739153,"phase14-open-nb-incumbent-calibrated-v1","0e89c2948c77b348c5b6d3832cf6d4e7721ca7794f8f68f857d6ae82b9fe7d50","fc9a617e48969b5d524f9994bccb31de0cb028829b4c58a1999b77cf12c5a990","open_nb_incumbent","c65a4f90477e5b799e234d1a313ff333f6cce12cfc08de93e342d7718c252ff8","vector_w400_p0p010","be1392fd4b9fbfe747ea90c89a17413f72459d8ff708d6d80d1bf086973eb51e","2026-06-10","2026-10-06T18:44:59Z","elo_diff","xgf_ewma_diffmissing_or_zero_variance|xga_ewma_diffmissing_or_zero_variance|xgd_ewma_diffmissing_or_zero_variance|form_index_diff","100b9c73e78213b5615967cd379ae2db9c1159ce8c2614dc85921c03394c0ce9"
"uefa_nations_league_2026_27","uefa_nations_league_2026_27-2047942","uefa_nations_league_2026_27-2047942","uefa_nations_league_2026_27-2047942__score",8,0,2,0.0465058223863148,0.784193548260847,0.215806451739153,"phase14-open-nb-incumbent-calibrated-v1","0e89c2948c77b348c5b6d3832cf6d4e7721ca7794f8f68f857d6ae82b9fe7d50","fc9a617e48969b5d524f9994bccb31de0cb028829b4c58a1999b77cf12c5a990","open_nb_incumbent","c65a4f90477e5b799e234d1a313ff333f6cce12cfc08de93e342d7718c252ff8","vector_w400_p0p010","be1392fd4b9fbfe747ea90c89a17413f72459d8ff708d6d80d1bf086973eb51e","2026-06-10","2026-10-06T18:44:59Z","elo_diff","xgf_ewma_diffmissing_or_zero_variance|xga_ewma_diffmissing_or_zero_variance|xgd_ewma_diffmissing_or_zero_variance|form_index_diff","a7e66ddc906c44263ec79d18798b835891ea9eec8caac93aa0a095bf54f8778c"
"uefa_nations_league_2026_27","uefa_nations_league_2026_27-2047942","uefa_nations_league_2026_27-2047942","uefa_nations_league_2026_27-2047942__score",9,3,0,0.043043562027472,0.784193548260847,0.215806451739153,"phase14-open-nb-incumbent-calibrated-v1","0e89c2948c77b348c5b6d3832cf6d4e7721ca7794f8f68f857d6ae82b9fe7d50","fc9a617e48969b5d524f9994bccb31de0cb028829b4c58a1999b77cf12c5a990","open_nb_incumbent","c65a4f90477e5b799e234d1a313ff333f6cce12cfc08de93e342d7718c252ff8","vector_w400_p0p010","be1392fd4b9fbfe747ea90c89a17413f72459d8ff708d6d80d1bf086973eb51e","2026-06-10","2026-10-06T18:44:59Z","elo_diff","xgf_ewma_diffmissing_or_zero_variance|xga_ewma_diffmissing_or_zero_variance|xgd_ewma_diffmissing_or_zero_variance|form_index_diff","54b15be8cecad0fe56260ecad5a05629e415b9991029c47fc7646a4c38a02c2f"
"uefa_nations_league_2026_27","uefa_nations_league_2026_27-2047942","uefa_nations_league_2026_27-2047942","uefa_nations_league_2026_27-2047942__score",10,2,2,0.0398980087426574,0.784193548260847,0.215806451739153,"phase14-open-nb-incumbent-calibrated-v1","0e89c2948c77b348c5b6d3832cf6d4e7721ca7794f8f68f857d6ae82b9fe7d50","fc9a617e48969b5d524f9994bccb31de0cb028829b4c58a1999b77cf12c5a990","open_nb_incumbent","c65a4f90477e5b799e234d1a313ff333f6cce12cfc08de93e342d7718c252ff8","vector_w400_p0p010","be1392fd4b9fbfe747ea90c89a17413f72459d8ff708d6d80d1bf086973eb51e","2026-06-10","2026-10-06T18:44:59Z","elo_diff","xgf_ewma_diffmissing_or_zero_variance|xga_ewma_diffmissing_or_zero_variance|xgd_ewma_diffmissing_or_zero_variance|form_index_diff","b5c824c5ec7b7a3f75a371bafe36463d908c1b619241391c8984753657a6350d"
"uefa_nations_league_2026_27","uefa_nations_league_2026_27-2047943","uefa_nations_league_2026_27-2047943","uefa_nations_league_2026_27-2047943__score",1,1,0,0.118402047197688,0.78351218638269,0.21648781361731,"phase14-open-nb-incumbent-calibrated-v1","0e89c2948c77b348c5b6d3832cf6d4e7721ca7794f8f68f857d6ae82b9fe7d50","fc9a617e48969b5d524f9994bccb31de0cb028829b4c58a1999b77cf12c5a990","open_nb_incumbent","c65a4f90477e5b799e234d1a313ff333f6cce12cfc08de93e342d7718c252ff8","vector_w400_p0p010","be1392fd4b9fbfe747ea90c89a17413f72459d8ff708d6d80d1bf086973eb51e","2026-06-10","2026-10-06T18:44:59Z","elo_diff","xgf_ewma_diffmissing_or_zero_variance|xga_ewma_diffmissing_or_zero_variance|xgd_ewma_diffmissing_or_zero_variance|form_index_diff","8e2f9024d659d18b76f78fa76e52389ef7370a7478fe740469748702f6fe2940"
"uefa_nations_league_2026_27","uefa_nations_league_2026_27-2047943","uefa_nations_league_2026_27-2047943","uefa_nations_league_2026_27-2047943__score",2,1,1,0.116511471525356,0.78351218638269,0.21648781361731,"phase14-open-nb-incumbent-calibrated-v1","0e89c2948c77b348c5b6d3832cf6d4e7721ca7794f8f68f857d6ae82b9fe7d50","fc9a617e48969b5d524f9994bccb31de0cb028829b4c58a1999b77cf12c5a990","open_nb_incumbent","c65a4f90477e5b799e234d1a313ff333f6cce12cfc08de93e342d7718c252ff8","vector_w400_p0p010","be1392fd4b9fbfe747ea90c89a17413f72459d8ff708d6d80d1bf086973eb51e","2026-06-10","2026-10-06T18:44:59Z","elo_diff","xgf_ewma_diffmissing_or_zero_variance|xga_ewma_diffmissing_or_zero_variance|xgd_ewma_diffmissing_or_zero_variance|form_index_diff","7cf60f3847fd3727e88173db84150b9ce19c387c9731a2f3517527f6415d7eb1"
"uefa_nations_league_2026_27","uefa_nations_league_2026_27-2047943","uefa_nations_league_2026_27-2047943","uefa_nations_league_2026_27-2047943__score",3,0,0,0.102586354642184,0.78351218638269,0.21648781361731,"phase14-open-nb-incumbent-calibrated-v1","0e89c2948c77b348c5b6d3832cf6d4e7721ca7794f8f68f857d6ae82b9fe7d50","fc9a617e48969b5d524f9994bccb31de0cb028829b4c58a1999b77cf12c5a990","open_nb_incumbent","c65a4f90477e5b799e234d1a313ff333f6cce12cfc08de93e342d7718c252ff8","vector_w400_p0p010","be1392fd4b9fbfe747ea90c89a17413f72459d8ff708d6d80d1bf086973eb51e","2026-06-10","2026-10-06T18:44:59Z","elo_diff","xgf_ewma_diffmissing_or_zero_variance|xga_ewma_diffmissing_or_zero_variance|xgd_ewma_diffmissing_or_zero_variance|form_index_diff","93c5c18408a413304e534a6240b6dc1f9b2b87f7445a668f41a8969283136fc4"
"uefa_nations_league_2026_27","uefa_nations_league_2026_27-2047943","uefa_nations_league_2026_27-2047943","uefa_nations_league_2026_27-2047943__score",4,0,1,0.10094831483637,0.78351218638269,0.21648781361731,"phase14-open-nb-incumbent-calibrated-v1","0e89c2948c77b348c5b6d3832cf6d4e7721ca7794f8f68f857d6ae82b9fe7d50","fc9a617e48969b5d524f9994bccb31de0cb028829b4c58a1999b77cf12c5a990","open_nb_incumbent","c65a4f90477e5b799e234d1a313ff333f6cce12cfc08de93e342d7718c252ff8","vector_w400_p0p010","be1392fd4b9fbfe747ea90c89a17413f72459d8ff708d6d80d1bf086973eb51e","2026-06-10","2026-10-06T18:44:59Z","elo_diff","xgf_ewma_diffmissing_or_zero_variance|xga_ewma_diffmissing_or_zero_variance|xgd_ewma_diffmissing_or_zero_variance|form_index_diff","f8cd34880f779d11fb1564f51b8240380a7c250872fdd0e9a50b7b6c371d5b2f"
"uefa_nations_league_2026_27","uefa_nations_league_2026_27-2047943","uefa_nations_league_2026_27-2047943","uefa_nations_league_2026_27-2047943__score",5,2,0,0.0749397330158445,0.78351218638269,0.21648781361731,"phase14-open-nb-incumbent-calibrated-v1","0e89c2948c77b348c5b6d3832cf6d4e7721ca7794f8f68f857d6ae82b9fe7d50","fc9a617e48969b5d524f9994bccb31de0cb028829b4c58a1999b77cf12c5a990","open_nb_incumbent","c65a4f90477e5b799e234d1a313ff333f6cce12cfc08de93e342d7718c252ff8","vector_w400_p0p010","be1392fd4b9fbfe747ea90c89a17413f72459d8ff708d6d80d1bf086973eb51e","2026-06-10","2026-10-06T18:44:59Z","elo_diff","xgf_ewma_diffmissing_or_zero_variance|xga_ewma_diffmissing_or_zero_variance|xgd_ewma_diffmissing_or_zero_variance|form_index_diff","a8c109c7a91d12922384ba38c30bec572550c8a046e768306196363b7876a979"
"uefa_nations_league_2026_27","uefa_nations_league_2026_27-2047943","uefa_nations_league_2026_27-2047943","uefa_nations_league_2026_27-2047943__score",6,2,1,0.0737431385355627,0.78351218638269,0.21648781361731,"phase14-open-nb-incumbent-calibrated-v1","0e89c2948c77b348c5b6d3832cf6d4e7721ca7794f8f68f857d6ae82b9fe7d50","fc9a617e48969b5d524f9994bccb31de0cb028829b4c58a1999b77cf12c5a990","open_nb_incumbent","c65a4f90477e5b799e234d1a313ff333f6cce12cfc08de93e342d7718c252ff8","vector_w400_p0p010","be1392fd4b9fbfe747ea90c89a17413f72459d8ff708d6d80d1bf086973eb51e","2026-06-10","2026-10-06T18:44:59Z","elo_diff","xgf_ewma_diffmissing_or_zero_variance|xga_ewma_diffmissing_or_zero_variance|xgd_ewma_diffmissing_or_zero_variance|form_index_diff","0283f97dad809b44208182c5953ec504a6ae7cffb8f6be067f1dec7c33fa4013"
"uefa_nations_league_2026_27","uefa_nations_league_2026_27-2047943","uefa_nations_league_2026_27-2047943","uefa_nations_league_2026_27-2047943__score",7,1,2,0.064805029962616,0.78351218638269,0.21648781361731,"phase14-open-nb-incumbent-calibrated-v1","0e89c2948c77b348c5b6d3832cf6d4e7721ca7794f8f68f857d6ae82b9fe7d50","fc9a617e48969b5d524f9994bccb31de0cb028829b4c58a1999b77cf12c5a990","open_nb_incumbent","c65a4f90477e5b799e234d1a313ff333f6cce12cfc08de93e342d7718c252ff8","vector_w400_p0p010","be1392fd4b9fbfe747ea90c89a17413f72459d8ff708d6d80d1bf086973eb51e","2026-06-10","2026-10-06T18:44:59Z","elo_diff","xgf_ewma_diffmissing_or_zero_variance|xga_ewma_diffmissing_or_zero_variance|xgd_ewma_diffmissing_or_zero_variance|form_index_diff","00a7370b3c1306af4bf776df8407f1dd73c192474fedc77af89b082adfad4bd7"
"uefa_nations_league_2026_27","uefa_nations_league_2026_27-2047943","uefa_nations_league_2026_27-2047943","uefa_nations_league_2026_27-2047943__score",8,0,2,0.0561486219511255,0.78351218638269,0.21648781361731,"phase14-open-nb-incumbent-calibrated-v1","0e89c2948c77b348c5b6d3832cf6d4e7721ca7794f8f68f857d6ae82b9fe7d50","fc9a617e48969b5d524f9994bccb31de0cb028829b4c58a1999b77cf12c5a990","open_nb_incumbent","c65a4f90477e5b799e234d1a313ff333f6cce12cfc08de93e342d7718c252ff8","vector_w400_p0p010","be1392fd4b9fbfe747ea90c89a17413f72459d8ff708d6d80d1bf086973eb51e","2026-06-10","2026-10-06T18:44:59Z","elo_diff","xgf_ewma_diffmissing_or_zero_variance|xga_ewma_diffmissing_or_zero_variance|xgd_ewma_diffmissing_or_zero_variance|form_index_diff","11115f8211388b3cc0753fe8fa9716f31a5c30e0c2e96d4561a3d2afde0bb205"
"uefa_nations_league_2026_27","uefa_nations_league_2026_27-2047943","uefa_nations_league_2026_27-2047943","uefa_nations_league_2026_27-2047943__score",9,2,2,0.0410167877872391,0.78351218638269,0.21648781361731,"phase14-open-nb-incumbent-calibrated-v1","0e89c2948c77b348c5b6d3832cf6d4e7721ca7794f8f68f857d6ae82b9fe7d50","fc9a617e48969b5d524f9994bccb31de0cb028829b4c58a1999b77cf12c5a990","open_nb_incumbent","c65a4f90477e5b799e234d1a313ff333f6cce12cfc08de93e342d7718c252ff8","vector_w400_p0p010","be1392fd4b9fbfe747ea90c89a17413f72459d8ff708d6d80d1bf086973eb51e","2026-06-10","2026-10-06T18:44:59Z","elo_diff","xgf_ewma_diffmissing_or_zero_variance|xga_ewma_diffmissing_or_zero_variance|xgd_ewma_diffmissing_or_zero_variance|form_index_diff","0662ac334654a0253e3e60c386cf378c8f1aaf2dde1a66e3c87470a926e0e4c2"
"uefa_nations_league_2026_27","uefa_nations_league_2026_27-2047943","uefa_nations_league_2026_27-2047943","uefa_nations_league_2026_27-2047943__score",10,3,0,0.0344106869287041,0.78351218638269,0.21648781361731,"phase14-open-nb-incumbent-calibrated-v1","0e89c2948c77b348c5b6d3832cf6d4e7721ca7794f8f68f857d6ae82b9fe7d50","fc9a617e48969b5d524f9994bccb31de0cb028829b4c58a1999b77cf12c5a990","open_nb_incumbent","c65a4f90477e5b799e234d1a313ff333f6cce12cfc08de93e342d7718c252ff8","vector_w400_p0p010","be1392fd4b9fbfe747ea90c89a17413f72459d8ff708d6d80d1bf086973eb51e","2026-06-10","2026-10-06T18:44:59Z","elo_diff","xgf_ewma_diffmissing_or_zero_variance|xga_ewma_diffmissing_or_zero_variance|xgd_ewma_diffmissing_or_zero_variance|form_index_diff","93b5d2558e738acd186fad6855aeeafe9cfce90125fd630020ee78eecea57bb7"
"uefa_nations_league_2026_27","uefa_nations_league_2026_27-2047944","uefa_nations_league_2026_27-2047944","uefa_nations_league_2026_27-2047944__score",1,0,1,0.125256286972745,0.760598071617999,0.239401928382001,"phase14-open-nb-incumbent-calibrated-v1","0e89c2948c77b348c5b6d3832cf6d4e7721ca7794f8f68f857d6ae82b9fe7d50","fc9a617e48969b5d524f9994bccb31de0cb028829b4c58a1999b77cf12c5a990","open_nb_incumbent","c65a4f90477e5b799e234d1a313ff333f6cce12cfc08de93e342d7718c252ff8","vector_w400_p0p010","be1392fd4b9fbfe747ea90c89a17413f72459d8ff708d6d80d1bf086973eb51e","2026-06-10","2026-10-06T18:44:59Z","elo_diff","xgf_ewma_diffmissing_or_zero_variance|xga_ewma_diffmissing_or_zero_variance|xgd_ewma_diffmissing_or_zero_variance|form_index_diff","4aca09bc39f49e92bac7dd66e840398765e96fc7a09ad31ee11a596bd0b96ca6"
"uefa_nations_league_2026_27","uefa_nations_league_2026_27-2047944","uefa_nations_league_2026_27-2047944","uefa_nations_league_2026_27-2047944__score",2,0,2,0.122260142140638,0.760598071617999,0.239401928382001,"phase14-open-nb-incumbent-calibrated-v1","0e89c2948c77b348c5b6d3832cf6d4e7721ca7794f8f68f857d6ae82b9fe7d50","fc9a617e48969b5d524f9994bccb31de0cb028829b4c58a1999b77cf12c5a990","open_nb_incumbent","c65a4f90477e5b799e234d1a313ff333f6cce12cfc08de93e342d7718c252ff8","vector_w400_p0p010","be1392fd4b9fbfe747ea90c89a17413f72459d8ff708d6d80d1bf086973eb51e","2026-06-10","2026-10-06T18:44:59Z","elo_diff","xgf_ewma_diffmissing_or_zero_variance|xga_ewma_diffmissing_or_zero_variance|xgd_ewma_diffmissing_or_zero_variance|form_index_diff","009ccce014899c442cd4eda80f2db0aafb439732f839fd8e47b385957519f20d"
"uefa_nations_league_2026_27","uefa_nations_league_2026_27-2047944","uefa_nations_league_2026_27-2047944","uefa_nations_league_2026_27-2047944__score",3,0,3,0.0887392134401198,0.760598071617999,0.239401928382001,"phase14-open-nb-incumbent-calibrated-v1","0e89c2948c77b348c5b6d3832cf6d4e7721ca7794f8f68f857d6ae82b9fe7d50","fc9a617e48969b5d524f9994bccb31de0cb028829b4c58a1999b77cf12c5a990","open_nb_incumbent","c65a4f90477e5b799e234d1a313ff333f6cce12cfc08de93e342d7718c252ff8","vector_w400_p0p010","be1392fd4b9fbfe747ea90c89a17413f72459d8ff708d6d80d1bf086973eb51e","2026-06-10","2026-10-06T18:44:59Z","elo_diff","xgf_ewma_diffmissing_or_zero_variance|xga_ewma_diffmissing_or_zero_variance|xgd_ewma_diffmissing_or_zero_variance|form_index_diff","522020f1f3ff74231f268d2f75422cda3b6625a2f2e51a9f73c4b8ca892d2183"
"uefa_nations_league_2026_27","uefa_nations_league_2026_27-2047944","uefa_nations_league_2026_27-2047944","uefa_nations_league_2026_27-2047944__score",4,1,1,0.0809126309005623,0.760598071617999,0.239401928382001,"phase14-open-nb-incumbent-calibrated-v1","0e89c2948c77b348c5b6d3832cf6d4e7721ca7794f8f68f857d6ae82b9fe7d50","fc9a617e48969b5d524f9994bccb31de0cb028829b4c58a1999b77cf12c5a990","open_nb_incumbent","c65a4f90477e5b799e234d1a313ff333f6cce12cfc08de93e342d7718c252ff8","vector_w400_p0p010","be1392fd4b9fbfe747ea90c89a17413f72459d8ff708d6d80d1bf086973eb51e","2026-06-10","2026-10-06T18:44:59Z","elo_diff","xgf_ewma_diffmissing_or_zero_variance|xga_ewma_diffmissing_or_zero_variance|xgd_ewma_diffmissing_or_zero_variance|form_index_diff","8c165b5c340cf6a800b062097532e21d5eb123d098f238a68f552c6a3a68d37f"
"uefa_nations_league_2026_27","uefa_nations_league_2026_27-2047944","uefa_nations_league_2026_27-2047944","uefa_nations_league_2026_27-2047944__score",5,1,2,0.0789771914365327,0.760598071617999,0.239401928382001,"phase14-open-nb-incumbent-calibrated-v1","0e89c2948c77b348c5b6d3832cf6d4e7721ca7794f8f68f857d6ae82b9fe7d50","fc9a617e48969b5d524f9994bccb31de0cb028829b4c58a1999b77cf12c5a990","open_nb_incumbent","c65a4f90477e5b799e234d1a313ff333f6cce12cfc08de93e342d7718c252ff8","vector_w400_p0p010","be1392fd4b9fbfe747ea90c89a17413f72459d8ff708d6d80d1bf086973eb51e","2026-06-10","2026-10-06T18:44:59Z","elo_diff","xgf_ewma_diffmissing_or_zero_variance|xga_ewma_diffmissing_or_zero_variance|xgd_ewma_diffmissing_or_zero_variance|form_index_diff","563a8da52e143f4db4e6e43d20ec7528ea183ca768b920fc8ea8d0dc2c726497"
"uefa_nations_league_2026_27","uefa_nations_league_2026_27-2047944","uefa_nations_league_2026_27-2047944","uefa_nations_league_2026_27-2047944__score",6,0,0,0.0725345169668002,0.760598071617999,0.239401928382001,"phase14-open-nb-incumbent-calibrated-v1","0e89c2948c77b348c5b6d3832cf6d4e7721ca7794f8f68f857d6ae82b9fe7d50","fc9a617e48969b5d524f9994bccb31de0cb028829b4c58a1999b77cf12c5a990","open_nb_incumbent","c65a4f90477e5b799e234d1a313ff333f6cce12cfc08de93e342d7718c252ff8","vector_w400_p0p010","be1392fd4b9fbfe747ea90c89a17413f72459d8ff708d6d80d1bf086973eb51e","2026-06-10","2026-10-06T18:44:59Z","elo_diff","xgf_ewma_diffmissing_or_zero_variance|xga_ewma_diffmissing_or_zero_variance|xgd_ewma_diffmissing_or_zero_variance|form_index_diff","d42d851b6686d4c5556e78b66802736a67d5dfe360b794ad1c2280fef46dc7cf"
"uefa_nations_league_2026_27","uefa_nations_league_2026_27-2047944","uefa_nations_league_2026_27-2047944","uefa_nations_league_2026_27-2047944__score",7,1,3,0.0573234557483648,0.760598071617999,0.239401928382001,"phase14-open-nb-incumbent-calibrated-v1","0e89c2948c77b348c5b6d3832cf6d4e7721ca7794f8f68f857d6ae82b9fe7d50","fc9a617e48969b5d524f9994bccb31de0cb028829b4c58a1999b77cf12c5a990","open_nb_incumbent","c65a4f90477e5b799e234d1a313ff333f6cce12cfc08de93e342d7718c252ff8","vector_w400_p0p010","be1392fd4b9fbfe747ea90c89a17413f72459d8ff708d6d80d1bf086973eb51e","2026-06-10","2026-10-06T18:44:59Z","elo_diff","xgf_ewma_diffmissing_or_zero_variance|xga_ewma_diffmissing_or_zero_variance|xgd_ewma_diffmissing_or_zero_variance|form_index_diff","f92c1793a8639f3a4ac32d6190302bbd77262d4c92a1a4b9e96cb65049c71ee5"
"uefa_nations_league_2026_27","uefa_nations_league_2026_27-2047944","uefa_nations_league_2026_27-2047944","uefa_nations_league_2026_27-2047944__score",8,0,4,0.0533051519952986,0.760598071617999,0.239401928382001,"phase14-open-nb-incumbent-calibrated-v1","0e89c2948c77b348c5b6d3832cf6d4e7721ca7794f8f68f857d6ae82b9fe7d50","fc9a617e48969b5d524f9994bccb31de0cb028829b4c58a1999b77cf12c5a990","open_nb_incumbent","c65a4f90477e5b799e234d1a313ff333f6cce12cfc08de93e342d7718c252ff8","vector_w400_p0p010","be1392fd4b9fbfe747ea90c89a17413f72459d8ff708d6d80d1bf086973eb51e","2026-06-10","2026-10-06T18:44:59Z","elo_diff","xgf_ewma_diffmissing_or_zero_variance|xga_ewma_diffmissing_or_zero_variance|xgd_ewma_diffmissing_or_zero_variance|form_index_diff","4cef1c907897156c47b1ab1ea8c0270007f1a7248a0a738fff13b97680a5f916"
"uefa_nations_league_2026_27","uefa_nations_league_2026_27-2047944","uefa_nations_league_2026_27-2047944","uefa_nations_league_2026_27-2047944__score",9,1,0,0.046855600950093,0.760598071617999,0.239401928382001,"phase14-open-nb-incumbent-calibrated-v1","0e89c2948c77b348c5b6d3832cf6d4e7721ca7794f8f68f857d6ae82b9fe7d50","fc9a617e48969b5d524f9994bccb31de0cb028829b4c58a1999b77cf12c5a990","open_nb_incumbent","c65a4f90477e5b799e234d1a313ff333f6cce12cfc08de93e342d7718c252ff8","vector_w400_p0p010","be1392fd4b9fbfe747ea90c89a17413f72459d8ff708d6d80d1bf086973eb51e","2026-06-10","2026-10-06T18:44:59Z","elo_diff","xgf_ewma_diffmissing_or_zero_variance|xga_ewma_diffmissing_or_zero_variance|xgd_ewma_diffmissing_or_zero_variance|form_index_diff","90639d5c55c4ba3c4f3dae45dcad7c4ede23340270b049b6185494a48941ca1a"
"uefa_nations_league_2026_27","uefa_nations_league_2026_27-2047944","uefa_nations_league_2026_27-2047944","uefa_nations_league_2026_27-2047944__score",10,1,4,0.0344338810668439,0.760598071617999,0.239401928382001,"phase14-open-nb-incumbent-calibrated-v1","0e89c2948c77b348c5b6d3832cf6d4e7721ca7794f8f68f857d6ae82b9fe7d50","fc9a617e48969b5d524f9994bccb31de0cb028829b4c58a1999b77cf12c5a990","open_nb_incumbent","c65a4f90477e5b799e234d1a313ff333f6cce12cfc08de93e342d7718c252ff8","vector_w400_p0p010","be1392fd4b9fbfe747ea90c89a17413f72459d8ff708d6d80d1bf086973eb51e","2026-06-10","2026-10-06T18:44:59Z","elo_diff","xgf_ewma_diffmissing_or_zero_variance|xga_ewma_diffmissing_or_zero_variance|xgd_ewma_diffmissing_or_zero_variance|form_index_diff","58f50fd37dbdced62bce5f63bccee4be3fc3707d46309c29fc0fc30cfb196e34"
"uefa_nations_league_2026_27","uefa_nations_league_2026_27-2047945","uefa_nations_league_2026_27-2047945","uefa_nations_league_2026_27-2047945__score",1,0,1,0.120638909706263,0.77791547042095,0.222084529579051,"phase14-open-nb-incumbent-calibrated-v1","0e89c2948c77b348c5b6d3832cf6d4e7721ca7794f8f68f857d6ae82b9fe7d50","fc9a617e48969b5d524f9994bccb31de0cb028829b4c58a1999b77cf12c5a990","open_nb_incumbent","c65a4f90477e5b799e234d1a313ff333f6cce12cfc08de93e342d7718c252ff8","vector_w400_p0p010","be1392fd4b9fbfe747ea90c89a17413f72459d8ff708d6d80d1bf086973eb51e","2026-06-10","2026-10-06T18:44:59Z","elo_diff","xgf_ewma_diffmissing_or_zero_variance|xga_ewma_diffmissing_or_zero_variance|xgd_ewma_diffmissing_or_zero_variance|form_index_diff","9c7218dbaf6004804189d32b0700febe85efeb985ebf05e298b966f870edbf63"
"uefa_nations_league_2026_27","uefa_nations_league_2026_27-2047945","uefa_nations_league_2026_27-2047945","uefa_nations_league_2026_27-2047945__score",2,1,1,0.11372687477501,0.77791547042095,0.222084529579051,"phase14-open-nb-incumbent-calibrated-v1","0e89c2948c77b348c5b6d3832cf6d4e7721ca7794f8f68f857d6ae82b9fe7d50","fc9a617e48969b5d524f9994bccb31de0cb028829b4c58a1999b77cf12c5a990","open_nb_incumbent","c65a4f90477e5b799e234d1a313ff333f6cce12cfc08de93e342d7718c252ff8","vector_w400_p0p010","be1392fd4b9fbfe747ea90c89a17413f72459d8ff708d6d80d1bf086973eb51e","2026-06-10","2026-10-06T18:44:59Z","elo_diff","xgf_ewma_diffmissing_or_zero_variance|xga_ewma_diffmissing_or_zero_variance|xgd_ewma_diffmissing_or_zero_variance|form_index_diff","6111e2327e8f951a4670ce5bfb643bba811c8dbf6dfbeafcb3b4b177d5502175"
"uefa_nations_league_2026_27","uefa_nations_league_2026_27-2047945","uefa_nations_league_2026_27-2047945","uefa_nations_league_2026_27-2047945__score",3,0,0,0.0996708538376147,0.77791547042095,0.222084529579051,"phase14-open-nb-incumbent-calibrated-v1","0e89c2948c77b348c5b6d3832cf6d4e7721ca7794f8f68f857d6ae82b9fe7d50","fc9a617e48969b5d524f9994bccb31de0cb028829b4c58a1999b77cf12c5a990","open_nb_incumbent","c65a4f90477e5b799e234d1a313ff333f6cce12cfc08de93e342d7718c252ff8","vector_w400_p0p010","be1392fd4b9fbfe747ea90c89a17413f72459d8ff708d6d80d1bf086973eb51e","2026-06-10","2026-10-06T18:44:59Z","elo_diff","xgf_ewma_diffmissing_or_zero_variance|xga_ewma_diffmissing_or_zero_variance|xgd_ewma_diffmissing_or_zero_variance|form_index_diff","2b97916972cf58f1db9455107273464c1c24dec6d52002f68e9409670d38a855"
"uefa_nations_league_2026_27","uefa_nations_league_2026_27-2047945","uefa_nations_league_2026_27-2047945","uefa_nations_league_2026_27-2047945__score",4,1,0,0.0939601886382117,0.77791547042095,0.222084529579051,"phase14-open-nb-incumbent-calibrated-v1","0e89c2948c77b348c5b6d3832cf6d4e7721ca7794f8f68f857d6ae82b9fe7d50","fc9a617e48969b5d524f9994bccb31de0cb028829b4c58a1999b77cf12c5a990","open_nb_incumbent","c65a4f90477e5b799e234d1a313ff333f6cce12cfc08de93e342d7718c252ff8","vector_w400_p0p010","be1392fd4b9fbfe747ea90c89a17413f72459d8ff708d6d80d1bf086973eb51e","2026-06-10","2026-10-06T18:44:59Z","elo_diff","xgf_ewma_diffmissing_or_zero_variance|xga_ewma_diffmissing_or_zero_variance|xgd_ewma_diffmissing_or_zero_variance|form_index_diff","6766d16abb426964c424950c07bd1b4568a66bd0a87da7d757ba92ae2958f46e"
"uefa_nations_league_2026_27","uefa_nations_league_2026_27-2047945","uefa_nations_league_2026_27-2047945","uefa_nations_league_2026_27-2047945__score",5,0,2,0.0825348147554499,0.77791547042095,0.222084529579051,"phase14-open-nb-incumbent-calibrated-v1","0e89c2948c77b348c5b6d3832cf6d4e7721ca7794f8f68f857d6ae82b9fe7d50","fc9a617e48969b5d524f9994bccb31de0cb028829b4c58a1999b77cf12c5a990","open_nb_incumbent","c65a4f90477e5b799e234d1a313ff333f6cce12cfc08de93e342d7718c252ff8","vector_w400_p0p010","be1392fd4b9fbfe747ea90c89a17413f72459d8ff708d6d80d1bf086973eb51e","2026-06-10","2026-10-06T18:44:59Z","elo_diff","xgf_ewma_diffmissing_or_zero_variance|xga_ewma_diffmissing_or_zero_variance|xgd_ewma_diffmissing_or_zero_variance|form_index_diff","cd02c69e39f077f9a88a84a3233ef58bfa8414e8fb97389f8c862b2f0860cf23"
"uefa_nations_league_2026_27","uefa_nations_league_2026_27-2047945","uefa_nations_league_2026_27-2047945","uefa_nations_league_2026_27-2047945__score",6,1,2,0.0778059629776673,0.77791547042095,0.222084529579051,"phase14-open-nb-incumbent-calibrated-v1","0e89c2948c77b348c5b6d3832cf6d4e7721ca7794f8f68f857d6ae82b9fe7d50","fc9a617e48969b5d524f9994bccb31de0cb028829b4c58a1999b77cf12c5a990","open_nb_incumbent","c65a4f90477e5b799e234d1a313ff333f6cce12cfc08de93e342d7718c252ff8","vector_w400_p0p010","be1392fd4b9fbfe747ea90c89a17413f72459d8ff708d6d80d1bf086973eb51e","2026-06-10","2026-10-06T18:44:59Z","elo_diff","xgf_ewma_diffmissing_or_zero_variance|xga_ewma_diffmissing_or_zero_variance|xgd_ewma_diffmissing_or_zero_variance|form_index_diff","d31b8b8dcc67a9d9b7a2fcda9dcdd472469c2e4522aabbc8e794d6482cbc432d"
"uefa_nations_league_2026_27","uefa_nations_league_2026_27-2047945","uefa_nations_league_2026_27-2047945","uefa_nations_league_2026_27-2047945__score",7,2,1,0.0587925263305772,0.77791547042095,0.222084529579051,"phase14-open-nb-incumbent-calibrated-v1","0e89c2948c77b348c5b6d3832cf6d4e7721ca7794f8f68f857d6ae82b9fe7d50","fc9a617e48969b5d524f9994bccb31de0cb028829b4c58a1999b77cf12c5a990","open_nb_incumbent","c65a4f90477e5b799e234d1a313ff333f6cce12cfc08de93e342d7718c252ff8","vector_w400_p0p010","be1392fd4b9fbfe747ea90c89a17413f72459d8ff708d6d80d1bf086973eb51e","2026-06-10","2026-10-06T18:44:59Z","elo_diff","xgf_ewma_diffmissing_or_zero_variance|xga_ewma_diffmissing_or_zero_variance|xgd_ewma_diffmissing_or_zero_variance|form_index_diff","6d49b7e4cac188fef38606431c9d95f7f24b20158724b1c763cb76c469a89214"
"uefa_nations_league_2026_27","uefa_nations_league_2026_27-2047945","uefa_nations_league_2026_27-2047945","uefa_nations_league_2026_27-2047945__score",8,2,0,0.0485738913996073,0.77791547042095,0.222084529579051,"phase14-open-nb-incumbent-calibrated-v1","0e89c2948c77b348c5b6d3832cf6d4e7721ca7794f8f68f857d6ae82b9fe7d50","fc9a617e48969b5d524f9994bccb31de0cb028829b4c58a1999b77cf12c5a990","open_nb_incumbent","c65a4f90477e5b799e234d1a313ff333f6cce12cfc08de93e342d7718c252ff8","vector_w400_p0p010","be1392fd4b9fbfe747ea90c89a17413f72459d8ff708d6d80d1bf086973eb51e","2026-06-10","2026-10-06T18:44:59Z","elo_diff","xgf_ewma_diffmissing_or_zero_variance|xga_ewma_diffmissing_or_zero_variance|xgd_ewma_diffmissing_or_zero_variance|form_index_diff","0924a3e49ce3fa1d61db147befd277d4b37d570c867b532b6befb14e9fb53ba1"
"uefa_nations_league_2026_27","uefa_nations_league_2026_27-2047945","uefa_nations_league_2026_27-2047945","uefa_nations_league_2026_27-2047945__score",9,0,3,0.041988685033658,0.77791547042095,0.222084529579051,"phase14-open-nb-incumbent-calibrated-v1","0e89c2948c77b348c5b6d3832cf6d4e7721ca7794f8f68f857d6ae82b9fe7d50","fc9a617e48969b5d524f9994bccb31de0cb028829b4c58a1999b77cf12c5a990","open_nb_incumbent","c65a4f90477e5b799e234d1a313ff333f6cce12cfc08de93e342d7718c252ff8","vector_w400_p0p010","be1392fd4b9fbfe747ea90c89a17413f72459d8ff708d6d80d1bf086973eb51e","2026-06-10","2026-10-06T18:44:59Z","elo_diff","xgf_ewma_diffmissing_or_zero_variance|xga_ewma_diffmissing_or_zero_variance|xgd_ewma_diffmissing_or_zero_variance|form_index_diff","a3895b7227b869abbf60742b5973b32628bf672aa9bf438f989229c95e567a3c"
"uefa_nations_league_2026_27","uefa_nations_league_2026_27-2047945","uefa_nations_league_2026_27-2047945","uefa_nations_league_2026_27-2047945__score",10,2,2,0.0402227629668902,0.77791547042095,0.222084529579051,"phase14-open-nb-incumbent-calibrated-v1","0e89c2948c77b348c5b6d3832cf6d4e7721ca7794f8f68f857d6ae82b9fe7d50","fc9a617e48969b5d524f9994bccb31de0cb028829b4c58a1999b77cf12c5a990","open_nb_incumbent","c65a4f90477e5b799e234d1a313ff333f6cce12cfc08de93e342d7718c252ff8","vector_w400_p0p010","be1392fd4b9fbfe747ea90c89a17413f72459d8ff708d6d80d1bf086973eb51e","2026-06-10","2026-10-06T18:44:59Z","elo_diff","xgf_ewma_diffmissing_or_zero_variance|xga_ewma_diffmissing_or_zero_variance|xgd_ewma_diffmissing_or_zero_variance|form_index_diff","36021ace81b674e5c30c297181d24d5a7339814530f285a7c59cdbb7a31198de"
"uefa_nations_league_2026_27","uefa_nations_league_2026_27-2047946","uefa_nations_league_2026_27-2047946","uefa_nations_league_2026_27-2047946__score",1,0,1,0.124891345533967,0.775946283224836,0.224053716775164,"phase14-open-nb-incumbent-calibrated-v1","0e89c2948c77b348c5b6d3832cf6d4e7721ca7794f8f68f857d6ae82b9fe7d50","fc9a617e48969b5d524f9994bccb31de0cb028829b4c58a1999b77cf12c5a990","open_nb_incumbent","c65a4f90477e5b799e234d1a313ff333f6cce12cfc08de93e342d7718c252ff8","vector_w400_p0p010","be1392fd4b9fbfe747ea90c89a17413f72459d8ff708d6d80d1bf086973eb51e","2026-06-10","2026-10-06T18:44:59Z","elo_diff","xgf_ewma_diffmissing_or_zero_variance|xga_ewma_diffmissing_or_zero_variance|xgd_ewma_diffmissing_or_zero_variance|form_index_diff","a6266f0f9635560ce44a0efda81f4ed62c039290fda017f76d058eb080ceb3e5"
"uefa_nations_league_2026_27","uefa_nations_league_2026_27-2047946","uefa_nations_league_2026_27-2047946","uefa_nations_league_2026_27-2047946__score",2,1,1,0.110025737366598,0.775946283224836,0.224053716775164,"phase14-open-nb-incumbent-calibrated-v1","0e89c2948c77b348c5b6d3832cf6d4e7721ca7794f8f68f857d6ae82b9fe7d50","fc9a617e48969b5d524f9994bccb31de0cb028829b4c58a1999b77cf12c5a990","open_nb_incumbent","c65a4f90477e5b799e234d1a313ff333f6cce12cfc08de93e342d7718c252ff8","vector_w400_p0p010","be1392fd4b9fbfe747ea90c89a17413f72459d8ff708d6d80d1bf086973eb51e","2026-06-10","2026-10-06T18:44:59Z","elo_diff","xgf_ewma_diffmissing_or_zero_variance|xga_ewma_diffmissing_or_zero_variance|xgd_ewma_diffmissing_or_zero_variance|form_index_diff","2ba862c4ab43002e1bb7a54471a0ef1d3943ad7fe41eb572d7da2913d4657b30"
"uefa_nations_league_2026_27","uefa_nations_league_2026_27-2047946","uefa_nations_league_2026_27-2047946","uefa_nations_league_2026_27-2047946__score",3,0,0,0.0965303878747323,0.775946283224836,0.224053716775164,"phase14-open-nb-incumbent-calibrated-v1","0e89c2948c77b348c5b6d3832cf6d4e7721ca7794f8f68f857d6ae82b9fe7d50","fc9a617e48969b5d524f9994bccb31de0cb028829b4c58a1999b77cf12c5a990","open_nb_incumbent","c65a4f90477e5b799e234d1a313ff333f6cce12cfc08de93e342d7718c252ff8","vector_w400_p0p010","be1392fd4b9fbfe747ea90c89a17413f72459d8ff708d6d80d1bf086973eb51e","2026-06-10","2026-10-06T18:44:59Z","elo_diff","xgf_ewma_diffmissing_or_zero_variance|xga_ewma_diffmissing_or_zero_variance|xgd_ewma_diffmissing_or_zero_variance|form_index_diff","fc286f0a114bf9676049a0b232153e3dcbfa4328438a898848e425578e02f6ca"
"uefa_nations_league_2026_27","uefa_nations_league_2026_27-2047946","uefa_nations_league_2026_27-2047946","uefa_nations_league_2026_27-2047946__score",4,0,2,0.0913337291785124,0.775946283224836,0.224053716775164,"phase14-open-nb-incumbent-calibrated-v1","0e89c2948c77b348c5b6d3832cf6d4e7721ca7794f8f68f857d6ae82b9fe7d50","fc9a617e48969b5d524f9994bccb31de0cb028829b4c58a1999b77cf12c5a990","open_nb_incumbent","c65a4f90477e5b799e234d1a313ff333f6cce12cfc08de93e342d7718c252ff8","vector_w400_p0p010","be1392fd4b9fbfe747ea90c89a17413f72459d8ff708d6d80d1bf086973eb51e","2026-06-10","2026-10-06T18:44:59Z","elo_diff","xgf_ewma_diffmissing_or_zero_variance|xga_ewma_diffmissing_or_zero_variance|xgd_ewma_diffmissing_or_zero_variance|form_index_diff","5ecbecc28e715abda6eaeda0223e6e2742dcb1ba3a503c43dd6b8cb4fa10d040"
"uefa_nations_league_2026_27","uefa_nations_league_2026_27-2047946","uefa_nations_league_2026_27-2047946","uefa_nations_league_2026_27-2047946__score",5,1,0,0.0850405371068133,0.775946283224836,0.224053716775164,"phase14-open-nb-incumbent-calibrated-v1","0e89c2948c77b348c5b6d3832cf6d4e7721ca7794f8f68f857d6ae82b9fe7d50","fc9a617e48969b5d524f9994bccb31de0cb028829b4c58a1999b77cf12c5a990","open_nb_incumbent","c65a4f90477e5b799e234d1a313ff333f6cce12cfc08de93e342d7718c252ff8","vector_w400_p0p010","be1392fd4b9fbfe747ea90c89a17413f72459d8ff708d6d80d1bf086973eb51e","2026-06-10","2026-10-06T18:44:59Z","elo_diff","xgf_ewma_diffmissing_or_zero_variance|xga_ewma_diffmissing_or_zero_variance|xgd_ewma_diffmissing_or_zero_variance|form_index_diff","d9d441c5cf2141115bf62ba7c5bd4d071b924235de10af7cbafdca03a7018617"
"uefa_nations_league_2026_27","uefa_nations_league_2026_27-2047946","uefa_nations_league_2026_27-2047946","uefa_nations_league_2026_27-2047946__score",6,1,2,0.0804624280116668,0.775946283224836,0.224053716775164,"phase14-open-nb-incumbent-calibrated-v1","0e89c2948c77b348c5b6d3832cf6d4e7721ca7794f8f68f857d6ae82b9fe7d50","fc9a617e48969b5d524f9994bccb31de0cb028829b4c58a1999b77cf12c5a990","open_nb_incumbent","c65a4f90477e5b799e234d1a313ff333f6cce12cfc08de93e342d7718c252ff8","vector_w400_p0p010","be1392fd4b9fbfe747ea90c89a17413f72459d8ff708d6d80d1bf086973eb51e","2026-06-10","2026-10-06T18:44:59Z","elo_diff","xgf_ewma_diffmissing_or_zero_variance|xga_ewma_diffmissing_or_zero_variance|xgd_ewma_diffmissing_or_zero_variance|form_index_diff","e0b3385b757c145101153c8961d20aae9f97cab81c507cea18a1a3e25b158943"
"uefa_nations_league_2026_27","uefa_nations_league_2026_27-2047946","uefa_nations_league_2026_27-2047946","uefa_nations_league_2026_27-2047946__score",7,2,1,0.0531544400117071,0.775946283224836,0.224053716775164,"phase14-open-nb-incumbent-calibrated-v1","0e89c2948c77b348c5b6d3832cf6d4e7721ca7794f8f68f857d6ae82b9fe7d50","fc9a617e48969b5d524f9994bccb31de0cb028829b4c58a1999b77cf12c5a990","open_nb_incumbent","c65a4f90477e5b799e234d1a313ff333f6cce12cfc08de93e342d7718c252ff8","vector_w400_p0p010","be1392fd4b9fbfe747ea90c89a17413f72459d8ff708d6d80d1bf086973eb51e","2026-06-10","2026-10-06T18:44:59Z","elo_diff","xgf_ewma_diffmissing_or_zero_variance|xga_ewma_diffmissing_or_zero_variance|xgd_ewma_diffmissing_or_zero_variance|form_index_diff","6d86e227f842669b84fa4a9ae4adfeaa27757a23a3d4706bcdd3b596a08ab2ba"
"uefa_nations_league_2026_27","uefa_nations_league_2026_27-2047946","uefa_nations_league_2026_27-2047946","uefa_nations_league_2026_27-2047946__score",8,0,3,0.0496678489788824,0.775946283224836,0.224053716775164,"phase14-open-nb-incumbent-calibrated-v1","0e89c2948c77b348c5b6d3832cf6d4e7721ca7794f8f68f857d6ae82b9fe7d50","fc9a617e48969b5d524f9994bccb31de0cb028829b4c58a1999b77cf12c5a990","open_nb_incumbent","c65a4f90477e5b799e234d1a313ff333f6cce12cfc08de93e342d7718c252ff8","vector_w400_p0p010","be1392fd4b9fbfe747ea90c89a17413f72459d8ff708d6d80d1bf086973eb51e","2026-06-10","2026-10-06T18:44:59Z","elo_diff","xgf_ewma_diffmissing_or_zero_variance|xga_ewma_diffmissing_or_zero_variance|xgd_ewma_diffmissing_or_zero_variance|form_index_diff","82391d9340cc5bc05837622b2ce60a742b003ec2aa269789c44668f6343e81b7"
"uefa_nations_league_2026_27","uefa_nations_league_2026_27-2047946","uefa_nations_league_2026_27-2047946","uefa_nations_league_2026_27-2047946__score",9,1,3,0.0437559679091465,0.775946283224836,0.224053716775164,"phase14-open-nb-incumbent-calibrated-v1","0e89c2948c77b348c5b6d3832cf6d4e7721ca7794f8f68f857d6ae82b9fe7d50","fc9a617e48969b5d524f9994bccb31de0cb028829b4c58a1999b77cf12c5a990","open_nb_incumbent","c65a4f90477e5b799e234d1a313ff333f6cce12cfc08de93e342d7718c252ff8","vector_w400_p0p010","be1392fd4b9fbfe747ea90c89a17413f72459d8ff708d6d80d1bf086973eb51e","2026-06-10","2026-10-06T18:44:59Z","elo_diff","xgf_ewma_diffmissing_or_zero_variance|xga_ewma_diffmissing_or_zero_variance|xgd_ewma_diffmissing_or_zero_variance|form_index_diff","8960b339984d4ce2d2c4737beeedf6799df1d13d1a2887a0351da6d506d4cac9"
"uefa_nations_league_2026_27","uefa_nations_league_2026_27-2047946","uefa_nations_league_2026_27-2047946","uefa_nations_league_2026_27-2047946__score",10,2,0,0.0410838612528103,0.775946283224836,0.224053716775164,"phase14-open-nb-incumbent-calibrated-v1","0e89c2948c77b348c5b6d3832cf6d4e7721ca7794f8f68f857d6ae82b9fe7d50","fc9a617e48969b5d524f9994bccb31de0cb028829b4c58a1999b77cf12c5a990","open_nb_incumbent","c65a4f90477e5b799e234d1a313ff333f6cce12cfc08de93e342d7718c252ff8","vector_w400_p0p010","be1392fd4b9fbfe747ea90c89a17413f72459d8ff708d6d80d1bf086973eb51e","2026-06-10","2026-10-06T18:44:59Z","elo_diff","xgf_ewma_diffmissing_or_zero_variance|xga_ewma_diffmissing_or_zero_variance|xgd_ewma_diffmissing_or_zero_variance|form_index_diff","1435d93bd8b1ad29eaff3f6ba16b2b1d82ebd73007417687c9ed36a089954910"
"uefa_nations_league_2026_27","uefa_nations_league_2026_27-2047947","uefa_nations_league_2026_27-2047947","uefa_nations_league_2026_27-2047947__score",1,2,0,0.136522704497031,0.777573505716026,0.222426494283974,"phase14-open-nb-incumbent-calibrated-v1","0e89c2948c77b348c5b6d3832cf6d4e7721ca7794f8f68f857d6ae82b9fe7d50","fc9a617e48969b5d524f9994bccb31de0cb028829b4c58a1999b77cf12c5a990","open_nb_incumbent","c65a4f90477e5b799e234d1a313ff333f6cce12cfc08de93e342d7718c252ff8","vector_w400_p0p010","be1392fd4b9fbfe747ea90c89a17413f72459d8ff708d6d80d1bf086973eb51e","2026-06-10","2026-10-06T18:44:59Z","elo_diff","xgf_ewma_diffmissing_or_zero_variance|xga_ewma_diffmissing_or_zero_variance|xgd_ewma_diffmissing_or_zero_variance|form_index_diff","e0f1161b10705ea0ed1fe31d1e4e83259fc8fc2e7b786a1e7d3a00c5be790f8c"
"uefa_nations_league_2026_27","uefa_nations_league_2026_27-2047947","uefa_nations_league_2026_27-2047947","uefa_nations_league_2026_27-2047947__score",2,1,0,0.128708561351584,0.777573505716026,0.222426494283974,"phase14-open-nb-incumbent-calibrated-v1","0e89c2948c77b348c5b6d3832cf6d4e7721ca7794f8f68f857d6ae82b9fe7d50","fc9a617e48969b5d524f9994bccb31de0cb028829b4c58a1999b77cf12c5a990","open_nb_incumbent","c65a4f90477e5b799e234d1a313ff333f6cce12cfc08de93e342d7718c252ff8","vector_w400_p0p010","be1392fd4b9fbfe747ea90c89a17413f72459d8ff708d6d80d1bf086973eb51e","2026-06-10","2026-10-06T18:44:59Z","elo_diff","xgf_ewma_diffmissing_or_zero_variance|xga_ewma_diffmissing_or_zero_variance|xgd_ewma_diffmissing_or_zero_variance|form_index_diff","a5db01ec2dee87b14b9736528086d176bea9c420ffde1c671fd6b5f16df0d163"
"uefa_nations_league_2026_27","uefa_nations_league_2026_27-2047947","uefa_nations_league_2026_27-2047947","uefa_nations_league_2026_27-2047947__score",3,3,0,0.10505835609398,0.777573505716026,0.222426494283974,"phase14-open-nb-incumbent-calibrated-v1","0e89c2948c77b348c5b6d3832cf6d4e7721ca7794f8f68f857d6ae82b9fe7d50","fc9a617e48969b5d524f9994bccb31de0cb028829b4c58a1999b77cf12c5a990","open_nb_incumbent","c65a4f90477e5b799e234d1a313ff333f6cce12cfc08de93e342d7718c252ff8","vector_w400_p0p010","be1392fd4b9fbfe747ea90c89a17413f72459d8ff708d6d80d1bf086973eb51e","2026-06-10","2026-10-06T18:44:59Z","elo_diff","xgf_ewma_diffmissing_or_zero_variance|xga_ewma_diffmissing_or_zero_variance|xgd_ewma_diffmissing_or_zero_variance|form_index_diff","edb961cae312cafc2a325e8880b7e338283cb6b9f931159e45eba14ad6a35256"
"uefa_nations_league_2026_27","uefa_nations_league_2026_27-2047947","uefa_nations_league_2026_27-2047947","uefa_nations_league_2026_27-2047947__score",4,2,1,0.0747838082641567,0.777573505716026,0.222426494283974,"phase14-open-nb-incumbent-calibrated-v1","0e89c2948c77b348c5b6d3832cf6d4e7721ca7794f8f68f857d6ae82b9fe7d50","fc9a617e48969b5d524f9994bccb31de0cb028829b4c58a1999b77cf12c5a990","open_nb_incumbent","c65a4f90477e5b799e234d1a313ff333f6cce12cfc08de93e342d7718c252ff8","vector_w400_p0p010","be1392fd4b9fbfe747ea90c89a17413f72459d8ff708d6d80d1bf086973eb51e","2026-06-10","2026-10-06T18:44:59Z","elo_diff","xgf_ewma_diffmissing_or_zero_variance|xga_ewma_diffmissing_or_zero_variance|xgd_ewma_diffmissing_or_zero_variance|form_index_diff","e626b0ab597506d4f2be8f4b4eb1643c2fcc277388031c63293ce73587ead0b6"
"uefa_nations_league_2026_27","uefa_nations_league_2026_27-2047947","uefa_nations_league_2026_27-2047947","uefa_nations_league_2026_27-2047947__score",5,1,1,0.0705034112057283,0.777573505716026,0.222426494283974,"phase14-open-nb-incumbent-calibrated-v1","0e89c2948c77b348c5b6d3832cf6d4e7721ca7794f8f68f857d6ae82b9fe7d50","fc9a617e48969b5d524f9994bccb31de0cb028829b4c58a1999b77cf12c5a990","open_nb_incumbent","c65a4f90477e5b799e234d1a313ff333f6cce12cfc08de93e342d7718c252ff8","vector_w400_p0p010","be1392fd4b9fbfe747ea90c89a17413f72459d8ff708d6d80d1bf086973eb51e","2026-06-10","2026-10-06T18:44:59Z","elo_diff","xgf_ewma_diffmissing_or_zero_variance|xga_ewma_diffmissing_or_zero_variance|xgd_ewma_diffmissing_or_zero_variance|form_index_diff","9f3b25cfb471d7cdc94133141558779c64f9b0cd7ca09638e4299f2861042df3"
"uefa_nations_league_2026_27","uefa_nations_league_2026_27-2047947","uefa_nations_league_2026_27-2047947","uefa_nations_league_2026_27-2047947__score",6,0,0,0.0665416100812054,0.777573505716026,0.222426494283974,"phase14-open-nb-incumbent-calibrated-v1","0e89c2948c77b348c5b6d3832cf6d4e7721ca7794f8f68f857d6ae82b9fe7d50","fc9a617e48969b5d524f9994bccb31de0cb028829b4c58a1999b77cf12c5a990","open_nb_incumbent","c65a4f90477e5b799e234d1a313ff333f6cce12cfc08de93e342d7718c252ff8","vector_w400_p0p010","be1392fd4b9fbfe747ea90c89a17413f72459d8ff708d6d80d1bf086973eb51e","2026-06-10","2026-10-06T18:44:59Z","elo_diff","xgf_ewma_diffmissing_or_zero_variance|xga_ewma_diffmissing_or_zero_variance|xgd_ewma_diffmissing_or_zero_variance|form_index_diff","11c8ec43307fd2b315a16e6909d74129ec0c7a8079ffcb0cafeced45915d0800"
"uefa_nations_league_2026_27","uefa_nations_league_2026_27-2047947","uefa_nations_league_2026_27-2047947","uefa_nations_league_2026_27-2047947__score",7,4,0,0.0655500555116405,0.777573505716026,0.222426494283974,"phase14-open-nb-incumbent-calibrated-v1","0e89c2948c77b348c5b6d3832cf6d4e7721ca7794f8f68f857d6ae82b9fe7d50","fc9a617e48969b5d524f9994bccb31de0cb028829b4c58a1999b77cf12c5a990","open_nb_incumbent","c65a4f90477e5b799e234d1a313ff333f6cce12cfc08de93e342d7718c252ff8","vector_w400_p0p010","be1392fd4b9fbfe747ea90c89a17413f72459d8ff708d6d80d1bf086973eb51e","2026-06-10","2026-10-06T18:44:59Z","elo_diff","xgf_ewma_diffmissing_or_zero_variance|xga_ewma_diffmissing_or_zero_variance|xgd_ewma_diffmissing_or_zero_variance|form_index_diff","135c9a4aa2b785a8865da457fafd13a9fd0fa306eb3ea74f36b43985f9a647f5"
"uefa_nations_league_2026_27","uefa_nations_league_2026_27-2047947","uefa_nations_league_2026_27-2047947","uefa_nations_league_2026_27-2047947__score",8,3,1,0.0575484055024017,0.777573505716026,0.222426494283974,"phase14-open-nb-incumbent-calibrated-v1","0e89c2948c77b348c5b6d3832cf6d4e7721ca7794f8f68f857d6ae82b9fe7d50","fc9a617e48969b5d524f9994bccb31de0cb028829b4c58a1999b77cf12c5a990","open_nb_incumbent","c65a4f90477e5b799e234d1a313ff333f6cce12cfc08de93e342d7718c252ff8","vector_w400_p0p010","be1392fd4b9fbfe747ea90c89a17413f72459d8ff708d6d80d1bf086973eb51e","2026-06-10","2026-10-06T18:44:59Z","elo_diff","xgf_ewma_diffmissing_or_zero_variance|xga_ewma_diffmissing_or_zero_variance|xgd_ewma_diffmissing_or_zero_variance|form_index_diff","50a1c74cb027d22264061b11dcf0fc267c91ed6741abff41f528ebcbb7d0955c"
"uefa_nations_league_2026_27","uefa_nations_league_2026_27-2047947","uefa_nations_league_2026_27-2047947","uefa_nations_league_2026_27-2047947__score",9,0,1,0.0364498713106682,0.777573505716026,0.222426494283974,"phase14-open-nb-incumbent-calibrated-v1","0e89c2948c77b348c5b6d3832cf6d4e7721ca7794f8f68f857d6ae82b9fe7d50","fc9a617e48969b5d524f9994bccb31de0cb028829b4c58a1999b77cf12c5a990","open_nb_incumbent","c65a4f90477e5b799e234d1a313ff333f6cce12cfc08de93e342d7718c252ff8","vector_w400_p0p010","be1392fd4b9fbfe747ea90c89a17413f72459d8ff708d6d80d1bf086973eb51e","2026-06-10","2026-10-06T18:44:59Z","elo_diff","xgf_ewma_diffmissing_or_zero_variance|xga_ewma_diffmissing_or_zero_variance|xgd_ewma_diffmissing_or_zero_variance|form_index_diff","4799fb3ac399a35593d6df49ff5675f04172338dd8b4b96bc66aedcdd5fa0cdc"
"uefa_nations_league_2026_27","uefa_nations_league_2026_27-2047947","uefa_nations_league_2026_27-2047947","uefa_nations_league_2026_27-2047947__score",10,4,1,0.0359067218976311,0.777573505716026,0.222426494283974,"phase14-open-nb-incumbent-calibrated-v1","0e89c2948c77b348c5b6d3832cf6d4e7721ca7794f8f68f857d6ae82b9fe7d50","fc9a617e48969b5d524f9994bccb31de0cb028829b4c58a1999b77cf12c5a990","open_nb_incumbent","c65a4f90477e5b799e234d1a313ff333f6cce12cfc08de93e342d7718c252ff8","vector_w400_p0p010","be1392fd4b9fbfe747ea90c89a17413f72459d8ff708d6d80d1bf086973eb51e","2026-06-10","2026-10-06T18:44:59Z","elo_diff","xgf_ewma_diffmissing_or_zero_variance|xga_ewma_diffmissing_or_zero_variance|xgd_ewma_diffmissing_or_zero_variance|form_index_diff","3484fef3eeb3afb4ecbbb83cfb36124a9452b6fa6d83b5dcc62167fe41f97ce0"
"uefa_nations_league_2026_27","uefa_nations_league_2026_27-2047948","uefa_nations_league_2026_27-2047948","uefa_nations_league_2026_27-2047948__score",1,1,0,0.131178361302718,0.784518754609363,0.215481245390637,"phase14-open-nb-incumbent-calibrated-v1","0e89c2948c77b348c5b6d3832cf6d4e7721ca7794f8f68f857d6ae82b9fe7d50","fc9a617e48969b5d524f9994bccb31de0cb028829b4c58a1999b77cf12c5a990","open_nb_incumbent","c65a4f90477e5b799e234d1a313ff333f6cce12cfc08de93e342d7718c252ff8","vector_w400_p0p010","be1392fd4b9fbfe747ea90c89a17413f72459d8ff708d6d80d1bf086973eb51e","2026-06-10","2026-10-06T18:44:59Z","elo_diff","xgf_ewma_diffmissing_or_zero_variance|xga_ewma_diffmissing_or_zero_variance|xgd_ewma_diffmissing_or_zero_variance|form_index_diff","e6d8340caca50f36b7c29a84714525eed209dd502d5a92777cd8f611114b1541"
"uefa_nations_league_2026_27","uefa_nations_league_2026_27-2047948","uefa_nations_league_2026_27-2047948","uefa_nations_league_2026_27-2047948__score",2,1,1,0.110200920121037,0.784518754609363,0.215481245390637,"phase14-open-nb-incumbent-calibrated-v1","0e89c2948c77b348c5b6d3832cf6d4e7721ca7794f8f68f857d6ae82b9fe7d50","fc9a617e48969b5d524f9994bccb31de0cb028829b4c58a1999b77cf12c5a990","open_nb_incumbent","c65a4f90477e5b799e234d1a313ff333f6cce12cfc08de93e342d7718c252ff8","vector_w400_p0p010","be1392fd4b9fbfe747ea90c89a17413f72459d8ff708d6d80d1bf086973eb51e","2026-06-10","2026-10-06T18:44:59Z","elo_diff","xgf_ewma_diffmissing_or_zero_variance|xga_ewma_diffmissing_or_zero_variance|xgd_ewma_diffmissing_or_zero_variance|form_index_diff","a3d8561a5d0a495d4e926fa8c5acca3441d1ca95055b4945e7831b5d3d5dea46"
"uefa_nations_league_2026_27","uefa_nations_league_2026_27-2047948","uefa_nations_league_2026_27-2047948","uefa_nations_league_2026_27-2047948__score",3,0,0,0.0980994217291486,0.784518754609363,0.215481245390637,"phase14-open-nb-incumbent-calibrated-v1","0e89c2948c77b348c5b6d3832cf6d4e7721ca7794f8f68f857d6ae82b9fe7d50","fc9a617e48969b5d524f9994bccb31de0cb028829b4c58a1999b77cf12c5a990","open_nb_incumbent","c65a4f90477e5b799e234d1a313ff333f6cce12cfc08de93e342d7718c252ff8","vector_w400_p0p010","be1392fd4b9fbfe747ea90c89a17413f72459d8ff708d6d80d1bf086973eb51e","2026-06-10","2026-10-06T18:44:59Z","elo_diff","xgf_ewma_diffmissing_or_zero_variance|xga_ewma_diffmissing_or_zero_variance|xgd_ewma_diffmissing_or_zero_variance|form_index_diff","050c0ad64c03a1db545a55fe4bf6b4bed1200b176d6bcf1cc4bea378c4f77b9f"
"uefa_nations_league_2026_27","uefa_nations_league_2026_27-2047948","uefa_nations_league_2026_27-2047948","uefa_nations_league_2026_27-2047948__score",4,2,0,0.0961925131787468,0.784518754609363,0.215481245390637,"phase14-open-nb-incumbent-calibrated-v1","0e89c2948c77b348c5b6d3832cf6d4e7721ca7794f8f68f857d6ae82b9fe7d50","fc9a617e48969b5d524f9994bccb31de0cb028829b4c58a1999b77cf12c5a990","open_nb_incumbent","c65a4f90477e5b799e234d1a313ff333f6cce12cfc08de93e342d7718c252ff8","vector_w400_p0p010","be1392fd4b9fbfe747ea90c89a17413f72459d8ff708d6d80d1bf086973eb51e","2026-06-10","2026-10-06T18:44:59Z","elo_diff","xgf_ewma_diffmissing_or_zero_variance|xga_ewma_diffmissing_or_zero_variance|xgd_ewma_diffmissing_or_zero_variance|form_index_diff","ef94928a7a670dc31e9a9fa54070bf0cc699768ed05efa5fbaa1fb265f2ac79c"
"uefa_nations_league_2026_27","uefa_nations_league_2026_27-2047948","uefa_nations_league_2026_27-2047948","uefa_nations_league_2026_27-2047948__score",5,0,1,0.0824118126689067,0.784518754609363,0.215481245390637,"phase14-open-nb-incumbent-calibrated-v1","0e89c2948c77b348c5b6d3832cf6d4e7721ca7794f8f68f857d6ae82b9fe7d50","fc9a617e48969b5d524f9994bccb31de0cb028829b4c58a1999b77cf12c5a990","open_nb_incumbent","c65a4f90477e5b799e234d1a313ff333f6cce12cfc08de93e342d7718c252ff8","vector_w400_p0p010","be1392fd4b9fbfe747ea90c89a17413f72459d8ff708d6d80d1bf086973eb51e","2026-06-10","2026-10-06T18:44:59Z","elo_diff","xgf_ewma_diffmissing_or_zero_variance|xga_ewma_diffmissing_or_zero_variance|xgd_ewma_diffmissing_or_zero_variance|form_index_diff","0b561519131524b7b5e228f9bfa9628aeb934ef2f74bcb7452081c1c84e5bca5"
"uefa_nations_league_2026_27","uefa_nations_league_2026_27-2047948","uefa_nations_league_2026_27-2047948","uefa_nations_league_2026_27-2047948__score",6,2,1,0.0808098481775528,0.784518754609363,0.215481245390637,"phase14-open-nb-incumbent-calibrated-v1","0e89c2948c77b348c5b6d3832cf6d4e7721ca7794f8f68f857d6ae82b9fe7d50","fc9a617e48969b5d524f9994bccb31de0cb028829b4c58a1999b77cf12c5a990","open_nb_incumbent","c65a4f90477e5b799e234d1a313ff333f6cce12cfc08de93e342d7718c252ff8","vector_w400_p0p010","be1392fd4b9fbfe747ea90c89a17413f72459d8ff708d6d80d1bf086973eb51e","2026-06-10","2026-10-06T18:44:59Z","elo_diff","xgf_ewma_diffmissing_or_zero_variance|xga_ewma_diffmissing_or_zero_variance|xgd_ewma_diffmissing_or_zero_variance|form_index_diff","405032a760ba06bd8808bb1d39a8d72c5016fdfb934072de8b24946fc4728862"
"uefa_nations_league_2026_27","uefa_nations_league_2026_27-2047948","uefa_nations_league_2026_27-2047948","uefa_nations_league_2026_27-2047948__score",7,1,2,0.052328561047134,0.784518754609363,0.215481245390637,"phase14-open-nb-incumbent-calibrated-v1","0e89c2948c77b348c5b6d3832cf6d4e7721ca7794f8f68f857d6ae82b9fe7d50","fc9a617e48969b5d524f9994bccb31de0cb028829b4c58a1999b77cf12c5a990","open_nb_incumbent","c65a4f90477e5b799e234d1a313ff333f6cce12cfc08de93e342d7718c252ff8","vector_w400_p0p010","be1392fd4b9fbfe747ea90c89a17413f72459d8ff708d6d80d1bf086973eb51e","2026-06-10","2026-10-06T18:44:59Z","elo_diff","xgf_ewma_diffmissing_or_zero_variance|xga_ewma_diffmissing_or_zero_variance|xgd_ewma_diffmissing_or_zero_variance|form_index_diff","b862ae47001224cb078aad7b52ae17d0eef32ad1feb68c2841f7c62a797fe473"
"uefa_nations_league_2026_27","uefa_nations_league_2026_27-2047948","uefa_nations_league_2026_27-2047948","uefa_nations_league_2026_27-2047948__score",8,3,0,0.051173911355678,0.784518754609363,0.215481245390637,"phase14-open-nb-incumbent-calibrated-v1","0e89c2948c77b348c5b6d3832cf6d4e7721ca7794f8f68f857d6ae82b9fe7d50","fc9a617e48969b5d524f9994bccb31de0cb028829b4c58a1999b77cf12c5a990","open_nb_incumbent","c65a4f90477e5b799e234d1a313ff333f6cce12cfc08de93e342d7718c252ff8","vector_w400_p0p010","be1392fd4b9fbfe747ea90c89a17413f72459d8ff708d6d80d1bf086973eb51e","2026-06-10","2026-10-06T18:44:59Z","elo_diff","xgf_ewma_diffmissing_or_zero_variance|xga_ewma_diffmissing_or_zero_variance|xgd_ewma_diffmissing_or_zero_variance|form_index_diff","a9ae563dd375eec16e65be38085b86a8a0f0937958ddc702b9325b76b6718261"
"uefa_nations_league_2026_27","uefa_nations_league_2026_27-2047948","uefa_nations_league_2026_27-2047948","uefa_nations_league_2026_27-2047948__score",9,3,1,0.0429904144371349,0.784518754609363,0.215481245390637,"phase14-open-nb-incumbent-calibrated-v1","0e89c2948c77b348c5b6d3832cf6d4e7721ca7794f8f68f857d6ae82b9fe7d50","fc9a617e48969b5d524f9994bccb31de0cb028829b4c58a1999b77cf12c5a990","open_nb_incumbent","c65a4f90477e5b799e234d1a313ff333f6cce12cfc08de93e342d7718c252ff8","vector_w400_p0p010","be1392fd4b9fbfe747ea90c89a17413f72459d8ff708d6d80d1bf086973eb51e","2026-06-10","2026-10-06T18:44:59Z","elo_diff","xgf_ewma_diffmissing_or_zero_variance|xga_ewma_diffmissing_or_zero_variance|xgd_ewma_diffmissing_or_zero_variance|form_index_diff","bea811931c36f5ab6e2c6d5a9a89085a678bcfc2964cdcb21f3a4b55abefd99d"
"uefa_nations_league_2026_27","uefa_nations_league_2026_27-2047948","uefa_nations_league_2026_27-2047948","uefa_nations_league_2026_27-2047948__score",10,0,2,0.0391329905913066,0.784518754609363,0.215481245390637,"phase14-open-nb-incumbent-calibrated-v1","0e89c2948c77b348c5b6d3832cf6d4e7721ca7794f8f68f857d6ae82b9fe7d50","fc9a617e48969b5d524f9994bccb31de0cb028829b4c58a1999b77cf12c5a990","open_nb_incumbent","c65a4f90477e5b799e234d1a313ff333f6cce12cfc08de93e342d7718c252ff8","vector_w400_p0p010","be1392fd4b9fbfe747ea90c89a17413f72459d8ff708d6d80d1bf086973eb51e","2026-06-10","2026-10-06T18:44:59Z","elo_diff","xgf_ewma_diffmissing_or_zero_variance|xga_ewma_diffmissing_or_zero_variance|xgd_ewma_diffmissing_or_zero_variance|form_index_diff","03fb9198deb54f457db62ffab5784b8a03d07b27d063efa25633c757bbca011f"
"uefa_nations_league_2026_27","uefa_nations_league_2026_27-2047949","uefa_nations_league_2026_27-2047949","uefa_nations_league_2026_27-2047949__score",1,1,0,0.135296420543318,0.785321746679905,0.214678253320095,"phase14-open-nb-incumbent-calibrated-v1","0e89c2948c77b348c5b6d3832cf6d4e7721ca7794f8f68f857d6ae82b9fe7d50","fc9a617e48969b5d524f9994bccb31de0cb028829b4c58a1999b77cf12c5a990","open_nb_incumbent","c65a4f90477e5b799e234d1a313ff333f6cce12cfc08de93e342d7718c252ff8","vector_w400_p0p010","be1392fd4b9fbfe747ea90c89a17413f72459d8ff708d6d80d1bf086973eb51e","2026-06-10","2026-10-06T13:59:59Z","elo_diff","xgf_ewma_diffmissing_or_zero_variance|xga_ewma_diffmissing_or_zero_variance|xgd_ewma_diffmissing_or_zero_variance|form_index_diff","2f079c5be2a866d034751ec6de3909948cc2f1192b5974468fae549f9420bd21"
"uefa_nations_league_2026_27","uefa_nations_league_2026_27-2047949","uefa_nations_league_2026_27-2047949","uefa_nations_league_2026_27-2047949__score",2,2,0,0.107440188629483,0.785321746679905,0.214678253320095,"phase14-open-nb-incumbent-calibrated-v1","0e89c2948c77b348c5b6d3832cf6d4e7721ca7794f8f68f857d6ae82b9fe7d50","fc9a617e48969b5d524f9994bccb31de0cb028829b4c58a1999b77cf12c5a990","open_nb_incumbent","c65a4f90477e5b799e234d1a313ff333f6cce12cfc08de93e342d7718c252ff8","vector_w400_p0p010","be1392fd4b9fbfe747ea90c89a17413f72459d8ff708d6d80d1bf086973eb51e","2026-06-10","2026-10-06T13:59:59Z","elo_diff","xgf_ewma_diffmissing_or_zero_variance|xga_ewma_diffmissing_or_zero_variance|xgd_ewma_diffmissing_or_zero_variance|form_index_diff","d1b2ab75f4d65668238b79307ec68f55bad5904bd395c696112d82b61c8ecd1a"
"uefa_nations_league_2026_27","uefa_nations_league_2026_27-2047949","uefa_nations_league_2026_27-2047949","uefa_nations_league_2026_27-2047949__score",3,1,1,0.104044667936179,0.785321746679905,0.214678253320095,"phase14-open-nb-incumbent-calibrated-v1","0e89c2948c77b348c5b6d3832cf6d4e7721ca7794f8f68f857d6ae82b9fe7d50","fc9a617e48969b5d524f9994bccb31de0cb028829b4c58a1999b77cf12c5a990","open_nb_incumbent","c65a4f90477e5b799e234d1a313ff333f6cce12cfc08de93e342d7718c252ff8","vector_w400_p0p010","be1392fd4b9fbfe747ea90c89a17413f72459d8ff708d6d80d1bf086973eb51e","2026-06-10","2026-10-06T13:59:59Z","elo_diff","xgf_ewma_diffmissing_or_zero_variance|xga_ewma_diffmissing_or_zero_variance|xgd_ewma_diffmissing_or_zero_variance|form_index_diff","31bf01500a8ddb05a5973f6160399637b33281763432df71d8f64c02b257f065"
"uefa_nations_league_2026_27","uefa_nations_league_2026_27-2047949","uefa_nations_league_2026_27-2047949","uefa_nations_league_2026_27-2047949__score",4,0,0,0.0934306064406564,0.785321746679905,0.214678253320095,"phase14-open-nb-incumbent-calibrated-v1","0e89c2948c77b348c5b6d3832cf6d4e7721ca7794f8f68f857d6ae82b9fe7d50","fc9a617e48969b5d524f9994bccb31de0cb028829b4c58a1999b77cf12c5a990","open_nb_incumbent","c65a4f90477e5b799e234d1a313ff333f6cce12cfc08de93e342d7718c252ff8","vector_w400_p0p010","be1392fd4b9fbfe747ea90c89a17413f72459d8ff708d6d80d1bf086973eb51e","2026-06-10","2026-10-06T13:59:59Z","elo_diff","xgf_ewma_diffmissing_or_zero_variance|xga_ewma_diffmissing_or_zero_variance|xgd_ewma_diffmissing_or_zero_variance|form_index_diff","28e3437ff8c046e7b6920752348fbf8f081ec6c21b5ea81b82ab52cc022a0162"
"uefa_nations_league_2026_27","uefa_nations_league_2026_27-2047949","uefa_nations_league_2026_27-2047949","uefa_nations_league_2026_27-2047949__score",5,2,1,0.0826228713521353,0.785321746679905,0.214678253320095,"phase14-open-nb-incumbent-calibrated-v1","0e89c2948c77b348c5b6d3832cf6d4e7721ca7794f8f68f857d6ae82b9fe7d50","fc9a617e48969b5d524f9994bccb31de0cb028829b4c58a1999b77cf12c5a990","open_nb_incumbent","c65a4f90477e5b799e234d1a313ff333f6cce12cfc08de93e342d7718c252ff8","vector_w400_p0p010","be1392fd4b9fbfe747ea90c89a17413f72459d8ff708d6d80d1bf086973eb51e","2026-06-10","2026-10-06T13:59:59Z","elo_diff","xgf_ewma_diffmissing_or_zero_variance|xga_ewma_diffmissing_or_zero_variance|xgd_ewma_diffmissing_or_zero_variance|form_index_diff","635e90847634890066e8921dd4ce076088b92dd7019261a3079f0d82813a601c"
"uefa_nations_league_2026_27","uefa_nations_league_2026_27-2047949","uefa_nations_league_2026_27-2047949","uefa_nations_league_2026_27-2047949__score",6,0,1,0.0718493244917853,0.785321746679905,0.214678253320095,"phase14-open-nb-incumbent-calibrated-v1","0e89c2948c77b348c5b6d3832cf6d4e7721ca7794f8f68f857d6ae82b9fe7d50","fc9a617e48969b5d524f9994bccb31de0cb028829b4c58a1999b77cf12c5a990","open_nb_incumbent","c65a4f90477e5b799e234d1a313ff333f6cce12cfc08de93e342d7718c252ff8","vector_w400_p0p010","be1392fd4b9fbfe747ea90c89a17413f72459d8ff708d6d80d1bf086973eb51e","2026-06-10","2026-10-06T13:59:59Z","elo_diff","xgf_ewma_diffmissing_or_zero_variance|xga_ewma_diffmissing_or_zero_variance|xgd_ewma_diffmissing_or_zero_variance|form_index_diff","de297bd80771631d98887a5b8793701d201350017e6cb684144aca9277a55e9a"
"uefa_nations_league_2026_27","uefa_nations_league_2026_27-2047949","uefa_nations_league_2026_27-2047949","uefa_nations_league_2026_27-2047949__score",7,3,0,0.0618978391708597,0.785321746679905,0.214678253320095,"phase14-open-nb-incumbent-calibrated-v1","0e89c2948c77b348c5b6d3832cf6d4e7721ca7794f8f68f857d6ae82b9fe7d50","fc9a617e48969b5d524f9994bccb31de0cb028829b4c58a1999b77cf12c5a990","open_nb_incumbent","c65a4f90477e5b799e234d1a313ff333f6cce12cfc08de93e342d7718c252ff8","vector_w400_p0p010","be1392fd4b9fbfe747ea90c89a17413f72459d8ff708d6d80d1bf086973eb51e","2026-06-10","2026-10-06T13:59:59Z","elo_diff","xgf_ewma_diffmissing_or_zero_variance|xga_ewma_diffmissing_or_zero_variance|xgd_ewma_diffmissing_or_zero_variance|form_index_diff","ba7d08e5ec1e22117edcc25266d6f1bc3e504c43ea1252dfcf74a3fae30e0650"
"uefa_nations_league_2026_27","uefa_nations_league_2026_27-2047949","uefa_nations_league_2026_27-2047949","uefa_nations_league_2026_27-2047949__score",8,3,1,0.0476002254652196,0.785321746679905,0.214678253320095,"phase14-open-nb-incumbent-calibrated-v1","0e89c2948c77b348c5b6d3832cf6d4e7721ca7794f8f68f857d6ae82b9fe7d50","fc9a617e48969b5d524f9994bccb31de0cb028829b4c58a1999b77cf12c5a990","open_nb_incumbent","c65a4f90477e5b799e234d1a313ff333f6cce12cfc08de93e342d7718c252ff8","vector_w400_p0p010","be1392fd4b9fbfe747ea90c89a17413f72459d8ff708d6d80d1bf086973eb51e","2026-06-10","2026-10-06T13:59:59Z","elo_diff","xgf_ewma_diffmissing_or_zero_variance|xga_ewma_diffmissing_or_zero_variance|xgd_ewma_diffmissing_or_zero_variance|form_index_diff","8722ccd64e0ef41ec7db8764cc5104061d1ec56d4b2db68f21fed08fc674cf16"
"uefa_nations_league_2026_27","uefa_nations_league_2026_27-2047949","uefa_nations_league_2026_27-2047949","uefa_nations_league_2026_27-2047949__score",9,1,2,0.0452255547290498,0.785321746679905,0.214678253320095,"phase14-open-nb-incumbent-calibrated-v1","0e89c2948c77b348c5b6d3832cf6d4e7721ca7794f8f68f857d6ae82b9fe7d50","fc9a617e48969b5d524f9994bccb31de0cb028829b4c58a1999b77cf12c5a990","open_nb_incumbent","c65a4f90477e5b799e234d1a313ff333f6cce12cfc08de93e342d7718c252ff8","vector_w400_p0p010","be1392fd4b9fbfe747ea90c89a17413f72459d8ff708d6d80d1bf086973eb51e","2026-06-10","2026-10-06T13:59:59Z","elo_diff","xgf_ewma_diffmissing_or_zero_variance|xga_ewma_diffmissing_or_zero_variance|xgd_ewma_diffmissing_or_zero_variance|form_index_diff","21123ed067538e496659616a6f3f6d81a766016f577089a04dc813449ce37732"
"uefa_nations_league_2026_27","uefa_nations_league_2026_27-2047949","uefa_nations_league_2026_27-2047949","uefa_nations_league_2026_27-2047949__score",10,2,2,0.0359140479212189,0.785321746679905,0.214678253320095,"phase14-open-nb-incumbent-calibrated-v1","0e89c2948c77b348c5b6d3832cf6d4e7721ca7794f8f68f857d6ae82b9fe7d50","fc9a617e48969b5d524f9994bccb31de0cb028829b4c58a1999b77cf12c5a990","open_nb_incumbent","c65a4f90477e5b799e234d1a313ff333f6cce12cfc08de93e342d7718c252ff8","vector_w400_p0p010","be1392fd4b9fbfe747ea90c89a17413f72459d8ff708d6d80d1bf086973eb51e","2026-06-10","2026-10-06T13:59:59Z","elo_diff","xgf_ewma_diffmissing_or_zero_variance|xga_ewma_diffmissing_or_zero_variance|xgd_ewma_diffmissing_or_zero_variance|form_index_diff","e8cc9158870024866dc79911838dc4ee8bd7eee0004864a2e142144cee7c09a7"
"uefa_nations_league_2026_27","uefa_nations_league_2026_27-2047958","uefa_nations_league_2026_27-2047958","uefa_nations_league_2026_27-2047958__score",1,0,1,0.124287132077604,0.776436217573202,0.223563782426798,"phase14-open-nb-incumbent-calibrated-v1","0e89c2948c77b348c5b6d3832cf6d4e7721ca7794f8f68f857d6ae82b9fe7d50","fc9a617e48969b5d524f9994bccb31de0cb028829b4c58a1999b77cf12c5a990","open_nb_incumbent","c65a4f90477e5b799e234d1a313ff333f6cce12cfc08de93e342d7718c252ff8","vector_w400_p0p010","be1392fd4b9fbfe747ea90c89a17413f72459d8ff708d6d80d1bf086973eb51e","2026-06-10","2026-10-02T15:59:59Z","elo_diff","xgf_ewma_diffmissing_or_zero_variance|xga_ewma_diffmissing_or_zero_variance|xgd_ewma_diffmissing_or_zero_variance|form_index_diff","7ad6fab7e228112888eb529e5f93d826d76f0e481af9142bd8c4a97d7e311447"
"uefa_nations_league_2026_27","uefa_nations_league_2026_27-2047958","uefa_nations_league_2026_27-2047958","uefa_nations_league_2026_27-2047958__score",2,1,1,0.110719426491938,0.776436217573202,0.223563782426798,"phase14-open-nb-incumbent-calibrated-v1","0e89c2948c77b348c5b6d3832cf6d4e7721ca7794f8f68f857d6ae82b9fe7d50","fc9a617e48969b5d524f9994bccb31de0cb028829b4c58a1999b77cf12c5a990","open_nb_incumbent","c65a4f90477e5b799e234d1a313ff333f6cce12cfc08de93e342d7718c252ff8","vector_w400_p0p010","be1392fd4b9fbfe747ea90c89a17413f72459d8ff708d6d80d1bf086973eb51e","2026-06-10","2026-10-02T15:59:59Z","elo_diff","xgf_ewma_diffmissing_or_zero_variance|xga_ewma_diffmissing_or_zero_variance|xgd_ewma_diffmissing_or_zero_variance|form_index_diff","7fcf01324d6fced1036a42f4977aea4522a1f6762f875f6c36497001cced7c9c"
"uefa_nations_league_2026_27","uefa_nations_league_2026_27-2047958","uefa_nations_league_2026_27-2047958","uefa_nations_league_2026_27-2047958__score",3,0,0,0.0971132116179983,0.776436217573202,0.223563782426798,"phase14-open-nb-incumbent-calibrated-v1","0e89c2948c77b348c5b6d3832cf6d4e7721ca7794f8f68f857d6ae82b9fe7d50","fc9a617e48969b5d524f9994bccb31de0cb028829b4c58a1999b77cf12c5a990","open_nb_incumbent","c65a4f90477e5b799e234d1a313ff333f6cce12cfc08de93e342d7718c252ff8","vector_w400_p0p010","be1392fd4b9fbfe747ea90c89a17413f72459d8ff708d6d80d1bf086973eb51e","2026-06-10","2026-10-02T15:59:59Z","elo_diff","xgf_ewma_diffmissing_or_zero_variance|xga_ewma_diffmissing_or_zero_variance|xgd_ewma_diffmissing_or_zero_variance|form_index_diff","35a6d9c02adef1e42f2ca4d641e36729b55b5ebce868a416bd75dd4ed5a1a83b"
"uefa_nations_league_2026_27","uefa_nations_league_2026_27-2047958","uefa_nations_league_2026_27-2047958","uefa_nations_league_2026_27-2047958__score",4,0,2,0.0899092902313183,0.776436217573202,0.223563782426798,"phase14-open-nb-incumbent-calibrated-v1","0e89c2948c77b348c5b6d3832cf6d4e7721ca7794f8f68f857d6ae82b9fe7d50","fc9a617e48969b5d524f9994bccb31de0cb028829b4c58a1999b77cf12c5a990","open_nb_incumbent","c65a4f90477e5b799e234d1a313ff333f6cce12cfc08de93e342d7718c252ff8","vector_w400_p0p010","be1392fd4b9fbfe747ea90c89a17413f72459d8ff708d6d80d1bf086973eb51e","2026-06-10","2026-10-02T15:59:59Z","elo_diff","xgf_ewma_diffmissing_or_zero_variance|xga_ewma_diffmissing_or_zero_variance|xgd_ewma_diffmissing_or_zero_variance|form_index_diff","7f1b8f473c07c8d85c76c7c88bf581345be056bf233e387bee93112906d4b4b4"
"uefa_nations_league_2026_27","uefa_nations_league_2026_27-2047958","uefa_nations_league_2026_27-2047958","uefa_nations_league_2026_27-2047958__score",5,1,0,0.0865119253731054,0.776436217573202,0.223563782426798,"phase14-open-nb-incumbent-calibrated-v1","0e89c2948c77b348c5b6d3832cf6d4e7721ca7794f8f68f857d6ae82b9fe7d50","fc9a617e48969b5d524f9994bccb31de0cb028829b4c58a1999b77cf12c5a990","open_nb_incumbent","c65a4f90477e5b799e234d1a313ff333f6cce12cfc08de93e342d7718c252ff8","vector_w400_p0p010","be1392fd4b9fbfe747ea90c89a17413f72459d8ff708d6d80d1bf086973eb51e","2026-06-10","2026-10-02T15:59:59Z","elo_diff","xgf_ewma_diffmissing_or_zero_variance|xga_ewma_diffmissing_or_zero_variance|xgd_ewma_diffmissing_or_zero_variance|form_index_diff","6787d28a1c67ca202374722c6cd60825ac851c693e4b52e807ac8d6e42dd51c4"
"uefa_nations_league_2026_27","uefa_nations_league_2026_27-2047958","uefa_nations_league_2026_27-2047958","uefa_nations_league_2026_27-2047958__score",6,1,2,0.080094414315499,0.776436217573202,0.223563782426798,"phase14-open-nb-incumbent-calibrated-v1","0e89c2948c77b348c5b6d3832cf6d4e7721ca7794f8f68f857d6ae82b9fe7d50","fc9a617e48969b5d524f9994bccb31de0cb028829b4c58a1999b77cf12c5a990","open_nb_incumbent","c65a4f90477e5b799e234d1a313ff333f6cce12cfc08de93e342d7718c252ff8","vector_w400_p0p010","be1392fd4b9fbfe747ea90c89a17413f72459d8ff708d6d80d1bf086973eb51e","2026-06-10","2026-10-02T15:59:59Z","elo_diff","xgf_ewma_diffmissing_or_zero_variance|xga_ewma_diffmissing_or_zero_variance|xgd_ewma_diffmissing_or_zero_variance|form_index_diff","559b71b4ed9f32867051b589c28e7ec173302dc75c2ae55101b906372cce340b"
"uefa_nations_league_2026_27","uefa_nations_league_2026_27-2047958","uefa_nations_league_2026_27-2047958","uefa_nations_league_2026_27-2047958__score",7,2,1,0.0540884834159626,0.776436217573202,0.223563782426798,"phase14-open-nb-incumbent-calibrated-v1","0e89c2948c77b348c5b6d3832cf6d4e7721ca7794f8f68f857d6ae82b9fe7d50","fc9a617e48969b5d524f9994bccb31de0cb028829b4c58a1999b77cf12c5a990","open_nb_incumbent","c65a4f90477e5b799e234d1a313ff333f6cce12cfc08de93e342d7718c252ff8","vector_w400_p0p010","be1392fd4b9fbfe747ea90c89a17413f72459d8ff708d6d80d1bf086973eb51e","2026-06-10","2026-10-02T15:59:59Z","elo_diff","xgf_ewma_diffmissing_or_zero_variance|xga_ewma_diffmissing_or_zero_variance|xgd_ewma_diffmissing_or_zero_variance|form_index_diff","492b53778d5b6c7b1571485d331a043a95b0b7ca201b6a52d887271887ead707"
"uefa_nations_league_2026_27","uefa_nations_league_2026_27-2047958","uefa_nations_league_2026_27-2047958","uefa_nations_league_2026_27-2047958__score",8,0,3,0.0483646765246127,0.776436217573202,0.223563782426798,"phase14-open-nb-incumbent-calibrated-v1","0e89c2948c77b348c5b6d3832cf6d4e7721ca7794f8f68f857d6ae82b9fe7d50","fc9a617e48969b5d524f9994bccb31de0cb028829b4c58a1999b77cf12c5a990","open_nb_incumbent","c65a4f90477e5b799e234d1a313ff333f6cce12cfc08de93e342d7718c252ff8","vector_w400_p0p010","be1392fd4b9fbfe747ea90c89a17413f72459d8ff708d6d80d1bf086973eb51e","2026-06-10","2026-10-02T15:59:59Z","elo_diff","xgf_ewma_diffmissing_or_zero_variance|xga_ewma_diffmissing_or_zero_variance|xgd_ewma_diffmissing_or_zero_variance|form_index_diff","a1f2444b5c29a15232f21a21c948fecd6b0d12c0a38bb9466e213737243fe0e3"
"uefa_nations_league_2026_27","uefa_nations_league_2026_27-2047958","uefa_nations_league_2026_27-2047958","uefa_nations_league_2026_27-2047958__score",9,1,3,0.0430849852093267,0.776436217573202,0.223563782426798,"phase14-open-nb-incumbent-calibrated-v1","0e89c2948c77b348c5b6d3832cf6d4e7721ca7794f8f68f857d6ae82b9fe7d50","fc9a617e48969b5d524f9994bccb31de0cb028829b4c58a1999b77cf12c5a990","open_nb_incumbent","c65a4f90477e5b799e234d1a313ff333f6cce12cfc08de93e342d7718c252ff8","vector_w400_p0p010","be1392fd4b9fbfe747ea90c89a17413f72459d8ff708d6d80d1bf086973eb51e","2026-06-10","2026-10-02T15:59:59Z","elo_diff","xgf_ewma_diffmissing_or_zero_variance|xga_ewma_diffmissing_or_zero_variance|xgd_ewma_diffmissing_or_zero_variance|form_index_diff","771dc1737513014100ae4878778756496be41400d61d0a411197943a5c2226f7"
"uefa_nations_league_2026_27","uefa_nations_league_2026_27-2047958","uefa_nations_league_2026_27-2047958","uefa_nations_league_2026_27-2047958__score",10,2,0,0.0422626723158374,0.776436217573202,0.223563782426798,"phase14-open-nb-incumbent-calibrated-v1","0e89c2948c77b348c5b6d3832cf6d4e7721ca7794f8f68f857d6ae82b9fe7d50","fc9a617e48969b5d524f9994bccb31de0cb028829b4c58a1999b77cf12c5a990","open_nb_incumbent","c65a4f90477e5b799e234d1a313ff333f6cce12cfc08de93e342d7718c252ff8","vector_w400_p0p010","be1392fd4b9fbfe747ea90c89a17413f72459d8ff708d6d80d1bf086973eb51e","2026-06-10","2026-10-02T15:59:59Z","elo_diff","xgf_ewma_diffmissing_or_zero_variance|xga_ewma_diffmissing_or_zero_variance|xgd_ewma_diffmissing_or_zero_variance|form_index_diff","1842d3629f1fa41c665203befbe4530188d694a84fd58838a396b05c1761b94b"
"uefa_nations_league_2026_27","uefa_nations_league_2026_27-2047959","uefa_nations_league_2026_27-2047959","uefa_nations_league_2026_27-2047959__score",1,1,0,0.133720274570612,0.781774195787689,0.218225804212311,"phase14-open-nb-incumbent-calibrated-v1","0e89c2948c77b348c5b6d3832cf6d4e7721ca7794f8f68f857d6ae82b9fe7d50","fc9a617e48969b5d524f9994bccb31de0cb028829b4c58a1999b77cf12c5a990","open_nb_incumbent","c65a4f90477e5b799e234d1a313ff333f6cce12cfc08de93e342d7718c252ff8","vector_w400_p0p010","be1392fd4b9fbfe747ea90c89a17413f72459d8ff708d6d80d1bf086973eb51e","2026-06-10","2026-10-02T18:44:59Z","elo_diff","xgf_ewma_diffmissing_or_zero_variance|xga_ewma_diffmissing_or_zero_variance|xgd_ewma_diffmissing_or_zero_variance|form_index_diff","b2e638f03bb66cd5b0f7ba27c280a771b211a21fce61af8ac095374b0822209f"
"uefa_nations_league_2026_27","uefa_nations_league_2026_27-2047959","uefa_nations_league_2026_27-2047959","uefa_nations_league_2026_27-2047959__score",2,2,0,0.131938838939117,0.781774195787689,0.218225804212311,"phase14-open-nb-incumbent-calibrated-v1","0e89c2948c77b348c5b6d3832cf6d4e7721ca7794f8f68f857d6ae82b9fe7d50","fc9a617e48969b5d524f9994bccb31de0cb028829b4c58a1999b77cf12c5a990","open_nb_incumbent","c65a4f90477e5b799e234d1a313ff333f6cce12cfc08de93e342d7718c252ff8","vector_w400_p0p010","be1392fd4b9fbfe747ea90c89a17413f72459d8ff708d6d80d1bf086973eb51e","2026-06-10","2026-10-02T18:44:59Z","elo_diff","xgf_ewma_diffmissing_or_zero_variance|xga_ewma_diffmissing_or_zero_variance|xgd_ewma_diffmissing_or_zero_variance|form_index_diff","987161471cc9353b5e9571ef8ef2e4eeff3bbbec03bf284567c154cb256427e9"
"uefa_nations_league_2026_27","uefa_nations_league_2026_27-2047959","uefa_nations_league_2026_27-2047959","uefa_nations_league_2026_27-2047959__score",3,3,0,0.0944444250552851,0.781774195787689,0.218225804212311,"phase14-open-nb-incumbent-calibrated-v1","0e89c2948c77b348c5b6d3832cf6d4e7721ca7794f8f68f857d6ae82b9fe7d50","fc9a617e48969b5d524f9994bccb31de0cb028829b4c58a1999b77cf12c5a990","open_nb_incumbent","c65a4f90477e5b799e234d1a313ff333f6cce12cfc08de93e342d7718c252ff8","vector_w400_p0p010","be1392fd4b9fbfe747ea90c89a17413f72459d8ff708d6d80d1bf086973eb51e","2026-06-10","2026-10-02T18:44:59Z","elo_diff","xgf_ewma_diffmissing_or_zero_variance|xga_ewma_diffmissing_or_zero_variance|xgd_ewma_diffmissing_or_zero_variance|form_index_diff","df2750292e4fb138ec4aee23d91409362f8291b5115ecbe7cfba255ce5325d46"
"uefa_nations_league_2026_27","uefa_nations_league_2026_27-2047959","uefa_nations_league_2026_27-2047959","uefa_nations_league_2026_27-2047959__score",4,1,1,0.0799569875700734,0.781774195787689,0.218225804212311,"phase14-open-nb-incumbent-calibrated-v1","0e89c2948c77b348c5b6d3832cf6d4e7721ca7794f8f68f857d6ae82b9fe7d50","fc9a617e48969b5d524f9994bccb31de0cb028829b4c58a1999b77cf12c5a990","open_nb_incumbent","c65a4f90477e5b799e234d1a313ff333f6cce12cfc08de93e342d7718c252ff8","vector_w400_p0p010","be1392fd4b9fbfe747ea90c89a17413f72459d8ff708d6d80d1bf086973eb51e","2026-06-10","2026-10-02T18:44:59Z","elo_diff","xgf_ewma_diffmissing_or_zero_variance|xga_ewma_diffmissing_or_zero_variance|xgd_ewma_diffmissing_or_zero_variance|form_index_diff","5e08219e5766012c00666c955f53a59c08d4987633d816f9aa1eb4b0038716d2"
"uefa_nations_league_2026_27","uefa_nations_league_2026_27-2047959","uefa_nations_league_2026_27-2047959","uefa_nations_league_2026_27-2047959__score",5,2,1,0.0788917921305508,0.781774195787689,0.218225804212311,"phase14-open-nb-incumbent-calibrated-v1","0e89c2948c77b348c5b6d3832cf6d4e7721ca7794f8f68f857d6ae82b9fe7d50","fc9a617e48969b5d524f9994bccb31de0cb028829b4c58a1999b77cf12c5a990","open_nb_incumbent","c65a4f90477e5b799e234d1a313ff333f6cce12cfc08de93e342d7718c252ff8","vector_w400_p0p010","be1392fd4b9fbfe747ea90c89a17413f72459d8ff708d6d80d1bf086973eb51e","2026-06-10","2026-10-02T18:44:59Z","elo_diff","xgf_ewma_diffmissing_or_zero_variance|xga_ewma_diffmissing_or_zero_variance|xgd_ewma_diffmissing_or_zero_variance|form_index_diff","300522be3a2f6d4d688bb4a1090a95107d6c2734f21ef98f5cb09bf3f2bfa205"
"uefa_nations_league_2026_27","uefa_nations_league_2026_27-2047959","uefa_nations_league_2026_27-2047959","uefa_nations_league_2026_27-2047959__score",6,0,0,0.0743199104208826,0.781774195787689,0.218225804212311,"phase14-open-nb-incumbent-calibrated-v1","0e89c2948c77b348c5b6d3832cf6d4e7721ca7794f8f68f857d6ae82b9fe7d50","fc9a617e48969b5d524f9994bccb31de0cb028829b4c58a1999b77cf12c5a990","open_nb_incumbent","c65a4f90477e5b799e234d1a313ff333f6cce12cfc08de93e342d7718c252ff8","vector_w400_p0p010","be1392fd4b9fbfe747ea90c89a17413f72459d8ff708d6d80d1bf086973eb51e","2026-06-10","2026-10-02T18:44:59Z","elo_diff","xgf_ewma_diffmissing_or_zero_variance|xga_ewma_diffmissing_or_zero_variance|xgd_ewma_diffmissing_or_zero_variance|form_index_diff","c622ddefdbd2172b2cc981b6a92b18534c59ec456cc6ee4ad32234e90a777e78"
"uefa_nations_league_2026_27","uefa_nations_league_2026_27-2047959","uefa_nations_league_2026_27-2047959","uefa_nations_league_2026_27-2047959__score",7,3,1,0.0564723019336946,0.781774195787689,0.218225804212311,"phase14-open-nb-incumbent-calibrated-v1","0e89c2948c77b348c5b6d3832cf6d4e7721ca7794f8f68f857d6ae82b9fe7d50","fc9a617e48969b5d524f9994bccb31de0cb028829b4c58a1999b77cf12c5a990","open_nb_incumbent","c65a4f90477e5b799e234d1a313ff333f6cce12cfc08de93e342d7718c252ff8","vector_w400_p0p010","be1392fd4b9fbfe747ea90c89a17413f72459d8ff708d6d80d1bf086973eb51e","2026-06-10","2026-10-02T18:44:59Z","elo_diff","xgf_ewma_diffmissing_or_zero_variance|xga_ewma_diffmissing_or_zero_variance|xgd_ewma_diffmissing_or_zero_variance|form_index_diff","0da0fc6d253f5f6c9c09bde0bcb422f30662a02ead2d2997d6a39602752190f4"
"uefa_nations_league_2026_27","uefa_nations_league_2026_27-2047959","uefa_nations_league_2026_27-2047959","uefa_nations_league_2026_27-2047959__score",8,4,0,0.0548146621057759,0.781774195787689,0.218225804212311,"phase14-open-nb-incumbent-calibrated-v1","0e89c2948c77b348c5b6d3832cf6d4e7721ca7794f8f68f857d6ae82b9fe7d50","fc9a617e48969b5d524f9994bccb31de0cb028829b4c58a1999b77cf12c5a990","open_nb_incumbent","c65a4f90477e5b799e234d1a313ff333f6cce12cfc08de93e342d7718c252ff8","vector_w400_p0p010","be1392fd4b9fbfe747ea90c89a17413f72459d8ff708d6d80d1bf086973eb51e","2026-06-10","2026-10-02T18:44:59Z","elo_diff","xgf_ewma_diffmissing_or_zero_variance|xga_ewma_diffmissing_or_zero_variance|xgd_ewma_diffmissing_or_zero_variance|form_index_diff","a170eea23fa9d88aa01c4a7bcefbf792956e31583330600213d1d6504fc7ac24"
"uefa_nations_league_2026_27","uefa_nations_league_2026_27-2047959","uefa_nations_league_2026_27-2047959","uefa_nations_league_2026_27-2047959__score",9,0,1,0.0444390065217338,0.781774195787689,0.218225804212311,"phase14-open-nb-incumbent-calibrated-v1","0e89c2948c77b348c5b6d3832cf6d4e7721ca7794f8f68f857d6ae82b9fe7d50","fc9a617e48969b5d524f9994bccb31de0cb028829b4c58a1999b77cf12c5a990","open_nb_incumbent","c65a4f90477e5b799e234d1a313ff333f6cce12cfc08de93e342d7718c252ff8","vector_w400_p0p010","be1392fd4b9fbfe747ea90c89a17413f72459d8ff708d6d80d1bf086973eb51e","2026-06-10","2026-10-02T18:44:59Z","elo_diff","xgf_ewma_diffmissing_or_zero_variance|xga_ewma_diffmissing_or_zero_variance|xgd_ewma_diffmissing_or_zero_variance|form_index_diff","cfb0c3c83175ced0bd4e3279b5b583150de4186b31ecb50d02f0f2d38bbbf25c"
"uefa_nations_league_2026_27","uefa_nations_league_2026_27-2047959","uefa_nations_league_2026_27-2047959","uefa_nations_league_2026_27-2047959__score",10,4,1,0.032775996539963,0.781774195787689,0.218225804212311,"phase14-open-nb-incumbent-calibrated-v1","0e89c2948c77b348c5b6d3832cf6d4e7721ca7794f8f68f857d6ae82b9fe7d50","fc9a617e48969b5d524f9994bccb31de0cb028829b4c58a1999b77cf12c5a990","open_nb_incumbent","c65a4f90477e5b799e234d1a313ff333f6cce12cfc08de93e342d7718c252ff8","vector_w400_p0p010","be1392fd4b9fbfe747ea90c89a17413f72459d8ff708d6d80d1bf086973eb51e","2026-06-10","2026-10-02T18:44:59Z","elo_diff","xgf_ewma_diffmissing_or_zero_variance|xga_ewma_diffmissing_or_zero_variance|xgd_ewma_diffmissing_or_zero_variance|form_index_diff","eb254f9bd48f8bbf7837c515666578d9238170fc96b823614411c85030dad4c2"
"uefa_nations_league_2026_27","uefa_nations_league_2026_27-2047960","uefa_nations_league_2026_27-2047960","uefa_nations_league_2026_27-2047960__score",1,1,0,0.136845040455004,0.782619686012707,0.217380313987293,"phase14-open-nb-incumbent-calibrated-v1","0e89c2948c77b348c5b6d3832cf6d4e7721ca7794f8f68f857d6ae82b9fe7d50","fc9a617e48969b5d524f9994bccb31de0cb028829b4c58a1999b77cf12c5a990","open_nb_incumbent","c65a4f90477e5b799e234d1a313ff333f6cce12cfc08de93e342d7718c252ff8","vector_w400_p0p010","be1392fd4b9fbfe747ea90c89a17413f72459d8ff708d6d80d1bf086973eb51e","2026-06-10","2026-10-02T18:44:59Z","elo_diff","xgf_ewma_diffmissing_or_zero_variance|xga_ewma_diffmissing_or_zero_variance|xgd_ewma_diffmissing_or_zero_variance|form_index_diff","1fc06220d63c243eb2860c1d62a39e01ee2223ce1349020d34f887d6c5bc829d"
"uefa_nations_league_2026_27","uefa_nations_league_2026_27-2047960","uefa_nations_league_2026_27-2047960","uefa_nations_league_2026_27-2047960__score",2,2,0,0.115535746394173,0.782619686012707,0.217380313987293,"phase14-open-nb-incumbent-calibrated-v1","0e89c2948c77b348c5b6d3832cf6d4e7721ca7794f8f68f857d6ae82b9fe7d50","fc9a617e48969b5d524f9994bccb31de0cb028829b4c58a1999b77cf12c5a990","open_nb_incumbent","c65a4f90477e5b799e234d1a313ff333f6cce12cfc08de93e342d7718c252ff8","vector_w400_p0p010","be1392fd4b9fbfe747ea90c89a17413f72459d8ff708d6d80d1bf086973eb51e","2026-06-10","2026-10-02T18:44:59Z","elo_diff","xgf_ewma_diffmissing_or_zero_variance|xga_ewma_diffmissing_or_zero_variance|xgd_ewma_diffmissing_or_zero_variance|form_index_diff","a1d84435e02537080881c78912177495abf71966eaf23f1e27a4e6bd86e96e47"
"uefa_nations_league_2026_27","uefa_nations_league_2026_27-2047960","uefa_nations_league_2026_27-2047960","uefa_nations_league_2026_27-2047960__score",3,1,1,0.0981834350022863,0.782619686012707,0.217380313987293,"phase14-open-nb-incumbent-calibrated-v1","0e89c2948c77b348c5b6d3832cf6d4e7721ca7794f8f68f857d6ae82b9fe7d50","fc9a617e48969b5d524f9994bccb31de0cb028829b4c58a1999b77cf12c5a990","open_nb_incumbent","c65a4f90477e5b799e234d1a313ff333f6cce12cfc08de93e342d7718c252ff8","vector_w400_p0p010","be1392fd4b9fbfe747ea90c89a17413f72459d8ff708d6d80d1bf086973eb51e","2026-06-10","2026-10-02T18:44:59Z","elo_diff","xgf_ewma_diffmissing_or_zero_variance|xga_ewma_diffmissing_or_zero_variance|xgd_ewma_diffmissing_or_zero_variance|form_index_diff","3e7854e780a37c2dd11bfa4dd32ae441ad33fc094e74eec78ddd4c796eb3743e"
"uefa_nations_league_2026_27","uefa_nations_league_2026_27-2047960","uefa_nations_league_2026_27-2047960","uefa_nations_league_2026_27-2047960__score",4,0,0,0.0888843020261096,0.782619686012707,0.217380313987293,"phase14-open-nb-incumbent-calibrated-v1","0e89c2948c77b348c5b6d3832cf6d4e7721ca7794f8f68f857d6ae82b9fe7d50","fc9a617e48969b5d524f9994bccb31de0cb028829b4c58a1999b77cf12c5a990","open_nb_incumbent","c65a4f90477e5b799e234d1a313ff333f6cce12cfc08de93e342d7718c252ff8","vector_w400_p0p010","be1392fd4b9fbfe747ea90c89a17413f72459d8ff708d6d80d1bf086973eb51e","2026-06-10","2026-10-02T18:44:59Z","elo_diff","xgf_ewma_diffmissing_or_zero_variance|xga_ewma_diffmissing_or_zero_variance|xgd_ewma_diffmissing_or_zero_variance|form_index_diff","9eeb0e092b34a105edf015b1960e39142bd31871078e76a9074d38036c8b3726"
"uefa_nations_league_2026_27","uefa_nations_league_2026_27-2047960","uefa_nations_league_2026_27-2047960","uefa_nations_league_2026_27-2047960__score",5,2,1,0.0828944652200452,0.782619686012707,0.217380313987293,"phase14-open-nb-incumbent-calibrated-v1","0e89c2948c77b348c5b6d3832cf6d4e7721ca7794f8f68f857d6ae82b9fe7d50","fc9a617e48969b5d524f9994bccb31de0cb028829b4c58a1999b77cf12c5a990","open_nb_incumbent","c65a4f90477e5b799e234d1a313ff333f6cce12cfc08de93e342d7718c252ff8","vector_w400_p0p010","be1392fd4b9fbfe747ea90c89a17413f72459d8ff708d6d80d1bf086973eb51e","2026-06-10","2026-10-02T18:44:59Z","elo_diff","xgf_ewma_diffmissing_or_zero_variance|xga_ewma_diffmissing_or_zero_variance|xgd_ewma_diffmissing_or_zero_variance|form_index_diff","6fb7b161cd15ef98928f2ffec864508ea9d6f848b9a5d21ea40143ddecaafbd5"
"uefa_nations_league_2026_27","uefa_nations_league_2026_27-2047960","uefa_nations_league_2026_27-2047960","uefa_nations_league_2026_27-2047960__score",6,3,0,0.070767190996574,0.782619686012707,0.217380313987293,"phase14-open-nb-incumbent-calibrated-v1","0e89c2948c77b348c5b6d3832cf6d4e7721ca7794f8f68f857d6ae82b9fe7d50","fc9a617e48969b5d524f9994bccb31de0cb028829b4c58a1999b77cf12c5a990","open_nb_incumbent","c65a4f90477e5b799e234d1a313ff333f6cce12cfc08de93e342d7718c252ff8","vector_w400_p0p010","be1392fd4b9fbfe747ea90c89a17413f72459d8ff708d6d80d1bf086973eb51e","2026-06-10","2026-10-02T18:44:59Z","elo_diff","xgf_ewma_diffmissing_or_zero_variance|xga_ewma_diffmissing_or_zero_variance|xgd_ewma_diffmissing_or_zero_variance|form_index_diff","07f2531d69f357ce2bd5b93b7c70fac22c460a1264e7dff6d3e3d461b6029f47"
"uefa_nations_league_2026_27","uefa_nations_league_2026_27-2047960","uefa_nations_league_2026_27-2047960","uefa_nations_league_2026_27-2047960__score",7,0,1,0.0637726150811704,0.782619686012707,0.217380313987293,"phase14-open-nb-incumbent-calibrated-v1","0e89c2948c77b348c5b6d3832cf6d4e7721ca7794f8f68f857d6ae82b9fe7d50","fc9a617e48969b5d524f9994bccb31de0cb028829b4c58a1999b77cf12c5a990","open_nb_incumbent","c65a4f90477e5b799e234d1a313ff333f6cce12cfc08de93e342d7718c252ff8","vector_w400_p0p010","be1392fd4b9fbfe747ea90c89a17413f72459d8ff708d6d80d1bf086973eb51e","2026-06-10","2026-10-02T18:44:59Z","elo_diff","xgf_ewma_diffmissing_or_zero_variance|xga_ewma_diffmissing_or_zero_variance|xgd_ewma_diffmissing_or_zero_variance|form_index_diff","01f78571f6e6485cdd8e6613cb947c5850f003d955a67150f38f710c77262ca2"
"uefa_nations_league_2026_27","uefa_nations_league_2026_27-2047960","uefa_nations_league_2026_27-2047960","uefa_nations_league_2026_27-2047960__score",8,3,1,0.0507739694065943,0.782619686012707,0.217380313987293,"phase14-open-nb-incumbent-calibrated-v1","0e89c2948c77b348c5b6d3832cf6d4e7721ca7794f8f68f857d6ae82b9fe7d50","fc9a617e48969b5d524f9994bccb31de0cb028829b4c58a1999b77cf12c5a990","open_nb_incumbent","c65a4f90477e5b799e234d1a313ff333f6cce12cfc08de93e342d7718c252ff8","vector_w400_p0p010","be1392fd4b9fbfe747ea90c89a17413f72459d8ff708d6d80d1bf086973eb51e","2026-06-10","2026-10-02T18:44:59Z","elo_diff","xgf_ewma_diffmissing_or_zero_variance|xga_ewma_diffmissing_or_zero_variance|xgd_ewma_diffmissing_or_zero_variance|form_index_diff","91ef6d67f756cc82443bda6a700ca7167a7bfe23592f420ca83042e76ac1633c"
"uefa_nations_league_2026_27","uefa_nations_league_2026_27-2047960","uefa_nations_league_2026_27-2047960","uefa_nations_league_2026_27-2047960__score",9,1,2,0.0398178617451374,0.782619686012707,0.217380313987293,"phase14-open-nb-incumbent-calibrated-v1","0e89c2948c77b348c5b6d3832cf6d4e7721ca7794f8f68f857d6ae82b9fe7d50","fc9a617e48969b5d524f9994bccb31de0cb028829b4c58a1999b77cf12c5a990","open_nb_incumbent","c65a4f90477e5b799e234d1a313ff333f6cce12cfc08de93e342d7718c252ff8","vector_w400_p0p010","be1392fd4b9fbfe747ea90c89a17413f72459d8ff708d6d80d1bf086973eb51e","2026-06-10","2026-10-02T18:44:59Z","elo_diff","xgf_ewma_diffmissing_or_zero_variance|xga_ewma_diffmissing_or_zero_variance|xgd_ewma_diffmissing_or_zero_variance|form_index_diff","16fd78d5159dbe2d556794c1e0e3987b3c1a5f4f788596959cdf68bf2b2b41e2"
"uefa_nations_league_2026_27","uefa_nations_league_2026_27-2047960","uefa_nations_league_2026_27-2047960","uefa_nations_league_2026_27-2047960__score",10,4,0,0.0351450596856132,0.782619686012707,0.217380313987293,"phase14-open-nb-incumbent-calibrated-v1","0e89c2948c77b348c5b6d3832cf6d4e7721ca7794f8f68f857d6ae82b9fe7d50","fc9a617e48969b5d524f9994bccb31de0cb028829b4c58a1999b77cf12c5a990","open_nb_incumbent","c65a4f90477e5b799e234d1a313ff333f6cce12cfc08de93e342d7718c252ff8","vector_w400_p0p010","be1392fd4b9fbfe747ea90c89a17413f72459d8ff708d6d80d1bf086973eb51e","2026-06-10","2026-10-02T18:44:59Z","elo_diff","xgf_ewma_diffmissing_or_zero_variance|xga_ewma_diffmissing_or_zero_variance|xgd_ewma_diffmissing_or_zero_variance|form_index_diff","8d9ea92d2d3985af73e87746fd6c0f1257c26ab3edc0ffee14cd0c476550face"
"uefa_nations_league_2026_27","uefa_nations_league_2026_27-2047961","uefa_nations_league_2026_27-2047961","uefa_nations_league_2026_27-2047961__score",1,1,0,0.13640220578519,0.78337050626579,0.216629493734209,"phase14-open-nb-incumbent-calibrated-v1","0e89c2948c77b348c5b6d3832cf6d4e7721ca7794f8f68f857d6ae82b9fe7d50","fc9a617e48969b5d524f9994bccb31de0cb028829b4c58a1999b77cf12c5a990","open_nb_incumbent","c65a4f90477e5b799e234d1a313ff333f6cce12cfc08de93e342d7718c252ff8","vector_w400_p0p010","be1392fd4b9fbfe747ea90c89a17413f72459d8ff708d6d80d1bf086973eb51e","2026-06-10","2026-10-02T18:44:59Z","elo_diff","xgf_ewma_diffmissing_or_zero_variance|xga_ewma_diffmissing_or_zero_variance|xgd_ewma_diffmissing_or_zero_variance|form_index_diff","3d39cdf5d3d2a1fc65d5b681b6ad95c31306f2a5b79bc3b9fd0dbe23e029afbb"
"uefa_nations_league_2026_27","uefa_nations_league_2026_27-2047961","uefa_nations_league_2026_27-2047961","uefa_nations_league_2026_27-2047961__score",2,2,0,0.112364822430345,0.78337050626579,0.216629493734209,"phase14-open-nb-incumbent-calibrated-v1","0e89c2948c77b348c5b6d3832cf6d4e7721ca7794f8f68f857d6ae82b9fe7d50","fc9a617e48969b5d524f9994bccb31de0cb028829b4c58a1999b77cf12c5a990","open_nb_incumbent","c65a4f90477e5b799e234d1a313ff333f6cce12cfc08de93e342d7718c252ff8","vector_w400_p0p010","be1392fd4b9fbfe747ea90c89a17413f72459d8ff708d6d80d1bf086973eb51e","2026-06-10","2026-10-02T18:44:59Z","elo_diff","xgf_ewma_diffmissing_or_zero_variance|xga_ewma_diffmissing_or_zero_variance|xgd_ewma_diffmissing_or_zero_variance|form_index_diff","e3efc8065a7f4cd69bdfc311f6e079782208bf6c467c3222499f65f47f9ac6cb"
"uefa_nations_league_2026_27","uefa_nations_league_2026_27-2047961","uefa_nations_league_2026_27-2047961","uefa_nations_league_2026_27-2047961__score",3,1,1,0.10064334503531,0.78337050626579,0.216629493734209,"phase14-open-nb-incumbent-calibrated-v1","0e89c2948c77b348c5b6d3832cf6d4e7721ca7794f8f68f857d6ae82b9fe7d50","fc9a617e48969b5d524f9994bccb31de0cb028829b4c58a1999b77cf12c5a990","open_nb_incumbent","c65a4f90477e5b799e234d1a313ff333f6cce12cfc08de93e342d7718c252ff8","vector_w400_p0p010","be1392fd4b9fbfe747ea90c89a17413f72459d8ff708d6d80d1bf086973eb51e","2026-06-10","2026-10-02T18:44:59Z","elo_diff","xgf_ewma_diffmissing_or_zero_variance|xga_ewma_diffmissing_or_zero_variance|xgd_ewma_diffmissing_or_zero_variance|form_index_diff","b2d74a7d44c4ad0feb01e54901aa4790803d34b42f0b61536cb007c4b6dcbf1b"
"uefa_nations_league_2026_27","uefa_nations_league_2026_27-2047961","uefa_nations_league_2026_27-2047961","uefa_nations_league_2026_27-2047961__score",4,0,0,0.0908020666630352,0.78337050626579,0.216629493734209,"phase14-open-nb-incumbent-calibrated-v1","0e89c2948c77b348c5b6d3832cf6d4e7721ca7794f8f68f857d6ae82b9fe7d50","fc9a617e48969b5d524f9994bccb31de0cb028829b4c58a1999b77cf12c5a990","open_nb_incumbent","c65a4f90477e5b799e234d1a313ff333f6cce12cfc08de93e342d7718c252ff8","vector_w400_p0p010","be1392fd4b9fbfe747ea90c89a17413f72459d8ff708d6d80d1bf086973eb51e","2026-06-10","2026-10-02T18:44:59Z","elo_diff","xgf_ewma_diffmissing_or_zero_variance|xga_ewma_diffmissing_or_zero_variance|xgd_ewma_diffmissing_or_zero_variance|form_index_diff","a7d3509ef3bf3108b6ce80ae89239ad9ed5850efb893cb230b2883e1552b936c"
"uefa_nations_league_2026_27","uefa_nations_league_2026_27-2047961","uefa_nations_league_2026_27-2047961","uefa_nations_league_2026_27-2047961__score",5,2,1,0.0829075419168656,0.78337050626579,0.216629493734209,"phase14-open-nb-incumbent-calibrated-v1","0e89c2948c77b348c5b6d3832cf6d4e7721ca7794f8f68f857d6ae82b9fe7d50","fc9a617e48969b5d524f9994bccb31de0cb028829b4c58a1999b77cf12c5a990","open_nb_incumbent","c65a4f90477e5b799e234d1a313ff333f6cce12cfc08de93e342d7718c252ff8","vector_w400_p0p010","be1392fd4b9fbfe747ea90c89a17413f72459d8ff708d6d80d1bf086973eb51e","2026-06-10","2026-10-02T18:44:59Z","elo_diff","xgf_ewma_diffmissing_or_zero_variance|xga_ewma_diffmissing_or_zero_variance|xgd_ewma_diffmissing_or_zero_variance|form_index_diff","c231b5f6b31200a13c943f4d385b81a7d54a8a5dbeabf6e54dfcd497e9fb3023"
"uefa_nations_league_2026_27","uefa_nations_league_2026_27-2047961","uefa_nations_league_2026_27-2047961","uefa_nations_league_2026_27-2047961__score",6,3,0,0.0671533398486498,0.78337050626579,0.216629493734209,"phase14-open-nb-incumbent-calibrated-v1","0e89c2948c77b348c5b6d3832cf6d4e7721ca7794f8f68f857d6ae82b9fe7d50","fc9a617e48969b5d524f9994bccb31de0cb028829b4c58a1999b77cf12c5a990","open_nb_incumbent","c65a4f90477e5b799e234d1a313ff333f6cce12cfc08de93e342d7718c252ff8","vector_w400_p0p010","be1392fd4b9fbfe747ea90c89a17413f72459d8ff708d6d80d1bf086973eb51e","2026-06-10","2026-10-02T18:44:59Z","elo_diff","xgf_ewma_diffmissing_or_zero_variance|xga_ewma_diffmissing_or_zero_variance|xgd_ewma_diffmissing_or_zero_variance|form_index_diff","03f9e3e8a65e8dc161bcccf9ebca4c298c1a47b83b79a3231625a80f7f721a25"
"uefa_nations_league_2026_27","uefa_nations_league_2026_27-2047961","uefa_nations_league_2026_27-2047961","uefa_nations_league_2026_27-2047961__score",7,0,1,0.0669976242134886,0.78337050626579,0.216629493734209,"phase14-open-nb-incumbent-calibrated-v1","0e89c2948c77b348c5b6d3832cf6d4e7721ca7794f8f68f857d6ae82b9fe7d50","fc9a617e48969b5d524f9994bccb31de0cb028829b4c58a1999b77cf12c5a990","open_nb_incumbent","c65a4f90477e5b799e234d1a313ff333f6cce12cfc08de93e342d7718c252ff8","vector_w400_p0p010","be1392fd4b9fbfe747ea90c89a17413f72459d8ff708d6d80d1bf086973eb51e","2026-06-10","2026-10-02T18:44:59Z","elo_diff","xgf_ewma_diffmissing_or_zero_variance|xga_ewma_diffmissing_or_zero_variance|xgd_ewma_diffmissing_or_zero_variance|form_index_diff","093a2f393fac220971d789365f2512b75ba7cd31a12fa59b4f6e0289c574462b"
"uefa_nations_league_2026_27","uefa_nations_league_2026_27-2047961","uefa_nations_league_2026_27-2047961","uefa_nations_league_2026_27-2047961__score",8,3,1,0.0495485884099605,0.78337050626579,0.216629493734209,"phase14-open-nb-incumbent-calibrated-v1","0e89c2948c77b348c5b6d3832cf6d4e7721ca7794f8f68f857d6ae82b9fe7d50","fc9a617e48969b5d524f9994bccb31de0cb028829b4c58a1999b77cf12c5a990","open_nb_incumbent","c65a4f90477e5b799e234d1a313ff333f6cce12cfc08de93e342d7718c252ff8","vector_w400_p0p010","be1392fd4b9fbfe747ea90c89a17413f72459d8ff708d6d80d1bf086973eb51e","2026-06-10","2026-10-02T18:44:59Z","elo_diff","xgf_ewma_diffmissing_or_zero_variance|xga_ewma_diffmissing_or_zero_variance|xgd_ewma_diffmissing_or_zero_variance|form_index_diff","1e1b331f4a4af0314c7b4c1908bee31fdfafc657a5e501143fa5b9cc3778b69e"
"uefa_nations_league_2026_27","uefa_nations_league_2026_27-2047961","uefa_nations_league_2026_27-2047961","uefa_nations_league_2026_27-2047961__score",9,1,2,0.0419738962419862,0.78337050626579,0.216629493734209,"phase14-open-nb-incumbent-calibrated-v1","0e89c2948c77b348c5b6d3832cf6d4e7721ca7794f8f68f857d6ae82b9fe7d50","fc9a617e48969b5d524f9994bccb31de0cb028829b4c58a1999b77cf12c5a990","open_nb_incumbent","c65a4f90477e5b799e234d1a313ff333f6cce12cfc08de93e342d7718c252ff8","vector_w400_p0p010","be1392fd4b9fbfe747ea90c89a17413f72459d8ff708d6d80d1bf086973eb51e","2026-06-10","2026-10-02T18:44:59Z","elo_diff","xgf_ewma_diffmissing_or_zero_variance|xga_ewma_diffmissing_or_zero_variance|xgd_ewma_diffmissing_or_zero_variance|form_index_diff","e311f4cadd34edde660ba27fb3f943e43ffc6230c873d9e9a618e3e1f9cfd6cc"
"uefa_nations_league_2026_27","uefa_nations_league_2026_27-2047961","uefa_nations_league_2026_27-2047961","uefa_nations_league_2026_27-2047961__score",10,2,2,0.0345770757209602,0.78337050626579,0.216629493734209,"phase14-open-nb-incumbent-calibrated-v1","0e89c2948c77b348c5b6d3832cf6d4e7721ca7794f8f68f857d6ae82b9fe7d50","fc9a617e48969b5d524f9994bccb31de0cb028829b4c58a1999b77cf12c5a990","open_nb_incumbent","c65a4f90477e5b799e234d1a313ff333f6cce12cfc08de93e342d7718c252ff8","vector_w400_p0p010","be1392fd4b9fbfe747ea90c89a17413f72459d8ff708d6d80d1bf086973eb51e","2026-06-10","2026-10-02T18:44:59Z","elo_diff","xgf_ewma_diffmissing_or_zero_variance|xga_ewma_diffmissing_or_zero_variance|xgd_ewma_diffmissing_or_zero_variance|form_index_diff","da21fe61220d4e66d110fbe5d122ce830004147111e283a752fc72233f7af8fc"
"uefa_nations_league_2026_27","uefa_nations_league_2026_27-2047962","uefa_nations_league_2026_27-2047962","uefa_nations_league_2026_27-2047962__score",1,1,0,0.136319715579563,0.783630245640669,0.216369754359331,"phase14-open-nb-incumbent-calibrated-v1","0e89c2948c77b348c5b6d3832cf6d4e7721ca7794f8f68f857d6ae82b9fe7d50","fc9a617e48969b5d524f9994bccb31de0cb028829b4c58a1999b77cf12c5a990","open_nb_incumbent","c65a4f90477e5b799e234d1a313ff333f6cce12cfc08de93e342d7718c252ff8","vector_w400_p0p010","be1392fd4b9fbfe747ea90c89a17413f72459d8ff708d6d80d1bf086973eb51e","2026-06-10","2026-10-02T18:44:59Z","elo_diff","xgf_ewma_diffmissing_or_zero_variance|xga_ewma_diffmissing_or_zero_variance|xgd_ewma_diffmissing_or_zero_variance|form_index_diff","5c8ccdb101ee3b8cbb5abbb6a735332f3cfbbebe516b72f0aa79e572aeafce52"
"uefa_nations_league_2026_27","uefa_nations_league_2026_27-2047962","uefa_nations_league_2026_27-2047962","uefa_nations_league_2026_27-2047962__score",2,2,0,0.111905849035544,0.783630245640669,0.216369754359331,"phase14-open-nb-incumbent-calibrated-v1","0e89c2948c77b348c5b6d3832cf6d4e7721ca7794f8f68f857d6ae82b9fe7d50","fc9a617e48969b5d524f9994bccb31de0cb028829b4c58a1999b77cf12c5a990","open_nb_incumbent","c65a4f90477e5b799e234d1a313ff333f6cce12cfc08de93e342d7718c252ff8","vector_w400_p0p010","be1392fd4b9fbfe747ea90c89a17413f72459d8ff708d6d80d1bf086973eb51e","2026-06-10","2026-10-02T18:44:59Z","elo_diff","xgf_ewma_diffmissing_or_zero_variance|xga_ewma_diffmissing_or_zero_variance|xgd_ewma_diffmissing_or_zero_variance|form_index_diff","c627dbf25e275ff00e199a820fef3a87a065e33a54a221379f01baabe1f19e6c"
"uefa_nations_league_2026_27","uefa_nations_league_2026_27-2047962","uefa_nations_league_2026_27-2047962","uefa_nations_league_2026_27-2047962__score",3,1,1,0.100980977730052,0.783630245640669,0.216369754359331,"phase14-open-nb-incumbent-calibrated-v1","0e89c2948c77b348c5b6d3832cf6d4e7721ca7794f8f68f857d6ae82b9fe7d50","fc9a617e48969b5d524f9994bccb31de0cb028829b4c58a1999b77cf12c5a990","open_nb_incumbent","c65a4f90477e5b799e234d1a313ff333f6cce12cfc08de93e342d7718c252ff8","vector_w400_p0p010","be1392fd4b9fbfe747ea90c89a17413f72459d8ff708d6d80d1bf086973eb51e","2026-06-10","2026-10-02T18:44:59Z","elo_diff","xgf_ewma_diffmissing_or_zero_variance|xga_ewma_diffmissing_or_zero_variance|xgd_ewma_diffmissing_or_zero_variance|form_index_diff","62cc91e822c5ed40caf3fd88ece7aaeced1f5398d26ba5f6b47f7764f3105ba2"
"uefa_nations_league_2026_27","uefa_nations_league_2026_27-2047962","uefa_nations_league_2026_27-2047962","uefa_nations_league_2026_27-2047962__score",4,0,0,0.0910642409944192,0.783630245640669,0.216369754359331,"phase14-open-nb-incumbent-calibrated-v1","0e89c2948c77b348c5b6d3832cf6d4e7721ca7794f8f68f857d6ae82b9fe7d50","fc9a617e48969b5d524f9994bccb31de0cb028829b4c58a1999b77cf12c5a990","open_nb_incumbent","c65a4f90477e5b799e234d1a313ff333f6cce12cfc08de93e342d7718c252ff8","vector_w400_p0p010","be1392fd4b9fbfe747ea90c89a17413f72459d8ff708d6d80d1bf086973eb51e","2026-06-10","2026-10-02T18:44:59Z","elo_diff","xgf_ewma_diffmissing_or_zero_variance|xga_ewma_diffmissing_or_zero_variance|xgd_ewma_diffmissing_or_zero_variance|form_index_diff","700856d9ef8860d0e9dbc175ed2b232cf7fbcd48f7e8b0bcdf60f6b03e4c1e4e"
"uefa_nations_league_2026_27","uefa_nations_league_2026_27-2047962","uefa_nations_league_2026_27-2047962","uefa_nations_league_2026_27-2047962__score",5,2,1,0.0828960213222086,0.783630245640669,0.216369754359331,"phase14-open-nb-incumbent-calibrated-v1","0e89c2948c77b348c5b6d3832cf6d4e7721ca7794f8f68f857d6ae82b9fe7d50","fc9a617e48969b5d524f9994bccb31de0cb028829b4c58a1999b77cf12c5a990","open_nb_incumbent","c65a4f90477e5b799e234d1a313ff333f6cce12cfc08de93e342d7718c252ff8","vector_w400_p0p010","be1392fd4b9fbfe747ea90c89a17413f72459d8ff708d6d80d1bf086973eb51e","2026-06-10","2026-10-02T18:44:59Z","elo_diff","xgf_ewma_diffmissing_or_zero_variance|xga_ewma_diffmissing_or_zero_variance|xgd_ewma_diffmissing_or_zero_variance|form_index_diff","160ef94ab5e47bb5094ebddac4e17cac0b0d9c197c318cb82a1f6ea55b7847bf"
"uefa_nations_league_2026_27","uefa_nations_league_2026_27-2047962","uefa_nations_league_2026_27-2047962","uefa_nations_league_2026_27-2047962__score",6,0,1,0.0674572716995912,0.783630245640669,0.216369754359331,"phase14-open-nb-incumbent-calibrated-v1","0e89c2948c77b348c5b6d3832cf6d4e7721ca7794f8f68f857d6ae82b9fe7d50","fc9a617e48969b5d524f9994bccb31de0cb028829b4c58a1999b77cf12c5a990","open_nb_incumbent","c65a4f90477e5b799e234d1a313ff333f6cce12cfc08de93e342d7718c252ff8","vector_w400_p0p010","be1392fd4b9fbfe747ea90c89a17413f72459d8ff708d6d80d1bf086973eb51e","2026-06-10","2026-10-02T18:44:59Z","elo_diff","xgf_ewma_diffmissing_or_zero_variance|xga_ewma_diffmissing_or_zero_variance|xgd_ewma_diffmissing_or_zero_variance|form_index_diff","bdfd74fcfc99f3c4ba31edf72b27a42c3546d75dadd4dab8615577df7e986e9a"
"uefa_nations_league_2026_27","uefa_nations_league_2026_27-2047962","uefa_nations_league_2026_27-2047962","uefa_nations_league_2026_27-2047962__score",7,3,0,0.0666461663400036,0.783630245640669,0.216369754359331,"phase14-open-nb-incumbent-calibrated-v1","0e89c2948c77b348c5b6d3832cf6d4e7721ca7794f8f68f857d6ae82b9fe7d50","fc9a617e48969b5d524f9994bccb31de0cb028829b4c58a1999b77cf12c5a990","open_nb_incumbent","c65a4f90477e5b799e234d1a313ff333f6cce12cfc08de93e342d7718c252ff8","vector_w400_p0p010","be1392fd4b9fbfe747ea90c89a17413f72459d8ff708d6d80d1bf086973eb51e","2026-06-10","2026-10-02T18:44:59Z","elo_diff","xgf_ewma_diffmissing_or_zero_variance|xga_ewma_diffmissing_or_zero_variance|xgd_ewma_diffmissing_or_zero_variance|form_index_diff","b54b17ebd6758e859411f1124f1b4f2f2c01c2178f800880aa26c546084feb49"
"uefa_nations_league_2026_27","uefa_nations_league_2026_27-2047962","uefa_nations_league_2026_27-2047962","uefa_nations_league_2026_27-2047962__score",8,3,1,0.0493691980676509,0.783630245640669,0.216369754359331,"phase14-open-nb-incumbent-calibrated-v1","0e89c2948c77b348c5b6d3832cf6d4e7721ca7794f8f68f857d6ae82b9fe7d50","fc9a617e48969b5d524f9994bccb31de0cb028829b4c58a1999b77cf12c5a990","open_nb_incumbent","c65a4f90477e5b799e234d1a313ff333f6cce12cfc08de93e342d7718c252ff8","vector_w400_p0p010","be1392fd4b9fbfe747ea90c89a17413f72459d8ff708d6d80d1bf086973eb51e","2026-06-10","2026-10-02T18:44:59Z","elo_diff","xgf_ewma_diffmissing_or_zero_variance|xga_ewma_diffmissing_or_zero_variance|xgd_ewma_diffmissing_or_zero_variance|form_index_diff","e59a0a525662aa22fb226808a9ea7da6381c8bb9572cdcd14ed4b507e502577e"
"uefa_nations_league_2026_27","uefa_nations_league_2026_27-2047962","uefa_nations_league_2026_27-2047962","uefa_nations_league_2026_27-2047962__score",9,1,2,0.0422815620889695,0.783630245640669,0.216369754359331,"phase14-open-nb-incumbent-calibrated-v1","0e89c2948c77b348c5b6d3832cf6d4e7721ca7794f8f68f857d6ae82b9fe7d50","fc9a617e48969b5d524f9994bccb31de0cb028829b4c58a1999b77cf12c5a990","open_nb_incumbent","c65a4f90477e5b799e234d1a313ff333f6cce12cfc08de93e342d7718c252ff8","vector_w400_p0p010","be1392fd4b9fbfe747ea90c89a17413f72459d8ff708d6d80d1bf086973eb51e","2026-06-10","2026-10-02T18:44:59Z","elo_diff","xgf_ewma_diffmissing_or_zero_variance|xga_ewma_diffmissing_or_zero_variance|xgd_ewma_diffmissing_or_zero_variance|form_index_diff","74801cfc164f0be9c31ee5a2135185f95d6890a9b1145be219debec0ae8e6da3"
"uefa_nations_league_2026_27","uefa_nations_league_2026_27-2047962","uefa_nations_league_2026_27-2047962","uefa_nations_league_2026_27-2047962__score",10,2,2,0.0347092427826673,0.783630245640669,0.216369754359331,"phase14-open-nb-incumbent-calibrated-v1","0e89c2948c77b348c5b6d3832cf6d4e7721ca7794f8f68f857d6ae82b9fe7d50","fc9a617e48969b5d524f9994bccb31de0cb028829b4c58a1999b77cf12c5a990","open_nb_incumbent","c65a4f90477e5b799e234d1a313ff333f6cce12cfc08de93e342d7718c252ff8","vector_w400_p0p010","be1392fd4b9fbfe747ea90c89a17413f72459d8ff708d6d80d1bf086973eb51e","2026-06-10","2026-10-02T18:44:59Z","elo_diff","xgf_ewma_diffmissing_or_zero_variance|xga_ewma_diffmissing_or_zero_variance|xgd_ewma_diffmissing_or_zero_variance|form_index_diff","9af118b754c4911e6ba272a2c57fb1551ee01ee755d6db1af365b147b3b15426"
"uefa_nations_league_2026_27","uefa_nations_league_2026_27-2047963","uefa_nations_league_2026_27-2047963","uefa_nations_league_2026_27-2047963__score",1,1,0,0.136247366818289,0.783834497047461,0.216165502952539,"phase14-open-nb-incumbent-calibrated-v1","0e89c2948c77b348c5b6d3832cf6d4e7721ca7794f8f68f857d6ae82b9fe7d50","fc9a617e48969b5d524f9994bccb31de0cb028829b4c58a1999b77cf12c5a990","open_nb_incumbent","c65a4f90477e5b799e234d1a313ff333f6cce12cfc08de93e342d7718c252ff8","vector_w400_p0p010","be1392fd4b9fbfe747ea90c89a17413f72459d8ff708d6d80d1bf086973eb51e","2026-06-10","2026-10-02T18:44:59Z","elo_diff","xgf_ewma_diffmissing_or_zero_variance|xga_ewma_diffmissing_or_zero_variance|xgd_ewma_diffmissing_or_zero_variance|form_index_diff","a8174026d6c67761e148ff26d9b68a7efa7f33c46c6e9b6c1a5d356bbc5ff20b"
"uefa_nations_league_2026_27","uefa_nations_league_2026_27-2047963","uefa_nations_league_2026_27-2047963","uefa_nations_league_2026_27-2047963__score",2,2,0,0.111522176200024,0.783834497047461,0.216165502952539,"phase14-open-nb-incumbent-calibrated-v1","0e89c2948c77b348c5b6d3832cf6d4e7721ca7794f8f68f857d6ae82b9fe7d50","fc9a617e48969b5d524f9994bccb31de0cb028829b4c58a1999b77cf12c5a990","open_nb_incumbent","c65a4f90477e5b799e234d1a313ff333f6cce12cfc08de93e342d7718c252ff8","vector_w400_p0p010","be1392fd4b9fbfe747ea90c89a17413f72459d8ff708d6d80d1bf086973eb51e","2026-06-10","2026-10-02T18:44:59Z","elo_diff","xgf_ewma_diffmissing_or_zero_variance|xga_ewma_diffmissing_or_zero_variance|xgd_ewma_diffmissing_or_zero_variance|form_index_diff","0ccf940d181cdebaf101b48c94efb31ad7266b5f3b1a2f9d77d7adf65a14630c"
"uefa_nations_league_2026_27","uefa_nations_league_2026_27-2047963","uefa_nations_league_2026_27-2047963","uefa_nations_league_2026_27-2047963__score",3,1,1,0.101259818396588,0.783834497047461,0.216165502952539,"phase14-open-nb-incumbent-calibrated-v1","0e89c2948c77b348c5b6d3832cf6d4e7721ca7794f8f68f857d6ae82b9fe7d50","fc9a617e48969b5d524f9994bccb31de0cb028829b4c58a1999b77cf12c5a990","open_nb_incumbent","c65a4f90477e5b799e234d1a313ff333f6cce12cfc08de93e342d7718c252ff8","vector_w400_p0p010","be1392fd4b9fbfe747ea90c89a17413f72459d8ff708d6d80d1bf086973eb51e","2026-06-10","2026-10-02T18:44:59Z","elo_diff","xgf_ewma_diffmissing_or_zero_variance|xga_ewma_diffmissing_or_zero_variance|xgd_ewma_diffmissing_or_zero_variance|form_index_diff","f47e5e57581c2b0d96df1d6122432420293f00376a7d235fabb0478e42cd2878"
"uefa_nations_league_2026_27","uefa_nations_league_2026_27-2047963","uefa_nations_league_2026_27-2047963","uefa_nations_league_2026_27-2047963__score",4,0,0,0.0912805642417098,0.783834497047461,0.216165502952539,"phase14-open-nb-incumbent-calibrated-v1","0e89c2948c77b348c5b6d3832cf6d4e7721ca7794f8f68f857d6ae82b9fe7d50","fc9a617e48969b5d524f9994bccb31de0cb028829b4c58a1999b77cf12c5a990","open_nb_incumbent","c65a4f90477e5b799e234d1a313ff333f6cce12cfc08de93e342d7718c252ff8","vector_w400_p0p010","be1392fd4b9fbfe747ea90c89a17413f72459d8ff708d6d80d1bf086973eb51e","2026-06-10","2026-10-02T18:44:59Z","elo_diff","xgf_ewma_diffmissing_or_zero_variance|xga_ewma_diffmissing_or_zero_variance|xgd_ewma_diffmissing_or_zero_variance|form_index_diff","2f191e060475d3a9672fee845fa83a23b045d0fafdf7767f8908de9d2f81a476"
"uefa_nations_league_2026_27","uefa_nations_league_2026_27-2047963","uefa_nations_league_2026_27-2047963","uefa_nations_league_2026_27-2047963__score",5,2,1,0.0828839160192187,0.783834497047461,0.216165502952539,"phase14-open-nb-incumbent-calibrated-v1","0e89c2948c77b348c5b6d3832cf6d4e7721ca7794f8f68f857d6ae82b9fe7d50","fc9a617e48969b5d524f9994bccb31de0cb028829b4c58a1999b77cf12c5a990","open_nb_incumbent","c65a4f90477e5b799e234d1a313ff333f6cce12cfc08de93e342d7718c252ff8","vector_w400_p0p010","be1392fd4b9fbfe747ea90c89a17413f72459d8ff708d6d80d1bf086973eb51e","2026-06-10","2026-10-02T18:44:59Z","elo_diff","xgf_ewma_diffmissing_or_zero_variance|xga_ewma_diffmissing_or_zero_variance|xgd_ewma_diffmissing_or_zero_variance|form_index_diff","b6378be34da0145ff5df5f9842ecdf95cec150c472441f9a8900af38f1eba86b"
"uefa_nations_league_2026_27","uefa_nations_league_2026_27-2047963","uefa_nations_league_2026_27-2047963","uefa_nations_league_2026_27-2047963__score",6,0,1,0.0678402348177562,0.783834497047461,0.216165502952539,"phase14-open-nb-incumbent-calibrated-v1","0e89c2948c77b348c5b6d3832cf6d4e7721ca7794f8f68f857d6ae82b9fe7d50","fc9a617e48969b5d524f9994bccb31de0cb028829b4c58a1999b77cf12c5a990","open_nb_incumbent","c65a4f90477e5b799e234d1a313ff333f6cce12cfc08de93e342d7718c252ff8","vector_w400_p0p010","be1392fd4b9fbfe747ea90c89a17413f72459d8ff708d6d80d1bf086973eb51e","2026-06-10","2026-10-02T18:44:59Z","elo_diff","xgf_ewma_diffmissing_or_zero_variance|xga_ewma_diffmissing_or_zero_variance|xgd_ewma_diffmissing_or_zero_variance|form_index_diff","68fe1837b33050b7b3de98b75533f59582d4ebae25c1fb330bd9a55e21152de4"
"uefa_nations_league_2026_27","uefa_nations_league_2026_27-2047963","uefa_nations_league_2026_27-2047963","uefa_nations_league_2026_27-2047963__score",7,3,0,0.0662251002154557,0.783834497047461,0.216165502952539,"phase14-open-nb-incumbent-calibrated-v1","0e89c2948c77b348c5b6d3832cf6d4e7721ca7794f8f68f857d6ae82b9fe7d50","fc9a617e48969b5d524f9994bccb31de0cb028829b4c58a1999b77cf12c5a990","open_nb_incumbent","c65a4f90477e5b799e234d1a313ff333f6cce12cfc08de93e342d7718c252ff8","vector_w400_p0p010","be1392fd4b9fbfe747ea90c89a17413f72459d8ff708d6d80d1bf086973eb51e","2026-06-10","2026-10-02T18:44:59Z","elo_diff","xgf_ewma_diffmissing_or_zero_variance|xga_ewma_diffmissing_or_zero_variance|xgd_ewma_diffmissing_or_zero_variance|form_index_diff","0c927a76b682b473e1fdfbcb62347444d17525698fc13d9bbe6fbf6ebe605cd4"
"uefa_nations_league_2026_27","uefa_nations_league_2026_27-2047963","uefa_nations_league_2026_27-2047963","uefa_nations_league_2026_27-2047963__score",8,3,1,0.0492188713639989,0.783834497047461,0.216165502952539,"phase14-open-nb-incumbent-calibrated-v1","0e89c2948c77b348c5b6d3832cf6d4e7721ca7794f8f68f857d6ae82b9fe7d50","fc9a617e48969b5d524f9994bccb31de0cb028829b4c58a1999b77cf12c5a990","open_nb_incumbent","c65a4f90477e5b799e234d1a313ff333f6cce12cfc08de93e342d7718c252ff8","vector_w400_p0p010","be1392fd4b9fbfe747ea90c89a17413f72459d8ff708d6d80d1bf086973eb51e","2026-06-10","2026-10-02T18:44:59Z","elo_diff","xgf_ewma_diffmissing_or_zero_variance|xga_ewma_diffmissing_or_zero_variance|xgd_ewma_diffmissing_or_zero_variance|form_index_diff","edb9cc1b64fb6b71c3561ddc9473cdcedfd72dbd1ca118f618a0c59c15025422"
"uefa_nations_league_2026_27","uefa_nations_league_2026_27-2047963","uefa_nations_league_2026_27-2047963","uefa_nations_league_2026_27-2047963__score",9,1,2,0.0425379663326868,0.783834497047461,0.216165502952539,"phase14-open-nb-incumbent-calibrated-v1","0e89c2948c77b348c5b6d3832cf6d4e7721ca7794f8f68f857d6ae82b9fe7d50","fc9a617e48969b5d524f9994bccb31de0cb028829b4c58a1999b77cf12c5a990","open_nb_incumbent","c65a4f90477e5b799e234d1a313ff333f6cce12cfc08de93e342d7718c252ff8","vector_w400_p0p010","be1392fd4b9fbfe747ea90c89a17413f72459d8ff708d6d80d1bf086973eb51e","2026-06-10","2026-10-02T18:44:59Z","elo_diff","xgf_ewma_diffmissing_or_zero_variance|xga_ewma_diffmissing_or_zero_variance|xgd_ewma_diffmissing_or_zero_variance|form_index_diff","05992a4bece8febe6d6b76a886ab20df8850ec58c9be796990028e41cd9aa5de"
"uefa_nations_league_2026_27","uefa_nations_league_2026_27-2047963","uefa_nations_league_2026_27-2047963","uefa_nations_league_2026_27-2047963__score",10,2,2,0.0348184826417341,0.783834497047461,0.216165502952539,"phase14-open-nb-incumbent-calibrated-v1","0e89c2948c77b348c5b6d3832cf6d4e7721ca7794f8f68f857d6ae82b9fe7d50","fc9a617e48969b5d524f9994bccb31de0cb028829b4c58a1999b77cf12c5a990","open_nb_incumbent","c65a4f90477e5b799e234d1a313ff333f6cce12cfc08de93e342d7718c252ff8","vector_w400_p0p010","be1392fd4b9fbfe747ea90c89a17413f72459d8ff708d6d80d1bf086973eb51e","2026-06-10","2026-10-02T18:44:59Z","elo_diff","xgf_ewma_diffmissing_or_zero_variance|xga_ewma_diffmissing_or_zero_variance|xgd_ewma_diffmissing_or_zero_variance|form_index_diff","c7cb0e51b8d37b39737612f8602908e2ee5cd16213bbb6959b6f0f1af43d09e0"
"uefa_nations_league_2026_27","uefa_nations_league_2026_27-2047964","uefa_nations_league_2026_27-2047964","uefa_nations_league_2026_27-2047964__score",1,0,1,0.121955444135045,0.777301515019845,0.222698484980155,"phase14-open-nb-incumbent-calibrated-v1","0e89c2948c77b348c5b6d3832cf6d4e7721ca7794f8f68f857d6ae82b9fe7d50","fc9a617e48969b5d524f9994bccb31de0cb028829b4c58a1999b77cf12c5a990","open_nb_incumbent","c65a4f90477e5b799e234d1a313ff333f6cce12cfc08de93e342d7718c252ff8","vector_w400_p0p010","be1392fd4b9fbfe747ea90c89a17413f72459d8ff708d6d80d1bf086973eb51e","2026-06-10","2026-10-02T18:44:59Z","elo_diff","xgf_ewma_diffmissing_or_zero_variance|xga_ewma_diffmissing_or_zero_variance|xgd_ewma_diffmissing_or_zero_variance|form_index_diff","7ad572d71560909a315fc8aed8c8bdf79e130604317f2fd0d1a1adb9e4c660ee"
"uefa_nations_league_2026_27","uefa_nations_league_2026_27-2047964","uefa_nations_league_2026_27-2047964","uefa_nations_league_2026_27-2047964__score",2,1,1,0.112826577900631,0.777301515019845,0.222698484980155,"phase14-open-nb-incumbent-calibrated-v1","0e89c2948c77b348c5b6d3832cf6d4e7721ca7794f8f68f857d6ae82b9fe7d50","fc9a617e48969b5d524f9994bccb31de0cb028829b4c58a1999b77cf12c5a990","open_nb_incumbent","c65a4f90477e5b799e234d1a313ff333f6cce12cfc08de93e342d7718c252ff8","vector_w400_p0p010","be1392fd4b9fbfe747ea90c89a17413f72459d8ff708d6d80d1bf086973eb51e","2026-06-10","2026-10-02T18:44:59Z","elo_diff","xgf_ewma_diffmissing_or_zero_variance|xga_ewma_diffmissing_or_zero_variance|xgd_ewma_diffmissing_or_zero_variance|form_index_diff","2b1bbc686fdfec14de792ddea0ab077e7e34d57d83f846989cea195f0bd8ea7b"
"uefa_nations_league_2026_27","uefa_nations_league_2026_27-2047964","uefa_nations_league_2026_27-2047964","uefa_nations_league_2026_27-2047964__score",3,0,0,0.0988982691192129,0.777301515019845,0.222698484980155,"phase14-open-nb-incumbent-calibrated-v1","0e89c2948c77b348c5b6d3832cf6d4e7721ca7794f8f68f857d6ae82b9fe7d50","fc9a617e48969b5d524f9994bccb31de0cb028829b4c58a1999b77cf12c5a990","open_nb_incumbent","c65a4f90477e5b799e234d1a313ff333f6cce12cfc08de93e342d7718c252ff8","vector_w400_p0p010","be1392fd4b9fbfe747ea90c89a17413f72459d8ff708d6d80d1bf086973eb51e","2026-06-10","2026-10-02T18:44:59Z","elo_diff","xgf_ewma_diffmissing_or_zero_variance|xga_ewma_diffmissing_or_zero_variance|xgd_ewma_diffmissing_or_zero_variance|form_index_diff","48a8c8ae97c3585fa213a1e8f9bac086ea7be04b28e8ddf3534f6f4a1b7d3084"
"uefa_nations_league_2026_27","uefa_nations_league_2026_27-2047964","uefa_nations_league_2026_27-2047964","uefa_nations_league_2026_27-2047964__score",4,1,0,0.0914953272004851,0.777301515019845,0.222698484980155,"phase14-open-nb-incumbent-calibrated-v1","0e89c2948c77b348c5b6d3832cf6d4e7721ca7794f8f68f857d6ae82b9fe7d50","fc9a617e48969b5d524f9994bccb31de0cb028829b4c58a1999b77cf12c5a990","open_nb_incumbent","c65a4f90477e5b799e234d1a313ff333f6cce12cfc08de93e342d7718c252ff8","vector_w400_p0p010","be1392fd4b9fbfe747ea90c89a17413f72459d8ff708d6d80d1bf086973eb51e","2026-06-10","2026-10-02T18:44:59Z","elo_diff","xgf_ewma_diffmissing_or_zero_variance|xga_ewma_diffmissing_or_zero_variance|xgd_ewma_diffmissing_or_zero_variance|form_index_diff","d5742e53f70cdf77fcc79c4fdfccab17b44d91e56ddc2587403a8b7c6a9ef0a0"
"uefa_nations_league_2026_27","uefa_nations_league_2026_27-2047964","uefa_nations_league_2026_27-2047964","uefa_nations_league_2026_27-2047964__score",5,0,2,0.0850049558202793,0.777301515019845,0.222698484980155,"phase14-open-nb-incumbent-calibrated-v1","0e89c2948c77b348c5b6d3832cf6d4e7721ca7794f8f68f857d6ae82b9fe7d50","fc9a617e48969b5d524f9994bccb31de0cb028829b4c58a1999b77cf12c5a990","open_nb_incumbent","c65a4f90477e5b799e234d1a313ff333f6cce12cfc08de93e342d7718c252ff8","vector_w400_p0p010","be1392fd4b9fbfe747ea90c89a17413f72459d8ff708d6d80d1bf086973eb51e","2026-06-10","2026-10-02T18:44:59Z","elo_diff","xgf_ewma_diffmissing_or_zero_variance|xga_ewma_diffmissing_or_zero_variance|xgd_ewma_diffmissing_or_zero_variance|form_index_diff","03f36f665b6767b44d592babdbb0adb46eceb5c90a2856ec9363a7661963ec79"
"uefa_nations_league_2026_27","uefa_nations_league_2026_27-2047964","uefa_nations_league_2026_27-2047964","uefa_nations_league_2026_27-2047964__score",6,1,2,0.0786419855039535,0.777301515019845,0.222698484980155,"phase14-open-nb-incumbent-calibrated-v1","0e89c2948c77b348c5b6d3832cf6d4e7721ca7794f8f68f857d6ae82b9fe7d50","fc9a617e48969b5d524f9994bccb31de0cb028829b4c58a1999b77cf12c5a990","open_nb_incumbent","c65a4f90477e5b799e234d1a313ff333f6cce12cfc08de93e342d7718c252ff8","vector_w400_p0p010","be1392fd4b9fbfe747ea90c89a17413f72459d8ff708d6d80d1bf086973eb51e","2026-06-10","2026-10-02T18:44:59Z","elo_diff","xgf_ewma_diffmissing_or_zero_variance|xga_ewma_diffmissing_or_zero_variance|xgd_ewma_diffmissing_or_zero_variance|form_index_diff","61d1a677a8458bbfa3b681727eef141fe13c9da47a795d2701f631b06a8a79e9"
"uefa_nations_league_2026_27","uefa_nations_league_2026_27-2047964","uefa_nations_league_2026_27-2047964","uefa_nations_league_2026_27-2047964__score",7,2,1,0.0572407026003878,0.777301515019845,0.222698484980155,"phase14-open-nb-incumbent-calibrated-v1","0e89c2948c77b348c5b6d3832cf6d4e7721ca7794f8f68f857d6ae82b9fe7d50","fc9a617e48969b5d524f9994bccb31de0cb028829b4c58a1999b77cf12c5a990","open_nb_incumbent","c65a4f90477e5b799e234d1a313ff333f6cce12cfc08de93e342d7718c252ff8","vector_w400_p0p010","be1392fd4b9fbfe747ea90c89a17413f72459d8ff708d6d80d1bf086973eb51e","2026-06-10","2026-10-02T18:44:59Z","elo_diff","xgf_ewma_diffmissing_or_zero_variance|xga_ewma_diffmissing_or_zero_variance|xgd_ewma_diffmissing_or_zero_variance|form_index_diff","e8f2929fbd21b27f02c6ba7b3385b3a9b699b890ca5fae0e2cef9807665f53d1"
"uefa_nations_league_2026_27","uefa_nations_league_2026_27-2047964","uefa_nations_league_2026_27-2047964","uefa_nations_league_2026_27-2047964__score",8,2,0,0.0464186445344527,0.777301515019845,0.222698484980155,"phase14-open-nb-incumbent-calibrated-v1","0e89c2948c77b348c5b6d3832cf6d4e7721ca7794f8f68f857d6ae82b9fe7d50","fc9a617e48969b5d524f9994bccb31de0cb028829b4c58a1999b77cf12c5a990","open_nb_incumbent","c65a4f90477e5b799e234d1a313ff333f6cce12cfc08de93e342d7718c252ff8","vector_w400_p0p010","be1392fd4b9fbfe747ea90c89a17413f72459d8ff708d6d80d1bf086973eb51e","2026-06-10","2026-10-02T18:44:59Z","elo_diff","xgf_ewma_diffmissing_or_zero_variance|xga_ewma_diffmissing_or_zero_variance|xgd_ewma_diffmissing_or_zero_variance|form_index_diff","8a12f50352c8516e68352d921e5bdcae7d46e64e6a07c5fb4ac87ed15d727e1a"
"uefa_nations_league_2026_27","uefa_nations_league_2026_27-2047964","uefa_nations_league_2026_27-2047964","uefa_nations_league_2026_27-2047964__score",9,0,3,0.0440587950489576,0.777301515019845,0.222698484980155,"phase14-open-nb-incumbent-calibrated-v1","0e89c2948c77b348c5b6d3832cf6d4e7721ca7794f8f68f857d6ae82b9fe7d50","fc9a617e48969b5d524f9994bccb31de0cb028829b4c58a1999b77cf12c5a990","open_nb_incumbent","c65a4f90477e5b799e234d1a313ff333f6cce12cfc08de93e342d7718c252ff8","vector_w400_p0p010","be1392fd4b9fbfe747ea90c89a17413f72459d8ff708d6d80d1bf086973eb51e","2026-06-10","2026-10-02T18:44:59Z","elo_diff","xgf_ewma_diffmissing_or_zero_variance|xga_ewma_diffmissing_or_zero_variance|xgd_ewma_diffmissing_or_zero_variance|form_index_diff","2175a3369e89cace40224446e60d5fea8a679e0e725d201a2369585527594c99"
"uefa_nations_league_2026_27","uefa_nations_league_2026_27-2047964","uefa_nations_league_2026_27-2047964","uefa_nations_league_2026_27-2047964__score",10,1,3,0.0407608131564393,0.777301515019845,0.222698484980155,"phase14-open-nb-incumbent-calibrated-v1","0e89c2948c77b348c5b6d3832cf6d4e7721ca7794f8f68f857d6ae82b9fe7d50","fc9a617e48969b5d524f9994bccb31de0cb028829b4c58a1999b77cf12c5a990","open_nb_incumbent","c65a4f90477e5b799e234d1a313ff333f6cce12cfc08de93e342d7718c252ff8","vector_w400_p0p010","be1392fd4b9fbfe747ea90c89a17413f72459d8ff708d6d80d1bf086973eb51e","2026-06-10","2026-10-02T18:44:59Z","elo_diff","xgf_ewma_diffmissing_or_zero_variance|xga_ewma_diffmissing_or_zero_variance|xgd_ewma_diffmissing_or_zero_variance|form_index_diff","78de40b88d5df1437f54be333377d941aafec3bd6467a9ef1185101009c2cce1"
"uefa_nations_league_2026_27","uefa_nations_league_2026_27-2047965","uefa_nations_league_2026_27-2047965","uefa_nations_league_2026_27-2047965__score",1,0,1,0.128777484405529,0.765559297394805,0.234440702605195,"phase14-open-nb-incumbent-calibrated-v1","0e89c2948c77b348c5b6d3832cf6d4e7721ca7794f8f68f857d6ae82b9fe7d50","fc9a617e48969b5d524f9994bccb31de0cb028829b4c58a1999b77cf12c5a990","open_nb_incumbent","c65a4f90477e5b799e234d1a313ff333f6cce12cfc08de93e342d7718c252ff8","vector_w400_p0p010","be1392fd4b9fbfe747ea90c89a17413f72459d8ff708d6d80d1bf086973eb51e","2026-06-10","2026-10-02T18:44:59Z","elo_diff","xgf_ewma_diffmissing_or_zero_variance|xga_ewma_diffmissing_or_zero_variance|xgd_ewma_diffmissing_or_zero_variance|form_index_diff","922ccc6ff8bdb1916ac3e3f1bedfa8c9e67a882c1bc9864d6f5287b4abdf814b"
"uefa_nations_league_2026_27","uefa_nations_league_2026_27-2047965","uefa_nations_league_2026_27-2047965","uefa_nations_league_2026_27-2047965__score",2,0,2,0.114135631152078,0.765559297394805,0.234440702605195,"phase14-open-nb-incumbent-calibrated-v1","0e89c2948c77b348c5b6d3832cf6d4e7721ca7794f8f68f857d6ae82b9fe7d50","fc9a617e48969b5d524f9994bccb31de0cb028829b4c58a1999b77cf12c5a990","open_nb_incumbent","c65a4f90477e5b799e234d1a313ff333f6cce12cfc08de93e342d7718c252ff8","vector_w400_p0p010","be1392fd4b9fbfe747ea90c89a17413f72459d8ff708d6d80d1bf086973eb51e","2026-06-10","2026-10-02T18:44:59Z","elo_diff","xgf_ewma_diffmissing_or_zero_variance|xga_ewma_diffmissing_or_zero_variance|xgd_ewma_diffmissing_or_zero_variance|form_index_diff","0920f921bd51556bf059a157b304d4ce406d749e33833fc342ffd4b6e8afd984"
"uefa_nations_league_2026_27","uefa_nations_league_2026_27-2047965","uefa_nations_league_2026_27-2047965","uefa_nations_league_2026_27-2047965__score",3,1,1,0.0925832503861223,0.765559297394805,0.234440702605195,"phase14-open-nb-incumbent-calibrated-v1","0e89c2948c77b348c5b6d3832cf6d4e7721ca7794f8f68f857d6ae82b9fe7d50","fc9a617e48969b5d524f9994bccb31de0cb028829b4c58a1999b77cf12c5a990","open_nb_incumbent","c65a4f90477e5b799e234d1a313ff333f6cce12cfc08de93e342d7718c252ff8","vector_w400_p0p010","be1392fd4b9fbfe747ea90c89a17413f72459d8ff708d6d80d1bf086973eb51e","2026-06-10","2026-10-02T18:44:59Z","elo_diff","xgf_ewma_diffmissing_or_zero_variance|xga_ewma_diffmissing_or_zero_variance|xgd_ewma_diffmissing_or_zero_variance|form_index_diff","05a5d06b4bad997e3253355ee74276107d0c43d36ed21b3ca8dc5ce648148601"
"uefa_nations_league_2026_27","uefa_nations_league_2026_27-2047965","uefa_nations_league_2026_27-2047965","uefa_nations_league_2026_27-2047965__score",4,0,0,0.0821276095189878,0.765559297394805,0.234440702605195,"phase14-open-nb-incumbent-calibrated-v1","0e89c2948c77b348c5b6d3832cf6d4e7721ca7794f8f68f857d6ae82b9fe7d50","fc9a617e48969b5d524f9994bccb31de0cb028829b4c58a1999b77cf12c5a990","open_nb_incumbent","c65a4f90477e5b799e234d1a313ff333f6cce12cfc08de93e342d7718c252ff8","vector_w400_p0p010","be1392fd4b9fbfe747ea90c89a17413f72459d8ff708d6d80d1bf086973eb51e","2026-06-10","2026-10-02T18:44:59Z","elo_diff","xgf_ewma_diffmissing_or_zero_variance|xga_ewma_diffmissing_or_zero_variance|xgd_ewma_diffmissing_or_zero_variance|form_index_diff","56d9dc1260b5e16781f874cdcd990badbca44f12c0560c003203e180bcea494f"
"uefa_nations_league_2026_27","uefa_nations_league_2026_27-2047965","uefa_nations_league_2026_27-2047965","uefa_nations_league_2026_27-2047965__score",5,1,2,0.0820566403025435,0.765559297394805,0.234440702605195,"phase14-open-nb-incumbent-calibrated-v1","0e89c2948c77b348c5b6d3832cf6d4e7721ca7794f8f68f857d6ae82b9fe7d50","fc9a617e48969b5d524f9994bccb31de0cb028829b4c58a1999b77cf12c5a990","open_nb_incumbent","c65a4f90477e5b799e234d1a313ff333f6cce12cfc08de93e342d7718c252ff8","vector_w400_p0p010","be1392fd4b9fbfe747ea90c89a17413f72459d8ff708d6d80d1bf086973eb51e","2026-06-10","2026-10-02T18:44:59Z","elo_diff","xgf_ewma_diffmissing_or_zero_variance|xga_ewma_diffmissing_or_zero_variance|xgd_ewma_diffmissing_or_zero_variance|form_index_diff","363f7c12205f3c2248608f8008a106ca6712f29998ddbfa3cdc21785514477b7"
"uefa_nations_league_2026_27","uefa_nations_league_2026_27-2047965","uefa_nations_league_2026_27-2047965","uefa_nations_league_2026_27-2047965__score",6,0,3,0.0752225182074849,0.765559297394805,0.234440702605195,"phase14-open-nb-incumbent-calibrated-v1","0e89c2948c77b348c5b6d3832cf6d4e7721ca7794f8f68f857d6ae82b9fe7d50","fc9a617e48969b5d524f9994bccb31de0cb028829b4c58a1999b77cf12c5a990","open_nb_incumbent","c65a4f90477e5b799e234d1a313ff333f6cce12cfc08de93e342d7718c252ff8","vector_w400_p0p010","be1392fd4b9fbfe747ea90c89a17413f72459d8ff708d6d80d1bf086973eb51e","2026-06-10","2026-10-02T18:44:59Z","elo_diff","xgf_ewma_diffmissing_or_zero_variance|xga_ewma_diffmissing_or_zero_variance|xgd_ewma_diffmissing_or_zero_variance|form_index_diff","70606a08572797bb735bef9b98374c49936509ccf288707c256b4cbdc4cef8a6"
"uefa_nations_league_2026_27","uefa_nations_league_2026_27-2047965","uefa_nations_league_2026_27-2047965","uefa_nations_league_2026_27-2047965__score",7,1,0,0.0590448017431816,0.765559297394805,0.234440702605195,"phase14-open-nb-incumbent-calibrated-v1","0e89c2948c77b348c5b6d3832cf6d4e7721ca7794f8f68f857d6ae82b9fe7d50","fc9a617e48969b5d524f9994bccb31de0cb028829b4c58a1999b77cf12c5a990","open_nb_incumbent","c65a4f90477e5b799e234d1a313ff333f6cce12cfc08de93e342d7718c252ff8","vector_w400_p0p010","be1392fd4b9fbfe747ea90c89a17413f72459d8ff708d6d80d1bf086973eb51e","2026-06-10","2026-10-02T18:44:59Z","elo_diff","xgf_ewma_diffmissing_or_zero_variance|xga_ewma_diffmissing_or_zero_variance|xgd_ewma_diffmissing_or_zero_variance|form_index_diff","a662acdeb54808b5b764db7b2dd279348e7e059e86d85c24e4cb35d7eb82fd1b"
"uefa_nations_league_2026_27","uefa_nations_league_2026_27-2047965","uefa_nations_league_2026_27-2047965","uefa_nations_league_2026_27-2047965__score",8,1,3,0.0540804572323142,0.765559297394805,0.234440702605195,"phase14-open-nb-incumbent-calibrated-v1","0e89c2948c77b348c5b6d3832cf6d4e7721ca7794f8f68f857d6ae82b9fe7d50","fc9a617e48969b5d524f9994bccb31de0cb028829b4c58a1999b77cf12c5a990","open_nb_incumbent","c65a4f90477e5b799e234d1a313ff333f6cce12cfc08de93e342d7718c252ff8","vector_w400_p0p010","be1392fd4b9fbfe747ea90c89a17413f72459d8ff708d6d80d1bf086973eb51e","2026-06-10","2026-10-02T18:44:59Z","elo_diff","xgf_ewma_diffmissing_or_zero_variance|xga_ewma_diffmissing_or_zero_variance|xgd_ewma_diffmissing_or_zero_variance|form_index_diff","d99d8657a368b97896e533394e187e74a8e8ee75f6b81e5feb61976d756a2959"
"uefa_nations_league_2026_27","uefa_nations_league_2026_27-2047965","uefa_nations_league_2026_27-2047965","uefa_nations_league_2026_27-2047965__score",9,0,4,0.0410296133208635,0.765559297394805,0.234440702605195,"phase14-open-nb-incumbent-calibrated-v1","0e89c2948c77b348c5b6d3832cf6d4e7721ca7794f8f68f857d6ae82b9fe7d50","fc9a617e48969b5d524f9994bccb31de0cb028829b4c58a1999b77cf12c5a990","open_nb_incumbent","c65a4f90477e5b799e234d1a313ff333f6cce12cfc08de93e342d7718c252ff8","vector_w400_p0p010","be1392fd4b9fbfe747ea90c89a17413f72459d8ff708d6d80d1bf086973eb51e","2026-06-10","2026-10-02T18:44:59Z","elo_diff","xgf_ewma_diffmissing_or_zero_variance|xga_ewma_diffmissing_or_zero_variance|xgd_ewma_diffmissing_or_zero_variance|form_index_diff","07b77df242c2ee71ce0a8048296852dd323af3e1b4b045345f6efc26a253f262"
"uefa_nations_league_2026_27","uefa_nations_league_2026_27-2047965","uefa_nations_league_2026_27-2047965","uefa_nations_league_2026_27-2047965__score",10,2,1,0.0365012911257005,0.765559297394805,0.234440702605195,"phase14-open-nb-incumbent-calibrated-v1","0e89c2948c77b348c5b6d3832cf6d4e7721ca7794f8f68f857d6ae82b9fe7d50","fc9a617e48969b5d524f9994bccb31de0cb028829b4c58a1999b77cf12c5a990","open_nb_incumbent","c65a4f90477e5b799e234d1a313ff333f6cce12cfc08de93e342d7718c252ff8","vector_w400_p0p010","be1392fd4b9fbfe747ea90c89a17413f72459d8ff708d6d80d1bf086973eb51e","2026-06-10","2026-10-02T18:44:59Z","elo_diff","xgf_ewma_diffmissing_or_zero_variance|xga_ewma_diffmissing_or_zero_variance|xgd_ewma_diffmissing_or_zero_variance|form_index_diff","28f7197a946fbd1eac8b798cdf5b31a7ee0981efb9f6b5cd8cb6a296640511b9"
"uefa_nations_league_2026_27","uefa_nations_league_2026_27-2047966","uefa_nations_league_2026_27-2047966","uefa_nations_league_2026_27-2047966__score",1,1,0,0.117253632043825,0.782938181199176,0.217061818800824,"phase14-open-nb-incumbent-calibrated-v1","0e89c2948c77b348c5b6d3832cf6d4e7721ca7794f8f68f857d6ae82b9fe7d50","fc9a617e48969b5d524f9994bccb31de0cb028829b4c58a1999b77cf12c5a990","open_nb_incumbent","c65a4f90477e5b799e234d1a313ff333f6cce12cfc08de93e342d7718c252ff8","vector_w400_p0p010","be1392fd4b9fbfe747ea90c89a17413f72459d8ff708d6d80d1bf086973eb51e","2026-06-10","2026-10-02T15:59:59Z","elo_diff","xgf_ewma_diffmissing_or_zero_variance|xga_ewma_diffmissing_or_zero_variance|xgd_ewma_diffmissing_or_zero_variance|form_index_diff","a3d06554dd61a70994ac925877a53b644cb3f488347bf4c1f1fff2bc7709003b"
"uefa_nations_league_2026_27","uefa_nations_league_2026_27-2047966","uefa_nations_league_2026_27-2047966","uefa_nations_league_2026_27-2047966__score",2,1,1,0.116697962396697,0.782938181199176,0.217061818800824,"phase14-open-nb-incumbent-calibrated-v1","0e89c2948c77b348c5b6d3832cf6d4e7721ca7794f8f68f857d6ae82b9fe7d50","fc9a617e48969b5d524f9994bccb31de0cb028829b4c58a1999b77cf12c5a990","open_nb_incumbent","c65a4f90477e5b799e234d1a313ff333f6cce12cfc08de93e342d7718c252ff8","vector_w400_p0p010","be1392fd4b9fbfe747ea90c89a17413f72459d8ff708d6d80d1bf086973eb51e","2026-06-10","2026-10-02T15:59:59Z","elo_diff","xgf_ewma_diffmissing_or_zero_variance|xga_ewma_diffmissing_or_zero_variance|xgd_ewma_diffmissing_or_zero_variance|form_index_diff","b9ce30cffa3ef026a68fc5b8c0b128275209d1bf251ac5fa3cdfeae150dd0c2c"
"uefa_nations_league_2026_27","uefa_nations_league_2026_27-2047966","uefa_nations_league_2026_27-2047966","uefa_nations_league_2026_27-2047966__score",3,0,0,0.102694221526554,0.782938181199176,0.217061818800824,"phase14-open-nb-incumbent-calibrated-v1","0e89c2948c77b348c5b6d3832cf6d4e7721ca7794f8f68f857d6ae82b9fe7d50","fc9a617e48969b5d524f9994bccb31de0cb028829b4c58a1999b77cf12c5a990","open_nb_incumbent","c65a4f90477e5b799e234d1a313ff333f6cce12cfc08de93e342d7718c252ff8","vector_w400_p0p010","be1392fd4b9fbfe747ea90c89a17413f72459d8ff708d6d80d1bf086973eb51e","2026-06-10","2026-10-02T15:59:59Z","elo_diff","xgf_ewma_diffmissing_or_zero_variance|xga_ewma_diffmissing_or_zero_variance|xgd_ewma_diffmissing_or_zero_variance|form_index_diff","f971e6953654a6a124a2ac051bde0426a68213cce389757e217ff1a040236653"
"uefa_nations_league_2026_27","uefa_nations_league_2026_27-2047966","uefa_nations_league_2026_27-2047966","uefa_nations_league_2026_27-2047966__score",4,0,1,0.102207549507589,0.782938181199176,0.217061818800824,"phase14-open-nb-incumbent-calibrated-v1","0e89c2948c77b348c5b6d3832cf6d4e7721ca7794f8f68f857d6ae82b9fe7d50","fc9a617e48969b5d524f9994bccb31de0cb028829b4c58a1999b77cf12c5a990","open_nb_incumbent","c65a4f90477e5b799e234d1a313ff333f6cce12cfc08de93e342d7718c252ff8","vector_w400_p0p010","be1392fd4b9fbfe747ea90c89a17413f72459d8ff708d6d80d1bf086973eb51e","2026-06-10","2026-10-02T15:59:59Z","elo_diff","xgf_ewma_diffmissing_or_zero_variance|xga_ewma_diffmissing_or_zero_variance|xgd_ewma_diffmissing_or_zero_variance|form_index_diff","13e1a7fd02632ac0c2c1266dd5973f4981c63e084dd88962b17ada5b6c53271e"
"uefa_nations_league_2026_27","uefa_nations_league_2026_27-2047966","uefa_nations_league_2026_27-2047966","uefa_nations_league_2026_27-2047966__score",5,2,0,0.0734158645848732,0.782938181199176,0.217061818800824,"phase14-open-nb-incumbent-calibrated-v1","0e89c2948c77b348c5b6d3832cf6d4e7721ca7794f8f68f857d6ae82b9fe7d50","fc9a617e48969b5d524f9994bccb31de0cb028829b4c58a1999b77cf12c5a990","open_nb_incumbent","c65a4f90477e5b799e234d1a313ff333f6cce12cfc08de93e342d7718c252ff8","vector_w400_p0p010","be1392fd4b9fbfe747ea90c89a17413f72459d8ff708d6d80d1bf086973eb51e","2026-06-10","2026-10-02T15:59:59Z","elo_diff","xgf_ewma_diffmissing_or_zero_variance|xga_ewma_diffmissing_or_zero_variance|xgd_ewma_diffmissing_or_zero_variance|form_index_diff","3ae02c3c34d1c9a9c93e31d90ea3c3396c7f4d582ccdc9204de1b92073553787"
"uefa_nations_league_2026_27","uefa_nations_league_2026_27-2047966","uefa_nations_league_2026_27-2047966","uefa_nations_league_2026_27-2047966__score",6,2,1,0.0730679438692726,0.782938181199176,0.217061818800824,"phase14-open-nb-incumbent-calibrated-v1","0e89c2948c77b348c5b6d3832cf6d4e7721ca7794f8f68f857d6ae82b9fe7d50","fc9a617e48969b5d524f9994bccb31de0cb028829b4c58a1999b77cf12c5a990","open_nb_incumbent","c65a4f90477e5b799e234d1a313ff333f6cce12cfc08de93e342d7718c252ff8","vector_w400_p0p010","be1392fd4b9fbfe747ea90c89a17413f72459d8ff708d6d80d1bf086973eb51e","2026-06-10","2026-10-02T15:59:59Z","elo_diff","xgf_ewma_diffmissing_or_zero_variance|xga_ewma_diffmissing_or_zero_variance|xgd_ewma_diffmissing_or_zero_variance|form_index_diff","8fbf3338d66566354e2a3659729f7fc7c4f5aef67b05576e4fb86c69f1299908"
"uefa_nations_league_2026_27","uefa_nations_league_2026_27-2047966","uefa_nations_league_2026_27-2047966","uefa_nations_league_2026_27-2047966__score",7,1,2,0.0656494050215564,0.782938181199176,0.217061818800824,"phase14-open-nb-incumbent-calibrated-v1","0e89c2948c77b348c5b6d3832cf6d4e7721ca7794f8f68f857d6ae82b9fe7d50","fc9a617e48969b5d524f9994bccb31de0cb028829b4c58a1999b77cf12c5a990","open_nb_incumbent","c65a4f90477e5b799e234d1a313ff333f6cce12cfc08de93e342d7718c252ff8","vector_w400_p0p010","be1392fd4b9fbfe747ea90c89a17413f72459d8ff708d6d80d1bf086973eb51e","2026-06-10","2026-10-02T15:59:59Z","elo_diff","xgf_ewma_diffmissing_or_zero_variance|xga_ewma_diffmissing_or_zero_variance|xgd_ewma_diffmissing_or_zero_variance|form_index_diff","64cc202c3b6c293f3e287999c9f0b4e2d053537cda4127e876bab2e1df19391d"
"uefa_nations_league_2026_27","uefa_nations_league_2026_27-2047966","uefa_nations_league_2026_27-2047966","uefa_nations_league_2026_27-2047966__score",8,0,2,0.0574977032681627,0.782938181199176,0.217061818800824,"phase14-open-nb-incumbent-calibrated-v1","0e89c2948c77b348c5b6d3832cf6d4e7721ca7794f8f68f857d6ae82b9fe7d50","fc9a617e48969b5d524f9994bccb31de0cb028829b4c58a1999b77cf12c5a990","open_nb_incumbent","c65a4f90477e5b799e234d1a313ff333f6cce12cfc08de93e342d7718c252ff8","vector_w400_p0p010","be1392fd4b9fbfe747ea90c89a17413f72459d8ff708d6d80d1bf086973eb51e","2026-06-10","2026-10-02T15:59:59Z","elo_diff","xgf_ewma_diffmissing_or_zero_variance|xga_ewma_diffmissing_or_zero_variance|xgd_ewma_diffmissing_or_zero_variance|form_index_diff","9f9fd7b67892f9bd3a39358fe9c306c8efbb001de48f418e1ec9be528aa06247"
"uefa_nations_league_2026_27","uefa_nations_league_2026_27-2047966","uefa_nations_league_2026_27-2047966","uefa_nations_league_2026_27-2047966__score",9,2,2,0.0411049768363566,0.782938181199176,0.217061818800824,"phase14-open-nb-incumbent-calibrated-v1","0e89c2948c77b348c5b6d3832cf6d4e7721ca7794f8f68f857d6ae82b9fe7d50","fc9a617e48969b5d524f9994bccb31de0cb028829b4c58a1999b77cf12c5a990","open_nb_incumbent","c65a4f90477e5b799e234d1a313ff333f6cce12cfc08de93e342d7718c252ff8","vector_w400_p0p010","be1392fd4b9fbfe747ea90c89a17413f72459d8ff708d6d80d1bf086973eb51e","2026-06-10","2026-10-02T15:59:59Z","elo_diff","xgf_ewma_diffmissing_or_zero_variance|xga_ewma_diffmissing_or_zero_variance|xgd_ewma_diffmissing_or_zero_variance|form_index_diff","82f8eafc877a385d9579d1e922c992842ba8f2a70b0386b936cc81be3c7e4c6e"
"uefa_nations_league_2026_27","uefa_nations_league_2026_27-2047966","uefa_nations_league_2026_27-2047966","uefa_nations_league_2026_27-2047966__score",10,3,0,0.0333489221442903,0.782938181199176,0.217061818800824,"phase14-open-nb-incumbent-calibrated-v1","0e89c2948c77b348c5b6d3832cf6d4e7721ca7794f8f68f857d6ae82b9fe7d50","fc9a617e48969b5d524f9994bccb31de0cb028829b4c58a1999b77cf12c5a990","open_nb_incumbent","c65a4f90477e5b799e234d1a313ff333f6cce12cfc08de93e342d7718c252ff8","vector_w400_p0p010","be1392fd4b9fbfe747ea90c89a17413f72459d8ff708d6d80d1bf086973eb51e","2026-06-10","2026-10-02T15:59:59Z","elo_diff","xgf_ewma_diffmissing_or_zero_variance|xga_ewma_diffmissing_or_zero_variance|xgd_ewma_diffmissing_or_zero_variance|form_index_diff","1f4ea029b8e88ce2a4f56eb7ba931d6c7deedb89ba437f786ab759ec361c2b9f"
"uefa_nations_league_2026_27","uefa_nations_league_2026_27-2047967","uefa_nations_league_2026_27-2047967","uefa_nations_league_2026_27-2047967__score",1,1,0,0.137044633940479,0.783406990424095,0.216593009575905,"phase14-open-nb-incumbent-calibrated-v1","0e89c2948c77b348c5b6d3832cf6d4e7721ca7794f8f68f857d6ae82b9fe7d50","fc9a617e48969b5d524f9994bccb31de0cb028829b4c58a1999b77cf12c5a990","open_nb_incumbent","c65a4f90477e5b799e234d1a313ff333f6cce12cfc08de93e342d7718c252ff8","vector_w400_p0p010","be1392fd4b9fbfe747ea90c89a17413f72459d8ff708d6d80d1bf086973eb51e","2026-06-10","2026-10-02T13:59:59Z","elo_diff","xgf_ewma_diffmissing_or_zero_variance|xga_ewma_diffmissing_or_zero_variance|xgd_ewma_diffmissing_or_zero_variance|form_index_diff","7b4ff9539a276fe926f21e9d7deca64694e74767e91792638c4e6c5b7d9f87c8"
"uefa_nations_league_2026_27","uefa_nations_league_2026_27-2047967","uefa_nations_league_2026_27-2047967","uefa_nations_league_2026_27-2047967__score",2,2,0,0.11999850476361,0.783406990424095,0.216593009575905,"phase14-open-nb-incumbent-calibrated-v1","0e89c2948c77b348c5b6d3832cf6d4e7721ca7794f8f68f857d6ae82b9fe7d50","fc9a617e48969b5d524f9994bccb31de0cb028829b4c58a1999b77cf12c5a990","open_nb_incumbent","c65a4f90477e5b799e234d1a313ff333f6cce12cfc08de93e342d7718c252ff8","vector_w400_p0p010","be1392fd4b9fbfe747ea90c89a17413f72459d8ff708d6d80d1bf086973eb51e","2026-06-10","2026-10-02T13:59:59Z","elo_diff","xgf_ewma_diffmissing_or_zero_variance|xga_ewma_diffmissing_or_zero_variance|xgd_ewma_diffmissing_or_zero_variance|form_index_diff","92fda52e21ddf32090dd409d1dbf9be0a16b6c8e7208bc0a117f293c3c8a3593"
"uefa_nations_league_2026_27","uefa_nations_league_2026_27-2047967","uefa_nations_league_2026_27-2047967","uefa_nations_league_2026_27-2047967__score",3,1,1,0.094296327626393,0.783406990424095,0.216593009575905,"phase14-open-nb-incumbent-calibrated-v1","0e89c2948c77b348c5b6d3832cf6d4e7721ca7794f8f68f857d6ae82b9fe7d50","fc9a617e48969b5d524f9994bccb31de0cb028829b4c58a1999b77cf12c5a990","open_nb_incumbent","c65a4f90477e5b799e234d1a313ff333f6cce12cfc08de93e342d7718c252ff8","vector_w400_p0p010","be1392fd4b9fbfe747ea90c89a17413f72459d8ff708d6d80d1bf086973eb51e","2026-06-10","2026-10-02T13:59:59Z","elo_diff","xgf_ewma_diffmissing_or_zero_variance|xga_ewma_diffmissing_or_zero_variance|xgd_ewma_diffmissing_or_zero_variance|form_index_diff","67ae1dca35b608b225ee41c6589cb83be4fb40adc1978d573ce67898a82c84a9"
"uefa_nations_league_2026_27","uefa_nations_league_2026_27-2047967","uefa_nations_league_2026_27-2047967","uefa_nations_league_2026_27-2047967__score",4,0,0,0.0858285058034004,0.783406990424095,0.216593009575905,"phase14-open-nb-incumbent-calibrated-v1","0e89c2948c77b348c5b6d3832cf6d4e7721ca7794f8f68f857d6ae82b9fe7d50","fc9a617e48969b5d524f9994bccb31de0cb028829b4c58a1999b77cf12c5a990","open_nb_incumbent","c65a4f90477e5b799e234d1a313ff333f6cce12cfc08de93e342d7718c252ff8","vector_w400_p0p010","be1392fd4b9fbfe747ea90c89a17413f72459d8ff708d6d80d1bf086973eb51e","2026-06-10","2026-10-02T13:59:59Z","elo_diff","xgf_ewma_diffmissing_or_zero_variance|xga_ewma_diffmissing_or_zero_variance|xgd_ewma_diffmissing_or_zero_variance|form_index_diff","8ca1eb06def159b479ba75b08ccdf5e9cf8104a1f97ac7faf8f90fd6de46edb4"
"uefa_nations_league_2026_27","uefa_nations_league_2026_27-2047967","uefa_nations_league_2026_27-2047967","uefa_nations_league_2026_27-2047967__score",5,2,1,0.0825673942460316,0.783406990424095,0.216593009575905,"phase14-open-nb-incumbent-calibrated-v1","0e89c2948c77b348c5b6d3832cf6d4e7721ca7794f8f68f857d6ae82b9fe7d50","fc9a617e48969b5d524f9994bccb31de0cb028829b4c58a1999b77cf12c5a990","open_nb_incumbent","c65a4f90477e5b799e234d1a313ff333f6cce12cfc08de93e342d7718c252ff8","vector_w400_p0p010","be1392fd4b9fbfe747ea90c89a17413f72459d8ff708d6d80d1bf086973eb51e","2026-06-10","2026-10-02T13:59:59Z","elo_diff","xgf_ewma_diffmissing_or_zero_variance|xga_ewma_diffmissing_or_zero_variance|xgd_ewma_diffmissing_or_zero_variance|form_index_diff","00760f571d63a3a513094533dd24564666a937c8069e9a7912d8bdd0795a0094"
"uefa_nations_league_2026_27","uefa_nations_league_2026_27-2047967","uefa_nations_league_2026_27-2047967","uefa_nations_league_2026_27-2047967__score",6,3,0,0.0762285931801838,0.783406990424095,0.216593009575905,"phase14-open-nb-incumbent-calibrated-v1","0e89c2948c77b348c5b6d3832cf6d4e7721ca7794f8f68f857d6ae82b9fe7d50","fc9a617e48969b5d524f9994bccb31de0cb028829b4c58a1999b77cf12c5a990","open_nb_incumbent","c65a4f90477e5b799e234d1a313ff333f6cce12cfc08de93e342d7718c252ff8","vector_w400_p0p010","be1392fd4b9fbfe747ea90c89a17413f72459d8ff708d6d80d1bf086973eb51e","2026-06-10","2026-10-02T13:59:59Z","elo_diff","xgf_ewma_diffmissing_or_zero_variance|xga_ewma_diffmissing_or_zero_variance|xgd_ewma_diffmissing_or_zero_variance|form_index_diff","6efa1e01b41b1f728ef23f39c6c5e0804325fbabfbd47b13d1c1dbcf600a8643"
"uefa_nations_league_2026_27","uefa_nations_league_2026_27-2047967","uefa_nations_league_2026_27-2047967","uefa_nations_league_2026_27-2047967__score",7,0,1,0.0590560364912666,0.783406990424095,0.216593009575905,"phase14-open-nb-incumbent-calibrated-v1","0e89c2948c77b348c5b6d3832cf6d4e7721ca7794f8f68f857d6ae82b9fe7d50","fc9a617e48969b5d524f9994bccb31de0cb028829b4c58a1999b77cf12c5a990","open_nb_incumbent","c65a4f90477e5b799e234d1a313ff333f6cce12cfc08de93e342d7718c252ff8","vector_w400_p0p010","be1392fd4b9fbfe747ea90c89a17413f72459d8ff708d6d80d1bf086973eb51e","2026-06-10","2026-10-02T13:59:59Z","elo_diff","xgf_ewma_diffmissing_or_zero_variance|xga_ewma_diffmissing_or_zero_variance|xgd_ewma_diffmissing_or_zero_variance|form_index_diff","dfe3ecc570a02ce7e9bd512981ae257d09a43d46404f34c715da3613c941a378"
"uefa_nations_league_2026_27","uefa_nations_league_2026_27-2047967","uefa_nations_league_2026_27-2047967","uefa_nations_league_2026_27-2047967__score",8,3,1,0.052450622766737,0.783406990424095,0.216593009575905,"phase14-open-nb-incumbent-calibrated-v1","0e89c2948c77b348c5b6d3832cf6d4e7721ca7794f8f68f857d6ae82b9fe7d50","fc9a617e48969b5d524f9994bccb31de0cb028829b4c58a1999b77cf12c5a990","open_nb_incumbent","c65a4f90477e5b799e234d1a313ff333f6cce12cfc08de93e342d7718c252ff8","vector_w400_p0p010","be1392fd4b9fbfe747ea90c89a17413f72459d8ff708d6d80d1bf086973eb51e","2026-06-10","2026-10-02T13:59:59Z","elo_diff","xgf_ewma_diffmissing_or_zero_variance|xga_ewma_diffmissing_or_zero_variance|xgd_ewma_diffmissing_or_zero_variance|form_index_diff","2e2f3cf00e11adedb7d283e188822f1f157f5f1348115a8e89f032175a069f9a"
"uefa_nations_league_2026_27","uefa_nations_league_2026_27-2047967","uefa_nations_league_2026_27-2047967","uefa_nations_league_2026_27-2047967__score",9,4,0,0.0392623888676692,0.783406990424095,0.216593009575905,"phase14-open-nb-incumbent-calibrated-v1","0e89c2948c77b348c5b6d3832cf6d4e7721ca7794f8f68f857d6ae82b9fe7d50","fc9a617e48969b5d524f9994bccb31de0cb028829b4c58a1999b77cf12c5a990","open_nb_incumbent","c65a4f90477e5b799e234d1a313ff333f6cce12cfc08de93e342d7718c252ff8","vector_w400_p0p010","be1392fd4b9fbfe747ea90c89a17413f72459d8ff708d6d80d1bf086973eb51e","2026-06-10","2026-10-02T13:59:59Z","elo_diff","xgf_ewma_diffmissing_or_zero_variance|xga_ewma_diffmissing_or_zero_variance|xgd_ewma_diffmissing_or_zero_variance|form_index_diff","c07ad1b0fbaf9bee329abae10bc77abe997d1ba900cc9b30fa2665c714f181c8"
"uefa_nations_league_2026_27","uefa_nations_league_2026_27-2047967","uefa_nations_league_2026_27-2047967","uefa_nations_league_2026_27-2047967__score",10,1,2,0.0366739827383243,0.783406990424095,0.216593009575905,"phase14-open-nb-incumbent-calibrated-v1","0e89c2948c77b348c5b6d3832cf6d4e7721ca7794f8f68f857d6ae82b9fe7d50","fc9a617e48969b5d524f9994bccb31de0cb028829b4c58a1999b77cf12c5a990","open_nb_incumbent","c65a4f90477e5b799e234d1a313ff333f6cce12cfc08de93e342d7718c252ff8","vector_w400_p0p010","be1392fd4b9fbfe747ea90c89a17413f72459d8ff708d6d80d1bf086973eb51e","2026-06-10","2026-10-02T13:59:59Z","elo_diff","xgf_ewma_diffmissing_or_zero_variance|xga_ewma_diffmissing_or_zero_variance|xgd_ewma_diffmissing_or_zero_variance|form_index_diff","547f1446bb2ff339abeefc0e01464ffccfedad06436e326aeb8ce65a039625ef"
"uefa_nations_league_2026_27","uefa_nations_league_2026_27-2047968","uefa_nations_league_2026_27-2047968","uefa_nations_league_2026_27-2047968__score",1,1,1,0.116391877089933,0.781192810982707,0.218807189017293,"phase14-open-nb-incumbent-calibrated-v1","0e89c2948c77b348c5b6d3832cf6d4e7721ca7794f8f68f857d6ae82b9fe7d50","fc9a617e48969b5d524f9994bccb31de0cb028829b4c58a1999b77cf12c5a990","open_nb_incumbent","c65a4f90477e5b799e234d1a313ff333f6cce12cfc08de93e342d7718c252ff8","vector_w400_p0p010","be1392fd4b9fbfe747ea90c89a17413f72459d8ff708d6d80d1bf086973eb51e","2026-06-10","2026-10-03T15:59:59Z","elo_diff","xgf_ewma_diffmissing_or_zero_variance|xga_ewma_diffmissing_or_zero_variance|xgd_ewma_diffmissing_or_zero_variance|form_index_diff","b041c1b3b7c33280d2d86295c107f728e4ef6dc4ad80770c1aa584550fefdc37"
"uefa_nations_league_2026_27","uefa_nations_league_2026_27-2047968","uefa_nations_league_2026_27-2047968","uefa_nations_league_2026_27-2047968__score",2,0,1,0.113927483577036,0.781192810982707,0.218807189017293,"phase14-open-nb-incumbent-calibrated-v1","0e89c2948c77b348c5b6d3832cf6d4e7721ca7794f8f68f857d6ae82b9fe7d50","fc9a617e48969b5d524f9994bccb31de0cb028829b4c58a1999b77cf12c5a990","open_nb_incumbent","c65a4f90477e5b799e234d1a313ff333f6cce12cfc08de93e342d7718c252ff8","vector_w400_p0p010","be1392fd4b9fbfe747ea90c89a17413f72459d8ff708d6d80d1bf086973eb51e","2026-06-10","2026-10-03T15:59:59Z","elo_diff","xgf_ewma_diffmissing_or_zero_variance|xga_ewma_diffmissing_or_zero_variance|xgd_ewma_diffmissing_or_zero_variance|form_index_diff","c4b3652e9cfafbe5455b56b908078d5a6baf4e0c2c887e95a5c7bdfdee5f2805"
"uefa_nations_league_2026_27","uefa_nations_league_2026_27-2047968","uefa_nations_league_2026_27-2047968","uefa_nations_league_2026_27-2047968__score",3,1,0,0.104257635559028,0.781192810982707,0.218807189017293,"phase14-open-nb-incumbent-calibrated-v1","0e89c2948c77b348c5b6d3832cf6d4e7721ca7794f8f68f857d6ae82b9fe7d50","fc9a617e48969b5d524f9994bccb31de0cb028829b4c58a1999b77cf12c5a990","open_nb_incumbent","c65a4f90477e5b799e234d1a313ff333f6cce12cfc08de93e342d7718c252ff8","vector_w400_p0p010","be1392fd4b9fbfe747ea90c89a17413f72459d8ff708d6d80d1bf086973eb51e","2026-06-10","2026-10-03T15:59:59Z","elo_diff","xgf_ewma_diffmissing_or_zero_variance|xga_ewma_diffmissing_or_zero_variance|xgd_ewma_diffmissing_or_zero_variance|form_index_diff","92d146a5bff583cb4c741a31621cf1b0a088d8aa9b74672287eb5d8edf21f644"
"uefa_nations_league_2026_27","uefa_nations_league_2026_27-2047968","uefa_nations_league_2026_27-2047968","uefa_nations_league_2026_27-2047968__score",4,0,0,0.102050163292358,0.781192810982707,0.218807189017293,"phase14-open-nb-incumbent-calibrated-v1","0e89c2948c77b348c5b6d3832cf6d4e7721ca7794f8f68f857d6ae82b9fe7d50","fc9a617e48969b5d524f9994bccb31de0cb028829b4c58a1999b77cf12c5a990","open_nb_incumbent","c65a4f90477e5b799e234d1a313ff333f6cce12cfc08de93e342d7718c252ff8","vector_w400_p0p010","be1392fd4b9fbfe747ea90c89a17413f72459d8ff708d6d80d1bf086973eb51e","2026-06-10","2026-10-03T15:59:59Z","elo_diff","xgf_ewma_diffmissing_or_zero_variance|xga_ewma_diffmissing_or_zero_variance|xgd_ewma_diffmissing_or_zero_variance|form_index_diff","87d230b7a2757b5a975cf59a408940b0ea5f7e60e3330211d8e0592e845b9744"
"uefa_nations_league_2026_27","uefa_nations_league_2026_27-2047968","uefa_nations_league_2026_27-2047968","uefa_nations_league_2026_27-2047968__score",5,1,2,0.0734459792445788,0.781192810982707,0.218807189017293,"phase14-open-nb-incumbent-calibrated-v1","0e89c2948c77b348c5b6d3832cf6d4e7721ca7794f8f68f857d6ae82b9fe7d50","fc9a617e48969b5d524f9994bccb31de0cb028829b4c58a1999b77cf12c5a990","open_nb_incumbent","c65a4f90477e5b799e234d1a313ff333f6cce12cfc08de93e342d7718c252ff8","vector_w400_p0p010","be1392fd4b9fbfe747ea90c89a17413f72459d8ff708d6d80d1bf086973eb51e","2026-06-10","2026-10-03T15:59:59Z","elo_diff","xgf_ewma_diffmissing_or_zero_variance|xga_ewma_diffmissing_or_zero_variance|xgd_ewma_diffmissing_or_zero_variance|form_index_diff","f46c94c73324116ee601ad3b377c2371558f04a1868c8c6d3291613c5cbaf047"
"uefa_nations_league_2026_27","uefa_nations_league_2026_27-2047968","uefa_nations_league_2026_27-2047968","uefa_nations_league_2026_27-2047968__score",6,0,2,0.0718908896685348,0.781192810982707,0.218807189017293,"phase14-open-nb-incumbent-calibrated-v1","0e89c2948c77b348c5b6d3832cf6d4e7721ca7794f8f68f857d6ae82b9fe7d50","fc9a617e48969b5d524f9994bccb31de0cb028829b4c58a1999b77cf12c5a990","open_nb_incumbent","c65a4f90477e5b799e234d1a313ff333f6cce12cfc08de93e342d7718c252ff8","vector_w400_p0p010","be1392fd4b9fbfe747ea90c89a17413f72459d8ff708d6d80d1bf086973eb51e","2026-06-10","2026-10-03T15:59:59Z","elo_diff","xgf_ewma_diffmissing_or_zero_variance|xga_ewma_diffmissing_or_zero_variance|xgd_ewma_diffmissing_or_zero_variance|form_index_diff","d3322d6748754399316455f54e116e8ab082e1b90f869a055ce6ae137b501ce8"
"uefa_nations_league_2026_27","uefa_nations_league_2026_27-2047968","uefa_nations_league_2026_27-2047968","uefa_nations_league_2026_27-2047968__score",7,2,1,0.0652078912521983,0.781192810982707,0.218807189017293,"phase14-open-nb-incumbent-calibrated-v1","0e89c2948c77b348c5b6d3832cf6d4e7721ca7794f8f68f857d6ae82b9fe7d50","fc9a617e48969b5d524f9994bccb31de0cb028829b4c58a1999b77cf12c5a990","open_nb_incumbent","c65a4f90477e5b799e234d1a313ff333f6cce12cfc08de93e342d7718c252ff8","vector_w400_p0p010","be1392fd4b9fbfe747ea90c89a17413f72459d8ff708d6d80d1bf086973eb51e","2026-06-10","2026-10-03T15:59:59Z","elo_diff","xgf_ewma_diffmissing_or_zero_variance|xga_ewma_diffmissing_or_zero_variance|xgd_ewma_diffmissing_or_zero_variance|form_index_diff","9fad07de20382e5245aa58dfd664d86861e06a0f3abc0c955e285da48ebd42c2"
"uefa_nations_league_2026_27","uefa_nations_league_2026_27-2047968","uefa_nations_league_2026_27-2047968","uefa_nations_league_2026_27-2047968__score",8,2,0,0.0584097510214689,0.781192810982707,0.218807189017293,"phase14-open-nb-incumbent-calibrated-v1","0e89c2948c77b348c5b6d3832cf6d4e7721ca7794f8f68f857d6ae82b9fe7d50","fc9a617e48969b5d524f9994bccb31de0cb028829b4c58a1999b77cf12c5a990","open_nb_incumbent","c65a4f90477e5b799e234d1a313ff333f6cce12cfc08de93e342d7718c252ff8","vector_w400_p0p010","be1392fd4b9fbfe747ea90c89a17413f72459d8ff708d6d80d1bf086973eb51e","2026-06-10","2026-10-03T15:59:59Z","elo_diff","xgf_ewma_diffmissing_or_zero_variance|xga_ewma_diffmissing_or_zero_variance|xgd_ewma_diffmissing_or_zero_variance|form_index_diff","54e5db5af98eda8f56f9de34db901a87cf7de2cd10f6f8eaee25f97073c68be4"
"uefa_nations_league_2026_27","uefa_nations_league_2026_27-2047968","uefa_nations_league_2026_27-2047968","uefa_nations_league_2026_27-2047968__score",9,2,2,0.0411476947295142,0.781192810982707,0.218807189017293,"phase14-open-nb-incumbent-calibrated-v1","0e89c2948c77b348c5b6d3832cf6d4e7721ca7794f8f68f857d6ae82b9fe7d50","fc9a617e48969b5d524f9994bccb31de0cb028829b4c58a1999b77cf12c5a990","open_nb_incumbent","c65a4f90477e5b799e234d1a313ff333f6cce12cfc08de93e342d7718c252ff8","vector_w400_p0p010","be1392fd4b9fbfe747ea90c89a17413f72459d8ff708d6d80d1bf086973eb51e","2026-06-10","2026-10-03T15:59:59Z","elo_diff","xgf_ewma_diffmissing_or_zero_variance|xga_ewma_diffmissing_or_zero_variance|xgd_ewma_diffmissing_or_zero_variance|form_index_diff","11ebfffa0b788d07c9973cfdd3514ebd07699c502189b8bfb2709431abc9ca62"
"uefa_nations_league_2026_27","uefa_nations_league_2026_27-2047968","uefa_nations_league_2026_27-2047968","uefa_nations_league_2026_27-2047968__score",10,1,3,0.0344634455480574,0.781192810982707,0.218807189017293,"phase14-open-nb-incumbent-calibrated-v1","0e89c2948c77b348c5b6d3832cf6d4e7721ca7794f8f68f857d6ae82b9fe7d50","fc9a617e48969b5d524f9994bccb31de0cb028829b4c58a1999b77cf12c5a990","open_nb_incumbent","c65a4f90477e5b799e234d1a313ff333f6cce12cfc08de93e342d7718c252ff8","vector_w400_p0p010","be1392fd4b9fbfe747ea90c89a17413f72459d8ff708d6d80d1bf086973eb51e","2026-06-10","2026-10-03T15:59:59Z","elo_diff","xgf_ewma_diffmissing_or_zero_variance|xga_ewma_diffmissing_or_zero_variance|xgd_ewma_diffmissing_or_zero_variance|form_index_diff","bdc1f6dbd9447053e7cfa0aaf8edd71be8a0a2c6da79c58da1417c1af415d6a8"
"uefa_nations_league_2026_27","uefa_nations_league_2026_27-2047969","uefa_nations_league_2026_27-2047969","uefa_nations_league_2026_27-2047969__score",1,1,0,0.136690625004839,0.7821577723021,0.2178422276979,"phase14-open-nb-incumbent-calibrated-v1","0e89c2948c77b348c5b6d3832cf6d4e7721ca7794f8f68f857d6ae82b9fe7d50","fc9a617e48969b5d524f9994bccb31de0cb028829b4c58a1999b77cf12c5a990","open_nb_incumbent","c65a4f90477e5b799e234d1a313ff333f6cce12cfc08de93e342d7718c252ff8","vector_w400_p0p010","be1392fd4b9fbfe747ea90c89a17413f72459d8ff708d6d80d1bf086973eb51e","2026-06-10","2026-10-03T15:59:59Z","elo_diff","xgf_ewma_diffmissing_or_zero_variance|xga_ewma_diffmissing_or_zero_variance|xgd_ewma_diffmissing_or_zero_variance|form_index_diff","e66df656d1ead16924f6397e3b8f1527c4be1fa9086d25a5f90f82d933420c62"
"uefa_nations_league_2026_27","uefa_nations_league_2026_27-2047969","uefa_nations_league_2026_27-2047969","uefa_nations_league_2026_27-2047969__score",2,2,0,0.114231682929703,0.7821577723021,0.2178422276979,"phase14-open-nb-incumbent-calibrated-v1","0e89c2948c77b348c5b6d3832cf6d4e7721ca7794f8f68f857d6ae82b9fe7d50","fc9a617e48969b5d524f9994bccb31de0cb028829b4c58a1999b77cf12c5a990","open_nb_incumbent","c65a4f90477e5b799e234d1a313ff333f6cce12cfc08de93e342d7718c252ff8","vector_w400_p0p010","be1392fd4b9fbfe747ea90c89a17413f72459d8ff708d6d80d1bf086973eb51e","2026-06-10","2026-10-03T15:59:59Z","elo_diff","xgf_ewma_diffmissing_or_zero_variance|xga_ewma_diffmissing_or_zero_variance|xgd_ewma_diffmissing_or_zero_variance|form_index_diff","d9513036dd7d27eccb5f5f4421f30f2baa845e1ac9051cc0f50f1d1032907238"
"uefa_nations_league_2026_27","uefa_nations_league_2026_27-2047969","uefa_nations_league_2026_27-2047969","uefa_nations_league_2026_27-2047969__score",3,1,1,0.0992228433379978,0.7821577723021,0.2178422276979,"phase14-open-nb-incumbent-calibrated-v1","0e89c2948c77b348c5b6d3832cf6d4e7721ca7794f8f68f857d6ae82b9fe7d50","fc9a617e48969b5d524f9994bccb31de0cb028829b4c58a1999b77cf12c5a990","open_nb_incumbent","c65a4f90477e5b799e234d1a313ff333f6cce12cfc08de93e342d7718c252ff8","vector_w400_p0p010","be1392fd4b9fbfe747ea90c89a17413f72459d8ff708d6d80d1bf086973eb51e","2026-06-10","2026-10-03T15:59:59Z","elo_diff","xgf_ewma_diffmissing_or_zero_variance|xga_ewma_diffmissing_or_zero_variance|xgd_ewma_diffmissing_or_zero_variance|form_index_diff","9ac49e6f7606b5a09b74bbb68d10f6d3402533138637cb783ee449a8c0258588"
"uefa_nations_league_2026_27","uefa_nations_league_2026_27-2047969","uefa_nations_league_2026_27-2047969","uefa_nations_league_2026_27-2047969__score",4,0,0,0.089696232043989,0.7821577723021,0.2178422276979,"phase14-open-nb-incumbent-calibrated-v1","0e89c2948c77b348c5b6d3832cf6d4e7721ca7794f8f68f857d6ae82b9fe7d50","fc9a617e48969b5d524f9994bccb31de0cb028829b4c58a1999b77cf12c5a990","open_nb_incumbent","c65a4f90477e5b799e234d1a313ff333f6cce12cfc08de93e342d7718c252ff8","vector_w400_p0p010","be1392fd4b9fbfe747ea90c89a17413f72459d8ff708d6d80d1bf086973eb51e","2026-06-10","2026-10-03T15:59:59Z","elo_diff","xgf_ewma_diffmissing_or_zero_variance|xga_ewma_diffmissing_or_zero_variance|xgd_ewma_diffmissing_or_zero_variance|form_index_diff","94d0953a786be2610bef573fe588efb1100244bd7a08c1f7ac44e2be3e1b89e9"
"uefa_nations_league_2026_27","uefa_nations_league_2026_27-2047969","uefa_nations_league_2026_27-2047969","uefa_nations_league_2026_27-2047969__score",5,2,1,0.0829200420962926,0.7821577723021,0.2178422276979,"phase14-open-nb-incumbent-calibrated-v1","0e89c2948c77b348c5b6d3832cf6d4e7721ca7794f8f68f857d6ae82b9fe7d50","fc9a617e48969b5d524f9994bccb31de0cb028829b4c58a1999b77cf12c5a990","open_nb_incumbent","c65a4f90477e5b799e234d1a313ff333f6cce12cfc08de93e342d7718c252ff8","vector_w400_p0p010","be1392fd4b9fbfe747ea90c89a17413f72459d8ff708d6d80d1bf086973eb51e","2026-06-10","2026-10-03T15:59:59Z","elo_diff","xgf_ewma_diffmissing_or_zero_variance|xga_ewma_diffmissing_or_zero_variance|xgd_ewma_diffmissing_or_zero_variance|form_index_diff","f0acb051fcf9812a96042865482b958400a8d6e34ff555edb89d88757255c2fd"
"uefa_nations_league_2026_27","uefa_nations_league_2026_27-2047969","uefa_nations_league_2026_27-2047969","uefa_nations_league_2026_27-2047969__score",6,3,0,0.0692568431596208,0.7821577723021,0.2178422276979,"phase14-open-nb-incumbent-calibrated-v1","0e89c2948c77b348c5b6d3832cf6d4e7721ca7794f8f68f857d6ae82b9fe7d50","fc9a617e48969b5d524f9994bccb31de0cb028829b4c58a1999b77cf12c5a990","open_nb_incumbent","c65a4f90477e5b799e234d1a313ff333f6cce12cfc08de93e342d7718c252ff8","vector_w400_p0p010","be1392fd4b9fbfe747ea90c89a17413f72459d8ff708d6d80d1bf086973eb51e","2026-06-10","2026-10-03T15:59:59Z","elo_diff","xgf_ewma_diffmissing_or_zero_variance|xga_ewma_diffmissing_or_zero_variance|xgd_ewma_diffmissing_or_zero_variance|form_index_diff","1cc03035d864d5fce6cdecef4fec4bc7df237f344c0a28edeb6c4e1b06aa14af"
"uefa_nations_league_2026_27","uefa_nations_league_2026_27-2047969","uefa_nations_league_2026_27-2047969","uefa_nations_league_2026_27-2047969__score",7,0,1,0.0651099164978897,0.7821577723021,0.2178422276979,"phase14-open-nb-incumbent-calibrated-v1","0e89c2948c77b348c5b6d3832cf6d4e7721ca7794f8f68f857d6ae82b9fe7d50","fc9a617e48969b5d524f9994bccb31de0cb028829b4c58a1999b77cf12c5a990","open_nb_incumbent","c65a4f90477e5b799e234d1a313ff333f6cce12cfc08de93e342d7718c252ff8","vector_w400_p0p010","be1392fd4b9fbfe747ea90c89a17413f72459d8ff708d6d80d1bf086973eb51e","2026-06-10","2026-10-03T15:59:59Z","elo_diff","xgf_ewma_diffmissing_or_zero_variance|xga_ewma_diffmissing_or_zero_variance|xgd_ewma_diffmissing_or_zero_variance|form_index_diff","14127cac4aedf7dc7026c7431ac78f8de54f6925c9918b4b69c91488afe052cd"
"uefa_nations_league_2026_27","uefa_nations_league_2026_27-2047969","uefa_nations_league_2026_27-2047969","uefa_nations_league_2026_27-2047969__score",8,3,1,0.0502730958956993,0.7821577723021,0.2178422276979,"phase14-open-nb-incumbent-calibrated-v1","0e89c2948c77b348c5b6d3832cf6d4e7721ca7794f8f68f857d6ae82b9fe7d50","fc9a617e48969b5d524f9994bccb31de0cb028829b4c58a1999b77cf12c5a990","open_nb_incumbent","c65a4f90477e5b799e234d1a313ff333f6cce12cfc08de93e342d7718c252ff8","vector_w400_p0p010","be1392fd4b9fbfe747ea90c89a17413f72459d8ff708d6d80d1bf086973eb51e","2026-06-10","2026-10-03T15:59:59Z","elo_diff","xgf_ewma_diffmissing_or_zero_variance|xga_ewma_diffmissing_or_zero_variance|xgd_ewma_diffmissing_or_zero_variance|form_index_diff","d7c183a44d04cab08ccf6401fa184cdbaa715e5b4fae664a919ec99ac4c132f9"
"uefa_nations_league_2026_27","uefa_nations_league_2026_27-2047969","uefa_nations_league_2026_27-2047969","uefa_nations_league_2026_27-2047969__score",9,1,2,0.0407113176945566,0.7821577723021,0.2178422276979,"phase14-open-nb-incumbent-calibrated-v1","0e89c2948c77b348c5b6d3832cf6d4e7721ca7794f8f68f857d6ae82b9fe7d50","fc9a617e48969b5d524f9994bccb31de0cb028829b4c58a1999b77cf12c5a990","open_nb_incumbent","c65a4f90477e5b799e234d1a313ff333f6cce12cfc08de93e342d7718c252ff8","vector_w400_p0p010","be1392fd4b9fbfe747ea90c89a17413f72459d8ff708d6d80d1bf086973eb51e","2026-06-10","2026-10-03T15:59:59Z","elo_diff","xgf_ewma_diffmissing_or_zero_variance|xga_ewma_diffmissing_or_zero_variance|xgd_ewma_diffmissing_or_zero_variance|form_index_diff","9e4a5fcc5ddb1118d0097db32130f7d2643567d4cb3a1559937457dc0bdb379e"
"uefa_nations_league_2026_27","uefa_nations_league_2026_27-2047969","uefa_nations_league_2026_27-2047969","uefa_nations_league_2026_27-2047969__score",10,4,0,0.0340451736415122,0.7821577723021,0.2178422276979,"phase14-open-nb-incumbent-calibrated-v1","0e89c2948c77b348c5b6d3832cf6d4e7721ca7794f8f68f857d6ae82b9fe7d50","fc9a617e48969b5d524f9994bccb31de0cb028829b4c58a1999b77cf12c5a990","open_nb_incumbent","c65a4f90477e5b799e234d1a313ff333f6cce12cfc08de93e342d7718c252ff8","vector_w400_p0p010","be1392fd4b9fbfe747ea90c89a17413f72459d8ff708d6d80d1bf086973eb51e","2026-06-10","2026-10-03T15:59:59Z","elo_diff","xgf_ewma_diffmissing_or_zero_variance|xga_ewma_diffmissing_or_zero_variance|xgd_ewma_diffmissing_or_zero_variance|form_index_diff","1cd45cc32fd38c4ae26d92d5276cd7292736ba1194fa1d09b4647e3a11f9c695"
"uefa_nations_league_2026_27","uefa_nations_league_2026_27-2047970","uefa_nations_league_2026_27-2047970","uefa_nations_league_2026_27-2047970__score",1,1,0,0.129144735575212,0.784435303898366,0.215564696101634,"phase14-open-nb-incumbent-calibrated-v1","0e89c2948c77b348c5b6d3832cf6d4e7721ca7794f8f68f857d6ae82b9fe7d50","fc9a617e48969b5d524f9994bccb31de0cb028829b4c58a1999b77cf12c5a990","open_nb_incumbent","c65a4f90477e5b799e234d1a313ff333f6cce12cfc08de93e342d7718c252ff8","vector_w400_p0p010","be1392fd4b9fbfe747ea90c89a17413f72459d8ff708d6d80d1bf086973eb51e","2026-06-10","2026-10-03T12:59:59Z","elo_diff","xgf_ewma_diffmissing_or_zero_variance|xga_ewma_diffmissing_or_zero_variance|xgd_ewma_diffmissing_or_zero_variance|form_index_diff","c3fbf272c6b4b008988d0155ab82700ab78736aa87823aff98e100880c3b8f2d"
"uefa_nations_league_2026_27","uefa_nations_league_2026_27-2047970","uefa_nations_league_2026_27-2047970","uefa_nations_league_2026_27-2047970__score",2,1,1,0.111985509837606,0.784435303898366,0.215564696101634,"phase14-open-nb-incumbent-calibrated-v1","0e89c2948c77b348c5b6d3832cf6d4e7721ca7794f8f68f857d6ae82b9fe7d50","fc9a617e48969b5d524f9994bccb31de0cb028829b4c58a1999b77cf12c5a990","open_nb_incumbent","c65a4f90477e5b799e234d1a313ff333f6cce12cfc08de93e342d7718c252ff8","vector_w400_p0p010","be1392fd4b9fbfe747ea90c89a17413f72459d8ff708d6d80d1bf086973eb51e","2026-06-10","2026-10-03T12:59:59Z","elo_diff","xgf_ewma_diffmissing_or_zero_variance|xga_ewma_diffmissing_or_zero_variance|xgd_ewma_diffmissing_or_zero_variance|form_index_diff","9797a78954d3b185c1c5a8122cc4762f3e0fc916a41e913b71bd7a39e84693d4"
"uefa_nations_league_2026_27","uefa_nations_league_2026_27-2047970","uefa_nations_league_2026_27-2047970","uefa_nations_league_2026_27-2047970__score",3,0,0,0.0994211016644161,0.784435303898366,0.215564696101634,"phase14-open-nb-incumbent-calibrated-v1","0e89c2948c77b348c5b6d3832cf6d4e7721ca7794f8f68f857d6ae82b9fe7d50","fc9a617e48969b5d524f9994bccb31de0cb028829b4c58a1999b77cf12c5a990","open_nb_incumbent","c65a4f90477e5b799e234d1a313ff333f6cce12cfc08de93e342d7718c252ff8","vector_w400_p0p010","be1392fd4b9fbfe747ea90c89a17413f72459d8ff708d6d80d1bf086973eb51e","2026-06-10","2026-10-03T12:59:59Z","elo_diff","xgf_ewma_diffmissing_or_zero_variance|xga_ewma_diffmissing_or_zero_variance|xgd_ewma_diffmissing_or_zero_variance|form_index_diff","beb90ee1dc9d62650c5f6076b264b53e41226c75f23550313bf5b66071735f02"
"uefa_nations_league_2026_27","uefa_nations_league_2026_27-2047970","uefa_nations_league_2026_27-2047970","uefa_nations_league_2026_27-2047970__score",4,2,0,0.0919937155051628,0.784435303898366,0.215564696101634,"phase14-open-nb-incumbent-calibrated-v1","0e89c2948c77b348c5b6d3832cf6d4e7721ca7794f8f68f857d6ae82b9fe7d50","fc9a617e48969b5d524f9994bccb31de0cb028829b4c58a1999b77cf12c5a990","open_nb_incumbent","c65a4f90477e5b799e234d1a313ff333f6cce12cfc08de93e342d7718c252ff8","vector_w400_p0p010","be1392fd4b9fbfe747ea90c89a17413f72459d8ff708d6d80d1bf086973eb51e","2026-06-10","2026-10-03T12:59:59Z","elo_diff","xgf_ewma_diffmissing_or_zero_variance|xga_ewma_diffmissing_or_zero_variance|xgd_ewma_diffmissing_or_zero_variance|form_index_diff","1ae6eeebb95438f0528ba688729a327007ac03bc2878a3fa901c961a3fb1ea6e"
"uefa_nations_league_2026_27","uefa_nations_league_2026_27-2047970","uefa_nations_league_2026_27-2047970","uefa_nations_league_2026_27-2047970__score",5,0,1,0.0862112010134703,0.784435303898366,0.215564696101634,"phase14-open-nb-incumbent-calibrated-v1","0e89c2948c77b348c5b6d3832cf6d4e7721ca7794f8f68f857d6ae82b9fe7d50","fc9a617e48969b5d524f9994bccb31de0cb028829b4c58a1999b77cf12c5a990","open_nb_incumbent","c65a4f90477e5b799e234d1a313ff333f6cce12cfc08de93e342d7718c252ff8","vector_w400_p0p010","be1392fd4b9fbfe747ea90c89a17413f72459d8ff708d6d80d1bf086973eb51e","2026-06-10","2026-10-03T12:59:59Z","elo_diff","xgf_ewma_diffmissing_or_zero_variance|xga_ewma_diffmissing_or_zero_variance|xgd_ewma_diffmissing_or_zero_variance|form_index_diff","ddce9cd7bdcbd9963c7865093e66301b48d7caf0e6128eb1ca7cd1d79232e4f5"
"uefa_nations_league_2026_27","uefa_nations_league_2026_27-2047970","uefa_nations_league_2026_27-2047970","uefa_nations_league_2026_27-2047970__score",6,2,1,0.0797706781218472,0.784435303898366,0.215564696101634,"phase14-open-nb-incumbent-calibrated-v1","0e89c2948c77b348c5b6d3832cf6d4e7721ca7794f8f68f857d6ae82b9fe7d50","fc9a617e48969b5d524f9994bccb31de0cb028829b4c58a1999b77cf12c5a990","open_nb_incumbent","c65a4f90477e5b799e234d1a313ff333f6cce12cfc08de93e342d7718c252ff8","vector_w400_p0p010","be1392fd4b9fbfe747ea90c89a17413f72459d8ff708d6d80d1bf086973eb51e","2026-06-10","2026-10-03T12:59:59Z","elo_diff","xgf_ewma_diffmissing_or_zero_variance|xga_ewma_diffmissing_or_zero_variance|xgd_ewma_diffmissing_or_zero_variance|form_index_diff","0d41a5a809e4d991531c7b00ba0ce4461c08ec7a3e17f67aae8e4da99c0fed85"
"uefa_nations_league_2026_27","uefa_nations_league_2026_27-2047970","uefa_nations_league_2026_27-2047970","uefa_nations_league_2026_27-2047970__score",7,1,2,0.0548880128778719,0.784435303898366,0.215564696101634,"phase14-open-nb-incumbent-calibrated-v1","0e89c2948c77b348c5b6d3832cf6d4e7721ca7794f8f68f857d6ae82b9fe7d50","fc9a617e48969b5d524f9994bccb31de0cb028829b4c58a1999b77cf12c5a990","open_nb_incumbent","c65a4f90477e5b799e234d1a313ff333f6cce12cfc08de93e342d7718c252ff8","vector_w400_p0p010","be1392fd4b9fbfe747ea90c89a17413f72459d8ff708d6d80d1bf086973eb51e","2026-06-10","2026-10-03T12:59:59Z","elo_diff","xgf_ewma_diffmissing_or_zero_variance|xga_ewma_diffmissing_or_zero_variance|xgd_ewma_diffmissing_or_zero_variance|form_index_diff","07045470d734d756ff3f7e57638ea735dd16e5e6a8dcb03c11fa44662bab46a5"
"uefa_nations_league_2026_27","uefa_nations_league_2026_27-2047970","uefa_nations_league_2026_27-2047970","uefa_nations_league_2026_27-2047970__score",8,3,0,0.0475409529715569,0.784435303898366,0.215564696101634,"phase14-open-nb-incumbent-calibrated-v1","0e89c2948c77b348c5b6d3832cf6d4e7721ca7794f8f68f857d6ae82b9fe7d50","fc9a617e48969b5d524f9994bccb31de0cb028829b4c58a1999b77cf12c5a990","open_nb_incumbent","c65a4f90477e5b799e234d1a313ff333f6cce12cfc08de93e342d7718c252ff8","vector_w400_p0p010","be1392fd4b9fbfe747ea90c89a17413f72459d8ff708d6d80d1bf086973eb51e","2026-06-10","2026-10-03T12:59:59Z","elo_diff","xgf_ewma_diffmissing_or_zero_variance|xga_ewma_diffmissing_or_zero_variance|xgd_ewma_diffmissing_or_zero_variance|form_index_diff","64227186e3d4d207e156af39b92a89f9d287c39061893f45ef3e35ca5df544bd"
"uefa_nations_league_2026_27","uefa_nations_league_2026_27-2047970","uefa_nations_league_2026_27-2047970","uefa_nations_league_2026_27-2047970__score",9,0,2,0.0422551231700078,0.784435303898366,0.215564696101634,"phase14-open-nb-incumbent-calibrated-v1","0e89c2948c77b348c5b6d3832cf6d4e7721ca7794f8f68f857d6ae82b9fe7d50","fc9a617e48969b5d524f9994bccb31de0cb028829b4c58a1999b77cf12c5a990","open_nb_incumbent","c65a4f90477e5b799e234d1a313ff333f6cce12cfc08de93e342d7718c252ff8","vector_w400_p0p010","be1392fd4b9fbfe747ea90c89a17413f72459d8ff708d6d80d1bf086973eb51e","2026-06-10","2026-10-03T12:59:59Z","elo_diff","xgf_ewma_diffmissing_or_zero_variance|xga_ewma_diffmissing_or_zero_variance|xgd_ewma_diffmissing_or_zero_variance|form_index_diff","5eb02ff149b7bce6a9a54ecb15dd478ec914e0fd6c7874d320773359ee829ee3"
"uefa_nations_league_2026_27","uefa_nations_league_2026_27-2047970","uefa_nations_league_2026_27-2047970","uefa_nations_league_2026_27-2047970__score",10,3,1,0.0412242731612151,0.784435303898366,0.215564696101634,"phase14-open-nb-incumbent-calibrated-v1","0e89c2948c77b348c5b6d3832cf6d4e7721ca7794f8f68f857d6ae82b9fe7d50","fc9a617e48969b5d524f9994bccb31de0cb028829b4c58a1999b77cf12c5a990","open_nb_incumbent","c65a4f90477e5b799e234d1a313ff333f6cce12cfc08de93e342d7718c252ff8","vector_w400_p0p010","be1392fd4b9fbfe747ea90c89a17413f72459d8ff708d6d80d1bf086973eb51e","2026-06-10","2026-10-03T12:59:59Z","elo_diff","xgf_ewma_diffmissing_or_zero_variance|xga_ewma_diffmissing_or_zero_variance|xgd_ewma_diffmissing_or_zero_variance|form_index_diff","2596a8b591312cdc2b0b5bc1a12eb85e9371d0be67397269344ecbdfb33952ba"
"uefa_nations_league_2026_27","uefa_nations_league_2026_27-2047971","uefa_nations_league_2026_27-2047971","uefa_nations_league_2026_27-2047971__score",1,2,0,0.138208652919069,0.77839479602708,0.22160520397292,"phase14-open-nb-incumbent-calibrated-v1","0e89c2948c77b348c5b6d3832cf6d4e7721ca7794f8f68f857d6ae82b9fe7d50","fc9a617e48969b5d524f9994bccb31de0cb028829b4c58a1999b77cf12c5a990","open_nb_incumbent","c65a4f90477e5b799e234d1a313ff333f6cce12cfc08de93e342d7718c252ff8","vector_w400_p0p010","be1392fd4b9fbfe747ea90c89a17413f72459d8ff708d6d80d1bf086973eb51e","2026-06-10","2026-10-03T18:44:59Z","elo_diff","xgf_ewma_diffmissing_or_zero_variance|xga_ewma_diffmissing_or_zero_variance|xgd_ewma_diffmissing_or_zero_variance|form_index_diff","4a8c162f6d664cac2093da3a7f49b8531442c90807888cfc172b0a2e2196c2a7"
"uefa_nations_league_2026_27","uefa_nations_league_2026_27-2047971","uefa_nations_league_2026_27-2047971","uefa_nations_league_2026_27-2047971__score",2,3,0,0.121181185380327,0.77839479602708,0.22160520397292,"phase14-open-nb-incumbent-calibrated-v1","0e89c2948c77b348c5b6d3832cf6d4e7721ca7794f8f68f857d6ae82b9fe7d50","fc9a617e48969b5d524f9994bccb31de0cb028829b4c58a1999b77cf12c5a990","open_nb_incumbent","c65a4f90477e5b799e234d1a313ff333f6cce12cfc08de93e342d7718c252ff8","vector_w400_p0p010","be1392fd4b9fbfe747ea90c89a17413f72459d8ff708d6d80d1bf086973eb51e","2026-06-10","2026-10-03T18:44:59Z","elo_diff","xgf_ewma_diffmissing_or_zero_variance|xga_ewma_diffmissing_or_zero_variance|xgd_ewma_diffmissing_or_zero_variance|form_index_diff","a4cd85ded98129e8b038a80a03b1446e3c37dacdf50019fc630e67f558c69627"
"uefa_nations_league_2026_27","uefa_nations_league_2026_27-2047971","uefa_nations_league_2026_27-2047971","uefa_nations_league_2026_27-2047971__score",3,1,0,0.11435720770949,0.77839479602708,0.22160520397292,"phase14-open-nb-incumbent-calibrated-v1","0e89c2948c77b348c5b6d3832cf6d4e7721ca7794f8f68f857d6ae82b9fe7d50","fc9a617e48969b5d524f9994bccb31de0cb028829b4c58a1999b77cf12c5a990","open_nb_incumbent","c65a4f90477e5b799e234d1a313ff333f6cce12cfc08de93e342d7718c252ff8","vector_w400_p0p010","be1392fd4b9fbfe747ea90c89a17413f72459d8ff708d6d80d1bf086973eb51e","2026-06-10","2026-10-03T18:44:59Z","elo_diff","xgf_ewma_diffmissing_or_zero_variance|xga_ewma_diffmissing_or_zero_variance|xgd_ewma_diffmissing_or_zero_variance|form_index_diff","ad80aeb0c6df0fa1c7d9fb0d6280bc7b2a290738afd882ea73b5c49b345ec7fe"
"uefa_nations_league_2026_27","uefa_nations_league_2026_27-2047971","uefa_nations_league_2026_27-2047971","uefa_nations_league_2026_27-2047971__score",4,4,0,0.086149329924414,0.77839479602708,0.22160520397292,"phase14-open-nb-incumbent-calibrated-v1","0e89c2948c77b348c5b6d3832cf6d4e7721ca7794f8f68f857d6ae82b9fe7d50","fc9a617e48969b5d524f9994bccb31de0cb028829b4c58a1999b77cf12c5a990","open_nb_incumbent","c65a4f90477e5b799e234d1a313ff333f6cce12cfc08de93e342d7718c252ff8","vector_w400_p0p010","be1392fd4b9fbfe747ea90c89a17413f72459d8ff708d6d80d1bf086973eb51e","2026-06-10","2026-10-03T18:44:59Z","elo_diff","xgf_ewma_diffmissing_or_zero_variance|xga_ewma_diffmissing_or_zero_variance|xgd_ewma_diffmissing_or_zero_variance|form_index_diff","452d98553cfe2fb74629dea7ab90413aa20aa26068cec0da492faee57de7ed24"
"uefa_nations_league_2026_27","uefa_nations_league_2026_27-2047971","uefa_nations_league_2026_27-2047971","uefa_nations_league_2026_27-2047971__score",5,2,1,0.0642933065675762,0.77839479602708,0.22160520397292,"phase14-open-nb-incumbent-calibrated-v1","0e89c2948c77b348c5b6d3832cf6d4e7721ca7794f8f68f857d6ae82b9fe7d50","fc9a617e48969b5d524f9994bccb31de0cb028829b4c58a1999b77cf12c5a990","open_nb_incumbent","c65a4f90477e5b799e234d1a313ff333f6cce12cfc08de93e342d7718c252ff8","vector_w400_p0p010","be1392fd4b9fbfe747ea90c89a17413f72459d8ff708d6d80d1bf086973eb51e","2026-06-10","2026-10-03T18:44:59Z","elo_diff","xgf_ewma_diffmissing_or_zero_variance|xga_ewma_diffmissing_or_zero_variance|xgd_ewma_diffmissing_or_zero_variance|form_index_diff","de3263ecf9153cdab6698262ab5452d8aa3e47733ecb2b4165b084e1f384dba7"
"uefa_nations_league_2026_27","uefa_nations_league_2026_27-2047971","uefa_nations_league_2026_27-2047971","uefa_nations_league_2026_27-2047971__score",6,3,1,0.0563722960706514,0.77839479602708,0.22160520397292,"phase14-open-nb-incumbent-calibrated-v1","0e89c2948c77b348c5b6d3832cf6d4e7721ca7794f8f68f857d6ae82b9fe7d50","fc9a617e48969b5d524f9994bccb31de0cb028829b4c58a1999b77cf12c5a990","open_nb_incumbent","c65a4f90477e5b799e234d1a313ff333f6cce12cfc08de93e342d7718c252ff8","vector_w400_p0p010","be1392fd4b9fbfe747ea90c89a17413f72459d8ff708d6d80d1bf086973eb51e","2026-06-10","2026-10-03T18:44:59Z","elo_diff","xgf_ewma_diffmissing_or_zero_variance|xga_ewma_diffmissing_or_zero_variance|xgd_ewma_diffmissing_or_zero_variance|form_index_diff","bd07233fd7b61045b2cd0b7fb5403d7b0a45c8ea3bb390d9cb2914ea14b314ba"
"uefa_nations_league_2026_27","uefa_nations_league_2026_27-2047971","uefa_nations_league_2026_27-2047971","uefa_nations_league_2026_27-2047971__score",7,1,1,0.0531978487467322,0.77839479602708,0.22160520397292,"phase14-open-nb-incumbent-calibrated-v1","0e89c2948c77b348c5b6d3832cf6d4e7721ca7794f8f68f857d6ae82b9fe7d50","fc9a617e48969b5d524f9994bccb31de0cb028829b4c58a1999b77cf12c5a990","open_nb_incumbent","c65a4f90477e5b799e234d1a313ff333f6cce12cfc08de93e342d7718c252ff8","vector_w400_p0p010","be1392fd4b9fbfe747ea90c89a17413f72459d8ff708d6d80d1bf086973eb51e","2026-06-10","2026-10-03T18:44:59Z","elo_diff","xgf_ewma_diffmissing_or_zero_variance|xga_ewma_diffmissing_or_zero_variance|xgd_ewma_diffmissing_or_zero_variance|form_index_diff","8e949d7bf46e17bdccd68583dabc06388e56d29e12fd56df406fbdad642f3d7e"
"uefa_nations_league_2026_27","uefa_nations_league_2026_27-2047971","uefa_nations_league_2026_27-2047971","uefa_nations_league_2026_27-2047971__score",8,5,0,0.052670163387808,0.77839479602708,0.22160520397292,"phase14-open-nb-incumbent-calibrated-v1","0e89c2948c77b348c5b6d3832cf6d4e7721ca7794f8f68f857d6ae82b9fe7d50","fc9a617e48969b5d524f9994bccb31de0cb028829b4c58a1999b77cf12c5a990","open_nb_incumbent","c65a4f90477e5b799e234d1a313ff333f6cce12cfc08de93e342d7718c252ff8","vector_w400_p0p010","be1392fd4b9fbfe747ea90c89a17413f72459d8ff708d6d80d1bf086973eb51e","2026-06-10","2026-10-03T18:44:59Z","elo_diff","xgf_ewma_diffmissing_or_zero_variance|xga_ewma_diffmissing_or_zero_variance|xgd_ewma_diffmissing_or_zero_variance|form_index_diff","4b51a31228a66b15de8220568c43759d2d1f33938f910cc405be3c9be1d03d48"
"uefa_nations_league_2026_27","uefa_nations_league_2026_27-2047971","uefa_nations_league_2026_27-2047971","uefa_nations_league_2026_27-2047971__score",9,0,0,0.0518889839998609,0.77839479602708,0.22160520397292,"phase14-open-nb-incumbent-calibrated-v1","0e89c2948c77b348c5b6d3832cf6d4e7721ca7794f8f68f857d6ae82b9fe7d50","fc9a617e48969b5d524f9994bccb31de0cb028829b4c58a1999b77cf12c5a990","open_nb_incumbent","c65a4f90477e5b799e234d1a313ff333f6cce12cfc08de93e342d7718c252ff8","vector_w400_p0p010","be1392fd4b9fbfe747ea90c89a17413f72459d8ff708d6d80d1bf086973eb51e","2026-06-10","2026-10-03T18:44:59Z","elo_diff","xgf_ewma_diffmissing_or_zero_variance|xga_ewma_diffmissing_or_zero_variance|xgd_ewma_diffmissing_or_zero_variance|form_index_diff","4b26f6b8a64885d9e1a5e0116dd297133c6a42ca5a097857a127b86d94b15806"
"uefa_nations_league_2026_27","uefa_nations_league_2026_27-2047971","uefa_nations_league_2026_27-2047971","uefa_nations_league_2026_27-2047971__score",10,4,1,0.0400758213211513,0.77839479602708,0.22160520397292,"phase14-open-nb-incumbent-calibrated-v1","0e89c2948c77b348c5b6d3832cf6d4e7721ca7794f8f68f857d6ae82b9fe7d50","fc9a617e48969b5d524f9994bccb31de0cb028829b4c58a1999b77cf12c5a990","open_nb_incumbent","c65a4f90477e5b799e234d1a313ff333f6cce12cfc08de93e342d7718c252ff8","vector_w400_p0p010","be1392fd4b9fbfe747ea90c89a17413f72459d8ff708d6d80d1bf086973eb51e","2026-06-10","2026-10-03T18:44:59Z","elo_diff","xgf_ewma_diffmissing_or_zero_variance|xga_ewma_diffmissing_or_zero_variance|xgd_ewma_diffmissing_or_zero_variance|form_index_diff","dcabc08f014e308b28ec70ff66d959246fb7d72963dcf1b809f06e0444dccb3b"
"uefa_nations_league_2026_27","uefa_nations_league_2026_27-2047972","uefa_nations_league_2026_27-2047972","uefa_nations_league_2026_27-2047972__score",1,1,0,0.136048306742621,0.781452492699433,0.218547507300567,"phase14-open-nb-incumbent-calibrated-v1","0e89c2948c77b348c5b6d3832cf6d4e7721ca7794f8f68f857d6ae82b9fe7d50","fc9a617e48969b5d524f9994bccb31de0cb028829b4c58a1999b77cf12c5a990","open_nb_incumbent","c65a4f90477e5b799e234d1a313ff333f6cce12cfc08de93e342d7718c252ff8","vector_w400_p0p010","be1392fd4b9fbfe747ea90c89a17413f72459d8ff708d6d80d1bf086973eb51e","2026-06-10","2026-10-03T18:44:59Z","elo_diff","xgf_ewma_diffmissing_or_zero_variance|xga_ewma_diffmissing_or_zero_variance|xgd_ewma_diffmissing_or_zero_variance|form_index_diff","3525cdcfc1e716bb83823880e173c4ea2bee5c9227393f2df43e9fc81da018c3"
"uefa_nations_league_2026_27","uefa_nations_league_2026_27-2047972","uefa_nations_league_2026_27-2047972","uefa_nations_league_2026_27-2047972__score",2,2,0,0.126927322162233,0.781452492699433,0.218547507300567,"phase14-open-nb-incumbent-calibrated-v1","0e89c2948c77b348c5b6d3832cf6d4e7721ca7794f8f68f857d6ae82b9fe7d50","fc9a617e48969b5d524f9994bccb31de0cb028829b4c58a1999b77cf12c5a990","open_nb_incumbent","c65a4f90477e5b799e234d1a313ff333f6cce12cfc08de93e342d7718c252ff8","vector_w400_p0p010","be1392fd4b9fbfe747ea90c89a17413f72459d8ff708d6d80d1bf086973eb51e","2026-06-10","2026-10-03T18:44:59Z","elo_diff","xgf_ewma_diffmissing_or_zero_variance|xga_ewma_diffmissing_or_zero_variance|xgd_ewma_diffmissing_or_zero_variance|form_index_diff","da0bc44c482c0d1d204aa0f117de1c4ff81960bc459d196e0a6b33ec8c32cd37"
"uefa_nations_league_2026_27","uefa_nations_league_2026_27-2047972","uefa_nations_league_2026_27-2047972","uefa_nations_league_2026_27-2047972__score",3,1,1,0.086938708958942,0.781452492699433,0.218547507300567,"phase14-open-nb-incumbent-calibrated-v1","0e89c2948c77b348c5b6d3832cf6d4e7721ca7794f8f68f857d6ae82b9fe7d50","fc9a617e48969b5d524f9994bccb31de0cb028829b4c58a1999b77cf12c5a990","open_nb_incumbent","c65a4f90477e5b799e234d1a313ff333f6cce12cfc08de93e342d7718c252ff8","vector_w400_p0p010","be1392fd4b9fbfe747ea90c89a17413f72459d8ff708d6d80d1bf086973eb51e","2026-06-10","2026-10-03T18:44:59Z","elo_diff","xgf_ewma_diffmissing_or_zero_variance|xga_ewma_diffmissing_or_zero_variance|xgd_ewma_diffmissing_or_zero_variance|form_index_diff","28431f52d9ecf12034c02b1bf23c1e0899362e66e62cdfd73d21a174774515a9"
"uefa_nations_league_2026_27","uefa_nations_league_2026_27-2047972","uefa_nations_league_2026_27-2047972","uefa_nations_league_2026_27-2047972__score",4,3,0,0.0859103256437515,0.781452492699433,0.218547507300567,"phase14-open-nb-incumbent-calibrated-v1","0e89c2948c77b348c5b6d3832cf6d4e7721ca7794f8f68f857d6ae82b9fe7d50","fc9a617e48969b5d524f9994bccb31de0cb028829b4c58a1999b77cf12c5a990","open_nb_incumbent","c65a4f90477e5b799e234d1a313ff333f6cce12cfc08de93e342d7718c252ff8","vector_w400_p0p010","be1392fd4b9fbfe747ea90c89a17413f72459d8ff708d6d80d1bf086973eb51e","2026-06-10","2026-10-03T18:44:59Z","elo_diff","xgf_ewma_diffmissing_or_zero_variance|xga_ewma_diffmissing_or_zero_variance|xgd_ewma_diffmissing_or_zero_variance|form_index_diff","02ef78bcd43d5a4fedb7c602adcb298a391c6a7f4bffdd337c0e5e24ce1d8150"
"uefa_nations_league_2026_27","uefa_nations_league_2026_27-2047972","uefa_nations_league_2026_27-2047972","uefa_nations_league_2026_27-2047972__score",5,2,1,0.081110142306117,0.781452492699433,0.218547507300567,"phase14-open-nb-incumbent-calibrated-v1","0e89c2948c77b348c5b6d3832cf6d4e7721ca7794f8f68f857d6ae82b9fe7d50","fc9a617e48969b5d524f9994bccb31de0cb028829b4c58a1999b77cf12c5a990","open_nb_incumbent","c65a4f90477e5b799e234d1a313ff333f6cce12cfc08de93e342d7718c252ff8","vector_w400_p0p010","be1392fd4b9fbfe747ea90c89a17413f72459d8ff708d6d80d1bf086973eb51e","2026-06-10","2026-10-03T18:44:59Z","elo_diff","xgf_ewma_diffmissing_or_zero_variance|xga_ewma_diffmissing_or_zero_variance|xgd_ewma_diffmissing_or_zero_variance|form_index_diff","174d7276e8a4cfecd00f1f76646e7b88696241ae090ee33ce60a057cee7910ea"
"uefa_nations_league_2026_27","uefa_nations_league_2026_27-2047972","uefa_nations_league_2026_27-2047972","uefa_nations_league_2026_27-2047972__score",6,0,0,0.0799676770119219,0.781452492699433,0.218547507300567,"phase14-open-nb-incumbent-calibrated-v1","0e89c2948c77b348c5b6d3832cf6d4e7721ca7794f8f68f857d6ae82b9fe7d50","fc9a617e48969b5d524f9994bccb31de0cb028829b4c58a1999b77cf12c5a990","open_nb_incumbent","c65a4f90477e5b799e234d1a313ff333f6cce12cfc08de93e342d7718c252ff8","vector_w400_p0p010","be1392fd4b9fbfe747ea90c89a17413f72459d8ff708d6d80d1bf086973eb51e","2026-06-10","2026-10-03T18:44:59Z","elo_diff","xgf_ewma_diffmissing_or_zero_variance|xga_ewma_diffmissing_or_zero_variance|xgd_ewma_diffmissing_or_zero_variance|form_index_diff","b5444608d74ea69016a0626febb1ce4202d858103e33bc3c845ee9c28d4b4cd0"
"uefa_nations_league_2026_27","uefa_nations_league_2026_27-2047972","uefa_nations_league_2026_27-2047972","uefa_nations_league_2026_27-2047972__score",7,3,1,0.0548991235285268,0.781452492699433,0.218547507300567,"phase14-open-nb-incumbent-calibrated-v1","0e89c2948c77b348c5b6d3832cf6d4e7721ca7794f8f68f857d6ae82b9fe7d50","fc9a617e48969b5d524f9994bccb31de0cb028829b4c58a1999b77cf12c5a990","open_nb_incumbent","c65a4f90477e5b799e234d1a313ff333f6cce12cfc08de93e342d7718c252ff8","vector_w400_p0p010","be1392fd4b9fbfe747ea90c89a17413f72459d8ff708d6d80d1bf086973eb51e","2026-06-10","2026-10-03T18:44:59Z","elo_diff","xgf_ewma_diffmissing_or_zero_variance|xga_ewma_diffmissing_or_zero_variance|xgd_ewma_diffmissing_or_zero_variance|form_index_diff","74fc9524a2fc9929fed5bfd53199dbf352ee1822a290f93143aa2fe0635c1f10"
"uefa_nations_league_2026_27","uefa_nations_league_2026_27-2047972","uefa_nations_league_2026_27-2047972","uefa_nations_league_2026_27-2047972__score",8,0,1,0.0511016032784197,0.781452492699433,0.218547507300567,"phase14-open-nb-incumbent-calibrated-v1","0e89c2948c77b348c5b6d3832cf6d4e7721ca7794f8f68f857d6ae82b9fe7d50","fc9a617e48969b5d524f9994bccb31de0cb028829b4c58a1999b77cf12c5a990","open_nb_incumbent","c65a4f90477e5b799e234d1a313ff333f6cce12cfc08de93e342d7718c252ff8","vector_w400_p0p010","be1392fd4b9fbfe747ea90c89a17413f72459d8ff708d6d80d1bf086973eb51e","2026-06-10","2026-10-03T18:44:59Z","elo_diff","xgf_ewma_diffmissing_or_zero_variance|xga_ewma_diffmissing_or_zero_variance|xgd_ewma_diffmissing_or_zero_variance|form_index_diff","649a21f735759fdc27907d757ee3529987eb9dcb04c9f2798792aea08cbbe970"
"uefa_nations_league_2026_27","uefa_nations_league_2026_27-2047972","uefa_nations_league_2026_27-2047972","uefa_nations_league_2026_27-2047972__score",9,4,0,0.0471468148430144,0.781452492699433,0.218547507300567,"phase14-open-nb-incumbent-calibrated-v1","0e89c2948c77b348c5b6d3832cf6d4e7721ca7794f8f68f857d6ae82b9fe7d50","fc9a617e48969b5d524f9994bccb31de0cb028829b4c58a1999b77cf12c5a990","open_nb_incumbent","c65a4f90477e5b799e234d1a313ff333f6cce12cfc08de93e342d7718c252ff8","vector_w400_p0p010","be1392fd4b9fbfe747ea90c89a17413f72459d8ff708d6d80d1bf086973eb51e","2026-06-10","2026-10-03T18:44:59Z","elo_diff","xgf_ewma_diffmissing_or_zero_variance|xga_ewma_diffmissing_or_zero_variance|xgd_ewma_diffmissing_or_zero_variance|form_index_diff","46e82b93adc4d23526e566dd4262f2ec24784c253e5dac248968079238d16dfe"
"uefa_nations_league_2026_27","uefa_nations_league_2026_27-2047972","uefa_nations_league_2026_27-2047972","uefa_nations_league_2026_27-2047972__score",10,1,2,0.0314024682238862,0.781452492699433,0.218547507300567,"phase14-open-nb-incumbent-calibrated-v1","0e89c2948c77b348c5b6d3832cf6d4e7721ca7794f8f68f857d6ae82b9fe7d50","fc9a617e48969b5d524f9994bccb31de0cb028829b4c58a1999b77cf12c5a990","open_nb_incumbent","c65a4f90477e5b799e234d1a313ff333f6cce12cfc08de93e342d7718c252ff8","vector_w400_p0p010","be1392fd4b9fbfe747ea90c89a17413f72459d8ff708d6d80d1bf086973eb51e","2026-06-10","2026-10-03T18:44:59Z","elo_diff","xgf_ewma_diffmissing_or_zero_variance|xga_ewma_diffmissing_or_zero_variance|xgd_ewma_diffmissing_or_zero_variance|form_index_diff","c3be0810599f07646c44553644e4ad1e4705699d541b31687b7dcd8fd72ad472"
"uefa_nations_league_2026_27","uefa_nations_league_2026_27-2047973","uefa_nations_league_2026_27-2047973","uefa_nations_league_2026_27-2047973__score",1,4,0,0.116408561249904,0.736985589280703,0.263014410719297,"phase14-open-nb-incumbent-calibrated-v1","0e89c2948c77b348c5b6d3832cf6d4e7721ca7794f8f68f857d6ae82b9fe7d50","fc9a617e48969b5d524f9994bccb31de0cb028829b4c58a1999b77cf12c5a990","open_nb_incumbent","c65a4f90477e5b799e234d1a313ff333f6cce12cfc08de93e342d7718c252ff8","vector_w400_p0p010","be1392fd4b9fbfe747ea90c89a17413f72459d8ff708d6d80d1bf086973eb51e","2026-06-10","2026-10-03T15:59:59Z","elo_diff","xgf_ewma_diffmissing_or_zero_variance|xga_ewma_diffmissing_or_zero_variance|xgd_ewma_diffmissing_or_zero_variance|form_index_diff","e075baf9fe0836416e65505c8fbe9fe4766a9bba0ae00ce2c564d619bb6942d3"
"uefa_nations_league_2026_27","uefa_nations_league_2026_27-2047973","uefa_nations_league_2026_27-2047973","uefa_nations_league_2026_27-2047973__score",2,5,0,0.111437891824361,0.736985589280703,0.263014410719297,"phase14-open-nb-incumbent-calibrated-v1","0e89c2948c77b348c5b6d3832cf6d4e7721ca7794f8f68f857d6ae82b9fe7d50","fc9a617e48969b5d524f9994bccb31de0cb028829b4c58a1999b77cf12c5a990","open_nb_incumbent","c65a4f90477e5b799e234d1a313ff333f6cce12cfc08de93e342d7718c252ff8","vector_w400_p0p010","be1392fd4b9fbfe747ea90c89a17413f72459d8ff708d6d80d1bf086973eb51e","2026-06-10","2026-10-03T15:59:59Z","elo_diff","xgf_ewma_diffmissing_or_zero_variance|xga_ewma_diffmissing_or_zero_variance|xgd_ewma_diffmissing_or_zero_variance|form_index_diff","fc4e889250630121da1ad83406c437d7ffe1cb869455766c9863c3d06a858a8f"
"uefa_nations_league_2026_27","uefa_nations_league_2026_27-2047973","uefa_nations_league_2026_27-2047973","uefa_nations_league_2026_27-2047973__score",3,3,0,0.104576236903615,0.736985589280703,0.263014410719297,"phase14-open-nb-incumbent-calibrated-v1","0e89c2948c77b348c5b6d3832cf6d4e7721ca7794f8f68f857d6ae82b9fe7d50","fc9a617e48969b5d524f9994bccb31de0cb028829b4c58a1999b77cf12c5a990","open_nb_incumbent","c65a4f90477e5b799e234d1a313ff333f6cce12cfc08de93e342d7718c252ff8","vector_w400_p0p010","be1392fd4b9fbfe747ea90c89a17413f72459d8ff708d6d80d1bf086973eb51e","2026-06-10","2026-10-03T15:59:59Z","elo_diff","xgf_ewma_diffmissing_or_zero_variance|xga_ewma_diffmissing_or_zero_variance|xgd_ewma_diffmissing_or_zero_variance|form_index_diff","73912ed09004fb3ceef2d1801bbc9f196cd23dc836a4376b869e98bbe7fec014"
"uefa_nations_league_2026_27","uefa_nations_league_2026_27-2047973","uefa_nations_league_2026_27-2047973","uefa_nations_league_2026_27-2047973__score",4,6,0,0.0951013975793187,0.736985589280703,0.263014410719297,"phase14-open-nb-incumbent-calibrated-v1","0e89c2948c77b348c5b6d3832cf6d4e7721ca7794f8f68f857d6ae82b9fe7d50","fc9a617e48969b5d524f9994bccb31de0cb028829b4c58a1999b77cf12c5a990","open_nb_incumbent","c65a4f90477e5b799e234d1a313ff333f6cce12cfc08de93e342d7718c252ff8","vector_w400_p0p010","be1392fd4b9fbfe747ea90c89a17413f72459d8ff708d6d80d1bf086973eb51e","2026-06-10","2026-10-03T15:59:59Z","elo_diff","xgf_ewma_diffmissing_or_zero_variance|xga_ewma_diffmissing_or_zero_variance|xgd_ewma_diffmissing_or_zero_variance|form_index_diff","aa781a63d7b94c18ab2c079caadc17fb26022acd465431607aef6877182cef2f"
"uefa_nations_league_2026_27","uefa_nations_league_2026_27-2047973","uefa_nations_league_2026_27-2047973","uefa_nations_league_2026_27-2047973__score",5,2,0,0.0761724358093587,0.736985589280703,0.263014410719297,"phase14-open-nb-incumbent-calibrated-v1","0e89c2948c77b348c5b6d3832cf6d4e7721ca7794f8f68f857d6ae82b9fe7d50","fc9a617e48969b5d524f9994bccb31de0cb028829b4c58a1999b77cf12c5a990","open_nb_incumbent","c65a4f90477e5b799e234d1a313ff333f6cce12cfc08de93e342d7718c252ff8","vector_w400_p0p010","be1392fd4b9fbfe747ea90c89a17413f72459d8ff708d6d80d1bf086973eb51e","2026-06-10","2026-10-03T15:59:59Z","elo_diff","xgf_ewma_diffmissing_or_zero_variance|xga_ewma_diffmissing_or_zero_variance|xgd_ewma_diffmissing_or_zero_variance|form_index_diff","ebbec225aa4f7410034885ce3b5ccda59971f718666b02cda82ec186ddedad2b"
"uefa_nations_league_2026_27","uefa_nations_league_2026_27-2047973","uefa_nations_league_2026_27-2047973","uefa_nations_league_2026_27-2047973__score",6,7,0,0.0741021042375285,0.736985589280703,0.263014410719297,"phase14-open-nb-incumbent-calibrated-v1","0e89c2948c77b348c5b6d3832cf6d4e7721ca7794f8f68f857d6ae82b9fe7d50","fc9a617e48969b5d524f9994bccb31de0cb028829b4c58a1999b77cf12c5a990","open_nb_incumbent","c65a4f90477e5b799e234d1a313ff333f6cce12cfc08de93e342d7718c252ff8","vector_w400_p0p010","be1392fd4b9fbfe747ea90c89a17413f72459d8ff708d6d80d1bf086973eb51e","2026-06-10","2026-10-03T15:59:59Z","elo_diff","xgf_ewma_diffmissing_or_zero_variance|xga_ewma_diffmissing_or_zero_variance|xgd_ewma_diffmissing_or_zero_variance|form_index_diff","649c375154f60d88bca7f47696a896a1a4d67252197d6be00d9add8f71e8f7b4"
"uefa_nations_league_2026_27","uefa_nations_league_2026_27-2047973","uefa_nations_league_2026_27-2047973","uefa_nations_league_2026_27-2047973__score",7,8,0,0.0536151938464188,0.736985589280703,0.263014410719297,"phase14-open-nb-incumbent-calibrated-v1","0e89c2948c77b348c5b6d3832cf6d4e7721ca7794f8f68f857d6ae82b9fe7d50","fc9a617e48969b5d524f9994bccb31de0cb028829b4c58a1999b77cf12c5a990","open_nb_incumbent","c65a4f90477e5b799e234d1a313ff333f6cce12cfc08de93e342d7718c252ff8","vector_w400_p0p010","be1392fd4b9fbfe747ea90c89a17413f72459d8ff708d6d80d1bf086973eb51e","2026-06-10","2026-10-03T15:59:59Z","elo_diff","xgf_ewma_diffmissing_or_zero_variance|xga_ewma_diffmissing_or_zero_variance|xgd_ewma_diffmissing_or_zero_variance|form_index_diff","4d4ead39fa134f38e2a2ea8f501a26e6676d545630b7ccafdfd8cce4a83b4c79"
"uefa_nations_league_2026_27","uefa_nations_league_2026_27-2047973","uefa_nations_league_2026_27-2047973","uefa_nations_league_2026_27-2047973__score",8,1,0,0.0402523228922765,0.736985589280703,0.263014410719297,"phase14-open-nb-incumbent-calibrated-v1","0e89c2948c77b348c5b6d3832cf6d4e7721ca7794f8f68f857d6ae82b9fe7d50","fc9a617e48969b5d524f9994bccb31de0cb028829b4c58a1999b77cf12c5a990","open_nb_incumbent","c65a4f90477e5b799e234d1a313ff333f6cce12cfc08de93e342d7718c252ff8","vector_w400_p0p010","be1392fd4b9fbfe747ea90c89a17413f72459d8ff708d6d80d1bf086973eb51e","2026-06-10","2026-10-03T15:59:59Z","elo_diff","xgf_ewma_diffmissing_or_zero_variance|xga_ewma_diffmissing_or_zero_variance|xgd_ewma_diffmissing_or_zero_variance|form_index_diff","7770f17e981b51416a927e8221b36439554e0587c95992ba34bd8575774ec89f"
"uefa_nations_league_2026_27","uefa_nations_league_2026_27-2047973","uefa_nations_league_2026_27-2047973","uefa_nations_league_2026_27-2047973__score",9,9,0,0.0364712461341258,0.736985589280703,0.263014410719297,"phase14-open-nb-incumbent-calibrated-v1","0e89c2948c77b348c5b6d3832cf6d4e7721ca7794f8f68f857d6ae82b9fe7d50","fc9a617e48969b5d524f9994bccb31de0cb028829b4c58a1999b77cf12c5a990","open_nb_incumbent","c65a4f90477e5b799e234d1a313ff333f6cce12cfc08de93e342d7718c252ff8","vector_w400_p0p010","be1392fd4b9fbfe747ea90c89a17413f72459d8ff708d6d80d1bf086973eb51e","2026-06-10","2026-10-03T15:59:59Z","elo_diff","xgf_ewma_diffmissing_or_zero_variance|xga_ewma_diffmissing_or_zero_variance|xgd_ewma_diffmissing_or_zero_variance|form_index_diff","907a8f4fbb76d603d3558cdf40dcd3341d1393d927522d0d561cb0397f7cd92e"
"uefa_nations_league_2026_27","uefa_nations_league_2026_27-2047973","uefa_nations_league_2026_27-2047973","uefa_nations_league_2026_27-2047973__score",10,4,1,0.0288481988037961,0.736985589280703,0.263014410719297,"phase14-open-nb-incumbent-calibrated-v1","0e89c2948c77b348c5b6d3832cf6d4e7721ca7794f8f68f857d6ae82b9fe7d50","fc9a617e48969b5d524f9994bccb31de0cb028829b4c58a1999b77cf12c5a990","open_nb_incumbent","c65a4f90477e5b799e234d1a313ff333f6cce12cfc08de93e342d7718c252ff8","vector_w400_p0p010","be1392fd4b9fbfe747ea90c89a17413f72459d8ff708d6d80d1bf086973eb51e","2026-06-10","2026-10-03T15:59:59Z","elo_diff","xgf_ewma_diffmissing_or_zero_variance|xga_ewma_diffmissing_or_zero_variance|xgd_ewma_diffmissing_or_zero_variance|form_index_diff","c44c2ecd100669c87ecf3c5b8e2dcb2ac0aa30e2202746512f8ed632ace30bfd"
"uefa_nations_league_2026_27","uefa_nations_league_2026_27-2047974","uefa_nations_league_2026_27-2047974","uefa_nations_league_2026_27-2047974__score",1,1,0,0.126328416053036,0.784111020489244,0.215888979510756,"phase14-open-nb-incumbent-calibrated-v1","0e89c2948c77b348c5b6d3832cf6d4e7721ca7794f8f68f857d6ae82b9fe7d50","fc9a617e48969b5d524f9994bccb31de0cb028829b4c58a1999b77cf12c5a990","open_nb_incumbent","c65a4f90477e5b799e234d1a313ff333f6cce12cfc08de93e342d7718c252ff8","vector_w400_p0p010","be1392fd4b9fbfe747ea90c89a17413f72459d8ff708d6d80d1bf086973eb51e","2026-06-10","2026-10-03T15:59:59Z","elo_diff","xgf_ewma_diffmissing_or_zero_variance|xga_ewma_diffmissing_or_zero_variance|xgd_ewma_diffmissing_or_zero_variance|form_index_diff","f22739a9c76672e5e0e1ff9073b747a4ea85539a213cd20469cfc02608dbcf61"
"uefa_nations_league_2026_27","uefa_nations_league_2026_27-2047974","uefa_nations_league_2026_27-2047974","uefa_nations_league_2026_27-2047974__score",2,1,1,0.11380492071058,0.784111020489244,0.215888979510756,"phase14-open-nb-incumbent-calibrated-v1","0e89c2948c77b348c5b6d3832cf6d4e7721ca7794f8f68f857d6ae82b9fe7d50","fc9a617e48969b5d524f9994bccb31de0cb028829b4c58a1999b77cf12c5a990","open_nb_incumbent","c65a4f90477e5b799e234d1a313ff333f6cce12cfc08de93e342d7718c252ff8","vector_w400_p0p010","be1392fd4b9fbfe747ea90c89a17413f72459d8ff708d6d80d1bf086973eb51e","2026-06-10","2026-10-03T15:59:59Z","elo_diff","xgf_ewma_diffmissing_or_zero_variance|xga_ewma_diffmissing_or_zero_variance|xgd_ewma_diffmissing_or_zero_variance|form_index_diff","91364897d56b6c51f56e67208d18cb1d26562c668467ae0d279ad2f402420303"
"uefa_nations_league_2026_27","uefa_nations_league_2026_27-2047974","uefa_nations_league_2026_27-2047974","uefa_nations_league_2026_27-2047974__score",3,0,0,0.100742708392661,0.784111020489244,0.215888979510756,"phase14-open-nb-incumbent-calibrated-v1","0e89c2948c77b348c5b6d3832cf6d4e7721ca7794f8f68f857d6ae82b9fe7d50","fc9a617e48969b5d524f9994bccb31de0cb028829b4c58a1999b77cf12c5a990","open_nb_incumbent","c65a4f90477e5b799e234d1a313ff333f6cce12cfc08de93e342d7718c252ff8","vector_w400_p0p010","be1392fd4b9fbfe747ea90c89a17413f72459d8ff708d6d80d1bf086973eb51e","2026-06-10","2026-10-03T15:59:59Z","elo_diff","xgf_ewma_diffmissing_or_zero_variance|xga_ewma_diffmissing_or_zero_variance|xgd_ewma_diffmissing_or_zero_variance|form_index_diff","0323e8542e930bfab4d619c93850bd0090790bc501922008306958cd887f877f"
"uefa_nations_league_2026_27","uefa_nations_league_2026_27-2047974","uefa_nations_league_2026_27-2047974","uefa_nations_league_2026_27-2047974__score",4,0,1,0.0907556375596644,0.784111020489244,0.215888979510756,"phase14-open-nb-incumbent-calibrated-v1","0e89c2948c77b348c5b6d3832cf6d4e7721ca7794f8f68f857d6ae82b9fe7d50","fc9a617e48969b5d524f9994bccb31de0cb028829b4c58a1999b77cf12c5a990","open_nb_incumbent","c65a4f90477e5b799e234d1a313ff333f6cce12cfc08de93e342d7718c252ff8","vector_w400_p0p010","be1392fd4b9fbfe747ea90c89a17413f72459d8ff708d6d80d1bf086973eb51e","2026-06-10","2026-10-03T15:59:59Z","elo_diff","xgf_ewma_diffmissing_or_zero_variance|xga_ewma_diffmissing_or_zero_variance|xgd_ewma_diffmissing_or_zero_variance|form_index_diff","e215d602f800f461117bd3f061d0901494496542511128158b27853b9ea5612a"
"uefa_nations_league_2026_27","uefa_nations_league_2026_27-2047974","uefa_nations_league_2026_27-2047974","uefa_nations_league_2026_27-2047974__score",5,2,0,0.0868703948477212,0.784111020489244,0.215888979510756,"phase14-open-nb-incumbent-calibrated-v1","0e89c2948c77b348c5b6d3832cf6d4e7721ca7794f8f68f857d6ae82b9fe7d50","fc9a617e48969b5d524f9994bccb31de0cb028829b4c58a1999b77cf12c5a990","open_nb_incumbent","c65a4f90477e5b799e234d1a313ff333f6cce12cfc08de93e342d7718c252ff8","vector_w400_p0p010","be1392fd4b9fbfe747ea90c89a17413f72459d8ff708d6d80d1bf086973eb51e","2026-06-10","2026-10-03T15:59:59Z","elo_diff","xgf_ewma_diffmissing_or_zero_variance|xga_ewma_diffmissing_or_zero_variance|xgd_ewma_diffmissing_or_zero_variance|form_index_diff","8277f78105bc0577f2f7c6ae137645e1769d028844779a2542bcfb7db4a2ae22"
"uefa_nations_league_2026_27","uefa_nations_league_2026_27-2047974","uefa_nations_league_2026_27-2047974","uefa_nations_league_2026_27-2047974__score",6,2,1,0.0782585478914823,0.784111020489244,0.215888979510756,"phase14-open-nb-incumbent-calibrated-v1","0e89c2948c77b348c5b6d3832cf6d4e7721ca7794f8f68f857d6ae82b9fe7d50","fc9a617e48969b5d524f9994bccb31de0cb028829b4c58a1999b77cf12c5a990","open_nb_incumbent","c65a4f90477e5b799e234d1a313ff333f6cce12cfc08de93e342d7718c252ff8","vector_w400_p0p010","be1392fd4b9fbfe747ea90c89a17413f72459d8ff708d6d80d1bf086973eb51e","2026-06-10","2026-10-03T15:59:59Z","elo_diff","xgf_ewma_diffmissing_or_zero_variance|xga_ewma_diffmissing_or_zero_variance|xgd_ewma_diffmissing_or_zero_variance|form_index_diff","c5a6234bea42c78d309e42333cb1b40a8e92a141ff651a7da4eedb5c80d3e227"
"uefa_nations_league_2026_27","uefa_nations_league_2026_27-2047974","uefa_nations_league_2026_27-2047974","uefa_nations_league_2026_27-2047974__score",7,1,2,0.0579497521358382,0.784111020489244,0.215888979510756,"phase14-open-nb-incumbent-calibrated-v1","0e89c2948c77b348c5b6d3832cf6d4e7721ca7794f8f68f857d6ae82b9fe7d50","fc9a617e48969b5d524f9994bccb31de0cb028829b4c58a1999b77cf12c5a990","open_nb_incumbent","c65a4f90477e5b799e234d1a313ff333f6cce12cfc08de93e342d7718c252ff8","vector_w400_p0p010","be1392fd4b9fbfe747ea90c89a17413f72459d8ff708d6d80d1bf086973eb51e","2026-06-10","2026-10-03T15:59:59Z","elo_diff","xgf_ewma_diffmissing_or_zero_variance|xga_ewma_diffmissing_or_zero_variance|xgd_ewma_diffmissing_or_zero_variance|form_index_diff","2c86e17445191442a9b5ab5a1775617cfc6efce70c0fac12ddb966abf70a349c"
"uefa_nations_league_2026_27","uefa_nations_league_2026_27-2047974","uefa_nations_league_2026_27-2047974","uefa_nations_league_2026_27-2047974__score",8,0,2,0.0462129991275817,0.784111020489244,0.215888979510756,"phase14-open-nb-incumbent-calibrated-v1","0e89c2948c77b348c5b6d3832cf6d4e7721ca7794f8f68f857d6ae82b9fe7d50","fc9a617e48969b5d524f9994bccb31de0cb028829b4c58a1999b77cf12c5a990","open_nb_incumbent","c65a4f90477e5b799e234d1a313ff333f6cce12cfc08de93e342d7718c252ff8","vector_w400_p0p010","be1392fd4b9fbfe747ea90c89a17413f72459d8ff708d6d80d1bf086973eb51e","2026-06-10","2026-10-03T15:59:59Z","elo_diff","xgf_ewma_diffmissing_or_zero_variance|xga_ewma_diffmissing_or_zero_variance|xgd_ewma_diffmissing_or_zero_variance|form_index_diff","6b5c346fb7e6cc96c658c72325b3a5b8ec103b0dd451ffe0625433e044f2797a"
"uefa_nations_league_2026_27","uefa_nations_league_2026_27-2047974","uefa_nations_league_2026_27-2047974","uefa_nations_league_2026_27-2047974__score",9,3,0,0.043338194164231,0.784111020489244,0.215888979510756,"phase14-open-nb-incumbent-calibrated-v1","0e89c2948c77b348c5b6d3832cf6d4e7721ca7794f8f68f857d6ae82b9fe7d50","fc9a617e48969b5d524f9994bccb31de0cb028829b4c58a1999b77cf12c5a990","open_nb_incumbent","c65a4f90477e5b799e234d1a313ff333f6cce12cfc08de93e342d7718c252ff8","vector_w400_p0p010","be1392fd4b9fbfe747ea90c89a17413f72459d8ff708d6d80d1bf086973eb51e","2026-06-10","2026-10-03T15:59:59Z","elo_diff","xgf_ewma_diffmissing_or_zero_variance|xga_ewma_diffmissing_or_zero_variance|xgd_ewma_diffmissing_or_zero_variance|form_index_diff","30152b9682a16fbfadf1cc516f0ac496ac447cf16afc286b8f7cfddd774ef62e"
"uefa_nations_league_2026_27","uefa_nations_league_2026_27-2047974","uefa_nations_league_2026_27-2047974","uefa_nations_league_2026_27-2047974__score",10,2,2,0.0398494496064477,0.784111020489244,0.215888979510756,"phase14-open-nb-incumbent-calibrated-v1","0e89c2948c77b348c5b6d3832cf6d4e7721ca7794f8f68f857d6ae82b9fe7d50","fc9a617e48969b5d524f9994bccb31de0cb028829b4c58a1999b77cf12c5a990","open_nb_incumbent","c65a4f90477e5b799e234d1a313ff333f6cce12cfc08de93e342d7718c252ff8","vector_w400_p0p010","be1392fd4b9fbfe747ea90c89a17413f72459d8ff708d6d80d1bf086973eb51e","2026-06-10","2026-10-03T15:59:59Z","elo_diff","xgf_ewma_diffmissing_or_zero_variance|xga_ewma_diffmissing_or_zero_variance|xgd_ewma_diffmissing_or_zero_variance|form_index_diff","daf4f0d09462c67fe79973cd888dbd2a436092dbd9a9a342ad12fa431a9e7755"
"uefa_nations_league_2026_27","uefa_nations_league_2026_27-2047975","uefa_nations_league_2026_27-2047975","uefa_nations_league_2026_27-2047975__score",1,0,1,0.117761766695071,0.779851800115387,0.220148199884613,"phase14-open-nb-incumbent-calibrated-v1","0e89c2948c77b348c5b6d3832cf6d4e7721ca7794f8f68f857d6ae82b9fe7d50","fc9a617e48969b5d524f9994bccb31de0cb028829b4c58a1999b77cf12c5a990","open_nb_incumbent","c65a4f90477e5b799e234d1a313ff333f6cce12cfc08de93e342d7718c252ff8","vector_w400_p0p010","be1392fd4b9fbfe747ea90c89a17413f72459d8ff708d6d80d1bf086973eb51e","2026-06-10","2026-10-03T18:44:59Z","elo_diff","xgf_ewma_diffmissing_or_zero_variance|xga_ewma_diffmissing_or_zero_variance|xgd_ewma_diffmissing_or_zero_variance|form_index_diff","229749f0c056b710e87113db25b4d3dfea297e77d47ad0660c08a6cc092cdadc"
"uefa_nations_league_2026_27","uefa_nations_league_2026_27-2047975","uefa_nations_league_2026_27-2047975","uefa_nations_league_2026_27-2047975__score",2,1,1,0.115196634231206,0.779851800115387,0.220148199884613,"phase14-open-nb-incumbent-calibrated-v1","0e89c2948c77b348c5b6d3832cf6d4e7721ca7794f8f68f857d6ae82b9fe7d50","fc9a617e48969b5d524f9994bccb31de0cb028829b4c58a1999b77cf12c5a990","open_nb_incumbent","c65a4f90477e5b799e234d1a313ff333f6cce12cfc08de93e342d7718c252ff8","vector_w400_p0p010","be1392fd4b9fbfe747ea90c89a17413f72459d8ff708d6d80d1bf086973eb51e","2026-06-10","2026-10-03T18:44:59Z","elo_diff","xgf_ewma_diffmissing_or_zero_variance|xga_ewma_diffmissing_or_zero_variance|xgd_ewma_diffmissing_or_zero_variance|form_index_diff","d3b96317281456b183fa8e524dc7b9432b2ef6ea60f82a7adbcb845b0f81a503"
"uefa_nations_league_2026_27","uefa_nations_league_2026_27-2047975","uefa_nations_league_2026_27-2047975","uefa_nations_league_2026_27-2047975__score",3,0,0,0.100955640920071,0.779851800115387,0.220148199884613,"phase14-open-nb-incumbent-calibrated-v1","0e89c2948c77b348c5b6d3832cf6d4e7721ca7794f8f68f857d6ae82b9fe7d50","fc9a617e48969b5d524f9994bccb31de0cb028829b4c58a1999b77cf12c5a990","open_nb_incumbent","c65a4f90477e5b799e234d1a313ff333f6cce12cfc08de93e342d7718c252ff8","vector_w400_p0p010","be1392fd4b9fbfe747ea90c89a17413f72459d8ff708d6d80d1bf086973eb51e","2026-06-10","2026-10-03T18:44:59Z","elo_diff","xgf_ewma_diffmissing_or_zero_variance|xga_ewma_diffmissing_or_zero_variance|xgd_ewma_diffmissing_or_zero_variance|form_index_diff","8e2b0bd808535ce0d9e2df81a87cb24144bad052e02d8c2bf73404ab78bc2fb7"
"uefa_nations_league_2026_27","uefa_nations_league_2026_27-2047975","uefa_nations_league_2026_27-2047975","uefa_nations_league_2026_27-2047975__score",4,1,0,0.0987565860043532,0.779851800115387,0.220148199884613,"phase14-open-nb-incumbent-calibrated-v1","0e89c2948c77b348c5b6d3832cf6d4e7721ca7794f8f68f857d6ae82b9fe7d50","fc9a617e48969b5d524f9994bccb31de0cb028829b4c58a1999b77cf12c5a990","open_nb_incumbent","c65a4f90477e5b799e234d1a313ff333f6cce12cfc08de93e342d7718c252ff8","vector_w400_p0p010","be1392fd4b9fbfe747ea90c89a17413f72459d8ff708d6d80d1bf086973eb51e","2026-06-10","2026-10-03T18:44:59Z","elo_diff","xgf_ewma_diffmissing_or_zero_variance|xga_ewma_diffmissing_or_zero_variance|xgd_ewma_diffmissing_or_zero_variance|form_index_diff","45af21bc3e28b70493026cbda51d7c7efc86896fd7ea7d831aac09eeb4ea1d23"
"uefa_nations_league_2026_27","uefa_nations_league_2026_27-2047975","uefa_nations_league_2026_27-2047975","uefa_nations_league_2026_27-2047975__score",5,0,2,0.0776441226821061,0.779851800115387,0.220148199884613,"phase14-open-nb-incumbent-calibrated-v1","0e89c2948c77b348c5b6d3832cf6d4e7721ca7794f8f68f857d6ae82b9fe7d50","fc9a617e48969b5d524f9994bccb31de0cb028829b4c58a1999b77cf12c5a990","open_nb_incumbent","c65a4f90477e5b799e234d1a313ff333f6cce12cfc08de93e342d7718c252ff8","vector_w400_p0p010","be1392fd4b9fbfe747ea90c89a17413f72459d8ff708d6d80d1bf086973eb51e","2026-06-10","2026-10-03T18:44:59Z","elo_diff","xgf_ewma_diffmissing_or_zero_variance|xga_ewma_diffmissing_or_zero_variance|xgd_ewma_diffmissing_or_zero_variance|form_index_diff","efbdbbe8e879351d497f9ec75b80eb03c6b55ed15b1c822fbfc80fdfbedeeb91"
"uefa_nations_league_2026_27","uefa_nations_league_2026_27-2047975","uefa_nations_league_2026_27-2047975","uefa_nations_league_2026_27-2047975__score",6,1,2,0.0759528482956075,0.779851800115387,0.220148199884613,"phase14-open-nb-incumbent-calibrated-v1","0e89c2948c77b348c5b6d3832cf6d4e7721ca7794f8f68f857d6ae82b9fe7d50","fc9a617e48969b5d524f9994bccb31de0cb028829b4c58a1999b77cf12c5a990","open_nb_incumbent","c65a4f90477e5b799e234d1a313ff333f6cce12cfc08de93e342d7718c252ff8","vector_w400_p0p010","be1392fd4b9fbfe747ea90c89a17413f72459d8ff708d6d80d1bf086973eb51e","2026-06-10","2026-10-03T18:44:59Z","elo_diff","xgf_ewma_diffmissing_or_zero_variance|xga_ewma_diffmissing_or_zero_variance|xgd_ewma_diffmissing_or_zero_variance|form_index_diff","2c8bc523f024be59276d692d67215a8de65e89b60fef926e3e4bb0b8fd6effa5"
"uefa_nations_league_2026_27","uefa_nations_league_2026_27-2047975","uefa_nations_league_2026_27-2047975","uefa_nations_league_2026_27-2047975__score",7,2,1,0.061795746676445,0.779851800115387,0.220148199884613,"phase14-open-nb-incumbent-calibrated-v1","0e89c2948c77b348c5b6d3832cf6d4e7721ca7794f8f68f857d6ae82b9fe7d50","fc9a617e48969b5d524f9994bccb31de0cb028829b4c58a1999b77cf12c5a990","open_nb_incumbent","c65a4f90477e5b799e234d1a313ff333f6cce12cfc08de93e342d7718c252ff8","vector_w400_p0p010","be1392fd4b9fbfe747ea90c89a17413f72459d8ff708d6d80d1bf086973eb51e","2026-06-10","2026-10-03T18:44:59Z","elo_diff","xgf_ewma_diffmissing_or_zero_variance|xga_ewma_diffmissing_or_zero_variance|xgd_ewma_diffmissing_or_zero_variance|form_index_diff","d2228c0444977a4553a465917509f42a1f91266350141cfecdbda7f12145656d"
"uefa_nations_league_2026_27","uefa_nations_league_2026_27-2047975","uefa_nations_league_2026_27-2047975","uefa_nations_league_2026_27-2047975__score",8,2,0,0.0529766951272815,0.779851800115387,0.220148199884613,"phase14-open-nb-incumbent-calibrated-v1","0e89c2948c77b348c5b6d3832cf6d4e7721ca7794f8f68f857d6ae82b9fe7d50","fc9a617e48969b5d524f9994bccb31de0cb028829b4c58a1999b77cf12c5a990","open_nb_incumbent","c65a4f90477e5b799e234d1a313ff333f6cce12cfc08de93e342d7718c252ff8","vector_w400_p0p010","be1392fd4b9fbfe747ea90c89a17413f72459d8ff708d6d80d1bf086973eb51e","2026-06-10","2026-10-03T18:44:59Z","elo_diff","xgf_ewma_diffmissing_or_zero_variance|xga_ewma_diffmissing_or_zero_variance|xgd_ewma_diffmissing_or_zero_variance|form_index_diff","247971e5b21fbd1058c127809c069e818f70cdcb6d6bd5719cbece98c153f0ca"
"uefa_nations_league_2026_27","uefa_nations_league_2026_27-2047975","uefa_nations_league_2026_27-2047975","uefa_nations_league_2026_27-2047975__score",9,2,2,0.0407439245421839,0.779851800115387,0.220148199884613,"phase14-open-nb-incumbent-calibrated-v1","0e89c2948c77b348c5b6d3832cf6d4e7721ca7794f8f68f857d6ae82b9fe7d50","fc9a617e48969b5d524f9994bccb31de0cb028829b4c58a1999b77cf12c5a990","open_nb_incumbent","c65a4f90477e5b799e234d1a313ff333f6cce12cfc08de93e342d7718c252ff8","vector_w400_p0p010","be1392fd4b9fbfe747ea90c89a17413f72459d8ff708d6d80d1bf086973eb51e","2026-06-10","2026-10-03T18:44:59Z","elo_diff","xgf_ewma_diffmissing_or_zero_variance|xga_ewma_diffmissing_or_zero_variance|xgd_ewma_diffmissing_or_zero_variance|form_index_diff","05ab5d8be3e8e8ed47e8ee04d7294f8310e5253497c8941e256b6f74a2a0fe59"
"uefa_nations_league_2026_27","uefa_nations_league_2026_27-2047975","uefa_nations_league_2026_27-2047975","uefa_nations_league_2026_27-2047975__score",10,0,3,0.0380678349410618,0.779851800115387,0.220148199884613,"phase14-open-nb-incumbent-calibrated-v1","0e89c2948c77b348c5b6d3832cf6d4e7721ca7794f8f68f857d6ae82b9fe7d50","fc9a617e48969b5d524f9994bccb31de0cb028829b4c58a1999b77cf12c5a990","open_nb_incumbent","c65a4f90477e5b799e234d1a313ff333f6cce12cfc08de93e342d7718c252ff8","vector_w400_p0p010","be1392fd4b9fbfe747ea90c89a17413f72459d8ff708d6d80d1bf086973eb51e","2026-06-10","2026-10-03T18:44:59Z","elo_diff","xgf_ewma_diffmissing_or_zero_variance|xga_ewma_diffmissing_or_zero_variance|xgd_ewma_diffmissing_or_zero_variance|form_index_diff","e06299bb75061523b6960438961684159f19baddd2c6dcf36f0412151cbee34f"
