"identity_map_version","source_dataset","source_version","source_input_sha256","source_artifact_id","source_identity_key","source_team_id","source_display_name","normalized_source_name","team_id","fifa_code","canonical_name","aliases","mapping_method","mapping_warning","alias_review_state","identity_map_sha256","row_sha256"
"phase13-martj42-identity-map-v1","martj42","martj42-results-v1","29876d7819d78110327fa0b426f3863d09c62ad29419a557ebee0c5fafe54564","martj42-results","name:abkhazia",,"Abkhazia","abkhazia","team_abkhazia","NA","Abkhazia",,"normalized_display_name","normalized_display_name_requires_review","pending_review","f3b971804815f12a40ce674a820e1c7f093a5f8ba79786041c29a65f4a7c3159","e0b8380e10f4018866c55534579c8d7c327eb3a8391a3906be352a759b0e48af"
"phase13-martj42-identity-map-v1","martj42","martj42-results-v1","29876d7819d78110327fa0b426f3863d09c62ad29419a557ebee0c5fafe54564","martj42-results","name:afghanistan",,"Afghanistan","afghanistan","team_afg","AFG","Afghanistan",,"normalized_display_name","normalized_display_name_requires_review","pending_review","f3b971804815f12a40ce674a820e1c7f093a5f8ba79786041c29a65f4a7c3159","e2664b91f721a60efeafe7a4a77dcd78b19ed1de27a36db3016c43e70e1b9d1b"
"phase13-martj42-identity-map-v1","martj42","martj42-results-v1","29876d7819d78110327fa0b426f3863d09c62ad29419a557ebee0c5fafe54564","martj42-results","name:aland islands",,"Åland Islands","aland islands","team_aland_islands","NA","Åland Islands",,"normalized_display_name","normalized_display_name_requires_review","pending_review","f3b971804815f12a40ce674a820e1c7f093a5f8ba79786041c29a65f4a7c3159","322a1a28fe71915b5eb5aa8488ddc255d5a647f0a7e969095a260cee51323d16"
"phase13-martj42-identity-map-v1","martj42","martj42-results-v1","29876d7819d78110327fa0b426f3863d09c62ad29419a557ebee0c5fafe54564","martj42-results","name:albania",,"Albania","albania","team_alb","ALB","Albania","Albania","normalized_display_name","normalized_display_name_requires_review","pending_review","f3b971804815f12a40ce674a820e1c7f093a5f8ba79786041c29a65f4a7c3159","1195dd37583e787df6a4dff41f719931c737ab0ad423a88dac8691f866d673a3"
"phase13-martj42-identity-map-v1","martj42","martj42-results-v1","29876d7819d78110327fa0b426f3863d09c62ad29419a557ebee0c5fafe54564","martj42-results","name:alderney",,"Alderney","alderney","team_alderney","NA","Alderney",,"normalized_display_name","normalized_display_name_requires_review","pending_review","f3b971804815f12a40ce674a820e1c7f093a5f8ba79786041c29a65f4a7c3159","5ffddc209634de721dd2309d1d0cbe2a13a71e2568d0549e65170f37edf113fc"
"phase13-martj42-identity-map-v1","martj42","martj42-results-v1","29876d7819d78110327fa0b426f3863d09c62ad29419a557ebee0c5fafe54564","martj42-results","name:algeria",,"Algeria","algeria","team_alg","ALG","Algeria",,"normalized_display_name","normalized_display_name_requires_review","pending_review","f3b971804815f12a40ce674a820e1c7f093a5f8ba79786041c29a65f4a7c3159","1bc1ddd220babb99ccbb80d3b43b81c105bedffd0bda7b670a5daf64efb282f6"
"phase13-martj42-identity-map-v1","martj42","martj42-results-v1","29876d7819d78110327fa0b426f3863d09c62ad29419a557ebee0c5fafe54564","martj42-results","name:ambazonia",,"Ambazonia","ambazonia","team_ambazonia","NA","Ambazonia",,"normalized_display_name","normalized_display_name_requires_review","pending_review","f3b971804815f12a40ce674a820e1c7f093a5f8ba79786041c29a65f4a7c3159","5e1f7b762f2ac565809366cb3418ff93c279457cdb6eb6bc358347845ee1a5bb"
"phase13-martj42-identity-map-v1","martj42","martj42-results-v1","29876d7819d78110327fa0b426f3863d09c62ad29419a557ebee0c5fafe54564","martj42-results","name:american samoa",,"American Samoa","american samoa","team_american_samoa","NA","American Samoa",,"normalized_display_name","normalized_display_name_requires_review","pending_review","f3b971804815f12a40ce674a820e1c7f093a5f8ba79786041c29a65f4a7c3159","8ebe5bf91c218285fc0f74d7823c9f72ea58a595386b77857301a1560a40fe50"
"phase13-martj42-identity-map-v1","martj42","martj42-results-v1","29876d7819d78110327fa0b426f3863d09c62ad29419a557ebee0c5fafe54564","martj42-results","name:andalusia",,"Andalusia","andalusia","team_andalusia","NA","Andalusia",,"normalized_display_name","normalized_display_name_requires_review","pending_review","f3b971804815f12a40ce674a820e1c7f093a5f8ba79786041c29a65f4a7c3159","846c2eaf525412b6007e26784d610cca6ad79678bd437fc6a1708057808157db"
"phase13-martj42-identity-map-v1","martj42","martj42-results-v1","29876d7819d78110327fa0b426f3863d09c62ad29419a557ebee0c5fafe54564","martj42-results","name:andorra",,"Andorra","andorra","team_and","AND","Andorra","Andorra","normalized_display_name","normalized_display_name_requires_review","pending_review","f3b971804815f12a40ce674a820e1c7f093a5f8ba79786041c29a65f4a7c3159","59673f454381ded57393fa7a6802591b2fdaedc71fb80ee806a85c00c683441a"
"phase13-martj42-identity-map-v1","martj42","martj42-results-v1","29876d7819d78110327fa0b426f3863d09c62ad29419a557ebee0c5fafe54564","martj42-results","name:angola",,"Angola","angola","team_ang","ANG","Angola",,"normalized_display_name","normalized_display_name_requires_review","pending_review","f3b971804815f12a40ce674a820e1c7f093a5f8ba79786041c29a65f4a7c3159","0f704bfe1538ebff118c80c46e18193de707ff7042342dd8b5d073ad783b7ea6"
"phase13-martj42-identity-map-v1","martj42","martj42-results-v1","29876d7819d78110327fa0b426f3863d09c62ad29419a557ebee0c5fafe54564","martj42-results","name:anguilla",,"Anguilla","anguilla","team_anguilla","NA","Anguilla",,"normalized_display_name","normalized_display_name_requires_review","pending_review","f3b971804815f12a40ce674a820e1c7f093a5f8ba79786041c29a65f4a7c3159","09ee12b318ac93f990e86d5ede1153c103453d16e19360c4a75007df8ddb6b0b"
"phase13-martj42-identity-map-v1","martj42","martj42-results-v1","29876d7819d78110327fa0b426f3863d09c62ad29419a557ebee0c5fafe54564","martj42-results","name:antigua and barbuda",,"Antigua and Barbuda","antigua and barbuda","team_atg","ATG","Antigua and Barbuda",,"normalized_display_name","normalized_display_name_requires_review","pending_review","f3b971804815f12a40ce674a820e1c7f093a5f8ba79786041c29a65f4a7c3159","c5bcb1b18a03121a2ea4b08fb197ca314d5c7c235404b8b715baad21ce348340"
"phase13-martj42-identity-map-v1","martj42","martj42-results-v1","29876d7819d78110327fa0b426f3863d09c62ad29419a557ebee0c5fafe54564","martj42-results","name:arameans suryoye",,"Arameans Suryoye","arameans suryoye","team_arameans_suryoye","NA","Arameans Suryoye",,"normalized_display_name","normalized_display_name_requires_review","pending_review","f3b971804815f12a40ce674a820e1c7f093a5f8ba79786041c29a65f4a7c3159","c99e71ea735211d97262d120c62bf58378f7f1d419182764a33289c7304774d6"
"phase13-martj42-identity-map-v1","martj42","martj42-results-v1","29876d7819d78110327fa0b426f3863d09c62ad29419a557ebee0c5fafe54564","martj42-results","name:argentina",,"Argentina","argentina","team_arg","ARG","Argentina",,"normalized_display_name","normalized_display_name_requires_review","pending_review","f3b971804815f12a40ce674a820e1c7f093a5f8ba79786041c29a65f4a7c3159","f6ddea7c781c9244a9a1b056964123882426e6dbe7d42ef0f137c92f4697d5b9"
"phase13-martj42-identity-map-v1","martj42","martj42-results-v1","29876d7819d78110327fa0b426f3863d09c62ad29419a557ebee0c5fafe54564","martj42-results","name:armenia",,"Armenia","armenia","team_arm","ARM","Armenia","Armenia","normalized_display_name","normalized_display_name_requires_review","pending_review","f3b971804815f12a40ce674a820e1c7f093a5f8ba79786041c29a65f4a7c3159","1fa5e32febeb0f838df8852a41abe0585c1ed3bf46b476c5543085aa246c4afb"
"phase13-martj42-identity-map-v1","martj42","martj42-results-v1","29876d7819d78110327fa0b426f3863d09c62ad29419a557ebee0c5fafe54564","martj42-results","name:artsakh",,"Artsakh","artsakh","team_artsakh","NA","Artsakh",,"normalized_display_name","normalized_display_name_requires_review","pending_review","f3b971804815f12a40ce674a820e1c7f093a5f8ba79786041c29a65f4a7c3159","a662043d12a219617a52a86ec1db6aca1aeeb9c2f48dd02fe7edbc235702f897"
"phase13-martj42-identity-map-v1","martj42","martj42-results-v1","29876d7819d78110327fa0b426f3863d09c62ad29419a557ebee0c5fafe54564","martj42-results","name:aruba",,"Aruba","aruba","team_aruba","NA","Aruba",,"normalized_display_name","normalized_display_name_requires_review","pending_review","f3b971804815f12a40ce674a820e1c7f093a5f8ba79786041c29a65f4a7c3159","0b4abfe88d69e139c791cb29f7211276ff125bf0efd3421cd963aece70a266fd"
"phase13-martj42-identity-map-v1","martj42","martj42-results-v1","29876d7819d78110327fa0b426f3863d09c62ad29419a557ebee0c5fafe54564","martj42-results","name:asturias",,"Asturias","asturias","team_asturias","NA","Asturias",,"normalized_display_name","normalized_display_name_requires_review","pending_review","f3b971804815f12a40ce674a820e1c7f093a5f8ba79786041c29a65f4a7c3159","4625a29971f77c94276fb5d74e41b2b40d4ab7aecb23152aac8898cab7aea342"
"phase13-martj42-identity-map-v1","martj42","martj42-results-v1","29876d7819d78110327fa0b426f3863d09c62ad29419a557ebee0c5fafe54564","martj42-results","name:australia",,"Australia","australia","team_aus","AUS","Australia",,"normalized_display_name","normalized_display_name_requires_review","pending_review","f3b971804815f12a40ce674a820e1c7f093a5f8ba79786041c29a65f4a7c3159","49c0f87a14417e4b5fa4eb1cd086c79c3abfa6fd7d37e669c719d03e7466fda3"
"phase13-martj42-identity-map-v1","martj42","martj42-results-v1","29876d7819d78110327fa0b426f3863d09c62ad29419a557ebee0c5fafe54564","martj42-results","name:austria",,"Austria","austria","team_aut","AUT","Austria","Austria|Österreich","normalized_display_name","normalized_display_name_requires_review","pending_review","f3b971804815f12a40ce674a820e1c7f093a5f8ba79786041c29a65f4a7c3159","7162a72f294032c50002939f194d8f34c2f9715ff4644e34734788847dbf5c36"
"phase13-martj42-identity-map-v1","martj42","martj42-results-v1","29876d7819d78110327fa0b426f3863d09c62ad29419a557ebee0c5fafe54564","martj42-results","name:aymara",,"Aymara","aymara","team_aymara","NA","Aymara",,"normalized_display_name","normalized_display_name_requires_review","pending_review","f3b971804815f12a40ce674a820e1c7f093a5f8ba79786041c29a65f4a7c3159","099acc75de62cf82280094c58838305858abf9773a6767b5d1d1810ed192b38c"
"phase13-martj42-identity-map-v1","martj42","martj42-results-v1","29876d7819d78110327fa0b426f3863d09c62ad29419a557ebee0c5fafe54564","martj42-results","name:azerbaijan",,"Azerbaijan","azerbaijan","team_aze","AZE","Azerbaijan","Azerbaijan","normalized_display_name","normalized_display_name_requires_review","pending_review","f3b971804815f12a40ce674a820e1c7f093a5f8ba79786041c29a65f4a7c3159","1d9f164d832c824c0f7c0aaf4953033aac1d733248aede141b358fdbfe246055"
"phase13-martj42-identity-map-v1","martj42","martj42-results-v1","29876d7819d78110327fa0b426f3863d09c62ad29419a557ebee0c5fafe54564","martj42-results","name:bahamas",,"Bahamas","bahamas","team_bahamas","NA","Bahamas",,"normalized_display_name","normalized_display_name_requires_review","pending_review","f3b971804815f12a40ce674a820e1c7f093a5f8ba79786041c29a65f4a7c3159","b8416c73befc495311a5cd2bbac58594e325374213e8405714854c4fe46404c0"
"phase13-martj42-identity-map-v1","martj42","martj42-results-v1","29876d7819d78110327fa0b426f3863d09c62ad29419a557ebee0c5fafe54564","martj42-results","name:bahrain",,"Bahrain","bahrain","team_bhr","BHR","Bahrain",,"normalized_display_name","normalized_display_name_requires_review","pending_review","f3b971804815f12a40ce674a820e1c7f093a5f8ba79786041c29a65f4a7c3159","137ef6a5c412918e8a1a71b5054f33c291bb5631f704911a99a018c28d3edc6f"
"phase13-martj42-identity-map-v1","martj42","martj42-results-v1","29876d7819d78110327fa0b426f3863d09c62ad29419a557ebee0c5fafe54564","martj42-results","name:bangladesh",,"Bangladesh","bangladesh","team_ban","BAN","Bangladesh",,"normalized_display_name","normalized_display_name_requires_review","pending_review","f3b971804815f12a40ce674a820e1c7f093a5f8ba79786041c29a65f4a7c3159","ed290e47ed7d32e096bad3316dc8c66ed1da8a671d766985f5d4873c5c95ffcc"
"phase13-martj42-identity-map-v1","martj42","martj42-results-v1","29876d7819d78110327fa0b426f3863d09c62ad29419a557ebee0c5fafe54564","martj42-results","name:barawa",,"Barawa","barawa","team_barawa","NA","Barawa",,"normalized_display_name","normalized_display_name_requires_review","pending_review","f3b971804815f12a40ce674a820e1c7f093a5f8ba79786041c29a65f4a7c3159","0b2217da24c9ee7ed83275d66c888249b61bff0f259187859d3aabb0d26fbe92"
"phase13-martj42-identity-map-v1","martj42","martj42-results-v1","29876d7819d78110327fa0b426f3863d09c62ad29419a557ebee0c5fafe54564","martj42-results","name:barbados",,"Barbados","barbados","team_brb","BRB","Barbados",,"normalized_display_name","normalized_display_name_requires_review","pending_review","f3b971804815f12a40ce674a820e1c7f093a5f8ba79786041c29a65f4a7c3159","86861e04bbce3446f62a17edbe208fa2e3fe1eca5ecdaaf11113e61741019b96"
"phase13-martj42-identity-map-v1","martj42","martj42-results-v1","29876d7819d78110327fa0b426f3863d09c62ad29419a557ebee0c5fafe54564","martj42-results","name:basque country",,"Basque Country","basque country","team_basque_country","NA","Basque Country",,"normalized_display_name","normalized_display_name_requires_review","pending_review","f3b971804815f12a40ce674a820e1c7f093a5f8ba79786041c29a65f4a7c3159","ee501d7ad541206f3e64299f5ef954980e46d6dbb43860e305aa124c0b3897a4"
"phase13-martj42-identity-map-v1","martj42","martj42-results-v1","29876d7819d78110327fa0b426f3863d09c62ad29419a557ebee0c5fafe54564","martj42-results","name:belarus",,"Belarus","belarus","team_blr","BLR","Belarus","Belarus","normalized_display_name","normalized_display_name_requires_review","pending_review","f3b971804815f12a40ce674a820e1c7f093a5f8ba79786041c29a65f4a7c3159","d40a5fc66f063496260c313275f13fe8766f73f244b5e9c4eb006bbb144306ae"
"phase13-martj42-identity-map-v1","martj42","martj42-results-v1","29876d7819d78110327fa0b426f3863d09c62ad29419a557ebee0c5fafe54564","martj42-results","name:belgium",,"Belgium","belgium","team_bel","BEL","Belgium","Belgium","normalized_display_name","normalized_display_name_requires_review","pending_review","f3b971804815f12a40ce674a820e1c7f093a5f8ba79786041c29a65f4a7c3159","7caab313a3d011997121ee6c7c4530d95e248a4af1e9f9ee3587e6c499f60b42"
"phase13-martj42-identity-map-v1","martj42","martj42-results-v1","29876d7819d78110327fa0b426f3863d09c62ad29419a557ebee0c5fafe54564","martj42-results","name:belize",,"Belize","belize","team_blz","BLZ","Belize",,"normalized_display_name","normalized_display_name_requires_review","pending_review","f3b971804815f12a40ce674a820e1c7f093a5f8ba79786041c29a65f4a7c3159","fecca63ae1979be6da3b15ed1c434e86f34069f696a6230ddf15b2531342920e"
"phase13-martj42-identity-map-v1","martj42","martj42-results-v1","29876d7819d78110327fa0b426f3863d09c62ad29419a557ebee0c5fafe54564","martj42-results","name:benin",,"Benin","benin","team_ben","BEN","Benin",,"normalized_display_name","normalized_display_name_requires_review","pending_review","f3b971804815f12a40ce674a820e1c7f093a5f8ba79786041c29a65f4a7c3159","8baa5c1b36d0342deb47788ec2cd46580ee4af599616d952ae8bc221d8bf4623"
"phase13-martj42-identity-map-v1","martj42","martj42-results-v1","29876d7819d78110327fa0b426f3863d09c62ad29419a557ebee0c5fafe54564","martj42-results","name:bermuda",,"Bermuda","bermuda","team_bermuda","NA","Bermuda",,"normalized_display_name","normalized_display_name_requires_review","pending_review","f3b971804815f12a40ce674a820e1c7f093a5f8ba79786041c29a65f4a7c3159","313e5bf7a6dc50ac89e483e7d86e824129a1f3c0093910a58dd754745c9e28d1"
"phase13-martj42-identity-map-v1","martj42","martj42-results-v1","29876d7819d78110327fa0b426f3863d09c62ad29419a557ebee0c5fafe54564","martj42-results","name:bhutan",,"Bhutan","bhutan","team_bhu","BHU","Bhutan",,"normalized_display_name","normalized_display_name_requires_review","pending_review","f3b971804815f12a40ce674a820e1c7f093a5f8ba79786041c29a65f4a7c3159","4551bead690f61bf884c7c2de7d3df743f891b01b5f621599ef4a4da1575ab1e"
"phase13-martj42-identity-map-v1","martj42","martj42-results-v1","29876d7819d78110327fa0b426f3863d09c62ad29419a557ebee0c5fafe54564","martj42-results","name:biafra",,"Biafra","biafra","team_biafra","NA","Biafra",,"normalized_display_name","normalized_display_name_requires_review","pending_review","f3b971804815f12a40ce674a820e1c7f093a5f8ba79786041c29a65f4a7c3159","612aec14d7516738b58212543a4500edee875c07d877bf95fef7dea60faafdcb"
"phase13-martj42-identity-map-v1","martj42","martj42-results-v1","29876d7819d78110327fa0b426f3863d09c62ad29419a557ebee0c5fafe54564","martj42-results","name:bolivia",,"Bolivia","bolivia","team_bol","BOL","Bolivia",,"normalized_display_name","normalized_display_name_requires_review","pending_review","f3b971804815f12a40ce674a820e1c7f093a5f8ba79786041c29a65f4a7c3159","9afb8386c57f4fb1f1479688bd37ba4f8d9c0daf00c5fa1f9795bae5ab33fb3a"
"phase13-martj42-identity-map-v1","martj42","martj42-results-v1","29876d7819d78110327fa0b426f3863d09c62ad29419a557ebee0c5fafe54564","martj42-results","name:bonaire",,"Bonaire","bonaire","team_bonaire","NA","Bonaire",,"normalized_display_name","normalized_display_name_requires_review","pending_review","f3b971804815f12a40ce674a820e1c7f093a5f8ba79786041c29a65f4a7c3159","a55c23653d52adcf5e14fbd27ba0e573ec23f26c067c78835f10d58c757cf2e0"
"phase13-martj42-identity-map-v1","martj42","martj42-results-v1","29876d7819d78110327fa0b426f3863d09c62ad29419a557ebee0c5fafe54564","martj42-results","name:bosnia and herzegovina",,"Bosnia and Herzegovina","bosnia and herzegovina","team_bih","BIH","Bosnia and Herzegovina","Bosnia and Herzegovina","normalized_display_name","normalized_display_name_requires_review","pending_review","f3b971804815f12a40ce674a820e1c7f093a5f8ba79786041c29a65f4a7c3159","e200fe36562003bbbb041738e0e3ccccd01eda1950dba1ace9b018a3808eaeef"
"phase13-martj42-identity-map-v1","martj42","martj42-results-v1","29876d7819d78110327fa0b426f3863d09c62ad29419a557ebee0c5fafe54564","martj42-results","name:botswana",,"Botswana","botswana","team_bot","BOT","Botswana",,"normalized_display_name","normalized_display_name_requires_review","pending_review","f3b971804815f12a40ce674a820e1c7f093a5f8ba79786041c29a65f4a7c3159","35b9dee51a832d1e77ba36f34531d6d98d259e7a427505f4ed1fcad0331ad2ff"
"phase13-martj42-identity-map-v1","martj42","martj42-results-v1","29876d7819d78110327fa0b426f3863d09c62ad29419a557ebee0c5fafe54564","martj42-results","name:brazil",,"Brazil","brazil","team_bra","BRA","Brazil",,"normalized_display_name","normalized_display_name_requires_review","pending_review","f3b971804815f12a40ce674a820e1c7f093a5f8ba79786041c29a65f4a7c3159","4101a5bdd1f1725eb7315500b386ebb1434a89ed6f18d9a6062b15983521b688"
"phase13-martj42-identity-map-v1","martj42","martj42-results-v1","29876d7819d78110327fa0b426f3863d09c62ad29419a557ebee0c5fafe54564","martj42-results","name:british virgin islands",,"British Virgin Islands","british virgin islands","team_british_virgin_islands","NA","British Virgin Islands",,"normalized_display_name","normalized_display_name_requires_review","pending_review","f3b971804815f12a40ce674a820e1c7f093a5f8ba79786041c29a65f4a7c3159","a8398f59f635e6e59a63dfad5b486ca1da9f34c9105546c3dee06f172efc2b14"
"phase13-martj42-identity-map-v1","martj42","martj42-results-v1","29876d7819d78110327fa0b426f3863d09c62ad29419a557ebee0c5fafe54564","martj42-results","name:brittany",,"Brittany","brittany","team_brittany","NA","Brittany",,"normalized_display_name","normalized_display_name_requires_review","pending_review","f3b971804815f12a40ce674a820e1c7f093a5f8ba79786041c29a65f4a7c3159","27f58c17f6c8788170200d37a1591d45441b40ecfc7206f478a788d47c2e6619"
"phase13-martj42-identity-map-v1","martj42","martj42-results-v1","29876d7819d78110327fa0b426f3863d09c62ad29419a557ebee0c5fafe54564","martj42-results","name:brunei",,"Brunei","brunei","team_brunei","NA","Brunei",,"normalized_display_name","normalized_display_name_requires_review","pending_review","f3b971804815f12a40ce674a820e1c7f093a5f8ba79786041c29a65f4a7c3159","1937d995a5e155c16e877c6911e1fb76c04fddf99946c49a490872297b4ef8f6"
"phase13-martj42-identity-map-v1","martj42","martj42-results-v1","29876d7819d78110327fa0b426f3863d09c62ad29419a557ebee0c5fafe54564","martj42-results","name:bulgaria",,"Bulgaria","bulgaria","team_bul","BUL","Bulgaria","Bulgaria","normalized_display_name","normalized_display_name_requires_review","pending_review","f3b971804815f12a40ce674a820e1c7f093a5f8ba79786041c29a65f4a7c3159","51fefd5f694f4b75444152b024363ff30014981c35cfc4eb49dbb61e69adf1bf"
"phase13-martj42-identity-map-v1","martj42","martj42-results-v1","29876d7819d78110327fa0b426f3863d09c62ad29419a557ebee0c5fafe54564","martj42-results","name:burkina faso",,"Burkina Faso","burkina faso","team_bfa","BFA","Burkina Faso",,"normalized_display_name","normalized_display_name_requires_review","pending_review","f3b971804815f12a40ce674a820e1c7f093a5f8ba79786041c29a65f4a7c3159","00e5ecbed25deb61b458dfdaaeaa61ebde6981e1d5e13d16d6ad1b311e0ba3af"
"phase13-martj42-identity-map-v1","martj42","martj42-results-v1","29876d7819d78110327fa0b426f3863d09c62ad29419a557ebee0c5fafe54564","martj42-results","name:burundi",,"Burundi","burundi","team_bdi","BDI","Burundi",,"normalized_display_name","normalized_display_name_requires_review","pending_review","f3b971804815f12a40ce674a820e1c7f093a5f8ba79786041c29a65f4a7c3159","05e17960694f71c19b730de244f001914a197a0bbb9fc99f8ee46cec07c6f654"
"phase13-martj42-identity-map-v1","martj42","martj42-results-v1","29876d7819d78110327fa0b426f3863d09c62ad29419a557ebee0c5fafe54564","martj42-results","name:cambodia",,"Cambodia","cambodia","team_cam","CAM","Cambodia",,"normalized_display_name","normalized_display_name_requires_review","pending_review","f3b971804815f12a40ce674a820e1c7f093a5f8ba79786041c29a65f4a7c3159","17ee08105b7465994f19f57ae24bddca7353b542b1622577d07d032171fe5a38"
"phase13-martj42-identity-map-v1","martj42","martj42-results-v1","29876d7819d78110327fa0b426f3863d09c62ad29419a557ebee0c5fafe54564","martj42-results","name:cameroon",,"Cameroon","cameroon","team_cmr","CMR","Cameroon",,"normalized_display_name","normalized_display_name_requires_review","pending_review","f3b971804815f12a40ce674a820e1c7f093a5f8ba79786041c29a65f4a7c3159","35567bdc2c5527fe19645edc7003d4c872e9f7aa656348cfd586183237d5f954"
"phase13-martj42-identity-map-v1","martj42","martj42-results-v1","29876d7819d78110327fa0b426f3863d09c62ad29419a557ebee0c5fafe54564","martj42-results","name:canada",,"Canada","canada","team_can","CAN","Canada",,"normalized_display_name","normalized_display_name_requires_review","pending_review","f3b971804815f12a40ce674a820e1c7f093a5f8ba79786041c29a65f4a7c3159","86951737b63b0ffc98ebed1c73c779066760f9db85a84134589e4bf1e4d37858"
"phase13-martj42-identity-map-v1","martj42","martj42-results-v1","29876d7819d78110327fa0b426f3863d09c62ad29419a557ebee0c5fafe54564","martj42-results","name:canary islands",,"Canary Islands","canary islands","team_canary_islands","NA","Canary Islands",,"normalized_display_name","normalized_display_name_requires_review","pending_review","f3b971804815f12a40ce674a820e1c7f093a5f8ba79786041c29a65f4a7c3159","dfc65bb306f4ff772265bc7be449c4c370c5d8a1d24b41aa8d4a0ea0d1346566"
"phase13-martj42-identity-map-v1","martj42","martj42-results-v1","29876d7819d78110327fa0b426f3863d09c62ad29419a557ebee0c5fafe54564","martj42-results","name:canton ticino",,"Canton Ticino","canton ticino","team_ticino","NA","Ticino","Canton Ticino","normalized_display_name","normalized_display_name_requires_review","pending_review","f3b971804815f12a40ce674a820e1c7f093a5f8ba79786041c29a65f4a7c3159","53136f150ececb45fdeb55fe64cb007b7c89359605f4b12c7242ec63544c2187"
"phase13-martj42-identity-map-v1","martj42","martj42-results-v1","29876d7819d78110327fa0b426f3863d09c62ad29419a557ebee0c5fafe54564","martj42-results","name:cape verde",,"Cape Verde","cape verde","team_cpv","CPV","Cape Verde",,"normalized_display_name","normalized_display_name_requires_review","pending_review","f3b971804815f12a40ce674a820e1c7f093a5f8ba79786041c29a65f4a7c3159","dd9291ddb6efddf5d08056dd4a884d8ddd1d654977c9d51e511e6a7fb6a692fe"
"phase13-martj42-identity-map-v1","martj42","martj42-results-v1","29876d7819d78110327fa0b426f3863d09c62ad29419a557ebee0c5fafe54564","martj42-results","name:cascadia",,"Cascadia","cascadia","team_cascadia","NA","Cascadia",,"normalized_display_name","normalized_display_name_requires_review","pending_review","f3b971804815f12a40ce674a820e1c7f093a5f8ba79786041c29a65f4a7c3159","c2de511b006da2e818d24acc4d2e7dc891e25cfe6ee0b39151677b570cecbcfb"
"phase13-martj42-identity-map-v1","martj42","martj42-results-v1","29876d7819d78110327fa0b426f3863d09c62ad29419a557ebee0c5fafe54564","martj42-results","name:catalonia",,"Catalonia","catalonia","team_catalonia","NA","Catalonia",,"normalized_display_name","normalized_display_name_requires_review","pending_review","f3b971804815f12a40ce674a820e1c7f093a5f8ba79786041c29a65f4a7c3159","e4f06de2f5cf5a2ce9621f51dc2ff39221278ccacefd5ad5cd51197afd965d5e"
"phase13-martj42-identity-map-v1","martj42","martj42-results-v1","29876d7819d78110327fa0b426f3863d09c62ad29419a557ebee0c5fafe54564","martj42-results","name:cayman islands",,"Cayman Islands","cayman islands","team_cayman_islands","NA","Cayman Islands",,"normalized_display_name","normalized_display_name_requires_review","pending_review","f3b971804815f12a40ce674a820e1c7f093a5f8ba79786041c29a65f4a7c3159","65cd9e43b148fd445498325669f09ac93ef7f2e69662a943a1634d2a005ebbc0"
"phase13-martj42-identity-map-v1","martj42","martj42-results-v1","29876d7819d78110327fa0b426f3863d09c62ad29419a557ebee0c5fafe54564","martj42-results","name:central african republic",,"Central African Republic","central african republic","team_caf","CAF","Central African Republic",,"normalized_display_name","normalized_display_name_requires_review","pending_review","f3b971804815f12a40ce674a820e1c7f093a5f8ba79786041c29a65f4a7c3159","3d82760c679903c71eb381d5f5ca01e3f544ed7c3abdd62d3a0c29ef048ce52e"
"phase13-martj42-identity-map-v1","martj42","martj42-results-v1","29876d7819d78110327fa0b426f3863d09c62ad29419a557ebee0c5fafe54564","martj42-results","name:central spain",,"Central Spain","central spain","team_central_spain","NA","Central Spain",,"normalized_display_name","normalized_display_name_requires_review","pending_review","f3b971804815f12a40ce674a820e1c7f093a5f8ba79786041c29a65f4a7c3159","8ac89d3e65d63f9fa1b61844629e6d0d809836965498319f7dcbd08bc671a5e6"
"phase13-martj42-identity-map-v1","martj42","martj42-results-v1","29876d7819d78110327fa0b426f3863d09c62ad29419a557ebee0c5fafe54564","martj42-results","name:chad",,"Chad","chad","team_cha","CHA","Chad",,"normalized_display_name","normalized_display_name_requires_review","pending_review","f3b971804815f12a40ce674a820e1c7f093a5f8ba79786041c29a65f4a7c3159","3f9d92d0a03a01380dc69cb845c89ff34c6eb5ece86dca2e7c7a15673ba0e8b8"
"phase13-martj42-identity-map-v1","martj42","martj42-results-v1","29876d7819d78110327fa0b426f3863d09c62ad29419a557ebee0c5fafe54564","martj42-results","name:chagos islands",,"Chagos Islands","chagos islands","team_chagos_islands","NA","Chagos Islands",,"normalized_display_name","normalized_display_name_requires_review","pending_review","f3b971804815f12a40ce674a820e1c7f093a5f8ba79786041c29a65f4a7c3159","e8dba9faad979d0c5941a217152ab62a7901da3f0ca86586bb10c5979cf9d906"
"phase13-martj42-identity-map-v1","martj42","martj42-results-v1","29876d7819d78110327fa0b426f3863d09c62ad29419a557ebee0c5fafe54564","martj42-results","name:chameria",,"Chameria","chameria","team_chameria","NA","Chameria",,"normalized_display_name","normalized_display_name_requires_review","pending_review","f3b971804815f12a40ce674a820e1c7f093a5f8ba79786041c29a65f4a7c3159","2ea7e987d4b182498f556284aed81f8540faed1daac0e1b110517bf94e638bc4"
"phase13-martj42-identity-map-v1","martj42","martj42-results-v1","29876d7819d78110327fa0b426f3863d09c62ad29419a557ebee0c5fafe54564","martj42-results","name:chechnya",,"Chechnya","chechnya","team_chechnya","NA","Chechnya",,"normalized_display_name","normalized_display_name_requires_review","pending_review","f3b971804815f12a40ce674a820e1c7f093a5f8ba79786041c29a65f4a7c3159","257c01f7b6b99494647ea9b03e7ae4143891046b395abe17c613648508894091"
"phase13-martj42-identity-map-v1","martj42","martj42-results-v1","29876d7819d78110327fa0b426f3863d09c62ad29419a557ebee0c5fafe54564","martj42-results","name:chile",,"Chile","chile","team_chi","CHI","Chile",,"normalized_display_name","normalized_display_name_requires_review","pending_review","f3b971804815f12a40ce674a820e1c7f093a5f8ba79786041c29a65f4a7c3159","617a33b4fdbfde6719e34d03453a547cd61bcfc9f4c47bfa4e79006fda2eda0b"
"phase13-martj42-identity-map-v1","martj42","martj42-results-v1","29876d7819d78110327fa0b426f3863d09c62ad29419a557ebee0c5fafe54564","martj42-results","name:china",,"China","china","team_chn","CHN","China PR","China","normalized_display_name","normalized_display_name_requires_review","pending_review","f3b971804815f12a40ce674a820e1c7f093a5f8ba79786041c29a65f4a7c3159","b8ffdd1d6644c4fa240fdea3b8bf1b7d423482eff51a87ea7440f68898fa68bd"
"phase13-martj42-identity-map-v1","martj42","martj42-results-v1","29876d7819d78110327fa0b426f3863d09c62ad29419a557ebee0c5fafe54564","martj42-results","name:cilento",,"Cilento","cilento","team_cilento","NA","Cilento",,"normalized_display_name","normalized_display_name_requires_review","pending_review","f3b971804815f12a40ce674a820e1c7f093a5f8ba79786041c29a65f4a7c3159","9fdd57c8f078cf93d34b3934dbb7c7935880262e37b52230e8ab104852b482d1"
"phase13-martj42-identity-map-v1","martj42","martj42-results-v1","29876d7819d78110327fa0b426f3863d09c62ad29419a557ebee0c5fafe54564","martj42-results","name:colombia",,"Colombia","colombia","team_col","COL","Colombia",,"normalized_display_name","normalized_display_name_requires_review","pending_review","f3b971804815f12a40ce674a820e1c7f093a5f8ba79786041c29a65f4a7c3159","2d070532ad95bf6aa81da07e431394e851b0b07e239a6e99beae6e53b365b5e0"
"phase13-martj42-identity-map-v1","martj42","martj42-results-v1","29876d7819d78110327fa0b426f3863d09c62ad29419a557ebee0c5fafe54564","martj42-results","name:comoros",,"Comoros","comoros","team_com","COM","Comoros",,"normalized_display_name","normalized_display_name_requires_review","pending_review","f3b971804815f12a40ce674a820e1c7f093a5f8ba79786041c29a65f4a7c3159","9227b8f8f2543d09e04322de84e14b6c2aa4181b96c2684fb9ed4eec90fd6f43"
"phase13-martj42-identity-map-v1","martj42","martj42-results-v1","29876d7819d78110327fa0b426f3863d09c62ad29419a557ebee0c5fafe54564","martj42-results","name:congo",,"Congo","congo","team_cgo","CGO","Congo",,"normalized_display_name","normalized_display_name_requires_review","pending_review","f3b971804815f12a40ce674a820e1c7f093a5f8ba79786041c29a65f4a7c3159","6bbda3fd5812c79338b5da09b3fcc3e5a0c95677a4e97062e4b518288c6b5fe8"
"phase13-martj42-identity-map-v1","martj42","martj42-results-v1","29876d7819d78110327fa0b426f3863d09c62ad29419a557ebee0c5fafe54564","martj42-results","name:cook islands",,"Cook Islands","cook islands","team_cook_islands","NA","Cook Islands",,"normalized_display_name","normalized_display_name_requires_review","pending_review","f3b971804815f12a40ce674a820e1c7f093a5f8ba79786041c29a65f4a7c3159","11eca3331cf1a003f86a6060e00585c5317f4751b6c855a249e414803911e9a1"
"phase13-martj42-identity-map-v1","martj42","martj42-results-v1","29876d7819d78110327fa0b426f3863d09c62ad29419a557ebee0c5fafe54564","martj42-results","name:corsica",,"Corsica","corsica","team_corsica","NA","Corsica",,"normalized_display_name","normalized_display_name_requires_review","pending_review","f3b971804815f12a40ce674a820e1c7f093a5f8ba79786041c29a65f4a7c3159","b8e1f1a22e039631c8891bb242ececd97ddac47e428b2812ab288482e7b4da88"
"phase13-martj42-identity-map-v1","martj42","martj42-results-v1","29876d7819d78110327fa0b426f3863d09c62ad29419a557ebee0c5fafe54564","martj42-results","name:costa rica",,"Costa Rica","costa rica","team_crc","CRC","Costa Rica",,"normalized_display_name","normalized_display_name_requires_review","pending_review","f3b971804815f12a40ce674a820e1c7f093a5f8ba79786041c29a65f4a7c3159","f1b26c28ae43ce90c99ad8663878ab52d05458e59d41b8aa20c5f708d0450741"
"phase13-martj42-identity-map-v1","martj42","martj42-results-v1","29876d7819d78110327fa0b426f3863d09c62ad29419a557ebee0c5fafe54564","martj42-results","name:county of nice",,"County of Nice","county of nice","team_county_of_nice","NA","County of Nice",,"normalized_display_name","normalized_display_name_requires_review","pending_review","f3b971804815f12a40ce674a820e1c7f093a5f8ba79786041c29a65f4a7c3159","a17958cb60ab6bc0197e1f868132b3a3f8c62b9168a07a16ef548147c31cdbd8"
"phase13-martj42-identity-map-v1","martj42","martj42-results-v1","29876d7819d78110327fa0b426f3863d09c62ad29419a557ebee0c5fafe54564","martj42-results","name:crimea",,"Crimea","crimea","team_crimea","NA","Crimea",,"normalized_display_name","normalized_display_name_requires_review","pending_review","f3b971804815f12a40ce674a820e1c7f093a5f8ba79786041c29a65f4a7c3159","8ee5768e83d8f2d21c3e09726a305b785d2dec4768f7115c0ca84504c747b8d3"
"phase13-martj42-identity-map-v1","martj42","martj42-results-v1","29876d7819d78110327fa0b426f3863d09c62ad29419a557ebee0c5fafe54564","martj42-results","name:croatia",,"Croatia","croatia","team_cro","CRO","Croatia","Croatia","normalized_display_name","normalized_display_name_requires_review","pending_review","f3b971804815f12a40ce674a820e1c7f093a5f8ba79786041c29a65f4a7c3159","9739436c3bd5b0625a6755129cf4817251007ec3d7c55bd47324e7236542483f"
"phase13-martj42-identity-map-v1","martj42","martj42-results-v1","29876d7819d78110327fa0b426f3863d09c62ad29419a557ebee0c5fafe54564","martj42-results","name:cuba",,"Cuba","cuba","team_cub","CUB","Cuba",,"normalized_display_name","normalized_display_name_requires_review","pending_review","f3b971804815f12a40ce674a820e1c7f093a5f8ba79786041c29a65f4a7c3159","da1e9ed0e02acf5bb4761a56a5f6ae7e22c0dd2cce5022e732ff3607c277af5b"
"phase13-martj42-identity-map-v1","martj42","martj42-results-v1","29876d7819d78110327fa0b426f3863d09c62ad29419a557ebee0c5fafe54564","martj42-results","name:curacao",,"Curaçao","curacao","team_curacao","NA","Curaçao","Curacao","normalized_display_name","normalized_display_name_requires_review","pending_review","f3b971804815f12a40ce674a820e1c7f093a5f8ba79786041c29a65f4a7c3159","ea67e4f74581caeead6eb563f7441c1f5257a9627e32c09455746df60b35fe40"
"phase13-martj42-identity-map-v1","martj42","martj42-results-v1","29876d7819d78110327fa0b426f3863d09c62ad29419a557ebee0c5fafe54564","martj42-results","name:cyprus",,"Cyprus","cyprus","team_cyp","CYP","Cyprus","Cyprus","normalized_display_name","normalized_display_name_requires_review","pending_review","f3b971804815f12a40ce674a820e1c7f093a5f8ba79786041c29a65f4a7c3159","249aa728cb5e555311d6b049a3066b45950048eb2c85f3fd29921f7000ed6734"
"phase13-martj42-identity-map-v1","martj42","martj42-results-v1","29876d7819d78110327fa0b426f3863d09c62ad29419a557ebee0c5fafe54564","martj42-results","name:czech republic",,"Czech Republic","czech republic","team_cze","CZE","Czech Republic","Czechia","normalized_display_name","normalized_display_name_requires_review","pending_review","f3b971804815f12a40ce674a820e1c7f093a5f8ba79786041c29a65f4a7c3159","6f3fa2109e34d08e924359ace2128a30167c73db507fcce0d8f9ce94fd5845ca"
"phase13-martj42-identity-map-v1","martj42","martj42-results-v1","29876d7819d78110327fa0b426f3863d09c62ad29419a557ebee0c5fafe54564","martj42-results","name:czechoslovakia",,"Czechoslovakia","czechoslovakia","team_czechoslovakia","NA","Czechoslovakia",,"normalized_display_name","normalized_display_name_requires_review","pending_review","f3b971804815f12a40ce674a820e1c7f093a5f8ba79786041c29a65f4a7c3159","fc5249850abaedfef039144d4f259d48426449c7027f582984da563e9e326c71"
"phase13-martj42-identity-map-v1","martj42","martj42-results-v1","29876d7819d78110327fa0b426f3863d09c62ad29419a557ebee0c5fafe54564","martj42-results","name:d elvid ek",,"Délvidék","d elvid ek","team_d_elvid_ek","NA","Délvidék",,"normalized_display_name","normalized_display_name_requires_review","pending_review","f3b971804815f12a40ce674a820e1c7f093a5f8ba79786041c29a65f4a7c3159","3224eabc92753f9858f9af20c4f9ae1c536e0c79f941cbd71c5425b141de410e"
"phase13-martj42-identity-map-v1","martj42","martj42-results-v1","29876d7819d78110327fa0b426f3863d09c62ad29419a557ebee0c5fafe54564","martj42-results","name:darfur",,"Darfur","darfur","team_darfur","NA","Darfur",,"normalized_display_name","normalized_display_name_requires_review","pending_review","f3b971804815f12a40ce674a820e1c7f093a5f8ba79786041c29a65f4a7c3159","e960fdc2f9706f0d12c8a9e88ad575370f0aad63a14772e0b951a4405f7f8963"
"phase13-martj42-identity-map-v1","martj42","martj42-results-v1","29876d7819d78110327fa0b426f3863d09c62ad29419a557ebee0c5fafe54564","martj42-results","name:denmark",,"Denmark","denmark","team_den","DEN","Denmark","Denmark","normalized_display_name","normalized_display_name_requires_review","pending_review","f3b971804815f12a40ce674a820e1c7f093a5f8ba79786041c29a65f4a7c3159","a5a3212f1039a4ce1c58171ac9e51b41827d6cde12ebed62be76661453910da5"
"phase13-martj42-identity-map-v1","martj42","martj42-results-v1","29876d7819d78110327fa0b426f3863d09c62ad29419a557ebee0c5fafe54564","martj42-results","name:djibouti",,"Djibouti","djibouti","team_dji","DJI","Djibouti",,"normalized_display_name","normalized_display_name_requires_review","pending_review","f3b971804815f12a40ce674a820e1c7f093a5f8ba79786041c29a65f4a7c3159","ece3cdb42653b00762849c39e9ad2ffa9fdb7e55d742834018172f53051cd7c1"
"phase13-martj42-identity-map-v1","martj42","martj42-results-v1","29876d7819d78110327fa0b426f3863d09c62ad29419a557ebee0c5fafe54564","martj42-results","name:dominica",,"Dominica","dominica","team_dma","DMA","Dominica",,"normalized_display_name","normalized_display_name_requires_review","pending_review","f3b971804815f12a40ce674a820e1c7f093a5f8ba79786041c29a65f4a7c3159","6cdc4a931066a6888ffacf5c58f5e303cdcdae40035383612f076b4ac0e0ce88"
"phase13-martj42-identity-map-v1","martj42","martj42-results-v1","29876d7819d78110327fa0b426f3863d09c62ad29419a557ebee0c5fafe54564","martj42-results","name:dominican republic",,"Dominican Republic","dominican republic","team_dom","DOM","Dominican Republic",,"normalized_display_name","normalized_display_name_requires_review","pending_review","f3b971804815f12a40ce674a820e1c7f093a5f8ba79786041c29a65f4a7c3159","69bd85a9a0e1862001d8547c27377755ad61c446e84e3d6e0a1d555a62e97176"
"phase13-martj42-identity-map-v1","martj42","martj42-results-v1","29876d7819d78110327fa0b426f3863d09c62ad29419a557ebee0c5fafe54564","martj42-results","name:donetsk pr",,"Donetsk PR","donetsk pr","team_donetsk_pr","NA","Donetsk PR",,"normalized_display_name","normalized_display_name_requires_review","pending_review","f3b971804815f12a40ce674a820e1c7f093a5f8ba79786041c29a65f4a7c3159","308cd13ef7398e0f7dced7b9a23b1ac31d6cd81dec77d1549b2575fa520dae70"
"phase13-martj42-identity-map-v1","martj42","martj42-results-v1","29876d7819d78110327fa0b426f3863d09c62ad29419a557ebee0c5fafe54564","martj42-results","name:dr congo",,"DR Congo","dr congo","team_dr_congo","NA","DR Congo","Congo DR|Democratic Republic of Congo|Congo, Democratic Republic","normalized_display_name","normalized_display_name_requires_review","pending_review","f3b971804815f12a40ce674a820e1c7f093a5f8ba79786041c29a65f4a7c3159","0196ef588a8203f7fbadf66712b09789bfa153a825e3439227f34549a5a9ea91"
"phase13-martj42-identity-map-v1","martj42","martj42-results-v1","29876d7819d78110327fa0b426f3863d09c62ad29419a557ebee0c5fafe54564","martj42-results","name:east turkestan",,"East Turkestan","east turkestan","team_east_turkestan","NA","East Turkestan",,"normalized_display_name","normalized_display_name_requires_review","pending_review","f3b971804815f12a40ce674a820e1c7f093a5f8ba79786041c29a65f4a7c3159","98101abb4d94ddb1da55d3eb0d43df1622f58582bd24e28852314584e1c6d3d7"
"phase13-martj42-identity-map-v1","martj42","martj42-results-v1","29876d7819d78110327fa0b426f3863d09c62ad29419a557ebee0c5fafe54564","martj42-results","name:ecuador",,"Ecuador","ecuador","team_ecu","ECU","Ecuador",,"normalized_display_name","normalized_display_name_requires_review","pending_review","f3b971804815f12a40ce674a820e1c7f093a5f8ba79786041c29a65f4a7c3159","53d3e690ea7d95b94a63e85fb97ba36c7959680e87d506f1f014fc171a6eb7e3"
"phase13-martj42-identity-map-v1","martj42","martj42-results-v1","29876d7819d78110327fa0b426f3863d09c62ad29419a557ebee0c5fafe54564","martj42-results","name:egypt",,"Egypt","egypt","team_egy","EGY","Egypt",,"normalized_display_name","normalized_display_name_requires_review","pending_review","f3b971804815f12a40ce674a820e1c7f093a5f8ba79786041c29a65f4a7c3159","e90c715caa85215eec32ddd014ee2490728a99636976f067eb9d9f51a5a86a7f"
"phase13-martj42-identity-map-v1","martj42","martj42-results-v1","29876d7819d78110327fa0b426f3863d09c62ad29419a557ebee0c5fafe54564","martj42-results","name:el salvador",,"El Salvador","el salvador","team_slv","SLV","El Salvador",,"normalized_display_name","normalized_display_name_requires_review","pending_review","f3b971804815f12a40ce674a820e1c7f093a5f8ba79786041c29a65f4a7c3159","07c207c9f9fec0998e89580afcbfe73ac3419d12a17302238e1d0820b01d1e97"
"phase13-martj42-identity-map-v1","martj42","martj42-results-v1","29876d7819d78110327fa0b426f3863d09c62ad29419a557ebee0c5fafe54564","martj42-results","name:elba island",,"Elba Island","elba island","team_elba_island","NA","Elba Island",,"normalized_display_name","normalized_display_name_requires_review","pending_review","f3b971804815f12a40ce674a820e1c7f093a5f8ba79786041c29a65f4a7c3159","1e6eba1b306145dede9be81741115959c9960b885e995fb2e50ef79db6655810"
"phase13-martj42-identity-map-v1","martj42","martj42-results-v1","29876d7819d78110327fa0b426f3863d09c62ad29419a557ebee0c5fafe54564","martj42-results","name:ellan vannin",,"Ellan Vannin","ellan vannin","team_ellan_vannin","NA","Ellan Vannin",,"normalized_display_name","normalized_display_name_requires_review","pending_review","f3b971804815f12a40ce674a820e1c7f093a5f8ba79786041c29a65f4a7c3159","2dda993b6fcd64a9b8c4eb999b66252db029ba814050880487c276ba36729c4a"
"phase13-martj42-identity-map-v1","martj42","martj42-results-v1","29876d7819d78110327fa0b426f3863d09c62ad29419a557ebee0c5fafe54564","martj42-results","name:england",,"England","england","team_eng","ENG","England","England","normalized_display_name","normalized_display_name_requires_review","pending_review","f3b971804815f12a40ce674a820e1c7f093a5f8ba79786041c29a65f4a7c3159","9402be8e4f5b1de26c7f107c8172ff869484583497e0818bb3797ca80b8c5c4b"
"phase13-martj42-identity-map-v1","martj42","martj42-results-v1","29876d7819d78110327fa0b426f3863d09c62ad29419a557ebee0c5fafe54564","martj42-results","name:equatorial guinea",,"Equatorial Guinea","equatorial guinea","team_eqg","EQG","Equatorial Guinea",,"normalized_display_name","normalized_display_name_requires_review","pending_review","f3b971804815f12a40ce674a820e1c7f093a5f8ba79786041c29a65f4a7c3159","d476554a11972aff64e4fdcff00b4b3d00a06ea1de3ecb7ef152055b64ccf63e"
"phase13-martj42-identity-map-v1","martj42","martj42-results-v1","29876d7819d78110327fa0b426f3863d09c62ad29419a557ebee0c5fafe54564","martj42-results","name:eritrea",,"Eritrea","eritrea","team_eri","ERI","Eritrea",,"normalized_display_name","normalized_display_name_requires_review","pending_review","f3b971804815f12a40ce674a820e1c7f093a5f8ba79786041c29a65f4a7c3159","fbf04665674abec50a2784b4a38b2323e66095a79682e46aae3b77d733658baa"
"phase13-martj42-identity-map-v1","martj42","martj42-results-v1","29876d7819d78110327fa0b426f3863d09c62ad29419a557ebee0c5fafe54564","martj42-results","name:estonia",,"Estonia","estonia","team_est","EST","Estonia","Estonia","normalized_display_name","normalized_display_name_requires_review","pending_review","f3b971804815f12a40ce674a820e1c7f093a5f8ba79786041c29a65f4a7c3159","cfcbc47f51a9b4de4f6df90ccf9dfb027526d693d45daed47ad8d37c0e25b362"
"phase13-martj42-identity-map-v1","martj42","martj42-results-v1","29876d7819d78110327fa0b426f3863d09c62ad29419a557ebee0c5fafe54564","martj42-results","name:eswatini",,"Eswatini","eswatini","team_swz","SWZ","Eswatini",,"normalized_display_name","normalized_display_name_requires_review","pending_review","f3b971804815f12a40ce674a820e1c7f093a5f8ba79786041c29a65f4a7c3159","d9d351d9295582b3d2f78b641324c8f5043dcc55fc19545ebda0cc768b0b8147"
"phase13-martj42-identity-map-v1","martj42","martj42-results-v1","29876d7819d78110327fa0b426f3863d09c62ad29419a557ebee0c5fafe54564","martj42-results","name:ethiopia",,"Ethiopia","ethiopia","team_eth","ETH","Ethiopia",,"normalized_display_name","normalized_display_name_requires_review","pending_review","f3b971804815f12a40ce674a820e1c7f093a5f8ba79786041c29a65f4a7c3159","d86a336408baf63e52a1a5f47f63769e5017f4f805e51bc0eaca0baf2678ae8c"
"phase13-martj42-identity-map-v1","martj42","martj42-results-v1","29876d7819d78110327fa0b426f3863d09c62ad29419a557ebee0c5fafe54564","martj42-results","name:falkland islands",,"Falkland Islands","falkland islands","team_falkland_islands","NA","Falkland Islands",,"normalized_display_name","normalized_display_name_requires_review","pending_review","f3b971804815f12a40ce674a820e1c7f093a5f8ba79786041c29a65f4a7c3159","147831f948533aab202d219d4df0f692577a53089c88085761d552668f470e3d"
"phase13-martj42-identity-map-v1","martj42","martj42-results-v1","29876d7819d78110327fa0b426f3863d09c62ad29419a557ebee0c5fafe54564","martj42-results","name:faroe islands",,"Faroe Islands","faroe islands","team_fro","FRO","Faroe Islands","Faroe Islands","normalized_display_name","normalized_display_name_requires_review","pending_review","f3b971804815f12a40ce674a820e1c7f093a5f8ba79786041c29a65f4a7c3159","c1385a1e7ebb12b91ddb683ad62f521c848cdb3805fcee67f47616d0458a4def"
"phase13-martj42-identity-map-v1","martj42","martj42-results-v1","29876d7819d78110327fa0b426f3863d09c62ad29419a557ebee0c5fafe54564","martj42-results","name:felvid ek",,"Felvidék","felvid ek","team_felvid_ek","NA","Felvidék",,"normalized_display_name","normalized_display_name_requires_review","pending_review","f3b971804815f12a40ce674a820e1c7f093a5f8ba79786041c29a65f4a7c3159","35f810ec84e20bc67016714d60401d2452d7c2107b776760c854764793f2cd8d"
"phase13-martj42-identity-map-v1","martj42","martj42-results-v1","29876d7819d78110327fa0b426f3863d09c62ad29419a557ebee0c5fafe54564","martj42-results","name:fiji",,"Fiji","fiji","team_fij","FIJ","Fiji",,"normalized_display_name","normalized_display_name_requires_review","pending_review","f3b971804815f12a40ce674a820e1c7f093a5f8ba79786041c29a65f4a7c3159","2bf5c1180724abdf413a2fdf1b13a3e13cce0e562ab67d819639e807bbf797b3"
"phase13-martj42-identity-map-v1","martj42","martj42-results-v1","29876d7819d78110327fa0b426f3863d09c62ad29419a557ebee0c5fafe54564","martj42-results","name:finland",,"Finland","finland","team_fin","FIN","Finland","Finland","normalized_display_name","normalized_display_name_requires_review","pending_review","f3b971804815f12a40ce674a820e1c7f093a5f8ba79786041c29a65f4a7c3159","2d9f6f0bbeccc49820ad509c3b6a2281719930c098694a71e89f28f93d733b77"
"phase13-martj42-identity-map-v1","martj42","martj42-results-v1","29876d7819d78110327fa0b426f3863d09c62ad29419a557ebee0c5fafe54564","martj42-results","name:france",,"France","france","team_fra","FRA","France","France","normalized_display_name","normalized_display_name_requires_review","pending_review","f3b971804815f12a40ce674a820e1c7f093a5f8ba79786041c29a65f4a7c3159","e92e0f6e0178707ddbfa760c43b86f580ca6dace86cf6e27f958c1fec9f817da"
"phase13-martj42-identity-map-v1","martj42","martj42-results-v1","29876d7819d78110327fa0b426f3863d09c62ad29419a557ebee0c5fafe54564","martj42-results","name:franconia",,"Franconia","franconia","team_franconia","NA","Franconia",,"normalized_display_name","normalized_display_name_requires_review","pending_review","f3b971804815f12a40ce674a820e1c7f093a5f8ba79786041c29a65f4a7c3159","bb79cd64595e2a64d2360f2b5bb438982ef8d7d337f29a96edcba8fa793b7a4f"
"phase13-martj42-identity-map-v1","martj42","martj42-results-v1","29876d7819d78110327fa0b426f3863d09c62ad29419a557ebee0c5fafe54564","martj42-results","name:french guiana",,"French Guiana","french guiana","team_french_guiana","NA","French Guiana",,"normalized_display_name","normalized_display_name_requires_review","pending_review","f3b971804815f12a40ce674a820e1c7f093a5f8ba79786041c29a65f4a7c3159","2d4880f978c69e960988c7f315e562c3d7ddbcceb4d17ee0269953c31d334de5"
"phase13-martj42-identity-map-v1","martj42","martj42-results-v1","29876d7819d78110327fa0b426f3863d09c62ad29419a557ebee0c5fafe54564","martj42-results","name:froya",,"Frøya","froya","team_froya","NA","Frøya",,"normalized_display_name","normalized_display_name_requires_review","pending_review","f3b971804815f12a40ce674a820e1c7f093a5f8ba79786041c29a65f4a7c3159","c532adc4621b21c1ff175ca1dd16c924c26b7c7de05e21151d30308beb3887c5"
"phase13-martj42-identity-map-v1","martj42","martj42-results-v1","29876d7819d78110327fa0b426f3863d09c62ad29419a557ebee0c5fafe54564","martj42-results","name:gabon",,"Gabon","gabon","team_gab","GAB","Gabon",,"normalized_display_name","normalized_display_name_requires_review","pending_review","f3b971804815f12a40ce674a820e1c7f093a5f8ba79786041c29a65f4a7c3159","30de4860bbb2ca8b856bb21baf56332b6b4bb8120e5a03425b117175bdd41103"
"phase13-martj42-identity-map-v1","martj42","martj42-results-v1","29876d7819d78110327fa0b426f3863d09c62ad29419a557ebee0c5fafe54564","martj42-results","name:gagauzia",,"Găgăuzia","gagauzia","team_gagauzia","NA","Găgăuzia",,"normalized_display_name","normalized_display_name_requires_review","pending_review","f3b971804815f12a40ce674a820e1c7f093a5f8ba79786041c29a65f4a7c3159","dc8f8f1bd573558d034c626978aaf0f1d7ae828c3ca86fac01df7e1564bdcb09"
"phase13-martj42-identity-map-v1","martj42","martj42-results-v1","29876d7819d78110327fa0b426f3863d09c62ad29419a557ebee0c5fafe54564","martj42-results","name:galicia",,"Galicia","galicia","team_galicia","NA","Galicia",,"normalized_display_name","normalized_display_name_requires_review","pending_review","f3b971804815f12a40ce674a820e1c7f093a5f8ba79786041c29a65f4a7c3159","95b93c1ddc6a32a1ebcc6d7e71f95517261c4782e1b8903bdc3146ac1426c0b8"
"phase13-martj42-identity-map-v1","martj42","martj42-results-v1","29876d7819d78110327fa0b426f3863d09c62ad29419a557ebee0c5fafe54564","martj42-results","name:gambia",,"Gambia","gambia","team_gam","GAM","Gambia",,"normalized_display_name","normalized_display_name_requires_review","pending_review","f3b971804815f12a40ce674a820e1c7f093a5f8ba79786041c29a65f4a7c3159","4b94483a3541966b52f3de72ef6c51542cafb3ed7618bdc98133cb3135f1c82e"
"phase13-martj42-identity-map-v1","martj42","martj42-results-v1","29876d7819d78110327fa0b426f3863d09c62ad29419a557ebee0c5fafe54564","martj42-results","name:georgia",,"Georgia","georgia","team_geo","GEO","Georgia","Georgia","normalized_display_name","normalized_display_name_requires_review","pending_review","f3b971804815f12a40ce674a820e1c7f093a5f8ba79786041c29a65f4a7c3159","f5330d588eadb62282514a5689394e13532ef78265d3bb59b243b501c93ddd52"
"phase13-martj42-identity-map-v1","martj42","martj42-results-v1","29876d7819d78110327fa0b426f3863d09c62ad29419a557ebee0c5fafe54564","martj42-results","name:german dr",,"German DR","german dr","team_german_dr","NA","German DR",,"normalized_display_name","normalized_display_name_requires_review","pending_review","f3b971804815f12a40ce674a820e1c7f093a5f8ba79786041c29a65f4a7c3159","f17e6893a11a938298f411786ef12ddce508875be16e3f39395d926b2711863e"
"phase13-martj42-identity-map-v1","martj42","martj42-results-v1","29876d7819d78110327fa0b426f3863d09c62ad29419a557ebee0c5fafe54564","martj42-results","name:germany",,"Germany","germany","team_deu","GER","Germany","Germany|Deutschland","normalized_display_name","normalized_display_name_requires_review","pending_review","f3b971804815f12a40ce674a820e1c7f093a5f8ba79786041c29a65f4a7c3159","917ace0249c0de08cd2c1765d6ce0720974d627091a95bf755e4ce9b45d3e196"
"phase13-martj42-identity-map-v1","martj42","martj42-results-v1","29876d7819d78110327fa0b426f3863d09c62ad29419a557ebee0c5fafe54564","martj42-results","name:ghana",,"Ghana","ghana","team_gha","GHA","Ghana",,"normalized_display_name","normalized_display_name_requires_review","pending_review","f3b971804815f12a40ce674a820e1c7f093a5f8ba79786041c29a65f4a7c3159","b84280e81d2a1572d5b97662b5eacebb369f6a376c994de12075f40520bab3f9"
"phase13-martj42-identity-map-v1","martj42","martj42-results-v1","29876d7819d78110327fa0b426f3863d09c62ad29419a557ebee0c5fafe54564","martj42-results","name:gibraltar",,"Gibraltar","gibraltar","team_gibraltar","GIB","Gibraltar","Gibraltar","normalized_display_name","normalized_display_name_requires_review","pending_review","f3b971804815f12a40ce674a820e1c7f093a5f8ba79786041c29a65f4a7c3159","b427bd69d395d47a2b422b06c7bff0c3542a7433517f3443a6487ef46790d8b2"
"phase13-martj42-identity-map-v1","martj42","martj42-results-v1","29876d7819d78110327fa0b426f3863d09c62ad29419a557ebee0c5fafe54564","martj42-results","name:gotland",,"Gotland","gotland","team_gotland","NA","Gotland",,"normalized_display_name","normalized_display_name_requires_review","pending_review","f3b971804815f12a40ce674a820e1c7f093a5f8ba79786041c29a65f4a7c3159","9514f49b266c5111eea145d0597b087a2aded0f5021676435a7a77149d85f266"
"phase13-martj42-identity-map-v1","martj42","martj42-results-v1","29876d7819d78110327fa0b426f3863d09c62ad29419a557ebee0c5fafe54564","martj42-results","name:gozo",,"Gozo","gozo","team_gozo","NA","Gozo",,"normalized_display_name","normalized_display_name_requires_review","pending_review","f3b971804815f12a40ce674a820e1c7f093a5f8ba79786041c29a65f4a7c3159","7f26d401f9c8e2f9fbfc1904314c86d54c7225b7fe4f478124e96c7083ef66ee"
"phase13-martj42-identity-map-v1","martj42","martj42-results-v1","29876d7819d78110327fa0b426f3863d09c62ad29419a557ebee0c5fafe54564","martj42-results","name:greece",,"Greece","greece","team_gre","GRE","Greece","Greece","normalized_display_name","normalized_display_name_requires_review","pending_review","f3b971804815f12a40ce674a820e1c7f093a5f8ba79786041c29a65f4a7c3159","efc462ec2316efe4044d160c330968ad732742e5d3c057ce1c6f57f5f909da2c"
"phase13-martj42-identity-map-v1","martj42","martj42-results-v1","29876d7819d78110327fa0b426f3863d09c62ad29419a557ebee0c5fafe54564","martj42-results","name:greenland",,"Greenland","greenland","team_greenland","NA","Greenland",,"normalized_display_name","normalized_display_name_requires_review","pending_review","f3b971804815f12a40ce674a820e1c7f093a5f8ba79786041c29a65f4a7c3159","4351e81e5fc1459b6e4bf9739f5d5ebf730fd9899cfcf35e0d9ff9f772bf4e83"
"phase13-martj42-identity-map-v1","martj42","martj42-results-v1","29876d7819d78110327fa0b426f3863d09c62ad29419a557ebee0c5fafe54564","martj42-results","name:grenada",,"Grenada","grenada","team_grn","GRN","Grenada",,"normalized_display_name","normalized_display_name_requires_review","pending_review","f3b971804815f12a40ce674a820e1c7f093a5f8ba79786041c29a65f4a7c3159","e9237288ad552aa13e8cb1e9f5611813650c7ac10af47065c3c514e9b8314570"
"phase13-martj42-identity-map-v1","martj42","martj42-results-v1","29876d7819d78110327fa0b426f3863d09c62ad29419a557ebee0c5fafe54564","martj42-results","name:guadeloupe",,"Guadeloupe","guadeloupe","team_guadeloupe","NA","Guadeloupe",,"normalized_display_name","normalized_display_name_requires_review","pending_review","f3b971804815f12a40ce674a820e1c7f093a5f8ba79786041c29a65f4a7c3159","a2f509e6371cb7b65c46f1cfff91e751e1b711aedca807655dbd13b2fb78b0d1"
"phase13-martj42-identity-map-v1","martj42","martj42-results-v1","29876d7819d78110327fa0b426f3863d09c62ad29419a557ebee0c5fafe54564","martj42-results","name:guam",,"Guam","guam","team_gum","GUM","Guam",,"normalized_display_name","normalized_display_name_requires_review","pending_review","f3b971804815f12a40ce674a820e1c7f093a5f8ba79786041c29a65f4a7c3159","045713b8adc9d43f895de588abbf186d6f57356cd2fe0b9416944e72990f80d1"
"phase13-martj42-identity-map-v1","martj42","martj42-results-v1","29876d7819d78110327fa0b426f3863d09c62ad29419a557ebee0c5fafe54564","martj42-results","name:guatemala",,"Guatemala","guatemala","team_gua","GUA","Guatemala",,"normalized_display_name","normalized_display_name_requires_review","pending_review","f3b971804815f12a40ce674a820e1c7f093a5f8ba79786041c29a65f4a7c3159","31f219c93a0f2b230771460f64a5e24b0668d59282ed7c0bf6b45269aa60918b"
"phase13-martj42-identity-map-v1","martj42","martj42-results-v1","29876d7819d78110327fa0b426f3863d09c62ad29419a557ebee0c5fafe54564","martj42-results","name:guernsey",,"Guernsey","guernsey","team_guernsey","NA","Guernsey",,"normalized_display_name","normalized_display_name_requires_review","pending_review","f3b971804815f12a40ce674a820e1c7f093a5f8ba79786041c29a65f4a7c3159","507a588fea80e95371666136fcd67f9dc1a176bd80e6737d776050555e38a2fc"
"phase13-martj42-identity-map-v1","martj42","martj42-results-v1","29876d7819d78110327fa0b426f3863d09c62ad29419a557ebee0c5fafe54564","martj42-results","name:guinea",,"Guinea","guinea","team_gui","GUI","Guinea",,"normalized_display_name","normalized_display_name_requires_review","pending_review","f3b971804815f12a40ce674a820e1c7f093a5f8ba79786041c29a65f4a7c3159","f69aa68cb2c8a52f117020f9037033f3bad8bd0cbeeafd805c9c0def1720ee62"
"phase13-martj42-identity-map-v1","martj42","martj42-results-v1","29876d7819d78110327fa0b426f3863d09c62ad29419a557ebee0c5fafe54564","martj42-results","name:guinea bissau",,"Guinea-Bissau","guinea bissau","team_gnb","GNB","Guinea-Bissau",,"normalized_display_name","normalized_display_name_requires_review","pending_review","f3b971804815f12a40ce674a820e1c7f093a5f8ba79786041c29a65f4a7c3159","78e0ad64871d9cbd0ef7d999c6edc988d88d6ee19ab5735f2572da2cb61024f5"
"phase13-martj42-identity-map-v1","martj42","martj42-results-v1","29876d7819d78110327fa0b426f3863d09c62ad29419a557ebee0c5fafe54564","martj42-results","name:guyana",,"Guyana","guyana","team_guy","GUY","Guyana",,"normalized_display_name","normalized_display_name_requires_review","pending_review","f3b971804815f12a40ce674a820e1c7f093a5f8ba79786041c29a65f4a7c3159","73fb1b71fb134cdb74267828f476fd68b44dad2a865a40fd92b5107bf5414470"
"phase13-martj42-identity-map-v1","martj42","martj42-results-v1","29876d7819d78110327fa0b426f3863d09c62ad29419a557ebee0c5fafe54564","martj42-results","name:haiti",,"Haiti","haiti","team_hai","HAI","Haiti",,"normalized_display_name","normalized_display_name_requires_review","pending_review","f3b971804815f12a40ce674a820e1c7f093a5f8ba79786041c29a65f4a7c3159","0b78aac3e4c1f69a1a2401b50c81e73ff934ac0ef74437bff4145bdf11c8ee60"
"phase13-martj42-identity-map-v1","martj42","martj42-results-v1","29876d7819d78110327fa0b426f3863d09c62ad29419a557ebee0c5fafe54564","martj42-results","name:hitra",,"Hitra","hitra","team_hitra","NA","Hitra",,"normalized_display_name","normalized_display_name_requires_review","pending_review","f3b971804815f12a40ce674a820e1c7f093a5f8ba79786041c29a65f4a7c3159","69345b98e1f38aabf03f951ad325683a6e380c0b5fd63f10524292ba68a32b4c"
"phase13-martj42-identity-map-v1","martj42","martj42-results-v1","29876d7819d78110327fa0b426f3863d09c62ad29419a557ebee0c5fafe54564","martj42-results","name:hmong",,"Hmong","hmong","team_hmong","NA","Hmong",,"normalized_display_name","normalized_display_name_requires_review","pending_review","f3b971804815f12a40ce674a820e1c7f093a5f8ba79786041c29a65f4a7c3159","20997dd5b17c48628f3392cb9c95cce037a9586308ed56a02a1ed2a1386cc13f"
"phase13-martj42-identity-map-v1","martj42","martj42-results-v1","29876d7819d78110327fa0b426f3863d09c62ad29419a557ebee0c5fafe54564","martj42-results","name:honduras",,"Honduras","honduras","team_hon","HON","Honduras",,"normalized_display_name","normalized_display_name_requires_review","pending_review","f3b971804815f12a40ce674a820e1c7f093a5f8ba79786041c29a65f4a7c3159","68cb581173996890b9e5a0bdfef315eadd961fa057210e3c3593ce945ad1087d"
"phase13-martj42-identity-map-v1","martj42","martj42-results-v1","29876d7819d78110327fa0b426f3863d09c62ad29419a557ebee0c5fafe54564","martj42-results","name:hong kong",,"Hong Kong","hong kong","team_hkg","HKG","Hong Kong",,"normalized_display_name","normalized_display_name_requires_review","pending_review","f3b971804815f12a40ce674a820e1c7f093a5f8ba79786041c29a65f4a7c3159","c6315d4d8ce21281689016ba1069bedcd48e37d27c66e9adba8c3c6f40d071c1"
"phase13-martj42-identity-map-v1","martj42","martj42-results-v1","29876d7819d78110327fa0b426f3863d09c62ad29419a557ebee0c5fafe54564","martj42-results","name:hungary",,"Hungary","hungary","team_hun","HUN","Hungary","Hungary","normalized_display_name","normalized_display_name_requires_review","pending_review","f3b971804815f12a40ce674a820e1c7f093a5f8ba79786041c29a65f4a7c3159","1b80ceb15cdc67d988c80d8b8fc584b1b80d62ded7c3c2067c6caf45fc37160b"
"phase13-martj42-identity-map-v1","martj42","martj42-results-v1","29876d7819d78110327fa0b426f3863d09c62ad29419a557ebee0c5fafe54564","martj42-results","name:iceland",,"Iceland","iceland","team_isl","ISL","Iceland","Iceland","normalized_display_name","normalized_display_name_requires_review","pending_review","f3b971804815f12a40ce674a820e1c7f093a5f8ba79786041c29a65f4a7c3159","a11be6b5f688ee7e1005b1c38d5417cbacd0a4ef54dc43c1c49547052d1c2595"
"phase13-martj42-identity-map-v1","martj42","martj42-results-v1","29876d7819d78110327fa0b426f3863d09c62ad29419a557ebee0c5fafe54564","martj42-results","name:india",,"India","india","team_ind","IND","India",,"normalized_display_name","normalized_display_name_requires_review","pending_review","f3b971804815f12a40ce674a820e1c7f093a5f8ba79786041c29a65f4a7c3159","dcfef3fa39ae7f3b5026fa9dbc8a5b50b45fa1c230d43d64eebb5bde84b913c8"
"phase13-martj42-identity-map-v1","martj42","martj42-results-v1","29876d7819d78110327fa0b426f3863d09c62ad29419a557ebee0c5fafe54564","martj42-results","name:indonesia",,"Indonesia","indonesia","team_idn","IDN","Indonesia",,"normalized_display_name","normalized_display_name_requires_review","pending_review","f3b971804815f12a40ce674a820e1c7f093a5f8ba79786041c29a65f4a7c3159","354d30c0634095fb6c586c6a7d7547e4eb8a3f78e901bae5a0155fdd86fd4c96"
"phase13-martj42-identity-map-v1","martj42","martj42-results-v1","29876d7819d78110327fa0b426f3863d09c62ad29419a557ebee0c5fafe54564","martj42-results","name:iran",,"Iran","iran","team_irn","IRN","Iran",,"normalized_display_name","normalized_display_name_requires_review","pending_review","f3b971804815f12a40ce674a820e1c7f093a5f8ba79786041c29a65f4a7c3159","b26978ff419f8fb6a691688374d10d8ad593c40858818be28c70f97701c9f7d3"
"phase13-martj42-identity-map-v1","martj42","martj42-results-v1","29876d7819d78110327fa0b426f3863d09c62ad29419a557ebee0c5fafe54564","martj42-results","name:iraq",,"Iraq","iraq","team_irq","IRQ","Iraq",,"normalized_display_name","normalized_display_name_requires_review","pending_review","f3b971804815f12a40ce674a820e1c7f093a5f8ba79786041c29a65f4a7c3159","65bd4f6e789bd0f0aaa494eb18ba555547c48c40f65de32b5176a960c19f2576"
"phase13-martj42-identity-map-v1","martj42","martj42-results-v1","29876d7819d78110327fa0b426f3863d09c62ad29419a557ebee0c5fafe54564","martj42-results","name:iraqi kurdistan",,"Iraqi Kurdistan","iraqi kurdistan","team_iraqi_kurdistan","NA","Iraqi Kurdistan",,"normalized_display_name","normalized_display_name_requires_review","pending_review","f3b971804815f12a40ce674a820e1c7f093a5f8ba79786041c29a65f4a7c3159","180b2438705c1ba11ddc029cad8a0e056b236d1ccc0681f7e7b46701c4a2510a"
"phase13-martj42-identity-map-v1","martj42","martj42-results-v1","29876d7819d78110327fa0b426f3863d09c62ad29419a557ebee0c5fafe54564","martj42-results","name:isle of man",,"Isle of Man","isle of man","team_isle_of_man","NA","Isle of Man",,"normalized_display_name","normalized_display_name_requires_review","pending_review","f3b971804815f12a40ce674a820e1c7f093a5f8ba79786041c29a65f4a7c3159","89abff35d97bc12237ae2a674292cbd9a972014562fbca42760fd7061dad2d8e"
"phase13-martj42-identity-map-v1","martj42","martj42-results-v1","29876d7819d78110327fa0b426f3863d09c62ad29419a557ebee0c5fafe54564","martj42-results","name:isle of wight",,"Isle of Wight","isle of wight","team_isle_of_wight","NA","Isle of Wight",,"normalized_display_name","normalized_display_name_requires_review","pending_review","f3b971804815f12a40ce674a820e1c7f093a5f8ba79786041c29a65f4a7c3159","6fa77680344f3be085e31d28577bba321c344cbae9ab8a4cc3a1e990e23cef97"
"phase13-martj42-identity-map-v1","martj42","martj42-results-v1","29876d7819d78110327fa0b426f3863d09c62ad29419a557ebee0c5fafe54564","martj42-results","name:israel",,"Israel","israel","team_isr","ISR","Israel","Israel","normalized_display_name","normalized_display_name_requires_review","pending_review","f3b971804815f12a40ce674a820e1c7f093a5f8ba79786041c29a65f4a7c3159","399f22741015aaf3fc0d6cd919a82b1b2e40d6c14131b44588497fe080af77f1"
"phase13-martj42-identity-map-v1","martj42","martj42-results-v1","29876d7819d78110327fa0b426f3863d09c62ad29419a557ebee0c5fafe54564","martj42-results","name:italy",,"Italy","italy","team_ita","ITA","Italy","Italy","normalized_display_name","normalized_display_name_requires_review","pending_review","f3b971804815f12a40ce674a820e1c7f093a5f8ba79786041c29a65f4a7c3159","61fc66e5d2aeba11c061b799a36525eedb2e7fe16f9b36d179eb68689601cfd5"
"phase13-martj42-identity-map-v1","martj42","martj42-results-v1","29876d7819d78110327fa0b426f3863d09c62ad29419a557ebee0c5fafe54564","martj42-results","name:ivory coast",,"Ivory Coast","ivory coast","team_civ","CIV","Ivory Coast",,"normalized_display_name","normalized_display_name_requires_review","pending_review","f3b971804815f12a40ce674a820e1c7f093a5f8ba79786041c29a65f4a7c3159","ae588e7012ea0e5ba2bdb2a56510cb18217bd59db1a54cfeb2977d18a70a500c"
"phase13-martj42-identity-map-v1","martj42","martj42-results-v1","29876d7819d78110327fa0b426f3863d09c62ad29419a557ebee0c5fafe54564","martj42-results","name:jamaica",,"Jamaica","jamaica","team_jam","JAM","Jamaica",,"normalized_display_name","normalized_display_name_requires_review","pending_review","f3b971804815f12a40ce674a820e1c7f093a5f8ba79786041c29a65f4a7c3159","f0dd8a92f15d55f2e115583389f4e459ffd3975c8594b046ef26e9ee1cd4d558"
"phase13-martj42-identity-map-v1","martj42","martj42-results-v1","29876d7819d78110327fa0b426f3863d09c62ad29419a557ebee0c5fafe54564","martj42-results","name:japan",,"Japan","japan","team_jpn","JPN","Japan",,"normalized_display_name","normalized_display_name_requires_review","pending_review","f3b971804815f12a40ce674a820e1c7f093a5f8ba79786041c29a65f4a7c3159","50143d5e3d24a5051ecd3b45d447c4188f4626b21d9dc9fcde6ecb335ee2f198"
"phase13-martj42-identity-map-v1","martj42","martj42-results-v1","29876d7819d78110327fa0b426f3863d09c62ad29419a557ebee0c5fafe54564","martj42-results","name:jersey",,"Jersey","jersey","team_jersey","NA","Jersey",,"normalized_display_name","normalized_display_name_requires_review","pending_review","f3b971804815f12a40ce674a820e1c7f093a5f8ba79786041c29a65f4a7c3159","6552c27b212b93c12946d490d54b73970632bbc7160effbcad30ffe8d83fb352"
"phase13-martj42-identity-map-v1","martj42","martj42-results-v1","29876d7819d78110327fa0b426f3863d09c62ad29419a557ebee0c5fafe54564","martj42-results","name:jordan",,"Jordan","jordan","team_jor","JOR","Jordan",,"normalized_display_name","normalized_display_name_requires_review","pending_review","f3b971804815f12a40ce674a820e1c7f093a5f8ba79786041c29a65f4a7c3159","4435fe388341711ddabc2763531d2ef2d88947b5f561509db46acd4de8c43946"
"phase13-martj42-identity-map-v1","martj42","martj42-results-v1","29876d7819d78110327fa0b426f3863d09c62ad29419a557ebee0c5fafe54564","martj42-results","name:k arp atalja",,"Kárpátalja","k arp atalja","team_k_arp_atalja","NA","Kárpátalja",,"normalized_display_name","normalized_display_name_requires_review","pending_review","f3b971804815f12a40ce674a820e1c7f093a5f8ba79786041c29a65f4a7c3159","0f8d5be2d4143378f2c507e5bb46c7ba18c299f0b6662a63cb83bbbdf4eca6b0"
"phase13-martj42-identity-map-v1","martj42","martj42-results-v1","29876d7819d78110327fa0b426f3863d09c62ad29419a557ebee0c5fafe54564","martj42-results","name:kabylia",,"Kabylia","kabylia","team_kabylia","NA","Kabylia",,"normalized_display_name","normalized_display_name_requires_review","pending_review","f3b971804815f12a40ce674a820e1c7f093a5f8ba79786041c29a65f4a7c3159","467c9412bb1f2854cdd333535a3470beb7d2dab435a6f1cba706e160ed1a5ddb"
"phase13-martj42-identity-map-v1","martj42","martj42-results-v1","29876d7819d78110327fa0b426f3863d09c62ad29419a557ebee0c5fafe54564","martj42-results","name:kazakhstan",,"Kazakhstan","kazakhstan","team_kaz","KAZ","Kazakhstan","Kazakhstan","normalized_display_name","normalized_display_name_requires_review","pending_review","f3b971804815f12a40ce674a820e1c7f093a5f8ba79786041c29a65f4a7c3159","aeecdfe2877c7726ec81e265bfd71c0eaf63a31edc942f316997685898ebfa70"
"phase13-martj42-identity-map-v1","martj42","martj42-results-v1","29876d7819d78110327fa0b426f3863d09c62ad29419a557ebee0c5fafe54564","martj42-results","name:kenya",,"Kenya","kenya","team_ken","KEN","Kenya",,"normalized_display_name","normalized_display_name_requires_review","pending_review","f3b971804815f12a40ce674a820e1c7f093a5f8ba79786041c29a65f4a7c3159","7f3efb1a32f426fefc38f32fee5ff5a6db5af34e3a907de4616fd31c51d59aa7"
"phase13-martj42-identity-map-v1","martj42","martj42-results-v1","29876d7819d78110327fa0b426f3863d09c62ad29419a557ebee0c5fafe54564","martj42-results","name:kernow",,"Kernow","kernow","team_kernow","NA","Kernow",,"normalized_display_name","normalized_display_name_requires_review","pending_review","f3b971804815f12a40ce674a820e1c7f093a5f8ba79786041c29a65f4a7c3159","bd5bff582581d8095272706407a4a1fbf5ec3bffe6900c271f4f932cc50a3e1b"
"phase13-martj42-identity-map-v1","martj42","martj42-results-v1","29876d7819d78110327fa0b426f3863d09c62ad29419a557ebee0c5fafe54564","martj42-results","name:kiribati",,"Kiribati","kiribati","team_kiribati","NA","Kiribati",,"normalized_display_name","normalized_display_name_requires_review","pending_review","f3b971804815f12a40ce674a820e1c7f093a5f8ba79786041c29a65f4a7c3159","7939f795f8f3ef5fc6d9a6e53ec3efa92c5d3536bbf7decb5ef2ff4ffb073fcc"
"phase13-martj42-identity-map-v1","martj42","martj42-results-v1","29876d7819d78110327fa0b426f3863d09c62ad29419a557ebee0c5fafe54564","martj42-results","name:kosovo",,"Kosovo","kosovo","team_kvx","KVX","Kosovo","Kosovo","normalized_display_name","normalized_display_name_requires_review","pending_review","f3b971804815f12a40ce674a820e1c7f093a5f8ba79786041c29a65f4a7c3159","7706ebbba2e14c8d3b173e4ba1bd3fe017af9876d5f47f2227709d56b623422a"
"phase13-martj42-identity-map-v1","martj42","martj42-results-v1","29876d7819d78110327fa0b426f3863d09c62ad29419a557ebee0c5fafe54564","martj42-results","name:kurdistan",,"Kurdistan","kurdistan","team_kurdistan","NA","Kurdistan",,"normalized_display_name","normalized_display_name_requires_review","pending_review","f3b971804815f12a40ce674a820e1c7f093a5f8ba79786041c29a65f4a7c3159","241faedbf3695fb14b46c883240030f36dc2ff4dc76aa8aaad2ed76eb66df999"
"phase13-martj42-identity-map-v1","martj42","martj42-results-v1","29876d7819d78110327fa0b426f3863d09c62ad29419a557ebee0c5fafe54564","martj42-results","name:kuwait",,"Kuwait","kuwait","team_kuw","KUW","Kuwait",,"normalized_display_name","normalized_display_name_requires_review","pending_review","f3b971804815f12a40ce674a820e1c7f093a5f8ba79786041c29a65f4a7c3159","da2eb55675d51f9c0c34ea31521b2e5055bdb7ffd48f0c285ccdd810b9f01de1"
"phase13-martj42-identity-map-v1","martj42","martj42-results-v1","29876d7819d78110327fa0b426f3863d09c62ad29419a557ebee0c5fafe54564","martj42-results","name:kyrgyzstan",,"Kyrgyzstan","kyrgyzstan","team_kgz","KGZ","Kyrgyzstan",,"normalized_display_name","normalized_display_name_requires_review","pending_review","f3b971804815f12a40ce674a820e1c7f093a5f8ba79786041c29a65f4a7c3159","7bf0fb2478971b6d5912bc975ef8c3432775c46d8b63510022b729685f6fd31b"
"phase13-martj42-identity-map-v1","martj42","martj42-results-v1","29876d7819d78110327fa0b426f3863d09c62ad29419a557ebee0c5fafe54564","martj42-results","name:laos",,"Laos","laos","team_lao","LAO","Laos",,"normalized_display_name","normalized_display_name_requires_review","pending_review","f3b971804815f12a40ce674a820e1c7f093a5f8ba79786041c29a65f4a7c3159","471a7ad93b1a1f3bee73874141215fcfd7974eb3c777f33ad5b3b261c09f9120"
"phase13-martj42-identity-map-v1","martj42","martj42-results-v1","29876d7819d78110327fa0b426f3863d09c62ad29419a557ebee0c5fafe54564","martj42-results","name:latvia",,"Latvia","latvia","team_lva","LVA","Latvia","Latvia","normalized_display_name","normalized_display_name_requires_review","pending_review","f3b971804815f12a40ce674a820e1c7f093a5f8ba79786041c29a65f4a7c3159","fa9061fee599d15d1bf385e8f0bfe4cf3c2c9557347440bd61711aeeb7112256"
"phase13-martj42-identity-map-v1","martj42","martj42-results-v1","29876d7819d78110327fa0b426f3863d09c62ad29419a557ebee0c5fafe54564","martj42-results","name:lebanon",,"Lebanon","lebanon","team_lbn","LBN","Lebanon",,"normalized_display_name","normalized_display_name_requires_review","pending_review","f3b971804815f12a40ce674a820e1c7f093a5f8ba79786041c29a65f4a7c3159","65f744666a0f29981eb70b26fcbebcf097416e232a5f293ab4a08d2173e0269c"
"phase13-martj42-identity-map-v1","martj42","martj42-results-v1","29876d7819d78110327fa0b426f3863d09c62ad29419a557ebee0c5fafe54564","martj42-results","name:lesotho",,"Lesotho","lesotho","team_les","LES","Lesotho",,"normalized_display_name","normalized_display_name_requires_review","pending_review","f3b971804815f12a40ce674a820e1c7f093a5f8ba79786041c29a65f4a7c3159","a04c5239c72f13c24bc30356ab78fbd2b1116c4c25266cf246231f3dbbea1e7b"
"phase13-martj42-identity-map-v1","martj42","martj42-results-v1","29876d7819d78110327fa0b426f3863d09c62ad29419a557ebee0c5fafe54564","martj42-results","name:liberia",,"Liberia","liberia","team_lbr","LBR","Liberia",,"normalized_display_name","normalized_display_name_requires_review","pending_review","f3b971804815f12a40ce674a820e1c7f093a5f8ba79786041c29a65f4a7c3159","0761ede3c615657411ffbbc474590c5fc96d3fefe2925a39176a9c065c712708"
"phase13-martj42-identity-map-v1","martj42","martj42-results-v1","29876d7819d78110327fa0b426f3863d09c62ad29419a557ebee0c5fafe54564","martj42-results","name:libya",,"Libya","libya","team_lby","LBY","Libya",,"normalized_display_name","normalized_display_name_requires_review","pending_review","f3b971804815f12a40ce674a820e1c7f093a5f8ba79786041c29a65f4a7c3159","d157f21a19cffcbf2a9b5c3cd0050cb2feb8ddc9e556f4a204b7fab0bdc79acb"
"phase13-martj42-identity-map-v1","martj42","martj42-results-v1","29876d7819d78110327fa0b426f3863d09c62ad29419a557ebee0c5fafe54564","martj42-results","name:liechtenstein",,"Liechtenstein","liechtenstein","team_lie","LIE","Liechtenstein","Liechtenstein","normalized_display_name","normalized_display_name_requires_review","pending_review","f3b971804815f12a40ce674a820e1c7f093a5f8ba79786041c29a65f4a7c3159","4211b9659a578ce4c9b088583b264ecd35c0df3524f6a481258536a0df16d822"
"phase13-martj42-identity-map-v1","martj42","martj42-results-v1","29876d7819d78110327fa0b426f3863d09c62ad29419a557ebee0c5fafe54564","martj42-results","name:lithuania",,"Lithuania","lithuania","team_ltu","LTU","Lithuania","Lithuania","normalized_display_name","normalized_display_name_requires_review","pending_review","f3b971804815f12a40ce674a820e1c7f093a5f8ba79786041c29a65f4a7c3159","659c72a625352359163585915636602befe3bd77ad34716394b43701e86805ca"
"phase13-martj42-identity-map-v1","martj42","martj42-results-v1","29876d7819d78110327fa0b426f3863d09c62ad29419a557ebee0c5fafe54564","martj42-results","name:luhansk pr",,"Luhansk PR","luhansk pr","team_luhansk_pr","NA","Luhansk PR",,"normalized_display_name","normalized_display_name_requires_review","pending_review","f3b971804815f12a40ce674a820e1c7f093a5f8ba79786041c29a65f4a7c3159","f7f624f0aa9807b3717d7d6b28d494e8192573972751e7dad726c562856692f3"
"phase13-martj42-identity-map-v1","martj42","martj42-results-v1","29876d7819d78110327fa0b426f3863d09c62ad29419a557ebee0c5fafe54564","martj42-results","name:luxembourg",,"Luxembourg","luxembourg","team_lux","LUX","Luxembourg","Luxembourg","normalized_display_name","normalized_display_name_requires_review","pending_review","f3b971804815f12a40ce674a820e1c7f093a5f8ba79786041c29a65f4a7c3159","346da0499e7318f32a6d79d95a1062fdc676da8193150a0a4a2493e425ee8093"
"phase13-martj42-identity-map-v1","martj42","martj42-results-v1","29876d7819d78110327fa0b426f3863d09c62ad29419a557ebee0c5fafe54564","martj42-results","name:macau",,"Macau","macau","team_macau","NA","Macau",,"normalized_display_name","normalized_display_name_requires_review","pending_review","f3b971804815f12a40ce674a820e1c7f093a5f8ba79786041c29a65f4a7c3159","f42aee59cb0b83e96f98f4e9f318e914c8082e02574f3205eb6dfc04b7509a51"
"phase13-martj42-identity-map-v1","martj42","martj42-results-v1","29876d7819d78110327fa0b426f3863d09c62ad29419a557ebee0c5fafe54564","martj42-results","name:madagascar",,"Madagascar","madagascar","team_mad","MAD","Madagascar",,"normalized_display_name","normalized_display_name_requires_review","pending_review","f3b971804815f12a40ce674a820e1c7f093a5f8ba79786041c29a65f4a7c3159","0aa9e7943e48cc155732d9f8c69f3a024d56bdff9aea37057117c3dadb5d6f90"
"phase13-martj42-identity-map-v1","martj42","martj42-results-v1","29876d7819d78110327fa0b426f3863d09c62ad29419a557ebee0c5fafe54564","martj42-results","name:madrid",,"Madrid","madrid","team_madrid","NA","Madrid",,"normalized_display_name","normalized_display_name_requires_review","pending_review","f3b971804815f12a40ce674a820e1c7f093a5f8ba79786041c29a65f4a7c3159","32835026f39938e38025b56a6b13b2dbe794026c9453c3a3ebade7c9b660f944"
"phase13-martj42-identity-map-v1","martj42","martj42-results-v1","29876d7819d78110327fa0b426f3863d09c62ad29419a557ebee0c5fafe54564","martj42-results","name:malawi",,"Malawi","malawi","team_mwi","MWI","Malawi",,"normalized_display_name","normalized_display_name_requires_review","pending_review","f3b971804815f12a40ce674a820e1c7f093a5f8ba79786041c29a65f4a7c3159","a954a67d449669b9f6ba9ea4c43cc3f4edcfbb2935106905cc1d520cc5576954"
"phase13-martj42-identity-map-v1","martj42","martj42-results-v1","29876d7819d78110327fa0b426f3863d09c62ad29419a557ebee0c5fafe54564","martj42-results","name:malaysia",,"Malaysia","malaysia","team_mas","MAS","Malaysia",,"normalized_display_name","normalized_display_name_requires_review","pending_review","f3b971804815f12a40ce674a820e1c7f093a5f8ba79786041c29a65f4a7c3159","ba34236529c29d44e4c23fe08be1f81ff9cdc4baa4156575bbfc6a293308b80f"
"phase13-martj42-identity-map-v1","martj42","martj42-results-v1","29876d7819d78110327fa0b426f3863d09c62ad29419a557ebee0c5fafe54564","martj42-results","name:maldives",,"Maldives","maldives","team_mdv","MDV","Maldives",,"normalized_display_name","normalized_display_name_requires_review","pending_review","f3b971804815f12a40ce674a820e1c7f093a5f8ba79786041c29a65f4a7c3159","916e15a39762c963c16005c6a06cb73d956d3bb96c449c28ad8b61eae242f6ca"
"phase13-martj42-identity-map-v1","martj42","martj42-results-v1","29876d7819d78110327fa0b426f3863d09c62ad29419a557ebee0c5fafe54564","martj42-results","name:mali",,"Mali","mali","team_mli","MLI","Mali",,"normalized_display_name","normalized_display_name_requires_review","pending_review","f3b971804815f12a40ce674a820e1c7f093a5f8ba79786041c29a65f4a7c3159","e270d16794b24195569f4cb80654f196d0a88a3873e176042049272bdfc3f5d4"
"phase13-martj42-identity-map-v1","martj42","martj42-results-v1","29876d7819d78110327fa0b426f3863d09c62ad29419a557ebee0c5fafe54564","martj42-results","name:malta",,"Malta","malta","team_mlt","MLT","Malta","Malta","normalized_display_name","normalized_display_name_requires_review","pending_review","f3b971804815f12a40ce674a820e1c7f093a5f8ba79786041c29a65f4a7c3159","a8d4080a59110e567967374050c3176d045821479e9a70c7c33e810bf3245cdc"
"phase13-martj42-identity-map-v1","martj42","martj42-results-v1","29876d7819d78110327fa0b426f3863d09c62ad29419a557ebee0c5fafe54564","martj42-results","name:manchukuo",,"Manchukuo","manchukuo","team_manchukuo","NA","Manchukuo",,"normalized_display_name","normalized_display_name_requires_review","pending_review","f3b971804815f12a40ce674a820e1c7f093a5f8ba79786041c29a65f4a7c3159","a5fe0938ca79afa185b05971932b7ab3b9d32c60be792d4f963ae606471b92bc"
"phase13-martj42-identity-map-v1","martj42","martj42-results-v1","29876d7819d78110327fa0b426f3863d09c62ad29419a557ebee0c5fafe54564","martj42-results","name:mapuche",,"Mapuche","mapuche","team_mapuche","NA","Mapuche",,"normalized_display_name","normalized_display_name_requires_review","pending_review","f3b971804815f12a40ce674a820e1c7f093a5f8ba79786041c29a65f4a7c3159","c2244f183c7ef54e6badc842526d440141aa4509f287bd8be6da7314baeb5882"
"phase13-martj42-identity-map-v1","martj42","martj42-results-v1","29876d7819d78110327fa0b426f3863d09c62ad29419a557ebee0c5fafe54564","martj42-results","name:marshall islands",,"Marshall Islands","marshall islands","team_marshall_islands","NA","Marshall Islands",,"normalized_display_name","normalized_display_name_requires_review","pending_review","f3b971804815f12a40ce674a820e1c7f093a5f8ba79786041c29a65f4a7c3159","4611d48ade1854f034de960877dcb5f1cae1aa1538edc9b150414c17b28fda2c"
"phase13-martj42-identity-map-v1","martj42","martj42-results-v1","29876d7819d78110327fa0b426f3863d09c62ad29419a557ebee0c5fafe54564","martj42-results","name:martinique",,"Martinique","martinique","team_martinique","NA","Martinique",,"normalized_display_name","normalized_display_name_requires_review","pending_review","f3b971804815f12a40ce674a820e1c7f093a5f8ba79786041c29a65f4a7c3159","976b289fcf14cbb886ddaa0dfa4e93b6cabcd7fdc9dc8672c542aa1bf1d4e3b0"
"phase13-martj42-identity-map-v1","martj42","martj42-results-v1","29876d7819d78110327fa0b426f3863d09c62ad29419a557ebee0c5fafe54564","martj42-results","name:matabeleland",,"Matabeleland","matabeleland","team_matabeleland","NA","Matabeleland",,"normalized_display_name","normalized_display_name_requires_review","pending_review","f3b971804815f12a40ce674a820e1c7f093a5f8ba79786041c29a65f4a7c3159","661d5b160445ae6e48888acb1760d5743bc2afb500a2a465525b54df662c4ee6"
"phase13-martj42-identity-map-v1","martj42","martj42-results-v1","29876d7819d78110327fa0b426f3863d09c62ad29419a557ebee0c5fafe54564","martj42-results","name:maule sur",,"Maule Sur","maule sur","team_maule_sur","NA","Maule Sur",,"normalized_display_name","normalized_display_name_requires_review","pending_review","f3b971804815f12a40ce674a820e1c7f093a5f8ba79786041c29a65f4a7c3159","a47ccf56eca3454d4c972f1161f9574cc49d0f2aa49aca17955155279621d354"
"phase13-martj42-identity-map-v1","martj42","martj42-results-v1","29876d7819d78110327fa0b426f3863d09c62ad29419a557ebee0c5fafe54564","martj42-results","name:mauritania",,"Mauritania","mauritania","team_mtn","MTN","Mauritania",,"normalized_display_name","normalized_display_name_requires_review","pending_review","f3b971804815f12a40ce674a820e1c7f093a5f8ba79786041c29a65f4a7c3159","bcefeb8d81c740624899c9b9022bf3640dbe7ffb69ab70ef0ae63e5dae945a7e"
"phase13-martj42-identity-map-v1","martj42","martj42-results-v1","29876d7819d78110327fa0b426f3863d09c62ad29419a557ebee0c5fafe54564","martj42-results","name:mauritius",,"Mauritius","mauritius","team_mur","MUR","Mauritius",,"normalized_display_name","normalized_display_name_requires_review","pending_review","f3b971804815f12a40ce674a820e1c7f093a5f8ba79786041c29a65f4a7c3159","1858115b02a8a7e3bf9bc53702242ad8d0378e4f91d0fc4269912fcd72f101ac"
"phase13-martj42-identity-map-v1","martj42","martj42-results-v1","29876d7819d78110327fa0b426f3863d09c62ad29419a557ebee0c5fafe54564","martj42-results","name:mayotte",,"Mayotte","mayotte","team_mayotte","NA","Mayotte",,"normalized_display_name","normalized_display_name_requires_review","pending_review","f3b971804815f12a40ce674a820e1c7f093a5f8ba79786041c29a65f4a7c3159","69ea1283bc5bec0b95405d58386718e261e57c6d5a22101af804acb4e09705bb"
"phase13-martj42-identity-map-v1","martj42","martj42-results-v1","29876d7819d78110327fa0b426f3863d09c62ad29419a557ebee0c5fafe54564","martj42-results","name:menorca",,"Menorca","menorca","team_menorca","NA","Menorca",,"normalized_display_name","normalized_display_name_requires_review","pending_review","f3b971804815f12a40ce674a820e1c7f093a5f8ba79786041c29a65f4a7c3159","61cebe34d03d32a1181fb74e8679c8cbce799213ddac179516eb564e4273a63a"
"phase13-martj42-identity-map-v1","martj42","martj42-results-v1","29876d7819d78110327fa0b426f3863d09c62ad29419a557ebee0c5fafe54564","martj42-results","name:mexico",,"Mexico","mexico","team_mex","MEX","Mexico",,"normalized_display_name","normalized_display_name_requires_review","pending_review","f3b971804815f12a40ce674a820e1c7f093a5f8ba79786041c29a65f4a7c3159","ab8591cd5324a77a3ae06506b7eedcd6782bdd2763c2cb806b44fa1ad70fe2be"
"phase13-martj42-identity-map-v1","martj42","martj42-results-v1","29876d7819d78110327fa0b426f3863d09c62ad29419a557ebee0c5fafe54564","martj42-results","name:micronesia",,"Micronesia","micronesia","team_micronesia","NA","Micronesia",,"normalized_display_name","normalized_display_name_requires_review","pending_review","f3b971804815f12a40ce674a820e1c7f093a5f8ba79786041c29a65f4a7c3159","f8658bb52d148f0422aeea216d895aa713b1cbb2ae7b5981addf54bcb176fbcb"
"phase13-martj42-identity-map-v1","martj42","martj42-results-v1","29876d7819d78110327fa0b426f3863d09c62ad29419a557ebee0c5fafe54564","martj42-results","name:moldova",,"Moldova","moldova","team_mda","MDA","Moldova","Moldova","normalized_display_name","normalized_display_name_requires_review","pending_review","f3b971804815f12a40ce674a820e1c7f093a5f8ba79786041c29a65f4a7c3159","1b68033859e9989e665f965b365134bce6184c26f4d369671a8ddec42abe9ce5"
"phase13-martj42-identity-map-v1","martj42","martj42-results-v1","29876d7819d78110327fa0b426f3863d09c62ad29419a557ebee0c5fafe54564","martj42-results","name:monaco",,"Monaco","monaco","team_monaco","NA","Monaco",,"normalized_display_name","normalized_display_name_requires_review","pending_review","f3b971804815f12a40ce674a820e1c7f093a5f8ba79786041c29a65f4a7c3159","93424d529af8ac1376cba8c7e0d7e1e01aae02f0d49cd35de20a87a9c33f921d"
"phase13-martj42-identity-map-v1","martj42","martj42-results-v1","29876d7819d78110327fa0b426f3863d09c62ad29419a557ebee0c5fafe54564","martj42-results","name:mongolia",,"Mongolia","mongolia","team_mgl","MGL","Mongolia",,"normalized_display_name","normalized_display_name_requires_review","pending_review","f3b971804815f12a40ce674a820e1c7f093a5f8ba79786041c29a65f4a7c3159","6b0e341148c06e6e7bfc55e4acf611b63273bbb908bcf229bdbcf5f7c17448df"
"phase13-martj42-identity-map-v1","martj42","martj42-results-v1","29876d7819d78110327fa0b426f3863d09c62ad29419a557ebee0c5fafe54564","martj42-results","name:montenegro",,"Montenegro","montenegro","team_mne","MNE","Montenegro","Montenegro","normalized_display_name","normalized_display_name_requires_review","pending_review","f3b971804815f12a40ce674a820e1c7f093a5f8ba79786041c29a65f4a7c3159","ebc0436848d47af28a9b0a2bc3033125c2ca854b5613525d94d51fb630d36878"
"phase13-martj42-identity-map-v1","martj42","martj42-results-v1","29876d7819d78110327fa0b426f3863d09c62ad29419a557ebee0c5fafe54564","martj42-results","name:montserrat",,"Montserrat","montserrat","team_montserrat","NA","Montserrat",,"normalized_display_name","normalized_display_name_requires_review","pending_review","f3b971804815f12a40ce674a820e1c7f093a5f8ba79786041c29a65f4a7c3159","f78da4d7e3b1f93bd146339d8a5eafeb7b58f080659f6445d1f5f6bf81eaaef4"
"phase13-martj42-identity-map-v1","martj42","martj42-results-v1","29876d7819d78110327fa0b426f3863d09c62ad29419a557ebee0c5fafe54564","martj42-results","name:morocco",,"Morocco","morocco","team_mar","MAR","Morocco",,"normalized_display_name","normalized_display_name_requires_review","pending_review","f3b971804815f12a40ce674a820e1c7f093a5f8ba79786041c29a65f4a7c3159","27f30fc63c55a652bc2f7279de67e694ad4635e51f003c2337d59176b36a1168"
"phase13-martj42-identity-map-v1","martj42","martj42-results-v1","29876d7819d78110327fa0b426f3863d09c62ad29419a557ebee0c5fafe54564","martj42-results","name:mozambique",,"Mozambique","mozambique","team_moz","MOZ","Mozambique",,"normalized_display_name","normalized_display_name_requires_review","pending_review","f3b971804815f12a40ce674a820e1c7f093a5f8ba79786041c29a65f4a7c3159","836c78f9080ad605996b34d4e4c2c4965eacff1f3c881335e5b9d9ab0b39921a"
"phase13-martj42-identity-map-v1","martj42","martj42-results-v1","29876d7819d78110327fa0b426f3863d09c62ad29419a557ebee0c5fafe54564","martj42-results","name:myanmar",,"Myanmar","myanmar","team_mya","MYA","Myanmar",,"normalized_display_name","normalized_display_name_requires_review","pending_review","f3b971804815f12a40ce674a820e1c7f093a5f8ba79786041c29a65f4a7c3159","2dfcda3a297423eccc1b45dab35add43c67faf862272bd91dadc819bd3281982"
"phase13-martj42-identity-map-v1","martj42","martj42-results-v1","29876d7819d78110327fa0b426f3863d09c62ad29419a557ebee0c5fafe54564","martj42-results","name:namibia",,"Namibia","namibia","team_nam","NAM","Namibia",,"normalized_display_name","normalized_display_name_requires_review","pending_review","f3b971804815f12a40ce674a820e1c7f093a5f8ba79786041c29a65f4a7c3159","519a7786ca60b216f1a4b3e0c8a90c16a70ab46512453c22903f26ee1d5dda3c"
"phase13-martj42-identity-map-v1","martj42","martj42-results-v1","29876d7819d78110327fa0b426f3863d09c62ad29419a557ebee0c5fafe54564","martj42-results","name:nepal",,"Nepal","nepal","team_nep","NEP","Nepal",,"normalized_display_name","normalized_display_name_requires_review","pending_review","f3b971804815f12a40ce674a820e1c7f093a5f8ba79786041c29a65f4a7c3159","31f04eea01b1fe0ceacec7fa3c390edcaff1ee50ffbe86d4356c10c2f776a0f6"
"phase13-martj42-identity-map-v1","martj42","martj42-results-v1","29876d7819d78110327fa0b426f3863d09c62ad29419a557ebee0c5fafe54564","martj42-results","name:netherlands",,"Netherlands","netherlands","team_ned","NED","Netherlands","Netherlands","normalized_display_name","normalized_display_name_requires_review","pending_review","f3b971804815f12a40ce674a820e1c7f093a5f8ba79786041c29a65f4a7c3159","50dd8f2c53634853a81ea3a0193b421abe751b9b241f71d856f20d266d72ba58"
"phase13-martj42-identity-map-v1","martj42","martj42-results-v1","29876d7819d78110327fa0b426f3863d09c62ad29419a557ebee0c5fafe54564","martj42-results","name:new caledonia",,"New Caledonia","new caledonia","team_ncl","NCL","New Caledonia",,"normalized_display_name","normalized_display_name_requires_review","pending_review","f3b971804815f12a40ce674a820e1c7f093a5f8ba79786041c29a65f4a7c3159","9391b3384849ca157efbf4e08c2f1629129d862cbde0767fcf702ceb4a612dee"
"phase13-martj42-identity-map-v1","martj42","martj42-results-v1","29876d7819d78110327fa0b426f3863d09c62ad29419a557ebee0c5fafe54564","martj42-results","name:new zealand",,"New Zealand","new zealand","team_nzl","NZL","New Zealand",,"normalized_display_name","normalized_display_name_requires_review","pending_review","f3b971804815f12a40ce674a820e1c7f093a5f8ba79786041c29a65f4a7c3159","52baee058e286cdc30a44d35c21c91121f0642e67104020548630e6262c62629"
"phase13-martj42-identity-map-v1","martj42","martj42-results-v1","29876d7819d78110327fa0b426f3863d09c62ad29419a557ebee0c5fafe54564","martj42-results","name:nicaragua",,"Nicaragua","nicaragua","team_nca","NCA","Nicaragua",,"normalized_display_name","normalized_display_name_requires_review","pending_review","f3b971804815f12a40ce674a820e1c7f093a5f8ba79786041c29a65f4a7c3159","f6f6ec525935fe9efc80a98088f089612560ba1caefb2e3d9b2a4d3a69c0f8f6"
"phase13-martj42-identity-map-v1","martj42","martj42-results-v1","29876d7819d78110327fa0b426f3863d09c62ad29419a557ebee0c5fafe54564","martj42-results","name:niger",,"Niger","niger","team_nig","NIG","Niger",,"normalized_display_name","normalized_display_name_requires_review","pending_review","f3b971804815f12a40ce674a820e1c7f093a5f8ba79786041c29a65f4a7c3159","ee7f1dcbeefb42794070bd94d805aebbd9a1ef8ace279cf7e7b162b4c5878457"
"phase13-martj42-identity-map-v1","martj42","martj42-results-v1","29876d7819d78110327fa0b426f3863d09c62ad29419a557ebee0c5fafe54564","martj42-results","name:nigeria",,"Nigeria","nigeria","team_nga","NGA","Nigeria",,"normalized_display_name","normalized_display_name_requires_review","pending_review","f3b971804815f12a40ce674a820e1c7f093a5f8ba79786041c29a65f4a7c3159","0c3a25aa05fa78b23fec4c3de0eead8fb1517fc5a848b90456dc108efb3af686"
"phase13-martj42-identity-map-v1","martj42","martj42-results-v1","29876d7819d78110327fa0b426f3863d09c62ad29419a557ebee0c5fafe54564","martj42-results","name:niue",,"Niue","niue","team_niue","NA","Niue",,"normalized_display_name","normalized_display_name_requires_review","pending_review","f3b971804815f12a40ce674a820e1c7f093a5f8ba79786041c29a65f4a7c3159","7a6243daecdc17071f8fb6ee9abd0af7e41732cdad43800cc190599d5f419079"
"phase13-martj42-identity-map-v1","martj42","martj42-results-v1","29876d7819d78110327fa0b426f3863d09c62ad29419a557ebee0c5fafe54564","martj42-results","name:north korea",,"North Korea","north korea","team_prk","PRK","Korea DPR",,"normalized_display_name","normalized_display_name_requires_review","pending_review","f3b971804815f12a40ce674a820e1c7f093a5f8ba79786041c29a65f4a7c3159","dd4585475c641e4ab38adcf35282b43596e0b7c821af3e9def3915b8c7661970"
"phase13-martj42-identity-map-v1","martj42","martj42-results-v1","29876d7819d78110327fa0b426f3863d09c62ad29419a557ebee0c5fafe54564","martj42-results","name:north macedonia",,"North Macedonia","north macedonia","team_mkd","MKD","Macedonia","North Macedonia","normalized_display_name","normalized_display_name_requires_review","pending_review","f3b971804815f12a40ce674a820e1c7f093a5f8ba79786041c29a65f4a7c3159","af9c00c55472899ce0477fad2dfc57ef0510fd60add532bab7c8e332ace9b15f"
"phase13-martj42-identity-map-v1","martj42","martj42-results-v1","29876d7819d78110327fa0b426f3863d09c62ad29419a557ebee0c5fafe54564","martj42-results","name:north vietnam",,"North Vietnam","north vietnam","team_north_vietnam","NA","North Vietnam",,"normalized_display_name","normalized_display_name_requires_review","pending_review","f3b971804815f12a40ce674a820e1c7f093a5f8ba79786041c29a65f4a7c3159","5b7f97a722c3332b73a4fd3121bb3f13e717f6a8f7dfb06976fe103aeff168b8"
"phase13-martj42-identity-map-v1","martj42","martj42-results-v1","29876d7819d78110327fa0b426f3863d09c62ad29419a557ebee0c5fafe54564","martj42-results","name:northern cyprus",,"Northern Cyprus","northern cyprus","team_northern_cyprus","NA","Northern Cyprus",,"normalized_display_name","normalized_display_name_requires_review","pending_review","f3b971804815f12a40ce674a820e1c7f093a5f8ba79786041c29a65f4a7c3159","e3a79823068d01a65ca553d3f520950cf91a2affbe7a0883a48b607423dfbcb7"
"phase13-martj42-identity-map-v1","martj42","martj42-results-v1","29876d7819d78110327fa0b426f3863d09c62ad29419a557ebee0c5fafe54564","martj42-results","name:northern ireland",,"Northern Ireland","northern ireland","team_nir","NIR","Ireland, Northern","Northern Ireland","normalized_display_name","normalized_display_name_requires_review","pending_review","f3b971804815f12a40ce674a820e1c7f093a5f8ba79786041c29a65f4a7c3159","ca26aa69927c3d97d8eb02abbcfc513e497f70d1deca8e6aedd4ac8d575440c3"
"phase13-martj42-identity-map-v1","martj42","martj42-results-v1","29876d7819d78110327fa0b426f3863d09c62ad29419a557ebee0c5fafe54564","martj42-results","name:northern mariana islands",,"Northern Mariana Islands","northern mariana islands","team_northern_mariana_islands","NA","Northern Mariana Islands",,"normalized_display_name","normalized_display_name_requires_review","pending_review","f3b971804815f12a40ce674a820e1c7f093a5f8ba79786041c29a65f4a7c3159","838529d55058d3997cdd61cae1a9db53804c1d841bfbe19c48bd74f2f34724e6"
"phase13-martj42-identity-map-v1","martj42","martj42-results-v1","29876d7819d78110327fa0b426f3863d09c62ad29419a557ebee0c5fafe54564","martj42-results","name:norway",,"Norway","norway","team_nor","NOR","Norway","Norway","normalized_display_name","normalized_display_name_requires_review","pending_review","f3b971804815f12a40ce674a820e1c7f093a5f8ba79786041c29a65f4a7c3159","b8eceefcff1bebbf4bf39fb72bd140db03d132ce60b4dac7acdf75f4cd5fd232"
"phase13-martj42-identity-map-v1","martj42","martj42-results-v1","29876d7819d78110327fa0b426f3863d09c62ad29419a557ebee0c5fafe54564","martj42-results","name:occitania",,"Occitania","occitania","team_occitania","NA","Occitania",,"normalized_display_name","normalized_display_name_requires_review","pending_review","f3b971804815f12a40ce674a820e1c7f093a5f8ba79786041c29a65f4a7c3159","9019ac7f571be96b620bdf811db49b1519c0e13660d27604f0c836776c23ab6a"
"phase13-martj42-identity-map-v1","martj42","martj42-results-v1","29876d7819d78110327fa0b426f3863d09c62ad29419a557ebee0c5fafe54564","martj42-results","name:oman",,"Oman","oman","team_oma","OMA","Oman",,"normalized_display_name","normalized_display_name_requires_review","pending_review","f3b971804815f12a40ce674a820e1c7f093a5f8ba79786041c29a65f4a7c3159","b11c1f06f19924cf1e40f151ec01236c707b5432e2448930a83ec09c9c2d4649"
"phase13-martj42-identity-map-v1","martj42","martj42-results-v1","29876d7819d78110327fa0b426f3863d09c62ad29419a557ebee0c5fafe54564","martj42-results","name:orkney",,"Orkney","orkney","team_orkney","NA","Orkney",,"normalized_display_name","normalized_display_name_requires_review","pending_review","f3b971804815f12a40ce674a820e1c7f093a5f8ba79786041c29a65f4a7c3159","4802f049cab2139cee73f4565aa9fc7743c7bdb5ae7042d39b96c2589eb1b9ff"
"phase13-martj42-identity-map-v1","martj42","martj42-results-v1","29876d7819d78110327fa0b426f3863d09c62ad29419a557ebee0c5fafe54564","martj42-results","name:padania",,"Padania","padania","team_padania","NA","Padania",,"normalized_display_name","normalized_display_name_requires_review","pending_review","f3b971804815f12a40ce674a820e1c7f093a5f8ba79786041c29a65f4a7c3159","84d8087fc918883866425ec7faee1176d991f0bf69b8aecc36305ec3417ce5e3"
"phase13-martj42-identity-map-v1","martj42","martj42-results-v1","29876d7819d78110327fa0b426f3863d09c62ad29419a557ebee0c5fafe54564","martj42-results","name:pakistan",,"Pakistan","pakistan","team_pak","PAK","Pakistan",,"normalized_display_name","normalized_display_name_requires_review","pending_review","f3b971804815f12a40ce674a820e1c7f093a5f8ba79786041c29a65f4a7c3159","106a9817ed4fd65e78b38e4c02e55f1abd591be2b4a8db2b0cb322fc0752192a"
"phase13-martj42-identity-map-v1","martj42","martj42-results-v1","29876d7819d78110327fa0b426f3863d09c62ad29419a557ebee0c5fafe54564","martj42-results","name:palau",,"Palau","palau","team_palau","NA","Palau",,"normalized_display_name","normalized_display_name_requires_review","pending_review","f3b971804815f12a40ce674a820e1c7f093a5f8ba79786041c29a65f4a7c3159","42016d6e01c344c44501dbb7fb7012a7c1b40e3774738fb1d81d3099c7ac00f0"
"phase13-martj42-identity-map-v1","martj42","martj42-results-v1","29876d7819d78110327fa0b426f3863d09c62ad29419a557ebee0c5fafe54564","martj42-results","name:palestine",,"Palestine","palestine","team_ple","PLE","Palestine",,"normalized_display_name","normalized_display_name_requires_review","pending_review","f3b971804815f12a40ce674a820e1c7f093a5f8ba79786041c29a65f4a7c3159","1403e2dffb0577b6dbaf9241d82494f868efe131f218f2145ef6e59afb3543ef"
"phase13-martj42-identity-map-v1","martj42","martj42-results-v1","29876d7819d78110327fa0b426f3863d09c62ad29419a557ebee0c5fafe54564","martj42-results","name:panama",,"Panama","panama","team_pan","PAN","Panama",,"normalized_display_name","normalized_display_name_requires_review","pending_review","f3b971804815f12a40ce674a820e1c7f093a5f8ba79786041c29a65f4a7c3159","f3ef009faef85fac689ee9deee122d199190e6ba1a2fe3d5670ad6e9296ea831"
"phase13-martj42-identity-map-v1","martj42","martj42-results-v1","29876d7819d78110327fa0b426f3863d09c62ad29419a557ebee0c5fafe54564","martj42-results","name:panjab",,"Panjab","panjab","team_panjab","NA","Panjab",,"normalized_display_name","normalized_display_name_requires_review","pending_review","f3b971804815f12a40ce674a820e1c7f093a5f8ba79786041c29a65f4a7c3159","be4368badee3150bd5a7a03b8cac7264defa7714fc76c0a88096cc159b71d06f"
"phase13-martj42-identity-map-v1","martj42","martj42-results-v1","29876d7819d78110327fa0b426f3863d09c62ad29419a557ebee0c5fafe54564","martj42-results","name:papua new guinea",,"Papua New Guinea","papua new guinea","team_png","PNG","Papua New Guinea",,"normalized_display_name","normalized_display_name_requires_review","pending_review","f3b971804815f12a40ce674a820e1c7f093a5f8ba79786041c29a65f4a7c3159","cc0db245603e7c482caef5da87bbf22b88b9f35e750ab87c8e9292115f547f0a"
"phase13-martj42-identity-map-v1","martj42","martj42-results-v1","29876d7819d78110327fa0b426f3863d09c62ad29419a557ebee0c5fafe54564","martj42-results","name:paraguay",,"Paraguay","paraguay","team_par","PAR","Paraguay",,"normalized_display_name","normalized_display_name_requires_review","pending_review","f3b971804815f12a40ce674a820e1c7f093a5f8ba79786041c29a65f4a7c3159","f6cca81ebc41ad00979e9296fbacf53318b90c7704cb02b9611f526bc09a612f"
"phase13-martj42-identity-map-v1","martj42","martj42-results-v1","29876d7819d78110327fa0b426f3863d09c62ad29419a557ebee0c5fafe54564","martj42-results","name:parishes of jersey",,"Parishes of Jersey","parishes of jersey","team_parishes_of_jersey","NA","Parishes of Jersey",,"normalized_display_name","normalized_display_name_requires_review","pending_review","f3b971804815f12a40ce674a820e1c7f093a5f8ba79786041c29a65f4a7c3159","52dbee95174693919f48522d8a0e9e028f76f6ced3e00120b4340be718890494"
"phase13-martj42-identity-map-v1","martj42","martj42-results-v1","29876d7819d78110327fa0b426f3863d09c62ad29419a557ebee0c5fafe54564","martj42-results","name:peru",,"Peru","peru","team_per","PER","Peru",,"normalized_display_name","normalized_display_name_requires_review","pending_review","f3b971804815f12a40ce674a820e1c7f093a5f8ba79786041c29a65f4a7c3159","89e8e091afadb3e60035f5f1853c47c65349d5c8010431cf76cc1c4eadbfa38b"
"phase13-martj42-identity-map-v1","martj42","martj42-results-v1","29876d7819d78110327fa0b426f3863d09c62ad29419a557ebee0c5fafe54564","martj42-results","name:philippines",,"Philippines","philippines","team_phi","PHI","Philippines",,"normalized_display_name","normalized_display_name_requires_review","pending_review","f3b971804815f12a40ce674a820e1c7f093a5f8ba79786041c29a65f4a7c3159","ab3b07f3bb5340ca7b6027dcedabbd03e1a622c410ac65b766fb494f57ef055b"
"phase13-martj42-identity-map-v1","martj42","martj42-results-v1","29876d7819d78110327fa0b426f3863d09c62ad29419a557ebee0c5fafe54564","martj42-results","name:poland",,"Poland","poland","team_pol","POL","Poland","Poland","normalized_display_name","normalized_display_name_requires_review","pending_review","f3b971804815f12a40ce674a820e1c7f093a5f8ba79786041c29a65f4a7c3159","e23c83f9af447659b6187dafcddcbe8623f664ad03ae954c172a091fdea8858e"
"phase13-martj42-identity-map-v1","martj42","martj42-results-v1","29876d7819d78110327fa0b426f3863d09c62ad29419a557ebee0c5fafe54564","martj42-results","name:portugal",,"Portugal","portugal","team_por","POR","Portugal","Portugal","normalized_display_name","normalized_display_name_requires_review","pending_review","f3b971804815f12a40ce674a820e1c7f093a5f8ba79786041c29a65f4a7c3159","36332f7ef0add1a854de79054e0a420895dba5ca829147d9212067765aa52a7b"
"phase13-martj42-identity-map-v1","martj42","martj42-results-v1","29876d7819d78110327fa0b426f3863d09c62ad29419a557ebee0c5fafe54564","martj42-results","name:provence",,"Provence","provence","team_provence","NA","Provence","Rouet-Provence","normalized_display_name","normalized_display_name_requires_review","pending_review","f3b971804815f12a40ce674a820e1c7f093a5f8ba79786041c29a65f4a7c3159","b4f5ad46a08104c8e0c26d75555440e317bfc81826bb2b39c57cd7e003fbcb17"
"phase13-martj42-identity-map-v1","martj42","martj42-results-v1","29876d7819d78110327fa0b426f3863d09c62ad29419a557ebee0c5fafe54564","martj42-results","name:puerto rico",,"Puerto Rico","puerto rico","team_pur","PUR","Puerto Rico",,"normalized_display_name","normalized_display_name_requires_review","pending_review","f3b971804815f12a40ce674a820e1c7f093a5f8ba79786041c29a65f4a7c3159","5ffec4054615fece045e244911f70e4b919beae1fcc405f516bbf15ae36acf6f"
"phase13-martj42-identity-map-v1","martj42","martj42-results-v1","29876d7819d78110327fa0b426f3863d09c62ad29419a557ebee0c5fafe54564","martj42-results","name:qatar",,"Qatar","qatar","team_qat","QAT","Qatar",,"normalized_display_name","normalized_display_name_requires_review","pending_review","f3b971804815f12a40ce674a820e1c7f093a5f8ba79786041c29a65f4a7c3159","e39023d14167eb6706c8418f28efb84492dde7d6e2bc7b544b5e10156538d464"
"phase13-martj42-identity-map-v1","martj42","martj42-results-v1","29876d7819d78110327fa0b426f3863d09c62ad29419a557ebee0c5fafe54564","martj42-results","name:quebec",,"Quebec","quebec","team_quebec","NA","Quebec",,"normalized_display_name","normalized_display_name_requires_review","pending_review","f3b971804815f12a40ce674a820e1c7f093a5f8ba79786041c29a65f4a7c3159","d4bd5dc7a7b56808ee73d8053a5ceed37c4e10629d07c6b5fee8cc7332ea14d9"
"phase13-martj42-identity-map-v1","martj42","martj42-results-v1","29876d7819d78110327fa0b426f3863d09c62ad29419a557ebee0c5fafe54564","martj42-results","name:r eunion",,"Réunion","r eunion","team_r_eunion","NA","Réunion",,"normalized_display_name","normalized_display_name_requires_review","pending_review","f3b971804815f12a40ce674a820e1c7f093a5f8ba79786041c29a65f4a7c3159","40e34827b3f3ea2fe74e1ae99b662218db8259a92fadffb3dada326003093eb6"
"phase13-martj42-identity-map-v1","martj42","martj42-results-v1","29876d7819d78110327fa0b426f3863d09c62ad29419a557ebee0c5fafe54564","martj42-results","name:raetia",,"Raetia","raetia","team_raetia","NA","Raetia",,"normalized_display_name","normalized_display_name_requires_review","pending_review","f3b971804815f12a40ce674a820e1c7f093a5f8ba79786041c29a65f4a7c3159","22e5acc438cbd175fc1a608fec2d6fb97f971c71ba52c96aab7bf079b948ba02"
"phase13-martj42-identity-map-v1","martj42","martj42-results-v1","29876d7819d78110327fa0b426f3863d09c62ad29419a557ebee0c5fafe54564","martj42-results","name:republic of ireland",,"Republic of Ireland","republic of ireland","team_republic_of_ireland","IRL","Republic of Ireland","Republic of Ireland","normalized_display_name","normalized_display_name_requires_review","pending_review","f3b971804815f12a40ce674a820e1c7f093a5f8ba79786041c29a65f4a7c3159","c307a4979f33ccfdc44e7e4ee6ba94cefb5f7609574126e9325d498ec27b97bf"
"phase13-martj42-identity-map-v1","martj42","martj42-results-v1","29876d7819d78110327fa0b426f3863d09c62ad29419a557ebee0c5fafe54564","martj42-results","name:republic of st pauli",,"Republic of St. Pauli","republic of st pauli","team_republic_of_st_pauli","NA","Republic of St. Pauli",,"normalized_display_name","normalized_display_name_requires_review","pending_review","f3b971804815f12a40ce674a820e1c7f093a5f8ba79786041c29a65f4a7c3159","782bc98fb9721478887790497113f1d11e8fb604205c92462663821388f183fe"
"phase13-martj42-identity-map-v1","martj42","martj42-results-v1","29876d7819d78110327fa0b426f3863d09c62ad29419a557ebee0c5fafe54564","martj42-results","name:rhodes",,"Rhodes","rhodes","team_rhodes","NA","Rhodes",,"normalized_display_name","normalized_display_name_requires_review","pending_review","f3b971804815f12a40ce674a820e1c7f093a5f8ba79786041c29a65f4a7c3159","305f2ab52756e108ea2837e68be57c7e690a74f765c925f449812b681c17a78b"
"phase13-martj42-identity-map-v1","martj42","martj42-results-v1","29876d7819d78110327fa0b426f3863d09c62ad29419a557ebee0c5fafe54564","martj42-results","name:romani people",,"Romani people","romani people","team_romani_people","NA","Romani people",,"normalized_display_name","normalized_display_name_requires_review","pending_review","f3b971804815f12a40ce674a820e1c7f093a5f8ba79786041c29a65f4a7c3159","16420b542116b5b12e82ca618ebd8ebb15f3088119dd8788faf41a331b560c7e"
"phase13-martj42-identity-map-v1","martj42","martj42-results-v1","29876d7819d78110327fa0b426f3863d09c62ad29419a557ebee0c5fafe54564","martj42-results","name:romania",,"Romania","romania","team_rou","ROU","Romania","Romania","normalized_display_name","normalized_display_name_requires_review","pending_review","f3b971804815f12a40ce674a820e1c7f093a5f8ba79786041c29a65f4a7c3159","ad6fde2032b7248a10abd393abb9d6bf515a0be1bfce1cd4f1cef1b20a92b845"
"phase13-martj42-identity-map-v1","martj42","martj42-results-v1","29876d7819d78110327fa0b426f3863d09c62ad29419a557ebee0c5fafe54564","martj42-results","name:rouet provence",,"Rouet-Provence","rouet provence","team_provence","NA","Provence","Rouet-Provence","normalized_display_name","normalized_display_name_requires_review","pending_review","f3b971804815f12a40ce674a820e1c7f093a5f8ba79786041c29a65f4a7c3159","881dff16f1780eb0ee81366416dfdbaccbd11745712fb88ea900695fa68b320d"
"phase13-martj42-identity-map-v1","martj42","martj42-results-v1","29876d7819d78110327fa0b426f3863d09c62ad29419a557ebee0c5fafe54564","martj42-results","name:russia",,"Russia","russia","team_rus","RUS","Russia",,"normalized_display_name","normalized_display_name_requires_review","pending_review","f3b971804815f12a40ce674a820e1c7f093a5f8ba79786041c29a65f4a7c3159","570c2372325ddebb8c02c3d6b79207c0586620716795e49de1f64e3b98e4afa5"
"phase13-martj42-identity-map-v1","martj42","martj42-results-v1","29876d7819d78110327fa0b426f3863d09c62ad29419a557ebee0c5fafe54564","martj42-results","name:rwanda",,"Rwanda","rwanda","team_rwa","RWA","Rwanda",,"normalized_display_name","normalized_display_name_requires_review","pending_review","f3b971804815f12a40ce674a820e1c7f093a5f8ba79786041c29a65f4a7c3159","a893feccad46847cc635289e53451a7822edf5c9f6714c6c2aa872ee0491c7c4"
"phase13-martj42-identity-map-v1","martj42","martj42-results-v1","29876d7819d78110327fa0b426f3863d09c62ad29419a557ebee0c5fafe54564","martj42-results","name:ryukyu",,"Ryūkyū","ryukyu","team_ryukyu","NA","Ryūkyū",,"normalized_display_name","normalized_display_name_requires_review","pending_review","f3b971804815f12a40ce674a820e1c7f093a5f8ba79786041c29a65f4a7c3159","0a02c672acff0bf99e156471bcc7146fe5e4d0539967300de3c0829efc1db391"
"phase13-martj42-identity-map-v1","martj42","martj42-results-v1","29876d7819d78110327fa0b426f3863d09c62ad29419a557ebee0c5fafe54564","martj42-results","name:s ao tom e and pr incipe",,"São Tomé and Príncipe","s ao tom e and pr incipe","team_s_ao_tom_e_and_ir_ncipe","NA","São Tomé and Príncipe",,"normalized_display_name","normalized_display_name_requires_review","pending_review","f3b971804815f12a40ce674a820e1c7f093a5f8ba79786041c29a65f4a7c3159","899e2ff737b199f3778b90d0b8367d6ae5e9a1b2a0977f92264b05ecf1ca858a"
"phase13-martj42-identity-map-v1","martj42","martj42-results-v1","29876d7819d78110327fa0b426f3863d09c62ad29419a557ebee0c5fafe54564","martj42-results","name:s apmi",,"Sápmi","s apmi","team_s_apmi","NA","Sápmi",,"normalized_display_name","normalized_display_name_requires_review","pending_review","f3b971804815f12a40ce674a820e1c7f093a5f8ba79786041c29a65f4a7c3159","c08c42f74d0b21991a39386c802738e783de965558ed3611a8c77c0ce2eb0c43"
"phase13-martj42-identity-map-v1","martj42","martj42-results-v1","29876d7819d78110327fa0b426f3863d09c62ad29419a557ebee0c5fafe54564","martj42-results","name:saare county",,"Saare County","saare county","team_saare_county","NA","Saare County",,"normalized_display_name","normalized_display_name_requires_review","pending_review","f3b971804815f12a40ce674a820e1c7f093a5f8ba79786041c29a65f4a7c3159","00fe9eb995a51099580a25393fa506d1580ee944eec89acd38894df6d2a4674d"
"phase13-martj42-identity-map-v1","martj42","martj42-results-v1","29876d7819d78110327fa0b426f3863d09c62ad29419a557ebee0c5fafe54564","martj42-results","name:saarland",,"Saarland","saarland","team_saarland","NA","Saarland",,"normalized_display_name","normalized_display_name_requires_review","pending_review","f3b971804815f12a40ce674a820e1c7f093a5f8ba79786041c29a65f4a7c3159","76508cc16a3aacd2ab354d32235ffc452b09f95403be30e06384db43bb68f572"
"phase13-martj42-identity-map-v1","martj42","martj42-results-v1","29876d7819d78110327fa0b426f3863d09c62ad29419a557ebee0c5fafe54564","martj42-results","name:saint barth elemy",,"Saint Barthélemy","saint barth elemy","team_saint_barth_elemy","NA","Saint Barthélemy",,"normalized_display_name","normalized_display_name_requires_review","pending_review","f3b971804815f12a40ce674a820e1c7f093a5f8ba79786041c29a65f4a7c3159","24c4c2333cd2b608adec469ff15de0a1b65714b5b652b63e0e2ada238c345afa"
"phase13-martj42-identity-map-v1","martj42","martj42-results-v1","29876d7819d78110327fa0b426f3863d09c62ad29419a557ebee0c5fafe54564","martj42-results","name:saint helena",,"Saint Helena","saint helena","team_saint_helena","NA","Saint Helena",,"normalized_display_name","normalized_display_name_requires_review","pending_review","f3b971804815f12a40ce674a820e1c7f093a5f8ba79786041c29a65f4a7c3159","0030d44cd6409730401542441d3246431c1452bae24beb9657a6f6381793ac01"
"phase13-martj42-identity-map-v1","martj42","martj42-results-v1","29876d7819d78110327fa0b426f3863d09c62ad29419a557ebee0c5fafe54564","martj42-results","name:saint kitts and nevis",,"Saint Kitts and Nevis","saint kitts and nevis","team_skn","SKN","Saint Kitts and Nevis",,"normalized_display_name","normalized_display_name_requires_review","pending_review","f3b971804815f12a40ce674a820e1c7f093a5f8ba79786041c29a65f4a7c3159","82de2f795598ad4287e5ec9bd03a669bc605eeaf1b4b43d9c9512d0fd1060332"
"phase13-martj42-identity-map-v1","martj42","martj42-results-v1","29876d7819d78110327fa0b426f3863d09c62ad29419a557ebee0c5fafe54564","martj42-results","name:saint lucia",,"Saint Lucia","saint lucia","team_lca","LCA","Saint Lucia",,"normalized_display_name","normalized_display_name_requires_review","pending_review","f3b971804815f12a40ce674a820e1c7f093a5f8ba79786041c29a65f4a7c3159","40fca878f6b9ebbc520de017e597956eff80bef9d43bd8c3f5a78018fe31885b"
"phase13-martj42-identity-map-v1","martj42","martj42-results-v1","29876d7819d78110327fa0b426f3863d09c62ad29419a557ebee0c5fafe54564","martj42-results","name:saint martin",,"Saint Martin","saint martin","team_saint_martin","NA","Saint Martin",,"normalized_display_name","normalized_display_name_requires_review","pending_review","f3b971804815f12a40ce674a820e1c7f093a5f8ba79786041c29a65f4a7c3159","d435720cf778fbc9b790e18efa466d45c5aa154a1b5148ff61b5d06d7cd3fe95"
"phase13-martj42-identity-map-v1","martj42","martj42-results-v1","29876d7819d78110327fa0b426f3863d09c62ad29419a557ebee0c5fafe54564","martj42-results","name:saint pierre and miquelon",,"Saint Pierre and Miquelon","saint pierre and miquelon","team_saint_pierre_and_miquelon","NA","Saint Pierre and Miquelon",,"normalized_display_name","normalized_display_name_requires_review","pending_review","f3b971804815f12a40ce674a820e1c7f093a5f8ba79786041c29a65f4a7c3159","5572070363fc7101c48c8d6b65971ff15b1b915e4b585c8b1296ea8fe583d608"
"phase13-martj42-identity-map-v1","martj42","martj42-results-v1","29876d7819d78110327fa0b426f3863d09c62ad29419a557ebee0c5fafe54564","martj42-results","name:saint vincent and the grenadines",,"Saint Vincent and the Grenadines","saint vincent and the grenadines","team_vin","VIN","Saint Vincent and the Grenadines",,"normalized_display_name","normalized_display_name_requires_review","pending_review","f3b971804815f12a40ce674a820e1c7f093a5f8ba79786041c29a65f4a7c3159","33315a3c7446c4ceb30ec2e7b73ae111346e61f3de5f19c0d0752d8cb5466ed2"
"phase13-martj42-identity-map-v1","martj42","martj42-results-v1","29876d7819d78110327fa0b426f3863d09c62ad29419a557ebee0c5fafe54564","martj42-results","name:samoa",,"Samoa","samoa","team_samoa","NA","Samoa",,"normalized_display_name","normalized_display_name_requires_review","pending_review","f3b971804815f12a40ce674a820e1c7f093a5f8ba79786041c29a65f4a7c3159","8920443e2f015dab24ce4d4a0b18d16d9e89d37cd847c5f09406ad2138efe7e6"
"phase13-martj42-identity-map-v1","martj42","martj42-results-v1","29876d7819d78110327fa0b426f3863d09c62ad29419a557ebee0c5fafe54564","martj42-results","name:san marino",,"San Marino","san marino","team_smr","SMR","San Marino","San Marino","normalized_display_name","normalized_display_name_requires_review","pending_review","f3b971804815f12a40ce674a820e1c7f093a5f8ba79786041c29a65f4a7c3159","311994c9b4b1f9a1ea69c14d639681c208970cd62cb1e22b7d6dc46232bc2d30"
"phase13-martj42-identity-map-v1","martj42","martj42-results-v1","29876d7819d78110327fa0b426f3863d09c62ad29419a557ebee0c5fafe54564","martj42-results","name:sark",,"Sark","sark","team_sark","NA","Sark",,"normalized_display_name","normalized_display_name_requires_review","pending_review","f3b971804815f12a40ce674a820e1c7f093a5f8ba79786041c29a65f4a7c3159","32fee2f96bed1aeeb921b2c3d129957f9b550dc1dfe65ff4e225d15aff52e4b9"
"phase13-martj42-identity-map-v1","martj42","martj42-results-v1","29876d7819d78110327fa0b426f3863d09c62ad29419a557ebee0c5fafe54564","martj42-results","name:saudi arabia",,"Saudi Arabia","saudi arabia","team_ksa","KSA","Saudi Arabia",,"normalized_display_name","normalized_display_name_requires_review","pending_review","f3b971804815f12a40ce674a820e1c7f093a5f8ba79786041c29a65f4a7c3159","ed5b3c6d54617756a1791467aab5b67d1fde6607eb8bd1d40729d00d21f00768"
"phase13-martj42-identity-map-v1","martj42","martj42-results-v1","29876d7819d78110327fa0b426f3863d09c62ad29419a557ebee0c5fafe54564","martj42-results","name:saugeais",,"Saugeais","saugeais","team_saugeais","NA","Saugeais",,"normalized_display_name","normalized_display_name_requires_review","pending_review","f3b971804815f12a40ce674a820e1c7f093a5f8ba79786041c29a65f4a7c3159","ab6743cbcd90ecd693d29f7cf03b7b545ade02533ae4c3cdda3d53b8cd60b8e5"
"phase13-martj42-identity-map-v1","martj42","martj42-results-v1","29876d7819d78110327fa0b426f3863d09c62ad29419a557ebee0c5fafe54564","martj42-results","name:scotland",,"Scotland","scotland","team_scotland","SCO","Scotland","Scotland","normalized_display_name","normalized_display_name_requires_review","pending_review","f3b971804815f12a40ce674a820e1c7f093a5f8ba79786041c29a65f4a7c3159","0ea86334f4a5c269f21fe02537e82bb7b24a251007f8fb3af04669dea2e0c14a"
"phase13-martj42-identity-map-v1","martj42","martj42-results-v1","29876d7819d78110327fa0b426f3863d09c62ad29419a557ebee0c5fafe54564","martj42-results","name:sealand",,"Sealand","sealand","team_sealand","NA","Sealand",,"normalized_display_name","normalized_display_name_requires_review","pending_review","f3b971804815f12a40ce674a820e1c7f093a5f8ba79786041c29a65f4a7c3159","953737458c4cb45fcceff06605480eebbd80714fb6dc9e6bd4e99475783c1576"
"phase13-martj42-identity-map-v1","martj42","martj42-results-v1","29876d7819d78110327fa0b426f3863d09c62ad29419a557ebee0c5fafe54564","martj42-results","name:seborga",,"Seborga","seborga","team_seborga","NA","Seborga",,"normalized_display_name","normalized_display_name_requires_review","pending_review","f3b971804815f12a40ce674a820e1c7f093a5f8ba79786041c29a65f4a7c3159","c69b351d2785d5ee1c5f06de0bb07dc18e610897e238114db1e2ddc77331553c"
"phase13-martj42-identity-map-v1","martj42","martj42-results-v1","29876d7819d78110327fa0b426f3863d09c62ad29419a557ebee0c5fafe54564","martj42-results","name:senegal",,"Senegal","senegal","team_sen","SEN","Senegal",,"normalized_display_name","normalized_display_name_requires_review","pending_review","f3b971804815f12a40ce674a820e1c7f093a5f8ba79786041c29a65f4a7c3159","59fcf83374b509e86419b9280897758eb859c87218791204a43b7c68e18d6497"
"phase13-martj42-identity-map-v1","martj42","martj42-results-v1","29876d7819d78110327fa0b426f3863d09c62ad29419a557ebee0c5fafe54564","martj42-results","name:serbia",,"Serbia","serbia","team_srb","SRB","Serbia","Serbia","normalized_display_name","normalized_display_name_requires_review","pending_review","f3b971804815f12a40ce674a820e1c7f093a5f8ba79786041c29a65f4a7c3159","73ef4932d0843de76c4ecb351f1611bcfe56aa7bca2705963e6a3e2e7ba042fd"
"phase13-martj42-identity-map-v1","martj42","martj42-results-v1","29876d7819d78110327fa0b426f3863d09c62ad29419a557ebee0c5fafe54564","martj42-results","name:seychelles",,"Seychelles","seychelles","team_sey","SEY","Seychelles",,"normalized_display_name","normalized_display_name_requires_review","pending_review","f3b971804815f12a40ce674a820e1c7f093a5f8ba79786041c29a65f4a7c3159","27db6e3292ae88da6fdba9149c99dae3366c5000753fd2ac16dd542226ba8c73"
"phase13-martj42-identity-map-v1","martj42","martj42-results-v1","29876d7819d78110327fa0b426f3863d09c62ad29419a557ebee0c5fafe54564","martj42-results","name:shetland",,"Shetland","shetland","team_shetland","NA","Shetland",,"normalized_display_name","normalized_display_name_requires_review","pending_review","f3b971804815f12a40ce674a820e1c7f093a5f8ba79786041c29a65f4a7c3159","e6871a03181525f92550582510bc07d649b2d26f1d0cef4be319491c6d0372fc"
"phase13-martj42-identity-map-v1","martj42","martj42-results-v1","29876d7819d78110327fa0b426f3863d09c62ad29419a557ebee0c5fafe54564","martj42-results","name:sierra leone",,"Sierra Leone","sierra leone","team_sle","SLE","Sierra Leone",,"normalized_display_name","normalized_display_name_requires_review","pending_review","f3b971804815f12a40ce674a820e1c7f093a5f8ba79786041c29a65f4a7c3159","0c05f0f9669de9f4a69171b7ca743e745ad5d080c8fb98d73e71a85accc9dd63"
"phase13-martj42-identity-map-v1","martj42","martj42-results-v1","29876d7819d78110327fa0b426f3863d09c62ad29419a557ebee0c5fafe54564","martj42-results","name:silesia",,"Silesia","silesia","team_silesia","NA","Silesia",,"normalized_display_name","normalized_display_name_requires_review","pending_review","f3b971804815f12a40ce674a820e1c7f093a5f8ba79786041c29a65f4a7c3159","dca3abe14b21f6321ed730f70af5f3591e6e67c8fba3ce6d356c4d438828bd38"
"phase13-martj42-identity-map-v1","martj42","martj42-results-v1","29876d7819d78110327fa0b426f3863d09c62ad29419a557ebee0c5fafe54564","martj42-results","name:singapore",,"Singapore","singapore","team_sin","SIN","Singapore",,"normalized_display_name","normalized_display_name_requires_review","pending_review","f3b971804815f12a40ce674a820e1c7f093a5f8ba79786041c29a65f4a7c3159","f0fc4314c4a01c7f9ee712d51e73c2184014d84ebd5394468b38065978e289ab"
"phase13-martj42-identity-map-v1","martj42","martj42-results-v1","29876d7819d78110327fa0b426f3863d09c62ad29419a557ebee0c5fafe54564","martj42-results","name:sint maarten",,"Sint Maarten","sint maarten","team_sint_maarten","NA","Sint Maarten",,"normalized_display_name","normalized_display_name_requires_review","pending_review","f3b971804815f12a40ce674a820e1c7f093a5f8ba79786041c29a65f4a7c3159","6b18a74808bb286685aa28d4c3195bb097665931f091d6592b7347b3f822da76"
"phase13-martj42-identity-map-v1","martj42","martj42-results-v1","29876d7819d78110327fa0b426f3863d09c62ad29419a557ebee0c5fafe54564","martj42-results","name:slovakia",,"Slovakia","slovakia","team_svk","SVK","Slovakia","Slovakia","normalized_display_name","normalized_display_name_requires_review","pending_review","f3b971804815f12a40ce674a820e1c7f093a5f8ba79786041c29a65f4a7c3159","21c49f0d67b30b562120413030ad6ef6e58410ddeda626a9a78211024a5e2fc6"
"phase13-martj42-identity-map-v1","martj42","martj42-results-v1","29876d7819d78110327fa0b426f3863d09c62ad29419a557ebee0c5fafe54564","martj42-results","name:slovenia",,"Slovenia","slovenia","team_svn","SVN","Slovenia","Slovenia","normalized_display_name","normalized_display_name_requires_review","pending_review","f3b971804815f12a40ce674a820e1c7f093a5f8ba79786041c29a65f4a7c3159","fc4fa3e6a51d65b323f18d9ccf0882bac84fe9fe15afbe5870bd46100f62ee88"
"phase13-martj42-identity-map-v1","martj42","martj42-results-v1","29876d7819d78110327fa0b426f3863d09c62ad29419a557ebee0c5fafe54564","martj42-results","name:solomon islands",,"Solomon Islands","solomon islands","team_sol","SOL","Solomon Islands",,"normalized_display_name","normalized_display_name_requires_review","pending_review","f3b971804815f12a40ce674a820e1c7f093a5f8ba79786041c29a65f4a7c3159","adebcdfbeb9120dbb751a71727c29c8b69f24397356dfcff0cf93fa3fc6663e9"
"phase13-martj42-identity-map-v1","martj42","martj42-results-v1","29876d7819d78110327fa0b426f3863d09c62ad29419a557ebee0c5fafe54564","martj42-results","name:somalia",,"Somalia","somalia","team_som","SOM","Somalia",,"normalized_display_name","normalized_display_name_requires_review","pending_review","f3b971804815f12a40ce674a820e1c7f093a5f8ba79786041c29a65f4a7c3159","c5d2cd040608afe50085a28d788922e9dd4369d8ab373cf7625b32e8ae696ad6"
"phase13-martj42-identity-map-v1","martj42","martj42-results-v1","29876d7819d78110327fa0b426f3863d09c62ad29419a557ebee0c5fafe54564","martj42-results","name:somaliland",,"Somaliland","somaliland","team_somaliland","NA","Somaliland",,"normalized_display_name","normalized_display_name_requires_review","pending_review","f3b971804815f12a40ce674a820e1c7f093a5f8ba79786041c29a65f4a7c3159","71100aab1c9b4c81dfb89000a81987f0f149c16145bec2126fe96e68fe7349bb"
"phase13-martj42-identity-map-v1","martj42","martj42-results-v1","29876d7819d78110327fa0b426f3863d09c62ad29419a557ebee0c5fafe54564","martj42-results","name:south africa",,"South Africa","south africa","team_rsa","RSA","South Africa",,"normalized_display_name","normalized_display_name_requires_review","pending_review","f3b971804815f12a40ce674a820e1c7f093a5f8ba79786041c29a65f4a7c3159","0fcd0fac5d26817a41bd0a1e4a3f7afe1a9538a67f28a78bc530059ec06549bb"
"phase13-martj42-identity-map-v1","martj42","martj42-results-v1","29876d7819d78110327fa0b426f3863d09c62ad29419a557ebee0c5fafe54564","martj42-results","name:south korea",,"South Korea","south korea","team_kor","KOR","Korea Republic",,"normalized_display_name","normalized_display_name_requires_review","pending_review","f3b971804815f12a40ce674a820e1c7f093a5f8ba79786041c29a65f4a7c3159","dee84ef5052ff6cad593cffe53c2f99da1ecf0d00e75b5568679f229096dea00"
"phase13-martj42-identity-map-v1","martj42","martj42-results-v1","29876d7819d78110327fa0b426f3863d09c62ad29419a557ebee0c5fafe54564","martj42-results","name:south ossetia",,"South Ossetia","south ossetia","team_south_ossetia","NA","South Ossetia",,"normalized_display_name","normalized_display_name_requires_review","pending_review","f3b971804815f12a40ce674a820e1c7f093a5f8ba79786041c29a65f4a7c3159","043ed810a0889c518cd0099a908b70b3f1b81d9e5fe648cd0b8ce26f9a81ddd5"
"phase13-martj42-identity-map-v1","martj42","martj42-results-v1","29876d7819d78110327fa0b426f3863d09c62ad29419a557ebee0c5fafe54564","martj42-results","name:south sudan",,"South Sudan","south sudan","team_ssd","SSD","South Sudan",,"normalized_display_name","normalized_display_name_requires_review","pending_review","f3b971804815f12a40ce674a820e1c7f093a5f8ba79786041c29a65f4a7c3159","361fd999427cc9815bbde5e906a41e07d6bb010964aa62bacdec3207803701ae"
"phase13-martj42-identity-map-v1","martj42","martj42-results-v1","29876d7819d78110327fa0b426f3863d09c62ad29419a557ebee0c5fafe54564","martj42-results","name:south yemen",,"South Yemen","south yemen","team_south_yemen","NA","South Yemen",,"normalized_display_name","normalized_display_name_requires_review","pending_review","f3b971804815f12a40ce674a820e1c7f093a5f8ba79786041c29a65f4a7c3159","ece1eb8d4e64753faefa3b1e6d51900cd2dc6ff4d3e433eaeef8ba381410fd54"
"phase13-martj42-identity-map-v1","martj42","martj42-results-v1","29876d7819d78110327fa0b426f3863d09c62ad29419a557ebee0c5fafe54564","martj42-results","name:spain",,"Spain","spain","team_esp","ESP","Spain","Spain","normalized_display_name","normalized_display_name_requires_review","pending_review","f3b971804815f12a40ce674a820e1c7f093a5f8ba79786041c29a65f4a7c3159","9822b7063fc7fe7bf5fbaff0f550d57ba4e189b0bda7394eeec471e2eae31178"
"phase13-martj42-identity-map-v1","martj42","martj42-results-v1","29876d7819d78110327fa0b426f3863d09c62ad29419a557ebee0c5fafe54564","martj42-results","name:sri lanka",,"Sri Lanka","sri lanka","team_sri","SRI","Sri Lanka",,"normalized_display_name","normalized_display_name_requires_review","pending_review","f3b971804815f12a40ce674a820e1c7f093a5f8ba79786041c29a65f4a7c3159","064a1e63c9d218132279845f921dba4b0a873445aeff0ed22f04281ee8fda37d"
"phase13-martj42-identity-map-v1","martj42","martj42-results-v1","29876d7819d78110327fa0b426f3863d09c62ad29419a557ebee0c5fafe54564","martj42-results","name:sudan",,"Sudan","sudan","team_sud","SUD","Sudan",,"normalized_display_name","normalized_display_name_requires_review","pending_review","f3b971804815f12a40ce674a820e1c7f093a5f8ba79786041c29a65f4a7c3159","e8fb6837d64e6e4bbf95b883a9478d000832d1fadac13cdd551bcabceb0f767a"
"phase13-martj42-identity-map-v1","martj42","martj42-results-v1","29876d7819d78110327fa0b426f3863d09c62ad29419a557ebee0c5fafe54564","martj42-results","name:suriname",,"Suriname","suriname","team_sur","SUR","Suriname",,"normalized_display_name","normalized_display_name_requires_review","pending_review","f3b971804815f12a40ce674a820e1c7f093a5f8ba79786041c29a65f4a7c3159","2ca8710aecbaccb4fde768d78ee8cafd03ac0ff255578d082a71af9a116ea624"
"phase13-martj42-identity-map-v1","martj42","martj42-results-v1","29876d7819d78110327fa0b426f3863d09c62ad29419a557ebee0c5fafe54564","martj42-results","name:surrey",,"Surrey","surrey","team_surrey","NA","Surrey",,"normalized_display_name","normalized_display_name_requires_review","pending_review","f3b971804815f12a40ce674a820e1c7f093a5f8ba79786041c29a65f4a7c3159","ca073202b6728eb7d9a378c4cb1cff01ca0423ce60186c18e02c11c60f068e07"
"phase13-martj42-identity-map-v1","martj42","martj42-results-v1","29876d7819d78110327fa0b426f3863d09c62ad29419a557ebee0c5fafe54564","martj42-results","name:sweden",,"Sweden","sweden","team_swe","SWE","Sweden","Sweden","normalized_display_name","normalized_display_name_requires_review","pending_review","f3b971804815f12a40ce674a820e1c7f093a5f8ba79786041c29a65f4a7c3159","436864f36f9d35e8c61519a3e6c87ebcea4f27b6fdee388abcb0a0ccdab5e0cb"
"phase13-martj42-identity-map-v1","martj42","martj42-results-v1","29876d7819d78110327fa0b426f3863d09c62ad29419a557ebee0c5fafe54564","martj42-results","name:switzerland",,"Switzerland","switzerland","team_sui","SUI","Switzerland","Switzerland","normalized_display_name","normalized_display_name_requires_review","pending_review","f3b971804815f12a40ce674a820e1c7f093a5f8ba79786041c29a65f4a7c3159","0474ad1418b46a32d20fa6b36dfa0107739b9122acd869c197dfefa092bf35f2"
"phase13-martj42-identity-map-v1","martj42","martj42-results-v1","29876d7819d78110327fa0b426f3863d09c62ad29419a557ebee0c5fafe54564","martj42-results","name:syria",,"Syria","syria","team_syr","SYR","Syria",,"normalized_display_name","normalized_display_name_requires_review","pending_review","f3b971804815f12a40ce674a820e1c7f093a5f8ba79786041c29a65f4a7c3159","0c063ebcc9aee0237b6af898fd287503fb22fcf6761681762c4bf7dcb8870677"
"phase13-martj42-identity-map-v1","martj42","martj42-results-v1","29876d7819d78110327fa0b426f3863d09c62ad29419a557ebee0c5fafe54564","martj42-results","name:sz ekely land",,"Székely Land","sz ekely land","team_sz_ekely_land","NA","Székely Land",,"normalized_display_name","normalized_display_name_requires_review","pending_review","f3b971804815f12a40ce674a820e1c7f093a5f8ba79786041c29a65f4a7c3159","60f7598252cdb0d18708f536986ec022725aff0d6915e25ef952fb8e6b42878e"
"phase13-martj42-identity-map-v1","martj42","martj42-results-v1","29876d7819d78110327fa0b426f3863d09c62ad29419a557ebee0c5fafe54564","martj42-results","name:tahiti",,"Tahiti","tahiti","team_tah","TAH","Tahiti",,"normalized_display_name","normalized_display_name_requires_review","pending_review","f3b971804815f12a40ce674a820e1c7f093a5f8ba79786041c29a65f4a7c3159","ad29db896d0a43f65a70e117b7ef3124434f10d074ead27fd9e25471a718ca0a"
"phase13-martj42-identity-map-v1","martj42","martj42-results-v1","29876d7819d78110327fa0b426f3863d09c62ad29419a557ebee0c5fafe54564","martj42-results","name:taiwan",,"Taiwan","taiwan","team_taiwan","NA","Taiwan",,"normalized_display_name","normalized_display_name_requires_review","pending_review","f3b971804815f12a40ce674a820e1c7f093a5f8ba79786041c29a65f4a7c3159","1cb464bdeecef1d16adaa371d528cbeff49a5e79e33640950986da5e5d27cce2"
"phase13-martj42-identity-map-v1","martj42","martj42-results-v1","29876d7819d78110327fa0b426f3863d09c62ad29419a557ebee0c5fafe54564","martj42-results","name:tajikistan",,"Tajikistan","tajikistan","team_tjk","TJK","Tajikistan",,"normalized_display_name","normalized_display_name_requires_review","pending_review","f3b971804815f12a40ce674a820e1c7f093a5f8ba79786041c29a65f4a7c3159","d833f26494247067e98538143732da393a108585b771ac6123728fb35a41d9eb"
"phase13-martj42-identity-map-v1","martj42","martj42-results-v1","29876d7819d78110327fa0b426f3863d09c62ad29419a557ebee0c5fafe54564","martj42-results","name:tamil eelam",,"Tamil Eelam","tamil eelam","team_tamil_eelam","NA","Tamil Eelam",,"normalized_display_name","normalized_display_name_requires_review","pending_review","f3b971804815f12a40ce674a820e1c7f093a5f8ba79786041c29a65f4a7c3159","8cf426393346903d17dac76849293b6f6a64ea54e13325c3d32190da964d5750"
"phase13-martj42-identity-map-v1","martj42","martj42-results-v1","29876d7819d78110327fa0b426f3863d09c62ad29419a557ebee0c5fafe54564","martj42-results","name:tanzania",,"Tanzania","tanzania","team_tan","TAN","Tanzania",,"normalized_display_name","normalized_display_name_requires_review","pending_review","f3b971804815f12a40ce674a820e1c7f093a5f8ba79786041c29a65f4a7c3159","10762669daea7ceff01277c83617cb1e6fbe319622f3d3b5c93534a52ee17f24"
"phase13-martj42-identity-map-v1","martj42","martj42-results-v1","29876d7819d78110327fa0b426f3863d09c62ad29419a557ebee0c5fafe54564","martj42-results","name:thailand",,"Thailand","thailand","team_tha","THA","Thailand",,"normalized_display_name","normalized_display_name_requires_review","pending_review","f3b971804815f12a40ce674a820e1c7f093a5f8ba79786041c29a65f4a7c3159","8067336db61a1622f9460599a07f0fe9e32a1c1d4e81f0e43ceab4b3b5f6e12f"
"phase13-martj42-identity-map-v1","martj42","martj42-results-v1","29876d7819d78110327fa0b426f3863d09c62ad29419a557ebee0c5fafe54564","martj42-results","name:tibet",,"Tibet","tibet","team_tibet","NA","Tibet",,"normalized_display_name","normalized_display_name_requires_review","pending_review","f3b971804815f12a40ce674a820e1c7f093a5f8ba79786041c29a65f4a7c3159","4b9bce25a74bcaf2fdf60712a9349b8bbdab103533bfc1131a8482b6244402da"
"phase13-martj42-identity-map-v1","martj42","martj42-results-v1","29876d7819d78110327fa0b426f3863d09c62ad29419a557ebee0c5fafe54564","martj42-results","name:timor leste",,"Timor-Leste","timor leste","team_timor_leste","NA","Timor-Leste",,"normalized_display_name","normalized_display_name_requires_review","pending_review","f3b971804815f12a40ce674a820e1c7f093a5f8ba79786041c29a65f4a7c3159","0a569c886ff8294050807302ce9f91c40a2b30a146a0c8ca37a5c1d47bfbb736"
"phase13-martj42-identity-map-v1","martj42","martj42-results-v1","29876d7819d78110327fa0b426f3863d09c62ad29419a557ebee0c5fafe54564","martj42-results","name:togo",,"Togo","togo","team_tog","TOG","Togo",,"normalized_display_name","normalized_display_name_requires_review","pending_review","f3b971804815f12a40ce674a820e1c7f093a5f8ba79786041c29a65f4a7c3159","ce91723021b936afcef531b809e31d8a1e0ab7dcc8b34c57042fd8964bf44a6f"
"phase13-martj42-identity-map-v1","martj42","martj42-results-v1","29876d7819d78110327fa0b426f3863d09c62ad29419a557ebee0c5fafe54564","martj42-results","name:tonga",,"Tonga","tonga","team_tga","TGA","Tonga",,"normalized_display_name","normalized_display_name_requires_review","pending_review","f3b971804815f12a40ce674a820e1c7f093a5f8ba79786041c29a65f4a7c3159","87aa5b4991a8c216ef9d121ae00bf20944ec81cfa0d7ad888edd28e8c78e0362"
"phase13-martj42-identity-map-v1","martj42","martj42-results-v1","29876d7819d78110327fa0b426f3863d09c62ad29419a557ebee0c5fafe54564","martj42-results","name:trinidad and tobago",,"Trinidad and Tobago","trinidad and tobago","team_tri","TRI","Trinidad and Tobago",,"normalized_display_name","normalized_display_name_requires_review","pending_review","f3b971804815f12a40ce674a820e1c7f093a5f8ba79786041c29a65f4a7c3159","87daa3e3ea29d65fb1393a6df75710c0397a4b0dc2acfe00cb95313c8cedf08b"
"phase13-martj42-identity-map-v1","martj42","martj42-results-v1","29876d7819d78110327fa0b426f3863d09c62ad29419a557ebee0c5fafe54564","martj42-results","name:tunisia",,"Tunisia","tunisia","team_tun","TUN","Tunisia",,"normalized_display_name","normalized_display_name_requires_review","pending_review","f3b971804815f12a40ce674a820e1c7f093a5f8ba79786041c29a65f4a7c3159","a5ca90a448d16c3b98744e2fb383fdc85208129181afd6c43ee6aec09629429e"
"phase13-martj42-identity-map-v1","martj42","martj42-results-v1","29876d7819d78110327fa0b426f3863d09c62ad29419a557ebee0c5fafe54564","martj42-results","name:turkey",,"Turkey","turkey","team_tur","TUR","Turkey","Türkiye|Turkiye|Türki̇ye","normalized_display_name","normalized_display_name_requires_review","pending_review","f3b971804815f12a40ce674a820e1c7f093a5f8ba79786041c29a65f4a7c3159","475c02d5b48e23b81e7f9afd43036efd12486fa9a0e19dab6cbed748d3f2bcad"
"phase13-martj42-identity-map-v1","martj42","martj42-results-v1","29876d7819d78110327fa0b426f3863d09c62ad29419a557ebee0c5fafe54564","martj42-results","name:turkmenistan",,"Turkmenistan","turkmenistan","team_tkm","TKM","Turkmenistan",,"normalized_display_name","normalized_display_name_requires_review","pending_review","f3b971804815f12a40ce674a820e1c7f093a5f8ba79786041c29a65f4a7c3159","a62a7ae1c8681d43b3577b5b9f184acec4f40cd68af1770d5d115f9a85da872c"
"phase13-martj42-identity-map-v1","martj42","martj42-results-v1","29876d7819d78110327fa0b426f3863d09c62ad29419a557ebee0c5fafe54564","martj42-results","name:turks and caicos islands",,"Turks and Caicos Islands","turks and caicos islands","team_turks_and_caicos_islands","NA","Turks and Caicos Islands",,"normalized_display_name","normalized_display_name_requires_review","pending_review","f3b971804815f12a40ce674a820e1c7f093a5f8ba79786041c29a65f4a7c3159","70e602af4eccc59ff71288290038d71e981db845f29c7240da878065ceebc5fc"
"phase13-martj42-identity-map-v1","martj42","martj42-results-v1","29876d7819d78110327fa0b426f3863d09c62ad29419a557ebee0c5fafe54564","martj42-results","name:tuvalu",,"Tuvalu","tuvalu","team_tuvalu","NA","Tuvalu",,"normalized_display_name","normalized_display_name_requires_review","pending_review","f3b971804815f12a40ce674a820e1c7f093a5f8ba79786041c29a65f4a7c3159","3649383a84cd4943e3180f05895bd52f7201cd925b794af958d015a9ad1cc1aa"
"phase13-martj42-identity-map-v1","martj42","martj42-results-v1","29876d7819d78110327fa0b426f3863d09c62ad29419a557ebee0c5fafe54564","martj42-results","name:two sicilies",,"Two Sicilies","two sicilies","team_two_sicilies","NA","Two Sicilies",,"normalized_display_name","normalized_display_name_requires_review","pending_review","f3b971804815f12a40ce674a820e1c7f093a5f8ba79786041c29a65f4a7c3159","45e0f89146a5ab32750f6565fd3cf3413053b43278fa820b927602173db44244"
"phase13-martj42-identity-map-v1","martj42","martj42-results-v1","29876d7819d78110327fa0b426f3863d09c62ad29419a557ebee0c5fafe54564","martj42-results","name:uganda",,"Uganda","uganda","team_uga","UGA","Uganda",,"normalized_display_name","normalized_display_name_requires_review","pending_review","f3b971804815f12a40ce674a820e1c7f093a5f8ba79786041c29a65f4a7c3159","994ad7696aa4402222e492a13e161fa3e10fc32c8677444bfdd4a067a9ead46c"
"phase13-martj42-identity-map-v1","martj42","martj42-results-v1","29876d7819d78110327fa0b426f3863d09c62ad29419a557ebee0c5fafe54564","martj42-results","name:ukraine",,"Ukraine","ukraine","team_ukr","UKR","Ukraine","Ukraine","normalized_display_name","normalized_display_name_requires_review","pending_review","f3b971804815f12a40ce674a820e1c7f093a5f8ba79786041c29a65f4a7c3159","ba4f12be272c07113416554b48b26639f48aa3f977caed70d8ef8d23fcbcd4ce"
"phase13-martj42-identity-map-v1","martj42","martj42-results-v1","29876d7819d78110327fa0b426f3863d09c62ad29419a557ebee0c5fafe54564","martj42-results","name:united arab emirates",,"United Arab Emirates","united arab emirates","team_uae","UAE","United Arab Emirates",,"normalized_display_name","normalized_display_name_requires_review","pending_review","f3b971804815f12a40ce674a820e1c7f093a5f8ba79786041c29a65f4a7c3159","f05e4ec679f1984715cfcb102283bb2553d06ef070ca9dab72b9b209caace978"
"phase13-martj42-identity-map-v1","martj42","martj42-results-v1","29876d7819d78110327fa0b426f3863d09c62ad29419a557ebee0c5fafe54564","martj42-results","name:united koreans in japan",,"United Koreans in Japan","united koreans in japan","team_united_koreans_in_japan","NA","United Koreans in Japan",,"normalized_display_name","normalized_display_name_requires_review","pending_review","f3b971804815f12a40ce674a820e1c7f093a5f8ba79786041c29a65f4a7c3159","8acbb383244dd359658a419cadb12dedb75e645199af95335a0dbec4cb204529"
"phase13-martj42-identity-map-v1","martj42","martj42-results-v1","29876d7819d78110327fa0b426f3863d09c62ad29419a557ebee0c5fafe54564","martj42-results","name:united states",,"United States","united states","team_usa","USA","United States",,"normalized_display_name","normalized_display_name_requires_review","pending_review","f3b971804815f12a40ce674a820e1c7f093a5f8ba79786041c29a65f4a7c3159","6bfdb9077c1578e7bb68aa895429ec40d7197e0fa8e03712415eb11e75b4da5b"
"phase13-martj42-identity-map-v1","martj42","martj42-results-v1","29876d7819d78110327fa0b426f3863d09c62ad29419a557ebee0c5fafe54564","martj42-results","name:united states virgin islands",,"United States Virgin Islands","united states virgin islands","team_united_states_virgin_islands","NA","United States Virgin Islands",,"normalized_display_name","normalized_display_name_requires_review","pending_review","f3b971804815f12a40ce674a820e1c7f093a5f8ba79786041c29a65f4a7c3159","e76bb85746e781c88aef76b1f94271ddf52d54a3c4ed21a43874db0992332e50"
"phase13-martj42-identity-map-v1","martj42","martj42-results-v1","29876d7819d78110327fa0b426f3863d09c62ad29419a557ebee0c5fafe54564","martj42-results","name:uruguay",,"Uruguay","uruguay","team_uru","URU","Uruguay",,"normalized_display_name","normalized_display_name_requires_review","pending_review","f3b971804815f12a40ce674a820e1c7f093a5f8ba79786041c29a65f4a7c3159","6ca0ef58373eb3cd10b9c77028e453376a5db7e5544100cacea5da4e16d3acb3"
"phase13-martj42-identity-map-v1","martj42","martj42-results-v1","29876d7819d78110327fa0b426f3863d09c62ad29419a557ebee0c5fafe54564","martj42-results","name:uzbekistan",,"Uzbekistan","uzbekistan","team_uzb","UZB","Uzbekistan",,"normalized_display_name","normalized_display_name_requires_review","pending_review","f3b971804815f12a40ce674a820e1c7f093a5f8ba79786041c29a65f4a7c3159","ac307a729f28caf6b1d5b31bf468970e4e3a1dc976260ab5ae48236a130d0a5b"
"phase13-martj42-identity-map-v1","martj42","martj42-results-v1","29876d7819d78110327fa0b426f3863d09c62ad29419a557ebee0c5fafe54564","martj42-results","name:vanuatu",,"Vanuatu","vanuatu","team_van","VAN","Vanuatu",,"normalized_display_name","normalized_display_name_requires_review","pending_review","f3b971804815f12a40ce674a820e1c7f093a5f8ba79786041c29a65f4a7c3159","3042190d66762222ce46f14e04cf0fd43a17decb7afc7bf16d00ab2d46ae7a21"
"phase13-martj42-identity-map-v1","martj42","martj42-results-v1","29876d7819d78110327fa0b426f3863d09c62ad29419a557ebee0c5fafe54564","martj42-results","name:vatican city",,"Vatican City","vatican city","team_vatican_city","NA","Vatican City",,"normalized_display_name","normalized_display_name_requires_review","pending_review","f3b971804815f12a40ce674a820e1c7f093a5f8ba79786041c29a65f4a7c3159","e530eab42a93d7f0fdbe1f75641742746a97505e8a7c1e7991d711f9ef69a359"
"phase13-martj42-identity-map-v1","martj42","martj42-results-v1","29876d7819d78110327fa0b426f3863d09c62ad29419a557ebee0c5fafe54564","martj42-results","name:venezuela",,"Venezuela","venezuela","team_ven","VEN","Venezuela",,"normalized_display_name","normalized_display_name_requires_review","pending_review","f3b971804815f12a40ce674a820e1c7f093a5f8ba79786041c29a65f4a7c3159","488d6dd5ede09a5904d1d3a9c7aa3dde53e9a6046514183d6b168b673668e8e9"
"phase13-martj42-identity-map-v1","martj42","martj42-results-v1","29876d7819d78110327fa0b426f3863d09c62ad29419a557ebee0c5fafe54564","martj42-results","name:vietnam",,"Vietnam","vietnam","team_vie","VIE","Vietnam",,"normalized_display_name","normalized_display_name_requires_review","pending_review","f3b971804815f12a40ce674a820e1c7f093a5f8ba79786041c29a65f4a7c3159","f720fda6c35e3965d57cfd842ba6d707aa2980c695e0651d501dcae3b34d1de2"
"phase13-martj42-identity-map-v1","martj42","martj42-results-v1","29876d7819d78110327fa0b426f3863d09c62ad29419a557ebee0c5fafe54564","martj42-results","name:vietnam republic",,"Vietnam Republic","vietnam republic","team_vietnam_republic","NA","Vietnam Republic",,"normalized_display_name","normalized_display_name_requires_review","pending_review","f3b971804815f12a40ce674a820e1c7f093a5f8ba79786041c29a65f4a7c3159","0d97ccd1e61d2a8cfe2780ed67ca3058fc79ce7047893aff3a31d76036b7d515"
"phase13-martj42-identity-map-v1","martj42","martj42-results-v1","29876d7819d78110327fa0b426f3863d09c62ad29419a557ebee0c5fafe54564","martj42-results","name:wales",,"Wales","wales","team_wal","WAL","Wales","Wales","normalized_display_name","normalized_display_name_requires_review","pending_review","f3b971804815f12a40ce674a820e1c7f093a5f8ba79786041c29a65f4a7c3159","152473155cebcd50ed3cb93c89c593abb579243753cf0f677dca2c9b6bad3c25"
"phase13-martj42-identity-map-v1","martj42","martj42-results-v1","29876d7819d78110327fa0b426f3863d09c62ad29419a557ebee0c5fafe54564","martj42-results","name:wallis islands and futuna",,"Wallis Islands and Futuna","wallis islands and futuna","team_wallis_islands_and_futuna","NA","Wallis Islands and Futuna",,"normalized_display_name","normalized_display_name_requires_review","pending_review","f3b971804815f12a40ce674a820e1c7f093a5f8ba79786041c29a65f4a7c3159","296950a130fe52e761b087325d17b34d7e407866f4bac07250ebf7104d581d97"
"phase13-martj42-identity-map-v1","martj42","martj42-results-v1","29876d7819d78110327fa0b426f3863d09c62ad29419a557ebee0c5fafe54564","martj42-results","name:west papua",,"West Papua","west papua","team_west_papua","NA","West Papua",,"normalized_display_name","normalized_display_name_requires_review","pending_review","f3b971804815f12a40ce674a820e1c7f093a5f8ba79786041c29a65f4a7c3159","7225498e859abe1de24c181bf1b888b173deb8ac749daa5ce7d194aae0986c65"
"phase13-martj42-identity-map-v1","martj42","martj42-results-v1","29876d7819d78110327fa0b426f3863d09c62ad29419a557ebee0c5fafe54564","martj42-results","name:western armenia",,"Western Armenia","western armenia","team_western_armenia","NA","Western Armenia",,"normalized_display_name","normalized_display_name_requires_review","pending_review","f3b971804815f12a40ce674a820e1c7f093a5f8ba79786041c29a65f4a7c3159","003df96f0560dcbac41819a2a4033422264306750083add17699ab0c748bb276"
"phase13-martj42-identity-map-v1","martj42","martj42-results-v1","29876d7819d78110327fa0b426f3863d09c62ad29419a557ebee0c5fafe54564","martj42-results","name:western australia",,"Western Australia","western australia","team_western_australia","NA","Western Australia",,"normalized_display_name","normalized_display_name_requires_review","pending_review","f3b971804815f12a40ce674a820e1c7f093a5f8ba79786041c29a65f4a7c3159","b99518db197a3f5ba6dbc0a53f6465029fca5a992412f318cc98e7942f4956e3"
"phase13-martj42-identity-map-v1","martj42","martj42-results-v1","29876d7819d78110327fa0b426f3863d09c62ad29419a557ebee0c5fafe54564","martj42-results","name:western isles",,"Western Isles","western isles","team_western_isles","NA","Western Isles",,"normalized_display_name","normalized_display_name_requires_review","pending_review","f3b971804815f12a40ce674a820e1c7f093a5f8ba79786041c29a65f4a7c3159","fbca652ce87bd89c77bf1a3dfe5a5e2cc52e1dbd2defc950bbd68716f159ca36"
"phase13-martj42-identity-map-v1","martj42","martj42-results-v1","29876d7819d78110327fa0b426f3863d09c62ad29419a557ebee0c5fafe54564","martj42-results","name:western sahara",,"Western Sahara","western sahara","team_western_sahara","NA","Western Sahara",,"normalized_display_name","normalized_display_name_requires_review","pending_review","f3b971804815f12a40ce674a820e1c7f093a5f8ba79786041c29a65f4a7c3159","6696faba76be2e9251108a6c067d37aa520dce7ce881bf1052726c2d6eb224a0"
"phase13-martj42-identity-map-v1","martj42","martj42-results-v1","29876d7819d78110327fa0b426f3863d09c62ad29419a557ebee0c5fafe54564","martj42-results","name:yemen",,"Yemen","yemen","team_yem","YEM","Yemen",,"normalized_display_name","normalized_display_name_requires_review","pending_review","f3b971804815f12a40ce674a820e1c7f093a5f8ba79786041c29a65f4a7c3159","6d4774cc934e938b6e1903cdcc77f3b10b04799d19c8b84054385c3fcc790cee"
"phase13-martj42-identity-map-v1","martj42","martj42-results-v1","29876d7819d78110327fa0b426f3863d09c62ad29419a557ebee0c5fafe54564","martj42-results","name:yemen dpr",,"Yemen DPR","yemen dpr","team_yemen_dpr","NA","Yemen DPR",,"normalized_display_name","normalized_display_name_requires_review","pending_review","f3b971804815f12a40ce674a820e1c7f093a5f8ba79786041c29a65f4a7c3159","f3ecdf1e73ae2bc9ca5e5e7704956f2c4ed07d1ebce898139e2ae59753bd383c"
"phase13-martj42-identity-map-v1","martj42","martj42-results-v1","29876d7819d78110327fa0b426f3863d09c62ad29419a557ebee0c5fafe54564","martj42-results","name:ynys m on",,"Ynys Môn","ynys m on","team_ynys_m_on","NA","Ynys Môn",,"normalized_display_name","normalized_display_name_requires_review","pending_review","f3b971804815f12a40ce674a820e1c7f093a5f8ba79786041c29a65f4a7c3159","2d26a79115b598aacca9793939ca35a1c186e1d2e3b97e98978a5b6f5927b037"
"phase13-martj42-identity-map-v1","martj42","martj42-results-v1","29876d7819d78110327fa0b426f3863d09c62ad29419a557ebee0c5fafe54564","martj42-results","name:yorkshire",,"Yorkshire","yorkshire","team_yorkshire","NA","Yorkshire",,"normalized_display_name","normalized_display_name_requires_review","pending_review","f3b971804815f12a40ce674a820e1c7f093a5f8ba79786041c29a65f4a7c3159","79cddb10b47e7df91ba8a6d92b23679a74e2bdab0ecdf16c7c11c96105fd05a7"
"phase13-martj42-identity-map-v1","martj42","martj42-results-v1","29876d7819d78110327fa0b426f3863d09c62ad29419a557ebee0c5fafe54564","martj42-results","name:yoruba nation",,"Yoruba Nation","yoruba nation","team_yoruba_nation","NA","Yoruba Nation",,"normalized_display_name","normalized_display_name_requires_review","pending_review","f3b971804815f12a40ce674a820e1c7f093a5f8ba79786041c29a65f4a7c3159","ddf9573426248c57f31edf8f7cc105fcb31c47736ad8db0bb74c158cd6801cde"
"phase13-martj42-identity-map-v1","martj42","martj42-results-v1","29876d7819d78110327fa0b426f3863d09c62ad29419a557ebee0c5fafe54564","martj42-results","name:yugoslavia",,"Yugoslavia","yugoslavia","team_yug","YUG","Yugoslavia",,"normalized_display_name","normalized_display_name_requires_review","pending_review","f3b971804815f12a40ce674a820e1c7f093a5f8ba79786041c29a65f4a7c3159","9e3ee6f36e2d92471904f3cc210c9a24e257de14df0595fa80aacdffcfc864e9"
"phase13-martj42-identity-map-v1","martj42","martj42-results-v1","29876d7819d78110327fa0b426f3863d09c62ad29419a557ebee0c5fafe54564","martj42-results","name:zambia",,"Zambia","zambia","team_zam","ZAM","Zambia",,"normalized_display_name","normalized_display_name_requires_review","pending_review","f3b971804815f12a40ce674a820e1c7f093a5f8ba79786041c29a65f4a7c3159","29d6c930511eb5449765c2dc1ce1b8b2a356d21a41bb645435c0748596c590f2"
"phase13-martj42-identity-map-v1","martj42","martj42-results-v1","29876d7819d78110327fa0b426f3863d09c62ad29419a557ebee0c5fafe54564","martj42-results","name:zanzibar",,"Zanzibar","zanzibar","team_zanzibar","NA","Zanzibar",,"normalized_display_name","normalized_display_name_requires_review","pending_review","f3b971804815f12a40ce674a820e1c7f093a5f8ba79786041c29a65f4a7c3159","3cb4720e76c5d6c88d35721aad71b23e559beb81afdc1e0e539630aa053b0699"
"phase13-martj42-identity-map-v1","martj42","martj42-results-v1","29876d7819d78110327fa0b426f3863d09c62ad29419a557ebee0c5fafe54564","martj42-results","name:zimbabwe",,"Zimbabwe","zimbabwe","team_zim","ZIM","Zimbabwe",,"normalized_display_name","normalized_display_name_requires_review","pending_review","f3b971804815f12a40ce674a820e1c7f093a5f8ba79786041c29a65f4a7c3159","76e33d4206804135a915193f4dd1ab2caf8059537dd073abc34a2c0ce78885f7"
