"run_id","model_id","panel_id","track_id","target","metric","grain","aggregation","edition_id","estimate","n_tournaments","n_fixtures","coverage_numerator","coverage_denominator","coverage"
"phase09-baselines-frozen","elo_goal_nb","open_core","frozen","away_goals","away_goal_rps","headline","equal_tournament","headline",0.550965906496907,12,630,630,630,1
"phase09-baselines-frozen","elo_goal_nb","open_core","frozen","away_goals","away_goal_rps","headline","fixture_weighted","headline",0.555597714581076,12,630,630,630,1
"phase09-baselines-frozen","elo_goal_nb","open_core","frozen","away_goals","away_goal_rps","tournament","within_tournament","euro2004",0.571975352222914,1,31,31,31,1
"phase09-baselines-frozen","elo_goal_nb","open_core","frozen","away_goals","away_goal_rps","tournament","within_tournament","euro2008",0.52411577053334,1,31,31,31,1
"phase09-baselines-frozen","elo_goal_nb","open_core","frozen","away_goals","away_goal_rps","tournament","within_tournament","euro2012",0.501296461807016,1,31,31,31,1
"phase09-baselines-frozen","elo_goal_nb","open_core","frozen","away_goals","away_goal_rps","tournament","within_tournament","euro2016",0.490040331124009,1,51,51,51,1
"phase09-baselines-frozen","elo_goal_nb","open_core","frozen","away_goals","away_goal_rps","tournament","within_tournament","euro2020",0.585738720627703,1,51,51,51,1
"phase09-baselines-frozen","elo_goal_nb","open_core","frozen","away_goals","away_goal_rps","tournament","within_tournament","euro2024",0.493564464629736,1,51,51,51,1
"phase09-baselines-frozen","elo_goal_nb","open_core","frozen","away_goals","away_goal_rps","tournament","within_tournament","wc2002",0.554538720682742,1,64,64,64,1
"phase09-baselines-frozen","elo_goal_nb","open_core","frozen","away_goals","away_goal_rps","tournament","within_tournament","wc2006",0.546804683917446,1,64,64,64,1
"phase09-baselines-frozen","elo_goal_nb","open_core","frozen","away_goals","away_goal_rps","tournament","within_tournament","wc2010",0.504806741645976,1,64,64,64,1
"phase09-baselines-frozen","elo_goal_nb","open_core","frozen","away_goals","away_goal_rps","tournament","within_tournament","wc2014",0.76772835472065,1,64,64,64,1
"phase09-baselines-frozen","elo_goal_nb","open_core","frozen","away_goals","away_goal_rps","tournament","within_tournament","wc2018",0.508261508322704,1,64,64,64,1
"phase09-baselines-frozen","elo_goal_nb","open_core","frozen","away_goals","away_goal_rps","tournament","within_tournament","wc2022",0.562719767728652,1,64,64,64,1
"phase09-baselines-frozen","elo_goal_nb","open_core","frozen","regulation_1x2","brier","headline","equal_tournament","headline",0.644913505583384,12,630,630,630,1
"phase09-baselines-frozen","elo_goal_nb","open_core","frozen","regulation_1x2","brier","headline","fixture_weighted","headline",0.644507356114541,12,630,630,630,1
"phase09-baselines-frozen","elo_goal_nb","open_core","frozen","regulation_1x2","brier","tournament","within_tournament","euro2004",0.650257105097448,1,31,31,31,1
"phase09-baselines-frozen","elo_goal_nb","open_core","frozen","regulation_1x2","brier","tournament","within_tournament","euro2008",0.615437699097777,1,31,31,31,1
"phase09-baselines-frozen","elo_goal_nb","open_core","frozen","regulation_1x2","brier","tournament","within_tournament","euro2012",0.663581880693926,1,31,31,31,1
"phase09-baselines-frozen","elo_goal_nb","open_core","frozen","regulation_1x2","brier","tournament","within_tournament","euro2016",0.657206270351172,1,51,51,51,1
"phase09-baselines-frozen","elo_goal_nb","open_core","frozen","regulation_1x2","brier","tournament","within_tournament","euro2020",0.653575234140395,1,51,51,51,1
"phase09-baselines-frozen","elo_goal_nb","open_core","frozen","regulation_1x2","brier","tournament","within_tournament","euro2024",0.657511367395823,1,51,51,51,1
"phase09-baselines-frozen","elo_goal_nb","open_core","frozen","regulation_1x2","brier","tournament","within_tournament","wc2002",0.654567677266557,1,64,64,64,1
"phase09-baselines-frozen","elo_goal_nb","open_core","frozen","regulation_1x2","brier","tournament","within_tournament","wc2006",0.619286282892423,1,64,64,64,1
"phase09-baselines-frozen","elo_goal_nb","open_core","frozen","regulation_1x2","brier","tournament","within_tournament","wc2010",0.657514140508518,1,64,64,64,1
"phase09-baselines-frozen","elo_goal_nb","open_core","frozen","regulation_1x2","brier","tournament","within_tournament","wc2014",0.640464122182845,1,64,64,64,1
"phase09-baselines-frozen","elo_goal_nb","open_core","frozen","regulation_1x2","brier","tournament","within_tournament","wc2018",0.636107482232865,1,64,64,64,1
"phase09-baselines-frozen","elo_goal_nb","open_core","frozen","regulation_1x2","brier","tournament","within_tournament","wc2022",0.633452805140864,1,64,64,64,1
"phase09-baselines-frozen","elo_goal_nb","open_core","frozen","btts","btts_brier","headline","equal_tournament","headline",0.250962563480393,12,630,630,630,1
"phase09-baselines-frozen","elo_goal_nb","open_core","frozen","btts","btts_brier","headline","fixture_weighted","headline",0.250464843865755,12,630,630,630,1
"phase09-baselines-frozen","elo_goal_nb","open_core","frozen","btts","btts_brier","tournament","within_tournament","euro2004",0.260676747046612,1,31,31,31,1
"phase09-baselines-frozen","elo_goal_nb","open_core","frozen","btts","btts_brier","tournament","within_tournament","euro2008",0.244201149264468,1,31,31,31,1
"phase09-baselines-frozen","elo_goal_nb","open_core","frozen","btts","btts_brier","tournament","within_tournament","euro2012",0.25722202349837,1,31,31,31,1
"phase09-baselines-frozen","elo_goal_nb","open_core","frozen","btts","btts_brier","tournament","within_tournament","euro2016",0.241642259779906,1,51,51,51,1
"phase09-baselines-frozen","elo_goal_nb","open_core","frozen","btts","btts_brier","tournament","within_tournament","euro2020",0.25052126598358,1,51,51,51,1
"phase09-baselines-frozen","elo_goal_nb","open_core","frozen","btts","btts_brier","tournament","within_tournament","euro2024",0.261459532990706,1,51,51,51,1
"phase09-baselines-frozen","elo_goal_nb","open_core","frozen","btts","btts_brier","tournament","within_tournament","wc2002",0.251677082886169,1,64,64,64,1
"phase09-baselines-frozen","elo_goal_nb","open_core","frozen","btts","btts_brier","tournament","within_tournament","wc2006",0.235159625587725,1,64,64,64,1
"phase09-baselines-frozen","elo_goal_nb","open_core","frozen","btts","btts_brier","tournament","within_tournament","wc2010",0.246141352077557,1,64,64,64,1
"phase09-baselines-frozen","elo_goal_nb","open_core","frozen","btts","btts_brier","tournament","within_tournament","wc2014",0.256103135055296,1,64,64,64,1
"phase09-baselines-frozen","elo_goal_nb","open_core","frozen","btts","btts_brier","tournament","within_tournament","wc2018",0.254976311543579,1,64,64,64,1
"phase09-baselines-frozen","elo_goal_nb","open_core","frozen","btts","btts_brier","tournament","within_tournament","wc2022",0.25177027605075,1,64,64,64,1
"phase09-baselines-frozen","elo_goal_nb","open_core","frozen","btts","btts_log_loss","headline","equal_tournament","headline",0.695155657365199,12,630,630,630,1
"phase09-baselines-frozen","elo_goal_nb","open_core","frozen","btts","btts_log_loss","headline","fixture_weighted","headline",0.69414990516513,12,630,630,630,1
"phase09-baselines-frozen","elo_goal_nb","open_core","frozen","btts","btts_log_loss","tournament","within_tournament","euro2004",0.71493186565081,1,31,31,31,1
"phase09-baselines-frozen","elo_goal_nb","open_core","frozen","btts","btts_log_loss","tournament","within_tournament","euro2008",0.681522331232563,1,31,31,31,1
"phase09-baselines-frozen","elo_goal_nb","open_core","frozen","btts","btts_log_loss","tournament","within_tournament","euro2012",0.707730148448618,1,31,31,31,1
"phase09-baselines-frozen","elo_goal_nb","open_core","frozen","btts","btts_log_loss","tournament","within_tournament","euro2016",0.676410150677881,1,51,51,51,1
"phase09-baselines-frozen","elo_goal_nb","open_core","frozen","btts","btts_log_loss","tournament","within_tournament","euro2020",0.694065065467074,1,51,51,51,1
"phase09-baselines-frozen","elo_goal_nb","open_core","frozen","btts","btts_log_loss","tournament","within_tournament","euro2024",0.716218722815457,1,51,51,51,1
"phase09-baselines-frozen","elo_goal_nb","open_core","frozen","btts","btts_log_loss","tournament","within_tournament","wc2002",0.696580275430919,1,64,64,64,1
"phase09-baselines-frozen","elo_goal_nb","open_core","frozen","btts","btts_log_loss","tournament","within_tournament","wc2006",0.663283464222253,1,64,64,64,1
"phase09-baselines-frozen","elo_goal_nb","open_core","frozen","btts","btts_log_loss","tournament","within_tournament","wc2010",0.685491099770028,1,64,64,64,1
"phase09-baselines-frozen","elo_goal_nb","open_core","frozen","btts","btts_log_loss","tournament","within_tournament","wc2014",0.70552200502769,1,64,64,64,1
"phase09-baselines-frozen","elo_goal_nb","open_core","frozen","btts","btts_log_loss","tournament","within_tournament","wc2018",0.703226939439981,1,64,64,64,1
"phase09-baselines-frozen","elo_goal_nb","open_core","frozen","btts","btts_log_loss","tournament","within_tournament","wc2022",0.696885820199115,1,64,64,64,1
"phase09-baselines-frozen","elo_goal_nb","open_core","frozen","regulation_1x2","calibration_error","headline","fixed_equal_tournament_bins","headline",0.0256613103041289,12,630,630,630,1
"phase09-baselines-frozen","elo_goal_nb","open_core","frozen","regulation_scoreline","exact_score_hit","headline","equal_tournament","headline",0.134637557980181,12,630,630,630,1
"phase09-baselines-frozen","elo_goal_nb","open_core","frozen","regulation_scoreline","exact_score_hit","headline","fixture_weighted","headline",0.133333333333333,12,630,630,630,1
"phase09-baselines-frozen","elo_goal_nb","open_core","frozen","regulation_scoreline","exact_score_hit","tournament","within_tournament","euro2004",0.161290322580645,1,31,31,31,1
"phase09-baselines-frozen","elo_goal_nb","open_core","frozen","regulation_scoreline","exact_score_hit","tournament","within_tournament","euro2008",0.129032258064516,1,31,31,31,1
"phase09-baselines-frozen","elo_goal_nb","open_core","frozen","regulation_scoreline","exact_score_hit","tournament","within_tournament","euro2012",0.0967741935483871,1,31,31,31,1
"phase09-baselines-frozen","elo_goal_nb","open_core","frozen","regulation_scoreline","exact_score_hit","tournament","within_tournament","euro2016",0.137254901960784,1,51,51,51,1
"phase09-baselines-frozen","elo_goal_nb","open_core","frozen","regulation_scoreline","exact_score_hit","tournament","within_tournament","euro2020",0.117647058823529,1,51,51,51,1
"phase09-baselines-frozen","elo_goal_nb","open_core","frozen","regulation_scoreline","exact_score_hit","tournament","within_tournament","euro2024",0.254901960784314,1,51,51,51,1
"phase09-baselines-frozen","elo_goal_nb","open_core","frozen","regulation_scoreline","exact_score_hit","tournament","within_tournament","wc2002",0.09375,1,64,64,64,1
"phase09-baselines-frozen","elo_goal_nb","open_core","frozen","regulation_scoreline","exact_score_hit","tournament","within_tournament","wc2006",0.15625,1,64,64,64,1
"phase09-baselines-frozen","elo_goal_nb","open_core","frozen","regulation_scoreline","exact_score_hit","tournament","within_tournament","wc2010",0.140625,1,64,64,64,1
"phase09-baselines-frozen","elo_goal_nb","open_core","frozen","regulation_scoreline","exact_score_hit","tournament","within_tournament","wc2014",0.1875,1,64,64,64,1
"phase09-baselines-frozen","elo_goal_nb","open_core","frozen","regulation_scoreline","exact_score_hit","tournament","within_tournament","wc2018",0.0625,1,64,64,64,1
"phase09-baselines-frozen","elo_goal_nb","open_core","frozen","regulation_scoreline","exact_score_hit","tournament","within_tournament","wc2022",0.078125,1,64,64,64,1
"phase09-baselines-frozen","elo_goal_nb","open_core","frozen","home_goals","home_goal_rps","headline","equal_tournament","headline",0.653685434419133,12,630,630,630,1
"phase09-baselines-frozen","elo_goal_nb","open_core","frozen","home_goals","home_goal_rps","headline","fixture_weighted","headline",0.656502869628162,12,630,630,630,1
"phase09-baselines-frozen","elo_goal_nb","open_core","frozen","home_goals","home_goal_rps","tournament","within_tournament","euro2004",0.628404690005718,1,31,31,31,1
"phase09-baselines-frozen","elo_goal_nb","open_core","frozen","home_goals","home_goal_rps","tournament","within_tournament","euro2008",0.642143638727073,1,31,31,31,1
"phase09-baselines-frozen","elo_goal_nb","open_core","frozen","home_goals","home_goal_rps","tournament","within_tournament","euro2012",0.679767785918413,1,31,31,31,1
"phase09-baselines-frozen","elo_goal_nb","open_core","frozen","home_goals","home_goal_rps","tournament","within_tournament","euro2016",0.614657416335623,1,51,51,51,1
"phase09-baselines-frozen","elo_goal_nb","open_core","frozen","home_goals","home_goal_rps","tournament","within_tournament","euro2020",0.689716533892157,1,51,51,51,1
"phase09-baselines-frozen","elo_goal_nb","open_core","frozen","home_goals","home_goal_rps","tournament","within_tournament","euro2024",0.547408663977043,1,51,51,51,1
"phase09-baselines-frozen","elo_goal_nb","open_core","frozen","home_goals","home_goal_rps","tournament","within_tournament","wc2002",0.66608444923527,1,64,64,64,1
"phase09-baselines-frozen","elo_goal_nb","open_core","frozen","home_goals","home_goal_rps","tournament","within_tournament","wc2006",0.655471987426901,1,64,64,64,1
"phase09-baselines-frozen","elo_goal_nb","open_core","frozen","home_goals","home_goal_rps","tournament","within_tournament","wc2010",0.682665159210809,1,64,64,64,1
"phase09-baselines-frozen","elo_goal_nb","open_core","frozen","home_goals","home_goal_rps","tournament","within_tournament","wc2014",0.570811970246888,1,64,64,64,1
"phase09-baselines-frozen","elo_goal_nb","open_core","frozen","home_goals","home_goal_rps","tournament","within_tournament","wc2018",0.675034585394202,1,64,64,64,1
"phase09-baselines-frozen","elo_goal_nb","open_core","frozen","home_goals","home_goal_rps","tournament","within_tournament","wc2022",0.792058332659502,1,64,64,64,1
"phase09-baselines-frozen","elo_goal_nb","open_core","frozen","regulation_scoreline","joint_scoreline_log_loss","headline","equal_tournament","headline",2.86312324052447,12,630,630,630,1
"phase09-baselines-frozen","elo_goal_nb","open_core","frozen","regulation_scoreline","joint_scoreline_log_loss","headline","fixture_weighted","headline",2.86986117575132,12,630,630,630,1
"phase09-baselines-frozen","elo_goal_nb","open_core","frozen","regulation_scoreline","joint_scoreline_log_loss","tournament","within_tournament","euro2004",2.87501336116432,1,31,31,31,1
"phase09-baselines-frozen","elo_goal_nb","open_core","frozen","regulation_scoreline","joint_scoreline_log_loss","tournament","within_tournament","euro2008",2.81451921817905,1,31,31,31,1
"phase09-baselines-frozen","elo_goal_nb","open_core","frozen","regulation_scoreline","joint_scoreline_log_loss","tournament","within_tournament","euro2012",2.86572200031316,1,31,31,31,1
"phase09-baselines-frozen","elo_goal_nb","open_core","frozen","regulation_scoreline","joint_scoreline_log_loss","tournament","within_tournament","euro2016",2.7029965182959,1,51,51,51,1
"phase09-baselines-frozen","elo_goal_nb","open_core","frozen","regulation_scoreline","joint_scoreline_log_loss","tournament","within_tournament","euro2020",2.96831697112286,1,51,51,51,1
"phase09-baselines-frozen","elo_goal_nb","open_core","frozen","regulation_scoreline","joint_scoreline_log_loss","tournament","within_tournament","euro2024",2.6781255006425,1,51,51,51,1
"phase09-baselines-frozen","elo_goal_nb","open_core","frozen","regulation_scoreline","joint_scoreline_log_loss","tournament","within_tournament","wc2002",2.90195018122262,1,64,64,64,1
"phase09-baselines-frozen","elo_goal_nb","open_core","frozen","regulation_scoreline","joint_scoreline_log_loss","tournament","within_tournament","wc2006",2.80937510061388,1,64,64,64,1
"phase09-baselines-frozen","elo_goal_nb","open_core","frozen","regulation_scoreline","joint_scoreline_log_loss","tournament","within_tournament","wc2010",2.80992200863887,1,64,64,64,1
"phase09-baselines-frozen","elo_goal_nb","open_core","frozen","regulation_scoreline","joint_scoreline_log_loss","tournament","within_tournament","wc2014",3.00979015729111,1,64,64,64,1
"phase09-baselines-frozen","elo_goal_nb","open_core","frozen","regulation_scoreline","joint_scoreline_log_loss","tournament","within_tournament","wc2018",2.89139895467112,1,64,64,64,1
"phase09-baselines-frozen","elo_goal_nb","open_core","frozen","regulation_scoreline","joint_scoreline_log_loss","tournament","within_tournament","wc2022",3.03034891413823,1,64,64,64,1
"phase09-baselines-frozen","elo_goal_nb","open_core","frozen","regulation_1x2","log_loss","headline","equal_tournament","headline",1.06951651543303,12,630,630,630,1
"phase09-baselines-frozen","elo_goal_nb","open_core","frozen","regulation_1x2","log_loss","headline","fixture_weighted","headline",1.06916878639559,12,630,630,630,1
"phase09-baselines-frozen","elo_goal_nb","open_core","frozen","regulation_1x2","log_loss","tournament","within_tournament","euro2004",1.07733873312211,1,31,31,31,1
"phase09-baselines-frozen","elo_goal_nb","open_core","frozen","regulation_1x2","log_loss","tournament","within_tournament","euro2008",1.0243724145153,1,31,31,31,1
"phase09-baselines-frozen","elo_goal_nb","open_core","frozen","regulation_1x2","log_loss","tournament","within_tournament","euro2012",1.09023220552072,1,31,31,31,1
"phase09-baselines-frozen","elo_goal_nb","open_core","frozen","regulation_1x2","log_loss","tournament","within_tournament","euro2016",1.08452524790518,1,51,51,51,1
"phase09-baselines-frozen","elo_goal_nb","open_core","frozen","regulation_1x2","log_loss","tournament","within_tournament","euro2020",1.08808305689115,1,51,51,51,1
"phase09-baselines-frozen","elo_goal_nb","open_core","frozen","regulation_1x2","log_loss","tournament","within_tournament","euro2024",1.09494690821373,1,51,51,51,1
"phase09-baselines-frozen","elo_goal_nb","open_core","frozen","regulation_1x2","log_loss","tournament","within_tournament","wc2002",1.08462163844308,1,64,64,64,1
"phase09-baselines-frozen","elo_goal_nb","open_core","frozen","regulation_1x2","log_loss","tournament","within_tournament","wc2006",1.03109557672497,1,64,64,64,1
"phase09-baselines-frozen","elo_goal_nb","open_core","frozen","regulation_1x2","log_loss","tournament","within_tournament","wc2010",1.0884503961166,1,64,64,64,1
"phase09-baselines-frozen","elo_goal_nb","open_core","frozen","regulation_1x2","log_loss","tournament","within_tournament","wc2014",1.06293393234924,1,64,64,64,1
"phase09-baselines-frozen","elo_goal_nb","open_core","frozen","regulation_1x2","log_loss","tournament","within_tournament","wc2018",1.05137739518748,1,64,64,64,1
"phase09-baselines-frozen","elo_goal_nb","open_core","frozen","regulation_1x2","log_loss","tournament","within_tournament","wc2022",1.05622068020683,1,64,64,64,1
"phase09-baselines-frozen","elo_goal_nb","open_core","frozen","over_2_5","over_2_5_brier","headline","equal_tournament","headline",0.245750822781782,12,630,630,630,1
"phase09-baselines-frozen","elo_goal_nb","open_core","frozen","over_2_5","over_2_5_brier","headline","fixture_weighted","headline",0.245536162632007,12,630,630,630,1
"phase09-baselines-frozen","elo_goal_nb","open_core","frozen","over_2_5","over_2_5_brier","tournament","within_tournament","euro2004",0.256250230603527,1,31,31,31,1
"phase09-baselines-frozen","elo_goal_nb","open_core","frozen","over_2_5","over_2_5_brier","tournament","within_tournament","euro2008",0.24216571061517,1,31,31,31,1
"phase09-baselines-frozen","elo_goal_nb","open_core","frozen","over_2_5","over_2_5_brier","tournament","within_tournament","euro2012",0.248364655509143,1,31,31,31,1
"phase09-baselines-frozen","elo_goal_nb","open_core","frozen","over_2_5","over_2_5_brier","tournament","within_tournament","euro2016",0.231219707357405,1,51,51,51,1
"phase09-baselines-frozen","elo_goal_nb","open_core","frozen","over_2_5","over_2_5_brier","tournament","within_tournament","euro2020",0.253367385805228,1,51,51,51,1
"phase09-baselines-frozen","elo_goal_nb","open_core","frozen","over_2_5","over_2_5_brier","tournament","within_tournament","euro2024",0.2388813488547,1,51,51,51,1
"phase09-baselines-frozen","elo_goal_nb","open_core","frozen","over_2_5","over_2_5_brier","tournament","within_tournament","wc2002",0.241045744571753,1,64,64,64,1
"phase09-baselines-frozen","elo_goal_nb","open_core","frozen","over_2_5","over_2_5_brier","tournament","within_tournament","wc2006",0.240153941224073,1,64,64,64,1
"phase09-baselines-frozen","elo_goal_nb","open_core","frozen","over_2_5","over_2_5_brier","tournament","within_tournament","wc2010",0.241809164932695,1,64,64,64,1
"phase09-baselines-frozen","elo_goal_nb","open_core","frozen","over_2_5","over_2_5_brier","tournament","within_tournament","wc2014",0.257707167906298,1,64,64,64,1
"phase09-baselines-frozen","elo_goal_nb","open_core","frozen","over_2_5","over_2_5_brier","tournament","within_tournament","wc2018",0.247447714499087,1,64,64,64,1
"phase09-baselines-frozen","elo_goal_nb","open_core","frozen","over_2_5","over_2_5_brier","tournament","within_tournament","wc2022",0.250597101502308,1,64,64,64,1
"phase09-baselines-frozen","elo_goal_nb","open_core","frozen","over_2_5","over_2_5_log_loss","headline","equal_tournament","headline",0.684651092107404,12,630,630,630,1
"phase09-baselines-frozen","elo_goal_nb","open_core","frozen","over_2_5","over_2_5_log_loss","headline","fixture_weighted","headline",0.68421543016008,12,630,630,630,1
"phase09-baselines-frozen","elo_goal_nb","open_core","frozen","over_2_5","over_2_5_log_loss","tournament","within_tournament","euro2004",0.705809681566504,1,31,31,31,1
"phase09-baselines-frozen","elo_goal_nb","open_core","frozen","over_2_5","over_2_5_log_loss","tournament","within_tournament","euro2008",0.677448175443338,1,31,31,31,1
"phase09-baselines-frozen","elo_goal_nb","open_core","frozen","over_2_5","over_2_5_log_loss","tournament","within_tournament","euro2012",0.689988584588464,1,31,31,31,1
"phase09-baselines-frozen","elo_goal_nb","open_core","frozen","over_2_5","over_2_5_log_loss","tournament","within_tournament","euro2016",0.655361711771481,1,51,51,51,1
"phase09-baselines-frozen","elo_goal_nb","open_core","frozen","over_2_5","over_2_5_log_loss","tournament","within_tournament","euro2020",0.699975030568,1,51,51,51,1
"phase09-baselines-frozen","elo_goal_nb","open_core","frozen","over_2_5","over_2_5_log_loss","tournament","within_tournament","euro2024",0.670754424190668,1,51,51,51,1
"phase09-baselines-frozen","elo_goal_nb","open_core","frozen","over_2_5","over_2_5_log_loss","tournament","within_tournament","wc2002",0.675163114594827,1,64,64,64,1
"phase09-baselines-frozen","elo_goal_nb","open_core","frozen","over_2_5","over_2_5_log_loss","tournament","within_tournament","wc2006",0.67337627803255,1,64,64,64,1
"phase09-baselines-frozen","elo_goal_nb","open_core","frozen","over_2_5","over_2_5_log_loss","tournament","within_tournament","wc2010",0.676687057426463,1,64,64,64,1
"phase09-baselines-frozen","elo_goal_nb","open_core","frozen","over_2_5","over_2_5_log_loss","tournament","within_tournament","wc2014",0.708660811905516,1,64,64,64,1
"phase09-baselines-frozen","elo_goal_nb","open_core","frozen","over_2_5","over_2_5_log_loss","tournament","within_tournament","wc2018",0.688026425319946,1,64,64,64,1
"phase09-baselines-frozen","elo_goal_nb","open_core","frozen","over_2_5","over_2_5_log_loss","tournament","within_tournament","wc2022",0.694561809881097,1,64,64,64,1
"phase09-baselines-frozen","elo_goal_nb","open_core","frozen","regulation_1x2","rps","headline","equal_tournament","headline",0.222488635674597,12,630,630,630,1
"phase09-baselines-frozen","elo_goal_nb","open_core","frozen","regulation_1x2","rps","headline","fixture_weighted","headline",0.222366005932213,12,630,630,630,1
"phase09-baselines-frozen","elo_goal_nb","open_core","frozen","regulation_1x2","rps","tournament","within_tournament","euro2004",0.207432586511803,1,31,31,31,1
"phase09-baselines-frozen","elo_goal_nb","open_core","frozen","regulation_1x2","rps","tournament","within_tournament","euro2008",0.227565017482987,1,31,31,31,1
"phase09-baselines-frozen","elo_goal_nb","open_core","frozen","regulation_1x2","rps","tournament","within_tournament","euro2012",0.242627431108916,1,31,31,31,1
"phase09-baselines-frozen","elo_goal_nb","open_core","frozen","regulation_1x2","rps","tournament","within_tournament","euro2016",0.219593542336172,1,51,51,51,1
"phase09-baselines-frozen","elo_goal_nb","open_core","frozen","regulation_1x2","rps","tournament","within_tournament","euro2020",0.219131862392331,1,51,51,51,1
"phase09-baselines-frozen","elo_goal_nb","open_core","frozen","regulation_1x2","rps","tournament","within_tournament","euro2024",0.208894772377195,1,51,51,51,1
"phase09-baselines-frozen","elo_goal_nb","open_core","frozen","regulation_1x2","rps","tournament","within_tournament","wc2002",0.22286228257362,1,64,64,64,1
"phase09-baselines-frozen","elo_goal_nb","open_core","frozen","regulation_1x2","rps","tournament","within_tournament","wc2006",0.212144929195862,1,64,64,64,1
"phase09-baselines-frozen","elo_goal_nb","open_core","frozen","regulation_1x2","rps","tournament","within_tournament","wc2010",0.22821501416497,1,64,64,64,1
"phase09-baselines-frozen","elo_goal_nb","open_core","frozen","regulation_1x2","rps","tournament","within_tournament","wc2014",0.223316208416854,1,64,64,64,1
"phase09-baselines-frozen","elo_goal_nb","open_core","frozen","regulation_1x2","rps","tournament","within_tournament","wc2018",0.230619947484092,1,64,64,64,1
"phase09-baselines-frozen","elo_goal_nb","open_core","frozen","regulation_1x2","rps","tournament","within_tournament","wc2022",0.227460034050359,1,64,64,64,1
"phase09-baselines-frozen","elo_goal_nb","open_core","frozen","under_2_5","under_2_5_brier","headline","equal_tournament","headline",0.245750822781782,12,630,630,630,1
"phase09-baselines-frozen","elo_goal_nb","open_core","frozen","under_2_5","under_2_5_brier","headline","fixture_weighted","headline",0.245536162632008,12,630,630,630,1
"phase09-baselines-frozen","elo_goal_nb","open_core","frozen","under_2_5","under_2_5_brier","tournament","within_tournament","euro2004",0.256250230603527,1,31,31,31,1
"phase09-baselines-frozen","elo_goal_nb","open_core","frozen","under_2_5","under_2_5_brier","tournament","within_tournament","euro2008",0.242165710615171,1,31,31,31,1
"phase09-baselines-frozen","elo_goal_nb","open_core","frozen","under_2_5","under_2_5_brier","tournament","within_tournament","euro2012",0.248364655509143,1,31,31,31,1
"phase09-baselines-frozen","elo_goal_nb","open_core","frozen","under_2_5","under_2_5_brier","tournament","within_tournament","euro2016",0.231219707357405,1,51,51,51,1
"phase09-baselines-frozen","elo_goal_nb","open_core","frozen","under_2_5","under_2_5_brier","tournament","within_tournament","euro2020",0.253367385805229,1,51,51,51,1
"phase09-baselines-frozen","elo_goal_nb","open_core","frozen","under_2_5","under_2_5_brier","tournament","within_tournament","euro2024",0.238881348854699,1,51,51,51,1
"phase09-baselines-frozen","elo_goal_nb","open_core","frozen","under_2_5","under_2_5_brier","tournament","within_tournament","wc2002",0.241045744571753,1,64,64,64,1
"phase09-baselines-frozen","elo_goal_nb","open_core","frozen","under_2_5","under_2_5_brier","tournament","within_tournament","wc2006",0.240153941224073,1,64,64,64,1
"phase09-baselines-frozen","elo_goal_nb","open_core","frozen","under_2_5","under_2_5_brier","tournament","within_tournament","wc2010",0.241809164932695,1,64,64,64,1
"phase09-baselines-frozen","elo_goal_nb","open_core","frozen","under_2_5","under_2_5_brier","tournament","within_tournament","wc2014",0.257707167906298,1,64,64,64,1
"phase09-baselines-frozen","elo_goal_nb","open_core","frozen","under_2_5","under_2_5_brier","tournament","within_tournament","wc2018",0.247447714499087,1,64,64,64,1
"phase09-baselines-frozen","elo_goal_nb","open_core","frozen","under_2_5","under_2_5_brier","tournament","within_tournament","wc2022",0.250597101502308,1,64,64,64,1
"phase09-baselines-frozen","elo_goal_nb","open_core","frozen","under_2_5","under_2_5_log_loss","headline","equal_tournament","headline",0.684651092107404,12,630,630,630,1
"phase09-baselines-frozen","elo_goal_nb","open_core","frozen","under_2_5","under_2_5_log_loss","headline","fixture_weighted","headline",0.68421543016008,12,630,630,630,1
"phase09-baselines-frozen","elo_goal_nb","open_core","frozen","under_2_5","under_2_5_log_loss","tournament","within_tournament","euro2004",0.705809681566503,1,31,31,31,1
"phase09-baselines-frozen","elo_goal_nb","open_core","frozen","under_2_5","under_2_5_log_loss","tournament","within_tournament","euro2008",0.677448175443338,1,31,31,31,1
"phase09-baselines-frozen","elo_goal_nb","open_core","frozen","under_2_5","under_2_5_log_loss","tournament","within_tournament","euro2012",0.689988584588464,1,31,31,31,1
"phase09-baselines-frozen","elo_goal_nb","open_core","frozen","under_2_5","under_2_5_log_loss","tournament","within_tournament","euro2016",0.655361711771481,1,51,51,51,1
"phase09-baselines-frozen","elo_goal_nb","open_core","frozen","under_2_5","under_2_5_log_loss","tournament","within_tournament","euro2020",0.699975030568,1,51,51,51,1
"phase09-baselines-frozen","elo_goal_nb","open_core","frozen","under_2_5","under_2_5_log_loss","tournament","within_tournament","euro2024",0.670754424190668,1,51,51,51,1
"phase09-baselines-frozen","elo_goal_nb","open_core","frozen","under_2_5","under_2_5_log_loss","tournament","within_tournament","wc2002",0.675163114594827,1,64,64,64,1
"phase09-baselines-frozen","elo_goal_nb","open_core","frozen","under_2_5","under_2_5_log_loss","tournament","within_tournament","wc2006",0.67337627803255,1,64,64,64,1
"phase09-baselines-frozen","elo_goal_nb","open_core","frozen","under_2_5","under_2_5_log_loss","tournament","within_tournament","wc2010",0.676687057426463,1,64,64,64,1
"phase09-baselines-frozen","elo_goal_nb","open_core","frozen","under_2_5","under_2_5_log_loss","tournament","within_tournament","wc2014",0.708660811905517,1,64,64,64,1
"phase09-baselines-frozen","elo_goal_nb","open_core","frozen","under_2_5","under_2_5_log_loss","tournament","within_tournament","wc2018",0.688026425319946,1,64,64,64,1
"phase09-baselines-frozen","elo_goal_nb","open_core","frozen","under_2_5","under_2_5_log_loss","tournament","within_tournament","wc2022",0.694561809881097,1,64,64,64,1
"phase09-baselines-frozen","elo_goal_nb","open_core","frozen","regulation_1x2","winner_pick_accuracy","headline","equal_tournament","headline",0.426529886148008,12,630,630,630,1
"phase09-baselines-frozen","elo_goal_nb","open_core","frozen","regulation_1x2","winner_pick_accuracy","headline","fixture_weighted","headline",0.428571428571428,12,630,630,630,1
"phase09-baselines-frozen","elo_goal_nb","open_core","frozen","regulation_1x2","winner_pick_accuracy","tournament","within_tournament","euro2004",0.387096774193548,1,31,31,31,1
"phase09-baselines-frozen","elo_goal_nb","open_core","frozen","regulation_1x2","winner_pick_accuracy","tournament","within_tournament","euro2008",0.516129032258065,1,31,31,31,1
"phase09-baselines-frozen","elo_goal_nb","open_core","frozen","regulation_1x2","winner_pick_accuracy","tournament","within_tournament","euro2012",0.354838709677419,1,31,31,31,1
"phase09-baselines-frozen","elo_goal_nb","open_core","frozen","regulation_1x2","winner_pick_accuracy","tournament","within_tournament","euro2016",0.411764705882353,1,51,51,51,1
"phase09-baselines-frozen","elo_goal_nb","open_core","frozen","regulation_1x2","winner_pick_accuracy","tournament","within_tournament","euro2020",0.431372549019608,1,51,51,51,1
"phase09-baselines-frozen","elo_goal_nb","open_core","frozen","regulation_1x2","winner_pick_accuracy","tournament","within_tournament","euro2024",0.392156862745098,1,51,51,51,1
"phase09-baselines-frozen","elo_goal_nb","open_core","frozen","regulation_1x2","winner_pick_accuracy","tournament","within_tournament","wc2002",0.421875,1,64,64,64,1
"phase09-baselines-frozen","elo_goal_nb","open_core","frozen","regulation_1x2","winner_pick_accuracy","tournament","within_tournament","wc2006",0.546875,1,64,64,64,1
"phase09-baselines-frozen","elo_goal_nb","open_core","frozen","regulation_1x2","winner_pick_accuracy","tournament","within_tournament","wc2010",0.390625,1,64,64,64,1
"phase09-baselines-frozen","elo_goal_nb","open_core","frozen","regulation_1x2","winner_pick_accuracy","tournament","within_tournament","wc2014",0.453125,1,64,64,64,1
"phase09-baselines-frozen","elo_goal_nb","open_core","frozen","regulation_1x2","winner_pick_accuracy","tournament","within_tournament","wc2018",0.453125,1,64,64,64,1
"phase09-baselines-frozen","elo_goal_nb","open_core","frozen","regulation_1x2","winner_pick_accuracy","tournament","within_tournament","wc2022",0.359375,1,64,64,64,1
"phase09-baselines-frozen","elo_goal_nb","open_core","updating","away_goals","away_goal_rps","headline","equal_tournament","headline",0.530477185460141,12,630,630,630,1
"phase09-baselines-frozen","elo_goal_nb","open_core","updating","away_goals","away_goal_rps","headline","fixture_weighted","headline",0.533422314842697,12,630,630,630,1
"phase09-baselines-frozen","elo_goal_nb","open_core","updating","away_goals","away_goal_rps","tournament","within_tournament","euro2004",0.558372800932775,1,31,31,31,1
"phase09-baselines-frozen","elo_goal_nb","open_core","updating","away_goals","away_goal_rps","tournament","within_tournament","euro2008",0.505252984000864,1,31,31,31,1
"phase09-baselines-frozen","elo_goal_nb","open_core","updating","away_goals","away_goal_rps","tournament","within_tournament","euro2012",0.506234596936296,1,31,31,31,1
"phase09-baselines-frozen","elo_goal_nb","open_core","updating","away_goals","away_goal_rps","tournament","within_tournament","euro2016",0.476421868286819,1,51,51,51,1
"phase09-baselines-frozen","elo_goal_nb","open_core","updating","away_goals","away_goal_rps","tournament","within_tournament","euro2020",0.523394515149862,1,51,51,51,1
"phase09-baselines-frozen","elo_goal_nb","open_core","updating","away_goals","away_goal_rps","tournament","within_tournament","euro2024",0.503647268931127,1,51,51,51,1
"phase09-baselines-frozen","elo_goal_nb","open_core","updating","away_goals","away_goal_rps","tournament","within_tournament","wc2002",0.52697122638337,1,64,64,64,1
"phase09-baselines-frozen","elo_goal_nb","open_core","updating","away_goals","away_goal_rps","tournament","within_tournament","wc2006",0.496685354950537,1,64,64,64,1
"phase09-baselines-frozen","elo_goal_nb","open_core","updating","away_goals","away_goal_rps","tournament","within_tournament","wc2010",0.457627886832229,1,64,64,64,1
"phase09-baselines-frozen","elo_goal_nb","open_core","updating","away_goals","away_goal_rps","tournament","within_tournament","wc2014",0.733094163961716,1,64,64,64,1
"phase09-baselines-frozen","elo_goal_nb","open_core","updating","away_goals","away_goal_rps","tournament","within_tournament","wc2018",0.516695981102405,1,64,64,64,1
"phase09-baselines-frozen","elo_goal_nb","open_core","updating","away_goals","away_goal_rps","tournament","within_tournament","wc2022",0.561327578053696,1,64,64,64,1
"phase09-baselines-frozen","elo_goal_nb","open_core","updating","regulation_1x2","brier","headline","equal_tournament","headline",0.605290558978919,12,630,630,630,1
"phase09-baselines-frozen","elo_goal_nb","open_core","updating","regulation_1x2","brier","headline","fixture_weighted","headline",0.603165669454384,12,630,630,630,1
"phase09-baselines-frozen","elo_goal_nb","open_core","updating","regulation_1x2","brier","tournament","within_tournament","euro2004",0.634025364053464,1,31,31,31,1
"phase09-baselines-frozen","elo_goal_nb","open_core","updating","regulation_1x2","brier","tournament","within_tournament","euro2008",0.571825847562559,1,31,31,31,1
"phase09-baselines-frozen","elo_goal_nb","open_core","updating","regulation_1x2","brier","tournament","within_tournament","euro2012",0.619713632115223,1,31,31,31,1
"phase09-baselines-frozen","elo_goal_nb","open_core","updating","regulation_1x2","brier","tournament","within_tournament","euro2016",0.652641244591509,1,51,51,51,1
"phase09-baselines-frozen","elo_goal_nb","open_core","updating","regulation_1x2","brier","tournament","within_tournament","euro2020",0.598069989179395,1,51,51,51,1
"phase09-baselines-frozen","elo_goal_nb","open_core","updating","regulation_1x2","brier","tournament","within_tournament","euro2024",0.643530127491916,1,51,51,51,1
"phase09-baselines-frozen","elo_goal_nb","open_core","updating","regulation_1x2","brier","tournament","within_tournament","wc2002",0.636178900555461,1,64,64,64,1
"phase09-baselines-frozen","elo_goal_nb","open_core","updating","regulation_1x2","brier","tournament","within_tournament","wc2006",0.546306399856156,1,64,64,64,1
"phase09-baselines-frozen","elo_goal_nb","open_core","updating","regulation_1x2","brier","tournament","within_tournament","wc2010",0.57944704656684,1,64,64,64,1
"phase09-baselines-frozen","elo_goal_nb","open_core","updating","regulation_1x2","brier","tournament","within_tournament","wc2014",0.610669697592226,1,64,64,64,1
"phase09-baselines-frozen","elo_goal_nb","open_core","updating","regulation_1x2","brier","tournament","within_tournament","wc2018",0.573019133267826,1,64,64,64,1
"phase09-baselines-frozen","elo_goal_nb","open_core","updating","regulation_1x2","brier","tournament","within_tournament","wc2022",0.598059324914455,1,64,64,64,1
"phase09-baselines-frozen","elo_goal_nb","open_core","updating","btts","btts_brier","headline","equal_tournament","headline",0.25035869747104,12,630,630,630,1
"phase09-baselines-frozen","elo_goal_nb","open_core","updating","btts","btts_brier","headline","fixture_weighted","headline",0.249863231001624,12,630,630,630,1
"phase09-baselines-frozen","elo_goal_nb","open_core","updating","btts","btts_brier","tournament","within_tournament","euro2004",0.260029932607547,1,31,31,31,1
"phase09-baselines-frozen","elo_goal_nb","open_core","updating","btts","btts_brier","tournament","within_tournament","euro2008",0.245878576804533,1,31,31,31,1
"phase09-baselines-frozen","elo_goal_nb","open_core","updating","btts","btts_brier","tournament","within_tournament","euro2012",0.254438602727315,1,31,31,31,1
"phase09-baselines-frozen","elo_goal_nb","open_core","updating","btts","btts_brier","tournament","within_tournament","euro2016",0.241983134126007,1,51,51,51,1
"phase09-baselines-frozen","elo_goal_nb","open_core","updating","btts","btts_brier","tournament","within_tournament","euro2020",0.247888264445592,1,51,51,51,1
"phase09-baselines-frozen","elo_goal_nb","open_core","updating","btts","btts_brier","tournament","within_tournament","euro2024",0.261681634208064,1,51,51,51,1
"phase09-baselines-frozen","elo_goal_nb","open_core","updating","btts","btts_brier","tournament","within_tournament","wc2002",0.251575069624716,1,64,64,64,1
"phase09-baselines-frozen","elo_goal_nb","open_core","updating","btts","btts_brier","tournament","within_tournament","wc2006",0.231480587134485,1,64,64,64,1
"phase09-baselines-frozen","elo_goal_nb","open_core","updating","btts","btts_brier","tournament","within_tournament","wc2010",0.245874640917644,1,64,64,64,1
"phase09-baselines-frozen","elo_goal_nb","open_core","updating","btts","btts_brier","tournament","within_tournament","wc2014",0.256472559285702,1,64,64,64,1
"phase09-baselines-frozen","elo_goal_nb","open_core","updating","btts","btts_brier","tournament","within_tournament","wc2018",0.256511880548043,1,64,64,64,1
"phase09-baselines-frozen","elo_goal_nb","open_core","updating","btts","btts_brier","tournament","within_tournament","wc2022",0.250489487222829,1,64,64,64,1
"phase09-baselines-frozen","elo_goal_nb","open_core","updating","btts","btts_log_loss","headline","equal_tournament","headline",0.693889475436229,12,630,630,630,1
"phase09-baselines-frozen","elo_goal_nb","open_core","updating","btts","btts_log_loss","headline","fixture_weighted","headline",0.692887336955367,12,630,630,630,1
"phase09-baselines-frozen","elo_goal_nb","open_core","updating","btts","btts_log_loss","tournament","within_tournament","euro2004",0.713575230769761,1,31,31,31,1
"phase09-baselines-frozen","elo_goal_nb","open_core","updating","btts","btts_log_loss","tournament","within_tournament","euro2008",0.684977085149556,1,31,31,31,1
"phase09-baselines-frozen","elo_goal_nb","open_core","updating","btts","btts_log_loss","tournament","within_tournament","euro2012",0.702011531685316,1,31,31,31,1
"phase09-baselines-frozen","elo_goal_nb","open_core","updating","btts","btts_log_loss","tournament","within_tournament","euro2016",0.677172317671122,1,51,51,51,1
"phase09-baselines-frozen","elo_goal_nb","open_core","updating","btts","btts_log_loss","tournament","within_tournament","euro2020",0.688449133878985,1,51,51,51,1
"phase09-baselines-frozen","elo_goal_nb","open_core","updating","btts","btts_log_loss","tournament","within_tournament","euro2024",0.716646847079862,1,51,51,51,1
"phase09-baselines-frozen","elo_goal_nb","open_core","updating","btts","btts_log_loss","tournament","within_tournament","wc2002",0.696372719930325,1,64,64,64,1
"phase09-baselines-frozen","elo_goal_nb","open_core","updating","btts","btts_log_loss","tournament","within_tournament","wc2006",0.655703697131579,1,64,64,64,1
"phase09-baselines-frozen","elo_goal_nb","open_core","updating","btts","btts_log_loss","tournament","within_tournament","wc2010",0.684933545581871,1,64,64,64,1
"phase09-baselines-frozen","elo_goal_nb","open_core","updating","btts","btts_log_loss","tournament","within_tournament","wc2014",0.706307879776644,1,64,64,64,1
"phase09-baselines-frozen","elo_goal_nb","open_core","updating","btts","btts_log_loss","tournament","within_tournament","wc2018",0.706337052508248,1,64,64,64,1
"phase09-baselines-frozen","elo_goal_nb","open_core","updating","btts","btts_log_loss","tournament","within_tournament","wc2022",0.694186664071473,1,64,64,64,1
"phase09-baselines-frozen","elo_goal_nb","open_core","updating","regulation_1x2","calibration_error","headline","fixed_equal_tournament_bins","headline",0.0376433770287259,12,630,630,630,1
"phase09-baselines-frozen","elo_goal_nb","open_core","updating","regulation_scoreline","exact_score_hit","headline","equal_tournament","headline",0.138102367963314,12,630,630,630,1
"phase09-baselines-frozen","elo_goal_nb","open_core","updating","regulation_scoreline","exact_score_hit","headline","fixture_weighted","headline",0.141269841269841,12,630,630,630,1
"phase09-baselines-frozen","elo_goal_nb","open_core","updating","regulation_scoreline","exact_score_hit","tournament","within_tournament","euro2004",0.0645161290322581,1,31,31,31,1
"phase09-baselines-frozen","elo_goal_nb","open_core","updating","regulation_scoreline","exact_score_hit","tournament","within_tournament","euro2008",0.161290322580645,1,31,31,31,1
"phase09-baselines-frozen","elo_goal_nb","open_core","updating","regulation_scoreline","exact_score_hit","tournament","within_tournament","euro2012",0.129032258064516,1,31,31,31,1
"phase09-baselines-frozen","elo_goal_nb","open_core","updating","regulation_scoreline","exact_score_hit","tournament","within_tournament","euro2016",0.137254901960784,1,51,51,51,1
"phase09-baselines-frozen","elo_goal_nb","open_core","updating","regulation_scoreline","exact_score_hit","tournament","within_tournament","euro2020",0.156862745098039,1,51,51,51,1
"phase09-baselines-frozen","elo_goal_nb","open_core","updating","regulation_scoreline","exact_score_hit","tournament","within_tournament","euro2024",0.117647058823529,1,51,51,51,1
"phase09-baselines-frozen","elo_goal_nb","open_core","updating","regulation_scoreline","exact_score_hit","tournament","within_tournament","wc2002",0.140625,1,64,64,64,1
"phase09-baselines-frozen","elo_goal_nb","open_core","updating","regulation_scoreline","exact_score_hit","tournament","within_tournament","wc2006",0.1875,1,64,64,64,1
"phase09-baselines-frozen","elo_goal_nb","open_core","updating","regulation_scoreline","exact_score_hit","tournament","within_tournament","wc2010",0.1875,1,64,64,64,1
"phase09-baselines-frozen","elo_goal_nb","open_core","updating","regulation_scoreline","exact_score_hit","tournament","within_tournament","wc2014",0.171875,1,64,64,64,1
"phase09-baselines-frozen","elo_goal_nb","open_core","updating","regulation_scoreline","exact_score_hit","tournament","within_tournament","wc2018",0.140625,1,64,64,64,1
"phase09-baselines-frozen","elo_goal_nb","open_core","updating","regulation_scoreline","exact_score_hit","tournament","within_tournament","wc2022",0.0625,1,64,64,64,1
"phase09-baselines-frozen","elo_goal_nb","open_core","updating","home_goals","home_goal_rps","headline","equal_tournament","headline",0.624025701007411,12,630,630,630,1
"phase09-baselines-frozen","elo_goal_nb","open_core","updating","home_goals","home_goal_rps","headline","fixture_weighted","headline",0.627947470150446,12,630,630,630,1
"phase09-baselines-frozen","elo_goal_nb","open_core","updating","home_goals","home_goal_rps","tournament","within_tournament","euro2004",0.591636038020689,1,31,31,31,1
"phase09-baselines-frozen","elo_goal_nb","open_core","updating","home_goals","home_goal_rps","tournament","within_tournament","euro2008",0.637602445314569,1,31,31,31,1
"phase09-baselines-frozen","elo_goal_nb","open_core","updating","home_goals","home_goal_rps","tournament","within_tournament","euro2012",0.600822485201677,1,31,31,31,1
"phase09-baselines-frozen","elo_goal_nb","open_core","updating","home_goals","home_goal_rps","tournament","within_tournament","euro2016",0.618384989812811,1,51,51,51,1
"phase09-baselines-frozen","elo_goal_nb","open_core","updating","home_goals","home_goal_rps","tournament","within_tournament","euro2020",0.657429329594055,1,51,51,51,1
"phase09-baselines-frozen","elo_goal_nb","open_core","updating","home_goals","home_goal_rps","tournament","within_tournament","euro2024",0.512864158838664,1,51,51,51,1
"phase09-baselines-frozen","elo_goal_nb","open_core","updating","home_goals","home_goal_rps","tournament","within_tournament","wc2002",0.67505948015738,1,64,64,64,1
"phase09-baselines-frozen","elo_goal_nb","open_core","updating","home_goals","home_goal_rps","tournament","within_tournament","wc2006",0.612781270271857,1,64,64,64,1
"phase09-baselines-frozen","elo_goal_nb","open_core","updating","home_goals","home_goal_rps","tournament","within_tournament","wc2010",0.656128808713803,1,64,64,64,1
"phase09-baselines-frozen","elo_goal_nb","open_core","updating","home_goals","home_goal_rps","tournament","within_tournament","wc2014",0.575342172050657,1,64,64,64,1
"phase09-baselines-frozen","elo_goal_nb","open_core","updating","home_goals","home_goal_rps","tournament","within_tournament","wc2018",0.616202524688475,1,64,64,64,1
"phase09-baselines-frozen","elo_goal_nb","open_core","updating","home_goals","home_goal_rps","tournament","within_tournament","wc2022",0.734054709424296,1,64,64,64,1
"phase09-baselines-frozen","elo_goal_nb","open_core","updating","regulation_scoreline","joint_scoreline_log_loss","headline","equal_tournament","headline",2.79861796353398,12,630,630,630,1
"phase09-baselines-frozen","elo_goal_nb","open_core","updating","regulation_scoreline","joint_scoreline_log_loss","headline","fixture_weighted","headline",2.80405703620219,12,630,630,630,1
"phase09-baselines-frozen","elo_goal_nb","open_core","updating","regulation_scoreline","joint_scoreline_log_loss","tournament","within_tournament","euro2004",2.82140365242268,1,31,31,31,1
"phase09-baselines-frozen","elo_goal_nb","open_core","updating","regulation_scoreline","joint_scoreline_log_loss","tournament","within_tournament","euro2008",2.78758829060832,1,31,31,31,1
"phase09-baselines-frozen","elo_goal_nb","open_core","updating","regulation_scoreline","joint_scoreline_log_loss","tournament","within_tournament","euro2012",2.76871995371085,1,31,31,31,1
"phase09-baselines-frozen","elo_goal_nb","open_core","updating","regulation_scoreline","joint_scoreline_log_loss","tournament","within_tournament","euro2016",2.6899393059796,1,51,51,51,1
"phase09-baselines-frozen","elo_goal_nb","open_core","updating","regulation_scoreline","joint_scoreline_log_loss","tournament","within_tournament","euro2020",2.84323179076683,1,51,51,51,1
"phase09-baselines-frozen","elo_goal_nb","open_core","updating","regulation_scoreline","joint_scoreline_log_loss","tournament","within_tournament","euro2024",2.64514971819455,1,51,51,51,1
"phase09-baselines-frozen","elo_goal_nb","open_core","updating","regulation_scoreline","joint_scoreline_log_loss","tournament","within_tournament","wc2002",2.8740105497211,1,64,64,64,1
"phase09-baselines-frozen","elo_goal_nb","open_core","updating","regulation_scoreline","joint_scoreline_log_loss","tournament","within_tournament","wc2006",2.69072914066316,1,64,64,64,1
"phase09-baselines-frozen","elo_goal_nb","open_core","updating","regulation_scoreline","joint_scoreline_log_loss","tournament","within_tournament","wc2010",2.70382132831009,1,64,64,64,1
"phase09-baselines-frozen","elo_goal_nb","open_core","updating","regulation_scoreline","joint_scoreline_log_loss","tournament","within_tournament","wc2014",2.98751948594485,1,64,64,64,1
"phase09-baselines-frozen","elo_goal_nb","open_core","updating","regulation_scoreline","joint_scoreline_log_loss","tournament","within_tournament","wc2018",2.82009615391272,1,64,64,64,1
"phase09-baselines-frozen","elo_goal_nb","open_core","updating","regulation_scoreline","joint_scoreline_log_loss","tournament","within_tournament","wc2022",2.95120619217299,1,64,64,64,1
"phase09-baselines-frozen","elo_goal_nb","open_core","updating","regulation_1x2","log_loss","headline","equal_tournament","headline",1.01236131775224,12,630,630,630,1
"phase09-baselines-frozen","elo_goal_nb","open_core","updating","regulation_1x2","log_loss","headline","fixture_weighted","headline",1.01003322201902,12,630,630,630,1
"phase09-baselines-frozen","elo_goal_nb","open_core","updating","regulation_1x2","log_loss","tournament","within_tournament","euro2004",1.04791736759286,1,31,31,31,1
"phase09-baselines-frozen","elo_goal_nb","open_core","updating","regulation_1x2","log_loss","tournament","within_tournament","euro2008",0.96409195437642,1,31,31,31,1
"phase09-baselines-frozen","elo_goal_nb","open_core","updating","regulation_1x2","log_loss","tournament","within_tournament","euro2012",1.0301538896063,1,31,31,31,1
"phase09-baselines-frozen","elo_goal_nb","open_core","updating","regulation_1x2","log_loss","tournament","within_tournament","euro2016",1.07779902061846,1,51,51,51,1
"phase09-baselines-frozen","elo_goal_nb","open_core","updating","regulation_1x2","log_loss","tournament","within_tournament","euro2020",0.99483829799946,1,51,51,51,1
"phase09-baselines-frozen","elo_goal_nb","open_core","updating","regulation_1x2","log_loss","tournament","within_tournament","euro2024",1.06437623366996,1,51,51,51,1
"phase09-baselines-frozen","elo_goal_nb","open_core","updating","regulation_1x2","log_loss","tournament","within_tournament","wc2002",1.05943534198173,1,64,64,64,1
"phase09-baselines-frozen","elo_goal_nb","open_core","updating","regulation_1x2","log_loss","tournament","within_tournament","wc2006",0.930207016967416,1,64,64,64,1
"phase09-baselines-frozen","elo_goal_nb","open_core","updating","regulation_1x2","log_loss","tournament","within_tournament","wc2010",0.979161526908699,1,64,64,64,1
"phase09-baselines-frozen","elo_goal_nb","open_core","updating","regulation_1x2","log_loss","tournament","within_tournament","wc2014",1.01706093816936,1,64,64,64,1
"phase09-baselines-frozen","elo_goal_nb","open_core","updating","regulation_1x2","log_loss","tournament","within_tournament","wc2018",0.964290892198585,1,64,64,64,1
"phase09-baselines-frozen","elo_goal_nb","open_core","updating","regulation_1x2","log_loss","tournament","within_tournament","wc2022",1.0190033329376,1,64,64,64,1
"phase09-baselines-frozen","elo_goal_nb","open_core","updating","over_2_5","over_2_5_brier","headline","equal_tournament","headline",0.245880955532606,12,630,630,630,1
"phase09-baselines-frozen","elo_goal_nb","open_core","updating","over_2_5","over_2_5_brier","headline","fixture_weighted","headline",0.245947054574607,12,630,630,630,1
"phase09-baselines-frozen","elo_goal_nb","open_core","updating","over_2_5","over_2_5_brier","tournament","within_tournament","euro2004",0.252802539240161,1,31,31,31,1
"phase09-baselines-frozen","elo_goal_nb","open_core","updating","over_2_5","over_2_5_brier","tournament","within_tournament","euro2008",0.239797920739271,1,31,31,31,1
"phase09-baselines-frozen","elo_goal_nb","open_core","updating","over_2_5","over_2_5_brier","tournament","within_tournament","euro2012",0.246965304262151,1,31,31,31,1
"phase09-baselines-frozen","elo_goal_nb","open_core","updating","over_2_5","over_2_5_brier","tournament","within_tournament","euro2016",0.228403602998469,1,51,51,51,1
"phase09-baselines-frozen","elo_goal_nb","open_core","updating","over_2_5","over_2_5_brier","tournament","within_tournament","euro2020",0.257105386071037,1,51,51,51,1
"phase09-baselines-frozen","elo_goal_nb","open_core","updating","over_2_5","over_2_5_brier","tournament","within_tournament","euro2024",0.244049414551038,1,51,51,51,1
"phase09-baselines-frozen","elo_goal_nb","open_core","updating","over_2_5","over_2_5_brier","tournament","within_tournament","wc2002",0.242571027283094,1,64,64,64,1
"phase09-baselines-frozen","elo_goal_nb","open_core","updating","over_2_5","over_2_5_brier","tournament","within_tournament","wc2006",0.243642063979797,1,64,64,64,1
"phase09-baselines-frozen","elo_goal_nb","open_core","updating","over_2_5","over_2_5_brier","tournament","within_tournament","wc2010",0.241242964484977,1,64,64,64,1
"phase09-baselines-frozen","elo_goal_nb","open_core","updating","over_2_5","over_2_5_brier","tournament","within_tournament","wc2014",0.255876117584433,1,64,64,64,1
"phase09-baselines-frozen","elo_goal_nb","open_core","updating","over_2_5","over_2_5_brier","tournament","within_tournament","wc2018",0.246603671988504,1,64,64,64,1
"phase09-baselines-frozen","elo_goal_nb","open_core","updating","over_2_5","over_2_5_brier","tournament","within_tournament","wc2022",0.251511453208342,1,64,64,64,1
"phase09-baselines-frozen","elo_goal_nb","open_core","updating","over_2_5","over_2_5_log_loss","headline","equal_tournament","headline",0.684880393170923,12,630,630,630,1
"phase09-baselines-frozen","elo_goal_nb","open_core","updating","over_2_5","over_2_5_log_loss","headline","fixture_weighted","headline",0.685009753724086,12,630,630,630,1
"phase09-baselines-frozen","elo_goal_nb","open_core","updating","over_2_5","over_2_5_log_loss","tournament","within_tournament","euro2004",0.698833987906254,1,31,31,31,1
"phase09-baselines-frozen","elo_goal_nb","open_core","updating","over_2_5","over_2_5_log_loss","tournament","within_tournament","euro2008",0.672618617523454,1,31,31,31,1
"phase09-baselines-frozen","elo_goal_nb","open_core","updating","over_2_5","over_2_5_log_loss","tournament","within_tournament","euro2012",0.687123698607535,1,31,31,31,1
"phase09-baselines-frozen","elo_goal_nb","open_core","updating","over_2_5","over_2_5_log_loss","tournament","within_tournament","euro2016",0.6496747212389,1,51,51,51,1
"phase09-baselines-frozen","elo_goal_nb","open_core","updating","over_2_5","over_2_5_log_loss","tournament","within_tournament","euro2020",0.707439858795327,1,51,51,51,1
"phase09-baselines-frozen","elo_goal_nb","open_core","updating","over_2_5","over_2_5_log_loss","tournament","within_tournament","euro2024",0.681268425801577,1,51,51,51,1
"phase09-baselines-frozen","elo_goal_nb","open_core","updating","over_2_5","over_2_5_log_loss","tournament","within_tournament","wc2002",0.678227745599594,1,64,64,64,1
"phase09-baselines-frozen","elo_goal_nb","open_core","updating","over_2_5","over_2_5_log_loss","tournament","within_tournament","wc2006",0.680363527722419,1,64,64,64,1
"phase09-baselines-frozen","elo_goal_nb","open_core","updating","over_2_5","over_2_5_log_loss","tournament","within_tournament","wc2010",0.675516883374547,1,64,64,64,1
"phase09-baselines-frozen","elo_goal_nb","open_core","updating","over_2_5","over_2_5_log_loss","tournament","within_tournament","wc2014",0.704962267216807,1,64,64,64,1
"phase09-baselines-frozen","elo_goal_nb","open_core","updating","over_2_5","over_2_5_log_loss","tournament","within_tournament","wc2018",0.686258302600009,1,64,64,64,1
"phase09-baselines-frozen","elo_goal_nb","open_core","updating","over_2_5","over_2_5_log_loss","tournament","within_tournament","wc2022",0.696276681664654,1,64,64,64,1
"phase09-baselines-frozen","elo_goal_nb","open_core","updating","regulation_1x2","rps","headline","equal_tournament","headline",0.202473723379673,12,630,630,630,1
"phase09-baselines-frozen","elo_goal_nb","open_core","updating","regulation_1x2","rps","headline","fixture_weighted","headline",0.20160896657933,12,630,630,630,1
"phase09-baselines-frozen","elo_goal_nb","open_core","updating","regulation_1x2","rps","tournament","within_tournament","euro2004",0.197820059462055,1,31,31,31,1
"phase09-baselines-frozen","elo_goal_nb","open_core","updating","regulation_1x2","rps","tournament","within_tournament","euro2008",0.206407675123159,1,31,31,31,1
"phase09-baselines-frozen","elo_goal_nb","open_core","updating","regulation_1x2","rps","tournament","within_tournament","euro2012",0.22138880600295,1,31,31,31,1
"phase09-baselines-frozen","elo_goal_nb","open_core","updating","regulation_1x2","rps","tournament","within_tournament","euro2016",0.217661436270615,1,51,51,51,1
"phase09-baselines-frozen","elo_goal_nb","open_core","updating","regulation_1x2","rps","tournament","within_tournament","euro2020",0.186749893915214,1,51,51,51,1
"phase09-baselines-frozen","elo_goal_nb","open_core","updating","regulation_1x2","rps","tournament","within_tournament","euro2024",0.198729036829663,1,51,51,51,1
"phase09-baselines-frozen","elo_goal_nb","open_core","updating","regulation_1x2","rps","tournament","within_tournament","wc2002",0.213813189554407,1,64,64,64,1
"phase09-baselines-frozen","elo_goal_nb","open_core","updating","regulation_1x2","rps","tournament","within_tournament","wc2006",0.176875218107772,1,64,64,64,1
"phase09-baselines-frozen","elo_goal_nb","open_core","updating","regulation_1x2","rps","tournament","within_tournament","wc2010",0.190682324027093,1,64,64,64,1
"phase09-baselines-frozen","elo_goal_nb","open_core","updating","regulation_1x2","rps","tournament","within_tournament","wc2014",0.207213265548892,1,64,64,64,1
"phase09-baselines-frozen","elo_goal_nb","open_core","updating","regulation_1x2","rps","tournament","within_tournament","wc2018",0.200189175461847,1,64,64,64,1
"phase09-baselines-frozen","elo_goal_nb","open_core","updating","regulation_1x2","rps","tournament","within_tournament","wc2022",0.212154600252407,1,64,64,64,1
"phase09-baselines-frozen","elo_goal_nb","open_core","updating","under_2_5","under_2_5_brier","headline","equal_tournament","headline",0.245880955532606,12,630,630,630,1
"phase09-baselines-frozen","elo_goal_nb","open_core","updating","under_2_5","under_2_5_brier","headline","fixture_weighted","headline",0.245947054574607,12,630,630,630,1
"phase09-baselines-frozen","elo_goal_nb","open_core","updating","under_2_5","under_2_5_brier","tournament","within_tournament","euro2004",0.252802539240161,1,31,31,31,1
"phase09-baselines-frozen","elo_goal_nb","open_core","updating","under_2_5","under_2_5_brier","tournament","within_tournament","euro2008",0.239797920739271,1,31,31,31,1
"phase09-baselines-frozen","elo_goal_nb","open_core","updating","under_2_5","under_2_5_brier","tournament","within_tournament","euro2012",0.246965304262151,1,31,31,31,1
"phase09-baselines-frozen","elo_goal_nb","open_core","updating","under_2_5","under_2_5_brier","tournament","within_tournament","euro2016",0.228403602998469,1,51,51,51,1
"phase09-baselines-frozen","elo_goal_nb","open_core","updating","under_2_5","under_2_5_brier","tournament","within_tournament","euro2020",0.257105386071037,1,51,51,51,1
"phase09-baselines-frozen","elo_goal_nb","open_core","updating","under_2_5","under_2_5_brier","tournament","within_tournament","euro2024",0.244049414551038,1,51,51,51,1
"phase09-baselines-frozen","elo_goal_nb","open_core","updating","under_2_5","under_2_5_brier","tournament","within_tournament","wc2002",0.242571027283094,1,64,64,64,1
"phase09-baselines-frozen","elo_goal_nb","open_core","updating","under_2_5","under_2_5_brier","tournament","within_tournament","wc2006",0.243642063979797,1,64,64,64,1
"phase09-baselines-frozen","elo_goal_nb","open_core","updating","under_2_5","under_2_5_brier","tournament","within_tournament","wc2010",0.241242964484977,1,64,64,64,1
"phase09-baselines-frozen","elo_goal_nb","open_core","updating","under_2_5","under_2_5_brier","tournament","within_tournament","wc2014",0.255876117584433,1,64,64,64,1
"phase09-baselines-frozen","elo_goal_nb","open_core","updating","under_2_5","under_2_5_brier","tournament","within_tournament","wc2018",0.246603671988504,1,64,64,64,1
"phase09-baselines-frozen","elo_goal_nb","open_core","updating","under_2_5","under_2_5_brier","tournament","within_tournament","wc2022",0.251511453208341,1,64,64,64,1
"phase09-baselines-frozen","elo_goal_nb","open_core","updating","under_2_5","under_2_5_log_loss","headline","equal_tournament","headline",0.684880393170923,12,630,630,630,1
"phase09-baselines-frozen","elo_goal_nb","open_core","updating","under_2_5","under_2_5_log_loss","headline","fixture_weighted","headline",0.685009753724087,12,630,630,630,1
"phase09-baselines-frozen","elo_goal_nb","open_core","updating","under_2_5","under_2_5_log_loss","tournament","within_tournament","euro2004",0.698833987906254,1,31,31,31,1
"phase09-baselines-frozen","elo_goal_nb","open_core","updating","under_2_5","under_2_5_log_loss","tournament","within_tournament","euro2008",0.672618617523455,1,31,31,31,1
"phase09-baselines-frozen","elo_goal_nb","open_core","updating","under_2_5","under_2_5_log_loss","tournament","within_tournament","euro2012",0.687123698607535,1,31,31,31,1
"phase09-baselines-frozen","elo_goal_nb","open_core","updating","under_2_5","under_2_5_log_loss","tournament","within_tournament","euro2016",0.649674721238899,1,51,51,51,1
"phase09-baselines-frozen","elo_goal_nb","open_core","updating","under_2_5","under_2_5_log_loss","tournament","within_tournament","euro2020",0.707439858795327,1,51,51,51,1
"phase09-baselines-frozen","elo_goal_nb","open_core","updating","under_2_5","under_2_5_log_loss","tournament","within_tournament","euro2024",0.681268425801577,1,51,51,51,1
"phase09-baselines-frozen","elo_goal_nb","open_core","updating","under_2_5","under_2_5_log_loss","tournament","within_tournament","wc2002",0.678227745599594,1,64,64,64,1
"phase09-baselines-frozen","elo_goal_nb","open_core","updating","under_2_5","under_2_5_log_loss","tournament","within_tournament","wc2006",0.680363527722419,1,64,64,64,1
"phase09-baselines-frozen","elo_goal_nb","open_core","updating","under_2_5","under_2_5_log_loss","tournament","within_tournament","wc2010",0.675516883374547,1,64,64,64,1
"phase09-baselines-frozen","elo_goal_nb","open_core","updating","under_2_5","under_2_5_log_loss","tournament","within_tournament","wc2014",0.704962267216808,1,64,64,64,1
"phase09-baselines-frozen","elo_goal_nb","open_core","updating","under_2_5","under_2_5_log_loss","tournament","within_tournament","wc2018",0.68625830260001,1,64,64,64,1
"phase09-baselines-frozen","elo_goal_nb","open_core","updating","under_2_5","under_2_5_log_loss","tournament","within_tournament","wc2022",0.696276681664654,1,64,64,64,1
"phase09-baselines-frozen","elo_goal_nb","open_core","updating","regulation_1x2","winner_pick_accuracy","headline","equal_tournament","headline",0.51556817283365,12,630,630,630,1
"phase09-baselines-frozen","elo_goal_nb","open_core","updating","regulation_1x2","winner_pick_accuracy","headline","fixture_weighted","headline",0.523809523809524,12,630,630,630,1
"phase09-baselines-frozen","elo_goal_nb","open_core","updating","regulation_1x2","winner_pick_accuracy","tournament","within_tournament","euro2004",0.451612903225806,1,31,31,31,1
"phase09-baselines-frozen","elo_goal_nb","open_core","updating","regulation_1x2","winner_pick_accuracy","tournament","within_tournament","euro2008",0.516129032258065,1,31,31,31,1
"phase09-baselines-frozen","elo_goal_nb","open_core","updating","regulation_1x2","winner_pick_accuracy","tournament","within_tournament","euro2012",0.451612903225806,1,31,31,31,1
"phase09-baselines-frozen","elo_goal_nb","open_core","updating","regulation_1x2","winner_pick_accuracy","tournament","within_tournament","euro2016",0.411764705882353,1,51,51,51,1
"phase09-baselines-frozen","elo_goal_nb","open_core","updating","regulation_1x2","winner_pick_accuracy","tournament","within_tournament","euro2020",0.568627450980392,1,51,51,51,1
"phase09-baselines-frozen","elo_goal_nb","open_core","updating","regulation_1x2","winner_pick_accuracy","tournament","within_tournament","euro2024",0.490196078431373,1,51,51,51,1
"phase09-baselines-frozen","elo_goal_nb","open_core","updating","regulation_1x2","winner_pick_accuracy","tournament","within_tournament","wc2002",0.4375,1,64,64,64,1
"phase09-baselines-frozen","elo_goal_nb","open_core","updating","regulation_1x2","winner_pick_accuracy","tournament","within_tournament","wc2006",0.65625,1,64,64,64,1
"phase09-baselines-frozen","elo_goal_nb","open_core","updating","regulation_1x2","winner_pick_accuracy","tournament","within_tournament","wc2010",0.515625,1,64,64,64,1
"phase09-baselines-frozen","elo_goal_nb","open_core","updating","regulation_1x2","winner_pick_accuracy","tournament","within_tournament","wc2014",0.5625,1,64,64,64,1
"phase09-baselines-frozen","elo_goal_nb","open_core","updating","regulation_1x2","winner_pick_accuracy","tournament","within_tournament","wc2018",0.578125,1,64,64,64,1
"phase09-baselines-frozen","elo_goal_nb","open_core","updating","regulation_1x2","winner_pick_accuracy","tournament","within_tournament","wc2022",0.546875,1,64,64,64,1
"phase09-baselines-frozen","expanding_1x2","open_core","frozen","away_goals","away_goal_rps","headline","equal_tournament","headline",0.563490163380277,12,630,630,630,1
"phase09-baselines-frozen","expanding_1x2","open_core","frozen","away_goals","away_goal_rps","headline","fixture_weighted","headline",0.568764552815963,12,630,630,630,1
"phase09-baselines-frozen","expanding_1x2","open_core","frozen","away_goals","away_goal_rps","tournament","within_tournament","euro2004",0.562781885365786,1,31,31,31,1
"phase09-baselines-frozen","expanding_1x2","open_core","frozen","away_goals","away_goal_rps","tournament","within_tournament","euro2008",0.535397919237549,1,31,31,31,1
"phase09-baselines-frozen","expanding_1x2","open_core","frozen","away_goals","away_goal_rps","tournament","within_tournament","euro2012",0.521132614743886,1,31,31,31,1
"phase09-baselines-frozen","expanding_1x2","open_core","frozen","away_goals","away_goal_rps","tournament","within_tournament","euro2016",0.496852360101262,1,51,51,51,1
"phase09-baselines-frozen","expanding_1x2","open_core","frozen","away_goals","away_goal_rps","tournament","within_tournament","euro2020",0.629311543254395,1,51,51,51,1
"phase09-baselines-frozen","expanding_1x2","open_core","frozen","away_goals","away_goal_rps","tournament","within_tournament","euro2024",0.489333586147271,1,51,51,51,1
"phase09-baselines-frozen","expanding_1x2","open_core","frozen","away_goals","away_goal_rps","tournament","within_tournament","wc2002",0.577529973176625,1,64,64,64,1
"phase09-baselines-frozen","expanding_1x2","open_core","frozen","away_goals","away_goal_rps","tournament","within_tournament","wc2006",0.542720374818917,1,64,64,64,1
"phase09-baselines-frozen","expanding_1x2","open_core","frozen","away_goals","away_goal_rps","tournament","within_tournament","wc2010",0.513419257818278,1,64,64,64,1
"phase09-baselines-frozen","expanding_1x2","open_core","frozen","away_goals","away_goal_rps","tournament","within_tournament","wc2014",0.76940280967251,1,64,64,64,1
"phase09-baselines-frozen","expanding_1x2","open_core","frozen","away_goals","away_goal_rps","tournament","within_tournament","wc2018",0.548185897329834,1,64,64,64,1
"phase09-baselines-frozen","expanding_1x2","open_core","frozen","away_goals","away_goal_rps","tournament","within_tournament","wc2022",0.575813738897017,1,64,64,64,1
"phase09-baselines-frozen","expanding_1x2","open_core","frozen","regulation_1x2","brier","headline","equal_tournament","headline",0.673399105672634,12,630,630,630,1
"phase09-baselines-frozen","expanding_1x2","open_core","frozen","regulation_1x2","brier","headline","fixture_weighted","headline",0.670890604948274,12,630,630,630,1
"phase09-baselines-frozen","expanding_1x2","open_core","frozen","regulation_1x2","brier","tournament","within_tournament","euro2004",0.685632413172547,1,31,31,31,1
"phase09-baselines-frozen","expanding_1x2","open_core","frozen","regulation_1x2","brier","tournament","within_tournament","euro2008",0.68186394956828,1,31,31,31,1
"phase09-baselines-frozen","expanding_1x2","open_core","frozen","regulation_1x2","brier","tournament","within_tournament","euro2012",0.682620818588151,1,31,31,31,1
"phase09-baselines-frozen","expanding_1x2","open_core","frozen","regulation_1x2","brier","tournament","within_tournament","euro2016",0.678197187033506,1,51,51,51,1
"phase09-baselines-frozen","expanding_1x2","open_core","frozen","regulation_1x2","brier","tournament","within_tournament","euro2020",0.68327224404855,1,51,51,51,1
"phase09-baselines-frozen","expanding_1x2","open_core","frozen","regulation_1x2","brier","tournament","within_tournament","euro2024",0.704343265480565,1,51,51,51,1
"phase09-baselines-frozen","expanding_1x2","open_core","frozen","regulation_1x2","brier","tournament","within_tournament","wc2002",0.663747458297464,1,64,64,64,1
"phase09-baselines-frozen","expanding_1x2","open_core","frozen","regulation_1x2","brier","tournament","within_tournament","wc2006",0.627112044955698,1,64,64,64,1
"phase09-baselines-frozen","expanding_1x2","open_core","frozen","regulation_1x2","brier","tournament","within_tournament","wc2010",0.68093829791007,1,64,64,64,1
"phase09-baselines-frozen","expanding_1x2","open_core","frozen","regulation_1x2","brier","tournament","within_tournament","wc2014",0.671517975598463,1,64,64,64,1
"phase09-baselines-frozen","expanding_1x2","open_core","frozen","regulation_1x2","brier","tournament","within_tournament","wc2018",0.671462462471587,1,64,64,64,1
"phase09-baselines-frozen","expanding_1x2","open_core","frozen","regulation_1x2","brier","tournament","within_tournament","wc2022",0.65008115094673,1,64,64,64,1
"phase09-baselines-frozen","expanding_1x2","open_core","frozen","btts","btts_brier","headline","equal_tournament","headline",0.250290221541475,12,630,630,630,1
"phase09-baselines-frozen","expanding_1x2","open_core","frozen","btts","btts_brier","headline","fixture_weighted","headline",0.24999367077655,12,630,630,630,1
"phase09-baselines-frozen","expanding_1x2","open_core","frozen","btts","btts_brier","tournament","within_tournament","euro2004",0.254828599331508,1,31,31,31,1
"phase09-baselines-frozen","expanding_1x2","open_core","frozen","btts","btts_brier","tournament","within_tournament","euro2008",0.244944467805494,1,31,31,31,1
"phase09-baselines-frozen","expanding_1x2","open_core","frozen","btts","btts_brier","tournament","within_tournament","euro2012",0.254724196207418,1,31,31,31,1
"phase09-baselines-frozen","expanding_1x2","open_core","frozen","btts","btts_brier","tournament","within_tournament","euro2016",0.240285462684145,1,51,51,51,1
"phase09-baselines-frozen","expanding_1x2","open_core","frozen","btts","btts_brier","tournament","within_tournament","euro2020",0.253507940498524,1,51,51,51,1
"phase09-baselines-frozen","expanding_1x2","open_core","frozen","btts","btts_brier","tournament","within_tournament","euro2024",0.262242586375825,1,51,51,51,1
"phase09-baselines-frozen","expanding_1x2","open_core","frozen","btts","btts_brier","tournament","within_tournament","wc2002",0.249138910826359,1,64,64,64,1
"phase09-baselines-frozen","expanding_1x2","open_core","frozen","btts","btts_brier","tournament","within_tournament","wc2006",0.24034725168391,1,64,64,64,1
"phase09-baselines-frozen","expanding_1x2","open_core","frozen","btts","btts_brier","tournament","within_tournament","wc2010",0.246321417744391,1,64,64,64,1
"phase09-baselines-frozen","expanding_1x2","open_core","frozen","btts","btts_brier","tournament","within_tournament","wc2014",0.253030164014645,1,64,64,64,1
"phase09-baselines-frozen","expanding_1x2","open_core","frozen","btts","btts_brier","tournament","within_tournament","wc2018",0.25345428720029,1,64,64,64,1
"phase09-baselines-frozen","expanding_1x2","open_core","frozen","btts","btts_brier","tournament","within_tournament","wc2022",0.250657374125187,1,64,64,64,1
"phase09-baselines-frozen","expanding_1x2","open_core","frozen","btts","btts_log_loss","headline","equal_tournament","headline",0.69375231663548,12,630,630,630,1
"phase09-baselines-frozen","expanding_1x2","open_core","frozen","btts","btts_log_loss","headline","fixture_weighted","headline",0.693157512065481,12,630,630,630,1
"phase09-baselines-frozen","expanding_1x2","open_core","frozen","btts","btts_log_loss","tournament","within_tournament","euro2004",0.702856419404578,1,31,31,31,1
"phase09-baselines-frozen","expanding_1x2","open_core","frozen","btts","btts_log_loss","tournament","within_tournament","euro2008",0.683015966899456,1,31,31,31,1
"phase09-baselines-frozen","expanding_1x2","open_core","frozen","btts","btts_log_loss","tournament","within_tournament","euro2012",0.702645070723394,1,31,31,31,1
"phase09-baselines-frozen","expanding_1x2","open_core","frozen","btts","btts_log_loss","tournament","within_tournament","euro2016",0.673633460878081,1,51,51,51,1
"phase09-baselines-frozen","expanding_1x2","open_core","frozen","btts","btts_log_loss","tournament","within_tournament","euro2020",0.70024144841206,1,51,51,51,1
"phase09-baselines-frozen","expanding_1x2","open_core","frozen","btts","btts_log_loss","tournament","within_tournament","euro2024",0.717776667086019,1,51,51,51,1
"phase09-baselines-frozen","expanding_1x2","open_core","frozen","btts","btts_log_loss","tournament","within_tournament","wc2002",0.691425106049283,1,64,64,64,1
"phase09-baselines-frozen","expanding_1x2","open_core","frozen","btts","btts_log_loss","tournament","within_tournament","wc2006",0.673803747245198,1,64,64,64,1
"phase09-baselines-frozen","expanding_1x2","open_core","frozen","btts","btts_log_loss","tournament","within_tournament","wc2010",0.68577463189595,1,64,64,64,1
"phase09-baselines-frozen","expanding_1x2","open_core","frozen","btts","btts_log_loss","tournament","within_tournament","wc2014",0.699244535664189,1,64,64,64,1
"phase09-baselines-frozen","expanding_1x2","open_core","frozen","btts","btts_log_loss","tournament","within_tournament","wc2018",0.700103927614662,1,64,64,64,1
"phase09-baselines-frozen","expanding_1x2","open_core","frozen","btts","btts_log_loss","tournament","within_tournament","wc2022",0.694506817752883,1,64,64,64,1
"phase09-baselines-frozen","expanding_1x2","open_core","frozen","regulation_1x2","calibration_error","headline","fixed_equal_tournament_bins","headline",0.0620198745515217,12,630,630,630,1
"phase09-baselines-frozen","expanding_1x2","open_core","frozen","regulation_scoreline","exact_score_hit","headline","equal_tournament","headline",0.0892062974383302,12,630,630,630,1
"phase09-baselines-frozen","expanding_1x2","open_core","frozen","regulation_scoreline","exact_score_hit","headline","fixture_weighted","headline",0.092063492063492,12,630,630,630,1
"phase09-baselines-frozen","expanding_1x2","open_core","frozen","regulation_scoreline","exact_score_hit","tournament","within_tournament","euro2004",0.0645161290322581,1,31,31,31,1
"phase09-baselines-frozen","expanding_1x2","open_core","frozen","regulation_scoreline","exact_score_hit","tournament","within_tournament","euro2008",0.0967741935483871,1,31,31,31,1
"phase09-baselines-frozen","expanding_1x2","open_core","frozen","regulation_scoreline","exact_score_hit","tournament","within_tournament","euro2012",0.0645161290322581,1,31,31,31,1
"phase09-baselines-frozen","expanding_1x2","open_core","frozen","regulation_scoreline","exact_score_hit","tournament","within_tournament","euro2016",0.0784313725490196,1,51,51,51,1
"phase09-baselines-frozen","expanding_1x2","open_core","frozen","regulation_scoreline","exact_score_hit","tournament","within_tournament","euro2020",0.117647058823529,1,51,51,51,1
"phase09-baselines-frozen","expanding_1x2","open_core","frozen","regulation_scoreline","exact_score_hit","tournament","within_tournament","euro2024",0.0392156862745098,1,51,51,51,1
"phase09-baselines-frozen","expanding_1x2","open_core","frozen","regulation_scoreline","exact_score_hit","tournament","within_tournament","wc2002",0.140625,1,64,64,64,1
"phase09-baselines-frozen","expanding_1x2","open_core","frozen","regulation_scoreline","exact_score_hit","tournament","within_tournament","wc2006",0.09375,1,64,64,64,1
"phase09-baselines-frozen","expanding_1x2","open_core","frozen","regulation_scoreline","exact_score_hit","tournament","within_tournament","wc2010",0.09375,1,64,64,64,1
"phase09-baselines-frozen","expanding_1x2","open_core","frozen","regulation_scoreline","exact_score_hit","tournament","within_tournament","wc2014",0.078125,1,64,64,64,1
"phase09-baselines-frozen","expanding_1x2","open_core","frozen","regulation_scoreline","exact_score_hit","tournament","within_tournament","wc2018",0.09375,1,64,64,64,1
"phase09-baselines-frozen","expanding_1x2","open_core","frozen","regulation_scoreline","exact_score_hit","tournament","within_tournament","wc2022",0.109375,1,64,64,64,1
"phase09-baselines-frozen","expanding_1x2","open_core","frozen","home_goals","home_goal_rps","headline","equal_tournament","headline",0.693170357117731,12,630,630,630,1
"phase09-baselines-frozen","expanding_1x2","open_core","frozen","home_goals","home_goal_rps","headline","fixture_weighted","headline",0.696339847420463,12,630,630,630,1
"phase09-baselines-frozen","expanding_1x2","open_core","frozen","home_goals","home_goal_rps","tournament","within_tournament","euro2004",0.662956662553376,1,31,31,31,1
"phase09-baselines-frozen","expanding_1x2","open_core","frozen","home_goals","home_goal_rps","tournament","within_tournament","euro2008",0.721315910890048,1,31,31,31,1
"phase09-baselines-frozen","expanding_1x2","open_core","frozen","home_goals","home_goal_rps","tournament","within_tournament","euro2012",0.679834825638673,1,31,31,31,1
"phase09-baselines-frozen","expanding_1x2","open_core","frozen","home_goals","home_goal_rps","tournament","within_tournament","euro2016",0.659826534703704,1,51,51,51,1
"phase09-baselines-frozen","expanding_1x2","open_core","frozen","home_goals","home_goal_rps","tournament","within_tournament","euro2020",0.703194156905168,1,51,51,51,1
"phase09-baselines-frozen","expanding_1x2","open_core","frozen","home_goals","home_goal_rps","tournament","within_tournament","euro2024",0.601993633146256,1,51,51,51,1
"phase09-baselines-frozen","expanding_1x2","open_core","frozen","home_goals","home_goal_rps","tournament","within_tournament","wc2002",0.699226471462014,1,64,64,64,1
"phase09-baselines-frozen","expanding_1x2","open_core","frozen","home_goals","home_goal_rps","tournament","within_tournament","wc2006",0.720363028484734,1,64,64,64,1
"phase09-baselines-frozen","expanding_1x2","open_core","frozen","home_goals","home_goal_rps","tournament","within_tournament","wc2010",0.729652325477544,1,64,64,64,1
"phase09-baselines-frozen","expanding_1x2","open_core","frozen","home_goals","home_goal_rps","tournament","within_tournament","wc2014",0.63062073722629,1,64,64,64,1
"phase09-baselines-frozen","expanding_1x2","open_core","frozen","home_goals","home_goal_rps","tournament","within_tournament","wc2018",0.707124414184667,1,64,64,64,1
"phase09-baselines-frozen","expanding_1x2","open_core","frozen","home_goals","home_goal_rps","tournament","within_tournament","wc2022",0.801935584740296,1,64,64,64,1
"phase09-baselines-frozen","expanding_1x2","open_core","frozen","regulation_scoreline","joint_scoreline_log_loss","headline","equal_tournament","headline",2.93268779772634,12,630,630,630,1
"phase09-baselines-frozen","expanding_1x2","open_core","frozen","regulation_scoreline","joint_scoreline_log_loss","headline","fixture_weighted","headline",2.93988797896675,12,630,630,630,1
"phase09-baselines-frozen","expanding_1x2","open_core","frozen","regulation_scoreline","joint_scoreline_log_loss","tournament","within_tournament","euro2004",2.88837816086126,1,31,31,31,1
"phase09-baselines-frozen","expanding_1x2","open_core","frozen","regulation_scoreline","joint_scoreline_log_loss","tournament","within_tournament","euro2008",2.94190116810117,1,31,31,31,1
"phase09-baselines-frozen","expanding_1x2","open_core","frozen","regulation_scoreline","joint_scoreline_log_loss","tournament","within_tournament","euro2012",2.90600582140262,1,31,31,31,1
"phase09-baselines-frozen","expanding_1x2","open_core","frozen","regulation_scoreline","joint_scoreline_log_loss","tournament","within_tournament","euro2016",2.79101614388986,1,51,51,51,1
"phase09-baselines-frozen","expanding_1x2","open_core","frozen","regulation_scoreline","joint_scoreline_log_loss","tournament","within_tournament","euro2020",3.04582021082395,1,51,51,51,1
"phase09-baselines-frozen","expanding_1x2","open_core","frozen","regulation_scoreline","joint_scoreline_log_loss","tournament","within_tournament","euro2024",2.76911687165046,1,51,51,51,1
"phase09-baselines-frozen","expanding_1x2","open_core","frozen","regulation_scoreline","joint_scoreline_log_loss","tournament","within_tournament","wc2002",2.95223861018098,1,64,64,64,1
"phase09-baselines-frozen","expanding_1x2","open_core","frozen","regulation_scoreline","joint_scoreline_log_loss","tournament","within_tournament","wc2006",2.87381999018824,1,64,64,64,1
"phase09-baselines-frozen","expanding_1x2","open_core","frozen","regulation_scoreline","joint_scoreline_log_loss","tournament","within_tournament","wc2010",2.8439488497161,1,64,64,64,1
"phase09-baselines-frozen","expanding_1x2","open_core","frozen","regulation_scoreline","joint_scoreline_log_loss","tournament","within_tournament","wc2014",3.09615355380795,1,64,64,64,1
"phase09-baselines-frozen","expanding_1x2","open_core","frozen","regulation_scoreline","joint_scoreline_log_loss","tournament","within_tournament","wc2018",2.99555964058577,1,64,64,64,1
"phase09-baselines-frozen","expanding_1x2","open_core","frozen","regulation_scoreline","joint_scoreline_log_loss","tournament","within_tournament","wc2022",3.08829455150777,1,64,64,64,1
"phase09-baselines-frozen","expanding_1x2","open_core","frozen","regulation_1x2","log_loss","headline","equal_tournament","headline",1.10694416505397,12,630,630,630,1
"phase09-baselines-frozen","expanding_1x2","open_core","frozen","regulation_1x2","log_loss","headline","fixture_weighted","headline",1.10351592837668,12,630,630,630,1
"phase09-baselines-frozen","expanding_1x2","open_core","frozen","regulation_1x2","log_loss","tournament","within_tournament","euro2004",1.12718309994472,1,31,31,31,1
"phase09-baselines-frozen","expanding_1x2","open_core","frozen","regulation_1x2","log_loss","tournament","within_tournament","euro2008",1.11437058043514,1,31,31,31,1
"phase09-baselines-frozen","expanding_1x2","open_core","frozen","regulation_1x2","log_loss","tournament","within_tournament","euro2012",1.1159493138255,1,31,31,31,1
"phase09-baselines-frozen","expanding_1x2","open_core","frozen","regulation_1x2","log_loss","tournament","within_tournament","euro2016",1.11682608589275,1,51,51,51,1
"phase09-baselines-frozen","expanding_1x2","open_core","frozen","regulation_1x2","log_loss","tournament","within_tournament","euro2020",1.12211656829435,1,51,51,51,1
"phase09-baselines-frozen","expanding_1x2","open_core","frozen","regulation_1x2","log_loss","tournament","within_tournament","euro2024",1.15494081314822,1,51,51,51,1
"phase09-baselines-frozen","expanding_1x2","open_core","frozen","regulation_1x2","log_loss","tournament","within_tournament","wc2002",1.09406923035459,1,64,64,64,1
"phase09-baselines-frozen","expanding_1x2","open_core","frozen","regulation_1x2","log_loss","tournament","within_tournament","wc2006",1.04346253892942,1,64,64,64,1
"phase09-baselines-frozen","expanding_1x2","open_core","frozen","regulation_1x2","log_loss","tournament","within_tournament","wc2010",1.11709077892529,1,64,64,64,1
"phase09-baselines-frozen","expanding_1x2","open_core","frozen","regulation_1x2","log_loss","tournament","within_tournament","wc2014",1.10348792134277,1,64,64,64,1
"phase09-baselines-frozen","expanding_1x2","open_core","frozen","regulation_1x2","log_loss","tournament","within_tournament","wc2018",1.10096052042825,1,64,64,64,1
"phase09-baselines-frozen","expanding_1x2","open_core","frozen","regulation_1x2","log_loss","tournament","within_tournament","wc2022",1.07287252912662,1,64,64,64,1
"phase09-baselines-frozen","expanding_1x2","open_core","frozen","over_2_5","over_2_5_brier","headline","equal_tournament","headline",0.250563570672582,12,630,630,630,1
"phase09-baselines-frozen","expanding_1x2","open_core","frozen","over_2_5","over_2_5_brier","headline","fixture_weighted","headline",0.250664076391528,12,630,630,630,1
"phase09-baselines-frozen","expanding_1x2","open_core","frozen","over_2_5","over_2_5_brier","tournament","within_tournament","euro2004",0.249752817540047,1,31,31,31,1
"phase09-baselines-frozen","expanding_1x2","open_core","frozen","over_2_5","over_2_5_brier","tournament","within_tournament","euro2008",0.251465250238166,1,31,31,31,1
"phase09-baselines-frozen","expanding_1x2","open_core","frozen","over_2_5","over_2_5_brier","tournament","within_tournament","euro2012",0.249891664522165,1,31,31,31,1
"phase09-baselines-frozen","expanding_1x2","open_core","frozen","over_2_5","over_2_5_brier","tournament","within_tournament","euro2016",0.248542614545604,1,51,51,51,1
"phase09-baselines-frozen","expanding_1x2","open_core","frozen","over_2_5","over_2_5_brier","tournament","within_tournament","euro2020",0.250161619741696,1,51,51,51,1
"phase09-baselines-frozen","expanding_1x2","open_core","frozen","over_2_5","over_2_5_brier","tournament","within_tournament","euro2024",0.24959061063332,1,51,51,51,1
"phase09-baselines-frozen","expanding_1x2","open_core","frozen","over_2_5","over_2_5_brier","tournament","within_tournament","wc2002",0.252028539122028,1,64,64,64,1
"phase09-baselines-frozen","expanding_1x2","open_core","frozen","over_2_5","over_2_5_brier","tournament","within_tournament","wc2006",0.253645212308935,1,64,64,64,1
"phase09-baselines-frozen","expanding_1x2","open_core","frozen","over_2_5","over_2_5_brier","tournament","within_tournament","wc2010",0.251487503182582,1,64,64,64,1
"phase09-baselines-frozen","expanding_1x2","open_core","frozen","over_2_5","over_2_5_brier","tournament","within_tournament","wc2014",0.251167994358079,1,64,64,64,1
"phase09-baselines-frozen","expanding_1x2","open_core","frozen","over_2_5","over_2_5_brier","tournament","within_tournament","wc2018",0.24974685292994,1,64,64,64,1
"phase09-baselines-frozen","expanding_1x2","open_core","frozen","over_2_5","over_2_5_brier","tournament","within_tournament","wc2022",0.249282168948426,1,64,64,64,1
"phase09-baselines-frozen","expanding_1x2","open_core","frozen","over_2_5","over_2_5_log_loss","headline","equal_tournament","headline",0.694274575850847,12,630,630,630,1
"phase09-baselines-frozen","expanding_1x2","open_core","frozen","over_2_5","over_2_5_log_loss","headline","fixture_weighted","headline",0.694475639979393,12,630,630,630,1
"phase09-baselines-frozen","expanding_1x2","open_core","frozen","over_2_5","over_2_5_log_loss","tournament","within_tournament","euro2004",0.692652745004144,1,31,31,31,1
"phase09-baselines-frozen","expanding_1x2","open_core","frozen","over_2_5","over_2_5_log_loss","tournament","within_tournament","euro2008",0.696077838866517,1,31,31,31,1
"phase09-baselines-frozen","expanding_1x2","open_core","frozen","over_2_5","over_2_5_log_loss","tournament","within_tournament","euro2012",0.692930509473118,1,31,31,31,1
"phase09-baselines-frozen","expanding_1x2","open_core","frozen","over_2_5","over_2_5_log_loss","tournament","within_tournament","euro2016",0.690232333855671,1,51,51,51,1
"phase09-baselines-frozen","expanding_1x2","open_core","frozen","over_2_5","over_2_5_log_loss","tournament","within_tournament","euro2020",0.693470423088154,1,51,51,51,1
"phase09-baselines-frozen","expanding_1x2","open_core","frozen","over_2_5","over_2_5_log_loss","tournament","within_tournament","euro2024",0.692328395832159,1,51,51,51,1
"phase09-baselines-frozen","expanding_1x2","open_core","frozen","over_2_5","over_2_5_log_loss","tournament","within_tournament","wc2002",0.697204598717072,1,64,64,64,1
"phase09-baselines-frozen","expanding_1x2","open_core","frozen","over_2_5","over_2_5_log_loss","tournament","within_tournament","wc2006",0.700440037405072,1,64,64,64,1
"phase09-baselines-frozen","expanding_1x2","open_core","frozen","over_2_5","over_2_5_log_loss","tournament","within_tournament","wc2010",0.69612242198946,1,64,64,64,1
"phase09-baselines-frozen","expanding_1x2","open_core","frozen","over_2_5","over_2_5_log_loss","tournament","within_tournament","wc2014",0.695483576142859,1,64,64,64,1
"phase09-baselines-frozen","expanding_1x2","open_core","frozen","over_2_5","over_2_5_log_loss","tournament","within_tournament","wc2018",0.692640881271902,1,64,64,64,1
"phase09-baselines-frozen","expanding_1x2","open_core","frozen","over_2_5","over_2_5_log_loss","tournament","within_tournament","wc2022",0.691711148564029,1,64,64,64,1
"phase09-baselines-frozen","expanding_1x2","open_core","frozen","regulation_1x2","rps","headline","equal_tournament","headline",0.235193730960201,12,630,630,630,1
"phase09-baselines-frozen","expanding_1x2","open_core","frozen","regulation_1x2","rps","headline","fixture_weighted","headline",0.234046704117589,12,630,630,630,1
"phase09-baselines-frozen","expanding_1x2","open_core","frozen","regulation_1x2","rps","tournament","within_tournament","euro2004",0.220590545460224,1,31,31,31,1
"phase09-baselines-frozen","expanding_1x2","open_core","frozen","regulation_1x2","rps","tournament","within_tournament","euro2008",0.26180962201498,1,31,31,31,1
"phase09-baselines-frozen","expanding_1x2","open_core","frozen","regulation_1x2","rps","tournament","within_tournament","euro2012",0.253869302014132,1,31,31,31,1
"phase09-baselines-frozen","expanding_1x2","open_core","frozen","regulation_1x2","rps","tournament","within_tournament","euro2016",0.227261591509116,1,51,51,51,1
"phase09-baselines-frozen","expanding_1x2","open_core","frozen","regulation_1x2","rps","tournament","within_tournament","euro2020",0.230797681507235,1,51,51,51,1
"phase09-baselines-frozen","expanding_1x2","open_core","frozen","regulation_1x2","rps","tournament","within_tournament","euro2024",0.225207595460973,1,51,51,51,1
"phase09-baselines-frozen","expanding_1x2","open_core","frozen","regulation_1x2","rps","tournament","within_tournament","wc2002",0.225824157415433,1,64,64,64,1
"phase09-baselines-frozen","expanding_1x2","open_core","frozen","regulation_1x2","rps","tournament","within_tournament","wc2006",0.215752355003328,1,64,64,64,1
"phase09-baselines-frozen","expanding_1x2","open_core","frozen","regulation_1x2","rps","tournament","within_tournament","wc2010",0.237998093302875,1,64,64,64,1
"phase09-baselines-frozen","expanding_1x2","open_core","frozen","regulation_1x2","rps","tournament","within_tournament","wc2014",0.237827219026287,1,64,64,64,1
"phase09-baselines-frozen","expanding_1x2","open_core","frozen","regulation_1x2","rps","tournament","within_tournament","wc2018",0.250073689586583,1,64,64,64,1
"phase09-baselines-frozen","expanding_1x2","open_core","frozen","regulation_1x2","rps","tournament","within_tournament","wc2022",0.235312919221245,1,64,64,64,1
"phase09-baselines-frozen","expanding_1x2","open_core","frozen","under_2_5","under_2_5_brier","headline","equal_tournament","headline",0.250563570672583,12,630,630,630,1
"phase09-baselines-frozen","expanding_1x2","open_core","frozen","under_2_5","under_2_5_brier","headline","fixture_weighted","headline",0.250664076391529,12,630,630,630,1
"phase09-baselines-frozen","expanding_1x2","open_core","frozen","under_2_5","under_2_5_brier","tournament","within_tournament","euro2004",0.249752817540047,1,31,31,31,1
"phase09-baselines-frozen","expanding_1x2","open_core","frozen","under_2_5","under_2_5_brier","tournament","within_tournament","euro2008",0.25146525023817,1,31,31,31,1
"phase09-baselines-frozen","expanding_1x2","open_core","frozen","under_2_5","under_2_5_brier","tournament","within_tournament","euro2012",0.249891664522166,1,31,31,31,1
"phase09-baselines-frozen","expanding_1x2","open_core","frozen","under_2_5","under_2_5_brier","tournament","within_tournament","euro2016",0.248542614545612,1,51,51,51,1
"phase09-baselines-frozen","expanding_1x2","open_core","frozen","under_2_5","under_2_5_brier","tournament","within_tournament","euro2020",0.250161619741697,1,51,51,51,1
"phase09-baselines-frozen","expanding_1x2","open_core","frozen","under_2_5","under_2_5_brier","tournament","within_tournament","euro2024",0.249590610633322,1,51,51,51,1
"phase09-baselines-frozen","expanding_1x2","open_core","frozen","under_2_5","under_2_5_brier","tournament","within_tournament","wc2002",0.252028539122033,1,64,64,64,1
"phase09-baselines-frozen","expanding_1x2","open_core","frozen","under_2_5","under_2_5_brier","tournament","within_tournament","wc2006",0.253645212308935,1,64,64,64,1
"phase09-baselines-frozen","expanding_1x2","open_core","frozen","under_2_5","under_2_5_brier","tournament","within_tournament","wc2010",0.251487503182573,1,64,64,64,1
"phase09-baselines-frozen","expanding_1x2","open_core","frozen","under_2_5","under_2_5_brier","tournament","within_tournament","wc2014",0.251167994358078,1,64,64,64,1
"phase09-baselines-frozen","expanding_1x2","open_core","frozen","under_2_5","under_2_5_brier","tournament","within_tournament","wc2018",0.24974685292994,1,64,64,64,1
"phase09-baselines-frozen","expanding_1x2","open_core","frozen","under_2_5","under_2_5_brier","tournament","within_tournament","wc2022",0.249282168948426,1,64,64,64,1
"phase09-baselines-frozen","expanding_1x2","open_core","frozen","under_2_5","under_2_5_log_loss","headline","equal_tournament","headline",0.694274575850848,12,630,630,630,1
"phase09-baselines-frozen","expanding_1x2","open_core","frozen","under_2_5","under_2_5_log_loss","headline","fixture_weighted","headline",0.694475639979394,12,630,630,630,1
"phase09-baselines-frozen","expanding_1x2","open_core","frozen","under_2_5","under_2_5_log_loss","tournament","within_tournament","euro2004",0.692652745004144,1,31,31,31,1
"phase09-baselines-frozen","expanding_1x2","open_core","frozen","under_2_5","under_2_5_log_loss","tournament","within_tournament","euro2008",0.696077838866525,1,31,31,31,1
"phase09-baselines-frozen","expanding_1x2","open_core","frozen","under_2_5","under_2_5_log_loss","tournament","within_tournament","euro2012",0.692930509473119,1,31,31,31,1
"phase09-baselines-frozen","expanding_1x2","open_core","frozen","under_2_5","under_2_5_log_loss","tournament","within_tournament","euro2016",0.690232333855686,1,51,51,51,1
"phase09-baselines-frozen","expanding_1x2","open_core","frozen","under_2_5","under_2_5_log_loss","tournament","within_tournament","euro2020",0.693470423088157,1,51,51,51,1
"phase09-baselines-frozen","expanding_1x2","open_core","frozen","under_2_5","under_2_5_log_loss","tournament","within_tournament","euro2024",0.692328395832162,1,51,51,51,1
"phase09-baselines-frozen","expanding_1x2","open_core","frozen","under_2_5","under_2_5_log_loss","tournament","within_tournament","wc2002",0.697204598717082,1,64,64,64,1
"phase09-baselines-frozen","expanding_1x2","open_core","frozen","under_2_5","under_2_5_log_loss","tournament","within_tournament","wc2006",0.700440037405072,1,64,64,64,1
"phase09-baselines-frozen","expanding_1x2","open_core","frozen","under_2_5","under_2_5_log_loss","tournament","within_tournament","wc2010",0.696122421989443,1,64,64,64,1
"phase09-baselines-frozen","expanding_1x2","open_core","frozen","under_2_5","under_2_5_log_loss","tournament","within_tournament","wc2014",0.695483576142857,1,64,64,64,1
"phase09-baselines-frozen","expanding_1x2","open_core","frozen","under_2_5","under_2_5_log_loss","tournament","within_tournament","wc2018",0.692640881271904,1,64,64,64,1
"phase09-baselines-frozen","expanding_1x2","open_core","frozen","under_2_5","under_2_5_log_loss","tournament","within_tournament","wc2022",0.691711148564028,1,64,64,64,1
"phase09-baselines-frozen","expanding_1x2","open_core","frozen","regulation_1x2","winner_pick_accuracy","headline","equal_tournament","headline",0.391234450769555,12,630,630,630,1
"phase09-baselines-frozen","expanding_1x2","open_core","frozen","regulation_1x2","winner_pick_accuracy","headline","fixture_weighted","headline",0.396825396825397,12,630,630,630,1
"phase09-baselines-frozen","expanding_1x2","open_core","frozen","regulation_1x2","winner_pick_accuracy","tournament","within_tournament","euro2004",0.387096774193548,1,31,31,31,1
"phase09-baselines-frozen","expanding_1x2","open_core","frozen","regulation_1x2","winner_pick_accuracy","tournament","within_tournament","euro2008",0.354838709677419,1,31,31,31,1
"phase09-baselines-frozen","expanding_1x2","open_core","frozen","regulation_1x2","winner_pick_accuracy","tournament","within_tournament","euro2012",0.354838709677419,1,31,31,31,1
"phase09-baselines-frozen","expanding_1x2","open_core","frozen","regulation_1x2","winner_pick_accuracy","tournament","within_tournament","euro2016",0.392156862745098,1,51,51,51,1
"phase09-baselines-frozen","expanding_1x2","open_core","frozen","regulation_1x2","winner_pick_accuracy","tournament","within_tournament","euro2020",0.372549019607843,1,51,51,51,1
"phase09-baselines-frozen","expanding_1x2","open_core","frozen","regulation_1x2","winner_pick_accuracy","tournament","within_tournament","euro2024",0.333333333333333,1,51,51,51,1
"phase09-baselines-frozen","expanding_1x2","open_core","frozen","regulation_1x2","winner_pick_accuracy","tournament","within_tournament","wc2002",0.421875,1,64,64,64,1
"phase09-baselines-frozen","expanding_1x2","open_core","frozen","regulation_1x2","winner_pick_accuracy","tournament","within_tournament","wc2006",0.5,1,64,64,64,1
"phase09-baselines-frozen","expanding_1x2","open_core","frozen","regulation_1x2","winner_pick_accuracy","tournament","within_tournament","wc2010",0.375,1,64,64,64,1
"phase09-baselines-frozen","expanding_1x2","open_core","frozen","regulation_1x2","winner_pick_accuracy","tournament","within_tournament","wc2014",0.390625,1,64,64,64,1
"phase09-baselines-frozen","expanding_1x2","open_core","frozen","regulation_1x2","winner_pick_accuracy","tournament","within_tournament","wc2018",0.375,1,64,64,64,1
"phase09-baselines-frozen","expanding_1x2","open_core","frozen","regulation_1x2","winner_pick_accuracy","tournament","within_tournament","wc2022",0.4375,1,64,64,64,1
"phase09-baselines-frozen","expanding_1x2","open_core","updating","away_goals","away_goal_rps","headline","equal_tournament","headline",0.563436610337479,12,630,630,630,1
"phase09-baselines-frozen","expanding_1x2","open_core","updating","away_goals","away_goal_rps","headline","fixture_weighted","headline",0.568694515110877,12,630,630,630,1
"phase09-baselines-frozen","expanding_1x2","open_core","updating","away_goals","away_goal_rps","tournament","within_tournament","euro2004",0.563017674595837,1,31,31,31,1
"phase09-baselines-frozen","expanding_1x2","open_core","updating","away_goals","away_goal_rps","tournament","within_tournament","euro2008",0.535609730983454,1,31,31,31,1
"phase09-baselines-frozen","expanding_1x2","open_core","updating","away_goals","away_goal_rps","tournament","within_tournament","euro2012",0.520759649133994,1,31,31,31,1
"phase09-baselines-frozen","expanding_1x2","open_core","updating","away_goals","away_goal_rps","tournament","within_tournament","euro2016",0.49664516353792,1,51,51,51,1
"phase09-baselines-frozen","expanding_1x2","open_core","updating","away_goals","away_goal_rps","tournament","within_tournament","euro2020",0.629950958039029,1,51,51,51,1
"phase09-baselines-frozen","expanding_1x2","open_core","updating","away_goals","away_goal_rps","tournament","within_tournament","euro2024",0.488942294868638,1,51,51,51,1
"phase09-baselines-frozen","expanding_1x2","open_core","updating","away_goals","away_goal_rps","tournament","within_tournament","wc2002",0.577550073009312,1,64,64,64,1
"phase09-baselines-frozen","expanding_1x2","open_core","updating","away_goals","away_goal_rps","tournament","within_tournament","wc2006",0.542573026684152,1,64,64,64,1
"phase09-baselines-frozen","expanding_1x2","open_core","updating","away_goals","away_goal_rps","tournament","within_tournament","wc2010",0.513392151073725,1,64,64,64,1
"phase09-baselines-frozen","expanding_1x2","open_core","updating","away_goals","away_goal_rps","tournament","within_tournament","wc2014",0.76951400511976,1,64,64,64,1
"phase09-baselines-frozen","expanding_1x2","open_core","updating","away_goals","away_goal_rps","tournament","within_tournament","wc2018",0.547460049821577,1,64,64,64,1
"phase09-baselines-frozen","expanding_1x2","open_core","updating","away_goals","away_goal_rps","tournament","within_tournament","wc2022",0.575824547182347,1,64,64,64,1
"phase09-baselines-frozen","expanding_1x2","open_core","updating","regulation_1x2","brier","headline","equal_tournament","headline",0.673342223976796,12,630,630,630,1
"phase09-baselines-frozen","expanding_1x2","open_core","updating","regulation_1x2","brier","headline","fixture_weighted","headline",0.670881453041112,12,630,630,630,1
"phase09-baselines-frozen","expanding_1x2","open_core","updating","regulation_1x2","brier","tournament","within_tournament","euro2004",0.68560604236563,1,31,31,31,1
"phase09-baselines-frozen","expanding_1x2","open_core","updating","regulation_1x2","brier","tournament","within_tournament","euro2008",0.680375518596472,1,31,31,31,1
"phase09-baselines-frozen","expanding_1x2","open_core","updating","regulation_1x2","brier","tournament","within_tournament","euro2012",0.682596297741613,1,31,31,31,1
"phase09-baselines-frozen","expanding_1x2","open_core","updating","regulation_1x2","brier","tournament","within_tournament","euro2016",0.678303046983708,1,51,51,51,1
"phase09-baselines-frozen","expanding_1x2","open_core","updating","regulation_1x2","brier","tournament","within_tournament","euro2020",0.684032763287456,1,51,51,51,1
"phase09-baselines-frozen","expanding_1x2","open_core","updating","regulation_1x2","brier","tournament","within_tournament","euro2024",0.704467517502421,1,51,51,51,1
"phase09-baselines-frozen","expanding_1x2","open_core","updating","regulation_1x2","brier","tournament","within_tournament","wc2002",0.663844125608442,1,64,64,64,1
"phase09-baselines-frozen","expanding_1x2","open_core","updating","regulation_1x2","brier","tournament","within_tournament","wc2006",0.627266478640222,1,64,64,64,1
"phase09-baselines-frozen","expanding_1x2","open_core","updating","regulation_1x2","brier","tournament","within_tournament","wc2010",0.680675848449013,1,64,64,64,1
"phase09-baselines-frozen","expanding_1x2","open_core","updating","regulation_1x2","brier","tournament","within_tournament","wc2014",0.67168141153375,1,64,64,64,1
"phase09-baselines-frozen","expanding_1x2","open_core","updating","regulation_1x2","brier","tournament","within_tournament","wc2018",0.671161689360524,1,64,64,64,1
"phase09-baselines-frozen","expanding_1x2","open_core","updating","regulation_1x2","brier","tournament","within_tournament","wc2022",0.650095947652304,1,64,64,64,1
"phase09-baselines-frozen","expanding_1x2","open_core","updating","btts","btts_brier","headline","equal_tournament","headline",0.250278894241063,12,630,630,630,1
"phase09-baselines-frozen","expanding_1x2","open_core","updating","btts","btts_brier","headline","fixture_weighted","headline",0.249994438102809,12,630,630,630,1
"phase09-baselines-frozen","expanding_1x2","open_core","updating","btts","btts_brier","tournament","within_tournament","euro2004",0.254711978465953,1,31,31,31,1
"phase09-baselines-frozen","expanding_1x2","open_core","updating","btts","btts_brier","tournament","within_tournament","euro2008",0.244941106096015,1,31,31,31,1
"phase09-baselines-frozen","expanding_1x2","open_core","updating","btts","btts_brier","tournament","within_tournament","euro2012",0.254519542129187,1,31,31,31,1
"phase09-baselines-frozen","expanding_1x2","open_core","updating","btts","btts_brier","tournament","within_tournament","euro2016",0.240204107881125,1,51,51,51,1
"phase09-baselines-frozen","expanding_1x2","open_core","updating","btts","btts_brier","tournament","within_tournament","euro2020",0.253916284075066,1,51,51,51,1
"phase09-baselines-frozen","expanding_1x2","open_core","updating","btts","btts_brier","tournament","within_tournament","euro2024",0.262033307394484,1,51,51,51,1
"phase09-baselines-frozen","expanding_1x2","open_core","updating","btts","btts_brier","tournament","within_tournament","wc2002",0.249196043298289,1,64,64,64,1
"phase09-baselines-frozen","expanding_1x2","open_core","updating","btts","btts_brier","tournament","within_tournament","wc2006",0.240246498706981,1,64,64,64,1
"phase09-baselines-frozen","expanding_1x2","open_core","updating","btts","btts_brier","tournament","within_tournament","wc2010",0.246409331863068,1,64,64,64,1
"phase09-baselines-frozen","expanding_1x2","open_core","updating","btts","btts_brier","tournament","within_tournament","wc2014",0.253061062088458,1,64,64,64,1
"phase09-baselines-frozen","expanding_1x2","open_core","updating","btts","btts_brier","tournament","within_tournament","wc2018",0.253438026494958,1,64,64,64,1
"phase09-baselines-frozen","expanding_1x2","open_core","updating","btts","btts_brier","tournament","within_tournament","wc2022",0.250669442399173,1,64,64,64,1
"phase09-baselines-frozen","expanding_1x2","open_core","updating","btts","btts_log_loss","headline","equal_tournament","headline",0.693729833912812,12,630,630,630,1
"phase09-baselines-frozen","expanding_1x2","open_core","updating","btts","btts_log_loss","headline","fixture_weighted","headline",0.693159497865844,12,630,630,630,1
"phase09-baselines-frozen","expanding_1x2","open_core","updating","btts","btts_log_loss","tournament","within_tournament","euro2004",0.70262022298595,1,31,31,31,1
"phase09-baselines-frozen","expanding_1x2","open_core","updating","btts","btts_log_loss","tournament","within_tournament","euro2008",0.683009177267497,1,31,31,31,1
"phase09-baselines-frozen","expanding_1x2","open_core","updating","btts","btts_log_loss","tournament","within_tournament","euro2012",0.70223101953392,1,31,31,31,1
"phase09-baselines-frozen","expanding_1x2","open_core","updating","btts","btts_log_loss","tournament","within_tournament","euro2016",0.673467971322212,1,51,51,51,1
"phase09-baselines-frozen","expanding_1x2","open_core","updating","btts","btts_log_loss","tournament","within_tournament","euro2020",0.701075213826489,1,51,51,51,1
"phase09-baselines-frozen","expanding_1x2","open_core","updating","btts","btts_log_loss","tournament","within_tournament","euro2024",0.717351809972474,1,51,51,51,1
"phase09-baselines-frozen","expanding_1x2","open_core","updating","btts","btts_log_loss","tournament","within_tournament","wc2002",0.691540154929885,1,64,64,64,1
"phase09-baselines-frozen","expanding_1x2","open_core","updating","btts","btts_log_loss","tournament","within_tournament","wc2006",0.673600927338653,1,64,64,64,1
"phase09-baselines-frozen","expanding_1x2","open_core","updating","btts","btts_log_loss","tournament","within_tournament","wc2010",0.685952080970202,1,64,64,64,1
"phase09-baselines-frozen","expanding_1x2","open_core","updating","btts","btts_log_loss","tournament","within_tournament","wc2014",0.699306981641187,1,64,64,64,1
"phase09-baselines-frozen","expanding_1x2","open_core","updating","btts","btts_log_loss","tournament","within_tournament","wc2018",0.70007097471652,1,64,64,64,1
"phase09-baselines-frozen","expanding_1x2","open_core","updating","btts","btts_log_loss","tournament","within_tournament","wc2022",0.694531472448757,1,64,64,64,1
"phase09-baselines-frozen","expanding_1x2","open_core","updating","regulation_1x2","calibration_error","headline","fixed_equal_tournament_bins","headline",0.0617185235088522,12,630,630,630,1
"phase09-baselines-frozen","expanding_1x2","open_core","updating","regulation_scoreline","exact_score_hit","headline","equal_tournament","headline",0.0892062974383302,12,630,630,630,1
"phase09-baselines-frozen","expanding_1x2","open_core","updating","regulation_scoreline","exact_score_hit","headline","fixture_weighted","headline",0.092063492063492,12,630,630,630,1
"phase09-baselines-frozen","expanding_1x2","open_core","updating","regulation_scoreline","exact_score_hit","tournament","within_tournament","euro2004",0.0645161290322581,1,31,31,31,1
"phase09-baselines-frozen","expanding_1x2","open_core","updating","regulation_scoreline","exact_score_hit","tournament","within_tournament","euro2008",0.0967741935483871,1,31,31,31,1
"phase09-baselines-frozen","expanding_1x2","open_core","updating","regulation_scoreline","exact_score_hit","tournament","within_tournament","euro2012",0.0645161290322581,1,31,31,31,1
"phase09-baselines-frozen","expanding_1x2","open_core","updating","regulation_scoreline","exact_score_hit","tournament","within_tournament","euro2016",0.0784313725490196,1,51,51,51,1
"phase09-baselines-frozen","expanding_1x2","open_core","updating","regulation_scoreline","exact_score_hit","tournament","within_tournament","euro2020",0.117647058823529,1,51,51,51,1
"phase09-baselines-frozen","expanding_1x2","open_core","updating","regulation_scoreline","exact_score_hit","tournament","within_tournament","euro2024",0.0392156862745098,1,51,51,51,1
"phase09-baselines-frozen","expanding_1x2","open_core","updating","regulation_scoreline","exact_score_hit","tournament","within_tournament","wc2002",0.140625,1,64,64,64,1
"phase09-baselines-frozen","expanding_1x2","open_core","updating","regulation_scoreline","exact_score_hit","tournament","within_tournament","wc2006",0.09375,1,64,64,64,1
"phase09-baselines-frozen","expanding_1x2","open_core","updating","regulation_scoreline","exact_score_hit","tournament","within_tournament","wc2010",0.09375,1,64,64,64,1
"phase09-baselines-frozen","expanding_1x2","open_core","updating","regulation_scoreline","exact_score_hit","tournament","within_tournament","wc2014",0.078125,1,64,64,64,1
"phase09-baselines-frozen","expanding_1x2","open_core","updating","regulation_scoreline","exact_score_hit","tournament","within_tournament","wc2018",0.09375,1,64,64,64,1
"phase09-baselines-frozen","expanding_1x2","open_core","updating","regulation_scoreline","exact_score_hit","tournament","within_tournament","wc2022",0.109375,1,64,64,64,1
"phase09-baselines-frozen","expanding_1x2","open_core","updating","home_goals","home_goal_rps","headline","equal_tournament","headline",0.69287519318003,12,630,630,630,1
"phase09-baselines-frozen","expanding_1x2","open_core","updating","home_goals","home_goal_rps","headline","fixture_weighted","headline",0.696048498856541,12,630,630,630,1
"phase09-baselines-frozen","expanding_1x2","open_core","updating","home_goals","home_goal_rps","tournament","within_tournament","euro2004",0.663285212508333,1,31,31,31,1
"phase09-baselines-frozen","expanding_1x2","open_core","updating","home_goals","home_goal_rps","tournament","within_tournament","euro2008",0.71992093145812,1,31,31,31,1
"phase09-baselines-frozen","expanding_1x2","open_core","updating","home_goals","home_goal_rps","tournament","within_tournament","euro2012",0.67980614957546,1,31,31,31,1
"phase09-baselines-frozen","expanding_1x2","open_core","updating","home_goals","home_goal_rps","tournament","within_tournament","euro2016",0.659564464230457,1,51,51,51,1
"phase09-baselines-frozen","expanding_1x2","open_core","updating","home_goals","home_goal_rps","tournament","within_tournament","euro2020",0.702923797477515,1,51,51,51,1
"phase09-baselines-frozen","expanding_1x2","open_core","updating","home_goals","home_goal_rps","tournament","within_tournament","euro2024",0.601987768735019,1,51,51,51,1
"phase09-baselines-frozen","expanding_1x2","open_core","updating","home_goals","home_goal_rps","tournament","within_tournament","wc2002",0.698745271716065,1,64,64,64,1
"phase09-baselines-frozen","expanding_1x2","open_core","updating","home_goals","home_goal_rps","tournament","within_tournament","wc2006",0.720180647484182,1,64,64,64,1
"phase09-baselines-frozen","expanding_1x2","open_core","updating","home_goals","home_goal_rps","tournament","within_tournament","wc2010",0.728789908456101,1,64,64,64,1
"phase09-baselines-frozen","expanding_1x2","open_core","updating","home_goals","home_goal_rps","tournament","within_tournament","wc2014",0.630415800270703,1,64,64,64,1
"phase09-baselines-frozen","expanding_1x2","open_core","updating","home_goals","home_goal_rps","tournament","within_tournament","wc2018",0.706956884027075,1,64,64,64,1
"phase09-baselines-frozen","expanding_1x2","open_core","updating","home_goals","home_goal_rps","tournament","within_tournament","wc2022",0.801925482221326,1,64,64,64,1
"phase09-baselines-frozen","expanding_1x2","open_core","updating","regulation_scoreline","joint_scoreline_log_loss","headline","equal_tournament","headline",2.93244877930987,12,630,630,630,1
"phase09-baselines-frozen","expanding_1x2","open_core","updating","regulation_scoreline","joint_scoreline_log_loss","headline","fixture_weighted","headline",2.93987434801667,12,630,630,630,1
"phase09-baselines-frozen","expanding_1x2","open_core","updating","regulation_scoreline","joint_scoreline_log_loss","tournament","within_tournament","euro2004",2.88960241128226,1,31,31,31,1
"phase09-baselines-frozen","expanding_1x2","open_core","updating","regulation_scoreline","joint_scoreline_log_loss","tournament","within_tournament","euro2008",2.93612186212807,1,31,31,31,1
"phase09-baselines-frozen","expanding_1x2","open_core","updating","regulation_scoreline","joint_scoreline_log_loss","tournament","within_tournament","euro2012",2.90462506967056,1,31,31,31,1
"phase09-baselines-frozen","expanding_1x2","open_core","updating","regulation_scoreline","joint_scoreline_log_loss","tournament","within_tournament","euro2016",2.79127133148025,1,51,51,51,1
"phase09-baselines-frozen","expanding_1x2","open_core","updating","regulation_scoreline","joint_scoreline_log_loss","tournament","within_tournament","euro2020",3.0494602225256,1,51,51,51,1
"phase09-baselines-frozen","expanding_1x2","open_core","updating","regulation_scoreline","joint_scoreline_log_loss","tournament","within_tournament","euro2024",2.76682959505683,1,51,51,51,1
"phase09-baselines-frozen","expanding_1x2","open_core","updating","regulation_scoreline","joint_scoreline_log_loss","tournament","within_tournament","wc2002",2.95250720165847,1,64,64,64,1
"phase09-baselines-frozen","expanding_1x2","open_core","updating","regulation_scoreline","joint_scoreline_log_loss","tournament","within_tournament","wc2006",2.87520008652297,1,64,64,64,1
"phase09-baselines-frozen","expanding_1x2","open_core","updating","regulation_scoreline","joint_scoreline_log_loss","tournament","within_tournament","wc2010",2.84488857206577,1,64,64,64,1
"phase09-baselines-frozen","expanding_1x2","open_core","updating","regulation_scoreline","joint_scoreline_log_loss","tournament","within_tournament","wc2014",3.09679494522141,1,64,64,64,1
"phase09-baselines-frozen","expanding_1x2","open_core","updating","regulation_scoreline","joint_scoreline_log_loss","tournament","within_tournament","wc2018",2.99399936439897,1,64,64,64,1
"phase09-baselines-frozen","expanding_1x2","open_core","updating","regulation_scoreline","joint_scoreline_log_loss","tournament","within_tournament","wc2022",3.08808468970733,1,64,64,64,1
"phase09-baselines-frozen","expanding_1x2","open_core","updating","regulation_1x2","log_loss","headline","equal_tournament","headline",1.10687783856486,12,630,630,630,1
"phase09-baselines-frozen","expanding_1x2","open_core","updating","regulation_1x2","log_loss","headline","fixture_weighted","headline",1.10352875484703,12,630,630,630,1
"phase09-baselines-frozen","expanding_1x2","open_core","updating","regulation_1x2","log_loss","tournament","within_tournament","euro2004",1.12701635832409,1,31,31,31,1
"phase09-baselines-frozen","expanding_1x2","open_core","updating","regulation_1x2","log_loss","tournament","within_tournament","euro2008",1.111945937842,1,31,31,31,1
"phase09-baselines-frozen","expanding_1x2","open_core","updating","regulation_1x2","log_loss","tournament","within_tournament","euro2012",1.11618145313371,1,31,31,31,1
"phase09-baselines-frozen","expanding_1x2","open_core","updating","regulation_1x2","log_loss","tournament","within_tournament","euro2016",1.11695468809001,1,51,51,51,1
"phase09-baselines-frozen","expanding_1x2","open_core","updating","regulation_1x2","log_loss","tournament","within_tournament","euro2020",1.123263778098,1,51,51,51,1
"phase09-baselines-frozen","expanding_1x2","open_core","updating","regulation_1x2","log_loss","tournament","within_tournament","euro2024",1.1551138982188,1,51,51,51,1
"phase09-baselines-frozen","expanding_1x2","open_core","updating","regulation_1x2","log_loss","tournament","within_tournament","wc2002",1.09420859557751,1,64,64,64,1
"phase09-baselines-frozen","expanding_1x2","open_core","updating","regulation_1x2","log_loss","tournament","within_tournament","wc2006",1.04372574005877,1,64,64,64,1
"phase09-baselines-frozen","expanding_1x2","open_core","updating","regulation_1x2","log_loss","tournament","within_tournament","wc2010",1.11683026758426,1,64,64,64,1
"phase09-baselines-frozen","expanding_1x2","open_core","updating","regulation_1x2","log_loss","tournament","within_tournament","wc2014",1.10380323720764,1,64,64,64,1
"phase09-baselines-frozen","expanding_1x2","open_core","updating","regulation_1x2","log_loss","tournament","within_tournament","wc2018",1.1005317270074,1,64,64,64,1
"phase09-baselines-frozen","expanding_1x2","open_core","updating","regulation_1x2","log_loss","tournament","within_tournament","wc2022",1.07295838163611,1,64,64,64,1
"phase09-baselines-frozen","expanding_1x2","open_core","updating","over_2_5","over_2_5_brier","headline","equal_tournament","headline",0.250479210110233,12,630,630,630,1
"phase09-baselines-frozen","expanding_1x2","open_core","updating","over_2_5","over_2_5_brier","headline","fixture_weighted","headline",0.250587160369772,12,630,630,630,1
"phase09-baselines-frozen","expanding_1x2","open_core","updating","over_2_5","over_2_5_brier","tournament","within_tournament","euro2004",0.249670790642798,1,31,31,31,1
"phase09-baselines-frozen","expanding_1x2","open_core","updating","over_2_5","over_2_5_brier","tournament","within_tournament","euro2008",0.250959583163034,1,31,31,31,1
"phase09-baselines-frozen","expanding_1x2","open_core","updating","over_2_5","over_2_5_brier","tournament","within_tournament","euro2012",0.250001013610561,1,31,31,31,1
"phase09-baselines-frozen","expanding_1x2","open_core","updating","over_2_5","over_2_5_brier","tournament","within_tournament","euro2016",0.248392066548336,1,51,51,51,1
"phase09-baselines-frozen","expanding_1x2","open_core","updating","over_2_5","over_2_5_brier","tournament","within_tournament","euro2020",0.250263336933317,1,51,51,51,1
"phase09-baselines-frozen","expanding_1x2","open_core","updating","over_2_5","over_2_5_brier","tournament","within_tournament","euro2024",0.249597407823039,1,51,51,51,1
"phase09-baselines-frozen","expanding_1x2","open_core","updating","over_2_5","over_2_5_brier","tournament","within_tournament","wc2002",0.251702010253218,1,64,64,64,1
"phase09-baselines-frozen","expanding_1x2","open_core","updating","over_2_5","over_2_5_brier","tournament","within_tournament","wc2006",0.253522637059305,1,64,64,64,1
"phase09-baselines-frozen","expanding_1x2","open_core","updating","over_2_5","over_2_5_brier","tournament","within_tournament","wc2010",0.251306970327449,1,64,64,64,1
"phase09-baselines-frozen","expanding_1x2","open_core","updating","over_2_5","over_2_5_brier","tournament","within_tournament","wc2014",0.251210395051061,1,64,64,64,1
"phase09-baselines-frozen","expanding_1x2","open_core","updating","over_2_5","over_2_5_brier","tournament","within_tournament","wc2018",0.249831912169413,1,64,64,64,1
"phase09-baselines-frozen","expanding_1x2","open_core","updating","over_2_5","over_2_5_brier","tournament","within_tournament","wc2022",0.24929239774126,1,64,64,64,1
"phase09-baselines-frozen","expanding_1x2","open_core","updating","over_2_5","over_2_5_log_loss","headline","equal_tournament","headline",0.694105804340105,12,630,630,630,1
"phase09-baselines-frozen","expanding_1x2","open_core","updating","over_2_5","over_2_5_log_loss","headline","fixture_weighted","headline",0.694321757631,12,630,630,630,1
"phase09-baselines-frozen","expanding_1x2","open_core","updating","over_2_5","over_2_5_log_loss","tournament","within_tournament","euro2004",0.692488586537477,1,31,31,31,1
"phase09-baselines-frozen","expanding_1x2","open_core","updating","over_2_5","over_2_5_log_loss","tournament","within_tournament","euro2008",0.695066407822907,1,31,31,31,1
"phase09-baselines-frozen","expanding_1x2","open_core","updating","over_2_5","over_2_5_log_loss","tournament","within_tournament","euro2012",0.693149208433177,1,31,31,31,1
"phase09-baselines-frozen","expanding_1x2","open_core","updating","over_2_5","over_2_5_log_loss","tournament","within_tournament","euro2016",0.689931207226722,1,51,51,51,1
"phase09-baselines-frozen","expanding_1x2","open_core","updating","over_2_5","over_2_5_log_loss","tournament","within_tournament","euro2020",0.693673860663666,1,51,51,51,1
"phase09-baselines-frozen","expanding_1x2","open_core","updating","over_2_5","over_2_5_log_loss","tournament","within_tournament","euro2024",0.692341988531414,1,51,51,51,1
"phase09-baselines-frozen","expanding_1x2","open_core","updating","over_2_5","over_2_5_log_loss","tournament","within_tournament","wc2002",0.696551411263583,1,64,64,64,1
"phase09-baselines-frozen","expanding_1x2","open_core","updating","over_2_5","over_2_5_log_loss","tournament","within_tournament","wc2006",0.700194659284105,1,64,64,64,1
"phase09-baselines-frozen","expanding_1x2","open_core","updating","over_2_5","over_2_5_log_loss","tournament","within_tournament","wc2010",0.695761284930378,1,64,64,64,1
"phase09-baselines-frozen","expanding_1x2","open_core","updating","over_2_5","over_2_5_log_loss","tournament","within_tournament","wc2014",0.695568393245786,1,64,64,64,1
"phase09-baselines-frozen","expanding_1x2","open_core","updating","over_2_5","over_2_5_log_loss","tournament","within_tournament","wc2018",0.6928110060395,1,64,64,64,1
"phase09-baselines-frozen","expanding_1x2","open_core","updating","over_2_5","over_2_5_log_loss","tournament","within_tournament","wc2022",0.691731638102547,1,64,64,64,1
"phase09-baselines-frozen","expanding_1x2","open_core","updating","regulation_1x2","rps","headline","equal_tournament","headline",0.235146944074474,12,630,630,630,1
"phase09-baselines-frozen","expanding_1x2","open_core","updating","regulation_1x2","rps","headline","fixture_weighted","headline",0.23401862928916,12,630,630,630,1
"phase09-baselines-frozen","expanding_1x2","open_core","updating","regulation_1x2","rps","tournament","within_tournament","euro2004",0.220715691178044,1,31,31,31,1
"phase09-baselines-frozen","expanding_1x2","open_core","updating","regulation_1x2","rps","tournament","within_tournament","euro2008",0.261110264571922,1,31,31,31,1
"phase09-baselines-frozen","expanding_1x2","open_core","updating","regulation_1x2","rps","tournament","within_tournament","euro2012",0.253759356367876,1,31,31,31,1
"phase09-baselines-frozen","expanding_1x2","open_core","updating","regulation_1x2","rps","tournament","within_tournament","euro2016",0.227348903289467,1,51,51,51,1
"phase09-baselines-frozen","expanding_1x2","open_core","updating","regulation_1x2","rps","tournament","within_tournament","euro2020",0.230982895569659,1,51,51,51,1
"phase09-baselines-frozen","expanding_1x2","open_core","updating","regulation_1x2","rps","tournament","within_tournament","euro2024",0.22526830092061,1,51,51,51,1
"phase09-baselines-frozen","expanding_1x2","open_core","updating","regulation_1x2","rps","tournament","within_tournament","wc2002",0.225861316572284,1,64,64,64,1
"phase09-baselines-frozen","expanding_1x2","open_core","updating","regulation_1x2","rps","tournament","within_tournament","wc2006",0.215788469082983,1,64,64,64,1
"phase09-baselines-frozen","expanding_1x2","open_core","updating","regulation_1x2","rps","tournament","within_tournament","wc2010",0.237873343461482,1,64,64,64,1
"phase09-baselines-frozen","expanding_1x2","open_core","updating","regulation_1x2","rps","tournament","within_tournament","wc2014",0.23785716685019,1,64,64,64,1
"phase09-baselines-frozen","expanding_1x2","open_core","updating","regulation_1x2","rps","tournament","within_tournament","wc2018",0.249904094958613,1,64,64,64,1
"phase09-baselines-frozen","expanding_1x2","open_core","updating","regulation_1x2","rps","tournament","within_tournament","wc2022",0.235293526070556,1,64,64,64,1
"phase09-baselines-frozen","expanding_1x2","open_core","updating","under_2_5","under_2_5_brier","headline","equal_tournament","headline",0.250479210110233,12,630,630,630,1
"phase09-baselines-frozen","expanding_1x2","open_core","updating","under_2_5","under_2_5_brier","headline","fixture_weighted","headline",0.250587160369773,12,630,630,630,1
"phase09-baselines-frozen","expanding_1x2","open_core","updating","under_2_5","under_2_5_brier","tournament","within_tournament","euro2004",0.249670790642791,1,31,31,31,1
"phase09-baselines-frozen","expanding_1x2","open_core","updating","under_2_5","under_2_5_brier","tournament","within_tournament","euro2008",0.250959583163036,1,31,31,31,1
"phase09-baselines-frozen","expanding_1x2","open_core","updating","under_2_5","under_2_5_brier","tournament","within_tournament","euro2012",0.250001013610559,1,31,31,31,1
"phase09-baselines-frozen","expanding_1x2","open_core","updating","under_2_5","under_2_5_brier","tournament","within_tournament","euro2016",0.248392066548334,1,51,51,51,1
"phase09-baselines-frozen","expanding_1x2","open_core","updating","under_2_5","under_2_5_brier","tournament","within_tournament","euro2020",0.250263336933319,1,51,51,51,1
"phase09-baselines-frozen","expanding_1x2","open_core","updating","under_2_5","under_2_5_brier","tournament","within_tournament","euro2024",0.249597407823041,1,51,51,51,1
"phase09-baselines-frozen","expanding_1x2","open_core","updating","under_2_5","under_2_5_brier","tournament","within_tournament","wc2002",0.251702010253217,1,64,64,64,1
"phase09-baselines-frozen","expanding_1x2","open_core","updating","under_2_5","under_2_5_brier","tournament","within_tournament","wc2006",0.253522637059308,1,64,64,64,1
"phase09-baselines-frozen","expanding_1x2","open_core","updating","under_2_5","under_2_5_brier","tournament","within_tournament","wc2010",0.25130697032745,1,64,64,64,1
"phase09-baselines-frozen","expanding_1x2","open_core","updating","under_2_5","under_2_5_brier","tournament","within_tournament","wc2014",0.251210395051062,1,64,64,64,1
"phase09-baselines-frozen","expanding_1x2","open_core","updating","under_2_5","under_2_5_brier","tournament","within_tournament","wc2018",0.249831912169414,1,64,64,64,1
"phase09-baselines-frozen","expanding_1x2","open_core","updating","under_2_5","under_2_5_brier","tournament","within_tournament","wc2022",0.249292397741261,1,64,64,64,1
"phase09-baselines-frozen","expanding_1x2","open_core","updating","under_2_5","under_2_5_log_loss","headline","equal_tournament","headline",0.694105804340105,12,630,630,630,1
"phase09-baselines-frozen","expanding_1x2","open_core","updating","under_2_5","under_2_5_log_loss","headline","fixture_weighted","headline",0.694321757631001,12,630,630,630,1
"phase09-baselines-frozen","expanding_1x2","open_core","updating","under_2_5","under_2_5_log_loss","tournament","within_tournament","euro2004",0.692488586537463,1,31,31,31,1
"phase09-baselines-frozen","expanding_1x2","open_core","updating","under_2_5","under_2_5_log_loss","tournament","within_tournament","euro2008",0.695066407822911,1,31,31,31,1
"phase09-baselines-frozen","expanding_1x2","open_core","updating","under_2_5","under_2_5_log_loss","tournament","within_tournament","euro2012",0.693149208433173,1,31,31,31,1
"phase09-baselines-frozen","expanding_1x2","open_core","updating","under_2_5","under_2_5_log_loss","tournament","within_tournament","euro2016",0.689931207226718,1,51,51,51,1
"phase09-baselines-frozen","expanding_1x2","open_core","updating","under_2_5","under_2_5_log_loss","tournament","within_tournament","euro2020",0.69367386066367,1,51,51,51,1
"phase09-baselines-frozen","expanding_1x2","open_core","updating","under_2_5","under_2_5_log_loss","tournament","within_tournament","euro2024",0.692341988531417,1,51,51,51,1
"phase09-baselines-frozen","expanding_1x2","open_core","updating","under_2_5","under_2_5_log_loss","tournament","within_tournament","wc2002",0.69655141126358,1,64,64,64,1
"phase09-baselines-frozen","expanding_1x2","open_core","updating","under_2_5","under_2_5_log_loss","tournament","within_tournament","wc2006",0.700194659284112,1,64,64,64,1
"phase09-baselines-frozen","expanding_1x2","open_core","updating","under_2_5","under_2_5_log_loss","tournament","within_tournament","wc2010",0.695761284930379,1,64,64,64,1
"phase09-baselines-frozen","expanding_1x2","open_core","updating","under_2_5","under_2_5_log_loss","tournament","within_tournament","wc2014",0.695568393245789,1,64,64,64,1
"phase09-baselines-frozen","expanding_1x2","open_core","updating","under_2_5","under_2_5_log_loss","tournament","within_tournament","wc2018",0.692811006039502,1,64,64,64,1
"phase09-baselines-frozen","expanding_1x2","open_core","updating","under_2_5","under_2_5_log_loss","tournament","within_tournament","wc2022",0.69173163810255,1,64,64,64,1
"phase09-baselines-frozen","expanding_1x2","open_core","updating","regulation_1x2","winner_pick_accuracy","headline","equal_tournament","headline",0.391234450769555,12,630,630,630,1
"phase09-baselines-frozen","expanding_1x2","open_core","updating","regulation_1x2","winner_pick_accuracy","headline","fixture_weighted","headline",0.396825396825397,12,630,630,630,1
"phase09-baselines-frozen","expanding_1x2","open_core","updating","regulation_1x2","winner_pick_accuracy","tournament","within_tournament","euro2004",0.387096774193548,1,31,31,31,1
"phase09-baselines-frozen","expanding_1x2","open_core","updating","regulation_1x2","winner_pick_accuracy","tournament","within_tournament","euro2008",0.354838709677419,1,31,31,31,1
"phase09-baselines-frozen","expanding_1x2","open_core","updating","regulation_1x2","winner_pick_accuracy","tournament","within_tournament","euro2012",0.354838709677419,1,31,31,31,1
"phase09-baselines-frozen","expanding_1x2","open_core","updating","regulation_1x2","winner_pick_accuracy","tournament","within_tournament","euro2016",0.392156862745098,1,51,51,51,1
"phase09-baselines-frozen","expanding_1x2","open_core","updating","regulation_1x2","winner_pick_accuracy","tournament","within_tournament","euro2020",0.372549019607843,1,51,51,51,1
"phase09-baselines-frozen","expanding_1x2","open_core","updating","regulation_1x2","winner_pick_accuracy","tournament","within_tournament","euro2024",0.333333333333333,1,51,51,51,1
"phase09-baselines-frozen","expanding_1x2","open_core","updating","regulation_1x2","winner_pick_accuracy","tournament","within_tournament","wc2002",0.421875,1,64,64,64,1
"phase09-baselines-frozen","expanding_1x2","open_core","updating","regulation_1x2","winner_pick_accuracy","tournament","within_tournament","wc2006",0.5,1,64,64,64,1
"phase09-baselines-frozen","expanding_1x2","open_core","updating","regulation_1x2","winner_pick_accuracy","tournament","within_tournament","wc2010",0.375,1,64,64,64,1
"phase09-baselines-frozen","expanding_1x2","open_core","updating","regulation_1x2","winner_pick_accuracy","tournament","within_tournament","wc2014",0.390625,1,64,64,64,1
"phase09-baselines-frozen","expanding_1x2","open_core","updating","regulation_1x2","winner_pick_accuracy","tournament","within_tournament","wc2018",0.375,1,64,64,64,1
"phase09-baselines-frozen","expanding_1x2","open_core","updating","regulation_1x2","winner_pick_accuracy","tournament","within_tournament","wc2022",0.4375,1,64,64,64,1
"phase09-baselines-frozen","open_nb_incumbent","open_core","frozen","away_goals","away_goal_rps","headline","equal_tournament","headline",0.550438280855453,12,630,630,630,1
"phase09-baselines-frozen","open_nb_incumbent","open_core","frozen","away_goals","away_goal_rps","headline","fixture_weighted","headline",0.555212855842921,12,630,630,630,1
"phase09-baselines-frozen","open_nb_incumbent","open_core","frozen","away_goals","away_goal_rps","tournament","within_tournament","euro2004",0.56635965081721,1,31,31,31,1
"phase09-baselines-frozen","open_nb_incumbent","open_core","frozen","away_goals","away_goal_rps","tournament","within_tournament","euro2008",0.524172505728093,1,31,31,31,1
"phase09-baselines-frozen","open_nb_incumbent","open_core","frozen","away_goals","away_goal_rps","tournament","within_tournament","euro2012",0.502584678569041,1,31,31,31,1
"phase09-baselines-frozen","open_nb_incumbent","open_core","frozen","away_goals","away_goal_rps","tournament","within_tournament","euro2016",0.485888164444644,1,51,51,51,1
"phase09-baselines-frozen","open_nb_incumbent","open_core","frozen","away_goals","away_goal_rps","tournament","within_tournament","euro2020",0.590313678061224,1,51,51,51,1
"phase09-baselines-frozen","open_nb_incumbent","open_core","frozen","away_goals","away_goal_rps","tournament","within_tournament","euro2024",0.491463154199875,1,51,51,51,1
"phase09-baselines-frozen","open_nb_incumbent","open_core","frozen","away_goals","away_goal_rps","tournament","within_tournament","wc2002",0.551973530008391,1,64,64,64,1
"phase09-baselines-frozen","open_nb_incumbent","open_core","frozen","away_goals","away_goal_rps","tournament","within_tournament","wc2006",0.537276279663527,1,64,64,64,1
"phase09-baselines-frozen","open_nb_incumbent","open_core","frozen","away_goals","away_goal_rps","tournament","within_tournament","wc2010",0.50243122843126,1,64,64,64,1
"phase09-baselines-frozen","open_nb_incumbent","open_core","frozen","away_goals","away_goal_rps","tournament","within_tournament","wc2014",0.771102343991185,1,64,64,64,1
"phase09-baselines-frozen","open_nb_incumbent","open_core","frozen","away_goals","away_goal_rps","tournament","within_tournament","wc2018",0.517311810190392,1,64,64,64,1
"phase09-baselines-frozen","open_nb_incumbent","open_core","frozen","away_goals","away_goal_rps","tournament","within_tournament","wc2022",0.564382346160595,1,64,64,64,1
"phase09-baselines-frozen","open_nb_incumbent","open_core","frozen","regulation_1x2","brier","headline","equal_tournament","headline",0.646526760417454,12,630,630,630,1
"phase09-baselines-frozen","open_nb_incumbent","open_core","frozen","regulation_1x2","brier","headline","fixture_weighted","headline",0.645353012260005,12,630,630,630,1
"phase09-baselines-frozen","open_nb_incumbent","open_core","frozen","regulation_1x2","brier","tournament","within_tournament","euro2004",0.649807999214806,1,31,31,31,1
"phase09-baselines-frozen","open_nb_incumbent","open_core","frozen","regulation_1x2","brier","tournament","within_tournament","euro2008",0.625060798043676,1,31,31,31,1
"phase09-baselines-frozen","open_nb_incumbent","open_core","frozen","regulation_1x2","brier","tournament","within_tournament","euro2012",0.673481894623662,1,31,31,31,1
"phase09-baselines-frozen","open_nb_incumbent","open_core","frozen","regulation_1x2","brier","tournament","within_tournament","euro2016",0.659687504035286,1,51,51,51,1
"phase09-baselines-frozen","open_nb_incumbent","open_core","frozen","regulation_1x2","brier","tournament","within_tournament","euro2020",0.655881870848562,1,51,51,51,1
"phase09-baselines-frozen","open_nb_incumbent","open_core","frozen","regulation_1x2","brier","tournament","within_tournament","euro2024",0.658629197784698,1,51,51,51,1
"phase09-baselines-frozen","open_nb_incumbent","open_core","frozen","regulation_1x2","brier","tournament","within_tournament","wc2002",0.648608329860326,1,64,64,64,1
"phase09-baselines-frozen","open_nb_incumbent","open_core","frozen","regulation_1x2","brier","tournament","within_tournament","wc2006",0.604941278339923,1,64,64,64,1
"phase09-baselines-frozen","open_nb_incumbent","open_core","frozen","regulation_1x2","brier","tournament","within_tournament","wc2010",0.662898250055204,1,64,64,64,1
"phase09-baselines-frozen","open_nb_incumbent","open_core","frozen","regulation_1x2","brier","tournament","within_tournament","wc2014",0.645179852416438,1,64,64,64,1
"phase09-baselines-frozen","open_nb_incumbent","open_core","frozen","regulation_1x2","brier","tournament","within_tournament","wc2018",0.643611708478526,1,64,64,64,1
"phase09-baselines-frozen","open_nb_incumbent","open_core","frozen","regulation_1x2","brier","tournament","within_tournament","wc2022",0.630532441308346,1,64,64,64,1
"phase09-baselines-frozen","open_nb_incumbent","open_core","frozen","btts","btts_brier","headline","equal_tournament","headline",0.250810511035199,12,630,630,630,1
"phase09-baselines-frozen","open_nb_incumbent","open_core","frozen","btts","btts_brier","headline","fixture_weighted","headline",0.250414383193852,12,630,630,630,1
"phase09-baselines-frozen","open_nb_incumbent","open_core","frozen","btts","btts_brier","tournament","within_tournament","euro2004",0.259722409330266,1,31,31,31,1
"phase09-baselines-frozen","open_nb_incumbent","open_core","frozen","btts","btts_brier","tournament","within_tournament","euro2008",0.244825361828925,1,31,31,31,1
"phase09-baselines-frozen","open_nb_incumbent","open_core","frozen","btts","btts_brier","tournament","within_tournament","euro2012",0.255375363616523,1,31,31,31,1
"phase09-baselines-frozen","open_nb_incumbent","open_core","frozen","btts","btts_brier","tournament","within_tournament","euro2016",0.242425351174126,1,51,51,51,1
"phase09-baselines-frozen","open_nb_incumbent","open_core","frozen","btts","btts_brier","tournament","within_tournament","euro2020",0.249551802709069,1,51,51,51,1
"phase09-baselines-frozen","open_nb_incumbent","open_core","frozen","btts","btts_brier","tournament","within_tournament","euro2024",0.260634201140474,1,51,51,51,1
"phase09-baselines-frozen","open_nb_incumbent","open_core","frozen","btts","btts_brier","tournament","within_tournament","wc2002",0.248728388361193,1,64,64,64,1
"phase09-baselines-frozen","open_nb_incumbent","open_core","frozen","btts","btts_brier","tournament","within_tournament","wc2006",0.238331307847978,1,64,64,64,1
"phase09-baselines-frozen","open_nb_incumbent","open_core","frozen","btts","btts_brier","tournament","within_tournament","wc2010",0.246894908506567,1,64,64,64,1
"phase09-baselines-frozen","open_nb_incumbent","open_core","frozen","btts","btts_brier","tournament","within_tournament","wc2014",0.257088576742651,1,64,64,64,1
"phase09-baselines-frozen","open_nb_incumbent","open_core","frozen","btts","btts_brier","tournament","within_tournament","wc2018",0.254576061207816,1,64,64,64,1
"phase09-baselines-frozen","open_nb_incumbent","open_core","frozen","btts","btts_brier","tournament","within_tournament","wc2022",0.251572399956805,1,64,64,64,1
"phase09-baselines-frozen","open_nb_incumbent","open_core","frozen","btts","btts_log_loss","headline","equal_tournament","headline",0.694860104885993,12,630,630,630,1
"phase09-baselines-frozen","open_nb_incumbent","open_core","frozen","btts","btts_log_loss","headline","fixture_weighted","headline",0.694060487537772,12,630,630,630,1
"phase09-baselines-frozen","open_nb_incumbent","open_core","frozen","btts","btts_log_loss","tournament","within_tournament","euro2004",0.713048201522541,1,31,31,31,1
"phase09-baselines-frozen","open_nb_incumbent","open_core","frozen","btts","btts_log_loss","tournament","within_tournament","euro2008",0.682792907998964,1,31,31,31,1
"phase09-baselines-frozen","open_nb_incumbent","open_core","frozen","btts","btts_log_loss","tournament","within_tournament","euro2012",0.703984053454687,1,31,31,31,1
"phase09-baselines-frozen","open_nb_incumbent","open_core","frozen","btts","btts_log_loss","tournament","within_tournament","euro2016",0.678027144017987,1,51,51,51,1
"phase09-baselines-frozen","open_nb_incumbent","open_core","frozen","btts","btts_log_loss","tournament","within_tournament","euro2020",0.692041212043101,1,51,51,51,1
"phase09-baselines-frozen","open_nb_incumbent","open_core","frozen","btts","btts_log_loss","tournament","within_tournament","euro2024",0.71456418435676,1,51,51,51,1
"phase09-baselines-frozen","open_nb_incumbent","open_core","frozen","btts","btts_log_loss","tournament","within_tournament","wc2002",0.690574689448249,1,64,64,64,1
"phase09-baselines-frozen","open_nb_incumbent","open_core","frozen","btts","btts_log_loss","tournament","within_tournament","wc2006",0.669742576933472,1,64,64,64,1
"phase09-baselines-frozen","open_nb_incumbent","open_core","frozen","btts","btts_log_loss","tournament","within_tournament","wc2010",0.687045736271314,1,64,64,64,1
"phase09-baselines-frozen","open_nb_incumbent","open_core","frozen","btts","btts_log_loss","tournament","within_tournament","wc2014",0.707561299963043,1,64,64,64,1
"phase09-baselines-frozen","open_nb_incumbent","open_core","frozen","btts","btts_log_loss","tournament","within_tournament","wc2018",0.70241098405117,1,64,64,64,1
"phase09-baselines-frozen","open_nb_incumbent","open_core","frozen","btts","btts_log_loss","tournament","within_tournament","wc2022",0.69652826857063,1,64,64,64,1
"phase09-baselines-frozen","open_nb_incumbent","open_core","frozen","regulation_1x2","calibration_error","headline","fixed_equal_tournament_bins","headline",0.0375920866829431,12,630,630,630,1
"phase09-baselines-frozen","open_nb_incumbent","open_core","frozen","regulation_scoreline","exact_score_hit","headline","equal_tournament","headline",0.116626640575585,12,630,630,630,1
"phase09-baselines-frozen","open_nb_incumbent","open_core","frozen","regulation_scoreline","exact_score_hit","headline","fixture_weighted","headline",0.120634920634921,12,630,630,630,1
"phase09-baselines-frozen","open_nb_incumbent","open_core","frozen","regulation_scoreline","exact_score_hit","tournament","within_tournament","euro2004",0.0967741935483871,1,31,31,31,1
"phase09-baselines-frozen","open_nb_incumbent","open_core","frozen","regulation_scoreline","exact_score_hit","tournament","within_tournament","euro2008",0.0645161290322581,1,31,31,31,1
"phase09-baselines-frozen","open_nb_incumbent","open_core","frozen","regulation_scoreline","exact_score_hit","tournament","within_tournament","euro2012",0.0645161290322581,1,31,31,31,1
"phase09-baselines-frozen","open_nb_incumbent","open_core","frozen","regulation_scoreline","exact_score_hit","tournament","within_tournament","euro2016",0.0980392156862745,1,51,51,51,1
"phase09-baselines-frozen","open_nb_incumbent","open_core","frozen","regulation_scoreline","exact_score_hit","tournament","within_tournament","euro2020",0.117647058823529,1,51,51,51,1
"phase09-baselines-frozen","open_nb_incumbent","open_core","frozen","regulation_scoreline","exact_score_hit","tournament","within_tournament","euro2024",0.254901960784314,1,51,51,51,1
"phase09-baselines-frozen","open_nb_incumbent","open_core","frozen","regulation_scoreline","exact_score_hit","tournament","within_tournament","wc2002",0.140625,1,64,64,64,1
"phase09-baselines-frozen","open_nb_incumbent","open_core","frozen","regulation_scoreline","exact_score_hit","tournament","within_tournament","wc2006",0.15625,1,64,64,64,1
"phase09-baselines-frozen","open_nb_incumbent","open_core","frozen","regulation_scoreline","exact_score_hit","tournament","within_tournament","wc2010",0.109375,1,64,64,64,1
"phase09-baselines-frozen","open_nb_incumbent","open_core","frozen","regulation_scoreline","exact_score_hit","tournament","within_tournament","wc2014",0.078125,1,64,64,64,1
"phase09-baselines-frozen","open_nb_incumbent","open_core","frozen","regulation_scoreline","exact_score_hit","tournament","within_tournament","wc2018",0.109375,1,64,64,64,1
"phase09-baselines-frozen","open_nb_incumbent","open_core","frozen","regulation_scoreline","exact_score_hit","tournament","within_tournament","wc2022",0.109375,1,64,64,64,1
"phase09-baselines-frozen","open_nb_incumbent","open_core","frozen","home_goals","home_goal_rps","headline","equal_tournament","headline",0.654700264539585,12,630,630,630,1
"phase09-baselines-frozen","open_nb_incumbent","open_core","frozen","home_goals","home_goal_rps","headline","fixture_weighted","headline",0.658163850605843,12,630,630,630,1
"phase09-baselines-frozen","open_nb_incumbent","open_core","frozen","home_goals","home_goal_rps","tournament","within_tournament","euro2004",0.624718344401496,1,31,31,31,1
"phase09-baselines-frozen","open_nb_incumbent","open_core","frozen","home_goals","home_goal_rps","tournament","within_tournament","euro2008",0.641953952454655,1,31,31,31,1
"phase09-baselines-frozen","open_nb_incumbent","open_core","frozen","home_goals","home_goal_rps","tournament","within_tournament","euro2012",0.670831843293377,1,31,31,31,1
"phase09-baselines-frozen","open_nb_incumbent","open_core","frozen","home_goals","home_goal_rps","tournament","within_tournament","euro2016",0.626818977224679,1,51,51,51,1
"phase09-baselines-frozen","open_nb_incumbent","open_core","frozen","home_goals","home_goal_rps","tournament","within_tournament","euro2020",0.688074687334134,1,51,51,51,1
"phase09-baselines-frozen","open_nb_incumbent","open_core","frozen","home_goals","home_goal_rps","tournament","within_tournament","euro2024",0.548871001578549,1,51,51,51,1
"phase09-baselines-frozen","open_nb_incumbent","open_core","frozen","home_goals","home_goal_rps","tournament","within_tournament","wc2002",0.661221209635995,1,64,64,64,1
"phase09-baselines-frozen","open_nb_incumbent","open_core","frozen","home_goals","home_goal_rps","tournament","within_tournament","wc2006",0.657868635370567,1,64,64,64,1
"phase09-baselines-frozen","open_nb_incumbent","open_core","frozen","home_goals","home_goal_rps","tournament","within_tournament","wc2010",0.696903860461629,1,64,64,64,1
"phase09-baselines-frozen","open_nb_incumbent","open_core","frozen","home_goals","home_goal_rps","tournament","within_tournament","wc2014",0.57787450537015,1,64,64,64,1
"phase09-baselines-frozen","open_nb_incumbent","open_core","frozen","home_goals","home_goal_rps","tournament","within_tournament","wc2018",0.677044243762477,1,64,64,64,1
"phase09-baselines-frozen","open_nb_incumbent","open_core","frozen","home_goals","home_goal_rps","tournament","within_tournament","wc2022",0.784221913587309,1,64,64,64,1
"phase09-baselines-frozen","open_nb_incumbent","open_core","frozen","regulation_scoreline","joint_scoreline_log_loss","headline","equal_tournament","headline",2.86371795775877,12,630,630,630,1
"phase09-baselines-frozen","open_nb_incumbent","open_core","frozen","regulation_scoreline","joint_scoreline_log_loss","headline","fixture_weighted","headline",2.87130537064262,12,630,630,630,1
"phase09-baselines-frozen","open_nb_incumbent","open_core","frozen","regulation_scoreline","joint_scoreline_log_loss","tournament","within_tournament","euro2004",2.86471287099875,1,31,31,31,1
"phase09-baselines-frozen","open_nb_incumbent","open_core","frozen","regulation_scoreline","joint_scoreline_log_loss","tournament","within_tournament","euro2008",2.81716417798319,1,31,31,31,1
"phase09-baselines-frozen","open_nb_incumbent","open_core","frozen","regulation_scoreline","joint_scoreline_log_loss","tournament","within_tournament","euro2012",2.85219540653967,1,31,31,31,1
"phase09-baselines-frozen","open_nb_incumbent","open_core","frozen","regulation_scoreline","joint_scoreline_log_loss","tournament","within_tournament","euro2016",2.71664636903885,1,51,51,51,1
"phase09-baselines-frozen","open_nb_incumbent","open_core","frozen","regulation_scoreline","joint_scoreline_log_loss","tournament","within_tournament","euro2020",2.97416002459645,1,51,51,51,1
"phase09-baselines-frozen","open_nb_incumbent","open_core","frozen","regulation_scoreline","joint_scoreline_log_loss","tournament","within_tournament","euro2024",2.67754876187788,1,51,51,51,1
"phase09-baselines-frozen","open_nb_incumbent","open_core","frozen","regulation_scoreline","joint_scoreline_log_loss","tournament","within_tournament","wc2002",2.88839421650855,1,64,64,64,1
"phase09-baselines-frozen","open_nb_incumbent","open_core","frozen","regulation_scoreline","joint_scoreline_log_loss","tournament","within_tournament","wc2006",2.80318056457415,1,64,64,64,1
"phase09-baselines-frozen","open_nb_incumbent","open_core","frozen","regulation_scoreline","joint_scoreline_log_loss","tournament","within_tournament","wc2010",2.8167421785814,1,64,64,64,1
"phase09-baselines-frozen","open_nb_incumbent","open_core","frozen","regulation_scoreline","joint_scoreline_log_loss","tournament","within_tournament","wc2014",3.02308121749127,1,64,64,64,1
"phase09-baselines-frozen","open_nb_incumbent","open_core","frozen","regulation_scoreline","joint_scoreline_log_loss","tournament","within_tournament","wc2018",2.90997170045637,1,64,64,64,1
"phase09-baselines-frozen","open_nb_incumbent","open_core","frozen","regulation_scoreline","joint_scoreline_log_loss","tournament","within_tournament","wc2022",3.02081800445872,1,64,64,64,1
"phase09-baselines-frozen","open_nb_incumbent","open_core","frozen","regulation_1x2","log_loss","headline","equal_tournament","headline",1.07228744107259,12,630,630,630,1
"phase09-baselines-frozen","open_nb_incumbent","open_core","frozen","regulation_1x2","log_loss","headline","fixture_weighted","headline",1.07084293682428,12,630,630,630,1
"phase09-baselines-frozen","open_nb_incumbent","open_core","frozen","regulation_1x2","log_loss","tournament","within_tournament","euro2004",1.0790113965703,1,31,31,31,1
"phase09-baselines-frozen","open_nb_incumbent","open_core","frozen","regulation_1x2","log_loss","tournament","within_tournament","euro2008",1.03818881288398,1,31,31,31,1
"phase09-baselines-frozen","open_nb_incumbent","open_core","frozen","regulation_1x2","log_loss","tournament","within_tournament","euro2012",1.1040914950618,1,31,31,31,1
"phase09-baselines-frozen","open_nb_incumbent","open_core","frozen","regulation_1x2","log_loss","tournament","within_tournament","euro2016",1.08673181503669,1,51,51,51,1
"phase09-baselines-frozen","open_nb_incumbent","open_core","frozen","regulation_1x2","log_loss","tournament","within_tournament","euro2020",1.09209307259428,1,51,51,51,1
"phase09-baselines-frozen","open_nb_incumbent","open_core","frozen","regulation_1x2","log_loss","tournament","within_tournament","euro2024",1.09679651970952,1,51,51,51,1
"phase09-baselines-frozen","open_nb_incumbent","open_core","frozen","regulation_1x2","log_loss","tournament","within_tournament","wc2002",1.07720863070431,1,64,64,64,1
"phase09-baselines-frozen","open_nb_incumbent","open_core","frozen","regulation_1x2","log_loss","tournament","within_tournament","wc2006",1.01165530708993,1,64,64,64,1
"phase09-baselines-frozen","open_nb_incumbent","open_core","frozen","regulation_1x2","log_loss","tournament","within_tournament","wc2010",1.09714645890744,1,64,64,64,1
"phase09-baselines-frozen","open_nb_incumbent","open_core","frozen","regulation_1x2","log_loss","tournament","within_tournament","wc2014",1.07007837182743,1,64,64,64,1
"phase09-baselines-frozen","open_nb_incumbent","open_core","frozen","regulation_1x2","log_loss","tournament","within_tournament","wc2018",1.06166981990878,1,64,64,64,1
"phase09-baselines-frozen","open_nb_incumbent","open_core","frozen","regulation_1x2","log_loss","tournament","within_tournament","wc2022",1.05277759257666,1,64,64,64,1
"phase09-baselines-frozen","open_nb_incumbent","open_core","frozen","over_2_5","over_2_5_brier","headline","equal_tournament","headline",0.245390557147772,12,630,630,630,1
"phase09-baselines-frozen","open_nb_incumbent","open_core","frozen","over_2_5","over_2_5_brier","headline","fixture_weighted","headline",0.245492956649232,12,630,630,630,1
"phase09-baselines-frozen","open_nb_incumbent","open_core","frozen","over_2_5","over_2_5_brier","tournament","within_tournament","euro2004",0.249877495273719,1,31,31,31,1
"phase09-baselines-frozen","open_nb_incumbent","open_core","frozen","over_2_5","over_2_5_brier","tournament","within_tournament","euro2008",0.241738975062273,1,31,31,31,1
"phase09-baselines-frozen","open_nb_incumbent","open_core","frozen","over_2_5","over_2_5_brier","tournament","within_tournament","euro2012",0.246954139181862,1,31,31,31,1
"phase09-baselines-frozen","open_nb_incumbent","open_core","frozen","over_2_5","over_2_5_brier","tournament","within_tournament","euro2016",0.23457575127142,1,51,51,51,1
"phase09-baselines-frozen","open_nb_incumbent","open_core","frozen","over_2_5","over_2_5_brier","tournament","within_tournament","euro2020",0.252184572280889,1,51,51,51,1
"phase09-baselines-frozen","open_nb_incumbent","open_core","frozen","over_2_5","over_2_5_brier","tournament","within_tournament","euro2024",0.238359298477155,1,51,51,51,1
"phase09-baselines-frozen","open_nb_incumbent","open_core","frozen","over_2_5","over_2_5_brier","tournament","within_tournament","wc2002",0.242514945116709,1,64,64,64,1
"phase09-baselines-frozen","open_nb_incumbent","open_core","frozen","over_2_5","over_2_5_brier","tournament","within_tournament","wc2006",0.242607409723908,1,64,64,64,1
"phase09-baselines-frozen","open_nb_incumbent","open_core","frozen","over_2_5","over_2_5_brier","tournament","within_tournament","wc2010",0.244328318178007,1,64,64,64,1
"phase09-baselines-frozen","open_nb_incumbent","open_core","frozen","over_2_5","over_2_5_brier","tournament","within_tournament","wc2014",0.254862967979615,1,64,64,64,1
"phase09-baselines-frozen","open_nb_incumbent","open_core","frozen","over_2_5","over_2_5_brier","tournament","within_tournament","wc2018",0.247706575893533,1,64,64,64,1
"phase09-baselines-frozen","open_nb_incumbent","open_core","frozen","over_2_5","over_2_5_brier","tournament","within_tournament","wc2022",0.248976237334171,1,64,64,64,1
"phase09-baselines-frozen","open_nb_incumbent","open_core","frozen","over_2_5","over_2_5_log_loss","headline","equal_tournament","headline",0.683898091787396,12,630,630,630,1
"phase09-baselines-frozen","open_nb_incumbent","open_core","frozen","over_2_5","over_2_5_log_loss","headline","fixture_weighted","headline",0.684106312068722,12,630,630,630,1
"phase09-baselines-frozen","open_nb_incumbent","open_core","frozen","over_2_5","over_2_5_log_loss","tournament","within_tournament","euro2004",0.692859913473199,1,31,31,31,1
"phase09-baselines-frozen","open_nb_incumbent","open_core","frozen","over_2_5","over_2_5_log_loss","tournament","within_tournament","euro2008",0.67658610159011,1,31,31,31,1
"phase09-baselines-frozen","open_nb_incumbent","open_core","frozen","over_2_5","over_2_5_log_loss","tournament","within_tournament","euro2012",0.687055260050254,1,31,31,31,1
"phase09-baselines-frozen","open_nb_incumbent","open_core","frozen","over_2_5","over_2_5_log_loss","tournament","within_tournament","euro2016",0.662161982108079,1,51,51,51,1
"phase09-baselines-frozen","open_nb_incumbent","open_core","frozen","over_2_5","over_2_5_log_loss","tournament","within_tournament","euro2020",0.697553900972009,1,51,51,51,1
"phase09-baselines-frozen","open_nb_incumbent","open_core","frozen","over_2_5","over_2_5_log_loss","tournament","within_tournament","euro2024",0.66968533312592,1,51,51,51,1
"phase09-baselines-frozen","open_nb_incumbent","open_core","frozen","over_2_5","over_2_5_log_loss","tournament","within_tournament","wc2002",0.678146183641351,1,64,64,64,1
"phase09-baselines-frozen","open_nb_incumbent","open_core","frozen","over_2_5","over_2_5_log_loss","tournament","within_tournament","wc2006",0.678327158284393,1,64,64,64,1
"phase09-baselines-frozen","open_nb_incumbent","open_core","frozen","over_2_5","over_2_5_log_loss","tournament","within_tournament","wc2010",0.681739890220075,1,64,64,64,1
"phase09-baselines-frozen","open_nb_incumbent","open_core","frozen","over_2_5","over_2_5_log_loss","tournament","within_tournament","wc2014",0.70290794888231,1,64,64,64,1
"phase09-baselines-frozen","open_nb_incumbent","open_core","frozen","over_2_5","over_2_5_log_loss","tournament","within_tournament","wc2018",0.688546518390886,1,64,64,64,1
"phase09-baselines-frozen","open_nb_incumbent","open_core","frozen","over_2_5","over_2_5_log_loss","tournament","within_tournament","wc2022",0.691206910710168,1,64,64,64,1
"phase09-baselines-frozen","open_nb_incumbent","open_core","frozen","regulation_1x2","rps","headline","equal_tournament","headline",0.223289677347567,12,630,630,630,1
"phase09-baselines-frozen","open_nb_incumbent","open_core","frozen","regulation_1x2","rps","headline","fixture_weighted","headline",0.222777605348689,12,630,630,630,1
"phase09-baselines-frozen","open_nb_incumbent","open_core","frozen","regulation_1x2","rps","tournament","within_tournament","euro2004",0.20662400857162,1,31,31,31,1
"phase09-baselines-frozen","open_nb_incumbent","open_core","frozen","regulation_1x2","rps","tournament","within_tournament","euro2008",0.233089752424003,1,31,31,31,1
"phase09-baselines-frozen","open_nb_incumbent","open_core","frozen","regulation_1x2","rps","tournament","within_tournament","euro2012",0.247874705456687,1,31,31,31,1
"phase09-baselines-frozen","open_nb_incumbent","open_core","frozen","regulation_1x2","rps","tournament","within_tournament","euro2016",0.220295779324557,1,51,51,51,1
"phase09-baselines-frozen","open_nb_incumbent","open_core","frozen","regulation_1x2","rps","tournament","within_tournament","euro2020",0.220127698702643,1,51,51,51,1
"phase09-baselines-frozen","open_nb_incumbent","open_core","frozen","regulation_1x2","rps","tournament","within_tournament","euro2024",0.20928124815214,1,51,51,51,1
"phase09-baselines-frozen","open_nb_incumbent","open_core","frozen","regulation_1x2","rps","tournament","within_tournament","wc2002",0.219913445140191,1,64,64,64,1
"phase09-baselines-frozen","open_nb_incumbent","open_core","frozen","regulation_1x2","rps","tournament","within_tournament","wc2006",0.204940508014914,1,64,64,64,1
"phase09-baselines-frozen","open_nb_incumbent","open_core","frozen","regulation_1x2","rps","tournament","within_tournament","wc2010",0.230807108032634,1,64,64,64,1
"phase09-baselines-frozen","open_nb_incumbent","open_core","frozen","regulation_1x2","rps","tournament","within_tournament","wc2014",0.2258272417331,1,64,64,64,1
"phase09-baselines-frozen","open_nb_incumbent","open_core","frozen","regulation_1x2","rps","tournament","within_tournament","wc2018",0.234575823914353,1,64,64,64,1
"phase09-baselines-frozen","open_nb_incumbent","open_core","frozen","regulation_1x2","rps","tournament","within_tournament","wc2022",0.226118808703961,1,64,64,64,1
"phase09-baselines-frozen","open_nb_incumbent","open_core","frozen","under_2_5","under_2_5_brier","headline","equal_tournament","headline",0.245390557147772,12,630,630,630,1
"phase09-baselines-frozen","open_nb_incumbent","open_core","frozen","under_2_5","under_2_5_brier","headline","fixture_weighted","headline",0.245492956649232,12,630,630,630,1
"phase09-baselines-frozen","open_nb_incumbent","open_core","frozen","under_2_5","under_2_5_brier","tournament","within_tournament","euro2004",0.249877495273719,1,31,31,31,1
"phase09-baselines-frozen","open_nb_incumbent","open_core","frozen","under_2_5","under_2_5_brier","tournament","within_tournament","euro2008",0.241738975062273,1,31,31,31,1
"phase09-baselines-frozen","open_nb_incumbent","open_core","frozen","under_2_5","under_2_5_brier","tournament","within_tournament","euro2012",0.246954139181862,1,31,31,31,1
"phase09-baselines-frozen","open_nb_incumbent","open_core","frozen","under_2_5","under_2_5_brier","tournament","within_tournament","euro2016",0.23457575127142,1,51,51,51,1
"phase09-baselines-frozen","open_nb_incumbent","open_core","frozen","under_2_5","under_2_5_brier","tournament","within_tournament","euro2020",0.252184572280889,1,51,51,51,1
"phase09-baselines-frozen","open_nb_incumbent","open_core","frozen","under_2_5","under_2_5_brier","tournament","within_tournament","euro2024",0.238359298477155,1,51,51,51,1
"phase09-baselines-frozen","open_nb_incumbent","open_core","frozen","under_2_5","under_2_5_brier","tournament","within_tournament","wc2002",0.242514945116709,1,64,64,64,1
"phase09-baselines-frozen","open_nb_incumbent","open_core","frozen","under_2_5","under_2_5_brier","tournament","within_tournament","wc2006",0.242607409723908,1,64,64,64,1
"phase09-baselines-frozen","open_nb_incumbent","open_core","frozen","under_2_5","under_2_5_brier","tournament","within_tournament","wc2010",0.244328318178007,1,64,64,64,1
"phase09-baselines-frozen","open_nb_incumbent","open_core","frozen","under_2_5","under_2_5_brier","tournament","within_tournament","wc2014",0.254862967979615,1,64,64,64,1
"phase09-baselines-frozen","open_nb_incumbent","open_core","frozen","under_2_5","under_2_5_brier","tournament","within_tournament","wc2018",0.247706575893532,1,64,64,64,1
"phase09-baselines-frozen","open_nb_incumbent","open_core","frozen","under_2_5","under_2_5_brier","tournament","within_tournament","wc2022",0.248976237334171,1,64,64,64,1
"phase09-baselines-frozen","open_nb_incumbent","open_core","frozen","under_2_5","under_2_5_log_loss","headline","equal_tournament","headline",0.683898091787396,12,630,630,630,1
"phase09-baselines-frozen","open_nb_incumbent","open_core","frozen","under_2_5","under_2_5_log_loss","headline","fixture_weighted","headline",0.684106312068722,12,630,630,630,1
"phase09-baselines-frozen","open_nb_incumbent","open_core","frozen","under_2_5","under_2_5_log_loss","tournament","within_tournament","euro2004",0.692859913473199,1,31,31,31,1
"phase09-baselines-frozen","open_nb_incumbent","open_core","frozen","under_2_5","under_2_5_log_loss","tournament","within_tournament","euro2008",0.67658610159011,1,31,31,31,1
"phase09-baselines-frozen","open_nb_incumbent","open_core","frozen","under_2_5","under_2_5_log_loss","tournament","within_tournament","euro2012",0.687055260050253,1,31,31,31,1
"phase09-baselines-frozen","open_nb_incumbent","open_core","frozen","under_2_5","under_2_5_log_loss","tournament","within_tournament","euro2016",0.662161982108078,1,51,51,51,1
"phase09-baselines-frozen","open_nb_incumbent","open_core","frozen","under_2_5","under_2_5_log_loss","tournament","within_tournament","euro2020",0.69755390097201,1,51,51,51,1
"phase09-baselines-frozen","open_nb_incumbent","open_core","frozen","under_2_5","under_2_5_log_loss","tournament","within_tournament","euro2024",0.669685333125921,1,51,51,51,1
"phase09-baselines-frozen","open_nb_incumbent","open_core","frozen","under_2_5","under_2_5_log_loss","tournament","within_tournament","wc2002",0.678146183641351,1,64,64,64,1
"phase09-baselines-frozen","open_nb_incumbent","open_core","frozen","under_2_5","under_2_5_log_loss","tournament","within_tournament","wc2006",0.678327158284393,1,64,64,64,1
"phase09-baselines-frozen","open_nb_incumbent","open_core","frozen","under_2_5","under_2_5_log_loss","tournament","within_tournament","wc2010",0.681739890220076,1,64,64,64,1
"phase09-baselines-frozen","open_nb_incumbent","open_core","frozen","under_2_5","under_2_5_log_loss","tournament","within_tournament","wc2014",0.70290794888231,1,64,64,64,1
"phase09-baselines-frozen","open_nb_incumbent","open_core","frozen","under_2_5","under_2_5_log_loss","tournament","within_tournament","wc2018",0.688546518390886,1,64,64,64,1
"phase09-baselines-frozen","open_nb_incumbent","open_core","frozen","under_2_5","under_2_5_log_loss","tournament","within_tournament","wc2022",0.691206910710168,1,64,64,64,1
"phase09-baselines-frozen","open_nb_incumbent","open_core","frozen","regulation_1x2","winner_pick_accuracy","headline","equal_tournament","headline",0.418133466424204,12,630,630,630,1
"phase09-baselines-frozen","open_nb_incumbent","open_core","frozen","regulation_1x2","winner_pick_accuracy","headline","fixture_weighted","headline",0.423809523809524,12,630,630,630,1
"phase09-baselines-frozen","open_nb_incumbent","open_core","frozen","regulation_1x2","winner_pick_accuracy","tournament","within_tournament","euro2004",0.387096774193548,1,31,31,31,1
"phase09-baselines-frozen","open_nb_incumbent","open_core","frozen","regulation_1x2","winner_pick_accuracy","tournament","within_tournament","euro2008",0.419354838709677,1,31,31,31,1
"phase09-baselines-frozen","open_nb_incumbent","open_core","frozen","regulation_1x2","winner_pick_accuracy","tournament","within_tournament","euro2012",0.354838709677419,1,31,31,31,1
"phase09-baselines-frozen","open_nb_incumbent","open_core","frozen","regulation_1x2","winner_pick_accuracy","tournament","within_tournament","euro2016",0.392156862745098,1,51,51,51,1
"phase09-baselines-frozen","open_nb_incumbent","open_core","frozen","regulation_1x2","winner_pick_accuracy","tournament","within_tournament","euro2020",0.431372549019608,1,51,51,51,1
"phase09-baselines-frozen","open_nb_incumbent","open_core","frozen","regulation_1x2","winner_pick_accuracy","tournament","within_tournament","euro2024",0.392156862745098,1,51,51,51,1
"phase09-baselines-frozen","open_nb_incumbent","open_core","frozen","regulation_1x2","winner_pick_accuracy","tournament","within_tournament","wc2002",0.421875,1,64,64,64,1
"phase09-baselines-frozen","open_nb_incumbent","open_core","frozen","regulation_1x2","winner_pick_accuracy","tournament","within_tournament","wc2006",0.546875,1,64,64,64,1
"phase09-baselines-frozen","open_nb_incumbent","open_core","frozen","regulation_1x2","winner_pick_accuracy","tournament","within_tournament","wc2010",0.390625,1,64,64,64,1
"phase09-baselines-frozen","open_nb_incumbent","open_core","frozen","regulation_1x2","winner_pick_accuracy","tournament","within_tournament","wc2014",0.40625,1,64,64,64,1
"phase09-baselines-frozen","open_nb_incumbent","open_core","frozen","regulation_1x2","winner_pick_accuracy","tournament","within_tournament","wc2018",0.421875,1,64,64,64,1
"phase09-baselines-frozen","open_nb_incumbent","open_core","frozen","regulation_1x2","winner_pick_accuracy","tournament","within_tournament","wc2022",0.453125,1,64,64,64,1
"phase09-baselines-frozen","open_nb_incumbent","open_core","updating","away_goals","away_goal_rps","headline","equal_tournament","headline",0.529644505363976,12,630,630,630,1
"phase09-baselines-frozen","open_nb_incumbent","open_core","updating","away_goals","away_goal_rps","headline","fixture_weighted","headline",0.532961818060302,12,630,630,630,1
"phase09-baselines-frozen","open_nb_incumbent","open_core","updating","away_goals","away_goal_rps","tournament","within_tournament","euro2004",0.551081742061748,1,31,31,31,1
"phase09-baselines-frozen","open_nb_incumbent","open_core","updating","away_goals","away_goal_rps","tournament","within_tournament","euro2008",0.501836414902874,1,31,31,31,1
"phase09-baselines-frozen","open_nb_incumbent","open_core","updating","away_goals","away_goal_rps","tournament","within_tournament","euro2012",0.505755752950059,1,31,31,31,1
"phase09-baselines-frozen","open_nb_incumbent","open_core","updating","away_goals","away_goal_rps","tournament","within_tournament","euro2016",0.473947502002403,1,51,51,51,1
"phase09-baselines-frozen","open_nb_incumbent","open_core","updating","away_goals","away_goal_rps","tournament","within_tournament","euro2020",0.530212864152188,1,51,51,51,1
"phase09-baselines-frozen","open_nb_incumbent","open_core","updating","away_goals","away_goal_rps","tournament","within_tournament","euro2024",0.500823919565314,1,51,51,51,1
"phase09-baselines-frozen","open_nb_incumbent","open_core","updating","away_goals","away_goal_rps","tournament","within_tournament","wc2002",0.527065950896219,1,64,64,64,1
"phase09-baselines-frozen","open_nb_incumbent","open_core","updating","away_goals","away_goal_rps","tournament","within_tournament","wc2006",0.48854208089622,1,64,64,64,1
"phase09-baselines-frozen","open_nb_incumbent","open_core","updating","away_goals","away_goal_rps","tournament","within_tournament","wc2010",0.453551565026163,1,64,64,64,1
"phase09-baselines-frozen","open_nb_incumbent","open_core","updating","away_goals","away_goal_rps","tournament","within_tournament","wc2014",0.737099574607264,1,64,64,64,1
"phase09-baselines-frozen","open_nb_incumbent","open_core","updating","away_goals","away_goal_rps","tournament","within_tournament","wc2018",0.523137803790478,1,64,64,64,1
"phase09-baselines-frozen","open_nb_incumbent","open_core","updating","away_goals","away_goal_rps","tournament","within_tournament","wc2022",0.562678893516783,1,64,64,64,1
"phase09-baselines-frozen","open_nb_incumbent","open_core","updating","regulation_1x2","brier","headline","equal_tournament","headline",0.608414432656667,12,630,630,630,1
"phase09-baselines-frozen","open_nb_incumbent","open_core","updating","regulation_1x2","brier","headline","fixture_weighted","headline",0.605944415304971,12,630,630,630,1
"phase09-baselines-frozen","open_nb_incumbent","open_core","updating","regulation_1x2","brier","tournament","within_tournament","euro2004",0.628882521048814,1,31,31,31,1
"phase09-baselines-frozen","open_nb_incumbent","open_core","updating","regulation_1x2","brier","tournament","within_tournament","euro2008",0.58018413911129,1,31,31,31,1
"phase09-baselines-frozen","open_nb_incumbent","open_core","updating","regulation_1x2","brier","tournament","within_tournament","euro2012",0.630197191480869,1,31,31,31,1
"phase09-baselines-frozen","open_nb_incumbent","open_core","updating","regulation_1x2","brier","tournament","within_tournament","euro2016",0.657865126467261,1,51,51,51,1
"phase09-baselines-frozen","open_nb_incumbent","open_core","updating","regulation_1x2","brier","tournament","within_tournament","euro2020",0.604778605459519,1,51,51,51,1
"phase09-baselines-frozen","open_nb_incumbent","open_core","updating","regulation_1x2","brier","tournament","within_tournament","euro2024",0.646709770691412,1,51,51,51,1
"phase09-baselines-frozen","open_nb_incumbent","open_core","updating","regulation_1x2","brier","tournament","within_tournament","wc2002",0.635348366230248,1,64,64,64,1
"phase09-baselines-frozen","open_nb_incumbent","open_core","updating","regulation_1x2","brier","tournament","within_tournament","wc2006",0.537421446935571,1,64,64,64,1
"phase09-baselines-frozen","open_nb_incumbent","open_core","updating","regulation_1x2","brier","tournament","within_tournament","wc2010",0.586222427730029,1,64,64,64,1
"phase09-baselines-frozen","open_nb_incumbent","open_core","updating","regulation_1x2","brier","tournament","within_tournament","wc2014",0.616219169645526,1,64,64,64,1
"phase09-baselines-frozen","open_nb_incumbent","open_core","updating","regulation_1x2","brier","tournament","within_tournament","wc2018",0.581117348647103,1,64,64,64,1
"phase09-baselines-frozen","open_nb_incumbent","open_core","updating","regulation_1x2","brier","tournament","within_tournament","wc2022",0.596027078432363,1,64,64,64,1
"phase09-baselines-frozen","open_nb_incumbent","open_core","updating","btts","btts_brier","headline","equal_tournament","headline",0.249695476486327,12,630,630,630,1
"phase09-baselines-frozen","open_nb_incumbent","open_core","updating","btts","btts_brier","headline","fixture_weighted","headline",0.249360251969449,12,630,630,630,1
"phase09-baselines-frozen","open_nb_incumbent","open_core","updating","btts","btts_brier","tournament","within_tournament","euro2004",0.256761120953545,1,31,31,31,1
"phase09-baselines-frozen","open_nb_incumbent","open_core","updating","btts","btts_brier","tournament","within_tournament","euro2008",0.245967717287893,1,31,31,31,1
"phase09-baselines-frozen","open_nb_incumbent","open_core","updating","btts","btts_brier","tournament","within_tournament","euro2012",0.252595607475557,1,31,31,31,1
"phase09-baselines-frozen","open_nb_incumbent","open_core","updating","btts","btts_brier","tournament","within_tournament","euro2016",0.241575414975067,1,51,51,51,1
"phase09-baselines-frozen","open_nb_incumbent","open_core","updating","btts","btts_brier","tournament","within_tournament","euro2020",0.246487252114256,1,51,51,51,1
"phase09-baselines-frozen","open_nb_incumbent","open_core","updating","btts","btts_brier","tournament","within_tournament","euro2024",0.261434293840303,1,51,51,51,1
"phase09-baselines-frozen","open_nb_incumbent","open_core","updating","btts","btts_brier","tournament","within_tournament","wc2002",0.247353980270903,1,64,64,64,1
"phase09-baselines-frozen","open_nb_incumbent","open_core","updating","btts","btts_brier","tournament","within_tournament","wc2006",0.233672168324382,1,64,64,64,1
"phase09-baselines-frozen","open_nb_incumbent","open_core","updating","btts","btts_brier","tournament","within_tournament","wc2010",0.245618340463948,1,64,64,64,1
"phase09-baselines-frozen","open_nb_incumbent","open_core","updating","btts","btts_brier","tournament","within_tournament","wc2014",0.257253655821317,1,64,64,64,1
"phase09-baselines-frozen","open_nb_incumbent","open_core","updating","btts","btts_brier","tournament","within_tournament","wc2018",0.256321457155167,1,64,64,64,1
"phase09-baselines-frozen","open_nb_incumbent","open_core","updating","btts","btts_brier","tournament","within_tournament","wc2022",0.25130470915358,1,64,64,64,1
"phase09-baselines-frozen","open_nb_incumbent","open_core","updating","btts","btts_log_loss","headline","equal_tournament","headline",0.692561233799742,12,630,630,630,1
"phase09-baselines-frozen","open_nb_incumbent","open_core","updating","btts","btts_log_loss","headline","fixture_weighted","headline",0.691894779186898,12,630,630,630,1
"phase09-baselines-frozen","open_nb_incumbent","open_core","updating","btts","btts_log_loss","tournament","within_tournament","euro2004",0.706815182382891,1,31,31,31,1
"phase09-baselines-frozen","open_nb_incumbent","open_core","updating","btts","btts_log_loss","tournament","within_tournament","euro2008",0.68513197088735,1,31,31,31,1
"phase09-baselines-frozen","open_nb_incumbent","open_core","updating","btts","btts_log_loss","tournament","within_tournament","euro2012",0.698277647282291,1,31,31,31,1
"phase09-baselines-frozen","open_nb_incumbent","open_core","updating","btts","btts_log_loss","tournament","within_tournament","euro2016",0.676439204796322,1,51,51,51,1
"phase09-baselines-frozen","open_nb_incumbent","open_core","updating","btts","btts_log_loss","tournament","within_tournament","euro2020",0.685491979437885,1,51,51,51,1
"phase09-baselines-frozen","open_nb_incumbent","open_core","updating","btts","btts_log_loss","tournament","within_tournament","euro2024",0.716214835167566,1,51,51,51,1
"phase09-baselines-frozen","open_nb_incumbent","open_core","updating","btts","btts_log_loss","tournament","within_tournament","wc2002",0.687756127054965,1,64,64,64,1
"phase09-baselines-frozen","open_nb_incumbent","open_core","updating","btts","btts_log_loss","tournament","within_tournament","wc2006",0.660189788752729,1,64,64,64,1
"phase09-baselines-frozen","open_nb_incumbent","open_core","updating","btts","btts_log_loss","tournament","within_tournament","wc2010",0.6844502902915,1,64,64,64,1
"phase09-baselines-frozen","open_nb_incumbent","open_core","updating","btts","btts_log_loss","tournament","within_tournament","wc2014",0.708029508260464,1,64,64,64,1
"phase09-baselines-frozen","open_nb_incumbent","open_core","updating","btts","btts_log_loss","tournament","within_tournament","wc2018",0.70595868360181,1,64,64,64,1
"phase09-baselines-frozen","open_nb_incumbent","open_core","updating","btts","btts_log_loss","tournament","within_tournament","wc2022",0.695979587681135,1,64,64,64,1
"phase09-baselines-frozen","open_nb_incumbent","open_core","updating","regulation_1x2","calibration_error","headline","fixed_equal_tournament_bins","headline",0.0496297380354994,12,630,630,630,1
"phase09-baselines-frozen","open_nb_incumbent","open_core","updating","regulation_scoreline","exact_score_hit","headline","equal_tournament","headline",0.135914110267763,12,630,630,630,1
"phase09-baselines-frozen","open_nb_incumbent","open_core","updating","regulation_scoreline","exact_score_hit","headline","fixture_weighted","headline",0.136507936507936,12,630,630,630,1
"phase09-baselines-frozen","open_nb_incumbent","open_core","updating","regulation_scoreline","exact_score_hit","tournament","within_tournament","euro2004",0.129032258064516,1,31,31,31,1
"phase09-baselines-frozen","open_nb_incumbent","open_core","updating","regulation_scoreline","exact_score_hit","tournament","within_tournament","euro2008",0.161290322580645,1,31,31,31,1
"phase09-baselines-frozen","open_nb_incumbent","open_core","updating","regulation_scoreline","exact_score_hit","tournament","within_tournament","euro2012",0.0967741935483871,1,31,31,31,1
"phase09-baselines-frozen","open_nb_incumbent","open_core","updating","regulation_scoreline","exact_score_hit","tournament","within_tournament","euro2016",0.156862745098039,1,51,51,51,1
"phase09-baselines-frozen","open_nb_incumbent","open_core","updating","regulation_scoreline","exact_score_hit","tournament","within_tournament","euro2020",0.137254901960784,1,51,51,51,1
"phase09-baselines-frozen","open_nb_incumbent","open_core","updating","regulation_scoreline","exact_score_hit","tournament","within_tournament","euro2024",0.137254901960784,1,51,51,51,1
"phase09-baselines-frozen","open_nb_incumbent","open_core","updating","regulation_scoreline","exact_score_hit","tournament","within_tournament","wc2002",0.15625,1,64,64,64,1
"phase09-baselines-frozen","open_nb_incumbent","open_core","updating","regulation_scoreline","exact_score_hit","tournament","within_tournament","wc2006",0.171875,1,64,64,64,1
"phase09-baselines-frozen","open_nb_incumbent","open_core","updating","regulation_scoreline","exact_score_hit","tournament","within_tournament","wc2010",0.1875,1,64,64,64,1
"phase09-baselines-frozen","open_nb_incumbent","open_core","updating","regulation_scoreline","exact_score_hit","tournament","within_tournament","wc2014",0.109375,1,64,64,64,1
"phase09-baselines-frozen","open_nb_incumbent","open_core","updating","regulation_scoreline","exact_score_hit","tournament","within_tournament","wc2018",0.125,1,64,64,64,1
"phase09-baselines-frozen","open_nb_incumbent","open_core","updating","regulation_scoreline","exact_score_hit","tournament","within_tournament","wc2022",0.0625,1,64,64,64,1
"phase09-baselines-frozen","open_nb_incumbent","open_core","updating","home_goals","home_goal_rps","headline","equal_tournament","headline",0.627514078760873,12,630,630,630,1
"phase09-baselines-frozen","open_nb_incumbent","open_core","updating","home_goals","home_goal_rps","headline","fixture_weighted","headline",0.632340288748945,12,630,630,630,1
"phase09-baselines-frozen","open_nb_incumbent","open_core","updating","home_goals","home_goal_rps","tournament","within_tournament","euro2004",0.58990097438879,1,31,31,31,1
"phase09-baselines-frozen","open_nb_incumbent","open_core","updating","home_goals","home_goal_rps","tournament","within_tournament","euro2008",0.635658672283165,1,31,31,31,1
"phase09-baselines-frozen","open_nb_incumbent","open_core","updating","home_goals","home_goal_rps","tournament","within_tournament","euro2012",0.592909366176345,1,31,31,31,1
"phase09-baselines-frozen","open_nb_incumbent","open_core","updating","home_goals","home_goal_rps","tournament","within_tournament","euro2016",0.634904945458522,1,51,51,51,1
"phase09-baselines-frozen","open_nb_incumbent","open_core","updating","home_goals","home_goal_rps","tournament","within_tournament","euro2020",0.659090377162355,1,51,51,51,1
"phase09-baselines-frozen","open_nb_incumbent","open_core","updating","home_goals","home_goal_rps","tournament","within_tournament","euro2024",0.517308766034635,1,51,51,51,1
"phase09-baselines-frozen","open_nb_incumbent","open_core","updating","home_goals","home_goal_rps","tournament","within_tournament","wc2002",0.676593089864215,1,64,64,64,1
"phase09-baselines-frozen","open_nb_incumbent","open_core","updating","home_goals","home_goal_rps","tournament","within_tournament","wc2006",0.621101195011816,1,64,64,64,1
"phase09-baselines-frozen","open_nb_incumbent","open_core","updating","home_goals","home_goal_rps","tournament","within_tournament","wc2010",0.673929439680444,1,64,64,64,1
"phase09-baselines-frozen","open_nb_incumbent","open_core","updating","home_goals","home_goal_rps","tournament","within_tournament","wc2014",0.582453607186739,1,64,64,64,1
"phase09-baselines-frozen","open_nb_incumbent","open_core","updating","home_goals","home_goal_rps","tournament","within_tournament","wc2018",0.618620544969258,1,64,64,64,1
"phase09-baselines-frozen","open_nb_incumbent","open_core","updating","home_goals","home_goal_rps","tournament","within_tournament","wc2022",0.727697966914194,1,64,64,64,1
"phase09-baselines-frozen","open_nb_incumbent","open_core","updating","regulation_scoreline","joint_scoreline_log_loss","headline","equal_tournament","headline",2.80254991448439,12,630,630,630,1
"phase09-baselines-frozen","open_nb_incumbent","open_core","updating","regulation_scoreline","joint_scoreline_log_loss","headline","fixture_weighted","headline",2.8091587691158,12,630,630,630,1
"phase09-baselines-frozen","open_nb_incumbent","open_core","updating","regulation_scoreline","joint_scoreline_log_loss","tournament","within_tournament","euro2004",2.81188458603557,1,31,31,31,1
"phase09-baselines-frozen","open_nb_incumbent","open_core","updating","regulation_scoreline","joint_scoreline_log_loss","tournament","within_tournament","euro2008",2.78350411579949,1,31,31,31,1
"phase09-baselines-frozen","open_nb_incumbent","open_core","updating","regulation_scoreline","joint_scoreline_log_loss","tournament","within_tournament","euro2012",2.76288005087575,1,31,31,31,1
"phase09-baselines-frozen","open_nb_incumbent","open_core","updating","regulation_scoreline","joint_scoreline_log_loss","tournament","within_tournament","euro2016",2.7092238165846,1,51,51,51,1
"phase09-baselines-frozen","open_nb_incumbent","open_core","updating","regulation_scoreline","joint_scoreline_log_loss","tournament","within_tournament","euro2020",2.85573460215329,1,51,51,51,1
"phase09-baselines-frozen","open_nb_incumbent","open_core","updating","regulation_scoreline","joint_scoreline_log_loss","tournament","within_tournament","euro2024",2.64776780753881,1,51,51,51,1
"phase09-baselines-frozen","open_nb_incumbent","open_core","updating","regulation_scoreline","joint_scoreline_log_loss","tournament","within_tournament","wc2002",2.86771919165713,1,64,64,64,1
"phase09-baselines-frozen","open_nb_incumbent","open_core","updating","regulation_scoreline","joint_scoreline_log_loss","tournament","within_tournament","wc2006",2.69458534612982,1,64,64,64,1
"phase09-baselines-frozen","open_nb_incumbent","open_core","updating","regulation_scoreline","joint_scoreline_log_loss","tournament","within_tournament","wc2010",2.71308939867349,1,64,64,64,1
"phase09-baselines-frozen","open_nb_incumbent","open_core","updating","regulation_scoreline","joint_scoreline_log_loss","tournament","within_tournament","wc2014",3.00121512172246,1,64,64,64,1
"phase09-baselines-frozen","open_nb_incumbent","open_core","updating","regulation_scoreline","joint_scoreline_log_loss","tournament","within_tournament","wc2018",2.83789759660341,1,64,64,64,1
"phase09-baselines-frozen","open_nb_incumbent","open_core","updating","regulation_scoreline","joint_scoreline_log_loss","tournament","within_tournament","wc2022",2.94509734003882,1,64,64,64,1
"phase09-baselines-frozen","open_nb_incumbent","open_core","updating","regulation_1x2","log_loss","headline","equal_tournament","headline",1.01714437308725,12,630,630,630,1
"phase09-baselines-frozen","open_nb_incumbent","open_core","updating","regulation_1x2","log_loss","headline","fixture_weighted","headline",1.01415326076958,12,630,630,630,1
"phase09-baselines-frozen","open_nb_incumbent","open_core","updating","regulation_1x2","log_loss","tournament","within_tournament","euro2004",1.04772811493101,1,31,31,31,1
"phase09-baselines-frozen","open_nb_incumbent","open_core","updating","regulation_1x2","log_loss","tournament","within_tournament","euro2008",0.974219953140036,1,31,31,31,1
"phase09-baselines-frozen","open_nb_incumbent","open_core","updating","regulation_1x2","log_loss","tournament","within_tournament","euro2012",1.04431813843647,1,31,31,31,1
"phase09-baselines-frozen","open_nb_incumbent","open_core","updating","regulation_1x2","log_loss","tournament","within_tournament","euro2016",1.08524004297122,1,51,51,51,1
"phase09-baselines-frozen","open_nb_incumbent","open_core","updating","regulation_1x2","log_loss","tournament","within_tournament","euro2020",1.00489074040823,1,51,51,51,1
"phase09-baselines-frozen","open_nb_incumbent","open_core","updating","regulation_1x2","log_loss","tournament","within_tournament","euro2024",1.06860301903771,1,51,51,51,1
"phase09-baselines-frozen","open_nb_incumbent","open_core","updating","regulation_1x2","log_loss","tournament","within_tournament","wc2002",1.05832189099689,1,64,64,64,1
"phase09-baselines-frozen","open_nb_incumbent","open_core","updating","regulation_1x2","log_loss","tournament","within_tournament","wc2006",0.917576334357585,1,64,64,64,1
"phase09-baselines-frozen","open_nb_incumbent","open_core","updating","regulation_1x2","log_loss","tournament","within_tournament","wc2010",0.988603532651156,1,64,64,64,1
"phase09-baselines-frozen","open_nb_incumbent","open_core","updating","regulation_1x2","log_loss","tournament","within_tournament","wc2014",1.0258168433606,1,64,64,64,1
"phase09-baselines-frozen","open_nb_incumbent","open_core","updating","regulation_1x2","log_loss","tournament","within_tournament","wc2018",0.975075653614054,1,64,64,64,1
"phase09-baselines-frozen","open_nb_incumbent","open_core","updating","regulation_1x2","log_loss","tournament","within_tournament","wc2022",1.01533821314206,1,64,64,64,1
"phase09-baselines-frozen","open_nb_incumbent","open_core","updating","over_2_5","over_2_5_brier","headline","equal_tournament","headline",0.245986057710242,12,630,630,630,1
"phase09-baselines-frozen","open_nb_incumbent","open_core","updating","over_2_5","over_2_5_brier","headline","fixture_weighted","headline",0.24640488423444,12,630,630,630,1
"phase09-baselines-frozen","open_nb_incumbent","open_core","updating","over_2_5","over_2_5_brier","tournament","within_tournament","euro2004",0.246320790366141,1,31,31,31,1
"phase09-baselines-frozen","open_nb_incumbent","open_core","updating","over_2_5","over_2_5_brier","tournament","within_tournament","euro2008",0.241093437776885,1,31,31,31,1
"phase09-baselines-frozen","open_nb_incumbent","open_core","updating","over_2_5","over_2_5_brier","tournament","within_tournament","euro2012",0.245032001876405,1,31,31,31,1
"phase09-baselines-frozen","open_nb_incumbent","open_core","updating","over_2_5","over_2_5_brier","tournament","within_tournament","euro2016",0.232074938831446,1,51,51,51,1
"phase09-baselines-frozen","open_nb_incumbent","open_core","updating","over_2_5","over_2_5_brier","tournament","within_tournament","euro2020",0.256143591426281,1,51,51,51,1
"phase09-baselines-frozen","open_nb_incumbent","open_core","updating","over_2_5","over_2_5_brier","tournament","within_tournament","euro2024",0.24343452075206,1,51,51,51,1
"phase09-baselines-frozen","open_nb_incumbent","open_core","updating","over_2_5","over_2_5_brier","tournament","within_tournament","wc2002",0.245343698015261,1,64,64,64,1
"phase09-baselines-frozen","open_nb_incumbent","open_core","updating","over_2_5","over_2_5_brier","tournament","within_tournament","wc2006",0.246914122861122,1,64,64,64,1
"phase09-baselines-frozen","open_nb_incumbent","open_core","updating","over_2_5","over_2_5_brier","tournament","within_tournament","wc2010",0.245466597977708,1,64,64,64,1
"phase09-baselines-frozen","open_nb_incumbent","open_core","updating","over_2_5","over_2_5_brier","tournament","within_tournament","wc2014",0.253770747872692,1,64,64,64,1
"phase09-baselines-frozen","open_nb_incumbent","open_core","updating","over_2_5","over_2_5_brier","tournament","within_tournament","wc2018",0.246109957359625,1,64,64,64,1
"phase09-baselines-frozen","open_nb_incumbent","open_core","updating","over_2_5","over_2_5_brier","tournament","within_tournament","wc2022",0.250128287407272,1,64,64,64,1
"phase09-baselines-frozen","open_nb_incumbent","open_core","updating","over_2_5","over_2_5_log_loss","headline","equal_tournament","headline",0.685087306901146,12,630,630,630,1
"phase09-baselines-frozen","open_nb_incumbent","open_core","updating","over_2_5","over_2_5_log_loss","headline","fixture_weighted","headline",0.685931356038007,12,630,630,630,1
"phase09-baselines-frozen","open_nb_incumbent","open_core","updating","over_2_5","over_2_5_log_loss","tournament","within_tournament","euro2004",0.685659734231862,1,31,31,31,1
"phase09-baselines-frozen","open_nb_incumbent","open_core","updating","over_2_5","over_2_5_log_loss","tournament","within_tournament","euro2008",0.675283548926223,1,31,31,31,1
"phase09-baselines-frozen","open_nb_incumbent","open_core","updating","over_2_5","over_2_5_log_loss","tournament","within_tournament","euro2012",0.683192712029744,1,31,31,31,1
"phase09-baselines-frozen","open_nb_incumbent","open_core","updating","over_2_5","over_2_5_log_loss","tournament","within_tournament","euro2016",0.657144095331423,1,51,51,51,1
"phase09-baselines-frozen","open_nb_incumbent","open_core","updating","over_2_5","over_2_5_log_loss","tournament","within_tournament","euro2020",0.705490267845275,1,51,51,51,1
"phase09-baselines-frozen","open_nb_incumbent","open_core","updating","over_2_5","over_2_5_log_loss","tournament","within_tournament","euro2024",0.679966371818493,1,51,51,51,1
"phase09-baselines-frozen","open_nb_incumbent","open_core","updating","over_2_5","over_2_5_log_loss","tournament","within_tournament","wc2002",0.683822103324868,1,64,64,64,1
"phase09-baselines-frozen","open_nb_incumbent","open_core","updating","over_2_5","over_2_5_log_loss","tournament","within_tournament","wc2006",0.68696275349381,1,64,64,64,1
"phase09-baselines-frozen","open_nb_incumbent","open_core","updating","over_2_5","over_2_5_log_loss","tournament","within_tournament","wc2010",0.684035100149193,1,64,64,64,1
"phase09-baselines-frozen","open_nb_incumbent","open_core","updating","over_2_5","over_2_5_log_loss","tournament","within_tournament","wc2014",0.700702117589428,1,64,64,64,1
"phase09-baselines-frozen","open_nb_incumbent","open_core","updating","over_2_5","over_2_5_log_loss","tournament","within_tournament","wc2018",0.685318907370875,1,64,64,64,1
"phase09-baselines-frozen","open_nb_incumbent","open_core","updating","over_2_5","over_2_5_log_loss","tournament","within_tournament","wc2022",0.693469970702565,1,64,64,64,1
"phase09-baselines-frozen","open_nb_incumbent","open_core","updating","regulation_1x2","rps","headline","equal_tournament","headline",0.203930289520513,12,630,630,630,1
"phase09-baselines-frozen","open_nb_incumbent","open_core","updating","regulation_1x2","rps","headline","fixture_weighted","headline",0.202849583870682,12,630,630,630,1
"phase09-baselines-frozen","open_nb_incumbent","open_core","updating","regulation_1x2","rps","tournament","within_tournament","euro2004",0.195865014321776,1,31,31,31,1
"phase09-baselines-frozen","open_nb_incumbent","open_core","updating","regulation_1x2","rps","tournament","within_tournament","euro2008",0.210305556677262,1,31,31,31,1
"phase09-baselines-frozen","open_nb_incumbent","open_core","updating","regulation_1x2","rps","tournament","within_tournament","euro2012",0.227104724300039,1,31,31,31,1
"phase09-baselines-frozen","open_nb_incumbent","open_core","updating","regulation_1x2","rps","tournament","within_tournament","euro2016",0.219949777099601,1,51,51,51,1
"phase09-baselines-frozen","open_nb_incumbent","open_core","updating","regulation_1x2","rps","tournament","within_tournament","euro2020",0.189838248406632,1,51,51,51,1
"phase09-baselines-frozen","open_nb_incumbent","open_core","updating","regulation_1x2","rps","tournament","within_tournament","euro2024",0.199838110521063,1,51,51,51,1
"phase09-baselines-frozen","open_nb_incumbent","open_core","updating","regulation_1x2","rps","tournament","within_tournament","wc2002",0.213262045445768,1,64,64,64,1
"phase09-baselines-frozen","open_nb_incumbent","open_core","updating","regulation_1x2","rps","tournament","within_tournament","wc2006",0.172063371721106,1,64,64,64,1
"phase09-baselines-frozen","open_nb_incumbent","open_core","updating","regulation_1x2","rps","tournament","within_tournament","wc2010",0.193443758892585,1,64,64,64,1
"phase09-baselines-frozen","open_nb_incumbent","open_core","updating","regulation_1x2","rps","tournament","within_tournament","wc2014",0.209795309826597,1,64,64,64,1
"phase09-baselines-frozen","open_nb_incumbent","open_core","updating","regulation_1x2","rps","tournament","within_tournament","wc2018",0.204377635947404,1,64,64,64,1
"phase09-baselines-frozen","open_nb_incumbent","open_core","updating","regulation_1x2","rps","tournament","within_tournament","wc2022",0.211319921086321,1,64,64,64,1
"phase09-baselines-frozen","open_nb_incumbent","open_core","updating","under_2_5","under_2_5_brier","headline","equal_tournament","headline",0.245986057710242,12,630,630,630,1
"phase09-baselines-frozen","open_nb_incumbent","open_core","updating","under_2_5","under_2_5_brier","headline","fixture_weighted","headline",0.24640488423444,12,630,630,630,1
"phase09-baselines-frozen","open_nb_incumbent","open_core","updating","under_2_5","under_2_5_brier","tournament","within_tournament","euro2004",0.246320790366141,1,31,31,31,1
"phase09-baselines-frozen","open_nb_incumbent","open_core","updating","under_2_5","under_2_5_brier","tournament","within_tournament","euro2008",0.241093437776885,1,31,31,31,1
"phase09-baselines-frozen","open_nb_incumbent","open_core","updating","under_2_5","under_2_5_brier","tournament","within_tournament","euro2012",0.245032001876405,1,31,31,31,1
"phase09-baselines-frozen","open_nb_incumbent","open_core","updating","under_2_5","under_2_5_brier","tournament","within_tournament","euro2016",0.232074938831446,1,51,51,51,1
"phase09-baselines-frozen","open_nb_incumbent","open_core","updating","under_2_5","under_2_5_brier","tournament","within_tournament","euro2020",0.256143591426281,1,51,51,51,1
"phase09-baselines-frozen","open_nb_incumbent","open_core","updating","under_2_5","under_2_5_brier","tournament","within_tournament","euro2024",0.24343452075206,1,51,51,51,1
"phase09-baselines-frozen","open_nb_incumbent","open_core","updating","under_2_5","under_2_5_brier","tournament","within_tournament","wc2002",0.245343698015261,1,64,64,64,1
"phase09-baselines-frozen","open_nb_incumbent","open_core","updating","under_2_5","under_2_5_brier","tournament","within_tournament","wc2006",0.246914122861122,1,64,64,64,1
"phase09-baselines-frozen","open_nb_incumbent","open_core","updating","under_2_5","under_2_5_brier","tournament","within_tournament","wc2010",0.245466597977708,1,64,64,64,1
"phase09-baselines-frozen","open_nb_incumbent","open_core","updating","under_2_5","under_2_5_brier","tournament","within_tournament","wc2014",0.253770747872692,1,64,64,64,1
"phase09-baselines-frozen","open_nb_incumbent","open_core","updating","under_2_5","under_2_5_brier","tournament","within_tournament","wc2018",0.246109957359625,1,64,64,64,1
"phase09-baselines-frozen","open_nb_incumbent","open_core","updating","under_2_5","under_2_5_brier","tournament","within_tournament","wc2022",0.250128287407271,1,64,64,64,1
"phase09-baselines-frozen","open_nb_incumbent","open_core","updating","under_2_5","under_2_5_log_loss","headline","equal_tournament","headline",0.685087306901146,12,630,630,630,1
"phase09-baselines-frozen","open_nb_incumbent","open_core","updating","under_2_5","under_2_5_log_loss","headline","fixture_weighted","headline",0.685931356038007,12,630,630,630,1
"phase09-baselines-frozen","open_nb_incumbent","open_core","updating","under_2_5","under_2_5_log_loss","tournament","within_tournament","euro2004",0.685659734231862,1,31,31,31,1
"phase09-baselines-frozen","open_nb_incumbent","open_core","updating","under_2_5","under_2_5_log_loss","tournament","within_tournament","euro2008",0.675283548926222,1,31,31,31,1
"phase09-baselines-frozen","open_nb_incumbent","open_core","updating","under_2_5","under_2_5_log_loss","tournament","within_tournament","euro2012",0.683192712029743,1,31,31,31,1
"phase09-baselines-frozen","open_nb_incumbent","open_core","updating","under_2_5","under_2_5_log_loss","tournament","within_tournament","euro2016",0.657144095331423,1,51,51,51,1
"phase09-baselines-frozen","open_nb_incumbent","open_core","updating","under_2_5","under_2_5_log_loss","tournament","within_tournament","euro2020",0.705490267845275,1,51,51,51,1
"phase09-baselines-frozen","open_nb_incumbent","open_core","updating","under_2_5","under_2_5_log_loss","tournament","within_tournament","euro2024",0.679966371818493,1,51,51,51,1
"phase09-baselines-frozen","open_nb_incumbent","open_core","updating","under_2_5","under_2_5_log_loss","tournament","within_tournament","wc2002",0.683822103324868,1,64,64,64,1
"phase09-baselines-frozen","open_nb_incumbent","open_core","updating","under_2_5","under_2_5_log_loss","tournament","within_tournament","wc2006",0.68696275349381,1,64,64,64,1
"phase09-baselines-frozen","open_nb_incumbent","open_core","updating","under_2_5","under_2_5_log_loss","tournament","within_tournament","wc2010",0.684035100149193,1,64,64,64,1
"phase09-baselines-frozen","open_nb_incumbent","open_core","updating","under_2_5","under_2_5_log_loss","tournament","within_tournament","wc2014",0.700702117589428,1,64,64,64,1
"phase09-baselines-frozen","open_nb_incumbent","open_core","updating","under_2_5","under_2_5_log_loss","tournament","within_tournament","wc2018",0.685318907370875,1,64,64,64,1
"phase09-baselines-frozen","open_nb_incumbent","open_core","updating","under_2_5","under_2_5_log_loss","tournament","within_tournament","wc2022",0.693469970702565,1,64,64,64,1
"phase09-baselines-frozen","open_nb_incumbent","open_core","updating","regulation_1x2","winner_pick_accuracy","headline","equal_tournament","headline",0.500165540006325,12,630,630,630,1
"phase09-baselines-frozen","open_nb_incumbent","open_core","updating","regulation_1x2","winner_pick_accuracy","headline","fixture_weighted","headline",0.507936507936508,12,630,630,630,1
"phase09-baselines-frozen","open_nb_incumbent","open_core","updating","regulation_1x2","winner_pick_accuracy","tournament","within_tournament","euro2004",0.419354838709677,1,31,31,31,1
"phase09-baselines-frozen","open_nb_incumbent","open_core","updating","regulation_1x2","winner_pick_accuracy","tournament","within_tournament","euro2008",0.548387096774194,1,31,31,31,1
"phase09-baselines-frozen","open_nb_incumbent","open_core","updating","regulation_1x2","winner_pick_accuracy","tournament","within_tournament","euro2012",0.419354838709677,1,31,31,31,1
"phase09-baselines-frozen","open_nb_incumbent","open_core","updating","regulation_1x2","winner_pick_accuracy","tournament","within_tournament","euro2016",0.392156862745098,1,51,51,51,1
"phase09-baselines-frozen","open_nb_incumbent","open_core","updating","regulation_1x2","winner_pick_accuracy","tournament","within_tournament","euro2020",0.549019607843137,1,51,51,51,1
"phase09-baselines-frozen","open_nb_incumbent","open_core","updating","regulation_1x2","winner_pick_accuracy","tournament","within_tournament","euro2024",0.470588235294118,1,51,51,51,1
"phase09-baselines-frozen","open_nb_incumbent","open_core","updating","regulation_1x2","winner_pick_accuracy","tournament","within_tournament","wc2002",0.421875,1,64,64,64,1
"phase09-baselines-frozen","open_nb_incumbent","open_core","updating","regulation_1x2","winner_pick_accuracy","tournament","within_tournament","wc2006",0.625,1,64,64,64,1
"phase09-baselines-frozen","open_nb_incumbent","open_core","updating","regulation_1x2","winner_pick_accuracy","tournament","within_tournament","wc2010",0.53125,1,64,64,64,1
"phase09-baselines-frozen","open_nb_incumbent","open_core","updating","regulation_1x2","winner_pick_accuracy","tournament","within_tournament","wc2014",0.546875,1,64,64,64,1
"phase09-baselines-frozen","open_nb_incumbent","open_core","updating","regulation_1x2","winner_pick_accuracy","tournament","within_tournament","wc2018",0.5625,1,64,64,64,1
"phase09-baselines-frozen","open_nb_incumbent","open_core","updating","regulation_1x2","winner_pick_accuracy","tournament","within_tournament","wc2022",0.515625,1,64,64,64,1
"phase09-baselines-frozen","production_hybrid_nb","feature_rich","frozen","away_goals","away_goal_rps","headline","equal_tournament","headline",0.543890332927678,12,609,609,609,1
"phase09-baselines-frozen","production_hybrid_nb","feature_rich","frozen","away_goals","away_goal_rps","headline","fixture_weighted","headline",0.550805124632675,12,609,609,609,1
"phase09-baselines-frozen","production_hybrid_nb","feature_rich","frozen","away_goals","away_goal_rps","tournament","within_tournament","euro2004",0.55312308339779,1,31,31,31,1
"phase09-baselines-frozen","production_hybrid_nb","feature_rich","frozen","away_goals","away_goal_rps","tournament","within_tournament","euro2008",0.515791755256323,1,31,31,31,1
"phase09-baselines-frozen","production_hybrid_nb","feature_rich","frozen","away_goals","away_goal_rps","tournament","within_tournament","euro2012",0.474094559499043,1,28,28,28,1
"phase09-baselines-frozen","production_hybrid_nb","feature_rich","frozen","away_goals","away_goal_rps","tournament","within_tournament","euro2016",0.490630312001115,1,43,43,43,1
"phase09-baselines-frozen","production_hybrid_nb","feature_rich","frozen","away_goals","away_goal_rps","tournament","within_tournament","euro2020",0.603136595705122,1,48,48,48,1
"phase09-baselines-frozen","production_hybrid_nb","feature_rich","frozen","away_goals","away_goal_rps","tournament","within_tournament","euro2024",0.486497213944897,1,51,51,51,1
"phase09-baselines-frozen","production_hybrid_nb","feature_rich","frozen","away_goals","away_goal_rps","tournament","within_tournament","wc2002",0.546614404878138,1,60,60,60,1
"phase09-baselines-frozen","production_hybrid_nb","feature_rich","frozen","away_goals","away_goal_rps","tournament","within_tournament","wc2006",0.521833198454965,1,64,64,64,1
"phase09-baselines-frozen","production_hybrid_nb","feature_rich","frozen","away_goals","away_goal_rps","tournament","within_tournament","wc2010",0.487172495168425,1,61,61,61,1
"phase09-baselines-frozen","production_hybrid_nb","feature_rich","frozen","away_goals","away_goal_rps","tournament","within_tournament","wc2014",0.770744338429645,1,64,64,64,1
"phase09-baselines-frozen","production_hybrid_nb","feature_rich","frozen","away_goals","away_goal_rps","tournament","within_tournament","wc2018",0.517577603608534,1,64,64,64,1
"phase09-baselines-frozen","production_hybrid_nb","feature_rich","frozen","away_goals","away_goal_rps","tournament","within_tournament","wc2022",0.559468434788144,1,64,64,64,1
"phase09-baselines-frozen","production_hybrid_nb","feature_rich","frozen","regulation_1x2","brier","headline","equal_tournament","headline",0.63895025178453,12,609,609,609,1
"phase09-baselines-frozen","production_hybrid_nb","feature_rich","frozen","regulation_1x2","brier","headline","fixture_weighted","headline",0.635398902318316,12,609,609,609,1
"phase09-baselines-frozen","production_hybrid_nb","feature_rich","frozen","regulation_1x2","brier","tournament","within_tournament","euro2004",0.636060766928123,1,31,31,31,1
"phase09-baselines-frozen","production_hybrid_nb","feature_rich","frozen","regulation_1x2","brier","tournament","within_tournament","euro2008",0.615719864815375,1,31,31,31,1
"phase09-baselines-frozen","production_hybrid_nb","feature_rich","frozen","regulation_1x2","brier","tournament","within_tournament","euro2012",0.695859038583888,1,28,28,28,1
"phase09-baselines-frozen","production_hybrid_nb","feature_rich","frozen","regulation_1x2","brier","tournament","within_tournament","euro2016",0.66469684424266,1,43,43,43,1
"phase09-baselines-frozen","production_hybrid_nb","feature_rich","frozen","regulation_1x2","brier","tournament","within_tournament","euro2020",0.659137868547554,1,48,48,48,1
"phase09-baselines-frozen","production_hybrid_nb","feature_rich","frozen","regulation_1x2","brier","tournament","within_tournament","euro2024",0.6480786476017,1,51,51,51,1
"phase09-baselines-frozen","production_hybrid_nb","feature_rich","frozen","regulation_1x2","brier","tournament","within_tournament","wc2002",0.61231957308565,1,60,60,60,1
"phase09-baselines-frozen","production_hybrid_nb","feature_rich","frozen","regulation_1x2","brier","tournament","within_tournament","wc2006",0.573658184646954,1,64,64,64,1
"phase09-baselines-frozen","production_hybrid_nb","feature_rich","frozen","regulation_1x2","brier","tournament","within_tournament","wc2010",0.672345095029383,1,61,61,61,1
"phase09-baselines-frozen","production_hybrid_nb","feature_rich","frozen","regulation_1x2","brier","tournament","within_tournament","wc2014",0.635946705098764,1,64,64,64,1
"phase09-baselines-frozen","production_hybrid_nb","feature_rich","frozen","regulation_1x2","brier","tournament","within_tournament","wc2018",0.628351743140918,1,64,64,64,1
"phase09-baselines-frozen","production_hybrid_nb","feature_rich","frozen","regulation_1x2","brier","tournament","within_tournament","wc2022",0.625228689693395,1,64,64,64,1
"phase09-baselines-frozen","production_hybrid_nb","feature_rich","frozen","btts","btts_brier","headline","equal_tournament","headline",0.250074899659366,12,609,609,609,1
"phase09-baselines-frozen","production_hybrid_nb","feature_rich","frozen","btts","btts_brier","headline","fixture_weighted","headline",0.24992188754288,12,609,609,609,1
"phase09-baselines-frozen","production_hybrid_nb","feature_rich","frozen","btts","btts_brier","tournament","within_tournament","euro2004",0.257247620374615,1,31,31,31,1
"phase09-baselines-frozen","production_hybrid_nb","feature_rich","frozen","btts","btts_brier","tournament","within_tournament","euro2008",0.242960152440994,1,31,31,31,1
"phase09-baselines-frozen","production_hybrid_nb","feature_rich","frozen","btts","btts_brier","tournament","within_tournament","euro2012",0.256642644208565,1,28,28,28,1
"phase09-baselines-frozen","production_hybrid_nb","feature_rich","frozen","btts","btts_brier","tournament","within_tournament","euro2016",0.244140435633679,1,43,43,43,1
"phase09-baselines-frozen","production_hybrid_nb","feature_rich","frozen","btts","btts_brier","tournament","within_tournament","euro2020",0.240563769078314,1,48,48,48,1
"phase09-baselines-frozen","production_hybrid_nb","feature_rich","frozen","btts","btts_brier","tournament","within_tournament","euro2024",0.262131749196968,1,51,51,51,1
"phase09-baselines-frozen","production_hybrid_nb","feature_rich","frozen","btts","btts_brier","tournament","within_tournament","wc2002",0.245933478044058,1,60,60,60,1
"phase09-baselines-frozen","production_hybrid_nb","feature_rich","frozen","btts","btts_brier","tournament","within_tournament","wc2006",0.239474837936277,1,64,64,64,1
"phase09-baselines-frozen","production_hybrid_nb","feature_rich","frozen","btts","btts_brier","tournament","within_tournament","wc2010",0.247228541686047,1,61,61,61,1
"phase09-baselines-frozen","production_hybrid_nb","feature_rich","frozen","btts","btts_brier","tournament","within_tournament","wc2014",0.257277632768735,1,64,64,64,1
"phase09-baselines-frozen","production_hybrid_nb","feature_rich","frozen","btts","btts_brier","tournament","within_tournament","wc2018",0.254389743918695,1,64,64,64,1
"phase09-baselines-frozen","production_hybrid_nb","feature_rich","frozen","btts","btts_brier","tournament","within_tournament","wc2022",0.252908190625442,1,64,64,64,1
"phase09-baselines-frozen","production_hybrid_nb","feature_rich","frozen","btts","btts_log_loss","headline","equal_tournament","headline",0.693301737695983,12,609,609,609,1
"phase09-baselines-frozen","production_hybrid_nb","feature_rich","frozen","btts","btts_log_loss","headline","fixture_weighted","headline",0.692995233616095,12,609,609,609,1
"phase09-baselines-frozen","production_hybrid_nb","feature_rich","frozen","btts","btts_log_loss","tournament","within_tournament","euro2004",0.707893925399559,1,31,31,31,1
"phase09-baselines-frozen","production_hybrid_nb","feature_rich","frozen","btts","btts_log_loss","tournament","within_tournament","euro2008",0.679011285246312,1,31,31,31,1
"phase09-baselines-frozen","production_hybrid_nb","feature_rich","frozen","btts","btts_log_loss","tournament","within_tournament","euro2012",0.706500050452316,1,28,28,28,1
"phase09-baselines-frozen","production_hybrid_nb","feature_rich","frozen","btts","btts_log_loss","tournament","within_tournament","euro2016",0.681379999234193,1,43,43,43,1
"phase09-baselines-frozen","production_hybrid_nb","feature_rich","frozen","btts","btts_log_loss","tournament","within_tournament","euro2020",0.673779129520403,1,48,48,48,1
"phase09-baselines-frozen","production_hybrid_nb","feature_rich","frozen","btts","btts_log_loss","tournament","within_tournament","euro2024",0.717589671896985,1,51,51,51,1
"phase09-baselines-frozen","production_hybrid_nb","feature_rich","frozen","btts","btts_log_loss","tournament","within_tournament","wc2002",0.684736466277529,1,60,60,60,1
"phase09-baselines-frozen","production_hybrid_nb","feature_rich","frozen","btts","btts_log_loss","tournament","within_tournament","wc2006",0.672049131673519,1,64,64,64,1
"phase09-baselines-frozen","production_hybrid_nb","feature_rich","frozen","btts","btts_log_loss","tournament","within_tournament","wc2010",0.687568618233511,1,61,61,61,1
"phase09-baselines-frozen","production_hybrid_nb","feature_rich","frozen","btts","btts_log_loss","tournament","within_tournament","wc2014",0.707912838657574,1,64,64,64,1
"phase09-baselines-frozen","production_hybrid_nb","feature_rich","frozen","btts","btts_log_loss","tournament","within_tournament","wc2018",0.702017741169005,1,64,64,64,1
"phase09-baselines-frozen","production_hybrid_nb","feature_rich","frozen","btts","btts_log_loss","tournament","within_tournament","wc2022",0.699181994590893,1,64,64,64,1
"phase09-baselines-frozen","production_hybrid_nb","feature_rich","frozen","regulation_1x2","calibration_error","headline","fixed_equal_tournament_bins","headline",0.0526200309063038,12,609,609,609,1
"phase09-baselines-frozen","production_hybrid_nb","feature_rich","frozen","regulation_scoreline","exact_score_hit","headline","equal_tournament","headline",0.104722826662692,12,609,609,609,1
"phase09-baselines-frozen","production_hybrid_nb","feature_rich","frozen","regulation_scoreline","exact_score_hit","headline","fixture_weighted","headline",0.110016420361248,12,609,609,609,1
"phase09-baselines-frozen","production_hybrid_nb","feature_rich","frozen","regulation_scoreline","exact_score_hit","tournament","within_tournament","euro2004",0.0645161290322581,1,31,31,31,1
"phase09-baselines-frozen","production_hybrid_nb","feature_rich","frozen","regulation_scoreline","exact_score_hit","tournament","within_tournament","euro2008",0.0645161290322581,1,31,31,31,1
"phase09-baselines-frozen","production_hybrid_nb","feature_rich","frozen","regulation_scoreline","exact_score_hit","tournament","within_tournament","euro2012",0.0714285714285715,1,28,28,28,1
"phase09-baselines-frozen","production_hybrid_nb","feature_rich","frozen","regulation_scoreline","exact_score_hit","tournament","within_tournament","euro2016",0.0465116279069768,1,43,43,43,1
"phase09-baselines-frozen","production_hybrid_nb","feature_rich","frozen","regulation_scoreline","exact_score_hit","tournament","within_tournament","euro2020",0.145833333333333,1,48,48,48,1
"phase09-baselines-frozen","production_hybrid_nb","feature_rich","frozen","regulation_scoreline","exact_score_hit","tournament","within_tournament","euro2024",0.176470588235294,1,51,51,51,1
"phase09-baselines-frozen","production_hybrid_nb","feature_rich","frozen","regulation_scoreline","exact_score_hit","tournament","within_tournament","wc2002",0.15,1,60,60,60,1
"phase09-baselines-frozen","production_hybrid_nb","feature_rich","frozen","regulation_scoreline","exact_score_hit","tournament","within_tournament","wc2006",0.15625,1,64,64,64,1
"phase09-baselines-frozen","production_hybrid_nb","feature_rich","frozen","regulation_scoreline","exact_score_hit","tournament","within_tournament","wc2010",0.131147540983607,1,61,61,61,1
"phase09-baselines-frozen","production_hybrid_nb","feature_rich","frozen","regulation_scoreline","exact_score_hit","tournament","within_tournament","wc2014",0.09375,1,64,64,64,1
"phase09-baselines-frozen","production_hybrid_nb","feature_rich","frozen","regulation_scoreline","exact_score_hit","tournament","within_tournament","wc2018",0.109375,1,64,64,64,1
"phase09-baselines-frozen","production_hybrid_nb","feature_rich","frozen","regulation_scoreline","exact_score_hit","tournament","within_tournament","wc2022",0.046875,1,64,64,64,1
"phase09-baselines-frozen","production_hybrid_nb","feature_rich","frozen","home_goals","home_goal_rps","headline","equal_tournament","headline",0.637025989678444,12,609,609,609,1
"phase09-baselines-frozen","production_hybrid_nb","feature_rich","frozen","home_goals","home_goal_rps","headline","fixture_weighted","headline",0.639832865504513,12,609,609,609,1
"phase09-baselines-frozen","production_hybrid_nb","feature_rich","frozen","home_goals","home_goal_rps","tournament","within_tournament","euro2004",0.600323550919441,1,31,31,31,1
"phase09-baselines-frozen","production_hybrid_nb","feature_rich","frozen","home_goals","home_goal_rps","tournament","within_tournament","euro2008",0.645185796570392,1,31,31,31,1
"phase09-baselines-frozen","production_hybrid_nb","feature_rich","frozen","home_goals","home_goal_rps","tournament","within_tournament","euro2012",0.64290712436558,1,28,28,28,1
"phase09-baselines-frozen","production_hybrid_nb","feature_rich","frozen","home_goals","home_goal_rps","tournament","within_tournament","euro2016",0.633064174810742,1,43,43,43,1
"phase09-baselines-frozen","production_hybrid_nb","feature_rich","frozen","home_goals","home_goal_rps","tournament","within_tournament","euro2020",0.65966266395861,1,48,48,48,1
"phase09-baselines-frozen","production_hybrid_nb","feature_rich","frozen","home_goals","home_goal_rps","tournament","within_tournament","euro2024",0.540517239266804,1,51,51,51,1
"phase09-baselines-frozen","production_hybrid_nb","feature_rich","frozen","home_goals","home_goal_rps","tournament","within_tournament","wc2002",0.640106969475942,1,60,60,60,1
"phase09-baselines-frozen","production_hybrid_nb","feature_rich","frozen","home_goals","home_goal_rps","tournament","within_tournament","wc2006",0.635315946084221,1,64,64,64,1
"phase09-baselines-frozen","production_hybrid_nb","feature_rich","frozen","home_goals","home_goal_rps","tournament","within_tournament","wc2010",0.631725917911851,1,61,61,61,1
"phase09-baselines-frozen","production_hybrid_nb","feature_rich","frozen","home_goals","home_goal_rps","tournament","within_tournament","wc2014",0.569494478947597,1,64,64,64,1
"phase09-baselines-frozen","production_hybrid_nb","feature_rich","frozen","home_goals","home_goal_rps","tournament","within_tournament","wc2018",0.667558051652657,1,64,64,64,1
"phase09-baselines-frozen","production_hybrid_nb","feature_rich","frozen","home_goals","home_goal_rps","tournament","within_tournament","wc2022",0.778449962177493,1,64,64,64,1
"phase09-baselines-frozen","production_hybrid_nb","feature_rich","frozen","regulation_scoreline","joint_scoreline_log_loss","headline","equal_tournament","headline",2.82636066721001,12,609,609,609,1
"phase09-baselines-frozen","production_hybrid_nb","feature_rich","frozen","regulation_scoreline","joint_scoreline_log_loss","headline","fixture_weighted","headline",2.83690775948809,12,609,609,609,1
"phase09-baselines-frozen","production_hybrid_nb","feature_rich","frozen","regulation_scoreline","joint_scoreline_log_loss","tournament","within_tournament","euro2004",2.80439904709761,1,31,31,31,1
"phase09-baselines-frozen","production_hybrid_nb","feature_rich","frozen","regulation_scoreline","joint_scoreline_log_loss","tournament","within_tournament","euro2008",2.79696896976496,1,31,31,31,1
"phase09-baselines-frozen","production_hybrid_nb","feature_rich","frozen","regulation_scoreline","joint_scoreline_log_loss","tournament","within_tournament","euro2012",2.77456695759957,1,28,28,28,1
"phase09-baselines-frozen","production_hybrid_nb","feature_rich","frozen","regulation_scoreline","joint_scoreline_log_loss","tournament","within_tournament","euro2016",2.7249148546095,1,43,43,43,1
"phase09-baselines-frozen","production_hybrid_nb","feature_rich","frozen","regulation_scoreline","joint_scoreline_log_loss","tournament","within_tournament","euro2020",2.93821996473825,1,48,48,48,1
"phase09-baselines-frozen","production_hybrid_nb","feature_rich","frozen","regulation_scoreline","joint_scoreline_log_loss","tournament","within_tournament","euro2024",2.65326805196305,1,51,51,51,1
"phase09-baselines-frozen","production_hybrid_nb","feature_rich","frozen","regulation_scoreline","joint_scoreline_log_loss","tournament","within_tournament","wc2002",2.83526537919494,1,60,60,60,1
"phase09-baselines-frozen","production_hybrid_nb","feature_rich","frozen","regulation_scoreline","joint_scoreline_log_loss","tournament","within_tournament","wc2006",2.75138892997935,1,64,64,64,1
"phase09-baselines-frozen","production_hybrid_nb","feature_rich","frozen","regulation_scoreline","joint_scoreline_log_loss","tournament","within_tournament","wc2010",2.72344476136081,1,61,61,61,1
"phase09-baselines-frozen","production_hybrid_nb","feature_rich","frozen","regulation_scoreline","joint_scoreline_log_loss","tournament","within_tournament","wc2014",3.0276391727007,1,64,64,64,1
"phase09-baselines-frozen","production_hybrid_nb","feature_rich","frozen","regulation_scoreline","joint_scoreline_log_loss","tournament","within_tournament","wc2018",2.8826253452202,1,64,64,64,1
"phase09-baselines-frozen","production_hybrid_nb","feature_rich","frozen","regulation_scoreline","joint_scoreline_log_loss","tournament","within_tournament","wc2022",3.0036265722912,1,64,64,64,1
"phase09-baselines-frozen","production_hybrid_nb","feature_rich","frozen","regulation_1x2","log_loss","headline","equal_tournament","headline",1.06168063210598,12,609,609,609,1
"phase09-baselines-frozen","production_hybrid_nb","feature_rich","frozen","regulation_1x2","log_loss","headline","fixture_weighted","headline",1.05683810702412,12,609,609,609,1
"phase09-baselines-frozen","production_hybrid_nb","feature_rich","frozen","regulation_1x2","log_loss","tournament","within_tournament","euro2004",1.05977277004446,1,31,31,31,1
"phase09-baselines-frozen","production_hybrid_nb","feature_rich","frozen","regulation_1x2","log_loss","tournament","within_tournament","euro2008",1.0258830447426,1,31,31,31,1
"phase09-baselines-frozen","production_hybrid_nb","feature_rich","frozen","regulation_1x2","log_loss","tournament","within_tournament","euro2012",1.13823121211192,1,28,28,28,1
"phase09-baselines-frozen","production_hybrid_nb","feature_rich","frozen","regulation_1x2","log_loss","tournament","within_tournament","euro2016",1.09419717147971,1,43,43,43,1
"phase09-baselines-frozen","production_hybrid_nb","feature_rich","frozen","regulation_1x2","log_loss","tournament","within_tournament","euro2020",1.09497801571906,1,48,48,48,1
"phase09-baselines-frozen","production_hybrid_nb","feature_rich","frozen","regulation_1x2","log_loss","tournament","within_tournament","euro2024",1.07871630047396,1,51,51,51,1
"phase09-baselines-frozen","production_hybrid_nb","feature_rich","frozen","regulation_1x2","log_loss","tournament","within_tournament","wc2002",1.02597959777273,1,60,60,60,1
"phase09-baselines-frozen","production_hybrid_nb","feature_rich","frozen","regulation_1x2","log_loss","tournament","within_tournament","wc2006",0.968347927671339,1,64,64,64,1
"phase09-baselines-frozen","production_hybrid_nb","feature_rich","frozen","regulation_1x2","log_loss","tournament","within_tournament","wc2010",1.10944453528833,1,61,61,61,1
"phase09-baselines-frozen","production_hybrid_nb","feature_rich","frozen","regulation_1x2","log_loss","tournament","within_tournament","wc2014",1.05731356237517,1,64,64,64,1
"phase09-baselines-frozen","production_hybrid_nb","feature_rich","frozen","regulation_1x2","log_loss","tournament","within_tournament","wc2018",1.04199854601142,1,64,64,64,1
"phase09-baselines-frozen","production_hybrid_nb","feature_rich","frozen","regulation_1x2","log_loss","tournament","within_tournament","wc2022",1.04530490158102,1,64,64,64,1
"phase09-baselines-frozen","production_hybrid_nb","feature_rich","frozen","over_2_5","over_2_5_brier","headline","equal_tournament","headline",0.244028583278785,12,609,609,609,1
"phase09-baselines-frozen","production_hybrid_nb","feature_rich","frozen","over_2_5","over_2_5_brier","headline","fixture_weighted","headline",0.244727847715929,12,609,609,609,1
"phase09-baselines-frozen","production_hybrid_nb","feature_rich","frozen","over_2_5","over_2_5_brier","tournament","within_tournament","euro2004",0.2479257629503,1,31,31,31,1
"phase09-baselines-frozen","production_hybrid_nb","feature_rich","frozen","over_2_5","over_2_5_brier","tournament","within_tournament","euro2008",0.234757940675009,1,31,31,31,1
"phase09-baselines-frozen","production_hybrid_nb","feature_rich","frozen","over_2_5","over_2_5_brier","tournament","within_tournament","euro2012",0.245614873715248,1,28,28,28,1
"phase09-baselines-frozen","production_hybrid_nb","feature_rich","frozen","over_2_5","over_2_5_brier","tournament","within_tournament","euro2016",0.233539782680415,1,43,43,43,1
"phase09-baselines-frozen","production_hybrid_nb","feature_rich","frozen","over_2_5","over_2_5_brier","tournament","within_tournament","euro2020",0.244290092270976,1,48,48,48,1
"phase09-baselines-frozen","production_hybrid_nb","feature_rich","frozen","over_2_5","over_2_5_brier","tournament","within_tournament","euro2024",0.239550762801718,1,51,51,51,1
"phase09-baselines-frozen","production_hybrid_nb","feature_rich","frozen","over_2_5","over_2_5_brier","tournament","within_tournament","wc2002",0.237395322471737,1,60,60,60,1
"phase09-baselines-frozen","production_hybrid_nb","feature_rich","frozen","over_2_5","over_2_5_brier","tournament","within_tournament","wc2006",0.245041848178063,1,64,64,64,1
"phase09-baselines-frozen","production_hybrid_nb","feature_rich","frozen","over_2_5","over_2_5_brier","tournament","within_tournament","wc2010",0.242425635596244,1,61,61,61,1
"phase09-baselines-frozen","production_hybrid_nb","feature_rich","frozen","over_2_5","over_2_5_brier","tournament","within_tournament","wc2014",0.257323510292528,1,64,64,64,1
"phase09-baselines-frozen","production_hybrid_nb","feature_rich","frozen","over_2_5","over_2_5_brier","tournament","within_tournament","wc2018",0.250621349830402,1,64,64,64,1
"phase09-baselines-frozen","production_hybrid_nb","feature_rich","frozen","over_2_5","over_2_5_brier","tournament","within_tournament","wc2022",0.249856117882786,1,64,64,64,1
"phase09-baselines-frozen","production_hybrid_nb","feature_rich","frozen","over_2_5","over_2_5_log_loss","headline","equal_tournament","headline",0.681148037628374,12,609,609,609,1
"phase09-baselines-frozen","production_hybrid_nb","feature_rich","frozen","over_2_5","over_2_5_log_loss","headline","fixture_weighted","headline",0.682563765613992,12,609,609,609,1
"phase09-baselines-frozen","production_hybrid_nb","feature_rich","frozen","over_2_5","over_2_5_log_loss","tournament","within_tournament","euro2004",0.688922424821422,1,31,31,31,1
"phase09-baselines-frozen","production_hybrid_nb","feature_rich","frozen","over_2_5","over_2_5_log_loss","tournament","within_tournament","euro2008",0.662418034398725,1,31,31,31,1
"phase09-baselines-frozen","production_hybrid_nb","feature_rich","frozen","over_2_5","over_2_5_log_loss","tournament","within_tournament","euro2012",0.684442195064307,1,28,28,28,1
"phase09-baselines-frozen","production_hybrid_nb","feature_rich","frozen","over_2_5","over_2_5_log_loss","tournament","within_tournament","euro2016",0.659987163405337,1,43,43,43,1
"phase09-baselines-frozen","production_hybrid_nb","feature_rich","frozen","over_2_5","over_2_5_log_loss","tournament","within_tournament","euro2020",0.681560245750355,1,48,48,48,1
"phase09-baselines-frozen","production_hybrid_nb","feature_rich","frozen","over_2_5","over_2_5_log_loss","tournament","within_tournament","euro2024",0.672091445867698,1,51,51,51,1
"phase09-baselines-frozen","production_hybrid_nb","feature_rich","frozen","over_2_5","over_2_5_log_loss","tournament","within_tournament","wc2002",0.667650986959164,1,60,60,60,1
"phase09-baselines-frozen","production_hybrid_nb","feature_rich","frozen","over_2_5","over_2_5_log_loss","tournament","within_tournament","wc2006",0.68325795928478,1,64,64,64,1
"phase09-baselines-frozen","production_hybrid_nb","feature_rich","frozen","over_2_5","over_2_5_log_loss","tournament","within_tournament","wc2010",0.677906118485167,1,61,61,61,1
"phase09-baselines-frozen","production_hybrid_nb","feature_rich","frozen","over_2_5","over_2_5_log_loss","tournament","within_tournament","wc2014",0.707917704747222,1,64,64,64,1
"phase09-baselines-frozen","production_hybrid_nb","feature_rich","frozen","over_2_5","over_2_5_log_loss","tournament","within_tournament","wc2018",0.69455842334332,1,64,64,64,1
"phase09-baselines-frozen","production_hybrid_nb","feature_rich","frozen","over_2_5","over_2_5_log_loss","tournament","within_tournament","wc2022",0.693063749412991,1,64,64,64,1
"phase09-baselines-frozen","production_hybrid_nb","feature_rich","frozen","regulation_1x2","rps","headline","equal_tournament","headline",0.218412150390249,12,609,609,609,1
"phase09-baselines-frozen","production_hybrid_nb","feature_rich","frozen","regulation_1x2","rps","headline","fixture_weighted","headline",0.217180248807272,12,609,609,609,1
"phase09-baselines-frozen","production_hybrid_nb","feature_rich","frozen","regulation_1x2","rps","tournament","within_tournament","euro2004",0.201390384066637,1,31,31,31,1
"phase09-baselines-frozen","production_hybrid_nb","feature_rich","frozen","regulation_1x2","rps","tournament","within_tournament","euro2008",0.228028515914912,1,31,31,31,1
"phase09-baselines-frozen","production_hybrid_nb","feature_rich","frozen","regulation_1x2","rps","tournament","within_tournament","euro2012",0.253610006851323,1,28,28,28,1
"phase09-baselines-frozen","production_hybrid_nb","feature_rich","frozen","regulation_1x2","rps","tournament","within_tournament","euro2016",0.214818839474437,1,43,43,43,1
"phase09-baselines-frozen","production_hybrid_nb","feature_rich","frozen","regulation_1x2","rps","tournament","within_tournament","euro2020",0.217175879889846,1,48,48,48,1
"phase09-baselines-frozen","production_hybrid_nb","feature_rich","frozen","regulation_1x2","rps","tournament","within_tournament","euro2024",0.204097904839805,1,51,51,51,1
"phase09-baselines-frozen","production_hybrid_nb","feature_rich","frozen","regulation_1x2","rps","tournament","within_tournament","wc2002",0.210637313011104,1,60,60,60,1
"phase09-baselines-frozen","production_hybrid_nb","feature_rich","frozen","regulation_1x2","rps","tournament","within_tournament","wc2006",0.188463269228388,1,64,64,64,1
"phase09-baselines-frozen","production_hybrid_nb","feature_rich","frozen","regulation_1x2","rps","tournament","within_tournament","wc2010",0.231714769293689,1,61,61,61,1
"phase09-baselines-frozen","production_hybrid_nb","feature_rich","frozen","regulation_1x2","rps","tournament","within_tournament","wc2014",0.22086092111402,1,64,64,64,1
"phase09-baselines-frozen","production_hybrid_nb","feature_rich","frozen","regulation_1x2","rps","tournament","within_tournament","wc2018",0.22724105810526,1,64,64,64,1
"phase09-baselines-frozen","production_hybrid_nb","feature_rich","frozen","regulation_1x2","rps","tournament","within_tournament","wc2022",0.222906942893562,1,64,64,64,1
"phase09-baselines-frozen","production_hybrid_nb","feature_rich","frozen","under_2_5","under_2_5_brier","headline","equal_tournament","headline",0.244028583278785,12,609,609,609,1
"phase09-baselines-frozen","production_hybrid_nb","feature_rich","frozen","under_2_5","under_2_5_brier","headline","fixture_weighted","headline",0.244727847715929,12,609,609,609,1
"phase09-baselines-frozen","production_hybrid_nb","feature_rich","frozen","under_2_5","under_2_5_brier","tournament","within_tournament","euro2004",0.247925762950301,1,31,31,31,1
"phase09-baselines-frozen","production_hybrid_nb","feature_rich","frozen","under_2_5","under_2_5_brier","tournament","within_tournament","euro2008",0.234757940675009,1,31,31,31,1
"phase09-baselines-frozen","production_hybrid_nb","feature_rich","frozen","under_2_5","under_2_5_brier","tournament","within_tournament","euro2012",0.245614873715248,1,28,28,28,1
"phase09-baselines-frozen","production_hybrid_nb","feature_rich","frozen","under_2_5","under_2_5_brier","tournament","within_tournament","euro2016",0.233539782680415,1,43,43,43,1
"phase09-baselines-frozen","production_hybrid_nb","feature_rich","frozen","under_2_5","under_2_5_brier","tournament","within_tournament","euro2020",0.244290092270976,1,48,48,48,1
"phase09-baselines-frozen","production_hybrid_nb","feature_rich","frozen","under_2_5","under_2_5_brier","tournament","within_tournament","euro2024",0.239550762801718,1,51,51,51,1
"phase09-baselines-frozen","production_hybrid_nb","feature_rich","frozen","under_2_5","under_2_5_brier","tournament","within_tournament","wc2002",0.237395322471737,1,60,60,60,1
"phase09-baselines-frozen","production_hybrid_nb","feature_rich","frozen","under_2_5","under_2_5_brier","tournament","within_tournament","wc2006",0.245041848178063,1,64,64,64,1
"phase09-baselines-frozen","production_hybrid_nb","feature_rich","frozen","under_2_5","under_2_5_brier","tournament","within_tournament","wc2010",0.242425635596244,1,61,61,61,1
"phase09-baselines-frozen","production_hybrid_nb","feature_rich","frozen","under_2_5","under_2_5_brier","tournament","within_tournament","wc2014",0.257323510292528,1,64,64,64,1
"phase09-baselines-frozen","production_hybrid_nb","feature_rich","frozen","under_2_5","under_2_5_brier","tournament","within_tournament","wc2018",0.250621349830403,1,64,64,64,1
"phase09-baselines-frozen","production_hybrid_nb","feature_rich","frozen","under_2_5","under_2_5_brier","tournament","within_tournament","wc2022",0.249856117882786,1,64,64,64,1
"phase09-baselines-frozen","production_hybrid_nb","feature_rich","frozen","under_2_5","under_2_5_log_loss","headline","equal_tournament","headline",0.681148037628374,12,609,609,609,1
"phase09-baselines-frozen","production_hybrid_nb","feature_rich","frozen","under_2_5","under_2_5_log_loss","headline","fixture_weighted","headline",0.682563765613992,12,609,609,609,1
"phase09-baselines-frozen","production_hybrid_nb","feature_rich","frozen","under_2_5","under_2_5_log_loss","tournament","within_tournament","euro2004",0.688922424821422,1,31,31,31,1
"phase09-baselines-frozen","production_hybrid_nb","feature_rich","frozen","under_2_5","under_2_5_log_loss","tournament","within_tournament","euro2008",0.662418034398725,1,31,31,31,1
"phase09-baselines-frozen","production_hybrid_nb","feature_rich","frozen","under_2_5","under_2_5_log_loss","tournament","within_tournament","euro2012",0.684442195064307,1,28,28,28,1
"phase09-baselines-frozen","production_hybrid_nb","feature_rich","frozen","under_2_5","under_2_5_log_loss","tournament","within_tournament","euro2016",0.659987163405337,1,43,43,43,1
"phase09-baselines-frozen","production_hybrid_nb","feature_rich","frozen","under_2_5","under_2_5_log_loss","tournament","within_tournament","euro2020",0.681560245750355,1,48,48,48,1
"phase09-baselines-frozen","production_hybrid_nb","feature_rich","frozen","under_2_5","under_2_5_log_loss","tournament","within_tournament","euro2024",0.672091445867698,1,51,51,51,1
"phase09-baselines-frozen","production_hybrid_nb","feature_rich","frozen","under_2_5","under_2_5_log_loss","tournament","within_tournament","wc2002",0.667650986959164,1,60,60,60,1
"phase09-baselines-frozen","production_hybrid_nb","feature_rich","frozen","under_2_5","under_2_5_log_loss","tournament","within_tournament","wc2006",0.68325795928478,1,64,64,64,1
"phase09-baselines-frozen","production_hybrid_nb","feature_rich","frozen","under_2_5","under_2_5_log_loss","tournament","within_tournament","wc2010",0.677906118485167,1,61,61,61,1
"phase09-baselines-frozen","production_hybrid_nb","feature_rich","frozen","under_2_5","under_2_5_log_loss","tournament","within_tournament","wc2014",0.707917704747222,1,64,64,64,1
"phase09-baselines-frozen","production_hybrid_nb","feature_rich","frozen","under_2_5","under_2_5_log_loss","tournament","within_tournament","wc2018",0.69455842334332,1,64,64,64,1
"phase09-baselines-frozen","production_hybrid_nb","feature_rich","frozen","under_2_5","under_2_5_log_loss","tournament","within_tournament","wc2022",0.693063749412991,1,64,64,64,1
"phase09-baselines-frozen","production_hybrid_nb","feature_rich","frozen","regulation_1x2","winner_pick_accuracy","headline","equal_tournament","headline",0.422364767157257,12,609,609,609,1
"phase09-baselines-frozen","production_hybrid_nb","feature_rich","frozen","regulation_1x2","winner_pick_accuracy","headline","fixture_weighted","headline",0.431855500821018,12,609,609,609,1
"phase09-baselines-frozen","production_hybrid_nb","feature_rich","frozen","regulation_1x2","winner_pick_accuracy","tournament","within_tournament","euro2004",0.419354838709677,1,31,31,31,1
"phase09-baselines-frozen","production_hybrid_nb","feature_rich","frozen","regulation_1x2","winner_pick_accuracy","tournament","within_tournament","euro2008",0.419354838709677,1,31,31,31,1
"phase09-baselines-frozen","production_hybrid_nb","feature_rich","frozen","regulation_1x2","winner_pick_accuracy","tournament","within_tournament","euro2012",0.321428571428571,1,28,28,28,1
"phase09-baselines-frozen","production_hybrid_nb","feature_rich","frozen","regulation_1x2","winner_pick_accuracy","tournament","within_tournament","euro2016",0.372093023255814,1,43,43,43,1
"phase09-baselines-frozen","production_hybrid_nb","feature_rich","frozen","regulation_1x2","winner_pick_accuracy","tournament","within_tournament","euro2020",0.395833333333333,1,48,48,48,1
"phase09-baselines-frozen","production_hybrid_nb","feature_rich","frozen","regulation_1x2","winner_pick_accuracy","tournament","within_tournament","euro2024",0.392156862745098,1,51,51,51,1
"phase09-baselines-frozen","production_hybrid_nb","feature_rich","frozen","regulation_1x2","winner_pick_accuracy","tournament","within_tournament","wc2002",0.45,1,60,60,60,1
"phase09-baselines-frozen","production_hybrid_nb","feature_rich","frozen","regulation_1x2","winner_pick_accuracy","tournament","within_tournament","wc2006",0.625,1,64,64,64,1
"phase09-baselines-frozen","production_hybrid_nb","feature_rich","frozen","regulation_1x2","winner_pick_accuracy","tournament","within_tournament","wc2010",0.360655737704918,1,61,61,61,1
"phase09-baselines-frozen","production_hybrid_nb","feature_rich","frozen","regulation_1x2","winner_pick_accuracy","tournament","within_tournament","wc2014",0.4375,1,64,64,64,1
"phase09-baselines-frozen","production_hybrid_nb","feature_rich","frozen","regulation_1x2","winner_pick_accuracy","tournament","within_tournament","wc2018",0.40625,1,64,64,64,1
"phase09-baselines-frozen","production_hybrid_nb","feature_rich","frozen","regulation_1x2","winner_pick_accuracy","tournament","within_tournament","wc2022",0.46875,1,64,64,64,1
"phase09-baselines-frozen","production_hybrid_nb","feature_rich","updating","away_goals","away_goal_rps","headline","equal_tournament","headline",0.529591848408608,12,609,609,609,1
"phase09-baselines-frozen","production_hybrid_nb","feature_rich","updating","away_goals","away_goal_rps","headline","fixture_weighted","headline",0.535446471073091,12,609,609,609,1
"phase09-baselines-frozen","production_hybrid_nb","feature_rich","updating","away_goals","away_goal_rps","tournament","within_tournament","euro2004",0.541211803863378,1,31,31,31,1
"phase09-baselines-frozen","production_hybrid_nb","feature_rich","updating","away_goals","away_goal_rps","tournament","within_tournament","euro2008",0.504793226635076,1,31,31,31,1
"phase09-baselines-frozen","production_hybrid_nb","feature_rich","updating","away_goals","away_goal_rps","tournament","within_tournament","euro2012",0.480238806811806,1,28,28,28,1
"phase09-baselines-frozen","production_hybrid_nb","feature_rich","updating","away_goals","away_goal_rps","tournament","within_tournament","euro2016",0.476576542309295,1,43,43,43,1
"phase09-baselines-frozen","production_hybrid_nb","feature_rich","updating","away_goals","away_goal_rps","tournament","within_tournament","euro2020",0.55461576482127,1,48,48,48,1
"phase09-baselines-frozen","production_hybrid_nb","feature_rich","updating","away_goals","away_goal_rps","tournament","within_tournament","euro2024",0.496469290111464,1,51,51,51,1
"phase09-baselines-frozen","production_hybrid_nb","feature_rich","updating","away_goals","away_goal_rps","tournament","within_tournament","wc2002",0.53283454400445,1,60,60,60,1
"phase09-baselines-frozen","production_hybrid_nb","feature_rich","updating","away_goals","away_goal_rps","tournament","within_tournament","wc2006",0.483676905025504,1,64,64,64,1
"phase09-baselines-frozen","production_hybrid_nb","feature_rich","updating","away_goals","away_goal_rps","tournament","within_tournament","wc2010",0.455159023174162,1,61,61,61,1
"phase09-baselines-frozen","production_hybrid_nb","feature_rich","updating","away_goals","away_goal_rps","tournament","within_tournament","wc2014",0.752122754247674,1,64,64,64,1
"phase09-baselines-frozen","production_hybrid_nb","feature_rich","updating","away_goals","away_goal_rps","tournament","within_tournament","wc2018",0.5213391180914,1,64,64,64,1
"phase09-baselines-frozen","production_hybrid_nb","feature_rich","updating","away_goals","away_goal_rps","tournament","within_tournament","wc2022",0.556064401807818,1,64,64,64,1
"phase09-baselines-frozen","production_hybrid_nb","feature_rich","updating","regulation_1x2","brier","headline","equal_tournament","headline",0.613268778310923,12,609,609,609,1
"phase09-baselines-frozen","production_hybrid_nb","feature_rich","updating","regulation_1x2","brier","headline","fixture_weighted","headline",0.608570070262735,12,609,609,609,1
"phase09-baselines-frozen","production_hybrid_nb","feature_rich","updating","regulation_1x2","brier","tournament","within_tournament","euro2004",0.619438454609988,1,31,31,31,1
"phase09-baselines-frozen","production_hybrid_nb","feature_rich","updating","regulation_1x2","brier","tournament","within_tournament","euro2008",0.590798178942832,1,31,31,31,1
"phase09-baselines-frozen","production_hybrid_nb","feature_rich","updating","regulation_1x2","brier","tournament","within_tournament","euro2012",0.656591292380327,1,28,28,28,1
"phase09-baselines-frozen","production_hybrid_nb","feature_rich","updating","regulation_1x2","brier","tournament","within_tournament","euro2016",0.670031921528768,1,43,43,43,1
"phase09-baselines-frozen","production_hybrid_nb","feature_rich","updating","regulation_1x2","brier","tournament","within_tournament","euro2020",0.629319610980672,1,48,48,48,1
"phase09-baselines-frozen","production_hybrid_nb","feature_rich","updating","regulation_1x2","brier","tournament","within_tournament","euro2024",0.645482080896423,1,51,51,51,1
"phase09-baselines-frozen","production_hybrid_nb","feature_rich","updating","regulation_1x2","brier","tournament","within_tournament","wc2002",0.595955455689339,1,60,60,60,1
"phase09-baselines-frozen","production_hybrid_nb","feature_rich","updating","regulation_1x2","brier","tournament","within_tournament","wc2006",0.515979494904757,1,64,64,64,1
"phase09-baselines-frozen","production_hybrid_nb","feature_rich","updating","regulation_1x2","brier","tournament","within_tournament","wc2010",0.627093505880689,1,61,61,61,1
"phase09-baselines-frozen","production_hybrid_nb","feature_rich","updating","regulation_1x2","brier","tournament","within_tournament","wc2014",0.626889433335311,1,64,64,64,1
"phase09-baselines-frozen","production_hybrid_nb","feature_rich","updating","regulation_1x2","brier","tournament","within_tournament","wc2018",0.582937642675221,1,64,64,64,1
"phase09-baselines-frozen","production_hybrid_nb","feature_rich","updating","regulation_1x2","brier","tournament","within_tournament","wc2022",0.598708267906743,1,64,64,64,1
"phase09-baselines-frozen","production_hybrid_nb","feature_rich","updating","btts","btts_brier","headline","equal_tournament","headline",0.250102413709295,12,609,609,609,1
"phase09-baselines-frozen","production_hybrid_nb","feature_rich","updating","btts","btts_brier","headline","fixture_weighted","headline",0.249857118181956,12,609,609,609,1
"phase09-baselines-frozen","production_hybrid_nb","feature_rich","updating","btts","btts_brier","tournament","within_tournament","euro2004",0.257186649845323,1,31,31,31,1
"phase09-baselines-frozen","production_hybrid_nb","feature_rich","updating","btts","btts_brier","tournament","within_tournament","euro2008",0.246090186399003,1,31,31,31,1
"phase09-baselines-frozen","production_hybrid_nb","feature_rich","updating","btts","btts_brier","tournament","within_tournament","euro2012",0.256356235761193,1,28,28,28,1
"phase09-baselines-frozen","production_hybrid_nb","feature_rich","updating","btts","btts_brier","tournament","within_tournament","euro2016",0.244428813069965,1,43,43,43,1
"phase09-baselines-frozen","production_hybrid_nb","feature_rich","updating","btts","btts_brier","tournament","within_tournament","euro2020",0.237584973659453,1,48,48,48,1
"phase09-baselines-frozen","production_hybrid_nb","feature_rich","updating","btts","btts_brier","tournament","within_tournament","euro2024",0.262984835049867,1,51,51,51,1
"phase09-baselines-frozen","production_hybrid_nb","feature_rich","updating","btts","btts_brier","tournament","within_tournament","wc2002",0.245410645172795,1,60,60,60,1
"phase09-baselines-frozen","production_hybrid_nb","feature_rich","updating","btts","btts_brier","tournament","within_tournament","wc2006",0.238200613427574,1,64,64,64,1
"phase09-baselines-frozen","production_hybrid_nb","feature_rich","updating","btts","btts_brier","tournament","within_tournament","wc2010",0.247966194367112,1,61,61,61,1
"phase09-baselines-frozen","production_hybrid_nb","feature_rich","updating","btts","btts_brier","tournament","within_tournament","wc2014",0.256818436271165,1,64,64,64,1
"phase09-baselines-frozen","production_hybrid_nb","feature_rich","updating","btts","btts_brier","tournament","within_tournament","wc2018",0.256392131208685,1,64,64,64,1
"phase09-baselines-frozen","production_hybrid_nb","feature_rich","updating","btts","btts_brier","tournament","within_tournament","wc2022",0.2518092502794,1,64,64,64,1
"phase09-baselines-frozen","production_hybrid_nb","feature_rich","updating","btts","btts_log_loss","headline","equal_tournament","headline",0.693372654949834,12,609,609,609,1
"phase09-baselines-frozen","production_hybrid_nb","feature_rich","updating","btts","btts_log_loss","headline","fixture_weighted","headline",0.692889306532539,12,609,609,609,1
"phase09-baselines-frozen","production_hybrid_nb","feature_rich","updating","btts","btts_log_loss","tournament","within_tournament","euro2004",0.707673721411516,1,31,31,31,1
"phase09-baselines-frozen","production_hybrid_nb","feature_rich","updating","btts","btts_log_loss","tournament","within_tournament","euro2008",0.6853520208941,1,31,31,31,1
"phase09-baselines-frozen","production_hybrid_nb","feature_rich","updating","btts","btts_log_loss","tournament","within_tournament","euro2012",0.705917118371481,1,28,28,28,1
"phase09-baselines-frozen","production_hybrid_nb","feature_rich","updating","btts","btts_log_loss","tournament","within_tournament","euro2016",0.682061013129585,1,43,43,43,1
"phase09-baselines-frozen","production_hybrid_nb","feature_rich","updating","btts","btts_log_loss","tournament","within_tournament","euro2020",0.667491850117292,1,48,48,48,1
"phase09-baselines-frozen","production_hybrid_nb","feature_rich","updating","btts","btts_log_loss","tournament","within_tournament","euro2024",0.719400704498425,1,51,51,51,1
"phase09-baselines-frozen","production_hybrid_nb","feature_rich","updating","btts","btts_log_loss","tournament","within_tournament","wc2002",0.683722479741126,1,60,60,60,1
"phase09-baselines-frozen","production_hybrid_nb","feature_rich","updating","btts","btts_log_loss","tournament","within_tournament","wc2006",0.669416959095161,1,64,64,64,1
"phase09-baselines-frozen","production_hybrid_nb","feature_rich","updating","btts","btts_log_loss","tournament","within_tournament","wc2010",0.689165203551738,1,61,61,61,1
"phase09-baselines-frozen","production_hybrid_nb","feature_rich","updating","btts","btts_log_loss","tournament","within_tournament","wc2014",0.707068663440958,1,64,64,64,1
"phase09-baselines-frozen","production_hybrid_nb","feature_rich","updating","btts","btts_log_loss","tournament","within_tournament","wc2018",0.706208274753262,1,64,64,64,1
"phase09-baselines-frozen","production_hybrid_nb","feature_rich","updating","btts","btts_log_loss","tournament","within_tournament","wc2022",0.696993850393358,1,64,64,64,1
"phase09-baselines-frozen","production_hybrid_nb","feature_rich","updating","regulation_1x2","calibration_error","headline","fixed_equal_tournament_bins","headline",0.0629568504248353,12,609,609,609,1
"phase09-baselines-frozen","production_hybrid_nb","feature_rich","updating","regulation_scoreline","exact_score_hit","headline","equal_tournament","headline",0.123154402910693,12,609,609,609,1
"phase09-baselines-frozen","production_hybrid_nb","feature_rich","updating","regulation_scoreline","exact_score_hit","headline","fixture_weighted","headline",0.126436781609195,12,609,609,609,1
"phase09-baselines-frozen","production_hybrid_nb","feature_rich","updating","regulation_scoreline","exact_score_hit","tournament","within_tournament","euro2004",0.032258064516129,1,31,31,31,1
"phase09-baselines-frozen","production_hybrid_nb","feature_rich","updating","regulation_scoreline","exact_score_hit","tournament","within_tournament","euro2008",0.129032258064516,1,31,31,31,1
"phase09-baselines-frozen","production_hybrid_nb","feature_rich","updating","regulation_scoreline","exact_score_hit","tournament","within_tournament","euro2012",0.178571428571429,1,28,28,28,1
"phase09-baselines-frozen","production_hybrid_nb","feature_rich","updating","regulation_scoreline","exact_score_hit","tournament","within_tournament","euro2016",0.0697674418604651,1,43,43,43,1
"phase09-baselines-frozen","production_hybrid_nb","feature_rich","updating","regulation_scoreline","exact_score_hit","tournament","within_tournament","euro2020",0.125,1,48,48,48,1
"phase09-baselines-frozen","production_hybrid_nb","feature_rich","updating","regulation_scoreline","exact_score_hit","tournament","within_tournament","euro2024",0.0980392156862745,1,51,51,51,1
"phase09-baselines-frozen","production_hybrid_nb","feature_rich","updating","regulation_scoreline","exact_score_hit","tournament","within_tournament","wc2002",0.15,1,60,60,60,1
"phase09-baselines-frozen","production_hybrid_nb","feature_rich","updating","regulation_scoreline","exact_score_hit","tournament","within_tournament","wc2006",0.1875,1,64,64,64,1
"phase09-baselines-frozen","production_hybrid_nb","feature_rich","updating","regulation_scoreline","exact_score_hit","tournament","within_tournament","wc2010",0.163934426229508,1,61,61,61,1
"phase09-baselines-frozen","production_hybrid_nb","feature_rich","updating","regulation_scoreline","exact_score_hit","tournament","within_tournament","wc2014",0.140625,1,64,64,64,1
"phase09-baselines-frozen","production_hybrid_nb","feature_rich","updating","regulation_scoreline","exact_score_hit","tournament","within_tournament","wc2018",0.15625,1,64,64,64,1
"phase09-baselines-frozen","production_hybrid_nb","feature_rich","updating","regulation_scoreline","exact_score_hit","tournament","within_tournament","wc2022",0.046875,1,64,64,64,1
"phase09-baselines-frozen","production_hybrid_nb","feature_rich","updating","home_goals","home_goal_rps","headline","equal_tournament","headline",0.620843631189064,12,609,609,609,1
"phase09-baselines-frozen","production_hybrid_nb","feature_rich","updating","home_goals","home_goal_rps","headline","fixture_weighted","headline",0.624318236493131,12,609,609,609,1
"phase09-baselines-frozen","production_hybrid_nb","feature_rich","updating","home_goals","home_goal_rps","tournament","within_tournament","euro2004",0.577331779818977,1,31,31,31,1
"phase09-baselines-frozen","production_hybrid_nb","feature_rich","updating","home_goals","home_goal_rps","tournament","within_tournament","euro2008",0.643140184752082,1,31,31,31,1
"phase09-baselines-frozen","production_hybrid_nb","feature_rich","updating","home_goals","home_goal_rps","tournament","within_tournament","euro2012",0.590208295305922,1,28,28,28,1
"phase09-baselines-frozen","production_hybrid_nb","feature_rich","updating","home_goals","home_goal_rps","tournament","within_tournament","euro2016",0.641635287744501,1,43,43,43,1
"phase09-baselines-frozen","production_hybrid_nb","feature_rich","updating","home_goals","home_goal_rps","tournament","within_tournament","euro2020",0.647921051975027,1,48,48,48,1
"phase09-baselines-frozen","production_hybrid_nb","feature_rich","updating","home_goals","home_goal_rps","tournament","within_tournament","euro2024",0.519843203161772,1,51,51,51,1
"phase09-baselines-frozen","production_hybrid_nb","feature_rich","updating","home_goals","home_goal_rps","tournament","within_tournament","wc2002",0.641025160420015,1,60,60,60,1
"phase09-baselines-frozen","production_hybrid_nb","feature_rich","updating","home_goals","home_goal_rps","tournament","within_tournament","wc2006",0.626919228516138,1,64,64,64,1
"phase09-baselines-frozen","production_hybrid_nb","feature_rich","updating","home_goals","home_goal_rps","tournament","within_tournament","wc2010",0.637296370002741,1,61,61,61,1
"phase09-baselines-frozen","production_hybrid_nb","feature_rich","updating","home_goals","home_goal_rps","tournament","within_tournament","wc2014",0.576690416185095,1,64,64,64,1
"phase09-baselines-frozen","production_hybrid_nb","feature_rich","updating","home_goals","home_goal_rps","tournament","within_tournament","wc2018",0.616414372439233,1,64,64,64,1
"phase09-baselines-frozen","production_hybrid_nb","feature_rich","updating","home_goals","home_goal_rps","tournament","within_tournament","wc2022",0.731698223947261,1,64,64,64,1
"phase09-baselines-frozen","production_hybrid_nb","feature_rich","updating","regulation_scoreline","joint_scoreline_log_loss","headline","equal_tournament","headline",2.78533980059619,12,609,609,609,1
"phase09-baselines-frozen","production_hybrid_nb","feature_rich","updating","regulation_scoreline","joint_scoreline_log_loss","headline","fixture_weighted","headline",2.79474897149722,12,609,609,609,1
"phase09-baselines-frozen","production_hybrid_nb","feature_rich","updating","regulation_scoreline","joint_scoreline_log_loss","tournament","within_tournament","euro2004",2.77015449285318,1,31,31,31,1
"phase09-baselines-frozen","production_hybrid_nb","feature_rich","updating","regulation_scoreline","joint_scoreline_log_loss","tournament","within_tournament","euro2008",2.77974642355236,1,31,31,31,1
"phase09-baselines-frozen","production_hybrid_nb","feature_rich","updating","regulation_scoreline","joint_scoreline_log_loss","tournament","within_tournament","euro2012",2.71547242596165,1,28,28,28,1
"phase09-baselines-frozen","production_hybrid_nb","feature_rich","updating","regulation_scoreline","joint_scoreline_log_loss","tournament","within_tournament","euro2016",2.71574433248404,1,43,43,43,1
"phase09-baselines-frozen","production_hybrid_nb","feature_rich","updating","regulation_scoreline","joint_scoreline_log_loss","tournament","within_tournament","euro2020",2.85109837833369,1,48,48,48,1
"phase09-baselines-frozen","production_hybrid_nb","feature_rich","updating","regulation_scoreline","joint_scoreline_log_loss","tournament","within_tournament","euro2024",2.63630984393228,1,51,51,51,1
"phase09-baselines-frozen","production_hybrid_nb","feature_rich","updating","regulation_scoreline","joint_scoreline_log_loss","tournament","within_tournament","wc2002",2.81447748728111,1,60,60,60,1
"phase09-baselines-frozen","production_hybrid_nb","feature_rich","updating","regulation_scoreline","joint_scoreline_log_loss","tournament","within_tournament","wc2006",2.67466475759343,1,64,64,64,1
"phase09-baselines-frozen","production_hybrid_nb","feature_rich","updating","regulation_scoreline","joint_scoreline_log_loss","tournament","within_tournament","wc2010",2.68565422810755,1,61,61,61,1
"phase09-baselines-frozen","production_hybrid_nb","feature_rich","updating","regulation_scoreline","joint_scoreline_log_loss","tournament","within_tournament","wc2014",3.02508982113372,1,64,64,64,1
"phase09-baselines-frozen","production_hybrid_nb","feature_rich","updating","regulation_scoreline","joint_scoreline_log_loss","tournament","within_tournament","wc2018",2.82063150879163,1,64,64,64,1
"phase09-baselines-frozen","production_hybrid_nb","feature_rich","updating","regulation_scoreline","joint_scoreline_log_loss","tournament","within_tournament","wc2022",2.93503390712971,1,64,64,64,1
"phase09-baselines-frozen","production_hybrid_nb","feature_rich","updating","regulation_1x2","log_loss","headline","equal_tournament","headline",1.02320379336105,12,609,609,609,1
"phase09-baselines-frozen","production_hybrid_nb","feature_rich","updating","regulation_1x2","log_loss","headline","fixture_weighted","headline",1.01673096458987,12,609,609,609,1
"phase09-baselines-frozen","production_hybrid_nb","feature_rich","updating","regulation_1x2","log_loss","tournament","within_tournament","euro2004",1.03757402178709,1,31,31,31,1
"phase09-baselines-frozen","production_hybrid_nb","feature_rich","updating","regulation_1x2","log_loss","tournament","within_tournament","euro2008",0.988759804476013,1,31,31,31,1
"phase09-baselines-frozen","production_hybrid_nb","feature_rich","updating","regulation_1x2","log_loss","tournament","within_tournament","euro2012",1.08438715915561,1,28,28,28,1
"phase09-baselines-frozen","production_hybrid_nb","feature_rich","updating","regulation_1x2","log_loss","tournament","within_tournament","euro2016",1.10137596226736,1,43,43,43,1
"phase09-baselines-frozen","production_hybrid_nb","feature_rich","updating","regulation_1x2","log_loss","tournament","within_tournament","euro2020",1.03826972542374,1,48,48,48,1
"phase09-baselines-frozen","production_hybrid_nb","feature_rich","updating","regulation_1x2","log_loss","tournament","within_tournament","euro2024",1.06457546553651,1,51,51,51,1
"phase09-baselines-frozen","production_hybrid_nb","feature_rich","updating","regulation_1x2","log_loss","tournament","within_tournament","wc2002",1.00285923633081,1,60,60,60,1
"phase09-baselines-frozen","production_hybrid_nb","feature_rich","updating","regulation_1x2","log_loss","tournament","within_tournament","wc2006",0.883658025504982,1,64,64,64,1
"phase09-baselines-frozen","production_hybrid_nb","feature_rich","updating","regulation_1x2","log_loss","tournament","within_tournament","wc2010",1.04409101935804,1,61,61,61,1
"phase09-baselines-frozen","production_hybrid_nb","feature_rich","updating","regulation_1x2","log_loss","tournament","within_tournament","wc2014",1.04139166233095,1,64,64,64,1
"phase09-baselines-frozen","production_hybrid_nb","feature_rich","updating","regulation_1x2","log_loss","tournament","within_tournament","wc2018",0.97784486246968,1,64,64,64,1
"phase09-baselines-frozen","production_hybrid_nb","feature_rich","updating","regulation_1x2","log_loss","tournament","within_tournament","wc2022",1.01365857569177,1,64,64,64,1
"phase09-baselines-frozen","production_hybrid_nb","feature_rich","updating","over_2_5","over_2_5_brier","headline","equal_tournament","headline",0.245879016560914,12,609,609,609,1
"phase09-baselines-frozen","production_hybrid_nb","feature_rich","updating","over_2_5","over_2_5_brier","headline","fixture_weighted","headline",0.246905449215314,12,609,609,609,1
"phase09-baselines-frozen","production_hybrid_nb","feature_rich","updating","over_2_5","over_2_5_brier","tournament","within_tournament","euro2004",0.24302284158385,1,31,31,31,1
"phase09-baselines-frozen","production_hybrid_nb","feature_rich","updating","over_2_5","over_2_5_brier","tournament","within_tournament","euro2008",0.239310504324,1,31,31,31,1
"phase09-baselines-frozen","production_hybrid_nb","feature_rich","updating","over_2_5","over_2_5_brier","tournament","within_tournament","euro2012",0.244969320318102,1,28,28,28,1
"phase09-baselines-frozen","production_hybrid_nb","feature_rich","updating","over_2_5","over_2_5_brier","tournament","within_tournament","euro2016",0.231221518806461,1,43,43,43,1
"phase09-baselines-frozen","production_hybrid_nb","feature_rich","updating","over_2_5","over_2_5_brier","tournament","within_tournament","euro2020",0.251083487016061,1,48,48,48,1
"phase09-baselines-frozen","production_hybrid_nb","feature_rich","updating","over_2_5","over_2_5_brier","tournament","within_tournament","euro2024",0.243767999559148,1,51,51,51,1
"phase09-baselines-frozen","production_hybrid_nb","feature_rich","updating","over_2_5","over_2_5_brier","tournament","within_tournament","wc2002",0.239732865745158,1,60,60,60,1
"phase09-baselines-frozen","production_hybrid_nb","feature_rich","updating","over_2_5","over_2_5_brier","tournament","within_tournament","wc2006",0.255150730385006,1,64,64,64,1
"phase09-baselines-frozen","production_hybrid_nb","feature_rich","updating","over_2_5","over_2_5_brier","tournament","within_tournament","wc2010",0.244289018601069,1,61,61,61,1
"phase09-baselines-frozen","production_hybrid_nb","feature_rich","updating","over_2_5","over_2_5_brier","tournament","within_tournament","wc2014",0.25823574480041,1,64,64,64,1
"phase09-baselines-frozen","production_hybrid_nb","feature_rich","updating","over_2_5","over_2_5_brier","tournament","within_tournament","wc2018",0.2509954798592,1,64,64,64,1
"phase09-baselines-frozen","production_hybrid_nb","feature_rich","updating","over_2_5","over_2_5_brier","tournament","within_tournament","wc2022",0.248768687732508,1,64,64,64,1
"phase09-baselines-frozen","production_hybrid_nb","feature_rich","updating","over_2_5","over_2_5_log_loss","headline","equal_tournament","headline",0.684972080739082,12,609,609,609,1
"phase09-baselines-frozen","production_hybrid_nb","feature_rich","updating","over_2_5","over_2_5_log_loss","headline","fixture_weighted","headline",0.687060008761325,12,609,609,609,1
"phase09-baselines-frozen","production_hybrid_nb","feature_rich","updating","over_2_5","over_2_5_log_loss","tournament","within_tournament","euro2004",0.679065836485434,1,31,31,31,1
"phase09-baselines-frozen","production_hybrid_nb","feature_rich","updating","over_2_5","over_2_5_log_loss","tournament","within_tournament","euro2008",0.671630066242477,1,31,31,31,1
"phase09-baselines-frozen","production_hybrid_nb","feature_rich","updating","over_2_5","over_2_5_log_loss","tournament","within_tournament","euro2012",0.68315061364346,1,28,28,28,1
"phase09-baselines-frozen","production_hybrid_nb","feature_rich","updating","over_2_5","over_2_5_log_loss","tournament","within_tournament","euro2016",0.655382879155872,1,43,43,43,1
"phase09-baselines-frozen","production_hybrid_nb","feature_rich","updating","over_2_5","over_2_5_log_loss","tournament","within_tournament","euro2020",0.695355025064055,1,48,48,48,1
"phase09-baselines-frozen","production_hybrid_nb","feature_rich","updating","over_2_5","over_2_5_log_loss","tournament","within_tournament","euro2024",0.680610333721582,1,51,51,51,1
"phase09-baselines-frozen","production_hybrid_nb","feature_rich","updating","over_2_5","over_2_5_log_loss","tournament","within_tournament","wc2002",0.672757517351039,1,60,60,60,1
"phase09-baselines-frozen","production_hybrid_nb","feature_rich","updating","over_2_5","over_2_5_log_loss","tournament","within_tournament","wc2006",0.704279902305494,1,64,64,64,1
"phase09-baselines-frozen","production_hybrid_nb","feature_rich","updating","over_2_5","over_2_5_log_loss","tournament","within_tournament","wc2010",0.681646839899735,1,61,61,61,1
"phase09-baselines-frozen","production_hybrid_nb","feature_rich","updating","over_2_5","over_2_5_log_loss","tournament","within_tournament","wc2014",0.709810881765992,1,64,64,64,1
"phase09-baselines-frozen","production_hybrid_nb","feature_rich","updating","over_2_5","over_2_5_log_loss","tournament","within_tournament","wc2018",0.69521232823599,1,64,64,64,1
"phase09-baselines-frozen","production_hybrid_nb","feature_rich","updating","over_2_5","over_2_5_log_loss","tournament","within_tournament","wc2022",0.69076274499785,1,64,64,64,1
"phase09-baselines-frozen","production_hybrid_nb","feature_rich","updating","regulation_1x2","rps","headline","equal_tournament","headline",0.205250400816967,12,609,609,609,1
"phase09-baselines-frozen","production_hybrid_nb","feature_rich","updating","regulation_1x2","rps","headline","fixture_weighted","headline",0.203517576620924,12,609,609,609,1
"phase09-baselines-frozen","production_hybrid_nb","feature_rich","updating","regulation_1x2","rps","tournament","within_tournament","euro2004",0.19427801853155,1,31,31,31,1
"phase09-baselines-frozen","production_hybrid_nb","feature_rich","updating","regulation_1x2","rps","tournament","within_tournament","euro2008",0.214490326573508,1,31,31,31,1
"phase09-baselines-frozen","production_hybrid_nb","feature_rich","updating","regulation_1x2","rps","tournament","within_tournament","euro2012",0.234600469568812,1,28,28,28,1
"phase09-baselines-frozen","production_hybrid_nb","feature_rich","updating","regulation_1x2","rps","tournament","within_tournament","euro2016",0.217593946752168,1,43,43,43,1
"phase09-baselines-frozen","production_hybrid_nb","feature_rich","updating","regulation_1x2","rps","tournament","within_tournament","euro2020",0.197183259920055,1,48,48,48,1
"phase09-baselines-frozen","production_hybrid_nb","feature_rich","updating","regulation_1x2","rps","tournament","within_tournament","euro2024",0.199220209587878,1,51,51,51,1
"phase09-baselines-frozen","production_hybrid_nb","feature_rich","updating","regulation_1x2","rps","tournament","within_tournament","wc2002",0.203404008345614,1,60,60,60,1
"phase09-baselines-frozen","production_hybrid_nb","feature_rich","updating","regulation_1x2","rps","tournament","within_tournament","wc2006",0.16156832841848,1,64,64,64,1
"phase09-baselines-frozen","production_hybrid_nb","feature_rich","updating","regulation_1x2","rps","tournament","within_tournament","wc2010",0.209082524600923,1,61,61,61,1
"phase09-baselines-frozen","production_hybrid_nb","feature_rich","updating","regulation_1x2","rps","tournament","within_tournament","wc2014",0.214461937090911,1,64,64,64,1
"phase09-baselines-frozen","production_hybrid_nb","feature_rich","updating","regulation_1x2","rps","tournament","within_tournament","wc2018",0.205303028816949,1,64,64,64,1
"phase09-baselines-frozen","production_hybrid_nb","feature_rich","updating","regulation_1x2","rps","tournament","within_tournament","wc2022",0.211818751596759,1,64,64,64,1
"phase09-baselines-frozen","production_hybrid_nb","feature_rich","updating","under_2_5","under_2_5_brier","headline","equal_tournament","headline",0.245879016560914,12,609,609,609,1
"phase09-baselines-frozen","production_hybrid_nb","feature_rich","updating","under_2_5","under_2_5_brier","headline","fixture_weighted","headline",0.246905449215314,12,609,609,609,1
"phase09-baselines-frozen","production_hybrid_nb","feature_rich","updating","under_2_5","under_2_5_brier","tournament","within_tournament","euro2004",0.24302284158385,1,31,31,31,1
"phase09-baselines-frozen","production_hybrid_nb","feature_rich","updating","under_2_5","under_2_5_brier","tournament","within_tournament","euro2008",0.239310504324,1,31,31,31,1
"phase09-baselines-frozen","production_hybrid_nb","feature_rich","updating","under_2_5","under_2_5_brier","tournament","within_tournament","euro2012",0.244969320318102,1,28,28,28,1
"phase09-baselines-frozen","production_hybrid_nb","feature_rich","updating","under_2_5","under_2_5_brier","tournament","within_tournament","euro2016",0.23122151880646,1,43,43,43,1
"phase09-baselines-frozen","production_hybrid_nb","feature_rich","updating","under_2_5","under_2_5_brier","tournament","within_tournament","euro2020",0.251083487016061,1,48,48,48,1
"phase09-baselines-frozen","production_hybrid_nb","feature_rich","updating","under_2_5","under_2_5_brier","tournament","within_tournament","euro2024",0.243767999559148,1,51,51,51,1
"phase09-baselines-frozen","production_hybrid_nb","feature_rich","updating","under_2_5","under_2_5_brier","tournament","within_tournament","wc2002",0.239732865745158,1,60,60,60,1
"phase09-baselines-frozen","production_hybrid_nb","feature_rich","updating","under_2_5","under_2_5_brier","tournament","within_tournament","wc2006",0.255150730385006,1,64,64,64,1
"phase09-baselines-frozen","production_hybrid_nb","feature_rich","updating","under_2_5","under_2_5_brier","tournament","within_tournament","wc2010",0.244289018601069,1,61,61,61,1
"phase09-baselines-frozen","production_hybrid_nb","feature_rich","updating","under_2_5","under_2_5_brier","tournament","within_tournament","wc2014",0.25823574480041,1,64,64,64,1
"phase09-baselines-frozen","production_hybrid_nb","feature_rich","updating","under_2_5","under_2_5_brier","tournament","within_tournament","wc2018",0.2509954798592,1,64,64,64,1
"phase09-baselines-frozen","production_hybrid_nb","feature_rich","updating","under_2_5","under_2_5_brier","tournament","within_tournament","wc2022",0.248768687732508,1,64,64,64,1
"phase09-baselines-frozen","production_hybrid_nb","feature_rich","updating","under_2_5","under_2_5_log_loss","headline","equal_tournament","headline",0.684972080739082,12,609,609,609,1
"phase09-baselines-frozen","production_hybrid_nb","feature_rich","updating","under_2_5","under_2_5_log_loss","headline","fixture_weighted","headline",0.687060008761325,12,609,609,609,1
"phase09-baselines-frozen","production_hybrid_nb","feature_rich","updating","under_2_5","under_2_5_log_loss","tournament","within_tournament","euro2004",0.679065836485434,1,31,31,31,1
"phase09-baselines-frozen","production_hybrid_nb","feature_rich","updating","under_2_5","under_2_5_log_loss","tournament","within_tournament","euro2008",0.671630066242476,1,31,31,31,1
"phase09-baselines-frozen","production_hybrid_nb","feature_rich","updating","under_2_5","under_2_5_log_loss","tournament","within_tournament","euro2012",0.68315061364346,1,28,28,28,1
"phase09-baselines-frozen","production_hybrid_nb","feature_rich","updating","under_2_5","under_2_5_log_loss","tournament","within_tournament","euro2016",0.655382879155871,1,43,43,43,1
"phase09-baselines-frozen","production_hybrid_nb","feature_rich","updating","under_2_5","under_2_5_log_loss","tournament","within_tournament","euro2020",0.695355025064055,1,48,48,48,1
"phase09-baselines-frozen","production_hybrid_nb","feature_rich","updating","under_2_5","under_2_5_log_loss","tournament","within_tournament","euro2024",0.680610333721582,1,51,51,51,1
"phase09-baselines-frozen","production_hybrid_nb","feature_rich","updating","under_2_5","under_2_5_log_loss","tournament","within_tournament","wc2002",0.672757517351039,1,60,60,60,1
"phase09-baselines-frozen","production_hybrid_nb","feature_rich","updating","under_2_5","under_2_5_log_loss","tournament","within_tournament","wc2006",0.704279902305494,1,64,64,64,1
"phase09-baselines-frozen","production_hybrid_nb","feature_rich","updating","under_2_5","under_2_5_log_loss","tournament","within_tournament","wc2010",0.681646839899735,1,61,61,61,1
"phase09-baselines-frozen","production_hybrid_nb","feature_rich","updating","under_2_5","under_2_5_log_loss","tournament","within_tournament","wc2014",0.709810881765992,1,64,64,64,1
"phase09-baselines-frozen","production_hybrid_nb","feature_rich","updating","under_2_5","under_2_5_log_loss","tournament","within_tournament","wc2018",0.69521232823599,1,64,64,64,1
"phase09-baselines-frozen","production_hybrid_nb","feature_rich","updating","under_2_5","under_2_5_log_loss","tournament","within_tournament","wc2022",0.690762744997851,1,64,64,64,1
"phase09-baselines-frozen","production_hybrid_nb","feature_rich","updating","regulation_1x2","winner_pick_accuracy","headline","equal_tournament","headline",0.479374431877704,12,609,609,609,1
"phase09-baselines-frozen","production_hybrid_nb","feature_rich","updating","regulation_1x2","winner_pick_accuracy","headline","fixture_weighted","headline",0.489326765188834,12,609,609,609,1
"phase09-baselines-frozen","production_hybrid_nb","feature_rich","updating","regulation_1x2","winner_pick_accuracy","tournament","within_tournament","euro2004",0.419354838709677,1,31,31,31,1
"phase09-baselines-frozen","production_hybrid_nb","feature_rich","updating","regulation_1x2","winner_pick_accuracy","tournament","within_tournament","euro2008",0.548387096774194,1,31,31,31,1
"phase09-baselines-frozen","production_hybrid_nb","feature_rich","updating","regulation_1x2","winner_pick_accuracy","tournament","within_tournament","euro2012",0.392857142857143,1,28,28,28,1
"phase09-baselines-frozen","production_hybrid_nb","feature_rich","updating","regulation_1x2","winner_pick_accuracy","tournament","within_tournament","euro2016",0.348837209302326,1,43,43,43,1
"phase09-baselines-frozen","production_hybrid_nb","feature_rich","updating","regulation_1x2","winner_pick_accuracy","tournament","within_tournament","euro2020",0.479166666666667,1,48,48,48,1
"phase09-baselines-frozen","production_hybrid_nb","feature_rich","updating","regulation_1x2","winner_pick_accuracy","tournament","within_tournament","euro2024",0.450980392156863,1,51,51,51,1
"phase09-baselines-frozen","production_hybrid_nb","feature_rich","updating","regulation_1x2","winner_pick_accuracy","tournament","within_tournament","wc2002",0.45,1,60,60,60,1
"phase09-baselines-frozen","production_hybrid_nb","feature_rich","updating","regulation_1x2","winner_pick_accuracy","tournament","within_tournament","wc2006",0.65625,1,64,64,64,1
"phase09-baselines-frozen","production_hybrid_nb","feature_rich","updating","regulation_1x2","winner_pick_accuracy","tournament","within_tournament","wc2010",0.475409836065574,1,61,61,61,1
"phase09-baselines-frozen","production_hybrid_nb","feature_rich","updating","regulation_1x2","winner_pick_accuracy","tournament","within_tournament","wc2014",0.515625,1,64,64,64,1
"phase09-baselines-frozen","production_hybrid_nb","feature_rich","updating","regulation_1x2","winner_pick_accuracy","tournament","within_tournament","wc2018",0.5,1,64,64,64,1
"phase09-baselines-frozen","production_hybrid_nb","feature_rich","updating","regulation_1x2","winner_pick_accuracy","tournament","within_tournament","wc2022",0.515625,1,64,64,64,1
"phase09-baselines-frozen","uniform_1x2","open_core","frozen","away_goals","away_goal_rps","headline","equal_tournament","headline",0.576129661849472,12,630,630,630,1
"phase09-baselines-frozen","uniform_1x2","open_core","frozen","away_goals","away_goal_rps","headline","fixture_weighted","headline",0.581205913834352,12,630,630,630,1
"phase09-baselines-frozen","uniform_1x2","open_core","frozen","away_goals","away_goal_rps","tournament","within_tournament","euro2004",0.595891901738144,1,31,31,31,1
"phase09-baselines-frozen","uniform_1x2","open_core","frozen","away_goals","away_goal_rps","tournament","within_tournament","euro2008",0.541723826841759,1,31,31,31,1
"phase09-baselines-frozen","uniform_1x2","open_core","frozen","away_goals","away_goal_rps","tournament","within_tournament","euro2012",0.529138108761924,1,31,31,31,1
"phase09-baselines-frozen","uniform_1x2","open_core","frozen","away_goals","away_goal_rps","tournament","within_tournament","euro2016",0.521737589212458,1,51,51,51,1
"phase09-baselines-frozen","uniform_1x2","open_core","frozen","away_goals","away_goal_rps","tournament","within_tournament","euro2020",0.61339976415636,1,51,51,51,1
"phase09-baselines-frozen","uniform_1x2","open_core","frozen","away_goals","away_goal_rps","tournament","within_tournament","euro2024",0.503707104513667,1,51,51,51,1
"phase09-baselines-frozen","uniform_1x2","open_core","frozen","away_goals","away_goal_rps","tournament","within_tournament","wc2002",0.602167248452327,1,64,64,64,1
"phase09-baselines-frozen","uniform_1x2","open_core","frozen","away_goals","away_goal_rps","tournament","within_tournament","wc2006",0.591645831511008,1,64,64,64,1
"phase09-baselines-frozen","uniform_1x2","open_core","frozen","away_goals","away_goal_rps","tournament","within_tournament","wc2010",0.536217269045801,1,64,64,64,1
"phase09-baselines-frozen","uniform_1x2","open_core","frozen","away_goals","away_goal_rps","tournament","within_tournament","wc2014",0.768844119090561,1,64,64,64,1
"phase09-baselines-frozen","uniform_1x2","open_core","frozen","away_goals","away_goal_rps","tournament","within_tournament","wc2018",0.529564153003907,1,64,64,64,1
"phase09-baselines-frozen","uniform_1x2","open_core","frozen","away_goals","away_goal_rps","tournament","within_tournament","wc2022",0.579519025865746,1,64,64,64,1
"phase09-baselines-frozen","uniform_1x2","open_core","frozen","regulation_1x2","brier","headline","equal_tournament","headline",0.666666666666666,12,630,630,630,1
"phase09-baselines-frozen","uniform_1x2","open_core","frozen","regulation_1x2","brier","headline","fixture_weighted","headline",0.666666666666666,12,630,630,630,1
"phase09-baselines-frozen","uniform_1x2","open_core","frozen","regulation_1x2","brier","tournament","within_tournament","euro2004",0.666666666666667,1,31,31,31,1
"phase09-baselines-frozen","uniform_1x2","open_core","frozen","regulation_1x2","brier","tournament","within_tournament","euro2008",0.666666666666666,1,31,31,31,1
"phase09-baselines-frozen","uniform_1x2","open_core","frozen","regulation_1x2","brier","tournament","within_tournament","euro2012",0.666666666666669,1,31,31,31,1
"phase09-baselines-frozen","uniform_1x2","open_core","frozen","regulation_1x2","brier","tournament","within_tournament","euro2016",0.666666666666664,1,51,51,51,1
"phase09-baselines-frozen","uniform_1x2","open_core","frozen","regulation_1x2","brier","tournament","within_tournament","euro2020",0.666666666666667,1,51,51,51,1
"phase09-baselines-frozen","uniform_1x2","open_core","frozen","regulation_1x2","brier","tournament","within_tournament","euro2024",0.666666666666666,1,51,51,51,1
"phase09-baselines-frozen","uniform_1x2","open_core","frozen","regulation_1x2","brier","tournament","within_tournament","wc2002",0.66666666666667,1,64,64,64,1
"phase09-baselines-frozen","uniform_1x2","open_core","frozen","regulation_1x2","brier","tournament","within_tournament","wc2006",0.666666666666662,1,64,64,64,1
"phase09-baselines-frozen","uniform_1x2","open_core","frozen","regulation_1x2","brier","tournament","within_tournament","wc2010",0.666666666666666,1,64,64,64,1
"phase09-baselines-frozen","uniform_1x2","open_core","frozen","regulation_1x2","brier","tournament","within_tournament","wc2014",0.666666666666668,1,64,64,64,1
"phase09-baselines-frozen","uniform_1x2","open_core","frozen","regulation_1x2","brier","tournament","within_tournament","wc2018",0.666666666666664,1,64,64,64,1
"phase09-baselines-frozen","uniform_1x2","open_core","frozen","regulation_1x2","brier","tournament","within_tournament","wc2022",0.666666666666669,1,64,64,64,1
"phase09-baselines-frozen","uniform_1x2","open_core","frozen","btts","btts_brier","headline","equal_tournament","headline",0.251985058299682,12,630,630,630,1
"phase09-baselines-frozen","uniform_1x2","open_core","frozen","btts","btts_brier","headline","fixture_weighted","headline",0.252131561459678,12,630,630,630,1
"phase09-baselines-frozen","uniform_1x2","open_core","frozen","btts","btts_brier","tournament","within_tournament","euro2004",0.249984390990298,1,31,31,31,1
"phase09-baselines-frozen","uniform_1x2","open_core","frozen","btts","btts_brier","tournament","within_tournament","euro2008",0.254766198821635,1,31,31,31,1
"phase09-baselines-frozen","uniform_1x2","open_core","frozen","btts","btts_brier","tournament","within_tournament","euro2012",0.249743139495943,1,31,31,31,1
"phase09-baselines-frozen","uniform_1x2","open_core","frozen","btts","btts_brier","tournament","within_tournament","euro2016",0.252822028106824,1,51,51,51,1
"phase09-baselines-frozen","uniform_1x2","open_core","frozen","btts","btts_brier","tournament","within_tournament","euro2020",0.250167632603817,1,51,51,51,1
"phase09-baselines-frozen","uniform_1x2","open_core","frozen","btts","btts_brier","tournament","within_tournament","euro2024",0.249575569089307,1,51,51,51,1
"phase09-baselines-frozen","uniform_1x2","open_core","frozen","btts","btts_brier","tournament","within_tournament","wc2002",0.253746331229481,1,64,64,64,1
"phase09-baselines-frozen","uniform_1x2","open_core","frozen","btts","btts_brier","tournament","within_tournament","wc2006",0.259159957539459,1,64,64,64,1
"phase09-baselines-frozen","uniform_1x2","open_core","frozen","btts","btts_brier","tournament","within_tournament","wc2010",0.253224638258293,1,64,64,64,1
"phase09-baselines-frozen","uniform_1x2","open_core","frozen","btts","btts_brier","tournament","within_tournament","wc2014",0.250238390112427,1,64,64,64,1
"phase09-baselines-frozen","uniform_1x2","open_core","frozen","btts","btts_brier","tournament","within_tournament","wc2018",0.250101318314544,1,64,64,64,1
"phase09-baselines-frozen","uniform_1x2","open_core","frozen","btts","btts_brier","tournament","within_tournament","wc2022",0.250291105034162,1,64,64,64,1
"phase09-baselines-frozen","uniform_1x2","open_core","frozen","btts","btts_log_loss","headline","equal_tournament","headline",0.69712188230921,12,630,630,630,1
"phase09-baselines-frozen","uniform_1x2","open_core","frozen","btts","btts_log_loss","headline","fixture_weighted","headline",0.697415339802268,12,630,630,630,1
"phase09-baselines-frozen","uniform_1x2","open_core","frozen","btts","btts_log_loss","tournament","within_tournament","euro2004",0.693117282606555,1,31,31,31,1
"phase09-baselines-frozen","uniform_1x2","open_core","frozen","btts","btts_log_loss","tournament","within_tournament","euro2008",0.702688431260138,1,31,31,31,1
"phase09-baselines-frozen","uniform_1x2","open_core","frozen","btts","btts_log_loss","tournament","within_tournament","euro2012",0.69263337719401,1,31,31,31,1
"phase09-baselines-frozen","uniform_1x2","open_core","frozen","btts","btts_log_loss","tournament","within_tournament","euro2016",0.698792420739703,1,51,51,51,1
"phase09-baselines-frozen","uniform_1x2","open_core","frozen","btts","btts_log_loss","tournament","within_tournament","euro2020",0.693482466577148,1,51,51,51,1
"phase09-baselines-frozen","uniform_1x2","open_core","frozen","btts","btts_log_loss","tournament","within_tournament","euro2024",0.692298307532486,1,51,51,51,1
"phase09-baselines-frozen","uniform_1x2","open_core","frozen","btts","btts_log_loss","tournament","within_tournament","wc2002",0.700656560331793,1,64,64,64,1
"phase09-baselines-frozen","uniform_1x2","open_core","frozen","btts","btts_log_loss","tournament","within_tournament","wc2006",0.711489376585318,1,64,64,64,1
"phase09-baselines-frozen","uniform_1x2","open_core","frozen","btts","btts_log_loss","tournament","within_tournament","wc2010",0.699600912546217,1,64,64,64,1
"phase09-baselines-frozen","uniform_1x2","open_core","frozen","btts","btts_log_loss","tournament","within_tournament","wc2014",0.693624188248794,1,64,64,64,1
"phase09-baselines-frozen","uniform_1x2","open_core","frozen","btts","btts_log_loss","tournament","within_tournament","wc2018",0.693349858261733,1,64,64,64,1
"phase09-baselines-frozen","uniform_1x2","open_core","frozen","btts","btts_log_loss","tournament","within_tournament","wc2022",0.693729405826624,1,64,64,64,1
"phase09-baselines-frozen","uniform_1x2","open_core","frozen","regulation_1x2","calibration_error","headline","fixed_equal_tournament_bins","headline",0.0386007449574817,12,630,630,630,1
"phase09-baselines-frozen","uniform_1x2","open_core","frozen","regulation_scoreline","exact_score_hit","headline","equal_tournament","headline",0.135633268764495,12,630,630,630,1
"phase09-baselines-frozen","uniform_1x2","open_core","frozen","regulation_scoreline","exact_score_hit","headline","fixture_weighted","headline",0.133333333333333,12,630,630,630,1
"phase09-baselines-frozen","uniform_1x2","open_core","frozen","regulation_scoreline","exact_score_hit","tournament","within_tournament","euro2004",0.129032258064516,1,31,31,31,1
"phase09-baselines-frozen","uniform_1x2","open_core","frozen","regulation_scoreline","exact_score_hit","tournament","within_tournament","euro2008",0.0967741935483871,1,31,31,31,1
"phase09-baselines-frozen","uniform_1x2","open_core","frozen","regulation_scoreline","exact_score_hit","tournament","within_tournament","euro2012",0.161290322580645,1,31,31,31,1
"phase09-baselines-frozen","uniform_1x2","open_core","frozen","regulation_scoreline","exact_score_hit","tournament","within_tournament","euro2016",0.156862745098039,1,51,51,51,1
"phase09-baselines-frozen","uniform_1x2","open_core","frozen","regulation_scoreline","exact_score_hit","tournament","within_tournament","euro2020",0.176470588235294,1,51,51,51,1
"phase09-baselines-frozen","uniform_1x2","open_core","frozen","regulation_scoreline","exact_score_hit","tournament","within_tournament","euro2024",0.235294117647059,1,51,51,51,1
"phase09-baselines-frozen","uniform_1x2","open_core","frozen","regulation_scoreline","exact_score_hit","tournament","within_tournament","wc2002",0.1875,1,64,64,64,1
"phase09-baselines-frozen","uniform_1x2","open_core","frozen","regulation_scoreline","exact_score_hit","tournament","within_tournament","wc2006",0.09375,1,64,64,64,1
"phase09-baselines-frozen","uniform_1x2","open_core","frozen","regulation_scoreline","exact_score_hit","tournament","within_tournament","wc2010",0.125,1,64,64,64,1
"phase09-baselines-frozen","uniform_1x2","open_core","frozen","regulation_scoreline","exact_score_hit","tournament","within_tournament","wc2014",0.0625,1,64,64,64,1
"phase09-baselines-frozen","uniform_1x2","open_core","frozen","regulation_scoreline","exact_score_hit","tournament","within_tournament","wc2018",0.140625,1,64,64,64,1
"phase09-baselines-frozen","uniform_1x2","open_core","frozen","regulation_scoreline","exact_score_hit","tournament","within_tournament","wc2022",0.0625,1,64,64,64,1
"phase09-baselines-frozen","uniform_1x2","open_core","frozen","home_goals","home_goal_rps","headline","equal_tournament","headline",0.673966315588521,12,630,630,630,1
"phase09-baselines-frozen","uniform_1x2","open_core","frozen","home_goals","home_goal_rps","headline","fixture_weighted","headline",0.677414448644021,12,630,630,630,1
"phase09-baselines-frozen","uniform_1x2","open_core","frozen","home_goals","home_goal_rps","tournament","within_tournament","euro2004",0.642272574883539,1,31,31,31,1
"phase09-baselines-frozen","uniform_1x2","open_core","frozen","home_goals","home_goal_rps","tournament","within_tournament","euro2008",0.6973149529478,1,31,31,31,1
"phase09-baselines-frozen","uniform_1x2","open_core","frozen","home_goals","home_goal_rps","tournament","within_tournament","euro2012",0.663846701006961,1,31,31,31,1
"phase09-baselines-frozen","uniform_1x2","open_core","frozen","home_goals","home_goal_rps","tournament","within_tournament","euro2016",0.632356998267642,1,51,51,51,1
"phase09-baselines-frozen","uniform_1x2","open_core","frozen","home_goals","home_goal_rps","tournament","within_tournament","euro2020",0.68952666419909,1,51,51,51,1
"phase09-baselines-frozen","uniform_1x2","open_core","frozen","home_goals","home_goal_rps","tournament","within_tournament","euro2024",0.579785427886137,1,51,51,51,1
"phase09-baselines-frozen","uniform_1x2","open_core","frozen","home_goals","home_goal_rps","tournament","within_tournament","wc2002",0.674275866518287,1,64,64,64,1
"phase09-baselines-frozen","uniform_1x2","open_core","frozen","home_goals","home_goal_rps","tournament","within_tournament","wc2006",0.703635992087554,1,64,64,64,1
"phase09-baselines-frozen","uniform_1x2","open_core","frozen","home_goals","home_goal_rps","tournament","within_tournament","wc2010",0.700067557882473,1,64,64,64,1
"phase09-baselines-frozen","uniform_1x2","open_core","frozen","home_goals","home_goal_rps","tournament","within_tournament","wc2014",0.614630379013787,1,64,64,64,1
"phase09-baselines-frozen","uniform_1x2","open_core","frozen","home_goals","home_goal_rps","tournament","within_tournament","wc2018",0.690545178119384,1,64,64,64,1
"phase09-baselines-frozen","uniform_1x2","open_core","frozen","home_goals","home_goal_rps","tournament","within_tournament","wc2022",0.799337494249598,1,64,64,64,1
"phase09-baselines-frozen","uniform_1x2","open_core","frozen","regulation_scoreline","joint_scoreline_log_loss","headline","equal_tournament","headline",2.94716019617703,12,630,630,630,1
"phase09-baselines-frozen","uniform_1x2","open_core","frozen","regulation_scoreline","joint_scoreline_log_loss","headline","fixture_weighted","headline",2.95635550056943,12,630,630,630,1
"phase09-baselines-frozen","uniform_1x2","open_core","frozen","regulation_scoreline","joint_scoreline_log_loss","tournament","within_tournament","euro2004",2.88185112763674,1,31,31,31,1
"phase09-baselines-frozen","uniform_1x2","open_core","frozen","regulation_scoreline","joint_scoreline_log_loss","tournament","within_tournament","euro2008",2.97621439885511,1,31,31,31,1
"phase09-baselines-frozen","uniform_1x2","open_core","frozen","regulation_scoreline","joint_scoreline_log_loss","tournament","within_tournament","euro2012",2.91802189012081,1,31,31,31,1
"phase09-baselines-frozen","uniform_1x2","open_core","frozen","regulation_scoreline","joint_scoreline_log_loss","tournament","within_tournament","euro2016",2.79891096828892,1,51,51,51,1
"phase09-baselines-frozen","uniform_1x2","open_core","frozen","regulation_scoreline","joint_scoreline_log_loss","tournament","within_tournament","euro2020",3.02968955472741,1,51,51,51,1
"phase09-baselines-frozen","uniform_1x2","open_core","frozen","regulation_scoreline","joint_scoreline_log_loss","tournament","within_tournament","euro2024",2.73325951982997,1,51,51,51,1
"phase09-baselines-frozen","uniform_1x2","open_core","frozen","regulation_scoreline","joint_scoreline_log_loss","tournament","within_tournament","wc2002",2.96895716206032,1,64,64,64,1
"phase09-baselines-frozen","uniform_1x2","open_core","frozen","regulation_scoreline","joint_scoreline_log_loss","tournament","within_tournament","wc2006",2.96705492891461,1,64,64,64,1
"phase09-baselines-frozen","uniform_1x2","open_core","frozen","regulation_scoreline","joint_scoreline_log_loss","tournament","within_tournament","wc2010",2.88388271898425,1,64,64,64,1
"phase09-baselines-frozen","uniform_1x2","open_core","frozen","regulation_scoreline","joint_scoreline_log_loss","tournament","within_tournament","wc2014",3.09483982332035,1,64,64,64,1
"phase09-baselines-frozen","uniform_1x2","open_core","frozen","regulation_scoreline","joint_scoreline_log_loss","tournament","within_tournament","wc2018",3.00705370848775,1,64,64,64,1
"phase09-baselines-frozen","uniform_1x2","open_core","frozen","regulation_scoreline","joint_scoreline_log_loss","tournament","within_tournament","wc2022",3.10618655289817,1,64,64,64,1
"phase09-baselines-frozen","uniform_1x2","open_core","frozen","regulation_1x2","log_loss","headline","equal_tournament","headline",1.09861228866811,12,630,630,630,1
"phase09-baselines-frozen","uniform_1x2","open_core","frozen","regulation_1x2","log_loss","headline","fixture_weighted","headline",1.09861228866811,12,630,630,630,1
"phase09-baselines-frozen","uniform_1x2","open_core","frozen","regulation_1x2","log_loss","tournament","within_tournament","euro2004",1.09861228866812,1,31,31,31,1
"phase09-baselines-frozen","uniform_1x2","open_core","frozen","regulation_1x2","log_loss","tournament","within_tournament","euro2008",1.09861228866811,1,31,31,31,1
"phase09-baselines-frozen","uniform_1x2","open_core","frozen","regulation_1x2","log_loss","tournament","within_tournament","euro2012",1.09861228866813,1,31,31,31,1
"phase09-baselines-frozen","uniform_1x2","open_core","frozen","regulation_1x2","log_loss","tournament","within_tournament","euro2016",1.09861228866811,1,51,51,51,1
"phase09-baselines-frozen","uniform_1x2","open_core","frozen","regulation_1x2","log_loss","tournament","within_tournament","euro2020",1.09861228866809,1,51,51,51,1
"phase09-baselines-frozen","uniform_1x2","open_core","frozen","regulation_1x2","log_loss","tournament","within_tournament","euro2024",1.09861228866811,1,51,51,51,1
"phase09-baselines-frozen","uniform_1x2","open_core","frozen","regulation_1x2","log_loss","tournament","within_tournament","wc2002",1.09861228866813,1,64,64,64,1
"phase09-baselines-frozen","uniform_1x2","open_core","frozen","regulation_1x2","log_loss","tournament","within_tournament","wc2006",1.09861228866808,1,64,64,64,1
"phase09-baselines-frozen","uniform_1x2","open_core","frozen","regulation_1x2","log_loss","tournament","within_tournament","wc2010",1.09861228866809,1,64,64,64,1
"phase09-baselines-frozen","uniform_1x2","open_core","frozen","regulation_1x2","log_loss","tournament","within_tournament","wc2014",1.09861228866814,1,64,64,64,1
"phase09-baselines-frozen","uniform_1x2","open_core","frozen","regulation_1x2","log_loss","tournament","within_tournament","wc2018",1.09861228866808,1,64,64,64,1
"phase09-baselines-frozen","uniform_1x2","open_core","frozen","regulation_1x2","log_loss","tournament","within_tournament","wc2022",1.09861228866813,1,64,64,64,1
"phase09-baselines-frozen","uniform_1x2","open_core","frozen","over_2_5","over_2_5_brier","headline","equal_tournament","headline",0.250082522084783,12,630,630,630,1
"phase09-baselines-frozen","uniform_1x2","open_core","frozen","over_2_5","over_2_5_brier","headline","fixture_weighted","headline",0.250168454692857,12,630,630,630,1
"phase09-baselines-frozen","uniform_1x2","open_core","frozen","over_2_5","over_2_5_brier","tournament","within_tournament","euro2004",0.249769188789202,1,31,31,31,1
"phase09-baselines-frozen","uniform_1x2","open_core","frozen","over_2_5","over_2_5_brier","tournament","within_tournament","euro2008",0.251253840837696,1,31,31,31,1
"phase09-baselines-frozen","uniform_1x2","open_core","frozen","over_2_5","over_2_5_brier","tournament","within_tournament","euro2012",0.249741367000337,1,31,31,31,1
"phase09-baselines-frozen","uniform_1x2","open_core","frozen","over_2_5","over_2_5_brier","tournament","within_tournament","euro2016",0.24768351875053,1,51,51,51,1
"phase09-baselines-frozen","uniform_1x2","open_core","frozen","over_2_5","over_2_5_brier","tournament","within_tournament","euro2020",0.249473283220922,1,51,51,51,1
"phase09-baselines-frozen","uniform_1x2","open_core","frozen","over_2_5","over_2_5_brier","tournament","within_tournament","euro2024",0.247614383868146,1,51,51,51,1
"phase09-baselines-frozen","uniform_1x2","open_core","frozen","over_2_5","over_2_5_brier","tournament","within_tournament","wc2002",0.253890296251838,1,64,64,64,1
"phase09-baselines-frozen","uniform_1x2","open_core","frozen","over_2_5","over_2_5_brier","tournament","within_tournament","wc2006",0.252130995946538,1,64,64,64,1
"phase09-baselines-frozen","uniform_1x2","open_core","frozen","over_2_5","over_2_5_brier","tournament","within_tournament","wc2010",0.250389401786568,1,64,64,64,1
"phase09-baselines-frozen","uniform_1x2","open_core","frozen","over_2_5","over_2_5_brier","tournament","within_tournament","wc2014",0.250448139741692,1,64,64,64,1
"phase09-baselines-frozen","uniform_1x2","open_core","frozen","over_2_5","over_2_5_brier","tournament","within_tournament","wc2018",0.249263181749348,1,64,64,64,1
"phase09-baselines-frozen","uniform_1x2","open_core","frozen","over_2_5","over_2_5_brier","tournament","within_tournament","wc2022",0.24933266707458,1,64,64,64,1
"phase09-baselines-frozen","uniform_1x2","open_core","frozen","over_2_5","over_2_5_log_loss","headline","equal_tournament","headline",0.69331228125282,12,630,630,630,1
"phase09-baselines-frozen","uniform_1x2","open_core","frozen","over_2_5","over_2_5_log_loss","headline","fixture_weighted","headline",0.6934841932638,12,630,630,630,1
"phase09-baselines-frozen","uniform_1x2","open_core","frozen","over_2_5","over_2_5_log_loss","tournament","within_tournament","euro2004",0.692685505048825,1,31,31,31,1
"phase09-baselines-frozen","uniform_1x2","open_core","frozen","over_2_5","over_2_5_log_loss","tournament","within_tournament","euro2008",0.695654961708275,1,31,31,31,1
"phase09-baselines-frozen","uniform_1x2","open_core","frozen","over_2_5","over_2_5_log_loss","tournament","within_tournament","euro2012",0.692629912760235,1,31,31,31,1
"phase09-baselines-frozen","uniform_1x2","open_core","frozen","over_2_5","over_2_5_log_loss","tournament","within_tournament","euro2016",0.688513909954841,1,51,51,51,1
"phase09-baselines-frozen","uniform_1x2","open_core","frozen","over_2_5","over_2_5_log_loss","tournament","within_tournament","euro2020",0.692093596101481,1,51,51,51,1
"phase09-baselines-frozen","uniform_1x2","open_core","frozen","over_2_5","over_2_5_log_loss","tournament","within_tournament","euro2024",0.688374626397508,1,51,51,51,1
"phase09-baselines-frozen","uniform_1x2","open_core","frozen","over_2_5","over_2_5_log_loss","tournament","within_tournament","wc2002",0.700930077358725,1,64,64,64,1
"phase09-baselines-frozen","uniform_1x2","open_core","frozen","over_2_5","over_2_5_log_loss","tournament","within_tournament","wc2006",0.697409678732147,1,64,64,64,1
"phase09-baselines-frozen","uniform_1x2","open_core","frozen","over_2_5","over_2_5_log_loss","tournament","within_tournament","wc2010",0.693925988539103,1,64,64,64,1
"phase09-baselines-frozen","uniform_1x2","open_core","frozen","over_2_5","over_2_5_log_loss","tournament","within_tournament","wc2014",0.69404348545322,1,64,64,64,1
"phase09-baselines-frozen","uniform_1x2","open_core","frozen","over_2_5","over_2_5_log_loss","tournament","within_tournament","wc2018",0.691673404202492,1,64,64,64,1
"phase09-baselines-frozen","uniform_1x2","open_core","frozen","over_2_5","over_2_5_log_loss","tournament","within_tournament","wc2022",0.691812228776992,1,64,64,64,1
"phase09-baselines-frozen","uniform_1x2","open_core","frozen","regulation_1x2","rps","headline","equal_tournament","headline",0.231434811827957,12,630,630,630,1
"phase09-baselines-frozen","uniform_1x2","open_core","frozen","regulation_1x2","rps","headline","fixture_weighted","headline",0.231481481481481,12,630,630,630,1
"phase09-baselines-frozen","uniform_1x2","open_core","frozen","regulation_1x2","rps","tournament","within_tournament","euro2004",0.218637992831542,1,31,31,31,1
"phase09-baselines-frozen","uniform_1x2","open_core","frozen","regulation_1x2","rps","tournament","within_tournament","euro2008",0.245519713261648,1,31,31,31,1
"phase09-baselines-frozen","uniform_1x2","open_core","frozen","regulation_1x2","rps","tournament","within_tournament","euro2012",0.240143369175627,1,31,31,31,1
"phase09-baselines-frozen","uniform_1x2","open_core","frozen","regulation_1x2","rps","tournament","within_tournament","euro2016",0.22549019607843,1,51,51,51,1
"phase09-baselines-frozen","uniform_1x2","open_core","frozen","regulation_1x2","rps","tournament","within_tournament","euro2020",0.225490196078431,1,51,51,51,1
"phase09-baselines-frozen","uniform_1x2","open_core","frozen","regulation_1x2","rps","tournament","within_tournament","euro2024",0.215686274509803,1,51,51,51,1
"phase09-baselines-frozen","uniform_1x2","open_core","frozen","regulation_1x2","rps","tournament","within_tournament","wc2002",0.228298611111114,1,64,64,64,1
"phase09-baselines-frozen","uniform_1x2","open_core","frozen","regulation_1x2","rps","tournament","within_tournament","wc2006",0.23350694444444,1,64,64,64,1
"phase09-baselines-frozen","uniform_1x2","open_core","frozen","regulation_1x2","rps","tournament","within_tournament","wc2010",0.230902777777778,1,64,64,64,1
"phase09-baselines-frozen","uniform_1x2","open_core","frozen","regulation_1x2","rps","tournament","within_tournament","wc2014",0.233506944444445,1,64,64,64,1
"phase09-baselines-frozen","uniform_1x2","open_core","frozen","regulation_1x2","rps","tournament","within_tournament","wc2018",0.241319444444445,1,64,64,64,1
"phase09-baselines-frozen","uniform_1x2","open_core","frozen","regulation_1x2","rps","tournament","within_tournament","wc2022",0.238715277777779,1,64,64,64,1
"phase09-baselines-frozen","uniform_1x2","open_core","frozen","under_2_5","under_2_5_brier","headline","equal_tournament","headline",0.250082522084783,12,630,630,630,1
"phase09-baselines-frozen","uniform_1x2","open_core","frozen","under_2_5","under_2_5_brier","headline","fixture_weighted","headline",0.250168454692856,12,630,630,630,1
"phase09-baselines-frozen","uniform_1x2","open_core","frozen","under_2_5","under_2_5_brier","tournament","within_tournament","euro2004",0.249769188789202,1,31,31,31,1
"phase09-baselines-frozen","uniform_1x2","open_core","frozen","under_2_5","under_2_5_brier","tournament","within_tournament","euro2008",0.2512538408377,1,31,31,31,1
"phase09-baselines-frozen","uniform_1x2","open_core","frozen","under_2_5","under_2_5_brier","tournament","within_tournament","euro2012",0.249741367000339,1,31,31,31,1
"phase09-baselines-frozen","uniform_1x2","open_core","frozen","under_2_5","under_2_5_brier","tournament","within_tournament","euro2016",0.24768351875053,1,51,51,51,1
"phase09-baselines-frozen","uniform_1x2","open_core","frozen","under_2_5","under_2_5_brier","tournament","within_tournament","euro2020",0.249473283220921,1,51,51,51,1
"phase09-baselines-frozen","uniform_1x2","open_core","frozen","under_2_5","under_2_5_brier","tournament","within_tournament","euro2024",0.247614383868146,1,51,51,51,1
"phase09-baselines-frozen","uniform_1x2","open_core","frozen","under_2_5","under_2_5_brier","tournament","within_tournament","wc2002",0.253890296251841,1,64,64,64,1
"phase09-baselines-frozen","uniform_1x2","open_core","frozen","under_2_5","under_2_5_brier","tournament","within_tournament","wc2006",0.252130995946533,1,64,64,64,1
"phase09-baselines-frozen","uniform_1x2","open_core","frozen","under_2_5","under_2_5_brier","tournament","within_tournament","wc2010",0.250389401786565,1,64,64,64,1
"phase09-baselines-frozen","uniform_1x2","open_core","frozen","under_2_5","under_2_5_brier","tournament","within_tournament","wc2014",0.25044813974169,1,64,64,64,1
"phase09-baselines-frozen","uniform_1x2","open_core","frozen","under_2_5","under_2_5_brier","tournament","within_tournament","wc2018",0.249263181749346,1,64,64,64,1
"phase09-baselines-frozen","uniform_1x2","open_core","frozen","under_2_5","under_2_5_brier","tournament","within_tournament","wc2022",0.249332667074581,1,64,64,64,1
"phase09-baselines-frozen","uniform_1x2","open_core","frozen","under_2_5","under_2_5_log_loss","headline","equal_tournament","headline",0.69331228125282,12,630,630,630,1
"phase09-baselines-frozen","uniform_1x2","open_core","frozen","under_2_5","under_2_5_log_loss","headline","fixture_weighted","headline",0.693484193263799,12,630,630,630,1
"phase09-baselines-frozen","uniform_1x2","open_core","frozen","under_2_5","under_2_5_log_loss","tournament","within_tournament","euro2004",0.692685505048826,1,31,31,31,1
"phase09-baselines-frozen","uniform_1x2","open_core","frozen","under_2_5","under_2_5_log_loss","tournament","within_tournament","euro2008",0.695654961708283,1,31,31,31,1
"phase09-baselines-frozen","uniform_1x2","open_core","frozen","under_2_5","under_2_5_log_loss","tournament","within_tournament","euro2012",0.692629912760239,1,31,31,31,1
"phase09-baselines-frozen","uniform_1x2","open_core","frozen","under_2_5","under_2_5_log_loss","tournament","within_tournament","euro2016",0.688513909954841,1,51,51,51,1
"phase09-baselines-frozen","uniform_1x2","open_core","frozen","under_2_5","under_2_5_log_loss","tournament","within_tournament","euro2020",0.69209359610148,1,51,51,51,1
"phase09-baselines-frozen","uniform_1x2","open_core","frozen","under_2_5","under_2_5_log_loss","tournament","within_tournament","euro2024",0.688374626397508,1,51,51,51,1
"phase09-baselines-frozen","uniform_1x2","open_core","frozen","under_2_5","under_2_5_log_loss","tournament","within_tournament","wc2002",0.700930077358731,1,64,64,64,1
"phase09-baselines-frozen","uniform_1x2","open_core","frozen","under_2_5","under_2_5_log_loss","tournament","within_tournament","wc2006",0.697409678732137,1,64,64,64,1
"phase09-baselines-frozen","uniform_1x2","open_core","frozen","under_2_5","under_2_5_log_loss","tournament","within_tournament","wc2010",0.693925988539098,1,64,64,64,1
"phase09-baselines-frozen","uniform_1x2","open_core","frozen","under_2_5","under_2_5_log_loss","tournament","within_tournament","wc2014",0.694043485453215,1,64,64,64,1
"phase09-baselines-frozen","uniform_1x2","open_core","frozen","under_2_5","under_2_5_log_loss","tournament","within_tournament","wc2018",0.691673404202488,1,64,64,64,1
"phase09-baselines-frozen","uniform_1x2","open_core","frozen","under_2_5","under_2_5_log_loss","tournament","within_tournament","wc2022",0.691812228776994,1,64,64,64,1
"phase09-baselines-frozen","uniform_1x2","open_core","frozen","regulation_1x2","winner_pick_accuracy","headline","equal_tournament","headline",0.339289479232553,12,630,630,630,1
"phase09-baselines-frozen","uniform_1x2","open_core","frozen","regulation_1x2","winner_pick_accuracy","headline","fixture_weighted","headline",0.338095238095238,12,630,630,630,1
"phase09-baselines-frozen","uniform_1x2","open_core","frozen","regulation_1x2","winner_pick_accuracy","tournament","within_tournament","euro2004",0.354838709677419,1,31,31,31,1
"phase09-baselines-frozen","uniform_1x2","open_core","frozen","regulation_1x2","winner_pick_accuracy","tournament","within_tournament","euro2008",0.451612903225806,1,31,31,31,1
"phase09-baselines-frozen","uniform_1x2","open_core","frozen","regulation_1x2","winner_pick_accuracy","tournament","within_tournament","euro2012",0.225806451612903,1,31,31,31,1
"phase09-baselines-frozen","uniform_1x2","open_core","frozen","regulation_1x2","winner_pick_accuracy","tournament","within_tournament","euro2016",0.392156862745098,1,51,51,51,1
"phase09-baselines-frozen","uniform_1x2","open_core","frozen","regulation_1x2","winner_pick_accuracy","tournament","within_tournament","euro2020",0.313725490196078,1,51,51,51,1
"phase09-baselines-frozen","uniform_1x2","open_core","frozen","regulation_1x2","winner_pick_accuracy","tournament","within_tournament","euro2024",0.333333333333333,1,51,51,51,1
"phase09-baselines-frozen","uniform_1x2","open_core","frozen","regulation_1x2","winner_pick_accuracy","tournament","within_tournament","wc2002",0.28125,1,64,64,64,1
"phase09-baselines-frozen","uniform_1x2","open_core","frozen","regulation_1x2","winner_pick_accuracy","tournament","within_tournament","wc2006",0.5,1,64,64,64,1
"phase09-baselines-frozen","uniform_1x2","open_core","frozen","regulation_1x2","winner_pick_accuracy","tournament","within_tournament","wc2010",0.34375,1,64,64,64,1
"phase09-baselines-frozen","uniform_1x2","open_core","frozen","regulation_1x2","winner_pick_accuracy","tournament","within_tournament","wc2014",0.265625,1,64,64,64,1
"phase09-baselines-frozen","uniform_1x2","open_core","frozen","regulation_1x2","winner_pick_accuracy","tournament","within_tournament","wc2018",0.375,1,64,64,64,1
"phase09-baselines-frozen","uniform_1x2","open_core","frozen","regulation_1x2","winner_pick_accuracy","tournament","within_tournament","wc2022",0.234375,1,64,64,64,1
"phase09-baselines-frozen","uniform_1x2","open_core","updating","away_goals","away_goal_rps","headline","equal_tournament","headline",0.576077708673508,12,630,630,630,1
"phase09-baselines-frozen","uniform_1x2","open_core","updating","away_goals","away_goal_rps","headline","fixture_weighted","headline",0.581156178612139,12,630,630,630,1
"phase09-baselines-frozen","uniform_1x2","open_core","updating","away_goals","away_goal_rps","tournament","within_tournament","euro2004",0.595880953531562,1,31,31,31,1
"phase09-baselines-frozen","uniform_1x2","open_core","updating","away_goals","away_goal_rps","tournament","within_tournament","euro2008",0.541624726361826,1,31,31,31,1
"phase09-baselines-frozen","uniform_1x2","open_core","updating","away_goals","away_goal_rps","tournament","within_tournament","euro2012",0.529054961594475,1,31,31,31,1
"phase09-baselines-frozen","uniform_1x2","open_core","updating","away_goals","away_goal_rps","tournament","within_tournament","euro2016",0.521642598518339,1,51,51,51,1
"phase09-baselines-frozen","uniform_1x2","open_core","updating","away_goals","away_goal_rps","tournament","within_tournament","euro2020",0.613397180708706,1,51,51,51,1
"phase09-baselines-frozen","uniform_1x2","open_core","updating","away_goals","away_goal_rps","tournament","within_tournament","euro2024",0.503636110504267,1,51,51,51,1
"phase09-baselines-frozen","uniform_1x2","open_core","updating","away_goals","away_goal_rps","tournament","within_tournament","wc2002",0.602123254332117,1,64,64,64,1
"phase09-baselines-frozen","uniform_1x2","open_core","updating","away_goals","away_goal_rps","tournament","within_tournament","wc2006",0.591569641480304,1,64,64,64,1
"phase09-baselines-frozen","uniform_1x2","open_core","updating","away_goals","away_goal_rps","tournament","within_tournament","wc2010",0.536157027881846,1,64,64,64,1
"phase09-baselines-frozen","uniform_1x2","open_core","updating","away_goals","away_goal_rps","tournament","within_tournament","wc2014",0.768835892031687,1,64,64,64,1
"phase09-baselines-frozen","uniform_1x2","open_core","updating","away_goals","away_goal_rps","tournament","within_tournament","wc2018",0.529523472940364,1,64,64,64,1
"phase09-baselines-frozen","uniform_1x2","open_core","updating","away_goals","away_goal_rps","tournament","within_tournament","wc2022",0.579486684196606,1,64,64,64,1
"phase09-baselines-frozen","uniform_1x2","open_core","updating","regulation_1x2","brier","headline","equal_tournament","headline",0.666666666666666,12,630,630,630,1
"phase09-baselines-frozen","uniform_1x2","open_core","updating","regulation_1x2","brier","headline","fixture_weighted","headline",0.666666666666666,12,630,630,630,1
"phase09-baselines-frozen","uniform_1x2","open_core","updating","regulation_1x2","brier","tournament","within_tournament","euro2004",0.666666666666666,1,31,31,31,1
"phase09-baselines-frozen","uniform_1x2","open_core","updating","regulation_1x2","brier","tournament","within_tournament","euro2008",0.666666666666663,1,31,31,31,1
"phase09-baselines-frozen","uniform_1x2","open_core","updating","regulation_1x2","brier","tournament","within_tournament","euro2012",0.666666666666667,1,31,31,31,1
"phase09-baselines-frozen","uniform_1x2","open_core","updating","regulation_1x2","brier","tournament","within_tournament","euro2016",0.666666666666665,1,51,51,51,1
"phase09-baselines-frozen","uniform_1x2","open_core","updating","regulation_1x2","brier","tournament","within_tournament","euro2020",0.666666666666664,1,51,51,51,1
"phase09-baselines-frozen","uniform_1x2","open_core","updating","regulation_1x2","brier","tournament","within_tournament","euro2024",0.666666666666667,1,51,51,51,1
"phase09-baselines-frozen","uniform_1x2","open_core","updating","regulation_1x2","brier","tournament","within_tournament","wc2002",0.666666666666666,1,64,64,64,1
"phase09-baselines-frozen","uniform_1x2","open_core","updating","regulation_1x2","brier","tournament","within_tournament","wc2006",0.666666666666668,1,64,64,64,1
"phase09-baselines-frozen","uniform_1x2","open_core","updating","regulation_1x2","brier","tournament","within_tournament","wc2010",0.666666666666668,1,64,64,64,1
"phase09-baselines-frozen","uniform_1x2","open_core","updating","regulation_1x2","brier","tournament","within_tournament","wc2014",0.666666666666667,1,64,64,64,1
"phase09-baselines-frozen","uniform_1x2","open_core","updating","regulation_1x2","brier","tournament","within_tournament","wc2018",0.666666666666664,1,64,64,64,1
"phase09-baselines-frozen","uniform_1x2","open_core","updating","regulation_1x2","brier","tournament","within_tournament","wc2022",0.66666666666667,1,64,64,64,1
"phase09-baselines-frozen","uniform_1x2","open_core","updating","btts","btts_brier","headline","equal_tournament","headline",0.251976834195596,12,630,630,630,1
"phase09-baselines-frozen","uniform_1x2","open_core","updating","btts","btts_brier","headline","fixture_weighted","headline",0.252123421416729,12,630,630,630,1
"phase09-baselines-frozen","uniform_1x2","open_core","updating","btts","btts_brier","tournament","within_tournament","euro2004",0.249999233512296,1,31,31,31,1
"phase09-baselines-frozen","uniform_1x2","open_core","updating","btts","btts_brier","tournament","within_tournament","euro2008",0.254724428495497,1,31,31,31,1
"phase09-baselines-frozen","uniform_1x2","open_core","updating","btts","btts_brier","tournament","within_tournament","euro2012",0.249747017648337,1,31,31,31,1
"phase09-baselines-frozen","uniform_1x2","open_core","updating","btts","btts_brier","tournament","within_tournament","euro2016",0.252777810062573,1,51,51,51,1
"phase09-baselines-frozen","uniform_1x2","open_core","updating","btts","btts_brier","tournament","within_tournament","euro2020",0.2501762257185,1,51,51,51,1
"phase09-baselines-frozen","uniform_1x2","open_core","updating","btts","btts_brier","tournament","within_tournament","euro2024",0.249578328913247,1,51,51,51,1
"phase09-baselines-frozen","uniform_1x2","open_core","updating","btts","btts_brier","tournament","within_tournament","wc2002",0.253751563427728,1,64,64,64,1
"phase09-baselines-frozen","uniform_1x2","open_core","updating","btts","btts_brier","tournament","within_tournament","wc2006",0.259114681870736,1,64,64,64,1
"phase09-baselines-frozen","uniform_1x2","open_core","updating","btts","btts_brier","tournament","within_tournament","wc2010",0.253219373161675,1,64,64,64,1
"phase09-baselines-frozen","uniform_1x2","open_core","updating","btts","btts_brier","tournament","within_tournament","wc2014",0.250242115903814,1,64,64,64,1
"phase09-baselines-frozen","uniform_1x2","open_core","updating","btts","btts_brier","tournament","within_tournament","wc2018",0.250103709875558,1,64,64,64,1
"phase09-baselines-frozen","uniform_1x2","open_core","updating","btts","btts_brier","tournament","within_tournament","wc2022",0.250287521757193,1,64,64,64,1
"phase09-baselines-frozen","uniform_1x2","open_core","updating","btts","btts_log_loss","headline","equal_tournament","headline",0.697105400712582,12,630,630,630,1
"phase09-baselines-frozen","uniform_1x2","open_core","updating","btts","btts_log_loss","headline","fixture_weighted","headline",0.697399024424314,12,630,630,630,1
"phase09-baselines-frozen","uniform_1x2","open_core","updating","btts","btts_log_loss","tournament","within_tournament","euro2004",0.693147088776055,1,31,31,31,1
"phase09-baselines-frozen","uniform_1x2","open_core","updating","btts","btts_log_loss","tournament","within_tournament","euro2008",0.70260467592645,1,31,31,31,1
"phase09-baselines-frozen","uniform_1x2","open_core","updating","btts","btts_log_loss","tournament","within_tournament","euro2012",0.692641143595967,1,31,31,31,1
"phase09-baselines-frozen","uniform_1x2","open_core","updating","btts","btts_log_loss","tournament","within_tournament","euro2016",0.698703931480875,1,51,51,51,1
"phase09-baselines-frozen","uniform_1x2","open_core","updating","btts","btts_log_loss","tournament","within_tournament","euro2020",0.69349965543505,1,51,51,51,1
"phase09-baselines-frozen","uniform_1x2","open_core","updating","btts","btts_log_loss","tournament","within_tournament","euro2024",0.692303827399134,1,51,51,51,1
"phase09-baselines-frozen","uniform_1x2","open_core","updating","btts","btts_log_loss","tournament","within_tournament","wc2002",0.700667083949803,1,64,64,64,1
"phase09-baselines-frozen","uniform_1x2","open_core","updating","btts","btts_log_loss","tournament","within_tournament","wc2006",0.711398511058897,1,64,64,64,1
"phase09-baselines-frozen","uniform_1x2","open_core","updating","btts","btts_log_loss","tournament","within_tournament","wc2010",0.699590361891591,1,64,64,64,1
"phase09-baselines-frozen","uniform_1x2","open_core","updating","btts","btts_log_loss","tournament","within_tournament","wc2014",0.693631646977279,1,64,64,64,1
"phase09-baselines-frozen","uniform_1x2","open_core","updating","btts","btts_log_loss","tournament","within_tournament","wc2018",0.693354643325674,1,64,64,64,1
"phase09-baselines-frozen","uniform_1x2","open_core","updating","btts","btts_log_loss","tournament","within_tournament","wc2022",0.693722238734207,1,64,64,64,1
"phase09-baselines-frozen","uniform_1x2","open_core","updating","regulation_1x2","calibration_error","headline","fixed_equal_tournament_bins","headline",0.0386007449574812,12,630,630,630,1
"phase09-baselines-frozen","uniform_1x2","open_core","updating","regulation_scoreline","exact_score_hit","headline","equal_tournament","headline",0.135633268764495,12,630,630,630,1
"phase09-baselines-frozen","uniform_1x2","open_core","updating","regulation_scoreline","exact_score_hit","headline","fixture_weighted","headline",0.133333333333333,12,630,630,630,1
"phase09-baselines-frozen","uniform_1x2","open_core","updating","regulation_scoreline","exact_score_hit","tournament","within_tournament","euro2004",0.129032258064516,1,31,31,31,1
"phase09-baselines-frozen","uniform_1x2","open_core","updating","regulation_scoreline","exact_score_hit","tournament","within_tournament","euro2008",0.0967741935483871,1,31,31,31,1
"phase09-baselines-frozen","uniform_1x2","open_core","updating","regulation_scoreline","exact_score_hit","tournament","within_tournament","euro2012",0.161290322580645,1,31,31,31,1
"phase09-baselines-frozen","uniform_1x2","open_core","updating","regulation_scoreline","exact_score_hit","tournament","within_tournament","euro2016",0.156862745098039,1,51,51,51,1
"phase09-baselines-frozen","uniform_1x2","open_core","updating","regulation_scoreline","exact_score_hit","tournament","within_tournament","euro2020",0.176470588235294,1,51,51,51,1
"phase09-baselines-frozen","uniform_1x2","open_core","updating","regulation_scoreline","exact_score_hit","tournament","within_tournament","euro2024",0.235294117647059,1,51,51,51,1
"phase09-baselines-frozen","uniform_1x2","open_core","updating","regulation_scoreline","exact_score_hit","tournament","within_tournament","wc2002",0.1875,1,64,64,64,1
"phase09-baselines-frozen","uniform_1x2","open_core","updating","regulation_scoreline","exact_score_hit","tournament","within_tournament","wc2006",0.09375,1,64,64,64,1
"phase09-baselines-frozen","uniform_1x2","open_core","updating","regulation_scoreline","exact_score_hit","tournament","within_tournament","wc2010",0.125,1,64,64,64,1
"phase09-baselines-frozen","uniform_1x2","open_core","updating","regulation_scoreline","exact_score_hit","tournament","within_tournament","wc2014",0.0625,1,64,64,64,1
"phase09-baselines-frozen","uniform_1x2","open_core","updating","regulation_scoreline","exact_score_hit","tournament","within_tournament","wc2018",0.140625,1,64,64,64,1
"phase09-baselines-frozen","uniform_1x2","open_core","updating","regulation_scoreline","exact_score_hit","tournament","within_tournament","wc2022",0.0625,1,64,64,64,1
"phase09-baselines-frozen","uniform_1x2","open_core","updating","home_goals","home_goal_rps","headline","equal_tournament","headline",0.673928840013936,12,630,630,630,1
"phase09-baselines-frozen","uniform_1x2","open_core","updating","home_goals","home_goal_rps","headline","fixture_weighted","headline",0.67738018435869,12,630,630,630,1
"phase09-baselines-frozen","uniform_1x2","open_core","updating","home_goals","home_goal_rps","tournament","within_tournament","euro2004",0.642246919516885,1,31,31,31,1
"phase09-baselines-frozen","uniform_1x2","open_core","updating","home_goals","home_goal_rps","tournament","within_tournament","euro2008",0.697179199658787,1,31,31,31,1
"phase09-baselines-frozen","uniform_1x2","open_core","updating","home_goals","home_goal_rps","tournament","within_tournament","euro2012",0.66381847982594,1,31,31,31,1
"phase09-baselines-frozen","uniform_1x2","open_core","updating","home_goals","home_goal_rps","tournament","within_tournament","euro2016",0.63231637134106,1,51,51,51,1
"phase09-baselines-frozen","uniform_1x2","open_core","updating","home_goals","home_goal_rps","tournament","within_tournament","euro2020",0.689519526474827,1,51,51,51,1
"phase09-baselines-frozen","uniform_1x2","open_core","updating","home_goals","home_goal_rps","tournament","within_tournament","euro2024",0.579761118928339,1,51,51,51,1
"phase09-baselines-frozen","uniform_1x2","open_core","updating","home_goals","home_goal_rps","tournament","within_tournament","wc2002",0.674207515223812,1,64,64,64,1
"phase09-baselines-frozen","uniform_1x2","open_core","updating","home_goals","home_goal_rps","tournament","within_tournament","wc2006",0.703594724990536,1,64,64,64,1
"phase09-baselines-frozen","uniform_1x2","open_core","updating","home_goals","home_goal_rps","tournament","within_tournament","wc2010",0.700022482725147,1,64,64,64,1
"phase09-baselines-frozen","uniform_1x2","open_core","updating","home_goals","home_goal_rps","tournament","within_tournament","wc2014",0.614581974200267,1,64,64,64,1
"phase09-baselines-frozen","uniform_1x2","open_core","updating","home_goals","home_goal_rps","tournament","within_tournament","wc2018",0.690541813942906,1,64,64,64,1
"phase09-baselines-frozen","uniform_1x2","open_core","updating","home_goals","home_goal_rps","tournament","within_tournament","wc2022",0.799355953338726,1,64,64,64,1
"phase09-baselines-frozen","uniform_1x2","open_core","updating","regulation_scoreline","joint_scoreline_log_loss","headline","equal_tournament","headline",2.94704675018021,12,630,630,630,1
"phase09-baselines-frozen","uniform_1x2","open_core","updating","regulation_scoreline","joint_scoreline_log_loss","headline","fixture_weighted","headline",2.95626382492098,12,630,630,630,1
"phase09-baselines-frozen","uniform_1x2","open_core","updating","regulation_scoreline","joint_scoreline_log_loss","tournament","within_tournament","euro2004",2.88189138052924,1,31,31,31,1
"phase09-baselines-frozen","uniform_1x2","open_core","updating","regulation_scoreline","joint_scoreline_log_loss","tournament","within_tournament","euro2008",2.97564394480757,1,31,31,31,1
"phase09-baselines-frozen","uniform_1x2","open_core","updating","regulation_scoreline","joint_scoreline_log_loss","tournament","within_tournament","euro2012",2.91777139456363,1,31,31,31,1
"phase09-baselines-frozen","uniform_1x2","open_core","updating","regulation_scoreline","joint_scoreline_log_loss","tournament","within_tournament","euro2016",2.79881516831826,1,51,51,51,1
"phase09-baselines-frozen","uniform_1x2","open_core","updating","regulation_scoreline","joint_scoreline_log_loss","tournament","within_tournament","euro2020",3.02970830716975,1,51,51,51,1
"phase09-baselines-frozen","uniform_1x2","open_core","updating","regulation_scoreline","joint_scoreline_log_loss","tournament","within_tournament","euro2024",2.7330590384715,1,51,51,51,1
"phase09-baselines-frozen","uniform_1x2","open_core","updating","regulation_scoreline","joint_scoreline_log_loss","tournament","within_tournament","wc2002",2.96886284606322,1,64,64,64,1
"phase09-baselines-frozen","uniform_1x2","open_core","updating","regulation_scoreline","joint_scoreline_log_loss","tournament","within_tournament","wc2006",2.96706654011758,1,64,64,64,1
"phase09-baselines-frozen","uniform_1x2","open_core","updating","regulation_scoreline","joint_scoreline_log_loss","tournament","within_tournament","wc2010",2.88385887390599,1,64,64,64,1
"phase09-baselines-frozen","uniform_1x2","open_core","updating","regulation_scoreline","joint_scoreline_log_loss","tournament","within_tournament","wc2014",3.09482436522386,1,64,64,64,1
"phase09-baselines-frozen","uniform_1x2","open_core","updating","regulation_scoreline","joint_scoreline_log_loss","tournament","within_tournament","wc2018",3.00691980770519,1,64,64,64,1
"phase09-baselines-frozen","uniform_1x2","open_core","updating","regulation_scoreline","joint_scoreline_log_loss","tournament","within_tournament","wc2022",3.10613933528675,1,64,64,64,1
"phase09-baselines-frozen","uniform_1x2","open_core","updating","regulation_1x2","log_loss","headline","equal_tournament","headline",1.09861228866811,12,630,630,630,1
"phase09-baselines-frozen","uniform_1x2","open_core","updating","regulation_1x2","log_loss","headline","fixture_weighted","headline",1.09861228866811,12,630,630,630,1
"phase09-baselines-frozen","uniform_1x2","open_core","updating","regulation_1x2","log_loss","tournament","within_tournament","euro2004",1.09861228866811,1,31,31,31,1
"phase09-baselines-frozen","uniform_1x2","open_core","updating","regulation_1x2","log_loss","tournament","within_tournament","euro2008",1.0986122886681,1,31,31,31,1
"phase09-baselines-frozen","uniform_1x2","open_core","updating","regulation_1x2","log_loss","tournament","within_tournament","euro2012",1.09861228866811,1,31,31,31,1
"phase09-baselines-frozen","uniform_1x2","open_core","updating","regulation_1x2","log_loss","tournament","within_tournament","euro2016",1.09861228866811,1,51,51,51,1
"phase09-baselines-frozen","uniform_1x2","open_core","updating","regulation_1x2","log_loss","tournament","within_tournament","euro2020",1.0986122886681,1,51,51,51,1
"phase09-baselines-frozen","uniform_1x2","open_core","updating","regulation_1x2","log_loss","tournament","within_tournament","euro2024",1.0986122886681,1,51,51,51,1
"phase09-baselines-frozen","uniform_1x2","open_core","updating","regulation_1x2","log_loss","tournament","within_tournament","wc2002",1.09861228866811,1,64,64,64,1
"phase09-baselines-frozen","uniform_1x2","open_core","updating","regulation_1x2","log_loss","tournament","within_tournament","wc2006",1.09861228866811,1,64,64,64,1
"phase09-baselines-frozen","uniform_1x2","open_core","updating","regulation_1x2","log_loss","tournament","within_tournament","wc2010",1.09861228866811,1,64,64,64,1
"phase09-baselines-frozen","uniform_1x2","open_core","updating","regulation_1x2","log_loss","tournament","within_tournament","wc2014",1.09861228866812,1,64,64,64,1
"phase09-baselines-frozen","uniform_1x2","open_core","updating","regulation_1x2","log_loss","tournament","within_tournament","wc2018",1.09861228866811,1,64,64,64,1
"phase09-baselines-frozen","uniform_1x2","open_core","updating","regulation_1x2","log_loss","tournament","within_tournament","wc2022",1.09861228866812,1,64,64,64,1
"phase09-baselines-frozen","uniform_1x2","open_core","updating","over_2_5","over_2_5_brier","headline","equal_tournament","headline",0.250065354856166,12,630,630,630,1
"phase09-baselines-frozen","uniform_1x2","open_core","updating","over_2_5","over_2_5_brier","headline","fixture_weighted","headline",0.250152965744548,12,630,630,630,1
"phase09-baselines-frozen","uniform_1x2","open_core","updating","over_2_5","over_2_5_brier","tournament","within_tournament","euro2004",0.249767277078379,1,31,31,31,1
"phase09-baselines-frozen","uniform_1x2","open_core","updating","over_2_5","over_2_5_brier","tournament","within_tournament","euro2008",0.251178458634042,1,31,31,31,1
"phase09-baselines-frozen","uniform_1x2","open_core","updating","over_2_5","over_2_5_brier","tournament","within_tournament","euro2012",0.249732685000795,1,31,31,31,1
"phase09-baselines-frozen","uniform_1x2","open_core","updating","over_2_5","over_2_5_brier","tournament","within_tournament","euro2016",0.247648313723174,1,51,51,51,1
"phase09-baselines-frozen","uniform_1x2","open_core","updating","over_2_5","over_2_5_brier","tournament","within_tournament","euro2020",0.24947320241933,1,51,51,51,1
"phase09-baselines-frozen","uniform_1x2","open_core","updating","over_2_5","over_2_5_brier","tournament","within_tournament","euro2024",0.24760434746778,1,51,51,51,1
"phase09-baselines-frozen","uniform_1x2","open_core","updating","over_2_5","over_2_5_brier","tournament","within_tournament","wc2002",0.253843997395253,1,64,64,64,1
"phase09-baselines-frozen","uniform_1x2","open_core","updating","over_2_5","over_2_5_brier","tournament","within_tournament","wc2006",0.252104252861662,1,64,64,64,1
"phase09-baselines-frozen","uniform_1x2","open_core","updating","over_2_5","over_2_5_brier","tournament","within_tournament","wc2010",0.250378637644288,1,64,64,64,1
"phase09-baselines-frozen","uniform_1x2","open_core","updating","over_2_5","over_2_5_brier","tournament","within_tournament","wc2014",0.250447055529662,1,64,64,64,1
"phase09-baselines-frozen","uniform_1x2","open_core","updating","over_2_5","over_2_5_brier","tournament","within_tournament","wc2018",0.249267018615582,1,64,64,64,1
"phase09-baselines-frozen","uniform_1x2","open_core","updating","over_2_5","over_2_5_brier","tournament","within_tournament","wc2022",0.24933901190404,1,64,64,64,1
"phase09-baselines-frozen","uniform_1x2","open_core","updating","over_2_5","over_2_5_log_loss","headline","equal_tournament","headline",0.693277935465303,12,630,630,630,1
"phase09-baselines-frozen","uniform_1x2","open_core","updating","over_2_5","over_2_5_log_loss","headline","fixture_weighted","headline",0.693453203169478,12,630,630,630,1
"phase09-baselines-frozen","uniform_1x2","open_core","updating","over_2_5","over_2_5_log_loss","tournament","within_tournament","euro2004",0.692681679914454,1,31,31,31,1
"phase09-baselines-frozen","uniform_1x2","open_core","updating","over_2_5","over_2_5_log_loss","tournament","within_tournament","euro2008",0.695504181011242,1,31,31,31,1
"phase09-baselines-frozen","uniform_1x2","open_core","updating","over_2_5","over_2_5_log_loss","tournament","within_tournament","euro2012",0.692612548573416,1,31,31,31,1
"phase09-baselines-frozen","uniform_1x2","open_core","updating","over_2_5","over_2_5_log_loss","tournament","within_tournament","euro2016",0.688443485345789,1,51,51,51,1
"phase09-baselines-frozen","uniform_1x2","open_core","updating","over_2_5","over_2_5_log_loss","tournament","within_tournament","euro2020",0.69209343456244,1,51,51,51,1
"phase09-baselines-frozen","uniform_1x2","open_core","updating","over_2_5","over_2_5_log_loss","tournament","within_tournament","euro2024",0.688354536023374,1,51,51,51,1
"phase09-baselines-frozen","uniform_1x2","open_core","updating","over_2_5","over_2_5_log_loss","tournament","within_tournament","wc2002",0.700837400835919,1,64,64,64,1
"phase09-baselines-frozen","uniform_1x2","open_core","updating","over_2_5","over_2_5_log_loss","tournament","within_tournament","wc2006",0.697356174168231,1,64,64,64,1
"phase09-baselines-frozen","uniform_1x2","open_core","updating","over_2_5","over_2_5_log_loss","tournament","within_tournament","wc2010",0.693904459893198,1,64,64,64,1
"phase09-baselines-frozen","uniform_1x2","open_core","updating","over_2_5","over_2_5_log_loss","tournament","within_tournament","wc2014",0.694041316850299,1,64,64,64,1
"phase09-baselines-frozen","uniform_1x2","open_core","updating","over_2_5","over_2_5_log_loss","tournament","within_tournament","wc2018",0.691681080266193,1,64,64,64,1
"phase09-baselines-frozen","uniform_1x2","open_core","updating","over_2_5","over_2_5_log_loss","tournament","within_tournament","wc2022",0.691824928139084,1,64,64,64,1
"phase09-baselines-frozen","uniform_1x2","open_core","updating","regulation_1x2","rps","headline","equal_tournament","headline",0.231434811827957,12,630,630,630,1
"phase09-baselines-frozen","uniform_1x2","open_core","updating","regulation_1x2","rps","headline","fixture_weighted","headline",0.231481481481481,12,630,630,630,1
"phase09-baselines-frozen","uniform_1x2","open_core","updating","regulation_1x2","rps","tournament","within_tournament","euro2004",0.218637992831541,1,31,31,31,1
"phase09-baselines-frozen","uniform_1x2","open_core","updating","regulation_1x2","rps","tournament","within_tournament","euro2008",0.245519713261649,1,31,31,31,1
"phase09-baselines-frozen","uniform_1x2","open_core","updating","regulation_1x2","rps","tournament","within_tournament","euro2012",0.240143369175628,1,31,31,31,1
"phase09-baselines-frozen","uniform_1x2","open_core","updating","regulation_1x2","rps","tournament","within_tournament","euro2016",0.225490196078429,1,51,51,51,1
"phase09-baselines-frozen","uniform_1x2","open_core","updating","regulation_1x2","rps","tournament","within_tournament","euro2020",0.22549019607843,1,51,51,51,1
"phase09-baselines-frozen","uniform_1x2","open_core","updating","regulation_1x2","rps","tournament","within_tournament","euro2024",0.215686274509804,1,51,51,51,1
"phase09-baselines-frozen","uniform_1x2","open_core","updating","regulation_1x2","rps","tournament","within_tournament","wc2002",0.228298611111111,1,64,64,64,1
"phase09-baselines-frozen","uniform_1x2","open_core","updating","regulation_1x2","rps","tournament","within_tournament","wc2006",0.233506944444443,1,64,64,64,1
"phase09-baselines-frozen","uniform_1x2","open_core","updating","regulation_1x2","rps","tournament","within_tournament","wc2010",0.230902777777778,1,64,64,64,1
"phase09-baselines-frozen","uniform_1x2","open_core","updating","regulation_1x2","rps","tournament","within_tournament","wc2014",0.233506944444444,1,64,64,64,1
"phase09-baselines-frozen","uniform_1x2","open_core","updating","regulation_1x2","rps","tournament","within_tournament","wc2018",0.241319444444444,1,64,64,64,1
"phase09-baselines-frozen","uniform_1x2","open_core","updating","regulation_1x2","rps","tournament","within_tournament","wc2022",0.238715277777779,1,64,64,64,1
"phase09-baselines-frozen","uniform_1x2","open_core","updating","under_2_5","under_2_5_brier","headline","equal_tournament","headline",0.250065354856165,12,630,630,630,1
"phase09-baselines-frozen","uniform_1x2","open_core","updating","under_2_5","under_2_5_brier","headline","fixture_weighted","headline",0.250152965744548,12,630,630,630,1
"phase09-baselines-frozen","uniform_1x2","open_core","updating","under_2_5","under_2_5_brier","tournament","within_tournament","euro2004",0.24976727707838,1,31,31,31,1
"phase09-baselines-frozen","uniform_1x2","open_core","updating","under_2_5","under_2_5_brier","tournament","within_tournament","euro2008",0.251178458634043,1,31,31,31,1
"phase09-baselines-frozen","uniform_1x2","open_core","updating","under_2_5","under_2_5_brier","tournament","within_tournament","euro2012",0.249732685000797,1,31,31,31,1
"phase09-baselines-frozen","uniform_1x2","open_core","updating","under_2_5","under_2_5_brier","tournament","within_tournament","euro2016",0.247648313723175,1,51,51,51,1
"phase09-baselines-frozen","uniform_1x2","open_core","updating","under_2_5","under_2_5_brier","tournament","within_tournament","euro2020",0.24947320241933,1,51,51,51,1
"phase09-baselines-frozen","uniform_1x2","open_core","updating","under_2_5","under_2_5_brier","tournament","within_tournament","euro2024",0.24760434746778,1,51,51,51,1
"phase09-baselines-frozen","uniform_1x2","open_core","updating","under_2_5","under_2_5_brier","tournament","within_tournament","wc2002",0.253843997395256,1,64,64,64,1
"phase09-baselines-frozen","uniform_1x2","open_core","updating","under_2_5","under_2_5_brier","tournament","within_tournament","wc2006",0.25210425286166,1,64,64,64,1
"phase09-baselines-frozen","uniform_1x2","open_core","updating","under_2_5","under_2_5_brier","tournament","within_tournament","wc2010",0.250378637644285,1,64,64,64,1
"phase09-baselines-frozen","uniform_1x2","open_core","updating","under_2_5","under_2_5_brier","tournament","within_tournament","wc2014",0.250447055529661,1,64,64,64,1
"phase09-baselines-frozen","uniform_1x2","open_core","updating","under_2_5","under_2_5_brier","tournament","within_tournament","wc2018",0.24926701861558,1,64,64,64,1
"phase09-baselines-frozen","uniform_1x2","open_core","updating","under_2_5","under_2_5_brier","tournament","within_tournament","wc2022",0.249339011904039,1,64,64,64,1
"phase09-baselines-frozen","uniform_1x2","open_core","updating","under_2_5","under_2_5_log_loss","headline","equal_tournament","headline",0.693277935465303,12,630,630,630,1
"phase09-baselines-frozen","uniform_1x2","open_core","updating","under_2_5","under_2_5_log_loss","headline","fixture_weighted","headline",0.693453203169478,12,630,630,630,1
"phase09-baselines-frozen","uniform_1x2","open_core","updating","under_2_5","under_2_5_log_loss","tournament","within_tournament","euro2004",0.692681679914456,1,31,31,31,1
"phase09-baselines-frozen","uniform_1x2","open_core","updating","under_2_5","under_2_5_log_loss","tournament","within_tournament","euro2008",0.695504181011243,1,31,31,31,1
"phase09-baselines-frozen","uniform_1x2","open_core","updating","under_2_5","under_2_5_log_loss","tournament","within_tournament","euro2012",0.69261254857342,1,31,31,31,1
"phase09-baselines-frozen","uniform_1x2","open_core","updating","under_2_5","under_2_5_log_loss","tournament","within_tournament","euro2016",0.68844348534579,1,51,51,51,1
"phase09-baselines-frozen","uniform_1x2","open_core","updating","under_2_5","under_2_5_log_loss","tournament","within_tournament","euro2020",0.692093434562441,1,51,51,51,1
"phase09-baselines-frozen","uniform_1x2","open_core","updating","under_2_5","under_2_5_log_loss","tournament","within_tournament","euro2024",0.688354536023373,1,51,51,51,1
"phase09-baselines-frozen","uniform_1x2","open_core","updating","under_2_5","under_2_5_log_loss","tournament","within_tournament","wc2002",0.700837400835924,1,64,64,64,1
"phase09-baselines-frozen","uniform_1x2","open_core","updating","under_2_5","under_2_5_log_loss","tournament","within_tournament","wc2006",0.697356174168228,1,64,64,64,1
"phase09-baselines-frozen","uniform_1x2","open_core","updating","under_2_5","under_2_5_log_loss","tournament","within_tournament","wc2010",0.693904459893191,1,64,64,64,1
"phase09-baselines-frozen","uniform_1x2","open_core","updating","under_2_5","under_2_5_log_loss","tournament","within_tournament","wc2014",0.694041316850296,1,64,64,64,1
"phase09-baselines-frozen","uniform_1x2","open_core","updating","under_2_5","under_2_5_log_loss","tournament","within_tournament","wc2018",0.69168108026619,1,64,64,64,1
"phase09-baselines-frozen","uniform_1x2","open_core","updating","under_2_5","under_2_5_log_loss","tournament","within_tournament","wc2022",0.691824928139082,1,64,64,64,1
"phase09-baselines-frozen","uniform_1x2","open_core","updating","regulation_1x2","winner_pick_accuracy","headline","equal_tournament","headline",0.343078780571368,12,630,630,630,1
"phase09-baselines-frozen","uniform_1x2","open_core","updating","regulation_1x2","winner_pick_accuracy","headline","fixture_weighted","headline",0.342857142857143,12,630,630,630,1
"phase09-baselines-frozen","uniform_1x2","open_core","updating","regulation_1x2","winner_pick_accuracy","tournament","within_tournament","euro2004",0.32258064516129,1,31,31,31,1
"phase09-baselines-frozen","uniform_1x2","open_core","updating","regulation_1x2","winner_pick_accuracy","tournament","within_tournament","euro2008",0.354838709677419,1,31,31,31,1
"phase09-baselines-frozen","uniform_1x2","open_core","updating","regulation_1x2","winner_pick_accuracy","tournament","within_tournament","euro2012",0.290322580645161,1,31,31,31,1
"phase09-baselines-frozen","uniform_1x2","open_core","updating","regulation_1x2","winner_pick_accuracy","tournament","within_tournament","euro2016",0.450980392156863,1,51,51,51,1
"phase09-baselines-frozen","uniform_1x2","open_core","updating","regulation_1x2","winner_pick_accuracy","tournament","within_tournament","euro2020",0.372549019607843,1,51,51,51,1
"phase09-baselines-frozen","uniform_1x2","open_core","updating","regulation_1x2","winner_pick_accuracy","tournament","within_tournament","euro2024",0.372549019607843,1,51,51,51,1
"phase09-baselines-frozen","uniform_1x2","open_core","updating","regulation_1x2","winner_pick_accuracy","tournament","within_tournament","wc2002",0.3125,1,64,64,64,1
"phase09-baselines-frozen","uniform_1x2","open_core","updating","regulation_1x2","winner_pick_accuracy","tournament","within_tournament","wc2006",0.296875,1,64,64,64,1
"phase09-baselines-frozen","uniform_1x2","open_core","updating","regulation_1x2","winner_pick_accuracy","tournament","within_tournament","wc2010",0.34375,1,64,64,64,1
"phase09-baselines-frozen","uniform_1x2","open_core","updating","regulation_1x2","winner_pick_accuracy","tournament","within_tournament","wc2014",0.28125,1,64,64,64,1
"phase09-baselines-frozen","uniform_1x2","open_core","updating","regulation_1x2","winner_pick_accuracy","tournament","within_tournament","wc2018",0.40625,1,64,64,64,1
"phase09-baselines-frozen","uniform_1x2","open_core","updating","regulation_1x2","winner_pick_accuracy","tournament","within_tournament","wc2022",0.3125,1,64,64,64,1
