"challenger_id","baseline_id","comparison_panel_id","track_id","metric","target","active_feature_set","parent_hashes","diagnostic","edition_id","omitted_edition_id","competition_id","candidate_estimate","baseline_estimate","delta","paired_fixture_count","lower","upper","fold_wins","world_cup_wins","euro_wins","maximum_fold_regression","selection_protocol_sha256"
"dynamic_goal_ability","production_hybrid_nb","feature_rich","updating","rps","regulation_1x2","dynamic_attack|dynamic_defence|venue","d0f4469931258b3cbf0324b3e72519d44bc09c77e9776dc11ef58a87854f58ec","fold","wc2006","","world_cup",0.205304948359199,0.16156832841848,0.0437366199407185,64,,,,,,,"bcdc7ac0fbd7ac7aa59902f6bc0c3b7c78ea4d6bc41006eb15ac5aa0ad9a567b"
"dynamic_goal_ability","open_nb_incumbent","open_core","updating","rps","regulation_1x2","dynamic_attack|dynamic_defence|venue","d0f4469931258b3cbf0324b3e72519d44bc09c77e9776dc11ef58a87854f58ec","fold","wc2006","","world_cup",0.205304948359199,0.172063371721106,0.0332415766380923,64,,,,,,,"bcdc7ac0fbd7ac7aa59902f6bc0c3b7c78ea4d6bc41006eb15ac5aa0ad9a567b"
"dynamic_goal_ability","elo_goal_nb","open_core","updating","rps","regulation_1x2","dynamic_attack|dynamic_defence|venue","d0f4469931258b3cbf0324b3e72519d44bc09c77e9776dc11ef58a87854f58ec","fold","wc2006","","world_cup",0.205304948359199,0.176875218107772,0.0284297302514268,64,,,,,,,"bcdc7ac0fbd7ac7aa59902f6bc0c3b7c78ea4d6bc41006eb15ac5aa0ad9a567b"
"dynamic_goal_ability","elo_goal_nb","open_core","updating","rps","regulation_1x2","dynamic_attack|dynamic_defence|venue","d0f4469931258b3cbf0324b3e72519d44bc09c77e9776dc11ef58a87854f58ec","fold","euro2020","","euro",0.183915775851913,0.186749893915214,-0.00283411806330096,51,,,,,,,"bcdc7ac0fbd7ac7aa59902f6bc0c3b7c78ea4d6bc41006eb15ac5aa0ad9a567b"
"dynamic_goal_ability","production_hybrid_nb","feature_rich","frozen","rps","regulation_1x2","dynamic_attack|dynamic_defence|venue","d0f4469931258b3cbf0324b3e72519d44bc09c77e9776dc11ef58a87854f58ec","fold","wc2006","","world_cup",0.213560175830328,0.188463269228388,0.0250969066019405,64,,,,,,,"bcdc7ac0fbd7ac7aa59902f6bc0c3b7c78ea4d6bc41006eb15ac5aa0ad9a567b"
"dynamic_goal_ability","open_nb_incumbent","open_core","updating","rps","regulation_1x2","dynamic_attack|dynamic_defence|venue","d0f4469931258b3cbf0324b3e72519d44bc09c77e9776dc11ef58a87854f58ec","fold","euro2020","","euro",0.183915775851913,0.189838248406632,-0.0059224725547194,51,,,,,,,"bcdc7ac0fbd7ac7aa59902f6bc0c3b7c78ea4d6bc41006eb15ac5aa0ad9a567b"
"dynamic_goal_ability","elo_goal_nb","open_core","updating","rps","regulation_1x2","dynamic_attack|dynamic_defence|venue","d0f4469931258b3cbf0324b3e72519d44bc09c77e9776dc11ef58a87854f58ec","fold","wc2010","","world_cup",0.211289325785122,0.190682324027093,0.0206070017580282,64,,,,,,,"bcdc7ac0fbd7ac7aa59902f6bc0c3b7c78ea4d6bc41006eb15ac5aa0ad9a567b"
"dynamic_goal_ability","open_nb_incumbent","open_core","updating","rps","regulation_1x2","dynamic_attack|dynamic_defence|venue","d0f4469931258b3cbf0324b3e72519d44bc09c77e9776dc11ef58a87854f58ec","fold","wc2010","","world_cup",0.211289325785122,0.193443758892585,0.0178455668925361,64,,,,,,,"bcdc7ac0fbd7ac7aa59902f6bc0c3b7c78ea4d6bc41006eb15ac5aa0ad9a567b"
"dynamic_goal_ability","production_hybrid_nb","feature_rich","updating","rps","regulation_1x2","dynamic_attack|dynamic_defence|venue","d0f4469931258b3cbf0324b3e72519d44bc09c77e9776dc11ef58a87854f58ec","fold","euro2004","","euro",0.198391586861155,0.19427801853155,0.00411356832960511,31,,,,,,,"bcdc7ac0fbd7ac7aa59902f6bc0c3b7c78ea4d6bc41006eb15ac5aa0ad9a567b"
"dynamic_goal_ability","open_nb_incumbent","open_core","updating","rps","regulation_1x2","dynamic_attack|dynamic_defence|venue","d0f4469931258b3cbf0324b3e72519d44bc09c77e9776dc11ef58a87854f58ec","fold","euro2004","","euro",0.198391586861155,0.195865014321776,0.00252657253937955,31,,,,,,,"bcdc7ac0fbd7ac7aa59902f6bc0c3b7c78ea4d6bc41006eb15ac5aa0ad9a567b"
"dynamic_goal_ability","production_hybrid_nb","feature_rich","updating","rps","regulation_1x2","dynamic_attack|dynamic_defence|venue","d0f4469931258b3cbf0324b3e72519d44bc09c77e9776dc11ef58a87854f58ec","fold","euro2020","","euro",0.181395097127909,0.197183259920055,-0.0157881627921461,48,,,,,,,"bcdc7ac0fbd7ac7aa59902f6bc0c3b7c78ea4d6bc41006eb15ac5aa0ad9a567b"
"dynamic_goal_ability","elo_goal_nb","open_core","updating","rps","regulation_1x2","dynamic_attack|dynamic_defence|venue","d0f4469931258b3cbf0324b3e72519d44bc09c77e9776dc11ef58a87854f58ec","fold","euro2004","","euro",0.198391586861155,0.197820059462055,0.000571527399100485,31,,,,,,,"bcdc7ac0fbd7ac7aa59902f6bc0c3b7c78ea4d6bc41006eb15ac5aa0ad9a567b"
"dynamic_goal_ability","elo_goal_nb","open_core","updating","rps","regulation_1x2","dynamic_attack|dynamic_defence|venue","d0f4469931258b3cbf0324b3e72519d44bc09c77e9776dc11ef58a87854f58ec","fold","euro2024","","euro",0.19746150941383,0.198729036829663,-0.00126752741583275,51,,,,,,,"bcdc7ac0fbd7ac7aa59902f6bc0c3b7c78ea4d6bc41006eb15ac5aa0ad9a567b"
"dynamic_goal_ability","production_hybrid_nb","feature_rich","updating","rps","regulation_1x2","dynamic_attack|dynamic_defence|venue","d0f4469931258b3cbf0324b3e72519d44bc09c77e9776dc11ef58a87854f58ec","fold","euro2024","","euro",0.19746150941383,0.199220209587878,-0.00175870017404749,51,,,,,,,"bcdc7ac0fbd7ac7aa59902f6bc0c3b7c78ea4d6bc41006eb15ac5aa0ad9a567b"
"dynamic_goal_ability","open_nb_incumbent","open_core","updating","rps","regulation_1x2","dynamic_attack|dynamic_defence|venue","d0f4469931258b3cbf0324b3e72519d44bc09c77e9776dc11ef58a87854f58ec","fold","euro2024","","euro",0.19746150941383,0.199838110521063,-0.00237660110723284,51,,,,,,,"bcdc7ac0fbd7ac7aa59902f6bc0c3b7c78ea4d6bc41006eb15ac5aa0ad9a567b"
"dynamic_goal_ability","elo_goal_nb","open_core","updating","rps","regulation_1x2","dynamic_attack|dynamic_defence|venue","d0f4469931258b3cbf0324b3e72519d44bc09c77e9776dc11ef58a87854f58ec","fold","wc2018","","world_cup",0.215597178590357,0.200189175461847,0.0154080031285104,64,,,,,,,"bcdc7ac0fbd7ac7aa59902f6bc0c3b7c78ea4d6bc41006eb15ac5aa0ad9a567b"
"dynamic_goal_ability","production_hybrid_nb","feature_rich","frozen","rps","regulation_1x2","dynamic_attack|dynamic_defence|venue","d0f4469931258b3cbf0324b3e72519d44bc09c77e9776dc11ef58a87854f58ec","fold","euro2004","","euro",0.201706974497521,0.201390384066637,0.000316590430883175,31,,,,,,,"bcdc7ac0fbd7ac7aa59902f6bc0c3b7c78ea4d6bc41006eb15ac5aa0ad9a567b"
"dynamic_goal_ability","elo_goal_nb","open_core","updating","rps","regulation_1x2","dynamic_attack|dynamic_defence|venue","d0f4469931258b3cbf0324b3e72519d44bc09c77e9776dc11ef58a87854f58ec","fixture_weighted_secondary","","","",0.212630264942716,0.20160896657933,0.0110212983633858,630,,,,,,,"bcdc7ac0fbd7ac7aa59902f6bc0c3b7c78ea4d6bc41006eb15ac5aa0ad9a567b"
"dynamic_goal_ability","elo_goal_nb","open_core","updating","rps","regulation_1x2","dynamic_attack|dynamic_defence|venue","d0f4469931258b3cbf0324b3e72519d44bc09c77e9776dc11ef58a87854f58ec","equal_tournament_headline","","","",0.211588903041711,0.202473723379673,0.00911517966203815,630,,,,,,,"bcdc7ac0fbd7ac7aa59902f6bc0c3b7c78ea4d6bc41006eb15ac5aa0ad9a567b"
"dynamic_goal_ability","open_nb_incumbent","open_core","updating","rps","regulation_1x2","dynamic_attack|dynamic_defence|venue","d0f4469931258b3cbf0324b3e72519d44bc09c77e9776dc11ef58a87854f58ec","fixture_weighted_secondary","","","",0.212630264942716,0.202849583870682,0.00978068107203417,630,,,,,,,"bcdc7ac0fbd7ac7aa59902f6bc0c3b7c78ea4d6bc41006eb15ac5aa0ad9a567b"
"dynamic_goal_ability","production_hybrid_nb","feature_rich","updating","rps","regulation_1x2","dynamic_attack|dynamic_defence|venue","d0f4469931258b3cbf0324b3e72519d44bc09c77e9776dc11ef58a87854f58ec","fold","wc2002","","world_cup",0.219966289275312,0.203404008345614,0.0165622809296988,60,,,,,,,"bcdc7ac0fbd7ac7aa59902f6bc0c3b7c78ea4d6bc41006eb15ac5aa0ad9a567b"
"dynamic_goal_ability","production_hybrid_nb","feature_rich","updating","rps","regulation_1x2","dynamic_attack|dynamic_defence|venue","d0f4469931258b3cbf0324b3e72519d44bc09c77e9776dc11ef58a87854f58ec","fixture_weighted_secondary","","","",0.213014027344687,0.203517576620924,0.00949645072376309,609,,,,,,,"bcdc7ac0fbd7ac7aa59902f6bc0c3b7c78ea4d6bc41006eb15ac5aa0ad9a567b"
"dynamic_goal_ability","open_nb_incumbent","open_core","updating","rps","regulation_1x2","dynamic_attack|dynamic_defence|venue","d0f4469931258b3cbf0324b3e72519d44bc09c77e9776dc11ef58a87854f58ec","equal_tournament_headline","","","",0.211588903041711,0.203930289520513,0.00765861352119814,630,,,,,,,"bcdc7ac0fbd7ac7aa59902f6bc0c3b7c78ea4d6bc41006eb15ac5aa0ad9a567b"
"dynamic_goal_ability","production_hybrid_nb","feature_rich","frozen","rps","regulation_1x2","dynamic_attack|dynamic_defence|venue","d0f4469931258b3cbf0324b3e72519d44bc09c77e9776dc11ef58a87854f58ec","fold","euro2024","","euro",0.198615426451627,0.204097904839805,-0.00548247838817792,51,,,,,,,"bcdc7ac0fbd7ac7aa59902f6bc0c3b7c78ea4d6bc41006eb15ac5aa0ad9a567b"
"dynamic_goal_ability","open_nb_incumbent","open_core","updating","rps","regulation_1x2","dynamic_attack|dynamic_defence|venue","d0f4469931258b3cbf0324b3e72519d44bc09c77e9776dc11ef58a87854f58ec","fold","wc2018","","world_cup",0.215597178590357,0.204377635947404,0.0112195426429534,64,,,,,,,"bcdc7ac0fbd7ac7aa59902f6bc0c3b7c78ea4d6bc41006eb15ac5aa0ad9a567b"
"dynamic_goal_ability","open_nb_incumbent","open_core","frozen","rps","regulation_1x2","dynamic_attack|dynamic_defence|venue","d0f4469931258b3cbf0324b3e72519d44bc09c77e9776dc11ef58a87854f58ec","fold","wc2006","","world_cup",0.213560175830328,0.204940508014914,0.00861966781541374,64,,,,,,,"bcdc7ac0fbd7ac7aa59902f6bc0c3b7c78ea4d6bc41006eb15ac5aa0ad9a567b"
"dynamic_goal_ability","production_hybrid_nb","feature_rich","updating","rps","regulation_1x2","dynamic_attack|dynamic_defence|venue","d0f4469931258b3cbf0324b3e72519d44bc09c77e9776dc11ef58a87854f58ec","equal_tournament_headline","","","",0.212028746696358,0.205250400816967,0.00677834587939056,609,,,,,,,"bcdc7ac0fbd7ac7aa59902f6bc0c3b7c78ea4d6bc41006eb15ac5aa0ad9a567b"
"dynamic_goal_ability","production_hybrid_nb","feature_rich","updating","rps","regulation_1x2","dynamic_attack|dynamic_defence|venue","d0f4469931258b3cbf0324b3e72519d44bc09c77e9776dc11ef58a87854f58ec","fold","wc2018","","world_cup",0.215597178590357,0.205303028816949,0.0102941497734079,64,,,,,,,"bcdc7ac0fbd7ac7aa59902f6bc0c3b7c78ea4d6bc41006eb15ac5aa0ad9a567b"
"dynamic_goal_ability","elo_goal_nb","open_core","updating","rps","regulation_1x2","dynamic_attack|dynamic_defence|venue","d0f4469931258b3cbf0324b3e72519d44bc09c77e9776dc11ef58a87854f58ec","fold","euro2008","","euro",0.211436406078779,0.206407675123159,0.00502873095562,31,,,,,,,"bcdc7ac0fbd7ac7aa59902f6bc0c3b7c78ea4d6bc41006eb15ac5aa0ad9a567b"
"dynamic_goal_ability","open_nb_incumbent","open_core","frozen","rps","regulation_1x2","dynamic_attack|dynamic_defence|venue","d0f4469931258b3cbf0324b3e72519d44bc09c77e9776dc11ef58a87854f58ec","fold","euro2004","","euro",0.201706974497521,0.20662400857162,-0.00491703407409973,31,,,,,,,"bcdc7ac0fbd7ac7aa59902f6bc0c3b7c78ea4d6bc41006eb15ac5aa0ad9a567b"
"dynamic_goal_ability","elo_goal_nb","open_core","updating","rps","regulation_1x2","dynamic_attack|dynamic_defence|venue","d0f4469931258b3cbf0324b3e72519d44bc09c77e9776dc11ef58a87854f58ec","fold","wc2014","","world_cup",0.224866317422178,0.207213265548892,0.0176530518732863,64,,,,,,,"bcdc7ac0fbd7ac7aa59902f6bc0c3b7c78ea4d6bc41006eb15ac5aa0ad9a567b"
"dynamic_goal_ability","elo_goal_nb","open_core","frozen","rps","regulation_1x2","dynamic_attack|dynamic_defence|venue","d0f4469931258b3cbf0324b3e72519d44bc09c77e9776dc11ef58a87854f58ec","fold","euro2004","","euro",0.201706974497521,0.207432586511803,-0.00572561201428265,31,,,,,,,"bcdc7ac0fbd7ac7aa59902f6bc0c3b7c78ea4d6bc41006eb15ac5aa0ad9a567b"
"dynamic_goal_ability","elo_goal_nb","open_core","frozen","rps","regulation_1x2","dynamic_attack|dynamic_defence|venue","d0f4469931258b3cbf0324b3e72519d44bc09c77e9776dc11ef58a87854f58ec","fold","euro2024","","euro",0.198615426451627,0.208894772377195,-0.0102793459255685,51,,,,,,,"bcdc7ac0fbd7ac7aa59902f6bc0c3b7c78ea4d6bc41006eb15ac5aa0ad9a567b"
"dynamic_goal_ability","production_hybrid_nb","feature_rich","updating","rps","regulation_1x2","dynamic_attack|dynamic_defence|venue","d0f4469931258b3cbf0324b3e72519d44bc09c77e9776dc11ef58a87854f58ec","fold","wc2010","","world_cup",0.212053368778367,0.209082524600923,0.0029708441774442,61,,,,,,,"bcdc7ac0fbd7ac7aa59902f6bc0c3b7c78ea4d6bc41006eb15ac5aa0ad9a567b"
"dynamic_goal_ability","open_nb_incumbent","open_core","frozen","rps","regulation_1x2","dynamic_attack|dynamic_defence|venue","d0f4469931258b3cbf0324b3e72519d44bc09c77e9776dc11ef58a87854f58ec","fold","euro2024","","euro",0.198615426451627,0.20928124815214,-0.0106658217005128,51,,,,,,,"bcdc7ac0fbd7ac7aa59902f6bc0c3b7c78ea4d6bc41006eb15ac5aa0ad9a567b"
"dynamic_goal_ability","open_nb_incumbent","open_core","updating","rps","regulation_1x2","dynamic_attack|dynamic_defence|venue","d0f4469931258b3cbf0324b3e72519d44bc09c77e9776dc11ef58a87854f58ec","fold","wc2014","","world_cup",0.224866317422178,0.209795309826597,0.0150710075955816,64,,,,,,,"bcdc7ac0fbd7ac7aa59902f6bc0c3b7c78ea4d6bc41006eb15ac5aa0ad9a567b"
"dynamic_goal_ability","open_nb_incumbent","open_core","updating","rps","regulation_1x2","dynamic_attack|dynamic_defence|venue","d0f4469931258b3cbf0324b3e72519d44bc09c77e9776dc11ef58a87854f58ec","fold","euro2008","","euro",0.211436406078779,0.210305556677262,0.00113084940151709,31,,,,,,,"bcdc7ac0fbd7ac7aa59902f6bc0c3b7c78ea4d6bc41006eb15ac5aa0ad9a567b"
"dynamic_goal_ability","production_hybrid_nb","feature_rich","frozen","rps","regulation_1x2","dynamic_attack|dynamic_defence|venue","d0f4469931258b3cbf0324b3e72519d44bc09c77e9776dc11ef58a87854f58ec","fold","wc2002","","world_cup",0.223492299970814,0.210637313011104,0.0128549869597101,60,,,,,,,"bcdc7ac0fbd7ac7aa59902f6bc0c3b7c78ea4d6bc41006eb15ac5aa0ad9a567b"
"dynamic_goal_ability","open_nb_incumbent","open_core","updating","rps","regulation_1x2","dynamic_attack|dynamic_defence|venue","d0f4469931258b3cbf0324b3e72519d44bc09c77e9776dc11ef58a87854f58ec","fold","wc2022","","world_cup",0.23240548863217,0.211319921086321,0.0210855675458486,64,,,,,,,"bcdc7ac0fbd7ac7aa59902f6bc0c3b7c78ea4d6bc41006eb15ac5aa0ad9a567b"
"dynamic_goal_ability","production_hybrid_nb","feature_rich","updating","rps","regulation_1x2","dynamic_attack|dynamic_defence|venue","d0f4469931258b3cbf0324b3e72519d44bc09c77e9776dc11ef58a87854f58ec","fold","wc2022","","world_cup",0.23240548863217,0.211818751596759,0.0205867370354109,64,,,,,,,"bcdc7ac0fbd7ac7aa59902f6bc0c3b7c78ea4d6bc41006eb15ac5aa0ad9a567b"
"dynamic_goal_ability","elo_goal_nb","open_core","frozen","rps","regulation_1x2","dynamic_attack|dynamic_defence|venue","d0f4469931258b3cbf0324b3e72519d44bc09c77e9776dc11ef58a87854f58ec","fold","wc2006","","world_cup",0.213560175830328,0.212144929195862,0.00141524663446593,64,,,,,,,"bcdc7ac0fbd7ac7aa59902f6bc0c3b7c78ea4d6bc41006eb15ac5aa0ad9a567b"
"dynamic_goal_ability","elo_goal_nb","open_core","updating","rps","regulation_1x2","dynamic_attack|dynamic_defence|venue","d0f4469931258b3cbf0324b3e72519d44bc09c77e9776dc11ef58a87854f58ec","fold","wc2022","","world_cup",0.23240548863217,0.212154600252407,0.0202508883797623,64,,,,,,,"bcdc7ac0fbd7ac7aa59902f6bc0c3b7c78ea4d6bc41006eb15ac5aa0ad9a567b"
"dynamic_goal_ability","open_nb_incumbent","open_core","updating","rps","regulation_1x2","dynamic_attack|dynamic_defence|venue","d0f4469931258b3cbf0324b3e72519d44bc09c77e9776dc11ef58a87854f58ec","fold","wc2002","","world_cup",0.215353789299661,0.213262045445768,0.002091743853893,64,,,,,,,"bcdc7ac0fbd7ac7aa59902f6bc0c3b7c78ea4d6bc41006eb15ac5aa0ad9a567b"
"dynamic_goal_ability","elo_goal_nb","open_core","updating","rps","regulation_1x2","dynamic_attack|dynamic_defence|venue","d0f4469931258b3cbf0324b3e72519d44bc09c77e9776dc11ef58a87854f58ec","fold","wc2002","","world_cup",0.215353789299661,0.213813189554407,0.00154059974525316,64,,,,,,,"bcdc7ac0fbd7ac7aa59902f6bc0c3b7c78ea4d6bc41006eb15ac5aa0ad9a567b"
"dynamic_goal_ability","production_hybrid_nb","feature_rich","updating","rps","regulation_1x2","dynamic_attack|dynamic_defence|venue","d0f4469931258b3cbf0324b3e72519d44bc09c77e9776dc11ef58a87854f58ec","fold","wc2014","","world_cup",0.224866317422178,0.214461937090911,0.0104043803312676,64,,,,,,,"bcdc7ac0fbd7ac7aa59902f6bc0c3b7c78ea4d6bc41006eb15ac5aa0ad9a567b"
"dynamic_goal_ability","production_hybrid_nb","feature_rich","updating","rps","regulation_1x2","dynamic_attack|dynamic_defence|venue","d0f4469931258b3cbf0324b3e72519d44bc09c77e9776dc11ef58a87854f58ec","fold","euro2008","","euro",0.211436406078779,0.214490326573508,-0.00305392049472896,31,,,,,,,"bcdc7ac0fbd7ac7aa59902f6bc0c3b7c78ea4d6bc41006eb15ac5aa0ad9a567b"
"dynamic_goal_ability","production_hybrid_nb","feature_rich","frozen","rps","regulation_1x2","dynamic_attack|dynamic_defence|venue","d0f4469931258b3cbf0324b3e72519d44bc09c77e9776dc11ef58a87854f58ec","fold","euro2016","","euro",0.232380384305022,0.214818839474437,0.0175615448305847,43,,,,,,,"bcdc7ac0fbd7ac7aa59902f6bc0c3b7c78ea4d6bc41006eb15ac5aa0ad9a567b"
"dynamic_goal_ability","uniform_1x2","open_core","frozen","rps","regulation_1x2","dynamic_attack|dynamic_defence|venue","d0f4469931258b3cbf0324b3e72519d44bc09c77e9776dc11ef58a87854f58ec","fold","euro2024","","euro",0.198615426451627,0.215686274509803,-0.0170708480581766,51,,,,,,,"bcdc7ac0fbd7ac7aa59902f6bc0c3b7c78ea4d6bc41006eb15ac5aa0ad9a567b"
"dynamic_goal_ability","uniform_1x2","open_core","updating","rps","regulation_1x2","dynamic_attack|dynamic_defence|venue","d0f4469931258b3cbf0324b3e72519d44bc09c77e9776dc11ef58a87854f58ec","fold","euro2024","","euro",0.19746150941383,0.215686274509804,-0.0182247650959737,51,,,,,,,"bcdc7ac0fbd7ac7aa59902f6bc0c3b7c78ea4d6bc41006eb15ac5aa0ad9a567b"
"dynamic_goal_ability","expanding_1x2","open_core","frozen","rps","regulation_1x2","dynamic_attack|dynamic_defence|venue","d0f4469931258b3cbf0324b3e72519d44bc09c77e9776dc11ef58a87854f58ec","fold","wc2006","","world_cup",0.213560175830328,0.215752355003328,-0.0021921791730003,64,,,,,,,"bcdc7ac0fbd7ac7aa59902f6bc0c3b7c78ea4d6bc41006eb15ac5aa0ad9a567b"
"dynamic_goal_ability","expanding_1x2","open_core","updating","rps","regulation_1x2","dynamic_attack|dynamic_defence|venue","d0f4469931258b3cbf0324b3e72519d44bc09c77e9776dc11ef58a87854f58ec","fold","wc2006","","world_cup",0.205304948359199,0.215788469082983,-0.0104835207237847,64,,,,,,,"bcdc7ac0fbd7ac7aa59902f6bc0c3b7c78ea4d6bc41006eb15ac5aa0ad9a567b"
"dynamic_goal_ability","production_hybrid_nb","feature_rich","frozen","rps","regulation_1x2","dynamic_attack|dynamic_defence|venue","d0f4469931258b3cbf0324b3e72519d44bc09c77e9776dc11ef58a87854f58ec","fold","euro2020","","euro",0.179438909669826,0.217175879889846,-0.0377369702200202,48,,,,,,,"bcdc7ac0fbd7ac7aa59902f6bc0c3b7c78ea4d6bc41006eb15ac5aa0ad9a567b"
"dynamic_goal_ability","production_hybrid_nb","feature_rich","frozen","rps","regulation_1x2","dynamic_attack|dynamic_defence|venue","d0f4469931258b3cbf0324b3e72519d44bc09c77e9776dc11ef58a87854f58ec","fixture_weighted_secondary","","","",0.215070924772376,0.217180248807272,-0.00210932403489564,609,,,,,,,"bcdc7ac0fbd7ac7aa59902f6bc0c3b7c78ea4d6bc41006eb15ac5aa0ad9a567b"
"dynamic_goal_ability","production_hybrid_nb","feature_rich","updating","rps","regulation_1x2","dynamic_attack|dynamic_defence|venue","d0f4469931258b3cbf0324b3e72519d44bc09c77e9776dc11ef58a87854f58ec","fold","euro2016","","euro",0.228929274027027,0.217593946752168,0.011335327274859,43,,,,,,,"bcdc7ac0fbd7ac7aa59902f6bc0c3b7c78ea4d6bc41006eb15ac5aa0ad9a567b"
"dynamic_goal_ability","elo_goal_nb","open_core","updating","rps","regulation_1x2","dynamic_attack|dynamic_defence|venue","d0f4469931258b3cbf0324b3e72519d44bc09c77e9776dc11ef58a87854f58ec","fold","euro2016","","euro",0.227974334507651,0.217661436270615,0.0103128982370365,51,,,,,,,"bcdc7ac0fbd7ac7aa59902f6bc0c3b7c78ea4d6bc41006eb15ac5aa0ad9a567b"
"dynamic_goal_ability","production_hybrid_nb","feature_rich","frozen","rps","regulation_1x2","dynamic_attack|dynamic_defence|venue","d0f4469931258b3cbf0324b3e72519d44bc09c77e9776dc11ef58a87854f58ec","equal_tournament_headline","","","",0.213798188544657,0.218412150390249,-0.0046139618455914,609,,,,,,,"bcdc7ac0fbd7ac7aa59902f6bc0c3b7c78ea4d6bc41006eb15ac5aa0ad9a567b"
"dynamic_goal_ability","uniform_1x2","open_core","updating","rps","regulation_1x2","dynamic_attack|dynamic_defence|venue","d0f4469931258b3cbf0324b3e72519d44bc09c77e9776dc11ef58a87854f58ec","fold","euro2004","","euro",0.198391586861155,0.218637992831541,-0.0202464059703859,31,,,,,,,"bcdc7ac0fbd7ac7aa59902f6bc0c3b7c78ea4d6bc41006eb15ac5aa0ad9a567b"
"dynamic_goal_ability","uniform_1x2","open_core","frozen","rps","regulation_1x2","dynamic_attack|dynamic_defence|venue","d0f4469931258b3cbf0324b3e72519d44bc09c77e9776dc11ef58a87854f58ec","fold","euro2004","","euro",0.201706974497521,0.218637992831542,-0.0169310183340217,31,,,,,,,"bcdc7ac0fbd7ac7aa59902f6bc0c3b7c78ea4d6bc41006eb15ac5aa0ad9a567b"
"dynamic_goal_ability","elo_goal_nb","open_core","frozen","rps","regulation_1x2","dynamic_attack|dynamic_defence|venue","d0f4469931258b3cbf0324b3e72519d44bc09c77e9776dc11ef58a87854f58ec","fold","euro2020","","euro",0.183001833916194,0.219131862392331,-0.0361300284761377,51,,,,,,,"bcdc7ac0fbd7ac7aa59902f6bc0c3b7c78ea4d6bc41006eb15ac5aa0ad9a567b"
"dynamic_goal_ability","elo_goal_nb","open_core","frozen","rps","regulation_1x2","dynamic_attack|dynamic_defence|venue","d0f4469931258b3cbf0324b3e72519d44bc09c77e9776dc11ef58a87854f58ec","fold","euro2016","","euro",0.230798543977582,0.219593542336172,0.0112050016414102,51,,,,,,,"bcdc7ac0fbd7ac7aa59902f6bc0c3b7c78ea4d6bc41006eb15ac5aa0ad9a567b"
"dynamic_goal_ability","open_nb_incumbent","open_core","frozen","rps","regulation_1x2","dynamic_attack|dynamic_defence|venue","d0f4469931258b3cbf0324b3e72519d44bc09c77e9776dc11ef58a87854f58ec","fold","wc2002","","world_cup",0.219495647934553,0.219913445140191,-0.000417797205638091,64,,,,,,,"bcdc7ac0fbd7ac7aa59902f6bc0c3b7c78ea4d6bc41006eb15ac5aa0ad9a567b"
"dynamic_goal_ability","open_nb_incumbent","open_core","updating","rps","regulation_1x2","dynamic_attack|dynamic_defence|venue","d0f4469931258b3cbf0324b3e72519d44bc09c77e9776dc11ef58a87854f58ec","fold","euro2016","","euro",0.227974334507651,0.219949777099601,0.0080245574080498,51,,,,,,,"bcdc7ac0fbd7ac7aa59902f6bc0c3b7c78ea4d6bc41006eb15ac5aa0ad9a567b"
"dynamic_goal_ability","open_nb_incumbent","open_core","frozen","rps","regulation_1x2","dynamic_attack|dynamic_defence|venue","d0f4469931258b3cbf0324b3e72519d44bc09c77e9776dc11ef58a87854f58ec","fold","euro2020","","euro",0.183001833916194,0.220127698702643,-0.0371258647864497,51,,,,,,,"bcdc7ac0fbd7ac7aa59902f6bc0c3b7c78ea4d6bc41006eb15ac5aa0ad9a567b"
"dynamic_goal_ability","open_nb_incumbent","open_core","frozen","rps","regulation_1x2","dynamic_attack|dynamic_defence|venue","d0f4469931258b3cbf0324b3e72519d44bc09c77e9776dc11ef58a87854f58ec","fold","euro2016","","euro",0.230798543977582,0.220295779324557,0.0105027646530244,51,,,,,,,"bcdc7ac0fbd7ac7aa59902f6bc0c3b7c78ea4d6bc41006eb15ac5aa0ad9a567b"
"dynamic_goal_ability","expanding_1x2","open_core","frozen","rps","regulation_1x2","dynamic_attack|dynamic_defence|venue","d0f4469931258b3cbf0324b3e72519d44bc09c77e9776dc11ef58a87854f58ec","fold","euro2004","","euro",0.201706974497521,0.220590545460224,-0.0188835709627032,31,,,,,,,"bcdc7ac0fbd7ac7aa59902f6bc0c3b7c78ea4d6bc41006eb15ac5aa0ad9a567b"
"dynamic_goal_ability","expanding_1x2","open_core","updating","rps","regulation_1x2","dynamic_attack|dynamic_defence|venue","d0f4469931258b3cbf0324b3e72519d44bc09c77e9776dc11ef58a87854f58ec","fold","euro2004","","euro",0.198391586861155,0.220715691178044,-0.0223241043168889,31,,,,,,,"bcdc7ac0fbd7ac7aa59902f6bc0c3b7c78ea4d6bc41006eb15ac5aa0ad9a567b"
"dynamic_goal_ability","production_hybrid_nb","feature_rich","frozen","rps","regulation_1x2","dynamic_attack|dynamic_defence|venue","d0f4469931258b3cbf0324b3e72519d44bc09c77e9776dc11ef58a87854f58ec","fold","wc2014","","world_cup",0.229905174663264,0.22086092111402,0.00904425354924425,64,,,,,,,"bcdc7ac0fbd7ac7aa59902f6bc0c3b7c78ea4d6bc41006eb15ac5aa0ad9a567b"
"dynamic_goal_ability","elo_goal_nb","open_core","updating","rps","regulation_1x2","dynamic_attack|dynamic_defence|venue","d0f4469931258b3cbf0324b3e72519d44bc09c77e9776dc11ef58a87854f58ec","fold","euro2012","","euro",0.215070175698518,0.22138880600295,-0.0063186303044327,31,,,,,,,"bcdc7ac0fbd7ac7aa59902f6bc0c3b7c78ea4d6bc41006eb15ac5aa0ad9a567b"
"dynamic_goal_ability","elo_goal_nb","open_core","frozen","rps","regulation_1x2","dynamic_attack|dynamic_defence|venue","d0f4469931258b3cbf0324b3e72519d44bc09c77e9776dc11ef58a87854f58ec","fixture_weighted_secondary","","","",0.215055040322274,0.222366005932213,-0.00731096560993867,630,,,,,,,"bcdc7ac0fbd7ac7aa59902f6bc0c3b7c78ea4d6bc41006eb15ac5aa0ad9a567b"
"dynamic_goal_ability","elo_goal_nb","open_core","frozen","rps","regulation_1x2","dynamic_attack|dynamic_defence|venue","d0f4469931258b3cbf0324b3e72519d44bc09c77e9776dc11ef58a87854f58ec","equal_tournament_headline","","","",0.213840863317975,0.222488635674597,-0.00864777235662158,630,,,,,,,"bcdc7ac0fbd7ac7aa59902f6bc0c3b7c78ea4d6bc41006eb15ac5aa0ad9a567b"
"dynamic_goal_ability","open_nb_incumbent","open_core","frozen","rps","regulation_1x2","dynamic_attack|dynamic_defence|venue","d0f4469931258b3cbf0324b3e72519d44bc09c77e9776dc11ef58a87854f58ec","fixture_weighted_secondary","","","",0.215055040322274,0.222777605348689,-0.00772256502641457,630,,,,,,,"bcdc7ac0fbd7ac7aa59902f6bc0c3b7c78ea4d6bc41006eb15ac5aa0ad9a567b"
"dynamic_goal_ability","elo_goal_nb","open_core","frozen","rps","regulation_1x2","dynamic_attack|dynamic_defence|venue","d0f4469931258b3cbf0324b3e72519d44bc09c77e9776dc11ef58a87854f58ec","fold","wc2002","","world_cup",0.219495647934553,0.22286228257362,-0.00336663463906685,64,,,,,,,"bcdc7ac0fbd7ac7aa59902f6bc0c3b7c78ea4d6bc41006eb15ac5aa0ad9a567b"
"dynamic_goal_ability","production_hybrid_nb","feature_rich","frozen","rps","regulation_1x2","dynamic_attack|dynamic_defence|venue","d0f4469931258b3cbf0324b3e72519d44bc09c77e9776dc11ef58a87854f58ec","fold","wc2022","","world_cup",0.23139490670879,0.222906942893562,0.00848796381522763,64,,,,,,,"bcdc7ac0fbd7ac7aa59902f6bc0c3b7c78ea4d6bc41006eb15ac5aa0ad9a567b"
"dynamic_goal_ability","open_nb_incumbent","open_core","frozen","rps","regulation_1x2","dynamic_attack|dynamic_defence|venue","d0f4469931258b3cbf0324b3e72519d44bc09c77e9776dc11ef58a87854f58ec","equal_tournament_headline","","","",0.213840863317975,0.223289677347567,-0.00944881402959177,630,,,,,,,"bcdc7ac0fbd7ac7aa59902f6bc0c3b7c78ea4d6bc41006eb15ac5aa0ad9a567b"
"dynamic_goal_ability","elo_goal_nb","open_core","frozen","rps","regulation_1x2","dynamic_attack|dynamic_defence|venue","d0f4469931258b3cbf0324b3e72519d44bc09c77e9776dc11ef58a87854f58ec","fold","wc2014","","world_cup",0.229905174663264,0.223316208416854,0.0065889662464102,64,,,,,,,"bcdc7ac0fbd7ac7aa59902f6bc0c3b7c78ea4d6bc41006eb15ac5aa0ad9a567b"
"dynamic_goal_ability","expanding_1x2","open_core","frozen","rps","regulation_1x2","dynamic_attack|dynamic_defence|venue","d0f4469931258b3cbf0324b3e72519d44bc09c77e9776dc11ef58a87854f58ec","fold","euro2024","","euro",0.198615426451627,0.225207595460973,-0.0265921690093468,51,,,,,,,"bcdc7ac0fbd7ac7aa59902f6bc0c3b7c78ea4d6bc41006eb15ac5aa0ad9a567b"
"dynamic_goal_ability","expanding_1x2","open_core","updating","rps","regulation_1x2","dynamic_attack|dynamic_defence|venue","d0f4469931258b3cbf0324b3e72519d44bc09c77e9776dc11ef58a87854f58ec","fold","euro2024","","euro",0.19746150941383,0.22526830092061,-0.0278067915067796,51,,,,,,,"bcdc7ac0fbd7ac7aa59902f6bc0c3b7c78ea4d6bc41006eb15ac5aa0ad9a567b"
"dynamic_goal_ability","uniform_1x2","open_core","updating","rps","regulation_1x2","dynamic_attack|dynamic_defence|venue","d0f4469931258b3cbf0324b3e72519d44bc09c77e9776dc11ef58a87854f58ec","fold","euro2016","","euro",0.227974334507651,0.225490196078429,0.00248413842922182,51,,,,,,,"bcdc7ac0fbd7ac7aa59902f6bc0c3b7c78ea4d6bc41006eb15ac5aa0ad9a567b"
"dynamic_goal_ability","uniform_1x2","open_core","updating","rps","regulation_1x2","dynamic_attack|dynamic_defence|venue","d0f4469931258b3cbf0324b3e72519d44bc09c77e9776dc11ef58a87854f58ec","fold","euro2020","","euro",0.183915775851913,0.22549019607843,-0.0415744202265175,51,,,,,,,"bcdc7ac0fbd7ac7aa59902f6bc0c3b7c78ea4d6bc41006eb15ac5aa0ad9a567b"
"dynamic_goal_ability","uniform_1x2","open_core","frozen","rps","regulation_1x2","dynamic_attack|dynamic_defence|venue","d0f4469931258b3cbf0324b3e72519d44bc09c77e9776dc11ef58a87854f58ec","fold","euro2016","","euro",0.230798543977582,0.22549019607843,0.00530834789915189,51,,,,,,,"bcdc7ac0fbd7ac7aa59902f6bc0c3b7c78ea4d6bc41006eb15ac5aa0ad9a567b"
"dynamic_goal_ability","uniform_1x2","open_core","frozen","rps","regulation_1x2","dynamic_attack|dynamic_defence|venue","d0f4469931258b3cbf0324b3e72519d44bc09c77e9776dc11ef58a87854f58ec","fold","euro2020","","euro",0.183001833916194,0.225490196078431,-0.0424883621622375,51,,,,,,,"bcdc7ac0fbd7ac7aa59902f6bc0c3b7c78ea4d6bc41006eb15ac5aa0ad9a567b"
"dynamic_goal_ability","expanding_1x2","open_core","frozen","rps","regulation_1x2","dynamic_attack|dynamic_defence|venue","d0f4469931258b3cbf0324b3e72519d44bc09c77e9776dc11ef58a87854f58ec","fold","wc2002","","world_cup",0.219495647934553,0.225824157415433,-0.00632850948087989,64,,,,,,,"bcdc7ac0fbd7ac7aa59902f6bc0c3b7c78ea4d6bc41006eb15ac5aa0ad9a567b"
"dynamic_goal_ability","open_nb_incumbent","open_core","frozen","rps","regulation_1x2","dynamic_attack|dynamic_defence|venue","d0f4469931258b3cbf0324b3e72519d44bc09c77e9776dc11ef58a87854f58ec","fold","wc2014","","world_cup",0.229905174663264,0.2258272417331,0.00407793293016445,64,,,,,,,"bcdc7ac0fbd7ac7aa59902f6bc0c3b7c78ea4d6bc41006eb15ac5aa0ad9a567b"
"dynamic_goal_ability","expanding_1x2","open_core","updating","rps","regulation_1x2","dynamic_attack|dynamic_defence|venue","d0f4469931258b3cbf0324b3e72519d44bc09c77e9776dc11ef58a87854f58ec","fold","wc2002","","world_cup",0.215353789299661,0.225861316572284,-0.0105075272726238,64,,,,,,,"bcdc7ac0fbd7ac7aa59902f6bc0c3b7c78ea4d6bc41006eb15ac5aa0ad9a567b"
"dynamic_goal_ability","open_nb_incumbent","open_core","frozen","rps","regulation_1x2","dynamic_attack|dynamic_defence|venue","d0f4469931258b3cbf0324b3e72519d44bc09c77e9776dc11ef58a87854f58ec","fold","wc2022","","world_cup",0.23139490670879,0.226118808703961,0.00527609800482891,64,,,,,,,"bcdc7ac0fbd7ac7aa59902f6bc0c3b7c78ea4d6bc41006eb15ac5aa0ad9a567b"
"dynamic_goal_ability","open_nb_incumbent","open_core","updating","rps","regulation_1x2","dynamic_attack|dynamic_defence|venue","d0f4469931258b3cbf0324b3e72519d44bc09c77e9776dc11ef58a87854f58ec","fold","euro2012","","euro",0.215070175698518,0.227104724300039,-0.0120345486015215,31,,,,,,,"bcdc7ac0fbd7ac7aa59902f6bc0c3b7c78ea4d6bc41006eb15ac5aa0ad9a567b"
"dynamic_goal_ability","production_hybrid_nb","feature_rich","frozen","rps","regulation_1x2","dynamic_attack|dynamic_defence|venue","d0f4469931258b3cbf0324b3e72519d44bc09c77e9776dc11ef58a87854f58ec","fold","wc2018","","world_cup",0.217961572485697,0.22724105810526,-0.00927948561956299,64,,,,,,,"bcdc7ac0fbd7ac7aa59902f6bc0c3b7c78ea4d6bc41006eb15ac5aa0ad9a567b"
"dynamic_goal_ability","expanding_1x2","open_core","frozen","rps","regulation_1x2","dynamic_attack|dynamic_defence|venue","d0f4469931258b3cbf0324b3e72519d44bc09c77e9776dc11ef58a87854f58ec","fold","euro2016","","euro",0.230798543977582,0.227261591509116,0.003536952468466,51,,,,,,,"bcdc7ac0fbd7ac7aa59902f6bc0c3b7c78ea4d6bc41006eb15ac5aa0ad9a567b"
"dynamic_goal_ability","expanding_1x2","open_core","updating","rps","regulation_1x2","dynamic_attack|dynamic_defence|venue","d0f4469931258b3cbf0324b3e72519d44bc09c77e9776dc11ef58a87854f58ec","fold","euro2016","","euro",0.227974334507651,0.227348903289467,0.000625431218184192,51,,,,,,,"bcdc7ac0fbd7ac7aa59902f6bc0c3b7c78ea4d6bc41006eb15ac5aa0ad9a567b"
"dynamic_goal_ability","elo_goal_nb","open_core","frozen","rps","regulation_1x2","dynamic_attack|dynamic_defence|venue","d0f4469931258b3cbf0324b3e72519d44bc09c77e9776dc11ef58a87854f58ec","fold","wc2022","","world_cup",0.23139490670879,0.227460034050359,0.00393487265843092,64,,,,,,,"bcdc7ac0fbd7ac7aa59902f6bc0c3b7c78ea4d6bc41006eb15ac5aa0ad9a567b"
"dynamic_goal_ability","elo_goal_nb","open_core","frozen","rps","regulation_1x2","dynamic_attack|dynamic_defence|venue","d0f4469931258b3cbf0324b3e72519d44bc09c77e9776dc11ef58a87854f58ec","fold","euro2008","","euro",0.212352772808277,0.227565017482987,-0.0152122446747104,31,,,,,,,"bcdc7ac0fbd7ac7aa59902f6bc0c3b7c78ea4d6bc41006eb15ac5aa0ad9a567b"
"dynamic_goal_ability","production_hybrid_nb","feature_rich","frozen","rps","regulation_1x2","dynamic_attack|dynamic_defence|venue","d0f4469931258b3cbf0324b3e72519d44bc09c77e9776dc11ef58a87854f58ec","fold","euro2008","","euro",0.212352772808277,0.228028515914912,-0.0156757431066349,31,,,,,,,"bcdc7ac0fbd7ac7aa59902f6bc0c3b7c78ea4d6bc41006eb15ac5aa0ad9a567b"
"dynamic_goal_ability","elo_goal_nb","open_core","frozen","rps","regulation_1x2","dynamic_attack|dynamic_defence|venue","d0f4469931258b3cbf0324b3e72519d44bc09c77e9776dc11ef58a87854f58ec","fold","wc2010","","world_cup",0.211547921220937,0.22821501416497,-0.0166670929440329,64,,,,,,,"bcdc7ac0fbd7ac7aa59902f6bc0c3b7c78ea4d6bc41006eb15ac5aa0ad9a567b"
"dynamic_goal_ability","uniform_1x2","open_core","updating","rps","regulation_1x2","dynamic_attack|dynamic_defence|venue","d0f4469931258b3cbf0324b3e72519d44bc09c77e9776dc11ef58a87854f58ec","fold","wc2002","","world_cup",0.215353789299661,0.228298611111111,-0.0129448218114505,64,,,,,,,"bcdc7ac0fbd7ac7aa59902f6bc0c3b7c78ea4d6bc41006eb15ac5aa0ad9a567b"
"dynamic_goal_ability","uniform_1x2","open_core","frozen","rps","regulation_1x2","dynamic_attack|dynamic_defence|venue","d0f4469931258b3cbf0324b3e72519d44bc09c77e9776dc11ef58a87854f58ec","fold","wc2002","","world_cup",0.219495647934553,0.228298611111114,-0.0088029631765606,64,,,,,,,"bcdc7ac0fbd7ac7aa59902f6bc0c3b7c78ea4d6bc41006eb15ac5aa0ad9a567b"
"dynamic_goal_ability","elo_goal_nb","open_core","frozen","rps","regulation_1x2","dynamic_attack|dynamic_defence|venue","d0f4469931258b3cbf0324b3e72519d44bc09c77e9776dc11ef58a87854f58ec","fold","wc2018","","world_cup",0.217961572485697,0.230619947484092,-0.0126583749983954,64,,,,,,,"bcdc7ac0fbd7ac7aa59902f6bc0c3b7c78ea4d6bc41006eb15ac5aa0ad9a567b"
"dynamic_goal_ability","expanding_1x2","open_core","frozen","rps","regulation_1x2","dynamic_attack|dynamic_defence|venue","d0f4469931258b3cbf0324b3e72519d44bc09c77e9776dc11ef58a87854f58ec","fold","euro2020","","euro",0.183001833916194,0.230797681507235,-0.0477958475910417,51,,,,,,,"bcdc7ac0fbd7ac7aa59902f6bc0c3b7c78ea4d6bc41006eb15ac5aa0ad9a567b"
"dynamic_goal_ability","open_nb_incumbent","open_core","frozen","rps","regulation_1x2","dynamic_attack|dynamic_defence|venue","d0f4469931258b3cbf0324b3e72519d44bc09c77e9776dc11ef58a87854f58ec","fold","wc2010","","world_cup",0.211547921220937,0.230807108032634,-0.0192591868116968,64,,,,,,,"bcdc7ac0fbd7ac7aa59902f6bc0c3b7c78ea4d6bc41006eb15ac5aa0ad9a567b"
"dynamic_goal_ability","uniform_1x2","open_core","updating","rps","regulation_1x2","dynamic_attack|dynamic_defence|venue","d0f4469931258b3cbf0324b3e72519d44bc09c77e9776dc11ef58a87854f58ec","fold","wc2010","","world_cup",0.211289325785122,0.230902777777778,-0.0196134519926566,64,,,,,,,"bcdc7ac0fbd7ac7aa59902f6bc0c3b7c78ea4d6bc41006eb15ac5aa0ad9a567b"
"dynamic_goal_ability","uniform_1x2","open_core","frozen","rps","regulation_1x2","dynamic_attack|dynamic_defence|venue","d0f4469931258b3cbf0324b3e72519d44bc09c77e9776dc11ef58a87854f58ec","fold","wc2010","","world_cup",0.211547921220937,0.230902777777778,-0.0193548565568404,64,,,,,,,"bcdc7ac0fbd7ac7aa59902f6bc0c3b7c78ea4d6bc41006eb15ac5aa0ad9a567b"
"dynamic_goal_ability","expanding_1x2","open_core","updating","rps","regulation_1x2","dynamic_attack|dynamic_defence|venue","d0f4469931258b3cbf0324b3e72519d44bc09c77e9776dc11ef58a87854f58ec","fold","euro2020","","euro",0.183915775851913,0.230982895569659,-0.0470671197177464,51,,,,,,,"bcdc7ac0fbd7ac7aa59902f6bc0c3b7c78ea4d6bc41006eb15ac5aa0ad9a567b"
"dynamic_goal_ability","uniform_1x2","open_core","updating","rps","regulation_1x2","dynamic_attack|dynamic_defence|venue","d0f4469931258b3cbf0324b3e72519d44bc09c77e9776dc11ef58a87854f58ec","equal_tournament_headline","","","",0.211588903041711,0.231434811827957,-0.0198459087862456,630,,,,,,,"bcdc7ac0fbd7ac7aa59902f6bc0c3b7c78ea4d6bc41006eb15ac5aa0ad9a567b"
"dynamic_goal_ability","uniform_1x2","open_core","frozen","rps","regulation_1x2","dynamic_attack|dynamic_defence|venue","d0f4469931258b3cbf0324b3e72519d44bc09c77e9776dc11ef58a87854f58ec","equal_tournament_headline","","","",0.213840863317975,0.231434811827957,-0.0175939485099816,630,,,,,,,"bcdc7ac0fbd7ac7aa59902f6bc0c3b7c78ea4d6bc41006eb15ac5aa0ad9a567b"
"dynamic_goal_ability","uniform_1x2","open_core","updating","rps","regulation_1x2","dynamic_attack|dynamic_defence|venue","d0f4469931258b3cbf0324b3e72519d44bc09c77e9776dc11ef58a87854f58ec","fixture_weighted_secondary","","","",0.212630264942716,0.231481481481481,-0.0188512165387652,630,,,,,,,"bcdc7ac0fbd7ac7aa59902f6bc0c3b7c78ea4d6bc41006eb15ac5aa0ad9a567b"
"dynamic_goal_ability","uniform_1x2","open_core","frozen","rps","regulation_1x2","dynamic_attack|dynamic_defence|venue","d0f4469931258b3cbf0324b3e72519d44bc09c77e9776dc11ef58a87854f58ec","fixture_weighted_secondary","","","",0.215055040322274,0.231481481481481,-0.0164264411592073,630,,,,,,,"bcdc7ac0fbd7ac7aa59902f6bc0c3b7c78ea4d6bc41006eb15ac5aa0ad9a567b"
"dynamic_goal_ability","production_hybrid_nb","feature_rich","frozen","rps","regulation_1x2","dynamic_attack|dynamic_defence|venue","d0f4469931258b3cbf0324b3e72519d44bc09c77e9776dc11ef58a87854f58ec","fold","wc2010","","world_cup",0.211025586644202,0.231714769293689,-0.0206891826494866,61,,,,,,,"bcdc7ac0fbd7ac7aa59902f6bc0c3b7c78ea4d6bc41006eb15ac5aa0ad9a567b"
"dynamic_goal_ability","open_nb_incumbent","open_core","frozen","rps","regulation_1x2","dynamic_attack|dynamic_defence|venue","d0f4469931258b3cbf0324b3e72519d44bc09c77e9776dc11ef58a87854f58ec","fold","euro2008","","euro",0.212352772808277,0.233089752424003,-0.0207369796157262,31,,,,,,,"bcdc7ac0fbd7ac7aa59902f6bc0c3b7c78ea4d6bc41006eb15ac5aa0ad9a567b"
"dynamic_goal_ability","uniform_1x2","open_core","frozen","rps","regulation_1x2","dynamic_attack|dynamic_defence|venue","d0f4469931258b3cbf0324b3e72519d44bc09c77e9776dc11ef58a87854f58ec","fold","wc2006","","world_cup",0.213560175830328,0.23350694444444,-0.0199467686141117,64,,,,,,,"bcdc7ac0fbd7ac7aa59902f6bc0c3b7c78ea4d6bc41006eb15ac5aa0ad9a567b"
"dynamic_goal_ability","uniform_1x2","open_core","updating","rps","regulation_1x2","dynamic_attack|dynamic_defence|venue","d0f4469931258b3cbf0324b3e72519d44bc09c77e9776dc11ef58a87854f58ec","fold","wc2006","","world_cup",0.205304948359199,0.233506944444443,-0.0282019960852443,64,,,,,,,"bcdc7ac0fbd7ac7aa59902f6bc0c3b7c78ea4d6bc41006eb15ac5aa0ad9a567b"
"dynamic_goal_ability","uniform_1x2","open_core","updating","rps","regulation_1x2","dynamic_attack|dynamic_defence|venue","d0f4469931258b3cbf0324b3e72519d44bc09c77e9776dc11ef58a87854f58ec","fold","wc2014","","world_cup",0.224866317422178,0.233506944444444,-0.00864062702226528,64,,,,,,,"bcdc7ac0fbd7ac7aa59902f6bc0c3b7c78ea4d6bc41006eb15ac5aa0ad9a567b"
"dynamic_goal_ability","uniform_1x2","open_core","frozen","rps","regulation_1x2","dynamic_attack|dynamic_defence|venue","d0f4469931258b3cbf0324b3e72519d44bc09c77e9776dc11ef58a87854f58ec","fold","wc2014","","world_cup",0.229905174663264,0.233506944444445,-0.0036017697811803,64,,,,,,,"bcdc7ac0fbd7ac7aa59902f6bc0c3b7c78ea4d6bc41006eb15ac5aa0ad9a567b"
"dynamic_goal_ability","expanding_1x2","open_core","updating","rps","regulation_1x2","dynamic_attack|dynamic_defence|venue","d0f4469931258b3cbf0324b3e72519d44bc09c77e9776dc11ef58a87854f58ec","fixture_weighted_secondary","","","",0.212630264942716,0.23401862928916,-0.0213883643464438,630,,,,,,,"bcdc7ac0fbd7ac7aa59902f6bc0c3b7c78ea4d6bc41006eb15ac5aa0ad9a567b"
"dynamic_goal_ability","expanding_1x2","open_core","frozen","rps","regulation_1x2","dynamic_attack|dynamic_defence|venue","d0f4469931258b3cbf0324b3e72519d44bc09c77e9776dc11ef58a87854f58ec","fixture_weighted_secondary","","","",0.215055040322274,0.234046704117589,-0.018991663795315,630,,,,,,,"bcdc7ac0fbd7ac7aa59902f6bc0c3b7c78ea4d6bc41006eb15ac5aa0ad9a567b"
"dynamic_goal_ability","open_nb_incumbent","open_core","frozen","rps","regulation_1x2","dynamic_attack|dynamic_defence|venue","d0f4469931258b3cbf0324b3e72519d44bc09c77e9776dc11ef58a87854f58ec","fold","wc2018","","world_cup",0.217961572485697,0.234575823914353,-0.0166142514286565,64,,,,,,,"bcdc7ac0fbd7ac7aa59902f6bc0c3b7c78ea4d6bc41006eb15ac5aa0ad9a567b"
"dynamic_goal_ability","production_hybrid_nb","feature_rich","updating","rps","regulation_1x2","dynamic_attack|dynamic_defence|venue","d0f4469931258b3cbf0324b3e72519d44bc09c77e9776dc11ef58a87854f58ec","fold","euro2012","","euro",0.21653749579001,0.234600469568812,-0.0180629737788026,28,,,,,,,"bcdc7ac0fbd7ac7aa59902f6bc0c3b7c78ea4d6bc41006eb15ac5aa0ad9a567b"
"dynamic_goal_ability","expanding_1x2","open_core","updating","rps","regulation_1x2","dynamic_attack|dynamic_defence|venue","d0f4469931258b3cbf0324b3e72519d44bc09c77e9776dc11ef58a87854f58ec","equal_tournament_headline","","","",0.211588903041711,0.235146944074474,-0.0235580410327629,630,,,,,,,"bcdc7ac0fbd7ac7aa59902f6bc0c3b7c78ea4d6bc41006eb15ac5aa0ad9a567b"
"dynamic_goal_ability","expanding_1x2","open_core","frozen","rps","regulation_1x2","dynamic_attack|dynamic_defence|venue","d0f4469931258b3cbf0324b3e72519d44bc09c77e9776dc11ef58a87854f58ec","equal_tournament_headline","","","",0.213840863317975,0.235193730960201,-0.0213528676422258,630,,,,,,,"bcdc7ac0fbd7ac7aa59902f6bc0c3b7c78ea4d6bc41006eb15ac5aa0ad9a567b"
"dynamic_goal_ability","expanding_1x2","open_core","updating","rps","regulation_1x2","dynamic_attack|dynamic_defence|venue","d0f4469931258b3cbf0324b3e72519d44bc09c77e9776dc11ef58a87854f58ec","fold","wc2022","","world_cup",0.23240548863217,0.235293526070556,-0.00288803743838637,64,,,,,,,"bcdc7ac0fbd7ac7aa59902f6bc0c3b7c78ea4d6bc41006eb15ac5aa0ad9a567b"
"dynamic_goal_ability","expanding_1x2","open_core","frozen","rps","regulation_1x2","dynamic_attack|dynamic_defence|venue","d0f4469931258b3cbf0324b3e72519d44bc09c77e9776dc11ef58a87854f58ec","fold","wc2022","","world_cup",0.23139490670879,0.235312919221245,-0.00391801251245561,64,,,,,,,"bcdc7ac0fbd7ac7aa59902f6bc0c3b7c78ea4d6bc41006eb15ac5aa0ad9a567b"
"dynamic_goal_ability","expanding_1x2","open_core","frozen","rps","regulation_1x2","dynamic_attack|dynamic_defence|venue","d0f4469931258b3cbf0324b3e72519d44bc09c77e9776dc11ef58a87854f58ec","fold","wc2014","","world_cup",0.229905174663264,0.237827219026287,-0.0079220443630224,64,,,,,,,"bcdc7ac0fbd7ac7aa59902f6bc0c3b7c78ea4d6bc41006eb15ac5aa0ad9a567b"
"dynamic_goal_ability","expanding_1x2","open_core","updating","rps","regulation_1x2","dynamic_attack|dynamic_defence|venue","d0f4469931258b3cbf0324b3e72519d44bc09c77e9776dc11ef58a87854f58ec","fold","wc2014","","world_cup",0.224866317422178,0.23785716685019,-0.0129908494280115,64,,,,,,,"bcdc7ac0fbd7ac7aa59902f6bc0c3b7c78ea4d6bc41006eb15ac5aa0ad9a567b"
"dynamic_goal_ability","expanding_1x2","open_core","updating","rps","regulation_1x2","dynamic_attack|dynamic_defence|venue","d0f4469931258b3cbf0324b3e72519d44bc09c77e9776dc11ef58a87854f58ec","fold","wc2010","","world_cup",0.211289325785122,0.237873343461482,-0.0265840176763604,64,,,,,,,"bcdc7ac0fbd7ac7aa59902f6bc0c3b7c78ea4d6bc41006eb15ac5aa0ad9a567b"
"dynamic_goal_ability","expanding_1x2","open_core","frozen","rps","regulation_1x2","dynamic_attack|dynamic_defence|venue","d0f4469931258b3cbf0324b3e72519d44bc09c77e9776dc11ef58a87854f58ec","fold","wc2010","","world_cup",0.211547921220937,0.237998093302875,-0.026450172081938,64,,,,,,,"bcdc7ac0fbd7ac7aa59902f6bc0c3b7c78ea4d6bc41006eb15ac5aa0ad9a567b"
"dynamic_goal_ability","uniform_1x2","open_core","frozen","rps","regulation_1x2","dynamic_attack|dynamic_defence|venue","d0f4469931258b3cbf0324b3e72519d44bc09c77e9776dc11ef58a87854f58ec","fold","wc2022","","world_cup",0.23139490670879,0.238715277777779,-0.00732037106898939,64,,,,,,,"bcdc7ac0fbd7ac7aa59902f6bc0c3b7c78ea4d6bc41006eb15ac5aa0ad9a567b"
"dynamic_goal_ability","uniform_1x2","open_core","updating","rps","regulation_1x2","dynamic_attack|dynamic_defence|venue","d0f4469931258b3cbf0324b3e72519d44bc09c77e9776dc11ef58a87854f58ec","fold","wc2022","","world_cup",0.23240548863217,0.238715277777779,-0.00630978914560914,64,,,,,,,"bcdc7ac0fbd7ac7aa59902f6bc0c3b7c78ea4d6bc41006eb15ac5aa0ad9a567b"
"dynamic_goal_ability","uniform_1x2","open_core","frozen","rps","regulation_1x2","dynamic_attack|dynamic_defence|venue","d0f4469931258b3cbf0324b3e72519d44bc09c77e9776dc11ef58a87854f58ec","fold","euro2012","","euro",0.215749409320934,0.240143369175627,-0.0243939598546928,31,,,,,,,"bcdc7ac0fbd7ac7aa59902f6bc0c3b7c78ea4d6bc41006eb15ac5aa0ad9a567b"
"dynamic_goal_ability","uniform_1x2","open_core","updating","rps","regulation_1x2","dynamic_attack|dynamic_defence|venue","d0f4469931258b3cbf0324b3e72519d44bc09c77e9776dc11ef58a87854f58ec","fold","euro2012","","euro",0.215070175698518,0.240143369175628,-0.0250731934771098,31,,,,,,,"bcdc7ac0fbd7ac7aa59902f6bc0c3b7c78ea4d6bc41006eb15ac5aa0ad9a567b"
"dynamic_goal_ability","uniform_1x2","open_core","updating","rps","regulation_1x2","dynamic_attack|dynamic_defence|venue","d0f4469931258b3cbf0324b3e72519d44bc09c77e9776dc11ef58a87854f58ec","fold","wc2018","","world_cup",0.215597178590357,0.241319444444444,-0.0257222658540866,64,,,,,,,"bcdc7ac0fbd7ac7aa59902f6bc0c3b7c78ea4d6bc41006eb15ac5aa0ad9a567b"
"dynamic_goal_ability","uniform_1x2","open_core","frozen","rps","regulation_1x2","dynamic_attack|dynamic_defence|venue","d0f4469931258b3cbf0324b3e72519d44bc09c77e9776dc11ef58a87854f58ec","fold","wc2018","","world_cup",0.217961572485697,0.241319444444445,-0.0233578719587484,64,,,,,,,"bcdc7ac0fbd7ac7aa59902f6bc0c3b7c78ea4d6bc41006eb15ac5aa0ad9a567b"
"dynamic_goal_ability","elo_goal_nb","open_core","frozen","rps","regulation_1x2","dynamic_attack|dynamic_defence|venue","d0f4469931258b3cbf0324b3e72519d44bc09c77e9776dc11ef58a87854f58ec","fold","euro2012","","euro",0.215749409320934,0.242627431108916,-0.0268780217879819,31,,,,,,,"bcdc7ac0fbd7ac7aa59902f6bc0c3b7c78ea4d6bc41006eb15ac5aa0ad9a567b"
"dynamic_goal_ability","uniform_1x2","open_core","frozen","rps","regulation_1x2","dynamic_attack|dynamic_defence|venue","d0f4469931258b3cbf0324b3e72519d44bc09c77e9776dc11ef58a87854f58ec","fold","euro2008","","euro",0.212352772808277,0.245519713261648,-0.0331669404533713,31,,,,,,,"bcdc7ac0fbd7ac7aa59902f6bc0c3b7c78ea4d6bc41006eb15ac5aa0ad9a567b"
"dynamic_goal_ability","uniform_1x2","open_core","updating","rps","regulation_1x2","dynamic_attack|dynamic_defence|venue","d0f4469931258b3cbf0324b3e72519d44bc09c77e9776dc11ef58a87854f58ec","fold","euro2008","","euro",0.211436406078779,0.245519713261649,-0.0340833071828701,31,,,,,,,"bcdc7ac0fbd7ac7aa59902f6bc0c3b7c78ea4d6bc41006eb15ac5aa0ad9a567b"
"dynamic_goal_ability","open_nb_incumbent","open_core","frozen","rps","regulation_1x2","dynamic_attack|dynamic_defence|venue","d0f4469931258b3cbf0324b3e72519d44bc09c77e9776dc11ef58a87854f58ec","fold","euro2012","","euro",0.215749409320934,0.247874705456687,-0.0321252961357528,31,,,,,,,"bcdc7ac0fbd7ac7aa59902f6bc0c3b7c78ea4d6bc41006eb15ac5aa0ad9a567b"
"dynamic_goal_ability","expanding_1x2","open_core","updating","rps","regulation_1x2","dynamic_attack|dynamic_defence|venue","d0f4469931258b3cbf0324b3e72519d44bc09c77e9776dc11ef58a87854f58ec","fold","wc2018","","world_cup",0.215597178590357,0.249904094958613,-0.0343069163682561,64,,,,,,,"bcdc7ac0fbd7ac7aa59902f6bc0c3b7c78ea4d6bc41006eb15ac5aa0ad9a567b"
"dynamic_goal_ability","expanding_1x2","open_core","frozen","rps","regulation_1x2","dynamic_attack|dynamic_defence|venue","d0f4469931258b3cbf0324b3e72519d44bc09c77e9776dc11ef58a87854f58ec","fold","wc2018","","world_cup",0.217961572485697,0.250073689586583,-0.0321121171008863,64,,,,,,,"bcdc7ac0fbd7ac7aa59902f6bc0c3b7c78ea4d6bc41006eb15ac5aa0ad9a567b"
"dynamic_goal_ability","production_hybrid_nb","feature_rich","frozen","rps","regulation_1x2","dynamic_attack|dynamic_defence|venue","d0f4469931258b3cbf0324b3e72519d44bc09c77e9776dc11ef58a87854f58ec","fold","euro2012","","euro",0.213744078500518,0.253610006851323,-0.0398659283508044,28,,,,,,,"bcdc7ac0fbd7ac7aa59902f6bc0c3b7c78ea4d6bc41006eb15ac5aa0ad9a567b"
"dynamic_goal_ability","expanding_1x2","open_core","updating","rps","regulation_1x2","dynamic_attack|dynamic_defence|venue","d0f4469931258b3cbf0324b3e72519d44bc09c77e9776dc11ef58a87854f58ec","fold","euro2012","","euro",0.215070175698518,0.253759356367876,-0.038689180669358,31,,,,,,,"bcdc7ac0fbd7ac7aa59902f6bc0c3b7c78ea4d6bc41006eb15ac5aa0ad9a567b"
"dynamic_goal_ability","expanding_1x2","open_core","frozen","rps","regulation_1x2","dynamic_attack|dynamic_defence|venue","d0f4469931258b3cbf0324b3e72519d44bc09c77e9776dc11ef58a87854f58ec","fold","euro2012","","euro",0.215749409320934,0.253869302014132,-0.038119892693198,31,,,,,,,"bcdc7ac0fbd7ac7aa59902f6bc0c3b7c78ea4d6bc41006eb15ac5aa0ad9a567b"
"dynamic_goal_ability","expanding_1x2","open_core","updating","rps","regulation_1x2","dynamic_attack|dynamic_defence|venue","d0f4469931258b3cbf0324b3e72519d44bc09c77e9776dc11ef58a87854f58ec","fold","euro2008","","euro",0.211436406078779,0.261110264571922,-0.0496738584931428,31,,,,,,,"bcdc7ac0fbd7ac7aa59902f6bc0c3b7c78ea4d6bc41006eb15ac5aa0ad9a567b"
"dynamic_goal_ability","expanding_1x2","open_core","frozen","rps","regulation_1x2","dynamic_attack|dynamic_defence|venue","d0f4469931258b3cbf0324b3e72519d44bc09c77e9776dc11ef58a87854f58ec","fold","euro2008","","euro",0.212352772808277,0.26180962201498,-0.0494568492067031,31,,,,,,,"bcdc7ac0fbd7ac7aa59902f6bc0c3b7c78ea4d6bc41006eb15ac5aa0ad9a567b"
"dynamic_goal_ability","elo_goal_nb","open_core","frozen","rps","regulation_1x2","dynamic_attack|dynamic_defence|venue","d0f4469931258b3cbf0324b3e72519d44bc09c77e9776dc11ef58a87854f58ec","leave_one_tournament_out","","euro2020","",,,-0.00614938543666557,,,,,,,,"bcdc7ac0fbd7ac7aa59902f6bc0c3b7c78ea4d6bc41006eb15ac5aa0ad9a567b"
"dynamic_goal_ability","elo_goal_nb","open_core","frozen","rps","regulation_1x2","dynamic_attack|dynamic_defence|venue","d0f4469931258b3cbf0324b3e72519d44bc09c77e9776dc11ef58a87854f58ec","leave_one_tournament_out","","euro2012","",,,-0.00699047695377065,,,,,,,,"bcdc7ac0fbd7ac7aa59902f6bc0c3b7c78ea4d6bc41006eb15ac5aa0ad9a567b"
"dynamic_goal_ability","elo_goal_nb","open_core","frozen","rps","regulation_1x2","dynamic_attack|dynamic_defence|venue","d0f4469931258b3cbf0324b3e72519d44bc09c77e9776dc11ef58a87854f58ec","leave_one_tournament_out","","wc2010","",,,-0.00791874321231146,,,,,,,,"bcdc7ac0fbd7ac7aa59902f6bc0c3b7c78ea4d6bc41006eb15ac5aa0ad9a567b"
"dynamic_goal_ability","elo_goal_nb","open_core","frozen","rps","regulation_1x2","dynamic_attack|dynamic_defence|venue","d0f4469931258b3cbf0324b3e72519d44bc09c77e9776dc11ef58a87854f58ec","leave_one_tournament_out","","euro2008","",,,-0.00805100214588624,,,,,,,,"bcdc7ac0fbd7ac7aa59902f6bc0c3b7c78ea4d6bc41006eb15ac5aa0ad9a567b"
"dynamic_goal_ability","elo_goal_nb","open_core","frozen","rps","regulation_1x2","dynamic_attack|dynamic_defence|venue","d0f4469931258b3cbf0324b3e72519d44bc09c77e9776dc11ef58a87854f58ec","leave_one_tournament_out","","wc2018","",,,-0.00828317211646032,,,,,,,,"bcdc7ac0fbd7ac7aa59902f6bc0c3b7c78ea4d6bc41006eb15ac5aa0ad9a567b"
"dynamic_goal_ability","elo_goal_nb","open_core","frozen","rps","regulation_1x2","dynamic_attack|dynamic_defence|venue","d0f4469931258b3cbf0324b3e72519d44bc09c77e9776dc11ef58a87854f58ec","leave_one_tournament_out","","euro2024","",,,-0.00849944748671732,,,,,,,,"bcdc7ac0fbd7ac7aa59902f6bc0c3b7c78ea4d6bc41006eb15ac5aa0ad9a567b"
"dynamic_goal_ability","elo_goal_nb","open_core","frozen","rps","regulation_1x2","dynamic_attack|dynamic_defence|venue","d0f4469931258b3cbf0324b3e72519d44bc09c77e9776dc11ef58a87854f58ec","tournament_bootstrap","","","",,,-0.00864777235662158,,-0.0165361221815564,-0.00145332621474211,,,,,"bcdc7ac0fbd7ac7aa59902f6bc0c3b7c78ea4d6bc41006eb15ac5aa0ad9a567b"
"dynamic_goal_ability","elo_goal_nb","open_core","frozen","rps","regulation_1x2","dynamic_attack|dynamic_defence|venue","d0f4469931258b3cbf0324b3e72519d44bc09c77e9776dc11ef58a87854f58ec","leave_one_tournament_out","","euro2004","",,,-0.00891342329683421,,,,,,,,"bcdc7ac0fbd7ac7aa59902f6bc0c3b7c78ea4d6bc41006eb15ac5aa0ad9a567b"
"dynamic_goal_ability","elo_goal_nb","open_core","frozen","rps","regulation_1x2","dynamic_attack|dynamic_defence|venue","d0f4469931258b3cbf0324b3e72519d44bc09c77e9776dc11ef58a87854f58ec","leave_one_tournament_out","","wc2002","",,,-0.00912787578549019,,,,,,,,"bcdc7ac0fbd7ac7aa59902f6bc0c3b7c78ea4d6bc41006eb15ac5aa0ad9a567b"
"dynamic_goal_ability","elo_goal_nb","open_core","frozen","rps","regulation_1x2","dynamic_attack|dynamic_defence|venue","d0f4469931258b3cbf0324b3e72519d44bc09c77e9776dc11ef58a87854f58ec","leave_one_tournament_out","","wc2006","",,,-0.00956259226490227,,,,,,,,"bcdc7ac0fbd7ac7aa59902f6bc0c3b7c78ea4d6bc41006eb15ac5aa0ad9a567b"
"dynamic_goal_ability","elo_goal_nb","open_core","frozen","rps","regulation_1x2","dynamic_attack|dynamic_defence|venue","d0f4469931258b3cbf0324b3e72519d44bc09c77e9776dc11ef58a87854f58ec","leave_one_tournament_out","","wc2022","",,,-0.00979164917617181,,,,,,,,"bcdc7ac0fbd7ac7aa59902f6bc0c3b7c78ea4d6bc41006eb15ac5aa0ad9a567b"
"dynamic_goal_ability","elo_goal_nb","open_core","frozen","rps","regulation_1x2","dynamic_attack|dynamic_defence|venue","d0f4469931258b3cbf0324b3e72519d44bc09c77e9776dc11ef58a87854f58ec","leave_one_tournament_out","","wc2014","",,,-0.0100329304114427,,,,,,,,"bcdc7ac0fbd7ac7aa59902f6bc0c3b7c78ea4d6bc41006eb15ac5aa0ad9a567b"
"dynamic_goal_ability","elo_goal_nb","open_core","frozen","rps","regulation_1x2","dynamic_attack|dynamic_defence|venue","d0f4469931258b3cbf0324b3e72519d44bc09c77e9776dc11ef58a87854f58ec","leave_one_tournament_out","","euro2016","",,,-0.0104525699928063,,,,,,,,"bcdc7ac0fbd7ac7aa59902f6bc0c3b7c78ea4d6bc41006eb15ac5aa0ad9a567b"
"dynamic_goal_ability","elo_goal_nb","open_core","updating","rps","regulation_1x2","dynamic_attack|dynamic_defence|venue","d0f4469931258b3cbf0324b3e72519d44bc09c77e9776dc11ef58a87854f58ec","leave_one_tournament_out","","wc2006","",,,0.00735931142663918,,,,,,,,"bcdc7ac0fbd7ac7aa59902f6bc0c3b7c78ea4d6bc41006eb15ac5aa0ad9a567b"
"dynamic_goal_ability","elo_goal_nb","open_core","updating","rps","regulation_1x2","dynamic_attack|dynamic_defence|venue","d0f4469931258b3cbf0324b3e72519d44bc09c77e9776dc11ef58a87854f58ec","leave_one_tournament_out","","wc2010","",,,0.00807046856240269,,,,,,,,"bcdc7ac0fbd7ac7aa59902f6bc0c3b7c78ea4d6bc41006eb15ac5aa0ad9a567b"
"dynamic_goal_ability","elo_goal_nb","open_core","updating","rps","regulation_1x2","dynamic_attack|dynamic_defence|venue","d0f4469931258b3cbf0324b3e72519d44bc09c77e9776dc11ef58a87854f58ec","leave_one_tournament_out","","wc2022","",,,0.0081028425058814,,,,,,,,"bcdc7ac0fbd7ac7aa59902f6bc0c3b7c78ea4d6bc41006eb15ac5aa0ad9a567b"
"dynamic_goal_ability","elo_goal_nb","open_core","updating","rps","regulation_1x2","dynamic_attack|dynamic_defence|venue","d0f4469931258b3cbf0324b3e72519d44bc09c77e9776dc11ef58a87854f58ec","leave_one_tournament_out","","wc2014","",,,0.00833900946101559,,,,,,,,"bcdc7ac0fbd7ac7aa59902f6bc0c3b7c78ea4d6bc41006eb15ac5aa0ad9a567b"
"dynamic_goal_ability","elo_goal_nb","open_core","updating","rps","regulation_1x2","dynamic_attack|dynamic_defence|venue","d0f4469931258b3cbf0324b3e72519d44bc09c77e9776dc11ef58a87854f58ec","leave_one_tournament_out","","wc2018","",,,0.00854310480144976,,,,,,,,"bcdc7ac0fbd7ac7aa59902f6bc0c3b7c78ea4d6bc41006eb15ac5aa0ad9a567b"
"dynamic_goal_ability","elo_goal_nb","open_core","updating","rps","regulation_1x2","dynamic_attack|dynamic_defence|venue","d0f4469931258b3cbf0324b3e72519d44bc09c77e9776dc11ef58a87854f58ec","leave_one_tournament_out","","euro2016","",,,0.00900629615522012,,,,,,,,"bcdc7ac0fbd7ac7aa59902f6bc0c3b7c78ea4d6bc41006eb15ac5aa0ad9a567b"
"dynamic_goal_ability","elo_goal_nb","open_core","updating","rps","regulation_1x2","dynamic_attack|dynamic_defence|venue","d0f4469931258b3cbf0324b3e72519d44bc09c77e9776dc11ef58a87854f58ec","tournament_bootstrap","","","",,,0.00911517966203815,,0.00313098999558201,0.0151747193850388,,,,,"bcdc7ac0fbd7ac7aa59902f6bc0c3b7c78ea4d6bc41006eb15ac5aa0ad9a567b"
"dynamic_goal_ability","elo_goal_nb","open_core","updating","rps","regulation_1x2","dynamic_attack|dynamic_defence|venue","d0f4469931258b3cbf0324b3e72519d44bc09c77e9776dc11ef58a87854f58ec","leave_one_tournament_out","","euro2008","",,,0.00948667499898525,,,,,,,,"bcdc7ac0fbd7ac7aa59902f6bc0c3b7c78ea4d6bc41006eb15ac5aa0ad9a567b"
"dynamic_goal_ability","elo_goal_nb","open_core","updating","rps","regulation_1x2","dynamic_attack|dynamic_defence|venue","d0f4469931258b3cbf0324b3e72519d44bc09c77e9776dc11ef58a87854f58ec","leave_one_tournament_out","","wc2002","",,,0.00980377783629133,,,,,,,,"bcdc7ac0fbd7ac7aa59902f6bc0c3b7c78ea4d6bc41006eb15ac5aa0ad9a567b"
"dynamic_goal_ability","elo_goal_nb","open_core","updating","rps","regulation_1x2","dynamic_attack|dynamic_defence|venue","d0f4469931258b3cbf0324b3e72519d44bc09c77e9776dc11ef58a87854f58ec","leave_one_tournament_out","","euro2004","",,,0.00989187532230521,,,,,,,,"bcdc7ac0fbd7ac7aa59902f6bc0c3b7c78ea4d6bc41006eb15ac5aa0ad9a567b"
"dynamic_goal_ability","elo_goal_nb","open_core","updating","rps","regulation_1x2","dynamic_attack|dynamic_defence|venue","d0f4469931258b3cbf0324b3e72519d44bc09c77e9776dc11ef58a87854f58ec","leave_one_tournament_out","","euro2024","",,,0.0100590621236628,,,,,,,,"bcdc7ac0fbd7ac7aa59902f6bc0c3b7c78ea4d6bc41006eb15ac5aa0ad9a567b"
"dynamic_goal_ability","elo_goal_nb","open_core","updating","rps","regulation_1x2","dynamic_attack|dynamic_defence|venue","d0f4469931258b3cbf0324b3e72519d44bc09c77e9776dc11ef58a87854f58ec","leave_one_tournament_out","","euro2020","",,,0.0102014794552508,,,,,,,,"bcdc7ac0fbd7ac7aa59902f6bc0c3b7c78ea4d6bc41006eb15ac5aa0ad9a567b"
"dynamic_goal_ability","elo_goal_nb","open_core","updating","rps","regulation_1x2","dynamic_attack|dynamic_defence|venue","d0f4469931258b3cbf0324b3e72519d44bc09c77e9776dc11ef58a87854f58ec","leave_one_tournament_out","","euro2012","",,,0.0105182532953537,,,,,,,,"bcdc7ac0fbd7ac7aa59902f6bc0c3b7c78ea4d6bc41006eb15ac5aa0ad9a567b"
"dynamic_goal_ability","elo_goal_nb","open_core","updating","rps","regulation_1x2","dynamic_attack|dynamic_defence|venue","d0f4469931258b3cbf0324b3e72519d44bc09c77e9776dc11ef58a87854f58ec","fold_breadth","","","",,,,,,,3,0,3,0.0284297302514268,"bcdc7ac0fbd7ac7aa59902f6bc0c3b7c78ea4d6bc41006eb15ac5aa0ad9a567b"
"dynamic_goal_ability","elo_goal_nb","open_core","frozen","rps","regulation_1x2","dynamic_attack|dynamic_defence|venue","d0f4469931258b3cbf0324b3e72519d44bc09c77e9776dc11ef58a87854f58ec","fold_breadth","","","",,,,,,,8,3,5,0.0112050016414102,"bcdc7ac0fbd7ac7aa59902f6bc0c3b7c78ea4d6bc41006eb15ac5aa0ad9a567b"
"dynamic_goal_ability","expanding_1x2","open_core","frozen","rps","regulation_1x2","dynamic_attack|dynamic_defence|venue","d0f4469931258b3cbf0324b3e72519d44bc09c77e9776dc11ef58a87854f58ec","leave_one_tournament_out","","euro2008","",,,-0.0187979602272733,,,,,,,,"bcdc7ac0fbd7ac7aa59902f6bc0c3b7c78ea4d6bc41006eb15ac5aa0ad9a567b"
"dynamic_goal_ability","expanding_1x2","open_core","frozen","rps","regulation_1x2","dynamic_attack|dynamic_defence|venue","d0f4469931258b3cbf0324b3e72519d44bc09c77e9776dc11ef58a87854f58ec","leave_one_tournament_out","","euro2020","",,,-0.0189489603741516,,,,,,,,"bcdc7ac0fbd7ac7aa59902f6bc0c3b7c78ea4d6bc41006eb15ac5aa0ad9a567b"
"dynamic_goal_ability","expanding_1x2","open_core","frozen","rps","regulation_1x2","dynamic_attack|dynamic_defence|venue","d0f4469931258b3cbf0324b3e72519d44bc09c77e9776dc11ef58a87854f58ec","leave_one_tournament_out","","euro2012","",,,-0.0198285926375919,,,,,,,,"bcdc7ac0fbd7ac7aa59902f6bc0c3b7c78ea4d6bc41006eb15ac5aa0ad9a567b"
"dynamic_goal_ability","expanding_1x2","open_core","frozen","rps","regulation_1x2","dynamic_attack|dynamic_defence|venue","d0f4469931258b3cbf0324b3e72519d44bc09c77e9776dc11ef58a87854f58ec","leave_one_tournament_out","","wc2018","",,,-0.0203747540550748,,,,,,,,"bcdc7ac0fbd7ac7aa59902f6bc0c3b7c78ea4d6bc41006eb15ac5aa0ad9a567b"
"dynamic_goal_ability","expanding_1x2","open_core","frozen","rps","regulation_1x2","dynamic_attack|dynamic_defence|venue","d0f4469931258b3cbf0324b3e72519d44bc09c77e9776dc11ef58a87854f58ec","leave_one_tournament_out","","euro2024","",,,-0.020876567517942,,,,,,,,"bcdc7ac0fbd7ac7aa59902f6bc0c3b7c78ea4d6bc41006eb15ac5aa0ad9a567b"
"dynamic_goal_ability","expanding_1x2","open_core","frozen","rps","regulation_1x2","dynamic_attack|dynamic_defence|venue","d0f4469931258b3cbf0324b3e72519d44bc09c77e9776dc11ef58a87854f58ec","leave_one_tournament_out","","wc2010","",,,-0.0208894763295247,,,,,,,,"bcdc7ac0fbd7ac7aa59902f6bc0c3b7c78ea4d6bc41006eb15ac5aa0ad9a567b"
"dynamic_goal_ability","expanding_1x2","open_core","updating","rps","regulation_1x2","dynamic_attack|dynamic_defence|venue","d0f4469931258b3cbf0324b3e72519d44bc09c77e9776dc11ef58a87854f58ec","leave_one_tournament_out","","euro2008","",,,-0.021183875809092,,,,,,,,"bcdc7ac0fbd7ac7aa59902f6bc0c3b7c78ea4d6bc41006eb15ac5aa0ad9a567b"
"dynamic_goal_ability","expanding_1x2","open_core","frozen","rps","regulation_1x2","dynamic_attack|dynamic_defence|venue","d0f4469931258b3cbf0324b3e72519d44bc09c77e9776dc11ef58a87854f58ec","tournament_bootstrap","","","",,,-0.0213528676422258,,-0.0312485523058168,-0.0118128378770647,,,,,"bcdc7ac0fbd7ac7aa59902f6bc0c3b7c78ea4d6bc41006eb15ac5aa0ad9a567b"
"dynamic_goal_ability","expanding_1x2","open_core","updating","rps","regulation_1x2","dynamic_attack|dynamic_defence|venue","d0f4469931258b3cbf0324b3e72519d44bc09c77e9776dc11ef58a87854f58ec","leave_one_tournament_out","","euro2020","",,,-0.0214208520614007,,,,,,,,"bcdc7ac0fbd7ac7aa59902f6bc0c3b7c78ea4d6bc41006eb15ac5aa0ad9a567b"
"dynamic_goal_ability","expanding_1x2","open_core","frozen","rps","regulation_1x2","dynamic_attack|dynamic_defence|venue","d0f4469931258b3cbf0324b3e72519d44bc09c77e9776dc11ef58a87854f58ec","leave_one_tournament_out","","euro2004","",,,-0.021577349158546,,,,,,,,"bcdc7ac0fbd7ac7aa59902f6bc0c3b7c78ea4d6bc41006eb15ac5aa0ad9a567b"
"dynamic_goal_ability","expanding_1x2","open_core","updating","rps","regulation_1x2","dynamic_attack|dynamic_defence|venue","d0f4469931258b3cbf0324b3e72519d44bc09c77e9776dc11ef58a87854f58ec","leave_one_tournament_out","","euro2012","",,,-0.0221824828839815,,,,,,,,"bcdc7ac0fbd7ac7aa59902f6bc0c3b7c78ea4d6bc41006eb15ac5aa0ad9a567b"
"dynamic_goal_ability","expanding_1x2","open_core","frozen","rps","regulation_1x2","dynamic_attack|dynamic_defence|venue","d0f4469931258b3cbf0324b3e72519d44bc09c77e9776dc11ef58a87854f58ec","leave_one_tournament_out","","wc2014","",,,-0.0225738515766988,,,,,,,,"bcdc7ac0fbd7ac7aa59902f6bc0c3b7c78ea4d6bc41006eb15ac5aa0ad9a567b"
"dynamic_goal_ability","expanding_1x2","open_core","updating","rps","regulation_1x2","dynamic_attack|dynamic_defence|venue","d0f4469931258b3cbf0324b3e72519d44bc09c77e9776dc11ef58a87854f58ec","leave_one_tournament_out","","wc2018","",,,-0.022580870547718,,,,,,,,"bcdc7ac0fbd7ac7aa59902f6bc0c3b7c78ea4d6bc41006eb15ac5aa0ad9a567b"
"dynamic_goal_ability","expanding_1x2","open_core","frozen","rps","regulation_1x2","dynamic_attack|dynamic_defence|venue","d0f4469931258b3cbf0324b3e72519d44bc09c77e9776dc11ef58a87854f58ec","leave_one_tournament_out","","wc2002","",,,-0.0227187183841663,,,,,,,,"bcdc7ac0fbd7ac7aa59902f6bc0c3b7c78ea4d6bc41006eb15ac5aa0ad9a567b"
"dynamic_goal_ability","expanding_1x2","open_core","frozen","rps","regulation_1x2","dynamic_attack|dynamic_defence|venue","d0f4469931258b3cbf0324b3e72519d44bc09c77e9776dc11ef58a87854f58ec","leave_one_tournament_out","","wc2022","",,,-0.0229378544722049,,,,,,,,"bcdc7ac0fbd7ac7aa59902f6bc0c3b7c78ea4d6bc41006eb15ac5aa0ad9a567b"
"dynamic_goal_ability","expanding_1x2","open_core","frozen","rps","regulation_1x2","dynamic_attack|dynamic_defence|venue","d0f4469931258b3cbf0324b3e72519d44bc09c77e9776dc11ef58a87854f58ec","leave_one_tournament_out","","wc2006","",,,-0.0230947484121554,,,,,,,,"bcdc7ac0fbd7ac7aa59902f6bc0c3b7c78ea4d6bc41006eb15ac5aa0ad9a567b"
"dynamic_goal_ability","expanding_1x2","open_core","updating","rps","regulation_1x2","dynamic_attack|dynamic_defence|venue","d0f4469931258b3cbf0324b3e72519d44bc09c77e9776dc11ef58a87854f58ec","leave_one_tournament_out","","euro2024","",,,-0.0231717909896704,,,,,,,,"bcdc7ac0fbd7ac7aa59902f6bc0c3b7c78ea4d6bc41006eb15ac5aa0ad9a567b"
"dynamic_goal_ability","expanding_1x2","open_core","updating","rps","regulation_1x2","dynamic_attack|dynamic_defence|venue","d0f4469931258b3cbf0324b3e72519d44bc09c77e9776dc11ef58a87854f58ec","leave_one_tournament_out","","wc2010","",,,-0.0232829522469813,,,,,,,,"bcdc7ac0fbd7ac7aa59902f6bc0c3b7c78ea4d6bc41006eb15ac5aa0ad9a567b"
"dynamic_goal_ability","expanding_1x2","open_core","updating","rps","regulation_1x2","dynamic_attack|dynamic_defence|venue","d0f4469931258b3cbf0324b3e72519d44bc09c77e9776dc11ef58a87854f58ec","tournament_bootstrap","","","",,,-0.0235580410327629,,-0.0325604440159159,-0.0146533635603714,,,,,"bcdc7ac0fbd7ac7aa59902f6bc0c3b7c78ea4d6bc41006eb15ac5aa0ad9a567b"
"dynamic_goal_ability","expanding_1x2","open_core","frozen","rps","regulation_1x2","dynamic_attack|dynamic_defence|venue","d0f4469931258b3cbf0324b3e72519d44bc09c77e9776dc11ef58a87854f58ec","leave_one_tournament_out","","euro2016","",,,-0.0236155785613796,,,,,,,,"bcdc7ac0fbd7ac7aa59902f6bc0c3b7c78ea4d6bc41006eb15ac5aa0ad9a567b"
"dynamic_goal_ability","expanding_1x2","open_core","updating","rps","regulation_1x2","dynamic_attack|dynamic_defence|venue","d0f4469931258b3cbf0324b3e72519d44bc09c77e9776dc11ef58a87854f58ec","leave_one_tournament_out","","euro2004","",,,-0.0236702170978423,,,,,,,,"bcdc7ac0fbd7ac7aa59902f6bc0c3b7c78ea4d6bc41006eb15ac5aa0ad9a567b"
"dynamic_goal_ability","expanding_1x2","open_core","updating","rps","regulation_1x2","dynamic_attack|dynamic_defence|venue","d0f4469931258b3cbf0324b3e72519d44bc09c77e9776dc11ef58a87854f58ec","leave_one_tournament_out","","wc2014","",,,-0.024518694815013,,,,,,,,"bcdc7ac0fbd7ac7aa59902f6bc0c3b7c78ea4d6bc41006eb15ac5aa0ad9a567b"
"dynamic_goal_ability","expanding_1x2","open_core","updating","rps","regulation_1x2","dynamic_attack|dynamic_defence|venue","d0f4469931258b3cbf0324b3e72519d44bc09c77e9776dc11ef58a87854f58ec","leave_one_tournament_out","","wc2002","",,,-0.0247444513745937,,,,,,,,"bcdc7ac0fbd7ac7aa59902f6bc0c3b7c78ea4d6bc41006eb15ac5aa0ad9a567b"
"dynamic_goal_ability","expanding_1x2","open_core","updating","rps","regulation_1x2","dynamic_attack|dynamic_defence|venue","d0f4469931258b3cbf0324b3e72519d44bc09c77e9776dc11ef58a87854f58ec","leave_one_tournament_out","","wc2006","",,,-0.0247466337881245,,,,,,,,"bcdc7ac0fbd7ac7aa59902f6bc0c3b7c78ea4d6bc41006eb15ac5aa0ad9a567b"
"dynamic_goal_ability","expanding_1x2","open_core","updating","rps","regulation_1x2","dynamic_attack|dynamic_defence|venue","d0f4469931258b3cbf0324b3e72519d44bc09c77e9776dc11ef58a87854f58ec","leave_one_tournament_out","","wc2022","",,,-0.0254371322686153,,,,,,,,"bcdc7ac0fbd7ac7aa59902f6bc0c3b7c78ea4d6bc41006eb15ac5aa0ad9a567b"
"dynamic_goal_ability","expanding_1x2","open_core","updating","rps","regulation_1x2","dynamic_attack|dynamic_defence|venue","d0f4469931258b3cbf0324b3e72519d44bc09c77e9776dc11ef58a87854f58ec","leave_one_tournament_out","","euro2016","",,,-0.0257565385101217,,,,,,,,"bcdc7ac0fbd7ac7aa59902f6bc0c3b7c78ea4d6bc41006eb15ac5aa0ad9a567b"
"dynamic_goal_ability","expanding_1x2","open_core","updating","rps","regulation_1x2","dynamic_attack|dynamic_defence|venue","d0f4469931258b3cbf0324b3e72519d44bc09c77e9776dc11ef58a87854f58ec","fold_breadth","","","",,,,,,,11,6,5,0.000625431218184192,"bcdc7ac0fbd7ac7aa59902f6bc0c3b7c78ea4d6bc41006eb15ac5aa0ad9a567b"
"dynamic_goal_ability","expanding_1x2","open_core","frozen","rps","regulation_1x2","dynamic_attack|dynamic_defence|venue","d0f4469931258b3cbf0324b3e72519d44bc09c77e9776dc11ef58a87854f58ec","fold_breadth","","","",,,,,,,11,6,5,0.003536952468466,"bcdc7ac0fbd7ac7aa59902f6bc0c3b7c78ea4d6bc41006eb15ac5aa0ad9a567b"
"dynamic_goal_ability","open_nb_incumbent","open_core","frozen","rps","regulation_1x2","dynamic_attack|dynamic_defence|venue","d0f4469931258b3cbf0324b3e72519d44bc09c77e9776dc11ef58a87854f58ec","leave_one_tournament_out","","euro2020","",,,-0.00693271850624104,,,,,,,,"bcdc7ac0fbd7ac7aa59902f6bc0c3b7c78ea4d6bc41006eb15ac5aa0ad9a567b"
"dynamic_goal_ability","open_nb_incumbent","open_core","frozen","rps","regulation_1x2","dynamic_attack|dynamic_defence|venue","d0f4469931258b3cbf0324b3e72519d44bc09c77e9776dc11ef58a87854f58ec","leave_one_tournament_out","","euro2012","",,,-0.0073873156563044,,,,,,,,"bcdc7ac0fbd7ac7aa59902f6bc0c3b7c78ea4d6bc41006eb15ac5aa0ad9a567b"
"dynamic_goal_ability","open_nb_incumbent","open_core","frozen","rps","regulation_1x2","dynamic_attack|dynamic_defence|venue","d0f4469931258b3cbf0324b3e72519d44bc09c77e9776dc11ef58a87854f58ec","leave_one_tournament_out","","euro2008","",,,-0.008422617158125,,,,,,,,"bcdc7ac0fbd7ac7aa59902f6bc0c3b7c78ea4d6bc41006eb15ac5aa0ad9a567b"
"dynamic_goal_ability","open_nb_incumbent","open_core","frozen","rps","regulation_1x2","dynamic_attack|dynamic_defence|venue","d0f4469931258b3cbf0324b3e72519d44bc09c77e9776dc11ef58a87854f58ec","leave_one_tournament_out","","wc2010","",,,-0.00855696195849131,,,,,,,,"bcdc7ac0fbd7ac7aa59902f6bc0c3b7c78ea4d6bc41006eb15ac5aa0ad9a567b"
"dynamic_goal_ability","open_nb_incumbent","open_core","frozen","rps","regulation_1x2","dynamic_attack|dynamic_defence|venue","d0f4469931258b3cbf0324b3e72519d44bc09c77e9776dc11ef58a87854f58ec","leave_one_tournament_out","","wc2018","",,,-0.0087974106296768,,,,,,,,"bcdc7ac0fbd7ac7aa59902f6bc0c3b7c78ea4d6bc41006eb15ac5aa0ad9a567b"
"dynamic_goal_ability","open_nb_incumbent","open_core","frozen","rps","regulation_1x2","dynamic_attack|dynamic_defence|venue","d0f4469931258b3cbf0324b3e72519d44bc09c77e9776dc11ef58a87854f58ec","leave_one_tournament_out","","euro2024","",,,-0.00933817696859894,,,,,,,,"bcdc7ac0fbd7ac7aa59902f6bc0c3b7c78ea4d6bc41006eb15ac5aa0ad9a567b"
"dynamic_goal_ability","open_nb_incumbent","open_core","frozen","rps","regulation_1x2","dynamic_attack|dynamic_defence|venue","d0f4469931258b3cbf0324b3e72519d44bc09c77e9776dc11ef58a87854f58ec","tournament_bootstrap","","","",,,-0.00944881402959177,,-0.018387500617161,-0.00119430685857817,,,,,"bcdc7ac0fbd7ac7aa59902f6bc0c3b7c78ea4d6bc41006eb15ac5aa0ad9a567b"
"dynamic_goal_ability","open_nb_incumbent","open_core","frozen","rps","regulation_1x2","dynamic_attack|dynamic_defence|venue","d0f4469931258b3cbf0324b3e72519d44bc09c77e9776dc11ef58a87854f58ec","leave_one_tournament_out","","euro2004","",,,-0.00986079402554559,,,,,,,,"bcdc7ac0fbd7ac7aa59902f6bc0c3b7c78ea4d6bc41006eb15ac5aa0ad9a567b"
"dynamic_goal_ability","open_nb_incumbent","open_core","frozen","rps","regulation_1x2","dynamic_attack|dynamic_defence|venue","d0f4469931258b3cbf0324b3e72519d44bc09c77e9776dc11ef58a87854f58ec","leave_one_tournament_out","","wc2002","",,,-0.0102698155590421,,,,,,,,"bcdc7ac0fbd7ac7aa59902f6bc0c3b7c78ea4d6bc41006eb15ac5aa0ad9a567b"
"dynamic_goal_ability","open_nb_incumbent","open_core","frozen","rps","regulation_1x2","dynamic_attack|dynamic_defence|venue","d0f4469931258b3cbf0324b3e72519d44bc09c77e9776dc11ef58a87854f58ec","leave_one_tournament_out","","wc2014","",,,-0.0106785182986605,,,,,,,,"bcdc7ac0fbd7ac7aa59902f6bc0c3b7c78ea4d6bc41006eb15ac5aa0ad9a567b"
"dynamic_goal_ability","open_nb_incumbent","open_core","frozen","rps","regulation_1x2","dynamic_attack|dynamic_defence|venue","d0f4469931258b3cbf0324b3e72519d44bc09c77e9776dc11ef58a87854f58ec","leave_one_tournament_out","","wc2022","",,,-0.0107874423963573,,,,,,,,"bcdc7ac0fbd7ac7aa59902f6bc0c3b7c78ea4d6bc41006eb15ac5aa0ad9a567b"
"dynamic_goal_ability","open_nb_incumbent","open_core","frozen","rps","regulation_1x2","dynamic_attack|dynamic_defence|venue","d0f4469931258b3cbf0324b3e72519d44bc09c77e9776dc11ef58a87854f58ec","leave_one_tournament_out","","wc2006","",,,-0.0110914032882286,,,,,,,,"bcdc7ac0fbd7ac7aa59902f6bc0c3b7c78ea4d6bc41006eb15ac5aa0ad9a567b"
"dynamic_goal_ability","open_nb_incumbent","open_core","frozen","rps","regulation_1x2","dynamic_attack|dynamic_defence|venue","d0f4469931258b3cbf0324b3e72519d44bc09c77e9776dc11ef58a87854f58ec","leave_one_tournament_out","","euro2016","",,,-0.0112625939098296,,,,,,,,"bcdc7ac0fbd7ac7aa59902f6bc0c3b7c78ea4d6bc41006eb15ac5aa0ad9a567b"
"dynamic_goal_ability","open_nb_incumbent","open_core","updating","rps","regulation_1x2","dynamic_attack|dynamic_defence|venue","d0f4469931258b3cbf0324b3e72519d44bc09c77e9776dc11ef58a87854f58ec","leave_one_tournament_out","","wc2006","",,,0.00533288960148049,,,,,,,,"bcdc7ac0fbd7ac7aa59902f6bc0c3b7c78ea4d6bc41006eb15ac5aa0ad9a567b"
"dynamic_goal_ability","open_nb_incumbent","open_core","updating","rps","regulation_1x2","dynamic_attack|dynamic_defence|venue","d0f4469931258b3cbf0324b3e72519d44bc09c77e9776dc11ef58a87854f58ec","leave_one_tournament_out","","wc2022","",,,0.00643798133713901,,,,,,,,"bcdc7ac0fbd7ac7aa59902f6bc0c3b7c78ea4d6bc41006eb15ac5aa0ad9a567b"
"dynamic_goal_ability","open_nb_incumbent","open_core","updating","rps","regulation_1x2","dynamic_attack|dynamic_defence|venue","d0f4469931258b3cbf0324b3e72519d44bc09c77e9776dc11ef58a87854f58ec","leave_one_tournament_out","","wc2010","",,,0.0067325268510765,,,,,,,,"bcdc7ac0fbd7ac7aa59902f6bc0c3b7c78ea4d6bc41006eb15ac5aa0ad9a567b"
"dynamic_goal_ability","open_nb_incumbent","open_core","updating","rps","regulation_1x2","dynamic_attack|dynamic_defence|venue","d0f4469931258b3cbf0324b3e72519d44bc09c77e9776dc11ef58a87854f58ec","leave_one_tournament_out","","wc2014","",,,0.00698475951443601,,,,,,,,"bcdc7ac0fbd7ac7aa59902f6bc0c3b7c78ea4d6bc41006eb15ac5aa0ad9a567b"
"dynamic_goal_ability","open_nb_incumbent","open_core","updating","rps","regulation_1x2","dynamic_attack|dynamic_defence|venue","d0f4469931258b3cbf0324b3e72519d44bc09c77e9776dc11ef58a87854f58ec","leave_one_tournament_out","","wc2018","",,,0.00733489269194766,,,,,,,,"bcdc7ac0fbd7ac7aa59902f6bc0c3b7c78ea4d6bc41006eb15ac5aa0ad9a567b"
"dynamic_goal_ability","open_nb_incumbent","open_core","updating","rps","regulation_1x2","dynamic_attack|dynamic_defence|venue","d0f4469931258b3cbf0324b3e72519d44bc09c77e9776dc11ef58a87854f58ec","leave_one_tournament_out","","euro2016","",,,0.00762534589512072,,,,,,,,"bcdc7ac0fbd7ac7aa59902f6bc0c3b7c78ea4d6bc41006eb15ac5aa0ad9a567b"
"dynamic_goal_ability","open_nb_incumbent","open_core","updating","rps","regulation_1x2","dynamic_attack|dynamic_defence|venue","d0f4469931258b3cbf0324b3e72519d44bc09c77e9776dc11ef58a87854f58ec","tournament_bootstrap","","","",,,0.00765861352119814,,0.000964581591899044,0.0146728465507725,,,,,"bcdc7ac0fbd7ac7aa59902f6bc0c3b7c78ea4d6bc41006eb15ac5aa0ad9a567b"
"dynamic_goal_ability","open_nb_incumbent","open_core","updating","rps","regulation_1x2","dynamic_attack|dynamic_defence|venue","d0f4469931258b3cbf0324b3e72519d44bc09c77e9776dc11ef58a87854f58ec","leave_one_tournament_out","","euro2004","",,,0.00812516270136347,,,,,,,,"bcdc7ac0fbd7ac7aa59902f6bc0c3b7c78ea4d6bc41006eb15ac5aa0ad9a567b"
"dynamic_goal_ability","open_nb_incumbent","open_core","updating","rps","regulation_1x2","dynamic_attack|dynamic_defence|venue","d0f4469931258b3cbf0324b3e72519d44bc09c77e9776dc11ef58a87854f58ec","leave_one_tournament_out","","wc2002","",,,0.00816469258186224,,,,,,,,"bcdc7ac0fbd7ac7aa59902f6bc0c3b7c78ea4d6bc41006eb15ac5aa0ad9a567b"
"dynamic_goal_ability","open_nb_incumbent","open_core","updating","rps","regulation_1x2","dynamic_attack|dynamic_defence|venue","d0f4469931258b3cbf0324b3e72519d44bc09c77e9776dc11ef58a87854f58ec","leave_one_tournament_out","","euro2008","",,,0.00825204662298733,,,,,,,,"bcdc7ac0fbd7ac7aa59902f6bc0c3b7c78ea4d6bc41006eb15ac5aa0ad9a567b"
"dynamic_goal_ability","open_nb_incumbent","open_core","updating","rps","regulation_1x2","dynamic_attack|dynamic_defence|venue","d0f4469931258b3cbf0324b3e72519d44bc09c77e9776dc11ef58a87854f58ec","leave_one_tournament_out","","euro2024","",,,0.00857090576014641,,,,,,,,"bcdc7ac0fbd7ac7aa59902f6bc0c3b7c78ea4d6bc41006eb15ac5aa0ad9a567b"
"dynamic_goal_ability","open_nb_incumbent","open_core","updating","rps","regulation_1x2","dynamic_attack|dynamic_defence|venue","d0f4469931258b3cbf0324b3e72519d44bc09c77e9776dc11ef58a87854f58ec","leave_one_tournament_out","","euro2020","",,,0.00889325770991792,,,,,,,,"bcdc7ac0fbd7ac7aa59902f6bc0c3b7c78ea4d6bc41006eb15ac5aa0ad9a567b"
"dynamic_goal_ability","open_nb_incumbent","open_core","updating","rps","regulation_1x2","dynamic_attack|dynamic_defence|venue","d0f4469931258b3cbf0324b3e72519d44bc09c77e9776dc11ef58a87854f58ec","leave_one_tournament_out","","euro2012","",,,0.00944890098689993,,,,,,,,"bcdc7ac0fbd7ac7aa59902f6bc0c3b7c78ea4d6bc41006eb15ac5aa0ad9a567b"
"dynamic_goal_ability","open_nb_incumbent","open_core","updating","rps","regulation_1x2","dynamic_attack|dynamic_defence|venue","d0f4469931258b3cbf0324b3e72519d44bc09c77e9776dc11ef58a87854f58ec","fold_breadth","","","",,,,,,,3,0,3,0.0332415766380923,"bcdc7ac0fbd7ac7aa59902f6bc0c3b7c78ea4d6bc41006eb15ac5aa0ad9a567b"
"dynamic_goal_ability","open_nb_incumbent","open_core","frozen","rps","regulation_1x2","dynamic_attack|dynamic_defence|venue","d0f4469931258b3cbf0324b3e72519d44bc09c77e9776dc11ef58a87854f58ec","fold_breadth","","","",,,,,,,8,3,5,0.0105027646530244,"bcdc7ac0fbd7ac7aa59902f6bc0c3b7c78ea4d6bc41006eb15ac5aa0ad9a567b"
"dynamic_goal_ability","production_hybrid_nb","feature_rich","frozen","rps","regulation_1x2","dynamic_attack|dynamic_defence|venue","d0f4469931258b3cbf0324b3e72519d44bc09c77e9776dc11ef58a87854f58ec","leave_one_tournament_out","","euro2012","",,,-0.00140923761784476,,,,,,,,"bcdc7ac0fbd7ac7aa59902f6bc0c3b7c78ea4d6bc41006eb15ac5aa0ad9a567b"
"dynamic_goal_ability","production_hybrid_nb","feature_rich","frozen","rps","regulation_1x2","dynamic_attack|dynamic_defence|venue","d0f4469931258b3cbf0324b3e72519d44bc09c77e9776dc11ef58a87854f58ec","leave_one_tournament_out","","euro2020","",,,-0.00160277926609787,,,,,,,,"bcdc7ac0fbd7ac7aa59902f6bc0c3b7c78ea4d6bc41006eb15ac5aa0ad9a567b"
"dynamic_goal_ability","production_hybrid_nb","feature_rich","frozen","rps","regulation_1x2","dynamic_attack|dynamic_defence|venue","d0f4469931258b3cbf0324b3e72519d44bc09c77e9776dc11ef58a87854f58ec","leave_one_tournament_out","","wc2010","",,,-0.00315257813614637,,,,,,,,"bcdc7ac0fbd7ac7aa59902f6bc0c3b7c78ea4d6bc41006eb15ac5aa0ad9a567b"
"dynamic_goal_ability","production_hybrid_nb","feature_rich","frozen","rps","regulation_1x2","dynamic_attack|dynamic_defence|venue","d0f4469931258b3cbf0324b3e72519d44bc09c77e9776dc11ef58a87854f58ec","leave_one_tournament_out","","euro2008","",,,-0.00360834536731471,,,,,,,,"bcdc7ac0fbd7ac7aa59902f6bc0c3b7c78ea4d6bc41006eb15ac5aa0ad9a567b"
"dynamic_goal_ability","production_hybrid_nb","feature_rich","frozen","rps","regulation_1x2","dynamic_attack|dynamic_defence|venue","d0f4469931258b3cbf0324b3e72519d44bc09c77e9776dc11ef58a87854f58ec","leave_one_tournament_out","","wc2018","",,,-0.00418982332068489,,,,,,,,"bcdc7ac0fbd7ac7aa59902f6bc0c3b7c78ea4d6bc41006eb15ac5aa0ad9a567b"
"dynamic_goal_ability","production_hybrid_nb","feature_rich","frozen","rps","regulation_1x2","dynamic_attack|dynamic_defence|venue","d0f4469931258b3cbf0324b3e72519d44bc09c77e9776dc11ef58a87854f58ec","leave_one_tournament_out","","euro2024","",,,-0.00453500579626535,,,,,,,,"bcdc7ac0fbd7ac7aa59902f6bc0c3b7c78ea4d6bc41006eb15ac5aa0ad9a567b"
"dynamic_goal_ability","production_hybrid_nb","feature_rich","frozen","rps","regulation_1x2","dynamic_attack|dynamic_defence|venue","d0f4469931258b3cbf0324b3e72519d44bc09c77e9776dc11ef58a87854f58ec","tournament_bootstrap","","","",,,-0.0046139618455914,,-0.0162983501532992,0.00617305218846433,,,,,"bcdc7ac0fbd7ac7aa59902f6bc0c3b7c78ea4d6bc41006eb15ac5aa0ad9a567b"
"dynamic_goal_ability","production_hybrid_nb","feature_rich","frozen","rps","regulation_1x2","dynamic_attack|dynamic_defence|venue","d0f4469931258b3cbf0324b3e72519d44bc09c77e9776dc11ef58a87854f58ec","leave_one_tournament_out","","euro2004","",,,-0.00506219387072545,,,,,,,,"bcdc7ac0fbd7ac7aa59902f6bc0c3b7c78ea4d6bc41006eb15ac5aa0ad9a567b"
"dynamic_goal_ability","production_hybrid_nb","feature_rich","frozen","rps","regulation_1x2","dynamic_attack|dynamic_defence|venue","d0f4469931258b3cbf0324b3e72519d44bc09c77e9776dc11ef58a87854f58ec","leave_one_tournament_out","","wc2022","",,,-0.00580504599657494,,,,,,,,"bcdc7ac0fbd7ac7aa59902f6bc0c3b7c78ea4d6bc41006eb15ac5aa0ad9a567b"
"dynamic_goal_ability","production_hybrid_nb","feature_rich","frozen","rps","regulation_1x2","dynamic_attack|dynamic_defence|venue","d0f4469931258b3cbf0324b3e72519d44bc09c77e9776dc11ef58a87854f58ec","leave_one_tournament_out","","wc2014","",,,-0.00585561779057646,,,,,,,,"bcdc7ac0fbd7ac7aa59902f6bc0c3b7c78ea4d6bc41006eb15ac5aa0ad9a567b"
"dynamic_goal_ability","production_hybrid_nb","feature_rich","frozen","rps","regulation_1x2","dynamic_attack|dynamic_defence|venue","d0f4469931258b3cbf0324b3e72519d44bc09c77e9776dc11ef58a87854f58ec","leave_one_tournament_out","","wc2002","",,,-0.00620204810061881,,,,,,,,"bcdc7ac0fbd7ac7aa59902f6bc0c3b7c78ea4d6bc41006eb15ac5aa0ad9a567b"
"dynamic_goal_ability","production_hybrid_nb","feature_rich","frozen","rps","regulation_1x2","dynamic_attack|dynamic_defence|venue","d0f4469931258b3cbf0324b3e72519d44bc09c77e9776dc11ef58a87854f58ec","leave_one_tournament_out","","euro2016","",,,-0.00662991699797104,,,,,,,,"bcdc7ac0fbd7ac7aa59902f6bc0c3b7c78ea4d6bc41006eb15ac5aa0ad9a567b"
"dynamic_goal_ability","production_hybrid_nb","feature_rich","frozen","rps","regulation_1x2","dynamic_attack|dynamic_defence|venue","d0f4469931258b3cbf0324b3e72519d44bc09c77e9776dc11ef58a87854f58ec","leave_one_tournament_out","","wc2006","",,,-0.00731494988627611,,,,,,,,"bcdc7ac0fbd7ac7aa59902f6bc0c3b7c78ea4d6bc41006eb15ac5aa0ad9a567b"
"dynamic_goal_ability","production_hybrid_nb","feature_rich","updating","rps","regulation_1x2","dynamic_attack|dynamic_defence|venue","d0f4469931258b3cbf0324b3e72519d44bc09c77e9776dc11ef58a87854f58ec","leave_one_tournament_out","","wc2006","",,,0.0034185027829062,,,,,,,,"bcdc7ac0fbd7ac7aa59902f6bc0c3b7c78ea4d6bc41006eb15ac5aa0ad9a567b"
"dynamic_goal_ability","production_hybrid_nb","feature_rich","updating","rps","regulation_1x2","dynamic_attack|dynamic_defence|venue","d0f4469931258b3cbf0324b3e72519d44bc09c77e9776dc11ef58a87854f58ec","leave_one_tournament_out","","wc2022","",,,0.00552303759247962,,,,,,,,"bcdc7ac0fbd7ac7aa59902f6bc0c3b7c78ea4d6bc41006eb15ac5aa0ad9a567b"
"dynamic_goal_ability","production_hybrid_nb","feature_rich","updating","rps","regulation_1x2","dynamic_attack|dynamic_defence|venue","d0f4469931258b3cbf0324b3e72519d44bc09c77e9776dc11ef58a87854f58ec","leave_one_tournament_out","","wc2002","",,,0.00588889723845345,,,,,,,,"bcdc7ac0fbd7ac7aa59902f6bc0c3b7c78ea4d6bc41006eb15ac5aa0ad9a567b"
"dynamic_goal_ability","production_hybrid_nb","feature_rich","updating","rps","regulation_1x2","dynamic_attack|dynamic_defence|venue","d0f4469931258b3cbf0324b3e72519d44bc09c77e9776dc11ef58a87854f58ec","leave_one_tournament_out","","euro2016","",,,0.00636407484343888,,,,,,,,"bcdc7ac0fbd7ac7aa59902f6bc0c3b7c78ea4d6bc41006eb15ac5aa0ad9a567b"
"dynamic_goal_ability","production_hybrid_nb","feature_rich","updating","rps","regulation_1x2","dynamic_attack|dynamic_defence|venue","d0f4469931258b3cbf0324b3e72519d44bc09c77e9776dc11ef58a87854f58ec","leave_one_tournament_out","","wc2014","",,,0.00644870638376538,,,,,,,,"bcdc7ac0fbd7ac7aa59902f6bc0c3b7c78ea4d6bc41006eb15ac5aa0ad9a567b"
"dynamic_goal_ability","production_hybrid_nb","feature_rich","updating","rps","regulation_1x2","dynamic_attack|dynamic_defence|venue","d0f4469931258b3cbf0324b3e72519d44bc09c77e9776dc11ef58a87854f58ec","leave_one_tournament_out","","wc2018","",,,0.0064587273435708,,,,,,,,"bcdc7ac0fbd7ac7aa59902f6bc0c3b7c78ea4d6bc41006eb15ac5aa0ad9a567b"
"dynamic_goal_ability","production_hybrid_nb","feature_rich","updating","rps","regulation_1x2","dynamic_attack|dynamic_defence|venue","d0f4469931258b3cbf0324b3e72519d44bc09c77e9776dc11ef58a87854f58ec","tournament_bootstrap","","","",,,0.00677834587939056,,-0.00178536464129753,0.0161796499079743,,,,,"bcdc7ac0fbd7ac7aa59902f6bc0c3b7c78ea4d6bc41006eb15ac5aa0ad9a567b"
"dynamic_goal_ability","production_hybrid_nb","feature_rich","updating","rps","regulation_1x2","dynamic_attack|dynamic_defence|venue","d0f4469931258b3cbf0324b3e72519d44bc09c77e9776dc11ef58a87854f58ec","leave_one_tournament_out","","euro2004","",,,0.00702059838391651,,,,,,,,"bcdc7ac0fbd7ac7aa59902f6bc0c3b7c78ea4d6bc41006eb15ac5aa0ad9a567b"
"dynamic_goal_ability","production_hybrid_nb","feature_rich","updating","rps","regulation_1x2","dynamic_attack|dynamic_defence|venue","d0f4469931258b3cbf0324b3e72519d44bc09c77e9776dc11ef58a87854f58ec","leave_one_tournament_out","","wc2010","",,,0.00712448239774932,,,,,,,,"bcdc7ac0fbd7ac7aa59902f6bc0c3b7c78ea4d6bc41006eb15ac5aa0ad9a567b"
"dynamic_goal_ability","production_hybrid_nb","feature_rich","updating","rps","regulation_1x2","dynamic_attack|dynamic_defence|venue","d0f4469931258b3cbf0324b3e72519d44bc09c77e9776dc11ef58a87854f58ec","leave_one_tournament_out","","euro2024","",,,0.00755444097515766,,,,,,,,"bcdc7ac0fbd7ac7aa59902f6bc0c3b7c78ea4d6bc41006eb15ac5aa0ad9a567b"
"dynamic_goal_ability","production_hybrid_nb","feature_rich","updating","rps","regulation_1x2","dynamic_attack|dynamic_defence|venue","d0f4469931258b3cbf0324b3e72519d44bc09c77e9776dc11ef58a87854f58ec","leave_one_tournament_out","","euro2008","",,,0.00767218827703779,,,,,,,,"bcdc7ac0fbd7ac7aa59902f6bc0c3b7c78ea4d6bc41006eb15ac5aa0ad9a567b"
"dynamic_goal_ability","production_hybrid_nb","feature_rich","updating","rps","regulation_1x2","dynamic_attack|dynamic_defence|venue","d0f4469931258b3cbf0324b3e72519d44bc09c77e9776dc11ef58a87854f58ec","leave_one_tournament_out","","euro2020","",,,0.00882984666771207,,,,,,,,"bcdc7ac0fbd7ac7aa59902f6bc0c3b7c78ea4d6bc41006eb15ac5aa0ad9a567b"
"dynamic_goal_ability","production_hybrid_nb","feature_rich","updating","rps","regulation_1x2","dynamic_attack|dynamic_defence|venue","d0f4469931258b3cbf0324b3e72519d44bc09c77e9776dc11ef58a87854f58ec","leave_one_tournament_out","","euro2012","",,,0.00903664766649903,,,,,,,,"bcdc7ac0fbd7ac7aa59902f6bc0c3b7c78ea4d6bc41006eb15ac5aa0ad9a567b"
"dynamic_goal_ability","production_hybrid_nb","feature_rich","updating","rps","regulation_1x2","dynamic_attack|dynamic_defence|venue","d0f4469931258b3cbf0324b3e72519d44bc09c77e9776dc11ef58a87854f58ec","fold_breadth","","","",,,,,,,4,0,4,0.0437366199407185,"bcdc7ac0fbd7ac7aa59902f6bc0c3b7c78ea4d6bc41006eb15ac5aa0ad9a567b"
"dynamic_goal_ability","production_hybrid_nb","feature_rich","frozen","rps","regulation_1x2","dynamic_attack|dynamic_defence|venue","d0f4469931258b3cbf0324b3e72519d44bc09c77e9776dc11ef58a87854f58ec","fold_breadth","","","",,,,,,,6,2,4,0.0250969066019405,"bcdc7ac0fbd7ac7aa59902f6bc0c3b7c78ea4d6bc41006eb15ac5aa0ad9a567b"
"dynamic_goal_ability","uniform_1x2","open_core","frozen","rps","regulation_1x2","dynamic_attack|dynamic_defence|venue","d0f4469931258b3cbf0324b3e72519d44bc09c77e9776dc11ef58a87854f58ec","leave_one_tournament_out","","euro2020","",,,-0.0153308199961401,,,,,,,,"bcdc7ac0fbd7ac7aa59902f6bc0c3b7c78ea4d6bc41006eb15ac5aa0ad9a567b"
"dynamic_goal_ability","uniform_1x2","open_core","frozen","rps","regulation_1x2","dynamic_attack|dynamic_defence|venue","d0f4469931258b3cbf0324b3e72519d44bc09c77e9776dc11ef58a87854f58ec","leave_one_tournament_out","","euro2008","",,,-0.0161782219696734,,,,,,,,"bcdc7ac0fbd7ac7aa59902f6bc0c3b7c78ea4d6bc41006eb15ac5aa0ad9a567b"
"dynamic_goal_ability","uniform_1x2","open_core","frozen","rps","regulation_1x2","dynamic_attack|dynamic_defence|venue","d0f4469931258b3cbf0324b3e72519d44bc09c77e9776dc11ef58a87854f58ec","leave_one_tournament_out","","euro2012","",,,-0.0169757656604624,,,,,,,,"bcdc7ac0fbd7ac7aa59902f6bc0c3b7c78ea4d6bc41006eb15ac5aa0ad9a567b"
"dynamic_goal_ability","uniform_1x2","open_core","frozen","rps","regulation_1x2","dynamic_attack|dynamic_defence|venue","d0f4469931258b3cbf0324b3e72519d44bc09c77e9776dc11ef58a87854f58ec","leave_one_tournament_out","","wc2018","",,,-0.0170699554691846,,,,,,,,"bcdc7ac0fbd7ac7aa59902f6bc0c3b7c78ea4d6bc41006eb15ac5aa0ad9a567b"
"dynamic_goal_ability","uniform_1x2","open_core","frozen","rps","regulation_1x2","dynamic_attack|dynamic_defence|venue","d0f4469931258b3cbf0324b3e72519d44bc09c77e9776dc11ef58a87854f58ec","leave_one_tournament_out","","wc2006","",,,-0.0173800557732425,,,,,,,,"bcdc7ac0fbd7ac7aa59902f6bc0c3b7c78ea4d6bc41006eb15ac5aa0ad9a567b"
"dynamic_goal_ability","uniform_1x2","open_core","frozen","rps","regulation_1x2","dynamic_attack|dynamic_defence|venue","d0f4469931258b3cbf0324b3e72519d44bc09c77e9776dc11ef58a87854f58ec","leave_one_tournament_out","","wc2010","",,,-0.0174338659602671,,,,,,,,"bcdc7ac0fbd7ac7aa59902f6bc0c3b7c78ea4d6bc41006eb15ac5aa0ad9a567b"
"dynamic_goal_ability","uniform_1x2","open_core","frozen","rps","regulation_1x2","dynamic_attack|dynamic_defence|venue","d0f4469931258b3cbf0324b3e72519d44bc09c77e9776dc11ef58a87854f58ec","tournament_bootstrap","","","",,,-0.0175939485099816,,-0.0246962317689918,-0.0106382645393597,,,,,"bcdc7ac0fbd7ac7aa59902f6bc0c3b7c78ea4d6bc41006eb15ac5aa0ad9a567b"
"dynamic_goal_ability","uniform_1x2","open_core","frozen","rps","regulation_1x2","dynamic_attack|dynamic_defence|venue","d0f4469931258b3cbf0324b3e72519d44bc09c77e9776dc11ef58a87854f58ec","leave_one_tournament_out","","euro2024","",,,-0.0176415030965093,,,,,,,,"bcdc7ac0fbd7ac7aa59902f6bc0c3b7c78ea4d6bc41006eb15ac5aa0ad9a567b"
"dynamic_goal_ability","uniform_1x2","open_core","frozen","rps","regulation_1x2","dynamic_attack|dynamic_defence|venue","d0f4469931258b3cbf0324b3e72519d44bc09c77e9776dc11ef58a87854f58ec","leave_one_tournament_out","","euro2004","",,,-0.0176542148896143,,,,,,,,"bcdc7ac0fbd7ac7aa59902f6bc0c3b7c78ea4d6bc41006eb15ac5aa0ad9a567b"
"dynamic_goal_ability","uniform_1x2","open_core","updating","rps","regulation_1x2","dynamic_attack|dynamic_defence|venue","d0f4469931258b3cbf0324b3e72519d44bc09c77e9776dc11ef58a87854f58ec","leave_one_tournament_out","","euro2020","",,,-0.0178705895644027,,,,,,,,"bcdc7ac0fbd7ac7aa59902f6bc0c3b7c78ea4d6bc41006eb15ac5aa0ad9a567b"
"dynamic_goal_ability","uniform_1x2","open_core","frozen","rps","regulation_1x2","dynamic_attack|dynamic_defence|venue","d0f4469931258b3cbf0324b3e72519d44bc09c77e9776dc11ef58a87854f58ec","leave_one_tournament_out","","wc2002","",,,-0.018393128994838,,,,,,,,"bcdc7ac0fbd7ac7aa59902f6bc0c3b7c78ea4d6bc41006eb15ac5aa0ad9a567b"
"dynamic_goal_ability","uniform_1x2","open_core","frozen","rps","regulation_1x2","dynamic_attack|dynamic_defence|venue","d0f4469931258b3cbf0324b3e72519d44bc09c77e9776dc11ef58a87854f58ec","leave_one_tournament_out","","wc2022","",,,-0.0185279100955263,,,,,,,,"bcdc7ac0fbd7ac7aa59902f6bc0c3b7c78ea4d6bc41006eb15ac5aa0ad9a567b"
"dynamic_goal_ability","uniform_1x2","open_core","updating","rps","regulation_1x2","dynamic_attack|dynamic_defence|venue","d0f4469931258b3cbf0324b3e72519d44bc09c77e9776dc11ef58a87854f58ec","leave_one_tournament_out","","euro2008","",,,-0.018551599841098,,,,,,,,"bcdc7ac0fbd7ac7aa59902f6bc0c3b7c78ea4d6bc41006eb15ac5aa0ad9a567b"
"dynamic_goal_ability","uniform_1x2","open_core","frozen","rps","regulation_1x2","dynamic_attack|dynamic_defence|venue","d0f4469931258b3cbf0324b3e72519d44bc09c77e9776dc11ef58a87854f58ec","leave_one_tournament_out","","wc2014","",,,-0.0188659647580544,,,,,,,,"bcdc7ac0fbd7ac7aa59902f6bc0c3b7c78ea4d6bc41006eb15ac5aa0ad9a567b"
"dynamic_goal_ability","uniform_1x2","open_core","updating","rps","regulation_1x2","dynamic_attack|dynamic_defence|venue","d0f4469931258b3cbf0324b3e72519d44bc09c77e9776dc11ef58a87854f58ec","leave_one_tournament_out","","wc2006","",,,-0.0190862644863367,,,,,,,,"bcdc7ac0fbd7ac7aa59902f6bc0c3b7c78ea4d6bc41006eb15ac5aa0ad9a567b"
"dynamic_goal_ability","uniform_1x2","open_core","updating","rps","regulation_1x2","dynamic_attack|dynamic_defence|venue","d0f4469931258b3cbf0324b3e72519d44bc09c77e9776dc11ef58a87854f58ec","leave_one_tournament_out","","wc2018","",,,-0.019311694507351,,,,,,,,"bcdc7ac0fbd7ac7aa59902f6bc0c3b7c78ea4d6bc41006eb15ac5aa0ad9a567b"
"dynamic_goal_ability","uniform_1x2","open_core","updating","rps","regulation_1x2","dynamic_attack|dynamic_defence|venue","d0f4469931258b3cbf0324b3e72519d44bc09c77e9776dc11ef58a87854f58ec","leave_one_tournament_out","","euro2012","",,,-0.0193707010870762,,,,,,,,"bcdc7ac0fbd7ac7aa59902f6bc0c3b7c78ea4d6bc41006eb15ac5aa0ad9a567b"
"dynamic_goal_ability","uniform_1x2","open_core","frozen","rps","regulation_1x2","dynamic_attack|dynamic_defence|venue","d0f4469931258b3cbf0324b3e72519d44bc09c77e9776dc11ef58a87854f58ec","leave_one_tournament_out","","euro2016","",,,-0.0196759754562664,,,,,,,,"bcdc7ac0fbd7ac7aa59902f6bc0c3b7c78ea4d6bc41006eb15ac5aa0ad9a567b"
"dynamic_goal_ability","uniform_1x2","open_core","updating","rps","regulation_1x2","dynamic_attack|dynamic_defence|venue","d0f4469931258b3cbf0324b3e72519d44bc09c77e9776dc11ef58a87854f58ec","leave_one_tournament_out","","euro2004","",,,-0.0198094999513238,,,,,,,,"bcdc7ac0fbd7ac7aa59902f6bc0c3b7c78ea4d6bc41006eb15ac5aa0ad9a567b"
"dynamic_goal_ability","uniform_1x2","open_core","updating","rps","regulation_1x2","dynamic_attack|dynamic_defence|venue","d0f4469931258b3cbf0324b3e72519d44bc09c77e9776dc11ef58a87854f58ec","tournament_bootstrap","","","",,,-0.0198459087862456,,-0.0264378871459183,-0.0130999256194113,,,,,"bcdc7ac0fbd7ac7aa59902f6bc0c3b7c78ea4d6bc41006eb15ac5aa0ad9a567b"
"dynamic_goal_ability","uniform_1x2","open_core","updating","rps","regulation_1x2","dynamic_attack|dynamic_defence|venue","d0f4469931258b3cbf0324b3e72519d44bc09c77e9776dc11ef58a87854f58ec","leave_one_tournament_out","","wc2010","",,,-0.0198670412220264,,,,,,,,"bcdc7ac0fbd7ac7aa59902f6bc0c3b7c78ea4d6bc41006eb15ac5aa0ad9a567b"
"dynamic_goal_ability","uniform_1x2","open_core","updating","rps","regulation_1x2","dynamic_attack|dynamic_defence|venue","d0f4469931258b3cbf0324b3e72519d44bc09c77e9776dc11ef58a87854f58ec","leave_one_tournament_out","","euro2024","",,,-0.0199932854853613,,,,,,,,"bcdc7ac0fbd7ac7aa59902f6bc0c3b7c78ea4d6bc41006eb15ac5aa0ad9a567b"
"dynamic_goal_ability","uniform_1x2","open_core","updating","rps","regulation_1x2","dynamic_attack|dynamic_defence|venue","d0f4469931258b3cbf0324b3e72519d44bc09c77e9776dc11ef58a87854f58ec","leave_one_tournament_out","","wc2002","",,,-0.0204732803294088,,,,,,,,"bcdc7ac0fbd7ac7aa59902f6bc0c3b7c78ea4d6bc41006eb15ac5aa0ad9a567b"
"dynamic_goal_ability","uniform_1x2","open_core","updating","rps","regulation_1x2","dynamic_attack|dynamic_defence|venue","d0f4469931258b3cbf0324b3e72519d44bc09c77e9776dc11ef58a87854f58ec","leave_one_tournament_out","","wc2014","",,,-0.0208645707647893,,,,,,,,"bcdc7ac0fbd7ac7aa59902f6bc0c3b7c78ea4d6bc41006eb15ac5aa0ad9a567b"
"dynamic_goal_ability","uniform_1x2","open_core","updating","rps","regulation_1x2","dynamic_attack|dynamic_defence|venue","d0f4469931258b3cbf0324b3e72519d44bc09c77e9776dc11ef58a87854f58ec","leave_one_tournament_out","","wc2022","",,,-0.0210764651172126,,,,,,,,"bcdc7ac0fbd7ac7aa59902f6bc0c3b7c78ea4d6bc41006eb15ac5aa0ad9a567b"
"dynamic_goal_ability","uniform_1x2","open_core","updating","rps","regulation_1x2","dynamic_attack|dynamic_defence|venue","d0f4469931258b3cbf0324b3e72519d44bc09c77e9776dc11ef58a87854f58ec","leave_one_tournament_out","","euro2016","",,,-0.0218759130785608,,,,,,,,"bcdc7ac0fbd7ac7aa59902f6bc0c3b7c78ea4d6bc41006eb15ac5aa0ad9a567b"
"dynamic_goal_ability","uniform_1x2","open_core","updating","rps","regulation_1x2","dynamic_attack|dynamic_defence|venue","d0f4469931258b3cbf0324b3e72519d44bc09c77e9776dc11ef58a87854f58ec","fold_breadth","","","",,,,,,,11,6,5,0.00248413842922182,"bcdc7ac0fbd7ac7aa59902f6bc0c3b7c78ea4d6bc41006eb15ac5aa0ad9a567b"
"dynamic_goal_ability","uniform_1x2","open_core","frozen","rps","regulation_1x2","dynamic_attack|dynamic_defence|venue","d0f4469931258b3cbf0324b3e72519d44bc09c77e9776dc11ef58a87854f58ec","fold_breadth","","","",,,,,,,11,6,5,0.00530834789915189,"bcdc7ac0fbd7ac7aa59902f6bc0c3b7c78ea4d6bc41006eb15ac5aa0ad9a567b"
"dynamic_goal_ability_elo","production_hybrid_nb","feature_rich","updating","rps","regulation_1x2","dynamic_attack|dynamic_defence|venue|elo_diff","d0f4469931258b3cbf0324b3e72519d44bc09c77e9776dc11ef58a87854f58ec","fold","wc2006","","world_cup",0.198220684525514,0.16156832841848,0.0366523561070338,64,,,,,,,"bcdc7ac0fbd7ac7aa59902f6bc0c3b7c78ea4d6bc41006eb15ac5aa0ad9a567b"
"dynamic_goal_ability_elo","open_nb_incumbent","open_core","updating","rps","regulation_1x2","dynamic_attack|dynamic_defence|venue|elo_diff","d0f4469931258b3cbf0324b3e72519d44bc09c77e9776dc11ef58a87854f58ec","fold","wc2006","","world_cup",0.198220684525514,0.172063371721106,0.0261573128044077,64,,,,,,,"bcdc7ac0fbd7ac7aa59902f6bc0c3b7c78ea4d6bc41006eb15ac5aa0ad9a567b"
"dynamic_goal_ability_elo","elo_goal_nb","open_core","updating","rps","regulation_1x2","dynamic_attack|dynamic_defence|venue|elo_diff","d0f4469931258b3cbf0324b3e72519d44bc09c77e9776dc11ef58a87854f58ec","fold","wc2006","","world_cup",0.198220684525514,0.176875218107772,0.0213454664177422,64,,,,,,,"bcdc7ac0fbd7ac7aa59902f6bc0c3b7c78ea4d6bc41006eb15ac5aa0ad9a567b"
"dynamic_goal_ability_elo","elo_goal_nb","open_core","updating","rps","regulation_1x2","dynamic_attack|dynamic_defence|venue|elo_diff","d0f4469931258b3cbf0324b3e72519d44bc09c77e9776dc11ef58a87854f58ec","fold","euro2020","","euro",0.181415022671178,0.186749893915214,-0.00533487124403635,51,,,,,,,"bcdc7ac0fbd7ac7aa59902f6bc0c3b7c78ea4d6bc41006eb15ac5aa0ad9a567b"
"dynamic_goal_ability_elo","production_hybrid_nb","feature_rich","frozen","rps","regulation_1x2","dynamic_attack|dynamic_defence|venue|elo_diff","d0f4469931258b3cbf0324b3e72519d44bc09c77e9776dc11ef58a87854f58ec","fold","wc2006","","world_cup",0.211425286102377,0.188463269228388,0.0229620168739892,64,,,,,,,"bcdc7ac0fbd7ac7aa59902f6bc0c3b7c78ea4d6bc41006eb15ac5aa0ad9a567b"
"dynamic_goal_ability_elo","open_nb_incumbent","open_core","updating","rps","regulation_1x2","dynamic_attack|dynamic_defence|venue|elo_diff","d0f4469931258b3cbf0324b3e72519d44bc09c77e9776dc11ef58a87854f58ec","fold","euro2020","","euro",0.181415022671178,0.189838248406632,-0.00842322573545479,51,,,,,,,"bcdc7ac0fbd7ac7aa59902f6bc0c3b7c78ea4d6bc41006eb15ac5aa0ad9a567b"
"dynamic_goal_ability_elo","elo_goal_nb","open_core","updating","rps","regulation_1x2","dynamic_attack|dynamic_defence|venue|elo_diff","d0f4469931258b3cbf0324b3e72519d44bc09c77e9776dc11ef58a87854f58ec","fold","wc2010","","world_cup",0.206205080476394,0.190682324027093,0.0155227564493011,64,,,,,,,"bcdc7ac0fbd7ac7aa59902f6bc0c3b7c78ea4d6bc41006eb15ac5aa0ad9a567b"
"dynamic_goal_ability_elo","open_nb_incumbent","open_core","updating","rps","regulation_1x2","dynamic_attack|dynamic_defence|venue|elo_diff","d0f4469931258b3cbf0324b3e72519d44bc09c77e9776dc11ef58a87854f58ec","fold","wc2010","","world_cup",0.206205080476394,0.193443758892585,0.012761321583809,64,,,,,,,"bcdc7ac0fbd7ac7aa59902f6bc0c3b7c78ea4d6bc41006eb15ac5aa0ad9a567b"
"dynamic_goal_ability_elo","production_hybrid_nb","feature_rich","updating","rps","regulation_1x2","dynamic_attack|dynamic_defence|venue|elo_diff","d0f4469931258b3cbf0324b3e72519d44bc09c77e9776dc11ef58a87854f58ec","fold","euro2004","","euro",0.198040881206282,0.19427801853155,0.00376286267473129,31,,,,,,,"bcdc7ac0fbd7ac7aa59902f6bc0c3b7c78ea4d6bc41006eb15ac5aa0ad9a567b"
"dynamic_goal_ability_elo","open_nb_incumbent","open_core","updating","rps","regulation_1x2","dynamic_attack|dynamic_defence|venue|elo_diff","d0f4469931258b3cbf0324b3e72519d44bc09c77e9776dc11ef58a87854f58ec","fold","euro2004","","euro",0.198040881206282,0.195865014321776,0.00217586688450573,31,,,,,,,"bcdc7ac0fbd7ac7aa59902f6bc0c3b7c78ea4d6bc41006eb15ac5aa0ad9a567b"
"dynamic_goal_ability_elo","production_hybrid_nb","feature_rich","updating","rps","regulation_1x2","dynamic_attack|dynamic_defence|venue|elo_diff","d0f4469931258b3cbf0324b3e72519d44bc09c77e9776dc11ef58a87854f58ec","fold","euro2020","","euro",0.181165539892305,0.197183259920055,-0.0160177200277505,48,,,,,,,"bcdc7ac0fbd7ac7aa59902f6bc0c3b7c78ea4d6bc41006eb15ac5aa0ad9a567b"
"dynamic_goal_ability_elo","elo_goal_nb","open_core","updating","rps","regulation_1x2","dynamic_attack|dynamic_defence|venue|elo_diff","d0f4469931258b3cbf0324b3e72519d44bc09c77e9776dc11ef58a87854f58ec","fold","euro2004","","euro",0.198040881206282,0.197820059462055,0.000220821744226668,31,,,,,,,"bcdc7ac0fbd7ac7aa59902f6bc0c3b7c78ea4d6bc41006eb15ac5aa0ad9a567b"
"dynamic_goal_ability_elo","elo_goal_nb","open_core","updating","rps","regulation_1x2","dynamic_attack|dynamic_defence|venue|elo_diff","d0f4469931258b3cbf0324b3e72519d44bc09c77e9776dc11ef58a87854f58ec","fold","euro2024","","euro",0.196383874647765,0.198729036829663,-0.0023451621818984,51,,,,,,,"bcdc7ac0fbd7ac7aa59902f6bc0c3b7c78ea4d6bc41006eb15ac5aa0ad9a567b"
"dynamic_goal_ability_elo","production_hybrid_nb","feature_rich","updating","rps","regulation_1x2","dynamic_attack|dynamic_defence|venue|elo_diff","d0f4469931258b3cbf0324b3e72519d44bc09c77e9776dc11ef58a87854f58ec","fold","euro2024","","euro",0.196383874647765,0.199220209587878,-0.00283633494011313,51,,,,,,,"bcdc7ac0fbd7ac7aa59902f6bc0c3b7c78ea4d6bc41006eb15ac5aa0ad9a567b"
"dynamic_goal_ability_elo","open_nb_incumbent","open_core","updating","rps","regulation_1x2","dynamic_attack|dynamic_defence|venue|elo_diff","d0f4469931258b3cbf0324b3e72519d44bc09c77e9776dc11ef58a87854f58ec","fold","euro2024","","euro",0.196383874647765,0.199838110521063,-0.00345423587329849,51,,,,,,,"bcdc7ac0fbd7ac7aa59902f6bc0c3b7c78ea4d6bc41006eb15ac5aa0ad9a567b"
"dynamic_goal_ability_elo","elo_goal_nb","open_core","updating","rps","regulation_1x2","dynamic_attack|dynamic_defence|venue|elo_diff","d0f4469931258b3cbf0324b3e72519d44bc09c77e9776dc11ef58a87854f58ec","fold","wc2018","","world_cup",0.209922264854676,0.200189175461847,0.00973308939282888,64,,,,,,,"bcdc7ac0fbd7ac7aa59902f6bc0c3b7c78ea4d6bc41006eb15ac5aa0ad9a567b"
"dynamic_goal_ability_elo","production_hybrid_nb","feature_rich","frozen","rps","regulation_1x2","dynamic_attack|dynamic_defence|venue|elo_diff","d0f4469931258b3cbf0324b3e72519d44bc09c77e9776dc11ef58a87854f58ec","fold","euro2004","","euro",0.200867363459745,0.201390384066637,-0.000523020606892863,31,,,,,,,"bcdc7ac0fbd7ac7aa59902f6bc0c3b7c78ea4d6bc41006eb15ac5aa0ad9a567b"
"dynamic_goal_ability_elo","elo_goal_nb","open_core","updating","rps","regulation_1x2","dynamic_attack|dynamic_defence|venue|elo_diff","d0f4469931258b3cbf0324b3e72519d44bc09c77e9776dc11ef58a87854f58ec","fixture_weighted_secondary","","","",0.209291552507461,0.20160896657933,0.00768258592813124,630,,,,,,,"bcdc7ac0fbd7ac7aa59902f6bc0c3b7c78ea4d6bc41006eb15ac5aa0ad9a567b"
"dynamic_goal_ability_elo","elo_goal_nb","open_core","updating","rps","regulation_1x2","dynamic_attack|dynamic_defence|venue|elo_diff","d0f4469931258b3cbf0324b3e72519d44bc09c77e9776dc11ef58a87854f58ec","equal_tournament_headline","","","",0.20855764636702,0.202473723379673,0.00608392298734705,630,,,,,,,"bcdc7ac0fbd7ac7aa59902f6bc0c3b7c78ea4d6bc41006eb15ac5aa0ad9a567b"
"dynamic_goal_ability_elo","open_nb_incumbent","open_core","updating","rps","regulation_1x2","dynamic_attack|dynamic_defence|venue|elo_diff","d0f4469931258b3cbf0324b3e72519d44bc09c77e9776dc11ef58a87854f58ec","fixture_weighted_secondary","","","",0.209291552507461,0.202849583870682,0.00644196863677958,630,,,,,,,"bcdc7ac0fbd7ac7aa59902f6bc0c3b7c78ea4d6bc41006eb15ac5aa0ad9a567b"
"dynamic_goal_ability_elo","production_hybrid_nb","feature_rich","updating","rps","regulation_1x2","dynamic_attack|dynamic_defence|venue|elo_diff","d0f4469931258b3cbf0324b3e72519d44bc09c77e9776dc11ef58a87854f58ec","fold","wc2002","","world_cup",0.218354713645938,0.203404008345614,0.0149507053003243,60,,,,,,,"bcdc7ac0fbd7ac7aa59902f6bc0c3b7c78ea4d6bc41006eb15ac5aa0ad9a567b"
"dynamic_goal_ability_elo","production_hybrid_nb","feature_rich","updating","rps","regulation_1x2","dynamic_attack|dynamic_defence|venue|elo_diff","d0f4469931258b3cbf0324b3e72519d44bc09c77e9776dc11ef58a87854f58ec","fixture_weighted_secondary","","","",0.210059186669933,0.203517576620924,0.00654161004900919,609,,,,,,,"bcdc7ac0fbd7ac7aa59902f6bc0c3b7c78ea4d6bc41006eb15ac5aa0ad9a567b"
"dynamic_goal_ability_elo","open_nb_incumbent","open_core","updating","rps","regulation_1x2","dynamic_attack|dynamic_defence|venue|elo_diff","d0f4469931258b3cbf0324b3e72519d44bc09c77e9776dc11ef58a87854f58ec","equal_tournament_headline","","","",0.20855764636702,0.203930289520513,0.00462735684650704,630,,,,,,,"bcdc7ac0fbd7ac7aa59902f6bc0c3b7c78ea4d6bc41006eb15ac5aa0ad9a567b"
"dynamic_goal_ability_elo","production_hybrid_nb","feature_rich","frozen","rps","regulation_1x2","dynamic_attack|dynamic_defence|venue|elo_diff","d0f4469931258b3cbf0324b3e72519d44bc09c77e9776dc11ef58a87854f58ec","fold","euro2024","","euro",0.197264459899282,0.204097904839805,-0.00683344494052242,51,,,,,,,"bcdc7ac0fbd7ac7aa59902f6bc0c3b7c78ea4d6bc41006eb15ac5aa0ad9a567b"
"dynamic_goal_ability_elo","open_nb_incumbent","open_core","updating","rps","regulation_1x2","dynamic_attack|dynamic_defence|venue|elo_diff","d0f4469931258b3cbf0324b3e72519d44bc09c77e9776dc11ef58a87854f58ec","fold","wc2018","","world_cup",0.209922264854676,0.204377635947404,0.00554462890727186,64,,,,,,,"bcdc7ac0fbd7ac7aa59902f6bc0c3b7c78ea4d6bc41006eb15ac5aa0ad9a567b"
"dynamic_goal_ability_elo","open_nb_incumbent","open_core","frozen","rps","regulation_1x2","dynamic_attack|dynamic_defence|venue|elo_diff","d0f4469931258b3cbf0324b3e72519d44bc09c77e9776dc11ef58a87854f58ec","fold","wc2006","","world_cup",0.211425286102377,0.204940508014914,0.00648477808746244,64,,,,,,,"bcdc7ac0fbd7ac7aa59902f6bc0c3b7c78ea4d6bc41006eb15ac5aa0ad9a567b"
"dynamic_goal_ability_elo","production_hybrid_nb","feature_rich","updating","rps","regulation_1x2","dynamic_attack|dynamic_defence|venue|elo_diff","d0f4469931258b3cbf0324b3e72519d44bc09c77e9776dc11ef58a87854f58ec","equal_tournament_headline","","","",0.209496505476768,0.205250400816967,0.00424610465980024,609,,,,,,,"bcdc7ac0fbd7ac7aa59902f6bc0c3b7c78ea4d6bc41006eb15ac5aa0ad9a567b"
"dynamic_goal_ability_elo","production_hybrid_nb","feature_rich","updating","rps","regulation_1x2","dynamic_attack|dynamic_defence|venue|elo_diff","d0f4469931258b3cbf0324b3e72519d44bc09c77e9776dc11ef58a87854f58ec","fold","wc2018","","world_cup",0.209922264854676,0.205303028816949,0.00461923603772638,64,,,,,,,"bcdc7ac0fbd7ac7aa59902f6bc0c3b7c78ea4d6bc41006eb15ac5aa0ad9a567b"
"dynamic_goal_ability_elo","elo_goal_nb","open_core","updating","rps","regulation_1x2","dynamic_attack|dynamic_defence|venue|elo_diff","d0f4469931258b3cbf0324b3e72519d44bc09c77e9776dc11ef58a87854f58ec","fold","euro2008","","euro",0.207565640715035,0.206407675123159,0.00115796559187583,31,,,,,,,"bcdc7ac0fbd7ac7aa59902f6bc0c3b7c78ea4d6bc41006eb15ac5aa0ad9a567b"
"dynamic_goal_ability_elo","open_nb_incumbent","open_core","frozen","rps","regulation_1x2","dynamic_attack|dynamic_defence|venue|elo_diff","d0f4469931258b3cbf0324b3e72519d44bc09c77e9776dc11ef58a87854f58ec","fold","euro2004","","euro",0.200867363459745,0.20662400857162,-0.00575664511187577,31,,,,,,,"bcdc7ac0fbd7ac7aa59902f6bc0c3b7c78ea4d6bc41006eb15ac5aa0ad9a567b"
"dynamic_goal_ability_elo","elo_goal_nb","open_core","updating","rps","regulation_1x2","dynamic_attack|dynamic_defence|venue|elo_diff","d0f4469931258b3cbf0324b3e72519d44bc09c77e9776dc11ef58a87854f58ec","fold","wc2014","","world_cup",0.221132626511363,0.207213265548892,0.0139193609624707,64,,,,,,,"bcdc7ac0fbd7ac7aa59902f6bc0c3b7c78ea4d6bc41006eb15ac5aa0ad9a567b"
"dynamic_goal_ability_elo","elo_goal_nb","open_core","frozen","rps","regulation_1x2","dynamic_attack|dynamic_defence|venue|elo_diff","d0f4469931258b3cbf0324b3e72519d44bc09c77e9776dc11ef58a87854f58ec","fold","euro2004","","euro",0.200867363459745,0.207432586511803,-0.00656522305205869,31,,,,,,,"bcdc7ac0fbd7ac7aa59902f6bc0c3b7c78ea4d6bc41006eb15ac5aa0ad9a567b"
"dynamic_goal_ability_elo","elo_goal_nb","open_core","frozen","rps","regulation_1x2","dynamic_attack|dynamic_defence|venue|elo_diff","d0f4469931258b3cbf0324b3e72519d44bc09c77e9776dc11ef58a87854f58ec","fold","euro2024","","euro",0.197264459899282,0.208894772377195,-0.011630312477913,51,,,,,,,"bcdc7ac0fbd7ac7aa59902f6bc0c3b7c78ea4d6bc41006eb15ac5aa0ad9a567b"
"dynamic_goal_ability_elo","production_hybrid_nb","feature_rich","updating","rps","regulation_1x2","dynamic_attack|dynamic_defence|venue|elo_diff","d0f4469931258b3cbf0324b3e72519d44bc09c77e9776dc11ef58a87854f58ec","fold","wc2010","","world_cup",0.208601492349643,0.209082524600923,-0.00048103225128035,61,,,,,,,"bcdc7ac0fbd7ac7aa59902f6bc0c3b7c78ea4d6bc41006eb15ac5aa0ad9a567b"
"dynamic_goal_ability_elo","open_nb_incumbent","open_core","frozen","rps","regulation_1x2","dynamic_attack|dynamic_defence|venue|elo_diff","d0f4469931258b3cbf0324b3e72519d44bc09c77e9776dc11ef58a87854f58ec","fold","euro2024","","euro",0.197264459899282,0.20928124815214,-0.0120167882528573,51,,,,,,,"bcdc7ac0fbd7ac7aa59902f6bc0c3b7c78ea4d6bc41006eb15ac5aa0ad9a567b"
"dynamic_goal_ability_elo","open_nb_incumbent","open_core","updating","rps","regulation_1x2","dynamic_attack|dynamic_defence|venue|elo_diff","d0f4469931258b3cbf0324b3e72519d44bc09c77e9776dc11ef58a87854f58ec","fold","wc2014","","world_cup",0.221132626511363,0.209795309826597,0.0113373166847659,64,,,,,,,"bcdc7ac0fbd7ac7aa59902f6bc0c3b7c78ea4d6bc41006eb15ac5aa0ad9a567b"
"dynamic_goal_ability_elo","open_nb_incumbent","open_core","updating","rps","regulation_1x2","dynamic_attack|dynamic_defence|venue|elo_diff","d0f4469931258b3cbf0324b3e72519d44bc09c77e9776dc11ef58a87854f58ec","fold","euro2008","","euro",0.207565640715035,0.210305556677262,-0.00273991596222708,31,,,,,,,"bcdc7ac0fbd7ac7aa59902f6bc0c3b7c78ea4d6bc41006eb15ac5aa0ad9a567b"
"dynamic_goal_ability_elo","production_hybrid_nb","feature_rich","frozen","rps","regulation_1x2","dynamic_attack|dynamic_defence|venue|elo_diff","d0f4469931258b3cbf0324b3e72519d44bc09c77e9776dc11ef58a87854f58ec","fold","wc2002","","world_cup",0.222893311056101,0.210637313011104,0.0122559980449967,60,,,,,,,"bcdc7ac0fbd7ac7aa59902f6bc0c3b7c78ea4d6bc41006eb15ac5aa0ad9a567b"
"dynamic_goal_ability_elo","open_nb_incumbent","open_core","updating","rps","regulation_1x2","dynamic_attack|dynamic_defence|venue|elo_diff","d0f4469931258b3cbf0324b3e72519d44bc09c77e9776dc11ef58a87854f58ec","fold","wc2022","","world_cup",0.227929997649405,0.211319921086321,0.0166100765630843,64,,,,,,,"bcdc7ac0fbd7ac7aa59902f6bc0c3b7c78ea4d6bc41006eb15ac5aa0ad9a567b"
"dynamic_goal_ability_elo","production_hybrid_nb","feature_rich","updating","rps","regulation_1x2","dynamic_attack|dynamic_defence|venue|elo_diff","d0f4469931258b3cbf0324b3e72519d44bc09c77e9776dc11ef58a87854f58ec","fold","wc2022","","world_cup",0.227929997649405,0.211818751596759,0.0161112460526466,64,,,,,,,"bcdc7ac0fbd7ac7aa59902f6bc0c3b7c78ea4d6bc41006eb15ac5aa0ad9a567b"
"dynamic_goal_ability_elo","elo_goal_nb","open_core","frozen","rps","regulation_1x2","dynamic_attack|dynamic_defence|venue|elo_diff","d0f4469931258b3cbf0324b3e72519d44bc09c77e9776dc11ef58a87854f58ec","fold","wc2006","","world_cup",0.211425286102377,0.212144929195862,-0.000719643093485369,64,,,,,,,"bcdc7ac0fbd7ac7aa59902f6bc0c3b7c78ea4d6bc41006eb15ac5aa0ad9a567b"
"dynamic_goal_ability_elo","elo_goal_nb","open_core","updating","rps","regulation_1x2","dynamic_attack|dynamic_defence|venue|elo_diff","d0f4469931258b3cbf0324b3e72519d44bc09c77e9776dc11ef58a87854f58ec","fold","wc2022","","world_cup",0.227929997649405,0.212154600252407,0.015775397396998,64,,,,,,,"bcdc7ac0fbd7ac7aa59902f6bc0c3b7c78ea4d6bc41006eb15ac5aa0ad9a567b"
"dynamic_goal_ability_elo","open_nb_incumbent","open_core","updating","rps","regulation_1x2","dynamic_attack|dynamic_defence|venue|elo_diff","d0f4469931258b3cbf0324b3e72519d44bc09c77e9776dc11ef58a87854f58ec","fold","wc2002","","world_cup",0.213818521166836,0.213262045445768,0.000556475721067971,64,,,,,,,"bcdc7ac0fbd7ac7aa59902f6bc0c3b7c78ea4d6bc41006eb15ac5aa0ad9a567b"
"dynamic_goal_ability_elo","elo_goal_nb","open_core","updating","rps","regulation_1x2","dynamic_attack|dynamic_defence|venue|elo_diff","d0f4469931258b3cbf0324b3e72519d44bc09c77e9776dc11ef58a87854f58ec","fold","wc2002","","world_cup",0.213818521166836,0.213813189554407,5.33161242812175e-06,64,,,,,,,"bcdc7ac0fbd7ac7aa59902f6bc0c3b7c78ea4d6bc41006eb15ac5aa0ad9a567b"
"dynamic_goal_ability_elo","production_hybrid_nb","feature_rich","updating","rps","regulation_1x2","dynamic_attack|dynamic_defence|venue|elo_diff","d0f4469931258b3cbf0324b3e72519d44bc09c77e9776dc11ef58a87854f58ec","fold","wc2014","","world_cup",0.221132626511363,0.214461937090911,0.0066706894204519,64,,,,,,,"bcdc7ac0fbd7ac7aa59902f6bc0c3b7c78ea4d6bc41006eb15ac5aa0ad9a567b"
"dynamic_goal_ability_elo","production_hybrid_nb","feature_rich","updating","rps","regulation_1x2","dynamic_attack|dynamic_defence|venue|elo_diff","d0f4469931258b3cbf0324b3e72519d44bc09c77e9776dc11ef58a87854f58ec","fold","euro2008","","euro",0.207565640715035,0.214490326573508,-0.00692468585847313,31,,,,,,,"bcdc7ac0fbd7ac7aa59902f6bc0c3b7c78ea4d6bc41006eb15ac5aa0ad9a567b"
"dynamic_goal_ability_elo","production_hybrid_nb","feature_rich","frozen","rps","regulation_1x2","dynamic_attack|dynamic_defence|venue|elo_diff","d0f4469931258b3cbf0324b3e72519d44bc09c77e9776dc11ef58a87854f58ec","fold","euro2016","","euro",0.231981744055517,0.214818839474437,0.0171629045810793,43,,,,,,,"bcdc7ac0fbd7ac7aa59902f6bc0c3b7c78ea4d6bc41006eb15ac5aa0ad9a567b"
"dynamic_goal_ability_elo","uniform_1x2","open_core","frozen","rps","regulation_1x2","dynamic_attack|dynamic_defence|venue|elo_diff","d0f4469931258b3cbf0324b3e72519d44bc09c77e9776dc11ef58a87854f58ec","fold","euro2024","","euro",0.197264459899282,0.215686274509803,-0.0184218146105211,51,,,,,,,"bcdc7ac0fbd7ac7aa59902f6bc0c3b7c78ea4d6bc41006eb15ac5aa0ad9a567b"
"dynamic_goal_ability_elo","uniform_1x2","open_core","updating","rps","regulation_1x2","dynamic_attack|dynamic_defence|venue|elo_diff","d0f4469931258b3cbf0324b3e72519d44bc09c77e9776dc11ef58a87854f58ec","fold","euro2024","","euro",0.196383874647765,0.215686274509804,-0.0193023998620393,51,,,,,,,"bcdc7ac0fbd7ac7aa59902f6bc0c3b7c78ea4d6bc41006eb15ac5aa0ad9a567b"
"dynamic_goal_ability_elo","expanding_1x2","open_core","frozen","rps","regulation_1x2","dynamic_attack|dynamic_defence|venue|elo_diff","d0f4469931258b3cbf0324b3e72519d44bc09c77e9776dc11ef58a87854f58ec","fold","wc2006","","world_cup",0.211425286102377,0.215752355003328,-0.0043270689009516,64,,,,,,,"bcdc7ac0fbd7ac7aa59902f6bc0c3b7c78ea4d6bc41006eb15ac5aa0ad9a567b"
"dynamic_goal_ability_elo","expanding_1x2","open_core","updating","rps","regulation_1x2","dynamic_attack|dynamic_defence|venue|elo_diff","d0f4469931258b3cbf0324b3e72519d44bc09c77e9776dc11ef58a87854f58ec","fold","wc2006","","world_cup",0.198220684525514,0.215788469082983,-0.0175677845574693,64,,,,,,,"bcdc7ac0fbd7ac7aa59902f6bc0c3b7c78ea4d6bc41006eb15ac5aa0ad9a567b"
"dynamic_goal_ability_elo","production_hybrid_nb","feature_rich","frozen","rps","regulation_1x2","dynamic_attack|dynamic_defence|venue|elo_diff","d0f4469931258b3cbf0324b3e72519d44bc09c77e9776dc11ef58a87854f58ec","fold","euro2020","","euro",0.180180845751275,0.217175879889846,-0.036995034138571,48,,,,,,,"bcdc7ac0fbd7ac7aa59902f6bc0c3b7c78ea4d6bc41006eb15ac5aa0ad9a567b"
"dynamic_goal_ability_elo","production_hybrid_nb","feature_rich","frozen","rps","regulation_1x2","dynamic_attack|dynamic_defence|venue|elo_diff","d0f4469931258b3cbf0324b3e72519d44bc09c77e9776dc11ef58a87854f58ec","fixture_weighted_secondary","","","",0.214130698233672,0.217180248807272,-0.00304955057360021,609,,,,,,,"bcdc7ac0fbd7ac7aa59902f6bc0c3b7c78ea4d6bc41006eb15ac5aa0ad9a567b"
"dynamic_goal_ability_elo","production_hybrid_nb","feature_rich","updating","rps","regulation_1x2","dynamic_attack|dynamic_defence|venue|elo_diff","d0f4469931258b3cbf0324b3e72519d44bc09c77e9776dc11ef58a87854f58ec","fold","euro2016","","euro",0.229843908640268,0.217593946752168,0.0122499618881007,43,,,,,,,"bcdc7ac0fbd7ac7aa59902f6bc0c3b7c78ea4d6bc41006eb15ac5aa0ad9a567b"
"dynamic_goal_ability_elo","elo_goal_nb","open_core","updating","rps","regulation_1x2","dynamic_attack|dynamic_defence|venue|elo_diff","d0f4469931258b3cbf0324b3e72519d44bc09c77e9776dc11ef58a87854f58ec","fold","euro2016","","euro",0.228284645185609,0.217661436270615,0.0106232089149947,51,,,,,,,"bcdc7ac0fbd7ac7aa59902f6bc0c3b7c78ea4d6bc41006eb15ac5aa0ad9a567b"
"dynamic_goal_ability_elo","production_hybrid_nb","feature_rich","frozen","rps","regulation_1x2","dynamic_attack|dynamic_defence|venue|elo_diff","d0f4469931258b3cbf0324b3e72519d44bc09c77e9776dc11ef58a87854f58ec","equal_tournament_headline","","","",0.212967224694222,0.218412150390249,-0.00544492569602683,609,,,,,,,"bcdc7ac0fbd7ac7aa59902f6bc0c3b7c78ea4d6bc41006eb15ac5aa0ad9a567b"
"dynamic_goal_ability_elo","uniform_1x2","open_core","updating","rps","regulation_1x2","dynamic_attack|dynamic_defence|venue|elo_diff","d0f4469931258b3cbf0324b3e72519d44bc09c77e9776dc11ef58a87854f58ec","fold","euro2004","","euro",0.198040881206282,0.218637992831541,-0.0205971116252597,31,,,,,,,"bcdc7ac0fbd7ac7aa59902f6bc0c3b7c78ea4d6bc41006eb15ac5aa0ad9a567b"
"dynamic_goal_ability_elo","uniform_1x2","open_core","frozen","rps","regulation_1x2","dynamic_attack|dynamic_defence|venue|elo_diff","d0f4469931258b3cbf0324b3e72519d44bc09c77e9776dc11ef58a87854f58ec","fold","euro2004","","euro",0.200867363459745,0.218637992831542,-0.0177706293717977,31,,,,,,,"bcdc7ac0fbd7ac7aa59902f6bc0c3b7c78ea4d6bc41006eb15ac5aa0ad9a567b"
"dynamic_goal_ability_elo","elo_goal_nb","open_core","frozen","rps","regulation_1x2","dynamic_attack|dynamic_defence|venue|elo_diff","d0f4469931258b3cbf0324b3e72519d44bc09c77e9776dc11ef58a87854f58ec","fold","euro2020","","euro",0.183198841667533,0.219131862392331,-0.0359330207247988,51,,,,,,,"bcdc7ac0fbd7ac7aa59902f6bc0c3b7c78ea4d6bc41006eb15ac5aa0ad9a567b"
"dynamic_goal_ability_elo","elo_goal_nb","open_core","frozen","rps","regulation_1x2","dynamic_attack|dynamic_defence|venue|elo_diff","d0f4469931258b3cbf0324b3e72519d44bc09c77e9776dc11ef58a87854f58ec","fold","euro2016","","euro",0.230256284951739,0.219593542336172,0.0106627426155673,51,,,,,,,"bcdc7ac0fbd7ac7aa59902f6bc0c3b7c78ea4d6bc41006eb15ac5aa0ad9a567b"
"dynamic_goal_ability_elo","open_nb_incumbent","open_core","frozen","rps","regulation_1x2","dynamic_attack|dynamic_defence|venue|elo_diff","d0f4469931258b3cbf0324b3e72519d44bc09c77e9776dc11ef58a87854f58ec","fold","wc2002","","world_cup",0.218923313586288,0.219913445140191,-0.000990131553903438,64,,,,,,,"bcdc7ac0fbd7ac7aa59902f6bc0c3b7c78ea4d6bc41006eb15ac5aa0ad9a567b"
"dynamic_goal_ability_elo","open_nb_incumbent","open_core","updating","rps","regulation_1x2","dynamic_attack|dynamic_defence|venue|elo_diff","d0f4469931258b3cbf0324b3e72519d44bc09c77e9776dc11ef58a87854f58ec","fold","euro2016","","euro",0.228284645185609,0.219949777099601,0.00833486808600801,51,,,,,,,"bcdc7ac0fbd7ac7aa59902f6bc0c3b7c78ea4d6bc41006eb15ac5aa0ad9a567b"
"dynamic_goal_ability_elo","open_nb_incumbent","open_core","frozen","rps","regulation_1x2","dynamic_attack|dynamic_defence|venue|elo_diff","d0f4469931258b3cbf0324b3e72519d44bc09c77e9776dc11ef58a87854f58ec","fold","euro2020","","euro",0.183198841667533,0.220127698702643,-0.0369288570351109,51,,,,,,,"bcdc7ac0fbd7ac7aa59902f6bc0c3b7c78ea4d6bc41006eb15ac5aa0ad9a567b"
"dynamic_goal_ability_elo","open_nb_incumbent","open_core","frozen","rps","regulation_1x2","dynamic_attack|dynamic_defence|venue|elo_diff","d0f4469931258b3cbf0324b3e72519d44bc09c77e9776dc11ef58a87854f58ec","fold","euro2016","","euro",0.230256284951739,0.220295779324557,0.00996050562718142,51,,,,,,,"bcdc7ac0fbd7ac7aa59902f6bc0c3b7c78ea4d6bc41006eb15ac5aa0ad9a567b"
"dynamic_goal_ability_elo","expanding_1x2","open_core","frozen","rps","regulation_1x2","dynamic_attack|dynamic_defence|venue|elo_diff","d0f4469931258b3cbf0324b3e72519d44bc09c77e9776dc11ef58a87854f58ec","fold","euro2004","","euro",0.200867363459745,0.220590545460224,-0.0197231820004792,31,,,,,,,"bcdc7ac0fbd7ac7aa59902f6bc0c3b7c78ea4d6bc41006eb15ac5aa0ad9a567b"
"dynamic_goal_ability_elo","expanding_1x2","open_core","updating","rps","regulation_1x2","dynamic_attack|dynamic_defence|venue|elo_diff","d0f4469931258b3cbf0324b3e72519d44bc09c77e9776dc11ef58a87854f58ec","fold","euro2004","","euro",0.198040881206282,0.220715691178044,-0.0226748099717627,31,,,,,,,"bcdc7ac0fbd7ac7aa59902f6bc0c3b7c78ea4d6bc41006eb15ac5aa0ad9a567b"
"dynamic_goal_ability_elo","production_hybrid_nb","feature_rich","frozen","rps","regulation_1x2","dynamic_attack|dynamic_defence|venue|elo_diff","d0f4469931258b3cbf0324b3e72519d44bc09c77e9776dc11ef58a87854f58ec","fold","wc2014","","world_cup",0.228203111604373,0.22086092111402,0.00734219049035324,64,,,,,,,"bcdc7ac0fbd7ac7aa59902f6bc0c3b7c78ea4d6bc41006eb15ac5aa0ad9a567b"
"dynamic_goal_ability_elo","elo_goal_nb","open_core","updating","rps","regulation_1x2","dynamic_attack|dynamic_defence|venue|elo_diff","d0f4469931258b3cbf0324b3e72519d44bc09c77e9776dc11ef58a87854f58ec","fold","euro2012","","euro",0.213772516794184,0.22138880600295,-0.00761628920876679,31,,,,,,,"bcdc7ac0fbd7ac7aa59902f6bc0c3b7c78ea4d6bc41006eb15ac5aa0ad9a567b"
"dynamic_goal_ability_elo","elo_goal_nb","open_core","frozen","rps","regulation_1x2","dynamic_attack|dynamic_defence|venue|elo_diff","d0f4469931258b3cbf0324b3e72519d44bc09c77e9776dc11ef58a87854f58ec","fixture_weighted_secondary","","","",0.213992236115451,0.222366005932213,-0.00837376981676214,630,,,,,,,"bcdc7ac0fbd7ac7aa59902f6bc0c3b7c78ea4d6bc41006eb15ac5aa0ad9a567b"
"dynamic_goal_ability_elo","elo_goal_nb","open_core","frozen","rps","regulation_1x2","dynamic_attack|dynamic_defence|venue|elo_diff","d0f4469931258b3cbf0324b3e72519d44bc09c77e9776dc11ef58a87854f58ec","equal_tournament_headline","","","",0.212851345030186,0.222488635674597,-0.00963729064441083,630,,,,,,,"bcdc7ac0fbd7ac7aa59902f6bc0c3b7c78ea4d6bc41006eb15ac5aa0ad9a567b"
"dynamic_goal_ability_elo","open_nb_incumbent","open_core","frozen","rps","regulation_1x2","dynamic_attack|dynamic_defence|venue|elo_diff","d0f4469931258b3cbf0324b3e72519d44bc09c77e9776dc11ef58a87854f58ec","fixture_weighted_secondary","","","",0.213992236115451,0.222777605348689,-0.00878536923323805,630,,,,,,,"bcdc7ac0fbd7ac7aa59902f6bc0c3b7c78ea4d6bc41006eb15ac5aa0ad9a567b"
"dynamic_goal_ability_elo","elo_goal_nb","open_core","frozen","rps","regulation_1x2","dynamic_attack|dynamic_defence|venue|elo_diff","d0f4469931258b3cbf0324b3e72519d44bc09c77e9776dc11ef58a87854f58ec","fold","wc2002","","world_cup",0.218923313586288,0.22286228257362,-0.00393896898733219,64,,,,,,,"bcdc7ac0fbd7ac7aa59902f6bc0c3b7c78ea4d6bc41006eb15ac5aa0ad9a567b"
"dynamic_goal_ability_elo","production_hybrid_nb","feature_rich","frozen","rps","regulation_1x2","dynamic_attack|dynamic_defence|venue|elo_diff","d0f4469931258b3cbf0324b3e72519d44bc09c77e9776dc11ef58a87854f58ec","fold","wc2022","","world_cup",0.229196226741075,0.222906942893562,0.00628928384751283,64,,,,,,,"bcdc7ac0fbd7ac7aa59902f6bc0c3b7c78ea4d6bc41006eb15ac5aa0ad9a567b"
"dynamic_goal_ability_elo","open_nb_incumbent","open_core","frozen","rps","regulation_1x2","dynamic_attack|dynamic_defence|venue|elo_diff","d0f4469931258b3cbf0324b3e72519d44bc09c77e9776dc11ef58a87854f58ec","equal_tournament_headline","","","",0.212851345030186,0.223289677347567,-0.010438332317381,630,,,,,,,"bcdc7ac0fbd7ac7aa59902f6bc0c3b7c78ea4d6bc41006eb15ac5aa0ad9a567b"
"dynamic_goal_ability_elo","elo_goal_nb","open_core","frozen","rps","regulation_1x2","dynamic_attack|dynamic_defence|venue|elo_diff","d0f4469931258b3cbf0324b3e72519d44bc09c77e9776dc11ef58a87854f58ec","fold","wc2014","","world_cup",0.228203111604373,0.223316208416854,0.00488690318751919,64,,,,,,,"bcdc7ac0fbd7ac7aa59902f6bc0c3b7c78ea4d6bc41006eb15ac5aa0ad9a567b"
"dynamic_goal_ability_elo","expanding_1x2","open_core","frozen","rps","regulation_1x2","dynamic_attack|dynamic_defence|venue|elo_diff","d0f4469931258b3cbf0324b3e72519d44bc09c77e9776dc11ef58a87854f58ec","fold","euro2024","","euro",0.197264459899282,0.225207595460973,-0.0279431355616913,51,,,,,,,"bcdc7ac0fbd7ac7aa59902f6bc0c3b7c78ea4d6bc41006eb15ac5aa0ad9a567b"
"dynamic_goal_ability_elo","expanding_1x2","open_core","updating","rps","regulation_1x2","dynamic_attack|dynamic_defence|venue|elo_diff","d0f4469931258b3cbf0324b3e72519d44bc09c77e9776dc11ef58a87854f58ec","fold","euro2024","","euro",0.196383874647765,0.22526830092061,-0.0288844262728452,51,,,,,,,"bcdc7ac0fbd7ac7aa59902f6bc0c3b7c78ea4d6bc41006eb15ac5aa0ad9a567b"
"dynamic_goal_ability_elo","uniform_1x2","open_core","updating","rps","regulation_1x2","dynamic_attack|dynamic_defence|venue|elo_diff","d0f4469931258b3cbf0324b3e72519d44bc09c77e9776dc11ef58a87854f58ec","fold","euro2016","","euro",0.228284645185609,0.225490196078429,0.00279444910718002,51,,,,,,,"bcdc7ac0fbd7ac7aa59902f6bc0c3b7c78ea4d6bc41006eb15ac5aa0ad9a567b"
"dynamic_goal_ability_elo","uniform_1x2","open_core","updating","rps","regulation_1x2","dynamic_attack|dynamic_defence|venue|elo_diff","d0f4469931258b3cbf0324b3e72519d44bc09c77e9776dc11ef58a87854f58ec","fold","euro2020","","euro",0.181415022671178,0.22549019607843,-0.0440751734072529,51,,,,,,,"bcdc7ac0fbd7ac7aa59902f6bc0c3b7c78ea4d6bc41006eb15ac5aa0ad9a567b"
"dynamic_goal_ability_elo","uniform_1x2","open_core","frozen","rps","regulation_1x2","dynamic_attack|dynamic_defence|venue|elo_diff","d0f4469931258b3cbf0324b3e72519d44bc09c77e9776dc11ef58a87854f58ec","fold","euro2016","","euro",0.230256284951739,0.22549019607843,0.00476608887330895,51,,,,,,,"bcdc7ac0fbd7ac7aa59902f6bc0c3b7c78ea4d6bc41006eb15ac5aa0ad9a567b"
"dynamic_goal_ability_elo","uniform_1x2","open_core","frozen","rps","regulation_1x2","dynamic_attack|dynamic_defence|venue|elo_diff","d0f4469931258b3cbf0324b3e72519d44bc09c77e9776dc11ef58a87854f58ec","fold","euro2020","","euro",0.183198841667533,0.225490196078431,-0.0422913544108986,51,,,,,,,"bcdc7ac0fbd7ac7aa59902f6bc0c3b7c78ea4d6bc41006eb15ac5aa0ad9a567b"
"dynamic_goal_ability_elo","expanding_1x2","open_core","frozen","rps","regulation_1x2","dynamic_attack|dynamic_defence|venue|elo_diff","d0f4469931258b3cbf0324b3e72519d44bc09c77e9776dc11ef58a87854f58ec","fold","wc2002","","world_cup",0.218923313586288,0.225824157415433,-0.00690084382914522,64,,,,,,,"bcdc7ac0fbd7ac7aa59902f6bc0c3b7c78ea4d6bc41006eb15ac5aa0ad9a567b"
"dynamic_goal_ability_elo","open_nb_incumbent","open_core","frozen","rps","regulation_1x2","dynamic_attack|dynamic_defence|venue|elo_diff","d0f4469931258b3cbf0324b3e72519d44bc09c77e9776dc11ef58a87854f58ec","fold","wc2014","","world_cup",0.228203111604373,0.2258272417331,0.00237586987127344,64,,,,,,,"bcdc7ac0fbd7ac7aa59902f6bc0c3b7c78ea4d6bc41006eb15ac5aa0ad9a567b"
"dynamic_goal_ability_elo","expanding_1x2","open_core","updating","rps","regulation_1x2","dynamic_attack|dynamic_defence|venue|elo_diff","d0f4469931258b3cbf0324b3e72519d44bc09c77e9776dc11ef58a87854f58ec","fold","wc2002","","world_cup",0.213818521166836,0.225861316572284,-0.0120427954054488,64,,,,,,,"bcdc7ac0fbd7ac7aa59902f6bc0c3b7c78ea4d6bc41006eb15ac5aa0ad9a567b"
"dynamic_goal_ability_elo","open_nb_incumbent","open_core","frozen","rps","regulation_1x2","dynamic_attack|dynamic_defence|venue|elo_diff","d0f4469931258b3cbf0324b3e72519d44bc09c77e9776dc11ef58a87854f58ec","fold","wc2022","","world_cup",0.229196226741075,0.226118808703961,0.00307741803711411,64,,,,,,,"bcdc7ac0fbd7ac7aa59902f6bc0c3b7c78ea4d6bc41006eb15ac5aa0ad9a567b"
"dynamic_goal_ability_elo","open_nb_incumbent","open_core","updating","rps","regulation_1x2","dynamic_attack|dynamic_defence|venue|elo_diff","d0f4469931258b3cbf0324b3e72519d44bc09c77e9776dc11ef58a87854f58ec","fold","euro2012","","euro",0.213772516794184,0.227104724300039,-0.0133322075058556,31,,,,,,,"bcdc7ac0fbd7ac7aa59902f6bc0c3b7c78ea4d6bc41006eb15ac5aa0ad9a567b"
"dynamic_goal_ability_elo","production_hybrid_nb","feature_rich","frozen","rps","regulation_1x2","dynamic_attack|dynamic_defence|venue|elo_diff","d0f4469931258b3cbf0324b3e72519d44bc09c77e9776dc11ef58a87854f58ec","fold","wc2018","","world_cup",0.216742002919258,0.22724105810526,-0.0104990551860019,64,,,,,,,"bcdc7ac0fbd7ac7aa59902f6bc0c3b7c78ea4d6bc41006eb15ac5aa0ad9a567b"
"dynamic_goal_ability_elo","expanding_1x2","open_core","frozen","rps","regulation_1x2","dynamic_attack|dynamic_defence|venue|elo_diff","d0f4469931258b3cbf0324b3e72519d44bc09c77e9776dc11ef58a87854f58ec","fold","euro2016","","euro",0.230256284951739,0.227261591509116,0.00299469344262307,51,,,,,,,"bcdc7ac0fbd7ac7aa59902f6bc0c3b7c78ea4d6bc41006eb15ac5aa0ad9a567b"
"dynamic_goal_ability_elo","expanding_1x2","open_core","updating","rps","regulation_1x2","dynamic_attack|dynamic_defence|venue|elo_diff","d0f4469931258b3cbf0324b3e72519d44bc09c77e9776dc11ef58a87854f58ec","fold","euro2016","","euro",0.228284645185609,0.227348903289467,0.000935741896142395,51,,,,,,,"bcdc7ac0fbd7ac7aa59902f6bc0c3b7c78ea4d6bc41006eb15ac5aa0ad9a567b"
"dynamic_goal_ability_elo","elo_goal_nb","open_core","frozen","rps","regulation_1x2","dynamic_attack|dynamic_defence|venue|elo_diff","d0f4469931258b3cbf0324b3e72519d44bc09c77e9776dc11ef58a87854f58ec","fold","wc2022","","world_cup",0.229196226741075,0.227460034050359,0.00173619269071611,64,,,,,,,"bcdc7ac0fbd7ac7aa59902f6bc0c3b7c78ea4d6bc41006eb15ac5aa0ad9a567b"
"dynamic_goal_ability_elo","elo_goal_nb","open_core","frozen","rps","regulation_1x2","dynamic_attack|dynamic_defence|venue|elo_diff","d0f4469931258b3cbf0324b3e72519d44bc09c77e9776dc11ef58a87854f58ec","fold","euro2008","","euro",0.210253326525653,0.227565017482987,-0.0173116909573339,31,,,,,,,"bcdc7ac0fbd7ac7aa59902f6bc0c3b7c78ea4d6bc41006eb15ac5aa0ad9a567b"
"dynamic_goal_ability_elo","production_hybrid_nb","feature_rich","frozen","rps","regulation_1x2","dynamic_attack|dynamic_defence|venue|elo_diff","d0f4469931258b3cbf0324b3e72519d44bc09c77e9776dc11ef58a87854f58ec","fold","euro2008","","euro",0.210253326525653,0.228028515914912,-0.0177751893892585,31,,,,,,,"bcdc7ac0fbd7ac7aa59902f6bc0c3b7c78ea4d6bc41006eb15ac5aa0ad9a567b"
"dynamic_goal_ability_elo","elo_goal_nb","open_core","frozen","rps","regulation_1x2","dynamic_attack|dynamic_defence|venue|elo_diff","d0f4469931258b3cbf0324b3e72519d44bc09c77e9776dc11ef58a87854f58ec","fold","wc2010","","world_cup",0.211268139990071,0.22821501416497,-0.0169468741748994,64,,,,,,,"bcdc7ac0fbd7ac7aa59902f6bc0c3b7c78ea4d6bc41006eb15ac5aa0ad9a567b"
"dynamic_goal_ability_elo","uniform_1x2","open_core","updating","rps","regulation_1x2","dynamic_attack|dynamic_defence|venue|elo_diff","d0f4469931258b3cbf0324b3e72519d44bc09c77e9776dc11ef58a87854f58ec","fold","wc2002","","world_cup",0.213818521166836,0.228298611111111,-0.0144800899442756,64,,,,,,,"bcdc7ac0fbd7ac7aa59902f6bc0c3b7c78ea4d6bc41006eb15ac5aa0ad9a567b"
"dynamic_goal_ability_elo","uniform_1x2","open_core","frozen","rps","regulation_1x2","dynamic_attack|dynamic_defence|venue|elo_diff","d0f4469931258b3cbf0324b3e72519d44bc09c77e9776dc11ef58a87854f58ec","fold","wc2002","","world_cup",0.218923313586288,0.228298611111114,-0.00937529752482595,64,,,,,,,"bcdc7ac0fbd7ac7aa59902f6bc0c3b7c78ea4d6bc41006eb15ac5aa0ad9a567b"
"dynamic_goal_ability_elo","elo_goal_nb","open_core","frozen","rps","regulation_1x2","dynamic_attack|dynamic_defence|venue|elo_diff","d0f4469931258b3cbf0324b3e72519d44bc09c77e9776dc11ef58a87854f58ec","fold","wc2018","","world_cup",0.216742002919258,0.230619947484092,-0.0138779445648343,64,,,,,,,"bcdc7ac0fbd7ac7aa59902f6bc0c3b7c78ea4d6bc41006eb15ac5aa0ad9a567b"
"dynamic_goal_ability_elo","expanding_1x2","open_core","frozen","rps","regulation_1x2","dynamic_attack|dynamic_defence|venue|elo_diff","d0f4469931258b3cbf0324b3e72519d44bc09c77e9776dc11ef58a87854f58ec","fold","euro2020","","euro",0.183198841667533,0.230797681507235,-0.0475988398397028,51,,,,,,,"bcdc7ac0fbd7ac7aa59902f6bc0c3b7c78ea4d6bc41006eb15ac5aa0ad9a567b"
"dynamic_goal_ability_elo","open_nb_incumbent","open_core","frozen","rps","regulation_1x2","dynamic_attack|dynamic_defence|venue|elo_diff","d0f4469931258b3cbf0324b3e72519d44bc09c77e9776dc11ef58a87854f58ec","fold","wc2010","","world_cup",0.211268139990071,0.230807108032634,-0.0195389680425633,64,,,,,,,"bcdc7ac0fbd7ac7aa59902f6bc0c3b7c78ea4d6bc41006eb15ac5aa0ad9a567b"
"dynamic_goal_ability_elo","uniform_1x2","open_core","updating","rps","regulation_1x2","dynamic_attack|dynamic_defence|venue|elo_diff","d0f4469931258b3cbf0324b3e72519d44bc09c77e9776dc11ef58a87854f58ec","fold","wc2010","","world_cup",0.206205080476394,0.230902777777778,-0.0246976973013837,64,,,,,,,"bcdc7ac0fbd7ac7aa59902f6bc0c3b7c78ea4d6bc41006eb15ac5aa0ad9a567b"
"dynamic_goal_ability_elo","uniform_1x2","open_core","frozen","rps","regulation_1x2","dynamic_attack|dynamic_defence|venue|elo_diff","d0f4469931258b3cbf0324b3e72519d44bc09c77e9776dc11ef58a87854f58ec","fold","wc2010","","world_cup",0.211268139990071,0.230902777777778,-0.0196346377877069,64,,,,,,,"bcdc7ac0fbd7ac7aa59902f6bc0c3b7c78ea4d6bc41006eb15ac5aa0ad9a567b"
"dynamic_goal_ability_elo","expanding_1x2","open_core","updating","rps","regulation_1x2","dynamic_attack|dynamic_defence|venue|elo_diff","d0f4469931258b3cbf0324b3e72519d44bc09c77e9776dc11ef58a87854f58ec","fold","euro2020","","euro",0.181415022671178,0.230982895569659,-0.0495678728984818,51,,,,,,,"bcdc7ac0fbd7ac7aa59902f6bc0c3b7c78ea4d6bc41006eb15ac5aa0ad9a567b"
"dynamic_goal_ability_elo","uniform_1x2","open_core","updating","rps","regulation_1x2","dynamic_attack|dynamic_defence|venue|elo_diff","d0f4469931258b3cbf0324b3e72519d44bc09c77e9776dc11ef58a87854f58ec","equal_tournament_headline","","","",0.20855764636702,0.231434811827957,-0.0228771654609367,630,,,,,,,"bcdc7ac0fbd7ac7aa59902f6bc0c3b7c78ea4d6bc41006eb15ac5aa0ad9a567b"
"dynamic_goal_ability_elo","uniform_1x2","open_core","frozen","rps","regulation_1x2","dynamic_attack|dynamic_defence|venue|elo_diff","d0f4469931258b3cbf0324b3e72519d44bc09c77e9776dc11ef58a87854f58ec","equal_tournament_headline","","","",0.212851345030186,0.231434811827957,-0.0185834667977708,630,,,,,,,"bcdc7ac0fbd7ac7aa59902f6bc0c3b7c78ea4d6bc41006eb15ac5aa0ad9a567b"
"dynamic_goal_ability_elo","uniform_1x2","open_core","updating","rps","regulation_1x2","dynamic_attack|dynamic_defence|venue|elo_diff","d0f4469931258b3cbf0324b3e72519d44bc09c77e9776dc11ef58a87854f58ec","fixture_weighted_secondary","","","",0.209291552507461,0.231481481481481,-0.0221899289740198,630,,,,,,,"bcdc7ac0fbd7ac7aa59902f6bc0c3b7c78ea4d6bc41006eb15ac5aa0ad9a567b"
"dynamic_goal_ability_elo","uniform_1x2","open_core","frozen","rps","regulation_1x2","dynamic_attack|dynamic_defence|venue|elo_diff","d0f4469931258b3cbf0324b3e72519d44bc09c77e9776dc11ef58a87854f58ec","fixture_weighted_secondary","","","",0.213992236115451,0.231481481481481,-0.0174892453660308,630,,,,,,,"bcdc7ac0fbd7ac7aa59902f6bc0c3b7c78ea4d6bc41006eb15ac5aa0ad9a567b"
"dynamic_goal_ability_elo","production_hybrid_nb","feature_rich","frozen","rps","regulation_1x2","dynamic_attack|dynamic_defence|venue|elo_diff","d0f4469931258b3cbf0324b3e72519d44bc09c77e9776dc11ef58a87854f58ec","fold","wc2010","","world_cup",0.211570771652706,0.231714769293689,-0.0201439976409826,61,,,,,,,"bcdc7ac0fbd7ac7aa59902f6bc0c3b7c78ea4d6bc41006eb15ac5aa0ad9a567b"
"dynamic_goal_ability_elo","open_nb_incumbent","open_core","frozen","rps","regulation_1x2","dynamic_attack|dynamic_defence|venue|elo_diff","d0f4469931258b3cbf0324b3e72519d44bc09c77e9776dc11ef58a87854f58ec","fold","euro2008","","euro",0.210253326525653,0.233089752424003,-0.0228364258983498,31,,,,,,,"bcdc7ac0fbd7ac7aa59902f6bc0c3b7c78ea4d6bc41006eb15ac5aa0ad9a567b"
"dynamic_goal_ability_elo","uniform_1x2","open_core","frozen","rps","regulation_1x2","dynamic_attack|dynamic_defence|venue|elo_diff","d0f4469931258b3cbf0324b3e72519d44bc09c77e9776dc11ef58a87854f58ec","fold","wc2006","","world_cup",0.211425286102377,0.23350694444444,-0.022081658342063,64,,,,,,,"bcdc7ac0fbd7ac7aa59902f6bc0c3b7c78ea4d6bc41006eb15ac5aa0ad9a567b"
"dynamic_goal_ability_elo","uniform_1x2","open_core","updating","rps","regulation_1x2","dynamic_attack|dynamic_defence|venue|elo_diff","d0f4469931258b3cbf0324b3e72519d44bc09c77e9776dc11ef58a87854f58ec","fold","wc2006","","world_cup",0.198220684525514,0.233506944444443,-0.0352862599189289,64,,,,,,,"bcdc7ac0fbd7ac7aa59902f6bc0c3b7c78ea4d6bc41006eb15ac5aa0ad9a567b"
"dynamic_goal_ability_elo","uniform_1x2","open_core","updating","rps","regulation_1x2","dynamic_attack|dynamic_defence|venue|elo_diff","d0f4469931258b3cbf0324b3e72519d44bc09c77e9776dc11ef58a87854f58ec","fold","wc2014","","world_cup",0.221132626511363,0.233506944444444,-0.0123743179330809,64,,,,,,,"bcdc7ac0fbd7ac7aa59902f6bc0c3b7c78ea4d6bc41006eb15ac5aa0ad9a567b"
"dynamic_goal_ability_elo","uniform_1x2","open_core","frozen","rps","regulation_1x2","dynamic_attack|dynamic_defence|venue|elo_diff","d0f4469931258b3cbf0324b3e72519d44bc09c77e9776dc11ef58a87854f58ec","fold","wc2014","","world_cup",0.228203111604373,0.233506944444445,-0.00530383284007132,64,,,,,,,"bcdc7ac0fbd7ac7aa59902f6bc0c3b7c78ea4d6bc41006eb15ac5aa0ad9a567b"
"dynamic_goal_ability_elo","expanding_1x2","open_core","updating","rps","regulation_1x2","dynamic_attack|dynamic_defence|venue|elo_diff","d0f4469931258b3cbf0324b3e72519d44bc09c77e9776dc11ef58a87854f58ec","fixture_weighted_secondary","","","",0.209291552507461,0.23401862928916,-0.0247270767816983,630,,,,,,,"bcdc7ac0fbd7ac7aa59902f6bc0c3b7c78ea4d6bc41006eb15ac5aa0ad9a567b"
"dynamic_goal_ability_elo","expanding_1x2","open_core","frozen","rps","regulation_1x2","dynamic_attack|dynamic_defence|venue|elo_diff","d0f4469931258b3cbf0324b3e72519d44bc09c77e9776dc11ef58a87854f58ec","fixture_weighted_secondary","","","",0.213992236115451,0.234046704117589,-0.0200544680021385,630,,,,,,,"bcdc7ac0fbd7ac7aa59902f6bc0c3b7c78ea4d6bc41006eb15ac5aa0ad9a567b"
"dynamic_goal_ability_elo","open_nb_incumbent","open_core","frozen","rps","regulation_1x2","dynamic_attack|dynamic_defence|venue|elo_diff","d0f4469931258b3cbf0324b3e72519d44bc09c77e9776dc11ef58a87854f58ec","fold","wc2018","","world_cup",0.216742002919258,0.234575823914353,-0.0178338209950954,64,,,,,,,"bcdc7ac0fbd7ac7aa59902f6bc0c3b7c78ea4d6bc41006eb15ac5aa0ad9a567b"
"dynamic_goal_ability_elo","production_hybrid_nb","feature_rich","updating","rps","regulation_1x2","dynamic_attack|dynamic_defence|venue|elo_diff","d0f4469931258b3cbf0324b3e72519d44bc09c77e9776dc11ef58a87854f58ec","fold","euro2012","","euro",0.216796441083017,0.234600469568812,-0.017804028485795,28,,,,,,,"bcdc7ac0fbd7ac7aa59902f6bc0c3b7c78ea4d6bc41006eb15ac5aa0ad9a567b"
"dynamic_goal_ability_elo","expanding_1x2","open_core","updating","rps","regulation_1x2","dynamic_attack|dynamic_defence|venue|elo_diff","d0f4469931258b3cbf0324b3e72519d44bc09c77e9776dc11ef58a87854f58ec","equal_tournament_headline","","","",0.20855764636702,0.235146944074474,-0.026589297707454,630,,,,,,,"bcdc7ac0fbd7ac7aa59902f6bc0c3b7c78ea4d6bc41006eb15ac5aa0ad9a567b"
"dynamic_goal_ability_elo","expanding_1x2","open_core","frozen","rps","regulation_1x2","dynamic_attack|dynamic_defence|venue|elo_diff","d0f4469931258b3cbf0324b3e72519d44bc09c77e9776dc11ef58a87854f58ec","equal_tournament_headline","","","",0.212851345030186,0.235193730960201,-0.022342385930015,630,,,,,,,"bcdc7ac0fbd7ac7aa59902f6bc0c3b7c78ea4d6bc41006eb15ac5aa0ad9a567b"
"dynamic_goal_ability_elo","expanding_1x2","open_core","updating","rps","regulation_1x2","dynamic_attack|dynamic_defence|venue|elo_diff","d0f4469931258b3cbf0324b3e72519d44bc09c77e9776dc11ef58a87854f58ec","fold","wc2022","","world_cup",0.227929997649405,0.235293526070556,-0.00736352842115066,64,,,,,,,"bcdc7ac0fbd7ac7aa59902f6bc0c3b7c78ea4d6bc41006eb15ac5aa0ad9a567b"
"dynamic_goal_ability_elo","expanding_1x2","open_core","frozen","rps","regulation_1x2","dynamic_attack|dynamic_defence|venue|elo_diff","d0f4469931258b3cbf0324b3e72519d44bc09c77e9776dc11ef58a87854f58ec","fold","wc2022","","world_cup",0.229196226741075,0.235312919221245,-0.00611669248017041,64,,,,,,,"bcdc7ac0fbd7ac7aa59902f6bc0c3b7c78ea4d6bc41006eb15ac5aa0ad9a567b"
"dynamic_goal_ability_elo","expanding_1x2","open_core","frozen","rps","regulation_1x2","dynamic_attack|dynamic_defence|venue|elo_diff","d0f4469931258b3cbf0324b3e72519d44bc09c77e9776dc11ef58a87854f58ec","fold","wc2014","","world_cup",0.228203111604373,0.237827219026287,-0.00962410742191342,64,,,,,,,"bcdc7ac0fbd7ac7aa59902f6bc0c3b7c78ea4d6bc41006eb15ac5aa0ad9a567b"
"dynamic_goal_ability_elo","expanding_1x2","open_core","updating","rps","regulation_1x2","dynamic_attack|dynamic_defence|venue|elo_diff","d0f4469931258b3cbf0324b3e72519d44bc09c77e9776dc11ef58a87854f58ec","fold","wc2014","","world_cup",0.221132626511363,0.23785716685019,-0.0167245403388271,64,,,,,,,"bcdc7ac0fbd7ac7aa59902f6bc0c3b7c78ea4d6bc41006eb15ac5aa0ad9a567b"
"dynamic_goal_ability_elo","expanding_1x2","open_core","updating","rps","regulation_1x2","dynamic_attack|dynamic_defence|venue|elo_diff","d0f4469931258b3cbf0324b3e72519d44bc09c77e9776dc11ef58a87854f58ec","fold","wc2010","","world_cup",0.206205080476394,0.237873343461482,-0.0316682629850876,64,,,,,,,"bcdc7ac0fbd7ac7aa59902f6bc0c3b7c78ea4d6bc41006eb15ac5aa0ad9a567b"
"dynamic_goal_ability_elo","expanding_1x2","open_core","frozen","rps","regulation_1x2","dynamic_attack|dynamic_defence|venue|elo_diff","d0f4469931258b3cbf0324b3e72519d44bc09c77e9776dc11ef58a87854f58ec","fold","wc2010","","world_cup",0.211268139990071,0.237998093302875,-0.0267299533128045,64,,,,,,,"bcdc7ac0fbd7ac7aa59902f6bc0c3b7c78ea4d6bc41006eb15ac5aa0ad9a567b"
"dynamic_goal_ability_elo","uniform_1x2","open_core","updating","rps","regulation_1x2","dynamic_attack|dynamic_defence|venue|elo_diff","d0f4469931258b3cbf0324b3e72519d44bc09c77e9776dc11ef58a87854f58ec","fold","wc2022","","world_cup",0.227929997649405,0.238715277777779,-0.0107852801283734,64,,,,,,,"bcdc7ac0fbd7ac7aa59902f6bc0c3b7c78ea4d6bc41006eb15ac5aa0ad9a567b"
"dynamic_goal_ability_elo","uniform_1x2","open_core","frozen","rps","regulation_1x2","dynamic_attack|dynamic_defence|venue|elo_diff","d0f4469931258b3cbf0324b3e72519d44bc09c77e9776dc11ef58a87854f58ec","fold","wc2022","","world_cup",0.229196226741075,0.238715277777779,-0.0095190510367042,64,,,,,,,"bcdc7ac0fbd7ac7aa59902f6bc0c3b7c78ea4d6bc41006eb15ac5aa0ad9a567b"
"dynamic_goal_ability_elo","uniform_1x2","open_core","frozen","rps","regulation_1x2","dynamic_attack|dynamic_defence|venue|elo_diff","d0f4469931258b3cbf0324b3e72519d44bc09c77e9776dc11ef58a87854f58ec","fold","euro2012","","euro",0.21661778291484,0.240143369175627,-0.0235255862607877,31,,,,,,,"bcdc7ac0fbd7ac7aa59902f6bc0c3b7c78ea4d6bc41006eb15ac5aa0ad9a567b"
"dynamic_goal_ability_elo","uniform_1x2","open_core","updating","rps","regulation_1x2","dynamic_attack|dynamic_defence|venue|elo_diff","d0f4469931258b3cbf0324b3e72519d44bc09c77e9776dc11ef58a87854f58ec","fold","euro2012","","euro",0.213772516794184,0.240143369175628,-0.0263708523814439,31,,,,,,,"bcdc7ac0fbd7ac7aa59902f6bc0c3b7c78ea4d6bc41006eb15ac5aa0ad9a567b"
"dynamic_goal_ability_elo","uniform_1x2","open_core","updating","rps","regulation_1x2","dynamic_attack|dynamic_defence|venue|elo_diff","d0f4469931258b3cbf0324b3e72519d44bc09c77e9776dc11ef58a87854f58ec","fold","wc2018","","world_cup",0.209922264854676,0.241319444444444,-0.0313971795897681,64,,,,,,,"bcdc7ac0fbd7ac7aa59902f6bc0c3b7c78ea4d6bc41006eb15ac5aa0ad9a567b"
"dynamic_goal_ability_elo","uniform_1x2","open_core","frozen","rps","regulation_1x2","dynamic_attack|dynamic_defence|venue|elo_diff","d0f4469931258b3cbf0324b3e72519d44bc09c77e9776dc11ef58a87854f58ec","fold","wc2018","","world_cup",0.216742002919258,0.241319444444445,-0.0245774415251873,64,,,,,,,"bcdc7ac0fbd7ac7aa59902f6bc0c3b7c78ea4d6bc41006eb15ac5aa0ad9a567b"
"dynamic_goal_ability_elo","elo_goal_nb","open_core","frozen","rps","regulation_1x2","dynamic_attack|dynamic_defence|venue|elo_diff","d0f4469931258b3cbf0324b3e72519d44bc09c77e9776dc11ef58a87854f58ec","fold","euro2012","","euro",0.21661778291484,0.242627431108916,-0.0260096481940768,31,,,,,,,"bcdc7ac0fbd7ac7aa59902f6bc0c3b7c78ea4d6bc41006eb15ac5aa0ad9a567b"
"dynamic_goal_ability_elo","uniform_1x2","open_core","frozen","rps","regulation_1x2","dynamic_attack|dynamic_defence|venue|elo_diff","d0f4469931258b3cbf0324b3e72519d44bc09c77e9776dc11ef58a87854f58ec","fold","euro2008","","euro",0.210253326525653,0.245519713261648,-0.0352663867359949,31,,,,,,,"bcdc7ac0fbd7ac7aa59902f6bc0c3b7c78ea4d6bc41006eb15ac5aa0ad9a567b"
"dynamic_goal_ability_elo","uniform_1x2","open_core","updating","rps","regulation_1x2","dynamic_attack|dynamic_defence|venue|elo_diff","d0f4469931258b3cbf0324b3e72519d44bc09c77e9776dc11ef58a87854f58ec","fold","euro2008","","euro",0.207565640715035,0.245519713261649,-0.0379540725466142,31,,,,,,,"bcdc7ac0fbd7ac7aa59902f6bc0c3b7c78ea4d6bc41006eb15ac5aa0ad9a567b"
"dynamic_goal_ability_elo","open_nb_incumbent","open_core","frozen","rps","regulation_1x2","dynamic_attack|dynamic_defence|venue|elo_diff","d0f4469931258b3cbf0324b3e72519d44bc09c77e9776dc11ef58a87854f58ec","fold","euro2012","","euro",0.21661778291484,0.247874705456687,-0.0312569225418478,31,,,,,,,"bcdc7ac0fbd7ac7aa59902f6bc0c3b7c78ea4d6bc41006eb15ac5aa0ad9a567b"
"dynamic_goal_ability_elo","expanding_1x2","open_core","updating","rps","regulation_1x2","dynamic_attack|dynamic_defence|venue|elo_diff","d0f4469931258b3cbf0324b3e72519d44bc09c77e9776dc11ef58a87854f58ec","fold","wc2018","","world_cup",0.209922264854676,0.249904094958613,-0.0399818301039376,64,,,,,,,"bcdc7ac0fbd7ac7aa59902f6bc0c3b7c78ea4d6bc41006eb15ac5aa0ad9a567b"
"dynamic_goal_ability_elo","expanding_1x2","open_core","frozen","rps","regulation_1x2","dynamic_attack|dynamic_defence|venue|elo_diff","d0f4469931258b3cbf0324b3e72519d44bc09c77e9776dc11ef58a87854f58ec","fold","wc2018","","world_cup",0.216742002919258,0.250073689586583,-0.0333316866673252,64,,,,,,,"bcdc7ac0fbd7ac7aa59902f6bc0c3b7c78ea4d6bc41006eb15ac5aa0ad9a567b"
"dynamic_goal_ability_elo","production_hybrid_nb","feature_rich","frozen","rps","regulation_1x2","dynamic_attack|dynamic_defence|venue|elo_diff","d0f4469931258b3cbf0324b3e72519d44bc09c77e9776dc11ef58a87854f58ec","fold","euro2012","","euro",0.215028246563299,0.253610006851323,-0.038581760288024,28,,,,,,,"bcdc7ac0fbd7ac7aa59902f6bc0c3b7c78ea4d6bc41006eb15ac5aa0ad9a567b"
"dynamic_goal_ability_elo","expanding_1x2","open_core","updating","rps","regulation_1x2","dynamic_attack|dynamic_defence|venue|elo_diff","d0f4469931258b3cbf0324b3e72519d44bc09c77e9776dc11ef58a87854f58ec","fold","euro2012","","euro",0.213772516794184,0.253759356367876,-0.0399868395736921,31,,,,,,,"bcdc7ac0fbd7ac7aa59902f6bc0c3b7c78ea4d6bc41006eb15ac5aa0ad9a567b"
"dynamic_goal_ability_elo","expanding_1x2","open_core","frozen","rps","regulation_1x2","dynamic_attack|dynamic_defence|venue|elo_diff","d0f4469931258b3cbf0324b3e72519d44bc09c77e9776dc11ef58a87854f58ec","fold","euro2012","","euro",0.21661778291484,0.253869302014132,-0.037251519099293,31,,,,,,,"bcdc7ac0fbd7ac7aa59902f6bc0c3b7c78ea4d6bc41006eb15ac5aa0ad9a567b"
"dynamic_goal_ability_elo","expanding_1x2","open_core","updating","rps","regulation_1x2","dynamic_attack|dynamic_defence|venue|elo_diff","d0f4469931258b3cbf0324b3e72519d44bc09c77e9776dc11ef58a87854f58ec","fold","euro2008","","euro",0.207565640715035,0.261110264571922,-0.053544623856887,31,,,,,,,"bcdc7ac0fbd7ac7aa59902f6bc0c3b7c78ea4d6bc41006eb15ac5aa0ad9a567b"
"dynamic_goal_ability_elo","expanding_1x2","open_core","frozen","rps","regulation_1x2","dynamic_attack|dynamic_defence|venue|elo_diff","d0f4469931258b3cbf0324b3e72519d44bc09c77e9776dc11ef58a87854f58ec","fold","euro2008","","euro",0.210253326525653,0.26180962201498,-0.0515562954893267,31,,,,,,,"bcdc7ac0fbd7ac7aa59902f6bc0c3b7c78ea4d6bc41006eb15ac5aa0ad9a567b"
"dynamic_goal_ability_elo","elo_goal_nb","open_core","frozen","rps","regulation_1x2","dynamic_attack|dynamic_defence|venue|elo_diff","d0f4469931258b3cbf0324b3e72519d44bc09c77e9776dc11ef58a87854f58ec","leave_one_tournament_out","","euro2020","",,,-0.00724676972801192,,,,,,,,"bcdc7ac0fbd7ac7aa59902f6bc0c3b7c78ea4d6bc41006eb15ac5aa0ad9a567b"
"dynamic_goal_ability_elo","elo_goal_nb","open_core","frozen","rps","regulation_1x2","dynamic_attack|dynamic_defence|venue|elo_diff","d0f4469931258b3cbf0324b3e72519d44bc09c77e9776dc11ef58a87854f58ec","leave_one_tournament_out","","euro2012","",,,-0.0081488945035321,,,,,,,,"bcdc7ac0fbd7ac7aa59902f6bc0c3b7c78ea4d6bc41006eb15ac5aa0ad9a567b"
"dynamic_goal_ability_elo","elo_goal_nb","open_core","frozen","rps","regulation_1x2","dynamic_attack|dynamic_defence|venue|elo_diff","d0f4469931258b3cbf0324b3e72519d44bc09c77e9776dc11ef58a87854f58ec","leave_one_tournament_out","","euro2008","",,,-0.00893961788869055,,,,,,,,"bcdc7ac0fbd7ac7aa59902f6bc0c3b7c78ea4d6bc41006eb15ac5aa0ad9a567b"
"dynamic_goal_ability_elo","elo_goal_nb","open_core","frozen","rps","regulation_1x2","dynamic_attack|dynamic_defence|venue|elo_diff","d0f4469931258b3cbf0324b3e72519d44bc09c77e9776dc11ef58a87854f58ec","leave_one_tournament_out","","wc2010","",,,-0.00897278305073005,,,,,,,,"bcdc7ac0fbd7ac7aa59902f6bc0c3b7c78ea4d6bc41006eb15ac5aa0ad9a567b"
"dynamic_goal_ability_elo","elo_goal_nb","open_core","frozen","rps","regulation_1x2","dynamic_attack|dynamic_defence|venue|elo_diff","d0f4469931258b3cbf0324b3e72519d44bc09c77e9776dc11ef58a87854f58ec","leave_one_tournament_out","","wc2018","",,,-0.00925177665164505,,,,,,,,"bcdc7ac0fbd7ac7aa59902f6bc0c3b7c78ea4d6bc41006eb15ac5aa0ad9a567b"
"dynamic_goal_ability_elo","elo_goal_nb","open_core","frozen","rps","regulation_1x2","dynamic_attack|dynamic_defence|venue|elo_diff","d0f4469931258b3cbf0324b3e72519d44bc09c77e9776dc11ef58a87854f58ec","leave_one_tournament_out","","euro2024","",,,-0.00945610684136517,,,,,,,,"bcdc7ac0fbd7ac7aa59902f6bc0c3b7c78ea4d6bc41006eb15ac5aa0ad9a567b"
"dynamic_goal_ability_elo","elo_goal_nb","open_core","frozen","rps","regulation_1x2","dynamic_attack|dynamic_defence|venue|elo_diff","d0f4469931258b3cbf0324b3e72519d44bc09c77e9776dc11ef58a87854f58ec","tournament_bootstrap","","","",,,-0.00963729064441083,,-0.0171643410733803,-0.00267991228422953,,,,,"bcdc7ac0fbd7ac7aa59902f6bc0c3b7c78ea4d6bc41006eb15ac5aa0ad9a567b"
"dynamic_goal_ability_elo","elo_goal_nb","open_core","frozen","rps","regulation_1x2","dynamic_attack|dynamic_defence|venue|elo_diff","d0f4469931258b3cbf0324b3e72519d44bc09c77e9776dc11ef58a87854f58ec","leave_one_tournament_out","","euro2004","",,,-0.00991656951644284,,,,,,,,"bcdc7ac0fbd7ac7aa59902f6bc0c3b7c78ea4d6bc41006eb15ac5aa0ad9a567b"
"dynamic_goal_ability_elo","elo_goal_nb","open_core","frozen","rps","regulation_1x2","dynamic_attack|dynamic_defence|venue|elo_diff","d0f4469931258b3cbf0324b3e72519d44bc09c77e9776dc11ef58a87854f58ec","leave_one_tournament_out","","wc2002","",,,-0.0101553198859634,,,,,,,,"bcdc7ac0fbd7ac7aa59902f6bc0c3b7c78ea4d6bc41006eb15ac5aa0ad9a567b"
"dynamic_goal_ability_elo","elo_goal_nb","open_core","frozen","rps","regulation_1x2","dynamic_attack|dynamic_defence|venue|elo_diff","d0f4469931258b3cbf0324b3e72519d44bc09c77e9776dc11ef58a87854f58ec","leave_one_tournament_out","","wc2006","",,,-0.0104479858763131,,,,,,,,"bcdc7ac0fbd7ac7aa59902f6bc0c3b7c78ea4d6bc41006eb15ac5aa0ad9a567b"
"dynamic_goal_ability_elo","elo_goal_nb","open_core","frozen","rps","regulation_1x2","dynamic_attack|dynamic_defence|venue|elo_diff","d0f4469931258b3cbf0324b3e72519d44bc09c77e9776dc11ef58a87854f58ec","leave_one_tournament_out","","wc2022","",,,-0.0106712436748769,,,,,,,,"bcdc7ac0fbd7ac7aa59902f6bc0c3b7c78ea4d6bc41006eb15ac5aa0ad9a567b"
"dynamic_goal_ability_elo","elo_goal_nb","open_core","frozen","rps","regulation_1x2","dynamic_attack|dynamic_defence|venue|elo_diff","d0f4469931258b3cbf0324b3e72519d44bc09c77e9776dc11ef58a87854f58ec","leave_one_tournament_out","","wc2014","",,,-0.010957671901859,,,,,,,,"bcdc7ac0fbd7ac7aa59902f6bc0c3b7c78ea4d6bc41006eb15ac5aa0ad9a567b"
"dynamic_goal_ability_elo","elo_goal_nb","open_core","frozen","rps","regulation_1x2","dynamic_attack|dynamic_defence|venue|elo_diff","d0f4469931258b3cbf0324b3e72519d44bc09c77e9776dc11ef58a87854f58ec","leave_one_tournament_out","","euro2016","",,,-0.0114827482134998,,,,,,,,"bcdc7ac0fbd7ac7aa59902f6bc0c3b7c78ea4d6bc41006eb15ac5aa0ad9a567b"
"dynamic_goal_ability_elo","elo_goal_nb","open_core","updating","rps","regulation_1x2","dynamic_attack|dynamic_defence|venue|elo_diff","d0f4469931258b3cbf0324b3e72519d44bc09c77e9776dc11ef58a87854f58ec","leave_one_tournament_out","","wc2006","",,,0.00469650994822022,,,,,,,,"bcdc7ac0fbd7ac7aa59902f6bc0c3b7c78ea4d6bc41006eb15ac5aa0ad9a567b"
"dynamic_goal_ability_elo","elo_goal_nb","open_core","updating","rps","regulation_1x2","dynamic_attack|dynamic_defence|venue|elo_diff","d0f4469931258b3cbf0324b3e72519d44bc09c77e9776dc11ef58a87854f58ec","leave_one_tournament_out","","wc2022","",,,0.00520287985919696,,,,,,,,"bcdc7ac0fbd7ac7aa59902f6bc0c3b7c78ea4d6bc41006eb15ac5aa0ad9a567b"
"dynamic_goal_ability_elo","elo_goal_nb","open_core","updating","rps","regulation_1x2","dynamic_attack|dynamic_defence|venue|elo_diff","d0f4469931258b3cbf0324b3e72519d44bc09c77e9776dc11ef58a87854f58ec","leave_one_tournament_out","","wc2010","",,,0.00522584721807851,,,,,,,,"bcdc7ac0fbd7ac7aa59902f6bc0c3b7c78ea4d6bc41006eb15ac5aa0ad9a567b"
"dynamic_goal_ability_elo","elo_goal_nb","open_core","updating","rps","regulation_1x2","dynamic_attack|dynamic_defence|venue|elo_diff","d0f4469931258b3cbf0324b3e72519d44bc09c77e9776dc11ef58a87854f58ec","leave_one_tournament_out","","wc2014","",,,0.00537161044415399,,,,,,,,"bcdc7ac0fbd7ac7aa59902f6bc0c3b7c78ea4d6bc41006eb15ac5aa0ad9a567b"
"dynamic_goal_ability_elo","elo_goal_nb","open_core","updating","rps","regulation_1x2","dynamic_attack|dynamic_defence|venue|elo_diff","d0f4469931258b3cbf0324b3e72519d44bc09c77e9776dc11ef58a87854f58ec","leave_one_tournament_out","","euro2016","",,,0.00567126063028817,,,,,,,,"bcdc7ac0fbd7ac7aa59902f6bc0c3b7c78ea4d6bc41006eb15ac5aa0ad9a567b"
"dynamic_goal_ability_elo","elo_goal_nb","open_core","updating","rps","regulation_1x2","dynamic_attack|dynamic_defence|venue|elo_diff","d0f4469931258b3cbf0324b3e72519d44bc09c77e9776dc11ef58a87854f58ec","leave_one_tournament_out","","wc2018","",,,0.0057521805868487,,,,,,,,"bcdc7ac0fbd7ac7aa59902f6bc0c3b7c78ea4d6bc41006eb15ac5aa0ad9a567b"
"dynamic_goal_ability_elo","elo_goal_nb","open_core","updating","rps","regulation_1x2","dynamic_attack|dynamic_defence|venue|elo_diff","d0f4469931258b3cbf0324b3e72519d44bc09c77e9776dc11ef58a87854f58ec","tournament_bootstrap","","","",,,0.00608392298734705,,0.000993381826941493,0.0111469678804015,,,,,"bcdc7ac0fbd7ac7aa59902f6bc0c3b7c78ea4d6bc41006eb15ac5aa0ad9a567b"
"dynamic_goal_ability_elo","elo_goal_nb","open_core","updating","rps","regulation_1x2","dynamic_attack|dynamic_defence|venue|elo_diff","d0f4469931258b3cbf0324b3e72519d44bc09c77e9776dc11ef58a87854f58ec","leave_one_tournament_out","","euro2008","",,,0.00653173729602625,,,,,,,,"bcdc7ac0fbd7ac7aa59902f6bc0c3b7c78ea4d6bc41006eb15ac5aa0ad9a567b"
"dynamic_goal_ability_elo","elo_goal_nb","open_core","updating","rps","regulation_1x2","dynamic_attack|dynamic_defence|venue|elo_diff","d0f4469931258b3cbf0324b3e72519d44bc09c77e9776dc11ef58a87854f58ec","leave_one_tournament_out","","euro2004","",,,0.00661693219126709,,,,,,,,"bcdc7ac0fbd7ac7aa59902f6bc0c3b7c78ea4d6bc41006eb15ac5aa0ad9a567b"
"dynamic_goal_ability_elo","elo_goal_nb","open_core","updating","rps","regulation_1x2","dynamic_attack|dynamic_defence|venue|elo_diff","d0f4469931258b3cbf0324b3e72519d44bc09c77e9776dc11ef58a87854f58ec","leave_one_tournament_out","","wc2002","",,,0.00663652220324877,,,,,,,,"bcdc7ac0fbd7ac7aa59902f6bc0c3b7c78ea4d6bc41006eb15ac5aa0ad9a567b"
"dynamic_goal_ability_elo","elo_goal_nb","open_core","updating","rps","regulation_1x2","dynamic_attack|dynamic_defence|venue|elo_diff","d0f4469931258b3cbf0324b3e72519d44bc09c77e9776dc11ef58a87854f58ec","leave_one_tournament_out","","euro2024","",,,0.00685020345727846,,,,,,,,"bcdc7ac0fbd7ac7aa59902f6bc0c3b7c78ea4d6bc41006eb15ac5aa0ad9a567b"
"dynamic_goal_ability_elo","elo_goal_nb","open_core","updating","rps","regulation_1x2","dynamic_attack|dynamic_defence|venue|elo_diff","d0f4469931258b3cbf0324b3e72519d44bc09c77e9776dc11ef58a87854f58ec","leave_one_tournament_out","","euro2020","",,,0.00712199519020009,,,,,,,,"bcdc7ac0fbd7ac7aa59902f6bc0c3b7c78ea4d6bc41006eb15ac5aa0ad9a567b"
"dynamic_goal_ability_elo","elo_goal_nb","open_core","updating","rps","regulation_1x2","dynamic_attack|dynamic_defence|venue|elo_diff","d0f4469931258b3cbf0324b3e72519d44bc09c77e9776dc11ef58a87854f58ec","leave_one_tournament_out","","euro2012","",,,0.0073293968233574,,,,,,,,"bcdc7ac0fbd7ac7aa59902f6bc0c3b7c78ea4d6bc41006eb15ac5aa0ad9a567b"
"dynamic_goal_ability_elo","elo_goal_nb","open_core","updating","rps","regulation_1x2","dynamic_attack|dynamic_defence|venue|elo_diff","d0f4469931258b3cbf0324b3e72519d44bc09c77e9776dc11ef58a87854f58ec","fold_breadth","","","",,,,,,,3,0,3,0.0213454664177422,"bcdc7ac0fbd7ac7aa59902f6bc0c3b7c78ea4d6bc41006eb15ac5aa0ad9a567b"
"dynamic_goal_ability_elo","elo_goal_nb","open_core","frozen","rps","regulation_1x2","dynamic_attack|dynamic_defence|venue|elo_diff","d0f4469931258b3cbf0324b3e72519d44bc09c77e9776dc11ef58a87854f58ec","fold_breadth","","","",,,,,,,9,4,5,0.0106627426155673,"bcdc7ac0fbd7ac7aa59902f6bc0c3b7c78ea4d6bc41006eb15ac5aa0ad9a567b"
"dynamic_goal_ability_elo","expanding_1x2","open_core","frozen","rps","regulation_1x2","dynamic_attack|dynamic_defence|venue|elo_diff","d0f4469931258b3cbf0324b3e72519d44bc09c77e9776dc11ef58a87854f58ec","leave_one_tournament_out","","euro2008","",,,-0.0196865759700776,,,,,,,,"bcdc7ac0fbd7ac7aa59902f6bc0c3b7c78ea4d6bc41006eb15ac5aa0ad9a567b"
"dynamic_goal_ability_elo","expanding_1x2","open_core","frozen","rps","regulation_1x2","dynamic_attack|dynamic_defence|venue|elo_diff","d0f4469931258b3cbf0324b3e72519d44bc09c77e9776dc11ef58a87854f58ec","leave_one_tournament_out","","euro2020","",,,-0.0200463446654979,,,,,,,,"bcdc7ac0fbd7ac7aa59902f6bc0c3b7c78ea4d6bc41006eb15ac5aa0ad9a567b"
"dynamic_goal_ability_elo","expanding_1x2","open_core","frozen","rps","regulation_1x2","dynamic_attack|dynamic_defence|venue|elo_diff","d0f4469931258b3cbf0324b3e72519d44bc09c77e9776dc11ef58a87854f58ec","leave_one_tournament_out","","euro2012","",,,-0.0209870101873534,,,,,,,,"bcdc7ac0fbd7ac7aa59902f6bc0c3b7c78ea4d6bc41006eb15ac5aa0ad9a567b"
"dynamic_goal_ability_elo","expanding_1x2","open_core","frozen","rps","regulation_1x2","dynamic_attack|dynamic_defence|venue|elo_diff","d0f4469931258b3cbf0324b3e72519d44bc09c77e9776dc11ef58a87854f58ec","leave_one_tournament_out","","wc2018","",,,-0.0213433585902595,,,,,,,,"bcdc7ac0fbd7ac7aa59902f6bc0c3b7c78ea4d6bc41006eb15ac5aa0ad9a567b"
"dynamic_goal_ability_elo","expanding_1x2","open_core","frozen","rps","regulation_1x2","dynamic_attack|dynamic_defence|venue|elo_diff","d0f4469931258b3cbf0324b3e72519d44bc09c77e9776dc11ef58a87854f58ec","leave_one_tournament_out","","euro2024","",,,-0.0218332268725899,,,,,,,,"bcdc7ac0fbd7ac7aa59902f6bc0c3b7c78ea4d6bc41006eb15ac5aa0ad9a567b"
"dynamic_goal_ability_elo","expanding_1x2","open_core","frozen","rps","regulation_1x2","dynamic_attack|dynamic_defence|venue|elo_diff","d0f4469931258b3cbf0324b3e72519d44bc09c77e9776dc11ef58a87854f58ec","leave_one_tournament_out","","wc2010","",,,-0.0219435161679432,,,,,,,,"bcdc7ac0fbd7ac7aa59902f6bc0c3b7c78ea4d6bc41006eb15ac5aa0ad9a567b"
"dynamic_goal_ability_elo","expanding_1x2","open_core","frozen","rps","regulation_1x2","dynamic_attack|dynamic_defence|venue|elo_diff","d0f4469931258b3cbf0324b3e72519d44bc09c77e9776dc11ef58a87854f58ec","tournament_bootstrap","","","",,,-0.022342385930015,,-0.031992568590828,-0.0129602356399095,,,,,"bcdc7ac0fbd7ac7aa59902f6bc0c3b7c78ea4d6bc41006eb15ac5aa0ad9a567b"
"dynamic_goal_ability_elo","expanding_1x2","open_core","frozen","rps","regulation_1x2","dynamic_attack|dynamic_defence|venue|elo_diff","d0f4469931258b3cbf0324b3e72519d44bc09c77e9776dc11ef58a87854f58ec","leave_one_tournament_out","","euro2004","",,,-0.0225804953781546,,,,,,,,"bcdc7ac0fbd7ac7aa59902f6bc0c3b7c78ea4d6bc41006eb15ac5aa0ad9a567b"
"dynamic_goal_ability_elo","expanding_1x2","open_core","frozen","rps","regulation_1x2","dynamic_attack|dynamic_defence|venue|elo_diff","d0f4469931258b3cbf0324b3e72519d44bc09c77e9776dc11ef58a87854f58ec","leave_one_tournament_out","","wc2014","",,,-0.0234985930671152,,,,,,,,"bcdc7ac0fbd7ac7aa59902f6bc0c3b7c78ea4d6bc41006eb15ac5aa0ad9a567b"
"dynamic_goal_ability_elo","expanding_1x2","open_core","frozen","rps","regulation_1x2","dynamic_attack|dynamic_defence|venue|elo_diff","d0f4469931258b3cbf0324b3e72519d44bc09c77e9776dc11ef58a87854f58ec","leave_one_tournament_out","","wc2002","",,,-0.0237461624846395,,,,,,,,"bcdc7ac0fbd7ac7aa59902f6bc0c3b7c78ea4d6bc41006eb15ac5aa0ad9a567b"
"dynamic_goal_ability_elo","expanding_1x2","open_core","frozen","rps","regulation_1x2","dynamic_attack|dynamic_defence|venue|elo_diff","d0f4469931258b3cbf0324b3e72519d44bc09c77e9776dc11ef58a87854f58ec","leave_one_tournament_out","","wc2022","",,,-0.02381744897091,,,,,,,,"bcdc7ac0fbd7ac7aa59902f6bc0c3b7c78ea4d6bc41006eb15ac5aa0ad9a567b"
"dynamic_goal_ability_elo","expanding_1x2","open_core","frozen","rps","regulation_1x2","dynamic_attack|dynamic_defence|venue|elo_diff","d0f4469931258b3cbf0324b3e72519d44bc09c77e9776dc11ef58a87854f58ec","leave_one_tournament_out","","wc2006","",,,-0.0239801420235662,,,,,,,,"bcdc7ac0fbd7ac7aa59902f6bc0c3b7c78ea4d6bc41006eb15ac5aa0ad9a567b"
"dynamic_goal_ability_elo","expanding_1x2","open_core","updating","rps","regulation_1x2","dynamic_attack|dynamic_defence|venue|elo_diff","d0f4469931258b3cbf0324b3e72519d44bc09c77e9776dc11ef58a87854f58ec","leave_one_tournament_out","","euro2008","",,,-0.024138813512051,,,,,,,,"bcdc7ac0fbd7ac7aa59902f6bc0c3b7c78ea4d6bc41006eb15ac5aa0ad9a567b"
"dynamic_goal_ability_elo","expanding_1x2","open_core","updating","rps","regulation_1x2","dynamic_attack|dynamic_defence|venue|elo_diff","d0f4469931258b3cbf0324b3e72519d44bc09c77e9776dc11ef58a87854f58ec","leave_one_tournament_out","","euro2020","",,,-0.0245003363264514,,,,,,,,"bcdc7ac0fbd7ac7aa59902f6bc0c3b7c78ea4d6bc41006eb15ac5aa0ad9a567b"
"dynamic_goal_ability_elo","expanding_1x2","open_core","frozen","rps","regulation_1x2","dynamic_attack|dynamic_defence|venue|elo_diff","d0f4469931258b3cbf0324b3e72519d44bc09c77e9776dc11ef58a87854f58ec","leave_one_tournament_out","","euro2016","",,,-0.024645756782073,,,,,,,,"bcdc7ac0fbd7ac7aa59902f6bc0c3b7c78ea4d6bc41006eb15ac5aa0ad9a567b"
"dynamic_goal_ability_elo","expanding_1x2","open_core","updating","rps","regulation_1x2","dynamic_attack|dynamic_defence|venue|elo_diff","d0f4469931258b3cbf0324b3e72519d44bc09c77e9776dc11ef58a87854f58ec","leave_one_tournament_out","","euro2012","",,,-0.0253713393559778,,,,,,,,"bcdc7ac0fbd7ac7aa59902f6bc0c3b7c78ea4d6bc41006eb15ac5aa0ad9a567b"
"dynamic_goal_ability_elo","expanding_1x2","open_core","updating","rps","regulation_1x2","dynamic_attack|dynamic_defence|venue|elo_diff","d0f4469931258b3cbf0324b3e72519d44bc09c77e9776dc11ef58a87854f58ec","leave_one_tournament_out","","wc2018","",,,-0.0253717947623191,,,,,,,,"bcdc7ac0fbd7ac7aa59902f6bc0c3b7c78ea4d6bc41006eb15ac5aa0ad9a567b"
"dynamic_goal_ability_elo","expanding_1x2","open_core","updating","rps","regulation_1x2","dynamic_attack|dynamic_defence|venue|elo_diff","d0f4469931258b3cbf0324b3e72519d44bc09c77e9776dc11ef58a87854f58ec","leave_one_tournament_out","","wc2010","",,,-0.0261275735913054,,,,,,,,"bcdc7ac0fbd7ac7aa59902f6bc0c3b7c78ea4d6bc41006eb15ac5aa0ad9a567b"
"dynamic_goal_ability_elo","expanding_1x2","open_core","updating","rps","regulation_1x2","dynamic_attack|dynamic_defence|venue|elo_diff","d0f4469931258b3cbf0324b3e72519d44bc09c77e9776dc11ef58a87854f58ec","leave_one_tournament_out","","euro2024","",,,-0.0263806496560548,,,,,,,,"bcdc7ac0fbd7ac7aa59902f6bc0c3b7c78ea4d6bc41006eb15ac5aa0ad9a567b"
"dynamic_goal_ability_elo","expanding_1x2","open_core","updating","rps","regulation_1x2","dynamic_attack|dynamic_defence|venue|elo_diff","d0f4469931258b3cbf0324b3e72519d44bc09c77e9776dc11ef58a87854f58ec","tournament_bootstrap","","","",,,-0.026589297707454,,-0.0357019151598995,-0.0174441396703387,,,,,"bcdc7ac0fbd7ac7aa59902f6bc0c3b7c78ea4d6bc41006eb15ac5aa0ad9a567b"
"dynamic_goal_ability_elo","expanding_1x2","open_core","updating","rps","regulation_1x2","dynamic_attack|dynamic_defence|venue|elo_diff","d0f4469931258b3cbf0324b3e72519d44bc09c77e9776dc11ef58a87854f58ec","leave_one_tournament_out","","euro2004","",,,-0.0269451602288804,,,,,,,,"bcdc7ac0fbd7ac7aa59902f6bc0c3b7c78ea4d6bc41006eb15ac5aa0ad9a567b"
"dynamic_goal_ability_elo","expanding_1x2","open_core","updating","rps","regulation_1x2","dynamic_attack|dynamic_defence|venue|elo_diff","d0f4469931258b3cbf0324b3e72519d44bc09c77e9776dc11ef58a87854f58ec","leave_one_tournament_out","","wc2006","",,,-0.0274094352665435,,,,,,,,"bcdc7ac0fbd7ac7aa59902f6bc0c3b7c78ea4d6bc41006eb15ac5aa0ad9a567b"
"dynamic_goal_ability_elo","expanding_1x2","open_core","updating","rps","regulation_1x2","dynamic_attack|dynamic_defence|venue|elo_diff","d0f4469931258b3cbf0324b3e72519d44bc09c77e9776dc11ef58a87854f58ec","leave_one_tournament_out","","wc2014","",,,-0.0274860938318746,,,,,,,,"bcdc7ac0fbd7ac7aa59902f6bc0c3b7c78ea4d6bc41006eb15ac5aa0ad9a567b"
"dynamic_goal_ability_elo","expanding_1x2","open_core","updating","rps","regulation_1x2","dynamic_attack|dynamic_defence|venue|elo_diff","d0f4469931258b3cbf0324b3e72519d44bc09c77e9776dc11ef58a87854f58ec","leave_one_tournament_out","","wc2002","",,,-0.0279117070076362,,,,,,,,"bcdc7ac0fbd7ac7aa59902f6bc0c3b7c78ea4d6bc41006eb15ac5aa0ad9a567b"
"dynamic_goal_ability_elo","expanding_1x2","open_core","updating","rps","regulation_1x2","dynamic_attack|dynamic_defence|venue|elo_diff","d0f4469931258b3cbf0324b3e72519d44bc09c77e9776dc11ef58a87854f58ec","leave_one_tournament_out","","wc2022","",,,-0.0283370949152997,,,,,,,,"bcdc7ac0fbd7ac7aa59902f6bc0c3b7c78ea4d6bc41006eb15ac5aa0ad9a567b"
"dynamic_goal_ability_elo","expanding_1x2","open_core","updating","rps","regulation_1x2","dynamic_attack|dynamic_defence|venue|elo_diff","d0f4469931258b3cbf0324b3e72519d44bc09c77e9776dc11ef58a87854f58ec","leave_one_tournament_out","","euro2016","",,,-0.0290915740350536,,,,,,,,"bcdc7ac0fbd7ac7aa59902f6bc0c3b7c78ea4d6bc41006eb15ac5aa0ad9a567b"
"dynamic_goal_ability_elo","expanding_1x2","open_core","updating","rps","regulation_1x2","dynamic_attack|dynamic_defence|venue|elo_diff","d0f4469931258b3cbf0324b3e72519d44bc09c77e9776dc11ef58a87854f58ec","fold_breadth","","","",,,,,,,11,6,5,0.000935741896142395,"bcdc7ac0fbd7ac7aa59902f6bc0c3b7c78ea4d6bc41006eb15ac5aa0ad9a567b"
"dynamic_goal_ability_elo","expanding_1x2","open_core","frozen","rps","regulation_1x2","dynamic_attack|dynamic_defence|venue|elo_diff","d0f4469931258b3cbf0324b3e72519d44bc09c77e9776dc11ef58a87854f58ec","fold_breadth","","","",,,,,,,11,6,5,0.00299469344262307,"bcdc7ac0fbd7ac7aa59902f6bc0c3b7c78ea4d6bc41006eb15ac5aa0ad9a567b"
"dynamic_goal_ability_elo","open_nb_incumbent","open_core","frozen","rps","regulation_1x2","dynamic_attack|dynamic_defence|venue|elo_diff","d0f4469931258b3cbf0324b3e72519d44bc09c77e9776dc11ef58a87854f58ec","leave_one_tournament_out","","euro2020","",,,-0.00803010279758739,,,,,,,,"bcdc7ac0fbd7ac7aa59902f6bc0c3b7c78ea4d6bc41006eb15ac5aa0ad9a567b"
"dynamic_goal_ability_elo","open_nb_incumbent","open_core","frozen","rps","regulation_1x2","dynamic_attack|dynamic_defence|venue|elo_diff","d0f4469931258b3cbf0324b3e72519d44bc09c77e9776dc11ef58a87854f58ec","leave_one_tournament_out","","euro2012","",,,-0.00854573320606585,,,,,,,,"bcdc7ac0fbd7ac7aa59902f6bc0c3b7c78ea4d6bc41006eb15ac5aa0ad9a567b"
"dynamic_goal_ability_elo","open_nb_incumbent","open_core","frozen","rps","regulation_1x2","dynamic_attack|dynamic_defence|venue|elo_diff","d0f4469931258b3cbf0324b3e72519d44bc09c77e9776dc11ef58a87854f58ec","leave_one_tournament_out","","euro2008","",,,-0.00931123290092931,,,,,,,,"bcdc7ac0fbd7ac7aa59902f6bc0c3b7c78ea4d6bc41006eb15ac5aa0ad9a567b"
"dynamic_goal_ability_elo","open_nb_incumbent","open_core","frozen","rps","regulation_1x2","dynamic_attack|dynamic_defence|venue|elo_diff","d0f4469931258b3cbf0324b3e72519d44bc09c77e9776dc11ef58a87854f58ec","leave_one_tournament_out","","wc2010","",,,-0.0096110017969099,,,,,,,,"bcdc7ac0fbd7ac7aa59902f6bc0c3b7c78ea4d6bc41006eb15ac5aa0ad9a567b"
"dynamic_goal_ability_elo","open_nb_incumbent","open_core","frozen","rps","regulation_1x2","dynamic_attack|dynamic_defence|venue|elo_diff","d0f4469931258b3cbf0324b3e72519d44bc09c77e9776dc11ef58a87854f58ec","leave_one_tournament_out","","wc2018","",,,-0.00976601516486152,,,,,,,,"bcdc7ac0fbd7ac7aa59902f6bc0c3b7c78ea4d6bc41006eb15ac5aa0ad9a567b"
"dynamic_goal_ability_elo","open_nb_incumbent","open_core","frozen","rps","regulation_1x2","dynamic_attack|dynamic_defence|venue|elo_diff","d0f4469931258b3cbf0324b3e72519d44bc09c77e9776dc11ef58a87854f58ec","leave_one_tournament_out","","euro2024","",,,-0.0102948363232468,,,,,,,,"bcdc7ac0fbd7ac7aa59902f6bc0c3b7c78ea4d6bc41006eb15ac5aa0ad9a567b"
"dynamic_goal_ability_elo","open_nb_incumbent","open_core","frozen","rps","regulation_1x2","dynamic_attack|dynamic_defence|venue|elo_diff","d0f4469931258b3cbf0324b3e72519d44bc09c77e9776dc11ef58a87854f58ec","tournament_bootstrap","","","",,,-0.010438332317381,,-0.0189329724395871,-0.00247194169002112,,,,,"bcdc7ac0fbd7ac7aa59902f6bc0c3b7c78ea4d6bc41006eb15ac5aa0ad9a567b"
"dynamic_goal_ability_elo","open_nb_incumbent","open_core","frozen","rps","regulation_1x2","dynamic_attack|dynamic_defence|venue|elo_diff","d0f4469931258b3cbf0324b3e72519d44bc09c77e9776dc11ef58a87854f58ec","leave_one_tournament_out","","euro2004","",,,-0.0108639402451542,,,,,,,,"bcdc7ac0fbd7ac7aa59902f6bc0c3b7c78ea4d6bc41006eb15ac5aa0ad9a567b"
"dynamic_goal_ability_elo","open_nb_incumbent","open_core","frozen","rps","regulation_1x2","dynamic_attack|dynamic_defence|venue|elo_diff","d0f4469931258b3cbf0324b3e72519d44bc09c77e9776dc11ef58a87854f58ec","leave_one_tournament_out","","wc2002","",,,-0.0112972596595153,,,,,,,,"bcdc7ac0fbd7ac7aa59902f6bc0c3b7c78ea4d6bc41006eb15ac5aa0ad9a567b"
"dynamic_goal_ability_elo","open_nb_incumbent","open_core","frozen","rps","regulation_1x2","dynamic_attack|dynamic_defence|venue|elo_diff","d0f4469931258b3cbf0324b3e72519d44bc09c77e9776dc11ef58a87854f58ec","leave_one_tournament_out","","wc2014","",,,-0.0116032597890769,,,,,,,,"bcdc7ac0fbd7ac7aa59902f6bc0c3b7c78ea4d6bc41006eb15ac5aa0ad9a567b"
"dynamic_goal_ability_elo","open_nb_incumbent","open_core","frozen","rps","regulation_1x2","dynamic_attack|dynamic_defence|venue|elo_diff","d0f4469931258b3cbf0324b3e72519d44bc09c77e9776dc11ef58a87854f58ec","leave_one_tournament_out","","wc2022","",,,-0.0116670368950624,,,,,,,,"bcdc7ac0fbd7ac7aa59902f6bc0c3b7c78ea4d6bc41006eb15ac5aa0ad9a567b"
"dynamic_goal_ability_elo","open_nb_incumbent","open_core","frozen","rps","regulation_1x2","dynamic_attack|dynamic_defence|venue|elo_diff","d0f4469931258b3cbf0324b3e72519d44bc09c77e9776dc11ef58a87854f58ec","leave_one_tournament_out","","wc2006","",,,-0.0119767968996395,,,,,,,,"bcdc7ac0fbd7ac7aa59902f6bc0c3b7c78ea4d6bc41006eb15ac5aa0ad9a567b"
"dynamic_goal_ability_elo","open_nb_incumbent","open_core","frozen","rps","regulation_1x2","dynamic_attack|dynamic_defence|venue|elo_diff","d0f4469931258b3cbf0324b3e72519d44bc09c77e9776dc11ef58a87854f58ec","leave_one_tournament_out","","euro2016","",,,-0.012292772130523,,,,,,,,"bcdc7ac0fbd7ac7aa59902f6bc0c3b7c78ea4d6bc41006eb15ac5aa0ad9a567b"
"dynamic_goal_ability_elo","open_nb_incumbent","open_core","updating","rps","regulation_1x2","dynamic_attack|dynamic_defence|venue|elo_diff","d0f4469931258b3cbf0324b3e72519d44bc09c77e9776dc11ef58a87854f58ec","leave_one_tournament_out","","wc2006","",,,0.00267008812306153,,,,,,,,"bcdc7ac0fbd7ac7aa59902f6bc0c3b7c78ea4d6bc41006eb15ac5aa0ad9a567b"
"dynamic_goal_ability_elo","open_nb_incumbent","open_core","updating","rps","regulation_1x2","dynamic_attack|dynamic_defence|venue|elo_diff","d0f4469931258b3cbf0324b3e72519d44bc09c77e9776dc11ef58a87854f58ec","leave_one_tournament_out","","wc2022","",,,0.00353801869045457,,,,,,,,"bcdc7ac0fbd7ac7aa59902f6bc0c3b7c78ea4d6bc41006eb15ac5aa0ad9a567b"
"dynamic_goal_ability_elo","open_nb_incumbent","open_core","updating","rps","regulation_1x2","dynamic_attack|dynamic_defence|venue|elo_diff","d0f4469931258b3cbf0324b3e72519d44bc09c77e9776dc11ef58a87854f58ec","leave_one_tournament_out","","wc2010","",,,0.00388790550675232,,,,,,,,"bcdc7ac0fbd7ac7aa59902f6bc0c3b7c78ea4d6bc41006eb15ac5aa0ad9a567b"
"dynamic_goal_ability_elo","open_nb_incumbent","open_core","updating","rps","regulation_1x2","dynamic_attack|dynamic_defence|venue|elo_diff","d0f4469931258b3cbf0324b3e72519d44bc09c77e9776dc11ef58a87854f58ec","leave_one_tournament_out","","wc2014","",,,0.00401736049757441,,,,,,,,"bcdc7ac0fbd7ac7aa59902f6bc0c3b7c78ea4d6bc41006eb15ac5aa0ad9a567b"
"dynamic_goal_ability_elo","open_nb_incumbent","open_core","updating","rps","regulation_1x2","dynamic_attack|dynamic_defence|venue|elo_diff","d0f4469931258b3cbf0324b3e72519d44bc09c77e9776dc11ef58a87854f58ec","leave_one_tournament_out","","euro2016","",,,0.00429031037018877,,,,,,,,"bcdc7ac0fbd7ac7aa59902f6bc0c3b7c78ea4d6bc41006eb15ac5aa0ad9a567b"
"dynamic_goal_ability_elo","open_nb_incumbent","open_core","updating","rps","regulation_1x2","dynamic_attack|dynamic_defence|venue|elo_diff","d0f4469931258b3cbf0324b3e72519d44bc09c77e9776dc11ef58a87854f58ec","leave_one_tournament_out","","wc2018","",,,0.0045439684773466,,,,,,,,"bcdc7ac0fbd7ac7aa59902f6bc0c3b7c78ea4d6bc41006eb15ac5aa0ad9a567b"
"dynamic_goal_ability_elo","open_nb_incumbent","open_core","updating","rps","regulation_1x2","dynamic_attack|dynamic_defence|venue|elo_diff","d0f4469931258b3cbf0324b3e72519d44bc09c77e9776dc11ef58a87854f58ec","tournament_bootstrap","","","",,,0.00462735684650704,,-0.00130557668469348,0.0107133644843929,,,,,"bcdc7ac0fbd7ac7aa59902f6bc0c3b7c78ea4d6bc41006eb15ac5aa0ad9a567b"
"dynamic_goal_ability_elo","open_nb_incumbent","open_core","updating","rps","regulation_1x2","dynamic_attack|dynamic_defence|venue|elo_diff","d0f4469931258b3cbf0324b3e72519d44bc09c77e9776dc11ef58a87854f58ec","leave_one_tournament_out","","euro2004","",,,0.00485021957032534,,,,,,,,"bcdc7ac0fbd7ac7aa59902f6bc0c3b7c78ea4d6bc41006eb15ac5aa0ad9a567b"
"dynamic_goal_ability_elo","open_nb_incumbent","open_core","updating","rps","regulation_1x2","dynamic_attack|dynamic_defence|venue|elo_diff","d0f4469931258b3cbf0324b3e72519d44bc09c77e9776dc11ef58a87854f58ec","leave_one_tournament_out","","wc2002","",,,0.00499743694881968,,,,,,,,"bcdc7ac0fbd7ac7aa59902f6bc0c3b7c78ea4d6bc41006eb15ac5aa0ad9a567b"
"dynamic_goal_ability_elo","open_nb_incumbent","open_core","updating","rps","regulation_1x2","dynamic_attack|dynamic_defence|venue|elo_diff","d0f4469931258b3cbf0324b3e72519d44bc09c77e9776dc11ef58a87854f58ec","leave_one_tournament_out","","euro2008","",,,0.00529710892002832,,,,,,,,"bcdc7ac0fbd7ac7aa59902f6bc0c3b7c78ea4d6bc41006eb15ac5aa0ad9a567b"
"dynamic_goal_ability_elo","open_nb_incumbent","open_core","updating","rps","regulation_1x2","dynamic_attack|dynamic_defence|venue|elo_diff","d0f4469931258b3cbf0324b3e72519d44bc09c77e9776dc11ef58a87854f58ec","leave_one_tournament_out","","euro2024","",,,0.00536204709376209,,,,,,,,"bcdc7ac0fbd7ac7aa59902f6bc0c3b7c78ea4d6bc41006eb15ac5aa0ad9a567b"
"dynamic_goal_ability_elo","open_nb_incumbent","open_core","updating","rps","regulation_1x2","dynamic_attack|dynamic_defence|venue|elo_diff","d0f4469931258b3cbf0324b3e72519d44bc09c77e9776dc11ef58a87854f58ec","leave_one_tournament_out","","euro2020","",,,0.00581377344486721,,,,,,,,"bcdc7ac0fbd7ac7aa59902f6bc0c3b7c78ea4d6bc41006eb15ac5aa0ad9a567b"
"dynamic_goal_ability_elo","open_nb_incumbent","open_core","updating","rps","regulation_1x2","dynamic_attack|dynamic_defence|venue|elo_diff","d0f4469931258b3cbf0324b3e72519d44bc09c77e9776dc11ef58a87854f58ec","leave_one_tournament_out","","euro2012","",,,0.00626004451490365,,,,,,,,"bcdc7ac0fbd7ac7aa59902f6bc0c3b7c78ea4d6bc41006eb15ac5aa0ad9a567b"
"dynamic_goal_ability_elo","open_nb_incumbent","open_core","updating","rps","regulation_1x2","dynamic_attack|dynamic_defence|venue|elo_diff","d0f4469931258b3cbf0324b3e72519d44bc09c77e9776dc11ef58a87854f58ec","fold_breadth","","","",,,,,,,4,0,4,0.0261573128044077,"bcdc7ac0fbd7ac7aa59902f6bc0c3b7c78ea4d6bc41006eb15ac5aa0ad9a567b"
"dynamic_goal_ability_elo","open_nb_incumbent","open_core","frozen","rps","regulation_1x2","dynamic_attack|dynamic_defence|venue|elo_diff","d0f4469931258b3cbf0324b3e72519d44bc09c77e9776dc11ef58a87854f58ec","fold_breadth","","","",,,,,,,8,3,5,0.00996050562718142,"bcdc7ac0fbd7ac7aa59902f6bc0c3b7c78ea4d6bc41006eb15ac5aa0ad9a567b"
"dynamic_goal_ability_elo","production_hybrid_nb","feature_rich","frozen","rps","regulation_1x2","dynamic_attack|dynamic_defence|venue|elo_diff","d0f4469931258b3cbf0324b3e72519d44bc09c77e9776dc11ef58a87854f58ec","leave_one_tournament_out","","euro2012","",,,-0.00243248618766345,,,,,,,,"bcdc7ac0fbd7ac7aa59902f6bc0c3b7c78ea4d6bc41006eb15ac5aa0ad9a567b"
"dynamic_goal_ability_elo","production_hybrid_nb","feature_rich","frozen","rps","regulation_1x2","dynamic_attack|dynamic_defence|venue|elo_diff","d0f4469931258b3cbf0324b3e72519d44bc09c77e9776dc11ef58a87854f58ec","leave_one_tournament_out","","euro2020","",,,-0.00257673401943191,,,,,,,,"bcdc7ac0fbd7ac7aa59902f6bc0c3b7c78ea4d6bc41006eb15ac5aa0ad9a567b"
"dynamic_goal_ability_elo","production_hybrid_nb","feature_rich","frozen","rps","regulation_1x2","dynamic_attack|dynamic_defence|venue|elo_diff","d0f4469931258b3cbf0324b3e72519d44bc09c77e9776dc11ef58a87854f58ec","leave_one_tournament_out","","wc2010","",,,-0.00410864642830358,,,,,,,,"bcdc7ac0fbd7ac7aa59902f6bc0c3b7c78ea4d6bc41006eb15ac5aa0ad9a567b"
"dynamic_goal_ability_elo","production_hybrid_nb","feature_rich","frozen","rps","regulation_1x2","dynamic_attack|dynamic_defence|venue|elo_diff","d0f4469931258b3cbf0324b3e72519d44bc09c77e9776dc11ef58a87854f58ec","leave_one_tournament_out","","euro2008","",,,-0.00432399263300577,,,,,,,,"bcdc7ac0fbd7ac7aa59902f6bc0c3b7c78ea4d6bc41006eb15ac5aa0ad9a567b"
"dynamic_goal_ability_elo","production_hybrid_nb","feature_rich","frozen","rps","regulation_1x2","dynamic_attack|dynamic_defence|venue|elo_diff","d0f4469931258b3cbf0324b3e72519d44bc09c77e9776dc11ef58a87854f58ec","leave_one_tournament_out","","wc2018","",,,-0.00498545937875637,,,,,,,,"bcdc7ac0fbd7ac7aa59902f6bc0c3b7c78ea4d6bc41006eb15ac5aa0ad9a567b"
"dynamic_goal_ability_elo","production_hybrid_nb","feature_rich","frozen","rps","regulation_1x2","dynamic_attack|dynamic_defence|venue|elo_diff","d0f4469931258b3cbf0324b3e72519d44bc09c77e9776dc11ef58a87854f58ec","leave_one_tournament_out","","euro2024","",,,-0.00531869667379996,,,,,,,,"bcdc7ac0fbd7ac7aa59902f6bc0c3b7c78ea4d6bc41006eb15ac5aa0ad9a567b"
"dynamic_goal_ability_elo","production_hybrid_nb","feature_rich","frozen","rps","regulation_1x2","dynamic_attack|dynamic_defence|venue|elo_diff","d0f4469931258b3cbf0324b3e72519d44bc09c77e9776dc11ef58a87854f58ec","tournament_bootstrap","","","",,,-0.00544492569602683,,-0.016641054243717,0.00499586318118278,,,,,"bcdc7ac0fbd7ac7aa59902f6bc0c3b7c78ea4d6bc41006eb15ac5aa0ad9a567b"
"dynamic_goal_ability_elo","production_hybrid_nb","feature_rich","frozen","rps","regulation_1x2","dynamic_attack|dynamic_defence|venue|elo_diff","d0f4469931258b3cbf0324b3e72519d44bc09c77e9776dc11ef58a87854f58ec","leave_one_tournament_out","","euro2004","",,,-0.00589237161322083,,,,,,,,"bcdc7ac0fbd7ac7aa59902f6bc0c3b7c78ea4d6bc41006eb15ac5aa0ad9a567b"
"dynamic_goal_ability_elo","production_hybrid_nb","feature_rich","frozen","rps","regulation_1x2","dynamic_attack|dynamic_defence|venue|elo_diff","d0f4469931258b3cbf0324b3e72519d44bc09c77e9776dc11ef58a87854f58ec","leave_one_tournament_out","","wc2022","",,,-0.0065116720181668,,,,,,,,"bcdc7ac0fbd7ac7aa59902f6bc0c3b7c78ea4d6bc41006eb15ac5aa0ad9a567b"
"dynamic_goal_ability_elo","production_hybrid_nb","feature_rich","frozen","rps","regulation_1x2","dynamic_attack|dynamic_defence|venue|elo_diff","d0f4469931258b3cbf0324b3e72519d44bc09c77e9776dc11ef58a87854f58ec","leave_one_tournament_out","","wc2014","",,,-0.00660739080387957,,,,,,,,"bcdc7ac0fbd7ac7aa59902f6bc0c3b7c78ea4d6bc41006eb15ac5aa0ad9a567b"
"dynamic_goal_ability_elo","production_hybrid_nb","feature_rich","frozen","rps","regulation_1x2","dynamic_attack|dynamic_defence|venue|elo_diff","d0f4469931258b3cbf0324b3e72519d44bc09c77e9776dc11ef58a87854f58ec","leave_one_tournament_out","","wc2002","",,,-0.00705410058157443,,,,,,,,"bcdc7ac0fbd7ac7aa59902f6bc0c3b7c78ea4d6bc41006eb15ac5aa0ad9a567b"
"dynamic_goal_ability_elo","production_hybrid_nb","feature_rich","frozen","rps","regulation_1x2","dynamic_attack|dynamic_defence|venue|elo_diff","d0f4469931258b3cbf0324b3e72519d44bc09c77e9776dc11ef58a87854f58ec","leave_one_tournament_out","","euro2016","",,,-0.00750018299394557,,,,,,,,"bcdc7ac0fbd7ac7aa59902f6bc0c3b7c78ea4d6bc41006eb15ac5aa0ad9a567b"
"dynamic_goal_ability_elo","production_hybrid_nb","feature_rich","frozen","rps","regulation_1x2","dynamic_attack|dynamic_defence|venue|elo_diff","d0f4469931258b3cbf0324b3e72519d44bc09c77e9776dc11ef58a87854f58ec","leave_one_tournament_out","","wc2006","",,,-0.00802737502057374,,,,,,,,"bcdc7ac0fbd7ac7aa59902f6bc0c3b7c78ea4d6bc41006eb15ac5aa0ad9a567b"
"dynamic_goal_ability_elo","production_hybrid_nb","feature_rich","updating","rps","regulation_1x2","dynamic_attack|dynamic_defence|venue|elo_diff","d0f4469931258b3cbf0324b3e72519d44bc09c77e9776dc11ef58a87854f58ec","leave_one_tournament_out","","wc2006","",,,0.00130008180096082,,,,,,,,"bcdc7ac0fbd7ac7aa59902f6bc0c3b7c78ea4d6bc41006eb15ac5aa0ad9a567b"
"dynamic_goal_ability_elo","production_hybrid_nb","feature_rich","updating","rps","regulation_1x2","dynamic_attack|dynamic_defence|venue|elo_diff","d0f4469931258b3cbf0324b3e72519d44bc09c77e9776dc11ef58a87854f58ec","leave_one_tournament_out","","wc2022","",,,0.00316745544226876,,,,,,,,"bcdc7ac0fbd7ac7aa59902f6bc0c3b7c78ea4d6bc41006eb15ac5aa0ad9a567b"
"dynamic_goal_ability_elo","production_hybrid_nb","feature_rich","updating","rps","regulation_1x2","dynamic_attack|dynamic_defence|venue|elo_diff","d0f4469931258b3cbf0324b3e72519d44bc09c77e9776dc11ef58a87854f58ec","leave_one_tournament_out","","wc2002","",,,0.00327295914702532,,,,,,,,"bcdc7ac0fbd7ac7aa59902f6bc0c3b7c78ea4d6bc41006eb15ac5aa0ad9a567b"
"dynamic_goal_ability_elo","production_hybrid_nb","feature_rich","updating","rps","regulation_1x2","dynamic_attack|dynamic_defence|venue|elo_diff","d0f4469931258b3cbf0324b3e72519d44bc09c77e9776dc11ef58a87854f58ec","leave_one_tournament_out","","euro2016","",,,0.00351848127540929,,,,,,,,"bcdc7ac0fbd7ac7aa59902f6bc0c3b7c78ea4d6bc41006eb15ac5aa0ad9a567b"
"dynamic_goal_ability_elo","production_hybrid_nb","feature_rich","updating","rps","regulation_1x2","dynamic_attack|dynamic_defence|venue|elo_diff","d0f4469931258b3cbf0324b3e72519d44bc09c77e9776dc11ef58a87854f58ec","leave_one_tournament_out","","wc2014","",,,0.00402568786337736,,,,,,,,"bcdc7ac0fbd7ac7aa59902f6bc0c3b7c78ea4d6bc41006eb15ac5aa0ad9a567b"
"dynamic_goal_ability_elo","production_hybrid_nb","feature_rich","updating","rps","regulation_1x2","dynamic_attack|dynamic_defence|venue|elo_diff","d0f4469931258b3cbf0324b3e72519d44bc09c77e9776dc11ef58a87854f58ec","leave_one_tournament_out","","wc2018","",,,0.00421218362544332,,,,,,,,"bcdc7ac0fbd7ac7aa59902f6bc0c3b7c78ea4d6bc41006eb15ac5aa0ad9a567b"
"dynamic_goal_ability_elo","production_hybrid_nb","feature_rich","updating","rps","regulation_1x2","dynamic_attack|dynamic_defence|venue|elo_diff","d0f4469931258b3cbf0324b3e72519d44bc09c77e9776dc11ef58a87854f58ec","tournament_bootstrap","","","",,,0.00424610465980024,,-0.00354868775010885,0.01264455946816,,,,,"bcdc7ac0fbd7ac7aa59902f6bc0c3b7c78ea4d6bc41006eb15ac5aa0ad9a567b"
"dynamic_goal_ability_elo","production_hybrid_nb","feature_rich","updating","rps","regulation_1x2","dynamic_attack|dynamic_defence|venue|elo_diff","d0f4469931258b3cbf0324b3e72519d44bc09c77e9776dc11ef58a87854f58ec","leave_one_tournament_out","","euro2004","",,,0.00429003574935197,,,,,,,,"bcdc7ac0fbd7ac7aa59902f6bc0c3b7c78ea4d6bc41006eb15ac5aa0ad9a567b"
"dynamic_goal_ability_elo","production_hybrid_nb","feature_rich","updating","rps","regulation_1x2","dynamic_attack|dynamic_defence|venue|elo_diff","d0f4469931258b3cbf0324b3e72519d44bc09c77e9776dc11ef58a87854f58ec","leave_one_tournament_out","","wc2010","",,,0.00467584437898939,,,,,,,,"bcdc7ac0fbd7ac7aa59902f6bc0c3b7c78ea4d6bc41006eb15ac5aa0ad9a567b"
"dynamic_goal_ability_elo","production_hybrid_nb","feature_rich","updating","rps","regulation_1x2","dynamic_attack|dynamic_defence|venue|elo_diff","d0f4469931258b3cbf0324b3e72519d44bc09c77e9776dc11ef58a87854f58ec","leave_one_tournament_out","","euro2024","",,,0.00488996280524691,,,,,,,,"bcdc7ac0fbd7ac7aa59902f6bc0c3b7c78ea4d6bc41006eb15ac5aa0ad9a567b"
"dynamic_goal_ability_elo","production_hybrid_nb","feature_rich","updating","rps","regulation_1x2","dynamic_attack|dynamic_defence|venue|elo_diff","d0f4469931258b3cbf0324b3e72519d44bc09c77e9776dc11ef58a87854f58ec","leave_one_tournament_out","","euro2008","",,,0.00526163107055237,,,,,,,,"bcdc7ac0fbd7ac7aa59902f6bc0c3b7c78ea4d6bc41006eb15ac5aa0ad9a567b"
"dynamic_goal_ability_elo","production_hybrid_nb","feature_rich","updating","rps","regulation_1x2","dynamic_attack|dynamic_defence|venue|elo_diff","d0f4469931258b3cbf0324b3e72519d44bc09c77e9776dc11ef58a87854f58ec","leave_one_tournament_out","","euro2020","",,,0.00608827054048667,,,,,,,,"bcdc7ac0fbd7ac7aa59902f6bc0c3b7c78ea4d6bc41006eb15ac5aa0ad9a567b"
"dynamic_goal_ability_elo","production_hybrid_nb","feature_rich","updating","rps","regulation_1x2","dynamic_attack|dynamic_defence|venue|elo_diff","d0f4469931258b3cbf0324b3e72519d44bc09c77e9776dc11ef58a87854f58ec","leave_one_tournament_out","","euro2012","",,,0.00625066221849072,,,,,,,,"bcdc7ac0fbd7ac7aa59902f6bc0c3b7c78ea4d6bc41006eb15ac5aa0ad9a567b"
"dynamic_goal_ability_elo","production_hybrid_nb","feature_rich","updating","rps","regulation_1x2","dynamic_attack|dynamic_defence|venue|elo_diff","d0f4469931258b3cbf0324b3e72519d44bc09c77e9776dc11ef58a87854f58ec","fold_breadth","","","",,,,,,,5,1,4,0.0366523561070338,"bcdc7ac0fbd7ac7aa59902f6bc0c3b7c78ea4d6bc41006eb15ac5aa0ad9a567b"
"dynamic_goal_ability_elo","production_hybrid_nb","feature_rich","frozen","rps","regulation_1x2","dynamic_attack|dynamic_defence|venue|elo_diff","d0f4469931258b3cbf0324b3e72519d44bc09c77e9776dc11ef58a87854f58ec","fold_breadth","","","",,,,,,,7,2,5,0.0229620168739892,"bcdc7ac0fbd7ac7aa59902f6bc0c3b7c78ea4d6bc41006eb15ac5aa0ad9a567b"
"dynamic_goal_ability_elo","uniform_1x2","open_core","frozen","rps","regulation_1x2","dynamic_attack|dynamic_defence|venue|elo_diff","d0f4469931258b3cbf0324b3e72519d44bc09c77e9776dc11ef58a87854f58ec","leave_one_tournament_out","","euro2020","",,,-0.0164282042874865,,,,,,,,"bcdc7ac0fbd7ac7aa59902f6bc0c3b7c78ea4d6bc41006eb15ac5aa0ad9a567b"
"dynamic_goal_ability_elo","uniform_1x2","open_core","frozen","rps","regulation_1x2","dynamic_attack|dynamic_defence|venue|elo_diff","d0f4469931258b3cbf0324b3e72519d44bc09c77e9776dc11ef58a87854f58ec","leave_one_tournament_out","","euro2008","",,,-0.0170668377124777,,,,,,,,"bcdc7ac0fbd7ac7aa59902f6bc0c3b7c78ea4d6bc41006eb15ac5aa0ad9a567b"
"dynamic_goal_ability_elo","uniform_1x2","open_core","frozen","rps","regulation_1x2","dynamic_attack|dynamic_defence|venue|elo_diff","d0f4469931258b3cbf0324b3e72519d44bc09c77e9776dc11ef58a87854f58ec","leave_one_tournament_out","","wc2018","",,,-0.0180385600043693,,,,,,,,"bcdc7ac0fbd7ac7aa59902f6bc0c3b7c78ea4d6bc41006eb15ac5aa0ad9a567b"
"dynamic_goal_ability_elo","uniform_1x2","open_core","frozen","rps","regulation_1x2","dynamic_attack|dynamic_defence|venue|elo_diff","d0f4469931258b3cbf0324b3e72519d44bc09c77e9776dc11ef58a87854f58ec","leave_one_tournament_out","","euro2012","",,,-0.0181341832102238,,,,,,,,"bcdc7ac0fbd7ac7aa59902f6bc0c3b7c78ea4d6bc41006eb15ac5aa0ad9a567b"
"dynamic_goal_ability_elo","uniform_1x2","open_core","frozen","rps","regulation_1x2","dynamic_attack|dynamic_defence|venue|elo_diff","d0f4469931258b3cbf0324b3e72519d44bc09c77e9776dc11ef58a87854f58ec","leave_one_tournament_out","","wc2006","",,,-0.0182654493846533,,,,,,,,"bcdc7ac0fbd7ac7aa59902f6bc0c3b7c78ea4d6bc41006eb15ac5aa0ad9a567b"
"dynamic_goal_ability_elo","uniform_1x2","open_core","frozen","rps","regulation_1x2","dynamic_attack|dynamic_defence|venue|elo_diff","d0f4469931258b3cbf0324b3e72519d44bc09c77e9776dc11ef58a87854f58ec","leave_one_tournament_out","","wc2010","",,,-0.0184879057986857,,,,,,,,"bcdc7ac0fbd7ac7aa59902f6bc0c3b7c78ea4d6bc41006eb15ac5aa0ad9a567b"
"dynamic_goal_ability_elo","uniform_1x2","open_core","frozen","rps","regulation_1x2","dynamic_attack|dynamic_defence|venue|elo_diff","d0f4469931258b3cbf0324b3e72519d44bc09c77e9776dc11ef58a87854f58ec","tournament_bootstrap","","","",,,-0.0185834667977708,,-0.0255251838837386,-0.0117436676115197,,,,,"bcdc7ac0fbd7ac7aa59902f6bc0c3b7c78ea4d6bc41006eb15ac5aa0ad9a567b"
"dynamic_goal_ability_elo","uniform_1x2","open_core","frozen","rps","regulation_1x2","dynamic_attack|dynamic_defence|venue|elo_diff","d0f4469931258b3cbf0324b3e72519d44bc09c77e9776dc11ef58a87854f58ec","leave_one_tournament_out","","euro2024","",,,-0.0185981624511571,,,,,,,,"bcdc7ac0fbd7ac7aa59902f6bc0c3b7c78ea4d6bc41006eb15ac5aa0ad9a567b"
"dynamic_goal_ability_elo","uniform_1x2","open_core","frozen","rps","regulation_1x2","dynamic_attack|dynamic_defence|venue|elo_diff","d0f4469931258b3cbf0324b3e72519d44bc09c77e9776dc11ef58a87854f58ec","leave_one_tournament_out","","euro2004","",,,-0.0186573611092229,,,,,,,,"bcdc7ac0fbd7ac7aa59902f6bc0c3b7c78ea4d6bc41006eb15ac5aa0ad9a567b"
"dynamic_goal_ability_elo","uniform_1x2","open_core","frozen","rps","regulation_1x2","dynamic_attack|dynamic_defence|venue|elo_diff","d0f4469931258b3cbf0324b3e72519d44bc09c77e9776dc11ef58a87854f58ec","leave_one_tournament_out","","wc2022","",,,-0.0194075045942314,,,,,,,,"bcdc7ac0fbd7ac7aa59902f6bc0c3b7c78ea4d6bc41006eb15ac5aa0ad9a567b"
"dynamic_goal_ability_elo","uniform_1x2","open_core","frozen","rps","regulation_1x2","dynamic_attack|dynamic_defence|venue|elo_diff","d0f4469931258b3cbf0324b3e72519d44bc09c77e9776dc11ef58a87854f58ec","leave_one_tournament_out","","wc2002","",,,-0.0194205730953112,,,,,,,,"bcdc7ac0fbd7ac7aa59902f6bc0c3b7c78ea4d6bc41006eb15ac5aa0ad9a567b"
"dynamic_goal_ability_elo","uniform_1x2","open_core","frozen","rps","regulation_1x2","dynamic_attack|dynamic_defence|venue|elo_diff","d0f4469931258b3cbf0324b3e72519d44bc09c77e9776dc11ef58a87854f58ec","leave_one_tournament_out","","wc2014","",,,-0.0197907062484708,,,,,,,,"bcdc7ac0fbd7ac7aa59902f6bc0c3b7c78ea4d6bc41006eb15ac5aa0ad9a567b"
"dynamic_goal_ability_elo","uniform_1x2","open_core","frozen","rps","regulation_1x2","dynamic_attack|dynamic_defence|venue|elo_diff","d0f4469931258b3cbf0324b3e72519d44bc09c77e9776dc11ef58a87854f58ec","leave_one_tournament_out","","euro2016","",,,-0.0207061536769599,,,,,,,,"bcdc7ac0fbd7ac7aa59902f6bc0c3b7c78ea4d6bc41006eb15ac5aa0ad9a567b"
"dynamic_goal_ability_elo","uniform_1x2","open_core","updating","rps","regulation_1x2","dynamic_attack|dynamic_defence|venue|elo_diff","d0f4469931258b3cbf0324b3e72519d44bc09c77e9776dc11ef58a87854f58ec","leave_one_tournament_out","","euro2020","",,,-0.0209500738294534,,,,,,,,"bcdc7ac0fbd7ac7aa59902f6bc0c3b7c78ea4d6bc41006eb15ac5aa0ad9a567b"
"dynamic_goal_ability_elo","uniform_1x2","open_core","updating","rps","regulation_1x2","dynamic_attack|dynamic_defence|venue|elo_diff","d0f4469931258b3cbf0324b3e72519d44bc09c77e9776dc11ef58a87854f58ec","leave_one_tournament_out","","euro2008","",,,-0.021506537544057,,,,,,,,"bcdc7ac0fbd7ac7aa59902f6bc0c3b7c78ea4d6bc41006eb15ac5aa0ad9a567b"
"dynamic_goal_ability_elo","uniform_1x2","open_core","updating","rps","regulation_1x2","dynamic_attack|dynamic_defence|venue|elo_diff","d0f4469931258b3cbf0324b3e72519d44bc09c77e9776dc11ef58a87854f58ec","leave_one_tournament_out","","wc2006","",,,-0.0217490659647556,,,,,,,,"bcdc7ac0fbd7ac7aa59902f6bc0c3b7c78ea4d6bc41006eb15ac5aa0ad9a567b"
"dynamic_goal_ability_elo","uniform_1x2","open_core","updating","rps","regulation_1x2","dynamic_attack|dynamic_defence|venue|elo_diff","d0f4469931258b3cbf0324b3e72519d44bc09c77e9776dc11ef58a87854f58ec","leave_one_tournament_out","","wc2018","",,,-0.0221026187219521,,,,,,,,"bcdc7ac0fbd7ac7aa59902f6bc0c3b7c78ea4d6bc41006eb15ac5aa0ad9a567b"
"dynamic_goal_ability_elo","uniform_1x2","open_core","updating","rps","regulation_1x2","dynamic_attack|dynamic_defence|venue|elo_diff","d0f4469931258b3cbf0324b3e72519d44bc09c77e9776dc11ef58a87854f58ec","leave_one_tournament_out","","euro2012","",,,-0.0225595575590724,,,,,,,,"bcdc7ac0fbd7ac7aa59902f6bc0c3b7c78ea4d6bc41006eb15ac5aa0ad9a567b"
"dynamic_goal_ability_elo","uniform_1x2","open_core","updating","rps","regulation_1x2","dynamic_attack|dynamic_defence|venue|elo_diff","d0f4469931258b3cbf0324b3e72519d44bc09c77e9776dc11ef58a87854f58ec","leave_one_tournament_out","","wc2010","",,,-0.0227116625663506,,,,,,,,"bcdc7ac0fbd7ac7aa59902f6bc0c3b7c78ea4d6bc41006eb15ac5aa0ad9a567b"
"dynamic_goal_ability_elo","uniform_1x2","open_core","updating","rps","regulation_1x2","dynamic_attack|dynamic_defence|venue|elo_diff","d0f4469931258b3cbf0324b3e72519d44bc09c77e9776dc11ef58a87854f58ec","tournament_bootstrap","","","",,,-0.0228771654609367,,-0.0298791623201693,-0.0154606077335213,,,,,"bcdc7ac0fbd7ac7aa59902f6bc0c3b7c78ea4d6bc41006eb15ac5aa0ad9a567b"
"dynamic_goal_ability_elo","uniform_1x2","open_core","updating","rps","regulation_1x2","dynamic_attack|dynamic_defence|venue|elo_diff","d0f4469931258b3cbf0324b3e72519d44bc09c77e9776dc11ef58a87854f58ec","leave_one_tournament_out","","euro2004","",,,-0.0230844430823619,,,,,,,,"bcdc7ac0fbd7ac7aa59902f6bc0c3b7c78ea4d6bc41006eb15ac5aa0ad9a567b"
"dynamic_goal_ability_elo","uniform_1x2","open_core","updating","rps","regulation_1x2","dynamic_attack|dynamic_defence|venue|elo_diff","d0f4469931258b3cbf0324b3e72519d44bc09c77e9776dc11ef58a87854f58ec","leave_one_tournament_out","","euro2024","",,,-0.0232021441517456,,,,,,,,"bcdc7ac0fbd7ac7aa59902f6bc0c3b7c78ea4d6bc41006eb15ac5aa0ad9a567b"
"dynamic_goal_ability_elo","uniform_1x2","open_core","updating","rps","regulation_1x2","dynamic_attack|dynamic_defence|venue|elo_diff","d0f4469931258b3cbf0324b3e72519d44bc09c77e9776dc11ef58a87854f58ec","leave_one_tournament_out","","wc2002","",,,-0.0236405359624514,,,,,,,,"bcdc7ac0fbd7ac7aa59902f6bc0c3b7c78ea4d6bc41006eb15ac5aa0ad9a567b"
"dynamic_goal_ability_elo","uniform_1x2","open_core","updating","rps","regulation_1x2","dynamic_attack|dynamic_defence|venue|elo_diff","d0f4469931258b3cbf0324b3e72519d44bc09c77e9776dc11ef58a87854f58ec","leave_one_tournament_out","","wc2014","",,,-0.0238319697816509,,,,,,,,"bcdc7ac0fbd7ac7aa59902f6bc0c3b7c78ea4d6bc41006eb15ac5aa0ad9a567b"
"dynamic_goal_ability_elo","uniform_1x2","open_core","updating","rps","regulation_1x2","dynamic_attack|dynamic_defence|venue|elo_diff","d0f4469931258b3cbf0324b3e72519d44bc09c77e9776dc11ef58a87854f58ec","leave_one_tournament_out","","wc2022","",,,-0.023976427763897,,,,,,,,"bcdc7ac0fbd7ac7aa59902f6bc0c3b7c78ea4d6bc41006eb15ac5aa0ad9a567b"
"dynamic_goal_ability_elo","uniform_1x2","open_core","updating","rps","regulation_1x2","dynamic_attack|dynamic_defence|venue|elo_diff","d0f4469931258b3cbf0324b3e72519d44bc09c77e9776dc11ef58a87854f58ec","leave_one_tournament_out","","euro2016","",,,-0.0252109486034928,,,,,,,,"bcdc7ac0fbd7ac7aa59902f6bc0c3b7c78ea4d6bc41006eb15ac5aa0ad9a567b"
"dynamic_goal_ability_elo","uniform_1x2","open_core","updating","rps","regulation_1x2","dynamic_attack|dynamic_defence|venue|elo_diff","d0f4469931258b3cbf0324b3e72519d44bc09c77e9776dc11ef58a87854f58ec","fold_breadth","","","",,,,,,,11,6,5,0.00279444910718002,"bcdc7ac0fbd7ac7aa59902f6bc0c3b7c78ea4d6bc41006eb15ac5aa0ad9a567b"
"dynamic_goal_ability_elo","uniform_1x2","open_core","frozen","rps","regulation_1x2","dynamic_attack|dynamic_defence|venue|elo_diff","d0f4469931258b3cbf0324b3e72519d44bc09c77e9776dc11ef58a87854f58ec","fold_breadth","","","",,,,,,,11,6,5,0.00476608887330895,"bcdc7ac0fbd7ac7aa59902f6bc0c3b7c78ea4d6bc41006eb15ac5aa0ad9a567b"
"open_nb_elo_only_ablation","production_hybrid_nb","feature_rich","updating","rps","regulation_1x2","elo_diff","d0f4469931258b3cbf0324b3e72519d44bc09c77e9776dc11ef58a87854f58ec","fold","wc2006","","world_cup",0.170768553202115,0.16156832841848,0.00920022478363447,64,,,,,,,"bcdc7ac0fbd7ac7aa59902f6bc0c3b7c78ea4d6bc41006eb15ac5aa0ad9a567b"
"open_nb_elo_only_ablation","open_nb_incumbent","open_core","updating","rps","regulation_1x2","elo_diff","d0f4469931258b3cbf0324b3e72519d44bc09c77e9776dc11ef58a87854f58ec","fold","wc2006","","world_cup",0.170768553202115,0.172063371721106,-0.0012948185189917,64,,,,,,,"bcdc7ac0fbd7ac7aa59902f6bc0c3b7c78ea4d6bc41006eb15ac5aa0ad9a567b"
"open_nb_elo_only_ablation","elo_goal_nb","open_core","updating","rps","regulation_1x2","elo_diff","d0f4469931258b3cbf0324b3e72519d44bc09c77e9776dc11ef58a87854f58ec","fold","wc2006","","world_cup",0.170768553202115,0.176875218107772,-0.00610666490565722,64,,,,,,,"bcdc7ac0fbd7ac7aa59902f6bc0c3b7c78ea4d6bc41006eb15ac5aa0ad9a567b"
"open_nb_elo_only_ablation","elo_goal_nb","open_core","updating","rps","regulation_1x2","elo_diff","d0f4469931258b3cbf0324b3e72519d44bc09c77e9776dc11ef58a87854f58ec","fold","euro2020","","euro",0.189704631127993,0.186749893915214,0.00295473721277899,51,,,,,,,"bcdc7ac0fbd7ac7aa59902f6bc0c3b7c78ea4d6bc41006eb15ac5aa0ad9a567b"
"open_nb_elo_only_ablation","production_hybrid_nb","feature_rich","frozen","rps","regulation_1x2","elo_diff","d0f4469931258b3cbf0324b3e72519d44bc09c77e9776dc11ef58a87854f58ec","fold","wc2006","","world_cup",0.204278458678397,0.188463269228388,0.0158151894500096,64,,,,,,,"bcdc7ac0fbd7ac7aa59902f6bc0c3b7c78ea4d6bc41006eb15ac5aa0ad9a567b"
"open_nb_elo_only_ablation","open_nb_incumbent","open_core","updating","rps","regulation_1x2","elo_diff","d0f4469931258b3cbf0324b3e72519d44bc09c77e9776dc11ef58a87854f58ec","fold","euro2020","","euro",0.189704631127993,0.189838248406632,-0.000133617278639452,51,,,,,,,"bcdc7ac0fbd7ac7aa59902f6bc0c3b7c78ea4d6bc41006eb15ac5aa0ad9a567b"
"open_nb_elo_only_ablation","elo_goal_nb","open_core","updating","rps","regulation_1x2","elo_diff","d0f4469931258b3cbf0324b3e72519d44bc09c77e9776dc11ef58a87854f58ec","fold","wc2010","","world_cup",0.193529165658441,0.190682324027093,0.00284684163134792,64,,,,,,,"bcdc7ac0fbd7ac7aa59902f6bc0c3b7c78ea4d6bc41006eb15ac5aa0ad9a567b"
"open_nb_elo_only_ablation","open_nb_incumbent","open_core","updating","rps","regulation_1x2","elo_diff","d0f4469931258b3cbf0324b3e72519d44bc09c77e9776dc11ef58a87854f58ec","fold","wc2010","","world_cup",0.193529165658441,0.193443758892585,8.54067658558531e-05,64,,,,,,,"bcdc7ac0fbd7ac7aa59902f6bc0c3b7c78ea4d6bc41006eb15ac5aa0ad9a567b"
"open_nb_elo_only_ablation","production_hybrid_nb","feature_rich","updating","rps","regulation_1x2","elo_diff","d0f4469931258b3cbf0324b3e72519d44bc09c77e9776dc11ef58a87854f58ec","fold","euro2004","","euro",0.196449563465487,0.19427801853155,0.00217154493393658,31,,,,,,,"bcdc7ac0fbd7ac7aa59902f6bc0c3b7c78ea4d6bc41006eb15ac5aa0ad9a567b"
"open_nb_elo_only_ablation","open_nb_incumbent","open_core","updating","rps","regulation_1x2","elo_diff","d0f4469931258b3cbf0324b3e72519d44bc09c77e9776dc11ef58a87854f58ec","fold","euro2004","","euro",0.196449563465487,0.195865014321776,0.000584549143711021,31,,,,,,,"bcdc7ac0fbd7ac7aa59902f6bc0c3b7c78ea4d6bc41006eb15ac5aa0ad9a567b"
"open_nb_elo_only_ablation","production_hybrid_nb","feature_rich","updating","rps","regulation_1x2","elo_diff","d0f4469931258b3cbf0324b3e72519d44bc09c77e9776dc11ef58a87854f58ec","fold","euro2020","","euro",0.196426699365495,0.197183259920055,-0.00075656055455976,48,,,,,,,"bcdc7ac0fbd7ac7aa59902f6bc0c3b7c78ea4d6bc41006eb15ac5aa0ad9a567b"
"open_nb_elo_only_ablation","elo_goal_nb","open_core","updating","rps","regulation_1x2","elo_diff","d0f4469931258b3cbf0324b3e72519d44bc09c77e9776dc11ef58a87854f58ec","fold","euro2004","","euro",0.196449563465487,0.197820059462055,-0.00137049599656804,31,,,,,,,"bcdc7ac0fbd7ac7aa59902f6bc0c3b7c78ea4d6bc41006eb15ac5aa0ad9a567b"
"open_nb_elo_only_ablation","elo_goal_nb","open_core","updating","rps","regulation_1x2","elo_diff","d0f4469931258b3cbf0324b3e72519d44bc09c77e9776dc11ef58a87854f58ec","fold","euro2024","","euro",0.1999178553363,0.198729036829663,0.0011888185066372,51,,,,,,,"bcdc7ac0fbd7ac7aa59902f6bc0c3b7c78ea4d6bc41006eb15ac5aa0ad9a567b"
"open_nb_elo_only_ablation","production_hybrid_nb","feature_rich","updating","rps","regulation_1x2","elo_diff","d0f4469931258b3cbf0324b3e72519d44bc09c77e9776dc11ef58a87854f58ec","fold","euro2024","","euro",0.1999178553363,0.199220209587878,0.000697645748422465,51,,,,,,,"bcdc7ac0fbd7ac7aa59902f6bc0c3b7c78ea4d6bc41006eb15ac5aa0ad9a567b"
"open_nb_elo_only_ablation","open_nb_incumbent","open_core","updating","rps","regulation_1x2","elo_diff","d0f4469931258b3cbf0324b3e72519d44bc09c77e9776dc11ef58a87854f58ec","fold","euro2024","","euro",0.1999178553363,0.199838110521063,7.97448152371041e-05,51,,,,,,,"bcdc7ac0fbd7ac7aa59902f6bc0c3b7c78ea4d6bc41006eb15ac5aa0ad9a567b"
"open_nb_elo_only_ablation","elo_goal_nb","open_core","updating","rps","regulation_1x2","elo_diff","d0f4469931258b3cbf0324b3e72519d44bc09c77e9776dc11ef58a87854f58ec","fold","wc2018","","world_cup",0.204307958122653,0.200189175461847,0.00411878266080655,64,,,,,,,"bcdc7ac0fbd7ac7aa59902f6bc0c3b7c78ea4d6bc41006eb15ac5aa0ad9a567b"
"open_nb_elo_only_ablation","production_hybrid_nb","feature_rich","frozen","rps","regulation_1x2","elo_diff","d0f4469931258b3cbf0324b3e72519d44bc09c77e9776dc11ef58a87854f58ec","fold","euro2004","","euro",0.206729826125053,0.201390384066637,0.00533944205841573,31,,,,,,,"bcdc7ac0fbd7ac7aa59902f6bc0c3b7c78ea4d6bc41006eb15ac5aa0ad9a567b"
"open_nb_elo_only_ablation","elo_goal_nb","open_core","updating","rps","regulation_1x2","elo_diff","d0f4469931258b3cbf0324b3e72519d44bc09c77e9776dc11ef58a87854f58ec","fixture_weighted_secondary","","","",0.202825163918303,0.20160896657933,0.00121619733897294,630,,,,,,,"bcdc7ac0fbd7ac7aa59902f6bc0c3b7c78ea4d6bc41006eb15ac5aa0ad9a567b"
"open_nb_elo_only_ablation","elo_goal_nb","open_core","updating","rps","regulation_1x2","elo_diff","d0f4469931258b3cbf0324b3e72519d44bc09c77e9776dc11ef58a87854f58ec","equal_tournament_headline","","","",0.203958949677597,0.202473723379673,0.0014852262979241,630,,,,,,,"bcdc7ac0fbd7ac7aa59902f6bc0c3b7c78ea4d6bc41006eb15ac5aa0ad9a567b"
"open_nb_elo_only_ablation","open_nb_incumbent","open_core","updating","rps","regulation_1x2","elo_diff","d0f4469931258b3cbf0324b3e72519d44bc09c77e9776dc11ef58a87854f58ec","fixture_weighted_secondary","","","",0.202825163918303,0.202849583870682,-2.44199523787195e-05,630,,,,,,,"bcdc7ac0fbd7ac7aa59902f6bc0c3b7c78ea4d6bc41006eb15ac5aa0ad9a567b"
"open_nb_elo_only_ablation","production_hybrid_nb","feature_rich","updating","rps","regulation_1x2","elo_diff","d0f4469931258b3cbf0324b3e72519d44bc09c77e9776dc11ef58a87854f58ec","fold","wc2002","","world_cup",0.214735764415942,0.203404008345614,0.0113317560703285,60,,,,,,,"bcdc7ac0fbd7ac7aa59902f6bc0c3b7c78ea4d6bc41006eb15ac5aa0ad9a567b"
"open_nb_elo_only_ablation","production_hybrid_nb","feature_rich","updating","rps","regulation_1x2","elo_diff","d0f4469931258b3cbf0324b3e72519d44bc09c77e9776dc11ef58a87854f58ec","fixture_weighted_secondary","","","",0.204083444279308,0.203517576620924,0.000565867658383919,609,,,,,,,"bcdc7ac0fbd7ac7aa59902f6bc0c3b7c78ea4d6bc41006eb15ac5aa0ad9a567b"
"open_nb_elo_only_ablation","open_nb_incumbent","open_core","updating","rps","regulation_1x2","elo_diff","d0f4469931258b3cbf0324b3e72519d44bc09c77e9776dc11ef58a87854f58ec","equal_tournament_headline","","","",0.203958949677597,0.203930289520513,2.86601570840897e-05,630,,,,,,,"bcdc7ac0fbd7ac7aa59902f6bc0c3b7c78ea4d6bc41006eb15ac5aa0ad9a567b"
"open_nb_elo_only_ablation","production_hybrid_nb","feature_rich","frozen","rps","regulation_1x2","elo_diff","d0f4469931258b3cbf0324b3e72519d44bc09c77e9776dc11ef58a87854f58ec","fold","euro2024","","euro",0.20926803331791,0.204097904839805,0.00517012847810551,51,,,,,,,"bcdc7ac0fbd7ac7aa59902f6bc0c3b7c78ea4d6bc41006eb15ac5aa0ad9a567b"
"open_nb_elo_only_ablation","open_nb_incumbent","open_core","updating","rps","regulation_1x2","elo_diff","d0f4469931258b3cbf0324b3e72519d44bc09c77e9776dc11ef58a87854f58ec","fold","wc2018","","world_cup",0.204307958122653,0.204377635947404,-6.96778247504823e-05,64,,,,,,,"bcdc7ac0fbd7ac7aa59902f6bc0c3b7c78ea4d6bc41006eb15ac5aa0ad9a567b"
"open_nb_elo_only_ablation","open_nb_incumbent","open_core","frozen","rps","regulation_1x2","elo_diff","d0f4469931258b3cbf0324b3e72519d44bc09c77e9776dc11ef58a87854f58ec","fold","wc2006","","world_cup",0.204278458678397,0.204940508014914,-0.00066204933651715,64,,,,,,,"bcdc7ac0fbd7ac7aa59902f6bc0c3b7c78ea4d6bc41006eb15ac5aa0ad9a567b"
"open_nb_elo_only_ablation","production_hybrid_nb","feature_rich","updating","rps","regulation_1x2","elo_diff","d0f4469931258b3cbf0324b3e72519d44bc09c77e9776dc11ef58a87854f58ec","equal_tournament_headline","","","",0.20569367051748,0.205250400816967,0.000443269700513004,609,,,,,,,"bcdc7ac0fbd7ac7aa59902f6bc0c3b7c78ea4d6bc41006eb15ac5aa0ad9a567b"
"open_nb_elo_only_ablation","production_hybrid_nb","feature_rich","updating","rps","regulation_1x2","elo_diff","d0f4469931258b3cbf0324b3e72519d44bc09c77e9776dc11ef58a87854f58ec","fold","wc2018","","world_cup",0.204307958122653,0.205303028816949,-0.00099507069429596,64,,,,,,,"bcdc7ac0fbd7ac7aa59902f6bc0c3b7c78ea4d6bc41006eb15ac5aa0ad9a567b"
"open_nb_elo_only_ablation","elo_goal_nb","open_core","updating","rps","regulation_1x2","elo_diff","d0f4469931258b3cbf0324b3e72519d44bc09c77e9776dc11ef58a87854f58ec","fold","euro2008","","euro",0.210434157189042,0.206407675123159,0.00402648206588236,31,,,,,,,"bcdc7ac0fbd7ac7aa59902f6bc0c3b7c78ea4d6bc41006eb15ac5aa0ad9a567b"
"open_nb_elo_only_ablation","open_nb_incumbent","open_core","frozen","rps","regulation_1x2","elo_diff","d0f4469931258b3cbf0324b3e72519d44bc09c77e9776dc11ef58a87854f58ec","fold","euro2004","","euro",0.206729826125053,0.20662400857162,0.000105817553432829,31,,,,,,,"bcdc7ac0fbd7ac7aa59902f6bc0c3b7c78ea4d6bc41006eb15ac5aa0ad9a567b"
"open_nb_elo_only_ablation","elo_goal_nb","open_core","updating","rps","regulation_1x2","elo_diff","d0f4469931258b3cbf0324b3e72519d44bc09c77e9776dc11ef58a87854f58ec","fold","wc2014","","world_cup",0.209983245412281,0.207213265548892,0.00276997986338922,64,,,,,,,"bcdc7ac0fbd7ac7aa59902f6bc0c3b7c78ea4d6bc41006eb15ac5aa0ad9a567b"
"open_nb_elo_only_ablation","elo_goal_nb","open_core","frozen","rps","regulation_1x2","elo_diff","d0f4469931258b3cbf0324b3e72519d44bc09c77e9776dc11ef58a87854f58ec","fold","euro2004","","euro",0.206729826125053,0.207432586511803,-0.000702760386750093,31,,,,,,,"bcdc7ac0fbd7ac7aa59902f6bc0c3b7c78ea4d6bc41006eb15ac5aa0ad9a567b"
"open_nb_elo_only_ablation","elo_goal_nb","open_core","frozen","rps","regulation_1x2","elo_diff","d0f4469931258b3cbf0324b3e72519d44bc09c77e9776dc11ef58a87854f58ec","fold","euro2024","","euro",0.20926803331791,0.208894772377195,0.000373260940714928,51,,,,,,,"bcdc7ac0fbd7ac7aa59902f6bc0c3b7c78ea4d6bc41006eb15ac5aa0ad9a567b"
"open_nb_elo_only_ablation","production_hybrid_nb","feature_rich","updating","rps","regulation_1x2","elo_diff","d0f4469931258b3cbf0324b3e72519d44bc09c77e9776dc11ef58a87854f58ec","fold","wc2010","","world_cup",0.199968772603615,0.209082524600923,-0.00911375199730847,61,,,,,,,"bcdc7ac0fbd7ac7aa59902f6bc0c3b7c78ea4d6bc41006eb15ac5aa0ad9a567b"
"open_nb_elo_only_ablation","open_nb_incumbent","open_core","frozen","rps","regulation_1x2","elo_diff","d0f4469931258b3cbf0324b3e72519d44bc09c77e9776dc11ef58a87854f58ec","fold","euro2024","","euro",0.20926803331791,0.20928124815214,-1.32148342293801e-05,51,,,,,,,"bcdc7ac0fbd7ac7aa59902f6bc0c3b7c78ea4d6bc41006eb15ac5aa0ad9a567b"
"open_nb_elo_only_ablation","open_nb_incumbent","open_core","updating","rps","regulation_1x2","elo_diff","d0f4469931258b3cbf0324b3e72519d44bc09c77e9776dc11ef58a87854f58ec","fold","wc2014","","world_cup",0.209983245412281,0.209795309826597,0.000187935585684479,64,,,,,,,"bcdc7ac0fbd7ac7aa59902f6bc0c3b7c78ea4d6bc41006eb15ac5aa0ad9a567b"
"open_nb_elo_only_ablation","open_nb_incumbent","open_core","updating","rps","regulation_1x2","elo_diff","d0f4469931258b3cbf0324b3e72519d44bc09c77e9776dc11ef58a87854f58ec","fold","euro2008","","euro",0.210434157189042,0.210305556677262,0.000128600511779455,31,,,,,,,"bcdc7ac0fbd7ac7aa59902f6bc0c3b7c78ea4d6bc41006eb15ac5aa0ad9a567b"
"open_nb_elo_only_ablation","production_hybrid_nb","feature_rich","frozen","rps","regulation_1x2","elo_diff","d0f4469931258b3cbf0324b3e72519d44bc09c77e9776dc11ef58a87854f58ec","fold","wc2002","","world_cup",0.221957712389103,0.210637313011104,0.0113203993779987,60,,,,,,,"bcdc7ac0fbd7ac7aa59902f6bc0c3b7c78ea4d6bc41006eb15ac5aa0ad9a567b"
"open_nb_elo_only_ablation","open_nb_incumbent","open_core","updating","rps","regulation_1x2","elo_diff","d0f4469931258b3cbf0324b3e72519d44bc09c77e9776dc11ef58a87854f58ec","fold","wc2022","","world_cup",0.211343804704678,0.211319921086321,2.38836183572458e-05,64,,,,,,,"bcdc7ac0fbd7ac7aa59902f6bc0c3b7c78ea4d6bc41006eb15ac5aa0ad9a567b"
"open_nb_elo_only_ablation","production_hybrid_nb","feature_rich","updating","rps","regulation_1x2","elo_diff","d0f4469931258b3cbf0324b3e72519d44bc09c77e9776dc11ef58a87854f58ec","fold","wc2022","","world_cup",0.211343804704678,0.211818751596759,-0.00047494689208045,64,,,,,,,"bcdc7ac0fbd7ac7aa59902f6bc0c3b7c78ea4d6bc41006eb15ac5aa0ad9a567b"
"open_nb_elo_only_ablation","elo_goal_nb","open_core","frozen","rps","regulation_1x2","elo_diff","d0f4469931258b3cbf0324b3e72519d44bc09c77e9776dc11ef58a87854f58ec","fold","wc2006","","world_cup",0.204278458678397,0.212144929195862,-0.00786647051746496,64,,,,,,,"bcdc7ac0fbd7ac7aa59902f6bc0c3b7c78ea4d6bc41006eb15ac5aa0ad9a567b"
"open_nb_elo_only_ablation","elo_goal_nb","open_core","updating","rps","regulation_1x2","elo_diff","d0f4469931258b3cbf0324b3e72519d44bc09c77e9776dc11ef58a87854f58ec","fold","wc2022","","world_cup",0.211343804704678,0.212154600252407,-0.000810795547728998,64,,,,,,,"bcdc7ac0fbd7ac7aa59902f6bc0c3b7c78ea4d6bc41006eb15ac5aa0ad9a567b"
"open_nb_elo_only_ablation","open_nb_incumbent","open_core","updating","rps","regulation_1x2","elo_diff","d0f4469931258b3cbf0324b3e72519d44bc09c77e9776dc11ef58a87854f58ec","fold","wc2002","","world_cup",0.213488982864772,0.213262045445768,0.000226937419004014,64,,,,,,,"bcdc7ac0fbd7ac7aa59902f6bc0c3b7c78ea4d6bc41006eb15ac5aa0ad9a567b"
"open_nb_elo_only_ablation","elo_goal_nb","open_core","updating","rps","regulation_1x2","elo_diff","d0f4469931258b3cbf0324b3e72519d44bc09c77e9776dc11ef58a87854f58ec","fold","wc2002","","world_cup",0.213488982864772,0.213813189554407,-0.000324206689635836,64,,,,,,,"bcdc7ac0fbd7ac7aa59902f6bc0c3b7c78ea4d6bc41006eb15ac5aa0ad9a567b"
"open_nb_elo_only_ablation","production_hybrid_nb","feature_rich","updating","rps","regulation_1x2","elo_diff","d0f4469931258b3cbf0324b3e72519d44bc09c77e9776dc11ef58a87854f58ec","fold","wc2014","","world_cup",0.209983245412281,0.214461937090911,-0.00447869167862957,64,,,,,,,"bcdc7ac0fbd7ac7aa59902f6bc0c3b7c78ea4d6bc41006eb15ac5aa0ad9a567b"
"open_nb_elo_only_ablation","production_hybrid_nb","feature_rich","updating","rps","regulation_1x2","elo_diff","d0f4469931258b3cbf0324b3e72519d44bc09c77e9776dc11ef58a87854f58ec","fold","euro2008","","euro",0.210434157189042,0.214490326573508,-0.0040561693844666,31,,,,,,,"bcdc7ac0fbd7ac7aa59902f6bc0c3b7c78ea4d6bc41006eb15ac5aa0ad9a567b"
"open_nb_elo_only_ablation","production_hybrid_nb","feature_rich","frozen","rps","regulation_1x2","elo_diff","d0f4469931258b3cbf0324b3e72519d44bc09c77e9776dc11ef58a87854f58ec","fold","euro2016","","euro",0.216995273104102,0.214818839474437,0.0021764336296649,43,,,,,,,"bcdc7ac0fbd7ac7aa59902f6bc0c3b7c78ea4d6bc41006eb15ac5aa0ad9a567b"
"open_nb_elo_only_ablation","uniform_1x2","open_core","frozen","rps","regulation_1x2","elo_diff","d0f4469931258b3cbf0324b3e72519d44bc09c77e9776dc11ef58a87854f58ec","fold","euro2024","","euro",0.20926803331791,0.215686274509803,-0.00641824119189317,51,,,,,,,"bcdc7ac0fbd7ac7aa59902f6bc0c3b7c78ea4d6bc41006eb15ac5aa0ad9a567b"
"open_nb_elo_only_ablation","uniform_1x2","open_core","updating","rps","regulation_1x2","elo_diff","d0f4469931258b3cbf0324b3e72519d44bc09c77e9776dc11ef58a87854f58ec","fold","euro2024","","euro",0.1999178553363,0.215686274509804,-0.0157684191735037,51,,,,,,,"bcdc7ac0fbd7ac7aa59902f6bc0c3b7c78ea4d6bc41006eb15ac5aa0ad9a567b"
"open_nb_elo_only_ablation","expanding_1x2","open_core","frozen","rps","regulation_1x2","elo_diff","d0f4469931258b3cbf0324b3e72519d44bc09c77e9776dc11ef58a87854f58ec","fold","wc2006","","world_cup",0.204278458678397,0.215752355003328,-0.0114738963249312,64,,,,,,,"bcdc7ac0fbd7ac7aa59902f6bc0c3b7c78ea4d6bc41006eb15ac5aa0ad9a567b"
"open_nb_elo_only_ablation","expanding_1x2","open_core","updating","rps","regulation_1x2","elo_diff","d0f4469931258b3cbf0324b3e72519d44bc09c77e9776dc11ef58a87854f58ec","fold","wc2006","","world_cup",0.170768553202115,0.215788469082983,-0.0450199158808687,64,,,,,,,"bcdc7ac0fbd7ac7aa59902f6bc0c3b7c78ea4d6bc41006eb15ac5aa0ad9a567b"
"open_nb_elo_only_ablation","production_hybrid_nb","feature_rich","frozen","rps","regulation_1x2","elo_diff","d0f4469931258b3cbf0324b3e72519d44bc09c77e9776dc11ef58a87854f58ec","fold","euro2020","","euro",0.221005522871323,0.217175879889846,0.00382964298147702,48,,,,,,,"bcdc7ac0fbd7ac7aa59902f6bc0c3b7c78ea4d6bc41006eb15ac5aa0ad9a567b"
"open_nb_elo_only_ablation","production_hybrid_nb","feature_rich","frozen","rps","regulation_1x2","elo_diff","d0f4469931258b3cbf0324b3e72519d44bc09c77e9776dc11ef58a87854f58ec","fixture_weighted_secondary","","","",0.223040790772742,0.217180248807272,0.00586054196547008,609,,,,,,,"bcdc7ac0fbd7ac7aa59902f6bc0c3b7c78ea4d6bc41006eb15ac5aa0ad9a567b"
"open_nb_elo_only_ablation","production_hybrid_nb","feature_rich","updating","rps","regulation_1x2","elo_diff","d0f4469931258b3cbf0324b3e72519d44bc09c77e9776dc11ef58a87854f58ec","fold","euro2016","","euro",0.219027085405671,0.217593946752168,0.00143313865350312,43,,,,,,,"bcdc7ac0fbd7ac7aa59902f6bc0c3b7c78ea4d6bc41006eb15ac5aa0ad9a567b"
"open_nb_elo_only_ablation","elo_goal_nb","open_core","updating","rps","regulation_1x2","elo_diff","d0f4469931258b3cbf0324b3e72519d44bc09c77e9776dc11ef58a87854f58ec","fold","euro2016","","euro",0.220087891516797,0.217661436270615,0.00242645524618233,51,,,,,,,"bcdc7ac0fbd7ac7aa59902f6bc0c3b7c78ea4d6bc41006eb15ac5aa0ad9a567b"
"open_nb_elo_only_ablation","production_hybrid_nb","feature_rich","frozen","rps","regulation_1x2","elo_diff","d0f4469931258b3cbf0324b3e72519d44bc09c77e9776dc11ef58a87854f58ec","equal_tournament_headline","","","",0.223644215040469,0.218412150390249,0.00523206465022084,609,,,,,,,"bcdc7ac0fbd7ac7aa59902f6bc0c3b7c78ea4d6bc41006eb15ac5aa0ad9a567b"
"open_nb_elo_only_ablation","uniform_1x2","open_core","updating","rps","regulation_1x2","elo_diff","d0f4469931258b3cbf0324b3e72519d44bc09c77e9776dc11ef58a87854f58ec","fold","euro2004","","euro",0.196449563465487,0.218637992831541,-0.0221884293660545,31,,,,,,,"bcdc7ac0fbd7ac7aa59902f6bc0c3b7c78ea4d6bc41006eb15ac5aa0ad9a567b"
"open_nb_elo_only_ablation","uniform_1x2","open_core","frozen","rps","regulation_1x2","elo_diff","d0f4469931258b3cbf0324b3e72519d44bc09c77e9776dc11ef58a87854f58ec","fold","euro2004","","euro",0.206729826125053,0.218637992831542,-0.0119081667064891,31,,,,,,,"bcdc7ac0fbd7ac7aa59902f6bc0c3b7c78ea4d6bc41006eb15ac5aa0ad9a567b"
"open_nb_elo_only_ablation","elo_goal_nb","open_core","frozen","rps","regulation_1x2","elo_diff","d0f4469931258b3cbf0324b3e72519d44bc09c77e9776dc11ef58a87854f58ec","fold","euro2020","","euro",0.220139747557988,0.219131862392331,0.00100788516565636,51,,,,,,,"bcdc7ac0fbd7ac7aa59902f6bc0c3b7c78ea4d6bc41006eb15ac5aa0ad9a567b"
"open_nb_elo_only_ablation","elo_goal_nb","open_core","frozen","rps","regulation_1x2","elo_diff","d0f4469931258b3cbf0324b3e72519d44bc09c77e9776dc11ef58a87854f58ec","fold","euro2016","","euro",0.220296204233197,0.219593542336172,0.000702661897025814,51,,,,,,,"bcdc7ac0fbd7ac7aa59902f6bc0c3b7c78ea4d6bc41006eb15ac5aa0ad9a567b"
"open_nb_elo_only_ablation","open_nb_incumbent","open_core","frozen","rps","regulation_1x2","elo_diff","d0f4469931258b3cbf0324b3e72519d44bc09c77e9776dc11ef58a87854f58ec","fold","wc2002","","world_cup",0.219965373892472,0.219913445140191,5.19287522813528e-05,64,,,,,,,"bcdc7ac0fbd7ac7aa59902f6bc0c3b7c78ea4d6bc41006eb15ac5aa0ad9a567b"
"open_nb_elo_only_ablation","open_nb_incumbent","open_core","updating","rps","regulation_1x2","elo_diff","d0f4469931258b3cbf0324b3e72519d44bc09c77e9776dc11ef58a87854f58ec","fold","euro2016","","euro",0.220087891516797,0.219949777099601,0.00013811441719562,51,,,,,,,"bcdc7ac0fbd7ac7aa59902f6bc0c3b7c78ea4d6bc41006eb15ac5aa0ad9a567b"
"open_nb_elo_only_ablation","open_nb_incumbent","open_core","frozen","rps","regulation_1x2","elo_diff","d0f4469931258b3cbf0324b3e72519d44bc09c77e9776dc11ef58a87854f58ec","fold","euro2020","","euro",0.220139747557988,0.220127698702643,1.20488553443529e-05,51,,,,,,,"bcdc7ac0fbd7ac7aa59902f6bc0c3b7c78ea4d6bc41006eb15ac5aa0ad9a567b"
"open_nb_elo_only_ablation","open_nb_incumbent","open_core","frozen","rps","regulation_1x2","elo_diff","d0f4469931258b3cbf0324b3e72519d44bc09c77e9776dc11ef58a87854f58ec","fold","euro2016","","euro",0.220296204233197,0.220295779324557,4.24908639920155e-07,51,,,,,,,"bcdc7ac0fbd7ac7aa59902f6bc0c3b7c78ea4d6bc41006eb15ac5aa0ad9a567b"
"open_nb_elo_only_ablation","expanding_1x2","open_core","frozen","rps","regulation_1x2","elo_diff","d0f4469931258b3cbf0324b3e72519d44bc09c77e9776dc11ef58a87854f58ec","fold","euro2004","","euro",0.206729826125053,0.220590545460224,-0.0138607193351706,31,,,,,,,"bcdc7ac0fbd7ac7aa59902f6bc0c3b7c78ea4d6bc41006eb15ac5aa0ad9a567b"
"open_nb_elo_only_ablation","expanding_1x2","open_core","updating","rps","regulation_1x2","elo_diff","d0f4469931258b3cbf0324b3e72519d44bc09c77e9776dc11ef58a87854f58ec","fold","euro2004","","euro",0.196449563465487,0.220715691178044,-0.0242661277125574,31,,,,,,,"bcdc7ac0fbd7ac7aa59902f6bc0c3b7c78ea4d6bc41006eb15ac5aa0ad9a567b"
"open_nb_elo_only_ablation","production_hybrid_nb","feature_rich","frozen","rps","regulation_1x2","elo_diff","d0f4469931258b3cbf0324b3e72519d44bc09c77e9776dc11ef58a87854f58ec","fold","wc2014","","world_cup",0.226029159392439,0.22086092111402,0.00516823827841922,64,,,,,,,"bcdc7ac0fbd7ac7aa59902f6bc0c3b7c78ea4d6bc41006eb15ac5aa0ad9a567b"
"open_nb_elo_only_ablation","elo_goal_nb","open_core","updating","rps","regulation_1x2","elo_diff","d0f4469931258b3cbf0324b3e72519d44bc09c77e9776dc11ef58a87854f58ec","fold","euro2012","","euro",0.227491587530605,0.22138880600295,0.00610278152765474,31,,,,,,,"bcdc7ac0fbd7ac7aa59902f6bc0c3b7c78ea4d6bc41006eb15ac5aa0ad9a567b"
"open_nb_elo_only_ablation","elo_goal_nb","open_core","frozen","rps","regulation_1x2","elo_diff","d0f4469931258b3cbf0324b3e72519d44bc09c77e9776dc11ef58a87854f58ec","fixture_weighted_secondary","","","",0.222806155434356,0.222366005932213,0.000440149502143577,630,,,,,,,"bcdc7ac0fbd7ac7aa59902f6bc0c3b7c78ea4d6bc41006eb15ac5aa0ad9a567b"
"open_nb_elo_only_ablation","elo_goal_nb","open_core","frozen","rps","regulation_1x2","elo_diff","d0f4469931258b3cbf0324b3e72519d44bc09c77e9776dc11ef58a87854f58ec","equal_tournament_headline","","","",0.223350358804639,0.222488635674597,0.000861723130041996,630,,,,,,,"bcdc7ac0fbd7ac7aa59902f6bc0c3b7c78ea4d6bc41006eb15ac5aa0ad9a567b"
"open_nb_elo_only_ablation","open_nb_incumbent","open_core","frozen","rps","regulation_1x2","elo_diff","d0f4469931258b3cbf0324b3e72519d44bc09c77e9776dc11ef58a87854f58ec","fixture_weighted_secondary","","","",0.222806155434356,0.222777605348689,2.85500856676595e-05,630,,,,,,,"bcdc7ac0fbd7ac7aa59902f6bc0c3b7c78ea4d6bc41006eb15ac5aa0ad9a567b"
"open_nb_elo_only_ablation","elo_goal_nb","open_core","frozen","rps","regulation_1x2","elo_diff","d0f4469931258b3cbf0324b3e72519d44bc09c77e9776dc11ef58a87854f58ec","fold","wc2002","","world_cup",0.219965373892472,0.22286228257362,-0.0028969086811474,64,,,,,,,"bcdc7ac0fbd7ac7aa59902f6bc0c3b7c78ea4d6bc41006eb15ac5aa0ad9a567b"
"open_nb_elo_only_ablation","production_hybrid_nb","feature_rich","frozen","rps","regulation_1x2","elo_diff","d0f4469931258b3cbf0324b3e72519d44bc09c77e9776dc11ef58a87854f58ec","fold","wc2022","","world_cup",0.226092961716657,0.222906942893562,0.00318601882309559,64,,,,,,,"bcdc7ac0fbd7ac7aa59902f6bc0c3b7c78ea4d6bc41006eb15ac5aa0ad9a567b"
"open_nb_elo_only_ablation","open_nb_incumbent","open_core","frozen","rps","regulation_1x2","elo_diff","d0f4469931258b3cbf0324b3e72519d44bc09c77e9776dc11ef58a87854f58ec","equal_tournament_headline","","","",0.223350358804639,0.223289677347567,6.068145707181e-05,630,,,,,,,"bcdc7ac0fbd7ac7aa59902f6bc0c3b7c78ea4d6bc41006eb15ac5aa0ad9a567b"
"open_nb_elo_only_ablation","elo_goal_nb","open_core","frozen","rps","regulation_1x2","elo_diff","d0f4469931258b3cbf0324b3e72519d44bc09c77e9776dc11ef58a87854f58ec","fold","wc2014","","world_cup",0.226029159392439,0.223316208416854,0.00271295097558516,64,,,,,,,"bcdc7ac0fbd7ac7aa59902f6bc0c3b7c78ea4d6bc41006eb15ac5aa0ad9a567b"
"open_nb_elo_only_ablation","expanding_1x2","open_core","frozen","rps","regulation_1x2","elo_diff","d0f4469931258b3cbf0324b3e72519d44bc09c77e9776dc11ef58a87854f58ec","fold","euro2024","","euro",0.20926803331791,0.225207595460973,-0.0159395621430633,51,,,,,,,"bcdc7ac0fbd7ac7aa59902f6bc0c3b7c78ea4d6bc41006eb15ac5aa0ad9a567b"
"open_nb_elo_only_ablation","expanding_1x2","open_core","updating","rps","regulation_1x2","elo_diff","d0f4469931258b3cbf0324b3e72519d44bc09c77e9776dc11ef58a87854f58ec","fold","euro2024","","euro",0.1999178553363,0.22526830092061,-0.0253504455843096,51,,,,,,,"bcdc7ac0fbd7ac7aa59902f6bc0c3b7c78ea4d6bc41006eb15ac5aa0ad9a567b"
"open_nb_elo_only_ablation","uniform_1x2","open_core","updating","rps","regulation_1x2","elo_diff","d0f4469931258b3cbf0324b3e72519d44bc09c77e9776dc11ef58a87854f58ec","fold","euro2016","","euro",0.220087891516797,0.225490196078429,-0.00540230456163236,51,,,,,,,"bcdc7ac0fbd7ac7aa59902f6bc0c3b7c78ea4d6bc41006eb15ac5aa0ad9a567b"
"open_nb_elo_only_ablation","uniform_1x2","open_core","updating","rps","regulation_1x2","elo_diff","d0f4469931258b3cbf0324b3e72519d44bc09c77e9776dc11ef58a87854f58ec","fold","euro2020","","euro",0.189704631127993,0.22549019607843,-0.0357855649504376,51,,,,,,,"bcdc7ac0fbd7ac7aa59902f6bc0c3b7c78ea4d6bc41006eb15ac5aa0ad9a567b"
"open_nb_elo_only_ablation","uniform_1x2","open_core","frozen","rps","regulation_1x2","elo_diff","d0f4469931258b3cbf0324b3e72519d44bc09c77e9776dc11ef58a87854f58ec","fold","euro2016","","euro",0.220296204233197,0.22549019607843,-0.00519399184523255,51,,,,,,,"bcdc7ac0fbd7ac7aa59902f6bc0c3b7c78ea4d6bc41006eb15ac5aa0ad9a567b"
"open_nb_elo_only_ablation","uniform_1x2","open_core","frozen","rps","regulation_1x2","elo_diff","d0f4469931258b3cbf0324b3e72519d44bc09c77e9776dc11ef58a87854f58ec","fold","euro2020","","euro",0.220139747557988,0.225490196078431,-0.0053504485204434,51,,,,,,,"bcdc7ac0fbd7ac7aa59902f6bc0c3b7c78ea4d6bc41006eb15ac5aa0ad9a567b"
"open_nb_elo_only_ablation","expanding_1x2","open_core","frozen","rps","regulation_1x2","elo_diff","d0f4469931258b3cbf0324b3e72519d44bc09c77e9776dc11ef58a87854f58ec","fold","wc2002","","world_cup",0.219965373892472,0.225824157415433,-0.00585878352296044,64,,,,,,,"bcdc7ac0fbd7ac7aa59902f6bc0c3b7c78ea4d6bc41006eb15ac5aa0ad9a567b"
"open_nb_elo_only_ablation","open_nb_incumbent","open_core","frozen","rps","regulation_1x2","elo_diff","d0f4469931258b3cbf0324b3e72519d44bc09c77e9776dc11ef58a87854f58ec","fold","wc2014","","world_cup",0.226029159392439,0.2258272417331,0.000201917659339419,64,,,,,,,"bcdc7ac0fbd7ac7aa59902f6bc0c3b7c78ea4d6bc41006eb15ac5aa0ad9a567b"
"open_nb_elo_only_ablation","expanding_1x2","open_core","updating","rps","regulation_1x2","elo_diff","d0f4469931258b3cbf0324b3e72519d44bc09c77e9776dc11ef58a87854f58ec","fold","wc2002","","world_cup",0.213488982864772,0.225861316572284,-0.0123723337075128,64,,,,,,,"bcdc7ac0fbd7ac7aa59902f6bc0c3b7c78ea4d6bc41006eb15ac5aa0ad9a567b"
"open_nb_elo_only_ablation","open_nb_incumbent","open_core","frozen","rps","regulation_1x2","elo_diff","d0f4469931258b3cbf0324b3e72519d44bc09c77e9776dc11ef58a87854f58ec","fold","wc2022","","world_cup",0.226092961716657,0.226118808703961,-2.58469873031334e-05,64,,,,,,,"bcdc7ac0fbd7ac7aa59902f6bc0c3b7c78ea4d6bc41006eb15ac5aa0ad9a567b"
"open_nb_elo_only_ablation","open_nb_incumbent","open_core","updating","rps","regulation_1x2","elo_diff","d0f4469931258b3cbf0324b3e72519d44bc09c77e9776dc11ef58a87854f58ec","fold","euro2012","","euro",0.227491587530605,0.227104724300039,0.000386863230565918,31,,,,,,,"bcdc7ac0fbd7ac7aa59902f6bc0c3b7c78ea4d6bc41006eb15ac5aa0ad9a567b"
"open_nb_elo_only_ablation","production_hybrid_nb","feature_rich","frozen","rps","regulation_1x2","elo_diff","d0f4469931258b3cbf0324b3e72519d44bc09c77e9776dc11ef58a87854f58ec","fold","wc2018","","world_cup",0.234622034801422,0.22724105810526,0.00738097669616209,64,,,,,,,"bcdc7ac0fbd7ac7aa59902f6bc0c3b7c78ea4d6bc41006eb15ac5aa0ad9a567b"
"open_nb_elo_only_ablation","expanding_1x2","open_core","frozen","rps","regulation_1x2","elo_diff","d0f4469931258b3cbf0324b3e72519d44bc09c77e9776dc11ef58a87854f58ec","fold","euro2016","","euro",0.220296204233197,0.227261591509116,-0.00696538727591843,51,,,,,,,"bcdc7ac0fbd7ac7aa59902f6bc0c3b7c78ea4d6bc41006eb15ac5aa0ad9a567b"
"open_nb_elo_only_ablation","expanding_1x2","open_core","updating","rps","regulation_1x2","elo_diff","d0f4469931258b3cbf0324b3e72519d44bc09c77e9776dc11ef58a87854f58ec","fold","euro2016","","euro",0.220087891516797,0.227348903289467,-0.00726101177266998,51,,,,,,,"bcdc7ac0fbd7ac7aa59902f6bc0c3b7c78ea4d6bc41006eb15ac5aa0ad9a567b"
"open_nb_elo_only_ablation","elo_goal_nb","open_core","frozen","rps","regulation_1x2","elo_diff","d0f4469931258b3cbf0324b3e72519d44bc09c77e9776dc11ef58a87854f58ec","fold","wc2022","","world_cup",0.226092961716657,0.227460034050359,-0.00136707233370112,64,,,,,,,"bcdc7ac0fbd7ac7aa59902f6bc0c3b7c78ea4d6bc41006eb15ac5aa0ad9a567b"
"open_nb_elo_only_ablation","elo_goal_nb","open_core","frozen","rps","regulation_1x2","elo_diff","d0f4469931258b3cbf0324b3e72519d44bc09c77e9776dc11ef58a87854f58ec","fold","euro2008","","euro",0.233616246997412,0.227565017482987,0.00605122951442471,31,,,,,,,"bcdc7ac0fbd7ac7aa59902f6bc0c3b7c78ea4d6bc41006eb15ac5aa0ad9a567b"
"open_nb_elo_only_ablation","production_hybrid_nb","feature_rich","frozen","rps","regulation_1x2","elo_diff","d0f4469931258b3cbf0324b3e72519d44bc09c77e9776dc11ef58a87854f58ec","fold","euro2008","","euro",0.233616246997412,0.228028515914912,0.00558773108250015,31,,,,,,,"bcdc7ac0fbd7ac7aa59902f6bc0c3b7c78ea4d6bc41006eb15ac5aa0ad9a567b"
"open_nb_elo_only_ablation","elo_goal_nb","open_core","frozen","rps","regulation_1x2","elo_diff","d0f4469931258b3cbf0324b3e72519d44bc09c77e9776dc11ef58a87854f58ec","fold","wc2010","","world_cup",0.231056397765184,0.22821501416497,0.00284138360021342,64,,,,,,,"bcdc7ac0fbd7ac7aa59902f6bc0c3b7c78ea4d6bc41006eb15ac5aa0ad9a567b"
"open_nb_elo_only_ablation","uniform_1x2","open_core","updating","rps","regulation_1x2","elo_diff","d0f4469931258b3cbf0324b3e72519d44bc09c77e9776dc11ef58a87854f58ec","fold","wc2002","","world_cup",0.213488982864772,0.228298611111111,-0.0148096282463395,64,,,,,,,"bcdc7ac0fbd7ac7aa59902f6bc0c3b7c78ea4d6bc41006eb15ac5aa0ad9a567b"
"open_nb_elo_only_ablation","uniform_1x2","open_core","frozen","rps","regulation_1x2","elo_diff","d0f4469931258b3cbf0324b3e72519d44bc09c77e9776dc11ef58a87854f58ec","fold","wc2002","","world_cup",0.219965373892472,0.228298611111114,-0.00833323721864116,64,,,,,,,"bcdc7ac0fbd7ac7aa59902f6bc0c3b7c78ea4d6bc41006eb15ac5aa0ad9a567b"
"open_nb_elo_only_ablation","elo_goal_nb","open_core","frozen","rps","regulation_1x2","elo_diff","d0f4469931258b3cbf0324b3e72519d44bc09c77e9776dc11ef58a87854f58ec","fold","wc2018","","world_cup",0.234622034801422,0.230619947484092,0.00400208731732963,64,,,,,,,"bcdc7ac0fbd7ac7aa59902f6bc0c3b7c78ea4d6bc41006eb15ac5aa0ad9a567b"
"open_nb_elo_only_ablation","expanding_1x2","open_core","frozen","rps","regulation_1x2","elo_diff","d0f4469931258b3cbf0324b3e72519d44bc09c77e9776dc11ef58a87854f58ec","fold","euro2020","","euro",0.220139747557988,0.230797681507235,-0.0106579339492476,51,,,,,,,"bcdc7ac0fbd7ac7aa59902f6bc0c3b7c78ea4d6bc41006eb15ac5aa0ad9a567b"
"open_nb_elo_only_ablation","open_nb_incumbent","open_core","frozen","rps","regulation_1x2","elo_diff","d0f4469931258b3cbf0324b3e72519d44bc09c77e9776dc11ef58a87854f58ec","fold","wc2010","","world_cup",0.231056397765184,0.230807108032634,0.000249289732549513,64,,,,,,,"bcdc7ac0fbd7ac7aa59902f6bc0c3b7c78ea4d6bc41006eb15ac5aa0ad9a567b"
"open_nb_elo_only_ablation","uniform_1x2","open_core","updating","rps","regulation_1x2","elo_diff","d0f4469931258b3cbf0324b3e72519d44bc09c77e9776dc11ef58a87854f58ec","fold","wc2010","","world_cup",0.193529165658441,0.230902777777778,-0.0373736121193369,64,,,,,,,"bcdc7ac0fbd7ac7aa59902f6bc0c3b7c78ea4d6bc41006eb15ac5aa0ad9a567b"
"open_nb_elo_only_ablation","uniform_1x2","open_core","frozen","rps","regulation_1x2","elo_diff","d0f4469931258b3cbf0324b3e72519d44bc09c77e9776dc11ef58a87854f58ec","fold","wc2010","","world_cup",0.231056397765184,0.230902777777778,0.000153619987405925,64,,,,,,,"bcdc7ac0fbd7ac7aa59902f6bc0c3b7c78ea4d6bc41006eb15ac5aa0ad9a567b"
"open_nb_elo_only_ablation","expanding_1x2","open_core","updating","rps","regulation_1x2","elo_diff","d0f4469931258b3cbf0324b3e72519d44bc09c77e9776dc11ef58a87854f58ec","fold","euro2020","","euro",0.189704631127993,0.230982895569659,-0.0412782644416665,51,,,,,,,"bcdc7ac0fbd7ac7aa59902f6bc0c3b7c78ea4d6bc41006eb15ac5aa0ad9a567b"
"open_nb_elo_only_ablation","uniform_1x2","open_core","updating","rps","regulation_1x2","elo_diff","d0f4469931258b3cbf0324b3e72519d44bc09c77e9776dc11ef58a87854f58ec","equal_tournament_headline","","","",0.203958949677597,0.231434811827957,-0.0274758621503597,630,,,,,,,"bcdc7ac0fbd7ac7aa59902f6bc0c3b7c78ea4d6bc41006eb15ac5aa0ad9a567b"
"open_nb_elo_only_ablation","uniform_1x2","open_core","frozen","rps","regulation_1x2","elo_diff","d0f4469931258b3cbf0324b3e72519d44bc09c77e9776dc11ef58a87854f58ec","equal_tournament_headline","","","",0.223350358804639,0.231434811827957,-0.00808445302331799,630,,,,,,,"bcdc7ac0fbd7ac7aa59902f6bc0c3b7c78ea4d6bc41006eb15ac5aa0ad9a567b"
"open_nb_elo_only_ablation","uniform_1x2","open_core","updating","rps","regulation_1x2","elo_diff","d0f4469931258b3cbf0324b3e72519d44bc09c77e9776dc11ef58a87854f58ec","fixture_weighted_secondary","","","",0.202825163918303,0.231481481481481,-0.0286563175631781,630,,,,,,,"bcdc7ac0fbd7ac7aa59902f6bc0c3b7c78ea4d6bc41006eb15ac5aa0ad9a567b"
"open_nb_elo_only_ablation","uniform_1x2","open_core","frozen","rps","regulation_1x2","elo_diff","d0f4469931258b3cbf0324b3e72519d44bc09c77e9776dc11ef58a87854f58ec","fixture_weighted_secondary","","","",0.222806155434356,0.231481481481481,-0.00867532604712507,630,,,,,,,"bcdc7ac0fbd7ac7aa59902f6bc0c3b7c78ea4d6bc41006eb15ac5aa0ad9a567b"
"open_nb_elo_only_ablation","production_hybrid_nb","feature_rich","frozen","rps","regulation_1x2","elo_diff","d0f4469931258b3cbf0324b3e72519d44bc09c77e9776dc11ef58a87854f58ec","fold","wc2010","","world_cup",0.233293389869165,0.231714769293689,0.00157862057547629,61,,,,,,,"bcdc7ac0fbd7ac7aa59902f6bc0c3b7c78ea4d6bc41006eb15ac5aa0ad9a567b"
"open_nb_elo_only_ablation","open_nb_incumbent","open_core","frozen","rps","regulation_1x2","elo_diff","d0f4469931258b3cbf0324b3e72519d44bc09c77e9776dc11ef58a87854f58ec","fold","euro2008","","euro",0.233616246997412,0.233089752424003,0.000526494573408867,31,,,,,,,"bcdc7ac0fbd7ac7aa59902f6bc0c3b7c78ea4d6bc41006eb15ac5aa0ad9a567b"
"open_nb_elo_only_ablation","uniform_1x2","open_core","frozen","rps","regulation_1x2","elo_diff","d0f4469931258b3cbf0324b3e72519d44bc09c77e9776dc11ef58a87854f58ec","fold","wc2006","","world_cup",0.204278458678397,0.23350694444444,-0.0292284857660426,64,,,,,,,"bcdc7ac0fbd7ac7aa59902f6bc0c3b7c78ea4d6bc41006eb15ac5aa0ad9a567b"
"open_nb_elo_only_ablation","uniform_1x2","open_core","updating","rps","regulation_1x2","elo_diff","d0f4469931258b3cbf0324b3e72519d44bc09c77e9776dc11ef58a87854f58ec","fold","wc2006","","world_cup",0.170768553202115,0.233506944444443,-0.0627383912423283,64,,,,,,,"bcdc7ac0fbd7ac7aa59902f6bc0c3b7c78ea4d6bc41006eb15ac5aa0ad9a567b"
"open_nb_elo_only_ablation","uniform_1x2","open_core","updating","rps","regulation_1x2","elo_diff","d0f4469931258b3cbf0324b3e72519d44bc09c77e9776dc11ef58a87854f58ec","fold","wc2014","","world_cup",0.209983245412281,0.233506944444444,-0.0235236990321624,64,,,,,,,"bcdc7ac0fbd7ac7aa59902f6bc0c3b7c78ea4d6bc41006eb15ac5aa0ad9a567b"
"open_nb_elo_only_ablation","uniform_1x2","open_core","frozen","rps","regulation_1x2","elo_diff","d0f4469931258b3cbf0324b3e72519d44bc09c77e9776dc11ef58a87854f58ec","fold","wc2014","","world_cup",0.226029159392439,0.233506944444445,-0.00747778505200533,64,,,,,,,"bcdc7ac0fbd7ac7aa59902f6bc0c3b7c78ea4d6bc41006eb15ac5aa0ad9a567b"
"open_nb_elo_only_ablation","expanding_1x2","open_core","updating","rps","regulation_1x2","elo_diff","d0f4469931258b3cbf0324b3e72519d44bc09c77e9776dc11ef58a87854f58ec","fixture_weighted_secondary","","","",0.202825163918303,0.23401862928916,-0.0311934653708567,630,,,,,,,"bcdc7ac0fbd7ac7aa59902f6bc0c3b7c78ea4d6bc41006eb15ac5aa0ad9a567b"
"open_nb_elo_only_ablation","expanding_1x2","open_core","frozen","rps","regulation_1x2","elo_diff","d0f4469931258b3cbf0324b3e72519d44bc09c77e9776dc11ef58a87854f58ec","fixture_weighted_secondary","","","",0.222806155434356,0.234046704117589,-0.0112405486832328,630,,,,,,,"bcdc7ac0fbd7ac7aa59902f6bc0c3b7c78ea4d6bc41006eb15ac5aa0ad9a567b"
"open_nb_elo_only_ablation","open_nb_incumbent","open_core","frozen","rps","regulation_1x2","elo_diff","d0f4469931258b3cbf0324b3e72519d44bc09c77e9776dc11ef58a87854f58ec","fold","wc2018","","world_cup",0.234622034801422,0.234575823914353,4.6210887068612e-05,64,,,,,,,"bcdc7ac0fbd7ac7aa59902f6bc0c3b7c78ea4d6bc41006eb15ac5aa0ad9a567b"
"open_nb_elo_only_ablation","production_hybrid_nb","feature_rich","updating","rps","regulation_1x2","elo_diff","d0f4469931258b3cbf0324b3e72519d44bc09c77e9776dc11ef58a87854f58ec","fold","euro2012","","euro",0.234960586986484,0.234600469568812,0.000360117417671673,28,,,,,,,"bcdc7ac0fbd7ac7aa59902f6bc0c3b7c78ea4d6bc41006eb15ac5aa0ad9a567b"
"open_nb_elo_only_ablation","expanding_1x2","open_core","updating","rps","regulation_1x2","elo_diff","d0f4469931258b3cbf0324b3e72519d44bc09c77e9776dc11ef58a87854f58ec","equal_tournament_headline","","","",0.203958949677597,0.235146944074474,-0.0311879943968769,630,,,,,,,"bcdc7ac0fbd7ac7aa59902f6bc0c3b7c78ea4d6bc41006eb15ac5aa0ad9a567b"
"open_nb_elo_only_ablation","expanding_1x2","open_core","frozen","rps","regulation_1x2","elo_diff","d0f4469931258b3cbf0324b3e72519d44bc09c77e9776dc11ef58a87854f58ec","equal_tournament_headline","","","",0.223350358804639,0.235193730960201,-0.0118433721555622,630,,,,,,,"bcdc7ac0fbd7ac7aa59902f6bc0c3b7c78ea4d6bc41006eb15ac5aa0ad9a567b"
"open_nb_elo_only_ablation","expanding_1x2","open_core","updating","rps","regulation_1x2","elo_diff","d0f4469931258b3cbf0324b3e72519d44bc09c77e9776dc11ef58a87854f58ec","fold","wc2022","","world_cup",0.211343804704678,0.235293526070556,-0.0239497213658777,64,,,,,,,"bcdc7ac0fbd7ac7aa59902f6bc0c3b7c78ea4d6bc41006eb15ac5aa0ad9a567b"
"open_nb_elo_only_ablation","expanding_1x2","open_core","frozen","rps","regulation_1x2","elo_diff","d0f4469931258b3cbf0324b3e72519d44bc09c77e9776dc11ef58a87854f58ec","fold","wc2022","","world_cup",0.226092961716657,0.235312919221245,-0.00921995750458765,64,,,,,,,"bcdc7ac0fbd7ac7aa59902f6bc0c3b7c78ea4d6bc41006eb15ac5aa0ad9a567b"
"open_nb_elo_only_ablation","expanding_1x2","open_core","frozen","rps","regulation_1x2","elo_diff","d0f4469931258b3cbf0324b3e72519d44bc09c77e9776dc11ef58a87854f58ec","fold","wc2014","","world_cup",0.226029159392439,0.237827219026287,-0.0117980596338474,64,,,,,,,"bcdc7ac0fbd7ac7aa59902f6bc0c3b7c78ea4d6bc41006eb15ac5aa0ad9a567b"
"open_nb_elo_only_ablation","expanding_1x2","open_core","updating","rps","regulation_1x2","elo_diff","d0f4469931258b3cbf0324b3e72519d44bc09c77e9776dc11ef58a87854f58ec","fold","wc2014","","world_cup",0.209983245412281,0.23785716685019,-0.0278739214379086,64,,,,,,,"bcdc7ac0fbd7ac7aa59902f6bc0c3b7c78ea4d6bc41006eb15ac5aa0ad9a567b"
"open_nb_elo_only_ablation","expanding_1x2","open_core","updating","rps","regulation_1x2","elo_diff","d0f4469931258b3cbf0324b3e72519d44bc09c77e9776dc11ef58a87854f58ec","fold","wc2010","","world_cup",0.193529165658441,0.237873343461482,-0.0443441778030407,64,,,,,,,"bcdc7ac0fbd7ac7aa59902f6bc0c3b7c78ea4d6bc41006eb15ac5aa0ad9a567b"
"open_nb_elo_only_ablation","expanding_1x2","open_core","frozen","rps","regulation_1x2","elo_diff","d0f4469931258b3cbf0324b3e72519d44bc09c77e9776dc11ef58a87854f58ec","fold","wc2010","","world_cup",0.231056397765184,0.237998093302875,-0.00694169553769172,64,,,,,,,"bcdc7ac0fbd7ac7aa59902f6bc0c3b7c78ea4d6bc41006eb15ac5aa0ad9a567b"
"open_nb_elo_only_ablation","uniform_1x2","open_core","updating","rps","regulation_1x2","elo_diff","d0f4469931258b3cbf0324b3e72519d44bc09c77e9776dc11ef58a87854f58ec","fold","wc2022","","world_cup",0.211343804704678,0.238715277777779,-0.0273714730731005,64,,,,,,,"bcdc7ac0fbd7ac7aa59902f6bc0c3b7c78ea4d6bc41006eb15ac5aa0ad9a567b"
"open_nb_elo_only_ablation","uniform_1x2","open_core","frozen","rps","regulation_1x2","elo_diff","d0f4469931258b3cbf0324b3e72519d44bc09c77e9776dc11ef58a87854f58ec","fold","wc2022","","world_cup",0.226092961716657,0.238715277777779,-0.0126223160611214,64,,,,,,,"bcdc7ac0fbd7ac7aa59902f6bc0c3b7c78ea4d6bc41006eb15ac5aa0ad9a567b"
"open_nb_elo_only_ablation","uniform_1x2","open_core","frozen","rps","regulation_1x2","elo_diff","d0f4469931258b3cbf0324b3e72519d44bc09c77e9776dc11ef58a87854f58ec","fold","euro2012","","euro",0.248109861177534,0.240143369175627,0.00796649200190654,31,,,,,,,"bcdc7ac0fbd7ac7aa59902f6bc0c3b7c78ea4d6bc41006eb15ac5aa0ad9a567b"
"open_nb_elo_only_ablation","uniform_1x2","open_core","updating","rps","regulation_1x2","elo_diff","d0f4469931258b3cbf0324b3e72519d44bc09c77e9776dc11ef58a87854f58ec","fold","euro2012","","euro",0.227491587530605,0.240143369175628,-0.0126517816450224,31,,,,,,,"bcdc7ac0fbd7ac7aa59902f6bc0c3b7c78ea4d6bc41006eb15ac5aa0ad9a567b"
"open_nb_elo_only_ablation","uniform_1x2","open_core","updating","rps","regulation_1x2","elo_diff","d0f4469931258b3cbf0324b3e72519d44bc09c77e9776dc11ef58a87854f58ec","fold","wc2018","","world_cup",0.204307958122653,0.241319444444444,-0.0370114863217904,64,,,,,,,"bcdc7ac0fbd7ac7aa59902f6bc0c3b7c78ea4d6bc41006eb15ac5aa0ad9a567b"
"open_nb_elo_only_ablation","uniform_1x2","open_core","frozen","rps","regulation_1x2","elo_diff","d0f4469931258b3cbf0324b3e72519d44bc09c77e9776dc11ef58a87854f58ec","fold","wc2018","","world_cup",0.234622034801422,0.241319444444445,-0.00669740964302328,64,,,,,,,"bcdc7ac0fbd7ac7aa59902f6bc0c3b7c78ea4d6bc41006eb15ac5aa0ad9a567b"
"open_nb_elo_only_ablation","elo_goal_nb","open_core","frozen","rps","regulation_1x2","elo_diff","d0f4469931258b3cbf0324b3e72519d44bc09c77e9776dc11ef58a87854f58ec","fold","euro2012","","euro",0.248109861177534,0.242627431108916,0.00548243006861748,31,,,,,,,"bcdc7ac0fbd7ac7aa59902f6bc0c3b7c78ea4d6bc41006eb15ac5aa0ad9a567b"
"open_nb_elo_only_ablation","uniform_1x2","open_core","frozen","rps","regulation_1x2","elo_diff","d0f4469931258b3cbf0324b3e72519d44bc09c77e9776dc11ef58a87854f58ec","fold","euro2008","","euro",0.233616246997412,0.245519713261648,-0.0119034662642362,31,,,,,,,"bcdc7ac0fbd7ac7aa59902f6bc0c3b7c78ea4d6bc41006eb15ac5aa0ad9a567b"
"open_nb_elo_only_ablation","uniform_1x2","open_core","updating","rps","regulation_1x2","elo_diff","d0f4469931258b3cbf0324b3e72519d44bc09c77e9776dc11ef58a87854f58ec","fold","euro2008","","euro",0.210434157189042,0.245519713261649,-0.0350855560726077,31,,,,,,,"bcdc7ac0fbd7ac7aa59902f6bc0c3b7c78ea4d6bc41006eb15ac5aa0ad9a567b"
"open_nb_elo_only_ablation","open_nb_incumbent","open_core","frozen","rps","regulation_1x2","elo_diff","d0f4469931258b3cbf0324b3e72519d44bc09c77e9776dc11ef58a87854f58ec","fold","euro2012","","euro",0.248109861177534,0.247874705456687,0.000235155720846517,31,,,,,,,"bcdc7ac0fbd7ac7aa59902f6bc0c3b7c78ea4d6bc41006eb15ac5aa0ad9a567b"
"open_nb_elo_only_ablation","expanding_1x2","open_core","updating","rps","regulation_1x2","elo_diff","d0f4469931258b3cbf0324b3e72519d44bc09c77e9776dc11ef58a87854f58ec","fold","wc2018","","world_cup",0.204307958122653,0.249904094958613,-0.0455961368359599,64,,,,,,,"bcdc7ac0fbd7ac7aa59902f6bc0c3b7c78ea4d6bc41006eb15ac5aa0ad9a567b"
"open_nb_elo_only_ablation","expanding_1x2","open_core","frozen","rps","regulation_1x2","elo_diff","d0f4469931258b3cbf0324b3e72519d44bc09c77e9776dc11ef58a87854f58ec","fold","wc2018","","world_cup",0.234622034801422,0.250073689586583,-0.0154516547851612,64,,,,,,,"bcdc7ac0fbd7ac7aa59902f6bc0c3b7c78ea4d6bc41006eb15ac5aa0ad9a567b"
"open_nb_elo_only_ablation","production_hybrid_nb","feature_rich","frozen","rps","regulation_1x2","elo_diff","d0f4469931258b3cbf0324b3e72519d44bc09c77e9776dc11ef58a87854f58ec","fold","euro2012","","euro",0.249841961222648,0.253610006851323,-0.00376804562867465,28,,,,,,,"bcdc7ac0fbd7ac7aa59902f6bc0c3b7c78ea4d6bc41006eb15ac5aa0ad9a567b"
"open_nb_elo_only_ablation","expanding_1x2","open_core","updating","rps","regulation_1x2","elo_diff","d0f4469931258b3cbf0324b3e72519d44bc09c77e9776dc11ef58a87854f58ec","fold","euro2012","","euro",0.227491587530605,0.253759356367876,-0.0262677688372705,31,,,,,,,"bcdc7ac0fbd7ac7aa59902f6bc0c3b7c78ea4d6bc41006eb15ac5aa0ad9a567b"
"open_nb_elo_only_ablation","expanding_1x2","open_core","frozen","rps","regulation_1x2","elo_diff","d0f4469931258b3cbf0324b3e72519d44bc09c77e9776dc11ef58a87854f58ec","fold","euro2012","","euro",0.248109861177534,0.253869302014132,-0.00575944083659869,31,,,,,,,"bcdc7ac0fbd7ac7aa59902f6bc0c3b7c78ea4d6bc41006eb15ac5aa0ad9a567b"
"open_nb_elo_only_ablation","expanding_1x2","open_core","updating","rps","regulation_1x2","elo_diff","d0f4469931258b3cbf0324b3e72519d44bc09c77e9776dc11ef58a87854f58ec","fold","euro2008","","euro",0.210434157189042,0.261110264571922,-0.0506761073828805,31,,,,,,,"bcdc7ac0fbd7ac7aa59902f6bc0c3b7c78ea4d6bc41006eb15ac5aa0ad9a567b"
"open_nb_elo_only_ablation","expanding_1x2","open_core","frozen","rps","regulation_1x2","elo_diff","d0f4469931258b3cbf0324b3e72519d44bc09c77e9776dc11ef58a87854f58ec","fold","euro2008","","euro",0.233616246997412,0.26180962201498,-0.0281933750175681,31,,,,,,,"bcdc7ac0fbd7ac7aa59902f6bc0c3b7c78ea4d6bc41006eb15ac5aa0ad9a567b"
"open_nb_elo_only_ablation","elo_goal_nb","open_core","frozen","rps","regulation_1x2","elo_diff","d0f4469931258b3cbf0324b3e72519d44bc09c77e9776dc11ef58a87854f58ec","leave_one_tournament_out","","euro2008","",,,0.00038994982237084,,,,,,,,"bcdc7ac0fbd7ac7aa59902f6bc0c3b7c78ea4d6bc41006eb15ac5aa0ad9a567b"
"open_nb_elo_only_ablation","elo_goal_nb","open_core","frozen","rps","regulation_1x2","elo_diff","d0f4469931258b3cbf0324b3e72519d44bc09c77e9776dc11ef58a87854f58ec","leave_one_tournament_out","","euro2012","",,,0.00044165886289877,,,,,,,,"bcdc7ac0fbd7ac7aa59902f6bc0c3b7c78ea4d6bc41006eb15ac5aa0ad9a567b"
"open_nb_elo_only_ablation","elo_goal_nb","open_core","frozen","rps","regulation_1x2","elo_diff","d0f4469931258b3cbf0324b3e72519d44bc09c77e9776dc11ef58a87854f58ec","leave_one_tournament_out","","wc2018","",,,0.000576235476652211,,,,,,,,"bcdc7ac0fbd7ac7aa59902f6bc0c3b7c78ea4d6bc41006eb15ac5aa0ad9a567b"
"open_nb_elo_only_ablation","elo_goal_nb","open_core","frozen","rps","regulation_1x2","elo_diff","d0f4469931258b3cbf0324b3e72519d44bc09c77e9776dc11ef58a87854f58ec","leave_one_tournament_out","","wc2010","",,,0.000681753996390048,,,,,,,,"bcdc7ac0fbd7ac7aa59902f6bc0c3b7c78ea4d6bc41006eb15ac5aa0ad9a567b"
"open_nb_elo_only_ablation","elo_goal_nb","open_core","frozen","rps","regulation_1x2","elo_diff","d0f4469931258b3cbf0324b3e72519d44bc09c77e9776dc11ef58a87854f58ec","leave_one_tournament_out","","wc2014","",,,0.000693429689538071,,,,,,,,"bcdc7ac0fbd7ac7aa59902f6bc0c3b7c78ea4d6bc41006eb15ac5aa0ad9a567b"
"open_nb_elo_only_ablation","elo_goal_nb","open_core","frozen","rps","regulation_1x2","elo_diff","d0f4469931258b3cbf0324b3e72519d44bc09c77e9776dc11ef58a87854f58ec","leave_one_tournament_out","","euro2020","",,,0.000848435672258871,,,,,,,,"bcdc7ac0fbd7ac7aa59902f6bc0c3b7c78ea4d6bc41006eb15ac5aa0ad9a567b"
"open_nb_elo_only_ablation","elo_goal_nb","open_core","frozen","rps","regulation_1x2","elo_diff","d0f4469931258b3cbf0324b3e72519d44bc09c77e9776dc11ef58a87854f58ec","tournament_bootstrap","","","",,,0.000861723130041996,,-0.00136918365252148,0.00281083190141531,,,,,"bcdc7ac0fbd7ac7aa59902f6bc0c3b7c78ea4d6bc41006eb15ac5aa0ad9a567b"
"open_nb_elo_only_ablation","elo_goal_nb","open_core","frozen","rps","regulation_1x2","elo_diff","d0f4469931258b3cbf0324b3e72519d44bc09c77e9776dc11ef58a87854f58ec","leave_one_tournament_out","","euro2016","",,,0.000876183242134376,,,,,,,,"bcdc7ac0fbd7ac7aa59902f6bc0c3b7c78ea4d6bc41006eb15ac5aa0ad9a567b"
"open_nb_elo_only_ablation","elo_goal_nb","open_core","frozen","rps","regulation_1x2","elo_diff","d0f4469931258b3cbf0324b3e72519d44bc09c77e9776dc11ef58a87854f58ec","leave_one_tournament_out","","euro2024","",,,0.000906128783617184,,,,,,,,"bcdc7ac0fbd7ac7aa59902f6bc0c3b7c78ea4d6bc41006eb15ac5aa0ad9a567b"
"open_nb_elo_only_ablation","elo_goal_nb","open_core","frozen","rps","regulation_1x2","elo_diff","d0f4469931258b3cbf0324b3e72519d44bc09c77e9776dc11ef58a87854f58ec","leave_one_tournament_out","","euro2004","",,,0.00100394890429582,,,,,,,,"bcdc7ac0fbd7ac7aa59902f6bc0c3b7c78ea4d6bc41006eb15ac5aa0ad9a567b"
"open_nb_elo_only_ablation","elo_goal_nb","open_core","frozen","rps","regulation_1x2","elo_diff","d0f4469931258b3cbf0324b3e72519d44bc09c77e9776dc11ef58a87854f58ec","leave_one_tournament_out","","wc2022","",,,0.00106434089947319,,,,,,,,"bcdc7ac0fbd7ac7aa59902f6bc0c3b7c78ea4d6bc41006eb15ac5aa0ad9a567b"
"open_nb_elo_only_ablation","elo_goal_nb","open_core","updating","rps","regulation_1x2","elo_diff","d0f4469931258b3cbf0324b3e72519d44bc09c77e9776dc11ef58a87854f58ec","leave_one_tournament_out","","euro2012","",,,0.00106544854976677,,,,,,,,"bcdc7ac0fbd7ac7aa59902f6bc0c3b7c78ea4d6bc41006eb15ac5aa0ad9a567b"
"open_nb_elo_only_ablation","elo_goal_nb","open_core","frozen","rps","regulation_1x2","elo_diff","d0f4469931258b3cbf0324b3e72519d44bc09c77e9776dc11ef58a87854f58ec","leave_one_tournament_out","","wc2002","",,,0.00120341693105921,,,,,,,,"bcdc7ac0fbd7ac7aa59902f6bc0c3b7c78ea4d6bc41006eb15ac5aa0ad9a567b"
"open_nb_elo_only_ablation","elo_goal_nb","open_core","updating","rps","regulation_1x2","elo_diff","d0f4469931258b3cbf0324b3e72519d44bc09c77e9776dc11ef58a87854f58ec","leave_one_tournament_out","","wc2018","",,,0.00124581208311661,,,,,,,,"bcdc7ac0fbd7ac7aa59902f6bc0c3b7c78ea4d6bc41006eb15ac5aa0ad9a567b"
"open_nb_elo_only_ablation","elo_goal_nb","open_core","updating","rps","regulation_1x2","elo_diff","d0f4469931258b3cbf0324b3e72519d44bc09c77e9776dc11ef58a87854f58ec","leave_one_tournament_out","","euro2008","",,,0.00125420304629153,,,,,,,,"bcdc7ac0fbd7ac7aa59902f6bc0c3b7c78ea4d6bc41006eb15ac5aa0ad9a567b"
"open_nb_elo_only_ablation","elo_goal_nb","open_core","updating","rps","regulation_1x2","elo_diff","d0f4469931258b3cbf0324b3e72519d44bc09c77e9776dc11ef58a87854f58ec","leave_one_tournament_out","","euro2020","",,,0.00135163439657366,,,,,,,,"bcdc7ac0fbd7ac7aa59902f6bc0c3b7c78ea4d6bc41006eb15ac5aa0ad9a567b"
"open_nb_elo_only_ablation","elo_goal_nb","open_core","updating","rps","regulation_1x2","elo_diff","d0f4469931258b3cbf0324b3e72519d44bc09c77e9776dc11ef58a87854f58ec","leave_one_tournament_out","","wc2010","",,,0.00136144308579466,,,,,,,,"bcdc7ac0fbd7ac7aa59902f6bc0c3b7c78ea4d6bc41006eb15ac5aa0ad9a567b"
"open_nb_elo_only_ablation","elo_goal_nb","open_core","updating","rps","regulation_1x2","elo_diff","d0f4469931258b3cbf0324b3e72519d44bc09c77e9776dc11ef58a87854f58ec","leave_one_tournament_out","","wc2014","",,,0.00136843051924545,,,,,,,,"bcdc7ac0fbd7ac7aa59902f6bc0c3b7c78ea4d6bc41006eb15ac5aa0ad9a567b"
"open_nb_elo_only_ablation","elo_goal_nb","open_core","updating","rps","regulation_1x2","elo_diff","d0f4469931258b3cbf0324b3e72519d44bc09c77e9776dc11ef58a87854f58ec","leave_one_tournament_out","","euro2016","",,,0.00139966002990062,,,,,,,,"bcdc7ac0fbd7ac7aa59902f6bc0c3b7c78ea4d6bc41006eb15ac5aa0ad9a567b"
"open_nb_elo_only_ablation","elo_goal_nb","open_core","updating","rps","regulation_1x2","elo_diff","d0f4469931258b3cbf0324b3e72519d44bc09c77e9776dc11ef58a87854f58ec","tournament_bootstrap","","","",,,0.0014852262979241,,-0.000410094338319337,0.00310093680865122,,,,,"bcdc7ac0fbd7ac7aa59902f6bc0c3b7c78ea4d6bc41006eb15ac5aa0ad9a567b"
"open_nb_elo_only_ablation","elo_goal_nb","open_core","updating","rps","regulation_1x2","elo_diff","d0f4469931258b3cbf0324b3e72519d44bc09c77e9776dc11ef58a87854f58ec","leave_one_tournament_out","","euro2024","",,,0.00151217246076836,,,,,,,,"bcdc7ac0fbd7ac7aa59902f6bc0c3b7c78ea4d6bc41006eb15ac5aa0ad9a567b"
"open_nb_elo_only_ablation","elo_goal_nb","open_core","updating","rps","regulation_1x2","elo_diff","d0f4469931258b3cbf0324b3e72519d44bc09c77e9776dc11ef58a87854f58ec","leave_one_tournament_out","","wc2002","",,,0.00164972020588409,,,,,,,,"bcdc7ac0fbd7ac7aa59902f6bc0c3b7c78ea4d6bc41006eb15ac5aa0ad9a567b"
"open_nb_elo_only_ablation","elo_goal_nb","open_core","frozen","rps","regulation_1x2","elo_diff","d0f4469931258b3cbf0324b3e72519d44bc09c77e9776dc11ef58a87854f58ec","leave_one_tournament_out","","wc2006","",,,0.00165519527981536,,,,,,,,"bcdc7ac0fbd7ac7aa59902f6bc0c3b7c78ea4d6bc41006eb15ac5aa0ad9a567b"
"open_nb_elo_only_ablation","elo_goal_nb","open_core","updating","rps","regulation_1x2","elo_diff","d0f4469931258b3cbf0324b3e72519d44bc09c77e9776dc11ef58a87854f58ec","leave_one_tournament_out","","wc2022","",,,0.00169395555661984,,,,,,,,"bcdc7ac0fbd7ac7aa59902f6bc0c3b7c78ea4d6bc41006eb15ac5aa0ad9a567b"
"open_nb_elo_only_ablation","elo_goal_nb","open_core","updating","rps","regulation_1x2","elo_diff","d0f4469931258b3cbf0324b3e72519d44bc09c77e9776dc11ef58a87854f58ec","leave_one_tournament_out","","euro2004","",,,0.0017448374156052,,,,,,,,"bcdc7ac0fbd7ac7aa59902f6bc0c3b7c78ea4d6bc41006eb15ac5aa0ad9a567b"
"open_nb_elo_only_ablation","elo_goal_nb","open_core","updating","rps","regulation_1x2","elo_diff","d0f4469931258b3cbf0324b3e72519d44bc09c77e9776dc11ef58a87854f58ec","leave_one_tournament_out","","wc2006","",,,0.0021753982255224,,,,,,,,"bcdc7ac0fbd7ac7aa59902f6bc0c3b7c78ea4d6bc41006eb15ac5aa0ad9a567b"
"open_nb_elo_only_ablation","elo_goal_nb","open_core","frozen","rps","regulation_1x2","elo_diff","d0f4469931258b3cbf0324b3e72519d44bc09c77e9776dc11ef58a87854f58ec","fold_breadth","","","",,,,,,,4,3,1,0.00605122951442471,"bcdc7ac0fbd7ac7aa59902f6bc0c3b7c78ea4d6bc41006eb15ac5aa0ad9a567b"
"open_nb_elo_only_ablation","elo_goal_nb","open_core","updating","rps","regulation_1x2","elo_diff","d0f4469931258b3cbf0324b3e72519d44bc09c77e9776dc11ef58a87854f58ec","fold_breadth","","","",,,,,,,4,3,1,0.00610278152765474,"bcdc7ac0fbd7ac7aa59902f6bc0c3b7c78ea4d6bc41006eb15ac5aa0ad9a567b"
"open_nb_elo_only_ablation","expanding_1x2","open_core","frozen","rps","regulation_1x2","elo_diff","d0f4469931258b3cbf0324b3e72519d44bc09c77e9776dc11ef58a87854f58ec","leave_one_tournament_out","","euro2008","",,,-0.0103570082590162,,,,,,,,"bcdc7ac0fbd7ac7aa59902f6bc0c3b7c78ea4d6bc41006eb15ac5aa0ad9a567b"
"open_nb_elo_only_ablation","expanding_1x2","open_core","frozen","rps","regulation_1x2","elo_diff","d0f4469931258b3cbf0324b3e72519d44bc09c77e9776dc11ef58a87854f58ec","leave_one_tournament_out","","euro2024","",,,-0.0114709912476075,,,,,,,,"bcdc7ac0fbd7ac7aa59902f6bc0c3b7c78ea4d6bc41006eb15ac5aa0ad9a567b"
"open_nb_elo_only_ablation","expanding_1x2","open_core","frozen","rps","regulation_1x2","elo_diff","d0f4469931258b3cbf0324b3e72519d44bc09c77e9776dc11ef58a87854f58ec","leave_one_tournament_out","","wc2018","",,,-0.0115153464619623,,,,,,,,"bcdc7ac0fbd7ac7aa59902f6bc0c3b7c78ea4d6bc41006eb15ac5aa0ad9a567b"
"open_nb_elo_only_ablation","expanding_1x2","open_core","frozen","rps","regulation_1x2","elo_diff","d0f4469931258b3cbf0324b3e72519d44bc09c77e9776dc11ef58a87854f58ec","leave_one_tournament_out","","euro2004","",,,-0.011659976957416,,,,,,,,"bcdc7ac0fbd7ac7aa59902f6bc0c3b7c78ea4d6bc41006eb15ac5aa0ad9a567b"
"open_nb_elo_only_ablation","expanding_1x2","open_core","frozen","rps","regulation_1x2","elo_diff","d0f4469931258b3cbf0324b3e72519d44bc09c77e9776dc11ef58a87854f58ec","tournament_bootstrap","","","",,,-0.0118433721555622,,-0.015590765116408,-0.00882911503651028,,,,,"bcdc7ac0fbd7ac7aa59902f6bc0c3b7c78ea4d6bc41006eb15ac5aa0ad9a567b"
"open_nb_elo_only_ablation","expanding_1x2","open_core","frozen","rps","regulation_1x2","elo_diff","d0f4469931258b3cbf0324b3e72519d44bc09c77e9776dc11ef58a87854f58ec","leave_one_tournament_out","","wc2014","",,,-0.0118474914757181,,,,,,,,"bcdc7ac0fbd7ac7aa59902f6bc0c3b7c78ea4d6bc41006eb15ac5aa0ad9a567b"
"open_nb_elo_only_ablation","expanding_1x2","open_core","frozen","rps","regulation_1x2","elo_diff","d0f4469931258b3cbf0324b3e72519d44bc09c77e9776dc11ef58a87854f58ec","leave_one_tournament_out","","wc2006","",,,-0.0118769608674377,,,,,,,,"bcdc7ac0fbd7ac7aa59902f6bc0c3b7c78ea4d6bc41006eb15ac5aa0ad9a567b"
"open_nb_elo_only_ablation","expanding_1x2","open_core","frozen","rps","regulation_1x2","elo_diff","d0f4469931258b3cbf0324b3e72519d44bc09c77e9776dc11ef58a87854f58ec","leave_one_tournament_out","","euro2020","",,,-0.0119511392652272,,,,,,,,"bcdc7ac0fbd7ac7aa59902f6bc0c3b7c78ea4d6bc41006eb15ac5aa0ad9a567b"
"open_nb_elo_only_ablation","expanding_1x2","open_core","frozen","rps","regulation_1x2","elo_diff","d0f4469931258b3cbf0324b3e72519d44bc09c77e9776dc11ef58a87854f58ec","leave_one_tournament_out","","wc2022","",,,-0.0120818643965599,,,,,,,,"bcdc7ac0fbd7ac7aa59902f6bc0c3b7c78ea4d6bc41006eb15ac5aa0ad9a567b"
"open_nb_elo_only_ablation","expanding_1x2","open_core","frozen","rps","regulation_1x2","elo_diff","d0f4469931258b3cbf0324b3e72519d44bc09c77e9776dc11ef58a87854f58ec","leave_one_tournament_out","","euro2016","",,,-0.0122868253264389,,,,,,,,"bcdc7ac0fbd7ac7aa59902f6bc0c3b7c78ea4d6bc41006eb15ac5aa0ad9a567b"
"open_nb_elo_only_ablation","expanding_1x2","open_core","frozen","rps","regulation_1x2","elo_diff","d0f4469931258b3cbf0324b3e72519d44bc09c77e9776dc11ef58a87854f58ec","leave_one_tournament_out","","wc2010","",,,-0.0122889791208231,,,,,,,,"bcdc7ac0fbd7ac7aa59902f6bc0c3b7c78ea4d6bc41006eb15ac5aa0ad9a567b"
"open_nb_elo_only_ablation","expanding_1x2","open_core","frozen","rps","regulation_1x2","elo_diff","d0f4469931258b3cbf0324b3e72519d44bc09c77e9776dc11ef58a87854f58ec","leave_one_tournament_out","","wc2002","",,,-0.0123874256676169,,,,,,,,"bcdc7ac0fbd7ac7aa59902f6bc0c3b7c78ea4d6bc41006eb15ac5aa0ad9a567b"
"open_nb_elo_only_ablation","expanding_1x2","open_core","frozen","rps","regulation_1x2","elo_diff","d0f4469931258b3cbf0324b3e72519d44bc09c77e9776dc11ef58a87854f58ec","leave_one_tournament_out","","euro2012","",,,-0.0123964568209225,,,,,,,,"bcdc7ac0fbd7ac7aa59902f6bc0c3b7c78ea4d6bc41006eb15ac5aa0ad9a567b"
"open_nb_elo_only_ablation","expanding_1x2","open_core","updating","rps","regulation_1x2","elo_diff","d0f4469931258b3cbf0324b3e72519d44bc09c77e9776dc11ef58a87854f58ec","leave_one_tournament_out","","euro2008","",,,-0.0294163477617857,,,,,,,,"bcdc7ac0fbd7ac7aa59902f6bc0c3b7c78ea4d6bc41006eb15ac5aa0ad9a567b"
"open_nb_elo_only_ablation","expanding_1x2","open_core","updating","rps","regulation_1x2","elo_diff","d0f4469931258b3cbf0324b3e72519d44bc09c77e9776dc11ef58a87854f58ec","leave_one_tournament_out","","wc2018","",,,-0.0298781632660512,,,,,,,,"bcdc7ac0fbd7ac7aa59902f6bc0c3b7c78ea4d6bc41006eb15ac5aa0ad9a567b"
"open_nb_elo_only_ablation","expanding_1x2","open_core","updating","rps","regulation_1x2","elo_diff","d0f4469931258b3cbf0324b3e72519d44bc09c77e9776dc11ef58a87854f58ec","leave_one_tournament_out","","wc2006","",,,-0.0299305469892413,,,,,,,,"bcdc7ac0fbd7ac7aa59902f6bc0c3b7c78ea4d6bc41006eb15ac5aa0ad9a567b"
"open_nb_elo_only_ablation","expanding_1x2","open_core","updating","rps","regulation_1x2","elo_diff","d0f4469931258b3cbf0324b3e72519d44bc09c77e9776dc11ef58a87854f58ec","leave_one_tournament_out","","wc2010","",,,-0.0299919777235893,,,,,,,,"bcdc7ac0fbd7ac7aa59902f6bc0c3b7c78ea4d6bc41006eb15ac5aa0ad9a567b"
"open_nb_elo_only_ablation","expanding_1x2","open_core","updating","rps","regulation_1x2","elo_diff","d0f4469931258b3cbf0324b3e72519d44bc09c77e9776dc11ef58a87854f58ec","leave_one_tournament_out","","euro2020","",,,-0.0302706971200779,,,,,,,,"bcdc7ac0fbd7ac7aa59902f6bc0c3b7c78ea4d6bc41006eb15ac5aa0ad9a567b"
"open_nb_elo_only_ablation","expanding_1x2","open_core","updating","rps","regulation_1x2","elo_diff","d0f4469931258b3cbf0324b3e72519d44bc09c77e9776dc11ef58a87854f58ec","tournament_bootstrap","","","",,,-0.0311879943968769,,-0.038659012385293,-0.0234576966299685,,,,,"bcdc7ac0fbd7ac7aa59902f6bc0c3b7c78ea4d6bc41006eb15ac5aa0ad9a567b"
"open_nb_elo_only_ablation","expanding_1x2","open_core","updating","rps","regulation_1x2","elo_diff","d0f4469931258b3cbf0324b3e72519d44bc09c77e9776dc11ef58a87854f58ec","leave_one_tournament_out","","wc2014","",,,-0.0314892737567831,,,,,,,,"bcdc7ac0fbd7ac7aa59902f6bc0c3b7c78ea4d6bc41006eb15ac5aa0ad9a567b"
"open_nb_elo_only_ablation","expanding_1x2","open_core","updating","rps","regulation_1x2","elo_diff","d0f4469931258b3cbf0324b3e72519d44bc09c77e9776dc11ef58a87854f58ec","leave_one_tournament_out","","euro2012","",,,-0.0316352876295684,,,,,,,,"bcdc7ac0fbd7ac7aa59902f6bc0c3b7c78ea4d6bc41006eb15ac5aa0ad9a567b"
"open_nb_elo_only_ablation","expanding_1x2","open_core","updating","rps","regulation_1x2","elo_diff","d0f4469931258b3cbf0324b3e72519d44bc09c77e9776dc11ef58a87854f58ec","leave_one_tournament_out","","euro2024","",,,-0.0317186806525648,,,,,,,,"bcdc7ac0fbd7ac7aa59902f6bc0c3b7c78ea4d6bc41006eb15ac5aa0ad9a567b"
"open_nb_elo_only_ablation","expanding_1x2","open_core","updating","rps","regulation_1x2","elo_diff","d0f4469931258b3cbf0324b3e72519d44bc09c77e9776dc11ef58a87854f58ec","leave_one_tournament_out","","euro2004","",,,-0.0318172550045423,,,,,,,,"bcdc7ac0fbd7ac7aa59902f6bc0c3b7c78ea4d6bc41006eb15ac5aa0ad9a567b"
"open_nb_elo_only_ablation","expanding_1x2","open_core","updating","rps","regulation_1x2","elo_diff","d0f4469931258b3cbf0324b3e72519d44bc09c77e9776dc11ef58a87854f58ec","leave_one_tournament_out","","wc2022","",,,-0.0318460192178768,,,,,,,,"bcdc7ac0fbd7ac7aa59902f6bc0c3b7c78ea4d6bc41006eb15ac5aa0ad9a567b"
"open_nb_elo_only_ablation","expanding_1x2","open_core","updating","rps","regulation_1x2","elo_diff","d0f4469931258b3cbf0324b3e72519d44bc09c77e9776dc11ef58a87854f58ec","leave_one_tournament_out","","wc2002","",,,-0.0328985090050009,,,,,,,,"bcdc7ac0fbd7ac7aa59902f6bc0c3b7c78ea4d6bc41006eb15ac5aa0ad9a567b"
"open_nb_elo_only_ablation","expanding_1x2","open_core","updating","rps","regulation_1x2","elo_diff","d0f4469931258b3cbf0324b3e72519d44bc09c77e9776dc11ef58a87854f58ec","leave_one_tournament_out","","euro2016","",,,-0.0333631746354412,,,,,,,,"bcdc7ac0fbd7ac7aa59902f6bc0c3b7c78ea4d6bc41006eb15ac5aa0ad9a567b"
"open_nb_elo_only_ablation","expanding_1x2","open_core","frozen","rps","regulation_1x2","elo_diff","d0f4469931258b3cbf0324b3e72519d44bc09c77e9776dc11ef58a87854f58ec","fold_breadth","","","",,,,,,,12,6,6,0,"bcdc7ac0fbd7ac7aa59902f6bc0c3b7c78ea4d6bc41006eb15ac5aa0ad9a567b"
"open_nb_elo_only_ablation","expanding_1x2","open_core","updating","rps","regulation_1x2","elo_diff","d0f4469931258b3cbf0324b3e72519d44bc09c77e9776dc11ef58a87854f58ec","fold_breadth","","","",,,,,,,12,6,6,0,"bcdc7ac0fbd7ac7aa59902f6bc0c3b7c78ea4d6bc41006eb15ac5aa0ad9a567b"
"open_nb_elo_only_ablation","open_nb_incumbent","open_core","updating","rps","regulation_1x2","elo_diff","d0f4469931258b3cbf0324b3e72519d44bc09c77e9776dc11ef58a87854f58ec","leave_one_tournament_out","","euro2004","",,,-2.18752053365405e-05,,,,,,,,"bcdc7ac0fbd7ac7aa59902f6bc0c3b7c78ea4d6bc41006eb15ac5aa0ad9a567b"
"open_nb_elo_only_ablation","open_nb_incumbent","open_core","updating","rps","regulation_1x2","elo_diff","d0f4469931258b3cbf0324b3e72519d44bc09c77e9776dc11ef58a87854f58ec","leave_one_tournament_out","","euro2012","",,,-3.9037586869856e-06,,,,,,,,"bcdc7ac0fbd7ac7aa59902f6bc0c3b7c78ea4d6bc41006eb15ac5aa0ad9a567b"
"open_nb_elo_only_ablation","open_nb_incumbent","open_core","frozen","rps","regulation_1x2","elo_diff","d0f4469931258b3cbf0324b3e72519d44bc09c77e9776dc11ef58a87854f58ec","leave_one_tournament_out","","wc2006","",,,0.000126384256488988,,,,,,,,"bcdc7ac0fbd7ac7aa59902f6bc0c3b7c78ea4d6bc41006eb15ac5aa0ad9a567b"
"open_nb_elo_only_ablation","open_nb_incumbent","open_core","updating","rps","regulation_1x2","elo_diff","d0f4469931258b3cbf0324b3e72519d44bc09c77e9776dc11ef58a87854f58ec","leave_one_tournament_out","","wc2006","",,,0.000148976400363707,,,,,,,,"bcdc7ac0fbd7ac7aa59902f6bc0c3b7c78ea4d6bc41006eb15ac5aa0ad9a567b"
"open_nb_elo_only_ablation","open_nb_incumbent","open_core","updating","rps","regulation_1x2","elo_diff","d0f4469931258b3cbf0324b3e72519d44bc09c77e9776dc11ef58a87854f58ec","leave_one_tournament_out","","wc2002","",,,1.06349514550057e-05,,,,,,,,"bcdc7ac0fbd7ac7aa59902f6bc0c3b7c78ea4d6bc41006eb15ac5aa0ad9a567b"
"open_nb_elo_only_ablation","open_nb_incumbent","open_core","updating","rps","regulation_1x2","elo_diff","d0f4469931258b3cbf0324b3e72519d44bc09c77e9776dc11ef58a87854f58ec","leave_one_tournament_out","","wc2014","",,,1.41805726658725e-05,,,,,,,,"bcdc7ac0fbd7ac7aa59902f6bc0c3b7c78ea4d6bc41006eb15ac5aa0ad9a567b"
"open_nb_elo_only_ablation","open_nb_incumbent","open_core","frozen","rps","regulation_1x2","elo_diff","d0f4469931258b3cbf0324b3e72519d44bc09c77e9776dc11ef58a87854f58ec","leave_one_tournament_out","","euro2008","",,,1.83348101320775e-05,,,,,,,,"bcdc7ac0fbd7ac7aa59902f6bc0c3b7c78ea4d6bc41006eb15ac5aa0ad9a567b"
"open_nb_elo_only_ablation","open_nb_incumbent","open_core","updating","rps","regulation_1x2","elo_diff","d0f4469931258b3cbf0324b3e72519d44bc09c77e9776dc11ef58a87854f58ec","leave_one_tournament_out","","euro2016","",,,1.87097698012233e-05,,,,,,,,"bcdc7ac0fbd7ac7aa59902f6bc0c3b7c78ea4d6bc41006eb15ac5aa0ad9a567b"
"open_nb_elo_only_ablation","open_nb_incumbent","open_core","updating","rps","regulation_1x2","elo_diff","d0f4469931258b3cbf0324b3e72519d44bc09c77e9776dc11ef58a87854f58ec","leave_one_tournament_out","","euro2008","",,,1.9574670293602e-05,,,,,,,,"bcdc7ac0fbd7ac7aa59902f6bc0c3b7c78ea4d6bc41006eb15ac5aa0ad9a567b"
"open_nb_elo_only_ablation","open_nb_incumbent","open_core","updating","rps","regulation_1x2","elo_diff","d0f4469931258b3cbf0324b3e72519d44bc09c77e9776dc11ef58a87854f58ec","leave_one_tournament_out","","wc2010","",,,2.35013744684748e-05,,,,,,,,"bcdc7ac0fbd7ac7aa59902f6bc0c3b7c78ea4d6bc41006eb15ac5aa0ad9a567b"
"open_nb_elo_only_ablation","open_nb_incumbent","open_core","updating","rps","regulation_1x2","elo_diff","d0f4469931258b3cbf0324b3e72519d44bc09c77e9776dc11ef58a87854f58ec","leave_one_tournament_out","","euro2024","",,,2.40160972519975e-05,,,,,,,,"bcdc7ac0fbd7ac7aa59902f6bc0c3b7c78ea4d6bc41006eb15ac5aa0ad9a567b"
"open_nb_elo_only_ablation","open_nb_incumbent","open_core","updating","rps","regulation_1x2","elo_diff","d0f4469931258b3cbf0324b3e72519d44bc09c77e9776dc11ef58a87854f58ec","tournament_bootstrap","","","",,,2.86601570840897e-05,,-0.000258676232310544,0.000233330246250413,,,,,"bcdc7ac0fbd7ac7aa59902f6bc0c3b7c78ea4d6bc41006eb15ac5aa0ad9a567b"
"open_nb_elo_only_ablation","open_nb_incumbent","open_core","updating","rps","regulation_1x2","elo_diff","d0f4469931258b3cbf0324b3e72519d44bc09c77e9776dc11ef58a87854f58ec","leave_one_tournament_out","","wc2022","",,,2.90943878774391e-05,,,,,,,,"bcdc7ac0fbd7ac7aa59902f6bc0c3b7c78ea4d6bc41006eb15ac5aa0ad9a567b"
"open_nb_elo_only_ablation","open_nb_incumbent","open_core","updating","rps","regulation_1x2","elo_diff","d0f4469931258b3cbf0324b3e72519d44bc09c77e9776dc11ef58a87854f58ec","leave_one_tournament_out","","wc2018","",,,3.75999736145053e-05,,,,,,,,"bcdc7ac0fbd7ac7aa59902f6bc0c3b7c78ea4d6bc41006eb15ac5aa0ad9a567b"
"open_nb_elo_only_ablation","open_nb_incumbent","open_core","updating","rps","regulation_1x2","elo_diff","d0f4469931258b3cbf0324b3e72519d44bc09c77e9776dc11ef58a87854f58ec","leave_one_tournament_out","","euro2020","",,,4.34126512407753e-05,,,,,,,,"bcdc7ac0fbd7ac7aa59902f6bc0c3b7c78ea4d6bc41006eb15ac5aa0ad9a567b"
"open_nb_elo_only_ablation","open_nb_incumbent","open_core","frozen","rps","regulation_1x2","elo_diff","d0f4469931258b3cbf0324b3e72519d44bc09c77e9776dc11ef58a87854f58ec","leave_one_tournament_out","","wc2010","",,,4.35352502102006e-05,,,,,,,,"bcdc7ac0fbd7ac7aa59902f6bc0c3b7c78ea4d6bc41006eb15ac5aa0ad9a567b"
"open_nb_elo_only_ablation","open_nb_incumbent","open_core","frozen","rps","regulation_1x2","elo_diff","d0f4469931258b3cbf0324b3e72519d44bc09c77e9776dc11ef58a87854f58ec","leave_one_tournament_out","","euro2012","",,,4.48201603650184e-05,,,,,,,,"bcdc7ac0fbd7ac7aa59902f6bc0c3b7c78ea4d6bc41006eb15ac5aa0ad9a567b"
"open_nb_elo_only_ablation","open_nb_incumbent","open_core","frozen","rps","regulation_1x2","elo_diff","d0f4469931258b3cbf0324b3e72519d44bc09c77e9776dc11ef58a87854f58ec","leave_one_tournament_out","","wc2014","",,,4.78418023202092e-05,,,,,,,,"bcdc7ac0fbd7ac7aa59902f6bc0c3b7c78ea4d6bc41006eb15ac5aa0ad9a567b"
"open_nb_elo_only_ablation","open_nb_incumbent","open_core","frozen","rps","regulation_1x2","elo_diff","d0f4469931258b3cbf0324b3e72519d44bc09c77e9776dc11ef58a87854f58ec","leave_one_tournament_out","","euro2004","",,,5.65781755844446e-05,,,,,,,,"bcdc7ac0fbd7ac7aa59902f6bc0c3b7c78ea4d6bc41006eb15ac5aa0ad9a567b"
"open_nb_elo_only_ablation","open_nb_incumbent","open_core","frozen","rps","regulation_1x2","elo_diff","d0f4469931258b3cbf0324b3e72519d44bc09c77e9776dc11ef58a87854f58ec","tournament_bootstrap","","","",,,6.068145707181e-05,,-0.000106652243818744,0.000196944708122495,,,,,"bcdc7ac0fbd7ac7aa59902f6bc0c3b7c78ea4d6bc41006eb15ac5aa0ad9a567b"
"open_nb_elo_only_ablation","open_nb_incumbent","open_core","frozen","rps","regulation_1x2","elo_diff","d0f4469931258b3cbf0324b3e72519d44bc09c77e9776dc11ef58a87854f58ec","leave_one_tournament_out","","wc2002","",,,6.14771575073061e-05,,,,,,,,"bcdc7ac0fbd7ac7aa59902f6bc0c3b7c78ea4d6bc41006eb15ac5aa0ad9a567b"
"open_nb_elo_only_ablation","open_nb_incumbent","open_core","frozen","rps","regulation_1x2","elo_diff","d0f4469931258b3cbf0324b3e72519d44bc09c77e9776dc11ef58a87854f58ec","leave_one_tournament_out","","wc2018","",,,6.19969634357371e-05,,,,,,,,"bcdc7ac0fbd7ac7aa59902f6bc0c3b7c78ea4d6bc41006eb15ac5aa0ad9a567b"
"open_nb_elo_only_ablation","open_nb_incumbent","open_core","frozen","rps","regulation_1x2","elo_diff","d0f4469931258b3cbf0324b3e72519d44bc09c77e9776dc11ef58a87854f58ec","leave_one_tournament_out","","euro2020","",,,6.5102602683397e-05,,,,,,,,"bcdc7ac0fbd7ac7aa59902f6bc0c3b7c78ea4d6bc41006eb15ac5aa0ad9a567b"
"open_nb_elo_only_ablation","open_nb_incumbent","open_core","frozen","rps","regulation_1x2","elo_diff","d0f4469931258b3cbf0324b3e72519d44bc09c77e9776dc11ef58a87854f58ec","leave_one_tournament_out","","euro2016","",,,6.61593251110727e-05,,,,,,,,"bcdc7ac0fbd7ac7aa59902f6bc0c3b7c78ea4d6bc41006eb15ac5aa0ad9a567b"
"open_nb_elo_only_ablation","open_nb_incumbent","open_core","frozen","rps","regulation_1x2","elo_diff","d0f4469931258b3cbf0324b3e72519d44bc09c77e9776dc11ef58a87854f58ec","leave_one_tournament_out","","euro2024","",,,6.73993017355545e-05,,,,,,,,"bcdc7ac0fbd7ac7aa59902f6bc0c3b7c78ea4d6bc41006eb15ac5aa0ad9a567b"
"open_nb_elo_only_ablation","open_nb_incumbent","open_core","frozen","rps","regulation_1x2","elo_diff","d0f4469931258b3cbf0324b3e72519d44bc09c77e9776dc11ef58a87854f58ec","leave_one_tournament_out","","wc2022","",,,6.8547679287714e-05,,,,,,,,"bcdc7ac0fbd7ac7aa59902f6bc0c3b7c78ea4d6bc41006eb15ac5aa0ad9a567b"
"open_nb_elo_only_ablation","open_nb_incumbent","open_core","frozen","rps","regulation_1x2","elo_diff","d0f4469931258b3cbf0324b3e72519d44bc09c77e9776dc11ef58a87854f58ec","fold_breadth","","","",,,,,,,3,2,1,0.000526494573408867,"bcdc7ac0fbd7ac7aa59902f6bc0c3b7c78ea4d6bc41006eb15ac5aa0ad9a567b"
"open_nb_elo_only_ablation","open_nb_incumbent","open_core","updating","rps","regulation_1x2","elo_diff","d0f4469931258b3cbf0324b3e72519d44bc09c77e9776dc11ef58a87854f58ec","fold_breadth","","","",,,,,,,3,2,1,0.000584549143711021,"bcdc7ac0fbd7ac7aa59902f6bc0c3b7c78ea4d6bc41006eb15ac5aa0ad9a567b"
"open_nb_elo_only_ablation","production_hybrid_nb","feature_rich","updating","rps","regulation_1x2","elo_diff","d0f4469931258b3cbf0324b3e72519d44bc09c77e9776dc11ef58a87854f58ec","leave_one_tournament_out","","wc2006","",,,-0.000352817125225311,,,,,,,,"bcdc7ac0fbd7ac7aa59902f6bc0c3b7c78ea4d6bc41006eb15ac5aa0ad9a567b"
"open_nb_elo_only_ablation","production_hybrid_nb","feature_rich","updating","rps","regulation_1x2","elo_diff","d0f4469931258b3cbf0324b3e72519d44bc09c77e9776dc11ef58a87854f58ec","leave_one_tournament_out","","wc2002","",,,-0.000546592696742955,,,,,,,,"bcdc7ac0fbd7ac7aa59902f6bc0c3b7c78ea4d6bc41006eb15ac5aa0ad9a567b"
"open_nb_elo_only_ablation","production_hybrid_nb","feature_rich","updating","rps","regulation_1x2","elo_diff","d0f4469931258b3cbf0324b3e72519d44bc09c77e9776dc11ef58a87854f58ec","leave_one_tournament_out","","euro2004","",,,0.00028615377020177,,,,,,,,"bcdc7ac0fbd7ac7aa59902f6bc0c3b7c78ea4d6bc41006eb15ac5aa0ad9a567b"
"open_nb_elo_only_ablation","production_hybrid_nb","feature_rich","updating","rps","regulation_1x2","elo_diff","d0f4469931258b3cbf0324b3e72519d44bc09c77e9776dc11ef58a87854f58ec","leave_one_tournament_out","","euro2016","",,,0.000353281613877538,,,,,,,,"bcdc7ac0fbd7ac7aa59902f6bc0c3b7c78ea4d6bc41006eb15ac5aa0ad9a567b"
"open_nb_elo_only_ablation","production_hybrid_nb","feature_rich","updating","rps","regulation_1x2","elo_diff","d0f4469931258b3cbf0324b3e72519d44bc09c77e9776dc11ef58a87854f58ec","leave_one_tournament_out","","euro2024","",,,0.000420144605248507,,,,,,,,"bcdc7ac0fbd7ac7aa59902f6bc0c3b7c78ea4d6bc41006eb15ac5aa0ad9a567b"
"open_nb_elo_only_ablation","production_hybrid_nb","feature_rich","updating","rps","regulation_1x2","elo_diff","d0f4469931258b3cbf0324b3e72519d44bc09c77e9776dc11ef58a87854f58ec","tournament_bootstrap","","","",,,0.000443269700513004,,-0.00240870759832041,0.00353745782440041,,,,,"bcdc7ac0fbd7ac7aa59902f6bc0c3b7c78ea4d6bc41006eb15ac5aa0ad9a567b"
"open_nb_elo_only_ablation","production_hybrid_nb","feature_rich","updating","rps","regulation_1x2","elo_diff","d0f4469931258b3cbf0324b3e72519d44bc09c77e9776dc11ef58a87854f58ec","leave_one_tournament_out","","euro2012","",,,0.000450828998953124,,,,,,,,"bcdc7ac0fbd7ac7aa59902f6bc0c3b7c78ea4d6bc41006eb15ac5aa0ad9a567b"
"open_nb_elo_only_ablation","production_hybrid_nb","feature_rich","updating","rps","regulation_1x2","elo_diff","d0f4469931258b3cbf0324b3e72519d44bc09c77e9776dc11ef58a87854f58ec","leave_one_tournament_out","","wc2022","",,,0.000526743936203317,,,,,,,,"bcdc7ac0fbd7ac7aa59902f6bc0c3b7c78ea4d6bc41006eb15ac5aa0ad9a567b"
"open_nb_elo_only_ablation","production_hybrid_nb","feature_rich","updating","rps","regulation_1x2","elo_diff","d0f4469931258b3cbf0324b3e72519d44bc09c77e9776dc11ef58a87854f58ec","leave_one_tournament_out","","euro2020","",,,0.000552345178246891,,,,,,,,"bcdc7ac0fbd7ac7aa59902f6bc0c3b7c78ea4d6bc41006eb15ac5aa0ad9a567b"
"open_nb_elo_only_ablation","production_hybrid_nb","feature_rich","updating","rps","regulation_1x2","elo_diff","d0f4469931258b3cbf0324b3e72519d44bc09c77e9776dc11ef58a87854f58ec","leave_one_tournament_out","","wc2018","",,,0.000574027918222909,,,,,,,,"bcdc7ac0fbd7ac7aa59902f6bc0c3b7c78ea4d6bc41006eb15ac5aa0ad9a567b"
"open_nb_elo_only_ablation","production_hybrid_nb","feature_rich","updating","rps","regulation_1x2","elo_diff","d0f4469931258b3cbf0324b3e72519d44bc09c77e9776dc11ef58a87854f58ec","leave_one_tournament_out","","euro2008","",,,0.000852309617329331,,,,,,,,"bcdc7ac0fbd7ac7aa59902f6bc0c3b7c78ea4d6bc41006eb15ac5aa0ad9a567b"
"open_nb_elo_only_ablation","production_hybrid_nb","feature_rich","updating","rps","regulation_1x2","elo_diff","d0f4469931258b3cbf0324b3e72519d44bc09c77e9776dc11ef58a87854f58ec","leave_one_tournament_out","","wc2014","",,,0.00089072073498051,,,,,,,,"bcdc7ac0fbd7ac7aa59902f6bc0c3b7c78ea4d6bc41006eb15ac5aa0ad9a567b"
"open_nb_elo_only_ablation","production_hybrid_nb","feature_rich","updating","rps","regulation_1x2","elo_diff","d0f4469931258b3cbf0324b3e72519d44bc09c77e9776dc11ef58a87854f58ec","leave_one_tournament_out","","wc2010","",,,0.00131208985486041,,,,,,,,"bcdc7ac0fbd7ac7aa59902f6bc0c3b7c78ea4d6bc41006eb15ac5aa0ad9a567b"
"open_nb_elo_only_ablation","production_hybrid_nb","feature_rich","frozen","rps","regulation_1x2","elo_diff","d0f4469931258b3cbf0324b3e72519d44bc09c77e9776dc11ef58a87854f58ec","leave_one_tournament_out","","wc2006","",,,0.00426996239569459,,,,,,,,"bcdc7ac0fbd7ac7aa59902f6bc0c3b7c78ea4d6bc41006eb15ac5aa0ad9a567b"
"open_nb_elo_only_ablation","production_hybrid_nb","feature_rich","frozen","rps","regulation_1x2","elo_diff","d0f4469931258b3cbf0324b3e72519d44bc09c77e9776dc11ef58a87854f58ec","leave_one_tournament_out","","wc2002","",,,0.00467857967496831,,,,,,,,"bcdc7ac0fbd7ac7aa59902f6bc0c3b7c78ea4d6bc41006eb15ac5aa0ad9a567b"
"open_nb_elo_only_ablation","production_hybrid_nb","feature_rich","frozen","rps","regulation_1x2","elo_diff","d0f4469931258b3cbf0324b3e72519d44bc09c77e9776dc11ef58a87854f58ec","leave_one_tournament_out","","wc2018","",,,0.00503670900968073,,,,,,,,"bcdc7ac0fbd7ac7aa59902f6bc0c3b7c78ea4d6bc41006eb15ac5aa0ad9a567b"
"open_nb_elo_only_ablation","production_hybrid_nb","feature_rich","frozen","rps","regulation_1x2","elo_diff","d0f4469931258b3cbf0324b3e72519d44bc09c77e9776dc11ef58a87854f58ec","leave_one_tournament_out","","euro2008","",,,0.00519973133819545,,,,,,,,"bcdc7ac0fbd7ac7aa59902f6bc0c3b7c78ea4d6bc41006eb15ac5aa0ad9a567b"
"open_nb_elo_only_ablation","production_hybrid_nb","feature_rich","frozen","rps","regulation_1x2","elo_diff","d0f4469931258b3cbf0324b3e72519d44bc09c77e9776dc11ef58a87854f58ec","leave_one_tournament_out","","euro2004","",,,0.00522230306765767,,,,,,,,"bcdc7ac0fbd7ac7aa59902f6bc0c3b7c78ea4d6bc41006eb15ac5aa0ad9a567b"
"open_nb_elo_only_ablation","production_hybrid_nb","feature_rich","frozen","rps","regulation_1x2","elo_diff","d0f4469931258b3cbf0324b3e72519d44bc09c77e9776dc11ef58a87854f58ec","tournament_bootstrap","","","",,,0.00523206465022084,,0.0026940279650398,0.00800871374216068,,,,,"bcdc7ac0fbd7ac7aa59902f6bc0c3b7c78ea4d6bc41006eb15ac5aa0ad9a567b"
"open_nb_elo_only_ablation","production_hybrid_nb","feature_rich","frozen","rps","regulation_1x2","elo_diff","d0f4469931258b3cbf0324b3e72519d44bc09c77e9776dc11ef58a87854f58ec","leave_one_tournament_out","","euro2024","",,,0.00523769521132224,,,,,,,,"bcdc7ac0fbd7ac7aa59902f6bc0c3b7c78ea4d6bc41006eb15ac5aa0ad9a567b"
"open_nb_elo_only_ablation","production_hybrid_nb","feature_rich","frozen","rps","regulation_1x2","elo_diff","d0f4469931258b3cbf0324b3e72519d44bc09c77e9776dc11ef58a87854f58ec","leave_one_tournament_out","","wc2014","",,,0.00523786704765735,,,,,,,,"bcdc7ac0fbd7ac7aa59902f6bc0c3b7c78ea4d6bc41006eb15ac5aa0ad9a567b"
"open_nb_elo_only_ablation","production_hybrid_nb","feature_rich","frozen","rps","regulation_1x2","elo_diff","d0f4469931258b3cbf0324b3e72519d44bc09c77e9776dc11ef58a87854f58ec","leave_one_tournament_out","","euro2020","",,,0.00535955752919755,,,,,,,,"bcdc7ac0fbd7ac7aa59902f6bc0c3b7c78ea4d6bc41006eb15ac5aa0ad9a567b"
"open_nb_elo_only_ablation","production_hybrid_nb","feature_rich","frozen","rps","regulation_1x2","elo_diff","d0f4469931258b3cbf0324b3e72519d44bc09c77e9776dc11ef58a87854f58ec","leave_one_tournament_out","","wc2022","",,,0.00541806881632314,,,,,,,,"bcdc7ac0fbd7ac7aa59902f6bc0c3b7c78ea4d6bc41006eb15ac5aa0ad9a567b"
"open_nb_elo_only_ablation","production_hybrid_nb","feature_rich","frozen","rps","regulation_1x2","elo_diff","d0f4469931258b3cbf0324b3e72519d44bc09c77e9776dc11ef58a87854f58ec","leave_one_tournament_out","","euro2016","",,,0.0055098492884532,,,,,,,,"bcdc7ac0fbd7ac7aa59902f6bc0c3b7c78ea4d6bc41006eb15ac5aa0ad9a567b"
"open_nb_elo_only_ablation","production_hybrid_nb","feature_rich","frozen","rps","regulation_1x2","elo_diff","d0f4469931258b3cbf0324b3e72519d44bc09c77e9776dc11ef58a87854f58ec","leave_one_tournament_out","","wc2010","",,,0.00556419592974307,,,,,,,,"bcdc7ac0fbd7ac7aa59902f6bc0c3b7c78ea4d6bc41006eb15ac5aa0ad9a567b"
"open_nb_elo_only_ablation","production_hybrid_nb","feature_rich","frozen","rps","regulation_1x2","elo_diff","d0f4469931258b3cbf0324b3e72519d44bc09c77e9776dc11ef58a87854f58ec","leave_one_tournament_out","","euro2012","",,,0.0060502564937568,,,,,,,,"bcdc7ac0fbd7ac7aa59902f6bc0c3b7c78ea4d6bc41006eb15ac5aa0ad9a567b"
"open_nb_elo_only_ablation","production_hybrid_nb","feature_rich","frozen","rps","regulation_1x2","elo_diff","d0f4469931258b3cbf0324b3e72519d44bc09c77e9776dc11ef58a87854f58ec","fold_breadth","","","",,,,,,,1,0,1,0.0158151894500096,"bcdc7ac0fbd7ac7aa59902f6bc0c3b7c78ea4d6bc41006eb15ac5aa0ad9a567b"
"open_nb_elo_only_ablation","production_hybrid_nb","feature_rich","updating","rps","regulation_1x2","elo_diff","d0f4469931258b3cbf0324b3e72519d44bc09c77e9776dc11ef58a87854f58ec","fold_breadth","","","",,,,,,,6,4,2,0.0113317560703285,"bcdc7ac0fbd7ac7aa59902f6bc0c3b7c78ea4d6bc41006eb15ac5aa0ad9a567b"
"open_nb_elo_only_ablation","uniform_1x2","open_core","frozen","rps","regulation_1x2","elo_diff","d0f4469931258b3cbf0324b3e72519d44bc09c77e9776dc11ef58a87854f58ec","leave_one_tournament_out","","wc2006","",,,-0.00616226822852484,,,,,,,,"bcdc7ac0fbd7ac7aa59902f6bc0c3b7c78ea4d6bc41006eb15ac5aa0ad9a567b"
"open_nb_elo_only_ablation","uniform_1x2","open_core","frozen","rps","regulation_1x2","elo_diff","d0f4469931258b3cbf0324b3e72519d44bc09c77e9776dc11ef58a87854f58ec","leave_one_tournament_out","","wc2022","",,,-0.00767192001988131,,,,,,,,"bcdc7ac0fbd7ac7aa59902f6bc0c3b7c78ea4d6bc41006eb15ac5aa0ad9a567b"
"open_nb_elo_only_ablation","uniform_1x2","open_core","frozen","rps","regulation_1x2","elo_diff","d0f4469931258b3cbf0324b3e72519d44bc09c77e9776dc11ef58a87854f58ec","leave_one_tournament_out","","euro2004","",,,-0.00773684268848425,,,,,,,,"bcdc7ac0fbd7ac7aa59902f6bc0c3b7c78ea4d6bc41006eb15ac5aa0ad9a567b"
"open_nb_elo_only_ablation","uniform_1x2","open_core","frozen","rps","regulation_1x2","elo_diff","d0f4469931258b3cbf0324b3e72519d44bc09c77e9776dc11ef58a87854f58ec","leave_one_tournament_out","","euro2008","",,,-0.00773727000141633,,,,,,,,"bcdc7ac0fbd7ac7aa59902f6bc0c3b7c78ea4d6bc41006eb15ac5aa0ad9a567b"
"open_nb_elo_only_ablation","uniform_1x2","open_core","frozen","rps","regulation_1x2","elo_diff","d0f4469931258b3cbf0324b3e72519d44bc09c77e9776dc11ef58a87854f58ec","leave_one_tournament_out","","wc2002","",,,-0.00806183627828861,,,,,,,,"bcdc7ac0fbd7ac7aa59902f6bc0c3b7c78ea4d6bc41006eb15ac5aa0ad9a567b"
"open_nb_elo_only_ablation","uniform_1x2","open_core","frozen","rps","regulation_1x2","elo_diff","d0f4469931258b3cbf0324b3e72519d44bc09c77e9776dc11ef58a87854f58ec","tournament_bootstrap","","","",,,-0.00808445302331799,,-0.0130778845295308,-0.00361884469228522,,,,,"bcdc7ac0fbd7ac7aa59902f6bc0c3b7c78ea4d6bc41006eb15ac5aa0ad9a567b"
"open_nb_elo_only_ablation","uniform_1x2","open_core","frozen","rps","regulation_1x2","elo_diff","d0f4469931258b3cbf0324b3e72519d44bc09c77e9776dc11ef58a87854f58ec","leave_one_tournament_out","","wc2014","",,,-0.00813960465707368,,,,,,,,"bcdc7ac0fbd7ac7aa59902f6bc0c3b7c78ea4d6bc41006eb15ac5aa0ad9a567b"
"open_nb_elo_only_ablation","uniform_1x2","open_core","frozen","rps","regulation_1x2","elo_diff","d0f4469931258b3cbf0324b3e72519d44bc09c77e9776dc11ef58a87854f58ec","leave_one_tournament_out","","wc2018","",,,-0.00821054787607205,,,,,,,,"bcdc7ac0fbd7ac7aa59902f6bc0c3b7c78ea4d6bc41006eb15ac5aa0ad9a567b"
"open_nb_elo_only_ablation","uniform_1x2","open_core","frozen","rps","regulation_1x2","elo_diff","d0f4469931258b3cbf0324b3e72519d44bc09c77e9776dc11ef58a87854f58ec","leave_one_tournament_out","","euro2024","",,,-0.00823592682617479,,,,,,,,"bcdc7ac0fbd7ac7aa59902f6bc0c3b7c78ea4d6bc41006eb15ac5aa0ad9a567b"
"open_nb_elo_only_ablation","uniform_1x2","open_core","frozen","rps","regulation_1x2","elo_diff","d0f4469931258b3cbf0324b3e72519d44bc09c77e9776dc11ef58a87854f58ec","leave_one_tournament_out","","euro2020","",,,-0.00833299888721568,,,,,,,,"bcdc7ac0fbd7ac7aa59902f6bc0c3b7c78ea4d6bc41006eb15ac5aa0ad9a567b"
"open_nb_elo_only_ablation","uniform_1x2","open_core","frozen","rps","regulation_1x2","elo_diff","d0f4469931258b3cbf0324b3e72519d44bc09c77e9776dc11ef58a87854f58ec","leave_one_tournament_out","","euro2016","",,,-0.00834722222132575,,,,,,,,"bcdc7ac0fbd7ac7aa59902f6bc0c3b7c78ea4d6bc41006eb15ac5aa0ad9a567b"
"open_nb_elo_only_ablation","uniform_1x2","open_core","frozen","rps","regulation_1x2","elo_diff","d0f4469931258b3cbf0324b3e72519d44bc09c77e9776dc11ef58a87854f58ec","leave_one_tournament_out","","wc2010","",,,-0.00883336875156562,,,,,,,,"bcdc7ac0fbd7ac7aa59902f6bc0c3b7c78ea4d6bc41006eb15ac5aa0ad9a567b"
"open_nb_elo_only_ablation","uniform_1x2","open_core","frozen","rps","regulation_1x2","elo_diff","d0f4469931258b3cbf0324b3e72519d44bc09c77e9776dc11ef58a87854f58ec","leave_one_tournament_out","","euro2012","",,,-0.00954362984379294,,,,,,,,"bcdc7ac0fbd7ac7aa59902f6bc0c3b7c78ea4d6bc41006eb15ac5aa0ad9a567b"
"open_nb_elo_only_ablation","uniform_1x2","open_core","updating","rps","regulation_1x2","elo_diff","d0f4469931258b3cbf0324b3e72519d44bc09c77e9776dc11ef58a87854f58ec","leave_one_tournament_out","","wc2006","",,,-0.0242701776874534,,,,,,,,"bcdc7ac0fbd7ac7aa59902f6bc0c3b7c78ea4d6bc41006eb15ac5aa0ad9a567b"
"open_nb_elo_only_ablation","uniform_1x2","open_core","updating","rps","regulation_1x2","elo_diff","d0f4469931258b3cbf0324b3e72519d44bc09c77e9776dc11ef58a87854f58ec","leave_one_tournament_out","","wc2010","",,,-0.0265760666986345,,,,,,,,"bcdc7ac0fbd7ac7aa59902f6bc0c3b7c78ea4d6bc41006eb15ac5aa0ad9a567b"
"open_nb_elo_only_ablation","uniform_1x2","open_core","updating","rps","regulation_1x2","elo_diff","d0f4469931258b3cbf0324b3e72519d44bc09c77e9776dc11ef58a87854f58ec","leave_one_tournament_out","","wc2018","",,,-0.0266089872256842,,,,,,,,"bcdc7ac0fbd7ac7aa59902f6bc0c3b7c78ea4d6bc41006eb15ac5aa0ad9a567b"
"open_nb_elo_only_ablation","uniform_1x2","open_core","updating","rps","regulation_1x2","elo_diff","d0f4469931258b3cbf0324b3e72519d44bc09c77e9776dc11ef58a87854f58ec","leave_one_tournament_out","","euro2020","",,,-0.0267204346230799,,,,,,,,"bcdc7ac0fbd7ac7aa59902f6bc0c3b7c78ea4d6bc41006eb15ac5aa0ad9a567b"
"open_nb_elo_only_ablation","uniform_1x2","open_core","updating","rps","regulation_1x2","elo_diff","d0f4469931258b3cbf0324b3e72519d44bc09c77e9776dc11ef58a87854f58ec","leave_one_tournament_out","","euro2008","",,,-0.0267840717937917,,,,,,,,"bcdc7ac0fbd7ac7aa59902f6bc0c3b7c78ea4d6bc41006eb15ac5aa0ad9a567b"
"open_nb_elo_only_ablation","uniform_1x2","open_core","updating","rps","regulation_1x2","elo_diff","d0f4469931258b3cbf0324b3e72519d44bc09c77e9776dc11ef58a87854f58ec","tournament_bootstrap","","","",,,-0.0274758621503597,,-0.0364875350997262,-0.0194220845795306,,,,,"bcdc7ac0fbd7ac7aa59902f6bc0c3b7c78ea4d6bc41006eb15ac5aa0ad9a567b"
"open_nb_elo_only_ablation","uniform_1x2","open_core","updating","rps","regulation_1x2","elo_diff","d0f4469931258b3cbf0324b3e72519d44bc09c77e9776dc11ef58a87854f58ec","leave_one_tournament_out","","wc2022","",,,-0.0274853520664741,,,,,,,,"bcdc7ac0fbd7ac7aa59902f6bc0c3b7c78ea4d6bc41006eb15ac5aa0ad9a567b"
"open_nb_elo_only_ablation","uniform_1x2","open_core","updating","rps","regulation_1x2","elo_diff","d0f4469931258b3cbf0324b3e72519d44bc09c77e9776dc11ef58a87854f58ec","leave_one_tournament_out","","wc2014","",,,-0.0278351497065594,,,,,,,,"bcdc7ac0fbd7ac7aa59902f6bc0c3b7c78ea4d6bc41006eb15ac5aa0ad9a567b"
"open_nb_elo_only_ablation","uniform_1x2","open_core","updating","rps","regulation_1x2","elo_diff","d0f4469931258b3cbf0324b3e72519d44bc09c77e9776dc11ef58a87854f58ec","leave_one_tournament_out","","euro2004","",,,-0.0279565378580238,,,,,,,,"bcdc7ac0fbd7ac7aa59902f6bc0c3b7c78ea4d6bc41006eb15ac5aa0ad9a567b"
"open_nb_elo_only_ablation","uniform_1x2","open_core","updating","rps","regulation_1x2","elo_diff","d0f4469931258b3cbf0324b3e72519d44bc09c77e9776dc11ef58a87854f58ec","leave_one_tournament_out","","euro2024","",,,-0.0285401751482557,,,,,,,,"bcdc7ac0fbd7ac7aa59902f6bc0c3b7c78ea4d6bc41006eb15ac5aa0ad9a567b"
"open_nb_elo_only_ablation","uniform_1x2","open_core","updating","rps","regulation_1x2","elo_diff","d0f4469931258b3cbf0324b3e72519d44bc09c77e9776dc11ef58a87854f58ec","leave_one_tournament_out","","wc2002","",,,-0.028627337959816,,,,,,,,"bcdc7ac0fbd7ac7aa59902f6bc0c3b7c78ea4d6bc41006eb15ac5aa0ad9a567b"
"open_nb_elo_only_ablation","uniform_1x2","open_core","updating","rps","regulation_1x2","elo_diff","d0f4469931258b3cbf0324b3e72519d44bc09c77e9776dc11ef58a87854f58ec","leave_one_tournament_out","","euro2012","",,,-0.0288235058326631,,,,,,,,"bcdc7ac0fbd7ac7aa59902f6bc0c3b7c78ea4d6bc41006eb15ac5aa0ad9a567b"
"open_nb_elo_only_ablation","uniform_1x2","open_core","updating","rps","regulation_1x2","elo_diff","d0f4469931258b3cbf0324b3e72519d44bc09c77e9776dc11ef58a87854f58ec","leave_one_tournament_out","","euro2016","",,,-0.0294825492038803,,,,,,,,"bcdc7ac0fbd7ac7aa59902f6bc0c3b7c78ea4d6bc41006eb15ac5aa0ad9a567b"
"open_nb_elo_only_ablation","uniform_1x2","open_core","frozen","rps","regulation_1x2","elo_diff","d0f4469931258b3cbf0324b3e72519d44bc09c77e9776dc11ef58a87854f58ec","fold_breadth","","","",,,,,,,10,5,5,0.00796649200190654,"bcdc7ac0fbd7ac7aa59902f6bc0c3b7c78ea4d6bc41006eb15ac5aa0ad9a567b"
"open_nb_elo_only_ablation","uniform_1x2","open_core","updating","rps","regulation_1x2","elo_diff","d0f4469931258b3cbf0324b3e72519d44bc09c77e9776dc11ef58a87854f58ec","fold_breadth","","","",,,,,,,12,6,6,0,"bcdc7ac0fbd7ac7aa59902f6bc0c3b7c78ea4d6bc41006eb15ac5aa0ad9a567b"
"poisson_team_ridge","production_hybrid_nb","feature_rich","updating","rps","regulation_1x2","team_attack|team_defence|venue","d0f4469931258b3cbf0324b3e72519d44bc09c77e9776dc11ef58a87854f58ec","fold","wc2006","","world_cup",0.215899809853198,0.16156832841848,0.054331481434718,64,,,,,,,"bcdc7ac0fbd7ac7aa59902f6bc0c3b7c78ea4d6bc41006eb15ac5aa0ad9a567b"
"poisson_team_ridge","open_nb_incumbent","open_core","updating","rps","regulation_1x2","team_attack|team_defence|venue","d0f4469931258b3cbf0324b3e72519d44bc09c77e9776dc11ef58a87854f58ec","fold","wc2006","","world_cup",0.215899809853198,0.172063371721106,0.0438364381320918,64,,,,,,,"bcdc7ac0fbd7ac7aa59902f6bc0c3b7c78ea4d6bc41006eb15ac5aa0ad9a567b"
"poisson_team_ridge","elo_goal_nb","open_core","updating","rps","regulation_1x2","team_attack|team_defence|venue","d0f4469931258b3cbf0324b3e72519d44bc09c77e9776dc11ef58a87854f58ec","fold","wc2006","","world_cup",0.215899809853198,0.176875218107772,0.0390245917454263,64,,,,,,,"bcdc7ac0fbd7ac7aa59902f6bc0c3b7c78ea4d6bc41006eb15ac5aa0ad9a567b"
"poisson_team_ridge","elo_goal_nb","open_core","updating","rps","regulation_1x2","team_attack|team_defence|venue","d0f4469931258b3cbf0324b3e72519d44bc09c77e9776dc11ef58a87854f58ec","fold","euro2020","","euro",0.205283111318713,0.186749893915214,0.0185332174034993,51,,,,,,,"bcdc7ac0fbd7ac7aa59902f6bc0c3b7c78ea4d6bc41006eb15ac5aa0ad9a567b"
"poisson_team_ridge","production_hybrid_nb","feature_rich","frozen","rps","regulation_1x2","team_attack|team_defence|venue","d0f4469931258b3cbf0324b3e72519d44bc09c77e9776dc11ef58a87854f58ec","fold","wc2006","","world_cup",0.21774484998172,0.188463269228388,0.0292815807533325,64,,,,,,,"bcdc7ac0fbd7ac7aa59902f6bc0c3b7c78ea4d6bc41006eb15ac5aa0ad9a567b"
"poisson_team_ridge","open_nb_incumbent","open_core","updating","rps","regulation_1x2","team_attack|team_defence|venue","d0f4469931258b3cbf0324b3e72519d44bc09c77e9776dc11ef58a87854f58ec","fold","euro2020","","euro",0.205283111318713,0.189838248406632,0.0154448629120809,51,,,,,,,"bcdc7ac0fbd7ac7aa59902f6bc0c3b7c78ea4d6bc41006eb15ac5aa0ad9a567b"
"poisson_team_ridge","elo_goal_nb","open_core","updating","rps","regulation_1x2","team_attack|team_defence|venue","d0f4469931258b3cbf0324b3e72519d44bc09c77e9776dc11ef58a87854f58ec","fold","wc2010","","world_cup",0.221599075466577,0.190682324027093,0.0309167514394838,64,,,,,,,"bcdc7ac0fbd7ac7aa59902f6bc0c3b7c78ea4d6bc41006eb15ac5aa0ad9a567b"
"poisson_team_ridge","open_nb_incumbent","open_core","updating","rps","regulation_1x2","team_attack|team_defence|venue","d0f4469931258b3cbf0324b3e72519d44bc09c77e9776dc11ef58a87854f58ec","fold","wc2010","","world_cup",0.221599075466577,0.193443758892585,0.0281553165739918,64,,,,,,,"bcdc7ac0fbd7ac7aa59902f6bc0c3b7c78ea4d6bc41006eb15ac5aa0ad9a567b"
"poisson_team_ridge","production_hybrid_nb","feature_rich","updating","rps","regulation_1x2","team_attack|team_defence|venue","d0f4469931258b3cbf0324b3e72519d44bc09c77e9776dc11ef58a87854f58ec","fold","euro2004","","euro",0.210175850307279,0.19427801853155,0.0158978317757284,31,,,,,,,"bcdc7ac0fbd7ac7aa59902f6bc0c3b7c78ea4d6bc41006eb15ac5aa0ad9a567b"
"poisson_team_ridge","open_nb_incumbent","open_core","updating","rps","regulation_1x2","team_attack|team_defence|venue","d0f4469931258b3cbf0324b3e72519d44bc09c77e9776dc11ef58a87854f58ec","fold","euro2004","","euro",0.210175850307279,0.195865014321776,0.0143108359855029,31,,,,,,,"bcdc7ac0fbd7ac7aa59902f6bc0c3b7c78ea4d6bc41006eb15ac5aa0ad9a567b"
"poisson_team_ridge","production_hybrid_nb","feature_rich","updating","rps","regulation_1x2","team_attack|team_defence|venue","d0f4469931258b3cbf0324b3e72519d44bc09c77e9776dc11ef58a87854f58ec","fold","euro2020","","euro",0.204342641913922,0.197183259920055,0.00715938199386729,48,,,,,,,"bcdc7ac0fbd7ac7aa59902f6bc0c3b7c78ea4d6bc41006eb15ac5aa0ad9a567b"
"poisson_team_ridge","elo_goal_nb","open_core","updating","rps","regulation_1x2","team_attack|team_defence|venue","d0f4469931258b3cbf0324b3e72519d44bc09c77e9776dc11ef58a87854f58ec","fold","euro2004","","euro",0.210175850307279,0.197820059462055,0.0123557908452238,31,,,,,,,"bcdc7ac0fbd7ac7aa59902f6bc0c3b7c78ea4d6bc41006eb15ac5aa0ad9a567b"
"poisson_team_ridge","elo_goal_nb","open_core","updating","rps","regulation_1x2","team_attack|team_defence|venue","d0f4469931258b3cbf0324b3e72519d44bc09c77e9776dc11ef58a87854f58ec","fold","euro2024","","euro",0.202399957670409,0.198729036829663,0.00367092084074634,51,,,,,,,"bcdc7ac0fbd7ac7aa59902f6bc0c3b7c78ea4d6bc41006eb15ac5aa0ad9a567b"
"poisson_team_ridge","production_hybrid_nb","feature_rich","updating","rps","regulation_1x2","team_attack|team_defence|venue","d0f4469931258b3cbf0324b3e72519d44bc09c77e9776dc11ef58a87854f58ec","fold","euro2024","","euro",0.202399957670409,0.199220209587878,0.0031797480825316,51,,,,,,,"bcdc7ac0fbd7ac7aa59902f6bc0c3b7c78ea4d6bc41006eb15ac5aa0ad9a567b"
"poisson_team_ridge","open_nb_incumbent","open_core","updating","rps","regulation_1x2","team_attack|team_defence|venue","d0f4469931258b3cbf0324b3e72519d44bc09c77e9776dc11ef58a87854f58ec","fold","euro2024","","euro",0.202399957670409,0.199838110521063,0.00256184714934624,51,,,,,,,"bcdc7ac0fbd7ac7aa59902f6bc0c3b7c78ea4d6bc41006eb15ac5aa0ad9a567b"
"poisson_team_ridge","elo_goal_nb","open_core","updating","rps","regulation_1x2","team_attack|team_defence|venue","d0f4469931258b3cbf0324b3e72519d44bc09c77e9776dc11ef58a87854f58ec","fold","wc2018","","world_cup",0.229480509371904,0.200189175461847,0.0292913339100575,64,,,,,,,"bcdc7ac0fbd7ac7aa59902f6bc0c3b7c78ea4d6bc41006eb15ac5aa0ad9a567b"
"poisson_team_ridge","production_hybrid_nb","feature_rich","frozen","rps","regulation_1x2","team_attack|team_defence|venue","d0f4469931258b3cbf0324b3e72519d44bc09c77e9776dc11ef58a87854f58ec","fold","euro2004","","euro",0.211176856654319,0.201390384066637,0.00978647258768175,31,,,,,,,"bcdc7ac0fbd7ac7aa59902f6bc0c3b7c78ea4d6bc41006eb15ac5aa0ad9a567b"
"poisson_team_ridge","elo_goal_nb","open_core","updating","rps","regulation_1x2","team_attack|team_defence|venue","d0f4469931258b3cbf0324b3e72519d44bc09c77e9776dc11ef58a87854f58ec","fixture_weighted_secondary","","","",0.221389246924926,0.20160896657933,0.0197802803455962,630,,,,,,,"bcdc7ac0fbd7ac7aa59902f6bc0c3b7c78ea4d6bc41006eb15ac5aa0ad9a567b"
"poisson_team_ridge","elo_goal_nb","open_core","updating","rps","regulation_1x2","team_attack|team_defence|venue","d0f4469931258b3cbf0324b3e72519d44bc09c77e9776dc11ef58a87854f58ec","equal_tournament_headline","","","",0.2216126182724,0.202473723379673,0.0191388948927268,630,,,,,,,"bcdc7ac0fbd7ac7aa59902f6bc0c3b7c78ea4d6bc41006eb15ac5aa0ad9a567b"
"poisson_team_ridge","open_nb_incumbent","open_core","updating","rps","regulation_1x2","team_attack|team_defence|venue","d0f4469931258b3cbf0324b3e72519d44bc09c77e9776dc11ef58a87854f58ec","fixture_weighted_secondary","","","",0.221389246924926,0.202849583870682,0.0185396630542445,630,,,,,,,"bcdc7ac0fbd7ac7aa59902f6bc0c3b7c78ea4d6bc41006eb15ac5aa0ad9a567b"
"poisson_team_ridge","production_hybrid_nb","feature_rich","updating","rps","regulation_1x2","team_attack|team_defence|venue","d0f4469931258b3cbf0324b3e72519d44bc09c77e9776dc11ef58a87854f58ec","fold","wc2002","","world_cup",0.224471775082109,0.203404008345614,0.0210677667364954,60,,,,,,,"bcdc7ac0fbd7ac7aa59902f6bc0c3b7c78ea4d6bc41006eb15ac5aa0ad9a567b"
"poisson_team_ridge","production_hybrid_nb","feature_rich","updating","rps","regulation_1x2","team_attack|team_defence|venue","d0f4469931258b3cbf0324b3e72519d44bc09c77e9776dc11ef58a87854f58ec","fixture_weighted_secondary","","","",0.221419670089749,0.203517576620924,0.0179020934688248,609,,,,,,,"bcdc7ac0fbd7ac7aa59902f6bc0c3b7c78ea4d6bc41006eb15ac5aa0ad9a567b"
"poisson_team_ridge","open_nb_incumbent","open_core","updating","rps","regulation_1x2","team_attack|team_defence|venue","d0f4469931258b3cbf0324b3e72519d44bc09c77e9776dc11ef58a87854f58ec","equal_tournament_headline","","","",0.2216126182724,0.203930289520513,0.0176823287518868,630,,,,,,,"bcdc7ac0fbd7ac7aa59902f6bc0c3b7c78ea4d6bc41006eb15ac5aa0ad9a567b"
"poisson_team_ridge","production_hybrid_nb","feature_rich","frozen","rps","regulation_1x2","team_attack|team_defence|venue","d0f4469931258b3cbf0324b3e72519d44bc09c77e9776dc11ef58a87854f58ec","fold","euro2024","","euro",0.202859205821026,0.204097904839805,-0.00123869901877862,51,,,,,,,"bcdc7ac0fbd7ac7aa59902f6bc0c3b7c78ea4d6bc41006eb15ac5aa0ad9a567b"
"poisson_team_ridge","open_nb_incumbent","open_core","updating","rps","regulation_1x2","team_attack|team_defence|venue","d0f4469931258b3cbf0324b3e72519d44bc09c77e9776dc11ef58a87854f58ec","fold","wc2018","","world_cup",0.229480509371904,0.204377635947404,0.0251028734245004,64,,,,,,,"bcdc7ac0fbd7ac7aa59902f6bc0c3b7c78ea4d6bc41006eb15ac5aa0ad9a567b"
"poisson_team_ridge","open_nb_incumbent","open_core","frozen","rps","regulation_1x2","team_attack|team_defence|venue","d0f4469931258b3cbf0324b3e72519d44bc09c77e9776dc11ef58a87854f58ec","fold","wc2006","","world_cup",0.21774484998172,0.204940508014914,0.0128043419668058,64,,,,,,,"bcdc7ac0fbd7ac7aa59902f6bc0c3b7c78ea4d6bc41006eb15ac5aa0ad9a567b"
"poisson_team_ridge","production_hybrid_nb","feature_rich","updating","rps","regulation_1x2","team_attack|team_defence|venue","d0f4469931258b3cbf0324b3e72519d44bc09c77e9776dc11ef58a87854f58ec","equal_tournament_headline","","","",0.221453422020068,0.205250400816967,0.0162030212031012,609,,,,,,,"bcdc7ac0fbd7ac7aa59902f6bc0c3b7c78ea4d6bc41006eb15ac5aa0ad9a567b"
"poisson_team_ridge","production_hybrid_nb","feature_rich","updating","rps","regulation_1x2","team_attack|team_defence|venue","d0f4469931258b3cbf0324b3e72519d44bc09c77e9776dc11ef58a87854f58ec","fold","wc2018","","world_cup",0.229480509371904,0.205303028816949,0.024177480554955,64,,,,,,,"bcdc7ac0fbd7ac7aa59902f6bc0c3b7c78ea4d6bc41006eb15ac5aa0ad9a567b"
"poisson_team_ridge","elo_goal_nb","open_core","updating","rps","regulation_1x2","team_attack|team_defence|venue","d0f4469931258b3cbf0324b3e72519d44bc09c77e9776dc11ef58a87854f58ec","fold","euro2008","","euro",0.241690798799348,0.206407675123159,0.0352831236761891,31,,,,,,,"bcdc7ac0fbd7ac7aa59902f6bc0c3b7c78ea4d6bc41006eb15ac5aa0ad9a567b"
"poisson_team_ridge","open_nb_incumbent","open_core","frozen","rps","regulation_1x2","team_attack|team_defence|venue","d0f4469931258b3cbf0324b3e72519d44bc09c77e9776dc11ef58a87854f58ec","fold","euro2004","","euro",0.211176856654319,0.20662400857162,0.00455284808269885,31,,,,,,,"bcdc7ac0fbd7ac7aa59902f6bc0c3b7c78ea4d6bc41006eb15ac5aa0ad9a567b"
"poisson_team_ridge","elo_goal_nb","open_core","updating","rps","regulation_1x2","team_attack|team_defence|venue","d0f4469931258b3cbf0324b3e72519d44bc09c77e9776dc11ef58a87854f58ec","fold","wc2014","","world_cup",0.226776697620418,0.207213265548892,0.0195634320715258,64,,,,,,,"bcdc7ac0fbd7ac7aa59902f6bc0c3b7c78ea4d6bc41006eb15ac5aa0ad9a567b"
"poisson_team_ridge","elo_goal_nb","open_core","frozen","rps","regulation_1x2","team_attack|team_defence|venue","d0f4469931258b3cbf0324b3e72519d44bc09c77e9776dc11ef58a87854f58ec","fold","euro2004","","euro",0.211176856654319,0.207432586511803,0.00374427014251593,31,,,,,,,"bcdc7ac0fbd7ac7aa59902f6bc0c3b7c78ea4d6bc41006eb15ac5aa0ad9a567b"
"poisson_team_ridge","elo_goal_nb","open_core","frozen","rps","regulation_1x2","team_attack|team_defence|venue","d0f4469931258b3cbf0324b3e72519d44bc09c77e9776dc11ef58a87854f58ec","fold","euro2024","","euro",0.202859205821026,0.208894772377195,-0.0060355665561692,51,,,,,,,"bcdc7ac0fbd7ac7aa59902f6bc0c3b7c78ea4d6bc41006eb15ac5aa0ad9a567b"
"poisson_team_ridge","production_hybrid_nb","feature_rich","updating","rps","regulation_1x2","team_attack|team_defence|venue","d0f4469931258b3cbf0324b3e72519d44bc09c77e9776dc11ef58a87854f58ec","fold","wc2010","","world_cup",0.220195663505105,0.209082524600923,0.0111131389041822,61,,,,,,,"bcdc7ac0fbd7ac7aa59902f6bc0c3b7c78ea4d6bc41006eb15ac5aa0ad9a567b"
"poisson_team_ridge","open_nb_incumbent","open_core","frozen","rps","regulation_1x2","team_attack|team_defence|venue","d0f4469931258b3cbf0324b3e72519d44bc09c77e9776dc11ef58a87854f58ec","fold","euro2024","","euro",0.202859205821026,0.20928124815214,-0.00642204233111351,51,,,,,,,"bcdc7ac0fbd7ac7aa59902f6bc0c3b7c78ea4d6bc41006eb15ac5aa0ad9a567b"
"poisson_team_ridge","open_nb_incumbent","open_core","updating","rps","regulation_1x2","team_attack|team_defence|venue","d0f4469931258b3cbf0324b3e72519d44bc09c77e9776dc11ef58a87854f58ec","fold","wc2014","","world_cup",0.226776697620418,0.209795309826597,0.016981387793821,64,,,,,,,"bcdc7ac0fbd7ac7aa59902f6bc0c3b7c78ea4d6bc41006eb15ac5aa0ad9a567b"
"poisson_team_ridge","open_nb_incumbent","open_core","updating","rps","regulation_1x2","team_attack|team_defence|venue","d0f4469931258b3cbf0324b3e72519d44bc09c77e9776dc11ef58a87854f58ec","fold","euro2008","","euro",0.241690798799348,0.210305556677262,0.0313852421220862,31,,,,,,,"bcdc7ac0fbd7ac7aa59902f6bc0c3b7c78ea4d6bc41006eb15ac5aa0ad9a567b"
"poisson_team_ridge","production_hybrid_nb","feature_rich","frozen","rps","regulation_1x2","team_attack|team_defence|venue","d0f4469931258b3cbf0324b3e72519d44bc09c77e9776dc11ef58a87854f58ec","fold","wc2002","","world_cup",0.227242849155867,0.210637313011104,0.016605536144763,60,,,,,,,"bcdc7ac0fbd7ac7aa59902f6bc0c3b7c78ea4d6bc41006eb15ac5aa0ad9a567b"
"poisson_team_ridge","open_nb_incumbent","open_core","updating","rps","regulation_1x2","team_attack|team_defence|venue","d0f4469931258b3cbf0324b3e72519d44bc09c77e9776dc11ef58a87854f58ec","fold","wc2022","","world_cup",0.236415623383062,0.211319921086321,0.0250957022967409,64,,,,,,,"bcdc7ac0fbd7ac7aa59902f6bc0c3b7c78ea4d6bc41006eb15ac5aa0ad9a567b"
"poisson_team_ridge","production_hybrid_nb","feature_rich","updating","rps","regulation_1x2","team_attack|team_defence|venue","d0f4469931258b3cbf0324b3e72519d44bc09c77e9776dc11ef58a87854f58ec","fold","wc2022","","world_cup",0.236415623383062,0.211818751596759,0.0245968717863032,64,,,,,,,"bcdc7ac0fbd7ac7aa59902f6bc0c3b7c78ea4d6bc41006eb15ac5aa0ad9a567b"
"poisson_team_ridge","elo_goal_nb","open_core","frozen","rps","regulation_1x2","team_attack|team_defence|venue","d0f4469931258b3cbf0324b3e72519d44bc09c77e9776dc11ef58a87854f58ec","fold","wc2006","","world_cup",0.21774484998172,0.212144929195862,0.005599920785858,64,,,,,,,"bcdc7ac0fbd7ac7aa59902f6bc0c3b7c78ea4d6bc41006eb15ac5aa0ad9a567b"
"poisson_team_ridge","elo_goal_nb","open_core","updating","rps","regulation_1x2","team_attack|team_defence|venue","d0f4469931258b3cbf0324b3e72519d44bc09c77e9776dc11ef58a87854f58ec","fold","wc2022","","world_cup",0.236415623383062,0.212154600252407,0.0242610231306547,64,,,,,,,"bcdc7ac0fbd7ac7aa59902f6bc0c3b7c78ea4d6bc41006eb15ac5aa0ad9a567b"
"poisson_team_ridge","open_nb_incumbent","open_core","updating","rps","regulation_1x2","team_attack|team_defence|venue","d0f4469931258b3cbf0324b3e72519d44bc09c77e9776dc11ef58a87854f58ec","fold","wc2002","","world_cup",0.220981642371175,0.213262045445768,0.00771959692540745,64,,,,,,,"bcdc7ac0fbd7ac7aa59902f6bc0c3b7c78ea4d6bc41006eb15ac5aa0ad9a567b"
"poisson_team_ridge","elo_goal_nb","open_core","updating","rps","regulation_1x2","team_attack|team_defence|venue","d0f4469931258b3cbf0324b3e72519d44bc09c77e9776dc11ef58a87854f58ec","fold","wc2002","","world_cup",0.220981642371175,0.213813189554407,0.0071684528167676,64,,,,,,,"bcdc7ac0fbd7ac7aa59902f6bc0c3b7c78ea4d6bc41006eb15ac5aa0ad9a567b"
"poisson_team_ridge","production_hybrid_nb","feature_rich","updating","rps","regulation_1x2","team_attack|team_defence|venue","d0f4469931258b3cbf0324b3e72519d44bc09c77e9776dc11ef58a87854f58ec","fold","wc2014","","world_cup",0.226776697620418,0.214461937090911,0.012314760529507,64,,,,,,,"bcdc7ac0fbd7ac7aa59902f6bc0c3b7c78ea4d6bc41006eb15ac5aa0ad9a567b"
"poisson_team_ridge","production_hybrid_nb","feature_rich","updating","rps","regulation_1x2","team_attack|team_defence|venue","d0f4469931258b3cbf0324b3e72519d44bc09c77e9776dc11ef58a87854f58ec","fold","euro2008","","euro",0.241690798799348,0.214490326573508,0.0272004722258401,31,,,,,,,"bcdc7ac0fbd7ac7aa59902f6bc0c3b7c78ea4d6bc41006eb15ac5aa0ad9a567b"
"poisson_team_ridge","production_hybrid_nb","feature_rich","frozen","rps","regulation_1x2","team_attack|team_defence|venue","d0f4469931258b3cbf0324b3e72519d44bc09c77e9776dc11ef58a87854f58ec","fold","euro2016","","euro",0.21213689437531,0.214818839474437,-0.0026819450991276,43,,,,,,,"bcdc7ac0fbd7ac7aa59902f6bc0c3b7c78ea4d6bc41006eb15ac5aa0ad9a567b"
"poisson_team_ridge","uniform_1x2","open_core","frozen","rps","regulation_1x2","team_attack|team_defence|venue","d0f4469931258b3cbf0324b3e72519d44bc09c77e9776dc11ef58a87854f58ec","fold","euro2024","","euro",0.202859205821026,0.215686274509803,-0.0128270686887773,51,,,,,,,"bcdc7ac0fbd7ac7aa59902f6bc0c3b7c78ea4d6bc41006eb15ac5aa0ad9a567b"
"poisson_team_ridge","uniform_1x2","open_core","updating","rps","regulation_1x2","team_attack|team_defence|venue","d0f4469931258b3cbf0324b3e72519d44bc09c77e9776dc11ef58a87854f58ec","fold","euro2024","","euro",0.202399957670409,0.215686274509804,-0.0132863168393946,51,,,,,,,"bcdc7ac0fbd7ac7aa59902f6bc0c3b7c78ea4d6bc41006eb15ac5aa0ad9a567b"
"poisson_team_ridge","expanding_1x2","open_core","frozen","rps","regulation_1x2","team_attack|team_defence|venue","d0f4469931258b3cbf0324b3e72519d44bc09c77e9776dc11ef58a87854f58ec","fold","wc2006","","world_cup",0.21774484998172,0.215752355003328,0.00199249497839178,64,,,,,,,"bcdc7ac0fbd7ac7aa59902f6bc0c3b7c78ea4d6bc41006eb15ac5aa0ad9a567b"
"poisson_team_ridge","expanding_1x2","open_core","updating","rps","regulation_1x2","team_attack|team_defence|venue","d0f4469931258b3cbf0324b3e72519d44bc09c77e9776dc11ef58a87854f58ec","fold","wc2006","","world_cup",0.215899809853198,0.215788469082983,0.000111340770214842,64,,,,,,,"bcdc7ac0fbd7ac7aa59902f6bc0c3b7c78ea4d6bc41006eb15ac5aa0ad9a567b"
"poisson_team_ridge","production_hybrid_nb","feature_rich","frozen","rps","regulation_1x2","team_attack|team_defence|venue","d0f4469931258b3cbf0324b3e72519d44bc09c77e9776dc11ef58a87854f58ec","fold","euro2020","","euro",0.204180044535626,0.217175879889846,-0.0129958353542206,48,,,,,,,"bcdc7ac0fbd7ac7aa59902f6bc0c3b7c78ea4d6bc41006eb15ac5aa0ad9a567b"
"poisson_team_ridge","production_hybrid_nb","feature_rich","frozen","rps","regulation_1x2","team_attack|team_defence|venue","d0f4469931258b3cbf0324b3e72519d44bc09c77e9776dc11ef58a87854f58ec","fixture_weighted_secondary","","","",0.222287722933941,0.217180248807272,0.0051074741266688,609,,,,,,,"bcdc7ac0fbd7ac7aa59902f6bc0c3b7c78ea4d6bc41006eb15ac5aa0ad9a567b"
"poisson_team_ridge","production_hybrid_nb","feature_rich","updating","rps","regulation_1x2","team_attack|team_defence|venue","d0f4469931258b3cbf0324b3e72519d44bc09c77e9776dc11ef58a87854f58ec","fold","euro2016","","euro",0.21202724849142,0.217593946752168,-0.00556669826074778,43,,,,,,,"bcdc7ac0fbd7ac7aa59902f6bc0c3b7c78ea4d6bc41006eb15ac5aa0ad9a567b"
"poisson_team_ridge","elo_goal_nb","open_core","updating","rps","regulation_1x2","team_attack|team_defence|venue","d0f4469931258b3cbf0324b3e72519d44bc09c77e9776dc11ef58a87854f58ec","fold","euro2016","","euro",0.21468046846997,0.217661436270615,-0.00298096780064493,51,,,,,,,"bcdc7ac0fbd7ac7aa59902f6bc0c3b7c78ea4d6bc41006eb15ac5aa0ad9a567b"
"poisson_team_ridge","production_hybrid_nb","feature_rich","frozen","rps","regulation_1x2","team_attack|team_defence|venue","d0f4469931258b3cbf0324b3e72519d44bc09c77e9776dc11ef58a87854f58ec","equal_tournament_headline","","","",0.222253170140626,0.218412150390249,0.00384101975037749,609,,,,,,,"bcdc7ac0fbd7ac7aa59902f6bc0c3b7c78ea4d6bc41006eb15ac5aa0ad9a567b"
"poisson_team_ridge","uniform_1x2","open_core","updating","rps","regulation_1x2","team_attack|team_defence|venue","d0f4469931258b3cbf0324b3e72519d44bc09c77e9776dc11ef58a87854f58ec","fold","euro2004","","euro",0.210175850307279,0.218637992831541,-0.00846214252426258,31,,,,,,,"bcdc7ac0fbd7ac7aa59902f6bc0c3b7c78ea4d6bc41006eb15ac5aa0ad9a567b"
"poisson_team_ridge","uniform_1x2","open_core","frozen","rps","regulation_1x2","team_attack|team_defence|venue","d0f4469931258b3cbf0324b3e72519d44bc09c77e9776dc11ef58a87854f58ec","fold","euro2004","","euro",0.211176856654319,0.218637992831542,-0.0074611361772231,31,,,,,,,"bcdc7ac0fbd7ac7aa59902f6bc0c3b7c78ea4d6bc41006eb15ac5aa0ad9a567b"
"poisson_team_ridge","elo_goal_nb","open_core","frozen","rps","regulation_1x2","team_attack|team_defence|venue","d0f4469931258b3cbf0324b3e72519d44bc09c77e9776dc11ef58a87854f58ec","fold","euro2020","","euro",0.205367592667358,0.219131862392331,-0.0137642697249735,51,,,,,,,"bcdc7ac0fbd7ac7aa59902f6bc0c3b7c78ea4d6bc41006eb15ac5aa0ad9a567b"
"poisson_team_ridge","elo_goal_nb","open_core","frozen","rps","regulation_1x2","team_attack|team_defence|venue","d0f4469931258b3cbf0324b3e72519d44bc09c77e9776dc11ef58a87854f58ec","fold","euro2016","","euro",0.214653718494858,0.219593542336172,-0.00493982384131374,51,,,,,,,"bcdc7ac0fbd7ac7aa59902f6bc0c3b7c78ea4d6bc41006eb15ac5aa0ad9a567b"
"poisson_team_ridge","open_nb_incumbent","open_core","frozen","rps","regulation_1x2","team_attack|team_defence|venue","d0f4469931258b3cbf0324b3e72519d44bc09c77e9776dc11ef58a87854f58ec","fold","wc2002","","world_cup",0.223859690290528,0.219913445140191,0.00394624515033679,64,,,,,,,"bcdc7ac0fbd7ac7aa59902f6bc0c3b7c78ea4d6bc41006eb15ac5aa0ad9a567b"
"poisson_team_ridge","open_nb_incumbent","open_core","updating","rps","regulation_1x2","team_attack|team_defence|venue","d0f4469931258b3cbf0324b3e72519d44bc09c77e9776dc11ef58a87854f58ec","fold","euro2016","","euro",0.21468046846997,0.219949777099601,-0.00526930862963163,51,,,,,,,"bcdc7ac0fbd7ac7aa59902f6bc0c3b7c78ea4d6bc41006eb15ac5aa0ad9a567b"
"poisson_team_ridge","open_nb_incumbent","open_core","frozen","rps","regulation_1x2","team_attack|team_defence|venue","d0f4469931258b3cbf0324b3e72519d44bc09c77e9776dc11ef58a87854f58ec","fold","euro2020","","euro",0.205367592667358,0.220127698702643,-0.0147601060352855,51,,,,,,,"bcdc7ac0fbd7ac7aa59902f6bc0c3b7c78ea4d6bc41006eb15ac5aa0ad9a567b"
"poisson_team_ridge","open_nb_incumbent","open_core","frozen","rps","regulation_1x2","team_attack|team_defence|venue","d0f4469931258b3cbf0324b3e72519d44bc09c77e9776dc11ef58a87854f58ec","fold","euro2016","","euro",0.214653718494858,0.220295779324557,-0.00564206082969964,51,,,,,,,"bcdc7ac0fbd7ac7aa59902f6bc0c3b7c78ea4d6bc41006eb15ac5aa0ad9a567b"
"poisson_team_ridge","expanding_1x2","open_core","frozen","rps","regulation_1x2","team_attack|team_defence|venue","d0f4469931258b3cbf0324b3e72519d44bc09c77e9776dc11ef58a87854f58ec","fold","euro2004","","euro",0.211176856654319,0.220590545460224,-0.00941368880590462,31,,,,,,,"bcdc7ac0fbd7ac7aa59902f6bc0c3b7c78ea4d6bc41006eb15ac5aa0ad9a567b"
"poisson_team_ridge","expanding_1x2","open_core","updating","rps","regulation_1x2","team_attack|team_defence|venue","d0f4469931258b3cbf0324b3e72519d44bc09c77e9776dc11ef58a87854f58ec","fold","euro2004","","euro",0.210175850307279,0.220715691178044,-0.0105398408707656,31,,,,,,,"bcdc7ac0fbd7ac7aa59902f6bc0c3b7c78ea4d6bc41006eb15ac5aa0ad9a567b"
"poisson_team_ridge","production_hybrid_nb","feature_rich","frozen","rps","regulation_1x2","team_attack|team_defence|venue","d0f4469931258b3cbf0324b3e72519d44bc09c77e9776dc11ef58a87854f58ec","fold","wc2014","","world_cup",0.228523339082865,0.22086092111402,0.00766241796884506,64,,,,,,,"bcdc7ac0fbd7ac7aa59902f6bc0c3b7c78ea4d6bc41006eb15ac5aa0ad9a567b"
"poisson_team_ridge","elo_goal_nb","open_core","updating","rps","regulation_1x2","team_attack|team_defence|venue","d0f4469931258b3cbf0324b3e72519d44bc09c77e9776dc11ef58a87854f58ec","fold","euro2012","","euro",0.233967874636742,0.22138880600295,0.0125790686337919,31,,,,,,,"bcdc7ac0fbd7ac7aa59902f6bc0c3b7c78ea4d6bc41006eb15ac5aa0ad9a567b"
"poisson_team_ridge","elo_goal_nb","open_core","frozen","rps","regulation_1x2","team_attack|team_defence|venue","d0f4469931258b3cbf0324b3e72519d44bc09c77e9776dc11ef58a87854f58ec","fixture_weighted_secondary","","","",0.22231544734274,0.222366005932213,-5.05585894726855e-05,630,,,,,,,"bcdc7ac0fbd7ac7aa59902f6bc0c3b7c78ea4d6bc41006eb15ac5aa0ad9a567b"
"poisson_team_ridge","elo_goal_nb","open_core","frozen","rps","regulation_1x2","team_attack|team_defence|venue","d0f4469931258b3cbf0324b3e72519d44bc09c77e9776dc11ef58a87854f58ec","equal_tournament_headline","","","",0.222492061080944,0.222488635674597,3.42540634760882e-06,630,,,,,,,"bcdc7ac0fbd7ac7aa59902f6bc0c3b7c78ea4d6bc41006eb15ac5aa0ad9a567b"
"poisson_team_ridge","open_nb_incumbent","open_core","frozen","rps","regulation_1x2","team_attack|team_defence|venue","d0f4469931258b3cbf0324b3e72519d44bc09c77e9776dc11ef58a87854f58ec","fixture_weighted_secondary","","","",0.22231544734274,0.222777605348689,-0.000462158005948598,630,,,,,,,"bcdc7ac0fbd7ac7aa59902f6bc0c3b7c78ea4d6bc41006eb15ac5aa0ad9a567b"
"poisson_team_ridge","elo_goal_nb","open_core","frozen","rps","regulation_1x2","team_attack|team_defence|venue","d0f4469931258b3cbf0324b3e72519d44bc09c77e9776dc11ef58a87854f58ec","fold","wc2002","","world_cup",0.223859690290528,0.22286228257362,0.000997407716908029,64,,,,,,,"bcdc7ac0fbd7ac7aa59902f6bc0c3b7c78ea4d6bc41006eb15ac5aa0ad9a567b"
"poisson_team_ridge","production_hybrid_nb","feature_rich","frozen","rps","regulation_1x2","team_attack|team_defence|venue","d0f4469931258b3cbf0324b3e72519d44bc09c77e9776dc11ef58a87854f58ec","fold","wc2022","","world_cup",0.236290822872624,0.222906942893562,0.0133838799790618,64,,,,,,,"bcdc7ac0fbd7ac7aa59902f6bc0c3b7c78ea4d6bc41006eb15ac5aa0ad9a567b"
"poisson_team_ridge","open_nb_incumbent","open_core","frozen","rps","regulation_1x2","team_attack|team_defence|venue","d0f4469931258b3cbf0324b3e72519d44bc09c77e9776dc11ef58a87854f58ec","equal_tournament_headline","","","",0.222492061080944,0.223289677347567,-0.000797616266622577,630,,,,,,,"bcdc7ac0fbd7ac7aa59902f6bc0c3b7c78ea4d6bc41006eb15ac5aa0ad9a567b"
"poisson_team_ridge","elo_goal_nb","open_core","frozen","rps","regulation_1x2","team_attack|team_defence|venue","d0f4469931258b3cbf0324b3e72519d44bc09c77e9776dc11ef58a87854f58ec","fold","wc2014","","world_cup",0.228523339082865,0.223316208416854,0.00520713066601101,64,,,,,,,"bcdc7ac0fbd7ac7aa59902f6bc0c3b7c78ea4d6bc41006eb15ac5aa0ad9a567b"
"poisson_team_ridge","expanding_1x2","open_core","frozen","rps","regulation_1x2","team_attack|team_defence|venue","d0f4469931258b3cbf0324b3e72519d44bc09c77e9776dc11ef58a87854f58ec","fold","euro2024","","euro",0.202859205821026,0.225207595460973,-0.0223483896399475,51,,,,,,,"bcdc7ac0fbd7ac7aa59902f6bc0c3b7c78ea4d6bc41006eb15ac5aa0ad9a567b"
"poisson_team_ridge","expanding_1x2","open_core","updating","rps","regulation_1x2","team_attack|team_defence|venue","d0f4469931258b3cbf0324b3e72519d44bc09c77e9776dc11ef58a87854f58ec","fold","euro2024","","euro",0.202399957670409,0.22526830092061,-0.0228683432502005,51,,,,,,,"bcdc7ac0fbd7ac7aa59902f6bc0c3b7c78ea4d6bc41006eb15ac5aa0ad9a567b"
"poisson_team_ridge","uniform_1x2","open_core","updating","rps","regulation_1x2","team_attack|team_defence|venue","d0f4469931258b3cbf0324b3e72519d44bc09c77e9776dc11ef58a87854f58ec","fold","euro2016","","euro",0.21468046846997,0.225490196078429,-0.0108097276084596,51,,,,,,,"bcdc7ac0fbd7ac7aa59902f6bc0c3b7c78ea4d6bc41006eb15ac5aa0ad9a567b"
"poisson_team_ridge","uniform_1x2","open_core","updating","rps","regulation_1x2","team_attack|team_defence|venue","d0f4469931258b3cbf0324b3e72519d44bc09c77e9776dc11ef58a87854f58ec","fold","euro2020","","euro",0.205283111318713,0.22549019607843,-0.0202070847597172,51,,,,,,,"bcdc7ac0fbd7ac7aa59902f6bc0c3b7c78ea4d6bc41006eb15ac5aa0ad9a567b"
"poisson_team_ridge","uniform_1x2","open_core","frozen","rps","regulation_1x2","team_attack|team_defence|venue","d0f4469931258b3cbf0324b3e72519d44bc09c77e9776dc11ef58a87854f58ec","fold","euro2016","","euro",0.214653718494858,0.22549019607843,-0.0108364775835721,51,,,,,,,"bcdc7ac0fbd7ac7aa59902f6bc0c3b7c78ea4d6bc41006eb15ac5aa0ad9a567b"
"poisson_team_ridge","uniform_1x2","open_core","frozen","rps","regulation_1x2","team_attack|team_defence|venue","d0f4469931258b3cbf0324b3e72519d44bc09c77e9776dc11ef58a87854f58ec","fold","euro2020","","euro",0.205367592667358,0.225490196078431,-0.0201226034110732,51,,,,,,,"bcdc7ac0fbd7ac7aa59902f6bc0c3b7c78ea4d6bc41006eb15ac5aa0ad9a567b"
"poisson_team_ridge","expanding_1x2","open_core","frozen","rps","regulation_1x2","team_attack|team_defence|venue","d0f4469931258b3cbf0324b3e72519d44bc09c77e9776dc11ef58a87854f58ec","fold","wc2002","","world_cup",0.223859690290528,0.225824157415433,-0.001964467124905,64,,,,,,,"bcdc7ac0fbd7ac7aa59902f6bc0c3b7c78ea4d6bc41006eb15ac5aa0ad9a567b"
"poisson_team_ridge","open_nb_incumbent","open_core","frozen","rps","regulation_1x2","team_attack|team_defence|venue","d0f4469931258b3cbf0324b3e72519d44bc09c77e9776dc11ef58a87854f58ec","fold","wc2014","","world_cup",0.228523339082865,0.2258272417331,0.00269609734976526,64,,,,,,,"bcdc7ac0fbd7ac7aa59902f6bc0c3b7c78ea4d6bc41006eb15ac5aa0ad9a567b"
"poisson_team_ridge","expanding_1x2","open_core","updating","rps","regulation_1x2","team_attack|team_defence|venue","d0f4469931258b3cbf0324b3e72519d44bc09c77e9776dc11ef58a87854f58ec","fold","wc2002","","world_cup",0.220981642371175,0.225861316572284,-0.00487967420110934,64,,,,,,,"bcdc7ac0fbd7ac7aa59902f6bc0c3b7c78ea4d6bc41006eb15ac5aa0ad9a567b"
"poisson_team_ridge","open_nb_incumbent","open_core","frozen","rps","regulation_1x2","team_attack|team_defence|venue","d0f4469931258b3cbf0324b3e72519d44bc09c77e9776dc11ef58a87854f58ec","fold","wc2022","","world_cup",0.236290822872624,0.226118808703961,0.0101720141686631,64,,,,,,,"bcdc7ac0fbd7ac7aa59902f6bc0c3b7c78ea4d6bc41006eb15ac5aa0ad9a567b"
"poisson_team_ridge","open_nb_incumbent","open_core","updating","rps","regulation_1x2","team_attack|team_defence|venue","d0f4469931258b3cbf0324b3e72519d44bc09c77e9776dc11ef58a87854f58ec","fold","euro2012","","euro",0.233967874636742,0.227104724300039,0.00686315033670307,31,,,,,,,"bcdc7ac0fbd7ac7aa59902f6bc0c3b7c78ea4d6bc41006eb15ac5aa0ad9a567b"
"poisson_team_ridge","production_hybrid_nb","feature_rich","frozen","rps","regulation_1x2","team_attack|team_defence|venue","d0f4469931258b3cbf0324b3e72519d44bc09c77e9776dc11ef58a87854f58ec","fold","wc2018","","world_cup",0.230362952685968,0.22724105810526,0.00312189458070778,64,,,,,,,"bcdc7ac0fbd7ac7aa59902f6bc0c3b7c78ea4d6bc41006eb15ac5aa0ad9a567b"
"poisson_team_ridge","expanding_1x2","open_core","frozen","rps","regulation_1x2","team_attack|team_defence|venue","d0f4469931258b3cbf0324b3e72519d44bc09c77e9776dc11ef58a87854f58ec","fold","euro2016","","euro",0.214653718494858,0.227261591509116,-0.012607873014258,51,,,,,,,"bcdc7ac0fbd7ac7aa59902f6bc0c3b7c78ea4d6bc41006eb15ac5aa0ad9a567b"
"poisson_team_ridge","expanding_1x2","open_core","updating","rps","regulation_1x2","team_attack|team_defence|venue","d0f4469931258b3cbf0324b3e72519d44bc09c77e9776dc11ef58a87854f58ec","fold","euro2016","","euro",0.21468046846997,0.227348903289467,-0.0126684348194972,51,,,,,,,"bcdc7ac0fbd7ac7aa59902f6bc0c3b7c78ea4d6bc41006eb15ac5aa0ad9a567b"
"poisson_team_ridge","elo_goal_nb","open_core","frozen","rps","regulation_1x2","team_attack|team_defence|venue","d0f4469931258b3cbf0324b3e72519d44bc09c77e9776dc11ef58a87854f58ec","fold","wc2022","","world_cup",0.236290822872624,0.227460034050359,0.00883078882226509,64,,,,,,,"bcdc7ac0fbd7ac7aa59902f6bc0c3b7c78ea4d6bc41006eb15ac5aa0ad9a567b"
"poisson_team_ridge","elo_goal_nb","open_core","frozen","rps","regulation_1x2","team_attack|team_defence|venue","d0f4469931258b3cbf0324b3e72519d44bc09c77e9776dc11ef58a87854f58ec","fold","euro2008","","euro",0.24279815639683,0.227565017482987,0.0152331389138424,31,,,,,,,"bcdc7ac0fbd7ac7aa59902f6bc0c3b7c78ea4d6bc41006eb15ac5aa0ad9a567b"
"poisson_team_ridge","production_hybrid_nb","feature_rich","frozen","rps","regulation_1x2","team_attack|team_defence|venue","d0f4469931258b3cbf0324b3e72519d44bc09c77e9776dc11ef58a87854f58ec","fold","euro2008","","euro",0.24279815639683,0.228028515914912,0.0147696404819178,31,,,,,,,"bcdc7ac0fbd7ac7aa59902f6bc0c3b7c78ea4d6bc41006eb15ac5aa0ad9a567b"
"poisson_team_ridge","elo_goal_nb","open_core","frozen","rps","regulation_1x2","team_attack|team_defence|venue","d0f4469931258b3cbf0324b3e72519d44bc09c77e9776dc11ef58a87854f58ec","fold","wc2010","","world_cup",0.22182667127266,0.22821501416497,-0.00638834289231062,64,,,,,,,"bcdc7ac0fbd7ac7aa59902f6bc0c3b7c78ea4d6bc41006eb15ac5aa0ad9a567b"
"poisson_team_ridge","uniform_1x2","open_core","updating","rps","regulation_1x2","team_attack|team_defence|venue","d0f4469931258b3cbf0324b3e72519d44bc09c77e9776dc11ef58a87854f58ec","fold","wc2002","","world_cup",0.220981642371175,0.228298611111111,-0.0073169687399361,64,,,,,,,"bcdc7ac0fbd7ac7aa59902f6bc0c3b7c78ea4d6bc41006eb15ac5aa0ad9a567b"
"poisson_team_ridge","uniform_1x2","open_core","frozen","rps","regulation_1x2","team_attack|team_defence|venue","d0f4469931258b3cbf0324b3e72519d44bc09c77e9776dc11ef58a87854f58ec","fold","wc2002","","world_cup",0.223859690290528,0.228298611111114,-0.00443892082058572,64,,,,,,,"bcdc7ac0fbd7ac7aa59902f6bc0c3b7c78ea4d6bc41006eb15ac5aa0ad9a567b"
"poisson_team_ridge","elo_goal_nb","open_core","frozen","rps","regulation_1x2","team_attack|team_defence|venue","d0f4469931258b3cbf0324b3e72519d44bc09c77e9776dc11ef58a87854f58ec","fold","wc2018","","world_cup",0.230362952685968,0.230619947484092,-0.000256994798124677,64,,,,,,,"bcdc7ac0fbd7ac7aa59902f6bc0c3b7c78ea4d6bc41006eb15ac5aa0ad9a567b"
"poisson_team_ridge","expanding_1x2","open_core","frozen","rps","regulation_1x2","team_attack|team_defence|venue","d0f4469931258b3cbf0324b3e72519d44bc09c77e9776dc11ef58a87854f58ec","fold","euro2020","","euro",0.205367592667358,0.230797681507235,-0.0254300888398774,51,,,,,,,"bcdc7ac0fbd7ac7aa59902f6bc0c3b7c78ea4d6bc41006eb15ac5aa0ad9a567b"
"poisson_team_ridge","open_nb_incumbent","open_core","frozen","rps","regulation_1x2","team_attack|team_defence|venue","d0f4469931258b3cbf0324b3e72519d44bc09c77e9776dc11ef58a87854f58ec","fold","wc2010","","world_cup",0.22182667127266,0.230807108032634,-0.00898043675997454,64,,,,,,,"bcdc7ac0fbd7ac7aa59902f6bc0c3b7c78ea4d6bc41006eb15ac5aa0ad9a567b"
"poisson_team_ridge","uniform_1x2","open_core","updating","rps","regulation_1x2","team_attack|team_defence|venue","d0f4469931258b3cbf0324b3e72519d44bc09c77e9776dc11ef58a87854f58ec","fold","wc2010","","world_cup",0.221599075466577,0.230902777777778,-0.00930370231120096,64,,,,,,,"bcdc7ac0fbd7ac7aa59902f6bc0c3b7c78ea4d6bc41006eb15ac5aa0ad9a567b"
"poisson_team_ridge","uniform_1x2","open_core","frozen","rps","regulation_1x2","team_attack|team_defence|venue","d0f4469931258b3cbf0324b3e72519d44bc09c77e9776dc11ef58a87854f58ec","fold","wc2010","","world_cup",0.22182667127266,0.230902777777778,-0.00907610650511811,64,,,,,,,"bcdc7ac0fbd7ac7aa59902f6bc0c3b7c78ea4d6bc41006eb15ac5aa0ad9a567b"
"poisson_team_ridge","expanding_1x2","open_core","updating","rps","regulation_1x2","team_attack|team_defence|venue","d0f4469931258b3cbf0324b3e72519d44bc09c77e9776dc11ef58a87854f58ec","fold","euro2020","","euro",0.205283111318713,0.230982895569659,-0.0256997842509461,51,,,,,,,"bcdc7ac0fbd7ac7aa59902f6bc0c3b7c78ea4d6bc41006eb15ac5aa0ad9a567b"
"poisson_team_ridge","uniform_1x2","open_core","updating","rps","regulation_1x2","team_attack|team_defence|venue","d0f4469931258b3cbf0324b3e72519d44bc09c77e9776dc11ef58a87854f58ec","equal_tournament_headline","","","",0.2216126182724,0.231434811827957,-0.00982219355555701,630,,,,,,,"bcdc7ac0fbd7ac7aa59902f6bc0c3b7c78ea4d6bc41006eb15ac5aa0ad9a567b"
"poisson_team_ridge","uniform_1x2","open_core","frozen","rps","regulation_1x2","team_attack|team_defence|venue","d0f4469931258b3cbf0324b3e72519d44bc09c77e9776dc11ef58a87854f58ec","equal_tournament_headline","","","",0.222492061080944,0.231434811827957,-0.00894275074701237,630,,,,,,,"bcdc7ac0fbd7ac7aa59902f6bc0c3b7c78ea4d6bc41006eb15ac5aa0ad9a567b"
"poisson_team_ridge","uniform_1x2","open_core","updating","rps","regulation_1x2","team_attack|team_defence|venue","d0f4469931258b3cbf0324b3e72519d44bc09c77e9776dc11ef58a87854f58ec","fixture_weighted_secondary","","","",0.221389246924926,0.231481481481481,-0.0100922345565548,630,,,,,,,"bcdc7ac0fbd7ac7aa59902f6bc0c3b7c78ea4d6bc41006eb15ac5aa0ad9a567b"
"poisson_team_ridge","uniform_1x2","open_core","frozen","rps","regulation_1x2","team_attack|team_defence|venue","d0f4469931258b3cbf0324b3e72519d44bc09c77e9776dc11ef58a87854f58ec","fixture_weighted_secondary","","","",0.22231544734274,0.231481481481481,-0.00916603413874133,630,,,,,,,"bcdc7ac0fbd7ac7aa59902f6bc0c3b7c78ea4d6bc41006eb15ac5aa0ad9a567b"
"poisson_team_ridge","production_hybrid_nb","feature_rich","frozen","rps","regulation_1x2","team_attack|team_defence|venue","d0f4469931258b3cbf0324b3e72519d44bc09c77e9776dc11ef58a87854f58ec","fold","wc2010","","world_cup",0.220177427900549,0.231714769293689,-0.0115373413931399,61,,,,,,,"bcdc7ac0fbd7ac7aa59902f6bc0c3b7c78ea4d6bc41006eb15ac5aa0ad9a567b"
"poisson_team_ridge","open_nb_incumbent","open_core","frozen","rps","regulation_1x2","team_attack|team_defence|venue","d0f4469931258b3cbf0324b3e72519d44bc09c77e9776dc11ef58a87854f58ec","fold","euro2008","","euro",0.24279815639683,0.233089752424003,0.00970840397282652,31,,,,,,,"bcdc7ac0fbd7ac7aa59902f6bc0c3b7c78ea4d6bc41006eb15ac5aa0ad9a567b"
"poisson_team_ridge","uniform_1x2","open_core","frozen","rps","regulation_1x2","team_attack|team_defence|venue","d0f4469931258b3cbf0324b3e72519d44bc09c77e9776dc11ef58a87854f58ec","fold","wc2006","","world_cup",0.21774484998172,0.23350694444444,-0.0157620944627197,64,,,,,,,"bcdc7ac0fbd7ac7aa59902f6bc0c3b7c78ea4d6bc41006eb15ac5aa0ad9a567b"
"poisson_team_ridge","uniform_1x2","open_core","updating","rps","regulation_1x2","team_attack|team_defence|venue","d0f4469931258b3cbf0324b3e72519d44bc09c77e9776dc11ef58a87854f58ec","fold","wc2006","","world_cup",0.215899809853198,0.233506944444443,-0.0176071345912448,64,,,,,,,"bcdc7ac0fbd7ac7aa59902f6bc0c3b7c78ea4d6bc41006eb15ac5aa0ad9a567b"
"poisson_team_ridge","uniform_1x2","open_core","updating","rps","regulation_1x2","team_attack|team_defence|venue","d0f4469931258b3cbf0324b3e72519d44bc09c77e9776dc11ef58a87854f58ec","fold","wc2014","","world_cup",0.226776697620418,0.233506944444444,-0.00673024682402583,64,,,,,,,"bcdc7ac0fbd7ac7aa59902f6bc0c3b7c78ea4d6bc41006eb15ac5aa0ad9a567b"
"poisson_team_ridge","uniform_1x2","open_core","frozen","rps","regulation_1x2","team_attack|team_defence|venue","d0f4469931258b3cbf0324b3e72519d44bc09c77e9776dc11ef58a87854f58ec","fold","wc2014","","world_cup",0.228523339082865,0.233506944444445,-0.00498360536157949,64,,,,,,,"bcdc7ac0fbd7ac7aa59902f6bc0c3b7c78ea4d6bc41006eb15ac5aa0ad9a567b"
"poisson_team_ridge","expanding_1x2","open_core","updating","rps","regulation_1x2","team_attack|team_defence|venue","d0f4469931258b3cbf0324b3e72519d44bc09c77e9776dc11ef58a87854f58ec","fixture_weighted_secondary","","","",0.221389246924926,0.23401862928916,-0.0126293823642334,630,,,,,,,"bcdc7ac0fbd7ac7aa59902f6bc0c3b7c78ea4d6bc41006eb15ac5aa0ad9a567b"
"poisson_team_ridge","expanding_1x2","open_core","frozen","rps","regulation_1x2","team_attack|team_defence|venue","d0f4469931258b3cbf0324b3e72519d44bc09c77e9776dc11ef58a87854f58ec","fixture_weighted_secondary","","","",0.22231544734274,0.234046704117589,-0.011731256774849,630,,,,,,,"bcdc7ac0fbd7ac7aa59902f6bc0c3b7c78ea4d6bc41006eb15ac5aa0ad9a567b"
"poisson_team_ridge","open_nb_incumbent","open_core","frozen","rps","regulation_1x2","team_attack|team_defence|venue","d0f4469931258b3cbf0324b3e72519d44bc09c77e9776dc11ef58a87854f58ec","fold","wc2018","","world_cup",0.230362952685968,0.234575823914353,-0.0042128712283857,64,,,,,,,"bcdc7ac0fbd7ac7aa59902f6bc0c3b7c78ea4d6bc41006eb15ac5aa0ad9a567b"
"poisson_team_ridge","production_hybrid_nb","feature_rich","updating","rps","regulation_1x2","team_attack|team_defence|venue","d0f4469931258b3cbf0324b3e72519d44bc09c77e9776dc11ef58a87854f58ec","fold","euro2012","","euro",0.233564488242647,0.234600469568812,-0.00103598132616589,28,,,,,,,"bcdc7ac0fbd7ac7aa59902f6bc0c3b7c78ea4d6bc41006eb15ac5aa0ad9a567b"
"poisson_team_ridge","expanding_1x2","open_core","updating","rps","regulation_1x2","team_attack|team_defence|venue","d0f4469931258b3cbf0324b3e72519d44bc09c77e9776dc11ef58a87854f58ec","equal_tournament_headline","","","",0.2216126182724,0.235146944074474,-0.0135343258020742,630,,,,,,,"bcdc7ac0fbd7ac7aa59902f6bc0c3b7c78ea4d6bc41006eb15ac5aa0ad9a567b"
"poisson_team_ridge","expanding_1x2","open_core","frozen","rps","regulation_1x2","team_attack|team_defence|venue","d0f4469931258b3cbf0324b3e72519d44bc09c77e9776dc11ef58a87854f58ec","equal_tournament_headline","","","",0.222492061080944,0.235193730960201,-0.0127016698792566,630,,,,,,,"bcdc7ac0fbd7ac7aa59902f6bc0c3b7c78ea4d6bc41006eb15ac5aa0ad9a567b"
"poisson_team_ridge","expanding_1x2","open_core","updating","rps","regulation_1x2","team_attack|team_defence|venue","d0f4469931258b3cbf0324b3e72519d44bc09c77e9776dc11ef58a87854f58ec","fold","wc2022","","world_cup",0.236415623383062,0.235293526070556,0.00112209731250597,64,,,,,,,"bcdc7ac0fbd7ac7aa59902f6bc0c3b7c78ea4d6bc41006eb15ac5aa0ad9a567b"
"poisson_team_ridge","expanding_1x2","open_core","frozen","rps","regulation_1x2","team_attack|team_defence|venue","d0f4469931258b3cbf0324b3e72519d44bc09c77e9776dc11ef58a87854f58ec","fold","wc2022","","world_cup",0.236290822872624,0.235312919221245,0.00097790365137856,64,,,,,,,"bcdc7ac0fbd7ac7aa59902f6bc0c3b7c78ea4d6bc41006eb15ac5aa0ad9a567b"
"poisson_team_ridge","expanding_1x2","open_core","frozen","rps","regulation_1x2","team_attack|team_defence|venue","d0f4469931258b3cbf0324b3e72519d44bc09c77e9776dc11ef58a87854f58ec","fold","wc2014","","world_cup",0.228523339082865,0.237827219026287,-0.00930387994342159,64,,,,,,,"bcdc7ac0fbd7ac7aa59902f6bc0c3b7c78ea4d6bc41006eb15ac5aa0ad9a567b"
"poisson_team_ridge","expanding_1x2","open_core","updating","rps","regulation_1x2","team_attack|team_defence|venue","d0f4469931258b3cbf0324b3e72519d44bc09c77e9776dc11ef58a87854f58ec","fold","wc2014","","world_cup",0.226776697620418,0.23785716685019,-0.011080469229772,64,,,,,,,"bcdc7ac0fbd7ac7aa59902f6bc0c3b7c78ea4d6bc41006eb15ac5aa0ad9a567b"
"poisson_team_ridge","expanding_1x2","open_core","updating","rps","regulation_1x2","team_attack|team_defence|venue","d0f4469931258b3cbf0324b3e72519d44bc09c77e9776dc11ef58a87854f58ec","fold","wc2010","","world_cup",0.221599075466577,0.237873343461482,-0.0162742679949048,64,,,,,,,"bcdc7ac0fbd7ac7aa59902f6bc0c3b7c78ea4d6bc41006eb15ac5aa0ad9a567b"
"poisson_team_ridge","expanding_1x2","open_core","frozen","rps","regulation_1x2","team_attack|team_defence|venue","d0f4469931258b3cbf0324b3e72519d44bc09c77e9776dc11ef58a87854f58ec","fold","wc2010","","world_cup",0.22182667127266,0.237998093302875,-0.0161714220302158,64,,,,,,,"bcdc7ac0fbd7ac7aa59902f6bc0c3b7c78ea4d6bc41006eb15ac5aa0ad9a567b"
"poisson_team_ridge","uniform_1x2","open_core","frozen","rps","regulation_1x2","team_attack|team_defence|venue","d0f4469931258b3cbf0324b3e72519d44bc09c77e9776dc11ef58a87854f58ec","fold","wc2022","","world_cup",0.236290822872624,0.238715277777779,-0.00242445490515523,64,,,,,,,"bcdc7ac0fbd7ac7aa59902f6bc0c3b7c78ea4d6bc41006eb15ac5aa0ad9a567b"
"poisson_team_ridge","uniform_1x2","open_core","updating","rps","regulation_1x2","team_attack|team_defence|venue","d0f4469931258b3cbf0324b3e72519d44bc09c77e9776dc11ef58a87854f58ec","fold","wc2022","","world_cup",0.236415623383062,0.238715277777779,-0.0022996543947168,64,,,,,,,"bcdc7ac0fbd7ac7aa59902f6bc0c3b7c78ea4d6bc41006eb15ac5aa0ad9a567b"
"poisson_team_ridge","uniform_1x2","open_core","frozen","rps","regulation_1x2","team_attack|team_defence|venue","d0f4469931258b3cbf0324b3e72519d44bc09c77e9776dc11ef58a87854f58ec","fold","euro2012","","euro",0.234440876750579,0.240143369175627,-0.00570249242504833,31,,,,,,,"bcdc7ac0fbd7ac7aa59902f6bc0c3b7c78ea4d6bc41006eb15ac5aa0ad9a567b"
"poisson_team_ridge","uniform_1x2","open_core","updating","rps","regulation_1x2","team_attack|team_defence|venue","d0f4469931258b3cbf0324b3e72519d44bc09c77e9776dc11ef58a87854f58ec","fold","euro2012","","euro",0.233967874636742,0.240143369175628,-0.0061754945388852,31,,,,,,,"bcdc7ac0fbd7ac7aa59902f6bc0c3b7c78ea4d6bc41006eb15ac5aa0ad9a567b"
"poisson_team_ridge","uniform_1x2","open_core","updating","rps","regulation_1x2","team_attack|team_defence|venue","d0f4469931258b3cbf0324b3e72519d44bc09c77e9776dc11ef58a87854f58ec","fold","wc2018","","world_cup",0.229480509371904,0.241319444444444,-0.0118389350725395,64,,,,,,,"bcdc7ac0fbd7ac7aa59902f6bc0c3b7c78ea4d6bc41006eb15ac5aa0ad9a567b"
"poisson_team_ridge","uniform_1x2","open_core","frozen","rps","regulation_1x2","team_attack|team_defence|venue","d0f4469931258b3cbf0324b3e72519d44bc09c77e9776dc11ef58a87854f58ec","fold","wc2018","","world_cup",0.230362952685968,0.241319444444445,-0.0109564917584776,64,,,,,,,"bcdc7ac0fbd7ac7aa59902f6bc0c3b7c78ea4d6bc41006eb15ac5aa0ad9a567b"
"poisson_team_ridge","elo_goal_nb","open_core","frozen","rps","regulation_1x2","team_attack|team_defence|venue","d0f4469931258b3cbf0324b3e72519d44bc09c77e9776dc11ef58a87854f58ec","fold","euro2012","","euro",0.234440876750579,0.242627431108916,-0.00818655435833738,31,,,,,,,"bcdc7ac0fbd7ac7aa59902f6bc0c3b7c78ea4d6bc41006eb15ac5aa0ad9a567b"
"poisson_team_ridge","uniform_1x2","open_core","frozen","rps","regulation_1x2","team_attack|team_defence|venue","d0f4469931258b3cbf0324b3e72519d44bc09c77e9776dc11ef58a87854f58ec","fold","euro2008","","euro",0.24279815639683,0.245519713261648,-0.00272155686481859,31,,,,,,,"bcdc7ac0fbd7ac7aa59902f6bc0c3b7c78ea4d6bc41006eb15ac5aa0ad9a567b"
"poisson_team_ridge","uniform_1x2","open_core","updating","rps","regulation_1x2","team_attack|team_defence|venue","d0f4469931258b3cbf0324b3e72519d44bc09c77e9776dc11ef58a87854f58ec","fold","euro2008","","euro",0.241690798799348,0.245519713261649,-0.00382891446230097,31,,,,,,,"bcdc7ac0fbd7ac7aa59902f6bc0c3b7c78ea4d6bc41006eb15ac5aa0ad9a567b"
"poisson_team_ridge","open_nb_incumbent","open_core","frozen","rps","regulation_1x2","team_attack|team_defence|venue","d0f4469931258b3cbf0324b3e72519d44bc09c77e9776dc11ef58a87854f58ec","fold","euro2012","","euro",0.234440876750579,0.247874705456687,-0.0134338287061083,31,,,,,,,"bcdc7ac0fbd7ac7aa59902f6bc0c3b7c78ea4d6bc41006eb15ac5aa0ad9a567b"
"poisson_team_ridge","expanding_1x2","open_core","updating","rps","regulation_1x2","team_attack|team_defence|venue","d0f4469931258b3cbf0324b3e72519d44bc09c77e9776dc11ef58a87854f58ec","fold","wc2018","","world_cup",0.229480509371904,0.249904094958613,-0.020423585586709,64,,,,,,,"bcdc7ac0fbd7ac7aa59902f6bc0c3b7c78ea4d6bc41006eb15ac5aa0ad9a567b"
"poisson_team_ridge","expanding_1x2","open_core","frozen","rps","regulation_1x2","team_attack|team_defence|venue","d0f4469931258b3cbf0324b3e72519d44bc09c77e9776dc11ef58a87854f58ec","fold","wc2018","","world_cup",0.230362952685968,0.250073689586583,-0.0197107369006155,64,,,,,,,"bcdc7ac0fbd7ac7aa59902f6bc0c3b7c78ea4d6bc41006eb15ac5aa0ad9a567b"
"poisson_team_ridge","production_hybrid_nb","feature_rich","frozen","rps","regulation_1x2","team_attack|team_defence|venue","d0f4469931258b3cbf0324b3e72519d44bc09c77e9776dc11ef58a87854f58ec","fold","euro2012","","euro",0.23354464222481,0.253610006851323,-0.0200653646265131,28,,,,,,,"bcdc7ac0fbd7ac7aa59902f6bc0c3b7c78ea4d6bc41006eb15ac5aa0ad9a567b"
"poisson_team_ridge","expanding_1x2","open_core","updating","rps","regulation_1x2","team_attack|team_defence|venue","d0f4469931258b3cbf0324b3e72519d44bc09c77e9776dc11ef58a87854f58ec","fold","euro2012","","euro",0.233967874636742,0.253759356367876,-0.0197914817311334,31,,,,,,,"bcdc7ac0fbd7ac7aa59902f6bc0c3b7c78ea4d6bc41006eb15ac5aa0ad9a567b"
"poisson_team_ridge","expanding_1x2","open_core","frozen","rps","regulation_1x2","team_attack|team_defence|venue","d0f4469931258b3cbf0324b3e72519d44bc09c77e9776dc11ef58a87854f58ec","fold","euro2012","","euro",0.234440876750579,0.253869302014132,-0.0194284252635535,31,,,,,,,"bcdc7ac0fbd7ac7aa59902f6bc0c3b7c78ea4d6bc41006eb15ac5aa0ad9a567b"
"poisson_team_ridge","expanding_1x2","open_core","updating","rps","regulation_1x2","team_attack|team_defence|venue","d0f4469931258b3cbf0324b3e72519d44bc09c77e9776dc11ef58a87854f58ec","fold","euro2008","","euro",0.241690798799348,0.261110264571922,-0.0194194657725737,31,,,,,,,"bcdc7ac0fbd7ac7aa59902f6bc0c3b7c78ea4d6bc41006eb15ac5aa0ad9a567b"
"poisson_team_ridge","expanding_1x2","open_core","frozen","rps","regulation_1x2","team_attack|team_defence|venue","d0f4469931258b3cbf0324b3e72519d44bc09c77e9776dc11ef58a87854f58ec","fold","euro2008","","euro",0.24279815639683,0.26180962201498,-0.0190114656181504,31,,,,,,,"bcdc7ac0fbd7ac7aa59902f6bc0c3b7c78ea4d6bc41006eb15ac5aa0ad9a567b"
"poisson_team_ridge","elo_goal_nb","open_core","frozen","rps","regulation_1x2","team_attack|team_defence|venue","d0f4469931258b3cbf0324b3e72519d44bc09c77e9776dc11ef58a87854f58ec","leave_one_tournament_out","","euro2004","",,,-0.000336651387849511,,,,,,,,"bcdc7ac0fbd7ac7aa59902f6bc0c3b7c78ea4d6bc41006eb15ac5aa0ad9a567b"
"poisson_team_ridge","elo_goal_nb","open_core","frozen","rps","regulation_1x2","team_attack|team_defence|venue","d0f4469931258b3cbf0324b3e72519d44bc09c77e9776dc11ef58a87854f58ec","leave_one_tournament_out","","wc2014","",,,-0.000469638708167245,,,,,,,,"bcdc7ac0fbd7ac7aa59902f6bc0c3b7c78ea4d6bc41006eb15ac5aa0ad9a567b"
"poisson_team_ridge","elo_goal_nb","open_core","frozen","rps","regulation_1x2","team_attack|team_defence|venue","d0f4469931258b3cbf0324b3e72519d44bc09c77e9776dc11ef58a87854f58ec","leave_one_tournament_out","","wc2006","",,,-0.000505346900880609,,,,,,,,"bcdc7ac0fbd7ac7aa59902f6bc0c3b7c78ea4d6bc41006eb15ac5aa0ad9a567b"
"poisson_team_ridge","elo_goal_nb","open_core","frozen","rps","regulation_1x2","team_attack|team_defence|venue","d0f4469931258b3cbf0324b3e72519d44bc09c77e9776dc11ef58a87854f58ec","leave_one_tournament_out","","wc2022","",,,-0.000799062176917617,,,,,,,,"bcdc7ac0fbd7ac7aa59902f6bc0c3b7c78ea4d6bc41006eb15ac5aa0ad9a567b"
"poisson_team_ridge","elo_goal_nb","open_core","frozen","rps","regulation_1x2","team_attack|team_defence|venue","d0f4469931258b3cbf0324b3e72519d44bc09c77e9776dc11ef58a87854f58ec","leave_one_tournament_out","","euro2008","",,,-0.00138109400342464,,,,,,,,"bcdc7ac0fbd7ac7aa59902f6bc0c3b7c78ea4d6bc41006eb15ac5aa0ad9a567b"
"poisson_team_ridge","elo_goal_nb","open_core","frozen","rps","regulation_1x2","team_attack|team_defence|venue","d0f4469931258b3cbf0324b3e72519d44bc09c77e9776dc11ef58a87854f58ec","leave_one_tournament_out","","wc2002","",,,-8.69366218851566e-05,,,,,,,,"bcdc7ac0fbd7ac7aa59902f6bc0c3b7c78ea4d6bc41006eb15ac5aa0ad9a567b"
"poisson_team_ridge","elo_goal_nb","open_core","frozen","rps","regulation_1x2","team_attack|team_defence|venue","d0f4469931258b3cbf0324b3e72519d44bc09c77e9776dc11ef58a87854f58ec","leave_one_tournament_out","","euro2016","",,,0.00045281170158955,,,,,,,,"bcdc7ac0fbd7ac7aa59902f6bc0c3b7c78ea4d6bc41006eb15ac5aa0ad9a567b"
"poisson_team_ridge","elo_goal_nb","open_core","frozen","rps","regulation_1x2","team_attack|team_defence|venue","d0f4469931258b3cbf0324b3e72519d44bc09c77e9776dc11ef58a87854f58ec","leave_one_tournament_out","","euro2024","",,,0.00055242467566732,,,,,,,,"bcdc7ac0fbd7ac7aa59902f6bc0c3b7c78ea4d6bc41006eb15ac5aa0ad9a567b"
"poisson_team_ridge","elo_goal_nb","open_core","frozen","rps","regulation_1x2","team_attack|team_defence|venue","d0f4469931258b3cbf0324b3e72519d44bc09c77e9776dc11ef58a87854f58ec","leave_one_tournament_out","","wc2010","",,,0.000584495251680176,,,,,,,,"bcdc7ac0fbd7ac7aa59902f6bc0c3b7c78ea4d6bc41006eb15ac5aa0ad9a567b"
"poisson_team_ridge","elo_goal_nb","open_core","frozen","rps","regulation_1x2","team_attack|team_defence|venue","d0f4469931258b3cbf0324b3e72519d44bc09c77e9776dc11ef58a87854f58ec","leave_one_tournament_out","","euro2012","",,,0.000747969021318972,,,,,,,,"bcdc7ac0fbd7ac7aa59902f6bc0c3b7c78ea4d6bc41006eb15ac5aa0ad9a567b"
"poisson_team_ridge","elo_goal_nb","open_core","frozen","rps","regulation_1x2","team_attack|team_defence|venue","d0f4469931258b3cbf0324b3e72519d44bc09c77e9776dc11ef58a87854f58ec","leave_one_tournament_out","","euro2020","",,,0.00125503405464953,,,,,,,,"bcdc7ac0fbd7ac7aa59902f6bc0c3b7c78ea4d6bc41006eb15ac5aa0ad9a567b"
"poisson_team_ridge","elo_goal_nb","open_core","updating","rps","regulation_1x2","team_attack|team_defence|venue","d0f4469931258b3cbf0324b3e72519d44bc09c77e9776dc11ef58a87854f58ec","leave_one_tournament_out","","wc2006","",,,0.0173311042697541,,,,,,,,"bcdc7ac0fbd7ac7aa59902f6bc0c3b7c78ea4d6bc41006eb15ac5aa0ad9a567b"
"poisson_team_ridge","elo_goal_nb","open_core","updating","rps","regulation_1x2","team_attack|team_defence|venue","d0f4469931258b3cbf0324b3e72519d44bc09c77e9776dc11ef58a87854f58ec","leave_one_tournament_out","","euro2008","",,,0.0176712377305938,,,,,,,,"bcdc7ac0fbd7ac7aa59902f6bc0c3b7c78ea4d6bc41006eb15ac5aa0ad9a567b"
"poisson_team_ridge","elo_goal_nb","open_core","updating","rps","regulation_1x2","team_attack|team_defence|venue","d0f4469931258b3cbf0324b3e72519d44bc09c77e9776dc11ef58a87854f58ec","leave_one_tournament_out","","wc2010","",,,0.0180681806612034,,,,,,,,"bcdc7ac0fbd7ac7aa59902f6bc0c3b7c78ea4d6bc41006eb15ac5aa0ad9a567b"
"poisson_team_ridge","elo_goal_nb","open_core","updating","rps","regulation_1x2","team_attack|team_defence|venue","d0f4469931258b3cbf0324b3e72519d44bc09c77e9776dc11ef58a87854f58ec","leave_one_tournament_out","","wc2018","",,,0.0182159458911512,,,,,,,,"bcdc7ac0fbd7ac7aa59902f6bc0c3b7c78ea4d6bc41006eb15ac5aa0ad9a567b"
"poisson_team_ridge","elo_goal_nb","open_core","updating","rps","regulation_1x2","team_attack|team_defence|venue","d0f4469931258b3cbf0324b3e72519d44bc09c77e9776dc11ef58a87854f58ec","leave_one_tournament_out","","wc2022","",,,0.018673246871097,,,,,,,,"bcdc7ac0fbd7ac7aa59902f6bc0c3b7c78ea4d6bc41006eb15ac5aa0ad9a567b"
"poisson_team_ridge","elo_goal_nb","open_core","updating","rps","regulation_1x2","team_attack|team_defence|venue","d0f4469931258b3cbf0324b3e72519d44bc09c77e9776dc11ef58a87854f58ec","leave_one_tournament_out","","wc2014","",,,0.019100300603745,,,,,,,,"bcdc7ac0fbd7ac7aa59902f6bc0c3b7c78ea4d6bc41006eb15ac5aa0ad9a567b"
"poisson_team_ridge","elo_goal_nb","open_core","updating","rps","regulation_1x2","team_attack|team_defence|venue","d0f4469931258b3cbf0324b3e72519d44bc09c77e9776dc11ef58a87854f58ec","tournament_bootstrap","","","",,,0.0191388948927268,,0.0119029593104853,0.026280559927809,,,,,"bcdc7ac0fbd7ac7aa59902f6bc0c3b7c78ea4d6bc41006eb15ac5aa0ad9a567b"
"poisson_team_ridge","elo_goal_nb","open_core","updating","rps","regulation_1x2","team_attack|team_defence|venue","d0f4469931258b3cbf0324b3e72519d44bc09c77e9776dc11ef58a87854f58ec","leave_one_tournament_out","","euro2020","",,,0.0191939564826565,,,,,,,,"bcdc7ac0fbd7ac7aa59902f6bc0c3b7c78ea4d6bc41006eb15ac5aa0ad9a567b"
"poisson_team_ridge","elo_goal_nb","open_core","updating","rps","regulation_1x2","team_attack|team_defence|venue","d0f4469931258b3cbf0324b3e72519d44bc09c77e9776dc11ef58a87854f58ec","leave_one_tournament_out","","euro2012","",,,0.0197352427344481,,,,,,,,"bcdc7ac0fbd7ac7aa59902f6bc0c3b7c78ea4d6bc41006eb15ac5aa0ad9a567b"
"poisson_team_ridge","elo_goal_nb","open_core","updating","rps","regulation_1x2","team_attack|team_defence|venue","d0f4469931258b3cbf0324b3e72519d44bc09c77e9776dc11ef58a87854f58ec","leave_one_tournament_out","","euro2004","",,,0.019755540715227,,,,,,,,"bcdc7ac0fbd7ac7aa59902f6bc0c3b7c78ea4d6bc41006eb15ac5aa0ad9a567b"
"poisson_team_ridge","elo_goal_nb","open_core","updating","rps","regulation_1x2","team_attack|team_defence|venue","d0f4469931258b3cbf0324b3e72519d44bc09c77e9776dc11ef58a87854f58ec","leave_one_tournament_out","","wc2002","",,,0.0202271168996321,,,,,,,,"bcdc7ac0fbd7ac7aa59902f6bc0c3b7c78ea4d6bc41006eb15ac5aa0ad9a567b"
"poisson_team_ridge","elo_goal_nb","open_core","updating","rps","regulation_1x2","team_attack|team_defence|venue","d0f4469931258b3cbf0324b3e72519d44bc09c77e9776dc11ef58a87854f58ec","leave_one_tournament_out","","euro2024","",,,0.0205450743519977,,,,,,,,"bcdc7ac0fbd7ac7aa59902f6bc0c3b7c78ea4d6bc41006eb15ac5aa0ad9a567b"
"poisson_team_ridge","elo_goal_nb","open_core","updating","rps","regulation_1x2","team_attack|team_defence|venue","d0f4469931258b3cbf0324b3e72519d44bc09c77e9776dc11ef58a87854f58ec","leave_one_tournament_out","","euro2016","",,,0.0211497915012151,,,,,,,,"bcdc7ac0fbd7ac7aa59902f6bc0c3b7c78ea4d6bc41006eb15ac5aa0ad9a567b"
"poisson_team_ridge","elo_goal_nb","open_core","frozen","rps","regulation_1x2","team_attack|team_defence|venue","d0f4469931258b3cbf0324b3e72519d44bc09c77e9776dc11ef58a87854f58ec","leave_one_tournament_out","","wc2018","",,,2.70999703905439e-05,,,,,,,,"bcdc7ac0fbd7ac7aa59902f6bc0c3b7c78ea4d6bc41006eb15ac5aa0ad9a567b"
"poisson_team_ridge","elo_goal_nb","open_core","frozen","rps","regulation_1x2","team_attack|team_defence|venue","d0f4469931258b3cbf0324b3e72519d44bc09c77e9776dc11ef58a87854f58ec","tournament_bootstrap","","","",,,3.42540634760882e-06,,-0.00443938742918535,0.00444195575149455,,,,,"bcdc7ac0fbd7ac7aa59902f6bc0c3b7c78ea4d6bc41006eb15ac5aa0ad9a567b"
"poisson_team_ridge","elo_goal_nb","open_core","updating","rps","regulation_1x2","team_attack|team_defence|venue","d0f4469931258b3cbf0324b3e72519d44bc09c77e9776dc11ef58a87854f58ec","fold_breadth","","","",,,,,,,1,0,1,0.0390245917454263,"bcdc7ac0fbd7ac7aa59902f6bc0c3b7c78ea4d6bc41006eb15ac5aa0ad9a567b"
"poisson_team_ridge","elo_goal_nb","open_core","frozen","rps","regulation_1x2","team_attack|team_defence|venue","d0f4469931258b3cbf0324b3e72519d44bc09c77e9776dc11ef58a87854f58ec","fold_breadth","","","",,,,,,,6,2,4,0.0152331389138424,"bcdc7ac0fbd7ac7aa59902f6bc0c3b7c78ea4d6bc41006eb15ac5aa0ad9a567b"
"poisson_team_ridge","expanding_1x2","open_core","frozen","rps","regulation_1x2","team_attack|team_defence|venue","d0f4469931258b3cbf0324b3e72519d44bc09c77e9776dc11ef58a87854f58ec","leave_one_tournament_out","","euro2020","",,,-0.0115445408828365,,,,,,,,"bcdc7ac0fbd7ac7aa59902f6bc0c3b7c78ea4d6bc41006eb15ac5aa0ad9a567b"
"poisson_team_ridge","expanding_1x2","open_core","frozen","rps","regulation_1x2","team_attack|team_defence|venue","d0f4469931258b3cbf0324b3e72519d44bc09c77e9776dc11ef58a87854f58ec","leave_one_tournament_out","","euro2024","",,,-0.0118246953555574,,,,,,,,"bcdc7ac0fbd7ac7aa59902f6bc0c3b7c78ea4d6bc41006eb15ac5aa0ad9a567b"
"poisson_team_ridge","expanding_1x2","open_core","frozen","rps","regulation_1x2","team_attack|team_defence|venue","d0f4469931258b3cbf0324b3e72519d44bc09c77e9776dc11ef58a87854f58ec","leave_one_tournament_out","","wc2018","",,,-0.012064481968224,,,,,,,,"bcdc7ac0fbd7ac7aa59902f6bc0c3b7c78ea4d6bc41006eb15ac5aa0ad9a567b"
"poisson_team_ridge","expanding_1x2","open_core","frozen","rps","regulation_1x2","team_attack|team_defence|venue","d0f4469931258b3cbf0324b3e72519d44bc09c77e9776dc11ef58a87854f58ec","leave_one_tournament_out","","euro2012","",,,-0.0120901466625023,,,,,,,,"bcdc7ac0fbd7ac7aa59902f6bc0c3b7c78ea4d6bc41006eb15ac5aa0ad9a567b"
"poisson_team_ridge","expanding_1x2","open_core","frozen","rps","regulation_1x2","team_attack|team_defence|venue","d0f4469931258b3cbf0324b3e72519d44bc09c77e9776dc11ef58a87854f58ec","leave_one_tournament_out","","euro2008","",,,-0.0121280520848117,,,,,,,,"bcdc7ac0fbd7ac7aa59902f6bc0c3b7c78ea4d6bc41006eb15ac5aa0ad9a567b"
"poisson_team_ridge","expanding_1x2","open_core","frozen","rps","regulation_1x2","team_attack|team_defence|venue","d0f4469931258b3cbf0324b3e72519d44bc09c77e9776dc11ef58a87854f58ec","leave_one_tournament_out","","wc2010","",,,-0.012386237865533,,,,,,,,"bcdc7ac0fbd7ac7aa59902f6bc0c3b7c78ea4d6bc41006eb15ac5aa0ad9a567b"
"poisson_team_ridge","expanding_1x2","open_core","updating","rps","regulation_1x2","team_attack|team_defence|venue","d0f4469931258b3cbf0324b3e72519d44bc09c77e9776dc11ef58a87854f58ec","leave_one_tournament_out","","euro2020","",,,-0.012428375033995,,,,,,,,"bcdc7ac0fbd7ac7aa59902f6bc0c3b7c78ea4d6bc41006eb15ac5aa0ad9a567b"
"poisson_team_ridge","expanding_1x2","open_core","updating","rps","regulation_1x2","team_attack|team_defence|venue","d0f4469931258b3cbf0324b3e72519d44bc09c77e9776dc11ef58a87854f58ec","leave_one_tournament_out","","euro2024","",,,-0.0126857787613355,,,,,,,,"bcdc7ac0fbd7ac7aa59902f6bc0c3b7c78ea4d6bc41006eb15ac5aa0ad9a567b"
"poisson_team_ridge","expanding_1x2","open_core","frozen","rps","regulation_1x2","team_attack|team_defence|venue","d0f4469931258b3cbf0324b3e72519d44bc09c77e9776dc11ef58a87854f58ec","tournament_bootstrap","","","",,,-0.0127016698792566,,-0.0175479328467403,-0.00762356644267347,,,,,"bcdc7ac0fbd7ac7aa59902f6bc0c3b7c78ea4d6bc41006eb15ac5aa0ad9a567b"
"poisson_team_ridge","expanding_1x2","open_core","frozen","rps","regulation_1x2","team_attack|team_defence|venue","d0f4469931258b3cbf0324b3e72519d44bc09c77e9776dc11ef58a87854f58ec","leave_one_tournament_out","","euro2016","",,,-0.0127101968669837,,,,,,,,"bcdc7ac0fbd7ac7aa59902f6bc0c3b7c78ea4d6bc41006eb15ac5aa0ad9a567b"
"poisson_team_ridge","expanding_1x2","open_core","updating","rps","regulation_1x2","team_attack|team_defence|venue","d0f4469931258b3cbf0324b3e72519d44bc09c77e9776dc11ef58a87854f58ec","leave_one_tournament_out","","wc2018","",,,-0.0129080294580165,,,,,,,,"bcdc7ac0fbd7ac7aa59902f6bc0c3b7c78ea4d6bc41006eb15ac5aa0ad9a567b"
"poisson_team_ridge","expanding_1x2","open_core","updating","rps","regulation_1x2","team_attack|team_defence|venue","d0f4469931258b3cbf0324b3e72519d44bc09c77e9776dc11ef58a87854f58ec","leave_one_tournament_out","","euro2012","",,,-0.0129654934448871,,,,,,,,"bcdc7ac0fbd7ac7aa59902f6bc0c3b7c78ea4d6bc41006eb15ac5aa0ad9a567b"
"poisson_team_ridge","expanding_1x2","open_core","updating","rps","regulation_1x2","team_attack|team_defence|venue","d0f4469931258b3cbf0324b3e72519d44bc09c77e9776dc11ef58a87854f58ec","leave_one_tournament_out","","euro2008","",,,-0.0129993130774834,,,,,,,,"bcdc7ac0fbd7ac7aa59902f6bc0c3b7c78ea4d6bc41006eb15ac5aa0ad9a567b"
"poisson_team_ridge","expanding_1x2","open_core","frozen","rps","regulation_1x2","team_attack|team_defence|venue","d0f4469931258b3cbf0324b3e72519d44bc09c77e9776dc11ef58a87854f58ec","leave_one_tournament_out","","euro2004","",,,-0.0130005772495613,,,,,,,,"bcdc7ac0fbd7ac7aa59902f6bc0c3b7c78ea4d6bc41006eb15ac5aa0ad9a567b"
"poisson_team_ridge","expanding_1x2","open_core","frozen","rps","regulation_1x2","team_attack|team_defence|venue","d0f4469931258b3cbf0324b3e72519d44bc09c77e9776dc11ef58a87854f58ec","leave_one_tournament_out","","wc2014","",,,-0.0130105598734234,,,,,,,,"bcdc7ac0fbd7ac7aa59902f6bc0c3b7c78ea4d6bc41006eb15ac5aa0ad9a567b"
"poisson_team_ridge","expanding_1x2","open_core","updating","rps","regulation_1x2","team_attack|team_defence|venue","d0f4469931258b3cbf0324b3e72519d44bc09c77e9776dc11ef58a87854f58ec","leave_one_tournament_out","","wc2010","",,,-0.0132852401481806,,,,,,,,"bcdc7ac0fbd7ac7aa59902f6bc0c3b7c78ea4d6bc41006eb15ac5aa0ad9a567b"
"poisson_team_ridge","expanding_1x2","open_core","updating","rps","regulation_1x2","team_attack|team_defence|venue","d0f4469931258b3cbf0324b3e72519d44bc09c77e9776dc11ef58a87854f58ec","tournament_bootstrap","","","",,,-0.0135343258020742,,-0.0181357076043639,-0.00870651286686733,,,,,"bcdc7ac0fbd7ac7aa59902f6bc0c3b7c78ea4d6bc41006eb15ac5aa0ad9a567b"
"poisson_team_ridge","expanding_1x2","open_core","updating","rps","regulation_1x2","team_attack|team_defence|venue","d0f4469931258b3cbf0324b3e72519d44bc09c77e9776dc11ef58a87854f58ec","leave_one_tournament_out","","euro2016","",,,-0.0136130431641267,,,,,,,,"bcdc7ac0fbd7ac7aa59902f6bc0c3b7c78ea4d6bc41006eb15ac5aa0ad9a567b"
"poisson_team_ridge","expanding_1x2","open_core","frozen","rps","regulation_1x2","team_attack|team_defence|venue","d0f4469931258b3cbf0324b3e72519d44bc09c77e9776dc11ef58a87854f58ec","leave_one_tournament_out","","wc2002","",,,-0.0136777792205613,,,,,,,,"bcdc7ac0fbd7ac7aa59902f6bc0c3b7c78ea4d6bc41006eb15ac5aa0ad9a567b"
"poisson_team_ridge","expanding_1x2","open_core","updating","rps","regulation_1x2","team_attack|team_defence|venue","d0f4469931258b3cbf0324b3e72519d44bc09c77e9776dc11ef58a87854f58ec","leave_one_tournament_out","","wc2014","",,,-0.0137574036722835,,,,,,,,"bcdc7ac0fbd7ac7aa59902f6bc0c3b7c78ea4d6bc41006eb15ac5aa0ad9a567b"
"poisson_team_ridge","expanding_1x2","open_core","updating","rps","regulation_1x2","team_attack|team_defence|venue","d0f4469931258b3cbf0324b3e72519d44bc09c77e9776dc11ef58a87854f58ec","leave_one_tournament_out","","euro2004","",,,-0.0138065517049205,,,,,,,,"bcdc7ac0fbd7ac7aa59902f6bc0c3b7c78ea4d6bc41006eb15ac5aa0ad9a567b"
"poisson_team_ridge","expanding_1x2","open_core","frozen","rps","regulation_1x2","team_attack|team_defence|venue","d0f4469931258b3cbf0324b3e72519d44bc09c77e9776dc11ef58a87854f58ec","leave_one_tournament_out","","wc2022","",,,-0.0139452674729507,,,,,,,,"bcdc7ac0fbd7ac7aa59902f6bc0c3b7c78ea4d6bc41006eb15ac5aa0ad9a567b"
"poisson_team_ridge","expanding_1x2","open_core","frozen","rps","regulation_1x2","team_attack|team_defence|venue","d0f4469931258b3cbf0324b3e72519d44bc09c77e9776dc11ef58a87854f58ec","leave_one_tournament_out","","wc2006","",,,-0.0140375030481337,,,,,,,,"bcdc7ac0fbd7ac7aa59902f6bc0c3b7c78ea4d6bc41006eb15ac5aa0ad9a567b"
"poisson_team_ridge","expanding_1x2","open_core","updating","rps","regulation_1x2","team_attack|team_defence|venue","d0f4469931258b3cbf0324b3e72519d44bc09c77e9776dc11ef58a87854f58ec","leave_one_tournament_out","","wc2002","",,,-0.0143211123112529,,,,,,,,"bcdc7ac0fbd7ac7aa59902f6bc0c3b7c78ea4d6bc41006eb15ac5aa0ad9a567b"
"poisson_team_ridge","expanding_1x2","open_core","updating","rps","regulation_1x2","team_attack|team_defence|venue","d0f4469931258b3cbf0324b3e72519d44bc09c77e9776dc11ef58a87854f58ec","leave_one_tournament_out","","wc2006","",,,-0.0147748409450096,,,,,,,,"bcdc7ac0fbd7ac7aa59902f6bc0c3b7c78ea4d6bc41006eb15ac5aa0ad9a567b"
"poisson_team_ridge","expanding_1x2","open_core","updating","rps","regulation_1x2","team_attack|team_defence|venue","d0f4469931258b3cbf0324b3e72519d44bc09c77e9776dc11ef58a87854f58ec","leave_one_tournament_out","","wc2022","",,,-0.0148667279033997,,,,,,,,"bcdc7ac0fbd7ac7aa59902f6bc0c3b7c78ea4d6bc41006eb15ac5aa0ad9a567b"
"poisson_team_ridge","expanding_1x2","open_core","updating","rps","regulation_1x2","team_attack|team_defence|venue","d0f4469931258b3cbf0324b3e72519d44bc09c77e9776dc11ef58a87854f58ec","fold_breadth","","","",,,,,,,10,4,6,0.00112209731250597,"bcdc7ac0fbd7ac7aa59902f6bc0c3b7c78ea4d6bc41006eb15ac5aa0ad9a567b"
"poisson_team_ridge","expanding_1x2","open_core","frozen","rps","regulation_1x2","team_attack|team_defence|venue","d0f4469931258b3cbf0324b3e72519d44bc09c77e9776dc11ef58a87854f58ec","fold_breadth","","","",,,,,,,10,4,6,0.00199249497839178,"bcdc7ac0fbd7ac7aa59902f6bc0c3b7c78ea4d6bc41006eb15ac5aa0ad9a567b"
"poisson_team_ridge","open_nb_incumbent","open_core","frozen","rps","regulation_1x2","team_attack|team_defence|venue","d0f4469931258b3cbf0324b3e72519d44bc09c77e9776dc11ef58a87854f58ec","leave_one_tournament_out","","euro2024","",,,-0.00028630480621431,,,,,,,,"bcdc7ac0fbd7ac7aa59902f6bc0c3b7c78ea4d6bc41006eb15ac5aa0ad9a567b"
"poisson_team_ridge","open_nb_incumbent","open_core","frozen","rps","regulation_1x2","team_attack|team_defence|venue","d0f4469931258b3cbf0324b3e72519d44bc09c77e9776dc11ef58a87854f58ec","leave_one_tournament_out","","euro2016","",,,-0.000357212215433753,,,,,,,,"bcdc7ac0fbd7ac7aa59902f6bc0c3b7c78ea4d6bc41006eb15ac5aa0ad9a567b"
"poisson_team_ridge","open_nb_incumbent","open_core","frozen","rps","regulation_1x2","team_attack|team_defence|venue","d0f4469931258b3cbf0324b3e72519d44bc09c77e9776dc11ef58a87854f58ec","leave_one_tournament_out","","wc2018","",,,-0.00048713854282593,,,,,,,,"bcdc7ac0fbd7ac7aa59902f6bc0c3b7c78ea4d6bc41006eb15ac5aa0ad9a567b"
"poisson_team_ridge","open_nb_incumbent","open_core","frozen","rps","regulation_1x2","team_attack|team_defence|venue","d0f4469931258b3cbf0324b3e72519d44bc09c77e9776dc11ef58a87854f58ec","tournament_bootstrap","","","",,,-0.000797616266622577,,-0.00584457567771958,0.00422987212460899,,,,,"bcdc7ac0fbd7ac7aa59902f6bc0c3b7c78ea4d6bc41006eb15ac5aa0ad9a567b"
"poisson_team_ridge","open_nb_incumbent","open_core","frozen","rps","regulation_1x2","team_attack|team_defence|venue","d0f4469931258b3cbf0324b3e72519d44bc09c77e9776dc11ef58a87854f58ec","leave_one_tournament_out","","wc2014","",,,-0.00111522659538511,,,,,,,,"bcdc7ac0fbd7ac7aa59902f6bc0c3b7c78ea4d6bc41006eb15ac5aa0ad9a567b"
"poisson_team_ridge","open_nb_incumbent","open_core","frozen","rps","regulation_1x2","team_attack|team_defence|venue","d0f4469931258b3cbf0324b3e72519d44bc09c77e9776dc11ef58a87854f58ec","leave_one_tournament_out","","wc2002","",,,-0.00122887639543706,,,,,,,,"bcdc7ac0fbd7ac7aa59902f6bc0c3b7c78ea4d6bc41006eb15ac5aa0ad9a567b"
"poisson_team_ridge","open_nb_incumbent","open_core","frozen","rps","regulation_1x2","team_attack|team_defence|venue","d0f4469931258b3cbf0324b3e72519d44bc09c77e9776dc11ef58a87854f58ec","leave_one_tournament_out","","euro2004","",,,-0.00128402211656089,,,,,,,,"bcdc7ac0fbd7ac7aa59902f6bc0c3b7c78ea4d6bc41006eb15ac5aa0ad9a567b"
"poisson_team_ridge","open_nb_incumbent","open_core","frozen","rps","regulation_1x2","team_attack|team_defence|venue","d0f4469931258b3cbf0324b3e72519d44bc09c77e9776dc11ef58a87854f58ec","leave_one_tournament_out","","euro2008","",,,-0.0017527090156634,,,,,,,,"bcdc7ac0fbd7ac7aa59902f6bc0c3b7c78ea4d6bc41006eb15ac5aa0ad9a567b"
"poisson_team_ridge","open_nb_incumbent","open_core","frozen","rps","regulation_1x2","team_attack|team_defence|venue","d0f4469931258b3cbf0324b3e72519d44bc09c77e9776dc11ef58a87854f58ec","leave_one_tournament_out","","wc2022","",,,-0.00179485539710309,,,,,,,,"bcdc7ac0fbd7ac7aa59902f6bc0c3b7c78ea4d6bc41006eb15ac5aa0ad9a567b"
"poisson_team_ridge","open_nb_incumbent","open_core","frozen","rps","regulation_1x2","team_attack|team_defence|venue","d0f4469931258b3cbf0324b3e72519d44bc09c77e9776dc11ef58a87854f58ec","leave_one_tournament_out","","wc2006","",,,-0.00203415792420698,,,,,,,,"bcdc7ac0fbd7ac7aa59902f6bc0c3b7c78ea4d6bc41006eb15ac5aa0ad9a567b"
"poisson_team_ridge","open_nb_incumbent","open_core","frozen","rps","regulation_1x2","team_attack|team_defence|venue","d0f4469931258b3cbf0324b3e72519d44bc09c77e9776dc11ef58a87854f58ec","leave_one_tournament_out","","wc2010","",,,-5.37234944996706e-05,,,,,,,,"bcdc7ac0fbd7ac7aa59902f6bc0c3b7c78ea4d6bc41006eb15ac5aa0ad9a567b"
"poisson_team_ridge","open_nb_incumbent","open_core","frozen","rps","regulation_1x2","team_attack|team_defence|venue","d0f4469931258b3cbf0324b3e72519d44bc09c77e9776dc11ef58a87854f58ec","leave_one_tournament_out","","euro2012","",,,0.00035113031878522,,,,,,,,"bcdc7ac0fbd7ac7aa59902f6bc0c3b7c78ea4d6bc41006eb15ac5aa0ad9a567b"
"poisson_team_ridge","open_nb_incumbent","open_core","frozen","rps","regulation_1x2","team_attack|team_defence|venue","d0f4469931258b3cbf0324b3e72519d44bc09c77e9776dc11ef58a87854f58ec","leave_one_tournament_out","","euro2020","",,,0.000471700985074051,,,,,,,,"bcdc7ac0fbd7ac7aa59902f6bc0c3b7c78ea4d6bc41006eb15ac5aa0ad9a567b"
"poisson_team_ridge","open_nb_incumbent","open_core","updating","rps","regulation_1x2","team_attack|team_defence|venue","d0f4469931258b3cbf0324b3e72519d44bc09c77e9776dc11ef58a87854f58ec","leave_one_tournament_out","","wc2006","",,,0.0153046824445954,,,,,,,,"bcdc7ac0fbd7ac7aa59902f6bc0c3b7c78ea4d6bc41006eb15ac5aa0ad9a567b"
"poisson_team_ridge","open_nb_incumbent","open_core","updating","rps","regulation_1x2","team_attack|team_defence|venue","d0f4469931258b3cbf0324b3e72519d44bc09c77e9776dc11ef58a87854f58ec","leave_one_tournament_out","","euro2008","",,,0.0164366093545959,,,,,,,,"bcdc7ac0fbd7ac7aa59902f6bc0c3b7c78ea4d6bc41006eb15ac5aa0ad9a567b"
"poisson_team_ridge","open_nb_incumbent","open_core","updating","rps","regulation_1x2","team_attack|team_defence|venue","d0f4469931258b3cbf0324b3e72519d44bc09c77e9776dc11ef58a87854f58ec","leave_one_tournament_out","","wc2010","",,,0.0167302389498772,,,,,,,,"bcdc7ac0fbd7ac7aa59902f6bc0c3b7c78ea4d6bc41006eb15ac5aa0ad9a567b"
"poisson_team_ridge","open_nb_incumbent","open_core","updating","rps","regulation_1x2","team_attack|team_defence|venue","d0f4469931258b3cbf0324b3e72519d44bc09c77e9776dc11ef58a87854f58ec","leave_one_tournament_out","","wc2018","",,,0.0170077337816491,,,,,,,,"bcdc7ac0fbd7ac7aa59902f6bc0c3b7c78ea4d6bc41006eb15ac5aa0ad9a567b"
"poisson_team_ridge","open_nb_incumbent","open_core","updating","rps","regulation_1x2","team_attack|team_defence|venue","d0f4469931258b3cbf0324b3e72519d44bc09c77e9776dc11ef58a87854f58ec","leave_one_tournament_out","","wc2022","",,,0.0170083857023546,,,,,,,,"bcdc7ac0fbd7ac7aa59902f6bc0c3b7c78ea4d6bc41006eb15ac5aa0ad9a567b"
"poisson_team_ridge","open_nb_incumbent","open_core","updating","rps","regulation_1x2","team_attack|team_defence|venue","d0f4469931258b3cbf0324b3e72519d44bc09c77e9776dc11ef58a87854f58ec","tournament_bootstrap","","","",,,0.0176823287518868,,0.0101895866886355,0.0253048414292347,,,,,"bcdc7ac0fbd7ac7aa59902f6bc0c3b7c78ea4d6bc41006eb15ac5aa0ad9a567b"
"poisson_team_ridge","open_nb_incumbent","open_core","updating","rps","regulation_1x2","team_attack|team_defence|venue","d0f4469931258b3cbf0324b3e72519d44bc09c77e9776dc11ef58a87854f58ec","leave_one_tournament_out","","wc2014","",,,0.0177460506571655,,,,,,,,"bcdc7ac0fbd7ac7aa59902f6bc0c3b7c78ea4d6bc41006eb15ac5aa0ad9a567b"
"poisson_team_ridge","open_nb_incumbent","open_core","updating","rps","regulation_1x2","team_attack|team_defence|venue","d0f4469931258b3cbf0324b3e72519d44bc09c77e9776dc11ef58a87854f58ec","leave_one_tournament_out","","euro2020","",,,0.0178857347373237,,,,,,,,"bcdc7ac0fbd7ac7aa59902f6bc0c3b7c78ea4d6bc41006eb15ac5aa0ad9a567b"
"poisson_team_ridge","open_nb_incumbent","open_core","updating","rps","regulation_1x2","team_attack|team_defence|venue","d0f4469931258b3cbf0324b3e72519d44bc09c77e9776dc11ef58a87854f58ec","leave_one_tournament_out","","euro2004","",,,0.0179888280942853,,,,,,,,"bcdc7ac0fbd7ac7aa59902f6bc0c3b7c78ea4d6bc41006eb15ac5aa0ad9a567b"
"poisson_team_ridge","open_nb_incumbent","open_core","updating","rps","regulation_1x2","team_attack|team_defence|venue","d0f4469931258b3cbf0324b3e72519d44bc09c77e9776dc11ef58a87854f58ec","leave_one_tournament_out","","wc2002","",,,0.0185880316452031,,,,,,,,"bcdc7ac0fbd7ac7aa59902f6bc0c3b7c78ea4d6bc41006eb15ac5aa0ad9a567b"
"poisson_team_ridge","open_nb_incumbent","open_core","updating","rps","regulation_1x2","team_attack|team_defence|venue","d0f4469931258b3cbf0324b3e72519d44bc09c77e9776dc11ef58a87854f58ec","leave_one_tournament_out","","euro2012","",,,0.0186658904259944,,,,,,,,"bcdc7ac0fbd7ac7aa59902f6bc0c3b7c78ea4d6bc41006eb15ac5aa0ad9a567b"
"poisson_team_ridge","open_nb_incumbent","open_core","updating","rps","regulation_1x2","team_attack|team_defence|venue","d0f4469931258b3cbf0324b3e72519d44bc09c77e9776dc11ef58a87854f58ec","leave_one_tournament_out","","euro2024","",,,0.0190569179884813,,,,,,,,"bcdc7ac0fbd7ac7aa59902f6bc0c3b7c78ea4d6bc41006eb15ac5aa0ad9a567b"
"poisson_team_ridge","open_nb_incumbent","open_core","updating","rps","regulation_1x2","team_attack|team_defence|venue","d0f4469931258b3cbf0324b3e72519d44bc09c77e9776dc11ef58a87854f58ec","leave_one_tournament_out","","euro2016","",,,0.0197688412411157,,,,,,,,"bcdc7ac0fbd7ac7aa59902f6bc0c3b7c78ea4d6bc41006eb15ac5aa0ad9a567b"
"poisson_team_ridge","open_nb_incumbent","open_core","updating","rps","regulation_1x2","team_attack|team_defence|venue","d0f4469931258b3cbf0324b3e72519d44bc09c77e9776dc11ef58a87854f58ec","fold_breadth","","","",,,,,,,1,0,1,0.0438364381320918,"bcdc7ac0fbd7ac7aa59902f6bc0c3b7c78ea4d6bc41006eb15ac5aa0ad9a567b"
"poisson_team_ridge","open_nb_incumbent","open_core","frozen","rps","regulation_1x2","team_attack|team_defence|venue","d0f4469931258b3cbf0324b3e72519d44bc09c77e9776dc11ef58a87854f58ec","fold_breadth","","","",,,,,,,6,2,4,0.0128043419668058,"bcdc7ac0fbd7ac7aa59902f6bc0c3b7c78ea4d6bc41006eb15ac5aa0ad9a567b"
"poisson_team_ridge","production_hybrid_nb","feature_rich","frozen","rps","regulation_1x2","team_attack|team_defence|venue","d0f4469931258b3cbf0324b3e72519d44bc09c77e9776dc11ef58a87854f58ec","leave_one_tournament_out","","wc2006","",,,0.00152824147738158,,,,,,,,"bcdc7ac0fbd7ac7aa59902f6bc0c3b7c78ea4d6bc41006eb15ac5aa0ad9a567b"
"poisson_team_ridge","production_hybrid_nb","feature_rich","frozen","rps","regulation_1x2","team_attack|team_defence|venue","d0f4469931258b3cbf0324b3e72519d44bc09c77e9776dc11ef58a87854f58ec","leave_one_tournament_out","","wc2002","",,,0.00268060916906972,,,,,,,,"bcdc7ac0fbd7ac7aa59902f6bc0c3b7c78ea4d6bc41006eb15ac5aa0ad9a567b"
"poisson_team_ridge","production_hybrid_nb","feature_rich","frozen","rps","regulation_1x2","team_attack|team_defence|venue","d0f4469931258b3cbf0324b3e72519d44bc09c77e9776dc11ef58a87854f58ec","leave_one_tournament_out","","euro2008","",,,0.00284750877478292,,,,,,,,"bcdc7ac0fbd7ac7aa59902f6bc0c3b7c78ea4d6bc41006eb15ac5aa0ad9a567b"
"poisson_team_ridge","production_hybrid_nb","feature_rich","frozen","rps","regulation_1x2","team_attack|team_defence|venue","d0f4469931258b3cbf0324b3e72519d44bc09c77e9776dc11ef58a87854f58ec","leave_one_tournament_out","","wc2022","",,,0.00297348700231528,,,,,,,,"bcdc7ac0fbd7ac7aa59902f6bc0c3b7c78ea4d6bc41006eb15ac5aa0ad9a567b"
"poisson_team_ridge","production_hybrid_nb","feature_rich","frozen","rps","regulation_1x2","team_attack|team_defence|venue","d0f4469931258b3cbf0324b3e72519d44bc09c77e9776dc11ef58a87854f58ec","leave_one_tournament_out","","euro2004","",,,0.00330052403789529,,,,,,,,"bcdc7ac0fbd7ac7aa59902f6bc0c3b7c78ea4d6bc41006eb15ac5aa0ad9a567b"
"poisson_team_ridge","production_hybrid_nb","feature_rich","frozen","rps","regulation_1x2","team_attack|team_defence|venue","d0f4469931258b3cbf0324b3e72519d44bc09c77e9776dc11ef58a87854f58ec","leave_one_tournament_out","","wc2014","",,,0.00349361991233499,,,,,,,,"bcdc7ac0fbd7ac7aa59902f6bc0c3b7c78ea4d6bc41006eb15ac5aa0ad9a567b"
"poisson_team_ridge","production_hybrid_nb","feature_rich","frozen","rps","regulation_1x2","team_attack|team_defence|venue","d0f4469931258b3cbf0324b3e72519d44bc09c77e9776dc11ef58a87854f58ec","tournament_bootstrap","","","",,,0.00384101975037749,,-0.00391627039163775,0.011550402556169,,,,,"bcdc7ac0fbd7ac7aa59902f6bc0c3b7c78ea4d6bc41006eb15ac5aa0ad9a567b"
"poisson_team_ridge","production_hybrid_nb","feature_rich","frozen","rps","regulation_1x2","team_attack|team_defence|venue","d0f4469931258b3cbf0324b3e72519d44bc09c77e9776dc11ef58a87854f58ec","leave_one_tournament_out","","wc2018","",,,0.00390639476580201,,,,,,,,"bcdc7ac0fbd7ac7aa59902f6bc0c3b7c78ea4d6bc41006eb15ac5aa0ad9a567b"
"poisson_team_ridge","production_hybrid_nb","feature_rich","frozen","rps","regulation_1x2","team_attack|team_defence|venue","d0f4469931258b3cbf0324b3e72519d44bc09c77e9776dc11ef58a87854f58ec","leave_one_tournament_out","","euro2024","",,,0.00430281236575532,,,,,,,,"bcdc7ac0fbd7ac7aa59902f6bc0c3b7c78ea4d6bc41006eb15ac5aa0ad9a567b"
"poisson_team_ridge","production_hybrid_nb","feature_rich","frozen","rps","regulation_1x2","team_attack|team_defence|venue","d0f4469931258b3cbf0324b3e72519d44bc09c77e9776dc11ef58a87854f58ec","leave_one_tournament_out","","euro2016","",,,0.00443401655487796,,,,,,,,"bcdc7ac0fbd7ac7aa59902f6bc0c3b7c78ea4d6bc41006eb15ac5aa0ad9a567b"
"poisson_team_ridge","production_hybrid_nb","feature_rich","frozen","rps","regulation_1x2","team_attack|team_defence|venue","d0f4469931258b3cbf0324b3e72519d44bc09c77e9776dc11ef58a87854f58ec","leave_one_tournament_out","","wc2010","",,,0.00523905258160635,,,,,,,,"bcdc7ac0fbd7ac7aa59902f6bc0c3b7c78ea4d6bc41006eb15ac5aa0ad9a567b"
"poisson_team_ridge","production_hybrid_nb","feature_rich","frozen","rps","regulation_1x2","team_attack|team_defence|venue","d0f4469931258b3cbf0324b3e72519d44bc09c77e9776dc11ef58a87854f58ec","leave_one_tournament_out","","euro2020","",,,0.00537164294170459,,,,,,,,"bcdc7ac0fbd7ac7aa59902f6bc0c3b7c78ea4d6bc41006eb15ac5aa0ad9a567b"
"poisson_team_ridge","production_hybrid_nb","feature_rich","frozen","rps","regulation_1x2","team_attack|team_defence|venue","d0f4469931258b3cbf0324b3e72519d44bc09c77e9776dc11ef58a87854f58ec","leave_one_tournament_out","","euro2012","",,,0.00601432742100391,,,,,,,,"bcdc7ac0fbd7ac7aa59902f6bc0c3b7c78ea4d6bc41006eb15ac5aa0ad9a567b"
"poisson_team_ridge","production_hybrid_nb","feature_rich","updating","rps","regulation_1x2","team_attack|team_defence|venue","d0f4469931258b3cbf0324b3e72519d44bc09c77e9776dc11ef58a87854f58ec","leave_one_tournament_out","","wc2006","",,,0.0127367975456815,,,,,,,,"bcdc7ac0fbd7ac7aa59902f6bc0c3b7c78ea4d6bc41006eb15ac5aa0ad9a567b"
"poisson_team_ridge","production_hybrid_nb","feature_rich","updating","rps","regulation_1x2","team_attack|team_defence|venue","d0f4469931258b3cbf0324b3e72519d44bc09c77e9776dc11ef58a87854f58ec","leave_one_tournament_out","","euro2008","",,,0.0152032529283068,,,,,,,,"bcdc7ac0fbd7ac7aa59902f6bc0c3b7c78ea4d6bc41006eb15ac5aa0ad9a567b"
"poisson_team_ridge","production_hybrid_nb","feature_rich","updating","rps","regulation_1x2","team_attack|team_defence|venue","d0f4469931258b3cbf0324b3e72519d44bc09c77e9776dc11ef58a87854f58ec","leave_one_tournament_out","","wc2022","",,,0.0154399438773556,,,,,,,,"bcdc7ac0fbd7ac7aa59902f6bc0c3b7c78ea4d6bc41006eb15ac5aa0ad9a567b"
"poisson_team_ridge","production_hybrid_nb","feature_rich","updating","rps","regulation_1x2","team_attack|team_defence|venue","d0f4469931258b3cbf0324b3e72519d44bc09c77e9776dc11ef58a87854f58ec","leave_one_tournament_out","","wc2018","",,,0.0154780703529327,,,,,,,,"bcdc7ac0fbd7ac7aa59902f6bc0c3b7c78ea4d6bc41006eb15ac5aa0ad9a567b"
"poisson_team_ridge","production_hybrid_nb","feature_rich","updating","rps","regulation_1x2","team_attack|team_defence|venue","d0f4469931258b3cbf0324b3e72519d44bc09c77e9776dc11ef58a87854f58ec","leave_one_tournament_out","","wc2002","",,,0.0157607716091563,,,,,,,,"bcdc7ac0fbd7ac7aa59902f6bc0c3b7c78ea4d6bc41006eb15ac5aa0ad9a567b"
"poisson_team_ridge","production_hybrid_nb","feature_rich","updating","rps","regulation_1x2","team_attack|team_defence|venue","d0f4469931258b3cbf0324b3e72519d44bc09c77e9776dc11ef58a87854f58ec","tournament_bootstrap","","","",,,0.0162030212031012,,0.00805001295018652,0.0257386892373089,,,,,"bcdc7ac0fbd7ac7aa59902f6bc0c3b7c78ea4d6bc41006eb15ac5aa0ad9a567b"
"poisson_team_ridge","production_hybrid_nb","feature_rich","updating","rps","regulation_1x2","team_attack|team_defence|venue","d0f4469931258b3cbf0324b3e72519d44bc09c77e9776dc11ef58a87854f58ec","leave_one_tournament_out","","euro2004","",,,0.0162307656964987,,,,,,,,"bcdc7ac0fbd7ac7aa59902f6bc0c3b7c78ea4d6bc41006eb15ac5aa0ad9a567b"
"poisson_team_ridge","production_hybrid_nb","feature_rich","updating","rps","regulation_1x2","team_attack|team_defence|venue","d0f4469931258b3cbf0324b3e72519d44bc09c77e9776dc11ef58a87854f58ec","leave_one_tournament_out","","wc2014","",,,0.0165564994461552,,,,,,,,"bcdc7ac0fbd7ac7aa59902f6bc0c3b7c78ea4d6bc41006eb15ac5aa0ad9a567b"
"poisson_team_ridge","production_hybrid_nb","feature_rich","updating","rps","regulation_1x2","team_attack|team_defence|venue","d0f4469931258b3cbf0324b3e72519d44bc09c77e9776dc11ef58a87854f58ec","leave_one_tournament_out","","wc2010","",,,0.0166657377757302,,,,,,,,"bcdc7ac0fbd7ac7aa59902f6bc0c3b7c78ea4d6bc41006eb15ac5aa0ad9a567b"
"poisson_team_ridge","production_hybrid_nb","feature_rich","updating","rps","regulation_1x2","team_attack|team_defence|venue","d0f4469931258b3cbf0324b3e72519d44bc09c77e9776dc11ef58a87854f58ec","leave_one_tournament_out","","euro2020","",,,0.0170251702221225,,,,,,,,"bcdc7ac0fbd7ac7aa59902f6bc0c3b7c78ea4d6bc41006eb15ac5aa0ad9a567b"
"poisson_team_ridge","production_hybrid_nb","feature_rich","updating","rps","regulation_1x2","team_attack|team_defence|venue","d0f4469931258b3cbf0324b3e72519d44bc09c77e9776dc11ef58a87854f58ec","leave_one_tournament_out","","euro2024","",,,0.017386955123153,,,,,,,,"bcdc7ac0fbd7ac7aa59902f6bc0c3b7c78ea4d6bc41006eb15ac5aa0ad9a567b"
"poisson_team_ridge","production_hybrid_nb","feature_rich","updating","rps","regulation_1x2","team_attack|team_defence|venue","d0f4469931258b3cbf0324b3e72519d44bc09c77e9776dc11ef58a87854f58ec","leave_one_tournament_out","","euro2012","",,,0.0177702032512164,,,,,,,,"bcdc7ac0fbd7ac7aa59902f6bc0c3b7c78ea4d6bc41006eb15ac5aa0ad9a567b"
"poisson_team_ridge","production_hybrid_nb","feature_rich","updating","rps","regulation_1x2","team_attack|team_defence|venue","d0f4469931258b3cbf0324b3e72519d44bc09c77e9776dc11ef58a87854f58ec","leave_one_tournament_out","","euro2016","",,,0.0181820866089057,,,,,,,,"bcdc7ac0fbd7ac7aa59902f6bc0c3b7c78ea4d6bc41006eb15ac5aa0ad9a567b"
"poisson_team_ridge","production_hybrid_nb","feature_rich","updating","rps","regulation_1x2","team_attack|team_defence|venue","d0f4469931258b3cbf0324b3e72519d44bc09c77e9776dc11ef58a87854f58ec","fold_breadth","","","",,,,,,,2,0,2,0.054331481434718,"bcdc7ac0fbd7ac7aa59902f6bc0c3b7c78ea4d6bc41006eb15ac5aa0ad9a567b"
"poisson_team_ridge","production_hybrid_nb","feature_rich","frozen","rps","regulation_1x2","team_attack|team_defence|venue","d0f4469931258b3cbf0324b3e72519d44bc09c77e9776dc11ef58a87854f58ec","fold_breadth","","","",,,,,,,5,1,4,0.0292815807533325,"bcdc7ac0fbd7ac7aa59902f6bc0c3b7c78ea4d6bc41006eb15ac5aa0ad9a567b"
"poisson_team_ridge","uniform_1x2","open_core","frozen","rps","regulation_1x2","team_attack|team_defence|venue","d0f4469931258b3cbf0324b3e72519d44bc09c77e9776dc11ef58a87854f58ec","leave_one_tournament_out","","euro2020","",,,-0.00792640050482502,,,,,,,,"bcdc7ac0fbd7ac7aa59902f6bc0c3b7c78ea4d6bc41006eb15ac5aa0ad9a567b"
"poisson_team_ridge","uniform_1x2","open_core","frozen","rps","regulation_1x2","team_attack|team_defence|venue","d0f4469931258b3cbf0324b3e72519d44bc09c77e9776dc11ef58a87854f58ec","leave_one_tournament_out","","wc2006","",,,-0.0083228104092208,,,,,,,,"bcdc7ac0fbd7ac7aa59902f6bc0c3b7c78ea4d6bc41006eb15ac5aa0ad9a567b"
"poisson_team_ridge","uniform_1x2","open_core","frozen","rps","regulation_1x2","team_attack|team_defence|venue","d0f4469931258b3cbf0324b3e72519d44bc09c77e9776dc11ef58a87854f58ec","leave_one_tournament_out","","euro2024","",,,-0.00858963093412465,,,,,,,,"bcdc7ac0fbd7ac7aa59902f6bc0c3b7c78ea4d6bc41006eb15ac5aa0ad9a567b"
"poisson_team_ridge","uniform_1x2","open_core","frozen","rps","regulation_1x2","team_attack|team_defence|venue","d0f4469931258b3cbf0324b3e72519d44bc09c77e9776dc11ef58a87854f58ec","leave_one_tournament_out","","wc2018","",,,-0.00875968338233372,,,,,,,,"bcdc7ac0fbd7ac7aa59902f6bc0c3b7c78ea4d6bc41006eb15ac5aa0ad9a567b"
"poisson_team_ridge","uniform_1x2","open_core","frozen","rps","regulation_1x2","team_attack|team_defence|venue","d0f4469931258b3cbf0324b3e72519d44bc09c77e9776dc11ef58a87854f58ec","leave_one_tournament_out","","euro2016","",,,-0.00877059376187058,,,,,,,,"bcdc7ac0fbd7ac7aa59902f6bc0c3b7c78ea4d6bc41006eb15ac5aa0ad9a567b"
"poisson_team_ridge","uniform_1x2","open_core","updating","rps","regulation_1x2","team_attack|team_defence|venue","d0f4469931258b3cbf0324b3e72519d44bc09c77e9776dc11ef58a87854f58ec","leave_one_tournament_out","","euro2020","",,,-0.00887811253699699,,,,,,,,"bcdc7ac0fbd7ac7aa59902f6bc0c3b7c78ea4d6bc41006eb15ac5aa0ad9a567b"
"poisson_team_ridge","uniform_1x2","open_core","frozen","rps","regulation_1x2","team_attack|team_defence|venue","d0f4469931258b3cbf0324b3e72519d44bc09c77e9776dc11ef58a87854f58ec","leave_one_tournament_out","","wc2010","",,,-0.00893062749627549,,,,,,,,"bcdc7ac0fbd7ac7aa59902f6bc0c3b7c78ea4d6bc41006eb15ac5aa0ad9a567b"
"poisson_team_ridge","uniform_1x2","open_core","frozen","rps","regulation_1x2","team_attack|team_defence|venue","d0f4469931258b3cbf0324b3e72519d44bc09c77e9776dc11ef58a87854f58ec","tournament_bootstrap","","","",,,-0.00894275074701237,,-0.0120618727733847,-0.00613092374671763,,,,,"bcdc7ac0fbd7ac7aa59902f6bc0c3b7c78ea4d6bc41006eb15ac5aa0ad9a567b"
"poisson_team_ridge","uniform_1x2","open_core","frozen","rps","regulation_1x2","team_attack|team_defence|venue","d0f4469931258b3cbf0324b3e72519d44bc09c77e9776dc11ef58a87854f58ec","leave_one_tournament_out","","euro2004","",,,-0.00907744298062958,,,,,,,,"bcdc7ac0fbd7ac7aa59902f6bc0c3b7c78ea4d6bc41006eb15ac5aa0ad9a567b"
"poisson_team_ridge","uniform_1x2","open_core","updating","rps","regulation_1x2","team_attack|team_defence|venue","d0f4469931258b3cbf0324b3e72519d44bc09c77e9776dc11ef58a87854f58ec","leave_one_tournament_out","","wc2006","",,,-0.00911447164322176,,,,,,,,"bcdc7ac0fbd7ac7aa59902f6bc0c3b7c78ea4d6bc41006eb15ac5aa0ad9a567b"
"poisson_team_ridge","uniform_1x2","open_core","frozen","rps","regulation_1x2","team_attack|team_defence|venue","d0f4469931258b3cbf0324b3e72519d44bc09c77e9776dc11ef58a87854f58ec","leave_one_tournament_out","","euro2012","",,,-0.00923731968537274,,,,,,,,"bcdc7ac0fbd7ac7aa59902f6bc0c3b7c78ea4d6bc41006eb15ac5aa0ad9a567b"
"poisson_team_ridge","uniform_1x2","open_core","frozen","rps","regulation_1x2","team_attack|team_defence|venue","d0f4469931258b3cbf0324b3e72519d44bc09c77e9776dc11ef58a87854f58ec","leave_one_tournament_out","","wc2014","",,,-0.009302673054779,,,,,,,,"bcdc7ac0fbd7ac7aa59902f6bc0c3b7c78ea4d6bc41006eb15ac5aa0ad9a567b"
"poisson_team_ridge","uniform_1x2","open_core","frozen","rps","regulation_1x2","team_attack|team_defence|venue","d0f4469931258b3cbf0324b3e72519d44bc09c77e9776dc11ef58a87854f58ec","leave_one_tournament_out","","wc2002","",,,-0.00935218983123298,,,,,,,,"bcdc7ac0fbd7ac7aa59902f6bc0c3b7c78ea4d6bc41006eb15ac5aa0ad9a567b"
"poisson_team_ridge","uniform_1x2","open_core","updating","rps","regulation_1x2","team_attack|team_defence|venue","d0f4469931258b3cbf0324b3e72519d44bc09c77e9776dc11ef58a87854f58ec","leave_one_tournament_out","","euro2024","",,,-0.00950727325702632,,,,,,,,"bcdc7ac0fbd7ac7aa59902f6bc0c3b7c78ea4d6bc41006eb15ac5aa0ad9a567b"
"poisson_team_ridge","uniform_1x2","open_core","frozen","rps","regulation_1x2","team_attack|team_defence|venue","d0f4469931258b3cbf0324b3e72519d44bc09c77e9776dc11ef58a87854f58ec","leave_one_tournament_out","","euro2008","",,,-0.00950831382721181,,,,,,,,"bcdc7ac0fbd7ac7aa59902f6bc0c3b7c78ea4d6bc41006eb15ac5aa0ad9a567b"
"poisson_team_ridge","uniform_1x2","open_core","frozen","rps","regulation_1x2","team_attack|team_defence|venue","d0f4469931258b3cbf0324b3e72519d44bc09c77e9776dc11ef58a87854f58ec","leave_one_tournament_out","","wc2022","",,,-0.00953532309627211,,,,,,,,"bcdc7ac0fbd7ac7aa59902f6bc0c3b7c78ea4d6bc41006eb15ac5aa0ad9a567b"
"poisson_team_ridge","uniform_1x2","open_core","updating","rps","regulation_1x2","team_attack|team_defence|venue","d0f4469931258b3cbf0324b3e72519d44bc09c77e9776dc11ef58a87854f58ec","leave_one_tournament_out","","wc2018","",,,-0.00963885341764951,,,,,,,,"bcdc7ac0fbd7ac7aa59902f6bc0c3b7c78ea4d6bc41006eb15ac5aa0ad9a567b"
"poisson_team_ridge","uniform_1x2","open_core","updating","rps","regulation_1x2","team_attack|team_defence|venue","d0f4469931258b3cbf0324b3e72519d44bc09c77e9776dc11ef58a87854f58ec","leave_one_tournament_out","","euro2016","",,,-0.00973241773256587,,,,,,,,"bcdc7ac0fbd7ac7aa59902f6bc0c3b7c78ea4d6bc41006eb15ac5aa0ad9a567b"
"poisson_team_ridge","uniform_1x2","open_core","updating","rps","regulation_1x2","team_attack|team_defence|venue","d0f4469931258b3cbf0324b3e72519d44bc09c77e9776dc11ef58a87854f58ec","tournament_bootstrap","","","",,,-0.00982219355555701,,-0.0128278028975389,-0.00705191846761542,,,,,"bcdc7ac0fbd7ac7aa59902f6bc0c3b7c78ea4d6bc41006eb15ac5aa0ad9a567b"
"poisson_team_ridge","uniform_1x2","open_core","updating","rps","regulation_1x2","team_attack|team_defence|venue","d0f4469931258b3cbf0324b3e72519d44bc09c77e9776dc11ef58a87854f58ec","leave_one_tournament_out","","wc2010","",,,-0.00986932912322575,,,,,,,,"bcdc7ac0fbd7ac7aa59902f6bc0c3b7c78ea4d6bc41006eb15ac5aa0ad9a567b"
"poisson_team_ridge","uniform_1x2","open_core","updating","rps","regulation_1x2","team_attack|team_defence|venue","d0f4469931258b3cbf0324b3e72519d44bc09c77e9776dc11ef58a87854f58ec","leave_one_tournament_out","","euro2004","",,,-0.00994583455840196,,,,,,,,"bcdc7ac0fbd7ac7aa59902f6bc0c3b7c78ea4d6bc41006eb15ac5aa0ad9a567b"
"poisson_team_ridge","uniform_1x2","open_core","updating","rps","regulation_1x2","team_attack|team_defence|venue","d0f4469931258b3cbf0324b3e72519d44bc09c77e9776dc11ef58a87854f58ec","leave_one_tournament_out","","wc2002","",,,-0.010049941266068,,,,,,,,"bcdc7ac0fbd7ac7aa59902f6bc0c3b7c78ea4d6bc41006eb15ac5aa0ad9a567b"
"poisson_team_ridge","uniform_1x2","open_core","updating","rps","regulation_1x2","team_attack|team_defence|venue","d0f4469931258b3cbf0324b3e72519d44bc09c77e9776dc11ef58a87854f58ec","leave_one_tournament_out","","wc2014","",,,-0.0101032796220598,,,,,,,,"bcdc7ac0fbd7ac7aa59902f6bc0c3b7c78ea4d6bc41006eb15ac5aa0ad9a567b"
"poisson_team_ridge","uniform_1x2","open_core","updating","rps","regulation_1x2","team_attack|team_defence|venue","d0f4469931258b3cbf0324b3e72519d44bc09c77e9776dc11ef58a87854f58ec","leave_one_tournament_out","","euro2012","",,,-0.0101537116479817,,,,,,,,"bcdc7ac0fbd7ac7aa59902f6bc0c3b7c78ea4d6bc41006eb15ac5aa0ad9a567b"
"poisson_team_ridge","uniform_1x2","open_core","updating","rps","regulation_1x2","team_attack|team_defence|venue","d0f4469931258b3cbf0324b3e72519d44bc09c77e9776dc11ef58a87854f58ec","leave_one_tournament_out","","euro2008","",,,-0.0103670371094894,,,,,,,,"bcdc7ac0fbd7ac7aa59902f6bc0c3b7c78ea4d6bc41006eb15ac5aa0ad9a567b"
"poisson_team_ridge","uniform_1x2","open_core","updating","rps","regulation_1x2","team_attack|team_defence|venue","d0f4469931258b3cbf0324b3e72519d44bc09c77e9776dc11ef58a87854f58ec","leave_one_tournament_out","","wc2022","",,,-0.010506060751997,,,,,,,,"bcdc7ac0fbd7ac7aa59902f6bc0c3b7c78ea4d6bc41006eb15ac5aa0ad9a567b"
"poisson_team_ridge","uniform_1x2","open_core","frozen","rps","regulation_1x2","team_attack|team_defence|venue","d0f4469931258b3cbf0324b3e72519d44bc09c77e9776dc11ef58a87854f58ec","fold_breadth","","","",,,,,,,12,6,6,0,"bcdc7ac0fbd7ac7aa59902f6bc0c3b7c78ea4d6bc41006eb15ac5aa0ad9a567b"
"poisson_team_ridge","uniform_1x2","open_core","updating","rps","regulation_1x2","team_attack|team_defence|venue","d0f4469931258b3cbf0324b3e72519d44bc09c77e9776dc11ef58a87854f58ec","fold_breadth","","","",,,,,,,12,6,6,0,"bcdc7ac0fbd7ac7aa59902f6bc0c3b7c78ea4d6bc41006eb15ac5aa0ad9a567b"
"poisson_team_ridge_elo","production_hybrid_nb","feature_rich","updating","rps","regulation_1x2","team_attack|team_defence|venue|elo_diff","d0f4469931258b3cbf0324b3e72519d44bc09c77e9776dc11ef58a87854f58ec","fold","wc2006","","world_cup",0.176879708898658,0.16156832841848,0.0153113804801782,64,,,,,,,"bcdc7ac0fbd7ac7aa59902f6bc0c3b7c78ea4d6bc41006eb15ac5aa0ad9a567b"
"poisson_team_ridge_elo","open_nb_incumbent","open_core","updating","rps","regulation_1x2","team_attack|team_defence|venue|elo_diff","d0f4469931258b3cbf0324b3e72519d44bc09c77e9776dc11ef58a87854f58ec","fold","wc2006","","world_cup",0.176879708898658,0.172063371721106,0.00481633717755202,64,,,,,,,"bcdc7ac0fbd7ac7aa59902f6bc0c3b7c78ea4d6bc41006eb15ac5aa0ad9a567b"
"poisson_team_ridge_elo","elo_goal_nb","open_core","updating","rps","regulation_1x2","team_attack|team_defence|venue|elo_diff","d0f4469931258b3cbf0324b3e72519d44bc09c77e9776dc11ef58a87854f58ec","fold","wc2006","","world_cup",0.176879708898658,0.176875218107772,4.49079088648806e-06,64,,,,,,,"bcdc7ac0fbd7ac7aa59902f6bc0c3b7c78ea4d6bc41006eb15ac5aa0ad9a567b"
"poisson_team_ridge_elo","elo_goal_nb","open_core","updating","rps","regulation_1x2","team_attack|team_defence|venue|elo_diff","d0f4469931258b3cbf0324b3e72519d44bc09c77e9776dc11ef58a87854f58ec","fold","euro2020","","euro",0.191885405985079,0.186749893915214,0.00513551206986484,51,,,,,,,"bcdc7ac0fbd7ac7aa59902f6bc0c3b7c78ea4d6bc41006eb15ac5aa0ad9a567b"
"poisson_team_ridge_elo","production_hybrid_nb","feature_rich","frozen","rps","regulation_1x2","team_attack|team_defence|venue|elo_diff","d0f4469931258b3cbf0324b3e72519d44bc09c77e9776dc11ef58a87854f58ec","fold","wc2006","","world_cup",0.204550614180104,0.188463269228388,0.0160873449517159,64,,,,,,,"bcdc7ac0fbd7ac7aa59902f6bc0c3b7c78ea4d6bc41006eb15ac5aa0ad9a567b"
"poisson_team_ridge_elo","open_nb_incumbent","open_core","updating","rps","regulation_1x2","team_attack|team_defence|venue|elo_diff","d0f4469931258b3cbf0324b3e72519d44bc09c77e9776dc11ef58a87854f58ec","fold","euro2020","","euro",0.191885405985079,0.189838248406632,0.0020471575784464,51,,,,,,,"bcdc7ac0fbd7ac7aa59902f6bc0c3b7c78ea4d6bc41006eb15ac5aa0ad9a567b"
"poisson_team_ridge_elo","elo_goal_nb","open_core","updating","rps","regulation_1x2","team_attack|team_defence|venue|elo_diff","d0f4469931258b3cbf0324b3e72519d44bc09c77e9776dc11ef58a87854f58ec","fold","wc2010","","world_cup",0.192024109560542,0.190682324027093,0.00134178553344871,64,,,,,,,"bcdc7ac0fbd7ac7aa59902f6bc0c3b7c78ea4d6bc41006eb15ac5aa0ad9a567b"
"poisson_team_ridge_elo","open_nb_incumbent","open_core","updating","rps","regulation_1x2","team_attack|team_defence|venue|elo_diff","d0f4469931258b3cbf0324b3e72519d44bc09c77e9776dc11ef58a87854f58ec","fold","wc2010","","world_cup",0.192024109560542,0.193443758892585,-0.00141964933204336,64,,,,,,,"bcdc7ac0fbd7ac7aa59902f6bc0c3b7c78ea4d6bc41006eb15ac5aa0ad9a567b"
"poisson_team_ridge_elo","production_hybrid_nb","feature_rich","updating","rps","regulation_1x2","team_attack|team_defence|venue|elo_diff","d0f4469931258b3cbf0324b3e72519d44bc09c77e9776dc11ef58a87854f58ec","fold","euro2004","","euro",0.199649266244128,0.19427801853155,0.00537124771257809,31,,,,,,,"bcdc7ac0fbd7ac7aa59902f6bc0c3b7c78ea4d6bc41006eb15ac5aa0ad9a567b"
"poisson_team_ridge_elo","open_nb_incumbent","open_core","updating","rps","regulation_1x2","team_attack|team_defence|venue|elo_diff","d0f4469931258b3cbf0324b3e72519d44bc09c77e9776dc11ef58a87854f58ec","fold","euro2004","","euro",0.199649266244128,0.195865014321776,0.00378425192235253,31,,,,,,,"bcdc7ac0fbd7ac7aa59902f6bc0c3b7c78ea4d6bc41006eb15ac5aa0ad9a567b"
"poisson_team_ridge_elo","production_hybrid_nb","feature_rich","updating","rps","regulation_1x2","team_attack|team_defence|venue|elo_diff","d0f4469931258b3cbf0324b3e72519d44bc09c77e9776dc11ef58a87854f58ec","fold","euro2020","","euro",0.197044758948785,0.197183259920055,-0.00013850097126977,48,,,,,,,"bcdc7ac0fbd7ac7aa59902f6bc0c3b7c78ea4d6bc41006eb15ac5aa0ad9a567b"
"poisson_team_ridge_elo","elo_goal_nb","open_core","updating","rps","regulation_1x2","team_attack|team_defence|venue|elo_diff","d0f4469931258b3cbf0324b3e72519d44bc09c77e9776dc11ef58a87854f58ec","fold","euro2004","","euro",0.199649266244128,0.197820059462055,0.00182920678207347,31,,,,,,,"bcdc7ac0fbd7ac7aa59902f6bc0c3b7c78ea4d6bc41006eb15ac5aa0ad9a567b"
"poisson_team_ridge_elo","elo_goal_nb","open_core","updating","rps","regulation_1x2","team_attack|team_defence|venue|elo_diff","d0f4469931258b3cbf0324b3e72519d44bc09c77e9776dc11ef58a87854f58ec","fold","euro2024","","euro",0.194013262435562,0.198729036829663,-0.00471577439410096,51,,,,,,,"bcdc7ac0fbd7ac7aa59902f6bc0c3b7c78ea4d6bc41006eb15ac5aa0ad9a567b"
"poisson_team_ridge_elo","production_hybrid_nb","feature_rich","updating","rps","regulation_1x2","team_attack|team_defence|venue|elo_diff","d0f4469931258b3cbf0324b3e72519d44bc09c77e9776dc11ef58a87854f58ec","fold","euro2024","","euro",0.194013262435562,0.199220209587878,-0.00520694715231569,51,,,,,,,"bcdc7ac0fbd7ac7aa59902f6bc0c3b7c78ea4d6bc41006eb15ac5aa0ad9a567b"
"poisson_team_ridge_elo","open_nb_incumbent","open_core","updating","rps","regulation_1x2","team_attack|team_defence|venue|elo_diff","d0f4469931258b3cbf0324b3e72519d44bc09c77e9776dc11ef58a87854f58ec","fold","euro2024","","euro",0.194013262435562,0.199838110521063,-0.00582484808550105,51,,,,,,,"bcdc7ac0fbd7ac7aa59902f6bc0c3b7c78ea4d6bc41006eb15ac5aa0ad9a567b"
"poisson_team_ridge_elo","elo_goal_nb","open_core","updating","rps","regulation_1x2","team_attack|team_defence|venue|elo_diff","d0f4469931258b3cbf0324b3e72519d44bc09c77e9776dc11ef58a87854f58ec","fold","wc2018","","world_cup",0.200482144097233,0.200189175461847,0.000292968635386279,64,,,,,,,"bcdc7ac0fbd7ac7aa59902f6bc0c3b7c78ea4d6bc41006eb15ac5aa0ad9a567b"
"poisson_team_ridge_elo","production_hybrid_nb","feature_rich","frozen","rps","regulation_1x2","team_attack|team_defence|venue|elo_diff","d0f4469931258b3cbf0324b3e72519d44bc09c77e9776dc11ef58a87854f58ec","fold","euro2004","","euro",0.202750960463885,0.201390384066637,0.00136057639724783,31,,,,,,,"bcdc7ac0fbd7ac7aa59902f6bc0c3b7c78ea4d6bc41006eb15ac5aa0ad9a567b"
"poisson_team_ridge_elo","elo_goal_nb","open_core","updating","rps","regulation_1x2","team_attack|team_defence|venue|elo_diff","d0f4469931258b3cbf0324b3e72519d44bc09c77e9776dc11ef58a87854f58ec","fixture_weighted_secondary","","","",0.20300350923659,0.20160896657933,0.00139454265725946,630,,,,,,,"bcdc7ac0fbd7ac7aa59902f6bc0c3b7c78ea4d6bc41006eb15ac5aa0ad9a567b"
"poisson_team_ridge_elo","elo_goal_nb","open_core","updating","rps","regulation_1x2","team_attack|team_defence|venue|elo_diff","d0f4469931258b3cbf0324b3e72519d44bc09c77e9776dc11ef58a87854f58ec","equal_tournament_headline","","","",0.203894297842414,0.202473723379673,0.00142057446274083,630,,,,,,,"bcdc7ac0fbd7ac7aa59902f6bc0c3b7c78ea4d6bc41006eb15ac5aa0ad9a567b"
"poisson_team_ridge_elo","open_nb_incumbent","open_core","updating","rps","regulation_1x2","team_attack|team_defence|venue|elo_diff","d0f4469931258b3cbf0324b3e72519d44bc09c77e9776dc11ef58a87854f58ec","fixture_weighted_secondary","","","",0.20300350923659,0.202849583870682,0.000153925365907803,630,,,,,,,"bcdc7ac0fbd7ac7aa59902f6bc0c3b7c78ea4d6bc41006eb15ac5aa0ad9a567b"
"poisson_team_ridge_elo","production_hybrid_nb","feature_rich","updating","rps","regulation_1x2","team_attack|team_defence|venue|elo_diff","d0f4469931258b3cbf0324b3e72519d44bc09c77e9776dc11ef58a87854f58ec","fold","wc2002","","world_cup",0.215710646698667,0.203404008345614,0.012306638353053,60,,,,,,,"bcdc7ac0fbd7ac7aa59902f6bc0c3b7c78ea4d6bc41006eb15ac5aa0ad9a567b"
"poisson_team_ridge_elo","production_hybrid_nb","feature_rich","updating","rps","regulation_1x2","team_attack|team_defence|venue|elo_diff","d0f4469931258b3cbf0324b3e72519d44bc09c77e9776dc11ef58a87854f58ec","fixture_weighted_secondary","","","",0.20432230686424,0.203517576620924,0.000804730243315938,609,,,,,,,"bcdc7ac0fbd7ac7aa59902f6bc0c3b7c78ea4d6bc41006eb15ac5aa0ad9a567b"
"poisson_team_ridge_elo","open_nb_incumbent","open_core","updating","rps","regulation_1x2","team_attack|team_defence|venue|elo_diff","d0f4469931258b3cbf0324b3e72519d44bc09c77e9776dc11ef58a87854f58ec","equal_tournament_headline","","","",0.203894297842414,0.203930289520513,-3.59916780991841e-05,630,,,,,,,"bcdc7ac0fbd7ac7aa59902f6bc0c3b7c78ea4d6bc41006eb15ac5aa0ad9a567b"
"poisson_team_ridge_elo","production_hybrid_nb","feature_rich","frozen","rps","regulation_1x2","team_attack|team_defence|venue|elo_diff","d0f4469931258b3cbf0324b3e72519d44bc09c77e9776dc11ef58a87854f58ec","fold","euro2024","","euro",0.197933323690461,0.204097904839805,-0.00616458114934367,51,,,,,,,"bcdc7ac0fbd7ac7aa59902f6bc0c3b7c78ea4d6bc41006eb15ac5aa0ad9a567b"
"poisson_team_ridge_elo","open_nb_incumbent","open_core","updating","rps","regulation_1x2","team_attack|team_defence|venue|elo_diff","d0f4469931258b3cbf0324b3e72519d44bc09c77e9776dc11ef58a87854f58ec","fold","wc2018","","world_cup",0.200482144097233,0.204377635947404,-0.00389549185017075,64,,,,,,,"bcdc7ac0fbd7ac7aa59902f6bc0c3b7c78ea4d6bc41006eb15ac5aa0ad9a567b"
"poisson_team_ridge_elo","open_nb_incumbent","open_core","frozen","rps","regulation_1x2","team_attack|team_defence|venue|elo_diff","d0f4469931258b3cbf0324b3e72519d44bc09c77e9776dc11ef58a87854f58ec","fold","wc2006","","world_cup",0.204550614180104,0.204940508014914,-0.000389893834810817,64,,,,,,,"bcdc7ac0fbd7ac7aa59902f6bc0c3b7c78ea4d6bc41006eb15ac5aa0ad9a567b"
"poisson_team_ridge_elo","production_hybrid_nb","feature_rich","updating","rps","regulation_1x2","team_attack|team_defence|venue|elo_diff","d0f4469931258b3cbf0324b3e72519d44bc09c77e9776dc11ef58a87854f58ec","equal_tournament_headline","","","",0.20559854238204,0.205250400816967,0.000348141565073027,609,,,,,,,"bcdc7ac0fbd7ac7aa59902f6bc0c3b7c78ea4d6bc41006eb15ac5aa0ad9a567b"
"poisson_team_ridge_elo","production_hybrid_nb","feature_rich","updating","rps","regulation_1x2","team_attack|team_defence|venue|elo_diff","d0f4469931258b3cbf0324b3e72519d44bc09c77e9776dc11ef58a87854f58ec","fold","wc2018","","world_cup",0.200482144097233,0.205303028816949,-0.00482088471971623,64,,,,,,,"bcdc7ac0fbd7ac7aa59902f6bc0c3b7c78ea4d6bc41006eb15ac5aa0ad9a567b"
"poisson_team_ridge_elo","elo_goal_nb","open_core","updating","rps","regulation_1x2","team_attack|team_defence|venue|elo_diff","d0f4469931258b3cbf0324b3e72519d44bc09c77e9776dc11ef58a87854f58ec","fold","euro2008","","euro",0.210017160697957,0.206407675123159,0.00360948557479726,31,,,,,,,"bcdc7ac0fbd7ac7aa59902f6bc0c3b7c78ea4d6bc41006eb15ac5aa0ad9a567b"
"poisson_team_ridge_elo","open_nb_incumbent","open_core","frozen","rps","regulation_1x2","team_attack|team_defence|venue|elo_diff","d0f4469931258b3cbf0324b3e72519d44bc09c77e9776dc11ef58a87854f58ec","fold","euro2004","","euro",0.202750960463885,0.20662400857162,-0.00387304810773507,31,,,,,,,"bcdc7ac0fbd7ac7aa59902f6bc0c3b7c78ea4d6bc41006eb15ac5aa0ad9a567b"
"poisson_team_ridge_elo","elo_goal_nb","open_core","updating","rps","regulation_1x2","team_attack|team_defence|venue|elo_diff","d0f4469931258b3cbf0324b3e72519d44bc09c77e9776dc11ef58a87854f58ec","fold","wc2014","","world_cup",0.211707748321291,0.207213265548892,0.00449448277239892,64,,,,,,,"bcdc7ac0fbd7ac7aa59902f6bc0c3b7c78ea4d6bc41006eb15ac5aa0ad9a567b"
"poisson_team_ridge_elo","elo_goal_nb","open_core","frozen","rps","regulation_1x2","team_attack|team_defence|venue|elo_diff","d0f4469931258b3cbf0324b3e72519d44bc09c77e9776dc11ef58a87854f58ec","fold","euro2004","","euro",0.202750960463885,0.207432586511803,-0.00468162604791799,31,,,,,,,"bcdc7ac0fbd7ac7aa59902f6bc0c3b7c78ea4d6bc41006eb15ac5aa0ad9a567b"
"poisson_team_ridge_elo","elo_goal_nb","open_core","frozen","rps","regulation_1x2","team_attack|team_defence|venue|elo_diff","d0f4469931258b3cbf0324b3e72519d44bc09c77e9776dc11ef58a87854f58ec","fold","euro2024","","euro",0.197933323690461,0.208894772377195,-0.0109614486867343,51,,,,,,,"bcdc7ac0fbd7ac7aa59902f6bc0c3b7c78ea4d6bc41006eb15ac5aa0ad9a567b"
"poisson_team_ridge_elo","production_hybrid_nb","feature_rich","updating","rps","regulation_1x2","team_attack|team_defence|venue|elo_diff","d0f4469931258b3cbf0324b3e72519d44bc09c77e9776dc11ef58a87854f58ec","fold","wc2010","","world_cup",0.19743922944076,0.209082524600923,-0.0116432951601636,61,,,,,,,"bcdc7ac0fbd7ac7aa59902f6bc0c3b7c78ea4d6bc41006eb15ac5aa0ad9a567b"
"poisson_team_ridge_elo","open_nb_incumbent","open_core","frozen","rps","regulation_1x2","team_attack|team_defence|venue|elo_diff","d0f4469931258b3cbf0324b3e72519d44bc09c77e9776dc11ef58a87854f58ec","fold","euro2024","","euro",0.197933323690461,0.20928124815214,-0.0113479244616786,51,,,,,,,"bcdc7ac0fbd7ac7aa59902f6bc0c3b7c78ea4d6bc41006eb15ac5aa0ad9a567b"
"poisson_team_ridge_elo","open_nb_incumbent","open_core","updating","rps","regulation_1x2","team_attack|team_defence|venue|elo_diff","d0f4469931258b3cbf0324b3e72519d44bc09c77e9776dc11ef58a87854f58ec","fold","wc2014","","world_cup",0.211707748321291,0.209795309826597,0.00191243849469417,64,,,,,,,"bcdc7ac0fbd7ac7aa59902f6bc0c3b7c78ea4d6bc41006eb15ac5aa0ad9a567b"
"poisson_team_ridge_elo","open_nb_incumbent","open_core","updating","rps","regulation_1x2","team_attack|team_defence|venue|elo_diff","d0f4469931258b3cbf0324b3e72519d44bc09c77e9776dc11ef58a87854f58ec","fold","euro2008","","euro",0.210017160697957,0.210305556677262,-0.000288395979305646,31,,,,,,,"bcdc7ac0fbd7ac7aa59902f6bc0c3b7c78ea4d6bc41006eb15ac5aa0ad9a567b"
"poisson_team_ridge_elo","production_hybrid_nb","feature_rich","frozen","rps","regulation_1x2","team_attack|team_defence|venue|elo_diff","d0f4469931258b3cbf0324b3e72519d44bc09c77e9776dc11ef58a87854f58ec","fold","wc2002","","world_cup",0.2237341855618,0.210637313011104,0.0130968725506959,60,,,,,,,"bcdc7ac0fbd7ac7aa59902f6bc0c3b7c78ea4d6bc41006eb15ac5aa0ad9a567b"
"poisson_team_ridge_elo","open_nb_incumbent","open_core","updating","rps","regulation_1x2","team_attack|team_defence|venue|elo_diff","d0f4469931258b3cbf0324b3e72519d44bc09c77e9776dc11ef58a87854f58ec","fold","wc2022","","world_cup",0.217915076067073,0.211319921086321,0.00659515498075154,64,,,,,,,"bcdc7ac0fbd7ac7aa59902f6bc0c3b7c78ea4d6bc41006eb15ac5aa0ad9a567b"
"poisson_team_ridge_elo","production_hybrid_nb","feature_rich","updating","rps","regulation_1x2","team_attack|team_defence|venue|elo_diff","d0f4469931258b3cbf0324b3e72519d44bc09c77e9776dc11ef58a87854f58ec","fold","wc2022","","world_cup",0.217915076067073,0.211818751596759,0.00609632447031384,64,,,,,,,"bcdc7ac0fbd7ac7aa59902f6bc0c3b7c78ea4d6bc41006eb15ac5aa0ad9a567b"
"poisson_team_ridge_elo","elo_goal_nb","open_core","frozen","rps","regulation_1x2","team_attack|team_defence|venue|elo_diff","d0f4469931258b3cbf0324b3e72519d44bc09c77e9776dc11ef58a87854f58ec","fold","wc2006","","world_cup",0.204550614180104,0.212144929195862,-0.00759431501575863,64,,,,,,,"bcdc7ac0fbd7ac7aa59902f6bc0c3b7c78ea4d6bc41006eb15ac5aa0ad9a567b"
"poisson_team_ridge_elo","elo_goal_nb","open_core","updating","rps","regulation_1x2","team_attack|team_defence|venue|elo_diff","d0f4469931258b3cbf0324b3e72519d44bc09c77e9776dc11ef58a87854f58ec","fold","wc2022","","world_cup",0.217915076067073,0.212154600252407,0.00576047581466529,64,,,,,,,"bcdc7ac0fbd7ac7aa59902f6bc0c3b7c78ea4d6bc41006eb15ac5aa0ad9a567b"
"poisson_team_ridge_elo","open_nb_incumbent","open_core","updating","rps","regulation_1x2","team_attack|team_defence|venue|elo_diff","d0f4469931258b3cbf0324b3e72519d44bc09c77e9776dc11ef58a87854f58ec","fold","wc2002","","world_cup",0.212958175131115,0.213262045445768,-0.000303870314652604,64,,,,,,,"bcdc7ac0fbd7ac7aa59902f6bc0c3b7c78ea4d6bc41006eb15ac5aa0ad9a567b"
"poisson_team_ridge_elo","elo_goal_nb","open_core","updating","rps","regulation_1x2","team_attack|team_defence|venue|elo_diff","d0f4469931258b3cbf0324b3e72519d44bc09c77e9776dc11ef58a87854f58ec","fold","wc2002","","world_cup",0.212958175131115,0.213813189554407,-0.000855014423292458,64,,,,,,,"bcdc7ac0fbd7ac7aa59902f6bc0c3b7c78ea4d6bc41006eb15ac5aa0ad9a567b"
"poisson_team_ridge_elo","production_hybrid_nb","feature_rich","updating","rps","regulation_1x2","team_attack|team_defence|venue|elo_diff","d0f4469931258b3cbf0324b3e72519d44bc09c77e9776dc11ef58a87854f58ec","fold","wc2014","","world_cup",0.211707748321291,0.214461937090911,-0.00275418876961988,64,,,,,,,"bcdc7ac0fbd7ac7aa59902f6bc0c3b7c78ea4d6bc41006eb15ac5aa0ad9a567b"
"poisson_team_ridge_elo","production_hybrid_nb","feature_rich","updating","rps","regulation_1x2","team_attack|team_defence|venue|elo_diff","d0f4469931258b3cbf0324b3e72519d44bc09c77e9776dc11ef58a87854f58ec","fold","euro2008","","euro",0.210017160697957,0.214490326573508,-0.0044731658755517,31,,,,,,,"bcdc7ac0fbd7ac7aa59902f6bc0c3b7c78ea4d6bc41006eb15ac5aa0ad9a567b"
"poisson_team_ridge_elo","production_hybrid_nb","feature_rich","frozen","rps","regulation_1x2","team_attack|team_defence|venue|elo_diff","d0f4469931258b3cbf0324b3e72519d44bc09c77e9776dc11ef58a87854f58ec","fold","euro2016","","euro",0.210171704395897,0.214818839474437,-0.00464713507854074,43,,,,,,,"bcdc7ac0fbd7ac7aa59902f6bc0c3b7c78ea4d6bc41006eb15ac5aa0ad9a567b"
"poisson_team_ridge_elo","uniform_1x2","open_core","frozen","rps","regulation_1x2","team_attack|team_defence|venue|elo_diff","d0f4469931258b3cbf0324b3e72519d44bc09c77e9776dc11ef58a87854f58ec","fold","euro2024","","euro",0.197933323690461,0.215686274509803,-0.0177529508193423,51,,,,,,,"bcdc7ac0fbd7ac7aa59902f6bc0c3b7c78ea4d6bc41006eb15ac5aa0ad9a567b"
"poisson_team_ridge_elo","uniform_1x2","open_core","updating","rps","regulation_1x2","team_attack|team_defence|venue|elo_diff","d0f4469931258b3cbf0324b3e72519d44bc09c77e9776dc11ef58a87854f58ec","fold","euro2024","","euro",0.194013262435562,0.215686274509804,-0.0216730120742419,51,,,,,,,"bcdc7ac0fbd7ac7aa59902f6bc0c3b7c78ea4d6bc41006eb15ac5aa0ad9a567b"
"poisson_team_ridge_elo","expanding_1x2","open_core","frozen","rps","regulation_1x2","team_attack|team_defence|venue|elo_diff","d0f4469931258b3cbf0324b3e72519d44bc09c77e9776dc11ef58a87854f58ec","fold","wc2006","","world_cup",0.204550614180104,0.215752355003328,-0.0112017408232249,64,,,,,,,"bcdc7ac0fbd7ac7aa59902f6bc0c3b7c78ea4d6bc41006eb15ac5aa0ad9a567b"
"poisson_team_ridge_elo","expanding_1x2","open_core","updating","rps","regulation_1x2","team_attack|team_defence|venue|elo_diff","d0f4469931258b3cbf0324b3e72519d44bc09c77e9776dc11ef58a87854f58ec","fold","wc2006","","world_cup",0.176879708898658,0.215788469082983,-0.038908760184325,64,,,,,,,"bcdc7ac0fbd7ac7aa59902f6bc0c3b7c78ea4d6bc41006eb15ac5aa0ad9a567b"
"poisson_team_ridge_elo","production_hybrid_nb","feature_rich","frozen","rps","regulation_1x2","team_attack|team_defence|venue|elo_diff","d0f4469931258b3cbf0324b3e72519d44bc09c77e9776dc11ef58a87854f58ec","fold","euro2020","","euro",0.20420759909274,0.217175879889846,-0.0129682807971068,48,,,,,,,"bcdc7ac0fbd7ac7aa59902f6bc0c3b7c78ea4d6bc41006eb15ac5aa0ad9a567b"
"poisson_team_ridge_elo","production_hybrid_nb","feature_rich","frozen","rps","regulation_1x2","team_attack|team_defence|venue|elo_diff","d0f4469931258b3cbf0324b3e72519d44bc09c77e9776dc11ef58a87854f58ec","fixture_weighted_secondary","","","",0.217192896301853,0.217180248807272,1.26474945816032e-05,609,,,,,,,"bcdc7ac0fbd7ac7aa59902f6bc0c3b7c78ea4d6bc41006eb15ac5aa0ad9a567b"
"poisson_team_ridge_elo","production_hybrid_nb","feature_rich","updating","rps","regulation_1x2","team_attack|team_defence|venue|elo_diff","d0f4469931258b3cbf0324b3e72519d44bc09c77e9776dc11ef58a87854f58ec","fold","euro2016","","euro",0.216619432826737,0.217593946752168,-0.000974513925431004,43,,,,,,,"bcdc7ac0fbd7ac7aa59902f6bc0c3b7c78ea4d6bc41006eb15ac5aa0ad9a567b"
"poisson_team_ridge_elo","elo_goal_nb","open_core","updating","rps","regulation_1x2","team_attack|team_defence|venue|elo_diff","d0f4469931258b3cbf0324b3e72519d44bc09c77e9776dc11ef58a87854f58ec","fold","euro2016","","euro",0.21653244523778,0.217661436270615,-0.00112899103283419,51,,,,,,,"bcdc7ac0fbd7ac7aa59902f6bc0c3b7c78ea4d6bc41006eb15ac5aa0ad9a567b"
"poisson_team_ridge_elo","production_hybrid_nb","feature_rich","frozen","rps","regulation_1x2","team_attack|team_defence|venue|elo_diff","d0f4469931258b3cbf0324b3e72519d44bc09c77e9776dc11ef58a87854f58ec","equal_tournament_headline","","","",0.217347864766644,0.218412150390249,-0.0010642856236045,609,,,,,,,"bcdc7ac0fbd7ac7aa59902f6bc0c3b7c78ea4d6bc41006eb15ac5aa0ad9a567b"
"poisson_team_ridge_elo","uniform_1x2","open_core","updating","rps","regulation_1x2","team_attack|team_defence|venue|elo_diff","d0f4469931258b3cbf0324b3e72519d44bc09c77e9776dc11ef58a87854f58ec","fold","euro2004","","euro",0.199649266244128,0.218637992831541,-0.0189887265874129,31,,,,,,,"bcdc7ac0fbd7ac7aa59902f6bc0c3b7c78ea4d6bc41006eb15ac5aa0ad9a567b"
"poisson_team_ridge_elo","uniform_1x2","open_core","frozen","rps","regulation_1x2","team_attack|team_defence|venue|elo_diff","d0f4469931258b3cbf0324b3e72519d44bc09c77e9776dc11ef58a87854f58ec","fold","euro2004","","euro",0.202750960463885,0.218637992831542,-0.015887032367657,31,,,,,,,"bcdc7ac0fbd7ac7aa59902f6bc0c3b7c78ea4d6bc41006eb15ac5aa0ad9a567b"
"poisson_team_ridge_elo","elo_goal_nb","open_core","frozen","rps","regulation_1x2","team_attack|team_defence|venue|elo_diff","d0f4469931258b3cbf0324b3e72519d44bc09c77e9776dc11ef58a87854f58ec","fold","euro2020","","euro",0.203689342931898,0.219131862392331,-0.015442519460433,51,,,,,,,"bcdc7ac0fbd7ac7aa59902f6bc0c3b7c78ea4d6bc41006eb15ac5aa0ad9a567b"
"poisson_team_ridge_elo","elo_goal_nb","open_core","frozen","rps","regulation_1x2","team_attack|team_defence|venue|elo_diff","d0f4469931258b3cbf0324b3e72519d44bc09c77e9776dc11ef58a87854f58ec","fold","euro2016","","euro",0.211808832009381,0.219593542336172,-0.00778471032679105,51,,,,,,,"bcdc7ac0fbd7ac7aa59902f6bc0c3b7c78ea4d6bc41006eb15ac5aa0ad9a567b"
"poisson_team_ridge_elo","open_nb_incumbent","open_core","frozen","rps","regulation_1x2","team_attack|team_defence|venue|elo_diff","d0f4469931258b3cbf0324b3e72519d44bc09c77e9776dc11ef58a87854f58ec","fold","wc2002","","world_cup",0.220691975824743,0.219913445140191,0.000778530684551746,64,,,,,,,"bcdc7ac0fbd7ac7aa59902f6bc0c3b7c78ea4d6bc41006eb15ac5aa0ad9a567b"
"poisson_team_ridge_elo","open_nb_incumbent","open_core","updating","rps","regulation_1x2","team_attack|team_defence|venue|elo_diff","d0f4469931258b3cbf0324b3e72519d44bc09c77e9776dc11ef58a87854f58ec","fold","euro2016","","euro",0.21653244523778,0.219949777099601,-0.0034173318618209,51,,,,,,,"bcdc7ac0fbd7ac7aa59902f6bc0c3b7c78ea4d6bc41006eb15ac5aa0ad9a567b"
"poisson_team_ridge_elo","open_nb_incumbent","open_core","frozen","rps","regulation_1x2","team_attack|team_defence|venue|elo_diff","d0f4469931258b3cbf0324b3e72519d44bc09c77e9776dc11ef58a87854f58ec","fold","euro2020","","euro",0.203689342931898,0.220127698702643,-0.016438355770745,51,,,,,,,"bcdc7ac0fbd7ac7aa59902f6bc0c3b7c78ea4d6bc41006eb15ac5aa0ad9a567b"
"poisson_team_ridge_elo","open_nb_incumbent","open_core","frozen","rps","regulation_1x2","team_attack|team_defence|venue|elo_diff","d0f4469931258b3cbf0324b3e72519d44bc09c77e9776dc11ef58a87854f58ec","fold","euro2016","","euro",0.211808832009381,0.220295779324557,-0.00848694731517694,51,,,,,,,"bcdc7ac0fbd7ac7aa59902f6bc0c3b7c78ea4d6bc41006eb15ac5aa0ad9a567b"
"poisson_team_ridge_elo","expanding_1x2","open_core","frozen","rps","regulation_1x2","team_attack|team_defence|venue|elo_diff","d0f4469931258b3cbf0324b3e72519d44bc09c77e9776dc11ef58a87854f58ec","fold","euro2004","","euro",0.202750960463885,0.220590545460224,-0.0178395849963385,31,,,,,,,"bcdc7ac0fbd7ac7aa59902f6bc0c3b7c78ea4d6bc41006eb15ac5aa0ad9a567b"
"poisson_team_ridge_elo","expanding_1x2","open_core","updating","rps","regulation_1x2","team_attack|team_defence|venue|elo_diff","d0f4469931258b3cbf0324b3e72519d44bc09c77e9776dc11ef58a87854f58ec","fold","euro2004","","euro",0.199649266244128,0.220715691178044,-0.0210664249339159,31,,,,,,,"bcdc7ac0fbd7ac7aa59902f6bc0c3b7c78ea4d6bc41006eb15ac5aa0ad9a567b"
"poisson_team_ridge_elo","production_hybrid_nb","feature_rich","frozen","rps","regulation_1x2","team_attack|team_defence|venue|elo_diff","d0f4469931258b3cbf0324b3e72519d44bc09c77e9776dc11ef58a87854f58ec","fold","wc2014","","world_cup",0.221882383702337,0.22086092111402,0.00102146258831718,64,,,,,,,"bcdc7ac0fbd7ac7aa59902f6bc0c3b7c78ea4d6bc41006eb15ac5aa0ad9a567b"
"poisson_team_ridge_elo","elo_goal_nb","open_core","updating","rps","regulation_1x2","team_attack|team_defence|venue|elo_diff","d0f4469931258b3cbf0324b3e72519d44bc09c77e9776dc11ef58a87854f58ec","fold","euro2012","","euro",0.222667071432547,0.22138880600295,0.00127826542959626,31,,,,,,,"bcdc7ac0fbd7ac7aa59902f6bc0c3b7c78ea4d6bc41006eb15ac5aa0ad9a567b"
"poisson_team_ridge_elo","elo_goal_nb","open_core","frozen","rps","regulation_1x2","team_attack|team_defence|venue|elo_diff","d0f4469931258b3cbf0324b3e72519d44bc09c77e9776dc11ef58a87854f58ec","fixture_weighted_secondary","","","",0.216778780109524,0.222366005932213,-0.00558722582268834,630,,,,,,,"bcdc7ac0fbd7ac7aa59902f6bc0c3b7c78ea4d6bc41006eb15ac5aa0ad9a567b"
"poisson_team_ridge_elo","elo_goal_nb","open_core","frozen","rps","regulation_1x2","team_attack|team_defence|venue|elo_diff","d0f4469931258b3cbf0324b3e72519d44bc09c77e9776dc11ef58a87854f58ec","equal_tournament_headline","","","",0.216965867160067,0.222488635674597,-0.00552276851452945,630,,,,,,,"bcdc7ac0fbd7ac7aa59902f6bc0c3b7c78ea4d6bc41006eb15ac5aa0ad9a567b"
"poisson_team_ridge_elo","open_nb_incumbent","open_core","frozen","rps","regulation_1x2","team_attack|team_defence|venue|elo_diff","d0f4469931258b3cbf0324b3e72519d44bc09c77e9776dc11ef58a87854f58ec","fixture_weighted_secondary","","","",0.216778780109524,0.222777605348689,-0.00599882523916425,630,,,,,,,"bcdc7ac0fbd7ac7aa59902f6bc0c3b7c78ea4d6bc41006eb15ac5aa0ad9a567b"
"poisson_team_ridge_elo","elo_goal_nb","open_core","frozen","rps","regulation_1x2","team_attack|team_defence|venue|elo_diff","d0f4469931258b3cbf0324b3e72519d44bc09c77e9776dc11ef58a87854f58ec","fold","wc2002","","world_cup",0.220691975824743,0.22286228257362,-0.00217030674887701,64,,,,,,,"bcdc7ac0fbd7ac7aa59902f6bc0c3b7c78ea4d6bc41006eb15ac5aa0ad9a567b"
"poisson_team_ridge_elo","production_hybrid_nb","feature_rich","frozen","rps","regulation_1x2","team_attack|team_defence|venue|elo_diff","d0f4469931258b3cbf0324b3e72519d44bc09c77e9776dc11ef58a87854f58ec","fold","wc2022","","world_cup",0.228976619301951,0.222906942893562,0.00606967640838935,64,,,,,,,"bcdc7ac0fbd7ac7aa59902f6bc0c3b7c78ea4d6bc41006eb15ac5aa0ad9a567b"
"poisson_team_ridge_elo","open_nb_incumbent","open_core","frozen","rps","regulation_1x2","team_attack|team_defence|venue|elo_diff","d0f4469931258b3cbf0324b3e72519d44bc09c77e9776dc11ef58a87854f58ec","equal_tournament_headline","","","",0.216965867160067,0.223289677347567,-0.00632381018749963,630,,,,,,,"bcdc7ac0fbd7ac7aa59902f6bc0c3b7c78ea4d6bc41006eb15ac5aa0ad9a567b"
"poisson_team_ridge_elo","elo_goal_nb","open_core","frozen","rps","regulation_1x2","team_attack|team_defence|venue|elo_diff","d0f4469931258b3cbf0324b3e72519d44bc09c77e9776dc11ef58a87854f58ec","fold","wc2014","","world_cup",0.221882383702337,0.223316208416854,-0.00143382471451688,64,,,,,,,"bcdc7ac0fbd7ac7aa59902f6bc0c3b7c78ea4d6bc41006eb15ac5aa0ad9a567b"
"poisson_team_ridge_elo","expanding_1x2","open_core","frozen","rps","regulation_1x2","team_attack|team_defence|venue|elo_diff","d0f4469931258b3cbf0324b3e72519d44bc09c77e9776dc11ef58a87854f58ec","fold","euro2024","","euro",0.197933323690461,0.225207595460973,-0.0272742717705125,51,,,,,,,"bcdc7ac0fbd7ac7aa59902f6bc0c3b7c78ea4d6bc41006eb15ac5aa0ad9a567b"
"poisson_team_ridge_elo","expanding_1x2","open_core","updating","rps","regulation_1x2","team_attack|team_defence|venue|elo_diff","d0f4469931258b3cbf0324b3e72519d44bc09c77e9776dc11ef58a87854f58ec","fold","euro2024","","euro",0.194013262435562,0.22526830092061,-0.0312550384850478,51,,,,,,,"bcdc7ac0fbd7ac7aa59902f6bc0c3b7c78ea4d6bc41006eb15ac5aa0ad9a567b"
"poisson_team_ridge_elo","uniform_1x2","open_core","updating","rps","regulation_1x2","team_attack|team_defence|venue|elo_diff","d0f4469931258b3cbf0324b3e72519d44bc09c77e9776dc11ef58a87854f58ec","fold","euro2016","","euro",0.21653244523778,0.225490196078429,-0.00895775084064888,51,,,,,,,"bcdc7ac0fbd7ac7aa59902f6bc0c3b7c78ea4d6bc41006eb15ac5aa0ad9a567b"
"poisson_team_ridge_elo","uniform_1x2","open_core","updating","rps","regulation_1x2","team_attack|team_defence|venue|elo_diff","d0f4469931258b3cbf0324b3e72519d44bc09c77e9776dc11ef58a87854f58ec","fold","euro2020","","euro",0.191885405985079,0.22549019607843,-0.0336047900933517,51,,,,,,,"bcdc7ac0fbd7ac7aa59902f6bc0c3b7c78ea4d6bc41006eb15ac5aa0ad9a567b"
"poisson_team_ridge_elo","uniform_1x2","open_core","frozen","rps","regulation_1x2","team_attack|team_defence|venue|elo_diff","d0f4469931258b3cbf0324b3e72519d44bc09c77e9776dc11ef58a87854f58ec","fold","euro2016","","euro",0.211808832009381,0.22549019607843,-0.0136813640690494,51,,,,,,,"bcdc7ac0fbd7ac7aa59902f6bc0c3b7c78ea4d6bc41006eb15ac5aa0ad9a567b"
"poisson_team_ridge_elo","uniform_1x2","open_core","frozen","rps","regulation_1x2","team_attack|team_defence|venue|elo_diff","d0f4469931258b3cbf0324b3e72519d44bc09c77e9776dc11ef58a87854f58ec","fold","euro2020","","euro",0.203689342931898,0.225490196078431,-0.0218008531465328,51,,,,,,,"bcdc7ac0fbd7ac7aa59902f6bc0c3b7c78ea4d6bc41006eb15ac5aa0ad9a567b"
"poisson_team_ridge_elo","expanding_1x2","open_core","frozen","rps","regulation_1x2","team_attack|team_defence|venue|elo_diff","d0f4469931258b3cbf0324b3e72519d44bc09c77e9776dc11ef58a87854f58ec","fold","wc2002","","world_cup",0.220691975824743,0.225824157415433,-0.00513218159069004,64,,,,,,,"bcdc7ac0fbd7ac7aa59902f6bc0c3b7c78ea4d6bc41006eb15ac5aa0ad9a567b"
"poisson_team_ridge_elo","open_nb_incumbent","open_core","frozen","rps","regulation_1x2","team_attack|team_defence|venue|elo_diff","d0f4469931258b3cbf0324b3e72519d44bc09c77e9776dc11ef58a87854f58ec","fold","wc2014","","world_cup",0.221882383702337,0.2258272417331,-0.00394485803076263,64,,,,,,,"bcdc7ac0fbd7ac7aa59902f6bc0c3b7c78ea4d6bc41006eb15ac5aa0ad9a567b"
"poisson_team_ridge_elo","expanding_1x2","open_core","updating","rps","regulation_1x2","team_attack|team_defence|venue|elo_diff","d0f4469931258b3cbf0324b3e72519d44bc09c77e9776dc11ef58a87854f58ec","fold","wc2002","","world_cup",0.212958175131115,0.225861316572284,-0.0129031414411694,64,,,,,,,"bcdc7ac0fbd7ac7aa59902f6bc0c3b7c78ea4d6bc41006eb15ac5aa0ad9a567b"
"poisson_team_ridge_elo","open_nb_incumbent","open_core","frozen","rps","regulation_1x2","team_attack|team_defence|venue|elo_diff","d0f4469931258b3cbf0324b3e72519d44bc09c77e9776dc11ef58a87854f58ec","fold","wc2022","","world_cup",0.228976619301951,0.226118808703961,0.00285781059799063,64,,,,,,,"bcdc7ac0fbd7ac7aa59902f6bc0c3b7c78ea4d6bc41006eb15ac5aa0ad9a567b"
"poisson_team_ridge_elo","open_nb_incumbent","open_core","updating","rps","regulation_1x2","team_attack|team_defence|venue|elo_diff","d0f4469931258b3cbf0324b3e72519d44bc09c77e9776dc11ef58a87854f58ec","fold","euro2012","","euro",0.222667071432547,0.227104724300039,-0.00443765286749256,31,,,,,,,"bcdc7ac0fbd7ac7aa59902f6bc0c3b7c78ea4d6bc41006eb15ac5aa0ad9a567b"
"poisson_team_ridge_elo","production_hybrid_nb","feature_rich","frozen","rps","regulation_1x2","team_attack|team_defence|venue|elo_diff","d0f4469931258b3cbf0324b3e72519d44bc09c77e9776dc11ef58a87854f58ec","fold","wc2018","","world_cup",0.224578419790467,0.22724105810526,-0.00266263831479291,64,,,,,,,"bcdc7ac0fbd7ac7aa59902f6bc0c3b7c78ea4d6bc41006eb15ac5aa0ad9a567b"
"poisson_team_ridge_elo","expanding_1x2","open_core","frozen","rps","regulation_1x2","team_attack|team_defence|venue|elo_diff","d0f4469931258b3cbf0324b3e72519d44bc09c77e9776dc11ef58a87854f58ec","fold","euro2016","","euro",0.211808832009381,0.227261591509116,-0.0154527594997353,51,,,,,,,"bcdc7ac0fbd7ac7aa59902f6bc0c3b7c78ea4d6bc41006eb15ac5aa0ad9a567b"
"poisson_team_ridge_elo","expanding_1x2","open_core","updating","rps","regulation_1x2","team_attack|team_defence|venue|elo_diff","d0f4469931258b3cbf0324b3e72519d44bc09c77e9776dc11ef58a87854f58ec","fold","euro2016","","euro",0.21653244523778,0.227348903289467,-0.0108164580516865,51,,,,,,,"bcdc7ac0fbd7ac7aa59902f6bc0c3b7c78ea4d6bc41006eb15ac5aa0ad9a567b"
"poisson_team_ridge_elo","elo_goal_nb","open_core","frozen","rps","regulation_1x2","team_attack|team_defence|venue|elo_diff","d0f4469931258b3cbf0324b3e72519d44bc09c77e9776dc11ef58a87854f58ec","fold","wc2022","","world_cup",0.228976619301951,0.227460034050359,0.00151658525159264,64,,,,,,,"bcdc7ac0fbd7ac7aa59902f6bc0c3b7c78ea4d6bc41006eb15ac5aa0ad9a567b"
"poisson_team_ridge_elo","elo_goal_nb","open_core","frozen","rps","regulation_1x2","team_attack|team_defence|venue|elo_diff","d0f4469931258b3cbf0324b3e72519d44bc09c77e9776dc11ef58a87854f58ec","fold","euro2008","","euro",0.228217349534139,0.227565017482987,0.000652332051152162,31,,,,,,,"bcdc7ac0fbd7ac7aa59902f6bc0c3b7c78ea4d6bc41006eb15ac5aa0ad9a567b"
"poisson_team_ridge_elo","production_hybrid_nb","feature_rich","frozen","rps","regulation_1x2","team_attack|team_defence|venue|elo_diff","d0f4469931258b3cbf0324b3e72519d44bc09c77e9776dc11ef58a87854f58ec","fold","euro2008","","euro",0.228217349534139,0.228028515914912,0.0001888336192276,31,,,,,,,"bcdc7ac0fbd7ac7aa59902f6bc0c3b7c78ea4d6bc41006eb15ac5aa0ad9a567b"
"poisson_team_ridge_elo","elo_goal_nb","open_core","frozen","rps","regulation_1x2","team_attack|team_defence|venue|elo_diff","d0f4469931258b3cbf0324b3e72519d44bc09c77e9776dc11ef58a87854f58ec","fold","wc2010","","world_cup",0.220250257285867,0.22821501416497,-0.00796475687910362,64,,,,,,,"bcdc7ac0fbd7ac7aa59902f6bc0c3b7c78ea4d6bc41006eb15ac5aa0ad9a567b"
"poisson_team_ridge_elo","uniform_1x2","open_core","updating","rps","regulation_1x2","team_attack|team_defence|venue|elo_diff","d0f4469931258b3cbf0324b3e72519d44bc09c77e9776dc11ef58a87854f58ec","fold","wc2002","","world_cup",0.212958175131115,0.228298611111111,-0.0153404359799961,64,,,,,,,"bcdc7ac0fbd7ac7aa59902f6bc0c3b7c78ea4d6bc41006eb15ac5aa0ad9a567b"
"poisson_team_ridge_elo","uniform_1x2","open_core","frozen","rps","regulation_1x2","team_attack|team_defence|venue|elo_diff","d0f4469931258b3cbf0324b3e72519d44bc09c77e9776dc11ef58a87854f58ec","fold","wc2002","","world_cup",0.220691975824743,0.228298611111114,-0.00760663528637076,64,,,,,,,"bcdc7ac0fbd7ac7aa59902f6bc0c3b7c78ea4d6bc41006eb15ac5aa0ad9a567b"
"poisson_team_ridge_elo","elo_goal_nb","open_core","frozen","rps","regulation_1x2","team_attack|team_defence|venue|elo_diff","d0f4469931258b3cbf0324b3e72519d44bc09c77e9776dc11ef58a87854f58ec","fold","wc2018","","world_cup",0.224578419790467,0.230619947484092,-0.00604152769362537,64,,,,,,,"bcdc7ac0fbd7ac7aa59902f6bc0c3b7c78ea4d6bc41006eb15ac5aa0ad9a567b"
"poisson_team_ridge_elo","expanding_1x2","open_core","frozen","rps","regulation_1x2","team_attack|team_defence|venue|elo_diff","d0f4469931258b3cbf0324b3e72519d44bc09c77e9776dc11ef58a87854f58ec","fold","euro2020","","euro",0.203689342931898,0.230797681507235,-0.027108338575337,51,,,,,,,"bcdc7ac0fbd7ac7aa59902f6bc0c3b7c78ea4d6bc41006eb15ac5aa0ad9a567b"
"poisson_team_ridge_elo","open_nb_incumbent","open_core","frozen","rps","regulation_1x2","team_attack|team_defence|venue|elo_diff","d0f4469931258b3cbf0324b3e72519d44bc09c77e9776dc11ef58a87854f58ec","fold","wc2010","","world_cup",0.220250257285867,0.230807108032634,-0.0105568507467675,64,,,,,,,"bcdc7ac0fbd7ac7aa59902f6bc0c3b7c78ea4d6bc41006eb15ac5aa0ad9a567b"
"poisson_team_ridge_elo","uniform_1x2","open_core","updating","rps","regulation_1x2","team_attack|team_defence|venue|elo_diff","d0f4469931258b3cbf0324b3e72519d44bc09c77e9776dc11ef58a87854f58ec","fold","wc2010","","world_cup",0.192024109560542,0.230902777777778,-0.0388786682172361,64,,,,,,,"bcdc7ac0fbd7ac7aa59902f6bc0c3b7c78ea4d6bc41006eb15ac5aa0ad9a567b"
"poisson_team_ridge_elo","uniform_1x2","open_core","frozen","rps","regulation_1x2","team_attack|team_defence|venue|elo_diff","d0f4469931258b3cbf0324b3e72519d44bc09c77e9776dc11ef58a87854f58ec","fold","wc2010","","world_cup",0.220250257285867,0.230902777777778,-0.0106525204919111,64,,,,,,,"bcdc7ac0fbd7ac7aa59902f6bc0c3b7c78ea4d6bc41006eb15ac5aa0ad9a567b"
"poisson_team_ridge_elo","expanding_1x2","open_core","updating","rps","regulation_1x2","team_attack|team_defence|venue|elo_diff","d0f4469931258b3cbf0324b3e72519d44bc09c77e9776dc11ef58a87854f58ec","fold","euro2020","","euro",0.191885405985079,0.230982895569659,-0.0390974895845806,51,,,,,,,"bcdc7ac0fbd7ac7aa59902f6bc0c3b7c78ea4d6bc41006eb15ac5aa0ad9a567b"
"poisson_team_ridge_elo","uniform_1x2","open_core","updating","rps","regulation_1x2","team_attack|team_defence|venue|elo_diff","d0f4469931258b3cbf0324b3e72519d44bc09c77e9776dc11ef58a87854f58ec","equal_tournament_headline","","","",0.203894297842414,0.231434811827957,-0.027540513985543,630,,,,,,,"bcdc7ac0fbd7ac7aa59902f6bc0c3b7c78ea4d6bc41006eb15ac5aa0ad9a567b"
"poisson_team_ridge_elo","uniform_1x2","open_core","frozen","rps","regulation_1x2","team_attack|team_defence|venue|elo_diff","d0f4469931258b3cbf0324b3e72519d44bc09c77e9776dc11ef58a87854f58ec","equal_tournament_headline","","","",0.216965867160067,0.231434811827957,-0.0144689446678894,630,,,,,,,"bcdc7ac0fbd7ac7aa59902f6bc0c3b7c78ea4d6bc41006eb15ac5aa0ad9a567b"
"poisson_team_ridge_elo","uniform_1x2","open_core","updating","rps","regulation_1x2","team_attack|team_defence|venue|elo_diff","d0f4469931258b3cbf0324b3e72519d44bc09c77e9776dc11ef58a87854f58ec","fixture_weighted_secondary","","","",0.20300350923659,0.231481481481481,-0.0284779722448915,630,,,,,,,"bcdc7ac0fbd7ac7aa59902f6bc0c3b7c78ea4d6bc41006eb15ac5aa0ad9a567b"
"poisson_team_ridge_elo","uniform_1x2","open_core","frozen","rps","regulation_1x2","team_attack|team_defence|venue|elo_diff","d0f4469931258b3cbf0324b3e72519d44bc09c77e9776dc11ef58a87854f58ec","fixture_weighted_secondary","","","",0.216778780109524,0.231481481481481,-0.014702701371957,630,,,,,,,"bcdc7ac0fbd7ac7aa59902f6bc0c3b7c78ea4d6bc41006eb15ac5aa0ad9a567b"
"poisson_team_ridge_elo","production_hybrid_nb","feature_rich","frozen","rps","regulation_1x2","team_attack|team_defence|venue|elo_diff","d0f4469931258b3cbf0324b3e72519d44bc09c77e9776dc11ef58a87854f58ec","fold","wc2010","","world_cup",0.221831184681692,0.231714769293689,-0.00988358461199688,61,,,,,,,"bcdc7ac0fbd7ac7aa59902f6bc0c3b7c78ea4d6bc41006eb15ac5aa0ad9a567b"
"poisson_team_ridge_elo","open_nb_incumbent","open_core","frozen","rps","regulation_1x2","team_attack|team_defence|venue|elo_diff","d0f4469931258b3cbf0324b3e72519d44bc09c77e9776dc11ef58a87854f58ec","fold","euro2008","","euro",0.228217349534139,0.233089752424003,-0.00487240288986368,31,,,,,,,"bcdc7ac0fbd7ac7aa59902f6bc0c3b7c78ea4d6bc41006eb15ac5aa0ad9a567b"
"poisson_team_ridge_elo","uniform_1x2","open_core","frozen","rps","regulation_1x2","team_attack|team_defence|venue|elo_diff","d0f4469931258b3cbf0324b3e72519d44bc09c77e9776dc11ef58a87854f58ec","fold","wc2006","","world_cup",0.204550614180104,0.23350694444444,-0.0289563302643363,64,,,,,,,"bcdc7ac0fbd7ac7aa59902f6bc0c3b7c78ea4d6bc41006eb15ac5aa0ad9a567b"
"poisson_team_ridge_elo","uniform_1x2","open_core","updating","rps","regulation_1x2","team_attack|team_defence|venue|elo_diff","d0f4469931258b3cbf0324b3e72519d44bc09c77e9776dc11ef58a87854f58ec","fold","wc2006","","world_cup",0.176879708898658,0.233506944444443,-0.0566272355457846,64,,,,,,,"bcdc7ac0fbd7ac7aa59902f6bc0c3b7c78ea4d6bc41006eb15ac5aa0ad9a567b"
"poisson_team_ridge_elo","uniform_1x2","open_core","updating","rps","regulation_1x2","team_attack|team_defence|venue|elo_diff","d0f4469931258b3cbf0324b3e72519d44bc09c77e9776dc11ef58a87854f58ec","fold","wc2014","","world_cup",0.211707748321291,0.233506944444444,-0.0217991961231527,64,,,,,,,"bcdc7ac0fbd7ac7aa59902f6bc0c3b7c78ea4d6bc41006eb15ac5aa0ad9a567b"
"poisson_team_ridge_elo","uniform_1x2","open_core","frozen","rps","regulation_1x2","team_attack|team_defence|venue|elo_diff","d0f4469931258b3cbf0324b3e72519d44bc09c77e9776dc11ef58a87854f58ec","fold","wc2014","","world_cup",0.221882383702337,0.233506944444445,-0.0116245607421074,64,,,,,,,"bcdc7ac0fbd7ac7aa59902f6bc0c3b7c78ea4d6bc41006eb15ac5aa0ad9a567b"
"poisson_team_ridge_elo","expanding_1x2","open_core","updating","rps","regulation_1x2","team_attack|team_defence|venue|elo_diff","d0f4469931258b3cbf0324b3e72519d44bc09c77e9776dc11ef58a87854f58ec","fixture_weighted_secondary","","","",0.20300350923659,0.23401862928916,-0.0310151200525701,630,,,,,,,"bcdc7ac0fbd7ac7aa59902f6bc0c3b7c78ea4d6bc41006eb15ac5aa0ad9a567b"
"poisson_team_ridge_elo","expanding_1x2","open_core","frozen","rps","regulation_1x2","team_attack|team_defence|venue|elo_diff","d0f4469931258b3cbf0324b3e72519d44bc09c77e9776dc11ef58a87854f58ec","fixture_weighted_secondary","","","",0.216778780109524,0.234046704117589,-0.0172679240080647,630,,,,,,,"bcdc7ac0fbd7ac7aa59902f6bc0c3b7c78ea4d6bc41006eb15ac5aa0ad9a567b"
"poisson_team_ridge_elo","open_nb_incumbent","open_core","frozen","rps","regulation_1x2","team_attack|team_defence|venue|elo_diff","d0f4469931258b3cbf0324b3e72519d44bc09c77e9776dc11ef58a87854f58ec","fold","wc2018","","world_cup",0.224578419790467,0.234575823914353,-0.00999740412388638,64,,,,,,,"bcdc7ac0fbd7ac7aa59902f6bc0c3b7c78ea4d6bc41006eb15ac5aa0ad9a567b"
"poisson_team_ridge_elo","production_hybrid_nb","feature_rich","updating","rps","regulation_1x2","team_attack|team_defence|venue|elo_diff","d0f4469931258b3cbf0324b3e72519d44bc09c77e9776dc11ef58a87854f58ec","fold","euro2012","","euro",0.229704073907634,0.234600469568812,-0.00489639566117897,28,,,,,,,"bcdc7ac0fbd7ac7aa59902f6bc0c3b7c78ea4d6bc41006eb15ac5aa0ad9a567b"
"poisson_team_ridge_elo","expanding_1x2","open_core","updating","rps","regulation_1x2","team_attack|team_defence|venue|elo_diff","d0f4469931258b3cbf0324b3e72519d44bc09c77e9776dc11ef58a87854f58ec","equal_tournament_headline","","","",0.203894297842414,0.235146944074474,-0.0312526462320602,630,,,,,,,"bcdc7ac0fbd7ac7aa59902f6bc0c3b7c78ea4d6bc41006eb15ac5aa0ad9a567b"
"poisson_team_ridge_elo","expanding_1x2","open_core","frozen","rps","regulation_1x2","team_attack|team_defence|venue|elo_diff","d0f4469931258b3cbf0324b3e72519d44bc09c77e9776dc11ef58a87854f58ec","equal_tournament_headline","","","",0.216965867160067,0.235193730960201,-0.0182278638001336,630,,,,,,,"bcdc7ac0fbd7ac7aa59902f6bc0c3b7c78ea4d6bc41006eb15ac5aa0ad9a567b"
"poisson_team_ridge_elo","expanding_1x2","open_core","updating","rps","regulation_1x2","team_attack|team_defence|venue|elo_diff","d0f4469931258b3cbf0324b3e72519d44bc09c77e9776dc11ef58a87854f58ec","fold","wc2022","","world_cup",0.217915076067073,0.235293526070556,-0.0173784500034834,64,,,,,,,"bcdc7ac0fbd7ac7aa59902f6bc0c3b7c78ea4d6bc41006eb15ac5aa0ad9a567b"
"poisson_team_ridge_elo","expanding_1x2","open_core","frozen","rps","regulation_1x2","team_attack|team_defence|venue|elo_diff","d0f4469931258b3cbf0324b3e72519d44bc09c77e9776dc11ef58a87854f58ec","fold","wc2022","","world_cup",0.228976619301951,0.235312919221245,-0.00633629991929389,64,,,,,,,"bcdc7ac0fbd7ac7aa59902f6bc0c3b7c78ea4d6bc41006eb15ac5aa0ad9a567b"
"poisson_team_ridge_elo","expanding_1x2","open_core","frozen","rps","regulation_1x2","team_attack|team_defence|venue|elo_diff","d0f4469931258b3cbf0324b3e72519d44bc09c77e9776dc11ef58a87854f58ec","fold","wc2014","","world_cup",0.221882383702337,0.237827219026287,-0.0159448353239495,64,,,,,,,"bcdc7ac0fbd7ac7aa59902f6bc0c3b7c78ea4d6bc41006eb15ac5aa0ad9a567b"
"poisson_team_ridge_elo","expanding_1x2","open_core","updating","rps","regulation_1x2","team_attack|team_defence|venue|elo_diff","d0f4469931258b3cbf0324b3e72519d44bc09c77e9776dc11ef58a87854f58ec","fold","wc2014","","world_cup",0.211707748321291,0.23785716685019,-0.0261494185288989,64,,,,,,,"bcdc7ac0fbd7ac7aa59902f6bc0c3b7c78ea4d6bc41006eb15ac5aa0ad9a567b"
"poisson_team_ridge_elo","expanding_1x2","open_core","updating","rps","regulation_1x2","team_attack|team_defence|venue|elo_diff","d0f4469931258b3cbf0324b3e72519d44bc09c77e9776dc11ef58a87854f58ec","fold","wc2010","","world_cup",0.192024109560542,0.237873343461482,-0.0458492339009399,64,,,,,,,"bcdc7ac0fbd7ac7aa59902f6bc0c3b7c78ea4d6bc41006eb15ac5aa0ad9a567b"
"poisson_team_ridge_elo","expanding_1x2","open_core","frozen","rps","regulation_1x2","team_attack|team_defence|venue|elo_diff","d0f4469931258b3cbf0324b3e72519d44bc09c77e9776dc11ef58a87854f58ec","fold","wc2010","","world_cup",0.220250257285867,0.237998093302875,-0.0177478360170088,64,,,,,,,"bcdc7ac0fbd7ac7aa59902f6bc0c3b7c78ea4d6bc41006eb15ac5aa0ad9a567b"
"poisson_team_ridge_elo","uniform_1x2","open_core","updating","rps","regulation_1x2","team_attack|team_defence|venue|elo_diff","d0f4469931258b3cbf0324b3e72519d44bc09c77e9776dc11ef58a87854f58ec","fold","wc2022","","world_cup",0.217915076067073,0.238715277777779,-0.0208002017107062,64,,,,,,,"bcdc7ac0fbd7ac7aa59902f6bc0c3b7c78ea4d6bc41006eb15ac5aa0ad9a567b"
"poisson_team_ridge_elo","uniform_1x2","open_core","frozen","rps","regulation_1x2","team_attack|team_defence|venue|elo_diff","d0f4469931258b3cbf0324b3e72519d44bc09c77e9776dc11ef58a87854f58ec","fold","wc2022","","world_cup",0.228976619301951,0.238715277777779,-0.00973865847582768,64,,,,,,,"bcdc7ac0fbd7ac7aa59902f6bc0c3b7c78ea4d6bc41006eb15ac5aa0ad9a567b"
"poisson_team_ridge_elo","uniform_1x2","open_core","frozen","rps","regulation_1x2","team_attack|team_defence|venue|elo_diff","d0f4469931258b3cbf0324b3e72519d44bc09c77e9776dc11ef58a87854f58ec","fold","euro2012","","euro",0.238260327205576,0.240143369175627,-0.00188304197005133,31,,,,,,,"bcdc7ac0fbd7ac7aa59902f6bc0c3b7c78ea4d6bc41006eb15ac5aa0ad9a567b"
"poisson_team_ridge_elo","uniform_1x2","open_core","updating","rps","regulation_1x2","team_attack|team_defence|venue|elo_diff","d0f4469931258b3cbf0324b3e72519d44bc09c77e9776dc11ef58a87854f58ec","fold","euro2012","","euro",0.222667071432547,0.240143369175628,-0.0174762977430808,31,,,,,,,"bcdc7ac0fbd7ac7aa59902f6bc0c3b7c78ea4d6bc41006eb15ac5aa0ad9a567b"
"poisson_team_ridge_elo","uniform_1x2","open_core","updating","rps","regulation_1x2","team_attack|team_defence|venue|elo_diff","d0f4469931258b3cbf0324b3e72519d44bc09c77e9776dc11ef58a87854f58ec","fold","wc2018","","world_cup",0.200482144097233,0.241319444444444,-0.0408373003472107,64,,,,,,,"bcdc7ac0fbd7ac7aa59902f6bc0c3b7c78ea4d6bc41006eb15ac5aa0ad9a567b"
"poisson_team_ridge_elo","uniform_1x2","open_core","frozen","rps","regulation_1x2","team_attack|team_defence|venue|elo_diff","d0f4469931258b3cbf0324b3e72519d44bc09c77e9776dc11ef58a87854f58ec","fold","wc2018","","world_cup",0.224578419790467,0.241319444444445,-0.0167410246539783,64,,,,,,,"bcdc7ac0fbd7ac7aa59902f6bc0c3b7c78ea4d6bc41006eb15ac5aa0ad9a567b"
"poisson_team_ridge_elo","elo_goal_nb","open_core","frozen","rps","regulation_1x2","team_attack|team_defence|venue|elo_diff","d0f4469931258b3cbf0324b3e72519d44bc09c77e9776dc11ef58a87854f58ec","fold","euro2012","","euro",0.238260327205576,0.242627431108916,-0.00436710390334038,31,,,,,,,"bcdc7ac0fbd7ac7aa59902f6bc0c3b7c78ea4d6bc41006eb15ac5aa0ad9a567b"
"poisson_team_ridge_elo","uniform_1x2","open_core","frozen","rps","regulation_1x2","team_attack|team_defence|venue|elo_diff","d0f4469931258b3cbf0324b3e72519d44bc09c77e9776dc11ef58a87854f58ec","fold","euro2008","","euro",0.228217349534139,0.245519713261648,-0.0173023637275088,31,,,,,,,"bcdc7ac0fbd7ac7aa59902f6bc0c3b7c78ea4d6bc41006eb15ac5aa0ad9a567b"
"poisson_team_ridge_elo","uniform_1x2","open_core","updating","rps","regulation_1x2","team_attack|team_defence|venue|elo_diff","d0f4469931258b3cbf0324b3e72519d44bc09c77e9776dc11ef58a87854f58ec","fold","euro2008","","euro",0.210017160697957,0.245519713261649,-0.0355025525636928,31,,,,,,,"bcdc7ac0fbd7ac7aa59902f6bc0c3b7c78ea4d6bc41006eb15ac5aa0ad9a567b"
"poisson_team_ridge_elo","open_nb_incumbent","open_core","frozen","rps","regulation_1x2","team_attack|team_defence|venue|elo_diff","d0f4469931258b3cbf0324b3e72519d44bc09c77e9776dc11ef58a87854f58ec","fold","euro2012","","euro",0.238260327205576,0.247874705456687,-0.00961437825111135,31,,,,,,,"bcdc7ac0fbd7ac7aa59902f6bc0c3b7c78ea4d6bc41006eb15ac5aa0ad9a567b"
"poisson_team_ridge_elo","expanding_1x2","open_core","updating","rps","regulation_1x2","team_attack|team_defence|venue|elo_diff","d0f4469931258b3cbf0324b3e72519d44bc09c77e9776dc11ef58a87854f58ec","fold","wc2018","","world_cup",0.200482144097233,0.249904094958613,-0.0494219508613802,64,,,,,,,"bcdc7ac0fbd7ac7aa59902f6bc0c3b7c78ea4d6bc41006eb15ac5aa0ad9a567b"
"poisson_team_ridge_elo","expanding_1x2","open_core","frozen","rps","regulation_1x2","team_attack|team_defence|venue|elo_diff","d0f4469931258b3cbf0324b3e72519d44bc09c77e9776dc11ef58a87854f58ec","fold","wc2018","","world_cup",0.224578419790467,0.250073689586583,-0.0254952697961162,64,,,,,,,"bcdc7ac0fbd7ac7aa59902f6bc0c3b7c78ea4d6bc41006eb15ac5aa0ad9a567b"
"poisson_team_ridge_elo","production_hybrid_nb","feature_rich","frozen","rps","regulation_1x2","team_attack|team_defence|venue|elo_diff","d0f4469931258b3cbf0324b3e72519d44bc09c77e9776dc11ef58a87854f58ec","fold","euro2012","","euro",0.239340032804256,0.253610006851323,-0.0142699740470667,28,,,,,,,"bcdc7ac0fbd7ac7aa59902f6bc0c3b7c78ea4d6bc41006eb15ac5aa0ad9a567b"
"poisson_team_ridge_elo","expanding_1x2","open_core","updating","rps","regulation_1x2","team_attack|team_defence|venue|elo_diff","d0f4469931258b3cbf0324b3e72519d44bc09c77e9776dc11ef58a87854f58ec","fold","euro2012","","euro",0.222667071432547,0.253759356367876,-0.031092284935329,31,,,,,,,"bcdc7ac0fbd7ac7aa59902f6bc0c3b7c78ea4d6bc41006eb15ac5aa0ad9a567b"
"poisson_team_ridge_elo","expanding_1x2","open_core","frozen","rps","regulation_1x2","team_attack|team_defence|venue|elo_diff","d0f4469931258b3cbf0324b3e72519d44bc09c77e9776dc11ef58a87854f58ec","fold","euro2012","","euro",0.238260327205576,0.253869302014132,-0.0156089748085565,31,,,,,,,"bcdc7ac0fbd7ac7aa59902f6bc0c3b7c78ea4d6bc41006eb15ac5aa0ad9a567b"
"poisson_team_ridge_elo","expanding_1x2","open_core","updating","rps","regulation_1x2","team_attack|team_defence|venue|elo_diff","d0f4469931258b3cbf0324b3e72519d44bc09c77e9776dc11ef58a87854f58ec","fold","euro2008","","euro",0.210017160697957,0.261110264571922,-0.0510931038739656,31,,,,,,,"bcdc7ac0fbd7ac7aa59902f6bc0c3b7c78ea4d6bc41006eb15ac5aa0ad9a567b"
"poisson_team_ridge_elo","expanding_1x2","open_core","frozen","rps","regulation_1x2","team_attack|team_defence|venue|elo_diff","d0f4469931258b3cbf0324b3e72519d44bc09c77e9776dc11ef58a87854f58ec","fold","euro2008","","euro",0.228217349534139,0.26180962201498,-0.0335922724808406,31,,,,,,,"bcdc7ac0fbd7ac7aa59902f6bc0c3b7c78ea4d6bc41006eb15ac5aa0ad9a567b"
"poisson_team_ridge_elo","elo_goal_nb","open_core","frozen","rps","regulation_1x2","team_attack|team_defence|venue|elo_diff","d0f4469931258b3cbf0324b3e72519d44bc09c77e9776dc11ef58a87854f58ec","leave_one_tournament_out","","euro2020","",,,-0.00462097297399276,,,,,,,,"bcdc7ac0fbd7ac7aa59902f6bc0c3b7c78ea4d6bc41006eb15ac5aa0ad9a567b"
"poisson_team_ridge_elo","elo_goal_nb","open_core","frozen","rps","regulation_1x2","team_attack|team_defence|venue|elo_diff","d0f4469931258b3cbf0324b3e72519d44bc09c77e9776dc11ef58a87854f58ec","leave_one_tournament_out","","euro2024","",,,-0.00502834304432901,,,,,,,,"bcdc7ac0fbd7ac7aa59902f6bc0c3b7c78ea4d6bc41006eb15ac5aa0ad9a567b"
"poisson_team_ridge_elo","elo_goal_nb","open_core","frozen","rps","regulation_1x2","team_attack|team_defence|venue|elo_diff","d0f4469931258b3cbf0324b3e72519d44bc09c77e9776dc11ef58a87854f58ec","leave_one_tournament_out","","wc2010","",,,-0.00530076957229543,,,,,,,,"bcdc7ac0fbd7ac7aa59902f6bc0c3b7c78ea4d6bc41006eb15ac5aa0ad9a567b"
"poisson_team_ridge_elo","elo_goal_nb","open_core","frozen","rps","regulation_1x2","team_attack|team_defence|venue|elo_diff","d0f4469931258b3cbf0324b3e72519d44bc09c77e9776dc11ef58a87854f58ec","leave_one_tournament_out","","euro2016","",,,-0.00531713744068748,,,,,,,,"bcdc7ac0fbd7ac7aa59902f6bc0c3b7c78ea4d6bc41006eb15ac5aa0ad9a567b"
"poisson_team_ridge_elo","elo_goal_nb","open_core","frozen","rps","regulation_1x2","team_attack|team_defence|venue|elo_diff","d0f4469931258b3cbf0324b3e72519d44bc09c77e9776dc11ef58a87854f58ec","leave_one_tournament_out","","wc2006","",,,-0.00533444610532679,,,,,,,,"bcdc7ac0fbd7ac7aa59902f6bc0c3b7c78ea4d6bc41006eb15ac5aa0ad9a567b"
"poisson_team_ridge_elo","elo_goal_nb","open_core","frozen","rps","regulation_1x2","team_attack|team_defence|venue|elo_diff","d0f4469931258b3cbf0324b3e72519d44bc09c77e9776dc11ef58a87854f58ec","leave_one_tournament_out","","wc2018","",,,-0.00547560858915709,,,,,,,,"bcdc7ac0fbd7ac7aa59902f6bc0c3b7c78ea4d6bc41006eb15ac5aa0ad9a567b"
"poisson_team_ridge_elo","elo_goal_nb","open_core","frozen","rps","regulation_1x2","team_attack|team_defence|venue|elo_diff","d0f4469931258b3cbf0324b3e72519d44bc09c77e9776dc11ef58a87854f58ec","tournament_bootstrap","","","",,,-0.00552276851452945,,-0.00826506155523926,-0.00294032232255207,,,,,"bcdc7ac0fbd7ac7aa59902f6bc0c3b7c78ea4d6bc41006eb15ac5aa0ad9a567b"
"poisson_team_ridge_elo","elo_goal_nb","open_core","frozen","rps","regulation_1x2","team_attack|team_defence|venue|elo_diff","d0f4469931258b3cbf0324b3e72519d44bc09c77e9776dc11ef58a87854f58ec","leave_one_tournament_out","","euro2004","",,,-0.00559923601149412,,,,,,,,"bcdc7ac0fbd7ac7aa59902f6bc0c3b7c78ea4d6bc41006eb15ac5aa0ad9a567b"
"poisson_team_ridge_elo","elo_goal_nb","open_core","frozen","rps","regulation_1x2","team_attack|team_defence|venue|elo_diff","d0f4469931258b3cbf0324b3e72519d44bc09c77e9776dc11ef58a87854f58ec","leave_one_tournament_out","","euro2012","",,,-0.00562782893372845,,,,,,,,"bcdc7ac0fbd7ac7aa59902f6bc0c3b7c78ea4d6bc41006eb15ac5aa0ad9a567b"
"poisson_team_ridge_elo","elo_goal_nb","open_core","frozen","rps","regulation_1x2","team_attack|team_defence|venue|elo_diff","d0f4469931258b3cbf0324b3e72519d44bc09c77e9776dc11ef58a87854f58ec","leave_one_tournament_out","","wc2002","",,,-0.0058275377659524,,,,,,,,"bcdc7ac0fbd7ac7aa59902f6bc0c3b7c78ea4d6bc41006eb15ac5aa0ad9a567b"
"poisson_team_ridge_elo","elo_goal_nb","open_core","frozen","rps","regulation_1x2","team_attack|team_defence|venue|elo_diff","d0f4469931258b3cbf0324b3e72519d44bc09c77e9776dc11ef58a87854f58ec","leave_one_tournament_out","","wc2014","",,,-0.00589449067816695,,,,,,,,"bcdc7ac0fbd7ac7aa59902f6bc0c3b7c78ea4d6bc41006eb15ac5aa0ad9a567b"
"poisson_team_ridge_elo","elo_goal_nb","open_core","frozen","rps","regulation_1x2","team_attack|team_defence|venue|elo_diff","d0f4469931258b3cbf0324b3e72519d44bc09c77e9776dc11ef58a87854f58ec","leave_one_tournament_out","","euro2008","",,,-0.00608414129322777,,,,,,,,"bcdc7ac0fbd7ac7aa59902f6bc0c3b7c78ea4d6bc41006eb15ac5aa0ad9a567b"
"poisson_team_ridge_elo","elo_goal_nb","open_core","frozen","rps","regulation_1x2","team_attack|team_defence|venue|elo_diff","d0f4469931258b3cbf0324b3e72519d44bc09c77e9776dc11ef58a87854f58ec","leave_one_tournament_out","","wc2022","",,,-0.00616270976599509,,,,,,,,"bcdc7ac0fbd7ac7aa59902f6bc0c3b7c78ea4d6bc41006eb15ac5aa0ad9a567b"
"poisson_team_ridge_elo","elo_goal_nb","open_core","updating","rps","regulation_1x2","team_attack|team_defence|venue|elo_diff","d0f4469931258b3cbf0324b3e72519d44bc09c77e9776dc11ef58a87854f58ec","leave_one_tournament_out","","wc2022","",,,0.00102603797620224,,,,,,,,"bcdc7ac0fbd7ac7aa59902f6bc0c3b7c78ea4d6bc41006eb15ac5aa0ad9a567b"
"poisson_team_ridge_elo","elo_goal_nb","open_core","updating","rps","regulation_1x2","team_attack|team_defence|venue|elo_diff","d0f4469931258b3cbf0324b3e72519d44bc09c77e9776dc11ef58a87854f58ec","leave_one_tournament_out","","euro2020","",,,0.00108285286209319,,,,,,,,"bcdc7ac0fbd7ac7aa59902f6bc0c3b7c78ea4d6bc41006eb15ac5aa0ad9a567b"
"poisson_team_ridge_elo","elo_goal_nb","open_core","updating","rps","regulation_1x2","team_attack|team_defence|venue|elo_diff","d0f4469931258b3cbf0324b3e72519d44bc09c77e9776dc11ef58a87854f58ec","leave_one_tournament_out","","wc2014","",,,0.00114112825277191,,,,,,,,"bcdc7ac0fbd7ac7aa59902f6bc0c3b7c78ea4d6bc41006eb15ac5aa0ad9a567b"
"poisson_team_ridge_elo","elo_goal_nb","open_core","updating","rps","regulation_1x2","team_attack|team_defence|venue|elo_diff","d0f4469931258b3cbf0324b3e72519d44bc09c77e9776dc11ef58a87854f58ec","leave_one_tournament_out","","euro2008","",,,0.00122158254346297,,,,,,,,"bcdc7ac0fbd7ac7aa59902f6bc0c3b7c78ea4d6bc41006eb15ac5aa0ad9a567b"
"poisson_team_ridge_elo","elo_goal_nb","open_core","updating","rps","regulation_1x2","team_attack|team_defence|venue|elo_diff","d0f4469931258b3cbf0324b3e72519d44bc09c77e9776dc11ef58a87854f58ec","leave_one_tournament_out","","euro2004","",,,0.00138342607007422,,,,,,,,"bcdc7ac0fbd7ac7aa59902f6bc0c3b7c78ea4d6bc41006eb15ac5aa0ad9a567b"
"poisson_team_ridge_elo","elo_goal_nb","open_core","updating","rps","regulation_1x2","team_attack|team_defence|venue|elo_diff","d0f4469931258b3cbf0324b3e72519d44bc09c77e9776dc11ef58a87854f58ec","tournament_bootstrap","","","",,,0.00142057446274083,,-0.000226590023200944,0.00300180845708328,,,,,"bcdc7ac0fbd7ac7aa59902f6bc0c3b7c78ea4d6bc41006eb15ac5aa0ad9a567b"
"poisson_team_ridge_elo","elo_goal_nb","open_core","updating","rps","regulation_1x2","team_attack|team_defence|venue|elo_diff","d0f4469931258b3cbf0324b3e72519d44bc09c77e9776dc11ef58a87854f58ec","leave_one_tournament_out","","wc2010","",,,0.00142773709267647,,,,,,,,"bcdc7ac0fbd7ac7aa59902f6bc0c3b7c78ea4d6bc41006eb15ac5aa0ad9a567b"
"poisson_team_ridge_elo","elo_goal_nb","open_core","updating","rps","regulation_1x2","team_attack|team_defence|venue|elo_diff","d0f4469931258b3cbf0324b3e72519d44bc09c77e9776dc11ef58a87854f58ec","leave_one_tournament_out","","euro2012","",,,0.00143351164757215,,,,,,,,"bcdc7ac0fbd7ac7aa59902f6bc0c3b7c78ea4d6bc41006eb15ac5aa0ad9a567b"
"poisson_team_ridge_elo","elo_goal_nb","open_core","updating","rps","regulation_1x2","team_attack|team_defence|venue|elo_diff","d0f4469931258b3cbf0324b3e72519d44bc09c77e9776dc11ef58a87854f58ec","leave_one_tournament_out","","wc2018","",,,0.00152308408340942,,,,,,,,"bcdc7ac0fbd7ac7aa59902f6bc0c3b7c78ea4d6bc41006eb15ac5aa0ad9a567b"
"poisson_team_ridge_elo","elo_goal_nb","open_core","updating","rps","regulation_1x2","team_attack|team_defence|venue|elo_diff","d0f4469931258b3cbf0324b3e72519d44bc09c77e9776dc11ef58a87854f58ec","leave_one_tournament_out","","wc2006","",,,0.00154930934200031,,,,,,,,"bcdc7ac0fbd7ac7aa59902f6bc0c3b7c78ea4d6bc41006eb15ac5aa0ad9a567b"
"poisson_team_ridge_elo","elo_goal_nb","open_core","updating","rps","regulation_1x2","team_attack|team_defence|venue|elo_diff","d0f4469931258b3cbf0324b3e72519d44bc09c77e9776dc11ef58a87854f58ec","leave_one_tournament_out","","wc2002","",,,0.00162744617965294,,,,,,,,"bcdc7ac0fbd7ac7aa59902f6bc0c3b7c78ea4d6bc41006eb15ac5aa0ad9a567b"
"poisson_team_ridge_elo","elo_goal_nb","open_core","updating","rps","regulation_1x2","team_attack|team_defence|venue|elo_diff","d0f4469931258b3cbf0324b3e72519d44bc09c77e9776dc11ef58a87854f58ec","leave_one_tournament_out","","euro2016","",,,0.00165235314415674,,,,,,,,"bcdc7ac0fbd7ac7aa59902f6bc0c3b7c78ea4d6bc41006eb15ac5aa0ad9a567b"
"poisson_team_ridge_elo","elo_goal_nb","open_core","updating","rps","regulation_1x2","team_attack|team_defence|venue|elo_diff","d0f4469931258b3cbf0324b3e72519d44bc09c77e9776dc11ef58a87854f58ec","leave_one_tournament_out","","euro2024","",,,0.00197842435881735,,,,,,,,"bcdc7ac0fbd7ac7aa59902f6bc0c3b7c78ea4d6bc41006eb15ac5aa0ad9a567b"
"poisson_team_ridge_elo","elo_goal_nb","open_core","updating","rps","regulation_1x2","team_attack|team_defence|venue|elo_diff","d0f4469931258b3cbf0324b3e72519d44bc09c77e9776dc11ef58a87854f58ec","fold_breadth","","","",,,,,,,3,1,2,0.00576047581466529,"bcdc7ac0fbd7ac7aa59902f6bc0c3b7c78ea4d6bc41006eb15ac5aa0ad9a567b"
"poisson_team_ridge_elo","elo_goal_nb","open_core","frozen","rps","regulation_1x2","team_attack|team_defence|venue|elo_diff","d0f4469931258b3cbf0324b3e72519d44bc09c77e9776dc11ef58a87854f58ec","fold_breadth","","","",,,,,,,10,5,5,0.00151658525159264,"bcdc7ac0fbd7ac7aa59902f6bc0c3b7c78ea4d6bc41006eb15ac5aa0ad9a567b"
"poisson_team_ridge_elo","expanding_1x2","open_core","frozen","rps","regulation_1x2","team_attack|team_defence|venue|elo_diff","d0f4469931258b3cbf0324b3e72519d44bc09c77e9776dc11ef58a87854f58ec","leave_one_tournament_out","","euro2008","",,,-0.0168310993746148,,,,,,,,"bcdc7ac0fbd7ac7aa59902f6bc0c3b7c78ea4d6bc41006eb15ac5aa0ad9a567b"
"poisson_team_ridge_elo","expanding_1x2","open_core","frozen","rps","regulation_1x2","team_attack|team_defence|venue|elo_diff","d0f4469931258b3cbf0324b3e72519d44bc09c77e9776dc11ef58a87854f58ec","leave_one_tournament_out","","euro2024","",,,-0.0174054630755537,,,,,,,,"bcdc7ac0fbd7ac7aa59902f6bc0c3b7c78ea4d6bc41006eb15ac5aa0ad9a567b"
"poisson_team_ridge_elo","expanding_1x2","open_core","frozen","rps","regulation_1x2","team_attack|team_defence|venue|elo_diff","d0f4469931258b3cbf0324b3e72519d44bc09c77e9776dc11ef58a87854f58ec","leave_one_tournament_out","","euro2020","",,,-0.0174205479114788,,,,,,,,"bcdc7ac0fbd7ac7aa59902f6bc0c3b7c78ea4d6bc41006eb15ac5aa0ad9a567b"
"poisson_team_ridge_elo","expanding_1x2","open_core","frozen","rps","regulation_1x2","team_attack|team_defence|venue|elo_diff","d0f4469931258b3cbf0324b3e72519d44bc09c77e9776dc11ef58a87854f58ec","leave_one_tournament_out","","wc2018","",,,-0.0175671905277716,,,,,,,,"bcdc7ac0fbd7ac7aa59902f6bc0c3b7c78ea4d6bc41006eb15ac5aa0ad9a567b"
"poisson_team_ridge_elo","expanding_1x2","open_core","frozen","rps","regulation_1x2","team_attack|team_defence|venue|elo_diff","d0f4469931258b3cbf0324b3e72519d44bc09c77e9776dc11ef58a87854f58ec","tournament_bootstrap","","","",,,-0.0182278638001336,,-0.022946612443656,-0.0136220753041986,,,,,"bcdc7ac0fbd7ac7aa59902f6bc0c3b7c78ea4d6bc41006eb15ac5aa0ad9a567b"
"poisson_team_ridge_elo","expanding_1x2","open_core","frozen","rps","regulation_1x2","team_attack|team_defence|venue|elo_diff","d0f4469931258b3cbf0324b3e72519d44bc09c77e9776dc11ef58a87854f58ec","leave_one_tournament_out","","euro2004","",,,-0.0182631618732059,,,,,,,,"bcdc7ac0fbd7ac7aa59902f6bc0c3b7c78ea4d6bc41006eb15ac5aa0ad9a567b"
"poisson_team_ridge_elo","expanding_1x2","open_core","frozen","rps","regulation_1x2","team_attack|team_defence|venue|elo_diff","d0f4469931258b3cbf0324b3e72519d44bc09c77e9776dc11ef58a87854f58ec","leave_one_tournament_out","","wc2010","",,,-0.0182715026895086,,,,,,,,"bcdc7ac0fbd7ac7aa59902f6bc0c3b7c78ea4d6bc41006eb15ac5aa0ad9a567b"
"poisson_team_ridge_elo","expanding_1x2","open_core","frozen","rps","regulation_1x2","team_attack|team_defence|venue|elo_diff","d0f4469931258b3cbf0324b3e72519d44bc09c77e9776dc11ef58a87854f58ec","leave_one_tournament_out","","wc2014","",,,-0.0184354118434231,,,,,,,,"bcdc7ac0fbd7ac7aa59902f6bc0c3b7c78ea4d6bc41006eb15ac5aa0ad9a567b"
"poisson_team_ridge_elo","expanding_1x2","open_core","frozen","rps","regulation_1x2","team_attack|team_defence|venue|elo_diff","d0f4469931258b3cbf0324b3e72519d44bc09c77e9776dc11ef58a87854f58ec","leave_one_tournament_out","","euro2012","",,,-0.0184659446175497,,,,,,,,"bcdc7ac0fbd7ac7aa59902f6bc0c3b7c78ea4d6bc41006eb15ac5aa0ad9a567b"
"poisson_team_ridge_elo","expanding_1x2","open_core","frozen","rps","regulation_1x2","team_attack|team_defence|venue|elo_diff","d0f4469931258b3cbf0324b3e72519d44bc09c77e9776dc11ef58a87854f58ec","leave_one_tournament_out","","euro2016","",,,-0.0184801460092608,,,,,,,,"bcdc7ac0fbd7ac7aa59902f6bc0c3b7c78ea4d6bc41006eb15ac5aa0ad9a567b"
"poisson_team_ridge_elo","expanding_1x2","open_core","frozen","rps","regulation_1x2","team_attack|team_defence|venue|elo_diff","d0f4469931258b3cbf0324b3e72519d44bc09c77e9776dc11ef58a87854f58ec","leave_one_tournament_out","","wc2006","",,,-0.0188666022525799,,,,,,,,"bcdc7ac0fbd7ac7aa59902f6bc0c3b7c78ea4d6bc41006eb15ac5aa0ad9a567b"
"poisson_team_ridge_elo","expanding_1x2","open_core","frozen","rps","regulation_1x2","team_attack|team_defence|venue|elo_diff","d0f4469931258b3cbf0324b3e72519d44bc09c77e9776dc11ef58a87854f58ec","leave_one_tournament_out","","wc2022","",,,-0.0193089150620282,,,,,,,,"bcdc7ac0fbd7ac7aa59902f6bc0c3b7c78ea4d6bc41006eb15ac5aa0ad9a567b"
"poisson_team_ridge_elo","expanding_1x2","open_core","frozen","rps","regulation_1x2","team_attack|team_defence|venue|elo_diff","d0f4469931258b3cbf0324b3e72519d44bc09c77e9776dc11ef58a87854f58ec","leave_one_tournament_out","","wc2002","",,,-0.0194183803646285,,,,,,,,"bcdc7ac0fbd7ac7aa59902f6bc0c3b7c78ea4d6bc41006eb15ac5aa0ad9a567b"
"poisson_team_ridge_elo","expanding_1x2","open_core","updating","rps","regulation_1x2","team_attack|team_defence|venue|elo_diff","d0f4469931258b3cbf0324b3e72519d44bc09c77e9776dc11ef58a87854f58ec","leave_one_tournament_out","","euro2008","",,,-0.0294489682646142,,,,,,,,"bcdc7ac0fbd7ac7aa59902f6bc0c3b7c78ea4d6bc41006eb15ac5aa0ad9a567b"
"poisson_team_ridge_elo","expanding_1x2","open_core","updating","rps","regulation_1x2","team_attack|team_defence|venue|elo_diff","d0f4469931258b3cbf0324b3e72519d44bc09c77e9776dc11ef58a87854f58ec","leave_one_tournament_out","","wc2018","",,,-0.0296008912657584,,,,,,,,"bcdc7ac0fbd7ac7aa59902f6bc0c3b7c78ea4d6bc41006eb15ac5aa0ad9a567b"
"poisson_team_ridge_elo","expanding_1x2","open_core","updating","rps","regulation_1x2","team_attack|team_defence|venue|elo_diff","d0f4469931258b3cbf0324b3e72519d44bc09c77e9776dc11ef58a87854f58ec","leave_one_tournament_out","","wc2010","",,,-0.0299256837167075,,,,,,,,"bcdc7ac0fbd7ac7aa59902f6bc0c3b7c78ea4d6bc41006eb15ac5aa0ad9a567b"
"poisson_team_ridge_elo","expanding_1x2","open_core","updating","rps","regulation_1x2","team_attack|team_defence|venue|elo_diff","d0f4469931258b3cbf0324b3e72519d44bc09c77e9776dc11ef58a87854f58ec","leave_one_tournament_out","","euro2020","",,,-0.0305394786545583,,,,,,,,"bcdc7ac0fbd7ac7aa59902f6bc0c3b7c78ea4d6bc41006eb15ac5aa0ad9a567b"
"poisson_team_ridge_elo","expanding_1x2","open_core","updating","rps","regulation_1x2","team_attack|team_defence|venue|elo_diff","d0f4469931258b3cbf0324b3e72519d44bc09c77e9776dc11ef58a87854f58ec","leave_one_tournament_out","","wc2006","",,,-0.0305566358727634,,,,,,,,"bcdc7ac0fbd7ac7aa59902f6bc0c3b7c78ea4d6bc41006eb15ac5aa0ad9a567b"
"poisson_team_ridge_elo","expanding_1x2","open_core","updating","rps","regulation_1x2","team_attack|team_defence|venue|elo_diff","d0f4469931258b3cbf0324b3e72519d44bc09c77e9776dc11ef58a87854f58ec","leave_one_tournament_out","","euro2024","",,,-0.0312524287545159,,,,,,,,"bcdc7ac0fbd7ac7aa59902f6bc0c3b7c78ea4d6bc41006eb15ac5aa0ad9a567b"
"poisson_team_ridge_elo","expanding_1x2","open_core","updating","rps","regulation_1x2","team_attack|team_defence|venue|elo_diff","d0f4469931258b3cbf0324b3e72519d44bc09c77e9776dc11ef58a87854f58ec","tournament_bootstrap","","","",,,-0.0312526462320602,,-0.0387835772005584,-0.0237033049375918,,,,,"bcdc7ac0fbd7ac7aa59902f6bc0c3b7c78ea4d6bc41006eb15ac5aa0ad9a567b"
"poisson_team_ridge_elo","expanding_1x2","open_core","updating","rps","regulation_1x2","team_attack|team_defence|venue|elo_diff","d0f4469931258b3cbf0324b3e72519d44bc09c77e9776dc11ef58a87854f58ec","leave_one_tournament_out","","euro2012","",,,-0.031267224531763,,,,,,,,"bcdc7ac0fbd7ac7aa59902f6bc0c3b7c78ea4d6bc41006eb15ac5aa0ad9a567b"
"poisson_team_ridge_elo","expanding_1x2","open_core","updating","rps","regulation_1x2","team_attack|team_defence|venue|elo_diff","d0f4469931258b3cbf0324b3e72519d44bc09c77e9776dc11ef58a87854f58ec","leave_one_tournament_out","","wc2014","",,,-0.0317165760232567,,,,,,,,"bcdc7ac0fbd7ac7aa59902f6bc0c3b7c78ea4d6bc41006eb15ac5aa0ad9a567b"
"poisson_team_ridge_elo","expanding_1x2","open_core","updating","rps","regulation_1x2","team_attack|team_defence|venue|elo_diff","d0f4469931258b3cbf0324b3e72519d44bc09c77e9776dc11ef58a87854f58ec","leave_one_tournament_out","","euro2004","",,,-0.0321786663500733,,,,,,,,"bcdc7ac0fbd7ac7aa59902f6bc0c3b7c78ea4d6bc41006eb15ac5aa0ad9a567b"
"poisson_team_ridge_elo","expanding_1x2","open_core","updating","rps","regulation_1x2","team_attack|team_defence|venue|elo_diff","d0f4469931258b3cbf0324b3e72519d44bc09c77e9776dc11ef58a87854f58ec","leave_one_tournament_out","","wc2022","",,,-0.0325139367982944,,,,,,,,"bcdc7ac0fbd7ac7aa59902f6bc0c3b7c78ea4d6bc41006eb15ac5aa0ad9a567b"
"poisson_team_ridge_elo","expanding_1x2","open_core","updating","rps","regulation_1x2","team_attack|team_defence|venue|elo_diff","d0f4469931258b3cbf0324b3e72519d44bc09c77e9776dc11ef58a87854f58ec","leave_one_tournament_out","","wc2002","",,,-0.0329207830312321,,,,,,,,"bcdc7ac0fbd7ac7aa59902f6bc0c3b7c78ea4d6bc41006eb15ac5aa0ad9a567b"
"poisson_team_ridge_elo","expanding_1x2","open_core","updating","rps","regulation_1x2","team_attack|team_defence|venue|elo_diff","d0f4469931258b3cbf0324b3e72519d44bc09c77e9776dc11ef58a87854f58ec","leave_one_tournament_out","","euro2016","",,,-0.0331104815211851,,,,,,,,"bcdc7ac0fbd7ac7aa59902f6bc0c3b7c78ea4d6bc41006eb15ac5aa0ad9a567b"
"poisson_team_ridge_elo","expanding_1x2","open_core","frozen","rps","regulation_1x2","team_attack|team_defence|venue|elo_diff","d0f4469931258b3cbf0324b3e72519d44bc09c77e9776dc11ef58a87854f58ec","fold_breadth","","","",,,,,,,12,6,6,0,"bcdc7ac0fbd7ac7aa59902f6bc0c3b7c78ea4d6bc41006eb15ac5aa0ad9a567b"
"poisson_team_ridge_elo","expanding_1x2","open_core","updating","rps","regulation_1x2","team_attack|team_defence|venue|elo_diff","d0f4469931258b3cbf0324b3e72519d44bc09c77e9776dc11ef58a87854f58ec","fold_breadth","","","",,,,,,,12,6,6,0,"bcdc7ac0fbd7ac7aa59902f6bc0c3b7c78ea4d6bc41006eb15ac5aa0ad9a567b"
"poisson_team_ridge_elo","open_nb_incumbent","open_core","updating","rps","regulation_1x2","team_attack|team_defence|venue|elo_diff","d0f4469931258b3cbf0324b3e72519d44bc09c77e9776dc11ef58a87854f58ec","leave_one_tournament_out","","wc2014","",,,-0.000213121693807671,,,,,,,,"bcdc7ac0fbd7ac7aa59902f6bc0c3b7c78ea4d6bc41006eb15ac5aa0ad9a567b"
"poisson_team_ridge_elo","open_nb_incumbent","open_core","updating","rps","regulation_1x2","team_attack|team_defence|venue|elo_diff","d0f4469931258b3cbf0324b3e72519d44bc09c77e9776dc11ef58a87854f58ec","leave_one_tournament_out","","euro2020","",,,-0.000225368883239692,,,,,,,,"bcdc7ac0fbd7ac7aa59902f6bc0c3b7c78ea4d6bc41006eb15ac5aa0ad9a567b"
"poisson_team_ridge_elo","open_nb_incumbent","open_core","updating","rps","regulation_1x2","team_attack|team_defence|venue|elo_diff","d0f4469931258b3cbf0324b3e72519d44bc09c77e9776dc11ef58a87854f58ec","leave_one_tournament_out","","euro2004","",,,-0.000383286550867522,,,,,,,,"bcdc7ac0fbd7ac7aa59902f6bc0c3b7c78ea4d6bc41006eb15ac5aa0ad9a567b"
"poisson_team_ridge_elo","open_nb_incumbent","open_core","updating","rps","regulation_1x2","team_attack|team_defence|venue|elo_diff","d0f4469931258b3cbf0324b3e72519d44bc09c77e9776dc11ef58a87854f58ec","leave_one_tournament_out","","wc2006","",,,-0.000477112483158384,,,,,,,,"bcdc7ac0fbd7ac7aa59902f6bc0c3b7c78ea4d6bc41006eb15ac5aa0ad9a567b"
"poisson_team_ridge_elo","open_nb_incumbent","open_core","updating","rps","regulation_1x2","team_attack|team_defence|venue|elo_diff","d0f4469931258b3cbf0324b3e72519d44bc09c77e9776dc11ef58a87854f58ec","leave_one_tournament_out","","wc2022","",,,-0.000638823192540159,,,,,,,,"bcdc7ac0fbd7ac7aa59902f6bc0c3b7c78ea4d6bc41006eb15ac5aa0ad9a567b"
"poisson_team_ridge_elo","open_nb_incumbent","open_core","frozen","rps","regulation_1x2","team_attack|team_defence|venue|elo_diff","d0f4469931258b3cbf0324b3e72519d44bc09c77e9776dc11ef58a87854f58ec","leave_one_tournament_out","","euro2020","",,,-0.00540430604356823,,,,,,,,"bcdc7ac0fbd7ac7aa59902f6bc0c3b7c78ea4d6bc41006eb15ac5aa0ad9a567b"
"poisson_team_ridge_elo","open_nb_incumbent","open_core","frozen","rps","regulation_1x2","team_attack|team_defence|venue|elo_diff","d0f4469931258b3cbf0324b3e72519d44bc09c77e9776dc11ef58a87854f58ec","leave_one_tournament_out","","euro2024","",,,-0.00586707252621064,,,,,,,,"bcdc7ac0fbd7ac7aa59902f6bc0c3b7c78ea4d6bc41006eb15ac5aa0ad9a567b"
"poisson_team_ridge_elo","open_nb_incumbent","open_core","frozen","rps","regulation_1x2","team_attack|team_defence|venue|elo_diff","d0f4469931258b3cbf0324b3e72519d44bc09c77e9776dc11ef58a87854f58ec","leave_one_tournament_out","","wc2010","",,,-0.00593898831847528,,,,,,,,"bcdc7ac0fbd7ac7aa59902f6bc0c3b7c78ea4d6bc41006eb15ac5aa0ad9a567b"
"poisson_team_ridge_elo","open_nb_incumbent","open_core","frozen","rps","regulation_1x2","team_attack|team_defence|venue|elo_diff","d0f4469931258b3cbf0324b3e72519d44bc09c77e9776dc11ef58a87854f58ec","leave_one_tournament_out","","wc2018","",,,-0.00598984710237356,,,,,,,,"bcdc7ac0fbd7ac7aa59902f6bc0c3b7c78ea4d6bc41006eb15ac5aa0ad9a567b"
"poisson_team_ridge_elo","open_nb_incumbent","open_core","frozen","rps","regulation_1x2","team_attack|team_defence|venue|elo_diff","d0f4469931258b3cbf0324b3e72519d44bc09c77e9776dc11ef58a87854f58ec","leave_one_tournament_out","","euro2012","",,,-0.0060246676362622,,,,,,,,"bcdc7ac0fbd7ac7aa59902f6bc0c3b7c78ea4d6bc41006eb15ac5aa0ad9a567b"
"poisson_team_ridge_elo","open_nb_incumbent","open_core","frozen","rps","regulation_1x2","team_attack|team_defence|venue|elo_diff","d0f4469931258b3cbf0324b3e72519d44bc09c77e9776dc11ef58a87854f58ec","leave_one_tournament_out","","euro2016","",,,-0.00612716135771079,,,,,,,,"bcdc7ac0fbd7ac7aa59902f6bc0c3b7c78ea4d6bc41006eb15ac5aa0ad9a567b"
"poisson_team_ridge_elo","open_nb_incumbent","open_core","frozen","rps","regulation_1x2","team_attack|team_defence|venue|elo_diff","d0f4469931258b3cbf0324b3e72519d44bc09c77e9776dc11ef58a87854f58ec","tournament_bootstrap","","","",,,-0.00632381018749963,,-0.00934794182000923,-0.00323574742786375,,,,,"bcdc7ac0fbd7ac7aa59902f6bc0c3b7c78ea4d6bc41006eb15ac5aa0ad9a567b"
"poisson_team_ridge_elo","open_nb_incumbent","open_core","frozen","rps","regulation_1x2","team_attack|team_defence|venue|elo_diff","d0f4469931258b3cbf0324b3e72519d44bc09c77e9776dc11ef58a87854f58ec","leave_one_tournament_out","","euro2008","",,,-0.00645575630546654,,,,,,,,"bcdc7ac0fbd7ac7aa59902f6bc0c3b7c78ea4d6bc41006eb15ac5aa0ad9a567b"
"poisson_team_ridge_elo","open_nb_incumbent","open_core","frozen","rps","regulation_1x2","team_attack|team_defence|venue|elo_diff","d0f4469931258b3cbf0324b3e72519d44bc09c77e9776dc11ef58a87854f58ec","leave_one_tournament_out","","wc2014","",,,-0.00654007856538481,,,,,,,,"bcdc7ac0fbd7ac7aa59902f6bc0c3b7c78ea4d6bc41006eb15ac5aa0ad9a567b"
"poisson_team_ridge_elo","open_nb_incumbent","open_core","frozen","rps","regulation_1x2","team_attack|team_defence|venue|elo_diff","d0f4469931258b3cbf0324b3e72519d44bc09c77e9776dc11ef58a87854f58ec","leave_one_tournament_out","","euro2004","",,,-0.0065466067402055,,,,,,,,"bcdc7ac0fbd7ac7aa59902f6bc0c3b7c78ea4d6bc41006eb15ac5aa0ad9a567b"
"poisson_team_ridge_elo","open_nb_incumbent","open_core","frozen","rps","regulation_1x2","team_attack|team_defence|venue|elo_diff","d0f4469931258b3cbf0324b3e72519d44bc09c77e9776dc11ef58a87854f58ec","leave_one_tournament_out","","wc2006","",,,-0.00686325712865316,,,,,,,,"bcdc7ac0fbd7ac7aa59902f6bc0c3b7c78ea4d6bc41006eb15ac5aa0ad9a567b"
"poisson_team_ridge_elo","open_nb_incumbent","open_core","frozen","rps","regulation_1x2","team_attack|team_defence|venue|elo_diff","d0f4469931258b3cbf0324b3e72519d44bc09c77e9776dc11ef58a87854f58ec","leave_one_tournament_out","","wc2002","",,,-0.0069694775395043,,,,,,,,"bcdc7ac0fbd7ac7aa59902f6bc0c3b7c78ea4d6bc41006eb15ac5aa0ad9a567b"
"poisson_team_ridge_elo","open_nb_incumbent","open_core","frozen","rps","regulation_1x2","team_attack|team_defence|venue|elo_diff","d0f4469931258b3cbf0324b3e72519d44bc09c77e9776dc11ef58a87854f58ec","leave_one_tournament_out","","wc2022","",,,-0.00715850298618056,,,,,,,,"bcdc7ac0fbd7ac7aa59902f6bc0c3b7c78ea4d6bc41006eb15ac5aa0ad9a567b"
"poisson_team_ridge_elo","open_nb_incumbent","open_core","updating","rps","regulation_1x2","team_attack|team_defence|venue|elo_diff","d0f4469931258b3cbf0324b3e72519d44bc09c77e9776dc11ef58a87854f58ec","leave_one_tournament_out","","wc2002","",,,-1.16390747761457e-05,,,,,,,,"bcdc7ac0fbd7ac7aa59902f6bc0c3b7c78ea4d6bc41006eb15ac5aa0ad9a567b"
"poisson_team_ridge_elo","open_nb_incumbent","open_core","updating","rps","regulation_1x2","team_attack|team_defence|venue|elo_diff","d0f4469931258b3cbf0324b3e72519d44bc09c77e9776dc11ef58a87854f58ec","leave_one_tournament_out","","euro2008","",,,-1.30458325349603e-05,,,,,,,,"bcdc7ac0fbd7ac7aa59902f6bc0c3b7c78ea4d6bc41006eb15ac5aa0ad9a567b"
"poisson_team_ridge_elo","open_nb_incumbent","open_core","updating","rps","regulation_1x2","team_attack|team_defence|venue|elo_diff","d0f4469931258b3cbf0324b3e72519d44bc09c77e9776dc11ef58a87854f58ec","tournament_bootstrap","","","",,,-3.59916780991841e-05,,-0.00214892482245445,0.00211466297986934,,,,,"bcdc7ac0fbd7ac7aa59902f6bc0c3b7c78ea4d6bc41006eb15ac5aa0ad9a567b"
"poisson_team_ridge_elo","open_nb_incumbent","open_core","updating","rps","regulation_1x2","team_attack|team_defence|venue|elo_diff","d0f4469931258b3cbf0324b3e72519d44bc09c77e9776dc11ef58a87854f58ec","leave_one_tournament_out","","euro2016","",,,0.000271402884057336,,,,,,,,"bcdc7ac0fbd7ac7aa59902f6bc0c3b7c78ea4d6bc41006eb15ac5aa0ad9a567b"
"poisson_team_ridge_elo","open_nb_incumbent","open_core","updating","rps","regulation_1x2","team_attack|team_defence|venue|elo_diff","d0f4469931258b3cbf0324b3e72519d44bc09c77e9776dc11ef58a87854f58ec","leave_one_tournament_out","","wc2018","",,,0.000314871973907322,,,,,,,,"bcdc7ac0fbd7ac7aa59902f6bc0c3b7c78ea4d6bc41006eb15ac5aa0ad9a567b"
"poisson_team_ridge_elo","open_nb_incumbent","open_core","updating","rps","regulation_1x2","team_attack|team_defence|venue|elo_diff","d0f4469931258b3cbf0324b3e72519d44bc09c77e9776dc11ef58a87854f58ec","leave_one_tournament_out","","euro2012","",,,0.000364159339118395,,,,,,,,"bcdc7ac0fbd7ac7aa59902f6bc0c3b7c78ea4d6bc41006eb15ac5aa0ad9a567b"
"poisson_team_ridge_elo","open_nb_incumbent","open_core","updating","rps","regulation_1x2","team_attack|team_defence|venue|elo_diff","d0f4469931258b3cbf0324b3e72519d44bc09c77e9776dc11ef58a87854f58ec","leave_one_tournament_out","","euro2024","",,,0.000490267995300986,,,,,,,,"bcdc7ac0fbd7ac7aa59902f6bc0c3b7c78ea4d6bc41006eb15ac5aa0ad9a567b"
"poisson_team_ridge_elo","open_nb_incumbent","open_core","updating","rps","regulation_1x2","team_attack|team_defence|venue|elo_diff","d0f4469931258b3cbf0324b3e72519d44bc09c77e9776dc11ef58a87854f58ec","leave_one_tournament_out","","wc2010","",,,8.97953813502867e-05,,,,,,,,"bcdc7ac0fbd7ac7aa59902f6bc0c3b7c78ea4d6bc41006eb15ac5aa0ad9a567b"
"poisson_team_ridge_elo","open_nb_incumbent","open_core","updating","rps","regulation_1x2","team_attack|team_defence|venue|elo_diff","d0f4469931258b3cbf0324b3e72519d44bc09c77e9776dc11ef58a87854f58ec","fold_breadth","","","",,,,,,,7,3,4,0.00659515498075154,"bcdc7ac0fbd7ac7aa59902f6bc0c3b7c78ea4d6bc41006eb15ac5aa0ad9a567b"
"poisson_team_ridge_elo","open_nb_incumbent","open_core","frozen","rps","regulation_1x2","team_attack|team_defence|venue|elo_diff","d0f4469931258b3cbf0324b3e72519d44bc09c77e9776dc11ef58a87854f58ec","fold_breadth","","","",,,,,,,10,4,6,0.00285781059799063,"bcdc7ac0fbd7ac7aa59902f6bc0c3b7c78ea4d6bc41006eb15ac5aa0ad9a567b"
"poisson_team_ridge_elo","production_hybrid_nb","feature_rich","updating","rps","regulation_1x2","team_attack|team_defence|venue|elo_diff","d0f4469931258b3cbf0324b3e72519d44bc09c77e9776dc11ef58a87854f58ec","leave_one_tournament_out","","euro2004","",,,-0.000108504448336525,,,,,,,,"bcdc7ac0fbd7ac7aa59902f6bc0c3b7c78ea4d6bc41006eb15ac5aa0ad9a567b"
"poisson_team_ridge_elo","production_hybrid_nb","feature_rich","updating","rps","regulation_1x2","team_attack|team_defence|venue|elo_diff","d0f4469931258b3cbf0324b3e72519d44bc09c77e9776dc11ef58a87854f58ec","leave_one_tournament_out","","wc2022","",,,-0.000174420517221593,,,,,,,,"bcdc7ac0fbd7ac7aa59902f6bc0c3b7c78ea4d6bc41006eb15ac5aa0ad9a567b"
"poisson_team_ridge_elo","production_hybrid_nb","feature_rich","frozen","rps","regulation_1x2","team_attack|team_defence|venue|elo_diff","d0f4469931258b3cbf0324b3e72519d44bc09c77e9776dc11ef58a87854f58ec","leave_one_tournament_out","","wc2010","",,,-0.000262531170114284,,,,,,,,"bcdc7ac0fbd7ac7aa59902f6bc0c3b7c78ea4d6bc41006eb15ac5aa0ad9a567b"
"poisson_team_ridge_elo","production_hybrid_nb","feature_rich","frozen","rps","regulation_1x2","team_attack|team_defence|venue|elo_diff","d0f4469931258b3cbf0324b3e72519d44bc09c77e9776dc11ef58a87854f58ec","leave_one_tournament_out","","euro2024","",,,-0.000600622393991849,,,,,,,,"bcdc7ac0fbd7ac7aa59902f6bc0c3b7c78ea4d6bc41006eb15ac5aa0ad9a567b"
"poisson_team_ridge_elo","production_hybrid_nb","feature_rich","frozen","rps","regulation_1x2","team_attack|team_defence|venue|elo_diff","d0f4469931258b3cbf0324b3e72519d44bc09c77e9776dc11ef58a87854f58ec","leave_one_tournament_out","","euro2016","",,,-0.000738572036792115,,,,,,,,"bcdc7ac0fbd7ac7aa59902f6bc0c3b7c78ea4d6bc41006eb15ac5aa0ad9a567b"
"poisson_team_ridge_elo","production_hybrid_nb","feature_rich","updating","rps","regulation_1x2","team_attack|team_defence|venue|elo_diff","d0f4469931258b3cbf0324b3e72519d44bc09c77e9776dc11ef58a87854f58ec","leave_one_tournament_out","","wc2002","",,,-0.00073899450656152,,,,,,,,"bcdc7ac0fbd7ac7aa59902f6bc0c3b7c78ea4d6bc41006eb15ac5aa0ad9a567b"
"poisson_team_ridge_elo","production_hybrid_nb","feature_rich","frozen","rps","regulation_1x2","team_attack|team_defence|venue|elo_diff","d0f4469931258b3cbf0324b3e72519d44bc09c77e9776dc11ef58a87854f58ec","leave_one_tournament_out","","wc2018","",,,-0.000918980833496463,,,,,,,,"bcdc7ac0fbd7ac7aa59902f6bc0c3b7c78ea4d6bc41006eb15ac5aa0ad9a567b"
"poisson_team_ridge_elo","production_hybrid_nb","feature_rich","updating","rps","regulation_1x2","team_attack|team_defence|venue|elo_diff","d0f4469931258b3cbf0324b3e72519d44bc09c77e9776dc11ef58a87854f58ec","leave_one_tournament_out","","wc2006","",,,-0.00101215288175472,,,,,,,,"bcdc7ac0fbd7ac7aa59902f6bc0c3b7c78ea4d6bc41006eb15ac5aa0ad9a567b"
"poisson_team_ridge_elo","production_hybrid_nb","feature_rich","frozen","rps","regulation_1x2","team_attack|team_defence|venue|elo_diff","d0f4469931258b3cbf0324b3e72519d44bc09c77e9776dc11ef58a87854f58ec","tournament_bootstrap","","","",,,-0.0010642856236045,,-0.00599296993132997,0.00422094065878388,,,,,"bcdc7ac0fbd7ac7aa59902f6bc0c3b7c78ea4d6bc41006eb15ac5aa0ad9a567b"
"poisson_team_ridge_elo","production_hybrid_nb","feature_rich","frozen","rps","regulation_1x2","team_attack|team_defence|venue|elo_diff","d0f4469931258b3cbf0324b3e72519d44bc09c77e9776dc11ef58a87854f58ec","leave_one_tournament_out","","euro2008","",,,-0.00117820555477105,,,,,,,,"bcdc7ac0fbd7ac7aa59902f6bc0c3b7c78ea4d6bc41006eb15ac5aa0ad9a567b"
"poisson_team_ridge_elo","production_hybrid_nb","feature_rich","frozen","rps","regulation_1x2","team_attack|team_defence|venue|elo_diff","d0f4469931258b3cbf0324b3e72519d44bc09c77e9776dc11ef58a87854f58ec","leave_one_tournament_out","","wc2014","",,,-0.00125389909741556,,,,,,,,"bcdc7ac0fbd7ac7aa59902f6bc0c3b7c78ea4d6bc41006eb15ac5aa0ad9a567b"
"poisson_team_ridge_elo","production_hybrid_nb","feature_rich","frozen","rps","regulation_1x2","team_attack|team_defence|venue|elo_diff","d0f4469931258b3cbf0324b3e72519d44bc09c77e9776dc11ef58a87854f58ec","leave_one_tournament_out","","euro2004","",,,-0.00128472762550017,,,,,,,,"bcdc7ac0fbd7ac7aa59902f6bc0c3b7c78ea4d6bc41006eb15ac5aa0ad9a567b"
"poisson_team_ridge_elo","production_hybrid_nb","feature_rich","frozen","rps","regulation_1x2","team_attack|team_defence|venue|elo_diff","d0f4469931258b3cbf0324b3e72519d44bc09c77e9776dc11ef58a87854f58ec","leave_one_tournament_out","","wc2022","",,,-0.00171282762651303,,,,,,,,"bcdc7ac0fbd7ac7aa59902f6bc0c3b7c78ea4d6bc41006eb15ac5aa0ad9a567b"
"poisson_team_ridge_elo","production_hybrid_nb","feature_rich","frozen","rps","regulation_1x2","team_attack|team_defence|venue|elo_diff","d0f4469931258b3cbf0324b3e72519d44bc09c77e9776dc11ef58a87854f58ec","leave_one_tournament_out","","wc2002","",,,-0.00235166363944999,,,,,,,,"bcdc7ac0fbd7ac7aa59902f6bc0c3b7c78ea4d6bc41006eb15ac5aa0ad9a567b"
"poisson_team_ridge_elo","production_hybrid_nb","feature_rich","frozen","rps","regulation_1x2","team_attack|team_defence|venue|elo_diff","d0f4469931258b3cbf0324b3e72519d44bc09c77e9776dc11ef58a87854f58ec","leave_one_tournament_out","","wc2006","",,,-0.00262352476681545,,,,,,,,"bcdc7ac0fbd7ac7aa59902f6bc0c3b7c78ea4d6bc41006eb15ac5aa0ad9a567b"
"poisson_team_ridge_elo","production_hybrid_nb","feature_rich","frozen","rps","regulation_1x2","team_attack|team_defence|venue|elo_diff","d0f4469931258b3cbf0324b3e72519d44bc09c77e9776dc11ef58a87854f58ec","leave_one_tournament_out","","euro2012","",,,0.000136231505801154,,,,,,,,"bcdc7ac0fbd7ac7aa59902f6bc0c3b7c78ea4d6bc41006eb15ac5aa0ad9a567b"
"poisson_team_ridge_elo","production_hybrid_nb","feature_rich","updating","rps","regulation_1x2","team_attack|team_defence|venue|elo_diff","d0f4469931258b3cbf0324b3e72519d44bc09c77e9776dc11ef58a87854f58ec","tournament_bootstrap","","","",,,0.000348141565073027,,-0.00372775666321512,0.00479746313049543,,,,,"bcdc7ac0fbd7ac7aa59902f6bc0c3b7c78ea4d6bc41006eb15ac5aa0ad9a567b"
"poisson_team_ridge_elo","production_hybrid_nb","feature_rich","updating","rps","regulation_1x2","team_attack|team_defence|venue|elo_diff","d0f4469931258b3cbf0324b3e72519d44bc09c77e9776dc11ef58a87854f58ec","leave_one_tournament_out","","euro2020","",,,0.000392381795649645,,,,,,,,"bcdc7ac0fbd7ac7aa59902f6bc0c3b7c78ea4d6bc41006eb15ac5aa0ad9a567b"
"poisson_team_ridge_elo","production_hybrid_nb","feature_rich","updating","rps","regulation_1x2","team_attack|team_defence|venue|elo_diff","d0f4469931258b3cbf0324b3e72519d44bc09c77e9776dc11ef58a87854f58ec","leave_one_tournament_out","","euro2016","",,,0.000468382973300666,,,,,,,,"bcdc7ac0fbd7ac7aa59902f6bc0c3b7c78ea4d6bc41006eb15ac5aa0ad9a567b"
"poisson_team_ridge_elo","production_hybrid_nb","feature_rich","updating","rps","regulation_1x2","team_attack|team_defence|venue|elo_diff","d0f4469931258b3cbf0324b3e72519d44bc09c77e9776dc11ef58a87854f58ec","leave_one_tournament_out","","wc2014","",,,0.000630171595499654,,,,,,,,"bcdc7ac0fbd7ac7aa59902f6bc0c3b7c78ea4d6bc41006eb15ac5aa0ad9a567b"
"poisson_team_ridge_elo","production_hybrid_nb","feature_rich","updating","rps","regulation_1x2","team_attack|team_defence|venue|elo_diff","d0f4469931258b3cbf0324b3e72519d44bc09c77e9776dc11ef58a87854f58ec","leave_one_tournament_out","","euro2008","",,,0.000786442241493456,,,,,,,,"bcdc7ac0fbd7ac7aa59902f6bc0c3b7c78ea4d6bc41006eb15ac5aa0ad9a567b"
"poisson_team_ridge_elo","production_hybrid_nb","feature_rich","updating","rps","regulation_1x2","team_attack|team_defence|venue|elo_diff","d0f4469931258b3cbf0324b3e72519d44bc09c77e9776dc11ef58a87854f58ec","leave_one_tournament_out","","wc2018","",,,0.000818053045508412,,,,,,,,"bcdc7ac0fbd7ac7aa59902f6bc0c3b7c78ea4d6bc41006eb15ac5aa0ad9a567b"
"poisson_team_ridge_elo","production_hybrid_nb","feature_rich","updating","rps","regulation_1x2","team_attack|team_defence|venue|elo_diff","d0f4469931258b3cbf0324b3e72519d44bc09c77e9776dc11ef58a87854f58ec","leave_one_tournament_out","","euro2012","",,,0.000824917676550481,,,,,,,,"bcdc7ac0fbd7ac7aa59902f6bc0c3b7c78ea4d6bc41006eb15ac5aa0ad9a567b"
"poisson_team_ridge_elo","production_hybrid_nb","feature_rich","updating","rps","regulation_1x2","team_attack|team_defence|venue|elo_diff","d0f4469931258b3cbf0324b3e72519d44bc09c77e9776dc11ef58a87854f58ec","leave_one_tournament_out","","euro2024","",,,0.000853149630290183,,,,,,,,"bcdc7ac0fbd7ac7aa59902f6bc0c3b7c78ea4d6bc41006eb15ac5aa0ad9a567b"
"poisson_team_ridge_elo","production_hybrid_nb","feature_rich","updating","rps","regulation_1x2","team_attack|team_defence|venue|elo_diff","d0f4469931258b3cbf0324b3e72519d44bc09c77e9776dc11ef58a87854f58ec","leave_one_tournament_out","","wc2010","",,,0.00143827217645817,,,,,,,,"bcdc7ac0fbd7ac7aa59902f6bc0c3b7c78ea4d6bc41006eb15ac5aa0ad9a567b"
"poisson_team_ridge_elo","production_hybrid_nb","feature_rich","frozen","rps","regulation_1x2","team_attack|team_defence|venue|elo_diff","d0f4469931258b3cbf0324b3e72519d44bc09c77e9776dc11ef58a87854f58ec","leave_one_tournament_out","","euro2020","",,,1.78957558048033e-05,,,,,,,,"bcdc7ac0fbd7ac7aa59902f6bc0c3b7c78ea4d6bc41006eb15ac5aa0ad9a567b"
"poisson_team_ridge_elo","production_hybrid_nb","feature_rich","frozen","rps","regulation_1x2","team_attack|team_defence|venue|elo_diff","d0f4469931258b3cbf0324b3e72519d44bc09c77e9776dc11ef58a87854f58ec","fold_breadth","","","",,,,,,,6,2,4,0.0160873449517159,"bcdc7ac0fbd7ac7aa59902f6bc0c3b7c78ea4d6bc41006eb15ac5aa0ad9a567b"
"poisson_team_ridge_elo","production_hybrid_nb","feature_rich","updating","rps","regulation_1x2","team_attack|team_defence|venue|elo_diff","d0f4469931258b3cbf0324b3e72519d44bc09c77e9776dc11ef58a87854f58ec","fold_breadth","","","",,,,,,,8,3,5,0.0153113804801782,"bcdc7ac0fbd7ac7aa59902f6bc0c3b7c78ea4d6bc41006eb15ac5aa0ad9a567b"
"poisson_team_ridge_elo","uniform_1x2","open_core","frozen","rps","regulation_1x2","team_attack|team_defence|venue|elo_diff","d0f4469931258b3cbf0324b3e72519d44bc09c77e9776dc11ef58a87854f58ec","leave_one_tournament_out","","wc2006","",,,-0.013151909613667,,,,,,,,"bcdc7ac0fbd7ac7aa59902f6bc0c3b7c78ea4d6bc41006eb15ac5aa0ad9a567b"
"poisson_team_ridge_elo","uniform_1x2","open_core","frozen","rps","regulation_1x2","team_attack|team_defence|venue|elo_diff","d0f4469931258b3cbf0324b3e72519d44bc09c77e9776dc11ef58a87854f58ec","leave_one_tournament_out","","euro2020","",,,-0.0138024075334673,,,,,,,,"bcdc7ac0fbd7ac7aa59902f6bc0c3b7c78ea4d6bc41006eb15ac5aa0ad9a567b"
"poisson_team_ridge_elo","uniform_1x2","open_core","frozen","rps","regulation_1x2","team_attack|team_defence|venue|elo_diff","d0f4469931258b3cbf0324b3e72519d44bc09c77e9776dc11ef58a87854f58ec","leave_one_tournament_out","","euro2024","",,,-0.014170398654121,,,,,,,,"bcdc7ac0fbd7ac7aa59902f6bc0c3b7c78ea4d6bc41006eb15ac5aa0ad9a567b"
"poisson_team_ridge_elo","uniform_1x2","open_core","frozen","rps","regulation_1x2","team_attack|team_defence|venue|elo_diff","d0f4469931258b3cbf0324b3e72519d44bc09c77e9776dc11ef58a87854f58ec","leave_one_tournament_out","","euro2008","",,,-0.0142113611170149,,,,,,,,"bcdc7ac0fbd7ac7aa59902f6bc0c3b7c78ea4d6bc41006eb15ac5aa0ad9a567b"
"poisson_team_ridge_elo","uniform_1x2","open_core","frozen","rps","regulation_1x2","team_attack|team_defence|venue|elo_diff","d0f4469931258b3cbf0324b3e72519d44bc09c77e9776dc11ef58a87854f58ec","leave_one_tournament_out","","wc2018","",,,-0.0142623919418814,,,,,,,,"bcdc7ac0fbd7ac7aa59902f6bc0c3b7c78ea4d6bc41006eb15ac5aa0ad9a567b"
"poisson_team_ridge_elo","uniform_1x2","open_core","frozen","rps","regulation_1x2","team_attack|team_defence|venue|elo_diff","d0f4469931258b3cbf0324b3e72519d44bc09c77e9776dc11ef58a87854f58ec","leave_one_tournament_out","","euro2004","",,,-0.0143400276042742,,,,,,,,"bcdc7ac0fbd7ac7aa59902f6bc0c3b7c78ea4d6bc41006eb15ac5aa0ad9a567b"
"poisson_team_ridge_elo","uniform_1x2","open_core","frozen","rps","regulation_1x2","team_attack|team_defence|venue|elo_diff","d0f4469931258b3cbf0324b3e72519d44bc09c77e9776dc11ef58a87854f58ec","tournament_bootstrap","","","",,,-0.0144689446678894,,-0.0183968993629525,-0.0107523772818566,,,,,"bcdc7ac0fbd7ac7aa59902f6bc0c3b7c78ea4d6bc41006eb15ac5aa0ad9a567b"
"poisson_team_ridge_elo","uniform_1x2","open_core","frozen","rps","regulation_1x2","team_attack|team_defence|venue|elo_diff","d0f4469931258b3cbf0324b3e72519d44bc09c77e9776dc11ef58a87854f58ec","leave_one_tournament_out","","euro2016","",,,-0.0145405429041476,,,,,,,,"bcdc7ac0fbd7ac7aa59902f6bc0c3b7c78ea4d6bc41006eb15ac5aa0ad9a567b"
"poisson_team_ridge_elo","uniform_1x2","open_core","frozen","rps","regulation_1x2","team_attack|team_defence|venue|elo_diff","d0f4469931258b3cbf0324b3e72519d44bc09c77e9776dc11ef58a87854f58ec","leave_one_tournament_out","","wc2014","",,,-0.0147275250247787,,,,,,,,"bcdc7ac0fbd7ac7aa59902f6bc0c3b7c78ea4d6bc41006eb15ac5aa0ad9a567b"
"poisson_team_ridge_elo","uniform_1x2","open_core","frozen","rps","regulation_1x2","team_attack|team_defence|venue|elo_diff","d0f4469931258b3cbf0324b3e72519d44bc09c77e9776dc11ef58a87854f58ec","leave_one_tournament_out","","wc2010","",,,-0.0148158923202511,,,,,,,,"bcdc7ac0fbd7ac7aa59902f6bc0c3b7c78ea4d6bc41006eb15ac5aa0ad9a567b"
"poisson_team_ridge_elo","uniform_1x2","open_core","frozen","rps","regulation_1x2","team_attack|team_defence|venue|elo_diff","d0f4469931258b3cbf0324b3e72519d44bc09c77e9776dc11ef58a87854f58ec","leave_one_tournament_out","","wc2022","",,,-0.0148989706853496,,,,,,,,"bcdc7ac0fbd7ac7aa59902f6bc0c3b7c78ea4d6bc41006eb15ac5aa0ad9a567b"
"poisson_team_ridge_elo","uniform_1x2","open_core","frozen","rps","regulation_1x2","team_attack|team_defence|venue|elo_diff","d0f4469931258b3cbf0324b3e72519d44bc09c77e9776dc11ef58a87854f58ec","leave_one_tournament_out","","wc2002","",,,-0.0150927909753002,,,,,,,,"bcdc7ac0fbd7ac7aa59902f6bc0c3b7c78ea4d6bc41006eb15ac5aa0ad9a567b"
"poisson_team_ridge_elo","uniform_1x2","open_core","frozen","rps","regulation_1x2","team_attack|team_defence|venue|elo_diff","d0f4469931258b3cbf0324b3e72519d44bc09c77e9776dc11ef58a87854f58ec","leave_one_tournament_out","","euro2012","",,,-0.0156131176404202,,,,,,,,"bcdc7ac0fbd7ac7aa59902f6bc0c3b7c78ea4d6bc41006eb15ac5aa0ad9a567b"
"poisson_team_ridge_elo","uniform_1x2","open_core","updating","rps","regulation_1x2","team_attack|team_defence|venue|elo_diff","d0f4469931258b3cbf0324b3e72519d44bc09c77e9776dc11ef58a87854f58ec","leave_one_tournament_out","","wc2006","",,,-0.0248962665709755,,,,,,,,"bcdc7ac0fbd7ac7aa59902f6bc0c3b7c78ea4d6bc41006eb15ac5aa0ad9a567b"
"poisson_team_ridge_elo","uniform_1x2","open_core","updating","rps","regulation_1x2","team_attack|team_defence|venue|elo_diff","d0f4469931258b3cbf0324b3e72519d44bc09c77e9776dc11ef58a87854f58ec","leave_one_tournament_out","","wc2018","",,,-0.0263317152253913,,,,,,,,"bcdc7ac0fbd7ac7aa59902f6bc0c3b7c78ea4d6bc41006eb15ac5aa0ad9a567b"
"poisson_team_ridge_elo","uniform_1x2","open_core","updating","rps","regulation_1x2","team_attack|team_defence|venue|elo_diff","d0f4469931258b3cbf0324b3e72519d44bc09c77e9776dc11ef58a87854f58ec","leave_one_tournament_out","","wc2010","",,,-0.0265097726917527,,,,,,,,"bcdc7ac0fbd7ac7aa59902f6bc0c3b7c78ea4d6bc41006eb15ac5aa0ad9a567b"
"poisson_team_ridge_elo","uniform_1x2","open_core","updating","rps","regulation_1x2","team_attack|team_defence|venue|elo_diff","d0f4469931258b3cbf0324b3e72519d44bc09c77e9776dc11ef58a87854f58ec","leave_one_tournament_out","","euro2008","",,,-0.0268166922966202,,,,,,,,"bcdc7ac0fbd7ac7aa59902f6bc0c3b7c78ea4d6bc41006eb15ac5aa0ad9a567b"
"poisson_team_ridge_elo","uniform_1x2","open_core","updating","rps","regulation_1x2","team_attack|team_defence|venue|elo_diff","d0f4469931258b3cbf0324b3e72519d44bc09c77e9776dc11ef58a87854f58ec","leave_one_tournament_out","","euro2020","",,,-0.0269892161575603,,,,,,,,"bcdc7ac0fbd7ac7aa59902f6bc0c3b7c78ea4d6bc41006eb15ac5aa0ad9a567b"
"poisson_team_ridge_elo","uniform_1x2","open_core","updating","rps","regulation_1x2","team_attack|team_defence|venue|elo_diff","d0f4469931258b3cbf0324b3e72519d44bc09c77e9776dc11ef58a87854f58ec","tournament_bootstrap","","","",,,-0.027540513985543,,-0.0353925277334234,-0.0204184623026671,,,,,"bcdc7ac0fbd7ac7aa59902f6bc0c3b7c78ea4d6bc41006eb15ac5aa0ad9a567b"
"poisson_team_ridge_elo","uniform_1x2","open_core","updating","rps","regulation_1x2","team_attack|team_defence|venue|elo_diff","d0f4469931258b3cbf0324b3e72519d44bc09c77e9776dc11ef58a87854f58ec","leave_one_tournament_out","","wc2014","",,,-0.028062451973033,,,,,,,,"bcdc7ac0fbd7ac7aa59902f6bc0c3b7c78ea4d6bc41006eb15ac5aa0ad9a567b"
"poisson_team_ridge_elo","uniform_1x2","open_core","updating","rps","regulation_1x2","team_attack|team_defence|venue|elo_diff","d0f4469931258b3cbf0324b3e72519d44bc09c77e9776dc11ef58a87854f58ec","leave_one_tournament_out","","euro2024","",,,-0.0280739232502067,,,,,,,,"bcdc7ac0fbd7ac7aa59902f6bc0c3b7c78ea4d6bc41006eb15ac5aa0ad9a567b"
"poisson_team_ridge_elo","uniform_1x2","open_core","updating","rps","regulation_1x2","team_attack|team_defence|venue|elo_diff","d0f4469931258b3cbf0324b3e72519d44bc09c77e9776dc11ef58a87854f58ec","leave_one_tournament_out","","wc2022","",,,-0.0281532696468918,,,,,,,,"bcdc7ac0fbd7ac7aa59902f6bc0c3b7c78ea4d6bc41006eb15ac5aa0ad9a567b"
"poisson_team_ridge_elo","uniform_1x2","open_core","updating","rps","regulation_1x2","team_attack|team_defence|venue|elo_diff","d0f4469931258b3cbf0324b3e72519d44bc09c77e9776dc11ef58a87854f58ec","leave_one_tournament_out","","euro2004","",,,-0.0283179492035548,,,,,,,,"bcdc7ac0fbd7ac7aa59902f6bc0c3b7c78ea4d6bc41006eb15ac5aa0ad9a567b"
"poisson_team_ridge_elo","uniform_1x2","open_core","updating","rps","regulation_1x2","team_attack|team_defence|venue|elo_diff","d0f4469931258b3cbf0324b3e72519d44bc09c77e9776dc11ef58a87854f58ec","leave_one_tournament_out","","euro2012","",,,-0.0284554427348577,,,,,,,,"bcdc7ac0fbd7ac7aa59902f6bc0c3b7c78ea4d6bc41006eb15ac5aa0ad9a567b"
"poisson_team_ridge_elo","uniform_1x2","open_core","updating","rps","regulation_1x2","team_attack|team_defence|venue|elo_diff","d0f4469931258b3cbf0324b3e72519d44bc09c77e9776dc11ef58a87854f58ec","leave_one_tournament_out","","wc2002","",,,-0.0286496119860472,,,,,,,,"bcdc7ac0fbd7ac7aa59902f6bc0c3b7c78ea4d6bc41006eb15ac5aa0ad9a567b"
"poisson_team_ridge_elo","uniform_1x2","open_core","updating","rps","regulation_1x2","team_attack|team_defence|venue|elo_diff","d0f4469931258b3cbf0324b3e72519d44bc09c77e9776dc11ef58a87854f58ec","leave_one_tournament_out","","euro2016","",,,-0.0292298560896242,,,,,,,,"bcdc7ac0fbd7ac7aa59902f6bc0c3b7c78ea4d6bc41006eb15ac5aa0ad9a567b"
"poisson_team_ridge_elo","uniform_1x2","open_core","frozen","rps","regulation_1x2","team_attack|team_defence|venue|elo_diff","d0f4469931258b3cbf0324b3e72519d44bc09c77e9776dc11ef58a87854f58ec","fold_breadth","","","",,,,,,,12,6,6,0,"bcdc7ac0fbd7ac7aa59902f6bc0c3b7c78ea4d6bc41006eb15ac5aa0ad9a567b"
"poisson_team_ridge_elo","uniform_1x2","open_core","updating","rps","regulation_1x2","team_attack|team_defence|venue|elo_diff","d0f4469931258b3cbf0324b3e72519d44bc09c77e9776dc11ef58a87854f58ec","fold_breadth","","","",,,,,,,12,6,6,0,"bcdc7ac0fbd7ac7aa59902f6bc0c3b7c78ea4d6bc41006eb15ac5aa0ad9a567b"
"poisson_team_ridge_elo_bivpois","production_hybrid_nb","feature_rich","updating","rps","regulation_1x2","team_attack|team_defence|venue|elo_diff|bivariate_poisson","d0f4469931258b3cbf0324b3e72519d44bc09c77e9776dc11ef58a87854f58ec","fold","wc2006","","world_cup",0.176851918297275,0.16156832841848,0.0152835898787949,64,,,,,,,"bcdc7ac0fbd7ac7aa59902f6bc0c3b7c78ea4d6bc41006eb15ac5aa0ad9a567b"
"poisson_team_ridge_elo_bivpois","open_nb_incumbent","open_core","updating","rps","regulation_1x2","team_attack|team_defence|venue|elo_diff|bivariate_poisson","d0f4469931258b3cbf0324b3e72519d44bc09c77e9776dc11ef58a87854f58ec","fold","wc2006","","world_cup",0.176851918297275,0.172063371721106,0.00478854657616875,64,,,,,,,"bcdc7ac0fbd7ac7aa59902f6bc0c3b7c78ea4d6bc41006eb15ac5aa0ad9a567b"
"poisson_team_ridge_elo_bivpois","elo_goal_nb","open_core","updating","rps","regulation_1x2","team_attack|team_defence|venue|elo_diff|bivariate_poisson","d0f4469931258b3cbf0324b3e72519d44bc09c77e9776dc11ef58a87854f58ec","fold","wc2006","","world_cup",0.176851918297275,0.176875218107772,-2.3299810496777e-05,64,,,,,,,"bcdc7ac0fbd7ac7aa59902f6bc0c3b7c78ea4d6bc41006eb15ac5aa0ad9a567b"
"poisson_team_ridge_elo_bivpois","elo_goal_nb","open_core","updating","rps","regulation_1x2","team_attack|team_defence|venue|elo_diff|bivariate_poisson","d0f4469931258b3cbf0324b3e72519d44bc09c77e9776dc11ef58a87854f58ec","fold","euro2020","","euro",0.191885327295901,0.186749893915214,0.00513543338068695,51,,,,,,,"bcdc7ac0fbd7ac7aa59902f6bc0c3b7c78ea4d6bc41006eb15ac5aa0ad9a567b"
"poisson_team_ridge_elo_bivpois","production_hybrid_nb","feature_rich","frozen","rps","regulation_1x2","team_attack|team_defence|venue|elo_diff|bivariate_poisson","d0f4469931258b3cbf0324b3e72519d44bc09c77e9776dc11ef58a87854f58ec","fold","wc2006","","world_cup",0.204534122419391,0.188463269228388,0.016070853191003,64,,,,,,,"bcdc7ac0fbd7ac7aa59902f6bc0c3b7c78ea4d6bc41006eb15ac5aa0ad9a567b"
"poisson_team_ridge_elo_bivpois","open_nb_incumbent","open_core","updating","rps","regulation_1x2","team_attack|team_defence|venue|elo_diff|bivariate_poisson","d0f4469931258b3cbf0324b3e72519d44bc09c77e9776dc11ef58a87854f58ec","fold","euro2020","","euro",0.191885327295901,0.189838248406632,0.00204707888926851,51,,,,,,,"bcdc7ac0fbd7ac7aa59902f6bc0c3b7c78ea4d6bc41006eb15ac5aa0ad9a567b"
"poisson_team_ridge_elo_bivpois","elo_goal_nb","open_core","updating","rps","regulation_1x2","team_attack|team_defence|venue|elo_diff|bivariate_poisson","d0f4469931258b3cbf0324b3e72519d44bc09c77e9776dc11ef58a87854f58ec","fold","wc2010","","world_cup",0.19202372517973,0.190682324027093,0.00134140115263636,64,,,,,,,"bcdc7ac0fbd7ac7aa59902f6bc0c3b7c78ea4d6bc41006eb15ac5aa0ad9a567b"
"poisson_team_ridge_elo_bivpois","open_nb_incumbent","open_core","updating","rps","regulation_1x2","team_attack|team_defence|venue|elo_diff|bivariate_poisson","d0f4469931258b3cbf0324b3e72519d44bc09c77e9776dc11ef58a87854f58ec","fold","wc2010","","world_cup",0.19202372517973,0.193443758892585,-0.00142003371285571,64,,,,,,,"bcdc7ac0fbd7ac7aa59902f6bc0c3b7c78ea4d6bc41006eb15ac5aa0ad9a567b"
"poisson_team_ridge_elo_bivpois","production_hybrid_nb","feature_rich","updating","rps","regulation_1x2","team_attack|team_defence|venue|elo_diff|bivariate_poisson","d0f4469931258b3cbf0324b3e72519d44bc09c77e9776dc11ef58a87854f58ec","fold","euro2004","","euro",0.199649078887225,0.19427801853155,0.00537106035567473,31,,,,,,,"bcdc7ac0fbd7ac7aa59902f6bc0c3b7c78ea4d6bc41006eb15ac5aa0ad9a567b"
"poisson_team_ridge_elo_bivpois","open_nb_incumbent","open_core","updating","rps","regulation_1x2","team_attack|team_defence|venue|elo_diff|bivariate_poisson","d0f4469931258b3cbf0324b3e72519d44bc09c77e9776dc11ef58a87854f58ec","fold","euro2004","","euro",0.199649078887225,0.195865014321776,0.00378406456544918,31,,,,,,,"bcdc7ac0fbd7ac7aa59902f6bc0c3b7c78ea4d6bc41006eb15ac5aa0ad9a567b"
"poisson_team_ridge_elo_bivpois","production_hybrid_nb","feature_rich","updating","rps","regulation_1x2","team_attack|team_defence|venue|elo_diff|bivariate_poisson","d0f4469931258b3cbf0324b3e72519d44bc09c77e9776dc11ef58a87854f58ec","fold","euro2020","","euro",0.197044719901885,0.197183259920055,-0.000138540018170037,48,,,,,,,"bcdc7ac0fbd7ac7aa59902f6bc0c3b7c78ea4d6bc41006eb15ac5aa0ad9a567b"
"poisson_team_ridge_elo_bivpois","elo_goal_nb","open_core","updating","rps","regulation_1x2","team_attack|team_defence|venue|elo_diff|bivariate_poisson","d0f4469931258b3cbf0324b3e72519d44bc09c77e9776dc11ef58a87854f58ec","fold","euro2004","","euro",0.199649078887225,0.197820059462055,0.00182901942517011,31,,,,,,,"bcdc7ac0fbd7ac7aa59902f6bc0c3b7c78ea4d6bc41006eb15ac5aa0ad9a567b"
"poisson_team_ridge_elo_bivpois","elo_goal_nb","open_core","updating","rps","regulation_1x2","team_attack|team_defence|venue|elo_diff|bivariate_poisson","d0f4469931258b3cbf0324b3e72519d44bc09c77e9776dc11ef58a87854f58ec","fold","euro2024","","euro",0.19399557447534,0.198729036829663,-0.00473346235432292,51,,,,,,,"bcdc7ac0fbd7ac7aa59902f6bc0c3b7c78ea4d6bc41006eb15ac5aa0ad9a567b"
"poisson_team_ridge_elo_bivpois","production_hybrid_nb","feature_rich","updating","rps","regulation_1x2","team_attack|team_defence|venue|elo_diff|bivariate_poisson","d0f4469931258b3cbf0324b3e72519d44bc09c77e9776dc11ef58a87854f58ec","fold","euro2024","","euro",0.19399557447534,0.199220209587878,-0.00522463511253765,51,,,,,,,"bcdc7ac0fbd7ac7aa59902f6bc0c3b7c78ea4d6bc41006eb15ac5aa0ad9a567b"
"poisson_team_ridge_elo_bivpois","open_nb_incumbent","open_core","updating","rps","regulation_1x2","team_attack|team_defence|venue|elo_diff|bivariate_poisson","d0f4469931258b3cbf0324b3e72519d44bc09c77e9776dc11ef58a87854f58ec","fold","euro2024","","euro",0.19399557447534,0.199838110521063,-0.00584253604572301,51,,,,,,,"bcdc7ac0fbd7ac7aa59902f6bc0c3b7c78ea4d6bc41006eb15ac5aa0ad9a567b"
"poisson_team_ridge_elo_bivpois","elo_goal_nb","open_core","updating","rps","regulation_1x2","team_attack|team_defence|venue|elo_diff|bivariate_poisson","d0f4469931258b3cbf0324b3e72519d44bc09c77e9776dc11ef58a87854f58ec","fold","wc2018","","world_cup",0.200481996659076,0.200189175461847,0.000292821197229737,64,,,,,,,"bcdc7ac0fbd7ac7aa59902f6bc0c3b7c78ea4d6bc41006eb15ac5aa0ad9a567b"
"poisson_team_ridge_elo_bivpois","production_hybrid_nb","feature_rich","frozen","rps","regulation_1x2","team_attack|team_defence|venue|elo_diff|bivariate_poisson","d0f4469931258b3cbf0324b3e72519d44bc09c77e9776dc11ef58a87854f58ec","fold","euro2004","","euro",0.20275044235956,0.201390384066637,0.00136005829292286,31,,,,,,,"bcdc7ac0fbd7ac7aa59902f6bc0c3b7c78ea4d6bc41006eb15ac5aa0ad9a567b"
"poisson_team_ridge_elo_bivpois","elo_goal_nb","open_core","updating","rps","regulation_1x2","team_attack|team_defence|venue|elo_diff|bivariate_poisson","d0f4469931258b3cbf0324b3e72519d44bc09c77e9776dc11ef58a87854f58ec","fixture_weighted_secondary","","","",0.202988202641714,0.20160896657933,0.00137923606238403,630,,,,,,,"bcdc7ac0fbd7ac7aa59902f6bc0c3b7c78ea4d6bc41006eb15ac5aa0ad9a567b"
"poisson_team_ridge_elo_bivpois","elo_goal_nb","open_core","updating","rps","regulation_1x2","team_attack|team_defence|venue|elo_diff|bivariate_poisson","d0f4469931258b3cbf0324b3e72519d44bc09c77e9776dc11ef58a87854f58ec","equal_tournament_headline","","","",0.203881440712898,0.202473723379673,0.00140771733322538,630,,,,,,,"bcdc7ac0fbd7ac7aa59902f6bc0c3b7c78ea4d6bc41006eb15ac5aa0ad9a567b"
"poisson_team_ridge_elo_bivpois","open_nb_incumbent","open_core","updating","rps","regulation_1x2","team_attack|team_defence|venue|elo_diff|bivariate_poisson","d0f4469931258b3cbf0324b3e72519d44bc09c77e9776dc11ef58a87854f58ec","fixture_weighted_secondary","","","",0.202988202641714,0.202849583870682,0.000138618771032372,630,,,,,,,"bcdc7ac0fbd7ac7aa59902f6bc0c3b7c78ea4d6bc41006eb15ac5aa0ad9a567b"
"poisson_team_ridge_elo_bivpois","production_hybrid_nb","feature_rich","updating","rps","regulation_1x2","team_attack|team_defence|venue|elo_diff|bivariate_poisson","d0f4469931258b3cbf0324b3e72519d44bc09c77e9776dc11ef58a87854f58ec","fold","wc2002","","world_cup",0.215663290523405,0.203404008345614,0.0122592821777913,60,,,,,,,"bcdc7ac0fbd7ac7aa59902f6bc0c3b7c78ea4d6bc41006eb15ac5aa0ad9a567b"
"poisson_team_ridge_elo_bivpois","production_hybrid_nb","feature_rich","updating","rps","regulation_1x2","team_attack|team_defence|venue|elo_diff|bivariate_poisson","d0f4469931258b3cbf0324b3e72519d44bc09c77e9776dc11ef58a87854f58ec","fixture_weighted_secondary","","","",0.204313185957089,0.203517576620924,0.000795609336164856,609,,,,,,,"bcdc7ac0fbd7ac7aa59902f6bc0c3b7c78ea4d6bc41006eb15ac5aa0ad9a567b"
"poisson_team_ridge_elo_bivpois","open_nb_incumbent","open_core","updating","rps","regulation_1x2","team_attack|team_defence|venue|elo_diff|bivariate_poisson","d0f4469931258b3cbf0324b3e72519d44bc09c77e9776dc11ef58a87854f58ec","equal_tournament_headline","","","",0.203881440712898,0.203930289520513,-4.88488076146275e-05,630,,,,,,,"bcdc7ac0fbd7ac7aa59902f6bc0c3b7c78ea4d6bc41006eb15ac5aa0ad9a567b"
"poisson_team_ridge_elo_bivpois","production_hybrid_nb","feature_rich","frozen","rps","regulation_1x2","team_attack|team_defence|venue|elo_diff|bivariate_poisson","d0f4469931258b3cbf0324b3e72519d44bc09c77e9776dc11ef58a87854f58ec","fold","euro2024","","euro",0.197894258506787,0.204097904839805,-0.00620364633301794,51,,,,,,,"bcdc7ac0fbd7ac7aa59902f6bc0c3b7c78ea4d6bc41006eb15ac5aa0ad9a567b"
"poisson_team_ridge_elo_bivpois","open_nb_incumbent","open_core","updating","rps","regulation_1x2","team_attack|team_defence|venue|elo_diff|bivariate_poisson","d0f4469931258b3cbf0324b3e72519d44bc09c77e9776dc11ef58a87854f58ec","fold","wc2018","","world_cup",0.200481996659076,0.204377635947404,-0.00389563928832729,64,,,,,,,"bcdc7ac0fbd7ac7aa59902f6bc0c3b7c78ea4d6bc41006eb15ac5aa0ad9a567b"
"poisson_team_ridge_elo_bivpois","open_nb_incumbent","open_core","frozen","rps","regulation_1x2","team_attack|team_defence|venue|elo_diff|bivariate_poisson","d0f4469931258b3cbf0324b3e72519d44bc09c77e9776dc11ef58a87854f58ec","fold","wc2006","","world_cup",0.204534122419391,0.204940508014914,-0.000406385595523717,64,,,,,,,"bcdc7ac0fbd7ac7aa59902f6bc0c3b7c78ea4d6bc41006eb15ac5aa0ad9a567b"
"poisson_team_ridge_elo_bivpois","production_hybrid_nb","feature_rich","updating","rps","regulation_1x2","team_attack|team_defence|venue|elo_diff|bivariate_poisson","d0f4469931258b3cbf0324b3e72519d44bc09c77e9776dc11ef58a87854f58ec","equal_tournament_headline","","","",0.205590766904419,0.205250400816967,0.000340366087452079,609,,,,,,,"bcdc7ac0fbd7ac7aa59902f6bc0c3b7c78ea4d6bc41006eb15ac5aa0ad9a567b"
"poisson_team_ridge_elo_bivpois","production_hybrid_nb","feature_rich","updating","rps","regulation_1x2","team_attack|team_defence|venue|elo_diff|bivariate_poisson","d0f4469931258b3cbf0324b3e72519d44bc09c77e9776dc11ef58a87854f58ec","fold","wc2018","","world_cup",0.200481996659076,0.205303028816949,-0.00482103215787277,64,,,,,,,"bcdc7ac0fbd7ac7aa59902f6bc0c3b7c78ea4d6bc41006eb15ac5aa0ad9a567b"
"poisson_team_ridge_elo_bivpois","elo_goal_nb","open_core","updating","rps","regulation_1x2","team_attack|team_defence|venue|elo_diff|bivariate_poisson","d0f4469931258b3cbf0324b3e72519d44bc09c77e9776dc11ef58a87854f58ec","fold","euro2008","","euro",0.210017084244725,0.206407675123159,0.00360940912156556,31,,,,,,,"bcdc7ac0fbd7ac7aa59902f6bc0c3b7c78ea4d6bc41006eb15ac5aa0ad9a567b"
"poisson_team_ridge_elo_bivpois","open_nb_incumbent","open_core","frozen","rps","regulation_1x2","team_attack|team_defence|venue|elo_diff|bivariate_poisson","d0f4469931258b3cbf0324b3e72519d44bc09c77e9776dc11ef58a87854f58ec","fold","euro2004","","euro",0.20275044235956,0.20662400857162,-0.00387356621206005,31,,,,,,,"bcdc7ac0fbd7ac7aa59902f6bc0c3b7c78ea4d6bc41006eb15ac5aa0ad9a567b"
"poisson_team_ridge_elo_bivpois","elo_goal_nb","open_core","updating","rps","regulation_1x2","team_attack|team_defence|venue|elo_diff|bivariate_poisson","d0f4469931258b3cbf0324b3e72519d44bc09c77e9776dc11ef58a87854f58ec","fold","wc2014","","world_cup",0.211707679267376,0.207213265548892,0.00449441371848371,64,,,,,,,"bcdc7ac0fbd7ac7aa59902f6bc0c3b7c78ea4d6bc41006eb15ac5aa0ad9a567b"
"poisson_team_ridge_elo_bivpois","elo_goal_nb","open_core","frozen","rps","regulation_1x2","team_attack|team_defence|venue|elo_diff|bivariate_poisson","d0f4469931258b3cbf0324b3e72519d44bc09c77e9776dc11ef58a87854f58ec","fold","euro2004","","euro",0.20275044235956,0.207432586511803,-0.00468214415224297,31,,,,,,,"bcdc7ac0fbd7ac7aa59902f6bc0c3b7c78ea4d6bc41006eb15ac5aa0ad9a567b"
"poisson_team_ridge_elo_bivpois","elo_goal_nb","open_core","frozen","rps","regulation_1x2","team_attack|team_defence|venue|elo_diff|bivariate_poisson","d0f4469931258b3cbf0324b3e72519d44bc09c77e9776dc11ef58a87854f58ec","fold","euro2024","","euro",0.197894258506787,0.208894772377195,-0.0110005138704085,51,,,,,,,"bcdc7ac0fbd7ac7aa59902f6bc0c3b7c78ea4d6bc41006eb15ac5aa0ad9a567b"
"poisson_team_ridge_elo_bivpois","production_hybrid_nb","feature_rich","updating","rps","regulation_1x2","team_attack|team_defence|venue|elo_diff|bivariate_poisson","d0f4469931258b3cbf0324b3e72519d44bc09c77e9776dc11ef58a87854f58ec","fold","wc2010","","world_cup",0.19743888077275,0.209082524600923,-0.0116436438281733,61,,,,,,,"bcdc7ac0fbd7ac7aa59902f6bc0c3b7c78ea4d6bc41006eb15ac5aa0ad9a567b"
"poisson_team_ridge_elo_bivpois","open_nb_incumbent","open_core","frozen","rps","regulation_1x2","team_attack|team_defence|venue|elo_diff|bivariate_poisson","d0f4469931258b3cbf0324b3e72519d44bc09c77e9776dc11ef58a87854f58ec","fold","euro2024","","euro",0.197894258506787,0.20928124815214,-0.0113869896453528,51,,,,,,,"bcdc7ac0fbd7ac7aa59902f6bc0c3b7c78ea4d6bc41006eb15ac5aa0ad9a567b"
"poisson_team_ridge_elo_bivpois","open_nb_incumbent","open_core","updating","rps","regulation_1x2","team_attack|team_defence|venue|elo_diff|bivariate_poisson","d0f4469931258b3cbf0324b3e72519d44bc09c77e9776dc11ef58a87854f58ec","fold","wc2014","","world_cup",0.211707679267376,0.209795309826597,0.00191236944077896,64,,,,,,,"bcdc7ac0fbd7ac7aa59902f6bc0c3b7c78ea4d6bc41006eb15ac5aa0ad9a567b"
"poisson_team_ridge_elo_bivpois","open_nb_incumbent","open_core","updating","rps","regulation_1x2","team_attack|team_defence|venue|elo_diff|bivariate_poisson","d0f4469931258b3cbf0324b3e72519d44bc09c77e9776dc11ef58a87854f58ec","fold","euro2008","","euro",0.210017084244725,0.210305556677262,-0.000288472432537341,31,,,,,,,"bcdc7ac0fbd7ac7aa59902f6bc0c3b7c78ea4d6bc41006eb15ac5aa0ad9a567b"
"poisson_team_ridge_elo_bivpois","production_hybrid_nb","feature_rich","frozen","rps","regulation_1x2","team_attack|team_defence|venue|elo_diff|bivariate_poisson","d0f4469931258b3cbf0324b3e72519d44bc09c77e9776dc11ef58a87854f58ec","fold","wc2002","","world_cup",0.223691042972457,0.210637313011104,0.0130537299613531,60,,,,,,,"bcdc7ac0fbd7ac7aa59902f6bc0c3b7c78ea4d6bc41006eb15ac5aa0ad9a567b"
"poisson_team_ridge_elo_bivpois","open_nb_incumbent","open_core","updating","rps","regulation_1x2","team_attack|team_defence|venue|elo_diff|bivariate_poisson","d0f4469931258b3cbf0324b3e72519d44bc09c77e9776dc11ef58a87854f58ec","fold","wc2022","","world_cup",0.217915058157479,0.211319921086321,0.00659513707115779,64,,,,,,,"bcdc7ac0fbd7ac7aa59902f6bc0c3b7c78ea4d6bc41006eb15ac5aa0ad9a567b"
"poisson_team_ridge_elo_bivpois","production_hybrid_nb","feature_rich","updating","rps","regulation_1x2","team_attack|team_defence|venue|elo_diff|bivariate_poisson","d0f4469931258b3cbf0324b3e72519d44bc09c77e9776dc11ef58a87854f58ec","fold","wc2022","","world_cup",0.217915058157479,0.211818751596759,0.0060963065607201,64,,,,,,,"bcdc7ac0fbd7ac7aa59902f6bc0c3b7c78ea4d6bc41006eb15ac5aa0ad9a567b"
"poisson_team_ridge_elo_bivpois","elo_goal_nb","open_core","frozen","rps","regulation_1x2","team_attack|team_defence|venue|elo_diff|bivariate_poisson","d0f4469931258b3cbf0324b3e72519d44bc09c77e9776dc11ef58a87854f58ec","fold","wc2006","","world_cup",0.204534122419391,0.212144929195862,-0.00761080677647153,64,,,,,,,"bcdc7ac0fbd7ac7aa59902f6bc0c3b7c78ea4d6bc41006eb15ac5aa0ad9a567b"
"poisson_team_ridge_elo_bivpois","elo_goal_nb","open_core","updating","rps","regulation_1x2","team_attack|team_defence|venue|elo_diff|bivariate_poisson","d0f4469931258b3cbf0324b3e72519d44bc09c77e9776dc11ef58a87854f58ec","fold","wc2022","","world_cup",0.217915058157479,0.212154600252407,0.00576045790507155,64,,,,,,,"bcdc7ac0fbd7ac7aa59902f6bc0c3b7c78ea4d6bc41006eb15ac5aa0ad9a567b"
"poisson_team_ridge_elo_bivpois","open_nb_incumbent","open_core","updating","rps","regulation_1x2","team_attack|team_defence|venue|elo_diff|bivariate_poisson","d0f4469931258b3cbf0324b3e72519d44bc09c77e9776dc11ef58a87854f58ec","fold","wc2002","","world_cup",0.212849964308478,0.213262045445768,-0.000412081137289508,64,,,,,,,"bcdc7ac0fbd7ac7aa59902f6bc0c3b7c78ea4d6bc41006eb15ac5aa0ad9a567b"
"poisson_team_ridge_elo_bivpois","elo_goal_nb","open_core","updating","rps","regulation_1x2","team_attack|team_defence|venue|elo_diff|bivariate_poisson","d0f4469931258b3cbf0324b3e72519d44bc09c77e9776dc11ef58a87854f58ec","fold","wc2002","","world_cup",0.212849964308478,0.213813189554407,-0.00096322524592936,64,,,,,,,"bcdc7ac0fbd7ac7aa59902f6bc0c3b7c78ea4d6bc41006eb15ac5aa0ad9a567b"
"poisson_team_ridge_elo_bivpois","production_hybrid_nb","feature_rich","updating","rps","regulation_1x2","team_attack|team_defence|venue|elo_diff|bivariate_poisson","d0f4469931258b3cbf0324b3e72519d44bc09c77e9776dc11ef58a87854f58ec","fold","wc2014","","world_cup",0.211707679267376,0.214461937090911,-0.00275425782353508,64,,,,,,,"bcdc7ac0fbd7ac7aa59902f6bc0c3b7c78ea4d6bc41006eb15ac5aa0ad9a567b"
"poisson_team_ridge_elo_bivpois","production_hybrid_nb","feature_rich","updating","rps","regulation_1x2","team_attack|team_defence|venue|elo_diff|bivariate_poisson","d0f4469931258b3cbf0324b3e72519d44bc09c77e9776dc11ef58a87854f58ec","fold","euro2008","","euro",0.210017084244725,0.214490326573508,-0.0044732423287834,31,,,,,,,"bcdc7ac0fbd7ac7aa59902f6bc0c3b7c78ea4d6bc41006eb15ac5aa0ad9a567b"
"poisson_team_ridge_elo_bivpois","production_hybrid_nb","feature_rich","frozen","rps","regulation_1x2","team_attack|team_defence|venue|elo_diff|bivariate_poisson","d0f4469931258b3cbf0324b3e72519d44bc09c77e9776dc11ef58a87854f58ec","fold","euro2016","","euro",0.210171312476235,0.214818839474437,-0.00464752699820193,43,,,,,,,"bcdc7ac0fbd7ac7aa59902f6bc0c3b7c78ea4d6bc41006eb15ac5aa0ad9a567b"
"poisson_team_ridge_elo_bivpois","uniform_1x2","open_core","frozen","rps","regulation_1x2","team_attack|team_defence|venue|elo_diff|bivariate_poisson","d0f4469931258b3cbf0324b3e72519d44bc09c77e9776dc11ef58a87854f58ec","fold","euro2024","","euro",0.197894258506787,0.215686274509803,-0.0177920160030166,51,,,,,,,"bcdc7ac0fbd7ac7aa59902f6bc0c3b7c78ea4d6bc41006eb15ac5aa0ad9a567b"
"poisson_team_ridge_elo_bivpois","uniform_1x2","open_core","updating","rps","regulation_1x2","team_attack|team_defence|venue|elo_diff|bivariate_poisson","d0f4469931258b3cbf0324b3e72519d44bc09c77e9776dc11ef58a87854f58ec","fold","euro2024","","euro",0.19399557447534,0.215686274509804,-0.0216907000344638,51,,,,,,,"bcdc7ac0fbd7ac7aa59902f6bc0c3b7c78ea4d6bc41006eb15ac5aa0ad9a567b"
"poisson_team_ridge_elo_bivpois","expanding_1x2","open_core","frozen","rps","regulation_1x2","team_attack|team_defence|venue|elo_diff|bivariate_poisson","d0f4469931258b3cbf0324b3e72519d44bc09c77e9776dc11ef58a87854f58ec","fold","wc2006","","world_cup",0.204534122419391,0.215752355003328,-0.0112182325839378,64,,,,,,,"bcdc7ac0fbd7ac7aa59902f6bc0c3b7c78ea4d6bc41006eb15ac5aa0ad9a567b"
"poisson_team_ridge_elo_bivpois","expanding_1x2","open_core","updating","rps","regulation_1x2","team_attack|team_defence|venue|elo_diff|bivariate_poisson","d0f4469931258b3cbf0324b3e72519d44bc09c77e9776dc11ef58a87854f58ec","fold","wc2006","","world_cup",0.176851918297275,0.215788469082983,-0.0389365507857082,64,,,,,,,"bcdc7ac0fbd7ac7aa59902f6bc0c3b7c78ea4d6bc41006eb15ac5aa0ad9a567b"
"poisson_team_ridge_elo_bivpois","production_hybrid_nb","feature_rich","frozen","rps","regulation_1x2","team_attack|team_defence|venue|elo_diff|bivariate_poisson","d0f4469931258b3cbf0324b3e72519d44bc09c77e9776dc11ef58a87854f58ec","fold","euro2020","","euro",0.204207127486163,0.217175879889846,-0.012968752403683,48,,,,,,,"bcdc7ac0fbd7ac7aa59902f6bc0c3b7c78ea4d6bc41006eb15ac5aa0ad9a567b"
"poisson_team_ridge_elo_bivpois","production_hybrid_nb","feature_rich","frozen","rps","regulation_1x2","team_attack|team_defence|venue|elo_diff|bivariate_poisson","d0f4469931258b3cbf0324b3e72519d44bc09c77e9776dc11ef58a87854f58ec","fixture_weighted_secondary","","","",0.217183554990353,0.217180248807272,3.30618308098403e-06,609,,,,,,,"bcdc7ac0fbd7ac7aa59902f6bc0c3b7c78ea4d6bc41006eb15ac5aa0ad9a567b"
"poisson_team_ridge_elo_bivpois","production_hybrid_nb","feature_rich","updating","rps","regulation_1x2","team_attack|team_defence|venue|elo_diff|bivariate_poisson","d0f4469931258b3cbf0324b3e72519d44bc09c77e9776dc11ef58a87854f58ec","fold","euro2016","","euro",0.216619574642843,0.217593946752168,-0.000974372109324704,43,,,,,,,"bcdc7ac0fbd7ac7aa59902f6bc0c3b7c78ea4d6bc41006eb15ac5aa0ad9a567b"
"poisson_team_ridge_elo_bivpois","elo_goal_nb","open_core","updating","rps","regulation_1x2","team_attack|team_defence|venue|elo_diff|bivariate_poisson","d0f4469931258b3cbf0324b3e72519d44bc09c77e9776dc11ef58a87854f58ec","fold","euro2016","","euro",0.216532620098313,0.217661436270615,-0.00112881617230143,51,,,,,,,"bcdc7ac0fbd7ac7aa59902f6bc0c3b7c78ea4d6bc41006eb15ac5aa0ad9a567b"
"poisson_team_ridge_elo_bivpois","production_hybrid_nb","feature_rich","frozen","rps","regulation_1x2","team_attack|team_defence|venue|elo_diff|bivariate_poisson","d0f4469931258b3cbf0324b3e72519d44bc09c77e9776dc11ef58a87854f58ec","equal_tournament_headline","","","",0.217339545746054,0.218412150390249,-0.00107260464419416,609,,,,,,,"bcdc7ac0fbd7ac7aa59902f6bc0c3b7c78ea4d6bc41006eb15ac5aa0ad9a567b"
"poisson_team_ridge_elo_bivpois","uniform_1x2","open_core","updating","rps","regulation_1x2","team_attack|team_defence|venue|elo_diff|bivariate_poisson","d0f4469931258b3cbf0324b3e72519d44bc09c77e9776dc11ef58a87854f58ec","fold","euro2004","","euro",0.199649078887225,0.218637992831541,-0.0189889139443163,31,,,,,,,"bcdc7ac0fbd7ac7aa59902f6bc0c3b7c78ea4d6bc41006eb15ac5aa0ad9a567b"
"poisson_team_ridge_elo_bivpois","uniform_1x2","open_core","frozen","rps","regulation_1x2","team_attack|team_defence|venue|elo_diff|bivariate_poisson","d0f4469931258b3cbf0324b3e72519d44bc09c77e9776dc11ef58a87854f58ec","fold","euro2004","","euro",0.20275044235956,0.218637992831542,-0.015887550471982,31,,,,,,,"bcdc7ac0fbd7ac7aa59902f6bc0c3b7c78ea4d6bc41006eb15ac5aa0ad9a567b"
"poisson_team_ridge_elo_bivpois","elo_goal_nb","open_core","frozen","rps","regulation_1x2","team_attack|team_defence|venue|elo_diff|bivariate_poisson","d0f4469931258b3cbf0324b3e72519d44bc09c77e9776dc11ef58a87854f58ec","fold","euro2020","","euro",0.203688887326284,0.219131862392331,-0.0154429750660478,51,,,,,,,"bcdc7ac0fbd7ac7aa59902f6bc0c3b7c78ea4d6bc41006eb15ac5aa0ad9a567b"
"poisson_team_ridge_elo_bivpois","elo_goal_nb","open_core","frozen","rps","regulation_1x2","team_attack|team_defence|venue|elo_diff|bivariate_poisson","d0f4469931258b3cbf0324b3e72519d44bc09c77e9776dc11ef58a87854f58ec","fold","euro2016","","euro",0.211808507813512,0.219593542336172,-0.00778503452265996,51,,,,,,,"bcdc7ac0fbd7ac7aa59902f6bc0c3b7c78ea4d6bc41006eb15ac5aa0ad9a567b"
"poisson_team_ridge_elo_bivpois","open_nb_incumbent","open_core","frozen","rps","regulation_1x2","team_attack|team_defence|venue|elo_diff|bivariate_poisson","d0f4469931258b3cbf0324b3e72519d44bc09c77e9776dc11ef58a87854f58ec","fold","wc2002","","world_cup",0.220572457236158,0.219913445140191,0.000659012095966453,64,,,,,,,"bcdc7ac0fbd7ac7aa59902f6bc0c3b7c78ea4d6bc41006eb15ac5aa0ad9a567b"
"poisson_team_ridge_elo_bivpois","open_nb_incumbent","open_core","updating","rps","regulation_1x2","team_attack|team_defence|venue|elo_diff|bivariate_poisson","d0f4469931258b3cbf0324b3e72519d44bc09c77e9776dc11ef58a87854f58ec","fold","euro2016","","euro",0.216532620098313,0.219949777099601,-0.00341715700128814,51,,,,,,,"bcdc7ac0fbd7ac7aa59902f6bc0c3b7c78ea4d6bc41006eb15ac5aa0ad9a567b"
"poisson_team_ridge_elo_bivpois","open_nb_incumbent","open_core","frozen","rps","regulation_1x2","team_attack|team_defence|venue|elo_diff|bivariate_poisson","d0f4469931258b3cbf0324b3e72519d44bc09c77e9776dc11ef58a87854f58ec","fold","euro2020","","euro",0.203688887326284,0.220127698702643,-0.0164388113763598,51,,,,,,,"bcdc7ac0fbd7ac7aa59902f6bc0c3b7c78ea4d6bc41006eb15ac5aa0ad9a567b"
"poisson_team_ridge_elo_bivpois","open_nb_incumbent","open_core","frozen","rps","regulation_1x2","team_attack|team_defence|venue|elo_diff|bivariate_poisson","d0f4469931258b3cbf0324b3e72519d44bc09c77e9776dc11ef58a87854f58ec","fold","euro2016","","euro",0.211808507813512,0.220295779324557,-0.00848727151104585,51,,,,,,,"bcdc7ac0fbd7ac7aa59902f6bc0c3b7c78ea4d6bc41006eb15ac5aa0ad9a567b"
"poisson_team_ridge_elo_bivpois","expanding_1x2","open_core","frozen","rps","regulation_1x2","team_attack|team_defence|venue|elo_diff|bivariate_poisson","d0f4469931258b3cbf0324b3e72519d44bc09c77e9776dc11ef58a87854f58ec","fold","euro2004","","euro",0.20275044235956,0.220590545460224,-0.0178401031006635,31,,,,,,,"bcdc7ac0fbd7ac7aa59902f6bc0c3b7c78ea4d6bc41006eb15ac5aa0ad9a567b"
"poisson_team_ridge_elo_bivpois","expanding_1x2","open_core","updating","rps","regulation_1x2","team_attack|team_defence|venue|elo_diff|bivariate_poisson","d0f4469931258b3cbf0324b3e72519d44bc09c77e9776dc11ef58a87854f58ec","fold","euro2004","","euro",0.199649078887225,0.220715691178044,-0.0210666122908193,31,,,,,,,"bcdc7ac0fbd7ac7aa59902f6bc0c3b7c78ea4d6bc41006eb15ac5aa0ad9a567b"
"poisson_team_ridge_elo_bivpois","production_hybrid_nb","feature_rich","frozen","rps","regulation_1x2","team_attack|team_defence|venue|elo_diff|bivariate_poisson","d0f4469931258b3cbf0324b3e72519d44bc09c77e9776dc11ef58a87854f58ec","fold","wc2014","","world_cup",0.221882273581637,0.22086092111402,0.00102135246761663,64,,,,,,,"bcdc7ac0fbd7ac7aa59902f6bc0c3b7c78ea4d6bc41006eb15ac5aa0ad9a567b"
"poisson_team_ridge_elo_bivpois","elo_goal_nb","open_core","updating","rps","regulation_1x2","team_attack|team_defence|venue|elo_diff|bivariate_poisson","d0f4469931258b3cbf0324b3e72519d44bc09c77e9776dc11ef58a87854f58ec","fold","euro2012","","euro",0.222667261683862,0.22138880600295,0.00127845568091109,31,,,,,,,"bcdc7ac0fbd7ac7aa59902f6bc0c3b7c78ea4d6bc41006eb15ac5aa0ad9a567b"
"poisson_team_ridge_elo_bivpois","elo_goal_nb","open_core","frozen","rps","regulation_1x2","team_attack|team_defence|venue|elo_diff|bivariate_poisson","d0f4469931258b3cbf0324b3e72519d44bc09c77e9776dc11ef58a87854f58ec","fixture_weighted_secondary","","","",0.216761720757334,0.222366005932213,-0.00560428517487848,630,,,,,,,"bcdc7ac0fbd7ac7aa59902f6bc0c3b7c78ea4d6bc41006eb15ac5aa0ad9a567b"
"poisson_team_ridge_elo_bivpois","elo_goal_nb","open_core","frozen","rps","regulation_1x2","team_attack|team_defence|venue|elo_diff|bivariate_poisson","d0f4469931258b3cbf0324b3e72519d44bc09c77e9776dc11ef58a87854f58ec","equal_tournament_headline","","","",0.216951193705531,0.222488635674597,-0.00553744196906593,630,,,,,,,"bcdc7ac0fbd7ac7aa59902f6bc0c3b7c78ea4d6bc41006eb15ac5aa0ad9a567b"
"poisson_team_ridge_elo_bivpois","open_nb_incumbent","open_core","frozen","rps","regulation_1x2","team_attack|team_defence|venue|elo_diff|bivariate_poisson","d0f4469931258b3cbf0324b3e72519d44bc09c77e9776dc11ef58a87854f58ec","fixture_weighted_secondary","","","",0.216761720757334,0.222777605348689,-0.0060158845913544,630,,,,,,,"bcdc7ac0fbd7ac7aa59902f6bc0c3b7c78ea4d6bc41006eb15ac5aa0ad9a567b"
"poisson_team_ridge_elo_bivpois","elo_goal_nb","open_core","frozen","rps","regulation_1x2","team_attack|team_defence|venue|elo_diff|bivariate_poisson","d0f4469931258b3cbf0324b3e72519d44bc09c77e9776dc11ef58a87854f58ec","fold","wc2002","","world_cup",0.220572457236158,0.22286228257362,-0.0022898253374623,64,,,,,,,"bcdc7ac0fbd7ac7aa59902f6bc0c3b7c78ea4d6bc41006eb15ac5aa0ad9a567b"
"poisson_team_ridge_elo_bivpois","production_hybrid_nb","feature_rich","frozen","rps","regulation_1x2","team_attack|team_defence|venue|elo_diff|bivariate_poisson","d0f4469931258b3cbf0324b3e72519d44bc09c77e9776dc11ef58a87854f58ec","fold","wc2022","","world_cup",0.228976738378351,0.222906942893562,0.00606979548478915,64,,,,,,,"bcdc7ac0fbd7ac7aa59902f6bc0c3b7c78ea4d6bc41006eb15ac5aa0ad9a567b"
"poisson_team_ridge_elo_bivpois","open_nb_incumbent","open_core","frozen","rps","regulation_1x2","team_attack|team_defence|venue|elo_diff|bivariate_poisson","d0f4469931258b3cbf0324b3e72519d44bc09c77e9776dc11ef58a87854f58ec","equal_tournament_headline","","","",0.216951193705531,0.223289677347567,-0.00633848364203612,630,,,,,,,"bcdc7ac0fbd7ac7aa59902f6bc0c3b7c78ea4d6bc41006eb15ac5aa0ad9a567b"
"poisson_team_ridge_elo_bivpois","elo_goal_nb","open_core","frozen","rps","regulation_1x2","team_attack|team_defence|venue|elo_diff|bivariate_poisson","d0f4469931258b3cbf0324b3e72519d44bc09c77e9776dc11ef58a87854f58ec","fold","wc2014","","world_cup",0.221882273581637,0.223316208416854,-0.00143393483521742,64,,,,,,,"bcdc7ac0fbd7ac7aa59902f6bc0c3b7c78ea4d6bc41006eb15ac5aa0ad9a567b"
"poisson_team_ridge_elo_bivpois","expanding_1x2","open_core","frozen","rps","regulation_1x2","team_attack|team_defence|venue|elo_diff|bivariate_poisson","d0f4469931258b3cbf0324b3e72519d44bc09c77e9776dc11ef58a87854f58ec","fold","euro2024","","euro",0.197894258506787,0.225207595460973,-0.0273133369541868,51,,,,,,,"bcdc7ac0fbd7ac7aa59902f6bc0c3b7c78ea4d6bc41006eb15ac5aa0ad9a567b"
"poisson_team_ridge_elo_bivpois","expanding_1x2","open_core","updating","rps","regulation_1x2","team_attack|team_defence|venue|elo_diff|bivariate_poisson","d0f4469931258b3cbf0324b3e72519d44bc09c77e9776dc11ef58a87854f58ec","fold","euro2024","","euro",0.19399557447534,0.22526830092061,-0.0312727264452697,51,,,,,,,"bcdc7ac0fbd7ac7aa59902f6bc0c3b7c78ea4d6bc41006eb15ac5aa0ad9a567b"
"poisson_team_ridge_elo_bivpois","uniform_1x2","open_core","updating","rps","regulation_1x2","team_attack|team_defence|venue|elo_diff|bivariate_poisson","d0f4469931258b3cbf0324b3e72519d44bc09c77e9776dc11ef58a87854f58ec","fold","euro2016","","euro",0.216532620098313,0.225490196078429,-0.00895757598011612,51,,,,,,,"bcdc7ac0fbd7ac7aa59902f6bc0c3b7c78ea4d6bc41006eb15ac5aa0ad9a567b"
"poisson_team_ridge_elo_bivpois","uniform_1x2","open_core","updating","rps","regulation_1x2","team_attack|team_defence|venue|elo_diff|bivariate_poisson","d0f4469931258b3cbf0324b3e72519d44bc09c77e9776dc11ef58a87854f58ec","fold","euro2020","","euro",0.191885327295901,0.22549019607843,-0.0336048687825296,51,,,,,,,"bcdc7ac0fbd7ac7aa59902f6bc0c3b7c78ea4d6bc41006eb15ac5aa0ad9a567b"
"poisson_team_ridge_elo_bivpois","uniform_1x2","open_core","frozen","rps","regulation_1x2","team_attack|team_defence|venue|elo_diff|bivariate_poisson","d0f4469931258b3cbf0324b3e72519d44bc09c77e9776dc11ef58a87854f58ec","fold","euro2016","","euro",0.211808507813512,0.22549019607843,-0.0136816882649183,51,,,,,,,"bcdc7ac0fbd7ac7aa59902f6bc0c3b7c78ea4d6bc41006eb15ac5aa0ad9a567b"
"poisson_team_ridge_elo_bivpois","uniform_1x2","open_core","frozen","rps","regulation_1x2","team_attack|team_defence|venue|elo_diff|bivariate_poisson","d0f4469931258b3cbf0324b3e72519d44bc09c77e9776dc11ef58a87854f58ec","fold","euro2020","","euro",0.203688887326284,0.225490196078431,-0.0218013087521476,51,,,,,,,"bcdc7ac0fbd7ac7aa59902f6bc0c3b7c78ea4d6bc41006eb15ac5aa0ad9a567b"
"poisson_team_ridge_elo_bivpois","expanding_1x2","open_core","frozen","rps","regulation_1x2","team_attack|team_defence|venue|elo_diff|bivariate_poisson","d0f4469931258b3cbf0324b3e72519d44bc09c77e9776dc11ef58a87854f58ec","fold","wc2002","","world_cup",0.220572457236158,0.225824157415433,-0.00525170017927533,64,,,,,,,"bcdc7ac0fbd7ac7aa59902f6bc0c3b7c78ea4d6bc41006eb15ac5aa0ad9a567b"
"poisson_team_ridge_elo_bivpois","open_nb_incumbent","open_core","frozen","rps","regulation_1x2","team_attack|team_defence|venue|elo_diff|bivariate_poisson","d0f4469931258b3cbf0324b3e72519d44bc09c77e9776dc11ef58a87854f58ec","fold","wc2014","","world_cup",0.221882273581637,0.2258272417331,-0.00394496815146316,64,,,,,,,"bcdc7ac0fbd7ac7aa59902f6bc0c3b7c78ea4d6bc41006eb15ac5aa0ad9a567b"
"poisson_team_ridge_elo_bivpois","expanding_1x2","open_core","updating","rps","regulation_1x2","team_attack|team_defence|venue|elo_diff|bivariate_poisson","d0f4469931258b3cbf0324b3e72519d44bc09c77e9776dc11ef58a87854f58ec","fold","wc2002","","world_cup",0.212849964308478,0.225861316572284,-0.0130113522638063,64,,,,,,,"bcdc7ac0fbd7ac7aa59902f6bc0c3b7c78ea4d6bc41006eb15ac5aa0ad9a567b"
"poisson_team_ridge_elo_bivpois","open_nb_incumbent","open_core","frozen","rps","regulation_1x2","team_attack|team_defence|venue|elo_diff|bivariate_poisson","d0f4469931258b3cbf0324b3e72519d44bc09c77e9776dc11ef58a87854f58ec","fold","wc2022","","world_cup",0.228976738378351,0.226118808703961,0.00285792967439043,64,,,,,,,"bcdc7ac0fbd7ac7aa59902f6bc0c3b7c78ea4d6bc41006eb15ac5aa0ad9a567b"
"poisson_team_ridge_elo_bivpois","open_nb_incumbent","open_core","updating","rps","regulation_1x2","team_attack|team_defence|venue|elo_diff|bivariate_poisson","d0f4469931258b3cbf0324b3e72519d44bc09c77e9776dc11ef58a87854f58ec","fold","euro2012","","euro",0.222667261683862,0.227104724300039,-0.00443746261617773,31,,,,,,,"bcdc7ac0fbd7ac7aa59902f6bc0c3b7c78ea4d6bc41006eb15ac5aa0ad9a567b"
"poisson_team_ridge_elo_bivpois","production_hybrid_nb","feature_rich","frozen","rps","regulation_1x2","team_attack|team_defence|venue|elo_diff|bivariate_poisson","d0f4469931258b3cbf0324b3e72519d44bc09c77e9776dc11ef58a87854f58ec","fold","wc2018","","world_cup",0.224578492787415,0.22724105810526,-0.00266256531784504,64,,,,,,,"bcdc7ac0fbd7ac7aa59902f6bc0c3b7c78ea4d6bc41006eb15ac5aa0ad9a567b"
"poisson_team_ridge_elo_bivpois","expanding_1x2","open_core","frozen","rps","regulation_1x2","team_attack|team_defence|venue|elo_diff|bivariate_poisson","d0f4469931258b3cbf0324b3e72519d44bc09c77e9776dc11ef58a87854f58ec","fold","euro2016","","euro",0.211808507813512,0.227261591509116,-0.0154530836956042,51,,,,,,,"bcdc7ac0fbd7ac7aa59902f6bc0c3b7c78ea4d6bc41006eb15ac5aa0ad9a567b"
"poisson_team_ridge_elo_bivpois","expanding_1x2","open_core","updating","rps","regulation_1x2","team_attack|team_defence|venue|elo_diff|bivariate_poisson","d0f4469931258b3cbf0324b3e72519d44bc09c77e9776dc11ef58a87854f58ec","fold","euro2016","","euro",0.216532620098313,0.227348903289467,-0.0108162831911537,51,,,,,,,"bcdc7ac0fbd7ac7aa59902f6bc0c3b7c78ea4d6bc41006eb15ac5aa0ad9a567b"
"poisson_team_ridge_elo_bivpois","elo_goal_nb","open_core","frozen","rps","regulation_1x2","team_attack|team_defence|venue|elo_diff|bivariate_poisson","d0f4469931258b3cbf0324b3e72519d44bc09c77e9776dc11ef58a87854f58ec","fold","wc2022","","world_cup",0.228976738378351,0.227460034050359,0.00151670432799244,64,,,,,,,"bcdc7ac0fbd7ac7aa59902f6bc0c3b7c78ea4d6bc41006eb15ac5aa0ad9a567b"
"poisson_team_ridge_elo_bivpois","elo_goal_nb","open_core","frozen","rps","regulation_1x2","team_attack|team_defence|venue|elo_diff|bivariate_poisson","d0f4469931258b3cbf0324b3e72519d44bc09c77e9776dc11ef58a87854f58ec","fold","euro2008","","euro",0.22821746658152,0.227565017482987,0.00065244909853268,31,,,,,,,"bcdc7ac0fbd7ac7aa59902f6bc0c3b7c78ea4d6bc41006eb15ac5aa0ad9a567b"
"poisson_team_ridge_elo_bivpois","production_hybrid_nb","feature_rich","frozen","rps","regulation_1x2","team_attack|team_defence|venue|elo_diff|bivariate_poisson","d0f4469931258b3cbf0324b3e72519d44bc09c77e9776dc11ef58a87854f58ec","fold","euro2008","","euro",0.22821746658152,0.228028515914912,0.000188950666608121,31,,,,,,,"bcdc7ac0fbd7ac7aa59902f6bc0c3b7c78ea4d6bc41006eb15ac5aa0ad9a567b"
"poisson_team_ridge_elo_bivpois","elo_goal_nb","open_core","frozen","rps","regulation_1x2","team_attack|team_defence|venue|elo_diff|bivariate_poisson","d0f4469931258b3cbf0324b3e72519d44bc09c77e9776dc11ef58a87854f58ec","fold","wc2010","","world_cup",0.220250065467697,0.22821501416497,-0.00796494869727263,64,,,,,,,"bcdc7ac0fbd7ac7aa59902f6bc0c3b7c78ea4d6bc41006eb15ac5aa0ad9a567b"
"poisson_team_ridge_elo_bivpois","uniform_1x2","open_core","updating","rps","regulation_1x2","team_attack|team_defence|venue|elo_diff|bivariate_poisson","d0f4469931258b3cbf0324b3e72519d44bc09c77e9776dc11ef58a87854f58ec","fold","wc2002","","world_cup",0.212849964308478,0.228298611111111,-0.015448646802633,64,,,,,,,"bcdc7ac0fbd7ac7aa59902f6bc0c3b7c78ea4d6bc41006eb15ac5aa0ad9a567b"
"poisson_team_ridge_elo_bivpois","uniform_1x2","open_core","frozen","rps","regulation_1x2","team_attack|team_defence|venue|elo_diff|bivariate_poisson","d0f4469931258b3cbf0324b3e72519d44bc09c77e9776dc11ef58a87854f58ec","fold","wc2002","","world_cup",0.220572457236158,0.228298611111114,-0.00772615387495605,64,,,,,,,"bcdc7ac0fbd7ac7aa59902f6bc0c3b7c78ea4d6bc41006eb15ac5aa0ad9a567b"
"poisson_team_ridge_elo_bivpois","elo_goal_nb","open_core","frozen","rps","regulation_1x2","team_attack|team_defence|venue|elo_diff|bivariate_poisson","d0f4469931258b3cbf0324b3e72519d44bc09c77e9776dc11ef58a87854f58ec","fold","wc2018","","world_cup",0.224578492787415,0.230619947484092,-0.0060414546966775,64,,,,,,,"bcdc7ac0fbd7ac7aa59902f6bc0c3b7c78ea4d6bc41006eb15ac5aa0ad9a567b"
"poisson_team_ridge_elo_bivpois","expanding_1x2","open_core","frozen","rps","regulation_1x2","team_attack|team_defence|venue|elo_diff|bivariate_poisson","d0f4469931258b3cbf0324b3e72519d44bc09c77e9776dc11ef58a87854f58ec","fold","euro2020","","euro",0.203688887326284,0.230797681507235,-0.0271087941809518,51,,,,,,,"bcdc7ac0fbd7ac7aa59902f6bc0c3b7c78ea4d6bc41006eb15ac5aa0ad9a567b"
"poisson_team_ridge_elo_bivpois","open_nb_incumbent","open_core","frozen","rps","regulation_1x2","team_attack|team_defence|venue|elo_diff|bivariate_poisson","d0f4469931258b3cbf0324b3e72519d44bc09c77e9776dc11ef58a87854f58ec","fold","wc2010","","world_cup",0.220250065467697,0.230807108032634,-0.0105570425649365,64,,,,,,,"bcdc7ac0fbd7ac7aa59902f6bc0c3b7c78ea4d6bc41006eb15ac5aa0ad9a567b"
"poisson_team_ridge_elo_bivpois","uniform_1x2","open_core","updating","rps","regulation_1x2","team_attack|team_defence|venue|elo_diff|bivariate_poisson","d0f4469931258b3cbf0324b3e72519d44bc09c77e9776dc11ef58a87854f58ec","fold","wc2010","","world_cup",0.19202372517973,0.230902777777778,-0.0388790525980484,64,,,,,,,"bcdc7ac0fbd7ac7aa59902f6bc0c3b7c78ea4d6bc41006eb15ac5aa0ad9a567b"
"poisson_team_ridge_elo_bivpois","uniform_1x2","open_core","frozen","rps","regulation_1x2","team_attack|team_defence|venue|elo_diff|bivariate_poisson","d0f4469931258b3cbf0324b3e72519d44bc09c77e9776dc11ef58a87854f58ec","fold","wc2010","","world_cup",0.220250065467697,0.230902777777778,-0.0106527123100801,64,,,,,,,"bcdc7ac0fbd7ac7aa59902f6bc0c3b7c78ea4d6bc41006eb15ac5aa0ad9a567b"
"poisson_team_ridge_elo_bivpois","expanding_1x2","open_core","updating","rps","regulation_1x2","team_attack|team_defence|venue|elo_diff|bivariate_poisson","d0f4469931258b3cbf0324b3e72519d44bc09c77e9776dc11ef58a87854f58ec","fold","euro2020","","euro",0.191885327295901,0.230982895569659,-0.0390975682737585,51,,,,,,,"bcdc7ac0fbd7ac7aa59902f6bc0c3b7c78ea4d6bc41006eb15ac5aa0ad9a567b"
"poisson_team_ridge_elo_bivpois","uniform_1x2","open_core","updating","rps","regulation_1x2","team_attack|team_defence|venue|elo_diff|bivariate_poisson","d0f4469931258b3cbf0324b3e72519d44bc09c77e9776dc11ef58a87854f58ec","equal_tournament_headline","","","",0.203881440712898,0.231434811827957,-0.0275533711150584,630,,,,,,,"bcdc7ac0fbd7ac7aa59902f6bc0c3b7c78ea4d6bc41006eb15ac5aa0ad9a567b"
"poisson_team_ridge_elo_bivpois","uniform_1x2","open_core","frozen","rps","regulation_1x2","team_attack|team_defence|venue|elo_diff|bivariate_poisson","d0f4469931258b3cbf0324b3e72519d44bc09c77e9776dc11ef58a87854f58ec","equal_tournament_headline","","","",0.216951193705531,0.231434811827957,-0.0144836181224259,630,,,,,,,"bcdc7ac0fbd7ac7aa59902f6bc0c3b7c78ea4d6bc41006eb15ac5aa0ad9a567b"
"poisson_team_ridge_elo_bivpois","uniform_1x2","open_core","updating","rps","regulation_1x2","team_attack|team_defence|venue|elo_diff|bivariate_poisson","d0f4469931258b3cbf0324b3e72519d44bc09c77e9776dc11ef58a87854f58ec","fixture_weighted_secondary","","","",0.202988202641714,0.231481481481481,-0.028493278839767,630,,,,,,,"bcdc7ac0fbd7ac7aa59902f6bc0c3b7c78ea4d6bc41006eb15ac5aa0ad9a567b"
"poisson_team_ridge_elo_bivpois","uniform_1x2","open_core","frozen","rps","regulation_1x2","team_attack|team_defence|venue|elo_diff|bivariate_poisson","d0f4469931258b3cbf0324b3e72519d44bc09c77e9776dc11ef58a87854f58ec","fixture_weighted_secondary","","","",0.216761720757334,0.231481481481481,-0.0147197607241471,630,,,,,,,"bcdc7ac0fbd7ac7aa59902f6bc0c3b7c78ea4d6bc41006eb15ac5aa0ad9a567b"
"poisson_team_ridge_elo_bivpois","production_hybrid_nb","feature_rich","frozen","rps","regulation_1x2","team_attack|team_defence|venue|elo_diff|bivariate_poisson","d0f4469931258b3cbf0324b3e72519d44bc09c77e9776dc11ef58a87854f58ec","fold","wc2010","","world_cup",0.22183096230246,0.231714769293689,-0.00988380699122811,61,,,,,,,"bcdc7ac0fbd7ac7aa59902f6bc0c3b7c78ea4d6bc41006eb15ac5aa0ad9a567b"
"poisson_team_ridge_elo_bivpois","open_nb_incumbent","open_core","frozen","rps","regulation_1x2","team_attack|team_defence|venue|elo_diff|bivariate_poisson","d0f4469931258b3cbf0324b3e72519d44bc09c77e9776dc11ef58a87854f58ec","fold","euro2008","","euro",0.22821746658152,0.233089752424003,-0.00487228584248316,31,,,,,,,"bcdc7ac0fbd7ac7aa59902f6bc0c3b7c78ea4d6bc41006eb15ac5aa0ad9a567b"
"poisson_team_ridge_elo_bivpois","uniform_1x2","open_core","frozen","rps","regulation_1x2","team_attack|team_defence|venue|elo_diff|bivariate_poisson","d0f4469931258b3cbf0324b3e72519d44bc09c77e9776dc11ef58a87854f58ec","fold","wc2006","","world_cup",0.204534122419391,0.23350694444444,-0.0289728220250492,64,,,,,,,"bcdc7ac0fbd7ac7aa59902f6bc0c3b7c78ea4d6bc41006eb15ac5aa0ad9a567b"
"poisson_team_ridge_elo_bivpois","uniform_1x2","open_core","updating","rps","regulation_1x2","team_attack|team_defence|venue|elo_diff|bivariate_poisson","d0f4469931258b3cbf0324b3e72519d44bc09c77e9776dc11ef58a87854f58ec","fold","wc2006","","world_cup",0.176851918297275,0.233506944444443,-0.0566550261471678,64,,,,,,,"bcdc7ac0fbd7ac7aa59902f6bc0c3b7c78ea4d6bc41006eb15ac5aa0ad9a567b"
"poisson_team_ridge_elo_bivpois","uniform_1x2","open_core","updating","rps","regulation_1x2","team_attack|team_defence|venue|elo_diff|bivariate_poisson","d0f4469931258b3cbf0324b3e72519d44bc09c77e9776dc11ef58a87854f58ec","fold","wc2014","","world_cup",0.211707679267376,0.233506944444444,-0.0217992651770679,64,,,,,,,"bcdc7ac0fbd7ac7aa59902f6bc0c3b7c78ea4d6bc41006eb15ac5aa0ad9a567b"
"poisson_team_ridge_elo_bivpois","uniform_1x2","open_core","frozen","rps","regulation_1x2","team_attack|team_defence|venue|elo_diff|bivariate_poisson","d0f4469931258b3cbf0324b3e72519d44bc09c77e9776dc11ef58a87854f58ec","fold","wc2014","","world_cup",0.221882273581637,0.233506944444445,-0.0116246708628079,64,,,,,,,"bcdc7ac0fbd7ac7aa59902f6bc0c3b7c78ea4d6bc41006eb15ac5aa0ad9a567b"
"poisson_team_ridge_elo_bivpois","expanding_1x2","open_core","updating","rps","regulation_1x2","team_attack|team_defence|venue|elo_diff|bivariate_poisson","d0f4469931258b3cbf0324b3e72519d44bc09c77e9776dc11ef58a87854f58ec","fixture_weighted_secondary","","","",0.202988202641714,0.23401862928916,-0.0310304266474456,630,,,,,,,"bcdc7ac0fbd7ac7aa59902f6bc0c3b7c78ea4d6bc41006eb15ac5aa0ad9a567b"
"poisson_team_ridge_elo_bivpois","expanding_1x2","open_core","frozen","rps","regulation_1x2","team_attack|team_defence|venue|elo_diff|bivariate_poisson","d0f4469931258b3cbf0324b3e72519d44bc09c77e9776dc11ef58a87854f58ec","fixture_weighted_secondary","","","",0.216761720757334,0.234046704117589,-0.0172849833602548,630,,,,,,,"bcdc7ac0fbd7ac7aa59902f6bc0c3b7c78ea4d6bc41006eb15ac5aa0ad9a567b"
"poisson_team_ridge_elo_bivpois","open_nb_incumbent","open_core","frozen","rps","regulation_1x2","team_attack|team_defence|venue|elo_diff|bivariate_poisson","d0f4469931258b3cbf0324b3e72519d44bc09c77e9776dc11ef58a87854f58ec","fold","wc2018","","world_cup",0.224578492787415,0.234575823914353,-0.00999733112693852,64,,,,,,,"bcdc7ac0fbd7ac7aa59902f6bc0c3b7c78ea4d6bc41006eb15ac5aa0ad9a567b"
"poisson_team_ridge_elo_bivpois","production_hybrid_nb","feature_rich","updating","rps","regulation_1x2","team_attack|team_defence|venue|elo_diff|bivariate_poisson","d0f4469931258b3cbf0324b3e72519d44bc09c77e9776dc11ef58a87854f58ec","fold","euro2012","","euro",0.229704347023653,0.234600469568812,-0.00489612254515919,28,,,,,,,"bcdc7ac0fbd7ac7aa59902f6bc0c3b7c78ea4d6bc41006eb15ac5aa0ad9a567b"
"poisson_team_ridge_elo_bivpois","expanding_1x2","open_core","updating","rps","regulation_1x2","team_attack|team_defence|venue|elo_diff|bivariate_poisson","d0f4469931258b3cbf0324b3e72519d44bc09c77e9776dc11ef58a87854f58ec","equal_tournament_headline","","","",0.203881440712898,0.235146944074474,-0.0312655033615756,630,,,,,,,"bcdc7ac0fbd7ac7aa59902f6bc0c3b7c78ea4d6bc41006eb15ac5aa0ad9a567b"
"poisson_team_ridge_elo_bivpois","expanding_1x2","open_core","frozen","rps","regulation_1x2","team_attack|team_defence|venue|elo_diff|bivariate_poisson","d0f4469931258b3cbf0324b3e72519d44bc09c77e9776dc11ef58a87854f58ec","equal_tournament_headline","","","",0.216951193705531,0.235193730960201,-0.0182425372546701,630,,,,,,,"bcdc7ac0fbd7ac7aa59902f6bc0c3b7c78ea4d6bc41006eb15ac5aa0ad9a567b"
"poisson_team_ridge_elo_bivpois","expanding_1x2","open_core","updating","rps","regulation_1x2","team_attack|team_defence|venue|elo_diff|bivariate_poisson","d0f4469931258b3cbf0324b3e72519d44bc09c77e9776dc11ef58a87854f58ec","fold","wc2022","","world_cup",0.217915058157479,0.235293526070556,-0.0173784679130771,64,,,,,,,"bcdc7ac0fbd7ac7aa59902f6bc0c3b7c78ea4d6bc41006eb15ac5aa0ad9a567b"
"poisson_team_ridge_elo_bivpois","expanding_1x2","open_core","frozen","rps","regulation_1x2","team_attack|team_defence|venue|elo_diff|bivariate_poisson","d0f4469931258b3cbf0324b3e72519d44bc09c77e9776dc11ef58a87854f58ec","fold","wc2022","","world_cup",0.228976738378351,0.235312919221245,-0.00633618084289408,64,,,,,,,"bcdc7ac0fbd7ac7aa59902f6bc0c3b7c78ea4d6bc41006eb15ac5aa0ad9a567b"
"poisson_team_ridge_elo_bivpois","expanding_1x2","open_core","frozen","rps","regulation_1x2","team_attack|team_defence|venue|elo_diff|bivariate_poisson","d0f4469931258b3cbf0324b3e72519d44bc09c77e9776dc11ef58a87854f58ec","fold","wc2014","","world_cup",0.221882273581637,0.237827219026287,-0.01594494544465,64,,,,,,,"bcdc7ac0fbd7ac7aa59902f6bc0c3b7c78ea4d6bc41006eb15ac5aa0ad9a567b"
"poisson_team_ridge_elo_bivpois","expanding_1x2","open_core","updating","rps","regulation_1x2","team_attack|team_defence|venue|elo_diff|bivariate_poisson","d0f4469931258b3cbf0324b3e72519d44bc09c77e9776dc11ef58a87854f58ec","fold","wc2014","","world_cup",0.211707679267376,0.23785716685019,-0.0261494875828141,64,,,,,,,"bcdc7ac0fbd7ac7aa59902f6bc0c3b7c78ea4d6bc41006eb15ac5aa0ad9a567b"
"poisson_team_ridge_elo_bivpois","expanding_1x2","open_core","updating","rps","regulation_1x2","team_attack|team_defence|venue|elo_diff|bivariate_poisson","d0f4469931258b3cbf0324b3e72519d44bc09c77e9776dc11ef58a87854f58ec","fold","wc2010","","world_cup",0.19202372517973,0.237873343461482,-0.0458496182817523,64,,,,,,,"bcdc7ac0fbd7ac7aa59902f6bc0c3b7c78ea4d6bc41006eb15ac5aa0ad9a567b"
"poisson_team_ridge_elo_bivpois","expanding_1x2","open_core","frozen","rps","regulation_1x2","team_attack|team_defence|venue|elo_diff|bivariate_poisson","d0f4469931258b3cbf0324b3e72519d44bc09c77e9776dc11ef58a87854f58ec","fold","wc2010","","world_cup",0.220250065467697,0.237998093302875,-0.0177480278351778,64,,,,,,,"bcdc7ac0fbd7ac7aa59902f6bc0c3b7c78ea4d6bc41006eb15ac5aa0ad9a567b"
"poisson_team_ridge_elo_bivpois","uniform_1x2","open_core","updating","rps","regulation_1x2","team_attack|team_defence|venue|elo_diff|bivariate_poisson","d0f4469931258b3cbf0324b3e72519d44bc09c77e9776dc11ef58a87854f58ec","fold","wc2022","","world_cup",0.217915058157479,0.238715277777779,-0.0208002196202999,64,,,,,,,"bcdc7ac0fbd7ac7aa59902f6bc0c3b7c78ea4d6bc41006eb15ac5aa0ad9a567b"
"poisson_team_ridge_elo_bivpois","uniform_1x2","open_core","frozen","rps","regulation_1x2","team_attack|team_defence|venue|elo_diff|bivariate_poisson","d0f4469931258b3cbf0324b3e72519d44bc09c77e9776dc11ef58a87854f58ec","fold","wc2022","","world_cup",0.228976738378351,0.238715277777779,-0.00973853939942787,64,,,,,,,"bcdc7ac0fbd7ac7aa59902f6bc0c3b7c78ea4d6bc41006eb15ac5aa0ad9a567b"
"poisson_team_ridge_elo_bivpois","uniform_1x2","open_core","frozen","rps","regulation_1x2","team_attack|team_defence|venue|elo_diff|bivariate_poisson","d0f4469931258b3cbf0324b3e72519d44bc09c77e9776dc11ef58a87854f58ec","fold","euro2012","","euro",0.238260612008061,0.240143369175627,-0.00188275716756662,31,,,,,,,"bcdc7ac0fbd7ac7aa59902f6bc0c3b7c78ea4d6bc41006eb15ac5aa0ad9a567b"
"poisson_team_ridge_elo_bivpois","uniform_1x2","open_core","updating","rps","regulation_1x2","team_attack|team_defence|venue|elo_diff|bivariate_poisson","d0f4469931258b3cbf0324b3e72519d44bc09c77e9776dc11ef58a87854f58ec","fold","euro2012","","euro",0.222667261683862,0.240143369175628,-0.017476107491766,31,,,,,,,"bcdc7ac0fbd7ac7aa59902f6bc0c3b7c78ea4d6bc41006eb15ac5aa0ad9a567b"
"poisson_team_ridge_elo_bivpois","uniform_1x2","open_core","updating","rps","regulation_1x2","team_attack|team_defence|venue|elo_diff|bivariate_poisson","d0f4469931258b3cbf0324b3e72519d44bc09c77e9776dc11ef58a87854f58ec","fold","wc2018","","world_cup",0.200481996659076,0.241319444444444,-0.0408374477853672,64,,,,,,,"bcdc7ac0fbd7ac7aa59902f6bc0c3b7c78ea4d6bc41006eb15ac5aa0ad9a567b"
"poisson_team_ridge_elo_bivpois","uniform_1x2","open_core","frozen","rps","regulation_1x2","team_attack|team_defence|venue|elo_diff|bivariate_poisson","d0f4469931258b3cbf0324b3e72519d44bc09c77e9776dc11ef58a87854f58ec","fold","wc2018","","world_cup",0.224578492787415,0.241319444444445,-0.0167409516570304,64,,,,,,,"bcdc7ac0fbd7ac7aa59902f6bc0c3b7c78ea4d6bc41006eb15ac5aa0ad9a567b"
"poisson_team_ridge_elo_bivpois","elo_goal_nb","open_core","frozen","rps","regulation_1x2","team_attack|team_defence|venue|elo_diff|bivariate_poisson","d0f4469931258b3cbf0324b3e72519d44bc09c77e9776dc11ef58a87854f58ec","fold","euro2012","","euro",0.238260612008061,0.242627431108916,-0.00436681910085567,31,,,,,,,"bcdc7ac0fbd7ac7aa59902f6bc0c3b7c78ea4d6bc41006eb15ac5aa0ad9a567b"
"poisson_team_ridge_elo_bivpois","uniform_1x2","open_core","frozen","rps","regulation_1x2","team_attack|team_defence|venue|elo_diff|bivariate_poisson","d0f4469931258b3cbf0324b3e72519d44bc09c77e9776dc11ef58a87854f58ec","fold","euro2008","","euro",0.22821746658152,0.245519713261648,-0.0173022466801283,31,,,,,,,"bcdc7ac0fbd7ac7aa59902f6bc0c3b7c78ea4d6bc41006eb15ac5aa0ad9a567b"
"poisson_team_ridge_elo_bivpois","uniform_1x2","open_core","updating","rps","regulation_1x2","team_attack|team_defence|venue|elo_diff|bivariate_poisson","d0f4469931258b3cbf0324b3e72519d44bc09c77e9776dc11ef58a87854f58ec","fold","euro2008","","euro",0.210017084244725,0.245519713261649,-0.0355026290169245,31,,,,,,,"bcdc7ac0fbd7ac7aa59902f6bc0c3b7c78ea4d6bc41006eb15ac5aa0ad9a567b"
"poisson_team_ridge_elo_bivpois","open_nb_incumbent","open_core","frozen","rps","regulation_1x2","team_attack|team_defence|venue|elo_diff|bivariate_poisson","d0f4469931258b3cbf0324b3e72519d44bc09c77e9776dc11ef58a87854f58ec","fold","euro2012","","euro",0.238260612008061,0.247874705456687,-0.00961409344862664,31,,,,,,,"bcdc7ac0fbd7ac7aa59902f6bc0c3b7c78ea4d6bc41006eb15ac5aa0ad9a567b"
"poisson_team_ridge_elo_bivpois","expanding_1x2","open_core","updating","rps","regulation_1x2","team_attack|team_defence|venue|elo_diff|bivariate_poisson","d0f4469931258b3cbf0324b3e72519d44bc09c77e9776dc11ef58a87854f58ec","fold","wc2018","","world_cup",0.200481996659076,0.249904094958613,-0.0494220982995367,64,,,,,,,"bcdc7ac0fbd7ac7aa59902f6bc0c3b7c78ea4d6bc41006eb15ac5aa0ad9a567b"
"poisson_team_ridge_elo_bivpois","expanding_1x2","open_core","frozen","rps","regulation_1x2","team_attack|team_defence|venue|elo_diff|bivariate_poisson","d0f4469931258b3cbf0324b3e72519d44bc09c77e9776dc11ef58a87854f58ec","fold","wc2018","","world_cup",0.224578492787415,0.250073689586583,-0.0254951967991683,64,,,,,,,"bcdc7ac0fbd7ac7aa59902f6bc0c3b7c78ea4d6bc41006eb15ac5aa0ad9a567b"
"poisson_team_ridge_elo_bivpois","production_hybrid_nb","feature_rich","frozen","rps","regulation_1x2","team_attack|team_defence|venue|elo_diff|bivariate_poisson","d0f4469931258b3cbf0324b3e72519d44bc09c77e9776dc11ef58a87854f58ec","fold","euro2012","","euro",0.239340309100676,0.253610006851323,-0.0142696977506468,28,,,,,,,"bcdc7ac0fbd7ac7aa59902f6bc0c3b7c78ea4d6bc41006eb15ac5aa0ad9a567b"
"poisson_team_ridge_elo_bivpois","expanding_1x2","open_core","updating","rps","regulation_1x2","team_attack|team_defence|venue|elo_diff|bivariate_poisson","d0f4469931258b3cbf0324b3e72519d44bc09c77e9776dc11ef58a87854f58ec","fold","euro2012","","euro",0.222667261683862,0.253759356367876,-0.0310920946840142,31,,,,,,,"bcdc7ac0fbd7ac7aa59902f6bc0c3b7c78ea4d6bc41006eb15ac5aa0ad9a567b"
"poisson_team_ridge_elo_bivpois","expanding_1x2","open_core","frozen","rps","regulation_1x2","team_attack|team_defence|venue|elo_diff|bivariate_poisson","d0f4469931258b3cbf0324b3e72519d44bc09c77e9776dc11ef58a87854f58ec","fold","euro2012","","euro",0.238260612008061,0.253869302014132,-0.0156086900060718,31,,,,,,,"bcdc7ac0fbd7ac7aa59902f6bc0c3b7c78ea4d6bc41006eb15ac5aa0ad9a567b"
"poisson_team_ridge_elo_bivpois","expanding_1x2","open_core","updating","rps","regulation_1x2","team_attack|team_defence|venue|elo_diff|bivariate_poisson","d0f4469931258b3cbf0324b3e72519d44bc09c77e9776dc11ef58a87854f58ec","fold","euro2008","","euro",0.210017084244725,0.261110264571922,-0.0510931803271973,31,,,,,,,"bcdc7ac0fbd7ac7aa59902f6bc0c3b7c78ea4d6bc41006eb15ac5aa0ad9a567b"
"poisson_team_ridge_elo_bivpois","expanding_1x2","open_core","frozen","rps","regulation_1x2","team_attack|team_defence|venue|elo_diff|bivariate_poisson","d0f4469931258b3cbf0324b3e72519d44bc09c77e9776dc11ef58a87854f58ec","fold","euro2008","","euro",0.22821746658152,0.26180962201498,-0.0335921554334601,31,,,,,,,"bcdc7ac0fbd7ac7aa59902f6bc0c3b7c78ea4d6bc41006eb15ac5aa0ad9a567b"
"poisson_team_ridge_elo_bivpois","elo_goal_nb","open_core","frozen","rps","regulation_1x2","team_attack|team_defence|venue|elo_diff|bivariate_poisson","d0f4469931258b3cbf0324b3e72519d44bc09c77e9776dc11ef58a87854f58ec","leave_one_tournament_out","","euro2020","",,,-0.0046369389602494,,,,,,,,"bcdc7ac0fbd7ac7aa59902f6bc0c3b7c78ea4d6bc41006eb15ac5aa0ad9a567b"
"poisson_team_ridge_elo_bivpois","elo_goal_nb","open_core","frozen","rps","regulation_1x2","team_attack|team_defence|venue|elo_diff|bivariate_poisson","d0f4469931258b3cbf0324b3e72519d44bc09c77e9776dc11ef58a87854f58ec","leave_one_tournament_out","","euro2024","",,,-0.00504079906894388,,,,,,,,"bcdc7ac0fbd7ac7aa59902f6bc0c3b7c78ea4d6bc41006eb15ac5aa0ad9a567b"
"poisson_team_ridge_elo_bivpois","elo_goal_nb","open_core","frozen","rps","regulation_1x2","team_attack|team_defence|venue|elo_diff|bivariate_poisson","d0f4469931258b3cbf0324b3e72519d44bc09c77e9776dc11ef58a87854f58ec","leave_one_tournament_out","","wc2010","",,,-0.00531675953922896,,,,,,,,"bcdc7ac0fbd7ac7aa59902f6bc0c3b7c78ea4d6bc41006eb15ac5aa0ad9a567b"
"poisson_team_ridge_elo_bivpois","elo_goal_nb","open_core","frozen","rps","regulation_1x2","team_attack|team_defence|venue|elo_diff|bivariate_poisson","d0f4469931258b3cbf0324b3e72519d44bc09c77e9776dc11ef58a87854f58ec","leave_one_tournament_out","","euro2016","",,,-0.00533311537328466,,,,,,,,"bcdc7ac0fbd7ac7aa59902f6bc0c3b7c78ea4d6bc41006eb15ac5aa0ad9a567b"
"poisson_team_ridge_elo_bivpois","elo_goal_nb","open_core","frozen","rps","regulation_1x2","team_attack|team_defence|venue|elo_diff|bivariate_poisson","d0f4469931258b3cbf0324b3e72519d44bc09c77e9776dc11ef58a87854f58ec","leave_one_tournament_out","","wc2006","",,,-0.00534895425930179,,,,,,,,"bcdc7ac0fbd7ac7aa59902f6bc0c3b7c78ea4d6bc41006eb15ac5aa0ad9a567b"
"poisson_team_ridge_elo_bivpois","elo_goal_nb","open_core","frozen","rps","regulation_1x2","team_attack|team_defence|venue|elo_diff|bivariate_poisson","d0f4469931258b3cbf0324b3e72519d44bc09c77e9776dc11ef58a87854f58ec","leave_one_tournament_out","","wc2018","",,,-0.00549162263019215,,,,,,,,"bcdc7ac0fbd7ac7aa59902f6bc0c3b7c78ea4d6bc41006eb15ac5aa0ad9a567b"
"poisson_team_ridge_elo_bivpois","elo_goal_nb","open_core","frozen","rps","regulation_1x2","team_attack|team_defence|venue|elo_diff|bivariate_poisson","d0f4469931258b3cbf0324b3e72519d44bc09c77e9776dc11ef58a87854f58ec","tournament_bootstrap","","","",,,-0.00553744196906593,,-0.00827993854253873,-0.00295750852315946,,,,,"bcdc7ac0fbd7ac7aa59902f6bc0c3b7c78ea4d6bc41006eb15ac5aa0ad9a567b"
"poisson_team_ridge_elo_bivpois","elo_goal_nb","open_core","frozen","rps","regulation_1x2","team_attack|team_defence|venue|elo_diff|bivariate_poisson","d0f4469931258b3cbf0324b3e72519d44bc09c77e9776dc11ef58a87854f58ec","leave_one_tournament_out","","euro2004","",,,-0.00561519631604984,,,,,,,,"bcdc7ac0fbd7ac7aa59902f6bc0c3b7c78ea4d6bc41006eb15ac5aa0ad9a567b"
"poisson_team_ridge_elo_bivpois","elo_goal_nb","open_core","frozen","rps","regulation_1x2","team_attack|team_defence|venue|elo_diff|bivariate_poisson","d0f4469931258b3cbf0324b3e72519d44bc09c77e9776dc11ef58a87854f58ec","leave_one_tournament_out","","euro2012","",,,-0.00564386222981232,,,,,,,,"bcdc7ac0fbd7ac7aa59902f6bc0c3b7c78ea4d6bc41006eb15ac5aa0ad9a567b"
"poisson_team_ridge_elo_bivpois","elo_goal_nb","open_core","frozen","rps","regulation_1x2","team_attack|team_defence|venue|elo_diff|bivariate_poisson","d0f4469931258b3cbf0324b3e72519d44bc09c77e9776dc11ef58a87854f58ec","leave_one_tournament_out","","wc2002","",,,-0.00583267984466626,,,,,,,,"bcdc7ac0fbd7ac7aa59902f6bc0c3b7c78ea4d6bc41006eb15ac5aa0ad9a567b"
"poisson_team_ridge_elo_bivpois","elo_goal_nb","open_core","frozen","rps","regulation_1x2","team_attack|team_defence|venue|elo_diff|bivariate_poisson","d0f4469931258b3cbf0324b3e72519d44bc09c77e9776dc11ef58a87854f58ec","leave_one_tournament_out","","wc2014","",,,-0.00591048807214307,,,,,,,,"bcdc7ac0fbd7ac7aa59902f6bc0c3b7c78ea4d6bc41006eb15ac5aa0ad9a567b"
"poisson_team_ridge_elo_bivpois","elo_goal_nb","open_core","frozen","rps","regulation_1x2","team_attack|team_defence|venue|elo_diff|bivariate_poisson","d0f4469931258b3cbf0324b3e72519d44bc09c77e9776dc11ef58a87854f58ec","leave_one_tournament_out","","euro2008","",,,-0.00610015933884763,,,,,,,,"bcdc7ac0fbd7ac7aa59902f6bc0c3b7c78ea4d6bc41006eb15ac5aa0ad9a567b"
"poisson_team_ridge_elo_bivpois","elo_goal_nb","open_core","frozen","rps","regulation_1x2","team_attack|team_defence|venue|elo_diff|bivariate_poisson","d0f4469931258b3cbf0324b3e72519d44bc09c77e9776dc11ef58a87854f58ec","leave_one_tournament_out","","wc2022","",,,-0.00617872799607124,,,,,,,,"bcdc7ac0fbd7ac7aa59902f6bc0c3b7c78ea4d6bc41006eb15ac5aa0ad9a567b"
"poisson_team_ridge_elo_bivpois","elo_goal_nb","open_core","updating","rps","regulation_1x2","team_attack|team_defence|venue|elo_diff|bivariate_poisson","d0f4469931258b3cbf0324b3e72519d44bc09c77e9776dc11ef58a87854f58ec","leave_one_tournament_out","","wc2022","",,,0.00101201364487573,,,,,,,,"bcdc7ac0fbd7ac7aa59902f6bc0c3b7c78ea4d6bc41006eb15ac5aa0ad9a567b"
"poisson_team_ridge_elo_bivpois","elo_goal_nb","open_core","updating","rps","regulation_1x2","team_attack|team_defence|venue|elo_diff|bivariate_poisson","d0f4469931258b3cbf0324b3e72519d44bc09c77e9776dc11ef58a87854f58ec","leave_one_tournament_out","","euro2020","",,,0.00106883405618342,,,,,,,,"bcdc7ac0fbd7ac7aa59902f6bc0c3b7c78ea4d6bc41006eb15ac5aa0ad9a567b"
"poisson_team_ridge_elo_bivpois","elo_goal_nb","open_core","updating","rps","regulation_1x2","team_attack|team_defence|venue|elo_diff|bivariate_poisson","d0f4469931258b3cbf0324b3e72519d44bc09c77e9776dc11ef58a87854f58ec","leave_one_tournament_out","","wc2014","",,,0.00112710857092917,,,,,,,,"bcdc7ac0fbd7ac7aa59902f6bc0c3b7c78ea4d6bc41006eb15ac5aa0ad9a567b"
"poisson_team_ridge_elo_bivpois","elo_goal_nb","open_core","updating","rps","regulation_1x2","team_attack|team_defence|venue|elo_diff|bivariate_poisson","d0f4469931258b3cbf0324b3e72519d44bc09c77e9776dc11ef58a87854f58ec","leave_one_tournament_out","","euro2008","",,,0.00120756353428537,,,,,,,,"bcdc7ac0fbd7ac7aa59902f6bc0c3b7c78ea4d6bc41006eb15ac5aa0ad9a567b"
"poisson_team_ridge_elo_bivpois","elo_goal_nb","open_core","updating","rps","regulation_1x2","team_attack|team_defence|venue|elo_diff|bivariate_poisson","d0f4469931258b3cbf0324b3e72519d44bc09c77e9776dc11ef58a87854f58ec","leave_one_tournament_out","","euro2004","",,,0.00136941714304859,,,,,,,,"bcdc7ac0fbd7ac7aa59902f6bc0c3b7c78ea4d6bc41006eb15ac5aa0ad9a567b"
"poisson_team_ridge_elo_bivpois","elo_goal_nb","open_core","updating","rps","regulation_1x2","team_attack|team_defence|venue|elo_diff|bivariate_poisson","d0f4469931258b3cbf0324b3e72519d44bc09c77e9776dc11ef58a87854f58ec","tournament_bootstrap","","","",,,0.00140771733322538,,-0.000248282753590643,0.00299627210182553,,,,,"bcdc7ac0fbd7ac7aa59902f6bc0c3b7c78ea4d6bc41006eb15ac5aa0ad9a567b"
"poisson_team_ridge_elo_bivpois","elo_goal_nb","open_core","updating","rps","regulation_1x2","team_attack|team_defence|venue|elo_diff|bivariate_poisson","d0f4469931258b3cbf0324b3e72519d44bc09c77e9776dc11ef58a87854f58ec","leave_one_tournament_out","","wc2010","",,,0.00141374607691529,,,,,,,,"bcdc7ac0fbd7ac7aa59902f6bc0c3b7c78ea4d6bc41006eb15ac5aa0ad9a567b"
"poisson_team_ridge_elo_bivpois","elo_goal_nb","open_core","updating","rps","regulation_1x2","team_attack|team_defence|venue|elo_diff|bivariate_poisson","d0f4469931258b3cbf0324b3e72519d44bc09c77e9776dc11ef58a87854f58ec","leave_one_tournament_out","","euro2012","",,,0.00141946839252668,,,,,,,,"bcdc7ac0fbd7ac7aa59902f6bc0c3b7c78ea4d6bc41006eb15ac5aa0ad9a567b"
"poisson_team_ridge_elo_bivpois","elo_goal_nb","open_core","updating","rps","regulation_1x2","team_attack|team_defence|venue|elo_diff|bivariate_poisson","d0f4469931258b3cbf0324b3e72519d44bc09c77e9776dc11ef58a87854f58ec","leave_one_tournament_out","","wc2018","",,,0.00150907152740681,,,,,,,,"bcdc7ac0fbd7ac7aa59902f6bc0c3b7c78ea4d6bc41006eb15ac5aa0ad9a567b"
"poisson_team_ridge_elo_bivpois","elo_goal_nb","open_core","updating","rps","regulation_1x2","team_attack|team_defence|venue|elo_diff|bivariate_poisson","d0f4469931258b3cbf0324b3e72519d44bc09c77e9776dc11ef58a87854f58ec","leave_one_tournament_out","","wc2006","",,,0.00153780980083649,,,,,,,,"bcdc7ac0fbd7ac7aa59902f6bc0c3b7c78ea4d6bc41006eb15ac5aa0ad9a567b"
"poisson_team_ridge_elo_bivpois","elo_goal_nb","open_core","updating","rps","regulation_1x2","team_attack|team_defence|venue|elo_diff|bivariate_poisson","d0f4469931258b3cbf0324b3e72519d44bc09c77e9776dc11ef58a87854f58ec","leave_one_tournament_out","","wc2002","",,,0.001623257567694,,,,,,,,"bcdc7ac0fbd7ac7aa59902f6bc0c3b7c78ea4d6bc41006eb15ac5aa0ad9a567b"
"poisson_team_ridge_elo_bivpois","elo_goal_nb","open_core","updating","rps","regulation_1x2","team_attack|team_defence|venue|elo_diff|bivariate_poisson","d0f4469931258b3cbf0324b3e72519d44bc09c77e9776dc11ef58a87854f58ec","leave_one_tournament_out","","euro2016","",,,0.00163831128827328,,,,,,,,"bcdc7ac0fbd7ac7aa59902f6bc0c3b7c78ea4d6bc41006eb15ac5aa0ad9a567b"
"poisson_team_ridge_elo_bivpois","elo_goal_nb","open_core","updating","rps","regulation_1x2","team_attack|team_defence|venue|elo_diff|bivariate_poisson","d0f4469931258b3cbf0324b3e72519d44bc09c77e9776dc11ef58a87854f58ec","leave_one_tournament_out","","euro2024","",,,0.00196600639572977,,,,,,,,"bcdc7ac0fbd7ac7aa59902f6bc0c3b7c78ea4d6bc41006eb15ac5aa0ad9a567b"
"poisson_team_ridge_elo_bivpois","elo_goal_nb","open_core","updating","rps","regulation_1x2","team_attack|team_defence|venue|elo_diff|bivariate_poisson","d0f4469931258b3cbf0324b3e72519d44bc09c77e9776dc11ef58a87854f58ec","fold_breadth","","","",,,,,,,4,2,2,0.00576045790507155,"bcdc7ac0fbd7ac7aa59902f6bc0c3b7c78ea4d6bc41006eb15ac5aa0ad9a567b"
"poisson_team_ridge_elo_bivpois","elo_goal_nb","open_core","frozen","rps","regulation_1x2","team_attack|team_defence|venue|elo_diff|bivariate_poisson","d0f4469931258b3cbf0324b3e72519d44bc09c77e9776dc11ef58a87854f58ec","fold_breadth","","","",,,,,,,10,5,5,0.00151670432799244,"bcdc7ac0fbd7ac7aa59902f6bc0c3b7c78ea4d6bc41006eb15ac5aa0ad9a567b"
"poisson_team_ridge_elo_bivpois","expanding_1x2","open_core","frozen","rps","regulation_1x2","team_attack|team_defence|venue|elo_diff|bivariate_poisson","d0f4469931258b3cbf0324b3e72519d44bc09c77e9776dc11ef58a87854f58ec","leave_one_tournament_out","","euro2008","",,,-0.0168471174202347,,,,,,,,"bcdc7ac0fbd7ac7aa59902f6bc0c3b7c78ea4d6bc41006eb15ac5aa0ad9a567b"
"poisson_team_ridge_elo_bivpois","expanding_1x2","open_core","frozen","rps","regulation_1x2","team_attack|team_defence|venue|elo_diff|bivariate_poisson","d0f4469931258b3cbf0324b3e72519d44bc09c77e9776dc11ef58a87854f58ec","leave_one_tournament_out","","euro2024","",,,-0.0174179191001686,,,,,,,,"bcdc7ac0fbd7ac7aa59902f6bc0c3b7c78ea4d6bc41006eb15ac5aa0ad9a567b"
"poisson_team_ridge_elo_bivpois","expanding_1x2","open_core","frozen","rps","regulation_1x2","team_attack|team_defence|venue|elo_diff|bivariate_poisson","d0f4469931258b3cbf0324b3e72519d44bc09c77e9776dc11ef58a87854f58ec","leave_one_tournament_out","","euro2020","",,,-0.0174365138977354,,,,,,,,"bcdc7ac0fbd7ac7aa59902f6bc0c3b7c78ea4d6bc41006eb15ac5aa0ad9a567b"
"poisson_team_ridge_elo_bivpois","expanding_1x2","open_core","frozen","rps","regulation_1x2","team_attack|team_defence|venue|elo_diff|bivariate_poisson","d0f4469931258b3cbf0324b3e72519d44bc09c77e9776dc11ef58a87854f58ec","leave_one_tournament_out","","wc2018","",,,-0.0175832045688067,,,,,,,,"bcdc7ac0fbd7ac7aa59902f6bc0c3b7c78ea4d6bc41006eb15ac5aa0ad9a567b"
"poisson_team_ridge_elo_bivpois","expanding_1x2","open_core","frozen","rps","regulation_1x2","team_attack|team_defence|venue|elo_diff|bivariate_poisson","d0f4469931258b3cbf0324b3e72519d44bc09c77e9776dc11ef58a87854f58ec","tournament_bootstrap","","","",,,-0.0182425372546701,,-0.0229586956707629,-0.013644295826663,,,,,"bcdc7ac0fbd7ac7aa59902f6bc0c3b7c78ea4d6bc41006eb15ac5aa0ad9a567b"
"poisson_team_ridge_elo_bivpois","expanding_1x2","open_core","frozen","rps","regulation_1x2","team_attack|team_defence|venue|elo_diff|bivariate_poisson","d0f4469931258b3cbf0324b3e72519d44bc09c77e9776dc11ef58a87854f58ec","leave_one_tournament_out","","euro2004","",,,-0.0182791221777616,,,,,,,,"bcdc7ac0fbd7ac7aa59902f6bc0c3b7c78ea4d6bc41006eb15ac5aa0ad9a567b"
"poisson_team_ridge_elo_bivpois","expanding_1x2","open_core","frozen","rps","regulation_1x2","team_attack|team_defence|venue|elo_diff|bivariate_poisson","d0f4469931258b3cbf0324b3e72519d44bc09c77e9776dc11ef58a87854f58ec","leave_one_tournament_out","","wc2010","",,,-0.0182874926564422,,,,,,,,"bcdc7ac0fbd7ac7aa59902f6bc0c3b7c78ea4d6bc41006eb15ac5aa0ad9a567b"
"poisson_team_ridge_elo_bivpois","expanding_1x2","open_core","frozen","rps","regulation_1x2","team_attack|team_defence|venue|elo_diff|bivariate_poisson","d0f4469931258b3cbf0324b3e72519d44bc09c77e9776dc11ef58a87854f58ec","leave_one_tournament_out","","wc2014","",,,-0.0184514092373992,,,,,,,,"bcdc7ac0fbd7ac7aa59902f6bc0c3b7c78ea4d6bc41006eb15ac5aa0ad9a567b"
"poisson_team_ridge_elo_bivpois","expanding_1x2","open_core","frozen","rps","regulation_1x2","team_attack|team_defence|venue|elo_diff|bivariate_poisson","d0f4469931258b3cbf0324b3e72519d44bc09c77e9776dc11ef58a87854f58ec","leave_one_tournament_out","","euro2012","",,,-0.0184819779136336,,,,,,,,"bcdc7ac0fbd7ac7aa59902f6bc0c3b7c78ea4d6bc41006eb15ac5aa0ad9a567b"
"poisson_team_ridge_elo_bivpois","expanding_1x2","open_core","frozen","rps","regulation_1x2","team_attack|team_defence|venue|elo_diff|bivariate_poisson","d0f4469931258b3cbf0324b3e72519d44bc09c77e9776dc11ef58a87854f58ec","leave_one_tournament_out","","euro2016","",,,-0.0184961239418579,,,,,,,,"bcdc7ac0fbd7ac7aa59902f6bc0c3b7c78ea4d6bc41006eb15ac5aa0ad9a567b"
"poisson_team_ridge_elo_bivpois","expanding_1x2","open_core","frozen","rps","regulation_1x2","team_attack|team_defence|venue|elo_diff|bivariate_poisson","d0f4469931258b3cbf0324b3e72519d44bc09c77e9776dc11ef58a87854f58ec","leave_one_tournament_out","","wc2006","",,,-0.0188811104065549,,,,,,,,"bcdc7ac0fbd7ac7aa59902f6bc0c3b7c78ea4d6bc41006eb15ac5aa0ad9a567b"
"poisson_team_ridge_elo_bivpois","expanding_1x2","open_core","frozen","rps","regulation_1x2","team_attack|team_defence|venue|elo_diff|bivariate_poisson","d0f4469931258b3cbf0324b3e72519d44bc09c77e9776dc11ef58a87854f58ec","leave_one_tournament_out","","wc2022","",,,-0.0193249332921043,,,,,,,,"bcdc7ac0fbd7ac7aa59902f6bc0c3b7c78ea4d6bc41006eb15ac5aa0ad9a567b"
"poisson_team_ridge_elo_bivpois","expanding_1x2","open_core","frozen","rps","regulation_1x2","team_attack|team_defence|venue|elo_diff|bivariate_poisson","d0f4469931258b3cbf0324b3e72519d44bc09c77e9776dc11ef58a87854f58ec","leave_one_tournament_out","","wc2002","",,,-0.0194235224433424,,,,,,,,"bcdc7ac0fbd7ac7aa59902f6bc0c3b7c78ea4d6bc41006eb15ac5aa0ad9a567b"
"poisson_team_ridge_elo_bivpois","expanding_1x2","open_core","updating","rps","regulation_1x2","team_attack|team_defence|venue|elo_diff|bivariate_poisson","d0f4469931258b3cbf0324b3e72519d44bc09c77e9776dc11ef58a87854f58ec","leave_one_tournament_out","","euro2008","",,,-0.0294629872737918,,,,,,,,"bcdc7ac0fbd7ac7aa59902f6bc0c3b7c78ea4d6bc41006eb15ac5aa0ad9a567b"
"poisson_team_ridge_elo_bivpois","expanding_1x2","open_core","updating","rps","regulation_1x2","team_attack|team_defence|venue|elo_diff|bivariate_poisson","d0f4469931258b3cbf0324b3e72519d44bc09c77e9776dc11ef58a87854f58ec","leave_one_tournament_out","","wc2018","",,,-0.029614903821761,,,,,,,,"bcdc7ac0fbd7ac7aa59902f6bc0c3b7c78ea4d6bc41006eb15ac5aa0ad9a567b"
"poisson_team_ridge_elo_bivpois","expanding_1x2","open_core","updating","rps","regulation_1x2","team_attack|team_defence|venue|elo_diff|bivariate_poisson","d0f4469931258b3cbf0324b3e72519d44bc09c77e9776dc11ef58a87854f58ec","leave_one_tournament_out","","wc2010","",,,-0.0299396747324687,,,,,,,,"bcdc7ac0fbd7ac7aa59902f6bc0c3b7c78ea4d6bc41006eb15ac5aa0ad9a567b"
"poisson_team_ridge_elo_bivpois","expanding_1x2","open_core","updating","rps","regulation_1x2","team_attack|team_defence|venue|elo_diff|bivariate_poisson","d0f4469931258b3cbf0324b3e72519d44bc09c77e9776dc11ef58a87854f58ec","leave_one_tournament_out","","euro2020","",,,-0.0305534974604681,,,,,,,,"bcdc7ac0fbd7ac7aa59902f6bc0c3b7c78ea4d6bc41006eb15ac5aa0ad9a567b"
"poisson_team_ridge_elo_bivpois","expanding_1x2","open_core","updating","rps","regulation_1x2","team_attack|team_defence|venue|elo_diff|bivariate_poisson","d0f4469931258b3cbf0324b3e72519d44bc09c77e9776dc11ef58a87854f58ec","leave_one_tournament_out","","wc2006","",,,-0.0305681354139272,,,,,,,,"bcdc7ac0fbd7ac7aa59902f6bc0c3b7c78ea4d6bc41006eb15ac5aa0ad9a567b"
"poisson_team_ridge_elo_bivpois","expanding_1x2","open_core","updating","rps","regulation_1x2","team_attack|team_defence|venue|elo_diff|bivariate_poisson","d0f4469931258b3cbf0324b3e72519d44bc09c77e9776dc11ef58a87854f58ec","leave_one_tournament_out","","euro2024","",,,-0.0312648467176034,,,,,,,,"bcdc7ac0fbd7ac7aa59902f6bc0c3b7c78ea4d6bc41006eb15ac5aa0ad9a567b"
"poisson_team_ridge_elo_bivpois","expanding_1x2","open_core","updating","rps","regulation_1x2","team_attack|team_defence|venue|elo_diff|bivariate_poisson","d0f4469931258b3cbf0324b3e72519d44bc09c77e9776dc11ef58a87854f58ec","tournament_bootstrap","","","",,,-0.0312655033615756,,-0.038792396008562,-0.0237243703037256,,,,,"bcdc7ac0fbd7ac7aa59902f6bc0c3b7c78ea4d6bc41006eb15ac5aa0ad9a567b"
"poisson_team_ridge_elo_bivpois","expanding_1x2","open_core","updating","rps","regulation_1x2","team_attack|team_defence|venue|elo_diff|bivariate_poisson","d0f4469931258b3cbf0324b3e72519d44bc09c77e9776dc11ef58a87854f58ec","leave_one_tournament_out","","euro2012","",,,-0.0312812677868085,,,,,,,,"bcdc7ac0fbd7ac7aa59902f6bc0c3b7c78ea4d6bc41006eb15ac5aa0ad9a567b"
"poisson_team_ridge_elo_bivpois","expanding_1x2","open_core","updating","rps","regulation_1x2","team_attack|team_defence|venue|elo_diff|bivariate_poisson","d0f4469931258b3cbf0324b3e72519d44bc09c77e9776dc11ef58a87854f58ec","leave_one_tournament_out","","wc2014","",,,-0.0317305957050994,,,,,,,,"bcdc7ac0fbd7ac7aa59902f6bc0c3b7c78ea4d6bc41006eb15ac5aa0ad9a567b"
"poisson_team_ridge_elo_bivpois","expanding_1x2","open_core","updating","rps","regulation_1x2","team_attack|team_defence|venue|elo_diff|bivariate_poisson","d0f4469931258b3cbf0324b3e72519d44bc09c77e9776dc11ef58a87854f58ec","leave_one_tournament_out","","euro2004","",,,-0.0321926752770989,,,,,,,,"bcdc7ac0fbd7ac7aa59902f6bc0c3b7c78ea4d6bc41006eb15ac5aa0ad9a567b"
"poisson_team_ridge_elo_bivpois","expanding_1x2","open_core","updating","rps","regulation_1x2","team_attack|team_defence|venue|elo_diff|bivariate_poisson","d0f4469931258b3cbf0324b3e72519d44bc09c77e9776dc11ef58a87854f58ec","leave_one_tournament_out","","wc2022","",,,-0.0325279611296209,,,,,,,,"bcdc7ac0fbd7ac7aa59902f6bc0c3b7c78ea4d6bc41006eb15ac5aa0ad9a567b"
"poisson_team_ridge_elo_bivpois","expanding_1x2","open_core","updating","rps","regulation_1x2","team_attack|team_defence|venue|elo_diff|bivariate_poisson","d0f4469931258b3cbf0324b3e72519d44bc09c77e9776dc11ef58a87854f58ec","leave_one_tournament_out","","wc2002","",,,-0.032924971643191,,,,,,,,"bcdc7ac0fbd7ac7aa59902f6bc0c3b7c78ea4d6bc41006eb15ac5aa0ad9a567b"
"poisson_team_ridge_elo_bivpois","expanding_1x2","open_core","updating","rps","regulation_1x2","team_attack|team_defence|venue|elo_diff|bivariate_poisson","d0f4469931258b3cbf0324b3e72519d44bc09c77e9776dc11ef58a87854f58ec","leave_one_tournament_out","","euro2016","",,,-0.0331245233770685,,,,,,,,"bcdc7ac0fbd7ac7aa59902f6bc0c3b7c78ea4d6bc41006eb15ac5aa0ad9a567b"
"poisson_team_ridge_elo_bivpois","expanding_1x2","open_core","frozen","rps","regulation_1x2","team_attack|team_defence|venue|elo_diff|bivariate_poisson","d0f4469931258b3cbf0324b3e72519d44bc09c77e9776dc11ef58a87854f58ec","fold_breadth","","","",,,,,,,12,6,6,0,"bcdc7ac0fbd7ac7aa59902f6bc0c3b7c78ea4d6bc41006eb15ac5aa0ad9a567b"
"poisson_team_ridge_elo_bivpois","expanding_1x2","open_core","updating","rps","regulation_1x2","team_attack|team_defence|venue|elo_diff|bivariate_poisson","d0f4469931258b3cbf0324b3e72519d44bc09c77e9776dc11ef58a87854f58ec","fold_breadth","","","",,,,,,,12,6,6,0,"bcdc7ac0fbd7ac7aa59902f6bc0c3b7c78ea4d6bc41006eb15ac5aa0ad9a567b"
"poisson_team_ridge_elo_bivpois","open_nb_incumbent","open_core","updating","rps","regulation_1x2","team_attack|team_defence|venue|elo_diff|bivariate_poisson","d0f4469931258b3cbf0324b3e72519d44bc09c77e9776dc11ef58a87854f58ec","leave_one_tournament_out","","wc2014","",,,-0.000227141375650409,,,,,,,,"bcdc7ac0fbd7ac7aa59902f6bc0c3b7c78ea4d6bc41006eb15ac5aa0ad9a567b"
"poisson_team_ridge_elo_bivpois","open_nb_incumbent","open_core","updating","rps","regulation_1x2","team_attack|team_defence|venue|elo_diff|bivariate_poisson","d0f4469931258b3cbf0324b3e72519d44bc09c77e9776dc11ef58a87854f58ec","leave_one_tournament_out","","euro2020","",,,-0.000239387689149458,,,,,,,,"bcdc7ac0fbd7ac7aa59902f6bc0c3b7c78ea4d6bc41006eb15ac5aa0ad9a567b"
"poisson_team_ridge_elo_bivpois","open_nb_incumbent","open_core","updating","rps","regulation_1x2","team_attack|team_defence|venue|elo_diff|bivariate_poisson","d0f4469931258b3cbf0324b3e72519d44bc09c77e9776dc11ef58a87854f58ec","leave_one_tournament_out","","euro2004","",,,-0.000397295477893155,,,,,,,,"bcdc7ac0fbd7ac7aa59902f6bc0c3b7c78ea4d6bc41006eb15ac5aa0ad9a567b"
"poisson_team_ridge_elo_bivpois","open_nb_incumbent","open_core","updating","rps","regulation_1x2","team_attack|team_defence|venue|elo_diff|bivariate_poisson","d0f4469931258b3cbf0324b3e72519d44bc09c77e9776dc11ef58a87854f58ec","leave_one_tournament_out","","wc2006","",,,-0.000488612024322207,,,,,,,,"bcdc7ac0fbd7ac7aa59902f6bc0c3b7c78ea4d6bc41006eb15ac5aa0ad9a567b"
"poisson_team_ridge_elo_bivpois","open_nb_incumbent","open_core","updating","rps","regulation_1x2","team_attack|team_defence|venue|elo_diff|bivariate_poisson","d0f4469931258b3cbf0324b3e72519d44bc09c77e9776dc11ef58a87854f58ec","leave_one_tournament_out","","wc2022","",,,-0.000652847523866666,,,,,,,,"bcdc7ac0fbd7ac7aa59902f6bc0c3b7c78ea4d6bc41006eb15ac5aa0ad9a567b"
"poisson_team_ridge_elo_bivpois","open_nb_incumbent","open_core","frozen","rps","regulation_1x2","team_attack|team_defence|venue|elo_diff|bivariate_poisson","d0f4469931258b3cbf0324b3e72519d44bc09c77e9776dc11ef58a87854f58ec","leave_one_tournament_out","","euro2020","",,,-0.00542027202982487,,,,,,,,"bcdc7ac0fbd7ac7aa59902f6bc0c3b7c78ea4d6bc41006eb15ac5aa0ad9a567b"
"poisson_team_ridge_elo_bivpois","open_nb_incumbent","open_core","frozen","rps","regulation_1x2","team_attack|team_defence|venue|elo_diff|bivariate_poisson","d0f4469931258b3cbf0324b3e72519d44bc09c77e9776dc11ef58a87854f58ec","leave_one_tournament_out","","euro2024","",,,-0.00587952855082551,,,,,,,,"bcdc7ac0fbd7ac7aa59902f6bc0c3b7c78ea4d6bc41006eb15ac5aa0ad9a567b"
"poisson_team_ridge_elo_bivpois","open_nb_incumbent","open_core","frozen","rps","regulation_1x2","team_attack|team_defence|venue|elo_diff|bivariate_poisson","d0f4469931258b3cbf0324b3e72519d44bc09c77e9776dc11ef58a87854f58ec","leave_one_tournament_out","","wc2010","",,,-0.0059549782854088,,,,,,,,"bcdc7ac0fbd7ac7aa59902f6bc0c3b7c78ea4d6bc41006eb15ac5aa0ad9a567b"
"poisson_team_ridge_elo_bivpois","open_nb_incumbent","open_core","frozen","rps","regulation_1x2","team_attack|team_defence|venue|elo_diff|bivariate_poisson","d0f4469931258b3cbf0324b3e72519d44bc09c77e9776dc11ef58a87854f58ec","leave_one_tournament_out","","wc2018","",,,-0.00600586114340863,,,,,,,,"bcdc7ac0fbd7ac7aa59902f6bc0c3b7c78ea4d6bc41006eb15ac5aa0ad9a567b"
"poisson_team_ridge_elo_bivpois","open_nb_incumbent","open_core","frozen","rps","regulation_1x2","team_attack|team_defence|venue|elo_diff|bivariate_poisson","d0f4469931258b3cbf0324b3e72519d44bc09c77e9776dc11ef58a87854f58ec","leave_one_tournament_out","","euro2012","",,,-0.00604070093234607,,,,,,,,"bcdc7ac0fbd7ac7aa59902f6bc0c3b7c78ea4d6bc41006eb15ac5aa0ad9a567b"
"poisson_team_ridge_elo_bivpois","open_nb_incumbent","open_core","frozen","rps","regulation_1x2","team_attack|team_defence|venue|elo_diff|bivariate_poisson","d0f4469931258b3cbf0324b3e72519d44bc09c77e9776dc11ef58a87854f58ec","leave_one_tournament_out","","euro2016","",,,-0.00614313929030796,,,,,,,,"bcdc7ac0fbd7ac7aa59902f6bc0c3b7c78ea4d6bc41006eb15ac5aa0ad9a567b"
"poisson_team_ridge_elo_bivpois","open_nb_incumbent","open_core","frozen","rps","regulation_1x2","team_attack|team_defence|venue|elo_diff|bivariate_poisson","d0f4469931258b3cbf0324b3e72519d44bc09c77e9776dc11ef58a87854f58ec","tournament_bootstrap","","","",,,-0.00633848364203612,,-0.00936115092656167,-0.00325338993223366,,,,,"bcdc7ac0fbd7ac7aa59902f6bc0c3b7c78ea4d6bc41006eb15ac5aa0ad9a567b"
"poisson_team_ridge_elo_bivpois","open_nb_incumbent","open_core","frozen","rps","regulation_1x2","team_attack|team_defence|venue|elo_diff|bivariate_poisson","d0f4469931258b3cbf0324b3e72519d44bc09c77e9776dc11ef58a87854f58ec","leave_one_tournament_out","","euro2008","",,,-0.00647177435108639,,,,,,,,"bcdc7ac0fbd7ac7aa59902f6bc0c3b7c78ea4d6bc41006eb15ac5aa0ad9a567b"
"poisson_team_ridge_elo_bivpois","open_nb_incumbent","open_core","frozen","rps","regulation_1x2","team_attack|team_defence|venue|elo_diff|bivariate_poisson","d0f4469931258b3cbf0324b3e72519d44bc09c77e9776dc11ef58a87854f58ec","leave_one_tournament_out","","wc2014","",,,-0.00655607595936093,,,,,,,,"bcdc7ac0fbd7ac7aa59902f6bc0c3b7c78ea4d6bc41006eb15ac5aa0ad9a567b"
"poisson_team_ridge_elo_bivpois","open_nb_incumbent","open_core","frozen","rps","regulation_1x2","team_attack|team_defence|venue|elo_diff|bivariate_poisson","d0f4469931258b3cbf0324b3e72519d44bc09c77e9776dc11ef58a87854f58ec","leave_one_tournament_out","","euro2004","",,,-0.00656256704476121,,,,,,,,"bcdc7ac0fbd7ac7aa59902f6bc0c3b7c78ea4d6bc41006eb15ac5aa0ad9a567b"
"poisson_team_ridge_elo_bivpois","open_nb_incumbent","open_core","frozen","rps","regulation_1x2","team_attack|team_defence|venue|elo_diff|bivariate_poisson","d0f4469931258b3cbf0324b3e72519d44bc09c77e9776dc11ef58a87854f58ec","leave_one_tournament_out","","wc2006","",,,-0.00687776528262815,,,,,,,,"bcdc7ac0fbd7ac7aa59902f6bc0c3b7c78ea4d6bc41006eb15ac5aa0ad9a567b"
"poisson_team_ridge_elo_bivpois","open_nb_incumbent","open_core","frozen","rps","regulation_1x2","team_attack|team_defence|venue|elo_diff|bivariate_poisson","d0f4469931258b3cbf0324b3e72519d44bc09c77e9776dc11ef58a87854f58ec","leave_one_tournament_out","","wc2002","",,,-0.00697461961821817,,,,,,,,"bcdc7ac0fbd7ac7aa59902f6bc0c3b7c78ea4d6bc41006eb15ac5aa0ad9a567b"
"poisson_team_ridge_elo_bivpois","open_nb_incumbent","open_core","frozen","rps","regulation_1x2","team_attack|team_defence|venue|elo_diff|bivariate_poisson","d0f4469931258b3cbf0324b3e72519d44bc09c77e9776dc11ef58a87854f58ec","leave_one_tournament_out","","wc2022","",,,-0.00717452121625671,,,,,,,,"bcdc7ac0fbd7ac7aa59902f6bc0c3b7c78ea4d6bc41006eb15ac5aa0ad9a567b"
"poisson_team_ridge_elo_bivpois","open_nb_incumbent","open_core","updating","rps","regulation_1x2","team_attack|team_defence|venue|elo_diff|bivariate_poisson","d0f4469931258b3cbf0324b3e72519d44bc09c77e9776dc11ef58a87854f58ec","leave_one_tournament_out","","wc2002","",,,-1.58276867350929e-05,,,,,,,,"bcdc7ac0fbd7ac7aa59902f6bc0c3b7c78ea4d6bc41006eb15ac5aa0ad9a567b"
"poisson_team_ridge_elo_bivpois","open_nb_incumbent","open_core","updating","rps","regulation_1x2","team_attack|team_defence|venue|elo_diff|bivariate_poisson","d0f4469931258b3cbf0324b3e72519d44bc09c77e9776dc11ef58a87854f58ec","leave_one_tournament_out","","euro2008","",,,-2.70648417125624e-05,,,,,,,,"bcdc7ac0fbd7ac7aa59902f6bc0c3b7c78ea4d6bc41006eb15ac5aa0ad9a567b"
"poisson_team_ridge_elo_bivpois","open_nb_incumbent","open_core","updating","rps","regulation_1x2","team_attack|team_defence|venue|elo_diff|bivariate_poisson","d0f4469931258b3cbf0324b3e72519d44bc09c77e9776dc11ef58a87854f58ec","tournament_bootstrap","","","",,,-4.88488076146275e-05,,-0.00215998751166715,0.00210092109124154,,,,,"bcdc7ac0fbd7ac7aa59902f6bc0c3b7c78ea4d6bc41006eb15ac5aa0ad9a567b"
"poisson_team_ridge_elo_bivpois","open_nb_incumbent","open_core","updating","rps","regulation_1x2","team_attack|team_defence|venue|elo_diff|bivariate_poisson","d0f4469931258b3cbf0324b3e72519d44bc09c77e9776dc11ef58a87854f58ec","leave_one_tournament_out","","euro2016","",,,0.000257361028173874,,,,,,,,"bcdc7ac0fbd7ac7aa59902f6bc0c3b7c78ea4d6bc41006eb15ac5aa0ad9a567b"
"poisson_team_ridge_elo_bivpois","open_nb_incumbent","open_core","updating","rps","regulation_1x2","team_attack|team_defence|venue|elo_diff|bivariate_poisson","d0f4469931258b3cbf0324b3e72519d44bc09c77e9776dc11ef58a87854f58ec","leave_one_tournament_out","","wc2018","",,,0.000300859417904706,,,,,,,,"bcdc7ac0fbd7ac7aa59902f6bc0c3b7c78ea4d6bc41006eb15ac5aa0ad9a567b"
"poisson_team_ridge_elo_bivpois","open_nb_incumbent","open_core","updating","rps","regulation_1x2","team_attack|team_defence|venue|elo_diff|bivariate_poisson","d0f4469931258b3cbf0324b3e72519d44bc09c77e9776dc11ef58a87854f58ec","leave_one_tournament_out","","euro2012","",,,0.000350116084072927,,,,,,,,"bcdc7ac0fbd7ac7aa59902f6bc0c3b7c78ea4d6bc41006eb15ac5aa0ad9a567b"
"poisson_team_ridge_elo_bivpois","open_nb_incumbent","open_core","updating","rps","regulation_1x2","team_attack|team_defence|venue|elo_diff|bivariate_poisson","d0f4469931258b3cbf0324b3e72519d44bc09c77e9776dc11ef58a87854f58ec","leave_one_tournament_out","","euro2024","",,,0.000477850032213407,,,,,,,,"bcdc7ac0fbd7ac7aa59902f6bc0c3b7c78ea4d6bc41006eb15ac5aa0ad9a567b"
"poisson_team_ridge_elo_bivpois","open_nb_incumbent","open_core","updating","rps","regulation_1x2","team_attack|team_defence|venue|elo_diff|bivariate_poisson","d0f4469931258b3cbf0324b3e72519d44bc09c77e9776dc11ef58a87854f58ec","leave_one_tournament_out","","wc2010","",,,7.58043655891068e-05,,,,,,,,"bcdc7ac0fbd7ac7aa59902f6bc0c3b7c78ea4d6bc41006eb15ac5aa0ad9a567b"
"poisson_team_ridge_elo_bivpois","open_nb_incumbent","open_core","updating","rps","regulation_1x2","team_attack|team_defence|venue|elo_diff|bivariate_poisson","d0f4469931258b3cbf0324b3e72519d44bc09c77e9776dc11ef58a87854f58ec","fold_breadth","","","",,,,,,,7,3,4,0.00659513707115779,"bcdc7ac0fbd7ac7aa59902f6bc0c3b7c78ea4d6bc41006eb15ac5aa0ad9a567b"
"poisson_team_ridge_elo_bivpois","open_nb_incumbent","open_core","frozen","rps","regulation_1x2","team_attack|team_defence|venue|elo_diff|bivariate_poisson","d0f4469931258b3cbf0324b3e72519d44bc09c77e9776dc11ef58a87854f58ec","fold_breadth","","","",,,,,,,10,4,6,0.00285792967439043,"bcdc7ac0fbd7ac7aa59902f6bc0c3b7c78ea4d6bc41006eb15ac5aa0ad9a567b"
"poisson_team_ridge_elo_bivpois","production_hybrid_nb","feature_rich","updating","rps","regulation_1x2","team_attack|team_defence|venue|elo_diff|bivariate_poisson","d0f4469931258b3cbf0324b3e72519d44bc09c77e9776dc11ef58a87854f58ec","leave_one_tournament_out","","euro2004","",,,-0.000116969755113616,,,,,,,,"bcdc7ac0fbd7ac7aa59902f6bc0c3b7c78ea4d6bc41006eb15ac5aa0ad9a567b"
"poisson_team_ridge_elo_bivpois","production_hybrid_nb","feature_rich","updating","rps","regulation_1x2","team_attack|team_defence|venue|elo_diff|bivariate_poisson","d0f4469931258b3cbf0324b3e72519d44bc09c77e9776dc11ef58a87854f58ec","leave_one_tournament_out","","wc2022","",,,-0.000182901228299558,,,,,,,,"bcdc7ac0fbd7ac7aa59902f6bc0c3b7c78ea4d6bc41006eb15ac5aa0ad9a567b"
"poisson_team_ridge_elo_bivpois","production_hybrid_nb","feature_rich","frozen","rps","regulation_1x2","team_attack|team_defence|venue|elo_diff|bivariate_poisson","d0f4469931258b3cbf0324b3e72519d44bc09c77e9776dc11ef58a87854f58ec","leave_one_tournament_out","","wc2010","",,,-0.00027158624900926,,,,,,,,"bcdc7ac0fbd7ac7aa59902f6bc0c3b7c78ea4d6bc41006eb15ac5aa0ad9a567b"
"poisson_team_ridge_elo_bivpois","production_hybrid_nb","feature_rich","frozen","rps","regulation_1x2","team_attack|team_defence|venue|elo_diff|bivariate_poisson","d0f4469931258b3cbf0324b3e72519d44bc09c77e9776dc11ef58a87854f58ec","leave_one_tournament_out","","euro2024","",,,-0.000606146308846548,,,,,,,,"bcdc7ac0fbd7ac7aa59902f6bc0c3b7c78ea4d6bc41006eb15ac5aa0ad9a567b"
"poisson_team_ridge_elo_bivpois","production_hybrid_nb","feature_rich","updating","rps","regulation_1x2","team_attack|team_defence|venue|elo_diff|bivariate_poisson","d0f4469931258b3cbf0324b3e72519d44bc09c77e9776dc11ef58a87854f58ec","leave_one_tournament_out","","wc2002","",,,-0.000743171738942398,,,,,,,,"bcdc7ac0fbd7ac7aa59902f6bc0c3b7c78ea4d6bc41006eb15ac5aa0ad9a567b"
"poisson_team_ridge_elo_bivpois","production_hybrid_nb","feature_rich","frozen","rps","regulation_1x2","team_attack|team_defence|venue|elo_diff|bivariate_poisson","d0f4469931258b3cbf0324b3e72519d44bc09c77e9776dc11ef58a87854f58ec","leave_one_tournament_out","","euro2016","",,,-0.000747611702920731,,,,,,,,"bcdc7ac0fbd7ac7aa59902f6bc0c3b7c78ea4d6bc41006eb15ac5aa0ad9a567b"
"poisson_team_ridge_elo_bivpois","production_hybrid_nb","feature_rich","frozen","rps","regulation_1x2","team_attack|team_defence|venue|elo_diff|bivariate_poisson","d0f4469931258b3cbf0324b3e72519d44bc09c77e9776dc11ef58a87854f58ec","leave_one_tournament_out","","wc2018","",,,-0.000928062764771356,,,,,,,,"bcdc7ac0fbd7ac7aa59902f6bc0c3b7c78ea4d6bc41006eb15ac5aa0ad9a567b"
"poisson_team_ridge_elo_bivpois","production_hybrid_nb","feature_rich","updating","rps","regulation_1x2","team_attack|team_defence|venue|elo_diff|bivariate_poisson","d0f4469931258b3cbf0324b3e72519d44bc09c77e9776dc11ef58a87854f58ec","leave_one_tournament_out","","wc2006","",,,-0.00101810880267,,,,,,,,"bcdc7ac0fbd7ac7aa59902f6bc0c3b7c78ea4d6bc41006eb15ac5aa0ad9a567b"
"poisson_team_ridge_elo_bivpois","production_hybrid_nb","feature_rich","frozen","rps","regulation_1x2","team_attack|team_defence|venue|elo_diff|bivariate_poisson","d0f4469931258b3cbf0324b3e72519d44bc09c77e9776dc11ef58a87854f58ec","tournament_bootstrap","","","",,,-0.00107260464419416,,-0.00600203685652151,0.0042120684625764,,,,,"bcdc7ac0fbd7ac7aa59902f6bc0c3b7c78ea4d6bc41006eb15ac5aa0ad9a567b"
"poisson_team_ridge_elo_bivpois","production_hybrid_nb","feature_rich","frozen","rps","regulation_1x2","team_attack|team_defence|venue|elo_diff|bivariate_poisson","d0f4469931258b3cbf0324b3e72519d44bc09c77e9776dc11ef58a87854f58ec","leave_one_tournament_out","","euro2008","",,,-0.00118729149063074,,,,,,,,"bcdc7ac0fbd7ac7aa59902f6bc0c3b7c78ea4d6bc41006eb15ac5aa0ad9a567b"
"poisson_team_ridge_elo_bivpois","production_hybrid_nb","feature_rich","frozen","rps","regulation_1x2","team_attack|team_defence|venue|elo_diff|bivariate_poisson","d0f4469931258b3cbf0324b3e72519d44bc09c77e9776dc11ef58a87854f58ec","leave_one_tournament_out","","wc2014","",,,-0.00126296438163151,,,,,,,,"bcdc7ac0fbd7ac7aa59902f6bc0c3b7c78ea4d6bc41006eb15ac5aa0ad9a567b"
"poisson_team_ridge_elo_bivpois","production_hybrid_nb","feature_rich","frozen","rps","regulation_1x2","team_attack|team_defence|venue|elo_diff|bivariate_poisson","d0f4469931258b3cbf0324b3e72519d44bc09c77e9776dc11ef58a87854f58ec","leave_one_tournament_out","","euro2004","",,,-0.00129375582029571,,,,,,,,"bcdc7ac0fbd7ac7aa59902f6bc0c3b7c78ea4d6bc41006eb15ac5aa0ad9a567b"
"poisson_team_ridge_elo_bivpois","production_hybrid_nb","feature_rich","frozen","rps","regulation_1x2","team_attack|team_defence|venue|elo_diff|bivariate_poisson","d0f4469931258b3cbf0324b3e72519d44bc09c77e9776dc11ef58a87854f58ec","leave_one_tournament_out","","wc2022","",,,-0.00172191374682901,,,,,,,,"bcdc7ac0fbd7ac7aa59902f6bc0c3b7c78ea4d6bc41006eb15ac5aa0ad9a567b"
"poisson_team_ridge_elo_bivpois","production_hybrid_nb","feature_rich","frozen","rps","regulation_1x2","team_attack|team_defence|venue|elo_diff|bivariate_poisson","d0f4469931258b3cbf0324b3e72519d44bc09c77e9776dc11ef58a87854f58ec","leave_one_tournament_out","","wc2002","",,,-0.0023568168810621,,,,,,,,"bcdc7ac0fbd7ac7aa59902f6bc0c3b7c78ea4d6bc41006eb15ac5aa0ad9a567b"
"poisson_team_ridge_elo_bivpois","production_hybrid_nb","feature_rich","frozen","rps","regulation_1x2","team_attack|team_defence|venue|elo_diff|bivariate_poisson","d0f4469931258b3cbf0324b3e72519d44bc09c77e9776dc11ef58a87854f58ec","leave_one_tournament_out","","wc2006","",,,-0.00263110081103027,,,,,,,,"bcdc7ac0fbd7ac7aa59902f6bc0c3b7c78ea4d6bc41006eb15ac5aa0ad9a567b"
"poisson_team_ridge_elo_bivpois","production_hybrid_nb","feature_rich","frozen","rps","regulation_1x2","team_attack|team_defence|venue|elo_diff|bivariate_poisson","d0f4469931258b3cbf0324b3e72519d44bc09c77e9776dc11ef58a87854f58ec","leave_one_tournament_out","","euro2012","",,,0.000127131092756078,,,,,,,,"bcdc7ac0fbd7ac7aa59902f6bc0c3b7c78ea4d6bc41006eb15ac5aa0ad9a567b"
"poisson_team_ridge_elo_bivpois","production_hybrid_nb","feature_rich","updating","rps","regulation_1x2","team_attack|team_defence|venue|elo_diff|bivariate_poisson","d0f4469931258b3cbf0324b3e72519d44bc09c77e9776dc11ef58a87854f58ec","tournament_bootstrap","","","",,,0.000340366087452079,,-0.0037307729021045,0.00478596324848961,,,,,"bcdc7ac0fbd7ac7aa59902f6bc0c3b7c78ea4d6bc41006eb15ac5aa0ad9a567b"
"poisson_team_ridge_elo_bivpois","production_hybrid_nb","feature_rich","updating","rps","regulation_1x2","team_attack|team_defence|venue|elo_diff|bivariate_poisson","d0f4469931258b3cbf0324b3e72519d44bc09c77e9776dc11ef58a87854f58ec","leave_one_tournament_out","","euro2020","",,,0.000383903006144999,,,,,,,,"bcdc7ac0fbd7ac7aa59902f6bc0c3b7c78ea4d6bc41006eb15ac5aa0ad9a567b"
"poisson_team_ridge_elo_bivpois","production_hybrid_nb","feature_rich","updating","rps","regulation_1x2","team_attack|team_defence|venue|elo_diff|bivariate_poisson","d0f4469931258b3cbf0324b3e72519d44bc09c77e9776dc11ef58a87854f58ec","leave_one_tournament_out","","euro2016","",,,0.000459887741704514,,,,,,,,"bcdc7ac0fbd7ac7aa59902f6bc0c3b7c78ea4d6bc41006eb15ac5aa0ad9a567b"
"poisson_team_ridge_elo_bivpois","production_hybrid_nb","feature_rich","updating","rps","regulation_1x2","team_attack|team_defence|venue|elo_diff|bivariate_poisson","d0f4469931258b3cbf0324b3e72519d44bc09c77e9776dc11ef58a87854f58ec","leave_one_tournament_out","","wc2014","",,,0.000621695533905457,,,,,,,,"bcdc7ac0fbd7ac7aa59902f6bc0c3b7c78ea4d6bc41006eb15ac5aa0ad9a567b"
"poisson_team_ridge_elo_bivpois","production_hybrid_nb","feature_rich","updating","rps","regulation_1x2","team_attack|team_defence|venue|elo_diff|bivariate_poisson","d0f4469931258b3cbf0324b3e72519d44bc09c77e9776dc11ef58a87854f58ec","leave_one_tournament_out","","euro2008","",,,0.000777966852564396,,,,,,,,"bcdc7ac0fbd7ac7aa59902f6bc0c3b7c78ea4d6bc41006eb15ac5aa0ad9a567b"
"poisson_team_ridge_elo_bivpois","production_hybrid_nb","feature_rich","updating","rps","regulation_1x2","team_attack|team_defence|venue|elo_diff|bivariate_poisson","d0f4469931258b3cbf0324b3e72519d44bc09c77e9776dc11ef58a87854f58ec","leave_one_tournament_out","","wc2018","",,,0.000809584109754338,,,,,,,,"bcdc7ac0fbd7ac7aa59902f6bc0c3b7c78ea4d6bc41006eb15ac5aa0ad9a567b"
"poisson_team_ridge_elo_bivpois","production_hybrid_nb","feature_rich","updating","rps","regulation_1x2","team_attack|team_defence|venue|elo_diff|bivariate_poisson","d0f4469931258b3cbf0324b3e72519d44bc09c77e9776dc11ef58a87854f58ec","leave_one_tournament_out","","euro2012","",,,0.000816410508598559,,,,,,,,"bcdc7ac0fbd7ac7aa59902f6bc0c3b7c78ea4d6bc41006eb15ac5aa0ad9a567b"
"poisson_team_ridge_elo_bivpois","production_hybrid_nb","feature_rich","updating","rps","regulation_1x2","team_attack|team_defence|venue|elo_diff|bivariate_poisson","d0f4469931258b3cbf0324b3e72519d44bc09c77e9776dc11ef58a87854f58ec","leave_one_tournament_out","","euro2024","",,,0.000846275287451146,,,,,,,,"bcdc7ac0fbd7ac7aa59902f6bc0c3b7c78ea4d6bc41006eb15ac5aa0ad9a567b"
"poisson_team_ridge_elo_bivpois","production_hybrid_nb","feature_rich","updating","rps","regulation_1x2","team_attack|team_defence|venue|elo_diff|bivariate_poisson","d0f4469931258b3cbf0324b3e72519d44bc09c77e9776dc11ef58a87854f58ec","leave_one_tournament_out","","wc2010","",,,0.00142982153432711,,,,,,,,"bcdc7ac0fbd7ac7aa59902f6bc0c3b7c78ea4d6bc41006eb15ac5aa0ad9a567b"
"poisson_team_ridge_elo_bivpois","production_hybrid_nb","feature_rich","frozen","rps","regulation_1x2","team_attack|team_defence|venue|elo_diff|bivariate_poisson","d0f4469931258b3cbf0324b3e72519d44bc09c77e9776dc11ef58a87854f58ec","leave_one_tournament_out","","euro2020","",,,8.86333394118347e-06,,,,,,,,"bcdc7ac0fbd7ac7aa59902f6bc0c3b7c78ea4d6bc41006eb15ac5aa0ad9a567b"
"poisson_team_ridge_elo_bivpois","production_hybrid_nb","feature_rich","frozen","rps","regulation_1x2","team_attack|team_defence|venue|elo_diff|bivariate_poisson","d0f4469931258b3cbf0324b3e72519d44bc09c77e9776dc11ef58a87854f58ec","fold_breadth","","","",,,,,,,6,2,4,0.016070853191003,"bcdc7ac0fbd7ac7aa59902f6bc0c3b7c78ea4d6bc41006eb15ac5aa0ad9a567b"
"poisson_team_ridge_elo_bivpois","production_hybrid_nb","feature_rich","updating","rps","regulation_1x2","team_attack|team_defence|venue|elo_diff|bivariate_poisson","d0f4469931258b3cbf0324b3e72519d44bc09c77e9776dc11ef58a87854f58ec","fold_breadth","","","",,,,,,,8,3,5,0.0152835898787949,"bcdc7ac0fbd7ac7aa59902f6bc0c3b7c78ea4d6bc41006eb15ac5aa0ad9a567b"
"poisson_team_ridge_elo_bivpois","uniform_1x2","open_core","frozen","rps","regulation_1x2","team_attack|team_defence|venue|elo_diff|bivariate_poisson","d0f4469931258b3cbf0324b3e72519d44bc09c77e9776dc11ef58a87854f58ec","leave_one_tournament_out","","wc2006","",,,-0.013166417767642,,,,,,,,"bcdc7ac0fbd7ac7aa59902f6bc0c3b7c78ea4d6bc41006eb15ac5aa0ad9a567b"
"poisson_team_ridge_elo_bivpois","uniform_1x2","open_core","frozen","rps","regulation_1x2","team_attack|team_defence|venue|elo_diff|bivariate_poisson","d0f4469931258b3cbf0324b3e72519d44bc09c77e9776dc11ef58a87854f58ec","leave_one_tournament_out","","euro2020","",,,-0.0138183735197239,,,,,,,,"bcdc7ac0fbd7ac7aa59902f6bc0c3b7c78ea4d6bc41006eb15ac5aa0ad9a567b"
"poisson_team_ridge_elo_bivpois","uniform_1x2","open_core","frozen","rps","regulation_1x2","team_attack|team_defence|venue|elo_diff|bivariate_poisson","d0f4469931258b3cbf0324b3e72519d44bc09c77e9776dc11ef58a87854f58ec","leave_one_tournament_out","","euro2024","",,,-0.0141828546787359,,,,,,,,"bcdc7ac0fbd7ac7aa59902f6bc0c3b7c78ea4d6bc41006eb15ac5aa0ad9a567b"
"poisson_team_ridge_elo_bivpois","uniform_1x2","open_core","frozen","rps","regulation_1x2","team_attack|team_defence|venue|elo_diff|bivariate_poisson","d0f4469931258b3cbf0324b3e72519d44bc09c77e9776dc11ef58a87854f58ec","leave_one_tournament_out","","euro2008","",,,-0.0142273791626348,,,,,,,,"bcdc7ac0fbd7ac7aa59902f6bc0c3b7c78ea4d6bc41006eb15ac5aa0ad9a567b"
"poisson_team_ridge_elo_bivpois","uniform_1x2","open_core","frozen","rps","regulation_1x2","team_attack|team_defence|venue|elo_diff|bivariate_poisson","d0f4469931258b3cbf0324b3e72519d44bc09c77e9776dc11ef58a87854f58ec","leave_one_tournament_out","","wc2018","",,,-0.0142784059829164,,,,,,,,"bcdc7ac0fbd7ac7aa59902f6bc0c3b7c78ea4d6bc41006eb15ac5aa0ad9a567b"
"poisson_team_ridge_elo_bivpois","uniform_1x2","open_core","frozen","rps","regulation_1x2","team_attack|team_defence|venue|elo_diff|bivariate_poisson","d0f4469931258b3cbf0324b3e72519d44bc09c77e9776dc11ef58a87854f58ec","leave_one_tournament_out","","euro2004","",,,-0.0143559879088299,,,,,,,,"bcdc7ac0fbd7ac7aa59902f6bc0c3b7c78ea4d6bc41006eb15ac5aa0ad9a567b"
"poisson_team_ridge_elo_bivpois","uniform_1x2","open_core","frozen","rps","regulation_1x2","team_attack|team_defence|venue|elo_diff|bivariate_poisson","d0f4469931258b3cbf0324b3e72519d44bc09c77e9776dc11ef58a87854f58ec","tournament_bootstrap","","","",,,-0.0144836181224259,,-0.0184149008273925,-0.0107724023823653,,,,,"bcdc7ac0fbd7ac7aa59902f6bc0c3b7c78ea4d6bc41006eb15ac5aa0ad9a567b"
"poisson_team_ridge_elo_bivpois","uniform_1x2","open_core","frozen","rps","regulation_1x2","team_attack|team_defence|venue|elo_diff|bivariate_poisson","d0f4469931258b3cbf0324b3e72519d44bc09c77e9776dc11ef58a87854f58ec","leave_one_tournament_out","","euro2016","",,,-0.0145565208367448,,,,,,,,"bcdc7ac0fbd7ac7aa59902f6bc0c3b7c78ea4d6bc41006eb15ac5aa0ad9a567b"
"poisson_team_ridge_elo_bivpois","uniform_1x2","open_core","frozen","rps","regulation_1x2","team_attack|team_defence|venue|elo_diff|bivariate_poisson","d0f4469931258b3cbf0324b3e72519d44bc09c77e9776dc11ef58a87854f58ec","leave_one_tournament_out","","wc2014","",,,-0.0147435224187548,,,,,,,,"bcdc7ac0fbd7ac7aa59902f6bc0c3b7c78ea4d6bc41006eb15ac5aa0ad9a567b"
"poisson_team_ridge_elo_bivpois","uniform_1x2","open_core","frozen","rps","regulation_1x2","team_attack|team_defence|venue|elo_diff|bivariate_poisson","d0f4469931258b3cbf0324b3e72519d44bc09c77e9776dc11ef58a87854f58ec","leave_one_tournament_out","","wc2010","",,,-0.0148318822871846,,,,,,,,"bcdc7ac0fbd7ac7aa59902f6bc0c3b7c78ea4d6bc41006eb15ac5aa0ad9a567b"
"poisson_team_ridge_elo_bivpois","uniform_1x2","open_core","frozen","rps","regulation_1x2","team_attack|team_defence|venue|elo_diff|bivariate_poisson","d0f4469931258b3cbf0324b3e72519d44bc09c77e9776dc11ef58a87854f58ec","leave_one_tournament_out","","wc2022","",,,-0.0149149889154257,,,,,,,,"bcdc7ac0fbd7ac7aa59902f6bc0c3b7c78ea4d6bc41006eb15ac5aa0ad9a567b"
"poisson_team_ridge_elo_bivpois","uniform_1x2","open_core","frozen","rps","regulation_1x2","team_attack|team_defence|venue|elo_diff|bivariate_poisson","d0f4469931258b3cbf0324b3e72519d44bc09c77e9776dc11ef58a87854f58ec","leave_one_tournament_out","","wc2002","",,,-0.0150979330540141,,,,,,,,"bcdc7ac0fbd7ac7aa59902f6bc0c3b7c78ea4d6bc41006eb15ac5aa0ad9a567b"
"poisson_team_ridge_elo_bivpois","uniform_1x2","open_core","frozen","rps","regulation_1x2","team_attack|team_defence|venue|elo_diff|bivariate_poisson","d0f4469931258b3cbf0324b3e72519d44bc09c77e9776dc11ef58a87854f58ec","leave_one_tournament_out","","euro2012","",,,-0.015629150936504,,,,,,,,"bcdc7ac0fbd7ac7aa59902f6bc0c3b7c78ea4d6bc41006eb15ac5aa0ad9a567b"
"poisson_team_ridge_elo_bivpois","uniform_1x2","open_core","updating","rps","regulation_1x2","team_attack|team_defence|venue|elo_diff|bivariate_poisson","d0f4469931258b3cbf0324b3e72519d44bc09c77e9776dc11ef58a87854f58ec","leave_one_tournament_out","","wc2006","",,,-0.0249077661121394,,,,,,,,"bcdc7ac0fbd7ac7aa59902f6bc0c3b7c78ea4d6bc41006eb15ac5aa0ad9a567b"
"poisson_team_ridge_elo_bivpois","uniform_1x2","open_core","updating","rps","regulation_1x2","team_attack|team_defence|venue|elo_diff|bivariate_poisson","d0f4469931258b3cbf0324b3e72519d44bc09c77e9776dc11ef58a87854f58ec","leave_one_tournament_out","","wc2018","",,,-0.026345727781394,,,,,,,,"bcdc7ac0fbd7ac7aa59902f6bc0c3b7c78ea4d6bc41006eb15ac5aa0ad9a567b"
"poisson_team_ridge_elo_bivpois","uniform_1x2","open_core","updating","rps","regulation_1x2","team_attack|team_defence|venue|elo_diff|bivariate_poisson","d0f4469931258b3cbf0324b3e72519d44bc09c77e9776dc11ef58a87854f58ec","leave_one_tournament_out","","wc2010","",,,-0.0265237637075138,,,,,,,,"bcdc7ac0fbd7ac7aa59902f6bc0c3b7c78ea4d6bc41006eb15ac5aa0ad9a567b"
"poisson_team_ridge_elo_bivpois","uniform_1x2","open_core","updating","rps","regulation_1x2","team_attack|team_defence|venue|elo_diff|bivariate_poisson","d0f4469931258b3cbf0324b3e72519d44bc09c77e9776dc11ef58a87854f58ec","leave_one_tournament_out","","euro2008","",,,-0.0268307113057978,,,,,,,,"bcdc7ac0fbd7ac7aa59902f6bc0c3b7c78ea4d6bc41006eb15ac5aa0ad9a567b"
"poisson_team_ridge_elo_bivpois","uniform_1x2","open_core","updating","rps","regulation_1x2","team_attack|team_defence|venue|elo_diff|bivariate_poisson","d0f4469931258b3cbf0324b3e72519d44bc09c77e9776dc11ef58a87854f58ec","leave_one_tournament_out","","euro2020","",,,-0.0270032349634701,,,,,,,,"bcdc7ac0fbd7ac7aa59902f6bc0c3b7c78ea4d6bc41006eb15ac5aa0ad9a567b"
"poisson_team_ridge_elo_bivpois","uniform_1x2","open_core","updating","rps","regulation_1x2","team_attack|team_defence|venue|elo_diff|bivariate_poisson","d0f4469931258b3cbf0324b3e72519d44bc09c77e9776dc11ef58a87854f58ec","tournament_bootstrap","","","",,,-0.0275533711150584,,-0.0354006265264794,-0.0204270231887413,,,,,"bcdc7ac0fbd7ac7aa59902f6bc0c3b7c78ea4d6bc41006eb15ac5aa0ad9a567b"
"poisson_team_ridge_elo_bivpois","uniform_1x2","open_core","updating","rps","regulation_1x2","team_attack|team_defence|venue|elo_diff|bivariate_poisson","d0f4469931258b3cbf0324b3e72519d44bc09c77e9776dc11ef58a87854f58ec","leave_one_tournament_out","","wc2014","",,,-0.0280764716548757,,,,,,,,"bcdc7ac0fbd7ac7aa59902f6bc0c3b7c78ea4d6bc41006eb15ac5aa0ad9a567b"
"poisson_team_ridge_elo_bivpois","uniform_1x2","open_core","updating","rps","regulation_1x2","team_attack|team_defence|venue|elo_diff|bivariate_poisson","d0f4469931258b3cbf0324b3e72519d44bc09c77e9776dc11ef58a87854f58ec","leave_one_tournament_out","","euro2024","",,,-0.0280863412132943,,,,,,,,"bcdc7ac0fbd7ac7aa59902f6bc0c3b7c78ea4d6bc41006eb15ac5aa0ad9a567b"
"poisson_team_ridge_elo_bivpois","uniform_1x2","open_core","updating","rps","regulation_1x2","team_attack|team_defence|venue|elo_diff|bivariate_poisson","d0f4469931258b3cbf0324b3e72519d44bc09c77e9776dc11ef58a87854f58ec","leave_one_tournament_out","","wc2022","",,,-0.0281672939782183,,,,,,,,"bcdc7ac0fbd7ac7aa59902f6bc0c3b7c78ea4d6bc41006eb15ac5aa0ad9a567b"
"poisson_team_ridge_elo_bivpois","uniform_1x2","open_core","updating","rps","regulation_1x2","team_attack|team_defence|venue|elo_diff|bivariate_poisson","d0f4469931258b3cbf0324b3e72519d44bc09c77e9776dc11ef58a87854f58ec","leave_one_tournament_out","","euro2004","",,,-0.0283319581305804,,,,,,,,"bcdc7ac0fbd7ac7aa59902f6bc0c3b7c78ea4d6bc41006eb15ac5aa0ad9a567b"
"poisson_team_ridge_elo_bivpois","uniform_1x2","open_core","updating","rps","regulation_1x2","team_attack|team_defence|venue|elo_diff|bivariate_poisson","d0f4469931258b3cbf0324b3e72519d44bc09c77e9776dc11ef58a87854f58ec","leave_one_tournament_out","","euro2012","",,,-0.0284694859899032,,,,,,,,"bcdc7ac0fbd7ac7aa59902f6bc0c3b7c78ea4d6bc41006eb15ac5aa0ad9a567b"
"poisson_team_ridge_elo_bivpois","uniform_1x2","open_core","updating","rps","regulation_1x2","team_attack|team_defence|venue|elo_diff|bivariate_poisson","d0f4469931258b3cbf0324b3e72519d44bc09c77e9776dc11ef58a87854f58ec","leave_one_tournament_out","","wc2002","",,,-0.0286538005980062,,,,,,,,"bcdc7ac0fbd7ac7aa59902f6bc0c3b7c78ea4d6bc41006eb15ac5aa0ad9a567b"
"poisson_team_ridge_elo_bivpois","uniform_1x2","open_core","updating","rps","regulation_1x2","team_attack|team_defence|venue|elo_diff|bivariate_poisson","d0f4469931258b3cbf0324b3e72519d44bc09c77e9776dc11ef58a87854f58ec","leave_one_tournament_out","","euro2016","",,,-0.0292438979455077,,,,,,,,"bcdc7ac0fbd7ac7aa59902f6bc0c3b7c78ea4d6bc41006eb15ac5aa0ad9a567b"
"poisson_team_ridge_elo_bivpois","uniform_1x2","open_core","frozen","rps","regulation_1x2","team_attack|team_defence|venue|elo_diff|bivariate_poisson","d0f4469931258b3cbf0324b3e72519d44bc09c77e9776dc11ef58a87854f58ec","fold_breadth","","","",,,,,,,12,6,6,0,"bcdc7ac0fbd7ac7aa59902f6bc0c3b7c78ea4d6bc41006eb15ac5aa0ad9a567b"
"poisson_team_ridge_elo_bivpois","uniform_1x2","open_core","updating","rps","regulation_1x2","team_attack|team_defence|venue|elo_diff|bivariate_poisson","d0f4469931258b3cbf0324b3e72519d44bc09c77e9776dc11ef58a87854f58ec","fold_breadth","","","",,,,,,,12,6,6,0,"bcdc7ac0fbd7ac7aa59902f6bc0c3b7c78ea4d6bc41006eb15ac5aa0ad9a567b"
"poisson_team_ridge_elo_dc","production_hybrid_nb","feature_rich","updating","rps","regulation_1x2","team_attack|team_defence|venue|elo_diff|dixon_coles","d0f4469931258b3cbf0324b3e72519d44bc09c77e9776dc11ef58a87854f58ec","fold","wc2006","","world_cup",0.176870944995035,0.16156832841848,0.0153026165765551,64,,,,,,,"bcdc7ac0fbd7ac7aa59902f6bc0c3b7c78ea4d6bc41006eb15ac5aa0ad9a567b"
"poisson_team_ridge_elo_dc","open_nb_incumbent","open_core","updating","rps","regulation_1x2","team_attack|team_defence|venue|elo_diff|dixon_coles","d0f4469931258b3cbf0324b3e72519d44bc09c77e9776dc11ef58a87854f58ec","fold","wc2006","","world_cup",0.176870944995035,0.172063371721106,0.00480757327392891,64,,,,,,,"bcdc7ac0fbd7ac7aa59902f6bc0c3b7c78ea4d6bc41006eb15ac5aa0ad9a567b"
"poisson_team_ridge_elo_dc","elo_goal_nb","open_core","updating","rps","regulation_1x2","team_attack|team_defence|venue|elo_diff|dixon_coles","d0f4469931258b3cbf0324b3e72519d44bc09c77e9776dc11ef58a87854f58ec","fold","wc2006","","world_cup",0.176870944995035,0.176875218107772,-4.27311273661166e-06,64,,,,,,,"bcdc7ac0fbd7ac7aa59902f6bc0c3b7c78ea4d6bc41006eb15ac5aa0ad9a567b"
"poisson_team_ridge_elo_dc","elo_goal_nb","open_core","updating","rps","regulation_1x2","team_attack|team_defence|venue|elo_diff|dixon_coles","d0f4469931258b3cbf0324b3e72519d44bc09c77e9776dc11ef58a87854f58ec","fold","euro2020","","euro",0.192104748257493,0.186749893915214,0.00535485434227902,51,,,,,,,"bcdc7ac0fbd7ac7aa59902f6bc0c3b7c78ea4d6bc41006eb15ac5aa0ad9a567b"
"poisson_team_ridge_elo_dc","production_hybrid_nb","feature_rich","frozen","rps","regulation_1x2","team_attack|team_defence|venue|elo_diff|dixon_coles","d0f4469931258b3cbf0324b3e72519d44bc09c77e9776dc11ef58a87854f58ec","fold","wc2006","","world_cup",0.20454978662172,0.188463269228388,0.0160865173933322,64,,,,,,,"bcdc7ac0fbd7ac7aa59902f6bc0c3b7c78ea4d6bc41006eb15ac5aa0ad9a567b"
"poisson_team_ridge_elo_dc","open_nb_incumbent","open_core","updating","rps","regulation_1x2","team_attack|team_defence|venue|elo_diff|dixon_coles","d0f4469931258b3cbf0324b3e72519d44bc09c77e9776dc11ef58a87854f58ec","fold","euro2020","","euro",0.192104748257493,0.189838248406632,0.00226649985086057,51,,,,,,,"bcdc7ac0fbd7ac7aa59902f6bc0c3b7c78ea4d6bc41006eb15ac5aa0ad9a567b"
"poisson_team_ridge_elo_dc","elo_goal_nb","open_core","updating","rps","regulation_1x2","team_attack|team_defence|venue|elo_diff|dixon_coles","d0f4469931258b3cbf0324b3e72519d44bc09c77e9776dc11ef58a87854f58ec","fold","wc2010","","world_cup",0.191998790506285,0.190682324027093,0.00131646647919207,64,,,,,,,"bcdc7ac0fbd7ac7aa59902f6bc0c3b7c78ea4d6bc41006eb15ac5aa0ad9a567b"
"poisson_team_ridge_elo_dc","open_nb_incumbent","open_core","updating","rps","regulation_1x2","team_attack|team_defence|venue|elo_diff|dixon_coles","d0f4469931258b3cbf0324b3e72519d44bc09c77e9776dc11ef58a87854f58ec","fold","wc2010","","world_cup",0.191998790506285,0.193443758892585,-0.0014449683863,64,,,,,,,"bcdc7ac0fbd7ac7aa59902f6bc0c3b7c78ea4d6bc41006eb15ac5aa0ad9a567b"
"poisson_team_ridge_elo_dc","production_hybrid_nb","feature_rich","updating","rps","regulation_1x2","team_attack|team_defence|venue|elo_diff|dixon_coles","d0f4469931258b3cbf0324b3e72519d44bc09c77e9776dc11ef58a87854f58ec","fold","euro2004","","euro",0.199637913713625,0.19427801853155,0.00535989518207497,31,,,,,,,"bcdc7ac0fbd7ac7aa59902f6bc0c3b7c78ea4d6bc41006eb15ac5aa0ad9a567b"
"poisson_team_ridge_elo_dc","open_nb_incumbent","open_core","updating","rps","regulation_1x2","team_attack|team_defence|venue|elo_diff|dixon_coles","d0f4469931258b3cbf0324b3e72519d44bc09c77e9776dc11ef58a87854f58ec","fold","euro2004","","euro",0.199637913713625,0.195865014321776,0.00377289939184942,31,,,,,,,"bcdc7ac0fbd7ac7aa59902f6bc0c3b7c78ea4d6bc41006eb15ac5aa0ad9a567b"
"poisson_team_ridge_elo_dc","production_hybrid_nb","feature_rich","updating","rps","regulation_1x2","team_attack|team_defence|venue|elo_diff|dixon_coles","d0f4469931258b3cbf0324b3e72519d44bc09c77e9776dc11ef58a87854f58ec","fold","euro2020","","euro",0.197312137052079,0.197183259920055,0.000128877132023955,48,,,,,,,"bcdc7ac0fbd7ac7aa59902f6bc0c3b7c78ea4d6bc41006eb15ac5aa0ad9a567b"
"poisson_team_ridge_elo_dc","elo_goal_nb","open_core","updating","rps","regulation_1x2","team_attack|team_defence|venue|elo_diff|dixon_coles","d0f4469931258b3cbf0324b3e72519d44bc09c77e9776dc11ef58a87854f58ec","fold","euro2004","","euro",0.199637913713625,0.197820059462055,0.00181785425157035,31,,,,,,,"bcdc7ac0fbd7ac7aa59902f6bc0c3b7c78ea4d6bc41006eb15ac5aa0ad9a567b"
"poisson_team_ridge_elo_dc","elo_goal_nb","open_core","updating","rps","regulation_1x2","team_attack|team_defence|venue|elo_diff|dixon_coles","d0f4469931258b3cbf0324b3e72519d44bc09c77e9776dc11ef58a87854f58ec","fold","euro2024","","euro",0.194228013824881,0.198729036829663,-0.00450102300478159,51,,,,,,,"bcdc7ac0fbd7ac7aa59902f6bc0c3b7c78ea4d6bc41006eb15ac5aa0ad9a567b"
"poisson_team_ridge_elo_dc","production_hybrid_nb","feature_rich","updating","rps","regulation_1x2","team_attack|team_defence|venue|elo_diff|dixon_coles","d0f4469931258b3cbf0324b3e72519d44bc09c77e9776dc11ef58a87854f58ec","fold","euro2024","","euro",0.194228013824881,0.199220209587878,-0.00499219576299633,51,,,,,,,"bcdc7ac0fbd7ac7aa59902f6bc0c3b7c78ea4d6bc41006eb15ac5aa0ad9a567b"
"poisson_team_ridge_elo_dc","open_nb_incumbent","open_core","updating","rps","regulation_1x2","team_attack|team_defence|venue|elo_diff|dixon_coles","d0f4469931258b3cbf0324b3e72519d44bc09c77e9776dc11ef58a87854f58ec","fold","euro2024","","euro",0.194228013824881,0.199838110521063,-0.00561009669618169,51,,,,,,,"bcdc7ac0fbd7ac7aa59902f6bc0c3b7c78ea4d6bc41006eb15ac5aa0ad9a567b"
"poisson_team_ridge_elo_dc","elo_goal_nb","open_core","updating","rps","regulation_1x2","team_attack|team_defence|venue|elo_diff|dixon_coles","d0f4469931258b3cbf0324b3e72519d44bc09c77e9776dc11ef58a87854f58ec","fold","wc2018","","world_cup",0.200481211288002,0.200189175461847,0.000292035826154901,64,,,,,,,"bcdc7ac0fbd7ac7aa59902f6bc0c3b7c78ea4d6bc41006eb15ac5aa0ad9a567b"
"poisson_team_ridge_elo_dc","production_hybrid_nb","feature_rich","frozen","rps","regulation_1x2","team_attack|team_defence|venue|elo_diff|dixon_coles","d0f4469931258b3cbf0324b3e72519d44bc09c77e9776dc11ef58a87854f58ec","fold","euro2004","","euro",0.202740621325487,0.201390384066637,0.00135023725884976,31,,,,,,,"bcdc7ac0fbd7ac7aa59902f6bc0c3b7c78ea4d6bc41006eb15ac5aa0ad9a567b"
"poisson_team_ridge_elo_dc","elo_goal_nb","open_core","updating","rps","regulation_1x2","team_attack|team_defence|venue|elo_diff|dixon_coles","d0f4469931258b3cbf0324b3e72519d44bc09c77e9776dc11ef58a87854f58ec","fixture_weighted_secondary","","","",0.203009211782262,0.20160896657933,0.00140024520293222,630,,,,,,,"bcdc7ac0fbd7ac7aa59902f6bc0c3b7c78ea4d6bc41006eb15ac5aa0ad9a567b"
"poisson_team_ridge_elo_dc","elo_goal_nb","open_core","updating","rps","regulation_1x2","team_attack|team_defence|venue|elo_diff|dixon_coles","d0f4469931258b3cbf0324b3e72519d44bc09c77e9776dc11ef58a87854f58ec","equal_tournament_headline","","","",0.203908604794913,0.202473723379673,0.00143488141524019,630,,,,,,,"bcdc7ac0fbd7ac7aa59902f6bc0c3b7c78ea4d6bc41006eb15ac5aa0ad9a567b"
"poisson_team_ridge_elo_dc","open_nb_incumbent","open_core","updating","rps","regulation_1x2","team_attack|team_defence|venue|elo_diff|dixon_coles","d0f4469931258b3cbf0324b3e72519d44bc09c77e9776dc11ef58a87854f58ec","fixture_weighted_secondary","","","",0.203009211782262,0.202849583870682,0.000159627911580563,630,,,,,,,"bcdc7ac0fbd7ac7aa59902f6bc0c3b7c78ea4d6bc41006eb15ac5aa0ad9a567b"
"poisson_team_ridge_elo_dc","production_hybrid_nb","feature_rich","updating","rps","regulation_1x2","team_attack|team_defence|venue|elo_diff|dixon_coles","d0f4469931258b3cbf0324b3e72519d44bc09c77e9776dc11ef58a87854f58ec","fold","wc2002","","world_cup",0.215622991846915,0.203404008345614,0.0122189835013018,60,,,,,,,"bcdc7ac0fbd7ac7aa59902f6bc0c3b7c78ea4d6bc41006eb15ac5aa0ad9a567b"
"poisson_team_ridge_elo_dc","production_hybrid_nb","feature_rich","updating","rps","regulation_1x2","team_attack|team_defence|venue|elo_diff|dixon_coles","d0f4469931258b3cbf0324b3e72519d44bc09c77e9776dc11ef58a87854f58ec","fixture_weighted_secondary","","","",0.20434758308638,0.203517576620924,0.000830006465456585,609,,,,,,,"bcdc7ac0fbd7ac7aa59902f6bc0c3b7c78ea4d6bc41006eb15ac5aa0ad9a567b"
"poisson_team_ridge_elo_dc","open_nb_incumbent","open_core","updating","rps","regulation_1x2","team_attack|team_defence|venue|elo_diff|dixon_coles","d0f4469931258b3cbf0324b3e72519d44bc09c77e9776dc11ef58a87854f58ec","equal_tournament_headline","","","",0.203908604794913,0.203930289520513,-2.16847255998212e-05,630,,,,,,,"bcdc7ac0fbd7ac7aa59902f6bc0c3b7c78ea4d6bc41006eb15ac5aa0ad9a567b"
"poisson_team_ridge_elo_dc","production_hybrid_nb","feature_rich","frozen","rps","regulation_1x2","team_attack|team_defence|venue|elo_diff|dixon_coles","d0f4469931258b3cbf0324b3e72519d44bc09c77e9776dc11ef58a87854f58ec","fold","euro2024","","euro",0.198136480328643,0.204097904839805,-0.00596142451116189,51,,,,,,,"bcdc7ac0fbd7ac7aa59902f6bc0c3b7c78ea4d6bc41006eb15ac5aa0ad9a567b"
"poisson_team_ridge_elo_dc","open_nb_incumbent","open_core","updating","rps","regulation_1x2","team_attack|team_defence|venue|elo_diff|dixon_coles","d0f4469931258b3cbf0324b3e72519d44bc09c77e9776dc11ef58a87854f58ec","fold","wc2018","","world_cup",0.200481211288002,0.204377635947404,-0.00389642465940212,64,,,,,,,"bcdc7ac0fbd7ac7aa59902f6bc0c3b7c78ea4d6bc41006eb15ac5aa0ad9a567b"
"poisson_team_ridge_elo_dc","open_nb_incumbent","open_core","frozen","rps","regulation_1x2","team_attack|team_defence|venue|elo_diff|dixon_coles","d0f4469931258b3cbf0324b3e72519d44bc09c77e9776dc11ef58a87854f58ec","fold","wc2006","","world_cup",0.20454978662172,0.204940508014914,-0.000390721393194486,64,,,,,,,"bcdc7ac0fbd7ac7aa59902f6bc0c3b7c78ea4d6bc41006eb15ac5aa0ad9a567b"
"poisson_team_ridge_elo_dc","production_hybrid_nb","feature_rich","updating","rps","regulation_1x2","team_attack|team_defence|venue|elo_diff|dixon_coles","d0f4469931258b3cbf0324b3e72519d44bc09c77e9776dc11ef58a87854f58ec","equal_tournament_headline","","","",0.205629227622853,0.205250400816967,0.0003788268058857,609,,,,,,,"bcdc7ac0fbd7ac7aa59902f6bc0c3b7c78ea4d6bc41006eb15ac5aa0ad9a567b"
"poisson_team_ridge_elo_dc","production_hybrid_nb","feature_rich","updating","rps","regulation_1x2","team_attack|team_defence|venue|elo_diff|dixon_coles","d0f4469931258b3cbf0324b3e72519d44bc09c77e9776dc11ef58a87854f58ec","fold","wc2018","","world_cup",0.200481211288002,0.205303028816949,-0.0048218175289476,64,,,,,,,"bcdc7ac0fbd7ac7aa59902f6bc0c3b7c78ea4d6bc41006eb15ac5aa0ad9a567b"
"poisson_team_ridge_elo_dc","elo_goal_nb","open_core","updating","rps","regulation_1x2","team_attack|team_defence|venue|elo_diff|dixon_coles","d0f4469931258b3cbf0324b3e72519d44bc09c77e9776dc11ef58a87854f58ec","fold","euro2008","","euro",0.210091591508593,0.206407675123159,0.00368391638543404,31,,,,,,,"bcdc7ac0fbd7ac7aa59902f6bc0c3b7c78ea4d6bc41006eb15ac5aa0ad9a567b"
"poisson_team_ridge_elo_dc","open_nb_incumbent","open_core","frozen","rps","regulation_1x2","team_attack|team_defence|venue|elo_diff|dixon_coles","d0f4469931258b3cbf0324b3e72519d44bc09c77e9776dc11ef58a87854f58ec","fold","euro2004","","euro",0.202740621325487,0.20662400857162,-0.00388338724613314,31,,,,,,,"bcdc7ac0fbd7ac7aa59902f6bc0c3b7c78ea4d6bc41006eb15ac5aa0ad9a567b"
"poisson_team_ridge_elo_dc","elo_goal_nb","open_core","updating","rps","regulation_1x2","team_attack|team_defence|venue|elo_diff|dixon_coles","d0f4469931258b3cbf0324b3e72519d44bc09c77e9776dc11ef58a87854f58ec","fold","wc2014","","world_cup",0.211707794580693,0.207213265548892,0.00449452903180048,64,,,,,,,"bcdc7ac0fbd7ac7aa59902f6bc0c3b7c78ea4d6bc41006eb15ac5aa0ad9a567b"
"poisson_team_ridge_elo_dc","elo_goal_nb","open_core","frozen","rps","regulation_1x2","team_attack|team_defence|venue|elo_diff|dixon_coles","d0f4469931258b3cbf0324b3e72519d44bc09c77e9776dc11ef58a87854f58ec","fold","euro2004","","euro",0.202740621325487,0.207432586511803,-0.00469196518631607,31,,,,,,,"bcdc7ac0fbd7ac7aa59902f6bc0c3b7c78ea4d6bc41006eb15ac5aa0ad9a567b"
"poisson_team_ridge_elo_dc","elo_goal_nb","open_core","frozen","rps","regulation_1x2","team_attack|team_defence|venue|elo_diff|dixon_coles","d0f4469931258b3cbf0324b3e72519d44bc09c77e9776dc11ef58a87854f58ec","fold","euro2024","","euro",0.198136480328643,0.208894772377195,-0.0107582920485525,51,,,,,,,"bcdc7ac0fbd7ac7aa59902f6bc0c3b7c78ea4d6bc41006eb15ac5aa0ad9a567b"
"poisson_team_ridge_elo_dc","production_hybrid_nb","feature_rich","updating","rps","regulation_1x2","team_attack|team_defence|venue|elo_diff|dixon_coles","d0f4469931258b3cbf0324b3e72519d44bc09c77e9776dc11ef58a87854f58ec","fold","wc2010","","world_cup",0.197405594282315,0.209082524600923,-0.011676930318608,61,,,,,,,"bcdc7ac0fbd7ac7aa59902f6bc0c3b7c78ea4d6bc41006eb15ac5aa0ad9a567b"
"poisson_team_ridge_elo_dc","open_nb_incumbent","open_core","frozen","rps","regulation_1x2","team_attack|team_defence|venue|elo_diff|dixon_coles","d0f4469931258b3cbf0324b3e72519d44bc09c77e9776dc11ef58a87854f58ec","fold","euro2024","","euro",0.198136480328643,0.20928124815214,-0.0111447678234968,51,,,,,,,"bcdc7ac0fbd7ac7aa59902f6bc0c3b7c78ea4d6bc41006eb15ac5aa0ad9a567b"
"poisson_team_ridge_elo_dc","open_nb_incumbent","open_core","updating","rps","regulation_1x2","team_attack|team_defence|venue|elo_diff|dixon_coles","d0f4469931258b3cbf0324b3e72519d44bc09c77e9776dc11ef58a87854f58ec","fold","wc2014","","world_cup",0.211707794580693,0.209795309826597,0.00191248475409574,64,,,,,,,"bcdc7ac0fbd7ac7aa59902f6bc0c3b7c78ea4d6bc41006eb15ac5aa0ad9a567b"
"poisson_team_ridge_elo_dc","open_nb_incumbent","open_core","updating","rps","regulation_1x2","team_attack|team_defence|venue|elo_diff|dixon_coles","d0f4469931258b3cbf0324b3e72519d44bc09c77e9776dc11ef58a87854f58ec","fold","euro2008","","euro",0.210091591508593,0.210305556677262,-0.000213965168668868,31,,,,,,,"bcdc7ac0fbd7ac7aa59902f6bc0c3b7c78ea4d6bc41006eb15ac5aa0ad9a567b"
"poisson_team_ridge_elo_dc","production_hybrid_nb","feature_rich","frozen","rps","regulation_1x2","team_attack|team_defence|venue|elo_diff|dixon_coles","d0f4469931258b3cbf0324b3e72519d44bc09c77e9776dc11ef58a87854f58ec","fold","wc2002","","world_cup",0.223729360393423,0.210637313011104,0.0130920473823187,60,,,,,,,"bcdc7ac0fbd7ac7aa59902f6bc0c3b7c78ea4d6bc41006eb15ac5aa0ad9a567b"
"poisson_team_ridge_elo_dc","open_nb_incumbent","open_core","updating","rps","regulation_1x2","team_attack|team_defence|venue|elo_diff|dixon_coles","d0f4469931258b3cbf0324b3e72519d44bc09c77e9776dc11ef58a87854f58ec","fold","wc2022","","world_cup",0.21789359365587,0.211319921086321,0.00657367256954842,64,,,,,,,"bcdc7ac0fbd7ac7aa59902f6bc0c3b7c78ea4d6bc41006eb15ac5aa0ad9a567b"
"poisson_team_ridge_elo_dc","production_hybrid_nb","feature_rich","updating","rps","regulation_1x2","team_attack|team_defence|venue|elo_diff|dixon_coles","d0f4469931258b3cbf0324b3e72519d44bc09c77e9776dc11ef58a87854f58ec","fold","wc2022","","world_cup",0.21789359365587,0.211818751596759,0.00607484205911072,64,,,,,,,"bcdc7ac0fbd7ac7aa59902f6bc0c3b7c78ea4d6bc41006eb15ac5aa0ad9a567b"
"poisson_team_ridge_elo_dc","elo_goal_nb","open_core","frozen","rps","regulation_1x2","team_attack|team_defence|venue|elo_diff|dixon_coles","d0f4469931258b3cbf0324b3e72519d44bc09c77e9776dc11ef58a87854f58ec","fold","wc2006","","world_cup",0.20454978662172,0.212144929195862,-0.0075951425741423,64,,,,,,,"bcdc7ac0fbd7ac7aa59902f6bc0c3b7c78ea4d6bc41006eb15ac5aa0ad9a567b"
"poisson_team_ridge_elo_dc","elo_goal_nb","open_core","updating","rps","regulation_1x2","team_attack|team_defence|venue|elo_diff|dixon_coles","d0f4469931258b3cbf0324b3e72519d44bc09c77e9776dc11ef58a87854f58ec","fold","wc2022","","world_cup",0.21789359365587,0.212154600252407,0.00573899340346217,64,,,,,,,"bcdc7ac0fbd7ac7aa59902f6bc0c3b7c78ea4d6bc41006eb15ac5aa0ad9a567b"
"poisson_team_ridge_elo_dc","open_nb_incumbent","open_core","updating","rps","regulation_1x2","team_attack|team_defence|venue|elo_diff|dixon_coles","d0f4469931258b3cbf0324b3e72519d44bc09c77e9776dc11ef58a87854f58ec","fold","wc2002","","world_cup",0.212708939729098,0.213262045445768,-0.000553105716669658,64,,,,,,,"bcdc7ac0fbd7ac7aa59902f6bc0c3b7c78ea4d6bc41006eb15ac5aa0ad9a567b"
"poisson_team_ridge_elo_dc","elo_goal_nb","open_core","updating","rps","regulation_1x2","team_attack|team_defence|venue|elo_diff|dixon_coles","d0f4469931258b3cbf0324b3e72519d44bc09c77e9776dc11ef58a87854f58ec","fold","wc2002","","world_cup",0.212708939729098,0.213813189554407,-0.00110424982530951,64,,,,,,,"bcdc7ac0fbd7ac7aa59902f6bc0c3b7c78ea4d6bc41006eb15ac5aa0ad9a567b"
"poisson_team_ridge_elo_dc","production_hybrid_nb","feature_rich","updating","rps","regulation_1x2","team_attack|team_defence|venue|elo_diff|dixon_coles","d0f4469931258b3cbf0324b3e72519d44bc09c77e9776dc11ef58a87854f58ec","fold","wc2014","","world_cup",0.211707794580693,0.214461937090911,-0.00275414251021831,64,,,,,,,"bcdc7ac0fbd7ac7aa59902f6bc0c3b7c78ea4d6bc41006eb15ac5aa0ad9a567b"
"poisson_team_ridge_elo_dc","production_hybrid_nb","feature_rich","updating","rps","regulation_1x2","team_attack|team_defence|venue|elo_diff|dixon_coles","d0f4469931258b3cbf0324b3e72519d44bc09c77e9776dc11ef58a87854f58ec","fold","euro2008","","euro",0.210091591508593,0.214490326573508,-0.00439873506491492,31,,,,,,,"bcdc7ac0fbd7ac7aa59902f6bc0c3b7c78ea4d6bc41006eb15ac5aa0ad9a567b"
"poisson_team_ridge_elo_dc","production_hybrid_nb","feature_rich","frozen","rps","regulation_1x2","team_attack|team_defence|venue|elo_diff|dixon_coles","d0f4469931258b3cbf0324b3e72519d44bc09c77e9776dc11ef58a87854f58ec","fold","euro2016","","euro",0.210151013647602,0.214818839474437,-0.00466782582683544,43,,,,,,,"bcdc7ac0fbd7ac7aa59902f6bc0c3b7c78ea4d6bc41006eb15ac5aa0ad9a567b"
"poisson_team_ridge_elo_dc","uniform_1x2","open_core","frozen","rps","regulation_1x2","team_attack|team_defence|venue|elo_diff|dixon_coles","d0f4469931258b3cbf0324b3e72519d44bc09c77e9776dc11ef58a87854f58ec","fold","euro2024","","euro",0.198136480328643,0.215686274509803,-0.0175497941811606,51,,,,,,,"bcdc7ac0fbd7ac7aa59902f6bc0c3b7c78ea4d6bc41006eb15ac5aa0ad9a567b"
"poisson_team_ridge_elo_dc","uniform_1x2","open_core","updating","rps","regulation_1x2","team_attack|team_defence|venue|elo_diff|dixon_coles","d0f4469931258b3cbf0324b3e72519d44bc09c77e9776dc11ef58a87854f58ec","fold","euro2024","","euro",0.194228013824881,0.215686274509804,-0.0214582606849225,51,,,,,,,"bcdc7ac0fbd7ac7aa59902f6bc0c3b7c78ea4d6bc41006eb15ac5aa0ad9a567b"
"poisson_team_ridge_elo_dc","expanding_1x2","open_core","frozen","rps","regulation_1x2","team_attack|team_defence|venue|elo_diff|dixon_coles","d0f4469931258b3cbf0324b3e72519d44bc09c77e9776dc11ef58a87854f58ec","fold","wc2006","","world_cup",0.20454978662172,0.215752355003328,-0.0112025683816085,64,,,,,,,"bcdc7ac0fbd7ac7aa59902f6bc0c3b7c78ea4d6bc41006eb15ac5aa0ad9a567b"
"poisson_team_ridge_elo_dc","expanding_1x2","open_core","updating","rps","regulation_1x2","team_attack|team_defence|venue|elo_diff|dixon_coles","d0f4469931258b3cbf0324b3e72519d44bc09c77e9776dc11ef58a87854f58ec","fold","wc2006","","world_cup",0.176870944995035,0.215788469082983,-0.0389175240879481,64,,,,,,,"bcdc7ac0fbd7ac7aa59902f6bc0c3b7c78ea4d6bc41006eb15ac5aa0ad9a567b"
"poisson_team_ridge_elo_dc","production_hybrid_nb","feature_rich","frozen","rps","regulation_1x2","team_attack|team_defence|venue|elo_diff|dixon_coles","d0f4469931258b3cbf0324b3e72519d44bc09c77e9776dc11ef58a87854f58ec","fold","euro2020","","euro",0.20448514229802,0.217175879889846,-0.012690737591826,48,,,,,,,"bcdc7ac0fbd7ac7aa59902f6bc0c3b7c78ea4d6bc41006eb15ac5aa0ad9a567b"
"poisson_team_ridge_elo_dc","production_hybrid_nb","feature_rich","frozen","rps","regulation_1x2","team_attack|team_defence|venue|elo_diff|dixon_coles","d0f4469931258b3cbf0324b3e72519d44bc09c77e9776dc11ef58a87854f58ec","fixture_weighted_secondary","","","",0.217223052502723,0.217180248807272,4.280369545093e-05,609,,,,,,,"bcdc7ac0fbd7ac7aa59902f6bc0c3b7c78ea4d6bc41006eb15ac5aa0ad9a567b"
"poisson_team_ridge_elo_dc","production_hybrid_nb","feature_rich","updating","rps","regulation_1x2","team_attack|team_defence|venue|elo_diff|dixon_coles","d0f4469931258b3cbf0324b3e72519d44bc09c77e9776dc11ef58a87854f58ec","fold","euro2016","","euro",0.21659560603489,0.217593946752168,-0.000998340717277659,43,,,,,,,"bcdc7ac0fbd7ac7aa59902f6bc0c3b7c78ea4d6bc41006eb15ac5aa0ad9a567b"
"poisson_team_ridge_elo_dc","elo_goal_nb","open_core","updating","rps","regulation_1x2","team_attack|team_defence|venue|elo_diff|dixon_coles","d0f4469931258b3cbf0324b3e72519d44bc09c77e9776dc11ef58a87854f58ec","fold","euro2016","","euro",0.216516256527785,0.217661436270615,-0.00114517974282984,51,,,,,,,"bcdc7ac0fbd7ac7aa59902f6bc0c3b7c78ea4d6bc41006eb15ac5aa0ad9a567b"
"poisson_team_ridge_elo_dc","production_hybrid_nb","feature_rich","frozen","rps","regulation_1x2","team_attack|team_defence|venue|elo_diff|dixon_coles","d0f4469931258b3cbf0324b3e72519d44bc09c77e9776dc11ef58a87854f58ec","equal_tournament_headline","","","",0.217383549462761,0.218412150390249,-0.00102860092748798,609,,,,,,,"bcdc7ac0fbd7ac7aa59902f6bc0c3b7c78ea4d6bc41006eb15ac5aa0ad9a567b"
"poisson_team_ridge_elo_dc","uniform_1x2","open_core","updating","rps","regulation_1x2","team_attack|team_defence|venue|elo_diff|dixon_coles","d0f4469931258b3cbf0324b3e72519d44bc09c77e9776dc11ef58a87854f58ec","fold","euro2004","","euro",0.199637913713625,0.218637992831541,-0.0190000791179161,31,,,,,,,"bcdc7ac0fbd7ac7aa59902f6bc0c3b7c78ea4d6bc41006eb15ac5aa0ad9a567b"
"poisson_team_ridge_elo_dc","uniform_1x2","open_core","frozen","rps","regulation_1x2","team_attack|team_defence|venue|elo_diff|dixon_coles","d0f4469931258b3cbf0324b3e72519d44bc09c77e9776dc11ef58a87854f58ec","fold","euro2004","","euro",0.202740621325487,0.218637992831542,-0.0158973715060551,31,,,,,,,"bcdc7ac0fbd7ac7aa59902f6bc0c3b7c78ea4d6bc41006eb15ac5aa0ad9a567b"
"poisson_team_ridge_elo_dc","elo_goal_nb","open_core","frozen","rps","regulation_1x2","team_attack|team_defence|venue|elo_diff|dixon_coles","d0f4469931258b3cbf0324b3e72519d44bc09c77e9776dc11ef58a87854f58ec","fold","euro2020","","euro",0.203905629940096,0.219131862392331,-0.0152262324522351,51,,,,,,,"bcdc7ac0fbd7ac7aa59902f6bc0c3b7c78ea4d6bc41006eb15ac5aa0ad9a567b"
"poisson_team_ridge_elo_dc","elo_goal_nb","open_core","frozen","rps","regulation_1x2","team_attack|team_defence|venue|elo_diff|dixon_coles","d0f4469931258b3cbf0324b3e72519d44bc09c77e9776dc11ef58a87854f58ec","fold","euro2016","","euro",0.21179698920609,0.219593542336172,-0.0077965531300814,51,,,,,,,"bcdc7ac0fbd7ac7aa59902f6bc0c3b7c78ea4d6bc41006eb15ac5aa0ad9a567b"
"poisson_team_ridge_elo_dc","open_nb_incumbent","open_core","frozen","rps","regulation_1x2","team_attack|team_defence|venue|elo_diff|dixon_coles","d0f4469931258b3cbf0324b3e72519d44bc09c77e9776dc11ef58a87854f58ec","fold","wc2002","","world_cup",0.22051553653366,0.219913445140191,0.000602091393468878,64,,,,,,,"bcdc7ac0fbd7ac7aa59902f6bc0c3b7c78ea4d6bc41006eb15ac5aa0ad9a567b"
"poisson_team_ridge_elo_dc","open_nb_incumbent","open_core","updating","rps","regulation_1x2","team_attack|team_defence|venue|elo_diff|dixon_coles","d0f4469931258b3cbf0324b3e72519d44bc09c77e9776dc11ef58a87854f58ec","fold","euro2016","","euro",0.216516256527785,0.219949777099601,-0.00343352057181655,51,,,,,,,"bcdc7ac0fbd7ac7aa59902f6bc0c3b7c78ea4d6bc41006eb15ac5aa0ad9a567b"
"poisson_team_ridge_elo_dc","open_nb_incumbent","open_core","frozen","rps","regulation_1x2","team_attack|team_defence|venue|elo_diff|dixon_coles","d0f4469931258b3cbf0324b3e72519d44bc09c77e9776dc11ef58a87854f58ec","fold","euro2020","","euro",0.203905629940096,0.220127698702643,-0.0162220687625471,51,,,,,,,"bcdc7ac0fbd7ac7aa59902f6bc0c3b7c78ea4d6bc41006eb15ac5aa0ad9a567b"
"poisson_team_ridge_elo_dc","open_nb_incumbent","open_core","frozen","rps","regulation_1x2","team_attack|team_defence|venue|elo_diff|dixon_coles","d0f4469931258b3cbf0324b3e72519d44bc09c77e9776dc11ef58a87854f58ec","fold","euro2016","","euro",0.21179698920609,0.220295779324557,-0.00849879011846729,51,,,,,,,"bcdc7ac0fbd7ac7aa59902f6bc0c3b7c78ea4d6bc41006eb15ac5aa0ad9a567b"
"poisson_team_ridge_elo_dc","expanding_1x2","open_core","frozen","rps","regulation_1x2","team_attack|team_defence|venue|elo_diff|dixon_coles","d0f4469931258b3cbf0324b3e72519d44bc09c77e9776dc11ef58a87854f58ec","fold","euro2004","","euro",0.202740621325487,0.220590545460224,-0.0178499241347366,31,,,,,,,"bcdc7ac0fbd7ac7aa59902f6bc0c3b7c78ea4d6bc41006eb15ac5aa0ad9a567b"
"poisson_team_ridge_elo_dc","expanding_1x2","open_core","updating","rps","regulation_1x2","team_attack|team_defence|venue|elo_diff|dixon_coles","d0f4469931258b3cbf0324b3e72519d44bc09c77e9776dc11ef58a87854f58ec","fold","euro2004","","euro",0.199637913713625,0.220715691178044,-0.0210777774644191,31,,,,,,,"bcdc7ac0fbd7ac7aa59902f6bc0c3b7c78ea4d6bc41006eb15ac5aa0ad9a567b"
"poisson_team_ridge_elo_dc","production_hybrid_nb","feature_rich","frozen","rps","regulation_1x2","team_attack|team_defence|venue|elo_diff|dixon_coles","d0f4469931258b3cbf0324b3e72519d44bc09c77e9776dc11ef58a87854f58ec","fold","wc2014","","world_cup",0.221882405690256,0.22086092111402,0.00102148457623626,64,,,,,,,"bcdc7ac0fbd7ac7aa59902f6bc0c3b7c78ea4d6bc41006eb15ac5aa0ad9a567b"
"poisson_team_ridge_elo_dc","elo_goal_nb","open_core","updating","rps","regulation_1x2","team_attack|team_defence|venue|elo_diff|dixon_coles","d0f4469931258b3cbf0324b3e72519d44bc09c77e9776dc11ef58a87854f58ec","fold","euro2012","","euro",0.222663458951597,0.22138880600295,0.00127465294864679,31,,,,,,,"bcdc7ac0fbd7ac7aa59902f6bc0c3b7c78ea4d6bc41006eb15ac5aa0ad9a567b"
"poisson_team_ridge_elo_dc","elo_goal_nb","open_core","frozen","rps","regulation_1x2","team_attack|team_defence|venue|elo_diff|dixon_coles","d0f4469931258b3cbf0324b3e72519d44bc09c77e9776dc11ef58a87854f58ec","fixture_weighted_secondary","","","",0.216787991911746,0.222366005932213,-0.00557801402046626,630,,,,,,,"bcdc7ac0fbd7ac7aa59902f6bc0c3b7c78ea4d6bc41006eb15ac5aa0ad9a567b"
"poisson_team_ridge_elo_dc","elo_goal_nb","open_core","frozen","rps","regulation_1x2","team_attack|team_defence|venue|elo_diff|dixon_coles","d0f4469931258b3cbf0324b3e72519d44bc09c77e9776dc11ef58a87854f58ec","equal_tournament_headline","","","",0.216983406940466,0.222488635674597,-0.00550522873413102,630,,,,,,,"bcdc7ac0fbd7ac7aa59902f6bc0c3b7c78ea4d6bc41006eb15ac5aa0ad9a567b"
"poisson_team_ridge_elo_dc","open_nb_incumbent","open_core","frozen","rps","regulation_1x2","team_attack|team_defence|venue|elo_diff|dixon_coles","d0f4469931258b3cbf0324b3e72519d44bc09c77e9776dc11ef58a87854f58ec","fixture_weighted_secondary","","","",0.216787991911746,0.222777605348689,-0.00598961343694217,630,,,,,,,"bcdc7ac0fbd7ac7aa59902f6bc0c3b7c78ea4d6bc41006eb15ac5aa0ad9a567b"
"poisson_team_ridge_elo_dc","elo_goal_nb","open_core","frozen","rps","regulation_1x2","team_attack|team_defence|venue|elo_diff|dixon_coles","d0f4469931258b3cbf0324b3e72519d44bc09c77e9776dc11ef58a87854f58ec","fold","wc2002","","world_cup",0.22051553653366,0.22286228257362,-0.00234674603995988,64,,,,,,,"bcdc7ac0fbd7ac7aa59902f6bc0c3b7c78ea4d6bc41006eb15ac5aa0ad9a567b"
"poisson_team_ridge_elo_dc","production_hybrid_nb","feature_rich","frozen","rps","regulation_1x2","team_attack|team_defence|venue|elo_diff|dixon_coles","d0f4469931258b3cbf0324b3e72519d44bc09c77e9776dc11ef58a87854f58ec","fold","wc2022","","world_cup",0.228896354880575,0.222906942893562,0.00598941198701278,64,,,,,,,"bcdc7ac0fbd7ac7aa59902f6bc0c3b7c78ea4d6bc41006eb15ac5aa0ad9a567b"
"poisson_team_ridge_elo_dc","open_nb_incumbent","open_core","frozen","rps","regulation_1x2","team_attack|team_defence|venue|elo_diff|dixon_coles","d0f4469931258b3cbf0324b3e72519d44bc09c77e9776dc11ef58a87854f58ec","equal_tournament_headline","","","",0.216983406940466,0.223289677347567,-0.0063062704071012,630,,,,,,,"bcdc7ac0fbd7ac7aa59902f6bc0c3b7c78ea4d6bc41006eb15ac5aa0ad9a567b"
"poisson_team_ridge_elo_dc","elo_goal_nb","open_core","frozen","rps","regulation_1x2","team_attack|team_defence|venue|elo_diff|dixon_coles","d0f4469931258b3cbf0324b3e72519d44bc09c77e9776dc11ef58a87854f58ec","fold","wc2014","","world_cup",0.221882405690256,0.223316208416854,-0.0014338027265978,64,,,,,,,"bcdc7ac0fbd7ac7aa59902f6bc0c3b7c78ea4d6bc41006eb15ac5aa0ad9a567b"
"poisson_team_ridge_elo_dc","expanding_1x2","open_core","frozen","rps","regulation_1x2","team_attack|team_defence|venue|elo_diff|dixon_coles","d0f4469931258b3cbf0324b3e72519d44bc09c77e9776dc11ef58a87854f58ec","fold","euro2024","","euro",0.198136480328643,0.225207595460973,-0.0270711151323307,51,,,,,,,"bcdc7ac0fbd7ac7aa59902f6bc0c3b7c78ea4d6bc41006eb15ac5aa0ad9a567b"
"poisson_team_ridge_elo_dc","expanding_1x2","open_core","updating","rps","regulation_1x2","team_attack|team_defence|venue|elo_diff|dixon_coles","d0f4469931258b3cbf0324b3e72519d44bc09c77e9776dc11ef58a87854f58ec","fold","euro2024","","euro",0.194228013824881,0.22526830092061,-0.0310402870957284,51,,,,,,,"bcdc7ac0fbd7ac7aa59902f6bc0c3b7c78ea4d6bc41006eb15ac5aa0ad9a567b"
"poisson_team_ridge_elo_dc","uniform_1x2","open_core","updating","rps","regulation_1x2","team_attack|team_defence|venue|elo_diff|dixon_coles","d0f4469931258b3cbf0324b3e72519d44bc09c77e9776dc11ef58a87854f58ec","fold","euro2016","","euro",0.216516256527785,0.225490196078429,-0.00897393955064454,51,,,,,,,"bcdc7ac0fbd7ac7aa59902f6bc0c3b7c78ea4d6bc41006eb15ac5aa0ad9a567b"
"poisson_team_ridge_elo_dc","uniform_1x2","open_core","updating","rps","regulation_1x2","team_attack|team_defence|venue|elo_diff|dixon_coles","d0f4469931258b3cbf0324b3e72519d44bc09c77e9776dc11ef58a87854f58ec","fold","euro2020","","euro",0.192104748257493,0.22549019607843,-0.0333854478209375,51,,,,,,,"bcdc7ac0fbd7ac7aa59902f6bc0c3b7c78ea4d6bc41006eb15ac5aa0ad9a567b"
"poisson_team_ridge_elo_dc","uniform_1x2","open_core","frozen","rps","regulation_1x2","team_attack|team_defence|venue|elo_diff|dixon_coles","d0f4469931258b3cbf0324b3e72519d44bc09c77e9776dc11ef58a87854f58ec","fold","euro2016","","euro",0.21179698920609,0.22549019607843,-0.0136932068723398,51,,,,,,,"bcdc7ac0fbd7ac7aa59902f6bc0c3b7c78ea4d6bc41006eb15ac5aa0ad9a567b"
"poisson_team_ridge_elo_dc","uniform_1x2","open_core","frozen","rps","regulation_1x2","team_attack|team_defence|venue|elo_diff|dixon_coles","d0f4469931258b3cbf0324b3e72519d44bc09c77e9776dc11ef58a87854f58ec","fold","euro2020","","euro",0.203905629940096,0.225490196078431,-0.0215845661383348,51,,,,,,,"bcdc7ac0fbd7ac7aa59902f6bc0c3b7c78ea4d6bc41006eb15ac5aa0ad9a567b"
"poisson_team_ridge_elo_dc","expanding_1x2","open_core","frozen","rps","regulation_1x2","team_attack|team_defence|venue|elo_diff|dixon_coles","d0f4469931258b3cbf0324b3e72519d44bc09c77e9776dc11ef58a87854f58ec","fold","wc2002","","world_cup",0.22051553653366,0.225824157415433,-0.00530862088177291,64,,,,,,,"bcdc7ac0fbd7ac7aa59902f6bc0c3b7c78ea4d6bc41006eb15ac5aa0ad9a567b"
"poisson_team_ridge_elo_dc","open_nb_incumbent","open_core","frozen","rps","regulation_1x2","team_attack|team_defence|venue|elo_diff|dixon_coles","d0f4469931258b3cbf0324b3e72519d44bc09c77e9776dc11ef58a87854f58ec","fold","wc2014","","world_cup",0.221882405690256,0.2258272417331,-0.00394483604284355,64,,,,,,,"bcdc7ac0fbd7ac7aa59902f6bc0c3b7c78ea4d6bc41006eb15ac5aa0ad9a567b"
"poisson_team_ridge_elo_dc","expanding_1x2","open_core","updating","rps","regulation_1x2","team_attack|team_defence|venue|elo_diff|dixon_coles","d0f4469931258b3cbf0324b3e72519d44bc09c77e9776dc11ef58a87854f58ec","fold","wc2002","","world_cup",0.212708939729098,0.225861316572284,-0.0131523768431865,64,,,,,,,"bcdc7ac0fbd7ac7aa59902f6bc0c3b7c78ea4d6bc41006eb15ac5aa0ad9a567b"
"poisson_team_ridge_elo_dc","open_nb_incumbent","open_core","frozen","rps","regulation_1x2","team_attack|team_defence|venue|elo_diff|dixon_coles","d0f4469931258b3cbf0324b3e72519d44bc09c77e9776dc11ef58a87854f58ec","fold","wc2022","","world_cup",0.228896354880575,0.226118808703961,0.00277754617661406,64,,,,,,,"bcdc7ac0fbd7ac7aa59902f6bc0c3b7c78ea4d6bc41006eb15ac5aa0ad9a567b"
"poisson_team_ridge_elo_dc","open_nb_incumbent","open_core","updating","rps","regulation_1x2","team_attack|team_defence|venue|elo_diff|dixon_coles","d0f4469931258b3cbf0324b3e72519d44bc09c77e9776dc11ef58a87854f58ec","fold","euro2012","","euro",0.222663458951597,0.227104724300039,-0.00444126534844203,31,,,,,,,"bcdc7ac0fbd7ac7aa59902f6bc0c3b7c78ea4d6bc41006eb15ac5aa0ad9a567b"
"poisson_team_ridge_elo_dc","production_hybrid_nb","feature_rich","frozen","rps","regulation_1x2","team_attack|team_defence|venue|elo_diff|dixon_coles","d0f4469931258b3cbf0324b3e72519d44bc09c77e9776dc11ef58a87854f58ec","fold","wc2018","","world_cup",0.22457699557333,0.22724105810526,-0.00266406253192982,64,,,,,,,"bcdc7ac0fbd7ac7aa59902f6bc0c3b7c78ea4d6bc41006eb15ac5aa0ad9a567b"
"poisson_team_ridge_elo_dc","expanding_1x2","open_core","frozen","rps","regulation_1x2","team_attack|team_defence|venue|elo_diff|dixon_coles","d0f4469931258b3cbf0324b3e72519d44bc09c77e9776dc11ef58a87854f58ec","fold","euro2016","","euro",0.21179698920609,0.227261591509116,-0.0154646023030256,51,,,,,,,"bcdc7ac0fbd7ac7aa59902f6bc0c3b7c78ea4d6bc41006eb15ac5aa0ad9a567b"
"poisson_team_ridge_elo_dc","expanding_1x2","open_core","updating","rps","regulation_1x2","team_attack|team_defence|venue|elo_diff|dixon_coles","d0f4469931258b3cbf0324b3e72519d44bc09c77e9776dc11ef58a87854f58ec","fold","euro2016","","euro",0.216516256527785,0.227348903289467,-0.0108326467616822,51,,,,,,,"bcdc7ac0fbd7ac7aa59902f6bc0c3b7c78ea4d6bc41006eb15ac5aa0ad9a567b"
"poisson_team_ridge_elo_dc","elo_goal_nb","open_core","frozen","rps","regulation_1x2","team_attack|team_defence|venue|elo_diff|dixon_coles","d0f4469931258b3cbf0324b3e72519d44bc09c77e9776dc11ef58a87854f58ec","fold","wc2022","","world_cup",0.228896354880575,0.227460034050359,0.00143632083021607,64,,,,,,,"bcdc7ac0fbd7ac7aa59902f6bc0c3b7c78ea4d6bc41006eb15ac5aa0ad9a567b"
"poisson_team_ridge_elo_dc","elo_goal_nb","open_core","frozen","rps","regulation_1x2","team_attack|team_defence|venue|elo_diff|dixon_coles","d0f4469931258b3cbf0324b3e72519d44bc09c77e9776dc11ef58a87854f58ec","fold","euro2008","","euro",0.228304825144955,0.227565017482987,0.000739807661967522,31,,,,,,,"bcdc7ac0fbd7ac7aa59902f6bc0c3b7c78ea4d6bc41006eb15ac5aa0ad9a567b"
"poisson_team_ridge_elo_dc","production_hybrid_nb","feature_rich","frozen","rps","regulation_1x2","team_attack|team_defence|venue|elo_diff|dixon_coles","d0f4469931258b3cbf0324b3e72519d44bc09c77e9776dc11ef58a87854f58ec","fold","euro2008","","euro",0.228304825144955,0.228028515914912,0.000276309230042966,31,,,,,,,"bcdc7ac0fbd7ac7aa59902f6bc0c3b7c78ea4d6bc41006eb15ac5aa0ad9a567b"
"poisson_team_ridge_elo_dc","elo_goal_nb","open_core","frozen","rps","regulation_1x2","team_attack|team_defence|venue|elo_diff|dixon_coles","d0f4469931258b3cbf0324b3e72519d44bc09c77e9776dc11ef58a87854f58ec","fold","wc2010","","world_cup",0.220240300489864,0.22821501416497,-0.00797471367510623,64,,,,,,,"bcdc7ac0fbd7ac7aa59902f6bc0c3b7c78ea4d6bc41006eb15ac5aa0ad9a567b"
"poisson_team_ridge_elo_dc","uniform_1x2","open_core","updating","rps","regulation_1x2","team_attack|team_defence|venue|elo_diff|dixon_coles","d0f4469931258b3cbf0324b3e72519d44bc09c77e9776dc11ef58a87854f58ec","fold","wc2002","","world_cup",0.212708939729098,0.228298611111111,-0.0155896713820132,64,,,,,,,"bcdc7ac0fbd7ac7aa59902f6bc0c3b7c78ea4d6bc41006eb15ac5aa0ad9a567b"
"poisson_team_ridge_elo_dc","uniform_1x2","open_core","frozen","rps","regulation_1x2","team_attack|team_defence|venue|elo_diff|dixon_coles","d0f4469931258b3cbf0324b3e72519d44bc09c77e9776dc11ef58a87854f58ec","fold","wc2002","","world_cup",0.22051553653366,0.228298611111114,-0.00778307457745363,64,,,,,,,"bcdc7ac0fbd7ac7aa59902f6bc0c3b7c78ea4d6bc41006eb15ac5aa0ad9a567b"
"poisson_team_ridge_elo_dc","elo_goal_nb","open_core","frozen","rps","regulation_1x2","team_attack|team_defence|venue|elo_diff|dixon_coles","d0f4469931258b3cbf0324b3e72519d44bc09c77e9776dc11ef58a87854f58ec","fold","wc2018","","world_cup",0.22457699557333,0.230619947484092,-0.00604295191076228,64,,,,,,,"bcdc7ac0fbd7ac7aa59902f6bc0c3b7c78ea4d6bc41006eb15ac5aa0ad9a567b"
"poisson_team_ridge_elo_dc","expanding_1x2","open_core","frozen","rps","regulation_1x2","team_attack|team_defence|venue|elo_diff|dixon_coles","d0f4469931258b3cbf0324b3e72519d44bc09c77e9776dc11ef58a87854f58ec","fold","euro2020","","euro",0.203905629940096,0.230797681507235,-0.026892051567139,51,,,,,,,"bcdc7ac0fbd7ac7aa59902f6bc0c3b7c78ea4d6bc41006eb15ac5aa0ad9a567b"
"poisson_team_ridge_elo_dc","open_nb_incumbent","open_core","frozen","rps","regulation_1x2","team_attack|team_defence|venue|elo_diff|dixon_coles","d0f4469931258b3cbf0324b3e72519d44bc09c77e9776dc11ef58a87854f58ec","fold","wc2010","","world_cup",0.220240300489864,0.230807108032634,-0.0105668075427701,64,,,,,,,"bcdc7ac0fbd7ac7aa59902f6bc0c3b7c78ea4d6bc41006eb15ac5aa0ad9a567b"
"poisson_team_ridge_elo_dc","uniform_1x2","open_core","updating","rps","regulation_1x2","team_attack|team_defence|venue|elo_diff|dixon_coles","d0f4469931258b3cbf0324b3e72519d44bc09c77e9776dc11ef58a87854f58ec","fold","wc2010","","world_cup",0.191998790506285,0.230902777777778,-0.0389039872714927,64,,,,,,,"bcdc7ac0fbd7ac7aa59902f6bc0c3b7c78ea4d6bc41006eb15ac5aa0ad9a567b"
"poisson_team_ridge_elo_dc","uniform_1x2","open_core","frozen","rps","regulation_1x2","team_attack|team_defence|venue|elo_diff|dixon_coles","d0f4469931258b3cbf0324b3e72519d44bc09c77e9776dc11ef58a87854f58ec","fold","wc2010","","world_cup",0.220240300489864,0.230902777777778,-0.0106624772879137,64,,,,,,,"bcdc7ac0fbd7ac7aa59902f6bc0c3b7c78ea4d6bc41006eb15ac5aa0ad9a567b"
"poisson_team_ridge_elo_dc","expanding_1x2","open_core","updating","rps","regulation_1x2","team_attack|team_defence|venue|elo_diff|dixon_coles","d0f4469931258b3cbf0324b3e72519d44bc09c77e9776dc11ef58a87854f58ec","fold","euro2020","","euro",0.192104748257493,0.230982895569659,-0.0388781473121664,51,,,,,,,"bcdc7ac0fbd7ac7aa59902f6bc0c3b7c78ea4d6bc41006eb15ac5aa0ad9a567b"
"poisson_team_ridge_elo_dc","uniform_1x2","open_core","updating","rps","regulation_1x2","team_attack|team_defence|venue|elo_diff|dixon_coles","d0f4469931258b3cbf0324b3e72519d44bc09c77e9776dc11ef58a87854f58ec","equal_tournament_headline","","","",0.203908604794913,0.231434811827957,-0.0275262070330436,630,,,,,,,"bcdc7ac0fbd7ac7aa59902f6bc0c3b7c78ea4d6bc41006eb15ac5aa0ad9a567b"
"poisson_team_ridge_elo_dc","uniform_1x2","open_core","frozen","rps","regulation_1x2","team_attack|team_defence|venue|elo_diff|dixon_coles","d0f4469931258b3cbf0324b3e72519d44bc09c77e9776dc11ef58a87854f58ec","equal_tournament_headline","","","",0.216983406940466,0.231434811827957,-0.014451404887491,630,,,,,,,"bcdc7ac0fbd7ac7aa59902f6bc0c3b7c78ea4d6bc41006eb15ac5aa0ad9a567b"
"poisson_team_ridge_elo_dc","uniform_1x2","open_core","updating","rps","regulation_1x2","team_attack|team_defence|venue|elo_diff|dixon_coles","d0f4469931258b3cbf0324b3e72519d44bc09c77e9776dc11ef58a87854f58ec","fixture_weighted_secondary","","","",0.203009211782262,0.231481481481481,-0.0284722696992188,630,,,,,,,"bcdc7ac0fbd7ac7aa59902f6bc0c3b7c78ea4d6bc41006eb15ac5aa0ad9a567b"
"poisson_team_ridge_elo_dc","uniform_1x2","open_core","frozen","rps","regulation_1x2","team_attack|team_defence|venue|elo_diff|dixon_coles","d0f4469931258b3cbf0324b3e72519d44bc09c77e9776dc11ef58a87854f58ec","fixture_weighted_secondary","","","",0.216787991911746,0.231481481481481,-0.0146934895697349,630,,,,,,,"bcdc7ac0fbd7ac7aa59902f6bc0c3b7c78ea4d6bc41006eb15ac5aa0ad9a567b"
"poisson_team_ridge_elo_dc","production_hybrid_nb","feature_rich","frozen","rps","regulation_1x2","team_attack|team_defence|venue|elo_diff|dixon_coles","d0f4469931258b3cbf0324b3e72519d44bc09c77e9776dc11ef58a87854f58ec","fold","wc2010","","world_cup",0.221811631662568,0.231714769293689,-0.0099031376311204,61,,,,,,,"bcdc7ac0fbd7ac7aa59902f6bc0c3b7c78ea4d6bc41006eb15ac5aa0ad9a567b"
"poisson_team_ridge_elo_dc","open_nb_incumbent","open_core","frozen","rps","regulation_1x2","team_attack|team_defence|venue|elo_diff|dixon_coles","d0f4469931258b3cbf0324b3e72519d44bc09c77e9776dc11ef58a87854f58ec","fold","euro2008","","euro",0.228304825144955,0.233089752424003,-0.00478492727904832,31,,,,,,,"bcdc7ac0fbd7ac7aa59902f6bc0c3b7c78ea4d6bc41006eb15ac5aa0ad9a567b"
"poisson_team_ridge_elo_dc","uniform_1x2","open_core","frozen","rps","regulation_1x2","team_attack|team_defence|venue|elo_diff|dixon_coles","d0f4469931258b3cbf0324b3e72519d44bc09c77e9776dc11ef58a87854f58ec","fold","wc2006","","world_cup",0.20454978662172,0.23350694444444,-0.02895715782272,64,,,,,,,"bcdc7ac0fbd7ac7aa59902f6bc0c3b7c78ea4d6bc41006eb15ac5aa0ad9a567b"
"poisson_team_ridge_elo_dc","uniform_1x2","open_core","updating","rps","regulation_1x2","team_attack|team_defence|venue|elo_diff|dixon_coles","d0f4469931258b3cbf0324b3e72519d44bc09c77e9776dc11ef58a87854f58ec","fold","wc2006","","world_cup",0.176870944995035,0.233506944444443,-0.0566359994494077,64,,,,,,,"bcdc7ac0fbd7ac7aa59902f6bc0c3b7c78ea4d6bc41006eb15ac5aa0ad9a567b"
"poisson_team_ridge_elo_dc","uniform_1x2","open_core","updating","rps","regulation_1x2","team_attack|team_defence|venue|elo_diff|dixon_coles","d0f4469931258b3cbf0324b3e72519d44bc09c77e9776dc11ef58a87854f58ec","fold","wc2014","","world_cup",0.211707794580693,0.233506944444444,-0.0217991498637511,64,,,,,,,"bcdc7ac0fbd7ac7aa59902f6bc0c3b7c78ea4d6bc41006eb15ac5aa0ad9a567b"
"poisson_team_ridge_elo_dc","uniform_1x2","open_core","frozen","rps","regulation_1x2","team_attack|team_defence|venue|elo_diff|dixon_coles","d0f4469931258b3cbf0324b3e72519d44bc09c77e9776dc11ef58a87854f58ec","fold","wc2014","","world_cup",0.221882405690256,0.233506944444445,-0.0116245387541883,64,,,,,,,"bcdc7ac0fbd7ac7aa59902f6bc0c3b7c78ea4d6bc41006eb15ac5aa0ad9a567b"
"poisson_team_ridge_elo_dc","expanding_1x2","open_core","updating","rps","regulation_1x2","team_attack|team_defence|venue|elo_diff|dixon_coles","d0f4469931258b3cbf0324b3e72519d44bc09c77e9776dc11ef58a87854f58ec","fixture_weighted_secondary","","","",0.203009211782262,0.23401862928916,-0.0310094175068974,630,,,,,,,"bcdc7ac0fbd7ac7aa59902f6bc0c3b7c78ea4d6bc41006eb15ac5aa0ad9a567b"
"poisson_team_ridge_elo_dc","expanding_1x2","open_core","frozen","rps","regulation_1x2","team_attack|team_defence|venue|elo_diff|dixon_coles","d0f4469931258b3cbf0324b3e72519d44bc09c77e9776dc11ef58a87854f58ec","fixture_weighted_secondary","","","",0.216787991911746,0.234046704117589,-0.0172587122058426,630,,,,,,,"bcdc7ac0fbd7ac7aa59902f6bc0c3b7c78ea4d6bc41006eb15ac5aa0ad9a567b"
"poisson_team_ridge_elo_dc","open_nb_incumbent","open_core","frozen","rps","regulation_1x2","team_attack|team_defence|venue|elo_diff|dixon_coles","d0f4469931258b3cbf0324b3e72519d44bc09c77e9776dc11ef58a87854f58ec","fold","wc2018","","world_cup",0.22457699557333,0.234575823914353,-0.00999882834102329,64,,,,,,,"bcdc7ac0fbd7ac7aa59902f6bc0c3b7c78ea4d6bc41006eb15ac5aa0ad9a567b"
"poisson_team_ridge_elo_dc","production_hybrid_nb","feature_rich","updating","rps","regulation_1x2","team_attack|team_defence|venue|elo_diff|dixon_coles","d0f4469931258b3cbf0324b3e72519d44bc09c77e9776dc11ef58a87854f58ec","fold","euro2012","","euro",0.229703338691337,0.234600469568812,-0.00489713087747525,28,,,,,,,"bcdc7ac0fbd7ac7aa59902f6bc0c3b7c78ea4d6bc41006eb15ac5aa0ad9a567b"
"poisson_team_ridge_elo_dc","expanding_1x2","open_core","updating","rps","regulation_1x2","team_attack|team_defence|venue|elo_diff|dixon_coles","d0f4469931258b3cbf0324b3e72519d44bc09c77e9776dc11ef58a87854f58ec","equal_tournament_headline","","","",0.203908604794913,0.235146944074474,-0.0312383392795608,630,,,,,,,"bcdc7ac0fbd7ac7aa59902f6bc0c3b7c78ea4d6bc41006eb15ac5aa0ad9a567b"
"poisson_team_ridge_elo_dc","expanding_1x2","open_core","frozen","rps","regulation_1x2","team_attack|team_defence|venue|elo_diff|dixon_coles","d0f4469931258b3cbf0324b3e72519d44bc09c77e9776dc11ef58a87854f58ec","equal_tournament_headline","","","",0.216983406940466,0.235193730960201,-0.0182103240197352,630,,,,,,,"bcdc7ac0fbd7ac7aa59902f6bc0c3b7c78ea4d6bc41006eb15ac5aa0ad9a567b"
"poisson_team_ridge_elo_dc","expanding_1x2","open_core","updating","rps","regulation_1x2","team_attack|team_defence|venue|elo_diff|dixon_coles","d0f4469931258b3cbf0324b3e72519d44bc09c77e9776dc11ef58a87854f58ec","fold","wc2022","","world_cup",0.21789359365587,0.235293526070556,-0.0173999324146865,64,,,,,,,"bcdc7ac0fbd7ac7aa59902f6bc0c3b7c78ea4d6bc41006eb15ac5aa0ad9a567b"
"poisson_team_ridge_elo_dc","expanding_1x2","open_core","frozen","rps","regulation_1x2","team_attack|team_defence|venue|elo_diff|dixon_coles","d0f4469931258b3cbf0324b3e72519d44bc09c77e9776dc11ef58a87854f58ec","fold","wc2022","","world_cup",0.228896354880575,0.235312919221245,-0.00641656434067045,64,,,,,,,"bcdc7ac0fbd7ac7aa59902f6bc0c3b7c78ea4d6bc41006eb15ac5aa0ad9a567b"
"poisson_team_ridge_elo_dc","expanding_1x2","open_core","frozen","rps","regulation_1x2","team_attack|team_defence|venue|elo_diff|dixon_coles","d0f4469931258b3cbf0324b3e72519d44bc09c77e9776dc11ef58a87854f58ec","fold","wc2014","","world_cup",0.221882405690256,0.237827219026287,-0.0159448133360304,64,,,,,,,"bcdc7ac0fbd7ac7aa59902f6bc0c3b7c78ea4d6bc41006eb15ac5aa0ad9a567b"
"poisson_team_ridge_elo_dc","expanding_1x2","open_core","updating","rps","regulation_1x2","team_attack|team_defence|venue|elo_diff|dixon_coles","d0f4469931258b3cbf0324b3e72519d44bc09c77e9776dc11ef58a87854f58ec","fold","wc2014","","world_cup",0.211707794580693,0.23785716685019,-0.0261493722694973,64,,,,,,,"bcdc7ac0fbd7ac7aa59902f6bc0c3b7c78ea4d6bc41006eb15ac5aa0ad9a567b"
"poisson_team_ridge_elo_dc","expanding_1x2","open_core","updating","rps","regulation_1x2","team_attack|team_defence|venue|elo_diff|dixon_coles","d0f4469931258b3cbf0324b3e72519d44bc09c77e9776dc11ef58a87854f58ec","fold","wc2010","","world_cup",0.191998790506285,0.237873343461482,-0.0458745529551966,64,,,,,,,"bcdc7ac0fbd7ac7aa59902f6bc0c3b7c78ea4d6bc41006eb15ac5aa0ad9a567b"
"poisson_team_ridge_elo_dc","expanding_1x2","open_core","frozen","rps","regulation_1x2","team_attack|team_defence|venue|elo_diff|dixon_coles","d0f4469931258b3cbf0324b3e72519d44bc09c77e9776dc11ef58a87854f58ec","fold","wc2010","","world_cup",0.220240300489864,0.237998093302875,-0.0177577928130114,64,,,,,,,"bcdc7ac0fbd7ac7aa59902f6bc0c3b7c78ea4d6bc41006eb15ac5aa0ad9a567b"
"poisson_team_ridge_elo_dc","uniform_1x2","open_core","updating","rps","regulation_1x2","team_attack|team_defence|venue|elo_diff|dixon_coles","d0f4469931258b3cbf0324b3e72519d44bc09c77e9776dc11ef58a87854f58ec","fold","wc2022","","world_cup",0.21789359365587,0.238715277777779,-0.0208216841219093,64,,,,,,,"bcdc7ac0fbd7ac7aa59902f6bc0c3b7c78ea4d6bc41006eb15ac5aa0ad9a567b"
"poisson_team_ridge_elo_dc","uniform_1x2","open_core","frozen","rps","regulation_1x2","team_attack|team_defence|venue|elo_diff|dixon_coles","d0f4469931258b3cbf0324b3e72519d44bc09c77e9776dc11ef58a87854f58ec","fold","wc2022","","world_cup",0.228896354880575,0.238715277777779,-0.00981892289720425,64,,,,,,,"bcdc7ac0fbd7ac7aa59902f6bc0c3b7c78ea4d6bc41006eb15ac5aa0ad9a567b"
"poisson_team_ridge_elo_dc","uniform_1x2","open_core","frozen","rps","regulation_1x2","team_attack|team_defence|venue|elo_diff|dixon_coles","d0f4469931258b3cbf0324b3e72519d44bc09c77e9776dc11ef58a87854f58ec","fold","euro2012","","euro",0.238254957550914,0.240143369175627,-0.00188841162471324,31,,,,,,,"bcdc7ac0fbd7ac7aa59902f6bc0c3b7c78ea4d6bc41006eb15ac5aa0ad9a567b"
"poisson_team_ridge_elo_dc","uniform_1x2","open_core","updating","rps","regulation_1x2","team_attack|team_defence|venue|elo_diff|dixon_coles","d0f4469931258b3cbf0324b3e72519d44bc09c77e9776dc11ef58a87854f58ec","fold","euro2012","","euro",0.222663458951597,0.240143369175628,-0.0174799102240303,31,,,,,,,"bcdc7ac0fbd7ac7aa59902f6bc0c3b7c78ea4d6bc41006eb15ac5aa0ad9a567b"
"poisson_team_ridge_elo_dc","uniform_1x2","open_core","updating","rps","regulation_1x2","team_attack|team_defence|venue|elo_diff|dixon_coles","d0f4469931258b3cbf0324b3e72519d44bc09c77e9776dc11ef58a87854f58ec","fold","wc2018","","world_cup",0.200481211288002,0.241319444444444,-0.040838233156442,64,,,,,,,"bcdc7ac0fbd7ac7aa59902f6bc0c3b7c78ea4d6bc41006eb15ac5aa0ad9a567b"
"poisson_team_ridge_elo_dc","uniform_1x2","open_core","frozen","rps","regulation_1x2","team_attack|team_defence|venue|elo_diff|dixon_coles","d0f4469931258b3cbf0324b3e72519d44bc09c77e9776dc11ef58a87854f58ec","fold","wc2018","","world_cup",0.22457699557333,0.241319444444445,-0.0167424488711152,64,,,,,,,"bcdc7ac0fbd7ac7aa59902f6bc0c3b7c78ea4d6bc41006eb15ac5aa0ad9a567b"
"poisson_team_ridge_elo_dc","elo_goal_nb","open_core","frozen","rps","regulation_1x2","team_attack|team_defence|venue|elo_diff|dixon_coles","d0f4469931258b3cbf0324b3e72519d44bc09c77e9776dc11ef58a87854f58ec","fold","euro2012","","euro",0.238254957550914,0.242627431108916,-0.00437247355800229,31,,,,,,,"bcdc7ac0fbd7ac7aa59902f6bc0c3b7c78ea4d6bc41006eb15ac5aa0ad9a567b"
"poisson_team_ridge_elo_dc","uniform_1x2","open_core","frozen","rps","regulation_1x2","team_attack|team_defence|venue|elo_diff|dixon_coles","d0f4469931258b3cbf0324b3e72519d44bc09c77e9776dc11ef58a87854f58ec","fold","euro2008","","euro",0.228304825144955,0.245519713261648,-0.0172148881166934,31,,,,,,,"bcdc7ac0fbd7ac7aa59902f6bc0c3b7c78ea4d6bc41006eb15ac5aa0ad9a567b"
"poisson_team_ridge_elo_dc","uniform_1x2","open_core","updating","rps","regulation_1x2","team_attack|team_defence|venue|elo_diff|dixon_coles","d0f4469931258b3cbf0324b3e72519d44bc09c77e9776dc11ef58a87854f58ec","fold","euro2008","","euro",0.210091591508593,0.245519713261649,-0.035428121753056,31,,,,,,,"bcdc7ac0fbd7ac7aa59902f6bc0c3b7c78ea4d6bc41006eb15ac5aa0ad9a567b"
"poisson_team_ridge_elo_dc","open_nb_incumbent","open_core","frozen","rps","regulation_1x2","team_attack|team_defence|venue|elo_diff|dixon_coles","d0f4469931258b3cbf0324b3e72519d44bc09c77e9776dc11ef58a87854f58ec","fold","euro2012","","euro",0.238254957550914,0.247874705456687,-0.00961974790577325,31,,,,,,,"bcdc7ac0fbd7ac7aa59902f6bc0c3b7c78ea4d6bc41006eb15ac5aa0ad9a567b"
"poisson_team_ridge_elo_dc","expanding_1x2","open_core","updating","rps","regulation_1x2","team_attack|team_defence|venue|elo_diff|dixon_coles","d0f4469931258b3cbf0324b3e72519d44bc09c77e9776dc11ef58a87854f58ec","fold","wc2018","","world_cup",0.200481211288002,0.249904094958613,-0.0494228836706116,64,,,,,,,"bcdc7ac0fbd7ac7aa59902f6bc0c3b7c78ea4d6bc41006eb15ac5aa0ad9a567b"
"poisson_team_ridge_elo_dc","expanding_1x2","open_core","frozen","rps","regulation_1x2","team_attack|team_defence|venue|elo_diff|dixon_coles","d0f4469931258b3cbf0324b3e72519d44bc09c77e9776dc11ef58a87854f58ec","fold","wc2018","","world_cup",0.22457699557333,0.250073689586583,-0.0254966940132531,64,,,,,,,"bcdc7ac0fbd7ac7aa59902f6bc0c3b7c78ea4d6bc41006eb15ac5aa0ad9a567b"
"poisson_team_ridge_elo_dc","production_hybrid_nb","feature_rich","frozen","rps","regulation_1x2","team_attack|team_defence|venue|elo_diff|dixon_coles","d0f4469931258b3cbf0324b3e72519d44bc09c77e9776dc11ef58a87854f58ec","fold","euro2012","","euro",0.239337975986548,0.253610006851323,-0.0142720308647748,28,,,,,,,"bcdc7ac0fbd7ac7aa59902f6bc0c3b7c78ea4d6bc41006eb15ac5aa0ad9a567b"
"poisson_team_ridge_elo_dc","expanding_1x2","open_core","updating","rps","regulation_1x2","team_attack|team_defence|venue|elo_diff|dixon_coles","d0f4469931258b3cbf0324b3e72519d44bc09c77e9776dc11ef58a87854f58ec","fold","euro2012","","euro",0.222663458951597,0.253759356367876,-0.0310958974162785,31,,,,,,,"bcdc7ac0fbd7ac7aa59902f6bc0c3b7c78ea4d6bc41006eb15ac5aa0ad9a567b"
"poisson_team_ridge_elo_dc","expanding_1x2","open_core","frozen","rps","regulation_1x2","team_attack|team_defence|venue|elo_diff|dixon_coles","d0f4469931258b3cbf0324b3e72519d44bc09c77e9776dc11ef58a87854f58ec","fold","euro2012","","euro",0.238254957550914,0.253869302014132,-0.0156143444632184,31,,,,,,,"bcdc7ac0fbd7ac7aa59902f6bc0c3b7c78ea4d6bc41006eb15ac5aa0ad9a567b"
"poisson_team_ridge_elo_dc","expanding_1x2","open_core","updating","rps","regulation_1x2","team_attack|team_defence|venue|elo_diff|dixon_coles","d0f4469931258b3cbf0324b3e72519d44bc09c77e9776dc11ef58a87854f58ec","fold","euro2008","","euro",0.210091591508593,0.261110264571922,-0.0510186730633288,31,,,,,,,"bcdc7ac0fbd7ac7aa59902f6bc0c3b7c78ea4d6bc41006eb15ac5aa0ad9a567b"
"poisson_team_ridge_elo_dc","expanding_1x2","open_core","frozen","rps","regulation_1x2","team_attack|team_defence|venue|elo_diff|dixon_coles","d0f4469931258b3cbf0324b3e72519d44bc09c77e9776dc11ef58a87854f58ec","fold","euro2008","","euro",0.228304825144955,0.26180962201498,-0.0335047968700253,31,,,,,,,"bcdc7ac0fbd7ac7aa59902f6bc0c3b7c78ea4d6bc41006eb15ac5aa0ad9a567b"
"poisson_team_ridge_elo_dc","elo_goal_nb","open_core","frozen","rps","regulation_1x2","team_attack|team_defence|venue|elo_diff|dixon_coles","d0f4469931258b3cbf0324b3e72519d44bc09c77e9776dc11ef58a87854f58ec","leave_one_tournament_out","","euro2020","",,,-0.00462150112339428,,,,,,,,"bcdc7ac0fbd7ac7aa59902f6bc0c3b7c78ea4d6bc41006eb15ac5aa0ad9a567b"
"poisson_team_ridge_elo_dc","elo_goal_nb","open_core","frozen","rps","regulation_1x2","team_attack|team_defence|venue|elo_diff|dixon_coles","d0f4469931258b3cbf0324b3e72519d44bc09c77e9776dc11ef58a87854f58ec","leave_one_tournament_out","","euro2024","",,,-0.00502767752372906,,,,,,,,"bcdc7ac0fbd7ac7aa59902f6bc0c3b7c78ea4d6bc41006eb15ac5aa0ad9a567b"
"poisson_team_ridge_elo_dc","elo_goal_nb","open_core","frozen","rps","regulation_1x2","team_attack|team_defence|venue|elo_diff|dixon_coles","d0f4469931258b3cbf0324b3e72519d44bc09c77e9776dc11ef58a87854f58ec","leave_one_tournament_out","","wc2010","",,,-0.00528073010313327,,,,,,,,"bcdc7ac0fbd7ac7aa59902f6bc0c3b7c78ea4d6bc41006eb15ac5aa0ad9a567b"
"poisson_team_ridge_elo_dc","elo_goal_nb","open_core","frozen","rps","regulation_1x2","team_attack|team_defence|venue|elo_diff|dixon_coles","d0f4469931258b3cbf0324b3e72519d44bc09c77e9776dc11ef58a87854f58ec","leave_one_tournament_out","","euro2016","",,,-0.00529692651631734,,,,,,,,"bcdc7ac0fbd7ac7aa59902f6bc0c3b7c78ea4d6bc41006eb15ac5aa0ad9a567b"
"poisson_team_ridge_elo_dc","elo_goal_nb","open_core","frozen","rps","regulation_1x2","team_attack|team_defence|venue|elo_diff|dixon_coles","d0f4469931258b3cbf0324b3e72519d44bc09c77e9776dc11ef58a87854f58ec","leave_one_tournament_out","","wc2006","",,,-0.00531523656685726,,,,,,,,"bcdc7ac0fbd7ac7aa59902f6bc0c3b7c78ea4d6bc41006eb15ac5aa0ad9a567b"
"poisson_team_ridge_elo_dc","elo_goal_nb","open_core","frozen","rps","regulation_1x2","team_attack|team_defence|venue|elo_diff|dixon_coles","d0f4469931258b3cbf0324b3e72519d44bc09c77e9776dc11ef58a87854f58ec","leave_one_tournament_out","","wc2018","",,,-0.00545634480898272,,,,,,,,"bcdc7ac0fbd7ac7aa59902f6bc0c3b7c78ea4d6bc41006eb15ac5aa0ad9a567b"
"poisson_team_ridge_elo_dc","elo_goal_nb","open_core","frozen","rps","regulation_1x2","team_attack|team_defence|venue|elo_diff|dixon_coles","d0f4469931258b3cbf0324b3e72519d44bc09c77e9776dc11ef58a87854f58ec","tournament_bootstrap","","","",,,-0.00550522873413102,,-0.00820527562172073,-0.00295854494073907,,,,,"bcdc7ac0fbd7ac7aa59902f6bc0c3b7c78ea4d6bc41006eb15ac5aa0ad9a567b"
"poisson_team_ridge_elo_dc","elo_goal_nb","open_core","frozen","rps","regulation_1x2","team_attack|team_defence|venue|elo_diff|dixon_coles","d0f4469931258b3cbf0324b3e72519d44bc09c77e9776dc11ef58a87854f58ec","leave_one_tournament_out","","euro2004","",,,-0.00557916178393237,,,,,,,,"bcdc7ac0fbd7ac7aa59902f6bc0c3b7c78ea4d6bc41006eb15ac5aa0ad9a567b"
"poisson_team_ridge_elo_dc","elo_goal_nb","open_core","frozen","rps","regulation_1x2","team_attack|team_defence|venue|elo_diff|dixon_coles","d0f4469931258b3cbf0324b3e72519d44bc09c77e9776dc11ef58a87854f58ec","leave_one_tournament_out","","euro2012","",,,-0.00560820647741545,,,,,,,,"bcdc7ac0fbd7ac7aa59902f6bc0c3b7c78ea4d6bc41006eb15ac5aa0ad9a567b"
"poisson_team_ridge_elo_dc","elo_goal_nb","open_core","frozen","rps","regulation_1x2","team_attack|team_defence|venue|elo_diff|dixon_coles","d0f4469931258b3cbf0324b3e72519d44bc09c77e9776dc11ef58a87854f58ec","leave_one_tournament_out","","wc2002","",,,-0.00579236352451021,,,,,,,,"bcdc7ac0fbd7ac7aa59902f6bc0c3b7c78ea4d6bc41006eb15ac5aa0ad9a567b"
"poisson_team_ridge_elo_dc","elo_goal_nb","open_core","frozen","rps","regulation_1x2","team_attack|team_defence|venue|elo_diff|dixon_coles","d0f4469931258b3cbf0324b3e72519d44bc09c77e9776dc11ef58a87854f58ec","leave_one_tournament_out","","wc2014","",,,-0.00587535837117949,,,,,,,,"bcdc7ac0fbd7ac7aa59902f6bc0c3b7c78ea4d6bc41006eb15ac5aa0ad9a567b"
"poisson_team_ridge_elo_dc","elo_goal_nb","open_core","frozen","rps","regulation_1x2","team_attack|team_defence|venue|elo_diff|dixon_coles","d0f4469931258b3cbf0324b3e72519d44bc09c77e9776dc11ef58a87854f58ec","leave_one_tournament_out","","euro2008","",,,-0.00607295931559452,,,,,,,,"bcdc7ac0fbd7ac7aa59902f6bc0c3b7c78ea4d6bc41006eb15ac5aa0ad9a567b"
"poisson_team_ridge_elo_dc","elo_goal_nb","open_core","frozen","rps","regulation_1x2","team_attack|team_defence|venue|elo_diff|dixon_coles","d0f4469931258b3cbf0324b3e72519d44bc09c77e9776dc11ef58a87854f58ec","leave_one_tournament_out","","wc2022","",,,-0.0061362786945262,,,,,,,,"bcdc7ac0fbd7ac7aa59902f6bc0c3b7c78ea4d6bc41006eb15ac5aa0ad9a567b"
"poisson_team_ridge_elo_dc","elo_goal_nb","open_core","updating","rps","regulation_1x2","team_attack|team_defence|venue|elo_diff|dixon_coles","d0f4469931258b3cbf0324b3e72519d44bc09c77e9776dc11ef58a87854f58ec","leave_one_tournament_out","","wc2022","",,,0.00104359850722001,,,,,,,,"bcdc7ac0fbd7ac7aa59902f6bc0c3b7c78ea4d6bc41006eb15ac5aa0ad9a567b"
"poisson_team_ridge_elo_dc","elo_goal_nb","open_core","updating","rps","regulation_1x2","team_attack|team_defence|venue|elo_diff|dixon_coles","d0f4469931258b3cbf0324b3e72519d44bc09c77e9776dc11ef58a87854f58ec","leave_one_tournament_out","","euro2020","",,,0.00107852024005484,,,,,,,,"bcdc7ac0fbd7ac7aa59902f6bc0c3b7c78ea4d6bc41006eb15ac5aa0ad9a567b"
"poisson_team_ridge_elo_dc","elo_goal_nb","open_core","updating","rps","regulation_1x2","team_attack|team_defence|venue|elo_diff|dixon_coles","d0f4469931258b3cbf0324b3e72519d44bc09c77e9776dc11ef58a87854f58ec","leave_one_tournament_out","","wc2014","",,,0.00115673163191653,,,,,,,,"bcdc7ac0fbd7ac7aa59902f6bc0c3b7c78ea4d6bc41006eb15ac5aa0ad9a567b"
"poisson_team_ridge_elo_dc","elo_goal_nb","open_core","updating","rps","regulation_1x2","team_attack|team_defence|venue|elo_diff|dixon_coles","d0f4469931258b3cbf0324b3e72519d44bc09c77e9776dc11ef58a87854f58ec","leave_one_tournament_out","","euro2008","",,,0.00123042369067711,,,,,,,,"bcdc7ac0fbd7ac7aa59902f6bc0c3b7c78ea4d6bc41006eb15ac5aa0ad9a567b"
"poisson_team_ridge_elo_dc","elo_goal_nb","open_core","updating","rps","regulation_1x2","team_attack|team_defence|venue|elo_diff|dixon_coles","d0f4469931258b3cbf0324b3e72519d44bc09c77e9776dc11ef58a87854f58ec","leave_one_tournament_out","","euro2004","",,,0.00140006570284654,,,,,,,,"bcdc7ac0fbd7ac7aa59902f6bc0c3b7c78ea4d6bc41006eb15ac5aa0ad9a567b"
"poisson_team_ridge_elo_dc","elo_goal_nb","open_core","updating","rps","regulation_1x2","team_attack|team_defence|venue|elo_diff|dixon_coles","d0f4469931258b3cbf0324b3e72519d44bc09c77e9776dc11ef58a87854f58ec","tournament_bootstrap","","","",,,0.00143488141524019,,-0.000196234280422346,0.00302819606913036,,,,,"bcdc7ac0fbd7ac7aa59902f6bc0c3b7c78ea4d6bc41006eb15ac5aa0ad9a567b"
"poisson_team_ridge_elo_dc","elo_goal_nb","open_core","updating","rps","regulation_1x2","team_attack|team_defence|venue|elo_diff|dixon_coles","d0f4469931258b3cbf0324b3e72519d44bc09c77e9776dc11ef58a87854f58ec","leave_one_tournament_out","","wc2010","",,,0.00144564640942638,,,,,,,,"bcdc7ac0fbd7ac7aa59902f6bc0c3b7c78ea4d6bc41006eb15ac5aa0ad9a567b"
"poisson_team_ridge_elo_dc","elo_goal_nb","open_core","updating","rps","regulation_1x2","team_attack|team_defence|venue|elo_diff|dixon_coles","d0f4469931258b3cbf0324b3e72519d44bc09c77e9776dc11ef58a87854f58ec","leave_one_tournament_out","","euro2012","",,,0.00144944763947595,,,,,,,,"bcdc7ac0fbd7ac7aa59902f6bc0c3b7c78ea4d6bc41006eb15ac5aa0ad9a567b"
"poisson_team_ridge_elo_dc","elo_goal_nb","open_core","updating","rps","regulation_1x2","team_attack|team_defence|venue|elo_diff|dixon_coles","d0f4469931258b3cbf0324b3e72519d44bc09c77e9776dc11ef58a87854f58ec","leave_one_tournament_out","","wc2018","",,,0.0015387764687934,,,,,,,,"bcdc7ac0fbd7ac7aa59902f6bc0c3b7c78ea4d6bc41006eb15ac5aa0ad9a567b"
"poisson_team_ridge_elo_dc","elo_goal_nb","open_core","updating","rps","regulation_1x2","team_attack|team_defence|venue|elo_diff|dixon_coles","d0f4469931258b3cbf0324b3e72519d44bc09c77e9776dc11ef58a87854f58ec","leave_one_tournament_out","","wc2006","",,,0.00156571364505626,,,,,,,,"bcdc7ac0fbd7ac7aa59902f6bc0c3b7c78ea4d6bc41006eb15ac5aa0ad9a567b"
"poisson_team_ridge_elo_dc","elo_goal_nb","open_core","updating","rps","regulation_1x2","team_attack|team_defence|venue|elo_diff|dixon_coles","d0f4469931258b3cbf0324b3e72519d44bc09c77e9776dc11ef58a87854f58ec","leave_one_tournament_out","","wc2002","",,,0.00166571152801743,,,,,,,,"bcdc7ac0fbd7ac7aa59902f6bc0c3b7c78ea4d6bc41006eb15ac5aa0ad9a567b"
"poisson_team_ridge_elo_dc","elo_goal_nb","open_core","updating","rps","regulation_1x2","team_attack|team_defence|venue|elo_diff|dixon_coles","d0f4469931258b3cbf0324b3e72519d44bc09c77e9776dc11ef58a87854f58ec","leave_one_tournament_out","","euro2016","",,,0.00166943242961019,,,,,,,,"bcdc7ac0fbd7ac7aa59902f6bc0c3b7c78ea4d6bc41006eb15ac5aa0ad9a567b"
"poisson_team_ridge_elo_dc","elo_goal_nb","open_core","updating","rps","regulation_1x2","team_attack|team_defence|venue|elo_diff|dixon_coles","d0f4469931258b3cbf0324b3e72519d44bc09c77e9776dc11ef58a87854f58ec","leave_one_tournament_out","","euro2024","",,,0.00197450908978762,,,,,,,,"bcdc7ac0fbd7ac7aa59902f6bc0c3b7c78ea4d6bc41006eb15ac5aa0ad9a567b"
"poisson_team_ridge_elo_dc","elo_goal_nb","open_core","updating","rps","regulation_1x2","team_attack|team_defence|venue|elo_diff|dixon_coles","d0f4469931258b3cbf0324b3e72519d44bc09c77e9776dc11ef58a87854f58ec","fold_breadth","","","",,,,,,,4,2,2,0.00573899340346217,"bcdc7ac0fbd7ac7aa59902f6bc0c3b7c78ea4d6bc41006eb15ac5aa0ad9a567b"
"poisson_team_ridge_elo_dc","elo_goal_nb","open_core","frozen","rps","regulation_1x2","team_attack|team_defence|venue|elo_diff|dixon_coles","d0f4469931258b3cbf0324b3e72519d44bc09c77e9776dc11ef58a87854f58ec","fold_breadth","","","",,,,,,,10,5,5,0.00143632083021607,"bcdc7ac0fbd7ac7aa59902f6bc0c3b7c78ea4d6bc41006eb15ac5aa0ad9a567b"
"poisson_team_ridge_elo_dc","expanding_1x2","open_core","frozen","rps","regulation_1x2","team_attack|team_defence|venue|elo_diff|dixon_coles","d0f4469931258b3cbf0324b3e72519d44bc09c77e9776dc11ef58a87854f58ec","leave_one_tournament_out","","euro2008","",,,-0.0168199173969816,,,,,,,,"bcdc7ac0fbd7ac7aa59902f6bc0c3b7c78ea4d6bc41006eb15ac5aa0ad9a567b"
"poisson_team_ridge_elo_dc","expanding_1x2","open_core","frozen","rps","regulation_1x2","team_attack|team_defence|venue|elo_diff|dixon_coles","d0f4469931258b3cbf0324b3e72519d44bc09c77e9776dc11ef58a87854f58ec","leave_one_tournament_out","","euro2024","",,,-0.0174047975549538,,,,,,,,"bcdc7ac0fbd7ac7aa59902f6bc0c3b7c78ea4d6bc41006eb15ac5aa0ad9a567b"
"poisson_team_ridge_elo_dc","expanding_1x2","open_core","frozen","rps","regulation_1x2","team_attack|team_defence|venue|elo_diff|dixon_coles","d0f4469931258b3cbf0324b3e72519d44bc09c77e9776dc11ef58a87854f58ec","leave_one_tournament_out","","euro2020","",,,-0.0174210760608803,,,,,,,,"bcdc7ac0fbd7ac7aa59902f6bc0c3b7c78ea4d6bc41006eb15ac5aa0ad9a567b"
"poisson_team_ridge_elo_dc","expanding_1x2","open_core","frozen","rps","regulation_1x2","team_attack|team_defence|venue|elo_diff|dixon_coles","d0f4469931258b3cbf0324b3e72519d44bc09c77e9776dc11ef58a87854f58ec","leave_one_tournament_out","","wc2018","",,,-0.0175479267475972,,,,,,,,"bcdc7ac0fbd7ac7aa59902f6bc0c3b7c78ea4d6bc41006eb15ac5aa0ad9a567b"
"poisson_team_ridge_elo_dc","expanding_1x2","open_core","frozen","rps","regulation_1x2","team_attack|team_defence|venue|elo_diff|dixon_coles","d0f4469931258b3cbf0324b3e72519d44bc09c77e9776dc11ef58a87854f58ec","tournament_bootstrap","","","",,,-0.0182103240197352,,-0.0228855363744104,-0.0136466396730873,,,,,"bcdc7ac0fbd7ac7aa59902f6bc0c3b7c78ea4d6bc41006eb15ac5aa0ad9a567b"
"poisson_team_ridge_elo_dc","expanding_1x2","open_core","frozen","rps","regulation_1x2","team_attack|team_defence|venue|elo_diff|dixon_coles","d0f4469931258b3cbf0324b3e72519d44bc09c77e9776dc11ef58a87854f58ec","leave_one_tournament_out","","euro2004","",,,-0.0182430876456442,,,,,,,,"bcdc7ac0fbd7ac7aa59902f6bc0c3b7c78ea4d6bc41006eb15ac5aa0ad9a567b"
"poisson_team_ridge_elo_dc","expanding_1x2","open_core","frozen","rps","regulation_1x2","team_attack|team_defence|venue|elo_diff|dixon_coles","d0f4469931258b3cbf0324b3e72519d44bc09c77e9776dc11ef58a87854f58ec","leave_one_tournament_out","","wc2010","",,,-0.0182514632203465,,,,,,,,"bcdc7ac0fbd7ac7aa59902f6bc0c3b7c78ea4d6bc41006eb15ac5aa0ad9a567b"
"poisson_team_ridge_elo_dc","expanding_1x2","open_core","frozen","rps","regulation_1x2","team_attack|team_defence|venue|elo_diff|dixon_coles","d0f4469931258b3cbf0324b3e72519d44bc09c77e9776dc11ef58a87854f58ec","leave_one_tournament_out","","wc2014","",,,-0.0184162795364356,,,,,,,,"bcdc7ac0fbd7ac7aa59902f6bc0c3b7c78ea4d6bc41006eb15ac5aa0ad9a567b"
"poisson_team_ridge_elo_dc","expanding_1x2","open_core","frozen","rps","regulation_1x2","team_attack|team_defence|venue|elo_diff|dixon_coles","d0f4469931258b3cbf0324b3e72519d44bc09c77e9776dc11ef58a87854f58ec","leave_one_tournament_out","","euro2012","",,,-0.0184463221612367,,,,,,,,"bcdc7ac0fbd7ac7aa59902f6bc0c3b7c78ea4d6bc41006eb15ac5aa0ad9a567b"
"poisson_team_ridge_elo_dc","expanding_1x2","open_core","frozen","rps","regulation_1x2","team_attack|team_defence|venue|elo_diff|dixon_coles","d0f4469931258b3cbf0324b3e72519d44bc09c77e9776dc11ef58a87854f58ec","leave_one_tournament_out","","euro2016","",,,-0.0184599350848906,,,,,,,,"bcdc7ac0fbd7ac7aa59902f6bc0c3b7c78ea4d6bc41006eb15ac5aa0ad9a567b"
"poisson_team_ridge_elo_dc","expanding_1x2","open_core","frozen","rps","regulation_1x2","team_attack|team_defence|venue|elo_diff|dixon_coles","d0f4469931258b3cbf0324b3e72519d44bc09c77e9776dc11ef58a87854f58ec","leave_one_tournament_out","","wc2006","",,,-0.0188473927141104,,,,,,,,"bcdc7ac0fbd7ac7aa59902f6bc0c3b7c78ea4d6bc41006eb15ac5aa0ad9a567b"
"poisson_team_ridge_elo_dc","expanding_1x2","open_core","frozen","rps","regulation_1x2","team_attack|team_defence|venue|elo_diff|dixon_coles","d0f4469931258b3cbf0324b3e72519d44bc09c77e9776dc11ef58a87854f58ec","leave_one_tournament_out","","wc2022","",,,-0.0192824839905593,,,,,,,,"bcdc7ac0fbd7ac7aa59902f6bc0c3b7c78ea4d6bc41006eb15ac5aa0ad9a567b"
"poisson_team_ridge_elo_dc","expanding_1x2","open_core","frozen","rps","regulation_1x2","team_attack|team_defence|venue|elo_diff|dixon_coles","d0f4469931258b3cbf0324b3e72519d44bc09c77e9776dc11ef58a87854f58ec","leave_one_tournament_out","","wc2002","",,,-0.0193832061231863,,,,,,,,"bcdc7ac0fbd7ac7aa59902f6bc0c3b7c78ea4d6bc41006eb15ac5aa0ad9a567b"
"poisson_team_ridge_elo_dc","expanding_1x2","open_core","updating","rps","regulation_1x2","team_attack|team_defence|venue|elo_diff|dixon_coles","d0f4469931258b3cbf0324b3e72519d44bc09c77e9776dc11ef58a87854f58ec","leave_one_tournament_out","","euro2008","",,,-0.0294401271174001,,,,,,,,"bcdc7ac0fbd7ac7aa59902f6bc0c3b7c78ea4d6bc41006eb15ac5aa0ad9a567b"
"poisson_team_ridge_elo_dc","expanding_1x2","open_core","updating","rps","regulation_1x2","team_attack|team_defence|venue|elo_diff|dixon_coles","d0f4469931258b3cbf0324b3e72519d44bc09c77e9776dc11ef58a87854f58ec","leave_one_tournament_out","","wc2018","",,,-0.0295851988803744,,,,,,,,"bcdc7ac0fbd7ac7aa59902f6bc0c3b7c78ea4d6bc41006eb15ac5aa0ad9a567b"
"poisson_team_ridge_elo_dc","expanding_1x2","open_core","updating","rps","regulation_1x2","team_attack|team_defence|venue|elo_diff|dixon_coles","d0f4469931258b3cbf0324b3e72519d44bc09c77e9776dc11ef58a87854f58ec","leave_one_tournament_out","","wc2010","",,,-0.0299077743999576,,,,,,,,"bcdc7ac0fbd7ac7aa59902f6bc0c3b7c78ea4d6bc41006eb15ac5aa0ad9a567b"
"poisson_team_ridge_elo_dc","expanding_1x2","open_core","updating","rps","regulation_1x2","team_attack|team_defence|venue|elo_diff|dixon_coles","d0f4469931258b3cbf0324b3e72519d44bc09c77e9776dc11ef58a87854f58ec","leave_one_tournament_out","","wc2006","",,,-0.0305402315697074,,,,,,,,"bcdc7ac0fbd7ac7aa59902f6bc0c3b7c78ea4d6bc41006eb15ac5aa0ad9a567b"
"poisson_team_ridge_elo_dc","expanding_1x2","open_core","updating","rps","regulation_1x2","team_attack|team_defence|venue|elo_diff|dixon_coles","d0f4469931258b3cbf0324b3e72519d44bc09c77e9776dc11ef58a87854f58ec","leave_one_tournament_out","","euro2020","",,,-0.0305438112765967,,,,,,,,"bcdc7ac0fbd7ac7aa59902f6bc0c3b7c78ea4d6bc41006eb15ac5aa0ad9a567b"
"poisson_team_ridge_elo_dc","expanding_1x2","open_core","updating","rps","regulation_1x2","team_attack|team_defence|venue|elo_diff|dixon_coles","d0f4469931258b3cbf0324b3e72519d44bc09c77e9776dc11ef58a87854f58ec","tournament_bootstrap","","","",,,-0.0312383392795608,,-0.0387457311419708,-0.0237137825685055,,,,,"bcdc7ac0fbd7ac7aa59902f6bc0c3b7c78ea4d6bc41006eb15ac5aa0ad9a567b"
"poisson_team_ridge_elo_dc","expanding_1x2","open_core","updating","rps","regulation_1x2","team_attack|team_defence|venue|elo_diff|dixon_coles","d0f4469931258b3cbf0324b3e72519d44bc09c77e9776dc11ef58a87854f58ec","leave_one_tournament_out","","euro2012","",,,-0.0312512885398592,,,,,,,,"bcdc7ac0fbd7ac7aa59902f6bc0c3b7c78ea4d6bc41006eb15ac5aa0ad9a567b"
"poisson_team_ridge_elo_dc","expanding_1x2","open_core","updating","rps","regulation_1x2","team_attack|team_defence|venue|elo_diff|dixon_coles","d0f4469931258b3cbf0324b3e72519d44bc09c77e9776dc11ef58a87854f58ec","leave_one_tournament_out","","euro2024","",,,-0.0312563440235456,,,,,,,,"bcdc7ac0fbd7ac7aa59902f6bc0c3b7c78ea4d6bc41006eb15ac5aa0ad9a567b"
"poisson_team_ridge_elo_dc","expanding_1x2","open_core","updating","rps","regulation_1x2","team_attack|team_defence|venue|elo_diff|dixon_coles","d0f4469931258b3cbf0324b3e72519d44bc09c77e9776dc11ef58a87854f58ec","leave_one_tournament_out","","wc2014","",,,-0.031700972644112,,,,,,,,"bcdc7ac0fbd7ac7aa59902f6bc0c3b7c78ea4d6bc41006eb15ac5aa0ad9a567b"
"poisson_team_ridge_elo_dc","expanding_1x2","open_core","updating","rps","regulation_1x2","team_attack|team_defence|venue|elo_diff|dixon_coles","d0f4469931258b3cbf0324b3e72519d44bc09c77e9776dc11ef58a87854f58ec","leave_one_tournament_out","","euro2004","",,,-0.032162026717301,,,,,,,,"bcdc7ac0fbd7ac7aa59902f6bc0c3b7c78ea4d6bc41006eb15ac5aa0ad9a567b"
"poisson_team_ridge_elo_dc","expanding_1x2","open_core","updating","rps","regulation_1x2","team_attack|team_defence|venue|elo_diff|dixon_coles","d0f4469931258b3cbf0324b3e72519d44bc09c77e9776dc11ef58a87854f58ec","leave_one_tournament_out","","wc2022","",,,-0.0324963762672767,,,,,,,,"bcdc7ac0fbd7ac7aa59902f6bc0c3b7c78ea4d6bc41006eb15ac5aa0ad9a567b"
"poisson_team_ridge_elo_dc","expanding_1x2","open_core","updating","rps","regulation_1x2","team_attack|team_defence|venue|elo_diff|dixon_coles","d0f4469931258b3cbf0324b3e72519d44bc09c77e9776dc11ef58a87854f58ec","leave_one_tournament_out","","wc2002","",,,-0.0328825176828676,,,,,,,,"bcdc7ac0fbd7ac7aa59902f6bc0c3b7c78ea4d6bc41006eb15ac5aa0ad9a567b"
"poisson_team_ridge_elo_dc","expanding_1x2","open_core","updating","rps","regulation_1x2","team_attack|team_defence|venue|elo_diff|dixon_coles","d0f4469931258b3cbf0324b3e72519d44bc09c77e9776dc11ef58a87854f58ec","leave_one_tournament_out","","euro2016","",,,-0.0330934022357316,,,,,,,,"bcdc7ac0fbd7ac7aa59902f6bc0c3b7c78ea4d6bc41006eb15ac5aa0ad9a567b"
"poisson_team_ridge_elo_dc","expanding_1x2","open_core","frozen","rps","regulation_1x2","team_attack|team_defence|venue|elo_diff|dixon_coles","d0f4469931258b3cbf0324b3e72519d44bc09c77e9776dc11ef58a87854f58ec","fold_breadth","","","",,,,,,,12,6,6,0,"bcdc7ac0fbd7ac7aa59902f6bc0c3b7c78ea4d6bc41006eb15ac5aa0ad9a567b"
"poisson_team_ridge_elo_dc","expanding_1x2","open_core","updating","rps","regulation_1x2","team_attack|team_defence|venue|elo_diff|dixon_coles","d0f4469931258b3cbf0324b3e72519d44bc09c77e9776dc11ef58a87854f58ec","fold_breadth","","","",,,,,,,12,6,6,0,"bcdc7ac0fbd7ac7aa59902f6bc0c3b7c78ea4d6bc41006eb15ac5aa0ad9a567b"
"poisson_team_ridge_elo_dc","open_nb_incumbent","open_core","updating","rps","regulation_1x2","team_attack|team_defence|venue|elo_diff|dixon_coles","d0f4469931258b3cbf0324b3e72519d44bc09c77e9776dc11ef58a87854f58ec","leave_one_tournament_out","","wc2014","",,,-0.000197518314663054,,,,,,,,"bcdc7ac0fbd7ac7aa59902f6bc0c3b7c78ea4d6bc41006eb15ac5aa0ad9a567b"
"poisson_team_ridge_elo_dc","open_nb_incumbent","open_core","updating","rps","regulation_1x2","team_attack|team_defence|venue|elo_diff|dixon_coles","d0f4469931258b3cbf0324b3e72519d44bc09c77e9776dc11ef58a87854f58ec","leave_one_tournament_out","","euro2020","",,,-0.000229701505278039,,,,,,,,"bcdc7ac0fbd7ac7aa59902f6bc0c3b7c78ea4d6bc41006eb15ac5aa0ad9a567b"
"poisson_team_ridge_elo_dc","open_nb_incumbent","open_core","updating","rps","regulation_1x2","team_attack|team_defence|venue|elo_diff|dixon_coles","d0f4469931258b3cbf0324b3e72519d44bc09c77e9776dc11ef58a87854f58ec","leave_one_tournament_out","","euro2004","",,,-0.000366646918095207,,,,,,,,"bcdc7ac0fbd7ac7aa59902f6bc0c3b7c78ea4d6bc41006eb15ac5aa0ad9a567b"
"poisson_team_ridge_elo_dc","open_nb_incumbent","open_core","updating","rps","regulation_1x2","team_attack|team_defence|venue|elo_diff|dixon_coles","d0f4469931258b3cbf0324b3e72519d44bc09c77e9776dc11ef58a87854f58ec","leave_one_tournament_out","","wc2006","",,,-0.000460708180102433,,,,,,,,"bcdc7ac0fbd7ac7aa59902f6bc0c3b7c78ea4d6bc41006eb15ac5aa0ad9a567b"
"poisson_team_ridge_elo_dc","open_nb_incumbent","open_core","updating","rps","regulation_1x2","team_attack|team_defence|venue|elo_diff|dixon_coles","d0f4469931258b3cbf0324b3e72519d44bc09c77e9776dc11ef58a87854f58ec","leave_one_tournament_out","","wc2022","",,,-0.000621262661522388,,,,,,,,"bcdc7ac0fbd7ac7aa59902f6bc0c3b7c78ea4d6bc41006eb15ac5aa0ad9a567b"
"poisson_team_ridge_elo_dc","open_nb_incumbent","open_core","frozen","rps","regulation_1x2","team_attack|team_defence|venue|elo_diff|dixon_coles","d0f4469931258b3cbf0324b3e72519d44bc09c77e9776dc11ef58a87854f58ec","leave_one_tournament_out","","euro2020","",,,-0.00540483419296976,,,,,,,,"bcdc7ac0fbd7ac7aa59902f6bc0c3b7c78ea4d6bc41006eb15ac5aa0ad9a567b"
"poisson_team_ridge_elo_dc","open_nb_incumbent","open_core","frozen","rps","regulation_1x2","team_attack|team_defence|venue|elo_diff|dixon_coles","d0f4469931258b3cbf0324b3e72519d44bc09c77e9776dc11ef58a87854f58ec","leave_one_tournament_out","","euro2024","",,,-0.00586640700561069,,,,,,,,"bcdc7ac0fbd7ac7aa59902f6bc0c3b7c78ea4d6bc41006eb15ac5aa0ad9a567b"
"poisson_team_ridge_elo_dc","open_nb_incumbent","open_core","frozen","rps","regulation_1x2","team_attack|team_defence|venue|elo_diff|dixon_coles","d0f4469931258b3cbf0324b3e72519d44bc09c77e9776dc11ef58a87854f58ec","leave_one_tournament_out","","wc2010","",,,-0.00591894884931311,,,,,,,,"bcdc7ac0fbd7ac7aa59902f6bc0c3b7c78ea4d6bc41006eb15ac5aa0ad9a567b"
"poisson_team_ridge_elo_dc","open_nb_incumbent","open_core","frozen","rps","regulation_1x2","team_attack|team_defence|venue|elo_diff|dixon_coles","d0f4469931258b3cbf0324b3e72519d44bc09c77e9776dc11ef58a87854f58ec","leave_one_tournament_out","","wc2018","",,,-0.00597058332219919,,,,,,,,"bcdc7ac0fbd7ac7aa59902f6bc0c3b7c78ea4d6bc41006eb15ac5aa0ad9a567b"
"poisson_team_ridge_elo_dc","open_nb_incumbent","open_core","frozen","rps","regulation_1x2","team_attack|team_defence|venue|elo_diff|dixon_coles","d0f4469931258b3cbf0324b3e72519d44bc09c77e9776dc11ef58a87854f58ec","leave_one_tournament_out","","euro2012","",,,-0.0060050451799492,,,,,,,,"bcdc7ac0fbd7ac7aa59902f6bc0c3b7c78ea4d6bc41006eb15ac5aa0ad9a567b"
"poisson_team_ridge_elo_dc","open_nb_incumbent","open_core","frozen","rps","regulation_1x2","team_attack|team_defence|venue|elo_diff|dixon_coles","d0f4469931258b3cbf0324b3e72519d44bc09c77e9776dc11ef58a87854f58ec","leave_one_tournament_out","","euro2016","",,,-0.00610695043334065,,,,,,,,"bcdc7ac0fbd7ac7aa59902f6bc0c3b7c78ea4d6bc41006eb15ac5aa0ad9a567b"
"poisson_team_ridge_elo_dc","open_nb_incumbent","open_core","frozen","rps","regulation_1x2","team_attack|team_defence|venue|elo_diff|dixon_coles","d0f4469931258b3cbf0324b3e72519d44bc09c77e9776dc11ef58a87854f58ec","tournament_bootstrap","","","",,,-0.0063062704071012,,-0.00928397224470082,-0.00325282980719501,,,,,"bcdc7ac0fbd7ac7aa59902f6bc0c3b7c78ea4d6bc41006eb15ac5aa0ad9a567b"
"poisson_team_ridge_elo_dc","open_nb_incumbent","open_core","frozen","rps","regulation_1x2","team_attack|team_defence|venue|elo_diff|dixon_coles","d0f4469931258b3cbf0324b3e72519d44bc09c77e9776dc11ef58a87854f58ec","leave_one_tournament_out","","euro2008","",,,-0.00644457432783328,,,,,,,,"bcdc7ac0fbd7ac7aa59902f6bc0c3b7c78ea4d6bc41006eb15ac5aa0ad9a567b"
"poisson_team_ridge_elo_dc","open_nb_incumbent","open_core","frozen","rps","regulation_1x2","team_attack|team_defence|venue|elo_diff|dixon_coles","d0f4469931258b3cbf0324b3e72519d44bc09c77e9776dc11ef58a87854f58ec","leave_one_tournament_out","","wc2014","",,,-0.00652094625839735,,,,,,,,"bcdc7ac0fbd7ac7aa59902f6bc0c3b7c78ea4d6bc41006eb15ac5aa0ad9a567b"
"poisson_team_ridge_elo_dc","open_nb_incumbent","open_core","frozen","rps","regulation_1x2","team_attack|team_defence|venue|elo_diff|dixon_coles","d0f4469931258b3cbf0324b3e72519d44bc09c77e9776dc11ef58a87854f58ec","leave_one_tournament_out","","euro2004","",,,-0.00652653251264375,,,,,,,,"bcdc7ac0fbd7ac7aa59902f6bc0c3b7c78ea4d6bc41006eb15ac5aa0ad9a567b"
"poisson_team_ridge_elo_dc","open_nb_incumbent","open_core","frozen","rps","regulation_1x2","team_attack|team_defence|venue|elo_diff|dixon_coles","d0f4469931258b3cbf0324b3e72519d44bc09c77e9776dc11ef58a87854f58ec","leave_one_tournament_out","","wc2006","",,,-0.00684404759018363,,,,,,,,"bcdc7ac0fbd7ac7aa59902f6bc0c3b7c78ea4d6bc41006eb15ac5aa0ad9a567b"
"poisson_team_ridge_elo_dc","open_nb_incumbent","open_core","frozen","rps","regulation_1x2","team_attack|team_defence|venue|elo_diff|dixon_coles","d0f4469931258b3cbf0324b3e72519d44bc09c77e9776dc11ef58a87854f58ec","leave_one_tournament_out","","wc2002","",,,-0.00693430329806212,,,,,,,,"bcdc7ac0fbd7ac7aa59902f6bc0c3b7c78ea4d6bc41006eb15ac5aa0ad9a567b"
"poisson_team_ridge_elo_dc","open_nb_incumbent","open_core","frozen","rps","regulation_1x2","team_attack|team_defence|venue|elo_diff|dixon_coles","d0f4469931258b3cbf0324b3e72519d44bc09c77e9776dc11ef58a87854f58ec","leave_one_tournament_out","","wc2022","",,,-0.00713207191471168,,,,,,,,"bcdc7ac0fbd7ac7aa59902f6bc0c3b7c78ea4d6bc41006eb15ac5aa0ad9a567b"
"poisson_team_ridge_elo_dc","open_nb_incumbent","open_core","updating","rps","regulation_1x2","team_attack|team_defence|venue|elo_diff|dixon_coles","d0f4469931258b3cbf0324b3e72519d44bc09c77e9776dc11ef58a87854f58ec","tournament_bootstrap","","","",,,-2.16847255998212e-05,,-0.00211669812599458,0.00212903235421651,,,,,"bcdc7ac0fbd7ac7aa59902f6bc0c3b7c78ea4d6bc41006eb15ac5aa0ad9a567b"
"poisson_team_ridge_elo_dc","open_nb_incumbent","open_core","updating","rps","regulation_1x2","team_attack|team_defence|venue|elo_diff|dixon_coles","d0f4469931258b3cbf0324b3e72519d44bc09c77e9776dc11ef58a87854f58ec","leave_one_tournament_out","","euro2008","",,,-4.20468532081698e-06,,,,,,,,"bcdc7ac0fbd7ac7aa59902f6bc0c3b7c78ea4d6bc41006eb15ac5aa0ad9a567b"
"poisson_team_ridge_elo_dc","open_nb_incumbent","open_core","updating","rps","regulation_1x2","team_attack|team_defence|venue|elo_diff|dixon_coles","d0f4469931258b3cbf0324b3e72519d44bc09c77e9776dc11ef58a87854f58ec","leave_one_tournament_out","","wc2010","",,,0.000107704698100195,,,,,,,,"bcdc7ac0fbd7ac7aa59902f6bc0c3b7c78ea4d6bc41006eb15ac5aa0ad9a567b"
"poisson_team_ridge_elo_dc","open_nb_incumbent","open_core","updating","rps","regulation_1x2","team_attack|team_defence|venue|elo_diff|dixon_coles","d0f4469931258b3cbf0324b3e72519d44bc09c77e9776dc11ef58a87854f58ec","leave_one_tournament_out","","euro2016","",,,0.000288482169510791,,,,,,,,"bcdc7ac0fbd7ac7aa59902f6bc0c3b7c78ea4d6bc41006eb15ac5aa0ad9a567b"
"poisson_team_ridge_elo_dc","open_nb_incumbent","open_core","updating","rps","regulation_1x2","team_attack|team_defence|venue|elo_diff|dixon_coles","d0f4469931258b3cbf0324b3e72519d44bc09c77e9776dc11ef58a87854f58ec","leave_one_tournament_out","","wc2018","",,,0.000330564359291297,,,,,,,,"bcdc7ac0fbd7ac7aa59902f6bc0c3b7c78ea4d6bc41006eb15ac5aa0ad9a567b"
"poisson_team_ridge_elo_dc","open_nb_incumbent","open_core","updating","rps","regulation_1x2","team_attack|team_defence|venue|elo_diff|dixon_coles","d0f4469931258b3cbf0324b3e72519d44bc09c77e9776dc11ef58a87854f58ec","leave_one_tournament_out","","euro2012","",,,0.000380095331022198,,,,,,,,"bcdc7ac0fbd7ac7aa59902f6bc0c3b7c78ea4d6bc41006eb15ac5aa0ad9a567b"
"poisson_team_ridge_elo_dc","open_nb_incumbent","open_core","updating","rps","regulation_1x2","team_attack|team_defence|venue|elo_diff|dixon_coles","d0f4469931258b3cbf0324b3e72519d44bc09c77e9776dc11ef58a87854f58ec","leave_one_tournament_out","","euro2024","",,,0.000486352726271257,,,,,,,,"bcdc7ac0fbd7ac7aa59902f6bc0c3b7c78ea4d6bc41006eb15ac5aa0ad9a567b"
"poisson_team_ridge_elo_dc","open_nb_incumbent","open_core","updating","rps","regulation_1x2","team_attack|team_defence|venue|elo_diff|dixon_coles","d0f4469931258b3cbf0324b3e72519d44bc09c77e9776dc11ef58a87854f58ec","leave_one_tournament_out","","wc2002","",,,2.66262735883459e-05,,,,,,,,"bcdc7ac0fbd7ac7aa59902f6bc0c3b7c78ea4d6bc41006eb15ac5aa0ad9a567b"
"poisson_team_ridge_elo_dc","open_nb_incumbent","open_core","updating","rps","regulation_1x2","team_attack|team_defence|venue|elo_diff|dixon_coles","d0f4469931258b3cbf0324b3e72519d44bc09c77e9776dc11ef58a87854f58ec","fold_breadth","","","",,,,,,,7,3,4,0.00657367256954842,"bcdc7ac0fbd7ac7aa59902f6bc0c3b7c78ea4d6bc41006eb15ac5aa0ad9a567b"
"poisson_team_ridge_elo_dc","open_nb_incumbent","open_core","frozen","rps","regulation_1x2","team_attack|team_defence|venue|elo_diff|dixon_coles","d0f4469931258b3cbf0324b3e72519d44bc09c77e9776dc11ef58a87854f58ec","fold_breadth","","","",,,,,,,10,4,6,0.00277754617661406,"bcdc7ac0fbd7ac7aa59902f6bc0c3b7c78ea4d6bc41006eb15ac5aa0ad9a567b"
"poisson_team_ridge_elo_dc","production_hybrid_nb","feature_rich","updating","rps","regulation_1x2","team_attack|team_defence|venue|elo_diff|dixon_coles","d0f4469931258b3cbf0324b3e72519d44bc09c77e9776dc11ef58a87854f58ec","leave_one_tournament_out","","wc2022","",,,-0.000138992762589302,,,,,,,,"bcdc7ac0fbd7ac7aa59902f6bc0c3b7c78ea4d6bc41006eb15ac5aa0ad9a567b"
"poisson_team_ridge_elo_dc","production_hybrid_nb","feature_rich","frozen","rps","regulation_1x2","team_attack|team_defence|venue|elo_diff|dixon_coles","d0f4469931258b3cbf0324b3e72519d44bc09c77e9776dc11ef58a87854f58ec","leave_one_tournament_out","","wc2010","",,,-0.000221824863521394,,,,,,,,"bcdc7ac0fbd7ac7aa59902f6bc0c3b7c78ea4d6bc41006eb15ac5aa0ad9a567b"
"poisson_team_ridge_elo_dc","production_hybrid_nb","feature_rich","frozen","rps","regulation_1x2","team_attack|team_defence|venue|elo_diff|dixon_coles","d0f4469931258b3cbf0324b3e72519d44bc09c77e9776dc11ef58a87854f58ec","leave_one_tournament_out","","euro2024","",,,-0.000580162419881259,,,,,,,,"bcdc7ac0fbd7ac7aa59902f6bc0c3b7c78ea4d6bc41006eb15ac5aa0ad9a567b"
"poisson_team_ridge_elo_dc","production_hybrid_nb","feature_rich","updating","rps","regulation_1x2","team_attack|team_defence|venue|elo_diff|dixon_coles","d0f4469931258b3cbf0324b3e72519d44bc09c77e9776dc11ef58a87854f58ec","leave_one_tournament_out","","wc2002","",,,-0.00069755107551576,,,,,,,,"bcdc7ac0fbd7ac7aa59902f6bc0c3b7c78ea4d6bc41006eb15ac5aa0ad9a567b"
"poisson_team_ridge_elo_dc","production_hybrid_nb","feature_rich","frozen","rps","regulation_1x2","team_attack|team_defence|venue|elo_diff|dixon_coles","d0f4469931258b3cbf0324b3e72519d44bc09c77e9776dc11ef58a87854f58ec","leave_one_tournament_out","","euro2016","",,,-0.000697762300274573,,,,,,,,"bcdc7ac0fbd7ac7aa59902f6bc0c3b7c78ea4d6bc41006eb15ac5aa0ad9a567b"
"poisson_team_ridge_elo_dc","production_hybrid_nb","feature_rich","frozen","rps","regulation_1x2","team_attack|team_defence|venue|elo_diff|dixon_coles","d0f4469931258b3cbf0324b3e72519d44bc09c77e9776dc11ef58a87854f58ec","leave_one_tournament_out","","wc2018","",,,-0.000879922599811447,,,,,,,,"bcdc7ac0fbd7ac7aa59902f6bc0c3b7c78ea4d6bc41006eb15ac5aa0ad9a567b"
"poisson_team_ridge_elo_dc","production_hybrid_nb","feature_rich","updating","rps","regulation_1x2","team_attack|team_defence|venue|elo_diff|dixon_coles","d0f4469931258b3cbf0324b3e72519d44bc09c77e9776dc11ef58a87854f58ec","leave_one_tournament_out","","wc2006","",,,-0.000977881355084244,,,,,,,,"bcdc7ac0fbd7ac7aa59902f6bc0c3b7c78ea4d6bc41006eb15ac5aa0ad9a567b"
"poisson_team_ridge_elo_dc","production_hybrid_nb","feature_rich","frozen","rps","regulation_1x2","team_attack|team_defence|venue|elo_diff|dixon_coles","d0f4469931258b3cbf0324b3e72519d44bc09c77e9776dc11ef58a87854f58ec","tournament_bootstrap","","","",,,-0.00102860092748798,,-0.0059148818948641,0.00423130483435104,,,,,"bcdc7ac0fbd7ac7aa59902f6bc0c3b7c78ea4d6bc41006eb15ac5aa0ad9a567b"
"poisson_team_ridge_elo_dc","production_hybrid_nb","feature_rich","frozen","rps","regulation_1x2","team_attack|team_defence|venue|elo_diff|dixon_coles","d0f4469931258b3cbf0324b3e72519d44bc09c77e9776dc11ef58a87854f58ec","leave_one_tournament_out","","euro2008","",,,-0.00114722912362716,,,,,,,,"bcdc7ac0fbd7ac7aa59902f6bc0c3b7c78ea4d6bc41006eb15ac5aa0ad9a567b"
"poisson_team_ridge_elo_dc","production_hybrid_nb","feature_rich","frozen","rps","regulation_1x2","team_attack|team_defence|venue|elo_diff|dixon_coles","d0f4469931258b3cbf0324b3e72519d44bc09c77e9776dc11ef58a87854f58ec","leave_one_tournament_out","","wc2014","",,,-0.00121497233691745,,,,,,,,"bcdc7ac0fbd7ac7aa59902f6bc0c3b7c78ea4d6bc41006eb15ac5aa0ad9a567b"
"poisson_team_ridge_elo_dc","production_hybrid_nb","feature_rich","frozen","rps","regulation_1x2","team_attack|team_defence|venue|elo_diff|dixon_coles","d0f4469931258b3cbf0324b3e72519d44bc09c77e9776dc11ef58a87854f58ec","leave_one_tournament_out","","euro2004","",,,-0.00124485894442777,,,,,,,,"bcdc7ac0fbd7ac7aa59902f6bc0c3b7c78ea4d6bc41006eb15ac5aa0ad9a567b"
"poisson_team_ridge_elo_dc","production_hybrid_nb","feature_rich","frozen","rps","regulation_1x2","team_attack|team_defence|venue|elo_diff|dixon_coles","d0f4469931258b3cbf0324b3e72519d44bc09c77e9776dc11ef58a87854f58ec","leave_one_tournament_out","","wc2022","",,,-0.0016666021015335,,,,,,,,"bcdc7ac0fbd7ac7aa59902f6bc0c3b7c78ea4d6bc41006eb15ac5aa0ad9a567b"
"poisson_team_ridge_elo_dc","production_hybrid_nb","feature_rich","frozen","rps","regulation_1x2","team_attack|team_defence|venue|elo_diff|dixon_coles","d0f4469931258b3cbf0324b3e72519d44bc09c77e9776dc11ef58a87854f58ec","leave_one_tournament_out","","wc2002","",,,-0.00231229622837949,,,,,,,,"bcdc7ac0fbd7ac7aa59902f6bc0c3b7c78ea4d6bc41006eb15ac5aa0ad9a567b"
"poisson_team_ridge_elo_dc","production_hybrid_nb","feature_rich","frozen","rps","regulation_1x2","team_attack|team_defence|venue|elo_diff|dixon_coles","d0f4469931258b3cbf0324b3e72519d44bc09c77e9776dc11ef58a87854f58ec","leave_one_tournament_out","","wc2006","",,,-0.00258452077483527,,,,,,,,"bcdc7ac0fbd7ac7aa59902f6bc0c3b7c78ea4d6bc41006eb15ac5aa0ad9a567b"
"poisson_team_ridge_elo_dc","production_hybrid_nb","feature_rich","updating","rps","regulation_1x2","team_attack|team_defence|venue|elo_diff|dixon_coles","d0f4469931258b3cbf0324b3e72519d44bc09c77e9776dc11ef58a87854f58ec","leave_one_tournament_out","","euro2004","",,,-7.39975919496889e-05,,,,,,,,"bcdc7ac0fbd7ac7aa59902f6bc0c3b7c78ea4d6bc41006eb15ac5aa0ad9a567b"
"poisson_team_ridge_elo_dc","production_hybrid_nb","feature_rich","frozen","rps","regulation_1x2","team_attack|team_defence|venue|elo_diff|dixon_coles","d0f4469931258b3cbf0324b3e72519d44bc09c77e9776dc11ef58a87854f58ec","leave_one_tournament_out","","euro2012","",,,0.000175347248629007,,,,,,,,"bcdc7ac0fbd7ac7aa59902f6bc0c3b7c78ea4d6bc41006eb15ac5aa0ad9a567b"
"poisson_team_ridge_elo_dc","production_hybrid_nb","feature_rich","updating","rps","regulation_1x2","team_attack|team_defence|venue|elo_diff|dixon_coles","d0f4469931258b3cbf0324b3e72519d44bc09c77e9776dc11ef58a87854f58ec","tournament_bootstrap","","","",,,0.0003788268058857,,-0.00367011381550115,0.0048108657627802,,,,,"bcdc7ac0fbd7ac7aa59902f6bc0c3b7c78ea4d6bc41006eb15ac5aa0ad9a567b"
"poisson_team_ridge_elo_dc","production_hybrid_nb","feature_rich","updating","rps","regulation_1x2","team_attack|team_defence|venue|elo_diff|dixon_coles","d0f4469931258b3cbf0324b3e72519d44bc09c77e9776dc11ef58a87854f58ec","leave_one_tournament_out","","euro2020","",,,0.000401549503509495,,,,,,,,"bcdc7ac0fbd7ac7aa59902f6bc0c3b7c78ea4d6bc41006eb15ac5aa0ad9a567b"
"poisson_team_ridge_elo_dc","production_hybrid_nb","feature_rich","updating","rps","regulation_1x2","team_attack|team_defence|venue|elo_diff|dixon_coles","d0f4469931258b3cbf0324b3e72519d44bc09c77e9776dc11ef58a87854f58ec","leave_one_tournament_out","","euro2016","",,,0.000504023853446005,,,,,,,,"bcdc7ac0fbd7ac7aa59902f6bc0c3b7c78ea4d6bc41006eb15ac5aa0ad9a567b"
"poisson_team_ridge_elo_dc","production_hybrid_nb","feature_rich","updating","rps","regulation_1x2","team_attack|team_defence|venue|elo_diff|dixon_coles","d0f4469931258b3cbf0324b3e72519d44bc09c77e9776dc11ef58a87854f58ec","leave_one_tournament_out","","wc2014","",,,0.000663642198258791,,,,,,,,"bcdc7ac0fbd7ac7aa59902f6bc0c3b7c78ea4d6bc41006eb15ac5aa0ad9a567b"
"poisson_team_ridge_elo_dc","production_hybrid_nb","feature_rich","updating","rps","regulation_1x2","team_attack|team_defence|venue|elo_diff|dixon_coles","d0f4469931258b3cbf0324b3e72519d44bc09c77e9776dc11ef58a87854f58ec","leave_one_tournament_out","","euro2008","",,,0.00081315061232212,,,,,,,,"bcdc7ac0fbd7ac7aa59902f6bc0c3b7c78ea4d6bc41006eb15ac5aa0ad9a567b"
"poisson_team_ridge_elo_dc","production_hybrid_nb","feature_rich","updating","rps","regulation_1x2","team_attack|team_defence|venue|elo_diff|dixon_coles","d0f4469931258b3cbf0324b3e72519d44bc09c77e9776dc11ef58a87854f58ec","leave_one_tournament_out","","wc2018","",,,0.000851612654506909,,,,,,,,"bcdc7ac0fbd7ac7aa59902f6bc0c3b7c78ea4d6bc41006eb15ac5aa0ad9a567b"
"poisson_team_ridge_elo_dc","production_hybrid_nb","feature_rich","updating","rps","regulation_1x2","team_attack|team_defence|venue|elo_diff|dixon_coles","d0f4469931258b3cbf0324b3e72519d44bc09c77e9776dc11ef58a87854f58ec","leave_one_tournament_out","","euro2012","",,,0.000858459322554877,,,,,,,,"bcdc7ac0fbd7ac7aa59902f6bc0c3b7c78ea4d6bc41006eb15ac5aa0ad9a567b"
"poisson_team_ridge_elo_dc","production_hybrid_nb","feature_rich","updating","rps","regulation_1x2","team_attack|team_defence|venue|elo_diff|dixon_coles","d0f4469931258b3cbf0324b3e72519d44bc09c77e9776dc11ef58a87854f58ec","leave_one_tournament_out","","euro2024","",,,0.000867101584874975,,,,,,,,"bcdc7ac0fbd7ac7aa59902f6bc0c3b7c78ea4d6bc41006eb15ac5aa0ad9a567b"
"poisson_team_ridge_elo_dc","production_hybrid_nb","feature_rich","updating","rps","regulation_1x2","team_attack|team_defence|venue|elo_diff|dixon_coles","d0f4469931258b3cbf0324b3e72519d44bc09c77e9776dc11ef58a87854f58ec","leave_one_tournament_out","","wc2010","",,,0.00147480472629422,,,,,,,,"bcdc7ac0fbd7ac7aa59902f6bc0c3b7c78ea4d6bc41006eb15ac5aa0ad9a567b"
"poisson_team_ridge_elo_dc","production_hybrid_nb","feature_rich","frozen","rps","regulation_1x2","team_attack|team_defence|venue|elo_diff|dixon_coles","d0f4469931258b3cbf0324b3e72519d44bc09c77e9776dc11ef58a87854f58ec","leave_one_tournament_out","","euro2020","",,,3.15933147245719e-05,,,,,,,,"bcdc7ac0fbd7ac7aa59902f6bc0c3b7c78ea4d6bc41006eb15ac5aa0ad9a567b"
"poisson_team_ridge_elo_dc","production_hybrid_nb","feature_rich","frozen","rps","regulation_1x2","team_attack|team_defence|venue|elo_diff|dixon_coles","d0f4469931258b3cbf0324b3e72519d44bc09c77e9776dc11ef58a87854f58ec","fold_breadth","","","",,,,,,,6,2,4,0.0160865173933322,"bcdc7ac0fbd7ac7aa59902f6bc0c3b7c78ea4d6bc41006eb15ac5aa0ad9a567b"
"poisson_team_ridge_elo_dc","production_hybrid_nb","feature_rich","updating","rps","regulation_1x2","team_attack|team_defence|venue|elo_diff|dixon_coles","d0f4469931258b3cbf0324b3e72519d44bc09c77e9776dc11ef58a87854f58ec","fold_breadth","","","",,,,,,,7,3,4,0.0153026165765551,"bcdc7ac0fbd7ac7aa59902f6bc0c3b7c78ea4d6bc41006eb15ac5aa0ad9a567b"
"poisson_team_ridge_elo_dc","uniform_1x2","open_core","frozen","rps","regulation_1x2","team_attack|team_defence|venue|elo_diff|dixon_coles","d0f4469931258b3cbf0324b3e72519d44bc09c77e9776dc11ef58a87854f58ec","leave_one_tournament_out","","wc2006","",,,-0.0131327000751975,,,,,,,,"bcdc7ac0fbd7ac7aa59902f6bc0c3b7c78ea4d6bc41006eb15ac5aa0ad9a567b"
"poisson_team_ridge_elo_dc","uniform_1x2","open_core","frozen","rps","regulation_1x2","team_attack|team_defence|venue|elo_diff|dixon_coles","d0f4469931258b3cbf0324b3e72519d44bc09c77e9776dc11ef58a87854f58ec","leave_one_tournament_out","","euro2020","",,,-0.0138029356828688,,,,,,,,"bcdc7ac0fbd7ac7aa59902f6bc0c3b7c78ea4d6bc41006eb15ac5aa0ad9a567b"
"poisson_team_ridge_elo_dc","uniform_1x2","open_core","frozen","rps","regulation_1x2","team_attack|team_defence|venue|elo_diff|dixon_coles","d0f4469931258b3cbf0324b3e72519d44bc09c77e9776dc11ef58a87854f58ec","leave_one_tournament_out","","euro2024","",,,-0.014169733133521,,,,,,,,"bcdc7ac0fbd7ac7aa59902f6bc0c3b7c78ea4d6bc41006eb15ac5aa0ad9a567b"
"poisson_team_ridge_elo_dc","uniform_1x2","open_core","frozen","rps","regulation_1x2","team_attack|team_defence|venue|elo_diff|dixon_coles","d0f4469931258b3cbf0324b3e72519d44bc09c77e9776dc11ef58a87854f58ec","leave_one_tournament_out","","euro2008","",,,-0.0142001791393817,,,,,,,,"bcdc7ac0fbd7ac7aa59902f6bc0c3b7c78ea4d6bc41006eb15ac5aa0ad9a567b"
"poisson_team_ridge_elo_dc","uniform_1x2","open_core","frozen","rps","regulation_1x2","team_attack|team_defence|venue|elo_diff|dixon_coles","d0f4469931258b3cbf0324b3e72519d44bc09c77e9776dc11ef58a87854f58ec","leave_one_tournament_out","","wc2018","",,,-0.014243128161707,,,,,,,,"bcdc7ac0fbd7ac7aa59902f6bc0c3b7c78ea4d6bc41006eb15ac5aa0ad9a567b"
"poisson_team_ridge_elo_dc","uniform_1x2","open_core","frozen","rps","regulation_1x2","team_attack|team_defence|venue|elo_diff|dixon_coles","d0f4469931258b3cbf0324b3e72519d44bc09c77e9776dc11ef58a87854f58ec","leave_one_tournament_out","","euro2004","",,,-0.0143199533767124,,,,,,,,"bcdc7ac0fbd7ac7aa59902f6bc0c3b7c78ea4d6bc41006eb15ac5aa0ad9a567b"
"poisson_team_ridge_elo_dc","uniform_1x2","open_core","frozen","rps","regulation_1x2","team_attack|team_defence|venue|elo_diff|dixon_coles","d0f4469931258b3cbf0324b3e72519d44bc09c77e9776dc11ef58a87854f58ec","tournament_bootstrap","","","",,,-0.014451404887491,,-0.0183638582916168,-0.0107666399868925,,,,,"bcdc7ac0fbd7ac7aa59902f6bc0c3b7c78ea4d6bc41006eb15ac5aa0ad9a567b"
"poisson_team_ridge_elo_dc","uniform_1x2","open_core","frozen","rps","regulation_1x2","team_attack|team_defence|venue|elo_diff|dixon_coles","d0f4469931258b3cbf0324b3e72519d44bc09c77e9776dc11ef58a87854f58ec","leave_one_tournament_out","","euro2016","",,,-0.0145203319797775,,,,,,,,"bcdc7ac0fbd7ac7aa59902f6bc0c3b7c78ea4d6bc41006eb15ac5aa0ad9a567b"
"poisson_team_ridge_elo_dc","uniform_1x2","open_core","frozen","rps","regulation_1x2","team_attack|team_defence|venue|elo_diff|dixon_coles","d0f4469931258b3cbf0324b3e72519d44bc09c77e9776dc11ef58a87854f58ec","leave_one_tournament_out","","wc2014","",,,-0.0147083927177912,,,,,,,,"bcdc7ac0fbd7ac7aa59902f6bc0c3b7c78ea4d6bc41006eb15ac5aa0ad9a567b"
"poisson_team_ridge_elo_dc","uniform_1x2","open_core","frozen","rps","regulation_1x2","team_attack|team_defence|venue|elo_diff|dixon_coles","d0f4469931258b3cbf0324b3e72519d44bc09c77e9776dc11ef58a87854f58ec","leave_one_tournament_out","","wc2010","",,,-0.0147958528510889,,,,,,,,"bcdc7ac0fbd7ac7aa59902f6bc0c3b7c78ea4d6bc41006eb15ac5aa0ad9a567b"
"poisson_team_ridge_elo_dc","uniform_1x2","open_core","frozen","rps","regulation_1x2","team_attack|team_defence|venue|elo_diff|dixon_coles","d0f4469931258b3cbf0324b3e72519d44bc09c77e9776dc11ef58a87854f58ec","leave_one_tournament_out","","wc2022","",,,-0.0148725396138807,,,,,,,,"bcdc7ac0fbd7ac7aa59902f6bc0c3b7c78ea4d6bc41006eb15ac5aa0ad9a567b"
"poisson_team_ridge_elo_dc","uniform_1x2","open_core","frozen","rps","regulation_1x2","team_attack|team_defence|venue|elo_diff|dixon_coles","d0f4469931258b3cbf0324b3e72519d44bc09c77e9776dc11ef58a87854f58ec","leave_one_tournament_out","","wc2002","",,,-0.015057616733858,,,,,,,,"bcdc7ac0fbd7ac7aa59902f6bc0c3b7c78ea4d6bc41006eb15ac5aa0ad9a567b"
"poisson_team_ridge_elo_dc","uniform_1x2","open_core","frozen","rps","regulation_1x2","team_attack|team_defence|venue|elo_diff|dixon_coles","d0f4469931258b3cbf0324b3e72519d44bc09c77e9776dc11ef58a87854f58ec","leave_one_tournament_out","","euro2012","",,,-0.0155934951841072,,,,,,,,"bcdc7ac0fbd7ac7aa59902f6bc0c3b7c78ea4d6bc41006eb15ac5aa0ad9a567b"
"poisson_team_ridge_elo_dc","uniform_1x2","open_core","updating","rps","regulation_1x2","team_attack|team_defence|venue|elo_diff|dixon_coles","d0f4469931258b3cbf0324b3e72519d44bc09c77e9776dc11ef58a87854f58ec","leave_one_tournament_out","","wc2006","",,,-0.0248798622679196,,,,,,,,"bcdc7ac0fbd7ac7aa59902f6bc0c3b7c78ea4d6bc41006eb15ac5aa0ad9a567b"
"poisson_team_ridge_elo_dc","uniform_1x2","open_core","updating","rps","regulation_1x2","team_attack|team_defence|venue|elo_diff|dixon_coles","d0f4469931258b3cbf0324b3e72519d44bc09c77e9776dc11ef58a87854f58ec","leave_one_tournament_out","","wc2018","",,,-0.0263160228400074,,,,,,,,"bcdc7ac0fbd7ac7aa59902f6bc0c3b7c78ea4d6bc41006eb15ac5aa0ad9a567b"
"poisson_team_ridge_elo_dc","uniform_1x2","open_core","updating","rps","regulation_1x2","team_attack|team_defence|venue|elo_diff|dixon_coles","d0f4469931258b3cbf0324b3e72519d44bc09c77e9776dc11ef58a87854f58ec","leave_one_tournament_out","","wc2010","",,,-0.0264918633750028,,,,,,,,"bcdc7ac0fbd7ac7aa59902f6bc0c3b7c78ea4d6bc41006eb15ac5aa0ad9a567b"
"poisson_team_ridge_elo_dc","uniform_1x2","open_core","updating","rps","regulation_1x2","team_attack|team_defence|venue|elo_diff|dixon_coles","d0f4469931258b3cbf0324b3e72519d44bc09c77e9776dc11ef58a87854f58ec","leave_one_tournament_out","","euro2008","",,,-0.0268078511494061,,,,,,,,"bcdc7ac0fbd7ac7aa59902f6bc0c3b7c78ea4d6bc41006eb15ac5aa0ad9a567b"
"poisson_team_ridge_elo_dc","uniform_1x2","open_core","updating","rps","regulation_1x2","team_attack|team_defence|venue|elo_diff|dixon_coles","d0f4469931258b3cbf0324b3e72519d44bc09c77e9776dc11ef58a87854f58ec","leave_one_tournament_out","","euro2020","",,,-0.0269935487795987,,,,,,,,"bcdc7ac0fbd7ac7aa59902f6bc0c3b7c78ea4d6bc41006eb15ac5aa0ad9a567b"
"poisson_team_ridge_elo_dc","uniform_1x2","open_core","updating","rps","regulation_1x2","team_attack|team_defence|venue|elo_diff|dixon_coles","d0f4469931258b3cbf0324b3e72519d44bc09c77e9776dc11ef58a87854f58ec","tournament_bootstrap","","","",,,-0.0275262070330436,,-0.0353693412304967,-0.020428115940395,,,,,"bcdc7ac0fbd7ac7aa59902f6bc0c3b7c78ea4d6bc41006eb15ac5aa0ad9a567b"
"poisson_team_ridge_elo_dc","uniform_1x2","open_core","updating","rps","regulation_1x2","team_attack|team_defence|venue|elo_diff|dixon_coles","d0f4469931258b3cbf0324b3e72519d44bc09c77e9776dc11ef58a87854f58ec","leave_one_tournament_out","","wc2014","",,,-0.0280468485938884,,,,,,,,"bcdc7ac0fbd7ac7aa59902f6bc0c3b7c78ea4d6bc41006eb15ac5aa0ad9a567b"
"poisson_team_ridge_elo_dc","uniform_1x2","open_core","updating","rps","regulation_1x2","team_attack|team_defence|venue|elo_diff|dixon_coles","d0f4469931258b3cbf0324b3e72519d44bc09c77e9776dc11ef58a87854f58ec","leave_one_tournament_out","","euro2024","",,,-0.0280778385192364,,,,,,,,"bcdc7ac0fbd7ac7aa59902f6bc0c3b7c78ea4d6bc41006eb15ac5aa0ad9a567b"
"poisson_team_ridge_elo_dc","uniform_1x2","open_core","updating","rps","regulation_1x2","team_attack|team_defence|venue|elo_diff|dixon_coles","d0f4469931258b3cbf0324b3e72519d44bc09c77e9776dc11ef58a87854f58ec","leave_one_tournament_out","","wc2022","",,,-0.028135709115874,,,,,,,,"bcdc7ac0fbd7ac7aa59902f6bc0c3b7c78ea4d6bc41006eb15ac5aa0ad9a567b"
"poisson_team_ridge_elo_dc","uniform_1x2","open_core","updating","rps","regulation_1x2","team_attack|team_defence|venue|elo_diff|dixon_coles","d0f4469931258b3cbf0324b3e72519d44bc09c77e9776dc11ef58a87854f58ec","leave_one_tournament_out","","euro2004","",,,-0.0283013095707825,,,,,,,,"bcdc7ac0fbd7ac7aa59902f6bc0c3b7c78ea4d6bc41006eb15ac5aa0ad9a567b"
"poisson_team_ridge_elo_dc","uniform_1x2","open_core","updating","rps","regulation_1x2","team_attack|team_defence|venue|elo_diff|dixon_coles","d0f4469931258b3cbf0324b3e72519d44bc09c77e9776dc11ef58a87854f58ec","leave_one_tournament_out","","euro2012","",,,-0.0284395067429539,,,,,,,,"bcdc7ac0fbd7ac7aa59902f6bc0c3b7c78ea4d6bc41006eb15ac5aa0ad9a567b"
"poisson_team_ridge_elo_dc","uniform_1x2","open_core","updating","rps","regulation_1x2","team_attack|team_defence|venue|elo_diff|dixon_coles","d0f4469931258b3cbf0324b3e72519d44bc09c77e9776dc11ef58a87854f58ec","leave_one_tournament_out","","wc2002","",,,-0.0286113466376827,,,,,,,,"bcdc7ac0fbd7ac7aa59902f6bc0c3b7c78ea4d6bc41006eb15ac5aa0ad9a567b"
"poisson_team_ridge_elo_dc","uniform_1x2","open_core","updating","rps","regulation_1x2","team_attack|team_defence|venue|elo_diff|dixon_coles","d0f4469931258b3cbf0324b3e72519d44bc09c77e9776dc11ef58a87854f58ec","leave_one_tournament_out","","euro2016","",,,-0.0292127768041708,,,,,,,,"bcdc7ac0fbd7ac7aa59902f6bc0c3b7c78ea4d6bc41006eb15ac5aa0ad9a567b"
"poisson_team_ridge_elo_dc","uniform_1x2","open_core","frozen","rps","regulation_1x2","team_attack|team_defence|venue|elo_diff|dixon_coles","d0f4469931258b3cbf0324b3e72519d44bc09c77e9776dc11ef58a87854f58ec","fold_breadth","","","",,,,,,,12,6,6,0,"bcdc7ac0fbd7ac7aa59902f6bc0c3b7c78ea4d6bc41006eb15ac5aa0ad9a567b"
"poisson_team_ridge_elo_dc","uniform_1x2","open_core","updating","rps","regulation_1x2","team_attack|team_defence|venue|elo_diff|dixon_coles","d0f4469931258b3cbf0324b3e72519d44bc09c77e9776dc11ef58a87854f58ec","fold_breadth","","","",,,,,,,12,6,6,0,"bcdc7ac0fbd7ac7aa59902f6bc0c3b7c78ea4d6bc41006eb15ac5aa0ad9a567b"
