"run_id","model_id","panel_id","track_id","target","metric","grain","aggregation","edition_id","estimate","n_tournaments","n_fixtures","coverage_numerator","coverage_denominator","coverage"
"phase10_challenger_run","open_nb_elo_only_ablation","open_core","frozen","regulation_scoreline","exact_score_hit","headline","equal_tournament","headline",0.113938468532574,12,630,630,630,1
"phase10_challenger_run","dynamic_goal_ability_elo","open_core","updating","regulation_scoreline","exact_score_hit","headline","equal_tournament","headline",0.122418893632722,12,630,630,630,1
"phase10_challenger_run","dynamic_goal_ability","open_core","frozen","regulation_scoreline","exact_score_hit","headline","equal_tournament","headline",0.127488865169724,12,630,630,630,1
"phase10_challenger_run","dynamic_goal_ability_elo","open_core","frozen","regulation_scoreline","exact_score_hit","headline","equal_tournament","headline",0.127488865169724,12,630,630,630,1
"phase10_challenger_run","dynamic_goal_ability","open_core","updating","regulation_scoreline","exact_score_hit","headline","equal_tournament","headline",0.127795237718743,12,630,630,630,1
"phase10_challenger_run","open_nb_elo_only_ablation","open_core","updating","regulation_scoreline","exact_score_hit","headline","equal_tournament","headline",0.132171753109846,12,630,630,630,1
"phase10_challenger_run","poisson_team_ridge","open_core","frozen","regulation_scoreline","exact_score_hit","headline","equal_tournament","headline",0.135633268764495,12,630,630,630,1
"phase10_challenger_run","poisson_team_ridge_elo","open_core","frozen","regulation_scoreline","exact_score_hit","headline","equal_tournament","headline",0.138237435431162,12,630,630,630,1
"phase10_challenger_run","poisson_team_ridge_elo_bivpois","open_core","frozen","regulation_scoreline","exact_score_hit","headline","equal_tournament","headline",0.138237435431162,12,630,630,630,1
"phase10_challenger_run","poisson_team_ridge","open_core","updating","regulation_scoreline","exact_score_hit","headline","equal_tournament","headline",0.138569339025933,12,630,630,630,1
"phase10_challenger_run","poisson_team_ridge_elo_dc","open_core","frozen","regulation_scoreline","exact_score_hit","headline","equal_tournament","headline",0.139871422359266,12,630,630,630,1
"phase10_challenger_run","poisson_team_ridge_elo_dc","open_core","updating","regulation_scoreline","exact_score_hit","headline","equal_tournament","headline",0.145940399009066,12,630,630,630,1
"phase10_challenger_run","poisson_team_ridge_elo_bivpois","open_core","updating","regulation_scoreline","exact_score_hit","headline","equal_tournament","headline",0.146604206198608,12,630,630,630,1
"phase10_challenger_run","poisson_team_ridge_elo","open_core","updating","regulation_scoreline","exact_score_hit","headline","equal_tournament","headline",0.149208372865275,12,630,630,630,1
"phase10_challenger_run","poisson_team_ridge_elo_bivpois","open_core","updating","regulation_1x2","rps","headline","equal_tournament","headline",0.203881440712898,12,630,630,630,1
"phase10_challenger_run","poisson_team_ridge_elo","open_core","updating","regulation_1x2","rps","headline","equal_tournament","headline",0.203894297842414,12,630,630,630,1
"phase10_challenger_run","poisson_team_ridge_elo_dc","open_core","updating","regulation_1x2","rps","headline","equal_tournament","headline",0.203908604794913,12,630,630,630,1
"phase10_challenger_run","open_nb_elo_only_ablation","open_core","updating","regulation_1x2","rps","headline","equal_tournament","headline",0.203958949677597,12,630,630,630,1
"phase10_challenger_run","dynamic_goal_ability_elo","open_core","updating","regulation_1x2","rps","headline","equal_tournament","headline",0.20855764636702,12,630,630,630,1
"phase10_challenger_run","dynamic_goal_ability","open_core","updating","regulation_1x2","rps","headline","equal_tournament","headline",0.211588903041711,12,630,630,630,1
"phase10_challenger_run","dynamic_goal_ability_elo","open_core","frozen","regulation_1x2","rps","headline","equal_tournament","headline",0.212851345030186,12,630,630,630,1
"phase10_challenger_run","dynamic_goal_ability","open_core","frozen","regulation_1x2","rps","headline","equal_tournament","headline",0.213840863317975,12,630,630,630,1
"phase10_challenger_run","poisson_team_ridge_elo_bivpois","open_core","frozen","regulation_1x2","rps","headline","equal_tournament","headline",0.216951193705531,12,630,630,630,1
"phase10_challenger_run","poisson_team_ridge_elo","open_core","frozen","regulation_1x2","rps","headline","equal_tournament","headline",0.216965867160067,12,630,630,630,1
"phase10_challenger_run","poisson_team_ridge_elo_dc","open_core","frozen","regulation_1x2","rps","headline","equal_tournament","headline",0.216983406940466,12,630,630,630,1
"phase10_challenger_run","poisson_team_ridge","open_core","updating","regulation_1x2","rps","headline","equal_tournament","headline",0.2216126182724,12,630,630,630,1
"phase10_challenger_run","poisson_team_ridge","open_core","frozen","regulation_1x2","rps","headline","equal_tournament","headline",0.222492061080944,12,630,630,630,1
"phase10_challenger_run","open_nb_elo_only_ablation","open_core","frozen","regulation_1x2","rps","headline","equal_tournament","headline",0.223350358804639,12,630,630,630,1
"phase10_challenger_run","open_nb_elo_only_ablation","open_core","frozen","over_2_5","over_2_5_brier","headline","equal_tournament","headline",0.24542875800134,12,630,630,630,1
"phase10_challenger_run","open_nb_elo_only_ablation","open_core","frozen","under_2_5","under_2_5_brier","headline","equal_tournament","headline",0.24542875800134,12,630,630,630,1
"phase10_challenger_run","open_nb_elo_only_ablation","open_core","updating","over_2_5","over_2_5_brier","headline","equal_tournament","headline",0.246152029389528,12,630,630,630,1
"phase10_challenger_run","open_nb_elo_only_ablation","open_core","updating","under_2_5","under_2_5_brier","headline","equal_tournament","headline",0.246152029389528,12,630,630,630,1
"phase10_challenger_run","open_nb_elo_only_ablation","open_core","updating","btts","btts_brier","headline","equal_tournament","headline",0.249515236067885,12,630,630,630,1
"phase10_challenger_run","poisson_team_ridge_elo","open_core","updating","btts","btts_brier","headline","equal_tournament","headline",0.249877228389058,12,630,630,630,1
"phase10_challenger_run","poisson_team_ridge_elo_bivpois","open_core","updating","btts","btts_brier","headline","equal_tournament","headline",0.24988051930993,12,630,630,630,1
"phase10_challenger_run","poisson_team_ridge_elo_dc","open_core","updating","btts","btts_brier","headline","equal_tournament","headline",0.249967689477442,12,630,630,630,1
"phase10_challenger_run","poisson_team_ridge_elo_bivpois","open_core","frozen","over_2_5","over_2_5_brier","headline","equal_tournament","headline",0.250223818204337,12,630,630,630,1
"phase10_challenger_run","poisson_team_ridge_elo_bivpois","open_core","frozen","under_2_5","under_2_5_brier","headline","equal_tournament","headline",0.250223818204337,12,630,630,630,1
"phase10_challenger_run","poisson_team_ridge","open_core","frozen","over_2_5","over_2_5_brier","headline","equal_tournament","headline",0.250272945084241,12,630,630,630,1
"phase10_challenger_run","poisson_team_ridge","open_core","frozen","under_2_5","under_2_5_brier","headline","equal_tournament","headline",0.250272945084241,12,630,630,630,1
"phase10_challenger_run","poisson_team_ridge_elo","open_core","frozen","over_2_5","over_2_5_brier","headline","equal_tournament","headline",0.250273651908677,12,630,630,630,1
"phase10_challenger_run","poisson_team_ridge_elo_dc","open_core","frozen","over_2_5","over_2_5_brier","headline","equal_tournament","headline",0.250273651908677,12,630,630,630,1
"phase10_challenger_run","poisson_team_ridge_elo","open_core","frozen","under_2_5","under_2_5_brier","headline","equal_tournament","headline",0.250273651908677,12,630,630,630,1
"phase10_challenger_run","poisson_team_ridge_elo_dc","open_core","frozen","under_2_5","under_2_5_brier","headline","equal_tournament","headline",0.250273651908677,12,630,630,630,1
"phase10_challenger_run","poisson_team_ridge","open_core","updating","over_2_5","over_2_5_brier","headline","equal_tournament","headline",0.250605232083547,12,630,630,630,1
"phase10_challenger_run","poisson_team_ridge","open_core","updating","under_2_5","under_2_5_brier","headline","equal_tournament","headline",0.250605232083547,12,630,630,630,1
"phase10_challenger_run","open_nb_elo_only_ablation","open_core","frozen","btts","btts_brier","headline","equal_tournament","headline",0.250730232064567,12,630,630,630,1
"phase10_challenger_run","dynamic_goal_ability_elo","open_core","frozen","over_2_5","over_2_5_brier","headline","equal_tournament","headline",0.251317547856675,12,630,630,630,1
"phase10_challenger_run","dynamic_goal_ability_elo","open_core","frozen","under_2_5","under_2_5_brier","headline","equal_tournament","headline",0.251317547856675,12,630,630,630,1
"phase10_challenger_run","dynamic_goal_ability","open_core","frozen","over_2_5","over_2_5_brier","headline","equal_tournament","headline",0.25146979111886,12,630,630,630,1
"phase10_challenger_run","dynamic_goal_ability","open_core","frozen","under_2_5","under_2_5_brier","headline","equal_tournament","headline",0.25146979111886,12,630,630,630,1
"phase10_challenger_run","poisson_team_ridge_elo","open_core","frozen","btts","btts_brier","headline","equal_tournament","headline",0.251780769560571,12,630,630,630,1
"phase10_challenger_run","poisson_team_ridge_elo_bivpois","open_core","frozen","btts","btts_brier","headline","equal_tournament","headline",0.251790290199786,12,630,630,630,1
"phase10_challenger_run","poisson_team_ridge","open_core","frozen","btts","btts_brier","headline","equal_tournament","headline",0.251812960146486,12,630,630,630,1
"phase10_challenger_run","poisson_team_ridge_elo_dc","open_core","frozen","btts","btts_brier","headline","equal_tournament","headline",0.251852956363417,12,630,630,630,1
"phase10_challenger_run","dynamic_goal_ability","open_core","frozen","btts","btts_brier","headline","equal_tournament","headline",0.252059064484097,12,630,630,630,1
"phase10_challenger_run","dynamic_goal_ability_elo","open_core","updating","over_2_5","over_2_5_brier","headline","equal_tournament","headline",0.252067809050648,12,630,630,630,1
"phase10_challenger_run","dynamic_goal_ability_elo","open_core","updating","under_2_5","under_2_5_brier","headline","equal_tournament","headline",0.252067809050648,12,630,630,630,1
"phase10_challenger_run","dynamic_goal_ability_elo","open_core","frozen","btts","btts_brier","headline","equal_tournament","headline",0.252080269254349,12,630,630,630,1
"phase10_challenger_run","poisson_team_ridge","open_core","updating","btts","btts_brier","headline","equal_tournament","headline",0.252312778436822,12,630,630,630,1
"phase10_challenger_run","poisson_team_ridge_elo_bivpois","open_core","updating","over_2_5","over_2_5_brier","headline","equal_tournament","headline",0.252470007607604,12,630,630,630,1
"phase10_challenger_run","poisson_team_ridge_elo_bivpois","open_core","updating","under_2_5","under_2_5_brier","headline","equal_tournament","headline",0.252470007607604,12,630,630,630,1
"phase10_challenger_run","dynamic_goal_ability","open_core","updating","over_2_5","over_2_5_brier","headline","equal_tournament","headline",0.252482217576486,12,630,630,630,1
"phase10_challenger_run","dynamic_goal_ability","open_core","updating","under_2_5","under_2_5_brier","headline","equal_tournament","headline",0.252482217576486,12,630,630,630,1
"phase10_challenger_run","poisson_team_ridge_elo","open_core","updating","over_2_5","over_2_5_brier","headline","equal_tournament","headline",0.252525450598927,12,630,630,630,1
"phase10_challenger_run","poisson_team_ridge_elo_dc","open_core","updating","over_2_5","over_2_5_brier","headline","equal_tournament","headline",0.252525450598927,12,630,630,630,1
"phase10_challenger_run","poisson_team_ridge_elo","open_core","updating","under_2_5","under_2_5_brier","headline","equal_tournament","headline",0.252525450598927,12,630,630,630,1
"phase10_challenger_run","poisson_team_ridge_elo_dc","open_core","updating","under_2_5","under_2_5_brier","headline","equal_tournament","headline",0.252525450598927,12,630,630,630,1
"phase10_challenger_run","dynamic_goal_ability_elo","open_core","updating","btts","btts_brier","headline","equal_tournament","headline",0.254820572063273,12,630,630,630,1
"phase10_challenger_run","dynamic_goal_ability","open_core","updating","btts","btts_brier","headline","equal_tournament","headline",0.254877242062147,12,630,630,630,1
"phase10_challenger_run","open_nb_elo_only_ablation","open_core","frozen","regulation_1x2","winner_pick_accuracy","headline","equal_tournament","headline",0.418133466424204,12,630,630,630,1
"phase10_challenger_run","poisson_team_ridge","open_core","frozen","regulation_1x2","winner_pick_accuracy","headline","equal_tournament","headline",0.468810121494834,12,630,630,630,1
"phase10_challenger_run","dynamic_goal_ability","open_core","frozen","regulation_1x2","winner_pick_accuracy","headline","equal_tournament","headline",0.473464184060721,12,630,630,630,1
"phase10_challenger_run","dynamic_goal_ability_elo","open_core","frozen","regulation_1x2","winner_pick_accuracy","headline","equal_tournament","headline",0.475404543537845,12,630,630,630,1
"phase10_challenger_run","poisson_team_ridge_elo","open_core","frozen","regulation_1x2","winner_pick_accuracy","headline","equal_tournament","headline",0.476068350727388,12,630,630,630,1
"phase10_challenger_run","poisson_team_ridge_elo_bivpois","open_core","frozen","regulation_1x2","winner_pick_accuracy","headline","equal_tournament","headline",0.476068350727388,12,630,630,630,1
"phase10_challenger_run","poisson_team_ridge_elo_dc","open_core","frozen","regulation_1x2","winner_pick_accuracy","headline","equal_tournament","headline",0.476068350727388,12,630,630,630,1
"phase10_challenger_run","dynamic_goal_ability","open_core","updating","regulation_1x2","winner_pick_accuracy","headline","equal_tournament","headline",0.476177887149483,12,630,630,630,1
"phase10_challenger_run","poisson_team_ridge","open_core","updating","regulation_1x2","winner_pick_accuracy","headline","equal_tournament","headline",0.47703853046595,12,630,630,630,1
"phase10_challenger_run","dynamic_goal_ability_elo","open_core","updating","regulation_1x2","winner_pick_accuracy","headline","equal_tournament","headline",0.492714592557453,12,630,630,630,1
"phase10_challenger_run","open_nb_elo_only_ablation","open_core","updating","regulation_1x2","winner_pick_accuracy","headline","equal_tournament","headline",0.500165540006325,12,630,630,630,1
"phase10_challenger_run","poisson_team_ridge_elo","open_core","updating","regulation_1x2","winner_pick_accuracy","headline","equal_tournament","headline",0.508230056135357,12,630,630,630,1
"phase10_challenger_run","poisson_team_ridge_elo_bivpois","open_core","updating","regulation_1x2","winner_pick_accuracy","headline","equal_tournament","headline",0.508230056135357,12,630,630,630,1
"phase10_challenger_run","poisson_team_ridge_elo_dc","open_core","updating","regulation_1x2","winner_pick_accuracy","headline","equal_tournament","headline",0.508230056135357,12,630,630,630,1
"phase10_challenger_run","poisson_team_ridge_elo","open_core","updating","away_goals","away_goal_rps","headline","equal_tournament","headline",0.52676614143437,12,630,630,630,1
"phase10_challenger_run","poisson_team_ridge_elo_bivpois","open_core","updating","away_goals","away_goal_rps","headline","equal_tournament","headline",0.52676614143437,12,630,630,630,1
"phase10_challenger_run","poisson_team_ridge_elo_dc","open_core","updating","away_goals","away_goal_rps","headline","equal_tournament","headline",0.52676614143437,12,630,630,630,1
"phase10_challenger_run","open_nb_elo_only_ablation","open_core","updating","away_goals","away_goal_rps","headline","equal_tournament","headline",0.529939853671977,12,630,630,630,1
"phase10_challenger_run","dynamic_goal_ability_elo","open_core","updating","away_goals","away_goal_rps","headline","equal_tournament","headline",0.532798818069618,12,630,630,630,1
"phase10_challenger_run","dynamic_goal_ability","open_core","updating","away_goals","away_goal_rps","headline","equal_tournament","headline",0.534237212787031,12,630,630,630,1
"phase10_challenger_run","dynamic_goal_ability","open_core","frozen","away_goals","away_goal_rps","headline","equal_tournament","headline",0.537121416234858,12,630,630,630,1
"phase10_challenger_run","dynamic_goal_ability_elo","open_core","frozen","away_goals","away_goal_rps","headline","equal_tournament","headline",0.537417288980397,12,630,630,630,1
"phase10_challenger_run","poisson_team_ridge_elo","open_core","frozen","away_goals","away_goal_rps","headline","equal_tournament","headline",0.542715646604465,12,630,630,630,1
"phase10_challenger_run","poisson_team_ridge_elo_bivpois","open_core","frozen","away_goals","away_goal_rps","headline","equal_tournament","headline",0.542715646604465,12,630,630,630,1
"phase10_challenger_run","poisson_team_ridge_elo_dc","open_core","frozen","away_goals","away_goal_rps","headline","equal_tournament","headline",0.542715646604465,12,630,630,630,1
"phase10_challenger_run","poisson_team_ridge","open_core","updating","away_goals","away_goal_rps","headline","equal_tournament","headline",0.544081718789986,12,630,630,630,1
"phase10_challenger_run","poisson_team_ridge","open_core","frozen","away_goals","away_goal_rps","headline","equal_tournament","headline",0.544885915474667,12,630,630,630,1
"phase10_challenger_run","open_nb_elo_only_ablation","open_core","frozen","away_goals","away_goal_rps","headline","equal_tournament","headline",0.550791931200038,12,630,630,630,1
"phase10_challenger_run","poisson_team_ridge_elo_bivpois","open_core","updating","regulation_1x2","brier","headline","equal_tournament","headline",0.60819068184491,12,630,630,630,1
"phase10_challenger_run","poisson_team_ridge_elo","open_core","updating","regulation_1x2","brier","headline","equal_tournament","headline",0.608280228716432,12,630,630,630,1
"phase10_challenger_run","poisson_team_ridge_elo_dc","open_core","updating","regulation_1x2","brier","headline","equal_tournament","headline",0.608366070431428,12,630,630,630,1
"phase10_challenger_run","open_nb_elo_only_ablation","open_core","updating","regulation_1x2","brier","headline","equal_tournament","headline",0.608570575025302,12,630,630,630,1
"phase10_challenger_run","dynamic_goal_ability_elo","open_core","updating","regulation_1x2","brier","headline","equal_tournament","headline",0.616254801328949,12,630,630,630,1
"phase10_challenger_run","dynamic_goal_ability","open_core","updating","regulation_1x2","brier","headline","equal_tournament","headline",0.622416183903238,12,630,630,630,1
"phase10_challenger_run","dynamic_goal_ability_elo","open_core","frozen","regulation_1x2","brier","headline","equal_tournament","headline",0.625231450655164,12,630,630,630,1
"phase10_challenger_run","dynamic_goal_ability","open_core","frozen","regulation_1x2","brier","headline","equal_tournament","headline",0.627470728341624,12,630,630,630,1
"phase10_challenger_run","open_nb_elo_only_ablation","open_core","updating","home_goals","home_goal_rps","headline","equal_tournament","headline",0.628743073204676,12,630,630,630,1
"phase10_challenger_run","poisson_team_ridge_elo_bivpois","open_core","frozen","regulation_1x2","brier","headline","equal_tournament","headline",0.633649700330704,12,630,630,630,1
"phase10_challenger_run","poisson_team_ridge_elo","open_core","frozen","regulation_1x2","brier","headline","equal_tournament","headline",0.633732187301444,12,630,630,630,1
"phase10_challenger_run","poisson_team_ridge_elo_dc","open_core","frozen","regulation_1x2","brier","headline","equal_tournament","headline",0.633837425983835,12,630,630,630,1
"phase10_challenger_run","poisson_team_ridge_elo","open_core","updating","home_goals","home_goal_rps","headline","equal_tournament","headline",0.637420473000021,12,630,630,630,1
"phase10_challenger_run","poisson_team_ridge_elo_bivpois","open_core","updating","home_goals","home_goal_rps","headline","equal_tournament","headline",0.637420473000021,12,630,630,630,1
"phase10_challenger_run","poisson_team_ridge_elo_dc","open_core","updating","home_goals","home_goal_rps","headline","equal_tournament","headline",0.637420473000021,12,630,630,630,1
"phase10_challenger_run","poisson_team_ridge","open_core","updating","regulation_1x2","brier","headline","equal_tournament","headline",0.643766484914616,12,630,630,630,1
"phase10_challenger_run","poisson_team_ridge","open_core","frozen","regulation_1x2","brier","headline","equal_tournament","headline",0.645560219545323,12,630,630,630,1
"phase10_challenger_run","open_nb_elo_only_ablation","open_core","frozen","regulation_1x2","brier","headline","equal_tournament","headline",0.64665738360677,12,630,630,630,1
"phase10_challenger_run","dynamic_goal_ability_elo","open_core","updating","home_goals","home_goal_rps","headline","equal_tournament","headline",0.647349399778908,12,630,630,630,1
"phase10_challenger_run","dynamic_goal_ability_elo","open_core","frozen","home_goals","home_goal_rps","headline","equal_tournament","headline",0.650511016419033,12,630,630,630,1
"phase10_challenger_run","dynamic_goal_ability","open_core","frozen","home_goals","home_goal_rps","headline","equal_tournament","headline",0.652470610260845,12,630,630,630,1
"phase10_challenger_run","poisson_team_ridge_elo","open_core","frozen","home_goals","home_goal_rps","headline","equal_tournament","headline",0.652588379393102,12,630,630,630,1
"phase10_challenger_run","poisson_team_ridge_elo_bivpois","open_core","frozen","home_goals","home_goal_rps","headline","equal_tournament","headline",0.652588379393102,12,630,630,630,1
"phase10_challenger_run","poisson_team_ridge_elo_dc","open_core","frozen","home_goals","home_goal_rps","headline","equal_tournament","headline",0.652588379393102,12,630,630,630,1
"phase10_challenger_run","dynamic_goal_ability","open_core","updating","home_goals","home_goal_rps","headline","equal_tournament","headline",0.653786993704973,12,630,630,630,1
"phase10_challenger_run","open_nb_elo_only_ablation","open_core","frozen","home_goals","home_goal_rps","headline","equal_tournament","headline",0.655442670825278,12,630,630,630,1
"phase10_challenger_run","poisson_team_ridge","open_core","updating","home_goals","home_goal_rps","headline","equal_tournament","headline",0.659240202819734,12,630,630,630,1
"phase10_challenger_run","poisson_team_ridge","open_core","frozen","home_goals","home_goal_rps","headline","equal_tournament","headline",0.659424201956284,12,630,630,630,1
"phase10_challenger_run","open_nb_elo_only_ablation","open_core","frozen","over_2_5","over_2_5_log_loss","headline","equal_tournament","headline",0.683972805987021,12,630,630,630,1
"phase10_challenger_run","open_nb_elo_only_ablation","open_core","frozen","under_2_5","under_2_5_log_loss","headline","equal_tournament","headline",0.683972805987021,12,630,630,630,1
"phase10_challenger_run","open_nb_elo_only_ablation","open_core","updating","over_2_5","over_2_5_log_loss","headline","equal_tournament","headline",0.685416837821347,12,630,630,630,1
"phase10_challenger_run","open_nb_elo_only_ablation","open_core","updating","under_2_5","under_2_5_log_loss","headline","equal_tournament","headline",0.685416837821347,12,630,630,630,1
"phase10_challenger_run","open_nb_elo_only_ablation","open_core","updating","btts","btts_log_loss","headline","equal_tournament","headline",0.692192664631127,12,630,630,630,1
"phase10_challenger_run","poisson_team_ridge_elo","open_core","updating","btts","btts_log_loss","headline","equal_tournament","headline",0.692930376173304,12,630,630,630,1
"phase10_challenger_run","poisson_team_ridge_elo_bivpois","open_core","updating","btts","btts_log_loss","headline","equal_tournament","headline",0.692938054284984,12,630,630,630,1
"phase10_challenger_run","poisson_team_ridge_elo_dc","open_core","updating","btts","btts_log_loss","headline","equal_tournament","headline",0.693113222305326,12,630,630,630,1
"phase10_challenger_run","poisson_team_ridge_elo_bivpois","open_core","frozen","over_2_5","over_2_5_log_loss","headline","equal_tournament","headline",0.693666979538414,12,630,630,630,1
"phase10_challenger_run","poisson_team_ridge_elo_bivpois","open_core","frozen","under_2_5","under_2_5_log_loss","headline","equal_tournament","headline",0.693666979538414,12,630,630,630,1
"phase10_challenger_run","poisson_team_ridge","open_core","frozen","over_2_5","over_2_5_log_loss","headline","equal_tournament","headline",0.69373444785112,12,630,630,630,1
"phase10_challenger_run","poisson_team_ridge","open_core","frozen","under_2_5","under_2_5_log_loss","headline","equal_tournament","headline",0.69373444785112,12,630,630,630,1
"phase10_challenger_run","poisson_team_ridge_elo","open_core","frozen","over_2_5","over_2_5_log_loss","headline","equal_tournament","headline",0.693770244725808,12,630,630,630,1
"phase10_challenger_run","poisson_team_ridge_elo_dc","open_core","frozen","over_2_5","over_2_5_log_loss","headline","equal_tournament","headline",0.693770244725808,12,630,630,630,1
"phase10_challenger_run","poisson_team_ridge_elo","open_core","frozen","under_2_5","under_2_5_log_loss","headline","equal_tournament","headline",0.693770244725808,12,630,630,630,1
"phase10_challenger_run","poisson_team_ridge_elo_dc","open_core","frozen","under_2_5","under_2_5_log_loss","headline","equal_tournament","headline",0.693770244725808,12,630,630,630,1
"phase10_challenger_run","poisson_team_ridge","open_core","updating","over_2_5","over_2_5_log_loss","headline","equal_tournament","headline",0.694404419295085,12,630,630,630,1
"phase10_challenger_run","poisson_team_ridge","open_core","updating","under_2_5","under_2_5_log_loss","headline","equal_tournament","headline",0.694404419295085,12,630,630,630,1
"phase10_challenger_run","open_nb_elo_only_ablation","open_core","frozen","btts","btts_log_loss","headline","equal_tournament","headline",0.694705161652107,12,630,630,630,1
"phase10_challenger_run","poisson_team_ridge_elo","open_core","frozen","btts","btts_log_loss","headline","equal_tournament","headline",0.696786077071793,12,630,630,630,1
"phase10_challenger_run","poisson_team_ridge_elo_bivpois","open_core","frozen","btts","btts_log_loss","headline","equal_tournament","headline",0.696806385456632,12,630,630,630,1
"phase10_challenger_run","poisson_team_ridge","open_core","frozen","btts","btts_log_loss","headline","equal_tournament","headline",0.696846061649543,12,630,630,630,1
"phase10_challenger_run","poisson_team_ridge_elo_dc","open_core","frozen","btts","btts_log_loss","headline","equal_tournament","headline",0.696932893845223,12,630,630,630,1
"phase10_challenger_run","poisson_team_ridge","open_core","updating","btts","btts_log_loss","headline","equal_tournament","headline",0.69784565473309,12,630,630,630,1
"phase10_challenger_run","dynamic_goal_ability","open_core","frozen","btts","btts_log_loss","headline","equal_tournament","headline",0.698121510255541,12,630,630,630,1
"phase10_challenger_run","dynamic_goal_ability_elo","open_core","frozen","btts","btts_log_loss","headline","equal_tournament","headline",0.698175094532328,12,630,630,630,1
"phase10_challenger_run","dynamic_goal_ability_elo","open_core","frozen","over_2_5","over_2_5_log_loss","headline","equal_tournament","headline",0.69827829947346,12,630,630,630,1
"phase10_challenger_run","dynamic_goal_ability_elo","open_core","frozen","under_2_5","under_2_5_log_loss","headline","equal_tournament","headline",0.69827829947346,12,630,630,630,1
"phase10_challenger_run","poisson_team_ridge_elo_bivpois","open_core","updating","over_2_5","over_2_5_log_loss","headline","equal_tournament","headline",0.698362931540994,12,630,630,630,1
"phase10_challenger_run","poisson_team_ridge_elo_bivpois","open_core","updating","under_2_5","under_2_5_log_loss","headline","equal_tournament","headline",0.698362931540994,12,630,630,630,1
"phase10_challenger_run","poisson_team_ridge_elo","open_core","updating","over_2_5","over_2_5_log_loss","headline","equal_tournament","headline",0.698478374988304,12,630,630,630,1
"phase10_challenger_run","poisson_team_ridge_elo_dc","open_core","updating","over_2_5","over_2_5_log_loss","headline","equal_tournament","headline",0.698478374988304,12,630,630,630,1
"phase10_challenger_run","poisson_team_ridge_elo","open_core","updating","under_2_5","under_2_5_log_loss","headline","equal_tournament","headline",0.698478374988304,12,630,630,630,1
"phase10_challenger_run","poisson_team_ridge_elo_dc","open_core","updating","under_2_5","under_2_5_log_loss","headline","equal_tournament","headline",0.698478374988304,12,630,630,630,1
"phase10_challenger_run","dynamic_goal_ability","open_core","frozen","over_2_5","over_2_5_log_loss","headline","equal_tournament","headline",0.698683336587933,12,630,630,630,1
"phase10_challenger_run","dynamic_goal_ability","open_core","frozen","under_2_5","under_2_5_log_loss","headline","equal_tournament","headline",0.698683336587933,12,630,630,630,1
"phase10_challenger_run","dynamic_goal_ability_elo","open_core","updating","over_2_5","over_2_5_log_loss","headline","equal_tournament","headline",0.7001748415444,12,630,630,630,1
"phase10_challenger_run","dynamic_goal_ability_elo","open_core","updating","under_2_5","under_2_5_log_loss","headline","equal_tournament","headline",0.7001748415444,12,630,630,630,1
"phase10_challenger_run","dynamic_goal_ability","open_core","updating","over_2_5","over_2_5_log_loss","headline","equal_tournament","headline",0.701276127149594,12,630,630,630,1
"phase10_challenger_run","dynamic_goal_ability","open_core","updating","under_2_5","under_2_5_log_loss","headline","equal_tournament","headline",0.701276127149594,12,630,630,630,1
"phase10_challenger_run","dynamic_goal_ability_elo","open_core","updating","btts","btts_log_loss","headline","equal_tournament","headline",0.703962341005484,12,630,630,630,1
"phase10_challenger_run","dynamic_goal_ability","open_core","updating","btts","btts_log_loss","headline","equal_tournament","headline",0.704064929246458,12,630,630,630,1
"phase10_challenger_run","poisson_team_ridge_elo_bivpois","open_core","updating","regulation_1x2","log_loss","headline","equal_tournament","headline",1.01615281861329,12,630,630,630,1
"phase10_challenger_run","poisson_team_ridge_elo","open_core","updating","regulation_1x2","log_loss","headline","equal_tournament","headline",1.0162827770518,12,630,630,630,1
"phase10_challenger_run","poisson_team_ridge_elo_dc","open_core","updating","regulation_1x2","log_loss","headline","equal_tournament","headline",1.01649441098558,12,630,630,630,1
"phase10_challenger_run","open_nb_elo_only_ablation","open_core","updating","regulation_1x2","log_loss","headline","equal_tournament","headline",1.01737328730615,12,630,630,630,1
"phase10_challenger_run","dynamic_goal_ability_elo","open_core","updating","regulation_1x2","log_loss","headline","equal_tournament","headline",1.02673216814033,12,630,630,630,1
"phase10_challenger_run","dynamic_goal_ability","open_core","updating","regulation_1x2","log_loss","headline","equal_tournament","headline",1.03559160640037,12,630,630,630,1
"phase10_challenger_run","dynamic_goal_ability_elo","open_core","frozen","regulation_1x2","log_loss","headline","equal_tournament","headline",1.04026494133121,12,630,630,630,1
"phase10_challenger_run","dynamic_goal_ability","open_core","frozen","regulation_1x2","log_loss","headline","equal_tournament","headline",1.04308423568239,12,630,630,630,1
"phase10_challenger_run","poisson_team_ridge_elo_bivpois","open_core","frozen","regulation_1x2","log_loss","headline","equal_tournament","headline",1.0538122000105,12,630,630,630,1
"phase10_challenger_run","poisson_team_ridge_elo","open_core","frozen","regulation_1x2","log_loss","headline","equal_tournament","headline",1.05393816442024,12,630,630,630,1
"phase10_challenger_run","poisson_team_ridge_elo_dc","open_core","frozen","regulation_1x2","log_loss","headline","equal_tournament","headline",1.05412946426131,12,630,630,630,1
"phase10_challenger_run","poisson_team_ridge","open_core","updating","regulation_1x2","log_loss","headline","equal_tournament","headline",1.06621264620605,12,630,630,630,1
"phase10_challenger_run","poisson_team_ridge","open_core","frozen","regulation_1x2","log_loss","headline","equal_tournament","headline",1.06869682065854,12,630,630,630,1
"phase10_challenger_run","open_nb_elo_only_ablation","open_core","frozen","regulation_1x2","log_loss","headline","equal_tournament","headline",1.0725219331007,12,630,630,630,1
"phase10_challenger_run","poisson_team_ridge_elo","open_core","updating","regulation_scoreline","joint_scoreline_log_loss","headline","equal_tournament","headline",2.79764944100118,12,630,630,630,1
"phase10_challenger_run","poisson_team_ridge_elo_bivpois","open_core","updating","regulation_scoreline","joint_scoreline_log_loss","headline","equal_tournament","headline",2.79786231983174,12,630,630,630,1
"phase10_challenger_run","poisson_team_ridge_elo_dc","open_core","updating","regulation_scoreline","joint_scoreline_log_loss","headline","equal_tournament","headline",2.79815273035025,12,630,630,630,1
"phase10_challenger_run","open_nb_elo_only_ablation","open_core","updating","regulation_scoreline","joint_scoreline_log_loss","headline","equal_tournament","headline",2.8054880777466,12,630,630,630,1
"phase10_challenger_run","dynamic_goal_ability_elo","open_core","updating","regulation_scoreline","joint_scoreline_log_loss","headline","equal_tournament","headline",2.82939641320959,12,630,630,630,1
"phase10_challenger_run","dynamic_goal_ability_elo","open_core","frozen","regulation_scoreline","joint_scoreline_log_loss","headline","equal_tournament","headline",2.84102800255996,12,630,630,630,1
"phase10_challenger_run","dynamic_goal_ability","open_core","updating","regulation_scoreline","joint_scoreline_log_loss","headline","equal_tournament","headline",2.84205804680215,12,630,630,630,1
"phase10_challenger_run","dynamic_goal_ability","open_core","frozen","regulation_scoreline","joint_scoreline_log_loss","headline","equal_tournament","headline",2.84421079853575,12,630,630,630,1
"phase10_challenger_run","poisson_team_ridge_elo","open_core","frozen","regulation_scoreline","joint_scoreline_log_loss","headline","equal_tournament","headline",2.84509658374832,12,630,630,630,1
"phase10_challenger_run","poisson_team_ridge_elo_bivpois","open_core","frozen","regulation_scoreline","joint_scoreline_log_loss","headline","equal_tournament","headline",2.84542103668672,12,630,630,630,1
"phase10_challenger_run","poisson_team_ridge_elo_dc","open_core","frozen","regulation_scoreline","joint_scoreline_log_loss","headline","equal_tournament","headline",2.84565262333085,12,630,630,630,1
"phase10_challenger_run","poisson_team_ridge","open_core","updating","regulation_scoreline","joint_scoreline_log_loss","headline","equal_tournament","headline",2.85875539932827,12,630,630,630,1
"phase10_challenger_run","poisson_team_ridge","open_core","frozen","regulation_scoreline","joint_scoreline_log_loss","headline","equal_tournament","headline",2.86013950928656,12,630,630,630,1
"phase10_challenger_run","open_nb_elo_only_ablation","open_core","frozen","regulation_scoreline","joint_scoreline_log_loss","headline","equal_tournament","headline",2.86623818041919,12,630,630,630,1
"phase10_challenger_run","open_nb_elo_only_ablation","open_core","frozen","regulation_scoreline","exact_score_hit","headline","fixture_weighted","headline",0.119047619047619,12,630,630,630,1
"phase10_challenger_run","dynamic_goal_ability_elo","open_core","updating","regulation_scoreline","exact_score_hit","headline","fixture_weighted","headline",0.122222222222222,12,630,630,630,1
"phase10_challenger_run","dynamic_goal_ability","open_core","frozen","regulation_scoreline","exact_score_hit","headline","fixture_weighted","headline",0.123809523809524,12,630,630,630,1
"phase10_challenger_run","dynamic_goal_ability_elo","open_core","frozen","regulation_scoreline","exact_score_hit","headline","fixture_weighted","headline",0.123809523809524,12,630,630,630,1
"phase10_challenger_run","dynamic_goal_ability","open_core","updating","regulation_scoreline","exact_score_hit","headline","fixture_weighted","headline",0.125396825396826,12,630,630,630,1
"phase10_challenger_run","poisson_team_ridge","open_core","frozen","regulation_scoreline","exact_score_hit","headline","fixture_weighted","headline",0.133333333333333,12,630,630,630,1
"phase10_challenger_run","open_nb_elo_only_ablation","open_core","updating","regulation_scoreline","exact_score_hit","headline","fixture_weighted","headline",0.134920634920635,12,630,630,630,1
"phase10_challenger_run","poisson_team_ridge","open_core","updating","regulation_scoreline","exact_score_hit","headline","fixture_weighted","headline",0.136507936507937,12,630,630,630,1
"phase10_challenger_run","poisson_team_ridge_elo","open_core","frozen","regulation_scoreline","exact_score_hit","headline","fixture_weighted","headline",0.136507936507937,12,630,630,630,1
"phase10_challenger_run","poisson_team_ridge_elo_bivpois","open_core","frozen","regulation_scoreline","exact_score_hit","headline","fixture_weighted","headline",0.136507936507937,12,630,630,630,1
"phase10_challenger_run","poisson_team_ridge_elo_dc","open_core","frozen","regulation_scoreline","exact_score_hit","headline","fixture_weighted","headline",0.138095238095238,12,630,630,630,1
"phase10_challenger_run","poisson_team_ridge_elo_bivpois","open_core","updating","regulation_scoreline","exact_score_hit","headline","fixture_weighted","headline",0.149206349206349,12,630,630,630,1
"phase10_challenger_run","poisson_team_ridge_elo_dc","open_core","updating","regulation_scoreline","exact_score_hit","headline","fixture_weighted","headline",0.149206349206349,12,630,630,630,1
"phase10_challenger_run","poisson_team_ridge_elo","open_core","updating","regulation_scoreline","exact_score_hit","headline","fixture_weighted","headline",0.152380952380952,12,630,630,630,1
"phase10_challenger_run","open_nb_elo_only_ablation","open_core","updating","regulation_1x2","rps","headline","fixture_weighted","headline",0.202825163918303,12,630,630,630,1
"phase10_challenger_run","poisson_team_ridge_elo_bivpois","open_core","updating","regulation_1x2","rps","headline","fixture_weighted","headline",0.202988202641714,12,630,630,630,1
"phase10_challenger_run","poisson_team_ridge_elo","open_core","updating","regulation_1x2","rps","headline","fixture_weighted","headline",0.20300350923659,12,630,630,630,1
"phase10_challenger_run","poisson_team_ridge_elo_dc","open_core","updating","regulation_1x2","rps","headline","fixture_weighted","headline",0.203009211782262,12,630,630,630,1
"phase10_challenger_run","dynamic_goal_ability_elo","open_core","updating","regulation_1x2","rps","headline","fixture_weighted","headline",0.209291552507461,12,630,630,630,1
"phase10_challenger_run","dynamic_goal_ability","open_core","updating","regulation_1x2","rps","headline","fixture_weighted","headline",0.212630264942716,12,630,630,630,1
"phase10_challenger_run","dynamic_goal_ability_elo","open_core","frozen","regulation_1x2","rps","headline","fixture_weighted","headline",0.213992236115451,12,630,630,630,1
"phase10_challenger_run","dynamic_goal_ability","open_core","frozen","regulation_1x2","rps","headline","fixture_weighted","headline",0.215055040322274,12,630,630,630,1
"phase10_challenger_run","poisson_team_ridge_elo_bivpois","open_core","frozen","regulation_1x2","rps","headline","fixture_weighted","headline",0.216761720757334,12,630,630,630,1
"phase10_challenger_run","poisson_team_ridge_elo","open_core","frozen","regulation_1x2","rps","headline","fixture_weighted","headline",0.216778780109524,12,630,630,630,1
"phase10_challenger_run","poisson_team_ridge_elo_dc","open_core","frozen","regulation_1x2","rps","headline","fixture_weighted","headline",0.216787991911746,12,630,630,630,1
"phase10_challenger_run","poisson_team_ridge","open_core","updating","regulation_1x2","rps","headline","fixture_weighted","headline",0.221389246924926,12,630,630,630,1
"phase10_challenger_run","poisson_team_ridge","open_core","frozen","regulation_1x2","rps","headline","fixture_weighted","headline",0.22231544734274,12,630,630,630,1
"phase10_challenger_run","open_nb_elo_only_ablation","open_core","frozen","regulation_1x2","rps","headline","fixture_weighted","headline",0.222806155434356,12,630,630,630,1
"phase10_challenger_run","open_nb_elo_only_ablation","open_core","frozen","over_2_5","over_2_5_brier","headline","fixture_weighted","headline",0.245520195639417,12,630,630,630,1
"phase10_challenger_run","open_nb_elo_only_ablation","open_core","frozen","under_2_5","under_2_5_brier","headline","fixture_weighted","headline",0.245520195639417,12,630,630,630,1
"phase10_challenger_run","open_nb_elo_only_ablation","open_core","updating","over_2_5","over_2_5_brier","headline","fixture_weighted","headline",0.246580410566746,12,630,630,630,1
"phase10_challenger_run","open_nb_elo_only_ablation","open_core","updating","under_2_5","under_2_5_brier","headline","fixture_weighted","headline",0.246580410566746,12,630,630,630,1
"phase10_challenger_run","poisson_team_ridge_elo_bivpois","open_core","frozen","over_2_5","over_2_5_brier","headline","fixture_weighted","headline",0.2490492252471,12,630,630,630,1
"phase10_challenger_run","poisson_team_ridge_elo_bivpois","open_core","frozen","under_2_5","under_2_5_brier","headline","fixture_weighted","headline",0.2490492252471,12,630,630,630,1
"phase10_challenger_run","poisson_team_ridge_elo","open_core","frozen","over_2_5","over_2_5_brier","headline","fixture_weighted","headline",0.249109304777771,12,630,630,630,1
"phase10_challenger_run","poisson_team_ridge_elo_dc","open_core","frozen","over_2_5","over_2_5_brier","headline","fixture_weighted","headline",0.249109304777771,12,630,630,630,1
"phase10_challenger_run","poisson_team_ridge_elo","open_core","frozen","under_2_5","under_2_5_brier","headline","fixture_weighted","headline",0.249109304777771,12,630,630,630,1
"phase10_challenger_run","poisson_team_ridge_elo_dc","open_core","frozen","under_2_5","under_2_5_brier","headline","fixture_weighted","headline",0.249109304777771,12,630,630,630,1
"phase10_challenger_run","open_nb_elo_only_ablation","open_core","updating","btts","btts_brier","headline","fixture_weighted","headline",0.249117768840732,12,630,630,630,1
"phase10_challenger_run","poisson_team_ridge","open_core","frozen","over_2_5","over_2_5_brier","headline","fixture_weighted","headline",0.249191833760002,12,630,630,630,1
"phase10_challenger_run","poisson_team_ridge","open_core","frozen","under_2_5","under_2_5_brier","headline","fixture_weighted","headline",0.249191833760002,12,630,630,630,1
"phase10_challenger_run","poisson_team_ridge","open_core","updating","over_2_5","over_2_5_brier","headline","fixture_weighted","headline",0.249474409257247,12,630,630,630,1
"phase10_challenger_run","poisson_team_ridge","open_core","updating","under_2_5","under_2_5_brier","headline","fixture_weighted","headline",0.249474409257247,12,630,630,630,1
"phase10_challenger_run","poisson_team_ridge_elo","open_core","updating","btts","btts_brier","headline","fixture_weighted","headline",0.249680154446969,12,630,630,630,1
"phase10_challenger_run","poisson_team_ridge_elo_bivpois","open_core","updating","btts","btts_brier","headline","fixture_weighted","headline",0.249685111928669,12,630,630,630,1
"phase10_challenger_run","poisson_team_ridge_elo_dc","open_core","updating","btts","btts_brier","headline","fixture_weighted","headline",0.249769622077743,12,630,630,630,1
"phase10_challenger_run","open_nb_elo_only_ablation","open_core","frozen","btts","btts_brier","headline","fixture_weighted","headline",0.250290104422164,12,630,630,630,1
"phase10_challenger_run","poisson_team_ridge_elo_bivpois","open_core","updating","over_2_5","over_2_5_brier","headline","fixture_weighted","headline",0.251523895574217,12,630,630,630,1
"phase10_challenger_run","poisson_team_ridge_elo_bivpois","open_core","updating","under_2_5","under_2_5_brier","headline","fixture_weighted","headline",0.251523895574217,12,630,630,630,1
"phase10_challenger_run","poisson_team_ridge_elo","open_core","frozen","btts","btts_brier","headline","fixture_weighted","headline",0.251558881027441,12,630,630,630,1
"phase10_challenger_run","poisson_team_ridge_elo_bivpois","open_core","frozen","btts","btts_brier","headline","fixture_weighted","headline",0.25157125069587,12,630,630,630,1
"phase10_challenger_run","poisson_team_ridge_elo","open_core","updating","over_2_5","over_2_5_brier","headline","fixture_weighted","headline",0.251590777492514,12,630,630,630,1
"phase10_challenger_run","poisson_team_ridge_elo_dc","open_core","updating","over_2_5","over_2_5_brier","headline","fixture_weighted","headline",0.251590777492514,12,630,630,630,1
"phase10_challenger_run","poisson_team_ridge_elo","open_core","updating","under_2_5","under_2_5_brier","headline","fixture_weighted","headline",0.251590777492514,12,630,630,630,1
"phase10_challenger_run","poisson_team_ridge_elo_dc","open_core","updating","under_2_5","under_2_5_brier","headline","fixture_weighted","headline",0.251590777492514,12,630,630,630,1
"phase10_challenger_run","dynamic_goal_ability_elo","open_core","frozen","over_2_5","over_2_5_brier","headline","fixture_weighted","headline",0.251614504276119,12,630,630,630,1
"phase10_challenger_run","dynamic_goal_ability_elo","open_core","frozen","under_2_5","under_2_5_brier","headline","fixture_weighted","headline",0.251614504276119,12,630,630,630,1
"phase10_challenger_run","poisson_team_ridge_elo_dc","open_core","frozen","btts","btts_brier","headline","fixture_weighted","headline",0.251632065177838,12,630,630,630,1
"phase10_challenger_run","poisson_team_ridge","open_core","frozen","btts","btts_brier","headline","fixture_weighted","headline",0.251632915173787,12,630,630,630,1
"phase10_challenger_run","dynamic_goal_ability","open_core","frozen","over_2_5","over_2_5_brier","headline","fixture_weighted","headline",0.251798386257686,12,630,630,630,1
"phase10_challenger_run","dynamic_goal_ability","open_core","frozen","under_2_5","under_2_5_brier","headline","fixture_weighted","headline",0.251798386257686,12,630,630,630,1
"phase10_challenger_run","dynamic_goal_ability","open_core","frozen","btts","btts_brier","headline","fixture_weighted","headline",0.251860915136906,12,630,630,630,1
"phase10_challenger_run","dynamic_goal_ability_elo","open_core","frozen","btts","btts_brier","headline","fixture_weighted","headline",0.251884032746851,12,630,630,630,1
"phase10_challenger_run","dynamic_goal_ability_elo","open_core","updating","over_2_5","over_2_5_brier","headline","fixture_weighted","headline",0.251922644546923,12,630,630,630,1
"phase10_challenger_run","dynamic_goal_ability_elo","open_core","updating","under_2_5","under_2_5_brier","headline","fixture_weighted","headline",0.251922644546923,12,630,630,630,1
"phase10_challenger_run","poisson_team_ridge","open_core","updating","btts","btts_brier","headline","fixture_weighted","headline",0.252125334119165,12,630,630,630,1
"phase10_challenger_run","dynamic_goal_ability","open_core","updating","over_2_5","over_2_5_brier","headline","fixture_weighted","headline",0.252312449953854,12,630,630,630,1
"phase10_challenger_run","dynamic_goal_ability","open_core","updating","under_2_5","under_2_5_brier","headline","fixture_weighted","headline",0.252312449953854,12,630,630,630,1
"phase10_challenger_run","dynamic_goal_ability_elo","open_core","updating","btts","btts_brier","headline","fixture_weighted","headline",0.254428587728376,12,630,630,630,1
"phase10_challenger_run","dynamic_goal_ability","open_core","updating","btts","btts_brier","headline","fixture_weighted","headline",0.254460838262088,12,630,630,630,1
"phase10_challenger_run","open_nb_elo_only_ablation","open_core","frozen","regulation_1x2","winner_pick_accuracy","headline","fixture_weighted","headline",0.423809523809524,12,630,630,630,1
"phase10_challenger_run","poisson_team_ridge","open_core","frozen","regulation_1x2","winner_pick_accuracy","headline","fixture_weighted","headline",0.466666666666667,12,630,630,630,1
"phase10_challenger_run","dynamic_goal_ability","open_core","frozen","regulation_1x2","winner_pick_accuracy","headline","fixture_weighted","headline",0.46984126984127,12,630,630,630,1
"phase10_challenger_run","dynamic_goal_ability","open_core","updating","regulation_1x2","winner_pick_accuracy","headline","fixture_weighted","headline",0.46984126984127,12,630,630,630,1
"phase10_challenger_run","dynamic_goal_ability_elo","open_core","frozen","regulation_1x2","winner_pick_accuracy","headline","fixture_weighted","headline",0.473015873015873,12,630,630,630,1
"phase10_challenger_run","poisson_team_ridge_elo","open_core","frozen","regulation_1x2","winner_pick_accuracy","headline","fixture_weighted","headline",0.473015873015873,12,630,630,630,1
"phase10_challenger_run","poisson_team_ridge_elo_bivpois","open_core","frozen","regulation_1x2","winner_pick_accuracy","headline","fixture_weighted","headline",0.473015873015873,12,630,630,630,1
"phase10_challenger_run","poisson_team_ridge_elo_dc","open_core","frozen","regulation_1x2","winner_pick_accuracy","headline","fixture_weighted","headline",0.473015873015873,12,630,630,630,1
"phase10_challenger_run","poisson_team_ridge","open_core","updating","regulation_1x2","winner_pick_accuracy","headline","fixture_weighted","headline",0.474603174603175,12,630,630,630,1
"phase10_challenger_run","dynamic_goal_ability_elo","open_core","updating","regulation_1x2","winner_pick_accuracy","headline","fixture_weighted","headline",0.49047619047619,12,630,630,630,1
"phase10_challenger_run","open_nb_elo_only_ablation","open_core","updating","regulation_1x2","winner_pick_accuracy","headline","fixture_weighted","headline",0.507936507936508,12,630,630,630,1
"phase10_challenger_run","poisson_team_ridge_elo","open_core","updating","regulation_1x2","winner_pick_accuracy","headline","fixture_weighted","headline",0.512698412698413,12,630,630,630,1
"phase10_challenger_run","poisson_team_ridge_elo_bivpois","open_core","updating","regulation_1x2","winner_pick_accuracy","headline","fixture_weighted","headline",0.512698412698413,12,630,630,630,1
"phase10_challenger_run","poisson_team_ridge_elo_dc","open_core","updating","regulation_1x2","winner_pick_accuracy","headline","fixture_weighted","headline",0.512698412698413,12,630,630,630,1
"phase10_challenger_run","poisson_team_ridge_elo","open_core","updating","away_goals","away_goal_rps","headline","fixture_weighted","headline",0.530104175111863,12,630,630,630,1
"phase10_challenger_run","poisson_team_ridge_elo_bivpois","open_core","updating","away_goals","away_goal_rps","headline","fixture_weighted","headline",0.530104175111863,12,630,630,630,1
"phase10_challenger_run","poisson_team_ridge_elo_dc","open_core","updating","away_goals","away_goal_rps","headline","fixture_weighted","headline",0.530104175111863,12,630,630,630,1
"phase10_challenger_run","open_nb_elo_only_ablation","open_core","updating","away_goals","away_goal_rps","headline","fixture_weighted","headline",0.533017921142841,12,630,630,630,1
"phase10_challenger_run","dynamic_goal_ability_elo","open_core","updating","away_goals","away_goal_rps","headline","fixture_weighted","headline",0.537243660675829,12,630,630,630,1
"phase10_challenger_run","dynamic_goal_ability","open_core","updating","away_goals","away_goal_rps","headline","fixture_weighted","headline",0.539328258861059,12,630,630,630,1
"phase10_challenger_run","dynamic_goal_ability","open_core","frozen","away_goals","away_goal_rps","headline","fixture_weighted","headline",0.542978448885269,12,630,630,630,1
"phase10_challenger_run","dynamic_goal_ability_elo","open_core","frozen","away_goals","away_goal_rps","headline","fixture_weighted","headline",0.54309626942416,12,630,630,630,1
"phase10_challenger_run","poisson_team_ridge_elo","open_core","frozen","away_goals","away_goal_rps","headline","fixture_weighted","headline",0.547921895875203,12,630,630,630,1
"phase10_challenger_run","poisson_team_ridge_elo_bivpois","open_core","frozen","away_goals","away_goal_rps","headline","fixture_weighted","headline",0.547921895875203,12,630,630,630,1
"phase10_challenger_run","poisson_team_ridge_elo_dc","open_core","frozen","away_goals","away_goal_rps","headline","fixture_weighted","headline",0.547921895875203,12,630,630,630,1
"phase10_challenger_run","poisson_team_ridge","open_core","updating","away_goals","away_goal_rps","headline","fixture_weighted","headline",0.549789080595273,12,630,630,630,1
"phase10_challenger_run","poisson_team_ridge","open_core","frozen","away_goals","away_goal_rps","headline","fixture_weighted","headline",0.550798890344815,12,630,630,630,1
"phase10_challenger_run","open_nb_elo_only_ablation","open_core","frozen","away_goals","away_goal_rps","headline","fixture_weighted","headline",0.555398718990078,12,630,630,630,1
"phase10_challenger_run","open_nb_elo_only_ablation","open_core","updating","regulation_1x2","brier","headline","fixture_weighted","headline",0.605990537276295,12,630,630,630,1
"phase10_challenger_run","poisson_team_ridge_elo_bivpois","open_core","updating","regulation_1x2","brier","headline","fixture_weighted","headline",0.606073817425925,12,630,630,630,1
"phase10_challenger_run","poisson_team_ridge_elo","open_core","updating","regulation_1x2","brier","headline","fixture_weighted","headline",0.606180517851846,12,630,630,630,1
"phase10_challenger_run","poisson_team_ridge_elo_dc","open_core","updating","regulation_1x2","brier","headline","fixture_weighted","headline",0.606214733125883,12,630,630,630,1
"phase10_challenger_run","dynamic_goal_ability_elo","open_core","updating","regulation_1x2","brier","headline","fixture_weighted","headline",0.617753304031477,12,630,630,630,1
"phase10_challenger_run","dynamic_goal_ability","open_core","updating","regulation_1x2","brier","headline","fixture_weighted","headline",0.624559491418522,12,630,630,630,1
"phase10_challenger_run","dynamic_goal_ability_elo","open_core","frozen","regulation_1x2","brier","headline","fixture_weighted","headline",0.627638787312883,12,630,630,630,1
"phase10_challenger_run","dynamic_goal_ability","open_core","frozen","regulation_1x2","brier","headline","fixture_weighted","headline",0.630026582648092,12,630,630,630,1
"phase10_challenger_run","poisson_team_ridge_elo_bivpois","open_core","frozen","regulation_1x2","brier","headline","fixture_weighted","headline",0.633159992282936,12,630,630,630,1
"phase10_challenger_run","poisson_team_ridge_elo","open_core","frozen","regulation_1x2","brier","headline","fixture_weighted","headline",0.633256591504345,12,630,630,630,1
"phase10_challenger_run","poisson_team_ridge_elo_dc","open_core","frozen","regulation_1x2","brier","headline","fixture_weighted","headline",0.633311862317678,12,630,630,630,1
"phase10_challenger_run","open_nb_elo_only_ablation","open_core","updating","home_goals","home_goal_rps","headline","fixture_weighted","headline",0.633492097636689,12,630,630,630,1
"phase10_challenger_run","poisson_team_ridge_elo","open_core","updating","home_goals","home_goal_rps","headline","fixture_weighted","headline",0.640129950949804,12,630,630,630,1
"phase10_challenger_run","poisson_team_ridge_elo_bivpois","open_core","updating","home_goals","home_goal_rps","headline","fixture_weighted","headline",0.640129950949804,12,630,630,630,1
"phase10_challenger_run","poisson_team_ridge_elo_dc","open_core","updating","home_goals","home_goal_rps","headline","fixture_weighted","headline",0.640129950949804,12,630,630,630,1
"phase10_challenger_run","poisson_team_ridge","open_core","updating","regulation_1x2","brier","headline","fixture_weighted","headline",0.64328928391134,12,630,630,630,1
"phase10_challenger_run","poisson_team_ridge","open_core","frozen","regulation_1x2","brier","headline","fixture_weighted","headline",0.645190360384405,12,630,630,630,1
"phase10_challenger_run","open_nb_elo_only_ablation","open_core","frozen","regulation_1x2","brier","headline","fixture_weighted","headline",0.645428718299114,12,630,630,630,1
"phase10_challenger_run","dynamic_goal_ability_elo","open_core","updating","home_goals","home_goal_rps","headline","fixture_weighted","headline",0.652519122298133,12,630,630,630,1
"phase10_challenger_run","poisson_team_ridge_elo","open_core","frozen","home_goals","home_goal_rps","headline","fixture_weighted","headline",0.65399033696137,12,630,630,630,1
"phase10_challenger_run","poisson_team_ridge_elo_bivpois","open_core","frozen","home_goals","home_goal_rps","headline","fixture_weighted","headline",0.65399033696137,12,630,630,630,1
"phase10_challenger_run","poisson_team_ridge_elo_dc","open_core","frozen","home_goals","home_goal_rps","headline","fixture_weighted","headline",0.65399033696137,12,630,630,630,1
"phase10_challenger_run","dynamic_goal_ability_elo","open_core","frozen","home_goals","home_goal_rps","headline","fixture_weighted","headline",0.655966395046039,12,630,630,630,1
"phase10_challenger_run","dynamic_goal_ability","open_core","frozen","home_goals","home_goal_rps","headline","fixture_weighted","headline",0.658219882710381,12,630,630,630,1
"phase10_challenger_run","open_nb_elo_only_ablation","open_core","frozen","home_goals","home_goal_rps","headline","fixture_weighted","headline",0.658853301627726,12,630,630,630,1
"phase10_challenger_run","dynamic_goal_ability","open_core","updating","home_goals","home_goal_rps","headline","fixture_weighted","headline",0.659137461825406,12,630,630,630,1
"phase10_challenger_run","poisson_team_ridge","open_core","updating","home_goals","home_goal_rps","headline","fixture_weighted","headline",0.661190494366857,12,630,630,630,1
"phase10_challenger_run","poisson_team_ridge","open_core","frozen","home_goals","home_goal_rps","headline","fixture_weighted","headline",0.661369078519928,12,630,630,630,1
"phase10_challenger_run","open_nb_elo_only_ablation","open_core","frozen","over_2_5","over_2_5_log_loss","headline","fixture_weighted","headline",0.684159682404134,12,630,630,630,1
"phase10_challenger_run","open_nb_elo_only_ablation","open_core","frozen","under_2_5","under_2_5_log_loss","headline","fixture_weighted","headline",0.684159682404134,12,630,630,630,1
"phase10_challenger_run","open_nb_elo_only_ablation","open_core","updating","over_2_5","over_2_5_log_loss","headline","fixture_weighted","headline",0.686281825604371,12,630,630,630,1
"phase10_challenger_run","open_nb_elo_only_ablation","open_core","updating","under_2_5","under_2_5_log_loss","headline","fixture_weighted","headline",0.686281825604371,12,630,630,630,1
"phase10_challenger_run","poisson_team_ridge_elo_bivpois","open_core","frozen","over_2_5","over_2_5_log_loss","headline","fixture_weighted","headline",0.691296090499423,12,630,630,630,1
"phase10_challenger_run","poisson_team_ridge_elo_bivpois","open_core","frozen","under_2_5","under_2_5_log_loss","headline","fixture_weighted","headline",0.691296090499423,12,630,630,630,1
"phase10_challenger_run","open_nb_elo_only_ablation","open_core","updating","btts","btts_log_loss","headline","fixture_weighted","headline",0.691396999547212,12,630,630,630,1
"phase10_challenger_run","poisson_team_ridge_elo","open_core","frozen","over_2_5","over_2_5_log_loss","headline","fixture_weighted","headline",0.691420602184041,12,630,630,630,1
"phase10_challenger_run","poisson_team_ridge_elo_dc","open_core","frozen","over_2_5","over_2_5_log_loss","headline","fixture_weighted","headline",0.691420602184041,12,630,630,630,1
"phase10_challenger_run","poisson_team_ridge_elo","open_core","frozen","under_2_5","under_2_5_log_loss","headline","fixture_weighted","headline",0.691420602184041,12,630,630,630,1
"phase10_challenger_run","poisson_team_ridge_elo_dc","open_core","frozen","under_2_5","under_2_5_log_loss","headline","fixture_weighted","headline",0.691420602184041,12,630,630,630,1
"phase10_challenger_run","poisson_team_ridge","open_core","frozen","over_2_5","over_2_5_log_loss","headline","fixture_weighted","headline",0.69155533282479,12,630,630,630,1
"phase10_challenger_run","poisson_team_ridge","open_core","frozen","under_2_5","under_2_5_log_loss","headline","fixture_weighted","headline",0.69155533282479,12,630,630,630,1
"phase10_challenger_run","poisson_team_ridge","open_core","updating","over_2_5","over_2_5_log_loss","headline","fixture_weighted","headline",0.692124060360405,12,630,630,630,1
"phase10_challenger_run","poisson_team_ridge","open_core","updating","under_2_5","under_2_5_log_loss","headline","fixture_weighted","headline",0.692124060360405,12,630,630,630,1
"phase10_challenger_run","poisson_team_ridge_elo","open_core","updating","btts","btts_log_loss","headline","fixture_weighted","headline",0.692532824134284,12,630,630,630,1
"phase10_challenger_run","poisson_team_ridge_elo_bivpois","open_core","updating","btts","btts_log_loss","headline","fixture_weighted","headline",0.692544083769347,12,630,630,630,1
"phase10_challenger_run","poisson_team_ridge_elo_dc","open_core","updating","btts","btts_log_loss","headline","fixture_weighted","headline",0.692714102140216,12,630,630,630,1
"phase10_challenger_run","open_nb_elo_only_ablation","open_core","frozen","btts","btts_log_loss","headline","fixture_weighted","headline",0.693813060409225,12,630,630,630,1
"phase10_challenger_run","poisson_team_ridge_elo","open_core","frozen","btts","btts_log_loss","headline","fixture_weighted","headline",0.696335725668214,12,630,630,630,1
"phase10_challenger_run","poisson_team_ridge_elo_bivpois","open_core","frozen","btts","btts_log_loss","headline","fixture_weighted","headline",0.696362010544785,12,630,630,630,1
"phase10_challenger_run","poisson_team_ridge_elo_bivpois","open_core","updating","over_2_5","over_2_5_log_loss","headline","fixture_weighted","headline",0.69643396600784,12,630,630,630,1
"phase10_challenger_run","poisson_team_ridge_elo_bivpois","open_core","updating","under_2_5","under_2_5_log_loss","headline","fixture_weighted","headline",0.69643396600784,12,630,630,630,1
"phase10_challenger_run","poisson_team_ridge","open_core","frozen","btts","btts_log_loss","headline","fixture_weighted","headline",0.69648023286326,12,630,630,630,1
"phase10_challenger_run","poisson_team_ridge_elo_dc","open_core","frozen","btts","btts_log_loss","headline","fixture_weighted","headline",0.69648495244815,12,630,630,630,1
"phase10_challenger_run","poisson_team_ridge_elo","open_core","updating","over_2_5","over_2_5_log_loss","headline","fixture_weighted","headline",0.69657321580727,12,630,630,630,1
"phase10_challenger_run","poisson_team_ridge_elo_dc","open_core","updating","over_2_5","over_2_5_log_loss","headline","fixture_weighted","headline",0.69657321580727,12,630,630,630,1
"phase10_challenger_run","poisson_team_ridge_elo","open_core","updating","under_2_5","under_2_5_log_loss","headline","fixture_weighted","headline",0.69657321580727,12,630,630,630,1
"phase10_challenger_run","poisson_team_ridge_elo_dc","open_core","updating","under_2_5","under_2_5_log_loss","headline","fixture_weighted","headline",0.69657321580727,12,630,630,630,1
"phase10_challenger_run","poisson_team_ridge","open_core","updating","btts","btts_log_loss","headline","fixture_weighted","headline",0.697467712742118,12,630,630,630,1
"phase10_challenger_run","dynamic_goal_ability","open_core","frozen","btts","btts_log_loss","headline","fixture_weighted","headline",0.697739533840996,12,630,630,630,1
"phase10_challenger_run","dynamic_goal_ability_elo","open_core","frozen","btts","btts_log_loss","headline","fixture_weighted","headline",0.697794576321192,12,630,630,630,1
"phase10_challenger_run","dynamic_goal_ability_elo","open_core","frozen","over_2_5","over_2_5_log_loss","headline","fixture_weighted","headline",0.698791187432554,12,630,630,630,1
"phase10_challenger_run","dynamic_goal_ability_elo","open_core","frozen","under_2_5","under_2_5_log_loss","headline","fixture_weighted","headline",0.698791187432554,12,630,630,630,1
"phase10_challenger_run","dynamic_goal_ability","open_core","frozen","over_2_5","over_2_5_log_loss","headline","fixture_weighted","headline",0.699270259320742,12,630,630,630,1
"phase10_challenger_run","dynamic_goal_ability","open_core","frozen","under_2_5","under_2_5_log_loss","headline","fixture_weighted","headline",0.699270259320742,12,630,630,630,1
"phase10_challenger_run","dynamic_goal_ability_elo","open_core","updating","over_2_5","over_2_5_log_loss","headline","fixture_weighted","headline",0.699647155266394,12,630,630,630,1
"phase10_challenger_run","dynamic_goal_ability_elo","open_core","updating","under_2_5","under_2_5_log_loss","headline","fixture_weighted","headline",0.699647155266394,12,630,630,630,1
"phase10_challenger_run","dynamic_goal_ability","open_core","updating","over_2_5","over_2_5_log_loss","headline","fixture_weighted","headline",0.700696528520724,12,630,630,630,1
"phase10_challenger_run","dynamic_goal_ability","open_core","updating","under_2_5","under_2_5_log_loss","headline","fixture_weighted","headline",0.700696528520724,12,630,630,630,1
"phase10_challenger_run","dynamic_goal_ability_elo","open_core","updating","btts","btts_log_loss","headline","fixture_weighted","headline",0.703147020096291,12,630,630,630,1
"phase10_challenger_run","dynamic_goal_ability","open_core","updating","btts","btts_log_loss","headline","fixture_weighted","headline",0.70320483144227,12,630,630,630,1
"phase10_challenger_run","poisson_team_ridge_elo_bivpois","open_core","updating","regulation_1x2","log_loss","headline","fixture_weighted","headline",1.01368210307948,12,630,630,630,1
"phase10_challenger_run","poisson_team_ridge_elo","open_core","updating","regulation_1x2","log_loss","headline","fixture_weighted","headline",1.01383577165183,12,630,630,630,1
"phase10_challenger_run","poisson_team_ridge_elo_dc","open_core","updating","regulation_1x2","log_loss","headline","fixture_weighted","headline",1.01396193923654,12,630,630,630,1
"phase10_challenger_run","open_nb_elo_only_ablation","open_core","updating","regulation_1x2","log_loss","headline","fixture_weighted","headline",1.01425547304599,12,630,630,630,1
"phase10_challenger_run","dynamic_goal_ability_elo","open_core","updating","regulation_1x2","log_loss","headline","fixture_weighted","headline",1.02907383677621,12,630,630,630,1
"phase10_challenger_run","dynamic_goal_ability","open_core","updating","regulation_1x2","log_loss","headline","fixture_weighted","headline",1.03876333146223,12,630,630,630,1
"phase10_challenger_run","dynamic_goal_ability_elo","open_core","frozen","regulation_1x2","log_loss","headline","fixture_weighted","headline",1.04362587116852,12,630,630,630,1
"phase10_challenger_run","dynamic_goal_ability","open_core","frozen","regulation_1x2","log_loss","headline","fixture_weighted","headline",1.0466333055671,12,630,630,630,1
"phase10_challenger_run","poisson_team_ridge_elo_bivpois","open_core","frozen","regulation_1x2","log_loss","headline","fixture_weighted","headline",1.05326581408883,12,630,630,630,1
"phase10_challenger_run","poisson_team_ridge_elo","open_core","frozen","regulation_1x2","log_loss","headline","fixture_weighted","headline",1.05341284174316,12,630,630,630,1
"phase10_challenger_run","poisson_team_ridge_elo_dc","open_core","frozen","regulation_1x2","log_loss","headline","fixture_weighted","headline",1.05352381145865,12,630,630,630,1
"phase10_challenger_run","poisson_team_ridge","open_core","updating","regulation_1x2","log_loss","headline","fixture_weighted","headline",1.06559671355726,12,630,630,630,1
"phase10_challenger_run","poisson_team_ridge","open_core","frozen","regulation_1x2","log_loss","headline","fixture_weighted","headline",1.06822510659324,12,630,630,630,1
"phase10_challenger_run","open_nb_elo_only_ablation","open_core","frozen","regulation_1x2","log_loss","headline","fixture_weighted","headline",1.07101618059549,12,630,630,630,1
"phase10_challenger_run","poisson_team_ridge_elo","open_core","updating","regulation_scoreline","joint_scoreline_log_loss","headline","fixture_weighted","headline",2.80521642459485,12,630,630,630,1
"phase10_challenger_run","poisson_team_ridge_elo_bivpois","open_core","updating","regulation_scoreline","joint_scoreline_log_loss","headline","fixture_weighted","headline",2.80547756993172,12,630,630,630,1
"phase10_challenger_run","poisson_team_ridge_elo_dc","open_core","updating","regulation_scoreline","joint_scoreline_log_loss","headline","fixture_weighted","headline",2.80573531001437,12,630,630,630,1
"phase10_challenger_run","open_nb_elo_only_ablation","open_core","updating","regulation_scoreline","joint_scoreline_log_loss","headline","fixture_weighted","headline",2.81133492251917,12,630,630,630,1
"phase10_challenger_run","dynamic_goal_ability_elo","open_core","updating","regulation_scoreline","joint_scoreline_log_loss","headline","fixture_weighted","headline",2.84226940782789,12,630,630,630,1
"phase10_challenger_run","poisson_team_ridge_elo","open_core","frozen","regulation_scoreline","joint_scoreline_log_loss","headline","fixture_weighted","headline",2.85415880282445,12,630,630,630,1
"phase10_challenger_run","poisson_team_ridge_elo_bivpois","open_core","frozen","regulation_scoreline","joint_scoreline_log_loss","headline","fixture_weighted","headline",2.85455474530843,12,630,630,630,1
"phase10_challenger_run","poisson_team_ridge_elo_dc","open_core","frozen","regulation_scoreline","joint_scoreline_log_loss","headline","fixture_weighted","headline",2.85474223740818,12,630,630,630,1
"phase10_challenger_run","dynamic_goal_ability_elo","open_core","frozen","regulation_scoreline","joint_scoreline_log_loss","headline","fixture_weighted","headline",2.85597006604628,12,630,630,630,1
"phase10_challenger_run","dynamic_goal_ability","open_core","updating","regulation_scoreline","joint_scoreline_log_loss","headline","fixture_weighted","headline",2.85613636253394,12,630,630,630,1
"phase10_challenger_run","dynamic_goal_ability","open_core","frozen","regulation_scoreline","joint_scoreline_log_loss","headline","fixture_weighted","headline",2.85972986363339,12,630,630,630,1
"phase10_challenger_run","poisson_team_ridge","open_core","updating","regulation_scoreline","joint_scoreline_log_loss","headline","fixture_weighted","headline",2.86889038953506,12,630,630,630,1
"phase10_challenger_run","poisson_team_ridge","open_core","frozen","regulation_scoreline","joint_scoreline_log_loss","headline","fixture_weighted","headline",2.87059119148764,12,630,630,630,1
"phase10_challenger_run","open_nb_elo_only_ablation","open_core","frozen","regulation_scoreline","joint_scoreline_log_loss","headline","fixture_weighted","headline",2.87320610321945,12,630,630,630,1
"phase10_challenger_run","dynamic_goal_ability","open_core","frozen","regulation_scoreline","exact_score_hit","tournament","within_tournament","euro2004",0.0645161290322581,1,31,31,31,1
"phase10_challenger_run","dynamic_goal_ability","open_core","updating","regulation_scoreline","exact_score_hit","tournament","within_tournament","euro2004",0.0645161290322581,1,31,31,31,1
"phase10_challenger_run","dynamic_goal_ability_elo","open_core","frozen","regulation_scoreline","exact_score_hit","tournament","within_tournament","euro2004",0.0645161290322581,1,31,31,31,1
"phase10_challenger_run","dynamic_goal_ability_elo","open_core","updating","regulation_scoreline","exact_score_hit","tournament","within_tournament","euro2004",0.0645161290322581,1,31,31,31,1
"phase10_challenger_run","open_nb_elo_only_ablation","open_core","frozen","regulation_scoreline","exact_score_hit","tournament","within_tournament","euro2004",0.0967741935483871,1,31,31,31,1
"phase10_challenger_run","poisson_team_ridge_elo","open_core","updating","regulation_scoreline","exact_score_hit","tournament","within_tournament","euro2004",0.0967741935483871,1,31,31,31,1
"phase10_challenger_run","poisson_team_ridge_elo_bivpois","open_core","updating","regulation_scoreline","exact_score_hit","tournament","within_tournament","euro2004",0.0967741935483871,1,31,31,31,1
"phase10_challenger_run","poisson_team_ridge_elo_dc","open_core","updating","regulation_scoreline","exact_score_hit","tournament","within_tournament","euro2004",0.0967741935483871,1,31,31,31,1
"phase10_challenger_run","open_nb_elo_only_ablation","open_core","updating","regulation_scoreline","exact_score_hit","tournament","within_tournament","euro2004",0.129032258064516,1,31,31,31,1
"phase10_challenger_run","poisson_team_ridge","open_core","frozen","regulation_scoreline","exact_score_hit","tournament","within_tournament","euro2004",0.129032258064516,1,31,31,31,1
"phase10_challenger_run","poisson_team_ridge","open_core","updating","regulation_scoreline","exact_score_hit","tournament","within_tournament","euro2004",0.129032258064516,1,31,31,31,1
"phase10_challenger_run","poisson_team_ridge_elo","open_core","frozen","regulation_scoreline","exact_score_hit","tournament","within_tournament","euro2004",0.161290322580645,1,31,31,31,1
"phase10_challenger_run","poisson_team_ridge_elo_bivpois","open_core","frozen","regulation_scoreline","exact_score_hit","tournament","within_tournament","euro2004",0.161290322580645,1,31,31,31,1
"phase10_challenger_run","poisson_team_ridge_elo_dc","open_core","frozen","regulation_scoreline","exact_score_hit","tournament","within_tournament","euro2004",0.161290322580645,1,31,31,31,1
"phase10_challenger_run","open_nb_elo_only_ablation","open_core","updating","regulation_1x2","rps","tournament","within_tournament","euro2004",0.196449563465487,1,31,31,31,1
"phase10_challenger_run","dynamic_goal_ability_elo","open_core","updating","regulation_1x2","rps","tournament","within_tournament","euro2004",0.198040881206282,1,31,31,31,1
"phase10_challenger_run","dynamic_goal_ability","open_core","updating","regulation_1x2","rps","tournament","within_tournament","euro2004",0.198391586861155,1,31,31,31,1
"phase10_challenger_run","poisson_team_ridge_elo_dc","open_core","updating","regulation_1x2","rps","tournament","within_tournament","euro2004",0.199637913713625,1,31,31,31,1
"phase10_challenger_run","poisson_team_ridge_elo_bivpois","open_core","updating","regulation_1x2","rps","tournament","within_tournament","euro2004",0.199649078887225,1,31,31,31,1
"phase10_challenger_run","poisson_team_ridge_elo","open_core","updating","regulation_1x2","rps","tournament","within_tournament","euro2004",0.199649266244128,1,31,31,31,1
"phase10_challenger_run","dynamic_goal_ability_elo","open_core","frozen","regulation_1x2","rps","tournament","within_tournament","euro2004",0.200867363459745,1,31,31,31,1
"phase10_challenger_run","dynamic_goal_ability","open_core","frozen","regulation_1x2","rps","tournament","within_tournament","euro2004",0.201706974497521,1,31,31,31,1
"phase10_challenger_run","poisson_team_ridge_elo_dc","open_core","frozen","regulation_1x2","rps","tournament","within_tournament","euro2004",0.202740621325487,1,31,31,31,1
"phase10_challenger_run","poisson_team_ridge_elo_bivpois","open_core","frozen","regulation_1x2","rps","tournament","within_tournament","euro2004",0.20275044235956,1,31,31,31,1
"phase10_challenger_run","poisson_team_ridge_elo","open_core","frozen","regulation_1x2","rps","tournament","within_tournament","euro2004",0.202750960463885,1,31,31,31,1
"phase10_challenger_run","open_nb_elo_only_ablation","open_core","frozen","regulation_1x2","rps","tournament","within_tournament","euro2004",0.206729826125053,1,31,31,31,1
"phase10_challenger_run","poisson_team_ridge","open_core","updating","regulation_1x2","rps","tournament","within_tournament","euro2004",0.210175850307279,1,31,31,31,1
"phase10_challenger_run","poisson_team_ridge","open_core","frozen","regulation_1x2","rps","tournament","within_tournament","euro2004",0.211176856654319,1,31,31,31,1
"phase10_challenger_run","open_nb_elo_only_ablation","open_core","updating","over_2_5","over_2_5_brier","tournament","within_tournament","euro2004",0.245922103014886,1,31,31,31,1
"phase10_challenger_run","open_nb_elo_only_ablation","open_core","updating","under_2_5","under_2_5_brier","tournament","within_tournament","euro2004",0.245922103014886,1,31,31,31,1
"phase10_challenger_run","open_nb_elo_only_ablation","open_core","frozen","over_2_5","over_2_5_brier","tournament","within_tournament","euro2004",0.249438053107564,1,31,31,31,1
"phase10_challenger_run","open_nb_elo_only_ablation","open_core","frozen","under_2_5","under_2_5_brier","tournament","within_tournament","euro2004",0.249438053107565,1,31,31,31,1
"phase10_challenger_run","poisson_team_ridge_elo_dc","open_core","updating","btts","btts_brier","tournament","within_tournament","euro2004",0.252366019567323,1,31,31,31,1
"phase10_challenger_run","poisson_team_ridge_elo_bivpois","open_core","updating","btts","btts_brier","tournament","within_tournament","euro2004",0.252371615554708,1,31,31,31,1
"phase10_challenger_run","poisson_team_ridge_elo","open_core","updating","btts","btts_brier","tournament","within_tournament","euro2004",0.252371992679072,1,31,31,31,1
"phase10_challenger_run","poisson_team_ridge","open_core","frozen","btts","btts_brier","tournament","within_tournament","euro2004",0.252801134533069,1,31,31,31,1
"phase10_challenger_run","poisson_team_ridge","open_core","updating","btts","btts_brier","tournament","within_tournament","euro2004",0.253589646675846,1,31,31,31,1
"phase10_challenger_run","poisson_team_ridge_elo_dc","open_core","frozen","btts","btts_brier","tournament","within_tournament","euro2004",0.254819051213528,1,31,31,31,1
"phase10_challenger_run","poisson_team_ridge_elo_bivpois","open_core","frozen","btts","btts_brier","tournament","within_tournament","euro2004",0.254821109330341,1,31,31,31,1
"phase10_challenger_run","poisson_team_ridge_elo","open_core","frozen","btts","btts_brier","tournament","within_tournament","euro2004",0.25482132288906,1,31,31,31,1
"phase10_challenger_run","open_nb_elo_only_ablation","open_core","updating","btts","btts_brier","tournament","within_tournament","euro2004",0.257350119868284,1,31,31,31,1
"phase10_challenger_run","open_nb_elo_only_ablation","open_core","frozen","btts","btts_brier","tournament","within_tournament","euro2004",0.260527102144767,1,31,31,31,1
"phase10_challenger_run","poisson_team_ridge_elo_bivpois","open_core","updating","over_2_5","over_2_5_brier","tournament","within_tournament","euro2004",0.265194611568493,1,31,31,31,1
"phase10_challenger_run","poisson_team_ridge_elo_bivpois","open_core","updating","under_2_5","under_2_5_brier","tournament","within_tournament","euro2004",0.265194611568493,1,31,31,31,1
"phase10_challenger_run","poisson_team_ridge_elo","open_core","updating","over_2_5","over_2_5_brier","tournament","within_tournament","euro2004",0.26519473963649,1,31,31,31,1
"phase10_challenger_run","poisson_team_ridge_elo_dc","open_core","updating","over_2_5","over_2_5_brier","tournament","within_tournament","euro2004",0.26519473963649,1,31,31,31,1
"phase10_challenger_run","poisson_team_ridge_elo","open_core","updating","under_2_5","under_2_5_brier","tournament","within_tournament","euro2004",0.26519473963649,1,31,31,31,1
"phase10_challenger_run","poisson_team_ridge_elo_dc","open_core","updating","under_2_5","under_2_5_brier","tournament","within_tournament","euro2004",0.26519473963649,1,31,31,31,1
"phase10_challenger_run","poisson_team_ridge_elo_bivpois","open_core","frozen","over_2_5","over_2_5_brier","tournament","within_tournament","euro2004",0.265805686361268,1,31,31,31,1
"phase10_challenger_run","poisson_team_ridge_elo_bivpois","open_core","frozen","under_2_5","under_2_5_brier","tournament","within_tournament","euro2004",0.265805686361268,1,31,31,31,1
"phase10_challenger_run","poisson_team_ridge_elo","open_core","frozen","over_2_5","over_2_5_brier","tournament","within_tournament","euro2004",0.265805714131653,1,31,31,31,1
"phase10_challenger_run","poisson_team_ridge_elo_dc","open_core","frozen","over_2_5","over_2_5_brier","tournament","within_tournament","euro2004",0.265805714131653,1,31,31,31,1
"phase10_challenger_run","poisson_team_ridge_elo","open_core","frozen","under_2_5","under_2_5_brier","tournament","within_tournament","euro2004",0.265805714131653,1,31,31,31,1
"phase10_challenger_run","poisson_team_ridge_elo_dc","open_core","frozen","under_2_5","under_2_5_brier","tournament","within_tournament","euro2004",0.265805714131653,1,31,31,31,1
"phase10_challenger_run","poisson_team_ridge","open_core","frozen","over_2_5","over_2_5_brier","tournament","within_tournament","euro2004",0.268905043220821,1,31,31,31,1
"phase10_challenger_run","poisson_team_ridge","open_core","frozen","under_2_5","under_2_5_brier","tournament","within_tournament","euro2004",0.268905043220821,1,31,31,31,1
"phase10_challenger_run","poisson_team_ridge","open_core","updating","over_2_5","over_2_5_brier","tournament","within_tournament","euro2004",0.269408311324355,1,31,31,31,1
"phase10_challenger_run","poisson_team_ridge","open_core","updating","under_2_5","under_2_5_brier","tournament","within_tournament","euro2004",0.269408311324355,1,31,31,31,1
"phase10_challenger_run","dynamic_goal_ability","open_core","frozen","btts","btts_brier","tournament","within_tournament","euro2004",0.271460334980894,1,31,31,31,1
"phase10_challenger_run","dynamic_goal_ability_elo","open_core","frozen","btts","btts_brier","tournament","within_tournament","euro2004",0.27203431034018,1,31,31,31,1
"phase10_challenger_run","dynamic_goal_ability_elo","open_core","frozen","over_2_5","over_2_5_brier","tournament","within_tournament","euro2004",0.272765692288639,1,31,31,31,1
"phase10_challenger_run","dynamic_goal_ability_elo","open_core","frozen","under_2_5","under_2_5_brier","tournament","within_tournament","euro2004",0.272765692288639,1,31,31,31,1
"phase10_challenger_run","dynamic_goal_ability","open_core","frozen","over_2_5","over_2_5_brier","tournament","within_tournament","euro2004",0.273757495218031,1,31,31,31,1
"phase10_challenger_run","dynamic_goal_ability","open_core","frozen","under_2_5","under_2_5_brier","tournament","within_tournament","euro2004",0.273757495218031,1,31,31,31,1
"phase10_challenger_run","dynamic_goal_ability_elo","open_core","updating","over_2_5","over_2_5_brier","tournament","within_tournament","euro2004",0.27587213388299,1,31,31,31,1
"phase10_challenger_run","dynamic_goal_ability_elo","open_core","updating","under_2_5","under_2_5_brier","tournament","within_tournament","euro2004",0.27587213388299,1,31,31,31,1
"phase10_challenger_run","dynamic_goal_ability","open_core","updating","btts","btts_brier","tournament","within_tournament","euro2004",0.276042467519546,1,31,31,31,1
"phase10_challenger_run","dynamic_goal_ability_elo","open_core","updating","btts","btts_brier","tournament","within_tournament","euro2004",0.276353576795933,1,31,31,31,1
"phase10_challenger_run","dynamic_goal_ability","open_core","updating","over_2_5","over_2_5_brier","tournament","within_tournament","euro2004",0.278288816939642,1,31,31,31,1
"phase10_challenger_run","dynamic_goal_ability","open_core","updating","under_2_5","under_2_5_brier","tournament","within_tournament","euro2004",0.278288816939643,1,31,31,31,1
"phase10_challenger_run","open_nb_elo_only_ablation","open_core","frozen","regulation_1x2","winner_pick_accuracy","tournament","within_tournament","euro2004",0.387096774193548,1,31,31,31,1
"phase10_challenger_run","dynamic_goal_ability_elo","open_core","updating","regulation_1x2","winner_pick_accuracy","tournament","within_tournament","euro2004",0.419354838709677,1,31,31,31,1
"phase10_challenger_run","open_nb_elo_only_ablation","open_core","updating","regulation_1x2","winner_pick_accuracy","tournament","within_tournament","euro2004",0.419354838709677,1,31,31,31,1
"phase10_challenger_run","dynamic_goal_ability","open_core","frozen","regulation_1x2","winner_pick_accuracy","tournament","within_tournament","euro2004",0.451612903225806,1,31,31,31,1
"phase10_challenger_run","dynamic_goal_ability","open_core","updating","regulation_1x2","winner_pick_accuracy","tournament","within_tournament","euro2004",0.451612903225806,1,31,31,31,1
"phase10_challenger_run","dynamic_goal_ability_elo","open_core","frozen","regulation_1x2","winner_pick_accuracy","tournament","within_tournament","euro2004",0.451612903225806,1,31,31,31,1
"phase10_challenger_run","poisson_team_ridge_elo","open_core","updating","regulation_1x2","winner_pick_accuracy","tournament","within_tournament","euro2004",0.483870967741935,1,31,31,31,1
"phase10_challenger_run","poisson_team_ridge_elo_bivpois","open_core","updating","regulation_1x2","winner_pick_accuracy","tournament","within_tournament","euro2004",0.483870967741935,1,31,31,31,1
"phase10_challenger_run","poisson_team_ridge_elo_dc","open_core","updating","regulation_1x2","winner_pick_accuracy","tournament","within_tournament","euro2004",0.483870967741935,1,31,31,31,1
"phase10_challenger_run","poisson_team_ridge","open_core","frozen","regulation_1x2","winner_pick_accuracy","tournament","within_tournament","euro2004",0.516129032258065,1,31,31,31,1
"phase10_challenger_run","poisson_team_ridge","open_core","updating","regulation_1x2","winner_pick_accuracy","tournament","within_tournament","euro2004",0.516129032258065,1,31,31,31,1
"phase10_challenger_run","poisson_team_ridge_elo","open_core","frozen","regulation_1x2","winner_pick_accuracy","tournament","within_tournament","euro2004",0.516129032258065,1,31,31,31,1
"phase10_challenger_run","poisson_team_ridge_elo_bivpois","open_core","frozen","regulation_1x2","winner_pick_accuracy","tournament","within_tournament","euro2004",0.516129032258065,1,31,31,31,1
"phase10_challenger_run","poisson_team_ridge_elo_dc","open_core","frozen","regulation_1x2","winner_pick_accuracy","tournament","within_tournament","euro2004",0.516129032258065,1,31,31,31,1
"phase10_challenger_run","open_nb_elo_only_ablation","open_core","updating","away_goals","away_goal_rps","tournament","within_tournament","euro2004",0.554512703954477,1,31,31,31,1
"phase10_challenger_run","poisson_team_ridge","open_core","updating","away_goals","away_goal_rps","tournament","within_tournament","euro2004",0.555348193538447,1,31,31,31,1
"phase10_challenger_run","poisson_team_ridge_elo","open_core","updating","away_goals","away_goal_rps","tournament","within_tournament","euro2004",0.555403146439773,1,31,31,31,1
"phase10_challenger_run","poisson_team_ridge_elo_bivpois","open_core","updating","away_goals","away_goal_rps","tournament","within_tournament","euro2004",0.555403146439773,1,31,31,31,1
"phase10_challenger_run","poisson_team_ridge_elo_dc","open_core","updating","away_goals","away_goal_rps","tournament","within_tournament","euro2004",0.555403146439773,1,31,31,31,1
"phase10_challenger_run","poisson_team_ridge","open_core","frozen","away_goals","away_goal_rps","tournament","within_tournament","euro2004",0.555985922663612,1,31,31,31,1
"phase10_challenger_run","dynamic_goal_ability","open_core","updating","away_goals","away_goal_rps","tournament","within_tournament","euro2004",0.55909084301448,1,31,31,31,1
"phase10_challenger_run","dynamic_goal_ability","open_core","frozen","away_goals","away_goal_rps","tournament","within_tournament","euro2004",0.561397395496147,1,31,31,31,1
"phase10_challenger_run","dynamic_goal_ability_elo","open_core","updating","away_goals","away_goal_rps","tournament","within_tournament","euro2004",0.561857443808583,1,31,31,31,1
"phase10_challenger_run","dynamic_goal_ability_elo","open_core","frozen","away_goals","away_goal_rps","tournament","within_tournament","euro2004",0.564374285010899,1,31,31,31,1
"phase10_challenger_run","poisson_team_ridge_elo","open_core","frozen","away_goals","away_goal_rps","tournament","within_tournament","euro2004",0.566917304872694,1,31,31,31,1
"phase10_challenger_run","poisson_team_ridge_elo_bivpois","open_core","frozen","away_goals","away_goal_rps","tournament","within_tournament","euro2004",0.566917304872694,1,31,31,31,1
"phase10_challenger_run","poisson_team_ridge_elo_dc","open_core","frozen","away_goals","away_goal_rps","tournament","within_tournament","euro2004",0.566917304872694,1,31,31,31,1
"phase10_challenger_run","open_nb_elo_only_ablation","open_core","frozen","away_goals","away_goal_rps","tournament","within_tournament","euro2004",0.567899022894892,1,31,31,31,1
"phase10_challenger_run","dynamic_goal_ability_elo","open_core","frozen","home_goals","home_goal_rps","tournament","within_tournament","euro2004",0.588625877209338,1,31,31,31,1
"phase10_challenger_run","dynamic_goal_ability","open_core","frozen","home_goals","home_goal_rps","tournament","within_tournament","euro2004",0.589127415086437,1,31,31,31,1
"phase10_challenger_run","dynamic_goal_ability_elo","open_core","updating","home_goals","home_goal_rps","tournament","within_tournament","euro2004",0.593970594426975,1,31,31,31,1
"phase10_challenger_run","open_nb_elo_only_ablation","open_core","updating","home_goals","home_goal_rps","tournament","within_tournament","euro2004",0.594603584276386,1,31,31,31,1
"phase10_challenger_run","dynamic_goal_ability","open_core","updating","home_goals","home_goal_rps","tournament","within_tournament","euro2004",0.599784389904018,1,31,31,31,1
"phase10_challenger_run","poisson_team_ridge_elo","open_core","updating","home_goals","home_goal_rps","tournament","within_tournament","euro2004",0.606199337531984,1,31,31,31,1
"phase10_challenger_run","poisson_team_ridge_elo_dc","open_core","updating","home_goals","home_goal_rps","tournament","within_tournament","euro2004",0.606199337531984,1,31,31,31,1
"phase10_challenger_run","poisson_team_ridge_elo_bivpois","open_core","updating","home_goals","home_goal_rps","tournament","within_tournament","euro2004",0.606199337531985,1,31,31,31,1
"phase10_challenger_run","dynamic_goal_ability_elo","open_core","updating","regulation_1x2","brier","tournament","within_tournament","euro2004",0.624865824852528,1,31,31,31,1
"phase10_challenger_run","dynamic_goal_ability","open_core","updating","regulation_1x2","brier","tournament","within_tournament","euro2004",0.625108457502047,1,31,31,31,1
"phase10_challenger_run","open_nb_elo_only_ablation","open_core","frozen","home_goals","home_goal_rps","tournament","within_tournament","euro2004",0.627957988022756,1,31,31,31,1
"phase10_challenger_run","poisson_team_ridge_elo","open_core","frozen","home_goals","home_goal_rps","tournament","within_tournament","euro2004",0.629702922643411,1,31,31,31,1
"phase10_challenger_run","poisson_team_ridge_elo_bivpois","open_core","frozen","home_goals","home_goal_rps","tournament","within_tournament","euro2004",0.629702922643411,1,31,31,31,1
"phase10_challenger_run","poisson_team_ridge_elo_dc","open_core","frozen","home_goals","home_goal_rps","tournament","within_tournament","euro2004",0.629702922643411,1,31,31,31,1
"phase10_challenger_run","dynamic_goal_ability_elo","open_core","frozen","regulation_1x2","brier","tournament","within_tournament","euro2004",0.630235428923924,1,31,31,31,1
"phase10_challenger_run","open_nb_elo_only_ablation","open_core","updating","regulation_1x2","brier","tournament","within_tournament","euro2004",0.630482505560265,1,31,31,31,1
"phase10_challenger_run","dynamic_goal_ability","open_core","frozen","regulation_1x2","brier","tournament","within_tournament","euro2004",0.632211618570438,1,31,31,31,1
"phase10_challenger_run","poisson_team_ridge_elo_dc","open_core","updating","regulation_1x2","brier","tournament","within_tournament","euro2004",0.634359096121197,1,31,31,31,1
"phase10_challenger_run","poisson_team_ridge_elo_bivpois","open_core","updating","regulation_1x2","brier","tournament","within_tournament","euro2004",0.634425342452251,1,31,31,31,1
"phase10_challenger_run","poisson_team_ridge_elo","open_core","updating","regulation_1x2","brier","tournament","within_tournament","euro2004",0.634427211304216,1,31,31,31,1
"phase10_challenger_run","poisson_team_ridge","open_core","frozen","home_goals","home_goal_rps","tournament","within_tournament","euro2004",0.635005127424977,1,31,31,31,1
"phase10_challenger_run","poisson_team_ridge","open_core","updating","home_goals","home_goal_rps","tournament","within_tournament","euro2004",0.635293781511853,1,31,31,31,1
"phase10_challenger_run","poisson_team_ridge_elo_dc","open_core","frozen","regulation_1x2","brier","tournament","within_tournament","euro2004",0.636752394250969,1,31,31,31,1
"phase10_challenger_run","poisson_team_ridge_elo_bivpois","open_core","frozen","regulation_1x2","brier","tournament","within_tournament","euro2004",0.636811682246995,1,31,31,31,1
"phase10_challenger_run","poisson_team_ridge_elo","open_core","frozen","regulation_1x2","brier","tournament","within_tournament","euro2004",0.636814429081359,1,31,31,31,1
"phase10_challenger_run","open_nb_elo_only_ablation","open_core","frozen","regulation_1x2","brier","tournament","within_tournament","euro2004",0.650258690581934,1,31,31,31,1
"phase10_challenger_run","poisson_team_ridge","open_core","updating","regulation_1x2","brier","tournament","within_tournament","euro2004",0.653487875441097,1,31,31,31,1
"phase10_challenger_run","poisson_team_ridge","open_core","frozen","regulation_1x2","brier","tournament","within_tournament","euro2004",0.655269679449629,1,31,31,31,1
"phase10_challenger_run","open_nb_elo_only_ablation","open_core","updating","over_2_5","over_2_5_log_loss","tournament","within_tournament","euro2004",0.684802273783523,1,31,31,31,1
"phase10_challenger_run","open_nb_elo_only_ablation","open_core","updating","under_2_5","under_2_5_log_loss","tournament","within_tournament","euro2004",0.684802273783523,1,31,31,31,1
"phase10_challenger_run","open_nb_elo_only_ablation","open_core","frozen","over_2_5","over_2_5_log_loss","tournament","within_tournament","euro2004",0.69195474540795,1,31,31,31,1
"phase10_challenger_run","open_nb_elo_only_ablation","open_core","frozen","under_2_5","under_2_5_log_loss","tournament","within_tournament","euro2004",0.691954745407951,1,31,31,31,1
"phase10_challenger_run","poisson_team_ridge_elo_dc","open_core","updating","btts","btts_log_loss","tournament","within_tournament","euro2004",0.697935677305438,1,31,31,31,1
"phase10_challenger_run","poisson_team_ridge_elo_bivpois","open_core","updating","btts","btts_log_loss","tournament","within_tournament","euro2004",0.69794693461458,1,31,31,31,1
"phase10_challenger_run","poisson_team_ridge_elo","open_core","updating","btts","btts_log_loss","tournament","within_tournament","euro2004",0.697947691106915,1,31,31,31,1
"phase10_challenger_run","poisson_team_ridge","open_core","frozen","btts","btts_log_loss","tournament","within_tournament","euro2004",0.698865671584827,1,31,31,31,1
"phase10_challenger_run","poisson_team_ridge","open_core","updating","btts","btts_log_loss","tournament","within_tournament","euro2004",0.700395000980371,1,31,31,31,1
"phase10_challenger_run","poisson_team_ridge_elo_dc","open_core","frozen","btts","btts_log_loss","tournament","within_tournament","euro2004",0.702960593813637,1,31,31,31,1
"phase10_challenger_run","poisson_team_ridge_elo_bivpois","open_core","frozen","btts","btts_log_loss","tournament","within_tournament","euro2004",0.702964504505184,1,31,31,31,1
"phase10_challenger_run","poisson_team_ridge_elo","open_core","frozen","btts","btts_log_loss","tournament","within_tournament","euro2004",0.702964924629268,1,31,31,31,1
"phase10_challenger_run","open_nb_elo_only_ablation","open_core","updating","btts","btts_log_loss","tournament","within_tournament","euro2004",0.708042782639124,1,31,31,31,1
"phase10_challenger_run","open_nb_elo_only_ablation","open_core","frozen","btts","btts_log_loss","tournament","within_tournament","euro2004",0.714773783139802,1,31,31,31,1
"phase10_challenger_run","poisson_team_ridge_elo_bivpois","open_core","updating","over_2_5","over_2_5_log_loss","tournament","within_tournament","euro2004",0.724357912789879,1,31,31,31,1
"phase10_challenger_run","poisson_team_ridge_elo_bivpois","open_core","updating","under_2_5","under_2_5_log_loss","tournament","within_tournament","euro2004",0.724357912789879,1,31,31,31,1
"phase10_challenger_run","poisson_team_ridge_elo","open_core","updating","over_2_5","over_2_5_log_loss","tournament","within_tournament","euro2004",0.724358219634813,1,31,31,31,1
"phase10_challenger_run","poisson_team_ridge_elo_dc","open_core","updating","over_2_5","over_2_5_log_loss","tournament","within_tournament","euro2004",0.724358219634813,1,31,31,31,1
"phase10_challenger_run","poisson_team_ridge_elo","open_core","updating","under_2_5","under_2_5_log_loss","tournament","within_tournament","euro2004",0.724358219634813,1,31,31,31,1
"phase10_challenger_run","poisson_team_ridge_elo_dc","open_core","updating","under_2_5","under_2_5_log_loss","tournament","within_tournament","euro2004",0.724358219634813,1,31,31,31,1
"phase10_challenger_run","poisson_team_ridge_elo_bivpois","open_core","frozen","over_2_5","over_2_5_log_loss","tournament","within_tournament","euro2004",0.725147715472422,1,31,31,31,1
"phase10_challenger_run","poisson_team_ridge_elo_bivpois","open_core","frozen","under_2_5","under_2_5_log_loss","tournament","within_tournament","euro2004",0.725147715472422,1,31,31,31,1
"phase10_challenger_run","poisson_team_ridge_elo","open_core","frozen","over_2_5","over_2_5_log_loss","tournament","within_tournament","euro2004",0.72514779124806,1,31,31,31,1
"phase10_challenger_run","poisson_team_ridge_elo_dc","open_core","frozen","over_2_5","over_2_5_log_loss","tournament","within_tournament","euro2004",0.72514779124806,1,31,31,31,1
"phase10_challenger_run","poisson_team_ridge_elo","open_core","frozen","under_2_5","under_2_5_log_loss","tournament","within_tournament","euro2004",0.72514779124806,1,31,31,31,1
"phase10_challenger_run","poisson_team_ridge_elo_dc","open_core","frozen","under_2_5","under_2_5_log_loss","tournament","within_tournament","euro2004",0.72514779124806,1,31,31,31,1
"phase10_challenger_run","poisson_team_ridge","open_core","frozen","under_2_5","under_2_5_log_loss","tournament","within_tournament","euro2004",0.731453632899287,1,31,31,31,1
"phase10_challenger_run","poisson_team_ridge","open_core","frozen","over_2_5","over_2_5_log_loss","tournament","within_tournament","euro2004",0.731453632899288,1,31,31,31,1
"phase10_challenger_run","poisson_team_ridge","open_core","updating","over_2_5","over_2_5_log_loss","tournament","within_tournament","euro2004",0.732458718188262,1,31,31,31,1
"phase10_challenger_run","poisson_team_ridge","open_core","updating","under_2_5","under_2_5_log_loss","tournament","within_tournament","euro2004",0.732458718188262,1,31,31,31,1
"phase10_challenger_run","dynamic_goal_ability","open_core","frozen","btts","btts_log_loss","tournament","within_tournament","euro2004",0.738480703260825,1,31,31,31,1
"phase10_challenger_run","dynamic_goal_ability_elo","open_core","frozen","btts","btts_log_loss","tournament","within_tournament","euro2004",0.739679755156016,1,31,31,31,1
"phase10_challenger_run","dynamic_goal_ability_elo","open_core","frozen","under_2_5","under_2_5_log_loss","tournament","within_tournament","euro2004",0.744516323253573,1,31,31,31,1
"phase10_challenger_run","dynamic_goal_ability_elo","open_core","frozen","over_2_5","over_2_5_log_loss","tournament","within_tournament","euro2004",0.744516323253574,1,31,31,31,1
"phase10_challenger_run","dynamic_goal_ability","open_core","frozen","over_2_5","over_2_5_log_loss","tournament","within_tournament","euro2004",0.74657795619823,1,31,31,31,1
"phase10_challenger_run","dynamic_goal_ability","open_core","frozen","under_2_5","under_2_5_log_loss","tournament","within_tournament","euro2004",0.74657795619823,1,31,31,31,1
"phase10_challenger_run","dynamic_goal_ability","open_core","updating","btts","btts_log_loss","tournament","within_tournament","euro2004",0.748531874287328,1,31,31,31,1
"phase10_challenger_run","dynamic_goal_ability_elo","open_core","updating","btts","btts_log_loss","tournament","within_tournament","euro2004",0.749327382569731,1,31,31,31,1
"phase10_challenger_run","dynamic_goal_ability_elo","open_core","updating","over_2_5","over_2_5_log_loss","tournament","within_tournament","euro2004",0.751075108153844,1,31,31,31,1
"phase10_challenger_run","dynamic_goal_ability_elo","open_core","updating","under_2_5","under_2_5_log_loss","tournament","within_tournament","euro2004",0.751075108153844,1,31,31,31,1
"phase10_challenger_run","dynamic_goal_ability","open_core","updating","over_2_5","over_2_5_log_loss","tournament","within_tournament","euro2004",0.756315347958231,1,31,31,31,1
"phase10_challenger_run","dynamic_goal_ability","open_core","updating","under_2_5","under_2_5_log_loss","tournament","within_tournament","euro2004",0.756315347958231,1,31,31,31,1
"phase10_challenger_run","dynamic_goal_ability_elo","open_core","updating","regulation_1x2","log_loss","tournament","within_tournament","euro2004",1.03481241091178,1,31,31,31,1
"phase10_challenger_run","dynamic_goal_ability","open_core","updating","regulation_1x2","log_loss","tournament","within_tournament","euro2004",1.03672903658266,1,31,31,31,1
"phase10_challenger_run","dynamic_goal_ability_elo","open_core","frozen","regulation_1x2","log_loss","tournament","within_tournament","euro2004",1.04427279058538,1,31,31,31,1
"phase10_challenger_run","dynamic_goal_ability","open_core","frozen","regulation_1x2","log_loss","tournament","within_tournament","euro2004",1.04751570880437,1,31,31,31,1
"phase10_challenger_run","poisson_team_ridge_elo_dc","open_core","updating","regulation_1x2","log_loss","tournament","within_tournament","euro2004",1.04931919589094,1,31,31,31,1
"phase10_challenger_run","poisson_team_ridge_elo_bivpois","open_core","updating","regulation_1x2","log_loss","tournament","within_tournament","euro2004",1.04942789256328,1,31,31,31,1
"phase10_challenger_run","poisson_team_ridge_elo","open_core","updating","regulation_1x2","log_loss","tournament","within_tournament","euro2004",1.0494312564345,1,31,31,31,1
"phase10_challenger_run","open_nb_elo_only_ablation","open_core","updating","regulation_1x2","log_loss","tournament","within_tournament","euro2004",1.04971833485549,1,31,31,31,1
"phase10_challenger_run","poisson_team_ridge_elo_dc","open_core","frozen","regulation_1x2","log_loss","tournament","within_tournament","euro2004",1.05970612510627,1,31,31,31,1
"phase10_challenger_run","poisson_team_ridge_elo_bivpois","open_core","frozen","regulation_1x2","log_loss","tournament","within_tournament","euro2004",1.05980407112942,1,31,31,31,1
"phase10_challenger_run","poisson_team_ridge_elo","open_core","frozen","regulation_1x2","log_loss","tournament","within_tournament","euro2004",1.05980860410237,1,31,31,31,1
"phase10_challenger_run","open_nb_elo_only_ablation","open_core","frozen","regulation_1x2","log_loss","tournament","within_tournament","euro2004",1.07957588266982,1,31,31,31,1
"phase10_challenger_run","poisson_team_ridge","open_core","updating","regulation_1x2","log_loss","tournament","within_tournament","euro2004",1.08270022753463,1,31,31,31,1
"phase10_challenger_run","poisson_team_ridge","open_core","frozen","regulation_1x2","log_loss","tournament","within_tournament","euro2004",1.08505809479902,1,31,31,31,1
"phase10_challenger_run","dynamic_goal_ability","open_core","frozen","regulation_scoreline","joint_scoreline_log_loss","tournament","within_tournament","euro2004",2.79594800655122,1,31,31,31,1
"phase10_challenger_run","dynamic_goal_ability_elo","open_core","frozen","regulation_scoreline","joint_scoreline_log_loss","tournament","within_tournament","euro2004",2.79848618888222,1,31,31,31,1
"phase10_challenger_run","dynamic_goal_ability_elo","open_core","updating","regulation_scoreline","joint_scoreline_log_loss","tournament","within_tournament","euro2004",2.80345647712837,1,31,31,31,1
"phase10_challenger_run","poisson_team_ridge_elo_dc","open_core","updating","regulation_scoreline","joint_scoreline_log_loss","tournament","within_tournament","euro2004",2.80432121823661,1,31,31,31,1
"phase10_challenger_run","poisson_team_ridge_elo_bivpois","open_core","updating","regulation_scoreline","joint_scoreline_log_loss","tournament","within_tournament","euro2004",2.80444348716292,1,31,31,31,1
"phase10_challenger_run","poisson_team_ridge_elo","open_core","updating","regulation_scoreline","joint_scoreline_log_loss","tournament","within_tournament","euro2004",2.80444829294891,1,31,31,31,1
"phase10_challenger_run","dynamic_goal_ability","open_core","updating","regulation_scoreline","joint_scoreline_log_loss","tournament","within_tournament","euro2004",2.80509384211142,1,31,31,31,1
"phase10_challenger_run","open_nb_elo_only_ablation","open_core","updating","regulation_scoreline","joint_scoreline_log_loss","tournament","within_tournament","euro2004",2.82130793840769,1,31,31,31,1
"phase10_challenger_run","poisson_team_ridge","open_core","updating","regulation_scoreline","joint_scoreline_log_loss","tournament","within_tournament","euro2004",2.84265093651103,1,31,31,31,1
"phase10_challenger_run","poisson_team_ridge","open_core","frozen","regulation_scoreline","joint_scoreline_log_loss","tournament","within_tournament","euro2004",2.84300686224028,1,31,31,31,1
"phase10_challenger_run","poisson_team_ridge_elo_dc","open_core","frozen","regulation_scoreline","joint_scoreline_log_loss","tournament","within_tournament","euro2004",2.84518173353767,1,31,31,31,1
"phase10_challenger_run","poisson_team_ridge_elo_bivpois","open_core","frozen","regulation_scoreline","joint_scoreline_log_loss","tournament","within_tournament","euro2004",2.8453226167185,1,31,31,31,1
"phase10_challenger_run","poisson_team_ridge_elo","open_core","frozen","regulation_scoreline","joint_scoreline_log_loss","tournament","within_tournament","euro2004",2.84532510544554,1,31,31,31,1
"phase10_challenger_run","open_nb_elo_only_ablation","open_core","frozen","regulation_scoreline","joint_scoreline_log_loss","tournament","within_tournament","euro2004",2.87156213161949,1,31,31,31,1
"phase10_challenger_run","open_nb_elo_only_ablation","open_core","frozen","regulation_scoreline","exact_score_hit","tournament","within_tournament","euro2008",0.032258064516129,1,31,31,31,1
"phase10_challenger_run","open_nb_elo_only_ablation","open_core","updating","regulation_scoreline","exact_score_hit","tournament","within_tournament","euro2008",0.0967741935483871,1,31,31,31,1
"phase10_challenger_run","poisson_team_ridge","open_core","frozen","regulation_scoreline","exact_score_hit","tournament","within_tournament","euro2008",0.0967741935483871,1,31,31,31,1
"phase10_challenger_run","poisson_team_ridge","open_core","updating","regulation_scoreline","exact_score_hit","tournament","within_tournament","euro2008",0.0967741935483871,1,31,31,31,1
"phase10_challenger_run","poisson_team_ridge_elo","open_core","frozen","regulation_scoreline","exact_score_hit","tournament","within_tournament","euro2008",0.0967741935483871,1,31,31,31,1
"phase10_challenger_run","poisson_team_ridge_elo","open_core","updating","regulation_scoreline","exact_score_hit","tournament","within_tournament","euro2008",0.0967741935483871,1,31,31,31,1
"phase10_challenger_run","poisson_team_ridge_elo_bivpois","open_core","frozen","regulation_scoreline","exact_score_hit","tournament","within_tournament","euro2008",0.0967741935483871,1,31,31,31,1
"phase10_challenger_run","poisson_team_ridge_elo_bivpois","open_core","updating","regulation_scoreline","exact_score_hit","tournament","within_tournament","euro2008",0.0967741935483871,1,31,31,31,1
"phase10_challenger_run","poisson_team_ridge_elo_dc","open_core","frozen","regulation_scoreline","exact_score_hit","tournament","within_tournament","euro2008",0.0967741935483871,1,31,31,31,1
"phase10_challenger_run","poisson_team_ridge_elo_dc","open_core","updating","regulation_scoreline","exact_score_hit","tournament","within_tournament","euro2008",0.0967741935483871,1,31,31,31,1
"phase10_challenger_run","dynamic_goal_ability_elo","open_core","updating","regulation_scoreline","exact_score_hit","tournament","within_tournament","euro2008",0.161290322580645,1,31,31,31,1
"phase10_challenger_run","dynamic_goal_ability","open_core","frozen","regulation_scoreline","exact_score_hit","tournament","within_tournament","euro2008",0.193548387096774,1,31,31,31,1
"phase10_challenger_run","dynamic_goal_ability","open_core","updating","regulation_scoreline","exact_score_hit","tournament","within_tournament","euro2008",0.193548387096774,1,31,31,31,1
"phase10_challenger_run","dynamic_goal_ability_elo","open_core","frozen","regulation_scoreline","exact_score_hit","tournament","within_tournament","euro2008",0.193548387096774,1,31,31,31,1
"phase10_challenger_run","dynamic_goal_ability_elo","open_core","updating","regulation_1x2","rps","tournament","within_tournament","euro2008",0.207565640715035,1,31,31,31,1
"phase10_challenger_run","poisson_team_ridge_elo_bivpois","open_core","updating","regulation_1x2","rps","tournament","within_tournament","euro2008",0.210017084244725,1,31,31,31,1
"phase10_challenger_run","poisson_team_ridge_elo","open_core","updating","regulation_1x2","rps","tournament","within_tournament","euro2008",0.210017160697957,1,31,31,31,1
"phase10_challenger_run","poisson_team_ridge_elo_dc","open_core","updating","regulation_1x2","rps","tournament","within_tournament","euro2008",0.210091591508593,1,31,31,31,1
"phase10_challenger_run","dynamic_goal_ability_elo","open_core","frozen","regulation_1x2","rps","tournament","within_tournament","euro2008",0.210253326525653,1,31,31,31,1
"phase10_challenger_run","open_nb_elo_only_ablation","open_core","updating","regulation_1x2","rps","tournament","within_tournament","euro2008",0.210434157189042,1,31,31,31,1
"phase10_challenger_run","dynamic_goal_ability","open_core","updating","regulation_1x2","rps","tournament","within_tournament","euro2008",0.211436406078779,1,31,31,31,1
"phase10_challenger_run","dynamic_goal_ability","open_core","frozen","regulation_1x2","rps","tournament","within_tournament","euro2008",0.212352772808277,1,31,31,31,1
"phase10_challenger_run","poisson_team_ridge_elo","open_core","frozen","regulation_1x2","rps","tournament","within_tournament","euro2008",0.228217349534139,1,31,31,31,1
"phase10_challenger_run","poisson_team_ridge_elo_bivpois","open_core","frozen","regulation_1x2","rps","tournament","within_tournament","euro2008",0.22821746658152,1,31,31,31,1
"phase10_challenger_run","poisson_team_ridge_elo_dc","open_core","frozen","regulation_1x2","rps","tournament","within_tournament","euro2008",0.228304825144955,1,31,31,31,1
"phase10_challenger_run","open_nb_elo_only_ablation","open_core","frozen","regulation_1x2","rps","tournament","within_tournament","euro2008",0.233616246997412,1,31,31,31,1
"phase10_challenger_run","open_nb_elo_only_ablation","open_core","updating","under_2_5","under_2_5_brier","tournament","within_tournament","euro2008",0.241320354215285,1,31,31,31,1
"phase10_challenger_run","open_nb_elo_only_ablation","open_core","updating","over_2_5","over_2_5_brier","tournament","within_tournament","euro2008",0.241320354215286,1,31,31,31,1
"phase10_challenger_run","poisson_team_ridge","open_core","updating","regulation_1x2","rps","tournament","within_tournament","euro2008",0.241690798799348,1,31,31,31,1
"phase10_challenger_run","open_nb_elo_only_ablation","open_core","frozen","over_2_5","over_2_5_brier","tournament","within_tournament","euro2008",0.241846605555206,1,31,31,31,1
"phase10_challenger_run","open_nb_elo_only_ablation","open_core","frozen","under_2_5","under_2_5_brier","tournament","within_tournament","euro2008",0.241846605555206,1,31,31,31,1
"phase10_challenger_run","poisson_team_ridge","open_core","frozen","regulation_1x2","rps","tournament","within_tournament","euro2008",0.24279815639683,1,31,31,31,1
"phase10_challenger_run","dynamic_goal_ability_elo","open_core","frozen","btts","btts_brier","tournament","within_tournament","euro2008",0.244151564867966,1,31,31,31,1
"phase10_challenger_run","dynamic_goal_ability","open_core","frozen","btts","btts_brier","tournament","within_tournament","euro2008",0.244408024596054,1,31,31,31,1
"phase10_challenger_run","open_nb_elo_only_ablation","open_core","frozen","btts","btts_brier","tournament","within_tournament","euro2008",0.244628947109678,1,31,31,31,1
"phase10_challenger_run","open_nb_elo_only_ablation","open_core","updating","btts","btts_brier","tournament","within_tournament","euro2008",0.245941321091908,1,31,31,31,1
"phase10_challenger_run","dynamic_goal_ability_elo","open_core","updating","btts","btts_brier","tournament","within_tournament","euro2008",0.248704577164746,1,31,31,31,1
"phase10_challenger_run","dynamic_goal_ability","open_core","updating","btts","btts_brier","tournament","within_tournament","euro2008",0.248735691696184,1,31,31,31,1
"phase10_challenger_run","poisson_team_ridge_elo_bivpois","open_core","updating","over_2_5","over_2_5_brier","tournament","within_tournament","euro2008",0.251136414197153,1,31,31,31,1
"phase10_challenger_run","poisson_team_ridge_elo_bivpois","open_core","updating","under_2_5","under_2_5_brier","tournament","within_tournament","euro2008",0.251136414197153,1,31,31,31,1
"phase10_challenger_run","poisson_team_ridge_elo","open_core","updating","over_2_5","over_2_5_brier","tournament","within_tournament","euro2008",0.251137248242432,1,31,31,31,1
"phase10_challenger_run","poisson_team_ridge_elo_dc","open_core","updating","over_2_5","over_2_5_brier","tournament","within_tournament","euro2008",0.251137248242432,1,31,31,31,1
"phase10_challenger_run","poisson_team_ridge_elo","open_core","updating","under_2_5","under_2_5_brier","tournament","within_tournament","euro2008",0.251137248242432,1,31,31,31,1
"phase10_challenger_run","poisson_team_ridge_elo_dc","open_core","updating","under_2_5","under_2_5_brier","tournament","within_tournament","euro2008",0.251137248242432,1,31,31,31,1
"phase10_challenger_run","poisson_team_ridge","open_core","frozen","over_2_5","over_2_5_brier","tournament","within_tournament","euro2008",0.25330902052064,1,31,31,31,1
"phase10_challenger_run","poisson_team_ridge","open_core","frozen","under_2_5","under_2_5_brier","tournament","within_tournament","euro2008",0.25330902052064,1,31,31,31,1
"phase10_challenger_run","poisson_team_ridge_elo_bivpois","open_core","frozen","over_2_5","over_2_5_brier","tournament","within_tournament","euro2008",0.2533923888105,1,31,31,31,1
"phase10_challenger_run","poisson_team_ridge_elo_bivpois","open_core","frozen","under_2_5","under_2_5_brier","tournament","within_tournament","euro2008",0.2533923888105,1,31,31,31,1
"phase10_challenger_run","poisson_team_ridge_elo","open_core","frozen","over_2_5","over_2_5_brier","tournament","within_tournament","euro2008",0.253393160024986,1,31,31,31,1
"phase10_challenger_run","poisson_team_ridge_elo_dc","open_core","frozen","over_2_5","over_2_5_brier","tournament","within_tournament","euro2008",0.253393160024986,1,31,31,31,1
"phase10_challenger_run","poisson_team_ridge_elo","open_core","frozen","under_2_5","under_2_5_brier","tournament","within_tournament","euro2008",0.253393160024986,1,31,31,31,1
"phase10_challenger_run","poisson_team_ridge_elo_dc","open_core","frozen","under_2_5","under_2_5_brier","tournament","within_tournament","euro2008",0.253393160024986,1,31,31,31,1
"phase10_challenger_run","poisson_team_ridge","open_core","updating","over_2_5","over_2_5_brier","tournament","within_tournament","euro2008",0.253560684079774,1,31,31,31,1
"phase10_challenger_run","poisson_team_ridge","open_core","updating","under_2_5","under_2_5_brier","tournament","within_tournament","euro2008",0.253560684079774,1,31,31,31,1
"phase10_challenger_run","poisson_team_ridge_elo","open_core","frozen","btts","btts_brier","tournament","within_tournament","euro2008",0.253812125201302,1,31,31,31,1
"phase10_challenger_run","poisson_team_ridge_elo_bivpois","open_core","frozen","btts","btts_brier","tournament","within_tournament","euro2008",0.253813011152359,1,31,31,31,1
"phase10_challenger_run","poisson_team_ridge_elo_dc","open_core","frozen","btts","btts_brier","tournament","within_tournament","euro2008",0.254005096639703,1,31,31,31,1
"phase10_challenger_run","poisson_team_ridge","open_core","frozen","btts","btts_brier","tournament","within_tournament","euro2008",0.25400595799042,1,31,31,31,1
"phase10_challenger_run","dynamic_goal_ability","open_core","frozen","over_2_5","over_2_5_brier","tournament","within_tournament","euro2008",0.254551132358008,1,31,31,31,1
"phase10_challenger_run","dynamic_goal_ability","open_core","frozen","under_2_5","under_2_5_brier","tournament","within_tournament","euro2008",0.254551132358008,1,31,31,31,1
"phase10_challenger_run","poisson_team_ridge","open_core","updating","btts","btts_brier","tournament","within_tournament","euro2008",0.254896868303027,1,31,31,31,1
"phase10_challenger_run","dynamic_goal_ability_elo","open_core","frozen","under_2_5","under_2_5_brier","tournament","within_tournament","euro2008",0.254930429748253,1,31,31,31,1
"phase10_challenger_run","dynamic_goal_ability_elo","open_core","frozen","over_2_5","over_2_5_brier","tournament","within_tournament","euro2008",0.254930429748254,1,31,31,31,1
"phase10_challenger_run","poisson_team_ridge_elo","open_core","updating","btts","btts_brier","tournament","within_tournament","euro2008",0.255614481051531,1,31,31,31,1
"phase10_challenger_run","poisson_team_ridge_elo_bivpois","open_core","updating","btts","btts_brier","tournament","within_tournament","euro2008",0.255615418193637,1,31,31,31,1
"phase10_challenger_run","poisson_team_ridge_elo_dc","open_core","updating","btts","btts_brier","tournament","within_tournament","euro2008",0.255805234647486,1,31,31,31,1
"phase10_challenger_run","dynamic_goal_ability","open_core","updating","over_2_5","over_2_5_brier","tournament","within_tournament","euro2008",0.256179638737743,1,31,31,31,1
"phase10_challenger_run","dynamic_goal_ability","open_core","updating","under_2_5","under_2_5_brier","tournament","within_tournament","euro2008",0.256179638737743,1,31,31,31,1
"phase10_challenger_run","dynamic_goal_ability_elo","open_core","updating","over_2_5","over_2_5_brier","tournament","within_tournament","euro2008",0.256226019132867,1,31,31,31,1
"phase10_challenger_run","dynamic_goal_ability_elo","open_core","updating","under_2_5","under_2_5_brier","tournament","within_tournament","euro2008",0.256226019132867,1,31,31,31,1
"phase10_challenger_run","open_nb_elo_only_ablation","open_core","frozen","regulation_1x2","winner_pick_accuracy","tournament","within_tournament","euro2008",0.419354838709677,1,31,31,31,1
"phase10_challenger_run","poisson_team_ridge","open_core","frozen","regulation_1x2","winner_pick_accuracy","tournament","within_tournament","euro2008",0.451612903225806,1,31,31,31,1
"phase10_challenger_run","poisson_team_ridge","open_core","updating","regulation_1x2","winner_pick_accuracy","tournament","within_tournament","euro2008",0.483870967741935,1,31,31,31,1
"phase10_challenger_run","poisson_team_ridge_elo","open_core","frozen","regulation_1x2","winner_pick_accuracy","tournament","within_tournament","euro2008",0.483870967741935,1,31,31,31,1
"phase10_challenger_run","poisson_team_ridge_elo_bivpois","open_core","frozen","regulation_1x2","winner_pick_accuracy","tournament","within_tournament","euro2008",0.483870967741935,1,31,31,31,1
"phase10_challenger_run","poisson_team_ridge_elo_dc","open_core","frozen","regulation_1x2","winner_pick_accuracy","tournament","within_tournament","euro2008",0.483870967741935,1,31,31,31,1
"phase10_challenger_run","poisson_team_ridge_elo","open_core","updating","away_goals","away_goal_rps","tournament","within_tournament","euro2008",0.499993512501247,1,31,31,31,1
"phase10_challenger_run","poisson_team_ridge_elo_bivpois","open_core","updating","away_goals","away_goal_rps","tournament","within_tournament","euro2008",0.499993512501247,1,31,31,31,1
"phase10_challenger_run","poisson_team_ridge_elo_dc","open_core","updating","away_goals","away_goal_rps","tournament","within_tournament","euro2008",0.499993512501247,1,31,31,31,1
"phase10_challenger_run","open_nb_elo_only_ablation","open_core","updating","away_goals","away_goal_rps","tournament","within_tournament","euro2008",0.503277372022154,1,31,31,31,1
"phase10_challenger_run","poisson_team_ridge","open_core","updating","away_goals","away_goal_rps","tournament","within_tournament","euro2008",0.508389126858052,1,31,31,31,1
"phase10_challenger_run","poisson_team_ridge","open_core","frozen","away_goals","away_goal_rps","tournament","within_tournament","euro2008",0.508849900642209,1,31,31,31,1
"phase10_challenger_run","dynamic_goal_ability","open_core","updating","away_goals","away_goal_rps","tournament","within_tournament","euro2008",0.512460157537923,1,31,31,31,1
"phase10_challenger_run","poisson_team_ridge_elo","open_core","frozen","away_goals","away_goal_rps","tournament","within_tournament","euro2008",0.512800134379663,1,31,31,31,1
"phase10_challenger_run","poisson_team_ridge_elo_bivpois","open_core","frozen","away_goals","away_goal_rps","tournament","within_tournament","euro2008",0.512800134379663,1,31,31,31,1
"phase10_challenger_run","poisson_team_ridge_elo_dc","open_core","frozen","away_goals","away_goal_rps","tournament","within_tournament","euro2008",0.512800134379663,1,31,31,31,1
"phase10_challenger_run","dynamic_goal_ability_elo","open_core","updating","away_goals","away_goal_rps","tournament","within_tournament","euro2008",0.512908690035362,1,31,31,31,1
"phase10_challenger_run","dynamic_goal_ability","open_core","frozen","regulation_1x2","winner_pick_accuracy","tournament","within_tournament","euro2008",0.516129032258065,1,31,31,31,1
"phase10_challenger_run","dynamic_goal_ability_elo","open_core","frozen","regulation_1x2","winner_pick_accuracy","tournament","within_tournament","euro2008",0.516129032258065,1,31,31,31,1
"phase10_challenger_run","poisson_team_ridge_elo","open_core","updating","regulation_1x2","winner_pick_accuracy","tournament","within_tournament","euro2008",0.516129032258065,1,31,31,31,1
"phase10_challenger_run","poisson_team_ridge_elo_bivpois","open_core","updating","regulation_1x2","winner_pick_accuracy","tournament","within_tournament","euro2008",0.516129032258065,1,31,31,31,1
"phase10_challenger_run","poisson_team_ridge_elo_dc","open_core","updating","regulation_1x2","winner_pick_accuracy","tournament","within_tournament","euro2008",0.516129032258065,1,31,31,31,1
"phase10_challenger_run","dynamic_goal_ability","open_core","frozen","away_goals","away_goal_rps","tournament","within_tournament","euro2008",0.517058563497068,1,31,31,31,1
"phase10_challenger_run","dynamic_goal_ability_elo","open_core","frozen","away_goals","away_goal_rps","tournament","within_tournament","euro2008",0.518664251444018,1,31,31,31,1
"phase10_challenger_run","open_nb_elo_only_ablation","open_core","frozen","away_goals","away_goal_rps","tournament","within_tournament","euro2008",0.52578629907011,1,31,31,31,1
"phase10_challenger_run","dynamic_goal_ability","open_core","updating","regulation_1x2","winner_pick_accuracy","tournament","within_tournament","euro2008",0.548387096774194,1,31,31,31,1
"phase10_challenger_run","dynamic_goal_ability_elo","open_core","updating","regulation_1x2","winner_pick_accuracy","tournament","within_tournament","euro2008",0.548387096774194,1,31,31,31,1
"phase10_challenger_run","open_nb_elo_only_ablation","open_core","updating","regulation_1x2","winner_pick_accuracy","tournament","within_tournament","euro2008",0.548387096774194,1,31,31,31,1
"phase10_challenger_run","dynamic_goal_ability_elo","open_core","updating","regulation_1x2","brier","tournament","within_tournament","euro2008",0.578323010373487,1,31,31,31,1
"phase10_challenger_run","poisson_team_ridge_elo","open_core","updating","regulation_1x2","brier","tournament","within_tournament","euro2008",0.579083487198283,1,31,31,31,1
"phase10_challenger_run","poisson_team_ridge_elo_bivpois","open_core","updating","regulation_1x2","brier","tournament","within_tournament","euro2008",0.579084249814145,1,31,31,31,1
"phase10_challenger_run","poisson_team_ridge_elo_dc","open_core","updating","regulation_1x2","brier","tournament","within_tournament","euro2008",0.579530072062103,1,31,31,31,1
"phase10_challenger_run","open_nb_elo_only_ablation","open_core","updating","regulation_1x2","brier","tournament","within_tournament","euro2008",0.580400775343048,1,31,31,31,1
"phase10_challenger_run","dynamic_goal_ability_elo","open_core","frozen","regulation_1x2","brier","tournament","within_tournament","euro2008",0.583333456623073,1,31,31,31,1
"phase10_challenger_run","dynamic_goal_ability","open_core","updating","regulation_1x2","brier","tournament","within_tournament","euro2008",0.586923974892743,1,31,31,31,1
"phase10_challenger_run","dynamic_goal_ability","open_core","frozen","regulation_1x2","brier","tournament","within_tournament","euro2008",0.588009135498232,1,31,31,31,1
"phase10_challenger_run","poisson_team_ridge_elo","open_core","frozen","regulation_1x2","brier","tournament","within_tournament","euro2008",0.616930021936886,1,31,31,31,1
"phase10_challenger_run","poisson_team_ridge_elo_bivpois","open_core","frozen","regulation_1x2","brier","tournament","within_tournament","euro2008",0.61693147665187,1,31,31,31,1
"phase10_challenger_run","poisson_team_ridge_elo_dc","open_core","frozen","regulation_1x2","brier","tournament","within_tournament","euro2008",0.617454875601778,1,31,31,31,1
"phase10_challenger_run","open_nb_elo_only_ablation","open_core","frozen","regulation_1x2","brier","tournament","within_tournament","euro2008",0.625900416411025,1,31,31,31,1
"phase10_challenger_run","open_nb_elo_only_ablation","open_core","updating","home_goals","home_goal_rps","tournament","within_tournament","euro2008",0.635564127905477,1,31,31,31,1
"phase10_challenger_run","open_nb_elo_only_ablation","open_core","frozen","home_goals","home_goal_rps","tournament","within_tournament","euro2008",0.641669670591863,1,31,31,31,1
"phase10_challenger_run","poisson_team_ridge","open_core","updating","regulation_1x2","brier","tournament","within_tournament","euro2008",0.644745950799134,1,31,31,31,1
"phase10_challenger_run","poisson_team_ridge","open_core","frozen","regulation_1x2","brier","tournament","within_tournament","euro2008",0.646805841988002,1,31,31,31,1
"phase10_challenger_run","dynamic_goal_ability_elo","open_core","frozen","home_goals","home_goal_rps","tournament","within_tournament","euro2008",0.65841227266127,1,31,31,31,1
"phase10_challenger_run","poisson_team_ridge_elo","open_core","updating","home_goals","home_goal_rps","tournament","within_tournament","euro2008",0.661284855786485,1,31,31,31,1
"phase10_challenger_run","poisson_team_ridge_elo_dc","open_core","updating","home_goals","home_goal_rps","tournament","within_tournament","euro2008",0.661284855786485,1,31,31,31,1
"phase10_challenger_run","poisson_team_ridge_elo_bivpois","open_core","updating","home_goals","home_goal_rps","tournament","within_tournament","euro2008",0.661284855786486,1,31,31,31,1
"phase10_challenger_run","dynamic_goal_ability","open_core","frozen","home_goals","home_goal_rps","tournament","within_tournament","euro2008",0.663617661152082,1,31,31,31,1
"phase10_challenger_run","dynamic_goal_ability_elo","open_core","updating","home_goals","home_goal_rps","tournament","within_tournament","euro2008",0.666940431537872,1,31,31,31,1
"phase10_challenger_run","poisson_team_ridge_elo","open_core","frozen","home_goals","home_goal_rps","tournament","within_tournament","euro2008",0.669025840978599,1,31,31,31,1
"phase10_challenger_run","poisson_team_ridge_elo_bivpois","open_core","frozen","home_goals","home_goal_rps","tournament","within_tournament","euro2008",0.669025840978599,1,31,31,31,1
"phase10_challenger_run","poisson_team_ridge_elo_dc","open_core","frozen","home_goals","home_goal_rps","tournament","within_tournament","euro2008",0.669025840978599,1,31,31,31,1
"phase10_challenger_run","dynamic_goal_ability","open_core","updating","home_goals","home_goal_rps","tournament","within_tournament","euro2008",0.671560556343203,1,31,31,31,1
"phase10_challenger_run","open_nb_elo_only_ablation","open_core","updating","under_2_5","under_2_5_log_loss","tournament","within_tournament","euro2008",0.675740920934204,1,31,31,31,1
"phase10_challenger_run","open_nb_elo_only_ablation","open_core","updating","over_2_5","over_2_5_log_loss","tournament","within_tournament","euro2008",0.675740920934205,1,31,31,31,1
"phase10_challenger_run","open_nb_elo_only_ablation","open_core","frozen","under_2_5","under_2_5_log_loss","tournament","within_tournament","euro2008",0.676803390891496,1,31,31,31,1
"phase10_challenger_run","open_nb_elo_only_ablation","open_core","frozen","over_2_5","over_2_5_log_loss","tournament","within_tournament","euro2008",0.676803390891497,1,31,31,31,1
"phase10_challenger_run","open_nb_elo_only_ablation","open_core","frozen","btts","btts_log_loss","tournament","within_tournament","euro2008",0.68240199735095,1,31,31,31,1
"phase10_challenger_run","dynamic_goal_ability_elo","open_core","frozen","btts","btts_log_loss","tournament","within_tournament","euro2008",0.682593065198624,1,31,31,31,1
"phase10_challenger_run","dynamic_goal_ability","open_core","frozen","btts","btts_log_loss","tournament","within_tournament","euro2008",0.68309577420094,1,31,31,31,1
"phase10_challenger_run","open_nb_elo_only_ablation","open_core","updating","btts","btts_log_loss","tournament","within_tournament","euro2008",0.685098203951862,1,31,31,31,1
"phase10_challenger_run","dynamic_goal_ability","open_core","updating","btts","btts_log_loss","tournament","within_tournament","euro2008",0.692975419652044,1,31,31,31,1
"phase10_challenger_run","dynamic_goal_ability_elo","open_core","updating","btts","btts_log_loss","tournament","within_tournament","euro2008",0.693018712670662,1,31,31,31,1
"phase10_challenger_run","poisson_team_ridge_elo_bivpois","open_core","updating","over_2_5","over_2_5_log_loss","tournament","within_tournament","euro2008",0.695474757029156,1,31,31,31,1
"phase10_challenger_run","poisson_team_ridge_elo_bivpois","open_core","updating","under_2_5","under_2_5_log_loss","tournament","within_tournament","euro2008",0.695474757029156,1,31,31,31,1
"phase10_challenger_run","poisson_team_ridge_elo","open_core","updating","over_2_5","over_2_5_log_loss","tournament","within_tournament","euro2008",0.695476464487631,1,31,31,31,1
"phase10_challenger_run","poisson_team_ridge_elo_dc","open_core","updating","over_2_5","over_2_5_log_loss","tournament","within_tournament","euro2008",0.695476464487631,1,31,31,31,1
"phase10_challenger_run","poisson_team_ridge_elo","open_core","updating","under_2_5","under_2_5_log_loss","tournament","within_tournament","euro2008",0.695476464487631,1,31,31,31,1
"phase10_challenger_run","poisson_team_ridge_elo_dc","open_core","updating","under_2_5","under_2_5_log_loss","tournament","within_tournament","euro2008",0.695476464487631,1,31,31,31,1
"phase10_challenger_run","poisson_team_ridge","open_core","frozen","under_2_5","under_2_5_log_loss","tournament","within_tournament","euro2008",0.699804938480103,1,31,31,31,1
"phase10_challenger_run","poisson_team_ridge","open_core","frozen","over_2_5","over_2_5_log_loss","tournament","within_tournament","euro2008",0.699804938480104,1,31,31,31,1
"phase10_challenger_run","poisson_team_ridge_elo_bivpois","open_core","frozen","over_2_5","over_2_5_log_loss","tournament","within_tournament","euro2008",0.69996618432932,1,31,31,31,1
"phase10_challenger_run","poisson_team_ridge_elo_bivpois","open_core","frozen","under_2_5","under_2_5_log_loss","tournament","within_tournament","euro2008",0.699966184329321,1,31,31,31,1
"phase10_challenger_run","poisson_team_ridge_elo","open_core","frozen","over_2_5","over_2_5_log_loss","tournament","within_tournament","euro2008",0.699967758713639,1,31,31,31,1
"phase10_challenger_run","poisson_team_ridge_elo_dc","open_core","frozen","over_2_5","over_2_5_log_loss","tournament","within_tournament","euro2008",0.699967758713639,1,31,31,31,1
"phase10_challenger_run","poisson_team_ridge_elo","open_core","frozen","under_2_5","under_2_5_log_loss","tournament","within_tournament","euro2008",0.699967758713639,1,31,31,31,1
"phase10_challenger_run","poisson_team_ridge_elo_dc","open_core","frozen","under_2_5","under_2_5_log_loss","tournament","within_tournament","euro2008",0.699967758713639,1,31,31,31,1
"phase10_challenger_run","poisson_team_ridge","open_core","updating","over_2_5","over_2_5_log_loss","tournament","within_tournament","euro2008",0.700324187195288,1,31,31,31,1
"phase10_challenger_run","poisson_team_ridge","open_core","updating","under_2_5","under_2_5_log_loss","tournament","within_tournament","euro2008",0.700324187195288,1,31,31,31,1
"phase10_challenger_run","poisson_team_ridge_elo","open_core","frozen","btts","btts_log_loss","tournament","within_tournament","euro2008",0.700944258637308,1,31,31,31,1
"phase10_challenger_run","poisson_team_ridge_elo_bivpois","open_core","frozen","btts","btts_log_loss","tournament","within_tournament","euro2008",0.700946058602125,1,31,31,31,1
"phase10_challenger_run","poisson_team_ridge_elo_dc","open_core","frozen","btts","btts_log_loss","tournament","within_tournament","euro2008",0.701337112419543,1,31,31,31,1
"phase10_challenger_run","poisson_team_ridge","open_core","frozen","btts","btts_log_loss","tournament","within_tournament","euro2008",0.701338662094807,1,31,31,31,1
"phase10_challenger_run","poisson_team_ridge","open_core","updating","home_goals","home_goal_rps","tournament","within_tournament","euro2008",0.702322904981345,1,31,31,31,1
"phase10_challenger_run","poisson_team_ridge","open_core","frozen","home_goals","home_goal_rps","tournament","within_tournament","euro2008",0.702555566020757,1,31,31,31,1
"phase10_challenger_run","poisson_team_ridge","open_core","updating","btts","btts_log_loss","tournament","within_tournament","euro2008",0.703108784244503,1,31,31,31,1
"phase10_challenger_run","poisson_team_ridge_elo","open_core","updating","btts","btts_log_loss","tournament","within_tournament","euro2008",0.704502113859965,1,31,31,31,1
"phase10_challenger_run","poisson_team_ridge_elo_bivpois","open_core","updating","btts","btts_log_loss","tournament","within_tournament","euro2008",0.704504004819926,1,31,31,31,1
"phase10_challenger_run","poisson_team_ridge_elo_dc","open_core","updating","btts","btts_log_loss","tournament","within_tournament","euro2008",0.704887874709922,1,31,31,31,1
"phase10_challenger_run","dynamic_goal_ability","open_core","frozen","over_2_5","over_2_5_log_loss","tournament","within_tournament","euro2008",0.710179807390631,1,31,31,31,1
"phase10_challenger_run","dynamic_goal_ability","open_core","frozen","under_2_5","under_2_5_log_loss","tournament","within_tournament","euro2008",0.710179807390631,1,31,31,31,1
"phase10_challenger_run","dynamic_goal_ability_elo","open_core","frozen","over_2_5","over_2_5_log_loss","tournament","within_tournament","euro2008",0.710863876371439,1,31,31,31,1
"phase10_challenger_run","dynamic_goal_ability_elo","open_core","frozen","under_2_5","under_2_5_log_loss","tournament","within_tournament","euro2008",0.710863876371439,1,31,31,31,1
"phase10_challenger_run","dynamic_goal_ability_elo","open_core","updating","over_2_5","over_2_5_log_loss","tournament","within_tournament","euro2008",0.715928506307904,1,31,31,31,1
"phase10_challenger_run","dynamic_goal_ability_elo","open_core","updating","under_2_5","under_2_5_log_loss","tournament","within_tournament","euro2008",0.715928506307905,1,31,31,31,1
"phase10_challenger_run","dynamic_goal_ability","open_core","updating","under_2_5","under_2_5_log_loss","tournament","within_tournament","euro2008",0.716219276249807,1,31,31,31,1
"phase10_challenger_run","dynamic_goal_ability","open_core","updating","over_2_5","over_2_5_log_loss","tournament","within_tournament","euro2008",0.716219276249808,1,31,31,31,1
"phase10_challenger_run","dynamic_goal_ability_elo","open_core","updating","regulation_1x2","log_loss","tournament","within_tournament","euro2008",0.973377142524935,1,31,31,31,1
"phase10_challenger_run","poisson_team_ridge_elo","open_core","updating","regulation_1x2","log_loss","tournament","within_tournament","euro2008",0.974162674594907,1,31,31,31,1
"phase10_challenger_run","poisson_team_ridge_elo_bivpois","open_core","updating","regulation_1x2","log_loss","tournament","within_tournament","euro2008",0.974163823386043,1,31,31,31,1
"phase10_challenger_run","open_nb_elo_only_ablation","open_core","updating","regulation_1x2","log_loss","tournament","within_tournament","euro2008",0.974333824114564,1,31,31,31,1
"phase10_challenger_run","poisson_team_ridge_elo_dc","open_core","updating","regulation_1x2","log_loss","tournament","within_tournament","euro2008",0.974795918151245,1,31,31,31,1
"phase10_challenger_run","dynamic_goal_ability_elo","open_core","frozen","regulation_1x2","log_loss","tournament","within_tournament","euro2008",0.982100185074549,1,31,31,31,1
"phase10_challenger_run","dynamic_goal_ability","open_core","updating","regulation_1x2","log_loss","tournament","within_tournament","euro2008",0.985752679194124,1,31,31,31,1
"phase10_challenger_run","dynamic_goal_ability","open_core","frozen","regulation_1x2","log_loss","tournament","within_tournament","euro2008",0.988590224587373,1,31,31,31,1
"phase10_challenger_run","poisson_team_ridge_elo","open_core","frozen","regulation_1x2","log_loss","tournament","within_tournament","euro2008",1.02616068932962,1,31,31,31,1
"phase10_challenger_run","poisson_team_ridge_elo_bivpois","open_core","frozen","regulation_1x2","log_loss","tournament","within_tournament","euro2008",1.0261630663971,1,31,31,31,1
"phase10_challenger_run","poisson_team_ridge_elo_dc","open_core","frozen","regulation_1x2","log_loss","tournament","within_tournament","euro2008",1.02697828279956,1,31,31,31,1
"phase10_challenger_run","open_nb_elo_only_ablation","open_core","frozen","regulation_1x2","log_loss","tournament","within_tournament","euro2008",1.03933896164728,1,31,31,31,1
"phase10_challenger_run","poisson_team_ridge","open_core","updating","regulation_1x2","log_loss","tournament","within_tournament","euro2008",1.06362616005009,1,31,31,31,1
"phase10_challenger_run","poisson_team_ridge","open_core","frozen","regulation_1x2","log_loss","tournament","within_tournament","euro2008",1.06652257032639,1,31,31,31,1
"phase10_challenger_run","poisson_team_ridge_elo_dc","open_core","updating","regulation_scoreline","joint_scoreline_log_loss","tournament","within_tournament","euro2008",2.78640987655801,1,31,31,31,1
"phase10_challenger_run","poisson_team_ridge_elo","open_core","updating","regulation_scoreline","joint_scoreline_log_loss","tournament","within_tournament","euro2008",2.78644655151386,1,31,31,31,1
"phase10_challenger_run","poisson_team_ridge_elo_bivpois","open_core","updating","regulation_scoreline","joint_scoreline_log_loss","tournament","within_tournament","euro2008",2.78644658795277,1,31,31,31,1
"phase10_challenger_run","open_nb_elo_only_ablation","open_core","updating","regulation_scoreline","joint_scoreline_log_loss","tournament","within_tournament","euro2008",2.78969626883581,1,31,31,31,1
"phase10_challenger_run","poisson_team_ridge_elo","open_core","frozen","regulation_scoreline","joint_scoreline_log_loss","tournament","within_tournament","euro2008",2.8128693428593,1,31,31,31,1
"phase10_challenger_run","poisson_team_ridge_elo_bivpois","open_core","frozen","regulation_scoreline","joint_scoreline_log_loss","tournament","within_tournament","euro2008",2.81286994546554,1,31,31,31,1
"phase10_challenger_run","poisson_team_ridge_elo_dc","open_core","frozen","regulation_scoreline","joint_scoreline_log_loss","tournament","within_tournament","euro2008",2.81308284054044,1,31,31,31,1
"phase10_challenger_run","open_nb_elo_only_ablation","open_core","frozen","regulation_scoreline","joint_scoreline_log_loss","tournament","within_tournament","euro2008",2.82349817741162,1,31,31,31,1
"phase10_challenger_run","dynamic_goal_ability_elo","open_core","frozen","regulation_scoreline","joint_scoreline_log_loss","tournament","within_tournament","euro2008",2.82868744315828,1,31,31,31,1
"phase10_challenger_run","dynamic_goal_ability_elo","open_core","updating","regulation_scoreline","joint_scoreline_log_loss","tournament","within_tournament","euro2008",2.83368570311755,1,31,31,31,1
"phase10_challenger_run","dynamic_goal_ability","open_core","frozen","regulation_scoreline","joint_scoreline_log_loss","tournament","within_tournament","euro2008",2.83552584048872,1,31,31,31,1
"phase10_challenger_run","dynamic_goal_ability","open_core","updating","regulation_scoreline","joint_scoreline_log_loss","tournament","within_tournament","euro2008",2.84088847235877,1,31,31,31,1
"phase10_challenger_run","poisson_team_ridge","open_core","updating","regulation_scoreline","joint_scoreline_log_loss","tournament","within_tournament","euro2008",2.85574021272228,1,31,31,31,1
"phase10_challenger_run","poisson_team_ridge","open_core","frozen","regulation_scoreline","joint_scoreline_log_loss","tournament","within_tournament","euro2008",2.85669067206597,1,31,31,31,1
"phase10_challenger_run","open_nb_elo_only_ablation","open_core","frozen","regulation_scoreline","exact_score_hit","tournament","within_tournament","euro2012",0.0645161290322581,1,31,31,31,1
"phase10_challenger_run","dynamic_goal_ability_elo","open_core","updating","regulation_scoreline","exact_score_hit","tournament","within_tournament","euro2012",0.0967741935483871,1,31,31,31,1
"phase10_challenger_run","open_nb_elo_only_ablation","open_core","updating","regulation_scoreline","exact_score_hit","tournament","within_tournament","euro2012",0.0967741935483871,1,31,31,31,1
"phase10_challenger_run","dynamic_goal_ability","open_core","frozen","regulation_scoreline","exact_score_hit","tournament","within_tournament","euro2012",0.129032258064516,1,31,31,31,1
"phase10_challenger_run","dynamic_goal_ability","open_core","updating","regulation_scoreline","exact_score_hit","tournament","within_tournament","euro2012",0.129032258064516,1,31,31,31,1
"phase10_challenger_run","dynamic_goal_ability_elo","open_core","frozen","regulation_scoreline","exact_score_hit","tournament","within_tournament","euro2012",0.129032258064516,1,31,31,31,1
"phase10_challenger_run","poisson_team_ridge_elo","open_core","frozen","regulation_scoreline","exact_score_hit","tournament","within_tournament","euro2012",0.129032258064516,1,31,31,31,1
"phase10_challenger_run","poisson_team_ridge_elo_bivpois","open_core","frozen","regulation_scoreline","exact_score_hit","tournament","within_tournament","euro2012",0.129032258064516,1,31,31,31,1
"phase10_challenger_run","poisson_team_ridge_elo_dc","open_core","frozen","regulation_scoreline","exact_score_hit","tournament","within_tournament","euro2012",0.129032258064516,1,31,31,31,1
"phase10_challenger_run","poisson_team_ridge","open_core","frozen","regulation_scoreline","exact_score_hit","tournament","within_tournament","euro2012",0.161290322580645,1,31,31,31,1
"phase10_challenger_run","poisson_team_ridge","open_core","updating","regulation_scoreline","exact_score_hit","tournament","within_tournament","euro2012",0.161290322580645,1,31,31,31,1
"phase10_challenger_run","poisson_team_ridge_elo","open_core","updating","regulation_scoreline","exact_score_hit","tournament","within_tournament","euro2012",0.161290322580645,1,31,31,31,1
"phase10_challenger_run","poisson_team_ridge_elo_bivpois","open_core","updating","regulation_scoreline","exact_score_hit","tournament","within_tournament","euro2012",0.161290322580645,1,31,31,31,1
"phase10_challenger_run","poisson_team_ridge_elo_dc","open_core","updating","regulation_scoreline","exact_score_hit","tournament","within_tournament","euro2012",0.161290322580645,1,31,31,31,1
"phase10_challenger_run","dynamic_goal_ability_elo","open_core","updating","regulation_1x2","rps","tournament","within_tournament","euro2012",0.213772516794184,1,31,31,31,1
"phase10_challenger_run","dynamic_goal_ability","open_core","updating","regulation_1x2","rps","tournament","within_tournament","euro2012",0.215070175698518,1,31,31,31,1
"phase10_challenger_run","dynamic_goal_ability","open_core","frozen","regulation_1x2","rps","tournament","within_tournament","euro2012",0.215749409320934,1,31,31,31,1
"phase10_challenger_run","dynamic_goal_ability_elo","open_core","frozen","regulation_1x2","rps","tournament","within_tournament","euro2012",0.21661778291484,1,31,31,31,1
"phase10_challenger_run","poisson_team_ridge_elo_dc","open_core","updating","regulation_1x2","rps","tournament","within_tournament","euro2012",0.222663458951597,1,31,31,31,1
"phase10_challenger_run","poisson_team_ridge_elo","open_core","updating","regulation_1x2","rps","tournament","within_tournament","euro2012",0.222667071432547,1,31,31,31,1
"phase10_challenger_run","poisson_team_ridge_elo_bivpois","open_core","updating","regulation_1x2","rps","tournament","within_tournament","euro2012",0.222667261683862,1,31,31,31,1
"phase10_challenger_run","open_nb_elo_only_ablation","open_core","updating","regulation_1x2","rps","tournament","within_tournament","euro2012",0.227491587530605,1,31,31,31,1
"phase10_challenger_run","dynamic_goal_ability","open_core","frozen","over_2_5","over_2_5_brier","tournament","within_tournament","euro2012",0.231723234530759,1,31,31,31,1
"phase10_challenger_run","dynamic_goal_ability","open_core","frozen","under_2_5","under_2_5_brier","tournament","within_tournament","euro2012",0.231723234530759,1,31,31,31,1
"phase10_challenger_run","dynamic_goal_ability_elo","open_core","frozen","over_2_5","over_2_5_brier","tournament","within_tournament","euro2012",0.232197734963922,1,31,31,31,1
"phase10_challenger_run","dynamic_goal_ability_elo","open_core","frozen","under_2_5","under_2_5_brier","tournament","within_tournament","euro2012",0.232197734963922,1,31,31,31,1
"phase10_challenger_run","poisson_team_ridge","open_core","updating","regulation_1x2","rps","tournament","within_tournament","euro2012",0.233967874636742,1,31,31,31,1
"phase10_challenger_run","poisson_team_ridge","open_core","frozen","regulation_1x2","rps","tournament","within_tournament","euro2012",0.234440876750579,1,31,31,31,1
"phase10_challenger_run","poisson_team_ridge_elo_dc","open_core","frozen","regulation_1x2","rps","tournament","within_tournament","euro2012",0.238254957550914,1,31,31,31,1
"phase10_challenger_run","poisson_team_ridge_elo","open_core","frozen","regulation_1x2","rps","tournament","within_tournament","euro2012",0.238260327205576,1,31,31,31,1
"phase10_challenger_run","poisson_team_ridge_elo_bivpois","open_core","frozen","regulation_1x2","rps","tournament","within_tournament","euro2012",0.238260612008061,1,31,31,31,1
"phase10_challenger_run","dynamic_goal_ability_elo","open_core","updating","over_2_5","over_2_5_brier","tournament","within_tournament","euro2012",0.239561286947204,1,31,31,31,1
"phase10_challenger_run","dynamic_goal_ability_elo","open_core","updating","under_2_5","under_2_5_brier","tournament","within_tournament","euro2012",0.239561286947204,1,31,31,31,1
"phase10_challenger_run","dynamic_goal_ability","open_core","updating","over_2_5","over_2_5_brier","tournament","within_tournament","euro2012",0.240032201430632,1,31,31,31,1
"phase10_challenger_run","dynamic_goal_ability","open_core","updating","under_2_5","under_2_5_brier","tournament","within_tournament","euro2012",0.240032201430632,1,31,31,31,1
"phase10_challenger_run","open_nb_elo_only_ablation","open_core","updating","over_2_5","over_2_5_brier","tournament","within_tournament","euro2012",0.24531454646323,1,31,31,31,1
"phase10_challenger_run","open_nb_elo_only_ablation","open_core","updating","under_2_5","under_2_5_brier","tournament","within_tournament","euro2012",0.24531454646323,1,31,31,31,1
"phase10_challenger_run","poisson_team_ridge_elo_bivpois","open_core","updating","btts","btts_brier","tournament","within_tournament","euro2012",0.247204780277956,1,31,31,31,1
"phase10_challenger_run","poisson_team_ridge_elo","open_core","updating","btts","btts_brier","tournament","within_tournament","euro2012",0.247205228071688,1,31,31,31,1
"phase10_challenger_run","poisson_team_ridge_elo_dc","open_core","updating","btts","btts_brier","tournament","within_tournament","euro2012",0.247211262222772,1,31,31,31,1
"phase10_challenger_run","open_nb_elo_only_ablation","open_core","frozen","over_2_5","over_2_5_brier","tournament","within_tournament","euro2012",0.247483418187998,1,31,31,31,1
"phase10_challenger_run","open_nb_elo_only_ablation","open_core","frozen","under_2_5","under_2_5_brier","tournament","within_tournament","euro2012",0.247483418187998,1,31,31,31,1
"phase10_challenger_run","open_nb_elo_only_ablation","open_core","frozen","regulation_1x2","rps","tournament","within_tournament","euro2012",0.248109861177534,1,31,31,31,1
"phase10_challenger_run","poisson_team_ridge","open_core","frozen","btts","btts_brier","tournament","within_tournament","euro2012",0.249649214666411,1,31,31,31,1
"phase10_challenger_run","poisson_team_ridge_elo_bivpois","open_core","frozen","btts","btts_brier","tournament","within_tournament","euro2012",0.24982260223772,1,31,31,31,1
"phase10_challenger_run","poisson_team_ridge_elo","open_core","frozen","btts","btts_brier","tournament","within_tournament","euro2012",0.24982270845533,1,31,31,31,1
"phase10_challenger_run","poisson_team_ridge_elo_dc","open_core","frozen","btts","btts_brier","tournament","within_tournament","euro2012",0.24982462504144,1,31,31,31,1
"phase10_challenger_run","poisson_team_ridge","open_core","updating","btts","btts_brier","tournament","within_tournament","euro2012",0.250214875291807,1,31,31,31,1
"phase10_challenger_run","poisson_team_ridge","open_core","frozen","over_2_5","over_2_5_brier","tournament","within_tournament","euro2012",0.250319000454042,1,31,31,31,1
"phase10_challenger_run","poisson_team_ridge","open_core","frozen","under_2_5","under_2_5_brier","tournament","within_tournament","euro2012",0.250319000454042,1,31,31,31,1
"phase10_challenger_run","poisson_team_ridge","open_core","updating","over_2_5","over_2_5_brier","tournament","within_tournament","euro2012",0.252575071644336,1,31,31,31,1
"phase10_challenger_run","poisson_team_ridge","open_core","updating","under_2_5","under_2_5_brier","tournament","within_tournament","euro2012",0.252575071644336,1,31,31,31,1
"phase10_challenger_run","open_nb_elo_only_ablation","open_core","updating","btts","btts_brier","tournament","within_tournament","euro2012",0.252931475934273,1,31,31,31,1
"phase10_challenger_run","poisson_team_ridge_elo_bivpois","open_core","frozen","over_2_5","over_2_5_brier","tournament","within_tournament","euro2012",0.253345755021815,1,31,31,31,1
"phase10_challenger_run","poisson_team_ridge_elo_bivpois","open_core","frozen","under_2_5","under_2_5_brier","tournament","within_tournament","euro2012",0.253345755021815,1,31,31,31,1
"phase10_challenger_run","poisson_team_ridge_elo","open_core","frozen","over_2_5","over_2_5_brier","tournament","within_tournament","euro2012",0.253346154976594,1,31,31,31,1
"phase10_challenger_run","poisson_team_ridge_elo_dc","open_core","frozen","over_2_5","over_2_5_brier","tournament","within_tournament","euro2012",0.253346154976594,1,31,31,31,1
"phase10_challenger_run","poisson_team_ridge_elo","open_core","frozen","under_2_5","under_2_5_brier","tournament","within_tournament","euro2012",0.253346154976594,1,31,31,31,1
"phase10_challenger_run","poisson_team_ridge_elo_dc","open_core","frozen","under_2_5","under_2_5_brier","tournament","within_tournament","euro2012",0.253346154976594,1,31,31,31,1
"phase10_challenger_run","poisson_team_ridge_elo_bivpois","open_core","updating","over_2_5","over_2_5_brier","tournament","within_tournament","euro2012",0.254038042213112,1,31,31,31,1
"phase10_challenger_run","poisson_team_ridge_elo_bivpois","open_core","updating","under_2_5","under_2_5_brier","tournament","within_tournament","euro2012",0.254038042213112,1,31,31,31,1
"phase10_challenger_run","poisson_team_ridge_elo","open_core","updating","under_2_5","under_2_5_brier","tournament","within_tournament","euro2012",0.254038590330458,1,31,31,31,1
"phase10_challenger_run","poisson_team_ridge_elo_dc","open_core","updating","under_2_5","under_2_5_brier","tournament","within_tournament","euro2012",0.254038590330458,1,31,31,31,1
"phase10_challenger_run","poisson_team_ridge_elo","open_core","updating","over_2_5","over_2_5_brier","tournament","within_tournament","euro2012",0.254038590330459,1,31,31,31,1
"phase10_challenger_run","poisson_team_ridge_elo_dc","open_core","updating","over_2_5","over_2_5_brier","tournament","within_tournament","euro2012",0.254038590330459,1,31,31,31,1
"phase10_challenger_run","open_nb_elo_only_ablation","open_core","frozen","btts","btts_brier","tournament","within_tournament","euro2012",0.255575741561471,1,31,31,31,1
"phase10_challenger_run","dynamic_goal_ability","open_core","frozen","btts","btts_brier","tournament","within_tournament","euro2012",0.255585459841956,1,31,31,31,1
"phase10_challenger_run","dynamic_goal_ability_elo","open_core","frozen","btts","btts_brier","tournament","within_tournament","euro2012",0.25565193409015,1,31,31,31,1
"phase10_challenger_run","dynamic_goal_ability_elo","open_core","updating","btts","btts_brier","tournament","within_tournament","euro2012",0.258273398995875,1,31,31,31,1
"phase10_challenger_run","dynamic_goal_ability","open_core","updating","btts","btts_brier","tournament","within_tournament","euro2012",0.25860135314538,1,31,31,31,1
"phase10_challenger_run","open_nb_elo_only_ablation","open_core","frozen","regulation_1x2","winner_pick_accuracy","tournament","within_tournament","euro2012",0.354838709677419,1,31,31,31,1
"phase10_challenger_run","open_nb_elo_only_ablation","open_core","updating","regulation_1x2","winner_pick_accuracy","tournament","within_tournament","euro2012",0.419354838709677,1,31,31,31,1
"phase10_challenger_run","dynamic_goal_ability_elo","open_core","frozen","away_goals","away_goal_rps","tournament","within_tournament","euro2012",0.46966834560248,1,31,31,31,1
"phase10_challenger_run","dynamic_goal_ability","open_core","frozen","away_goals","away_goal_rps","tournament","within_tournament","euro2012",0.469981790023845,1,31,31,31,1
"phase10_challenger_run","dynamic_goal_ability","open_core","updating","away_goals","away_goal_rps","tournament","within_tournament","euro2012",0.480733200756407,1,31,31,31,1
"phase10_challenger_run","dynamic_goal_ability_elo","open_core","updating","away_goals","away_goal_rps","tournament","within_tournament","euro2012",0.483858680515288,1,31,31,31,1
"phase10_challenger_run","poisson_team_ridge_elo","open_core","updating","regulation_1x2","winner_pick_accuracy","tournament","within_tournament","euro2012",0.483870967741935,1,31,31,31,1
"phase10_challenger_run","poisson_team_ridge_elo_bivpois","open_core","updating","regulation_1x2","winner_pick_accuracy","tournament","within_tournament","euro2012",0.483870967741935,1,31,31,31,1
"phase10_challenger_run","poisson_team_ridge_elo_dc","open_core","updating","regulation_1x2","winner_pick_accuracy","tournament","within_tournament","euro2012",0.483870967741935,1,31,31,31,1
"phase10_challenger_run","poisson_team_ridge_elo_bivpois","open_core","frozen","away_goals","away_goal_rps","tournament","within_tournament","euro2012",0.485741079532792,1,31,31,31,1
"phase10_challenger_run","poisson_team_ridge_elo","open_core","frozen","away_goals","away_goal_rps","tournament","within_tournament","euro2012",0.485741079532793,1,31,31,31,1
"phase10_challenger_run","poisson_team_ridge_elo_dc","open_core","frozen","away_goals","away_goal_rps","tournament","within_tournament","euro2012",0.485741079532793,1,31,31,31,1
"phase10_challenger_run","poisson_team_ridge","open_core","frozen","away_goals","away_goal_rps","tournament","within_tournament","euro2012",0.491764517869155,1,31,31,31,1
"phase10_challenger_run","poisson_team_ridge","open_core","updating","away_goals","away_goal_rps","tournament","within_tournament","euro2012",0.493918394972866,1,31,31,31,1
"phase10_challenger_run","poisson_team_ridge_elo","open_core","updating","away_goals","away_goal_rps","tournament","within_tournament","euro2012",0.497146364348464,1,31,31,31,1
"phase10_challenger_run","poisson_team_ridge_elo_bivpois","open_core","updating","away_goals","away_goal_rps","tournament","within_tournament","euro2012",0.497146364348464,1,31,31,31,1
"phase10_challenger_run","poisson_team_ridge_elo_dc","open_core","updating","away_goals","away_goal_rps","tournament","within_tournament","euro2012",0.497146364348464,1,31,31,31,1
"phase10_challenger_run","open_nb_elo_only_ablation","open_core","frozen","away_goals","away_goal_rps","tournament","within_tournament","euro2012",0.503815712988174,1,31,31,31,1
"phase10_challenger_run","open_nb_elo_only_ablation","open_core","updating","away_goals","away_goal_rps","tournament","within_tournament","euro2012",0.506649895603611,1,31,31,31,1
"phase10_challenger_run","poisson_team_ridge","open_core","frozen","regulation_1x2","winner_pick_accuracy","tournament","within_tournament","euro2012",0.516129032258065,1,31,31,31,1
"phase10_challenger_run","poisson_team_ridge","open_core","updating","regulation_1x2","winner_pick_accuracy","tournament","within_tournament","euro2012",0.516129032258065,1,31,31,31,1
"phase10_challenger_run","poisson_team_ridge_elo","open_core","frozen","regulation_1x2","winner_pick_accuracy","tournament","within_tournament","euro2012",0.516129032258065,1,31,31,31,1
"phase10_challenger_run","poisson_team_ridge_elo_bivpois","open_core","frozen","regulation_1x2","winner_pick_accuracy","tournament","within_tournament","euro2012",0.516129032258065,1,31,31,31,1
"phase10_challenger_run","poisson_team_ridge_elo_dc","open_core","frozen","regulation_1x2","winner_pick_accuracy","tournament","within_tournament","euro2012",0.516129032258065,1,31,31,31,1
"phase10_challenger_run","dynamic_goal_ability","open_core","frozen","regulation_1x2","winner_pick_accuracy","tournament","within_tournament","euro2012",0.548387096774194,1,31,31,31,1
"phase10_challenger_run","dynamic_goal_ability","open_core","updating","regulation_1x2","winner_pick_accuracy","tournament","within_tournament","euro2012",0.548387096774194,1,31,31,31,1
"phase10_challenger_run","dynamic_goal_ability_elo","open_core","frozen","regulation_1x2","winner_pick_accuracy","tournament","within_tournament","euro2012",0.548387096774194,1,31,31,31,1
"phase10_challenger_run","dynamic_goal_ability_elo","open_core","updating","regulation_1x2","winner_pick_accuracy","tournament","within_tournament","euro2012",0.548387096774194,1,31,31,31,1
"phase10_challenger_run","open_nb_elo_only_ablation","open_core","updating","home_goals","home_goal_rps","tournament","within_tournament","euro2012",0.593881491207293,1,31,31,31,1
"phase10_challenger_run","dynamic_goal_ability_elo","open_core","updating","regulation_1x2","brier","tournament","within_tournament","euro2012",0.599348996149513,1,31,31,31,1
"phase10_challenger_run","dynamic_goal_ability","open_core","updating","regulation_1x2","brier","tournament","within_tournament","euro2012",0.602690586731042,1,31,31,31,1
"phase10_challenger_run","dynamic_goal_ability","open_core","frozen","regulation_1x2","brier","tournament","within_tournament","euro2012",0.604893670882027,1,31,31,31,1
"phase10_challenger_run","dynamic_goal_ability_elo","open_core","frozen","regulation_1x2","brier","tournament","within_tournament","euro2012",0.606896335097549,1,31,31,31,1
"phase10_challenger_run","poisson_team_ridge_elo_dc","open_core","updating","regulation_1x2","brier","tournament","within_tournament","euro2012",0.622249950579186,1,31,31,31,1
"phase10_challenger_run","poisson_team_ridge_elo","open_core","updating","regulation_1x2","brier","tournament","within_tournament","euro2012",0.622271625464883,1,31,31,31,1
"phase10_challenger_run","poisson_team_ridge_elo_bivpois","open_core","updating","regulation_1x2","brier","tournament","within_tournament","euro2012",0.622272530314757,1,31,31,31,1
"phase10_challenger_run","poisson_team_ridge_elo_dc","open_core","updating","home_goals","home_goal_rps","tournament","within_tournament","euro2012",0.622620607498922,1,31,31,31,1
"phase10_challenger_run","poisson_team_ridge_elo","open_core","updating","home_goals","home_goal_rps","tournament","within_tournament","euro2012",0.622620607498923,1,31,31,31,1
"phase10_challenger_run","poisson_team_ridge_elo_bivpois","open_core","updating","home_goals","home_goal_rps","tournament","within_tournament","euro2012",0.622620607498923,1,31,31,31,1
"phase10_challenger_run","open_nb_elo_only_ablation","open_core","updating","regulation_1x2","brier","tournament","within_tournament","euro2012",0.630811778481056,1,31,31,31,1
"phase10_challenger_run","poisson_team_ridge","open_core","updating","regulation_1x2","brier","tournament","within_tournament","euro2012",0.644761311957518,1,31,31,31,1
"phase10_challenger_run","poisson_team_ridge","open_core","frozen","regulation_1x2","brier","tournament","within_tournament","euro2012",0.64572348830652,1,31,31,31,1
"phase10_challenger_run","dynamic_goal_ability_elo","open_core","updating","home_goals","home_goal_rps","tournament","within_tournament","euro2012",0.646255216329669,1,31,31,31,1
"phase10_challenger_run","poisson_team_ridge_elo_dc","open_core","frozen","regulation_1x2","brier","tournament","within_tournament","euro2012",0.655146274488083,1,31,31,31,1
"phase10_challenger_run","poisson_team_ridge_elo","open_core","frozen","regulation_1x2","brier","tournament","within_tournament","euro2012",0.655178492416054,1,31,31,31,1
"phase10_challenger_run","poisson_team_ridge_elo_bivpois","open_core","frozen","regulation_1x2","brier","tournament","within_tournament","euro2012",0.655179970123304,1,31,31,31,1
"phase10_challenger_run","dynamic_goal_ability","open_core","frozen","over_2_5","over_2_5_log_loss","tournament","within_tournament","euro2012",0.655209302339985,1,31,31,31,1
"phase10_challenger_run","dynamic_goal_ability","open_core","frozen","under_2_5","under_2_5_log_loss","tournament","within_tournament","euro2012",0.655209302339985,1,31,31,31,1
"phase10_challenger_run","dynamic_goal_ability","open_core","updating","home_goals","home_goal_rps","tournament","within_tournament","euro2012",0.655440926678911,1,31,31,31,1
"phase10_challenger_run","dynamic_goal_ability_elo","open_core","frozen","over_2_5","over_2_5_log_loss","tournament","within_tournament","euro2012",0.656224482251457,1,31,31,31,1
"phase10_challenger_run","dynamic_goal_ability_elo","open_core","frozen","under_2_5","under_2_5_log_loss","tournament","within_tournament","euro2012",0.656224482251457,1,31,31,31,1
"phase10_challenger_run","dynamic_goal_ability","open_core","frozen","home_goals","home_goal_rps","tournament","within_tournament","euro2012",0.662518336073547,1,31,31,31,1
"phase10_challenger_run","dynamic_goal_ability_elo","open_core","frozen","home_goals","home_goal_rps","tournament","within_tournament","euro2012",0.665576147425316,1,31,31,31,1
"phase10_challenger_run","poisson_team_ridge","open_core","updating","home_goals","home_goal_rps","tournament","within_tournament","euro2012",0.670162521465336,1,31,31,31,1
"phase10_challenger_run","poisson_team_ridge","open_core","frozen","home_goals","home_goal_rps","tournament","within_tournament","euro2012",0.670788809179784,1,31,31,31,1
"phase10_challenger_run","open_nb_elo_only_ablation","open_core","frozen","home_goals","home_goal_rps","tournament","within_tournament","euro2012",0.671665830556865,1,31,31,31,1
"phase10_challenger_run","dynamic_goal_ability_elo","open_core","updating","over_2_5","over_2_5_log_loss","tournament","within_tournament","euro2012",0.672953375706441,1,31,31,31,1
"phase10_challenger_run","dynamic_goal_ability_elo","open_core","updating","under_2_5","under_2_5_log_loss","tournament","within_tournament","euro2012",0.672953375706441,1,31,31,31,1
"phase10_challenger_run","open_nb_elo_only_ablation","open_core","frozen","regulation_1x2","brier","tournament","within_tournament","euro2012",0.67373384395418,1,31,31,31,1
"phase10_challenger_run","dynamic_goal_ability","open_core","updating","under_2_5","under_2_5_log_loss","tournament","within_tournament","euro2012",0.674145005901306,1,31,31,31,1
"phase10_challenger_run","dynamic_goal_ability","open_core","updating","over_2_5","over_2_5_log_loss","tournament","within_tournament","euro2012",0.674145005901307,1,31,31,31,1
"phase10_challenger_run","open_nb_elo_only_ablation","open_core","updating","over_2_5","over_2_5_log_loss","tournament","within_tournament","euro2012",0.683760403744436,1,31,31,31,1
"phase10_challenger_run","open_nb_elo_only_ablation","open_core","updating","under_2_5","under_2_5_log_loss","tournament","within_tournament","euro2012",0.683760403744436,1,31,31,31,1
"phase10_challenger_run","poisson_team_ridge_elo_dc","open_core","frozen","home_goals","home_goal_rps","tournament","within_tournament","euro2012",0.686108963452698,1,31,31,31,1
"phase10_challenger_run","poisson_team_ridge_elo","open_core","frozen","home_goals","home_goal_rps","tournament","within_tournament","euro2012",0.686108963452699,1,31,31,31,1
"phase10_challenger_run","poisson_team_ridge_elo_bivpois","open_core","frozen","home_goals","home_goal_rps","tournament","within_tournament","euro2012",0.686108963452699,1,31,31,31,1
"phase10_challenger_run","poisson_team_ridge_elo_bivpois","open_core","updating","btts","btts_log_loss","tournament","within_tournament","euro2012",0.687565160765715,1,31,31,31,1
"phase10_challenger_run","poisson_team_ridge_elo","open_core","updating","btts","btts_log_loss","tournament","within_tournament","euro2012",0.687566049320729,1,31,31,31,1
"phase10_challenger_run","poisson_team_ridge_elo_dc","open_core","updating","btts","btts_log_loss","tournament","within_tournament","euro2012",0.687577887405091,1,31,31,31,1
"phase10_challenger_run","open_nb_elo_only_ablation","open_core","frozen","under_2_5","under_2_5_log_loss","tournament","within_tournament","euro2012",0.688112793941702,1,31,31,31,1
"phase10_challenger_run","open_nb_elo_only_ablation","open_core","frozen","over_2_5","over_2_5_log_loss","tournament","within_tournament","euro2012",0.688112793941703,1,31,31,31,1
"phase10_challenger_run","poisson_team_ridge","open_core","frozen","btts","btts_log_loss","tournament","within_tournament","euro2012",0.692469858609371,1,31,31,31,1
"phase10_challenger_run","poisson_team_ridge_elo_bivpois","open_core","frozen","btts","btts_log_loss","tournament","within_tournament","euro2012",0.692816923725942,1,31,31,31,1
"phase10_challenger_run","poisson_team_ridge_elo","open_core","frozen","btts","btts_log_loss","tournament","within_tournament","euro2012",0.692817133306393,1,31,31,31,1
"phase10_challenger_run","poisson_team_ridge_elo_dc","open_core","frozen","btts","btts_log_loss","tournament","within_tournament","euro2012",0.692820870673762,1,31,31,31,1
"phase10_challenger_run","poisson_team_ridge","open_core","updating","btts","btts_log_loss","tournament","within_tournament","euro2012",0.693610655487152,1,31,31,31,1
"phase10_challenger_run","poisson_team_ridge","open_core","frozen","over_2_5","over_2_5_log_loss","tournament","within_tournament","euro2012",0.693703466883809,1,31,31,31,1
"phase10_challenger_run","poisson_team_ridge","open_core","frozen","under_2_5","under_2_5_log_loss","tournament","within_tournament","euro2012",0.693703466883809,1,31,31,31,1
"phase10_challenger_run","poisson_team_ridge","open_core","updating","over_2_5","over_2_5_log_loss","tournament","within_tournament","euro2012",0.69827698395111,1,31,31,31,1
"phase10_challenger_run","poisson_team_ridge","open_core","updating","under_2_5","under_2_5_log_loss","tournament","within_tournament","euro2012",0.69827698395111,1,31,31,31,1
"phase10_challenger_run","open_nb_elo_only_ablation","open_core","updating","btts","btts_log_loss","tournament","within_tournament","euro2012",0.698964088982162,1,31,31,31,1
"phase10_challenger_run","poisson_team_ridge_elo_bivpois","open_core","frozen","over_2_5","over_2_5_log_loss","tournament","within_tournament","euro2012",0.699772337626735,1,31,31,31,1
"phase10_challenger_run","poisson_team_ridge_elo_bivpois","open_core","frozen","under_2_5","under_2_5_log_loss","tournament","within_tournament","euro2012",0.699772337626735,1,31,31,31,1
"phase10_challenger_run","poisson_team_ridge_elo","open_core","frozen","over_2_5","over_2_5_log_loss","tournament","within_tournament","euro2012",0.699773145378219,1,31,31,31,1
"phase10_challenger_run","poisson_team_ridge_elo_dc","open_core","frozen","over_2_5","over_2_5_log_loss","tournament","within_tournament","euro2012",0.699773145378219,1,31,31,31,1
"phase10_challenger_run","poisson_team_ridge_elo","open_core","frozen","under_2_5","under_2_5_log_loss","tournament","within_tournament","euro2012",0.699773145378219,1,31,31,31,1
"phase10_challenger_run","poisson_team_ridge_elo_dc","open_core","frozen","under_2_5","under_2_5_log_loss","tournament","within_tournament","euro2012",0.699773145378219,1,31,31,31,1
"phase10_challenger_run","poisson_team_ridge_elo_bivpois","open_core","updating","over_2_5","over_2_5_log_loss","tournament","within_tournament","euro2012",0.701226500637521,1,31,31,31,1
"phase10_challenger_run","poisson_team_ridge_elo_bivpois","open_core","updating","under_2_5","under_2_5_log_loss","tournament","within_tournament","euro2012",0.701226500637521,1,31,31,31,1
"phase10_challenger_run","poisson_team_ridge_elo","open_core","updating","under_2_5","under_2_5_log_loss","tournament","within_tournament","euro2012",0.701227607345823,1,31,31,31,1
"phase10_challenger_run","poisson_team_ridge_elo_dc","open_core","updating","under_2_5","under_2_5_log_loss","tournament","within_tournament","euro2012",0.701227607345823,1,31,31,31,1
"phase10_challenger_run","poisson_team_ridge_elo","open_core","updating","over_2_5","over_2_5_log_loss","tournament","within_tournament","euro2012",0.701227607345824,1,31,31,31,1
"phase10_challenger_run","poisson_team_ridge_elo_dc","open_core","updating","over_2_5","over_2_5_log_loss","tournament","within_tournament","euro2012",0.701227607345824,1,31,31,31,1
"phase10_challenger_run","open_nb_elo_only_ablation","open_core","frozen","btts","btts_log_loss","tournament","within_tournament","euro2012",0.704387835158734,1,31,31,31,1
"phase10_challenger_run","dynamic_goal_ability","open_core","frozen","btts","btts_log_loss","tournament","within_tournament","euro2012",0.70467222859923,1,31,31,31,1
"phase10_challenger_run","dynamic_goal_ability_elo","open_core","frozen","btts","btts_log_loss","tournament","within_tournament","euro2012",0.704847889049726,1,31,31,31,1
"phase10_challenger_run","dynamic_goal_ability_elo","open_core","updating","btts","btts_log_loss","tournament","within_tournament","euro2012",0.709849335026304,1,31,31,31,1
"phase10_challenger_run","dynamic_goal_ability","open_core","updating","btts","btts_log_loss","tournament","within_tournament","euro2012",0.710584171355495,1,31,31,31,1
"phase10_challenger_run","dynamic_goal_ability_elo","open_core","updating","regulation_1x2","log_loss","tournament","within_tournament","euro2012",1.00276829503323,1,31,31,31,1
"phase10_challenger_run","dynamic_goal_ability","open_core","updating","regulation_1x2","log_loss","tournament","within_tournament","euro2012",1.007187520074,1,31,31,31,1
"phase10_challenger_run","dynamic_goal_ability","open_core","frozen","regulation_1x2","log_loss","tournament","within_tournament","euro2012",1.01089102384046,1,31,31,31,1
"phase10_challenger_run","dynamic_goal_ability_elo","open_core","frozen","regulation_1x2","log_loss","tournament","within_tournament","euro2012",1.01397405021526,1,31,31,31,1
"phase10_challenger_run","poisson_team_ridge_elo_dc","open_core","updating","regulation_1x2","log_loss","tournament","within_tournament","euro2012",1.03265733846638,1,31,31,31,1
"phase10_challenger_run","poisson_team_ridge_elo","open_core","updating","regulation_1x2","log_loss","tournament","within_tournament","euro2012",1.03269251150771,1,31,31,31,1
"phase10_challenger_run","poisson_team_ridge_elo_bivpois","open_core","updating","regulation_1x2","log_loss","tournament","within_tournament","euro2012",1.03269396648013,1,31,31,31,1
"phase10_challenger_run","open_nb_elo_only_ablation","open_core","updating","regulation_1x2","log_loss","tournament","within_tournament","euro2012",1.04505866666639,1,31,31,31,1
"phase10_challenger_run","poisson_team_ridge","open_core","updating","regulation_1x2","log_loss","tournament","within_tournament","euro2012",1.06514778875137,1,31,31,31,1
"phase10_challenger_run","poisson_team_ridge","open_core","frozen","regulation_1x2","log_loss","tournament","within_tournament","euro2012",1.06636216138173,1,31,31,31,1
"phase10_challenger_run","poisson_team_ridge_elo_dc","open_core","frozen","regulation_1x2","log_loss","tournament","within_tournament","euro2012",1.07782438840989,1,31,31,31,1
"phase10_challenger_run","poisson_team_ridge_elo","open_core","frozen","regulation_1x2","log_loss","tournament","within_tournament","euro2012",1.07787763909479,1,31,31,31,1
"phase10_challenger_run","poisson_team_ridge_elo_bivpois","open_core","frozen","regulation_1x2","log_loss","tournament","within_tournament","euro2012",1.07787997107772,1,31,31,31,1
"phase10_challenger_run","open_nb_elo_only_ablation","open_core","frozen","regulation_1x2","log_loss","tournament","within_tournament","euro2012",1.10422347959521,1,31,31,31,1
"phase10_challenger_run","poisson_team_ridge_elo_dc","open_core","updating","regulation_scoreline","joint_scoreline_log_loss","tournament","within_tournament","euro2012",2.74871112698929,1,31,31,31,1
"phase10_challenger_run","poisson_team_ridge_elo_bivpois","open_core","updating","regulation_scoreline","joint_scoreline_log_loss","tournament","within_tournament","euro2012",2.74874618435138,1,31,31,31,1
"phase10_challenger_run","poisson_team_ridge_elo","open_core","updating","regulation_scoreline","joint_scoreline_log_loss","tournament","within_tournament","euro2012",2.74874942422857,1,31,31,31,1
"phase10_challenger_run","dynamic_goal_ability_elo","open_core","updating","regulation_scoreline","joint_scoreline_log_loss","tournament","within_tournament","euro2012",2.76333871011231,1,31,31,31,1
"phase10_challenger_run","open_nb_elo_only_ablation","open_core","updating","regulation_scoreline","joint_scoreline_log_loss","tournament","within_tournament","euro2012",2.77288406419382,1,31,31,31,1
"phase10_challenger_run","dynamic_goal_ability","open_core","frozen","regulation_scoreline","joint_scoreline_log_loss","tournament","within_tournament","euro2012",2.7736310758862,1,31,31,31,1
"phase10_challenger_run","dynamic_goal_ability_elo","open_core","frozen","regulation_scoreline","joint_scoreline_log_loss","tournament","within_tournament","euro2012",2.77530057508894,1,31,31,31,1
"phase10_challenger_run","dynamic_goal_ability","open_core","updating","regulation_scoreline","joint_scoreline_log_loss","tournament","within_tournament","euro2012",2.77886875881629,1,31,31,31,1
"phase10_challenger_run","poisson_team_ridge","open_core","frozen","regulation_scoreline","joint_scoreline_log_loss","tournament","within_tournament","euro2012",2.82397319242488,1,31,31,31,1
"phase10_challenger_run","poisson_team_ridge","open_core","updating","regulation_scoreline","joint_scoreline_log_loss","tournament","within_tournament","euro2012",2.82631374239136,1,31,31,31,1
"phase10_challenger_run","poisson_team_ridge_elo_dc","open_core","frozen","regulation_scoreline","joint_scoreline_log_loss","tournament","within_tournament","euro2012",2.82873726376906,1,31,31,31,1
"phase10_challenger_run","poisson_team_ridge_elo","open_core","frozen","regulation_scoreline","joint_scoreline_log_loss","tournament","within_tournament","euro2012",2.82878500827523,1,31,31,31,1
"phase10_challenger_run","poisson_team_ridge_elo_bivpois","open_core","frozen","regulation_scoreline","joint_scoreline_log_loss","tournament","within_tournament","euro2012",2.82878623295368,1,31,31,31,1
"phase10_challenger_run","open_nb_elo_only_ablation","open_core","frozen","regulation_scoreline","joint_scoreline_log_loss","tournament","within_tournament","euro2012",2.86036722291267,1,31,31,31,1
"phase10_challenger_run","open_nb_elo_only_ablation","open_core","frozen","regulation_scoreline","exact_score_hit","tournament","within_tournament","euro2016",0.0784313725490196,1,51,51,51,1
"phase10_challenger_run","poisson_team_ridge_elo","open_core","frozen","regulation_scoreline","exact_score_hit","tournament","within_tournament","euro2016",0.137254901960784,1,51,51,51,1
"phase10_challenger_run","poisson_team_ridge_elo_bivpois","open_core","frozen","regulation_scoreline","exact_score_hit","tournament","within_tournament","euro2016",0.137254901960784,1,51,51,51,1
"phase10_challenger_run","poisson_team_ridge_elo_dc","open_core","frozen","regulation_scoreline","exact_score_hit","tournament","within_tournament","euro2016",0.137254901960784,1,51,51,51,1
"phase10_challenger_run","open_nb_elo_only_ablation","open_core","updating","regulation_scoreline","exact_score_hit","tournament","within_tournament","euro2016",0.156862745098039,1,51,51,51,1
"phase10_challenger_run","poisson_team_ridge","open_core","frozen","regulation_scoreline","exact_score_hit","tournament","within_tournament","euro2016",0.156862745098039,1,51,51,51,1
"phase10_challenger_run","poisson_team_ridge","open_core","updating","regulation_scoreline","exact_score_hit","tournament","within_tournament","euro2016",0.156862745098039,1,51,51,51,1
"phase10_challenger_run","dynamic_goal_ability","open_core","updating","regulation_scoreline","exact_score_hit","tournament","within_tournament","euro2016",0.176470588235294,1,51,51,51,1
"phase10_challenger_run","poisson_team_ridge_elo","open_core","updating","regulation_scoreline","exact_score_hit","tournament","within_tournament","euro2016",0.176470588235294,1,51,51,51,1
"phase10_challenger_run","poisson_team_ridge_elo_bivpois","open_core","updating","regulation_scoreline","exact_score_hit","tournament","within_tournament","euro2016",0.176470588235294,1,51,51,51,1
"phase10_challenger_run","poisson_team_ridge_elo_dc","open_core","updating","regulation_scoreline","exact_score_hit","tournament","within_tournament","euro2016",0.176470588235294,1,51,51,51,1
"phase10_challenger_run","poisson_team_ridge_elo_dc","open_core","frozen","regulation_1x2","rps","tournament","within_tournament","euro2016",0.21179698920609,1,51,51,51,1
"phase10_challenger_run","poisson_team_ridge_elo_bivpois","open_core","frozen","regulation_1x2","rps","tournament","within_tournament","euro2016",0.211808507813512,1,51,51,51,1
"phase10_challenger_run","poisson_team_ridge_elo","open_core","frozen","regulation_1x2","rps","tournament","within_tournament","euro2016",0.211808832009381,1,51,51,51,1
"phase10_challenger_run","poisson_team_ridge","open_core","frozen","regulation_1x2","rps","tournament","within_tournament","euro2016",0.214653718494858,1,51,51,51,1
"phase10_challenger_run","poisson_team_ridge","open_core","updating","regulation_1x2","rps","tournament","within_tournament","euro2016",0.21468046846997,1,51,51,51,1
"phase10_challenger_run","dynamic_goal_ability_elo","open_core","updating","regulation_scoreline","exact_score_hit","tournament","within_tournament","euro2016",0.215686274509804,1,51,51,51,1
"phase10_challenger_run","poisson_team_ridge_elo_dc","open_core","updating","regulation_1x2","rps","tournament","within_tournament","euro2016",0.216516256527785,1,51,51,51,1
"phase10_challenger_run","poisson_team_ridge_elo","open_core","updating","regulation_1x2","rps","tournament","within_tournament","euro2016",0.21653244523778,1,51,51,51,1
"phase10_challenger_run","poisson_team_ridge_elo_bivpois","open_core","updating","regulation_1x2","rps","tournament","within_tournament","euro2016",0.216532620098313,1,51,51,51,1
"phase10_challenger_run","open_nb_elo_only_ablation","open_core","updating","regulation_1x2","rps","tournament","within_tournament","euro2016",0.220087891516797,1,51,51,51,1
"phase10_challenger_run","open_nb_elo_only_ablation","open_core","frozen","regulation_1x2","rps","tournament","within_tournament","euro2016",0.220296204233197,1,51,51,51,1
"phase10_challenger_run","dynamic_goal_ability","open_core","updating","regulation_1x2","rps","tournament","within_tournament","euro2016",0.227974334507651,1,51,51,51,1
"phase10_challenger_run","dynamic_goal_ability_elo","open_core","updating","regulation_1x2","rps","tournament","within_tournament","euro2016",0.228284645185609,1,51,51,51,1
"phase10_challenger_run","dynamic_goal_ability_elo","open_core","updating","over_2_5","over_2_5_brier","tournament","within_tournament","euro2016",0.22992963706117,1,51,51,51,1
"phase10_challenger_run","dynamic_goal_ability_elo","open_core","updating","under_2_5","under_2_5_brier","tournament","within_tournament","euro2016",0.22992963706117,1,51,51,51,1
"phase10_challenger_run","dynamic_goal_ability_elo","open_core","frozen","regulation_1x2","rps","tournament","within_tournament","euro2016",0.230256284951739,1,51,51,51,1
"phase10_challenger_run","dynamic_goal_ability","open_core","frozen","regulation_1x2","rps","tournament","within_tournament","euro2016",0.230798543977582,1,51,51,51,1
"phase10_challenger_run","dynamic_goal_ability","open_core","updating","over_2_5","over_2_5_brier","tournament","within_tournament","euro2016",0.232020636815031,1,51,51,51,1
"phase10_challenger_run","dynamic_goal_ability","open_core","updating","under_2_5","under_2_5_brier","tournament","within_tournament","euro2016",0.232020636815031,1,51,51,51,1
"phase10_challenger_run","open_nb_elo_only_ablation","open_core","updating","over_2_5","over_2_5_brier","tournament","within_tournament","euro2016",0.232535166270265,1,51,51,51,1
"phase10_challenger_run","open_nb_elo_only_ablation","open_core","updating","under_2_5","under_2_5_brier","tournament","within_tournament","euro2016",0.232535166270265,1,51,51,51,1
"phase10_challenger_run","open_nb_elo_only_ablation","open_core","frozen","over_2_5","over_2_5_brier","tournament","within_tournament","euro2016",0.235060019024581,1,51,51,51,1
"phase10_challenger_run","open_nb_elo_only_ablation","open_core","frozen","under_2_5","under_2_5_brier","tournament","within_tournament","euro2016",0.235060019024581,1,51,51,51,1
"phase10_challenger_run","dynamic_goal_ability","open_core","frozen","regulation_scoreline","exact_score_hit","tournament","within_tournament","euro2016",0.235294117647059,1,51,51,51,1
"phase10_challenger_run","dynamic_goal_ability_elo","open_core","frozen","regulation_scoreline","exact_score_hit","tournament","within_tournament","euro2016",0.235294117647059,1,51,51,51,1
"phase10_challenger_run","dynamic_goal_ability","open_core","frozen","over_2_5","over_2_5_brier","tournament","within_tournament","euro2016",0.235376002291444,1,51,51,51,1
"phase10_challenger_run","dynamic_goal_ability","open_core","frozen","under_2_5","under_2_5_brier","tournament","within_tournament","euro2016",0.235376002291444,1,51,51,51,1
"phase10_challenger_run","dynamic_goal_ability_elo","open_core","frozen","over_2_5","over_2_5_brier","tournament","within_tournament","euro2016",0.235935390662676,1,51,51,51,1
"phase10_challenger_run","dynamic_goal_ability_elo","open_core","frozen","under_2_5","under_2_5_brier","tournament","within_tournament","euro2016",0.235935390662676,1,51,51,51,1
"phase10_challenger_run","poisson_team_ridge","open_core","updating","over_2_5","over_2_5_brier","tournament","within_tournament","euro2016",0.236976623393594,1,51,51,51,1
"phase10_challenger_run","poisson_team_ridge","open_core","updating","under_2_5","under_2_5_brier","tournament","within_tournament","euro2016",0.236976623393594,1,51,51,51,1
"phase10_challenger_run","poisson_team_ridge_elo_bivpois","open_core","updating","over_2_5","over_2_5_brier","tournament","within_tournament","euro2016",0.238270460192426,1,51,51,51,1
"phase10_challenger_run","poisson_team_ridge_elo_bivpois","open_core","updating","under_2_5","under_2_5_brier","tournament","within_tournament","euro2016",0.238270460192426,1,51,51,51,1
"phase10_challenger_run","poisson_team_ridge_elo","open_core","updating","over_2_5","over_2_5_brier","tournament","within_tournament","euro2016",0.238271496019928,1,51,51,51,1
"phase10_challenger_run","poisson_team_ridge_elo_dc","open_core","updating","over_2_5","over_2_5_brier","tournament","within_tournament","euro2016",0.238271496019928,1,51,51,51,1
"phase10_challenger_run","poisson_team_ridge_elo","open_core","updating","under_2_5","under_2_5_brier","tournament","within_tournament","euro2016",0.238271496019928,1,51,51,51,1
"phase10_challenger_run","poisson_team_ridge_elo_dc","open_core","updating","under_2_5","under_2_5_brier","tournament","within_tournament","euro2016",0.238271496019928,1,51,51,51,1
"phase10_challenger_run","poisson_team_ridge","open_core","frozen","over_2_5","over_2_5_brier","tournament","within_tournament","euro2016",0.238380913871752,1,51,51,51,1
"phase10_challenger_run","poisson_team_ridge","open_core","frozen","under_2_5","under_2_5_brier","tournament","within_tournament","euro2016",0.238380913871752,1,51,51,51,1
"phase10_challenger_run","poisson_team_ridge_elo_bivpois","open_core","frozen","over_2_5","over_2_5_brier","tournament","within_tournament","euro2016",0.239508112838226,1,51,51,51,1
"phase10_challenger_run","poisson_team_ridge_elo_bivpois","open_core","frozen","under_2_5","under_2_5_brier","tournament","within_tournament","euro2016",0.239508112838226,1,51,51,51,1
"phase10_challenger_run","poisson_team_ridge_elo","open_core","frozen","over_2_5","over_2_5_brier","tournament","within_tournament","euro2016",0.239509126279305,1,51,51,51,1
"phase10_challenger_run","poisson_team_ridge_elo_dc","open_core","frozen","over_2_5","over_2_5_brier","tournament","within_tournament","euro2016",0.239509126279305,1,51,51,51,1
"phase10_challenger_run","poisson_team_ridge_elo","open_core","frozen","under_2_5","under_2_5_brier","tournament","within_tournament","euro2016",0.239509126279305,1,51,51,51,1
"phase10_challenger_run","poisson_team_ridge_elo_dc","open_core","frozen","under_2_5","under_2_5_brier","tournament","within_tournament","euro2016",0.239509126279305,1,51,51,51,1
"phase10_challenger_run","dynamic_goal_ability","open_core","frozen","btts","btts_brier","tournament","within_tournament","euro2016",0.23996702572793,1,51,51,51,1
"phase10_challenger_run","dynamic_goal_ability_elo","open_core","frozen","btts","btts_brier","tournament","within_tournament","euro2016",0.240073469832946,1,51,51,51,1
"phase10_challenger_run","open_nb_elo_only_ablation","open_core","updating","btts","btts_brier","tournament","within_tournament","euro2016",0.241704646597583,1,51,51,51,1
"phase10_challenger_run","open_nb_elo_only_ablation","open_core","frozen","btts","btts_brier","tournament","within_tournament","euro2016",0.242410480178082,1,51,51,51,1
"phase10_challenger_run","dynamic_goal_ability","open_core","updating","btts","btts_brier","tournament","within_tournament","euro2016",0.24463276278501,1,51,51,51,1
"phase10_challenger_run","dynamic_goal_ability_elo","open_core","updating","btts","btts_brier","tournament","within_tournament","euro2016",0.24510091679761,1,51,51,51,1
"phase10_challenger_run","poisson_team_ridge_elo","open_core","updating","btts","btts_brier","tournament","within_tournament","euro2016",0.250670264690217,1,51,51,51,1
"phase10_challenger_run","poisson_team_ridge_elo_bivpois","open_core","updating","btts","btts_brier","tournament","within_tournament","euro2016",0.250671223435761,1,51,51,51,1
"phase10_challenger_run","poisson_team_ridge_elo_dc","open_core","updating","btts","btts_brier","tournament","within_tournament","euro2016",0.250716002899112,1,51,51,51,1
"phase10_challenger_run","poisson_team_ridge","open_core","frozen","btts","btts_brier","tournament","within_tournament","euro2016",0.251575459942896,1,51,51,51,1
"phase10_challenger_run","poisson_team_ridge","open_core","updating","btts","btts_brier","tournament","within_tournament","euro2016",0.25157918367186,1,51,51,51,1
"phase10_challenger_run","poisson_team_ridge_elo","open_core","frozen","btts","btts_brier","tournament","within_tournament","euro2016",0.252612114095305,1,51,51,51,1
"phase10_challenger_run","poisson_team_ridge_elo_bivpois","open_core","frozen","btts","btts_brier","tournament","within_tournament","euro2016",0.252613462073677,1,51,51,51,1
"phase10_challenger_run","poisson_team_ridge_elo_dc","open_core","frozen","btts","btts_brier","tournament","within_tournament","euro2016",0.252668786015359,1,51,51,51,1
"phase10_challenger_run","dynamic_goal_ability","open_core","frozen","regulation_1x2","winner_pick_accuracy","tournament","within_tournament","euro2016",0.372549019607843,1,51,51,51,1
"phase10_challenger_run","dynamic_goal_ability_elo","open_core","frozen","regulation_1x2","winner_pick_accuracy","tournament","within_tournament","euro2016",0.372549019607843,1,51,51,51,1
"phase10_challenger_run","poisson_team_ridge","open_core","frozen","regulation_1x2","winner_pick_accuracy","tournament","within_tournament","euro2016",0.372549019607843,1,51,51,51,1
"phase10_challenger_run","poisson_team_ridge_elo","open_core","frozen","regulation_1x2","winner_pick_accuracy","tournament","within_tournament","euro2016",0.372549019607843,1,51,51,51,1
"phase10_challenger_run","poisson_team_ridge_elo_bivpois","open_core","frozen","regulation_1x2","winner_pick_accuracy","tournament","within_tournament","euro2016",0.372549019607843,1,51,51,51,1
"phase10_challenger_run","poisson_team_ridge_elo_dc","open_core","frozen","regulation_1x2","winner_pick_accuracy","tournament","within_tournament","euro2016",0.372549019607843,1,51,51,51,1
"phase10_challenger_run","dynamic_goal_ability","open_core","updating","regulation_1x2","winner_pick_accuracy","tournament","within_tournament","euro2016",0.392156862745098,1,51,51,51,1
"phase10_challenger_run","open_nb_elo_only_ablation","open_core","frozen","regulation_1x2","winner_pick_accuracy","tournament","within_tournament","euro2016",0.392156862745098,1,51,51,51,1
"phase10_challenger_run","open_nb_elo_only_ablation","open_core","updating","regulation_1x2","winner_pick_accuracy","tournament","within_tournament","euro2016",0.392156862745098,1,51,51,51,1
"phase10_challenger_run","dynamic_goal_ability_elo","open_core","updating","regulation_1x2","winner_pick_accuracy","tournament","within_tournament","euro2016",0.411764705882353,1,51,51,51,1
"phase10_challenger_run","poisson_team_ridge","open_core","updating","regulation_1x2","winner_pick_accuracy","tournament","within_tournament","euro2016",0.411764705882353,1,51,51,51,1
"phase10_challenger_run","poisson_team_ridge_elo","open_core","updating","regulation_1x2","winner_pick_accuracy","tournament","within_tournament","euro2016",0.411764705882353,1,51,51,51,1
"phase10_challenger_run","poisson_team_ridge_elo_bivpois","open_core","updating","regulation_1x2","winner_pick_accuracy","tournament","within_tournament","euro2016",0.411764705882353,1,51,51,51,1
"phase10_challenger_run","poisson_team_ridge_elo_dc","open_core","updating","regulation_1x2","winner_pick_accuracy","tournament","within_tournament","euro2016",0.411764705882353,1,51,51,51,1
"phase10_challenger_run","open_nb_elo_only_ablation","open_core","updating","away_goals","away_goal_rps","tournament","within_tournament","euro2016",0.474868574971773,1,51,51,51,1
"phase10_challenger_run","poisson_team_ridge_elo","open_core","updating","away_goals","away_goal_rps","tournament","within_tournament","euro2016",0.482019447286578,1,51,51,51,1
"phase10_challenger_run","poisson_team_ridge_elo_bivpois","open_core","updating","away_goals","away_goal_rps","tournament","within_tournament","euro2016",0.482019447286578,1,51,51,51,1
"phase10_challenger_run","poisson_team_ridge_elo_dc","open_core","updating","away_goals","away_goal_rps","tournament","within_tournament","euro2016",0.482019447286578,1,51,51,51,1
"phase10_challenger_run","open_nb_elo_only_ablation","open_core","frozen","away_goals","away_goal_rps","tournament","within_tournament","euro2016",0.486781642064801,1,51,51,51,1
"phase10_challenger_run","dynamic_goal_ability_elo","open_core","updating","away_goals","away_goal_rps","tournament","within_tournament","euro2016",0.491235609202955,1,51,51,51,1
"phase10_challenger_run","dynamic_goal_ability","open_core","updating","away_goals","away_goal_rps","tournament","within_tournament","euro2016",0.491687740815363,1,51,51,51,1
"phase10_challenger_run","poisson_team_ridge_elo","open_core","frozen","away_goals","away_goal_rps","tournament","within_tournament","euro2016",0.493151583039006,1,51,51,51,1
"phase10_challenger_run","poisson_team_ridge_elo_bivpois","open_core","frozen","away_goals","away_goal_rps","tournament","within_tournament","euro2016",0.493151583039006,1,51,51,51,1
"phase10_challenger_run","poisson_team_ridge_elo_dc","open_core","frozen","away_goals","away_goal_rps","tournament","within_tournament","euro2016",0.493151583039006,1,51,51,51,1
"phase10_challenger_run","poisson_team_ridge","open_core","updating","away_goals","away_goal_rps","tournament","within_tournament","euro2016",0.494385001868967,1,51,51,51,1
"phase10_challenger_run","poisson_team_ridge","open_core","frozen","away_goals","away_goal_rps","tournament","within_tournament","euro2016",0.49663747051055,1,51,51,51,1
"phase10_challenger_run","dynamic_goal_ability_elo","open_core","frozen","away_goals","away_goal_rps","tournament","within_tournament","euro2016",0.501661968074187,1,51,51,51,1
"phase10_challenger_run","dynamic_goal_ability","open_core","frozen","away_goals","away_goal_rps","tournament","within_tournament","euro2016",0.501706100234928,1,51,51,51,1
"phase10_challenger_run","poisson_team_ridge","open_core","frozen","home_goals","home_goal_rps","tournament","within_tournament","euro2016",0.59646549115142,1,51,51,51,1
"phase10_challenger_run","poisson_team_ridge","open_core","updating","home_goals","home_goal_rps","tournament","within_tournament","euro2016",0.597906810372021,1,51,51,51,1
"phase10_challenger_run","poisson_team_ridge_elo","open_core","frozen","home_goals","home_goal_rps","tournament","within_tournament","euro2016",0.6084705018165,1,51,51,51,1
"phase10_challenger_run","poisson_team_ridge_elo_bivpois","open_core","frozen","home_goals","home_goal_rps","tournament","within_tournament","euro2016",0.6084705018165,1,51,51,51,1
"phase10_challenger_run","poisson_team_ridge_elo_dc","open_core","frozen","home_goals","home_goal_rps","tournament","within_tournament","euro2016",0.6084705018165,1,51,51,51,1
"phase10_challenger_run","dynamic_goal_ability","open_core","frozen","home_goals","home_goal_rps","tournament","within_tournament","euro2016",0.621357115817824,1,51,51,51,1
"phase10_challenger_run","dynamic_goal_ability_elo","open_core","frozen","home_goals","home_goal_rps","tournament","within_tournament","euro2016",0.623220330315762,1,51,51,51,1
"phase10_challenger_run","poisson_team_ridge_elo_bivpois","open_core","updating","home_goals","home_goal_rps","tournament","within_tournament","euro2016",0.62401363172879,1,51,51,51,1
"phase10_challenger_run","poisson_team_ridge_elo_dc","open_core","updating","home_goals","home_goal_rps","tournament","within_tournament","euro2016",0.62401363172879,1,51,51,51,1
"phase10_challenger_run","poisson_team_ridge_elo","open_core","updating","home_goals","home_goal_rps","tournament","within_tournament","euro2016",0.624013631728791,1,51,51,51,1
"phase10_challenger_run","open_nb_elo_only_ablation","open_core","frozen","home_goals","home_goal_rps","tournament","within_tournament","euro2016",0.627348781794182,1,51,51,51,1
"phase10_challenger_run","dynamic_goal_ability","open_core","updating","home_goals","home_goal_rps","tournament","within_tournament","euro2016",0.627933133075154,1,51,51,51,1
"phase10_challenger_run","dynamic_goal_ability_elo","open_core","updating","home_goals","home_goal_rps","tournament","within_tournament","euro2016",0.628597157477538,1,51,51,51,1
"phase10_challenger_run","open_nb_elo_only_ablation","open_core","updating","home_goals","home_goal_rps","tournament","within_tournament","euro2016",0.636195797993123,1,51,51,51,1
"phase10_challenger_run","poisson_team_ridge_elo_dc","open_core","frozen","regulation_1x2","brier","tournament","within_tournament","euro2016",0.642197614402745,1,51,51,51,1
"phase10_challenger_run","poisson_team_ridge_elo_bivpois","open_core","frozen","regulation_1x2","brier","tournament","within_tournament","euro2016",0.642267193050888,1,51,51,51,1
"phase10_challenger_run","poisson_team_ridge_elo","open_core","frozen","regulation_1x2","brier","tournament","within_tournament","euro2016",0.642268671222487,1,51,51,51,1
"phase10_challenger_run","poisson_team_ridge","open_core","updating","regulation_1x2","brier","tournament","within_tournament","euro2016",0.647261292879401,1,51,51,51,1
"phase10_challenger_run","poisson_team_ridge","open_core","frozen","regulation_1x2","brier","tournament","within_tournament","euro2016",0.647547479756335,1,51,51,51,1
"phase10_challenger_run","poisson_team_ridge_elo_dc","open_core","updating","regulation_1x2","brier","tournament","within_tournament","euro2016",0.651450473091358,1,51,51,51,1
"phase10_challenger_run","poisson_team_ridge_elo_bivpois","open_core","updating","regulation_1x2","brier","tournament","within_tournament","euro2016",0.651547013024205,1,51,51,51,1
"phase10_challenger_run","poisson_team_ridge_elo","open_core","updating","regulation_1x2","brier","tournament","within_tournament","euro2016",0.651547605351332,1,51,51,51,1
"phase10_challenger_run","dynamic_goal_ability_elo","open_core","updating","under_2_5","under_2_5_log_loss","tournament","within_tournament","euro2016",0.652243497003474,1,51,51,51,1
"phase10_challenger_run","dynamic_goal_ability_elo","open_core","updating","over_2_5","over_2_5_log_loss","tournament","within_tournament","euro2016",0.652243497003475,1,51,51,51,1
"phase10_challenger_run","dynamic_goal_ability","open_core","updating","over_2_5","over_2_5_log_loss","tournament","within_tournament","euro2016",0.656822830417395,1,51,51,51,1
"phase10_challenger_run","dynamic_goal_ability","open_core","updating","under_2_5","under_2_5_log_loss","tournament","within_tournament","euro2016",0.656822830417395,1,51,51,51,1
"phase10_challenger_run","open_nb_elo_only_ablation","open_core","updating","over_2_5","over_2_5_log_loss","tournament","within_tournament","euro2016",0.658074922534162,1,51,51,51,1
"phase10_challenger_run","open_nb_elo_only_ablation","open_core","updating","under_2_5","under_2_5_log_loss","tournament","within_tournament","euro2016",0.658074922534162,1,51,51,51,1
"phase10_challenger_run","open_nb_elo_only_ablation","open_core","updating","regulation_1x2","brier","tournament","within_tournament","euro2016",0.658240499503534,1,51,51,51,1
"phase10_challenger_run","open_nb_elo_only_ablation","open_core","frozen","regulation_1x2","brier","tournament","within_tournament","euro2016",0.659791972010353,1,51,51,51,1
"phase10_challenger_run","open_nb_elo_only_ablation","open_core","frozen","over_2_5","over_2_5_log_loss","tournament","within_tournament","euro2016",0.663140678722492,1,51,51,51,1
"phase10_challenger_run","open_nb_elo_only_ablation","open_core","frozen","under_2_5","under_2_5_log_loss","tournament","within_tournament","euro2016",0.663140678722492,1,51,51,51,1
"phase10_challenger_run","dynamic_goal_ability","open_core","frozen","over_2_5","over_2_5_log_loss","tournament","within_tournament","euro2016",0.663851244419065,1,51,51,51,1
"phase10_challenger_run","dynamic_goal_ability","open_core","frozen","under_2_5","under_2_5_log_loss","tournament","within_tournament","euro2016",0.663851244419065,1,51,51,51,1
"phase10_challenger_run","dynamic_goal_ability_elo","open_core","frozen","over_2_5","over_2_5_log_loss","tournament","within_tournament","euro2016",0.664880713352633,1,51,51,51,1
"phase10_challenger_run","dynamic_goal_ability_elo","open_core","frozen","under_2_5","under_2_5_log_loss","tournament","within_tournament","euro2016",0.664880713352634,1,51,51,51,1
"phase10_challenger_run","poisson_team_ridge","open_core","updating","over_2_5","over_2_5_log_loss","tournament","within_tournament","euro2016",0.666959394382326,1,51,51,51,1
"phase10_challenger_run","poisson_team_ridge","open_core","updating","under_2_5","under_2_5_log_loss","tournament","within_tournament","euro2016",0.666959394382326,1,51,51,51,1
"phase10_challenger_run","poisson_team_ridge_elo_bivpois","open_core","updating","under_2_5","under_2_5_log_loss","tournament","within_tournament","euro2016",0.66970219911065,1,51,51,51,1
"phase10_challenger_run","poisson_team_ridge_elo_bivpois","open_core","updating","over_2_5","over_2_5_log_loss","tournament","within_tournament","euro2016",0.669702199110651,1,51,51,51,1
"phase10_challenger_run","poisson_team_ridge_elo","open_core","updating","over_2_5","over_2_5_log_loss","tournament","within_tournament","euro2016",0.66970431988956,1,51,51,51,1
"phase10_challenger_run","poisson_team_ridge_elo_dc","open_core","updating","over_2_5","over_2_5_log_loss","tournament","within_tournament","euro2016",0.66970431988956,1,51,51,51,1
"phase10_challenger_run","poisson_team_ridge_elo","open_core","updating","under_2_5","under_2_5_log_loss","tournament","within_tournament","euro2016",0.66970431988956,1,51,51,51,1
"phase10_challenger_run","poisson_team_ridge_elo_dc","open_core","updating","under_2_5","under_2_5_log_loss","tournament","within_tournament","euro2016",0.66970431988956,1,51,51,51,1
"phase10_challenger_run","poisson_team_ridge","open_core","frozen","over_2_5","over_2_5_log_loss","tournament","within_tournament","euro2016",0.669817699403025,1,51,51,51,1
"phase10_challenger_run","poisson_team_ridge","open_core","frozen","under_2_5","under_2_5_log_loss","tournament","within_tournament","euro2016",0.669817699403025,1,51,51,51,1
"phase10_challenger_run","poisson_team_ridge_elo_bivpois","open_core","frozen","over_2_5","over_2_5_log_loss","tournament","within_tournament","euro2016",0.672011318258926,1,51,51,51,1
"phase10_challenger_run","poisson_team_ridge_elo_bivpois","open_core","frozen","under_2_5","under_2_5_log_loss","tournament","within_tournament","euro2016",0.672011318258926,1,51,51,51,1
"phase10_challenger_run","poisson_team_ridge_elo","open_core","frozen","over_2_5","over_2_5_log_loss","tournament","within_tournament","euro2016",0.672013363336122,1,51,51,51,1
"phase10_challenger_run","poisson_team_ridge_elo_dc","open_core","frozen","over_2_5","over_2_5_log_loss","tournament","within_tournament","euro2016",0.672013363336122,1,51,51,51,1
"phase10_challenger_run","poisson_team_ridge_elo","open_core","frozen","under_2_5","under_2_5_log_loss","tournament","within_tournament","euro2016",0.672013363336122,1,51,51,51,1
"phase10_challenger_run","poisson_team_ridge_elo_dc","open_core","frozen","under_2_5","under_2_5_log_loss","tournament","within_tournament","euro2016",0.672013363336122,1,51,51,51,1
"phase10_challenger_run","dynamic_goal_ability","open_core","frozen","btts","btts_log_loss","tournament","within_tournament","euro2016",0.672722768955478,1,51,51,51,1
"phase10_challenger_run","dynamic_goal_ability_elo","open_core","frozen","btts","btts_log_loss","tournament","within_tournament","euro2016",0.672955874734332,1,51,51,51,1
"phase10_challenger_run","dynamic_goal_ability_elo","open_core","updating","regulation_1x2","brier","tournament","within_tournament","euro2016",0.673690212680988,1,51,51,51,1
"phase10_challenger_run","dynamic_goal_ability","open_core","updating","regulation_1x2","brier","tournament","within_tournament","euro2016",0.673931064096682,1,51,51,51,1
"phase10_challenger_run","open_nb_elo_only_ablation","open_core","updating","btts","btts_log_loss","tournament","within_tournament","euro2016",0.676697649439776,1,51,51,51,1
"phase10_challenger_run","open_nb_elo_only_ablation","open_core","frozen","btts","btts_log_loss","tournament","within_tournament","euro2016",0.677994438498658,1,51,51,51,1
"phase10_challenger_run","dynamic_goal_ability_elo","open_core","frozen","regulation_1x2","brier","tournament","within_tournament","euro2016",0.680136129071149,1,51,51,51,1
"phase10_challenger_run","dynamic_goal_ability","open_core","frozen","regulation_1x2","brier","tournament","within_tournament","euro2016",0.681122427858005,1,51,51,51,1
"phase10_challenger_run","dynamic_goal_ability","open_core","updating","btts","btts_log_loss","tournament","within_tournament","euro2016",0.682019613163349,1,51,51,51,1
"phase10_challenger_run","dynamic_goal_ability_elo","open_core","updating","btts","btts_log_loss","tournament","within_tournament","euro2016",0.683031668203459,1,51,51,51,1
"phase10_challenger_run","poisson_team_ridge_elo","open_core","updating","btts","btts_log_loss","tournament","within_tournament","euro2016",0.694534620823175,1,51,51,51,1
"phase10_challenger_run","poisson_team_ridge_elo_bivpois","open_core","updating","btts","btts_log_loss","tournament","within_tournament","euro2016",0.694536547596668,1,51,51,51,1
"phase10_challenger_run","poisson_team_ridge_elo_dc","open_core","updating","btts","btts_log_loss","tournament","within_tournament","euro2016",0.694626576035863,1,51,51,51,1
"phase10_challenger_run","poisson_team_ridge","open_core","updating","btts","btts_log_loss","tournament","within_tournament","euro2016",0.696374460212943,1,51,51,51,1
"phase10_challenger_run","poisson_team_ridge","open_core","frozen","btts","btts_log_loss","tournament","within_tournament","euro2016",0.696390190841799,1,51,51,51,1
"phase10_challenger_run","poisson_team_ridge_elo","open_core","frozen","btts","btts_log_loss","tournament","within_tournament","euro2016",0.698472992504696,1,51,51,51,1
"phase10_challenger_run","poisson_team_ridge_elo_bivpois","open_core","frozen","btts","btts_log_loss","tournament","within_tournament","euro2016",0.698475706308885,1,51,51,51,1
"phase10_challenger_run","poisson_team_ridge_elo_dc","open_core","frozen","btts","btts_log_loss","tournament","within_tournament","euro2016",0.698587240840832,1,51,51,51,1
"phase10_challenger_run","poisson_team_ridge_elo_dc","open_core","frozen","regulation_1x2","log_loss","tournament","within_tournament","euro2016",1.06478329612334,1,51,51,51,1
"phase10_challenger_run","poisson_team_ridge_elo_bivpois","open_core","frozen","regulation_1x2","log_loss","tournament","within_tournament","euro2016",1.0649187002611,1,51,51,51,1
"phase10_challenger_run","poisson_team_ridge_elo","open_core","frozen","regulation_1x2","log_loss","tournament","within_tournament","euro2016",1.06492148767601,1,51,51,51,1
"phase10_challenger_run","poisson_team_ridge","open_core","updating","regulation_1x2","log_loss","tournament","within_tournament","euro2016",1.07337784276227,1,51,51,51,1
"phase10_challenger_run","poisson_team_ridge","open_core","frozen","regulation_1x2","log_loss","tournament","within_tournament","euro2016",1.07410680796083,1,51,51,51,1
"phase10_challenger_run","poisson_team_ridge_elo_dc","open_core","updating","regulation_1x2","log_loss","tournament","within_tournament","euro2016",1.07530746756745,1,51,51,51,1
"phase10_challenger_run","poisson_team_ridge_elo_bivpois","open_core","updating","regulation_1x2","log_loss","tournament","within_tournament","euro2016",1.07544418991846,1,51,51,51,1
"phase10_challenger_run","poisson_team_ridge_elo","open_core","updating","regulation_1x2","log_loss","tournament","within_tournament","euro2016",1.07544515192673,1,51,51,51,1
"phase10_challenger_run","open_nb_elo_only_ablation","open_core","updating","regulation_1x2","log_loss","tournament","within_tournament","euro2016",1.08573425607431,1,51,51,51,1
"phase10_challenger_run","open_nb_elo_only_ablation","open_core","frozen","regulation_1x2","log_loss","tournament","within_tournament","euro2016",1.08696284574346,1,51,51,51,1
"phase10_challenger_run","dynamic_goal_ability","open_core","updating","regulation_1x2","log_loss","tournament","within_tournament","euro2016",1.11883194653564,1,51,51,51,1
"phase10_challenger_run","dynamic_goal_ability_elo","open_core","updating","regulation_1x2","log_loss","tournament","within_tournament","euro2016",1.12053748585382,1,51,51,51,1
"phase10_challenger_run","dynamic_goal_ability_elo","open_core","frozen","regulation_1x2","log_loss","tournament","within_tournament","euro2016",1.13088929263316,1,51,51,51,1
"phase10_challenger_run","dynamic_goal_ability","open_core","frozen","regulation_1x2","log_loss","tournament","within_tournament","euro2016",1.13262352496807,1,51,51,51,1
"phase10_challenger_run","poisson_team_ridge","open_core","updating","regulation_scoreline","joint_scoreline_log_loss","tournament","within_tournament","euro2016",2.67466809644217,1,51,51,51,1
"phase10_challenger_run","poisson_team_ridge","open_core","frozen","regulation_scoreline","joint_scoreline_log_loss","tournament","within_tournament","euro2016",2.67621644378146,1,51,51,51,1
"phase10_challenger_run","poisson_team_ridge_elo_dc","open_core","frozen","regulation_scoreline","joint_scoreline_log_loss","tournament","within_tournament","euro2016",2.68240937637171,1,51,51,51,1
"phase10_challenger_run","poisson_team_ridge_elo","open_core","frozen","regulation_scoreline","joint_scoreline_log_loss","tournament","within_tournament","euro2016",2.68264012987767,1,51,51,51,1
"phase10_challenger_run","poisson_team_ridge_elo_bivpois","open_core","frozen","regulation_scoreline","joint_scoreline_log_loss","tournament","within_tournament","euro2016",2.68264191534799,1,51,51,51,1
"phase10_challenger_run","poisson_team_ridge_elo_dc","open_core","updating","regulation_scoreline","joint_scoreline_log_loss","tournament","within_tournament","euro2016",2.6865446454694,1,51,51,51,1
"phase10_challenger_run","poisson_team_ridge_elo","open_core","updating","regulation_scoreline","joint_scoreline_log_loss","tournament","within_tournament","euro2016",2.68678391423614,1,51,51,51,1
"phase10_challenger_run","poisson_team_ridge_elo_bivpois","open_core","updating","regulation_scoreline","joint_scoreline_log_loss","tournament","within_tournament","euro2016",2.68678646088053,1,51,51,51,1
"phase10_challenger_run","dynamic_goal_ability","open_core","updating","regulation_scoreline","joint_scoreline_log_loss","tournament","within_tournament","euro2016",2.71126842683224,1,51,51,51,1
"phase10_challenger_run","open_nb_elo_only_ablation","open_core","updating","regulation_scoreline","joint_scoreline_log_loss","tournament","within_tournament","euro2016",2.71282319675274,1,51,51,51,1
"phase10_challenger_run","dynamic_goal_ability_elo","open_core","updating","regulation_scoreline","joint_scoreline_log_loss","tournament","within_tournament","euro2016",2.71302014221239,1,51,51,51,1
"phase10_challenger_run","dynamic_goal_ability","open_core","frozen","regulation_scoreline","joint_scoreline_log_loss","tournament","within_tournament","euro2016",2.71881983742062,1,51,51,51,1
"phase10_challenger_run","open_nb_elo_only_ablation","open_core","frozen","regulation_scoreline","joint_scoreline_log_loss","tournament","within_tournament","euro2016",2.71936168055956,1,51,51,51,1
"phase10_challenger_run","dynamic_goal_ability_elo","open_core","frozen","regulation_scoreline","joint_scoreline_log_loss","tournament","within_tournament","euro2016",2.72042438553117,1,51,51,51,1
"phase10_challenger_run","dynamic_goal_ability_elo","open_core","updating","regulation_scoreline","exact_score_hit","tournament","within_tournament","euro2020",0.0980392156862745,1,51,51,51,1
"phase10_challenger_run","dynamic_goal_ability_elo","open_core","frozen","regulation_scoreline","exact_score_hit","tournament","within_tournament","euro2020",0.117647058823529,1,51,51,51,1
"phase10_challenger_run","dynamic_goal_ability","open_core","frozen","regulation_scoreline","exact_score_hit","tournament","within_tournament","euro2020",0.137254901960784,1,51,51,51,1
"phase10_challenger_run","dynamic_goal_ability","open_core","updating","regulation_scoreline","exact_score_hit","tournament","within_tournament","euro2020",0.137254901960784,1,51,51,51,1
"phase10_challenger_run","open_nb_elo_only_ablation","open_core","frozen","regulation_scoreline","exact_score_hit","tournament","within_tournament","euro2020",0.137254901960784,1,51,51,51,1
"phase10_challenger_run","open_nb_elo_only_ablation","open_core","updating","regulation_scoreline","exact_score_hit","tournament","within_tournament","euro2020",0.156862745098039,1,51,51,51,1
"phase10_challenger_run","poisson_team_ridge","open_core","frozen","regulation_scoreline","exact_score_hit","tournament","within_tournament","euro2020",0.176470588235294,1,51,51,51,1
"phase10_challenger_run","poisson_team_ridge_elo","open_core","frozen","regulation_scoreline","exact_score_hit","tournament","within_tournament","euro2020",0.176470588235294,1,51,51,51,1
"phase10_challenger_run","poisson_team_ridge_elo_bivpois","open_core","frozen","regulation_scoreline","exact_score_hit","tournament","within_tournament","euro2020",0.176470588235294,1,51,51,51,1
"phase10_challenger_run","poisson_team_ridge_elo_dc","open_core","updating","regulation_scoreline","exact_score_hit","tournament","within_tournament","euro2020",0.176470588235294,1,51,51,51,1
"phase10_challenger_run","dynamic_goal_ability_elo","open_core","updating","regulation_1x2","rps","tournament","within_tournament","euro2020",0.181415022671178,1,51,51,51,1
"phase10_challenger_run","dynamic_goal_ability","open_core","frozen","regulation_1x2","rps","tournament","within_tournament","euro2020",0.183001833916194,1,51,51,51,1
"phase10_challenger_run","dynamic_goal_ability_elo","open_core","frozen","regulation_1x2","rps","tournament","within_tournament","euro2020",0.183198841667533,1,51,51,51,1
"phase10_challenger_run","dynamic_goal_ability","open_core","updating","regulation_1x2","rps","tournament","within_tournament","euro2020",0.183915775851913,1,51,51,51,1
"phase10_challenger_run","open_nb_elo_only_ablation","open_core","updating","regulation_1x2","rps","tournament","within_tournament","euro2020",0.189704631127993,1,51,51,51,1
"phase10_challenger_run","poisson_team_ridge_elo_bivpois","open_core","updating","regulation_1x2","rps","tournament","within_tournament","euro2020",0.191885327295901,1,51,51,51,1
"phase10_challenger_run","poisson_team_ridge_elo","open_core","updating","regulation_1x2","rps","tournament","within_tournament","euro2020",0.191885405985079,1,51,51,51,1
"phase10_challenger_run","poisson_team_ridge_elo_dc","open_core","updating","regulation_1x2","rps","tournament","within_tournament","euro2020",0.192104748257493,1,51,51,51,1
"phase10_challenger_run","poisson_team_ridge","open_core","updating","regulation_scoreline","exact_score_hit","tournament","within_tournament","euro2020",0.196078431372549,1,51,51,51,1
"phase10_challenger_run","poisson_team_ridge_elo","open_core","updating","regulation_scoreline","exact_score_hit","tournament","within_tournament","euro2020",0.196078431372549,1,51,51,51,1
"phase10_challenger_run","poisson_team_ridge_elo_bivpois","open_core","updating","regulation_scoreline","exact_score_hit","tournament","within_tournament","euro2020",0.196078431372549,1,51,51,51,1
"phase10_challenger_run","poisson_team_ridge_elo_dc","open_core","frozen","regulation_scoreline","exact_score_hit","tournament","within_tournament","euro2020",0.196078431372549,1,51,51,51,1
"phase10_challenger_run","poisson_team_ridge_elo_bivpois","open_core","frozen","regulation_1x2","rps","tournament","within_tournament","euro2020",0.203688887326284,1,51,51,51,1
"phase10_challenger_run","poisson_team_ridge_elo","open_core","frozen","regulation_1x2","rps","tournament","within_tournament","euro2020",0.203689342931898,1,51,51,51,1
"phase10_challenger_run","poisson_team_ridge_elo_dc","open_core","frozen","regulation_1x2","rps","tournament","within_tournament","euro2020",0.203905629940096,1,51,51,51,1
"phase10_challenger_run","poisson_team_ridge","open_core","updating","regulation_1x2","rps","tournament","within_tournament","euro2020",0.205283111318713,1,51,51,51,1
"phase10_challenger_run","poisson_team_ridge","open_core","frozen","regulation_1x2","rps","tournament","within_tournament","euro2020",0.205367592667358,1,51,51,51,1
"phase10_challenger_run","open_nb_elo_only_ablation","open_core","frozen","regulation_1x2","rps","tournament","within_tournament","euro2020",0.220139747557988,1,51,51,51,1
"phase10_challenger_run","dynamic_goal_ability_elo","open_core","frozen","btts","btts_brier","tournament","within_tournament","euro2020",0.240950330418228,1,51,51,51,1
"phase10_challenger_run","dynamic_goal_ability_elo","open_core","frozen","over_2_5","over_2_5_brier","tournament","within_tournament","euro2020",0.242068023484184,1,51,51,51,1
"phase10_challenger_run","dynamic_goal_ability_elo","open_core","frozen","under_2_5","under_2_5_brier","tournament","within_tournament","euro2020",0.242068023484184,1,51,51,51,1
"phase10_challenger_run","dynamic_goal_ability","open_core","frozen","btts","btts_brier","tournament","within_tournament","euro2020",0.24211637766786,1,51,51,51,1
"phase10_challenger_run","dynamic_goal_ability","open_core","frozen","over_2_5","over_2_5_brier","tournament","within_tournament","euro2020",0.242190105301963,1,51,51,51,1
"phase10_challenger_run","dynamic_goal_ability","open_core","frozen","under_2_5","under_2_5_brier","tournament","within_tournament","euro2020",0.242190105301963,1,51,51,51,1
"phase10_challenger_run","dynamic_goal_ability_elo","open_core","updating","btts","btts_brier","tournament","within_tournament","euro2020",0.242619965304636,1,51,51,51,1
"phase10_challenger_run","dynamic_goal_ability","open_core","updating","btts","btts_brier","tournament","within_tournament","euro2020",0.244670223974878,1,51,51,51,1
"phase10_challenger_run","poisson_team_ridge_elo_bivpois","open_core","updating","btts","btts_brier","tournament","within_tournament","euro2020",0.2447747560655,1,51,51,51,1
"phase10_challenger_run","poisson_team_ridge_elo","open_core","updating","btts","btts_brier","tournament","within_tournament","euro2020",0.244775275979424,1,51,51,51,1
"phase10_challenger_run","poisson_team_ridge_elo_dc","open_core","updating","btts","btts_brier","tournament","within_tournament","euro2020",0.244969649128562,1,51,51,51,1
"phase10_challenger_run","dynamic_goal_ability","open_core","updating","over_2_5","over_2_5_brier","tournament","within_tournament","euro2020",0.245051279451731,1,51,51,51,1
"phase10_challenger_run","dynamic_goal_ability","open_core","updating","under_2_5","under_2_5_brier","tournament","within_tournament","euro2020",0.245051279451731,1,51,51,51,1
"phase10_challenger_run","open_nb_elo_only_ablation","open_core","updating","btts","btts_brier","tournament","within_tournament","euro2020",0.245986774421576,1,51,51,51,1
"phase10_challenger_run","dynamic_goal_ability_elo","open_core","updating","over_2_5","over_2_5_brier","tournament","within_tournament","euro2020",0.246056524763725,1,51,51,51,1
"phase10_challenger_run","dynamic_goal_ability_elo","open_core","updating","under_2_5","under_2_5_brier","tournament","within_tournament","euro2020",0.246056524763725,1,51,51,51,1
"phase10_challenger_run","open_nb_elo_only_ablation","open_core","frozen","btts","btts_brier","tournament","within_tournament","euro2020",0.249334634754513,1,51,51,51,1
"phase10_challenger_run","open_nb_elo_only_ablation","open_core","frozen","over_2_5","over_2_5_brier","tournament","within_tournament","euro2020",0.252137686424297,1,51,51,51,1
"phase10_challenger_run","open_nb_elo_only_ablation","open_core","frozen","under_2_5","under_2_5_brier","tournament","within_tournament","euro2020",0.252137686424297,1,51,51,51,1
"phase10_challenger_run","poisson_team_ridge_elo_dc","open_core","frozen","btts","btts_brier","tournament","within_tournament","euro2020",0.253796039728195,1,51,51,51,1
"phase10_challenger_run","poisson_team_ridge_elo_bivpois","open_core","frozen","btts","btts_brier","tournament","within_tournament","euro2020",0.253844074124017,1,51,51,51,1
"phase10_challenger_run","poisson_team_ridge_elo","open_core","frozen","btts","btts_brier","tournament","within_tournament","euro2020",0.253844264818442,1,51,51,51,1
"phase10_challenger_run","open_nb_elo_only_ablation","open_core","updating","over_2_5","over_2_5_brier","tournament","within_tournament","euro2020",0.256460912410838,1,51,51,51,1
"phase10_challenger_run","open_nb_elo_only_ablation","open_core","updating","under_2_5","under_2_5_brier","tournament","within_tournament","euro2020",0.256460912410838,1,51,51,51,1
"phase10_challenger_run","poisson_team_ridge","open_core","frozen","over_2_5","over_2_5_brier","tournament","within_tournament","euro2020",0.258376353406546,1,51,51,51,1
"phase10_challenger_run","poisson_team_ridge","open_core","frozen","under_2_5","under_2_5_brier","tournament","within_tournament","euro2020",0.258376353406546,1,51,51,51,1
"phase10_challenger_run","poisson_team_ridge","open_core","updating","over_2_5","over_2_5_brier","tournament","within_tournament","euro2020",0.258447203237742,1,51,51,51,1
"phase10_challenger_run","poisson_team_ridge","open_core","updating","under_2_5","under_2_5_brier","tournament","within_tournament","euro2020",0.258447203237742,1,51,51,51,1
"phase10_challenger_run","poisson_team_ridge","open_core","updating","btts","btts_brier","tournament","within_tournament","euro2020",0.259310771507285,1,51,51,51,1
"phase10_challenger_run","poisson_team_ridge","open_core","frozen","btts","btts_brier","tournament","within_tournament","euro2020",0.259333292639166,1,51,51,51,1
"phase10_challenger_run","poisson_team_ridge_elo_bivpois","open_core","frozen","over_2_5","over_2_5_brier","tournament","within_tournament","euro2020",0.263596080532946,1,51,51,51,1
"phase10_challenger_run","poisson_team_ridge_elo_bivpois","open_core","frozen","under_2_5","under_2_5_brier","tournament","within_tournament","euro2020",0.263596080532946,1,51,51,51,1
"phase10_challenger_run","poisson_team_ridge_elo","open_core","frozen","over_2_5","over_2_5_brier","tournament","within_tournament","euro2020",0.26359659672334,1,51,51,51,1
"phase10_challenger_run","poisson_team_ridge_elo_dc","open_core","frozen","over_2_5","over_2_5_brier","tournament","within_tournament","euro2020",0.26359659672334,1,51,51,51,1
"phase10_challenger_run","poisson_team_ridge_elo","open_core","frozen","under_2_5","under_2_5_brier","tournament","within_tournament","euro2020",0.26359659672334,1,51,51,51,1
"phase10_challenger_run","poisson_team_ridge_elo_dc","open_core","frozen","under_2_5","under_2_5_brier","tournament","within_tournament","euro2020",0.26359659672334,1,51,51,51,1
"phase10_challenger_run","poisson_team_ridge_elo_bivpois","open_core","updating","over_2_5","over_2_5_brier","tournament","within_tournament","euro2020",0.275997901162971,1,51,51,51,1
"phase10_challenger_run","poisson_team_ridge_elo_bivpois","open_core","updating","under_2_5","under_2_5_brier","tournament","within_tournament","euro2020",0.275997901162971,1,51,51,51,1
"phase10_challenger_run","poisson_team_ridge_elo","open_core","updating","over_2_5","over_2_5_brier","tournament","within_tournament","euro2020",0.275998532377931,1,51,51,51,1
"phase10_challenger_run","poisson_team_ridge_elo_dc","open_core","updating","over_2_5","over_2_5_brier","tournament","within_tournament","euro2020",0.275998532377931,1,51,51,51,1
"phase10_challenger_run","poisson_team_ridge_elo","open_core","updating","under_2_5","under_2_5_brier","tournament","within_tournament","euro2020",0.275998532377931,1,51,51,51,1
"phase10_challenger_run","poisson_team_ridge_elo_dc","open_core","updating","under_2_5","under_2_5_brier","tournament","within_tournament","euro2020",0.275998532377931,1,51,51,51,1
"phase10_challenger_run","open_nb_elo_only_ablation","open_core","frozen","regulation_1x2","winner_pick_accuracy","tournament","within_tournament","euro2020",0.431372549019608,1,51,51,51,1
"phase10_challenger_run","poisson_team_ridge","open_core","frozen","regulation_1x2","winner_pick_accuracy","tournament","within_tournament","euro2020",0.450980392156863,1,51,51,51,1
"phase10_challenger_run","poisson_team_ridge","open_core","updating","regulation_1x2","winner_pick_accuracy","tournament","within_tournament","euro2020",0.450980392156863,1,51,51,51,1
"phase10_challenger_run","poisson_team_ridge_elo","open_core","frozen","regulation_1x2","winner_pick_accuracy","tournament","within_tournament","euro2020",0.490196078431373,1,51,51,51,1
"phase10_challenger_run","poisson_team_ridge_elo_bivpois","open_core","frozen","regulation_1x2","winner_pick_accuracy","tournament","within_tournament","euro2020",0.490196078431373,1,51,51,51,1
"phase10_challenger_run","poisson_team_ridge_elo_dc","open_core","frozen","regulation_1x2","winner_pick_accuracy","tournament","within_tournament","euro2020",0.490196078431373,1,51,51,51,1
"phase10_challenger_run","dynamic_goal_ability_elo","open_core","frozen","away_goals","away_goal_rps","tournament","within_tournament","euro2020",0.494731955526463,1,51,51,51,1
"phase10_challenger_run","dynamic_goal_ability_elo","open_core","updating","away_goals","away_goal_rps","tournament","within_tournament","euro2020",0.496204976520746,1,51,51,51,1
"phase10_challenger_run","dynamic_goal_ability","open_core","frozen","away_goals","away_goal_rps","tournament","within_tournament","euro2020",0.49727332532055,1,51,51,51,1
"phase10_challenger_run","dynamic_goal_ability","open_core","updating","away_goals","away_goal_rps","tournament","within_tournament","euro2020",0.506226114361896,1,51,51,51,1
"phase10_challenger_run","poisson_team_ridge_elo","open_core","updating","away_goals","away_goal_rps","tournament","within_tournament","euro2020",0.508769490788871,1,51,51,51,1
"phase10_challenger_run","poisson_team_ridge_elo_bivpois","open_core","updating","away_goals","away_goal_rps","tournament","within_tournament","euro2020",0.508769490788871,1,51,51,51,1
"phase10_challenger_run","poisson_team_ridge_elo_dc","open_core","updating","away_goals","away_goal_rps","tournament","within_tournament","euro2020",0.508769490788871,1,51,51,51,1
"phase10_challenger_run","poisson_team_ridge_elo","open_core","updating","regulation_1x2","winner_pick_accuracy","tournament","within_tournament","euro2020",0.509803921568627,1,51,51,51,1
"phase10_challenger_run","poisson_team_ridge_elo_bivpois","open_core","updating","regulation_1x2","winner_pick_accuracy","tournament","within_tournament","euro2020",0.509803921568627,1,51,51,51,1
"phase10_challenger_run","poisson_team_ridge_elo_dc","open_core","updating","regulation_1x2","winner_pick_accuracy","tournament","within_tournament","euro2020",0.509803921568627,1,51,51,51,1
"phase10_challenger_run","open_nb_elo_only_ablation","open_core","updating","away_goals","away_goal_rps","tournament","within_tournament","euro2020",0.528583545437271,1,51,51,51,1
"phase10_challenger_run","dynamic_goal_ability_elo","open_core","frozen","regulation_1x2","winner_pick_accuracy","tournament","within_tournament","euro2020",0.529411764705882,1,51,51,51,1
"phase10_challenger_run","dynamic_goal_ability","open_core","frozen","regulation_1x2","winner_pick_accuracy","tournament","within_tournament","euro2020",0.549019607843137,1,51,51,51,1
"phase10_challenger_run","open_nb_elo_only_ablation","open_core","updating","regulation_1x2","winner_pick_accuracy","tournament","within_tournament","euro2020",0.549019607843137,1,51,51,51,1
"phase10_challenger_run","poisson_team_ridge_elo","open_core","frozen","away_goals","away_goal_rps","tournament","within_tournament","euro2020",0.551895766369402,1,51,51,51,1
"phase10_challenger_run","poisson_team_ridge_elo_bivpois","open_core","frozen","away_goals","away_goal_rps","tournament","within_tournament","euro2020",0.551895766369402,1,51,51,51,1
"phase10_challenger_run","poisson_team_ridge_elo_dc","open_core","frozen","away_goals","away_goal_rps","tournament","within_tournament","euro2020",0.551895766369402,1,51,51,51,1
"phase10_challenger_run","poisson_team_ridge","open_core","frozen","away_goals","away_goal_rps","tournament","within_tournament","euro2020",0.569253713208014,1,51,51,51,1
"phase10_challenger_run","poisson_team_ridge","open_core","updating","away_goals","away_goal_rps","tournament","within_tournament","euro2020",0.571627565854142,1,51,51,51,1
"phase10_challenger_run","dynamic_goal_ability_elo","open_core","frozen","regulation_1x2","brier","tournament","within_tournament","euro2020",0.580651490478415,1,51,51,51,1
"phase10_challenger_run","dynamic_goal_ability","open_core","frozen","regulation_1x2","brier","tournament","within_tournament","euro2020",0.580832922715154,1,51,51,51,1
"phase10_challenger_run","dynamic_goal_ability_elo","open_core","updating","regulation_1x2","brier","tournament","within_tournament","euro2020",0.581996037157802,1,51,51,51,1
"phase10_challenger_run","dynamic_goal_ability","open_core","updating","regulation_1x2","brier","tournament","within_tournament","euro2020",0.58449379252684,1,51,51,51,1
"phase10_challenger_run","dynamic_goal_ability","open_core","updating","regulation_1x2","winner_pick_accuracy","tournament","within_tournament","euro2020",0.588235294117647,1,51,51,51,1
"phase10_challenger_run","open_nb_elo_only_ablation","open_core","frozen","away_goals","away_goal_rps","tournament","within_tournament","euro2020",0.589638423646123,1,51,51,51,1
"phase10_challenger_run","open_nb_elo_only_ablation","open_core","updating","regulation_1x2","brier","tournament","within_tournament","euro2020",0.604897078439855,1,51,51,51,1
"phase10_challenger_run","dynamic_goal_ability_elo","open_core","updating","regulation_1x2","winner_pick_accuracy","tournament","within_tournament","euro2020",0.607843137254902,1,51,51,51,1
"phase10_challenger_run","poisson_team_ridge_elo_bivpois","open_core","updating","regulation_1x2","brier","tournament","within_tournament","euro2020",0.612507446386693,1,51,51,51,1
"phase10_challenger_run","poisson_team_ridge_elo","open_core","updating","regulation_1x2","brier","tournament","within_tournament","euro2020",0.612508143788189,1,51,51,51,1
"phase10_challenger_run","poisson_team_ridge_elo_dc","open_core","updating","regulation_1x2","brier","tournament","within_tournament","euro2020",0.613824197422674,1,51,51,51,1
"phase10_challenger_run","poisson_team_ridge_elo_bivpois","open_core","frozen","regulation_1x2","brier","tournament","within_tournament","euro2020",0.625245235083608,1,51,51,51,1
"phase10_challenger_run","poisson_team_ridge_elo","open_core","frozen","regulation_1x2","brier","tournament","within_tournament","euro2020",0.625247207519763,1,51,51,51,1
"phase10_challenger_run","poisson_team_ridge_elo_dc","open_core","frozen","regulation_1x2","brier","tournament","within_tournament","euro2020",0.626544929568951,1,51,51,51,1
"phase10_challenger_run","poisson_team_ridge","open_core","updating","regulation_1x2","brier","tournament","within_tournament","euro2020",0.62889614924852,1,51,51,51,1
"phase10_challenger_run","poisson_team_ridge","open_core","frozen","regulation_1x2","brier","tournament","within_tournament","euro2020",0.628983213681437,1,51,51,51,1
"phase10_challenger_run","dynamic_goal_ability_elo","open_core","updating","home_goals","home_goal_rps","tournament","within_tournament","euro2020",0.64000271827206,1,51,51,51,1
"phase10_challenger_run","dynamic_goal_ability","open_core","frozen","home_goals","home_goal_rps","tournament","within_tournament","euro2020",0.641483368658772,1,51,51,51,1
"phase10_challenger_run","dynamic_goal_ability_elo","open_core","frozen","home_goals","home_goal_rps","tournament","within_tournament","euro2020",0.642826132628167,1,51,51,51,1
"phase10_challenger_run","dynamic_goal_ability","open_core","updating","home_goals","home_goal_rps","tournament","within_tournament","euro2020",0.643001817055609,1,51,51,51,1
"phase10_challenger_run","open_nb_elo_only_ablation","open_core","frozen","regulation_1x2","brier","tournament","within_tournament","euro2020",0.655909123473664,1,51,51,51,1
"phase10_challenger_run","open_nb_elo_only_ablation","open_core","updating","home_goals","home_goal_rps","tournament","within_tournament","euro2020",0.660518985190146,1,51,51,51,1
"phase10_challenger_run","dynamic_goal_ability_elo","open_core","frozen","btts","btts_log_loss","tournament","within_tournament","euro2020",0.67386475538263,1,51,51,51,1
"phase10_challenger_run","poisson_team_ridge","open_core","updating","home_goals","home_goal_rps","tournament","within_tournament","euro2020",0.675789602529366,1,51,51,51,1
"phase10_challenger_run","dynamic_goal_ability_elo","open_core","frozen","over_2_5","over_2_5_log_loss","tournament","within_tournament","euro2020",0.676105508344996,1,51,51,51,1
"phase10_challenger_run","dynamic_goal_ability_elo","open_core","frozen","under_2_5","under_2_5_log_loss","tournament","within_tournament","euro2020",0.676105508344996,1,51,51,51,1
"phase10_challenger_run","dynamic_goal_ability","open_core","frozen","btts","btts_log_loss","tournament","within_tournament","euro2020",0.676298496978697,1,51,51,51,1
"phase10_challenger_run","dynamic_goal_ability","open_core","frozen","over_2_5","over_2_5_log_loss","tournament","within_tournament","euro2020",0.676444257691547,1,51,51,51,1
"phase10_challenger_run","dynamic_goal_ability","open_core","frozen","under_2_5","under_2_5_log_loss","tournament","within_tournament","euro2020",0.676444257691547,1,51,51,51,1
"phase10_challenger_run","poisson_team_ridge","open_core","frozen","home_goals","home_goal_rps","tournament","within_tournament","euro2020",0.677073414131096,1,51,51,51,1
"phase10_challenger_run","dynamic_goal_ability_elo","open_core","updating","btts","btts_log_loss","tournament","within_tournament","euro2020",0.677124118556864,1,51,51,51,1
"phase10_challenger_run","dynamic_goal_ability","open_core","updating","btts","btts_log_loss","tournament","within_tournament","euro2020",0.681545175607331,1,51,51,51,1
"phase10_challenger_run","dynamic_goal_ability","open_core","updating","over_2_5","over_2_5_log_loss","tournament","within_tournament","euro2020",0.682137313071898,1,51,51,51,1
"phase10_challenger_run","dynamic_goal_ability","open_core","updating","under_2_5","under_2_5_log_loss","tournament","within_tournament","euro2020",0.682137313071898,1,51,51,51,1
"phase10_challenger_run","poisson_team_ridge_elo_bivpois","open_core","updating","btts","btts_log_loss","tournament","within_tournament","euro2020",0.682698494471283,1,51,51,51,1
"phase10_challenger_run","poisson_team_ridge_elo","open_core","updating","btts","btts_log_loss","tournament","within_tournament","euro2020",0.682699519615668,1,51,51,51,1
"phase10_challenger_run","poisson_team_ridge_elo_dc","open_core","updating","btts","btts_log_loss","tournament","within_tournament","euro2020",0.683074462872684,1,51,51,51,1
"phase10_challenger_run","dynamic_goal_ability_elo","open_core","updating","over_2_5","over_2_5_log_loss","tournament","within_tournament","euro2020",0.684119856549549,1,51,51,51,1
"phase10_challenger_run","dynamic_goal_ability_elo","open_core","updating","under_2_5","under_2_5_log_loss","tournament","within_tournament","euro2020",0.684119856549549,1,51,51,51,1
"phase10_challenger_run","open_nb_elo_only_ablation","open_core","updating","btts","btts_log_loss","tournament","within_tournament","euro2020",0.68446054079805,1,51,51,51,1
"phase10_challenger_run","open_nb_elo_only_ablation","open_core","frozen","home_goals","home_goal_rps","tournament","within_tournament","euro2020",0.688514717248136,1,51,51,51,1
"phase10_challenger_run","open_nb_elo_only_ablation","open_core","frozen","btts","btts_log_loss","tournament","within_tournament","euro2020",0.69159608289596,1,51,51,51,1
"phase10_challenger_run","poisson_team_ridge_elo","open_core","frozen","home_goals","home_goal_rps","tournament","within_tournament","euro2020",0.69197307087585,1,51,51,51,1
"phase10_challenger_run","poisson_team_ridge_elo_bivpois","open_core","frozen","home_goals","home_goal_rps","tournament","within_tournament","euro2020",0.69197307087585,1,51,51,51,1
"phase10_challenger_run","poisson_team_ridge_elo_dc","open_core","frozen","home_goals","home_goal_rps","tournament","within_tournament","euro2020",0.69197307087585,1,51,51,51,1
"phase10_challenger_run","open_nb_elo_only_ablation","open_core","frozen","under_2_5","under_2_5_log_loss","tournament","within_tournament","euro2020",0.697462634776409,1,51,51,51,1
"phase10_challenger_run","open_nb_elo_only_ablation","open_core","frozen","over_2_5","over_2_5_log_loss","tournament","within_tournament","euro2020",0.69746263477641,1,51,51,51,1
"phase10_challenger_run","poisson_team_ridge_elo_dc","open_core","frozen","btts","btts_log_loss","tournament","within_tournament","euro2020",0.70083113694864,1,51,51,51,1
"phase10_challenger_run","poisson_team_ridge_elo_bivpois","open_core","frozen","btts","btts_log_loss","tournament","within_tournament","euro2020",0.700941493456666,1,51,51,51,1
"phase10_challenger_run","poisson_team_ridge_elo","open_core","frozen","btts","btts_log_loss","tournament","within_tournament","euro2020",0.700941856608169,1,51,51,51,1
"phase10_challenger_run","open_nb_elo_only_ablation","open_core","updating","over_2_5","over_2_5_log_loss","tournament","within_tournament","euro2020",0.706134850890506,1,51,51,51,1
"phase10_challenger_run","open_nb_elo_only_ablation","open_core","updating","under_2_5","under_2_5_log_loss","tournament","within_tournament","euro2020",0.706134850890506,1,51,51,51,1
"phase10_challenger_run","poisson_team_ridge_elo","open_core","updating","home_goals","home_goal_rps","tournament","within_tournament","euro2020",0.709526751045693,1,51,51,51,1
"phase10_challenger_run","poisson_team_ridge_elo_bivpois","open_core","updating","home_goals","home_goal_rps","tournament","within_tournament","euro2020",0.709526751045694,1,51,51,51,1
"phase10_challenger_run","poisson_team_ridge_elo_dc","open_core","updating","home_goals","home_goal_rps","tournament","within_tournament","euro2020",0.709526751045694,1,51,51,51,1
"phase10_challenger_run","poisson_team_ridge","open_core","frozen","over_2_5","over_2_5_log_loss","tournament","within_tournament","euro2020",0.709976585965198,1,51,51,51,1
"phase10_challenger_run","poisson_team_ridge","open_core","frozen","under_2_5","under_2_5_log_loss","tournament","within_tournament","euro2020",0.709976585965198,1,51,51,51,1
"phase10_challenger_run","poisson_team_ridge","open_core","updating","over_2_5","over_2_5_log_loss","tournament","within_tournament","euro2020",0.71011193613103,1,51,51,51,1
"phase10_challenger_run","poisson_team_ridge","open_core","updating","under_2_5","under_2_5_log_loss","tournament","within_tournament","euro2020",0.71011193613103,1,51,51,51,1
"phase10_challenger_run","poisson_team_ridge","open_core","updating","btts","btts_log_loss","tournament","within_tournament","euro2020",0.711995590231247,1,51,51,51,1
"phase10_challenger_run","poisson_team_ridge","open_core","frozen","btts","btts_log_loss","tournament","within_tournament","euro2020",0.712018697045314,1,51,51,51,1
"phase10_challenger_run","poisson_team_ridge_elo_bivpois","open_core","frozen","under_2_5","under_2_5_log_loss","tournament","within_tournament","euro2020",0.721515251818778,1,51,51,51,1
"phase10_challenger_run","poisson_team_ridge_elo_bivpois","open_core","frozen","over_2_5","over_2_5_log_loss","tournament","within_tournament","euro2020",0.721515251818779,1,51,51,51,1
"phase10_challenger_run","poisson_team_ridge_elo","open_core","frozen","over_2_5","over_2_5_log_loss","tournament","within_tournament","euro2020",0.721516341785834,1,51,51,51,1
"phase10_challenger_run","poisson_team_ridge_elo_dc","open_core","frozen","over_2_5","over_2_5_log_loss","tournament","within_tournament","euro2020",0.721516341785834,1,51,51,51,1
"phase10_challenger_run","poisson_team_ridge_elo","open_core","frozen","under_2_5","under_2_5_log_loss","tournament","within_tournament","euro2020",0.721516341785834,1,51,51,51,1
"phase10_challenger_run","poisson_team_ridge_elo_dc","open_core","frozen","under_2_5","under_2_5_log_loss","tournament","within_tournament","euro2020",0.721516341785834,1,51,51,51,1
"phase10_challenger_run","poisson_team_ridge_elo_bivpois","open_core","updating","under_2_5","under_2_5_log_loss","tournament","within_tournament","euro2020",0.747244873502236,1,51,51,51,1
"phase10_challenger_run","poisson_team_ridge_elo_bivpois","open_core","updating","over_2_5","over_2_5_log_loss","tournament","within_tournament","euro2020",0.747244873502237,1,51,51,51,1
"phase10_challenger_run","poisson_team_ridge_elo","open_core","updating","over_2_5","over_2_5_log_loss","tournament","within_tournament","euro2020",0.747246283869821,1,51,51,51,1
"phase10_challenger_run","poisson_team_ridge_elo_dc","open_core","updating","over_2_5","over_2_5_log_loss","tournament","within_tournament","euro2020",0.747246283869821,1,51,51,51,1
"phase10_challenger_run","poisson_team_ridge_elo","open_core","updating","under_2_5","under_2_5_log_loss","tournament","within_tournament","euro2020",0.747246283869821,1,51,51,51,1
"phase10_challenger_run","poisson_team_ridge_elo_dc","open_core","updating","under_2_5","under_2_5_log_loss","tournament","within_tournament","euro2020",0.747246283869821,1,51,51,51,1
"phase10_challenger_run","dynamic_goal_ability_elo","open_core","updating","regulation_1x2","log_loss","tournament","within_tournament","euro2020",0.966946847477841,1,51,51,51,1
"phase10_challenger_run","dynamic_goal_ability","open_core","frozen","regulation_1x2","log_loss","tournament","within_tournament","euro2020",0.971764985801038,1,51,51,51,1
"phase10_challenger_run","dynamic_goal_ability_elo","open_core","frozen","regulation_1x2","log_loss","tournament","within_tournament","euro2020",0.97307846228061,1,51,51,51,1
"phase10_challenger_run","dynamic_goal_ability","open_core","updating","regulation_1x2","log_loss","tournament","within_tournament","euro2020",0.973848102976575,1,51,51,51,1
"phase10_challenger_run","open_nb_elo_only_ablation","open_core","updating","regulation_1x2","log_loss","tournament","within_tournament","euro2020",1.00517492406131,1,51,51,51,1
"phase10_challenger_run","poisson_team_ridge_elo_bivpois","open_core","updating","regulation_1x2","log_loss","tournament","within_tournament","euro2020",1.02099426733852,1,51,51,51,1
"phase10_challenger_run","poisson_team_ridge_elo","open_core","updating","regulation_1x2","log_loss","tournament","within_tournament","euro2020",1.02099605658361,1,51,51,51,1
"phase10_challenger_run","poisson_team_ridge_elo_dc","open_core","updating","regulation_1x2","log_loss","tournament","within_tournament","euro2020",1.02403415162873,1,51,51,51,1
"phase10_challenger_run","poisson_team_ridge","open_core","updating","regulation_1x2","log_loss","tournament","within_tournament","euro2020",1.04596918400705,1,51,51,51,1
"phase10_challenger_run","poisson_team_ridge","open_core","frozen","regulation_1x2","log_loss","tournament","within_tournament","euro2020",1.04629216791894,1,51,51,51,1
"phase10_challenger_run","poisson_team_ridge_elo_bivpois","open_core","frozen","regulation_1x2","log_loss","tournament","within_tournament","euro2020",1.05188842047679,1,51,51,51,1
"phase10_challenger_run","poisson_team_ridge_elo","open_core","frozen","regulation_1x2","log_loss","tournament","within_tournament","euro2020",1.05189163610949,1,51,51,51,1
"phase10_challenger_run","poisson_team_ridge_elo_dc","open_core","frozen","regulation_1x2","log_loss","tournament","within_tournament","euro2020",1.05420164662459,1,51,51,51,1
"phase10_challenger_run","open_nb_elo_only_ablation","open_core","frozen","regulation_1x2","log_loss","tournament","within_tournament","euro2020",1.0924674790851,1,51,51,51,1
"phase10_challenger_run","dynamic_goal_ability_elo","open_core","updating","regulation_scoreline","joint_scoreline_log_loss","tournament","within_tournament","euro2020",2.76615983301405,1,51,51,51,1
"phase10_challenger_run","dynamic_goal_ability_elo","open_core","frozen","regulation_scoreline","joint_scoreline_log_loss","tournament","within_tournament","euro2020",2.76843298546152,1,51,51,51,1
"phase10_challenger_run","dynamic_goal_ability","open_core","frozen","regulation_scoreline","joint_scoreline_log_loss","tournament","within_tournament","euro2020",2.76973954023691,1,51,51,51,1
"phase10_challenger_run","dynamic_goal_ability","open_core","updating","regulation_scoreline","joint_scoreline_log_loss","tournament","within_tournament","euro2020",2.78546393045989,1,51,51,51,1
"phase10_challenger_run","open_nb_elo_only_ablation","open_core","updating","regulation_scoreline","joint_scoreline_log_loss","tournament","within_tournament","euro2020",2.85502138621073,1,51,51,51,1
"phase10_challenger_run","poisson_team_ridge_elo_bivpois","open_core","updating","regulation_scoreline","joint_scoreline_log_loss","tournament","within_tournament","euro2020",2.86564696026278,1,51,51,51,1
"phase10_challenger_run","poisson_team_ridge_elo","open_core","updating","regulation_scoreline","joint_scoreline_log_loss","tournament","within_tournament","euro2020",2.86564906854535,1,51,51,51,1
"phase10_challenger_run","poisson_team_ridge_elo_dc","open_core","updating","regulation_scoreline","joint_scoreline_log_loss","tournament","within_tournament","euro2020",2.86742227550105,1,51,51,51,1
"phase10_challenger_run","poisson_team_ridge_elo","open_core","frozen","regulation_scoreline","joint_scoreline_log_loss","tournament","within_tournament","euro2020",2.91130847010505,1,51,51,51,1
"phase10_challenger_run","poisson_team_ridge_elo_bivpois","open_core","frozen","regulation_scoreline","joint_scoreline_log_loss","tournament","within_tournament","euro2020",2.91130908841519,1,51,51,51,1
"phase10_challenger_run","poisson_team_ridge_elo_dc","open_core","frozen","regulation_scoreline","joint_scoreline_log_loss","tournament","within_tournament","euro2020",2.91260453121005,1,51,51,51,1
"phase10_challenger_run","poisson_team_ridge","open_core","frozen","regulation_scoreline","joint_scoreline_log_loss","tournament","within_tournament","euro2020",2.91584775021343,1,51,51,51,1
"phase10_challenger_run","poisson_team_ridge","open_core","updating","regulation_scoreline","joint_scoreline_log_loss","tournament","within_tournament","euro2020",2.91882810346087,1,51,51,51,1
"phase10_challenger_run","open_nb_elo_only_ablation","open_core","frozen","regulation_scoreline","joint_scoreline_log_loss","tournament","within_tournament","euro2020",2.97384224374078,1,51,51,51,1
"phase10_challenger_run","open_nb_elo_only_ablation","open_core","updating","regulation_scoreline","exact_score_hit","tournament","within_tournament","euro2024",0.137254901960784,1,51,51,51,1
"phase10_challenger_run","poisson_team_ridge_elo_dc","open_core","updating","regulation_scoreline","exact_score_hit","tournament","within_tournament","euro2024",0.137254901960784,1,51,51,51,1
"phase10_challenger_run","poisson_team_ridge_elo","open_core","updating","regulation_scoreline","exact_score_hit","tournament","within_tournament","euro2024",0.156862745098039,1,51,51,51,1
"phase10_challenger_run","poisson_team_ridge_elo_bivpois","open_core","updating","regulation_scoreline","exact_score_hit","tournament","within_tournament","euro2024",0.156862745098039,1,51,51,51,1
"phase10_challenger_run","dynamic_goal_ability","open_core","frozen","regulation_scoreline","exact_score_hit","tournament","within_tournament","euro2024",0.176470588235294,1,51,51,51,1
"phase10_challenger_run","dynamic_goal_ability","open_core","updating","regulation_scoreline","exact_score_hit","tournament","within_tournament","euro2024",0.176470588235294,1,51,51,51,1
"phase10_challenger_run","dynamic_goal_ability_elo","open_core","updating","regulation_scoreline","exact_score_hit","tournament","within_tournament","euro2024",0.176470588235294,1,51,51,51,1
"phase10_challenger_run","poisson_team_ridge_elo_bivpois","open_core","updating","regulation_1x2","rps","tournament","within_tournament","euro2024",0.19399557447534,1,51,51,51,1
"phase10_challenger_run","poisson_team_ridge_elo","open_core","updating","regulation_1x2","rps","tournament","within_tournament","euro2024",0.194013262435562,1,51,51,51,1
"phase10_challenger_run","poisson_team_ridge_elo_dc","open_core","updating","regulation_1x2","rps","tournament","within_tournament","euro2024",0.194228013824881,1,51,51,51,1
"phase10_challenger_run","dynamic_goal_ability_elo","open_core","frozen","regulation_scoreline","exact_score_hit","tournament","within_tournament","euro2024",0.196078431372549,1,51,51,51,1
"phase10_challenger_run","dynamic_goal_ability_elo","open_core","updating","regulation_1x2","rps","tournament","within_tournament","euro2024",0.196383874647765,1,51,51,51,1
"phase10_challenger_run","dynamic_goal_ability_elo","open_core","frozen","regulation_1x2","rps","tournament","within_tournament","euro2024",0.197264459899282,1,51,51,51,1
"phase10_challenger_run","dynamic_goal_ability","open_core","updating","regulation_1x2","rps","tournament","within_tournament","euro2024",0.19746150941383,1,51,51,51,1
"phase10_challenger_run","poisson_team_ridge_elo_bivpois","open_core","frozen","regulation_1x2","rps","tournament","within_tournament","euro2024",0.197894258506787,1,51,51,51,1
"phase10_challenger_run","poisson_team_ridge_elo","open_core","frozen","regulation_1x2","rps","tournament","within_tournament","euro2024",0.197933323690461,1,51,51,51,1
"phase10_challenger_run","poisson_team_ridge_elo_dc","open_core","frozen","regulation_1x2","rps","tournament","within_tournament","euro2024",0.198136480328643,1,51,51,51,1
"phase10_challenger_run","dynamic_goal_ability","open_core","frozen","regulation_1x2","rps","tournament","within_tournament","euro2024",0.198615426451627,1,51,51,51,1
"phase10_challenger_run","open_nb_elo_only_ablation","open_core","updating","regulation_1x2","rps","tournament","within_tournament","euro2024",0.1999178553363,1,51,51,51,1
"phase10_challenger_run","poisson_team_ridge","open_core","updating","regulation_1x2","rps","tournament","within_tournament","euro2024",0.202399957670409,1,51,51,51,1
"phase10_challenger_run","poisson_team_ridge","open_core","frozen","regulation_1x2","rps","tournament","within_tournament","euro2024",0.202859205821026,1,51,51,51,1
"phase10_challenger_run","open_nb_elo_only_ablation","open_core","frozen","regulation_1x2","rps","tournament","within_tournament","euro2024",0.20926803331791,1,51,51,51,1
"phase10_challenger_run","poisson_team_ridge","open_core","frozen","regulation_scoreline","exact_score_hit","tournament","within_tournament","euro2024",0.235294117647059,1,51,51,51,1
"phase10_challenger_run","poisson_team_ridge","open_core","updating","regulation_scoreline","exact_score_hit","tournament","within_tournament","euro2024",0.235294117647059,1,51,51,51,1
"phase10_challenger_run","open_nb_elo_only_ablation","open_core","frozen","over_2_5","over_2_5_brier","tournament","within_tournament","euro2024",0.238357398868125,1,51,51,51,1
"phase10_challenger_run","open_nb_elo_only_ablation","open_core","frozen","under_2_5","under_2_5_brier","tournament","within_tournament","euro2024",0.238357398868125,1,51,51,51,1
"phase10_challenger_run","open_nb_elo_only_ablation","open_core","updating","over_2_5","over_2_5_brier","tournament","within_tournament","euro2024",0.243674597643912,1,51,51,51,1
"phase10_challenger_run","open_nb_elo_only_ablation","open_core","updating","under_2_5","under_2_5_brier","tournament","within_tournament","euro2024",0.243674597643912,1,51,51,51,1
"phase10_challenger_run","dynamic_goal_ability","open_core","frozen","btts","btts_brier","tournament","within_tournament","euro2024",0.244917284812828,1,51,51,51,1
"phase10_challenger_run","dynamic_goal_ability_elo","open_core","frozen","btts","btts_brier","tournament","within_tournament","euro2024",0.245134542054968,1,51,51,51,1
"phase10_challenger_run","dynamic_goal_ability","open_core","updating","over_2_5","over_2_5_brier","tournament","within_tournament","euro2024",0.245311002444671,1,51,51,51,1
"phase10_challenger_run","dynamic_goal_ability","open_core","updating","under_2_5","under_2_5_brier","tournament","within_tournament","euro2024",0.245311002444672,1,51,51,51,1
"phase10_challenger_run","dynamic_goal_ability_elo","open_core","frozen","over_2_5","over_2_5_brier","tournament","within_tournament","euro2024",0.246476722695022,1,51,51,51,1
"phase10_challenger_run","dynamic_goal_ability_elo","open_core","frozen","under_2_5","under_2_5_brier","tournament","within_tournament","euro2024",0.246476722695022,1,51,51,51,1
"phase10_challenger_run","dynamic_goal_ability","open_core","frozen","over_2_5","over_2_5_brier","tournament","within_tournament","euro2024",0.246646568361785,1,51,51,51,1
"phase10_challenger_run","dynamic_goal_ability","open_core","frozen","under_2_5","under_2_5_brier","tournament","within_tournament","euro2024",0.246646568361785,1,51,51,51,1
"phase10_challenger_run","dynamic_goal_ability_elo","open_core","updating","btts","btts_brier","tournament","within_tournament","euro2024",0.247836643140098,1,51,51,51,1
"phase10_challenger_run","dynamic_goal_ability","open_core","updating","btts","btts_brier","tournament","within_tournament","euro2024",0.247917774062978,1,51,51,51,1
"phase10_challenger_run","dynamic_goal_ability_elo","open_core","updating","over_2_5","over_2_5_brier","tournament","within_tournament","euro2024",0.248017666448597,1,51,51,51,1
"phase10_challenger_run","dynamic_goal_ability_elo","open_core","updating","under_2_5","under_2_5_brier","tournament","within_tournament","euro2024",0.248017666448597,1,51,51,51,1
"phase10_challenger_run","poisson_team_ridge_elo_bivpois","open_core","frozen","over_2_5","over_2_5_brier","tournament","within_tournament","euro2024",0.248967658849531,1,51,51,51,1
"phase10_challenger_run","poisson_team_ridge_elo_bivpois","open_core","frozen","under_2_5","under_2_5_brier","tournament","within_tournament","euro2024",0.248967658849531,1,51,51,51,1
"phase10_challenger_run","poisson_team_ridge_elo","open_core","frozen","over_2_5","over_2_5_brier","tournament","within_tournament","euro2024",0.248995561187426,1,51,51,51,1
"phase10_challenger_run","poisson_team_ridge_elo_dc","open_core","frozen","over_2_5","over_2_5_brier","tournament","within_tournament","euro2024",0.248995561187426,1,51,51,51,1
"phase10_challenger_run","poisson_team_ridge_elo","open_core","frozen","under_2_5","under_2_5_brier","tournament","within_tournament","euro2024",0.248995561187426,1,51,51,51,1
"phase10_challenger_run","poisson_team_ridge_elo_dc","open_core","frozen","under_2_5","under_2_5_brier","tournament","within_tournament","euro2024",0.248995561187426,1,51,51,51,1
"phase10_challenger_run","poisson_team_ridge_elo_bivpois","open_core","updating","btts","btts_brier","tournament","within_tournament","euro2024",0.249576209121613,1,51,51,51,1
"phase10_challenger_run","poisson_team_ridge_elo","open_core","updating","btts","btts_brier","tournament","within_tournament","euro2024",0.249622762540401,1,51,51,51,1
"phase10_challenger_run","poisson_team_ridge_elo_dc","open_core","updating","btts","btts_brier","tournament","within_tournament","euro2024",0.249906699299821,1,51,51,51,1
"phase10_challenger_run","poisson_team_ridge","open_core","updating","btts","btts_brier","tournament","within_tournament","euro2024",0.250656772934162,1,51,51,51,1
"phase10_challenger_run","poisson_team_ridge","open_core","frozen","btts","btts_brier","tournament","within_tournament","euro2024",0.250672685552468,1,51,51,51,1
"phase10_challenger_run","poisson_team_ridge","open_core","updating","over_2_5","over_2_5_brier","tournament","within_tournament","euro2024",0.250959726868596,1,51,51,51,1
"phase10_challenger_run","poisson_team_ridge","open_core","updating","under_2_5","under_2_5_brier","tournament","within_tournament","euro2024",0.250959726868596,1,51,51,51,1
"phase10_challenger_run","poisson_team_ridge","open_core","frozen","over_2_5","over_2_5_brier","tournament","within_tournament","euro2024",0.251333150986645,1,51,51,51,1
"phase10_challenger_run","poisson_team_ridge","open_core","frozen","under_2_5","under_2_5_brier","tournament","within_tournament","euro2024",0.251333150986645,1,51,51,51,1
"phase10_challenger_run","poisson_team_ridge_elo_bivpois","open_core","frozen","btts","btts_brier","tournament","within_tournament","euro2024",0.251695008822583,1,51,51,51,1
"phase10_challenger_run","poisson_team_ridge_elo","open_core","frozen","btts","btts_brier","tournament","within_tournament","euro2024",0.251734606411103,1,51,51,51,1
"phase10_challenger_run","poisson_team_ridge_elo_dc","open_core","frozen","btts","btts_brier","tournament","within_tournament","euro2024",0.251955168067353,1,51,51,51,1
"phase10_challenger_run","open_nb_elo_only_ablation","open_core","frozen","regulation_scoreline","exact_score_hit","tournament","within_tournament","euro2024",0.254901960784314,1,51,51,51,1
"phase10_challenger_run","poisson_team_ridge_elo","open_core","frozen","regulation_scoreline","exact_score_hit","tournament","within_tournament","euro2024",0.254901960784314,1,51,51,51,1
"phase10_challenger_run","poisson_team_ridge_elo_bivpois","open_core","frozen","regulation_scoreline","exact_score_hit","tournament","within_tournament","euro2024",0.254901960784314,1,51,51,51,1
"phase10_challenger_run","poisson_team_ridge_elo_dc","open_core","frozen","regulation_scoreline","exact_score_hit","tournament","within_tournament","euro2024",0.254901960784314,1,51,51,51,1
"phase10_challenger_run","poisson_team_ridge_elo_bivpois","open_core","updating","over_2_5","over_2_5_brier","tournament","within_tournament","euro2024",0.256095668458757,1,51,51,51,1
"phase10_challenger_run","poisson_team_ridge_elo_bivpois","open_core","updating","under_2_5","under_2_5_brier","tournament","within_tournament","euro2024",0.256095668458757,1,51,51,51,1
"phase10_challenger_run","poisson_team_ridge_elo","open_core","updating","over_2_5","over_2_5_brier","tournament","within_tournament","euro2024",0.256124368431544,1,51,51,51,1
"phase10_challenger_run","poisson_team_ridge_elo_dc","open_core","updating","over_2_5","over_2_5_brier","tournament","within_tournament","euro2024",0.256124368431544,1,51,51,51,1
"phase10_challenger_run","poisson_team_ridge_elo","open_core","updating","under_2_5","under_2_5_brier","tournament","within_tournament","euro2024",0.256124368431544,1,51,51,51,1
"phase10_challenger_run","poisson_team_ridge_elo_dc","open_core","updating","under_2_5","under_2_5_brier","tournament","within_tournament","euro2024",0.256124368431544,1,51,51,51,1
"phase10_challenger_run","open_nb_elo_only_ablation","open_core","frozen","btts","btts_brier","tournament","within_tournament","euro2024",0.260093603736559,1,51,51,51,1
"phase10_challenger_run","open_nb_elo_only_ablation","open_core","updating","btts","btts_brier","tournament","within_tournament","euro2024",0.260627861516028,1,51,51,51,1
"phase10_challenger_run","open_nb_elo_only_ablation","open_core","frozen","regulation_1x2","winner_pick_accuracy","tournament","within_tournament","euro2024",0.392156862745098,1,51,51,51,1
"phase10_challenger_run","dynamic_goal_ability_elo","open_core","frozen","regulation_1x2","winner_pick_accuracy","tournament","within_tournament","euro2024",0.411764705882353,1,51,51,51,1
"phase10_challenger_run","dynamic_goal_ability","open_core","frozen","regulation_1x2","winner_pick_accuracy","tournament","within_tournament","euro2024",0.431372549019608,1,51,51,51,1
"phase10_challenger_run","dynamic_goal_ability","open_core","updating","regulation_1x2","winner_pick_accuracy","tournament","within_tournament","euro2024",0.450980392156863,1,51,51,51,1
"phase10_challenger_run","dynamic_goal_ability_elo","open_core","updating","regulation_1x2","winner_pick_accuracy","tournament","within_tournament","euro2024",0.470588235294118,1,51,51,51,1
"phase10_challenger_run","open_nb_elo_only_ablation","open_core","updating","regulation_1x2","winner_pick_accuracy","tournament","within_tournament","euro2024",0.470588235294118,1,51,51,51,1
"phase10_challenger_run","poisson_team_ridge","open_core","updating","regulation_1x2","winner_pick_accuracy","tournament","within_tournament","euro2024",0.470588235294118,1,51,51,51,1
"phase10_challenger_run","poisson_team_ridge","open_core","updating","away_goals","away_goal_rps","tournament","within_tournament","euro2024",0.478987482161331,1,51,51,51,1
"phase10_challenger_run","poisson_team_ridge","open_core","frozen","away_goals","away_goal_rps","tournament","within_tournament","euro2024",0.48036042463036,1,51,51,51,1
"phase10_challenger_run","dynamic_goal_ability","open_core","updating","away_goals","away_goal_rps","tournament","within_tournament","euro2024",0.486085967498254,1,51,51,51,1
"phase10_challenger_run","dynamic_goal_ability","open_core","frozen","away_goals","away_goal_rps","tournament","within_tournament","euro2024",0.488280509297499,1,51,51,51,1
"phase10_challenger_run","poisson_team_ridge_elo","open_core","frozen","away_goals","away_goal_rps","tournament","within_tournament","euro2024",0.48992888681783,1,51,51,51,1
"phase10_challenger_run","poisson_team_ridge_elo_bivpois","open_core","frozen","away_goals","away_goal_rps","tournament","within_tournament","euro2024",0.48992888681783,1,51,51,51,1
"phase10_challenger_run","poisson_team_ridge_elo_dc","open_core","frozen","away_goals","away_goal_rps","tournament","within_tournament","euro2024",0.48992888681783,1,51,51,51,1
"phase10_challenger_run","poisson_team_ridge","open_core","frozen","regulation_1x2","winner_pick_accuracy","tournament","within_tournament","euro2024",0.490196078431373,1,51,51,51,1
"phase10_challenger_run","poisson_team_ridge_elo","open_core","frozen","regulation_1x2","winner_pick_accuracy","tournament","within_tournament","euro2024",0.490196078431373,1,51,51,51,1
"phase10_challenger_run","poisson_team_ridge_elo","open_core","updating","regulation_1x2","winner_pick_accuracy","tournament","within_tournament","euro2024",0.490196078431373,1,51,51,51,1
"phase10_challenger_run","poisson_team_ridge_elo_bivpois","open_core","frozen","regulation_1x2","winner_pick_accuracy","tournament","within_tournament","euro2024",0.490196078431373,1,51,51,51,1
"phase10_challenger_run","poisson_team_ridge_elo_bivpois","open_core","updating","regulation_1x2","winner_pick_accuracy","tournament","within_tournament","euro2024",0.490196078431373,1,51,51,51,1
"phase10_challenger_run","poisson_team_ridge_elo_dc","open_core","frozen","regulation_1x2","winner_pick_accuracy","tournament","within_tournament","euro2024",0.490196078431373,1,51,51,51,1
"phase10_challenger_run","poisson_team_ridge_elo_dc","open_core","updating","regulation_1x2","winner_pick_accuracy","tournament","within_tournament","euro2024",0.490196078431373,1,51,51,51,1
"phase10_challenger_run","dynamic_goal_ability_elo","open_core","frozen","away_goals","away_goal_rps","tournament","within_tournament","euro2024",0.491798468078616,1,51,51,51,1
"phase10_challenger_run","open_nb_elo_only_ablation","open_core","frozen","away_goals","away_goal_rps","tournament","within_tournament","euro2024",0.49200116847562,1,51,51,51,1
"phase10_challenger_run","dynamic_goal_ability_elo","open_core","updating","away_goals","away_goal_rps","tournament","within_tournament","euro2024",0.49651073564858,1,51,51,51,1
"phase10_challenger_run","poisson_team_ridge_elo","open_core","updating","away_goals","away_goal_rps","tournament","within_tournament","euro2024",0.498199256737577,1,51,51,51,1
"phase10_challenger_run","poisson_team_ridge_elo_bivpois","open_core","updating","away_goals","away_goal_rps","tournament","within_tournament","euro2024",0.498199256737577,1,51,51,51,1
"phase10_challenger_run","poisson_team_ridge_elo_dc","open_core","updating","away_goals","away_goal_rps","tournament","within_tournament","euro2024",0.498199256737577,1,51,51,51,1
"phase10_challenger_run","open_nb_elo_only_ablation","open_core","updating","away_goals","away_goal_rps","tournament","within_tournament","euro2024",0.501624667124821,1,51,51,51,1
"phase10_challenger_run","poisson_team_ridge_elo","open_core","updating","home_goals","home_goal_rps","tournament","within_tournament","euro2024",0.50365928943055,1,51,51,51,1
"phase10_challenger_run","poisson_team_ridge_elo_bivpois","open_core","updating","home_goals","home_goal_rps","tournament","within_tournament","euro2024",0.50365928943055,1,51,51,51,1
"phase10_challenger_run","poisson_team_ridge_elo_dc","open_core","updating","home_goals","home_goal_rps","tournament","within_tournament","euro2024",0.50365928943055,1,51,51,51,1
"phase10_challenger_run","dynamic_goal_ability_elo","open_core","updating","home_goals","home_goal_rps","tournament","within_tournament","euro2024",0.511462123224119,1,51,51,51,1
"phase10_challenger_run","open_nb_elo_only_ablation","open_core","updating","home_goals","home_goal_rps","tournament","within_tournament","euro2024",0.517210985911705,1,51,51,51,1
"phase10_challenger_run","dynamic_goal_ability","open_core","updating","home_goals","home_goal_rps","tournament","within_tournament","euro2024",0.518901696703912,1,51,51,51,1
"phase10_challenger_run","dynamic_goal_ability_elo","open_core","frozen","home_goals","home_goal_rps","tournament","within_tournament","euro2024",0.519904300136633,1,51,51,51,1
"phase10_challenger_run","poisson_team_ridge_elo_bivpois","open_core","frozen","home_goals","home_goal_rps","tournament","within_tournament","euro2024",0.52065781921337,1,51,51,51,1
"phase10_challenger_run","poisson_team_ridge_elo","open_core","frozen","home_goals","home_goal_rps","tournament","within_tournament","euro2024",0.520657819213371,1,51,51,51,1
"phase10_challenger_run","poisson_team_ridge_elo_dc","open_core","frozen","home_goals","home_goal_rps","tournament","within_tournament","euro2024",0.520657819213371,1,51,51,51,1
"phase10_challenger_run","dynamic_goal_ability","open_core","frozen","home_goals","home_goal_rps","tournament","within_tournament","euro2024",0.52294489756112,1,51,51,51,1
"phase10_challenger_run","poisson_team_ridge","open_core","updating","home_goals","home_goal_rps","tournament","within_tournament","euro2024",0.533207468006651,1,51,51,51,1
"phase10_challenger_run","poisson_team_ridge","open_core","frozen","home_goals","home_goal_rps","tournament","within_tournament","euro2024",0.534132944581264,1,51,51,51,1
"phase10_challenger_run","open_nb_elo_only_ablation","open_core","frozen","home_goals","home_goal_rps","tournament","within_tournament","euro2024",0.54872927216439,1,51,51,51,1
"phase10_challenger_run","poisson_team_ridge_elo_bivpois","open_core","updating","regulation_1x2","brier","tournament","within_tournament","euro2024",0.634647743156838,1,51,51,51,1
"phase10_challenger_run","poisson_team_ridge_elo","open_core","updating","regulation_1x2","brier","tournament","within_tournament","euro2024",0.634765229063017,1,51,51,51,1
"phase10_challenger_run","poisson_team_ridge_elo_dc","open_core","updating","regulation_1x2","brier","tournament","within_tournament","euro2024",0.636053737398933,1,51,51,51,1
"phase10_challenger_run","poisson_team_ridge_elo_bivpois","open_core","frozen","regulation_1x2","brier","tournament","within_tournament","euro2024",0.636926914788516,1,51,51,51,1
"phase10_challenger_run","poisson_team_ridge_elo","open_core","frozen","regulation_1x2","brier","tournament","within_tournament","euro2024",0.637115664830029,1,51,51,51,1
"phase10_challenger_run","dynamic_goal_ability_elo","open_core","updating","regulation_1x2","brier","tournament","within_tournament","euro2024",0.637802784423504,1,51,51,51,1
"phase10_challenger_run","dynamic_goal_ability","open_core","updating","regulation_1x2","brier","tournament","within_tournament","euro2024",0.638289759750747,1,51,51,51,1
"phase10_challenger_run","poisson_team_ridge_elo_dc","open_core","frozen","regulation_1x2","brier","tournament","within_tournament","euro2024",0.638334604659119,1,51,51,51,1
"phase10_challenger_run","dynamic_goal_ability_elo","open_core","frozen","regulation_1x2","brier","tournament","within_tournament","euro2024",0.638440520048867,1,51,51,51,1
"phase10_challenger_run","dynamic_goal_ability","open_core","frozen","regulation_1x2","brier","tournament","within_tournament","euro2024",0.642044362864991,1,51,51,51,1
"phase10_challenger_run","open_nb_elo_only_ablation","open_core","updating","regulation_1x2","brier","tournament","within_tournament","euro2024",0.647033666339843,1,51,51,51,1
"phase10_challenger_run","poisson_team_ridge","open_core","updating","regulation_1x2","brier","tournament","within_tournament","euro2024",0.648578864776337,1,51,51,51,1
"phase10_challenger_run","poisson_team_ridge","open_core","frozen","regulation_1x2","brier","tournament","within_tournament","euro2024",0.649850402491115,1,51,51,51,1
"phase10_challenger_run","open_nb_elo_only_ablation","open_core","frozen","regulation_1x2","brier","tournament","within_tournament","euro2024",0.658630496846914,1,51,51,51,1
"phase10_challenger_run","open_nb_elo_only_ablation","open_core","frozen","over_2_5","over_2_5_log_loss","tournament","within_tournament","euro2024",0.669687023844917,1,51,51,51,1
"phase10_challenger_run","open_nb_elo_only_ablation","open_core","frozen","under_2_5","under_2_5_log_loss","tournament","within_tournament","euro2024",0.669687023844917,1,51,51,51,1
"phase10_challenger_run","open_nb_elo_only_ablation","open_core","updating","over_2_5","over_2_5_log_loss","tournament","within_tournament","euro2024",0.680448885559101,1,51,51,51,1
"phase10_challenger_run","open_nb_elo_only_ablation","open_core","updating","under_2_5","under_2_5_log_loss","tournament","within_tournament","euro2024",0.680448885559101,1,51,51,51,1
"phase10_challenger_run","dynamic_goal_ability","open_core","frozen","btts","btts_log_loss","tournament","within_tournament","euro2024",0.682917676866986,1,51,51,51,1
"phase10_challenger_run","dynamic_goal_ability_elo","open_core","frozen","btts","btts_log_loss","tournament","within_tournament","euro2024",0.683402916662491,1,51,51,51,1
"phase10_challenger_run","dynamic_goal_ability","open_core","updating","over_2_5","over_2_5_log_loss","tournament","within_tournament","euro2024",0.684180232604841,1,51,51,51,1
"phase10_challenger_run","dynamic_goal_ability","open_core","updating","under_2_5","under_2_5_log_loss","tournament","within_tournament","euro2024",0.684180232604841,1,51,51,51,1
"phase10_challenger_run","dynamic_goal_ability_elo","open_core","frozen","over_2_5","over_2_5_log_loss","tournament","within_tournament","euro2024",0.686423886855048,1,51,51,51,1
"phase10_challenger_run","dynamic_goal_ability_elo","open_core","frozen","under_2_5","under_2_5_log_loss","tournament","within_tournament","euro2024",0.686423886855049,1,51,51,51,1
"phase10_challenger_run","dynamic_goal_ability","open_core","frozen","over_2_5","over_2_5_log_loss","tournament","within_tournament","euro2024",0.686906494182714,1,51,51,51,1
"phase10_challenger_run","dynamic_goal_ability","open_core","frozen","under_2_5","under_2_5_log_loss","tournament","within_tournament","euro2024",0.686906494182714,1,51,51,51,1
"phase10_challenger_run","dynamic_goal_ability_elo","open_core","updating","btts","btts_log_loss","tournament","within_tournament","euro2024",0.688921600374099,1,51,51,51,1
"phase10_challenger_run","dynamic_goal_ability","open_core","updating","btts","btts_log_loss","tournament","within_tournament","euro2024",0.689035480300065,1,51,51,51,1
"phase10_challenger_run","dynamic_goal_ability_elo","open_core","updating","over_2_5","over_2_5_log_loss","tournament","within_tournament","euro2024",0.689635862810071,1,51,51,51,1
"phase10_challenger_run","dynamic_goal_ability_elo","open_core","updating","under_2_5","under_2_5_log_loss","tournament","within_tournament","euro2024",0.689635862810071,1,51,51,51,1
"phase10_challenger_run","poisson_team_ridge_elo_bivpois","open_core","frozen","over_2_5","over_2_5_log_loss","tournament","within_tournament","euro2024",0.69097015574736,1,51,51,51,1
"phase10_challenger_run","poisson_team_ridge_elo_bivpois","open_core","frozen","under_2_5","under_2_5_log_loss","tournament","within_tournament","euro2024",0.69097015574736,1,51,51,51,1
"phase10_challenger_run","poisson_team_ridge_elo","open_core","frozen","over_2_5","over_2_5_log_loss","tournament","within_tournament","euro2024",0.69102734312861,1,51,51,51,1
"phase10_challenger_run","poisson_team_ridge_elo_dc","open_core","frozen","over_2_5","over_2_5_log_loss","tournament","within_tournament","euro2024",0.69102734312861,1,51,51,51,1
"phase10_challenger_run","poisson_team_ridge_elo","open_core","frozen","under_2_5","under_2_5_log_loss","tournament","within_tournament","euro2024",0.69102734312861,1,51,51,51,1
"phase10_challenger_run","poisson_team_ridge_elo_dc","open_core","frozen","under_2_5","under_2_5_log_loss","tournament","within_tournament","euro2024",0.69102734312861,1,51,51,51,1
"phase10_challenger_run","poisson_team_ridge_elo_bivpois","open_core","updating","btts","btts_log_loss","tournament","within_tournament","euro2024",0.692235850976043,1,51,51,51,1
"phase10_challenger_run","poisson_team_ridge_elo","open_core","updating","btts","btts_log_loss","tournament","within_tournament","euro2024",0.692329436869413,1,51,51,51,1
"phase10_challenger_run","poisson_team_ridge_elo_dc","open_core","updating","btts","btts_log_loss","tournament","within_tournament","euro2024",0.692900721189838,1,51,51,51,1
"phase10_challenger_run","poisson_team_ridge","open_core","updating","btts","btts_log_loss","tournament","within_tournament","euro2024",0.694401277554423,1,51,51,51,1
"phase10_challenger_run","poisson_team_ridge","open_core","frozen","btts","btts_log_loss","tournament","within_tournament","euro2024",0.694435750378911,1,51,51,51,1
"phase10_challenger_run","poisson_team_ridge","open_core","updating","over_2_5","over_2_5_log_loss","tournament","within_tournament","euro2024",0.695194795911769,1,51,51,51,1
"phase10_challenger_run","poisson_team_ridge","open_core","updating","under_2_5","under_2_5_log_loss","tournament","within_tournament","euro2024",0.695194795911769,1,51,51,51,1
"phase10_challenger_run","poisson_team_ridge","open_core","frozen","over_2_5","over_2_5_log_loss","tournament","within_tournament","euro2024",0.695932561351534,1,51,51,51,1
"phase10_challenger_run","poisson_team_ridge","open_core","frozen","under_2_5","under_2_5_log_loss","tournament","within_tournament","euro2024",0.695932561351534,1,51,51,51,1
"phase10_challenger_run","poisson_team_ridge_elo_bivpois","open_core","frozen","btts","btts_log_loss","tournament","within_tournament","euro2024",0.69652359423303,1,51,51,51,1
"phase10_challenger_run","poisson_team_ridge_elo","open_core","frozen","btts","btts_log_loss","tournament","within_tournament","euro2024",0.696602964214384,1,51,51,51,1
"phase10_challenger_run","poisson_team_ridge_elo_dc","open_core","frozen","btts","btts_log_loss","tournament","within_tournament","euro2024",0.697045421661905,1,51,51,51,1
"phase10_challenger_run","poisson_team_ridge_elo_bivpois","open_core","updating","over_2_5","over_2_5_log_loss","tournament","within_tournament","euro2024",0.705697559193064,1,51,51,51,1
"phase10_challenger_run","poisson_team_ridge_elo_bivpois","open_core","updating","under_2_5","under_2_5_log_loss","tournament","within_tournament","euro2024",0.705697559193064,1,51,51,51,1
"phase10_challenger_run","poisson_team_ridge_elo","open_core","updating","over_2_5","over_2_5_log_loss","tournament","within_tournament","euro2024",0.705757889624059,1,51,51,51,1
"phase10_challenger_run","poisson_team_ridge_elo_dc","open_core","updating","over_2_5","over_2_5_log_loss","tournament","within_tournament","euro2024",0.705757889624059,1,51,51,51,1
"phase10_challenger_run","poisson_team_ridge_elo","open_core","updating","under_2_5","under_2_5_log_loss","tournament","within_tournament","euro2024",0.705757889624059,1,51,51,51,1
"phase10_challenger_run","poisson_team_ridge_elo_dc","open_core","updating","under_2_5","under_2_5_log_loss","tournament","within_tournament","euro2024",0.705757889624059,1,51,51,51,1
"phase10_challenger_run","open_nb_elo_only_ablation","open_core","frozen","btts","btts_log_loss","tournament","within_tournament","euro2024",0.713466153572575,1,51,51,51,1
"phase10_challenger_run","open_nb_elo_only_ablation","open_core","updating","btts","btts_log_loss","tournament","within_tournament","euro2024",0.714564058073561,1,51,51,51,1
"phase10_challenger_run","poisson_team_ridge_elo_bivpois","open_core","updating","regulation_1x2","log_loss","tournament","within_tournament","euro2024",1.05188556080126,1,51,51,51,1
"phase10_challenger_run","poisson_team_ridge_elo","open_core","updating","regulation_1x2","log_loss","tournament","within_tournament","euro2024",1.05211140928975,1,51,51,51,1
"phase10_challenger_run","poisson_team_ridge_elo_dc","open_core","updating","regulation_1x2","log_loss","tournament","within_tournament","euro2024",1.05436568735221,1,51,51,51,1
"phase10_challenger_run","dynamic_goal_ability_elo","open_core","updating","regulation_1x2","log_loss","tournament","within_tournament","euro2024",1.05499097153441,1,51,51,51,1
"phase10_challenger_run","dynamic_goal_ability","open_core","updating","regulation_1x2","log_loss","tournament","within_tournament","euro2024",1.05611765134974,1,51,51,51,1
"phase10_challenger_run","dynamic_goal_ability_elo","open_core","frozen","regulation_1x2","log_loss","tournament","within_tournament","euro2024",1.05816487987995,1,51,51,51,1
"phase10_challenger_run","dynamic_goal_ability","open_core","frozen","regulation_1x2","log_loss","tournament","within_tournament","euro2024",1.06167386678022,1,51,51,51,1
"phase10_challenger_run","poisson_team_ridge_elo_bivpois","open_core","frozen","regulation_1x2","log_loss","tournament","within_tournament","euro2024",1.06498919835138,1,51,51,51,1
"phase10_challenger_run","poisson_team_ridge_elo","open_core","frozen","regulation_1x2","log_loss","tournament","within_tournament","euro2024",1.06530004568904,1,51,51,51,1
"phase10_challenger_run","poisson_team_ridge_elo_dc","open_core","frozen","regulation_1x2","log_loss","tournament","within_tournament","euro2024",1.06737175381503,1,51,51,51,1
"phase10_challenger_run","open_nb_elo_only_ablation","open_core","updating","regulation_1x2","log_loss","tournament","within_tournament","euro2024",1.06917384956784,1,51,51,51,1
"phase10_challenger_run","poisson_team_ridge","open_core","updating","regulation_1x2","log_loss","tournament","within_tournament","euro2024",1.07655565985219,1,51,51,51,1
"phase10_challenger_run","poisson_team_ridge","open_core","frozen","regulation_1x2","log_loss","tournament","within_tournament","euro2024",1.07846470391158,1,51,51,51,1
"phase10_challenger_run","open_nb_elo_only_ablation","open_core","frozen","regulation_1x2","log_loss","tournament","within_tournament","euro2024",1.09696091802294,1,51,51,51,1
"phase10_challenger_run","dynamic_goal_ability","open_core","updating","regulation_scoreline","joint_scoreline_log_loss","tournament","within_tournament","euro2024",2.60438965264747,1,51,51,51,1
"phase10_challenger_run","dynamic_goal_ability_elo","open_core","updating","regulation_scoreline","joint_scoreline_log_loss","tournament","within_tournament","euro2024",2.60780841181783,1,51,51,51,1
"phase10_challenger_run","poisson_team_ridge_elo_bivpois","open_core","updating","regulation_scoreline","joint_scoreline_log_loss","tournament","within_tournament","euro2024",2.60905857973172,1,51,51,51,1
"phase10_challenger_run","poisson_team_ridge_elo","open_core","updating","regulation_scoreline","joint_scoreline_log_loss","tournament","within_tournament","euro2024",2.60911796547528,1,51,51,51,1
"phase10_challenger_run","poisson_team_ridge_elo_dc","open_core","updating","regulation_scoreline","joint_scoreline_log_loss","tournament","within_tournament","euro2024",2.61268371603519,1,51,51,51,1
"phase10_challenger_run","dynamic_goal_ability","open_core","frozen","regulation_scoreline","joint_scoreline_log_loss","tournament","within_tournament","euro2024",2.61571883233177,1,51,51,51,1
"phase10_challenger_run","dynamic_goal_ability_elo","open_core","frozen","regulation_scoreline","joint_scoreline_log_loss","tournament","within_tournament","euro2024",2.61627459220888,1,51,51,51,1
"phase10_challenger_run","poisson_team_ridge","open_core","updating","regulation_scoreline","joint_scoreline_log_loss","tournament","within_tournament","euro2024",2.62249917343567,1,51,51,51,1
"phase10_challenger_run","poisson_team_ridge_elo_bivpois","open_core","frozen","regulation_scoreline","joint_scoreline_log_loss","tournament","within_tournament","euro2024",2.62478487250972,1,51,51,51,1
"phase10_challenger_run","poisson_team_ridge_elo","open_core","frozen","regulation_scoreline","joint_scoreline_log_loss","tournament","within_tournament","euro2024",2.62480589787576,1,51,51,51,1
"phase10_challenger_run","poisson_team_ridge","open_core","frozen","regulation_scoreline","joint_scoreline_log_loss","tournament","within_tournament","euro2024",2.62590184544687,1,51,51,51,1
"phase10_challenger_run","poisson_team_ridge_elo_dc","open_core","frozen","regulation_scoreline","joint_scoreline_log_loss","tournament","within_tournament","euro2024",2.62825874641679,1,51,51,51,1
"phase10_challenger_run","open_nb_elo_only_ablation","open_core","updating","regulation_scoreline","joint_scoreline_log_loss","tournament","within_tournament","euro2024",2.64796538356574,1,51,51,51,1
"phase10_challenger_run","open_nb_elo_only_ablation","open_core","frozen","regulation_scoreline","joint_scoreline_log_loss","tournament","within_tournament","euro2024",2.67771676643389,1,51,51,51,1
"phase10_challenger_run","dynamic_goal_ability","open_core","frozen","regulation_scoreline","exact_score_hit","tournament","within_tournament","wc2002",0.109375,1,64,64,64,1
"phase10_challenger_run","dynamic_goal_ability_elo","open_core","frozen","regulation_scoreline","exact_score_hit","tournament","within_tournament","wc2002",0.109375,1,64,64,64,1
"phase10_challenger_run","open_nb_elo_only_ablation","open_core","frozen","regulation_scoreline","exact_score_hit","tournament","within_tournament","wc2002",0.140625,1,64,64,64,1
"phase10_challenger_run","dynamic_goal_ability_elo","open_core","updating","regulation_scoreline","exact_score_hit","tournament","within_tournament","wc2002",0.15625,1,64,64,64,1
"phase10_challenger_run","open_nb_elo_only_ablation","open_core","updating","regulation_scoreline","exact_score_hit","tournament","within_tournament","wc2002",0.15625,1,64,64,64,1
"phase10_challenger_run","dynamic_goal_ability","open_core","updating","regulation_scoreline","exact_score_hit","tournament","within_tournament","wc2002",0.171875,1,64,64,64,1
"phase10_challenger_run","poisson_team_ridge","open_core","frozen","regulation_scoreline","exact_score_hit","tournament","within_tournament","wc2002",0.1875,1,64,64,64,1
"phase10_challenger_run","poisson_team_ridge","open_core","updating","regulation_scoreline","exact_score_hit","tournament","within_tournament","wc2002",0.1875,1,64,64,64,1
"phase10_challenger_run","poisson_team_ridge_elo","open_core","frozen","regulation_scoreline","exact_score_hit","tournament","within_tournament","wc2002",0.203125,1,64,64,64,1
"phase10_challenger_run","poisson_team_ridge_elo_bivpois","open_core","frozen","regulation_scoreline","exact_score_hit","tournament","within_tournament","wc2002",0.203125,1,64,64,64,1
"phase10_challenger_run","poisson_team_ridge_elo_dc","open_core","frozen","regulation_scoreline","exact_score_hit","tournament","within_tournament","wc2002",0.203125,1,64,64,64,1
"phase10_challenger_run","poisson_team_ridge_elo_dc","open_core","updating","regulation_1x2","rps","tournament","within_tournament","wc2002",0.212708939729098,1,64,64,64,1
"phase10_challenger_run","poisson_team_ridge_elo_bivpois","open_core","updating","regulation_1x2","rps","tournament","within_tournament","wc2002",0.212849964308478,1,64,64,64,1
"phase10_challenger_run","poisson_team_ridge_elo","open_core","updating","regulation_1x2","rps","tournament","within_tournament","wc2002",0.212958175131115,1,64,64,64,1
"phase10_challenger_run","open_nb_elo_only_ablation","open_core","updating","regulation_1x2","rps","tournament","within_tournament","wc2002",0.213488982864772,1,64,64,64,1
"phase10_challenger_run","dynamic_goal_ability_elo","open_core","updating","regulation_1x2","rps","tournament","within_tournament","wc2002",0.213818521166836,1,64,64,64,1
"phase10_challenger_run","dynamic_goal_ability","open_core","updating","regulation_1x2","rps","tournament","within_tournament","wc2002",0.215353789299661,1,64,64,64,1
"phase10_challenger_run","poisson_team_ridge_elo_bivpois","open_core","updating","regulation_scoreline","exact_score_hit","tournament","within_tournament","wc2002",0.21875,1,64,64,64,1
"phase10_challenger_run","dynamic_goal_ability_elo","open_core","frozen","regulation_1x2","rps","tournament","within_tournament","wc2002",0.218923313586288,1,64,64,64,1
"phase10_challenger_run","dynamic_goal_ability","open_core","frozen","regulation_1x2","rps","tournament","within_tournament","wc2002",0.219495647934553,1,64,64,64,1
"phase10_challenger_run","open_nb_elo_only_ablation","open_core","frozen","regulation_1x2","rps","tournament","within_tournament","wc2002",0.219965373892472,1,64,64,64,1
"phase10_challenger_run","poisson_team_ridge_elo_dc","open_core","frozen","regulation_1x2","rps","tournament","within_tournament","wc2002",0.22051553653366,1,64,64,64,1
"phase10_challenger_run","poisson_team_ridge_elo_bivpois","open_core","frozen","regulation_1x2","rps","tournament","within_tournament","wc2002",0.220572457236158,1,64,64,64,1
"phase10_challenger_run","poisson_team_ridge_elo","open_core","frozen","regulation_1x2","rps","tournament","within_tournament","wc2002",0.220691975824743,1,64,64,64,1
"phase10_challenger_run","poisson_team_ridge","open_core","updating","regulation_1x2","rps","tournament","within_tournament","wc2002",0.220981642371175,1,64,64,64,1
"phase10_challenger_run","poisson_team_ridge","open_core","frozen","regulation_1x2","rps","tournament","within_tournament","wc2002",0.223859690290528,1,64,64,64,1
"phase10_challenger_run","dynamic_goal_ability_elo","open_core","frozen","over_2_5","over_2_5_brier","tournament","within_tournament","wc2002",0.230355147888104,1,64,64,64,1
"phase10_challenger_run","dynamic_goal_ability_elo","open_core","frozen","under_2_5","under_2_5_brier","tournament","within_tournament","wc2002",0.230355147888104,1,64,64,64,1
"phase10_challenger_run","dynamic_goal_ability","open_core","frozen","over_2_5","over_2_5_brier","tournament","within_tournament","wc2002",0.230710559439382,1,64,64,64,1
"phase10_challenger_run","dynamic_goal_ability","open_core","frozen","under_2_5","under_2_5_brier","tournament","within_tournament","wc2002",0.230710559439382,1,64,64,64,1
"phase10_challenger_run","dynamic_goal_ability_elo","open_core","updating","over_2_5","over_2_5_brier","tournament","within_tournament","wc2002",0.232896423379425,1,64,64,64,1
"phase10_challenger_run","dynamic_goal_ability_elo","open_core","updating","under_2_5","under_2_5_brier","tournament","within_tournament","wc2002",0.232896423379425,1,64,64,64,1
"phase10_challenger_run","dynamic_goal_ability","open_core","updating","over_2_5","over_2_5_brier","tournament","within_tournament","wc2002",0.233468628827988,1,64,64,64,1
"phase10_challenger_run","dynamic_goal_ability","open_core","updating","under_2_5","under_2_5_brier","tournament","within_tournament","wc2002",0.233468628827988,1,64,64,64,1
"phase10_challenger_run","poisson_team_ridge_elo_dc","open_core","updating","regulation_scoreline","exact_score_hit","tournament","within_tournament","wc2002",0.234375,1,64,64,64,1
"phase10_challenger_run","open_nb_elo_only_ablation","open_core","frozen","over_2_5","over_2_5_brier","tournament","within_tournament","wc2002",0.243370394723227,1,64,64,64,1
"phase10_challenger_run","open_nb_elo_only_ablation","open_core","frozen","under_2_5","under_2_5_brier","tournament","within_tournament","wc2002",0.243370394723227,1,64,64,64,1
"phase10_challenger_run","open_nb_elo_only_ablation","open_core","updating","over_2_5","over_2_5_brier","tournament","within_tournament","wc2002",0.246162880460707,1,64,64,64,1
"phase10_challenger_run","open_nb_elo_only_ablation","open_core","updating","under_2_5","under_2_5_brier","tournament","within_tournament","wc2002",0.246162880460707,1,64,64,64,1
"phase10_challenger_run","open_nb_elo_only_ablation","open_core","updating","btts","btts_brier","tournament","within_tournament","wc2002",0.246630268474664,1,64,64,64,1
"phase10_challenger_run","open_nb_elo_only_ablation","open_core","frozen","btts","btts_brier","tournament","within_tournament","wc2002",0.248386180989902,1,64,64,64,1
"phase10_challenger_run","poisson_team_ridge_elo","open_core","updating","regulation_scoreline","exact_score_hit","tournament","within_tournament","wc2002",0.25,1,64,64,64,1
"phase10_challenger_run","poisson_team_ridge_elo_bivpois","open_core","frozen","over_2_5","over_2_5_brier","tournament","within_tournament","wc2002",0.252089215202906,1,64,64,64,1
"phase10_challenger_run","poisson_team_ridge_elo_bivpois","open_core","frozen","under_2_5","under_2_5_brier","tournament","within_tournament","wc2002",0.252089215202906,1,64,64,64,1
"phase10_challenger_run","poisson_team_ridge","open_core","frozen","over_2_5","over_2_5_brier","tournament","within_tournament","wc2002",0.25226831380584,1,64,64,64,1
"phase10_challenger_run","poisson_team_ridge","open_core","frozen","under_2_5","under_2_5_brier","tournament","within_tournament","wc2002",0.25226831380584,1,64,64,64,1
"phase10_challenger_run","poisson_team_ridge_elo","open_core","frozen","over_2_5","over_2_5_brier","tournament","within_tournament","wc2002",0.252630869967664,1,64,64,64,1
"phase10_challenger_run","poisson_team_ridge_elo_dc","open_core","frozen","over_2_5","over_2_5_brier","tournament","within_tournament","wc2002",0.252630869967664,1,64,64,64,1
"phase10_challenger_run","poisson_team_ridge_elo","open_core","frozen","under_2_5","under_2_5_brier","tournament","within_tournament","wc2002",0.252630869967664,1,64,64,64,1
"phase10_challenger_run","poisson_team_ridge_elo_dc","open_core","frozen","under_2_5","under_2_5_brier","tournament","within_tournament","wc2002",0.252630869967664,1,64,64,64,1
"phase10_challenger_run","poisson_team_ridge","open_core","updating","over_2_5","over_2_5_brier","tournament","within_tournament","wc2002",0.25398431401106,1,64,64,64,1
"phase10_challenger_run","poisson_team_ridge","open_core","updating","under_2_5","under_2_5_brier","tournament","within_tournament","wc2002",0.25398431401106,1,64,64,64,1
"phase10_challenger_run","poisson_team_ridge_elo_bivpois","open_core","updating","over_2_5","over_2_5_brier","tournament","within_tournament","wc2002",0.256174278170838,1,64,64,64,1
"phase10_challenger_run","poisson_team_ridge_elo_bivpois","open_core","updating","under_2_5","under_2_5_brier","tournament","within_tournament","wc2002",0.256174278170838,1,64,64,64,1
"phase10_challenger_run","poisson_team_ridge_elo","open_core","updating","over_2_5","over_2_5_brier","tournament","within_tournament","wc2002",0.256779988100534,1,64,64,64,1
"phase10_challenger_run","poisson_team_ridge_elo_dc","open_core","updating","over_2_5","over_2_5_brier","tournament","within_tournament","wc2002",0.256779988100534,1,64,64,64,1
"phase10_challenger_run","poisson_team_ridge_elo","open_core","updating","under_2_5","under_2_5_brier","tournament","within_tournament","wc2002",0.256779988100534,1,64,64,64,1
"phase10_challenger_run","poisson_team_ridge_elo_dc","open_core","updating","under_2_5","under_2_5_brier","tournament","within_tournament","wc2002",0.256779988100534,1,64,64,64,1
"phase10_challenger_run","poisson_team_ridge_elo","open_core","updating","btts","btts_brier","tournament","within_tournament","wc2002",0.261540770124523,1,64,64,64,1
"phase10_challenger_run","poisson_team_ridge_elo_bivpois","open_core","updating","btts","btts_brier","tournament","within_tournament","wc2002",0.261574639591587,1,64,64,64,1
"phase10_challenger_run","poisson_team_ridge_elo_dc","open_core","updating","btts","btts_brier","tournament","within_tournament","wc2002",0.261757738845133,1,64,64,64,1
"phase10_challenger_run","poisson_team_ridge_elo","open_core","frozen","btts","btts_brier","tournament","within_tournament","wc2002",0.261857224307842,1,64,64,64,1
"phase10_challenger_run","poisson_team_ridge_elo_bivpois","open_core","frozen","btts","btts_brier","tournament","within_tournament","wc2002",0.261940726298878,1,64,64,64,1
"phase10_challenger_run","poisson_team_ridge","open_core","frozen","btts","btts_brier","tournament","within_tournament","wc2002",0.262109167751122,1,64,64,64,1
"phase10_challenger_run","poisson_team_ridge_elo_dc","open_core","frozen","btts","btts_brier","tournament","within_tournament","wc2002",0.262166662715043,1,64,64,64,1
"phase10_challenger_run","poisson_team_ridge","open_core","updating","btts","btts_brier","tournament","within_tournament","wc2002",0.263232011677817,1,64,64,64,1
"phase10_challenger_run","dynamic_goal_ability","open_core","frozen","btts","btts_brier","tournament","within_tournament","wc2002",0.277828727197168,1,64,64,64,1
"phase10_challenger_run","dynamic_goal_ability_elo","open_core","frozen","btts","btts_brier","tournament","within_tournament","wc2002",0.278012167175444,1,64,64,64,1
"phase10_challenger_run","dynamic_goal_ability","open_core","updating","btts","btts_brier","tournament","within_tournament","wc2002",0.279661859802043,1,64,64,64,1
"phase10_challenger_run","dynamic_goal_ability_elo","open_core","updating","btts","btts_brier","tournament","within_tournament","wc2002",0.279768399793487,1,64,64,64,1
"phase10_challenger_run","poisson_team_ridge","open_core","frozen","regulation_1x2","winner_pick_accuracy","tournament","within_tournament","wc2002",0.390625,1,64,64,64,1
"phase10_challenger_run","poisson_team_ridge_elo","open_core","frozen","regulation_1x2","winner_pick_accuracy","tournament","within_tournament","wc2002",0.40625,1,64,64,64,1
"phase10_challenger_run","poisson_team_ridge_elo_bivpois","open_core","frozen","regulation_1x2","winner_pick_accuracy","tournament","within_tournament","wc2002",0.40625,1,64,64,64,1
"phase10_challenger_run","poisson_team_ridge_elo_dc","open_core","frozen","regulation_1x2","winner_pick_accuracy","tournament","within_tournament","wc2002",0.40625,1,64,64,64,1
"phase10_challenger_run","dynamic_goal_ability","open_core","frozen","regulation_1x2","winner_pick_accuracy","tournament","within_tournament","wc2002",0.421875,1,64,64,64,1
"phase10_challenger_run","open_nb_elo_only_ablation","open_core","frozen","regulation_1x2","winner_pick_accuracy","tournament","within_tournament","wc2002",0.421875,1,64,64,64,1
"phase10_challenger_run","open_nb_elo_only_ablation","open_core","updating","regulation_1x2","winner_pick_accuracy","tournament","within_tournament","wc2002",0.421875,1,64,64,64,1
"phase10_challenger_run","poisson_team_ridge","open_core","updating","regulation_1x2","winner_pick_accuracy","tournament","within_tournament","wc2002",0.421875,1,64,64,64,1
"phase10_challenger_run","dynamic_goal_ability_elo","open_core","frozen","regulation_1x2","winner_pick_accuracy","tournament","within_tournament","wc2002",0.4375,1,64,64,64,1
"phase10_challenger_run","dynamic_goal_ability","open_core","updating","regulation_1x2","winner_pick_accuracy","tournament","within_tournament","wc2002",0.453125,1,64,64,64,1
"phase10_challenger_run","poisson_team_ridge_elo","open_core","updating","regulation_1x2","winner_pick_accuracy","tournament","within_tournament","wc2002",0.453125,1,64,64,64,1
"phase10_challenger_run","poisson_team_ridge_elo_bivpois","open_core","updating","regulation_1x2","winner_pick_accuracy","tournament","within_tournament","wc2002",0.453125,1,64,64,64,1
"phase10_challenger_run","poisson_team_ridge_elo_dc","open_core","updating","regulation_1x2","winner_pick_accuracy","tournament","within_tournament","wc2002",0.453125,1,64,64,64,1
"phase10_challenger_run","dynamic_goal_ability_elo","open_core","updating","regulation_1x2","winner_pick_accuracy","tournament","within_tournament","wc2002",0.484375,1,64,64,64,1
"phase10_challenger_run","open_nb_elo_only_ablation","open_core","updating","away_goals","away_goal_rps","tournament","within_tournament","wc2002",0.525422841342983,1,64,64,64,1
"phase10_challenger_run","poisson_team_ridge_elo","open_core","updating","away_goals","away_goal_rps","tournament","within_tournament","wc2002",0.530585511472096,1,64,64,64,1
"phase10_challenger_run","poisson_team_ridge_elo_bivpois","open_core","updating","away_goals","away_goal_rps","tournament","within_tournament","wc2002",0.530585511472096,1,64,64,64,1
"phase10_challenger_run","poisson_team_ridge_elo_dc","open_core","updating","away_goals","away_goal_rps","tournament","within_tournament","wc2002",0.530585511472096,1,64,64,64,1
"phase10_challenger_run","open_nb_elo_only_ablation","open_core","frozen","away_goals","away_goal_rps","tournament","within_tournament","wc2002",0.551717534831266,1,64,64,64,1
"phase10_challenger_run","poisson_team_ridge_elo","open_core","frozen","away_goals","away_goal_rps","tournament","within_tournament","wc2002",0.553264352940828,1,64,64,64,1
"phase10_challenger_run","poisson_team_ridge_elo_bivpois","open_core","frozen","away_goals","away_goal_rps","tournament","within_tournament","wc2002",0.553264352940828,1,64,64,64,1
"phase10_challenger_run","poisson_team_ridge_elo_dc","open_core","frozen","away_goals","away_goal_rps","tournament","within_tournament","wc2002",0.553264352940828,1,64,64,64,1
"phase10_challenger_run","dynamic_goal_ability_elo","open_core","updating","away_goals","away_goal_rps","tournament","within_tournament","wc2002",0.559629738485614,1,64,64,64,1
"phase10_challenger_run","dynamic_goal_ability_elo","open_core","frozen","away_goals","away_goal_rps","tournament","within_tournament","wc2002",0.5608206320258,1,64,64,64,1
"phase10_challenger_run","dynamic_goal_ability","open_core","frozen","away_goals","away_goal_rps","tournament","within_tournament","wc2002",0.562000836219177,1,64,64,64,1
"phase10_challenger_run","poisson_team_ridge","open_core","updating","away_goals","away_goal_rps","tournament","within_tournament","wc2002",0.56305440203728,1,64,64,64,1
"phase10_challenger_run","poisson_team_ridge","open_core","frozen","away_goals","away_goal_rps","tournament","within_tournament","wc2002",0.563490900755817,1,64,64,64,1
"phase10_challenger_run","dynamic_goal_ability","open_core","updating","away_goals","away_goal_rps","tournament","within_tournament","wc2002",0.564022037102673,1,64,64,64,1
"phase10_challenger_run","dynamic_goal_ability_elo","open_core","updating","regulation_1x2","brier","tournament","within_tournament","wc2002",0.623980967772282,1,64,64,64,1
"phase10_challenger_run","dynamic_goal_ability","open_core","updating","regulation_1x2","brier","tournament","within_tournament","wc2002",0.627773976313157,1,64,64,64,1
"phase10_challenger_run","poisson_team_ridge_elo_dc","open_core","updating","regulation_1x2","brier","tournament","within_tournament","wc2002",0.62986232380467,1,64,64,64,1
"phase10_challenger_run","poisson_team_ridge_elo_bivpois","open_core","updating","regulation_1x2","brier","tournament","within_tournament","wc2002",0.63047858917698,1,64,64,64,1
"phase10_challenger_run","poisson_team_ridge_elo","open_core","updating","regulation_1x2","brier","tournament","within_tournament","wc2002",0.631357736216773,1,64,64,64,1
"phase10_challenger_run","dynamic_goal_ability_elo","open_core","frozen","regulation_1x2","brier","tournament","within_tournament","wc2002",0.634734533181547,1,64,64,64,1
"phase10_challenger_run","open_nb_elo_only_ablation","open_core","updating","regulation_1x2","brier","tournament","within_tournament","wc2002",0.636004349825128,1,64,64,64,1
"phase10_challenger_run","dynamic_goal_ability","open_core","frozen","regulation_1x2","brier","tournament","within_tournament","wc2002",0.636306327731706,1,64,64,64,1
"phase10_challenger_run","poisson_team_ridge_elo_dc","open_core","frozen","regulation_1x2","brier","tournament","within_tournament","wc2002",0.646948640037403,1,64,64,64,1
"phase10_challenger_run","poisson_team_ridge_elo_bivpois","open_core","frozen","regulation_1x2","brier","tournament","within_tournament","wc2002",0.647243404766451,1,64,64,64,1
"phase10_challenger_run","poisson_team_ridge_elo","open_core","frozen","regulation_1x2","brier","tournament","within_tournament","wc2002",0.648007275783901,1,64,64,64,1
"phase10_challenger_run","open_nb_elo_only_ablation","open_core","frozen","regulation_1x2","brier","tournament","within_tournament","wc2002",0.648870573331292,1,64,64,64,1
"phase10_challenger_run","poisson_team_ridge","open_core","updating","regulation_1x2","brier","tournament","within_tournament","wc2002",0.650097645844922,1,64,64,64,1
"phase10_challenger_run","dynamic_goal_ability_elo","open_core","frozen","over_2_5","over_2_5_log_loss","tournament","within_tournament","wc2002",0.654762163532075,1,64,64,64,1
"phase10_challenger_run","dynamic_goal_ability_elo","open_core","frozen","under_2_5","under_2_5_log_loss","tournament","within_tournament","wc2002",0.654762163532075,1,64,64,64,1
"phase10_challenger_run","dynamic_goal_ability","open_core","frozen","over_2_5","over_2_5_log_loss","tournament","within_tournament","wc2002",0.655462682813134,1,64,64,64,1
"phase10_challenger_run","dynamic_goal_ability","open_core","frozen","under_2_5","under_2_5_log_loss","tournament","within_tournament","wc2002",0.655462682813134,1,64,64,64,1
"phase10_challenger_run","poisson_team_ridge","open_core","frozen","regulation_1x2","brier","tournament","within_tournament","wc2002",0.655893096152983,1,64,64,64,1
"phase10_challenger_run","dynamic_goal_ability_elo","open_core","updating","over_2_5","over_2_5_log_loss","tournament","within_tournament","wc2002",0.662330096230323,1,64,64,64,1
"phase10_challenger_run","dynamic_goal_ability_elo","open_core","updating","under_2_5","under_2_5_log_loss","tournament","within_tournament","wc2002",0.662330096230323,1,64,64,64,1
"phase10_challenger_run","open_nb_elo_only_ablation","open_core","frozen","home_goals","home_goal_rps","tournament","within_tournament","wc2002",0.663191582038815,1,64,64,64,1
"phase10_challenger_run","dynamic_goal_ability","open_core","updating","over_2_5","over_2_5_log_loss","tournament","within_tournament","wc2002",0.663485290263571,1,64,64,64,1
"phase10_challenger_run","dynamic_goal_ability","open_core","updating","under_2_5","under_2_5_log_loss","tournament","within_tournament","wc2002",0.663485290263571,1,64,64,64,1
"phase10_challenger_run","dynamic_goal_ability_elo","open_core","updating","home_goals","home_goal_rps","tournament","within_tournament","wc2002",0.66954677721744,1,64,64,64,1
"phase10_challenger_run","dynamic_goal_ability","open_core","updating","home_goals","home_goal_rps","tournament","within_tournament","wc2002",0.670325915371524,1,64,64,64,1
"phase10_challenger_run","dynamic_goal_ability_elo","open_core","frozen","home_goals","home_goal_rps","tournament","within_tournament","wc2002",0.673020084799904,1,64,64,64,1
"phase10_challenger_run","poisson_team_ridge","open_core","updating","home_goals","home_goal_rps","tournament","within_tournament","wc2002",0.673289519737073,1,64,64,64,1
"phase10_challenger_run","dynamic_goal_ability","open_core","frozen","home_goals","home_goal_rps","tournament","within_tournament","wc2002",0.674338926541966,1,64,64,64,1
"phase10_challenger_run","poisson_team_ridge_elo_bivpois","open_core","frozen","home_goals","home_goal_rps","tournament","within_tournament","wc2002",0.674823636624453,1,64,64,64,1
"phase10_challenger_run","poisson_team_ridge_elo_dc","open_core","frozen","home_goals","home_goal_rps","tournament","within_tournament","wc2002",0.674823636624453,1,64,64,64,1
"phase10_challenger_run","poisson_team_ridge_elo","open_core","frozen","home_goals","home_goal_rps","tournament","within_tournament","wc2002",0.674823636624454,1,64,64,64,1
"phase10_challenger_run","poisson_team_ridge","open_core","frozen","home_goals","home_goal_rps","tournament","within_tournament","wc2002",0.675698603129015,1,64,64,64,1
"phase10_challenger_run","open_nb_elo_only_ablation","open_core","frozen","over_2_5","over_2_5_log_loss","tournament","within_tournament","wc2002",0.679867946602277,1,64,64,64,1
"phase10_challenger_run","open_nb_elo_only_ablation","open_core","frozen","under_2_5","under_2_5_log_loss","tournament","within_tournament","wc2002",0.679867946602277,1,64,64,64,1
"phase10_challenger_run","open_nb_elo_only_ablation","open_core","updating","home_goals","home_goal_rps","tournament","within_tournament","wc2002",0.680459983266647,1,64,64,64,1
"phase10_challenger_run","open_nb_elo_only_ablation","open_core","updating","under_2_5","under_2_5_log_loss","tournament","within_tournament","wc2002",0.685468905916665,1,64,64,64,1
"phase10_challenger_run","open_nb_elo_only_ablation","open_core","updating","over_2_5","over_2_5_log_loss","tournament","within_tournament","wc2002",0.685468905916666,1,64,64,64,1
"phase10_challenger_run","open_nb_elo_only_ablation","open_core","updating","btts","btts_log_loss","tournament","within_tournament","wc2002",0.686274661744633,1,64,64,64,1
"phase10_challenger_run","poisson_team_ridge_elo","open_core","updating","home_goals","home_goal_rps","tournament","within_tournament","wc2002",0.68728059333583,1,64,64,64,1
"phase10_challenger_run","poisson_team_ridge_elo_bivpois","open_core","updating","home_goals","home_goal_rps","tournament","within_tournament","wc2002",0.68728059333583,1,64,64,64,1
"phase10_challenger_run","poisson_team_ridge_elo_dc","open_core","updating","home_goals","home_goal_rps","tournament","within_tournament","wc2002",0.68728059333583,1,64,64,64,1
"phase10_challenger_run","open_nb_elo_only_ablation","open_core","frozen","btts","btts_log_loss","tournament","within_tournament","wc2002",0.689877187329444,1,64,64,64,1
"phase10_challenger_run","poisson_team_ridge_elo_bivpois","open_core","frozen","over_2_5","over_2_5_log_loss","tournament","within_tournament","wc2002",0.69755526560604,1,64,64,64,1
"phase10_challenger_run","poisson_team_ridge_elo_bivpois","open_core","frozen","under_2_5","under_2_5_log_loss","tournament","within_tournament","wc2002",0.69755526560604,1,64,64,64,1
"phase10_challenger_run","poisson_team_ridge","open_core","frozen","over_2_5","over_2_5_log_loss","tournament","within_tournament","wc2002",0.697838717645052,1,64,64,64,1
"phase10_challenger_run","poisson_team_ridge","open_core","frozen","under_2_5","under_2_5_log_loss","tournament","within_tournament","wc2002",0.697838717645052,1,64,64,64,1
"phase10_challenger_run","poisson_team_ridge_elo","open_core","frozen","over_2_5","over_2_5_log_loss","tournament","within_tournament","wc2002",0.698679462417147,1,64,64,64,1
"phase10_challenger_run","poisson_team_ridge_elo_dc","open_core","frozen","over_2_5","over_2_5_log_loss","tournament","within_tournament","wc2002",0.698679462417147,1,64,64,64,1
"phase10_challenger_run","poisson_team_ridge_elo","open_core","frozen","under_2_5","under_2_5_log_loss","tournament","within_tournament","wc2002",0.698679462417147,1,64,64,64,1
"phase10_challenger_run","poisson_team_ridge_elo_dc","open_core","frozen","under_2_5","under_2_5_log_loss","tournament","within_tournament","wc2002",0.698679462417147,1,64,64,64,1
"phase10_challenger_run","poisson_team_ridge","open_core","updating","over_2_5","over_2_5_log_loss","tournament","within_tournament","wc2002",0.701312119778608,1,64,64,64,1
"phase10_challenger_run","poisson_team_ridge","open_core","updating","under_2_5","under_2_5_log_loss","tournament","within_tournament","wc2002",0.701312119778608,1,64,64,64,1
"phase10_challenger_run","poisson_team_ridge_elo_bivpois","open_core","updating","under_2_5","under_2_5_log_loss","tournament","within_tournament","wc2002",0.70599073478878,1,64,64,64,1
"phase10_challenger_run","poisson_team_ridge_elo_bivpois","open_core","updating","over_2_5","over_2_5_log_loss","tournament","within_tournament","wc2002",0.705990734788781,1,64,64,64,1
"phase10_challenger_run","poisson_team_ridge_elo","open_core","updating","over_2_5","over_2_5_log_loss","tournament","within_tournament","wc2002",0.70725197252065,1,64,64,64,1
"phase10_challenger_run","poisson_team_ridge_elo_dc","open_core","updating","over_2_5","over_2_5_log_loss","tournament","within_tournament","wc2002",0.70725197252065,1,64,64,64,1
"phase10_challenger_run","poisson_team_ridge_elo","open_core","updating","under_2_5","under_2_5_log_loss","tournament","within_tournament","wc2002",0.70725197252065,1,64,64,64,1
"phase10_challenger_run","poisson_team_ridge_elo_dc","open_core","updating","under_2_5","under_2_5_log_loss","tournament","within_tournament","wc2002",0.70725197252065,1,64,64,64,1
"phase10_challenger_run","poisson_team_ridge_elo","open_core","updating","btts","btts_log_loss","tournament","within_tournament","wc2002",0.716474380835324,1,64,64,64,1
"phase10_challenger_run","poisson_team_ridge_elo_bivpois","open_core","updating","btts","btts_log_loss","tournament","within_tournament","wc2002",0.716555297443393,1,64,64,64,1
"phase10_challenger_run","poisson_team_ridge_elo_dc","open_core","updating","btts","btts_log_loss","tournament","within_tournament","wc2002",0.71693866511492,1,64,64,64,1
"phase10_challenger_run","poisson_team_ridge_elo","open_core","frozen","btts","btts_log_loss","tournament","within_tournament","wc2002",0.71713514812979,1,64,64,64,1
"phase10_challenger_run","poisson_team_ridge_elo_bivpois","open_core","frozen","btts","btts_log_loss","tournament","within_tournament","wc2002",0.71731670245197,1,64,64,64,1
"phase10_challenger_run","poisson_team_ridge","open_core","frozen","btts","btts_log_loss","tournament","within_tournament","wc2002",0.717663909748528,1,64,64,64,1
"phase10_challenger_run","poisson_team_ridge_elo_dc","open_core","frozen","btts","btts_log_loss","tournament","within_tournament","wc2002",0.717788971393258,1,64,64,64,1
"phase10_challenger_run","poisson_team_ridge","open_core","updating","btts","btts_log_loss","tournament","within_tournament","wc2002",0.7199272034805,1,64,64,64,1
"phase10_challenger_run","dynamic_goal_ability","open_core","frozen","btts","btts_log_loss","tournament","within_tournament","wc2002",0.752949801339033,1,64,64,64,1
"phase10_challenger_run","dynamic_goal_ability_elo","open_core","frozen","btts","btts_log_loss","tournament","within_tournament","wc2002",0.753309127860568,1,64,64,64,1
"phase10_challenger_run","dynamic_goal_ability","open_core","updating","btts","btts_log_loss","tournament","within_tournament","wc2002",0.757126410931566,1,64,64,64,1
"phase10_challenger_run","dynamic_goal_ability_elo","open_core","updating","btts","btts_log_loss","tournament","within_tournament","wc2002",0.757336307963211,1,64,64,64,1
"phase10_challenger_run","dynamic_goal_ability_elo","open_core","updating","regulation_1x2","log_loss","tournament","within_tournament","wc2002",1.04154752482752,1,64,64,64,1
"phase10_challenger_run","dynamic_goal_ability","open_core","updating","regulation_1x2","log_loss","tournament","within_tournament","wc2002",1.04595612305307,1,64,64,64,1
"phase10_challenger_run","poisson_team_ridge_elo_dc","open_core","updating","regulation_1x2","log_loss","tournament","within_tournament","wc2002",1.05137606247781,1,64,64,64,1
"phase10_challenger_run","poisson_team_ridge_elo_bivpois","open_core","updating","regulation_1x2","log_loss","tournament","within_tournament","wc2002",1.05212535682161,1,64,64,64,1
"phase10_challenger_run","poisson_team_ridge_elo","open_core","updating","regulation_1x2","log_loss","tournament","within_tournament","wc2002",1.05329694704204,1,64,64,64,1
"phase10_challenger_run","dynamic_goal_ability_elo","open_core","frozen","regulation_1x2","log_loss","tournament","within_tournament","wc2002",1.05505607698901,1,64,64,64,1
"phase10_challenger_run","dynamic_goal_ability","open_core","frozen","regulation_1x2","log_loss","tournament","within_tournament","wc2002",1.05666962564577,1,64,64,64,1
"phase10_challenger_run","open_nb_elo_only_ablation","open_core","updating","regulation_1x2","log_loss","tournament","within_tournament","wc2002",1.05954376469473,1,64,64,64,1
"phase10_challenger_run","poisson_team_ridge_elo_dc","open_core","frozen","regulation_1x2","log_loss","tournament","within_tournament","wc2002",1.07277376714009,1,64,64,64,1
"phase10_challenger_run","poisson_team_ridge_elo_bivpois","open_core","frozen","regulation_1x2","log_loss","tournament","within_tournament","wc2002",1.07314421490217,1,64,64,64,1
"phase10_challenger_run","poisson_team_ridge_elo","open_core","frozen","regulation_1x2","log_loss","tournament","within_tournament","wc2002",1.07426247263651,1,64,64,64,1
"phase10_challenger_run","poisson_team_ridge","open_core","updating","regulation_1x2","log_loss","tournament","within_tournament","wc2002",1.07531747668314,1,64,64,64,1
"phase10_challenger_run","open_nb_elo_only_ablation","open_core","frozen","regulation_1x2","log_loss","tournament","within_tournament","wc2002",1.07796837296227,1,64,64,64,1
"phase10_challenger_run","poisson_team_ridge","open_core","frozen","regulation_1x2","log_loss","tournament","within_tournament","wc2002",1.08320798872195,1,64,64,64,1
"phase10_challenger_run","open_nb_elo_only_ablation","open_core","updating","regulation_scoreline","joint_scoreline_log_loss","tournament","within_tournament","wc2002",2.87060447795863,1,64,64,64,1
"phase10_challenger_run","open_nb_elo_only_ablation","open_core","frozen","regulation_scoreline","joint_scoreline_log_loss","tournament","within_tournament","wc2002",2.89146203958391,1,64,64,64,1
"phase10_challenger_run","poisson_team_ridge_elo","open_core","updating","regulation_scoreline","joint_scoreline_log_loss","tournament","within_tournament","wc2002",2.89218402827826,1,64,64,64,1
"phase10_challenger_run","poisson_team_ridge_elo_dc","open_core","updating","regulation_scoreline","joint_scoreline_log_loss","tournament","within_tournament","wc2002",2.89290533448064,1,64,64,64,1
"phase10_challenger_run","poisson_team_ridge_elo_bivpois","open_core","updating","regulation_scoreline","joint_scoreline_log_loss","tournament","within_tournament","wc2002",2.8947272085658,1,64,64,64,1
"phase10_challenger_run","poisson_team_ridge_elo","open_core","frozen","regulation_scoreline","joint_scoreline_log_loss","tournament","within_tournament","wc2002",2.9141435545928,1,64,64,64,1
"phase10_challenger_run","poisson_team_ridge_elo_dc","open_core","frozen","regulation_scoreline","joint_scoreline_log_loss","tournament","within_tournament","wc2002",2.91503300576707,1,64,64,64,1
"phase10_challenger_run","poisson_team_ridge_elo_bivpois","open_core","frozen","regulation_scoreline","joint_scoreline_log_loss","tournament","within_tournament","wc2002",2.91763328207456,1,64,64,64,1
"phase10_challenger_run","dynamic_goal_ability_elo","open_core","updating","regulation_scoreline","joint_scoreline_log_loss","tournament","within_tournament","wc2002",2.92298042367153,1,64,64,64,1
"phase10_challenger_run","dynamic_goal_ability_elo","open_core","frozen","regulation_scoreline","joint_scoreline_log_loss","tournament","within_tournament","wc2002",2.92615950553304,1,64,64,64,1
"phase10_challenger_run","dynamic_goal_ability","open_core","frozen","regulation_scoreline","joint_scoreline_log_loss","tournament","within_tournament","wc2002",2.92985234229516,1,64,64,64,1
"phase10_challenger_run","poisson_team_ridge","open_core","updating","regulation_scoreline","joint_scoreline_log_loss","tournament","within_tournament","wc2002",2.92986266334295,1,64,64,64,1
"phase10_challenger_run","dynamic_goal_ability","open_core","updating","regulation_scoreline","joint_scoreline_log_loss","tournament","within_tournament","wc2002",2.93035199373083,1,64,64,64,1
"phase10_challenger_run","poisson_team_ridge","open_core","frozen","regulation_scoreline","joint_scoreline_log_loss","tournament","within_tournament","wc2002",2.93370770455553,1,64,64,64,1
"phase10_challenger_run","poisson_team_ridge","open_core","frozen","regulation_scoreline","exact_score_hit","tournament","within_tournament","wc2006",0.09375,1,64,64,64,1
"phase10_challenger_run","poisson_team_ridge","open_core","updating","regulation_scoreline","exact_score_hit","tournament","within_tournament","wc2006",0.09375,1,64,64,64,1
"phase10_challenger_run","poisson_team_ridge_elo","open_core","updating","regulation_scoreline","exact_score_hit","tournament","within_tournament","wc2006",0.140625,1,64,64,64,1
"phase10_challenger_run","poisson_team_ridge_elo_bivpois","open_core","updating","regulation_scoreline","exact_score_hit","tournament","within_tournament","wc2006",0.140625,1,64,64,64,1
"phase10_challenger_run","poisson_team_ridge_elo_dc","open_core","updating","regulation_scoreline","exact_score_hit","tournament","within_tournament","wc2006",0.140625,1,64,64,64,1
"phase10_challenger_run","dynamic_goal_ability","open_core","updating","regulation_scoreline","exact_score_hit","tournament","within_tournament","wc2006",0.15625,1,64,64,64,1
"phase10_challenger_run","dynamic_goal_ability_elo","open_core","updating","regulation_scoreline","exact_score_hit","tournament","within_tournament","wc2006",0.15625,1,64,64,64,1
"phase10_challenger_run","open_nb_elo_only_ablation","open_core","frozen","regulation_scoreline","exact_score_hit","tournament","within_tournament","wc2006",0.15625,1,64,64,64,1
"phase10_challenger_run","poisson_team_ridge_elo","open_core","frozen","regulation_scoreline","exact_score_hit","tournament","within_tournament","wc2006",0.15625,1,64,64,64,1
"phase10_challenger_run","poisson_team_ridge_elo_bivpois","open_core","frozen","regulation_scoreline","exact_score_hit","tournament","within_tournament","wc2006",0.15625,1,64,64,64,1
"phase10_challenger_run","poisson_team_ridge_elo_dc","open_core","frozen","regulation_scoreline","exact_score_hit","tournament","within_tournament","wc2006",0.15625,1,64,64,64,1
"phase10_challenger_run","open_nb_elo_only_ablation","open_core","updating","regulation_1x2","rps","tournament","within_tournament","wc2006",0.170768553202115,1,64,64,64,1
"phase10_challenger_run","dynamic_goal_ability","open_core","frozen","regulation_scoreline","exact_score_hit","tournament","within_tournament","wc2006",0.171875,1,64,64,64,1
"phase10_challenger_run","dynamic_goal_ability_elo","open_core","frozen","regulation_scoreline","exact_score_hit","tournament","within_tournament","wc2006",0.171875,1,64,64,64,1
"phase10_challenger_run","open_nb_elo_only_ablation","open_core","updating","regulation_scoreline","exact_score_hit","tournament","within_tournament","wc2006",0.171875,1,64,64,64,1
"phase10_challenger_run","poisson_team_ridge_elo_bivpois","open_core","updating","regulation_1x2","rps","tournament","within_tournament","wc2006",0.176851918297275,1,64,64,64,1
"phase10_challenger_run","poisson_team_ridge_elo_dc","open_core","updating","regulation_1x2","rps","tournament","within_tournament","wc2006",0.176870944995035,1,64,64,64,1
"phase10_challenger_run","poisson_team_ridge_elo","open_core","updating","regulation_1x2","rps","tournament","within_tournament","wc2006",0.176879708898658,1,64,64,64,1
"phase10_challenger_run","dynamic_goal_ability_elo","open_core","updating","regulation_1x2","rps","tournament","within_tournament","wc2006",0.198220684525514,1,64,64,64,1
"phase10_challenger_run","open_nb_elo_only_ablation","open_core","frozen","regulation_1x2","rps","tournament","within_tournament","wc2006",0.204278458678397,1,64,64,64,1
"phase10_challenger_run","poisson_team_ridge_elo_bivpois","open_core","frozen","regulation_1x2","rps","tournament","within_tournament","wc2006",0.204534122419391,1,64,64,64,1
"phase10_challenger_run","poisson_team_ridge_elo_dc","open_core","frozen","regulation_1x2","rps","tournament","within_tournament","wc2006",0.20454978662172,1,64,64,64,1
"phase10_challenger_run","poisson_team_ridge_elo","open_core","frozen","regulation_1x2","rps","tournament","within_tournament","wc2006",0.204550614180104,1,64,64,64,1
"phase10_challenger_run","dynamic_goal_ability","open_core","updating","regulation_1x2","rps","tournament","within_tournament","wc2006",0.205304948359199,1,64,64,64,1
"phase10_challenger_run","dynamic_goal_ability_elo","open_core","frozen","regulation_1x2","rps","tournament","within_tournament","wc2006",0.211425286102377,1,64,64,64,1
"phase10_challenger_run","dynamic_goal_ability","open_core","frozen","regulation_1x2","rps","tournament","within_tournament","wc2006",0.213560175830328,1,64,64,64,1
"phase10_challenger_run","poisson_team_ridge","open_core","updating","regulation_1x2","rps","tournament","within_tournament","wc2006",0.215899809853198,1,64,64,64,1
"phase10_challenger_run","poisson_team_ridge","open_core","frozen","regulation_1x2","rps","tournament","within_tournament","wc2006",0.21774484998172,1,64,64,64,1
"phase10_challenger_run","dynamic_goal_ability_elo","open_core","frozen","btts","btts_brier","tournament","within_tournament","wc2006",0.231012936264777,1,64,64,64,1
"phase10_challenger_run","dynamic_goal_ability","open_core","frozen","btts","btts_brier","tournament","within_tournament","wc2006",0.231274041731059,1,64,64,64,1
"phase10_challenger_run","dynamic_goal_ability_elo","open_core","updating","btts","btts_brier","tournament","within_tournament","wc2006",0.231517261619187,1,64,64,64,1
"phase10_challenger_run","dynamic_goal_ability","open_core","updating","btts","btts_brier","tournament","within_tournament","wc2006",0.232201069792879,1,64,64,64,1
"phase10_challenger_run","open_nb_elo_only_ablation","open_core","updating","btts","btts_brier","tournament","within_tournament","wc2006",0.233004639637017,1,64,64,64,1
"phase10_challenger_run","open_nb_elo_only_ablation","open_core","frozen","btts","btts_brier","tournament","within_tournament","wc2006",0.237963800001612,1,64,64,64,1
"phase10_challenger_run","dynamic_goal_ability","open_core","updating","over_2_5","over_2_5_brier","tournament","within_tournament","wc2006",0.241253780676412,1,64,64,64,1
"phase10_challenger_run","dynamic_goal_ability","open_core","updating","under_2_5","under_2_5_brier","tournament","within_tournament","wc2006",0.241253780676412,1,64,64,64,1
"phase10_challenger_run","dynamic_goal_ability_elo","open_core","updating","over_2_5","over_2_5_brier","tournament","within_tournament","wc2006",0.241799366858654,1,64,64,64,1
"phase10_challenger_run","dynamic_goal_ability_elo","open_core","updating","under_2_5","under_2_5_brier","tournament","within_tournament","wc2006",0.241799366858654,1,64,64,64,1
"phase10_challenger_run","poisson_team_ridge_elo","open_core","updating","btts","btts_brier","tournament","within_tournament","wc2006",0.242117652146873,1,64,64,64,1
"phase10_challenger_run","poisson_team_ridge_elo_bivpois","open_core","updating","btts","btts_brier","tournament","within_tournament","wc2006",0.242169037873567,1,64,64,64,1
"phase10_challenger_run","poisson_team_ridge_elo_dc","open_core","updating","btts","btts_brier","tournament","within_tournament","wc2006",0.242218301919527,1,64,64,64,1
"phase10_challenger_run","poisson_team_ridge","open_core","updating","over_2_5","over_2_5_brier","tournament","within_tournament","wc2006",0.242230718882664,1,64,64,64,1
"phase10_challenger_run","poisson_team_ridge","open_core","updating","under_2_5","under_2_5_brier","tournament","within_tournament","wc2006",0.242230718882664,1,64,64,64,1
"phase10_challenger_run","open_nb_elo_only_ablation","open_core","frozen","over_2_5","over_2_5_brier","tournament","within_tournament","wc2006",0.242714771217526,1,64,64,64,1
"phase10_challenger_run","open_nb_elo_only_ablation","open_core","frozen","under_2_5","under_2_5_brier","tournament","within_tournament","wc2006",0.242714771217526,1,64,64,64,1
"phase10_challenger_run","poisson_team_ridge","open_core","frozen","over_2_5","over_2_5_brier","tournament","within_tournament","wc2006",0.242722528460496,1,64,64,64,1
"phase10_challenger_run","poisson_team_ridge","open_core","frozen","under_2_5","under_2_5_brier","tournament","within_tournament","wc2006",0.242722528460496,1,64,64,64,1
"phase10_challenger_run","poisson_team_ridge_elo_bivpois","open_core","frozen","over_2_5","over_2_5_brier","tournament","within_tournament","wc2006",0.243409563871694,1,64,64,64,1
"phase10_challenger_run","poisson_team_ridge_elo_bivpois","open_core","frozen","under_2_5","under_2_5_brier","tournament","within_tournament","wc2006",0.243409563871694,1,64,64,64,1
"phase10_challenger_run","poisson_team_ridge_elo","open_core","frozen","over_2_5","over_2_5_brier","tournament","within_tournament","wc2006",0.24343598667177,1,64,64,64,1
"phase10_challenger_run","poisson_team_ridge_elo_dc","open_core","frozen","over_2_5","over_2_5_brier","tournament","within_tournament","wc2006",0.24343598667177,1,64,64,64,1
"phase10_challenger_run","poisson_team_ridge_elo","open_core","frozen","under_2_5","under_2_5_brier","tournament","within_tournament","wc2006",0.24343598667177,1,64,64,64,1
"phase10_challenger_run","poisson_team_ridge_elo_dc","open_core","frozen","under_2_5","under_2_5_brier","tournament","within_tournament","wc2006",0.24343598667177,1,64,64,64,1
"phase10_challenger_run","dynamic_goal_ability","open_core","frozen","over_2_5","over_2_5_brier","tournament","within_tournament","wc2006",0.244193493364563,1,64,64,64,1
"phase10_challenger_run","dynamic_goal_ability","open_core","frozen","under_2_5","under_2_5_brier","tournament","within_tournament","wc2006",0.244193493364563,1,64,64,64,1
"phase10_challenger_run","dynamic_goal_ability_elo","open_core","frozen","over_2_5","over_2_5_brier","tournament","within_tournament","wc2006",0.244486892120793,1,64,64,64,1
"phase10_challenger_run","dynamic_goal_ability_elo","open_core","frozen","under_2_5","under_2_5_brier","tournament","within_tournament","wc2006",0.244486892120793,1,64,64,64,1
"phase10_challenger_run","poisson_team_ridge_elo_bivpois","open_core","updating","over_2_5","over_2_5_brier","tournament","within_tournament","wc2006",0.246700668587358,1,64,64,64,1
"phase10_challenger_run","poisson_team_ridge_elo_bivpois","open_core","updating","under_2_5","under_2_5_brier","tournament","within_tournament","wc2006",0.246700668587358,1,64,64,64,1
"phase10_challenger_run","poisson_team_ridge_elo","open_core","updating","under_2_5","under_2_5_brier","tournament","within_tournament","wc2006",0.246728648155527,1,64,64,64,1
"phase10_challenger_run","poisson_team_ridge_elo_dc","open_core","updating","under_2_5","under_2_5_brier","tournament","within_tournament","wc2006",0.246728648155527,1,64,64,64,1
"phase10_challenger_run","poisson_team_ridge_elo","open_core","updating","over_2_5","over_2_5_brier","tournament","within_tournament","wc2006",0.246728648155528,1,64,64,64,1
"phase10_challenger_run","poisson_team_ridge_elo_dc","open_core","updating","over_2_5","over_2_5_brier","tournament","within_tournament","wc2006",0.246728648155528,1,64,64,64,1
"phase10_challenger_run","open_nb_elo_only_ablation","open_core","updating","under_2_5","under_2_5_brier","tournament","within_tournament","wc2006",0.247376358011877,1,64,64,64,1
"phase10_challenger_run","open_nb_elo_only_ablation","open_core","updating","over_2_5","over_2_5_brier","tournament","within_tournament","wc2006",0.247376358011878,1,64,64,64,1
"phase10_challenger_run","poisson_team_ridge_elo","open_core","frozen","btts","btts_brier","tournament","within_tournament","wc2006",0.247543232640081,1,64,64,64,1
"phase10_challenger_run","poisson_team_ridge_elo_bivpois","open_core","frozen","btts","btts_brier","tournament","within_tournament","wc2006",0.247610946719531,1,64,64,64,1
"phase10_challenger_run","poisson_team_ridge_elo_dc","open_core","frozen","btts","btts_brier","tournament","within_tournament","wc2006",0.247666593877246,1,64,64,64,1
"phase10_challenger_run","poisson_team_ridge","open_core","updating","btts","btts_brier","tournament","within_tournament","wc2006",0.248482634424783,1,64,64,64,1
"phase10_challenger_run","poisson_team_ridge","open_core","frozen","btts","btts_brier","tournament","within_tournament","wc2006",0.248523129574216,1,64,64,64,1
"phase10_challenger_run","dynamic_goal_ability","open_core","frozen","regulation_1x2","winner_pick_accuracy","tournament","within_tournament","wc2006",0.484375,1,64,64,64,1
"phase10_challenger_run","dynamic_goal_ability","open_core","updating","regulation_1x2","winner_pick_accuracy","tournament","within_tournament","wc2006",0.484375,1,64,64,64,1
"phase10_challenger_run","dynamic_goal_ability_elo","open_core","frozen","regulation_1x2","winner_pick_accuracy","tournament","within_tournament","wc2006",0.484375,1,64,64,64,1
"phase10_challenger_run","dynamic_goal_ability_elo","open_core","updating","regulation_1x2","winner_pick_accuracy","tournament","within_tournament","wc2006",0.484375,1,64,64,64,1
"phase10_challenger_run","open_nb_elo_only_ablation","open_core","updating","away_goals","away_goal_rps","tournament","within_tournament","wc2006",0.48752753063288,1,64,64,64,1
"phase10_challenger_run","poisson_team_ridge","open_core","frozen","regulation_1x2","winner_pick_accuracy","tournament","within_tournament","wc2006",0.5,1,64,64,64,1
"phase10_challenger_run","poisson_team_ridge","open_core","updating","regulation_1x2","winner_pick_accuracy","tournament","within_tournament","wc2006",0.5,1,64,64,64,1
"phase10_challenger_run","poisson_team_ridge_elo","open_core","frozen","regulation_1x2","winner_pick_accuracy","tournament","within_tournament","wc2006",0.5,1,64,64,64,1
"phase10_challenger_run","poisson_team_ridge_elo_bivpois","open_core","frozen","regulation_1x2","winner_pick_accuracy","tournament","within_tournament","wc2006",0.5,1,64,64,64,1
"phase10_challenger_run","poisson_team_ridge_elo_dc","open_core","frozen","regulation_1x2","winner_pick_accuracy","tournament","within_tournament","wc2006",0.5,1,64,64,64,1
"phase10_challenger_run","poisson_team_ridge_elo","open_core","updating","away_goals","away_goal_rps","tournament","within_tournament","wc2006",0.506519979151455,1,64,64,64,1
"phase10_challenger_run","poisson_team_ridge_elo_bivpois","open_core","updating","away_goals","away_goal_rps","tournament","within_tournament","wc2006",0.506519979151455,1,64,64,64,1
"phase10_challenger_run","poisson_team_ridge_elo_dc","open_core","updating","away_goals","away_goal_rps","tournament","within_tournament","wc2006",0.506519979151455,1,64,64,64,1
"phase10_challenger_run","dynamic_goal_ability_elo","open_core","updating","away_goals","away_goal_rps","tournament","within_tournament","wc2006",0.519749008475249,1,64,64,64,1
"phase10_challenger_run","dynamic_goal_ability","open_core","updating","away_goals","away_goal_rps","tournament","within_tournament","wc2006",0.525517374612332,1,64,64,64,1
"phase10_challenger_run","open_nb_elo_only_ablation","open_core","updating","regulation_1x2","brier","tournament","within_tournament","wc2006",0.534765273092725,1,64,64,64,1
"phase10_challenger_run","dynamic_goal_ability","open_core","frozen","away_goals","away_goal_rps","tournament","within_tournament","wc2006",0.534965902289416,1,64,64,64,1
"phase10_challenger_run","dynamic_goal_ability_elo","open_core","frozen","away_goals","away_goal_rps","tournament","within_tournament","wc2006",0.53619924667721,1,64,64,64,1
"phase10_challenger_run","open_nb_elo_only_ablation","open_core","frozen","away_goals","away_goal_rps","tournament","within_tournament","wc2006",0.53710391413273,1,64,64,64,1
"phase10_challenger_run","poisson_team_ridge_elo_bivpois","open_core","updating","regulation_1x2","brier","tournament","within_tournament","wc2006",0.545153826864273,1,64,64,64,1
"phase10_challenger_run","poisson_team_ridge_elo_dc","open_core","updating","regulation_1x2","brier","tournament","within_tournament","wc2006",0.545176284487381,1,64,64,64,1
"phase10_challenger_run","poisson_team_ridge_elo","open_core","updating","regulation_1x2","brier","tournament","within_tournament","wc2006",0.54522886790912,1,64,64,64,1
"phase10_challenger_run","poisson_team_ridge","open_core","updating","away_goals","away_goal_rps","tournament","within_tournament","wc2006",0.546096310156591,1,64,64,64,1
"phase10_challenger_run","open_nb_elo_only_ablation","open_core","frozen","regulation_1x2","winner_pick_accuracy","tournament","within_tournament","wc2006",0.546875,1,64,64,64,1
"phase10_challenger_run","poisson_team_ridge","open_core","frozen","away_goals","away_goal_rps","tournament","within_tournament","wc2006",0.548262906471668,1,64,64,64,1
"phase10_challenger_run","poisson_team_ridge_elo","open_core","frozen","away_goals","away_goal_rps","tournament","within_tournament","wc2006",0.548782850373283,1,64,64,64,1
"phase10_challenger_run","poisson_team_ridge_elo_bivpois","open_core","frozen","away_goals","away_goal_rps","tournament","within_tournament","wc2006",0.548782850373283,1,64,64,64,1
"phase10_challenger_run","poisson_team_ridge_elo_dc","open_core","frozen","away_goals","away_goal_rps","tournament","within_tournament","wc2006",0.548782850373283,1,64,64,64,1
"phase10_challenger_run","poisson_team_ridge_elo","open_core","updating","regulation_1x2","winner_pick_accuracy","tournament","within_tournament","wc2006",0.5625,1,64,64,64,1
"phase10_challenger_run","poisson_team_ridge_elo_bivpois","open_core","updating","regulation_1x2","winner_pick_accuracy","tournament","within_tournament","wc2006",0.5625,1,64,64,64,1
"phase10_challenger_run","poisson_team_ridge_elo_dc","open_core","updating","regulation_1x2","winner_pick_accuracy","tournament","within_tournament","wc2006",0.5625,1,64,64,64,1
"phase10_challenger_run","dynamic_goal_ability_elo","open_core","updating","regulation_1x2","brier","tournament","within_tournament","wc2006",0.588317891395413,1,64,64,64,1
"phase10_challenger_run","dynamic_goal_ability","open_core","updating","regulation_1x2","brier","tournament","within_tournament","wc2006",0.603254296460765,1,64,64,64,1
"phase10_challenger_run","open_nb_elo_only_ablation","open_core","frozen","regulation_1x2","brier","tournament","within_tournament","wc2006",0.60364635815528,1,64,64,64,1
"phase10_challenger_run","poisson_team_ridge_elo_bivpois","open_core","frozen","regulation_1x2","brier","tournament","within_tournament","wc2006",0.603738995039062,1,64,64,64,1
"phase10_challenger_run","poisson_team_ridge_elo_dc","open_core","frozen","regulation_1x2","brier","tournament","within_tournament","wc2006",0.603768826535631,1,64,64,64,1
"phase10_challenger_run","poisson_team_ridge_elo","open_core","frozen","regulation_1x2","brier","tournament","within_tournament","wc2006",0.603773791885932,1,64,64,64,1
"phase10_challenger_run","poisson_team_ridge_elo","open_core","updating","home_goals","home_goal_rps","tournament","within_tournament","wc2006",0.617124842312576,1,64,64,64,1
"phase10_challenger_run","poisson_team_ridge_elo_bivpois","open_core","updating","home_goals","home_goal_rps","tournament","within_tournament","wc2006",0.617124842312576,1,64,64,64,1
"phase10_challenger_run","poisson_team_ridge_elo_dc","open_core","updating","home_goals","home_goal_rps","tournament","within_tournament","wc2006",0.617124842312576,1,64,64,64,1
"phase10_challenger_run","dynamic_goal_ability_elo","open_core","frozen","regulation_1x2","brier","tournament","within_tournament","wc2006",0.618606945074273,1,64,64,64,1
"phase10_challenger_run","open_nb_elo_only_ablation","open_core","updating","home_goals","home_goal_rps","tournament","within_tournament","wc2006",0.620251263104672,1,64,64,64,1
"phase10_challenger_run","dynamic_goal_ability","open_core","frozen","regulation_1x2","brier","tournament","within_tournament","wc2006",0.62299358439124,1,64,64,64,1
"phase10_challenger_run","open_nb_elo_only_ablation","open_core","updating","regulation_1x2","winner_pick_accuracy","tournament","within_tournament","wc2006",0.625,1,64,64,64,1
"phase10_challenger_run","poisson_team_ridge","open_core","updating","regulation_1x2","brier","tournament","within_tournament","wc2006",0.626529117473816,1,64,64,64,1
"phase10_challenger_run","poisson_team_ridge","open_core","frozen","regulation_1x2","brier","tournament","within_tournament","wc2006",0.630612568177423,1,64,64,64,1
"phase10_challenger_run","poisson_team_ridge_elo","open_core","frozen","home_goals","home_goal_rps","tournament","within_tournament","wc2006",0.644162430283311,1,64,64,64,1
"phase10_challenger_run","poisson_team_ridge_elo_dc","open_core","frozen","home_goals","home_goal_rps","tournament","within_tournament","wc2006",0.644162430283311,1,64,64,64,1
"phase10_challenger_run","poisson_team_ridge_elo_bivpois","open_core","frozen","home_goals","home_goal_rps","tournament","within_tournament","wc2006",0.644162430283312,1,64,64,64,1
"phase10_challenger_run","dynamic_goal_ability_elo","open_core","frozen","btts","btts_log_loss","tournament","within_tournament","wc2006",0.65553346586561,1,64,64,64,1
"phase10_challenger_run","dynamic_goal_ability","open_core","frozen","btts","btts_log_loss","tournament","within_tournament","wc2006",0.656098788358642,1,64,64,64,1
"phase10_challenger_run","dynamic_goal_ability_elo","open_core","updating","btts","btts_log_loss","tournament","within_tournament","wc2006",0.657118390460871,1,64,64,64,1
"phase10_challenger_run","open_nb_elo_only_ablation","open_core","frozen","home_goals","home_goal_rps","tournament","within_tournament","wc2006",0.657186111449009,1,64,64,64,1
"phase10_challenger_run","dynamic_goal_ability","open_core","updating","btts","btts_log_loss","tournament","within_tournament","wc2006",0.658564348184739,1,64,64,64,1
"phase10_challenger_run","open_nb_elo_only_ablation","open_core","updating","btts","btts_log_loss","tournament","within_tournament","wc2006",0.658804620703025,1,64,64,64,1
"phase10_challenger_run","dynamic_goal_ability_elo","open_core","updating","home_goals","home_goal_rps","tournament","within_tournament","wc2006",0.661527435083608,1,64,64,64,1
"phase10_challenger_run","open_nb_elo_only_ablation","open_core","frozen","btts","btts_log_loss","tournament","within_tournament","wc2006",0.669001376911128,1,64,64,64,1
"phase10_challenger_run","poisson_team_ridge","open_core","updating","home_goals","home_goal_rps","tournament","within_tournament","wc2006",0.670678877334081,1,64,64,64,1
"phase10_challenger_run","poisson_team_ridge","open_core","frozen","home_goals","home_goal_rps","tournament","within_tournament","wc2006",0.671721356239559,1,64,64,64,1
"phase10_challenger_run","dynamic_goal_ability","open_core","updating","home_goals","home_goal_rps","tournament","within_tournament","wc2006",0.672496290147516,1,64,64,64,1
"phase10_challenger_run","dynamic_goal_ability_elo","open_core","frozen","home_goals","home_goal_rps","tournament","within_tournament","wc2006",0.674066388311005,1,64,64,64,1
"phase10_challenger_run","poisson_team_ridge_elo","open_core","updating","btts","btts_log_loss","tournament","within_tournament","wc2006",0.677314833142563,1,64,64,64,1
"phase10_challenger_run","poisson_team_ridge_elo_bivpois","open_core","updating","btts","btts_log_loss","tournament","within_tournament","wc2006",0.677418005970406,1,64,64,64,1
"phase10_challenger_run","poisson_team_ridge_elo_dc","open_core","updating","btts","btts_log_loss","tournament","within_tournament","wc2006",0.677517150544038,1,64,64,64,1
"phase10_challenger_run","poisson_team_ridge","open_core","updating","over_2_5","over_2_5_log_loss","tournament","within_tournament","wc2006",0.677579837987532,1,64,64,64,1
"phase10_challenger_run","poisson_team_ridge","open_core","updating","under_2_5","under_2_5_log_loss","tournament","within_tournament","wc2006",0.677579837987533,1,64,64,64,1
"phase10_challenger_run","dynamic_goal_ability","open_core","updating","over_2_5","over_2_5_log_loss","tournament","within_tournament","wc2006",0.678342010971399,1,64,64,64,1
"phase10_challenger_run","dynamic_goal_ability","open_core","updating","under_2_5","under_2_5_log_loss","tournament","within_tournament","wc2006",0.678342010971399,1,64,64,64,1
"phase10_challenger_run","open_nb_elo_only_ablation","open_core","frozen","under_2_5","under_2_5_log_loss","tournament","within_tournament","wc2006",0.67854144312173,1,64,64,64,1
"phase10_challenger_run","open_nb_elo_only_ablation","open_core","frozen","over_2_5","over_2_5_log_loss","tournament","within_tournament","wc2006",0.678541443121731,1,64,64,64,1
"phase10_challenger_run","poisson_team_ridge","open_core","frozen","over_2_5","over_2_5_log_loss","tournament","within_tournament","wc2006",0.678581060834897,1,64,64,64,1
"phase10_challenger_run","poisson_team_ridge","open_core","frozen","under_2_5","under_2_5_log_loss","tournament","within_tournament","wc2006",0.678581060834897,1,64,64,64,1
"phase10_challenger_run","dynamic_goal_ability","open_core","frozen","home_goals","home_goal_rps","tournament","within_tournament","wc2006",0.678969966689302,1,64,64,64,1
"phase10_challenger_run","dynamic_goal_ability_elo","open_core","updating","under_2_5","under_2_5_log_loss","tournament","within_tournament","wc2006",0.679291196167917,1,64,64,64,1
"phase10_challenger_run","dynamic_goal_ability_elo","open_core","updating","over_2_5","over_2_5_log_loss","tournament","within_tournament","wc2006",0.679291196167918,1,64,64,64,1
"phase10_challenger_run","poisson_team_ridge_elo_bivpois","open_core","frozen","over_2_5","over_2_5_log_loss","tournament","within_tournament","wc2006",0.679739359537402,1,64,64,64,1
"phase10_challenger_run","poisson_team_ridge_elo_bivpois","open_core","frozen","under_2_5","under_2_5_log_loss","tournament","within_tournament","wc2006",0.679739359537402,1,64,64,64,1
"phase10_challenger_run","poisson_team_ridge_elo","open_core","frozen","under_2_5","under_2_5_log_loss","tournament","within_tournament","wc2006",0.679792992620896,1,64,64,64,1
"phase10_challenger_run","poisson_team_ridge_elo_dc","open_core","frozen","under_2_5","under_2_5_log_loss","tournament","within_tournament","wc2006",0.679792992620896,1,64,64,64,1
"phase10_challenger_run","poisson_team_ridge_elo","open_core","frozen","over_2_5","over_2_5_log_loss","tournament","within_tournament","wc2006",0.679792992620897,1,64,64,64,1
"phase10_challenger_run","poisson_team_ridge_elo_dc","open_core","frozen","over_2_5","over_2_5_log_loss","tournament","within_tournament","wc2006",0.679792992620897,1,64,64,64,1
"phase10_challenger_run","dynamic_goal_ability","open_core","frozen","over_2_5","over_2_5_log_loss","tournament","within_tournament","wc2006",0.685227929655987,1,64,64,64,1
"phase10_challenger_run","dynamic_goal_ability","open_core","frozen","under_2_5","under_2_5_log_loss","tournament","within_tournament","wc2006",0.685227929655987,1,64,64,64,1
"phase10_challenger_run","dynamic_goal_ability_elo","open_core","frozen","over_2_5","over_2_5_log_loss","tournament","within_tournament","wc2006",0.68574570215812,1,64,64,64,1
"phase10_challenger_run","dynamic_goal_ability_elo","open_core","frozen","under_2_5","under_2_5_log_loss","tournament","within_tournament","wc2006",0.68574570215812,1,64,64,64,1
"phase10_challenger_run","poisson_team_ridge_elo_bivpois","open_core","updating","over_2_5","over_2_5_log_loss","tournament","within_tournament","wc2006",0.686436961529039,1,64,64,64,1
"phase10_challenger_run","poisson_team_ridge_elo_bivpois","open_core","updating","under_2_5","under_2_5_log_loss","tournament","within_tournament","wc2006",0.686436961529039,1,64,64,64,1
"phase10_challenger_run","poisson_team_ridge_elo","open_core","updating","under_2_5","under_2_5_log_loss","tournament","within_tournament","wc2006",0.686494552354385,1,64,64,64,1
"phase10_challenger_run","poisson_team_ridge_elo_dc","open_core","updating","under_2_5","under_2_5_log_loss","tournament","within_tournament","wc2006",0.686494552354385,1,64,64,64,1
"phase10_challenger_run","poisson_team_ridge_elo","open_core","updating","over_2_5","over_2_5_log_loss","tournament","within_tournament","wc2006",0.686494552354386,1,64,64,64,1
"phase10_challenger_run","poisson_team_ridge_elo_dc","open_core","updating","over_2_5","over_2_5_log_loss","tournament","within_tournament","wc2006",0.686494552354386,1,64,64,64,1
"phase10_challenger_run","open_nb_elo_only_ablation","open_core","updating","under_2_5","under_2_5_log_loss","tournament","within_tournament","wc2006",0.687892021872633,1,64,64,64,1
"phase10_challenger_run","open_nb_elo_only_ablation","open_core","updating","over_2_5","over_2_5_log_loss","tournament","within_tournament","wc2006",0.687892021872634,1,64,64,64,1
"phase10_challenger_run","poisson_team_ridge_elo","open_core","frozen","btts","btts_log_loss","tournament","within_tournament","wc2006",0.68830654634873,1,64,64,64,1
"phase10_challenger_run","poisson_team_ridge_elo_bivpois","open_core","frozen","btts","btts_log_loss","tournament","within_tournament","wc2006",0.688442727233634,1,64,64,64,1
"phase10_challenger_run","poisson_team_ridge_elo_dc","open_core","frozen","btts","btts_log_loss","tournament","within_tournament","wc2006",0.688554996069826,1,64,64,64,1
"phase10_challenger_run","poisson_team_ridge","open_core","updating","btts","btts_log_loss","tournament","within_tournament","wc2006",0.690170350666315,1,64,64,64,1
"phase10_challenger_run","poisson_team_ridge","open_core","frozen","btts","btts_log_loss","tournament","within_tournament","wc2006",0.690236264596471,1,64,64,64,1
"phase10_challenger_run","open_nb_elo_only_ablation","open_core","updating","regulation_1x2","log_loss","tournament","within_tournament","wc2006",0.913391452724833,1,64,64,64,1
"phase10_challenger_run","poisson_team_ridge_elo_dc","open_core","updating","regulation_1x2","log_loss","tournament","within_tournament","wc2006",0.926736799676454,1,64,64,64,1
"phase10_challenger_run","poisson_team_ridge_elo_bivpois","open_core","updating","regulation_1x2","log_loss","tournament","within_tournament","wc2006",0.926756588680382,1,64,64,64,1
"phase10_challenger_run","poisson_team_ridge_elo","open_core","updating","regulation_1x2","log_loss","tournament","within_tournament","wc2006",0.926912742340334,1,64,64,64,1
"phase10_challenger_run","dynamic_goal_ability_elo","open_core","updating","regulation_1x2","log_loss","tournament","within_tournament","wc2006",0.98592554031064,1,64,64,64,1
"phase10_challenger_run","dynamic_goal_ability","open_core","updating","regulation_1x2","log_loss","tournament","within_tournament","wc2006",1.00729609459346,1,64,64,64,1
"phase10_challenger_run","poisson_team_ridge_elo_bivpois","open_core","frozen","regulation_1x2","log_loss","tournament","within_tournament","wc2006",1.00918250371572,1,64,64,64,1
"phase10_challenger_run","poisson_team_ridge_elo_dc","open_core","frozen","regulation_1x2","log_loss","tournament","within_tournament","wc2006",1.00918908460693,1,64,64,64,1
"phase10_challenger_run","poisson_team_ridge_elo","open_core","frozen","regulation_1x2","log_loss","tournament","within_tournament","wc2006",1.00926054512793,1,64,64,64,1
"phase10_challenger_run","open_nb_elo_only_ablation","open_core","frozen","regulation_1x2","log_loss","tournament","within_tournament","wc2006",1.00970635663742,1,64,64,64,1
"phase10_challenger_run","dynamic_goal_ability_elo","open_core","frozen","regulation_1x2","log_loss","tournament","within_tournament","wc2006",1.026917438815,1,64,64,64,1
"phase10_challenger_run","dynamic_goal_ability","open_core","frozen","regulation_1x2","log_loss","tournament","within_tournament","wc2006",1.03336152995136,1,64,64,64,1
"phase10_challenger_run","poisson_team_ridge","open_core","updating","regulation_1x2","log_loss","tournament","within_tournament","wc2006",1.04256952927353,1,64,64,64,1
"phase10_challenger_run","poisson_team_ridge","open_core","frozen","regulation_1x2","log_loss","tournament","within_tournament","wc2006",1.0480922939552,1,64,64,64,1
"phase10_challenger_run","poisson_team_ridge_elo_dc","open_core","updating","regulation_scoreline","joint_scoreline_log_loss","tournament","within_tournament","wc2006",2.6927451036257,1,64,64,64,1
"phase10_challenger_run","open_nb_elo_only_ablation","open_core","updating","regulation_scoreline","joint_scoreline_log_loss","tournament","within_tournament","wc2006",2.69283001786433,1,64,64,64,1
"phase10_challenger_run","poisson_team_ridge_elo","open_core","updating","regulation_scoreline","joint_scoreline_log_loss","tournament","within_tournament","wc2006",2.6930161161779,1,64,64,64,1
"phase10_challenger_run","poisson_team_ridge_elo_bivpois","open_core","updating","regulation_scoreline","joint_scoreline_log_loss","tournament","within_tournament","wc2006",2.69310552810645,1,64,64,64,1
"phase10_challenger_run","dynamic_goal_ability_elo","open_core","updating","regulation_scoreline","joint_scoreline_log_loss","tournament","within_tournament","wc2006",2.7788003457366,1,64,64,64,1
"phase10_challenger_run","poisson_team_ridge_elo_dc","open_core","frozen","regulation_scoreline","joint_scoreline_log_loss","tournament","within_tournament","wc2006",2.80042337424353,1,64,64,64,1
"phase10_challenger_run","poisson_team_ridge_elo","open_core","frozen","regulation_scoreline","joint_scoreline_log_loss","tournament","within_tournament","wc2006",2.80063420368225,1,64,64,64,1
"phase10_challenger_run","poisson_team_ridge_elo_bivpois","open_core","frozen","regulation_scoreline","joint_scoreline_log_loss","tournament","within_tournament","wc2006",2.801056779376,1,64,64,64,1
"phase10_challenger_run","open_nb_elo_only_ablation","open_core","frozen","regulation_scoreline","joint_scoreline_log_loss","tournament","within_tournament","wc2006",2.80298697780107,1,64,64,64,1
"phase10_challenger_run","dynamic_goal_ability","open_core","updating","regulation_scoreline","joint_scoreline_log_loss","tournament","within_tournament","wc2006",2.807234264742,1,64,64,64,1
"phase10_challenger_run","dynamic_goal_ability_elo","open_core","frozen","regulation_scoreline","joint_scoreline_log_loss","tournament","within_tournament","wc2006",2.82330497760529,1,64,64,64,1
"phase10_challenger_run","dynamic_goal_ability","open_core","frozen","regulation_scoreline","joint_scoreline_log_loss","tournament","within_tournament","wc2006",2.82984806377626,1,64,64,64,1
"phase10_challenger_run","poisson_team_ridge","open_core","updating","regulation_scoreline","joint_scoreline_log_loss","tournament","within_tournament","wc2006",2.83132482550204,1,64,64,64,1
"phase10_challenger_run","poisson_team_ridge","open_core","frozen","regulation_scoreline","joint_scoreline_log_loss","tournament","within_tournament","wc2006",2.83670738105692,1,64,64,64,1
"phase10_challenger_run","poisson_team_ridge_elo","open_core","frozen","regulation_scoreline","exact_score_hit","tournament","within_tournament","wc2010",0.09375,1,64,64,64,1
"phase10_challenger_run","poisson_team_ridge_elo_bivpois","open_core","frozen","regulation_scoreline","exact_score_hit","tournament","within_tournament","wc2010",0.09375,1,64,64,64,1
"phase10_challenger_run","poisson_team_ridge_elo_dc","open_core","frozen","regulation_scoreline","exact_score_hit","tournament","within_tournament","wc2010",0.09375,1,64,64,64,1
"phase10_challenger_run","open_nb_elo_only_ablation","open_core","frozen","regulation_scoreline","exact_score_hit","tournament","within_tournament","wc2010",0.109375,1,64,64,64,1
"phase10_challenger_run","poisson_team_ridge","open_core","frozen","regulation_scoreline","exact_score_hit","tournament","within_tournament","wc2010",0.125,1,64,64,64,1
"phase10_challenger_run","poisson_team_ridge","open_core","updating","regulation_scoreline","exact_score_hit","tournament","within_tournament","wc2010",0.140625,1,64,64,64,1
"phase10_challenger_run","poisson_team_ridge_elo","open_core","updating","regulation_scoreline","exact_score_hit","tournament","within_tournament","wc2010",0.15625,1,64,64,64,1
"phase10_challenger_run","poisson_team_ridge_elo_bivpois","open_core","updating","regulation_scoreline","exact_score_hit","tournament","within_tournament","wc2010",0.15625,1,64,64,64,1
"phase10_challenger_run","poisson_team_ridge_elo_dc","open_core","updating","regulation_scoreline","exact_score_hit","tournament","within_tournament","wc2010",0.171875,1,64,64,64,1
"phase10_challenger_run","dynamic_goal_ability","open_core","frozen","regulation_scoreline","exact_score_hit","tournament","within_tournament","wc2010",0.1875,1,64,64,64,1
"phase10_challenger_run","dynamic_goal_ability","open_core","updating","regulation_scoreline","exact_score_hit","tournament","within_tournament","wc2010",0.1875,1,64,64,64,1
"phase10_challenger_run","dynamic_goal_ability_elo","open_core","frozen","regulation_scoreline","exact_score_hit","tournament","within_tournament","wc2010",0.1875,1,64,64,64,1
"phase10_challenger_run","dynamic_goal_ability_elo","open_core","updating","regulation_scoreline","exact_score_hit","tournament","within_tournament","wc2010",0.1875,1,64,64,64,1
"phase10_challenger_run","open_nb_elo_only_ablation","open_core","updating","regulation_scoreline","exact_score_hit","tournament","within_tournament","wc2010",0.1875,1,64,64,64,1
"phase10_challenger_run","poisson_team_ridge_elo_dc","open_core","updating","regulation_1x2","rps","tournament","within_tournament","wc2010",0.191998790506285,1,64,64,64,1
"phase10_challenger_run","poisson_team_ridge_elo_bivpois","open_core","updating","regulation_1x2","rps","tournament","within_tournament","wc2010",0.19202372517973,1,64,64,64,1
"phase10_challenger_run","poisson_team_ridge_elo","open_core","updating","regulation_1x2","rps","tournament","within_tournament","wc2010",0.192024109560542,1,64,64,64,1
"phase10_challenger_run","open_nb_elo_only_ablation","open_core","updating","regulation_1x2","rps","tournament","within_tournament","wc2010",0.193529165658441,1,64,64,64,1
"phase10_challenger_run","dynamic_goal_ability_elo","open_core","updating","regulation_1x2","rps","tournament","within_tournament","wc2010",0.206205080476394,1,64,64,64,1
"phase10_challenger_run","dynamic_goal_ability_elo","open_core","frozen","regulation_1x2","rps","tournament","within_tournament","wc2010",0.211268139990071,1,64,64,64,1
"phase10_challenger_run","dynamic_goal_ability","open_core","updating","regulation_1x2","rps","tournament","within_tournament","wc2010",0.211289325785122,1,64,64,64,1
"phase10_challenger_run","dynamic_goal_ability","open_core","frozen","regulation_1x2","rps","tournament","within_tournament","wc2010",0.211547921220937,1,64,64,64,1
"phase10_challenger_run","poisson_team_ridge_elo_dc","open_core","frozen","regulation_1x2","rps","tournament","within_tournament","wc2010",0.220240300489864,1,64,64,64,1
"phase10_challenger_run","poisson_team_ridge_elo_bivpois","open_core","frozen","regulation_1x2","rps","tournament","within_tournament","wc2010",0.220250065467697,1,64,64,64,1
"phase10_challenger_run","poisson_team_ridge_elo","open_core","frozen","regulation_1x2","rps","tournament","within_tournament","wc2010",0.220250257285867,1,64,64,64,1
"phase10_challenger_run","poisson_team_ridge","open_core","updating","regulation_1x2","rps","tournament","within_tournament","wc2010",0.221599075466577,1,64,64,64,1
"phase10_challenger_run","poisson_team_ridge","open_core","frozen","regulation_1x2","rps","tournament","within_tournament","wc2010",0.22182667127266,1,64,64,64,1
"phase10_challenger_run","open_nb_elo_only_ablation","open_core","frozen","regulation_1x2","rps","tournament","within_tournament","wc2010",0.231056397765184,1,64,64,64,1
"phase10_challenger_run","poisson_team_ridge","open_core","updating","over_2_5","over_2_5_brier","tournament","within_tournament","wc2010",0.238229631867048,1,64,64,64,1
"phase10_challenger_run","poisson_team_ridge","open_core","updating","under_2_5","under_2_5_brier","tournament","within_tournament","wc2010",0.238229631867048,1,64,64,64,1
"phase10_challenger_run","poisson_team_ridge","open_core","frozen","over_2_5","over_2_5_brier","tournament","within_tournament","wc2010",0.238449529493964,1,64,64,64,1
"phase10_challenger_run","poisson_team_ridge","open_core","frozen","under_2_5","under_2_5_brier","tournament","within_tournament","wc2010",0.238449529493964,1,64,64,64,1
"phase10_challenger_run","poisson_team_ridge_elo_bivpois","open_core","frozen","over_2_5","over_2_5_brier","tournament","within_tournament","wc2010",0.239766730988182,1,64,64,64,1
"phase10_challenger_run","poisson_team_ridge_elo_bivpois","open_core","frozen","under_2_5","under_2_5_brier","tournament","within_tournament","wc2010",0.239766730988182,1,64,64,64,1
"phase10_challenger_run","poisson_team_ridge_elo","open_core","frozen","over_2_5","over_2_5_brier","tournament","within_tournament","wc2010",0.239766813644294,1,64,64,64,1
"phase10_challenger_run","poisson_team_ridge_elo_dc","open_core","frozen","over_2_5","over_2_5_brier","tournament","within_tournament","wc2010",0.239766813644294,1,64,64,64,1
"phase10_challenger_run","poisson_team_ridge_elo","open_core","frozen","under_2_5","under_2_5_brier","tournament","within_tournament","wc2010",0.239766813644294,1,64,64,64,1
"phase10_challenger_run","poisson_team_ridge_elo_dc","open_core","frozen","under_2_5","under_2_5_brier","tournament","within_tournament","wc2010",0.239766813644294,1,64,64,64,1
"phase10_challenger_run","poisson_team_ridge_elo_bivpois","open_core","updating","over_2_5","over_2_5_brier","tournament","within_tournament","wc2010",0.239893368551302,1,64,64,64,1
"phase10_challenger_run","poisson_team_ridge_elo_bivpois","open_core","updating","under_2_5","under_2_5_brier","tournament","within_tournament","wc2010",0.239893368551302,1,64,64,64,1
"phase10_challenger_run","poisson_team_ridge_elo","open_core","updating","over_2_5","over_2_5_brier","tournament","within_tournament","wc2010",0.239893505123527,1,64,64,64,1
"phase10_challenger_run","poisson_team_ridge_elo_dc","open_core","updating","over_2_5","over_2_5_brier","tournament","within_tournament","wc2010",0.239893505123527,1,64,64,64,1
"phase10_challenger_run","poisson_team_ridge_elo","open_core","updating","under_2_5","under_2_5_brier","tournament","within_tournament","wc2010",0.239893505123527,1,64,64,64,1
"phase10_challenger_run","poisson_team_ridge_elo_dc","open_core","updating","under_2_5","under_2_5_brier","tournament","within_tournament","wc2010",0.239893505123527,1,64,64,64,1
"phase10_challenger_run","open_nb_elo_only_ablation","open_core","frozen","over_2_5","over_2_5_brier","tournament","within_tournament","wc2010",0.244479852565451,1,64,64,64,1
"phase10_challenger_run","open_nb_elo_only_ablation","open_core","frozen","under_2_5","under_2_5_brier","tournament","within_tournament","wc2010",0.244479852565451,1,64,64,64,1
"phase10_challenger_run","poisson_team_ridge_elo","open_core","updating","btts","btts_brier","tournament","within_tournament","wc2010",0.245620705596728,1,64,64,64,1
"phase10_challenger_run","poisson_team_ridge_elo_bivpois","open_core","updating","btts","btts_brier","tournament","within_tournament","wc2010",0.245620966062543,1,64,64,64,1
"phase10_challenger_run","poisson_team_ridge_elo_dc","open_core","updating","btts","btts_brier","tournament","within_tournament","wc2010",0.245671606713507,1,64,64,64,1
"phase10_challenger_run","open_nb_elo_only_ablation","open_core","updating","btts","btts_brier","tournament","within_tournament","wc2010",0.245713129881246,1,64,64,64,1
"phase10_challenger_run","open_nb_elo_only_ablation","open_core","updating","over_2_5","over_2_5_brier","tournament","within_tournament","wc2010",0.245732922484081,1,64,64,64,1
"phase10_challenger_run","open_nb_elo_only_ablation","open_core","updating","under_2_5","under_2_5_brier","tournament","within_tournament","wc2010",0.245732922484081,1,64,64,64,1
"phase10_challenger_run","open_nb_elo_only_ablation","open_core","frozen","btts","btts_brier","tournament","within_tournament","wc2010",0.246871009333992,1,64,64,64,1
"phase10_challenger_run","poisson_team_ridge_elo","open_core","frozen","btts","btts_brier","tournament","within_tournament","wc2010",0.246928426911877,1,64,64,64,1
"phase10_challenger_run","poisson_team_ridge_elo_bivpois","open_core","frozen","btts","btts_brier","tournament","within_tournament","wc2010",0.246928891675884,1,64,64,64,1
"phase10_challenger_run","poisson_team_ridge","open_core","frozen","btts","btts_brier","tournament","within_tournament","wc2010",0.246957253965881,1,64,64,64,1
"phase10_challenger_run","poisson_team_ridge_elo_dc","open_core","frozen","btts","btts_brier","tournament","within_tournament","wc2010",0.247007014494182,1,64,64,64,1
"phase10_challenger_run","poisson_team_ridge","open_core","updating","btts","btts_brier","tournament","within_tournament","wc2010",0.247024153225363,1,64,64,64,1
"phase10_challenger_run","dynamic_goal_ability","open_core","frozen","btts","btts_brier","tournament","within_tournament","wc2010",0.247566236923421,1,64,64,64,1
"phase10_challenger_run","dynamic_goal_ability_elo","open_core","frozen","btts","btts_brier","tournament","within_tournament","wc2010",0.247705448612233,1,64,64,64,1
"phase10_challenger_run","dynamic_goal_ability","open_core","updating","btts","btts_brier","tournament","within_tournament","wc2010",0.249702711738834,1,64,64,64,1
"phase10_challenger_run","dynamic_goal_ability_elo","open_core","updating","btts","btts_brier","tournament","within_tournament","wc2010",0.250046082011158,1,64,64,64,1
"phase10_challenger_run","dynamic_goal_ability","open_core","frozen","over_2_5","over_2_5_brier","tournament","within_tournament","wc2010",0.250682312892281,1,64,64,64,1
"phase10_challenger_run","dynamic_goal_ability","open_core","frozen","under_2_5","under_2_5_brier","tournament","within_tournament","wc2010",0.250682312892281,1,64,64,64,1
"phase10_challenger_run","dynamic_goal_ability_elo","open_core","frozen","over_2_5","over_2_5_brier","tournament","within_tournament","wc2010",0.2509867180789,1,64,64,64,1
"phase10_challenger_run","dynamic_goal_ability_elo","open_core","frozen","under_2_5","under_2_5_brier","tournament","within_tournament","wc2010",0.2509867180789,1,64,64,64,1
"phase10_challenger_run","dynamic_goal_ability_elo","open_core","updating","over_2_5","over_2_5_brier","tournament","within_tournament","wc2010",0.252047686103551,1,64,64,64,1
"phase10_challenger_run","dynamic_goal_ability_elo","open_core","updating","under_2_5","under_2_5_brier","tournament","within_tournament","wc2010",0.252047686103551,1,64,64,64,1
"phase10_challenger_run","dynamic_goal_ability","open_core","updating","over_2_5","over_2_5_brier","tournament","within_tournament","wc2010",0.252618416181578,1,64,64,64,1
"phase10_challenger_run","dynamic_goal_ability","open_core","updating","under_2_5","under_2_5_brier","tournament","within_tournament","wc2010",0.252618416181578,1,64,64,64,1
"phase10_challenger_run","open_nb_elo_only_ablation","open_core","frozen","regulation_1x2","winner_pick_accuracy","tournament","within_tournament","wc2010",0.390625,1,64,64,64,1
"phase10_challenger_run","dynamic_goal_ability_elo","open_core","updating","regulation_1x2","winner_pick_accuracy","tournament","within_tournament","wc2010",0.4375,1,64,64,64,1
"phase10_challenger_run","dynamic_goal_ability_elo","open_core","updating","away_goals","away_goal_rps","tournament","within_tournament","wc2010",0.440874329783694,1,64,64,64,1
"phase10_challenger_run","dynamic_goal_ability","open_core","updating","away_goals","away_goal_rps","tournament","within_tournament","wc2010",0.447550589786375,1,64,64,64,1
"phase10_challenger_run","poisson_team_ridge_elo","open_core","updating","away_goals","away_goal_rps","tournament","within_tournament","wc2010",0.450153192247836,1,64,64,64,1
"phase10_challenger_run","poisson_team_ridge_elo_bivpois","open_core","updating","away_goals","away_goal_rps","tournament","within_tournament","wc2010",0.450153192247836,1,64,64,64,1
"phase10_challenger_run","poisson_team_ridge_elo_dc","open_core","updating","away_goals","away_goal_rps","tournament","within_tournament","wc2010",0.450153192247836,1,64,64,64,1
"phase10_challenger_run","dynamic_goal_ability","open_core","updating","regulation_1x2","winner_pick_accuracy","tournament","within_tournament","wc2010",0.453125,1,64,64,64,1
"phase10_challenger_run","open_nb_elo_only_ablation","open_core","updating","away_goals","away_goal_rps","tournament","within_tournament","wc2010",0.454004962958137,1,64,64,64,1
"phase10_challenger_run","dynamic_goal_ability","open_core","frozen","away_goals","away_goal_rps","tournament","within_tournament","wc2010",0.454429032631631,1,64,64,64,1
"phase10_challenger_run","dynamic_goal_ability_elo","open_core","frozen","away_goals","away_goal_rps","tournament","within_tournament","wc2010",0.455050139053333,1,64,64,64,1
"phase10_challenger_run","dynamic_goal_ability","open_core","frozen","regulation_1x2","winner_pick_accuracy","tournament","within_tournament","wc2010",0.46875,1,64,64,64,1
"phase10_challenger_run","dynamic_goal_ability_elo","open_core","frozen","regulation_1x2","winner_pick_accuracy","tournament","within_tournament","wc2010",0.46875,1,64,64,64,1
"phase10_challenger_run","poisson_team_ridge","open_core","updating","regulation_1x2","winner_pick_accuracy","tournament","within_tournament","wc2010",0.484375,1,64,64,64,1
"phase10_challenger_run","poisson_team_ridge","open_core","updating","away_goals","away_goal_rps","tournament","within_tournament","wc2010",0.487744781629055,1,64,64,64,1
"phase10_challenger_run","poisson_team_ridge_elo","open_core","frozen","away_goals","away_goal_rps","tournament","within_tournament","wc2010",0.489567578653788,1,64,64,64,1
"phase10_challenger_run","poisson_team_ridge_elo_bivpois","open_core","frozen","away_goals","away_goal_rps","tournament","within_tournament","wc2010",0.489567578653788,1,64,64,64,1
"phase10_challenger_run","poisson_team_ridge_elo_dc","open_core","frozen","away_goals","away_goal_rps","tournament","within_tournament","wc2010",0.489567578653788,1,64,64,64,1
"phase10_challenger_run","poisson_team_ridge","open_core","frozen","away_goals","away_goal_rps","tournament","within_tournament","wc2010",0.490966505638285,1,64,64,64,1
"phase10_challenger_run","poisson_team_ridge","open_core","frozen","regulation_1x2","winner_pick_accuracy","tournament","within_tournament","wc2010",0.5,1,64,64,64,1
"phase10_challenger_run","poisson_team_ridge_elo","open_core","frozen","regulation_1x2","winner_pick_accuracy","tournament","within_tournament","wc2010",0.5,1,64,64,64,1
"phase10_challenger_run","poisson_team_ridge_elo_bivpois","open_core","frozen","regulation_1x2","winner_pick_accuracy","tournament","within_tournament","wc2010",0.5,1,64,64,64,1
"phase10_challenger_run","poisson_team_ridge_elo_dc","open_core","frozen","regulation_1x2","winner_pick_accuracy","tournament","within_tournament","wc2010",0.5,1,64,64,64,1
"phase10_challenger_run","open_nb_elo_only_ablation","open_core","frozen","away_goals","away_goal_rps","tournament","within_tournament","wc2010",0.502934167018382,1,64,64,64,1
"phase10_challenger_run","open_nb_elo_only_ablation","open_core","updating","regulation_1x2","winner_pick_accuracy","tournament","within_tournament","wc2010",0.53125,1,64,64,64,1
"phase10_challenger_run","poisson_team_ridge_elo","open_core","updating","regulation_1x2","winner_pick_accuracy","tournament","within_tournament","wc2010",0.53125,1,64,64,64,1
"phase10_challenger_run","poisson_team_ridge_elo_bivpois","open_core","updating","regulation_1x2","winner_pick_accuracy","tournament","within_tournament","wc2010",0.53125,1,64,64,64,1
"phase10_challenger_run","poisson_team_ridge_elo_dc","open_core","updating","regulation_1x2","winner_pick_accuracy","tournament","within_tournament","wc2010",0.53125,1,64,64,64,1
"phase10_challenger_run","poisson_team_ridge_elo_dc","open_core","updating","regulation_1x2","brier","tournament","within_tournament","wc2010",0.581510414679887,1,64,64,64,1
"phase10_challenger_run","poisson_team_ridge_elo_bivpois","open_core","updating","regulation_1x2","brier","tournament","within_tournament","wc2010",0.581660960343296,1,64,64,64,1
"phase10_challenger_run","poisson_team_ridge_elo","open_core","updating","regulation_1x2","brier","tournament","within_tournament","wc2010",0.581662329005427,1,64,64,64,1
"phase10_challenger_run","open_nb_elo_only_ablation","open_core","updating","regulation_1x2","brier","tournament","within_tournament","wc2010",0.586469445237829,1,64,64,64,1
"phase10_challenger_run","dynamic_goal_ability_elo","open_core","updating","regulation_1x2","brier","tournament","within_tournament","wc2010",0.613029087717134,1,64,64,64,1
"phase10_challenger_run","dynamic_goal_ability_elo","open_core","frozen","regulation_1x2","brier","tournament","within_tournament","wc2010",0.62330173589407,1,64,64,64,1
"phase10_challenger_run","dynamic_goal_ability","open_core","frozen","regulation_1x2","brier","tournament","within_tournament","wc2010",0.623840299590152,1,64,64,64,1
"phase10_challenger_run","dynamic_goal_ability","open_core","updating","regulation_1x2","brier","tournament","within_tournament","wc2010",0.6241326296334,1,64,64,64,1
"phase10_challenger_run","poisson_team_ridge_elo_dc","open_core","frozen","regulation_1x2","brier","tournament","within_tournament","wc2010",0.640694997810052,1,64,64,64,1
"phase10_challenger_run","poisson_team_ridge_elo_bivpois","open_core","frozen","regulation_1x2","brier","tournament","within_tournament","wc2010",0.640754107481917,1,64,64,64,1
"phase10_challenger_run","poisson_team_ridge_elo","open_core","frozen","regulation_1x2","brier","tournament","within_tournament","wc2010",0.640754738586068,1,64,64,64,1
"phase10_challenger_run","poisson_team_ridge","open_core","updating","regulation_1x2","brier","tournament","within_tournament","wc2010",0.64459198239841,1,64,64,64,1
"phase10_challenger_run","poisson_team_ridge","open_core","frozen","regulation_1x2","brier","tournament","within_tournament","wc2010",0.644997660416602,1,64,64,64,1
"phase10_challenger_run","poisson_team_ridge_elo_bivpois","open_core","updating","home_goals","home_goal_rps","tournament","within_tournament","wc2010",0.662626125490535,1,64,64,64,1
"phase10_challenger_run","poisson_team_ridge_elo","open_core","updating","home_goals","home_goal_rps","tournament","within_tournament","wc2010",0.662626125490536,1,64,64,64,1
"phase10_challenger_run","poisson_team_ridge_elo_dc","open_core","updating","home_goals","home_goal_rps","tournament","within_tournament","wc2010",0.662626125490536,1,64,64,64,1
"phase10_challenger_run","open_nb_elo_only_ablation","open_core","frozen","regulation_1x2","brier","tournament","within_tournament","wc2010",0.66344922896635,1,64,64,64,1
"phase10_challenger_run","poisson_team_ridge","open_core","updating","over_2_5","over_2_5_log_loss","tournament","within_tournament","wc2010",0.669362233525573,1,64,64,64,1
"phase10_challenger_run","poisson_team_ridge","open_core","updating","under_2_5","under_2_5_log_loss","tournament","within_tournament","wc2010",0.669362233525573,1,64,64,64,1
"phase10_challenger_run","poisson_team_ridge","open_core","frozen","over_2_5","over_2_5_log_loss","tournament","within_tournament","wc2010",0.669839893531535,1,64,64,64,1
"phase10_challenger_run","poisson_team_ridge","open_core","frozen","under_2_5","under_2_5_log_loss","tournament","within_tournament","wc2010",0.669839893531536,1,64,64,64,1
"phase10_challenger_run","poisson_team_ridge_elo_bivpois","open_core","frozen","over_2_5","over_2_5_log_loss","tournament","within_tournament","wc2010",0.672533295300542,1,64,64,64,1
"phase10_challenger_run","poisson_team_ridge_elo_bivpois","open_core","frozen","under_2_5","under_2_5_log_loss","tournament","within_tournament","wc2010",0.672533295300542,1,64,64,64,1
"phase10_challenger_run","poisson_team_ridge_elo","open_core","frozen","over_2_5","over_2_5_log_loss","tournament","within_tournament","wc2010",0.672533468039118,1,64,64,64,1
"phase10_challenger_run","poisson_team_ridge_elo_dc","open_core","frozen","over_2_5","over_2_5_log_loss","tournament","within_tournament","wc2010",0.672533468039118,1,64,64,64,1
"phase10_challenger_run","poisson_team_ridge_elo","open_core","frozen","under_2_5","under_2_5_log_loss","tournament","within_tournament","wc2010",0.672533468039118,1,64,64,64,1
"phase10_challenger_run","poisson_team_ridge_elo_dc","open_core","frozen","under_2_5","under_2_5_log_loss","tournament","within_tournament","wc2010",0.672533468039118,1,64,64,64,1
"phase10_challenger_run","poisson_team_ridge_elo_bivpois","open_core","updating","over_2_5","over_2_5_log_loss","tournament","within_tournament","wc2010",0.672758288806995,1,64,64,64,1
"phase10_challenger_run","poisson_team_ridge_elo_bivpois","open_core","updating","under_2_5","under_2_5_log_loss","tournament","within_tournament","wc2010",0.672758288806995,1,64,64,64,1
"phase10_challenger_run","poisson_team_ridge_elo","open_core","updating","over_2_5","over_2_5_log_loss","tournament","within_tournament","wc2010",0.672758571147831,1,64,64,64,1
"phase10_challenger_run","poisson_team_ridge_elo_dc","open_core","updating","over_2_5","over_2_5_log_loss","tournament","within_tournament","wc2010",0.672758571147831,1,64,64,64,1
"phase10_challenger_run","poisson_team_ridge_elo","open_core","updating","under_2_5","under_2_5_log_loss","tournament","within_tournament","wc2010",0.672758571147831,1,64,64,64,1
"phase10_challenger_run","poisson_team_ridge_elo_dc","open_core","updating","under_2_5","under_2_5_log_loss","tournament","within_tournament","wc2010",0.672758571147831,1,64,64,64,1
"phase10_challenger_run","open_nb_elo_only_ablation","open_core","updating","home_goals","home_goal_rps","tournament","within_tournament","wc2010",0.675256105949787,1,64,64,64,1
"phase10_challenger_run","poisson_team_ridge","open_core","frozen","home_goals","home_goal_rps","tournament","within_tournament","wc2010",0.676970049366527,1,64,64,64,1
"phase10_challenger_run","poisson_team_ridge","open_core","updating","home_goals","home_goal_rps","tournament","within_tournament","wc2010",0.677599066665758,1,64,64,64,1
"phase10_challenger_run","poisson_team_ridge_elo","open_core","frozen","home_goals","home_goal_rps","tournament","within_tournament","wc2010",0.680279342782186,1,64,64,64,1
"phase10_challenger_run","poisson_team_ridge_elo_bivpois","open_core","frozen","home_goals","home_goal_rps","tournament","within_tournament","wc2010",0.680279342782186,1,64,64,64,1
"phase10_challenger_run","poisson_team_ridge_elo_dc","open_core","frozen","home_goals","home_goal_rps","tournament","within_tournament","wc2010",0.680279342782186,1,64,64,64,1
"phase10_challenger_run","open_nb_elo_only_ablation","open_core","frozen","over_2_5","over_2_5_log_loss","tournament","within_tournament","wc2010",0.682042721115437,1,64,64,64,1
"phase10_challenger_run","open_nb_elo_only_ablation","open_core","frozen","under_2_5","under_2_5_log_loss","tournament","within_tournament","wc2010",0.682042721115437,1,64,64,64,1
"phase10_challenger_run","poisson_team_ridge_elo","open_core","updating","btts","btts_log_loss","tournament","within_tournament","wc2010",0.684354774865937,1,64,64,64,1
"phase10_challenger_run","poisson_team_ridge_elo_bivpois","open_core","updating","btts","btts_log_loss","tournament","within_tournament","wc2010",0.684355296551016,1,64,64,64,1
"phase10_challenger_run","poisson_team_ridge_elo_dc","open_core","updating","btts","btts_log_loss","tournament","within_tournament","wc2010",0.684456886840096,1,64,64,64,1
"phase10_challenger_run","open_nb_elo_only_ablation","open_core","updating","under_2_5","under_2_5_log_loss","tournament","within_tournament","wc2010",0.68457156906494,1,64,64,64,1
"phase10_challenger_run","open_nb_elo_only_ablation","open_core","updating","over_2_5","over_2_5_log_loss","tournament","within_tournament","wc2010",0.684571569064941,1,64,64,64,1
"phase10_challenger_run","open_nb_elo_only_ablation","open_core","updating","btts","btts_log_loss","tournament","within_tournament","wc2010",0.684656089296768,1,64,64,64,1
"phase10_challenger_run","poisson_team_ridge_elo","open_core","frozen","btts","btts_log_loss","tournament","within_tournament","wc2010",0.686997316056622,1,64,64,64,1
"phase10_challenger_run","poisson_team_ridge_elo_bivpois","open_core","frozen","btts","btts_log_loss","tournament","within_tournament","wc2010",0.686998244486157,1,64,64,64,1
"phase10_challenger_run","open_nb_elo_only_ablation","open_core","frozen","btts","btts_log_loss","tournament","within_tournament","wc2010",0.687010589077345,1,64,64,64,1
"phase10_challenger_run","poisson_team_ridge","open_core","frozen","btts","btts_log_loss","tournament","within_tournament","wc2010",0.687058840659959,1,64,64,64,1
"phase10_challenger_run","poisson_team_ridge_elo_dc","open_core","frozen","btts","btts_log_loss","tournament","within_tournament","wc2010",0.687154361382912,1,64,64,64,1
"phase10_challenger_run","poisson_team_ridge","open_core","updating","btts","btts_log_loss","tournament","within_tournament","wc2010",0.687189634460947,1,64,64,64,1
"phase10_challenger_run","dynamic_goal_ability","open_core","frozen","btts","btts_log_loss","tournament","within_tournament","wc2010",0.689826841661131,1,64,64,64,1
"phase10_challenger_run","dynamic_goal_ability_elo","open_core","frozen","btts","btts_log_loss","tournament","within_tournament","wc2010",0.690101960340863,1,64,64,64,1
"phase10_challenger_run","dynamic_goal_ability_elo","open_core","frozen","home_goals","home_goal_rps","tournament","within_tournament","wc2010",0.691498915598311,1,64,64,64,1
"phase10_challenger_run","dynamic_goal_ability_elo","open_core","updating","home_goals","home_goal_rps","tournament","within_tournament","wc2010",0.691707529960787,1,64,64,64,1
"phase10_challenger_run","dynamic_goal_ability","open_core","frozen","home_goals","home_goal_rps","tournament","within_tournament","wc2010",0.691954903863652,1,64,64,64,1
"phase10_challenger_run","dynamic_goal_ability","open_core","updating","btts","btts_log_loss","tournament","within_tournament","wc2010",0.693815518657069,1,64,64,64,1
"phase10_challenger_run","dynamic_goal_ability_elo","open_core","updating","btts","btts_log_loss","tournament","within_tournament","wc2010",0.694525223186129,1,64,64,64,1
"phase10_challenger_run","dynamic_goal_ability","open_core","updating","home_goals","home_goal_rps","tournament","within_tournament","wc2010",0.69488669533784,1,64,64,64,1
"phase10_challenger_run","open_nb_elo_only_ablation","open_core","frozen","home_goals","home_goal_rps","tournament","within_tournament","wc2010",0.698152535319643,1,64,64,64,1
"phase10_challenger_run","dynamic_goal_ability","open_core","frozen","over_2_5","over_2_5_log_loss","tournament","within_tournament","wc2010",0.699746324779233,1,64,64,64,1
"phase10_challenger_run","dynamic_goal_ability","open_core","frozen","under_2_5","under_2_5_log_loss","tournament","within_tournament","wc2010",0.699746324779233,1,64,64,64,1
"phase10_challenger_run","dynamic_goal_ability_elo","open_core","frozen","over_2_5","over_2_5_log_loss","tournament","within_tournament","wc2010",0.700409688024824,1,64,64,64,1
"phase10_challenger_run","dynamic_goal_ability_elo","open_core","frozen","under_2_5","under_2_5_log_loss","tournament","within_tournament","wc2010",0.700409688024824,1,64,64,64,1
"phase10_challenger_run","dynamic_goal_ability_elo","open_core","updating","over_2_5","over_2_5_log_loss","tournament","within_tournament","wc2010",0.701982110546353,1,64,64,64,1
"phase10_challenger_run","dynamic_goal_ability_elo","open_core","updating","under_2_5","under_2_5_log_loss","tournament","within_tournament","wc2010",0.701982110546354,1,64,64,64,1
"phase10_challenger_run","dynamic_goal_ability","open_core","updating","over_2_5","over_2_5_log_loss","tournament","within_tournament","wc2010",0.703300885597425,1,64,64,64,1
"phase10_challenger_run","dynamic_goal_ability","open_core","updating","under_2_5","under_2_5_log_loss","tournament","within_tournament","wc2010",0.703300885597425,1,64,64,64,1
"phase10_challenger_run","poisson_team_ridge_elo_dc","open_core","updating","regulation_1x2","log_loss","tournament","within_tournament","wc2010",0.981854185277668,1,64,64,64,1
"phase10_challenger_run","poisson_team_ridge_elo_bivpois","open_core","updating","regulation_1x2","log_loss","tournament","within_tournament","wc2010",0.98214547523413,1,64,64,64,1
"phase10_challenger_run","poisson_team_ridge_elo","open_core","updating","regulation_1x2","log_loss","tournament","within_tournament","wc2010",0.982147835000009,1,64,64,64,1
"phase10_challenger_run","open_nb_elo_only_ablation","open_core","updating","regulation_1x2","log_loss","tournament","within_tournament","wc2010",0.989002756922018,1,64,64,64,1
"phase10_challenger_run","dynamic_goal_ability_elo","open_core","updating","regulation_1x2","log_loss","tournament","within_tournament","wc2010",1.02224584752244,1,64,64,64,1
"phase10_challenger_run","dynamic_goal_ability_elo","open_core","frozen","regulation_1x2","log_loss","tournament","within_tournament","wc2010",1.03670176185605,1,64,64,64,1
"phase10_challenger_run","dynamic_goal_ability","open_core","frozen","regulation_1x2","log_loss","tournament","within_tournament","wc2010",1.03679854830939,1,64,64,64,1
"phase10_challenger_run","dynamic_goal_ability","open_core","updating","regulation_1x2","log_loss","tournament","within_tournament","wc2010",1.03755171593628,1,64,64,64,1
"phase10_challenger_run","poisson_team_ridge_elo_dc","open_core","frozen","regulation_1x2","log_loss","tournament","within_tournament","wc2010",1.0656717948119,1,64,64,64,1
"phase10_challenger_run","poisson_team_ridge_elo_bivpois","open_core","frozen","regulation_1x2","log_loss","tournament","within_tournament","wc2010",1.06575946194791,1,64,64,64,1
"phase10_challenger_run","poisson_team_ridge_elo","open_core","frozen","regulation_1x2","log_loss","tournament","within_tournament","wc2010",1.06576040108893,1,64,64,64,1
"phase10_challenger_run","poisson_team_ridge","open_core","updating","regulation_1x2","log_loss","tournament","within_tournament","wc2010",1.06758010972485,1,64,64,64,1
"phase10_challenger_run","poisson_team_ridge","open_core","frozen","regulation_1x2","log_loss","tournament","within_tournament","wc2010",1.06811427142717,1,64,64,64,1
"phase10_challenger_run","open_nb_elo_only_ablation","open_core","frozen","regulation_1x2","log_loss","tournament","within_tournament","wc2010",1.09801656160368,1,64,64,64,1
"phase10_challenger_run","poisson_team_ridge_elo_dc","open_core","updating","regulation_scoreline","joint_scoreline_log_loss","tournament","within_tournament","wc2010",2.70494631023774,1,64,64,64,1
"phase10_challenger_run","poisson_team_ridge_elo_bivpois","open_core","updating","regulation_scoreline","joint_scoreline_log_loss","tournament","within_tournament","wc2010",2.70503083278102,1,64,64,64,1
"phase10_challenger_run","poisson_team_ridge_elo","open_core","updating","regulation_scoreline","joint_scoreline_log_loss","tournament","within_tournament","wc2010",2.70503108570891,1,64,64,64,1
"phase10_challenger_run","open_nb_elo_only_ablation","open_core","updating","regulation_scoreline","joint_scoreline_log_loss","tournament","within_tournament","wc2010",2.71604433351919,1,64,64,64,1
"phase10_challenger_run","dynamic_goal_ability_elo","open_core","updating","regulation_scoreline","joint_scoreline_log_loss","tournament","within_tournament","wc2010",2.75023365873975,1,64,64,64,1
"phase10_challenger_run","dynamic_goal_ability","open_core","updating","regulation_scoreline","joint_scoreline_log_loss","tournament","within_tournament","wc2010",2.76817968804559,1,64,64,64,1
"phase10_challenger_run","dynamic_goal_ability_elo","open_core","frozen","regulation_scoreline","joint_scoreline_log_loss","tournament","within_tournament","wc2010",2.77340087011182,1,64,64,64,1
"phase10_challenger_run","dynamic_goal_ability","open_core","frozen","regulation_scoreline","joint_scoreline_log_loss","tournament","within_tournament","wc2010",2.77347531031016,1,64,64,64,1
"phase10_challenger_run","poisson_team_ridge","open_core","updating","regulation_scoreline","joint_scoreline_log_loss","tournament","within_tournament","wc2010",2.79500737344408,1,64,64,64,1
"phase10_challenger_run","poisson_team_ridge","open_core","frozen","regulation_scoreline","joint_scoreline_log_loss","tournament","within_tournament","wc2010",2.79812592271409,1,64,64,64,1
"phase10_challenger_run","poisson_team_ridge_elo","open_core","frozen","regulation_scoreline","joint_scoreline_log_loss","tournament","within_tournament","wc2010",2.79908237714324,1,64,64,64,1
"phase10_challenger_run","poisson_team_ridge_elo_bivpois","open_core","frozen","regulation_scoreline","joint_scoreline_log_loss","tournament","within_tournament","wc2010",2.79908646402031,1,64,64,64,1
"phase10_challenger_run","poisson_team_ridge_elo_dc","open_core","frozen","regulation_scoreline","joint_scoreline_log_loss","tournament","within_tournament","wc2010",2.79914592740255,1,64,64,64,1
"phase10_challenger_run","open_nb_elo_only_ablation","open_core","frozen","regulation_scoreline","joint_scoreline_log_loss","tournament","within_tournament","wc2010",2.81902405080548,1,64,64,64,1
"phase10_challenger_run","dynamic_goal_ability","open_core","frozen","regulation_scoreline","exact_score_hit","tournament","within_tournament","wc2014",0.015625,1,64,64,64,1
"phase10_challenger_run","dynamic_goal_ability_elo","open_core","frozen","regulation_scoreline","exact_score_hit","tournament","within_tournament","wc2014",0.015625,1,64,64,64,1
"phase10_challenger_run","dynamic_goal_ability","open_core","updating","regulation_scoreline","exact_score_hit","tournament","within_tournament","wc2014",0.03125,1,64,64,64,1
"phase10_challenger_run","dynamic_goal_ability_elo","open_core","updating","regulation_scoreline","exact_score_hit","tournament","within_tournament","wc2014",0.046875,1,64,64,64,1
"phase10_challenger_run","poisson_team_ridge_elo","open_core","frozen","regulation_scoreline","exact_score_hit","tournament","within_tournament","wc2014",0.046875,1,64,64,64,1
"phase10_challenger_run","poisson_team_ridge_elo_bivpois","open_core","frozen","regulation_scoreline","exact_score_hit","tournament","within_tournament","wc2014",0.046875,1,64,64,64,1
"phase10_challenger_run","poisson_team_ridge_elo_dc","open_core","frozen","regulation_scoreline","exact_score_hit","tournament","within_tournament","wc2014",0.046875,1,64,64,64,1
"phase10_challenger_run","poisson_team_ridge","open_core","frozen","regulation_scoreline","exact_score_hit","tournament","within_tournament","wc2014",0.0625,1,64,64,64,1
"phase10_challenger_run","poisson_team_ridge","open_core","updating","regulation_scoreline","exact_score_hit","tournament","within_tournament","wc2014",0.0625,1,64,64,64,1
"phase10_challenger_run","poisson_team_ridge_elo","open_core","updating","regulation_scoreline","exact_score_hit","tournament","within_tournament","wc2014",0.0625,1,64,64,64,1
"phase10_challenger_run","poisson_team_ridge_elo_bivpois","open_core","updating","regulation_scoreline","exact_score_hit","tournament","within_tournament","wc2014",0.0625,1,64,64,64,1
"phase10_challenger_run","poisson_team_ridge_elo_dc","open_core","updating","regulation_scoreline","exact_score_hit","tournament","within_tournament","wc2014",0.0625,1,64,64,64,1
"phase10_challenger_run","open_nb_elo_only_ablation","open_core","frozen","regulation_scoreline","exact_score_hit","tournament","within_tournament","wc2014",0.078125,1,64,64,64,1
"phase10_challenger_run","open_nb_elo_only_ablation","open_core","updating","regulation_scoreline","exact_score_hit","tournament","within_tournament","wc2014",0.109375,1,64,64,64,1
"phase10_challenger_run","open_nb_elo_only_ablation","open_core","updating","regulation_1x2","rps","tournament","within_tournament","wc2014",0.209983245412281,1,64,64,64,1
"phase10_challenger_run","poisson_team_ridge_elo_bivpois","open_core","updating","regulation_1x2","rps","tournament","within_tournament","wc2014",0.211707679267376,1,64,64,64,1
"phase10_challenger_run","poisson_team_ridge_elo","open_core","updating","regulation_1x2","rps","tournament","within_tournament","wc2014",0.211707748321291,1,64,64,64,1
"phase10_challenger_run","poisson_team_ridge_elo_dc","open_core","updating","regulation_1x2","rps","tournament","within_tournament","wc2014",0.211707794580693,1,64,64,64,1
"phase10_challenger_run","dynamic_goal_ability_elo","open_core","updating","regulation_1x2","rps","tournament","within_tournament","wc2014",0.221132626511363,1,64,64,64,1
"phase10_challenger_run","poisson_team_ridge_elo_bivpois","open_core","frozen","regulation_1x2","rps","tournament","within_tournament","wc2014",0.221882273581637,1,64,64,64,1
"phase10_challenger_run","poisson_team_ridge_elo","open_core","frozen","regulation_1x2","rps","tournament","within_tournament","wc2014",0.221882383702337,1,64,64,64,1
"phase10_challenger_run","poisson_team_ridge_elo_dc","open_core","frozen","regulation_1x2","rps","tournament","within_tournament","wc2014",0.221882405690256,1,64,64,64,1
"phase10_challenger_run","dynamic_goal_ability","open_core","updating","regulation_1x2","rps","tournament","within_tournament","wc2014",0.224866317422178,1,64,64,64,1
"phase10_challenger_run","open_nb_elo_only_ablation","open_core","frozen","regulation_1x2","rps","tournament","within_tournament","wc2014",0.226029159392439,1,64,64,64,1
"phase10_challenger_run","poisson_team_ridge","open_core","updating","regulation_1x2","rps","tournament","within_tournament","wc2014",0.226776697620418,1,64,64,64,1
"phase10_challenger_run","dynamic_goal_ability_elo","open_core","frozen","regulation_1x2","rps","tournament","within_tournament","wc2014",0.228203111604373,1,64,64,64,1
"phase10_challenger_run","poisson_team_ridge","open_core","frozen","regulation_1x2","rps","tournament","within_tournament","wc2014",0.228523339082865,1,64,64,64,1
"phase10_challenger_run","dynamic_goal_ability","open_core","frozen","regulation_1x2","rps","tournament","within_tournament","wc2014",0.229905174663264,1,64,64,64,1
"phase10_challenger_run","poisson_team_ridge_elo","open_core","frozen","over_2_5","over_2_5_brier","tournament","within_tournament","wc2014",0.247873778692029,1,64,64,64,1
"phase10_challenger_run","poisson_team_ridge_elo_dc","open_core","frozen","over_2_5","over_2_5_brier","tournament","within_tournament","wc2014",0.247873778692029,1,64,64,64,1
"phase10_challenger_run","poisson_team_ridge_elo","open_core","frozen","under_2_5","under_2_5_brier","tournament","within_tournament","wc2014",0.247873778692029,1,64,64,64,1
"phase10_challenger_run","poisson_team_ridge_elo_dc","open_core","frozen","under_2_5","under_2_5_brier","tournament","within_tournament","wc2014",0.247873778692029,1,64,64,64,1
"phase10_challenger_run","poisson_team_ridge_elo_bivpois","open_core","frozen","over_2_5","over_2_5_brier","tournament","within_tournament","wc2014",0.247874373980545,1,64,64,64,1
"phase10_challenger_run","poisson_team_ridge_elo_bivpois","open_core","frozen","under_2_5","under_2_5_brier","tournament","within_tournament","wc2014",0.247874373980545,1,64,64,64,1
"phase10_challenger_run","poisson_team_ridge","open_core","frozen","btts","btts_brier","tournament","within_tournament","wc2014",0.24799638424526,1,64,64,64,1
"phase10_challenger_run","poisson_team_ridge_elo_dc","open_core","frozen","btts","btts_brier","tournament","within_tournament","wc2014",0.249376909384484,1,64,64,64,1
"phase10_challenger_run","poisson_team_ridge_elo","open_core","frozen","btts","btts_brier","tournament","within_tournament","wc2014",0.249377117410546,1,64,64,64,1
"phase10_challenger_run","poisson_team_ridge_elo_bivpois","open_core","frozen","btts","btts_brier","tournament","within_tournament","wc2014",0.249377442086956,1,64,64,64,1
"phase10_challenger_run","poisson_team_ridge_elo","open_core","updating","over_2_5","over_2_5_brier","tournament","within_tournament","wc2014",0.249773922362925,1,64,64,64,1
"phase10_challenger_run","poisson_team_ridge_elo_dc","open_core","updating","over_2_5","over_2_5_brier","tournament","within_tournament","wc2014",0.249773922362925,1,64,64,64,1
"phase10_challenger_run","poisson_team_ridge_elo","open_core","updating","under_2_5","under_2_5_brier","tournament","within_tournament","wc2014",0.249773922362925,1,64,64,64,1
"phase10_challenger_run","poisson_team_ridge_elo_dc","open_core","updating","under_2_5","under_2_5_brier","tournament","within_tournament","wc2014",0.249773922362925,1,64,64,64,1
"phase10_challenger_run","poisson_team_ridge_elo_bivpois","open_core","updating","over_2_5","over_2_5_brier","tournament","within_tournament","wc2014",0.249774343686473,1,64,64,64,1
"phase10_challenger_run","poisson_team_ridge_elo_bivpois","open_core","updating","under_2_5","under_2_5_brier","tournament","within_tournament","wc2014",0.249774343686474,1,64,64,64,1
"phase10_challenger_run","poisson_team_ridge","open_core","updating","btts","btts_brier","tournament","within_tournament","wc2014",0.250010775519894,1,64,64,64,1
"phase10_challenger_run","poisson_team_ridge_elo_dc","open_core","updating","btts","btts_brier","tournament","within_tournament","wc2014",0.250600130676797,1,64,64,64,1
"phase10_challenger_run","poisson_team_ridge_elo","open_core","updating","btts","btts_brier","tournament","within_tournament","wc2014",0.250600234712005,1,64,64,64,1
"phase10_challenger_run","poisson_team_ridge_elo_bivpois","open_core","updating","btts","btts_brier","tournament","within_tournament","wc2014",0.250600280404093,1,64,64,64,1
"phase10_challenger_run","poisson_team_ridge","open_core","frozen","over_2_5","over_2_5_brier","tournament","within_tournament","wc2014",0.250848978441415,1,64,64,64,1
"phase10_challenger_run","poisson_team_ridge","open_core","frozen","under_2_5","under_2_5_brier","tournament","within_tournament","wc2014",0.250848978441415,1,64,64,64,1
"phase10_challenger_run","poisson_team_ridge","open_core","updating","over_2_5","over_2_5_brier","tournament","within_tournament","wc2014",0.25161189365392,1,64,64,64,1
"phase10_challenger_run","poisson_team_ridge","open_core","updating","under_2_5","under_2_5_brier","tournament","within_tournament","wc2014",0.25161189365392,1,64,64,64,1
"phase10_challenger_run","open_nb_elo_only_ablation","open_core","updating","over_2_5","over_2_5_brier","tournament","within_tournament","wc2014",0.25296848713957,1,64,64,64,1
"phase10_challenger_run","open_nb_elo_only_ablation","open_core","updating","under_2_5","under_2_5_brier","tournament","within_tournament","wc2014",0.252968487139571,1,64,64,64,1
"phase10_challenger_run","open_nb_elo_only_ablation","open_core","frozen","over_2_5","over_2_5_brier","tournament","within_tournament","wc2014",0.25377025637179,1,64,64,64,1
"phase10_challenger_run","open_nb_elo_only_ablation","open_core","frozen","under_2_5","under_2_5_brier","tournament","within_tournament","wc2014",0.253770256371791,1,64,64,64,1
"phase10_challenger_run","open_nb_elo_only_ablation","open_core","frozen","btts","btts_brier","tournament","within_tournament","wc2014",0.256985761376231,1,64,64,64,1
"phase10_challenger_run","open_nb_elo_only_ablation","open_core","updating","btts","btts_brier","tournament","within_tournament","wc2014",0.257080073733828,1,64,64,64,1
"phase10_challenger_run","dynamic_goal_ability","open_core","frozen","btts","btts_brier","tournament","within_tournament","wc2014",0.259313174613152,1,64,64,64,1
"phase10_challenger_run","dynamic_goal_ability_elo","open_core","frozen","btts","btts_brier","tournament","within_tournament","wc2014",0.25960061949804,1,64,64,64,1
"phase10_challenger_run","dynamic_goal_ability","open_core","updating","btts","btts_brier","tournament","within_tournament","wc2014",0.263540436495173,1,64,64,64,1
"phase10_challenger_run","dynamic_goal_ability_elo","open_core","updating","btts","btts_brier","tournament","within_tournament","wc2014",0.263785241500023,1,64,64,64,1
"phase10_challenger_run","dynamic_goal_ability_elo","open_core","updating","over_2_5","over_2_5_brier","tournament","within_tournament","wc2014",0.276683938579897,1,64,64,64,1
"phase10_challenger_run","dynamic_goal_ability_elo","open_core","updating","under_2_5","under_2_5_brier","tournament","within_tournament","wc2014",0.276683938579897,1,64,64,64,1
"phase10_challenger_run","dynamic_goal_ability","open_core","updating","over_2_5","over_2_5_brier","tournament","within_tournament","wc2014",0.277651405293423,1,64,64,64,1
"phase10_challenger_run","dynamic_goal_ability","open_core","updating","under_2_5","under_2_5_brier","tournament","within_tournament","wc2014",0.277651405293423,1,64,64,64,1
"phase10_challenger_run","dynamic_goal_ability_elo","open_core","frozen","over_2_5","over_2_5_brier","tournament","within_tournament","wc2014",0.281517004136545,1,64,64,64,1
"phase10_challenger_run","dynamic_goal_ability_elo","open_core","frozen","under_2_5","under_2_5_brier","tournament","within_tournament","wc2014",0.281517004136545,1,64,64,64,1
"phase10_challenger_run","dynamic_goal_ability","open_core","frozen","over_2_5","over_2_5_brier","tournament","within_tournament","wc2014",0.282355253047902,1,64,64,64,1
"phase10_challenger_run","dynamic_goal_ability","open_core","frozen","under_2_5","under_2_5_brier","tournament","within_tournament","wc2014",0.282355253047902,1,64,64,64,1
"phase10_challenger_run","open_nb_elo_only_ablation","open_core","frozen","regulation_1x2","winner_pick_accuracy","tournament","within_tournament","wc2014",0.40625,1,64,64,64,1
"phase10_challenger_run","poisson_team_ridge","open_core","frozen","regulation_1x2","winner_pick_accuracy","tournament","within_tournament","wc2014",0.421875,1,64,64,64,1
"phase10_challenger_run","dynamic_goal_ability","open_core","updating","regulation_1x2","winner_pick_accuracy","tournament","within_tournament","wc2014",0.4375,1,64,64,64,1
"phase10_challenger_run","poisson_team_ridge","open_core","updating","regulation_1x2","winner_pick_accuracy","tournament","within_tournament","wc2014",0.4375,1,64,64,64,1
"phase10_challenger_run","poisson_team_ridge_elo","open_core","frozen","regulation_1x2","winner_pick_accuracy","tournament","within_tournament","wc2014",0.453125,1,64,64,64,1
"phase10_challenger_run","poisson_team_ridge_elo_bivpois","open_core","frozen","regulation_1x2","winner_pick_accuracy","tournament","within_tournament","wc2014",0.453125,1,64,64,64,1
"phase10_challenger_run","poisson_team_ridge_elo_dc","open_core","frozen","regulation_1x2","winner_pick_accuracy","tournament","within_tournament","wc2014",0.453125,1,64,64,64,1
"phase10_challenger_run","dynamic_goal_ability","open_core","frozen","regulation_1x2","winner_pick_accuracy","tournament","within_tournament","wc2014",0.46875,1,64,64,64,1
"phase10_challenger_run","dynamic_goal_ability_elo","open_core","frozen","regulation_1x2","winner_pick_accuracy","tournament","within_tournament","wc2014",0.484375,1,64,64,64,1
"phase10_challenger_run","dynamic_goal_ability_elo","open_core","updating","regulation_1x2","winner_pick_accuracy","tournament","within_tournament","wc2014",0.5,1,64,64,64,1
"phase10_challenger_run","open_nb_elo_only_ablation","open_core","updating","regulation_1x2","winner_pick_accuracy","tournament","within_tournament","wc2014",0.546875,1,64,64,64,1
"phase10_challenger_run","poisson_team_ridge_elo","open_core","updating","regulation_1x2","winner_pick_accuracy","tournament","within_tournament","wc2014",0.5625,1,64,64,64,1
"phase10_challenger_run","poisson_team_ridge_elo_bivpois","open_core","updating","regulation_1x2","winner_pick_accuracy","tournament","within_tournament","wc2014",0.5625,1,64,64,64,1
"phase10_challenger_run","poisson_team_ridge_elo_dc","open_core","updating","regulation_1x2","winner_pick_accuracy","tournament","within_tournament","wc2014",0.5625,1,64,64,64,1
"phase10_challenger_run","poisson_team_ridge_elo","open_core","frozen","home_goals","home_goal_rps","tournament","within_tournament","wc2014",0.57598220436396,1,64,64,64,1
"phase10_challenger_run","poisson_team_ridge_elo_dc","open_core","frozen","home_goals","home_goal_rps","tournament","within_tournament","wc2014",0.57598220436396,1,64,64,64,1
"phase10_challenger_run","poisson_team_ridge_elo_bivpois","open_core","frozen","home_goals","home_goal_rps","tournament","within_tournament","wc2014",0.575982204363961,1,64,64,64,1
"phase10_challenger_run","open_nb_elo_only_ablation","open_core","frozen","home_goals","home_goal_rps","tournament","within_tournament","wc2014",0.579189250815914,1,64,64,64,1
"phase10_challenger_run","open_nb_elo_only_ablation","open_core","updating","home_goals","home_goal_rps","tournament","within_tournament","wc2014",0.584658938474891,1,64,64,64,1
"phase10_challenger_run","poisson_team_ridge_elo_dc","open_core","updating","home_goals","home_goal_rps","tournament","within_tournament","wc2014",0.594249578168236,1,64,64,64,1
"phase10_challenger_run","poisson_team_ridge_elo","open_core","updating","home_goals","home_goal_rps","tournament","within_tournament","wc2014",0.594249578168237,1,64,64,64,1
"phase10_challenger_run","poisson_team_ridge_elo_bivpois","open_core","updating","home_goals","home_goal_rps","tournament","within_tournament","wc2014",0.594249578168237,1,64,64,64,1
"phase10_challenger_run","poisson_team_ridge","open_core","frozen","home_goals","home_goal_rps","tournament","within_tournament","wc2014",0.594767251740393,1,64,64,64,1
"phase10_challenger_run","poisson_team_ridge","open_core","updating","home_goals","home_goal_rps","tournament","within_tournament","wc2014",0.596335886576376,1,64,64,64,1
"phase10_challenger_run","dynamic_goal_ability_elo","open_core","frozen","home_goals","home_goal_rps","tournament","within_tournament","wc2014",0.606982089374981,1,64,64,64,1
"phase10_challenger_run","dynamic_goal_ability_elo","open_core","updating","home_goals","home_goal_rps","tournament","within_tournament","wc2014",0.607536768340543,1,64,64,64,1
"phase10_challenger_run","dynamic_goal_ability","open_core","updating","home_goals","home_goal_rps","tournament","within_tournament","wc2014",0.61190262728229,1,64,64,64,1
"phase10_challenger_run","dynamic_goal_ability","open_core","frozen","home_goals","home_goal_rps","tournament","within_tournament","wc2014",0.612706218992828,1,64,64,64,1
"phase10_challenger_run","open_nb_elo_only_ablation","open_core","updating","regulation_1x2","brier","tournament","within_tournament","wc2014",0.616758823568455,1,64,64,64,1
"phase10_challenger_run","poisson_team_ridge_elo_bivpois","open_core","updating","regulation_1x2","brier","tournament","within_tournament","wc2014",0.622126327502207,1,64,64,64,1
"phase10_challenger_run","poisson_team_ridge_elo","open_core","updating","regulation_1x2","brier","tournament","within_tournament","wc2014",0.62212644343221,1,64,64,64,1
"phase10_challenger_run","poisson_team_ridge_elo_dc","open_core","updating","regulation_1x2","brier","tournament","within_tournament","wc2014",0.622126720988619,1,64,64,64,1
"phase10_challenger_run","poisson_team_ridge_elo_bivpois","open_core","frozen","regulation_1x2","brier","tournament","within_tournament","wc2014",0.637905707736786,1,64,64,64,1
"phase10_challenger_run","poisson_team_ridge_elo","open_core","frozen","regulation_1x2","brier","tournament","within_tournament","wc2014",0.637906061338962,1,64,64,64,1
"phase10_challenger_run","poisson_team_ridge_elo_dc","open_core","frozen","regulation_1x2","brier","tournament","within_tournament","wc2014",0.637906193266477,1,64,64,64,1
"phase10_challenger_run","dynamic_goal_ability_elo","open_core","updating","regulation_1x2","brier","tournament","within_tournament","wc2014",0.640714303279207,1,64,64,64,1
"phase10_challenger_run","open_nb_elo_only_ablation","open_core","frozen","regulation_1x2","brier","tournament","within_tournament","wc2014",0.645587237856909,1,64,64,64,1
"phase10_challenger_run","dynamic_goal_ability","open_core","updating","regulation_1x2","brier","tournament","within_tournament","wc2014",0.647224193290398,1,64,64,64,1
"phase10_challenger_run","poisson_team_ridge","open_core","updating","regulation_1x2","brier","tournament","within_tournament","wc2014",0.649326011010894,1,64,64,64,1
"phase10_challenger_run","poisson_team_ridge","open_core","frozen","regulation_1x2","brier","tournament","within_tournament","wc2014",0.652528257912834,1,64,64,64,1
"phase10_challenger_run","dynamic_goal_ability_elo","open_core","frozen","regulation_1x2","brier","tournament","within_tournament","wc2014",0.653472175329003,1,64,64,64,1
"phase10_challenger_run","dynamic_goal_ability","open_core","frozen","regulation_1x2","brier","tournament","within_tournament","wc2014",0.657168477727839,1,64,64,64,1
"phase10_challenger_run","poisson_team_ridge_elo","open_core","frozen","over_2_5","over_2_5_log_loss","tournament","within_tournament","wc2014",0.688719539336718,1,64,64,64,1
"phase10_challenger_run","poisson_team_ridge_elo_dc","open_core","frozen","over_2_5","over_2_5_log_loss","tournament","within_tournament","wc2014",0.688719539336718,1,64,64,64,1
"phase10_challenger_run","poisson_team_ridge_elo","open_core","frozen","under_2_5","under_2_5_log_loss","tournament","within_tournament","wc2014",0.688719539336718,1,64,64,64,1
"phase10_challenger_run","poisson_team_ridge_elo_dc","open_core","frozen","under_2_5","under_2_5_log_loss","tournament","within_tournament","wc2014",0.688719539336718,1,64,64,64,1
"phase10_challenger_run","poisson_team_ridge_elo_bivpois","open_core","frozen","over_2_5","over_2_5_log_loss","tournament","within_tournament","wc2014",0.688720753322311,1,64,64,64,1
"phase10_challenger_run","poisson_team_ridge_elo_bivpois","open_core","frozen","under_2_5","under_2_5_log_loss","tournament","within_tournament","wc2014",0.688720753322311,1,64,64,64,1
"phase10_challenger_run","poisson_team_ridge","open_core","frozen","btts","btts_log_loss","tournament","within_tournament","wc2014",0.689091154798961,1,64,64,64,1
"phase10_challenger_run","poisson_team_ridge_elo_dc","open_core","frozen","btts","btts_log_loss","tournament","within_tournament","wc2014",0.691865588445401,1,64,64,64,1
"phase10_challenger_run","poisson_team_ridge_elo","open_core","frozen","btts","btts_log_loss","tournament","within_tournament","wc2014",0.691866005675912,1,64,64,64,1
"phase10_challenger_run","poisson_team_ridge_elo_bivpois","open_core","frozen","btts","btts_log_loss","tournament","within_tournament","wc2014",0.691866657196596,1,64,64,64,1
"phase10_challenger_run","poisson_team_ridge_elo","open_core","updating","over_2_5","over_2_5_log_loss","tournament","within_tournament","wc2014",0.692531334820461,1,64,64,64,1
"phase10_challenger_run","poisson_team_ridge_elo_dc","open_core","updating","over_2_5","over_2_5_log_loss","tournament","within_tournament","wc2014",0.692531334820461,1,64,64,64,1
"phase10_challenger_run","poisson_team_ridge_elo","open_core","updating","under_2_5","under_2_5_log_loss","tournament","within_tournament","wc2014",0.692531334820461,1,64,64,64,1
"phase10_challenger_run","poisson_team_ridge_elo_dc","open_core","updating","under_2_5","under_2_5_log_loss","tournament","within_tournament","wc2014",0.692531334820461,1,64,64,64,1
"phase10_challenger_run","poisson_team_ridge_elo_bivpois","open_core","updating","over_2_5","over_2_5_log_loss","tournament","within_tournament","wc2014",0.692532188168303,1,64,64,64,1
"phase10_challenger_run","poisson_team_ridge_elo_bivpois","open_core","updating","under_2_5","under_2_5_log_loss","tournament","within_tournament","wc2014",0.692532188168303,1,64,64,64,1
"phase10_challenger_run","poisson_team_ridge","open_core","updating","btts","btts_log_loss","tournament","within_tournament","wc2014",0.693152527940893,1,64,64,64,1
"phase10_challenger_run","poisson_team_ridge_elo_dc","open_core","updating","btts","btts_log_loss","tournament","within_tournament","wc2014",0.694361551192474,1,64,64,64,1
"phase10_challenger_run","poisson_team_ridge_elo","open_core","updating","btts","btts_log_loss","tournament","within_tournament","wc2014",0.694361764227115,1,64,64,64,1
"phase10_challenger_run","poisson_team_ridge_elo_bivpois","open_core","updating","btts","btts_log_loss","tournament","within_tournament","wc2014",0.694361860534432,1,64,64,64,1
"phase10_challenger_run","poisson_team_ridge","open_core","frozen","over_2_5","over_2_5_log_loss","tournament","within_tournament","wc2014",0.694823172557881,1,64,64,64,1
"phase10_challenger_run","poisson_team_ridge","open_core","frozen","under_2_5","under_2_5_log_loss","tournament","within_tournament","wc2014",0.694823172557881,1,64,64,64,1
"phase10_challenger_run","poisson_team_ridge","open_core","updating","over_2_5","over_2_5_log_loss","tournament","within_tournament","wc2014",0.696362340962156,1,64,64,64,1
"phase10_challenger_run","poisson_team_ridge","open_core","updating","under_2_5","under_2_5_log_loss","tournament","within_tournament","wc2014",0.696362340962156,1,64,64,64,1
"phase10_challenger_run","open_nb_elo_only_ablation","open_core","updating","over_2_5","over_2_5_log_loss","tournament","within_tournament","wc2014",0.699079551820014,1,64,64,64,1
"phase10_challenger_run","open_nb_elo_only_ablation","open_core","updating","under_2_5","under_2_5_log_loss","tournament","within_tournament","wc2014",0.699079551820014,1,64,64,64,1
"phase10_challenger_run","open_nb_elo_only_ablation","open_core","frozen","over_2_5","over_2_5_log_loss","tournament","within_tournament","wc2014",0.700709977126767,1,64,64,64,1
"phase10_challenger_run","open_nb_elo_only_ablation","open_core","frozen","under_2_5","under_2_5_log_loss","tournament","within_tournament","wc2014",0.700709977126767,1,64,64,64,1
"phase10_challenger_run","open_nb_elo_only_ablation","open_core","frozen","btts","btts_log_loss","tournament","within_tournament","wc2014",0.707349120533428,1,64,64,64,1
"phase10_challenger_run","open_nb_elo_only_ablation","open_core","updating","btts","btts_log_loss","tournament","within_tournament","wc2014",0.70766759480007,1,64,64,64,1
"phase10_challenger_run","dynamic_goal_ability","open_core","frozen","btts","btts_log_loss","tournament","within_tournament","wc2014",0.712331695449094,1,64,64,64,1
"phase10_challenger_run","dynamic_goal_ability_elo","open_core","frozen","btts","btts_log_loss","tournament","within_tournament","wc2014",0.712928402571467,1,64,64,64,1
"phase10_challenger_run","dynamic_goal_ability","open_core","updating","btts","btts_log_loss","tournament","within_tournament","wc2014",0.721020160628016,1,64,64,64,1
"phase10_challenger_run","dynamic_goal_ability_elo","open_core","updating","btts","btts_log_loss","tournament","within_tournament","wc2014",0.721568611981375,1,64,64,64,1
"phase10_challenger_run","poisson_team_ridge_elo","open_core","updating","away_goals","away_goal_rps","tournament","within_tournament","wc2014",0.733966613848754,1,64,64,64,1
"phase10_challenger_run","poisson_team_ridge_elo_bivpois","open_core","updating","away_goals","away_goal_rps","tournament","within_tournament","wc2014",0.733966613848754,1,64,64,64,1
"phase10_challenger_run","poisson_team_ridge_elo_dc","open_core","updating","away_goals","away_goal_rps","tournament","within_tournament","wc2014",0.733966613848754,1,64,64,64,1
"phase10_challenger_run","open_nb_elo_only_ablation","open_core","updating","away_goals","away_goal_rps","tournament","within_tournament","wc2014",0.736823018031118,1,64,64,64,1
"phase10_challenger_run","dynamic_goal_ability_elo","open_core","updating","over_2_5","over_2_5_log_loss","tournament","within_tournament","wc2014",0.750274039385048,1,64,64,64,1
"phase10_challenger_run","dynamic_goal_ability_elo","open_core","updating","under_2_5","under_2_5_log_loss","tournament","within_tournament","wc2014",0.750274039385048,1,64,64,64,1
"phase10_challenger_run","dynamic_goal_ability_elo","open_core","updating","away_goals","away_goal_rps","tournament","within_tournament","wc2014",0.751714146939209,1,64,64,64,1
"phase10_challenger_run","dynamic_goal_ability","open_core","updating","over_2_5","over_2_5_log_loss","tournament","within_tournament","wc2014",0.75243649062241,1,64,64,64,1
"phase10_challenger_run","dynamic_goal_ability","open_core","updating","under_2_5","under_2_5_log_loss","tournament","within_tournament","wc2014",0.752436490622411,1,64,64,64,1
"phase10_challenger_run","dynamic_goal_ability","open_core","updating","away_goals","away_goal_rps","tournament","within_tournament","wc2014",0.755511948599336,1,64,64,64,1
"phase10_challenger_run","dynamic_goal_ability_elo","open_core","frozen","over_2_5","over_2_5_log_loss","tournament","within_tournament","wc2014",0.760122168674059,1,64,64,64,1
"phase10_challenger_run","dynamic_goal_ability_elo","open_core","frozen","under_2_5","under_2_5_log_loss","tournament","within_tournament","wc2014",0.760122168674059,1,64,64,64,1
"phase10_challenger_run","poisson_team_ridge","open_core","updating","away_goals","away_goal_rps","tournament","within_tournament","wc2014",0.760307428074176,1,64,64,64,1
"phase10_challenger_run","dynamic_goal_ability","open_core","frozen","over_2_5","over_2_5_log_loss","tournament","within_tournament","wc2014",0.761964369741193,1,64,64,64,1
"phase10_challenger_run","dynamic_goal_ability","open_core","frozen","under_2_5","under_2_5_log_loss","tournament","within_tournament","wc2014",0.761964369741194,1,64,64,64,1
"phase10_challenger_run","poisson_team_ridge","open_core","frozen","away_goals","away_goal_rps","tournament","within_tournament","wc2014",0.763656557067644,1,64,64,64,1
"phase10_challenger_run","poisson_team_ridge_elo","open_core","frozen","away_goals","away_goal_rps","tournament","within_tournament","wc2014",0.765551260963029,1,64,64,64,1
"phase10_challenger_run","poisson_team_ridge_elo_bivpois","open_core","frozen","away_goals","away_goal_rps","tournament","within_tournament","wc2014",0.765551260963029,1,64,64,64,1
"phase10_challenger_run","poisson_team_ridge_elo_dc","open_core","frozen","away_goals","away_goal_rps","tournament","within_tournament","wc2014",0.765551260963029,1,64,64,64,1
"phase10_challenger_run","open_nb_elo_only_ablation","open_core","frozen","away_goals","away_goal_rps","tournament","within_tournament","wc2014",0.770671361534074,1,64,64,64,1
"phase10_challenger_run","dynamic_goal_ability","open_core","frozen","away_goals","away_goal_rps","tournament","within_tournament","wc2014",0.772645825940814,1,64,64,64,1
"phase10_challenger_run","dynamic_goal_ability_elo","open_core","frozen","away_goals","away_goal_rps","tournament","within_tournament","wc2014",0.773606715245379,1,64,64,64,1
"phase10_challenger_run","open_nb_elo_only_ablation","open_core","updating","regulation_1x2","log_loss","tournament","within_tournament","wc2014",1.02667120752756,1,64,64,64,1
"phase10_challenger_run","poisson_team_ridge_elo_bivpois","open_core","updating","regulation_1x2","log_loss","tournament","within_tournament","wc2014",1.03078600649206,1,64,64,64,1
"phase10_challenger_run","poisson_team_ridge_elo","open_core","updating","regulation_1x2","log_loss","tournament","within_tournament","wc2014",1.03078672828256,1,64,64,64,1
"phase10_challenger_run","poisson_team_ridge_elo_dc","open_core","updating","regulation_1x2","log_loss","tournament","within_tournament","wc2014",1.03078791644239,1,64,64,64,1
"phase10_challenger_run","dynamic_goal_ability_elo","open_core","updating","regulation_1x2","log_loss","tournament","within_tournament","wc2014",1.05700856718449,1,64,64,64,1
"phase10_challenger_run","poisson_team_ridge_elo_bivpois","open_core","frozen","regulation_1x2","log_loss","tournament","within_tournament","wc2014",1.05816020367957,1,64,64,64,1
"phase10_challenger_run","poisson_team_ridge_elo","open_core","frozen","regulation_1x2","log_loss","tournament","within_tournament","wc2014",1.05816084243561,1,64,64,64,1
"phase10_challenger_run","poisson_team_ridge_elo_dc","open_core","frozen","regulation_1x2","log_loss","tournament","within_tournament","wc2014",1.0581611687906,1,64,64,64,1
"phase10_challenger_run","dynamic_goal_ability","open_core","updating","regulation_1x2","log_loss","tournament","within_tournament","wc2014",1.0679117117041,1,64,64,64,1
"phase10_challenger_run","open_nb_elo_only_ablation","open_core","frozen","regulation_1x2","log_loss","tournament","within_tournament","wc2014",1.07065444184826,1,64,64,64,1
"phase10_challenger_run","poisson_team_ridge","open_core","updating","regulation_1x2","log_loss","tournament","within_tournament","wc2014",1.07292017387709,1,64,64,64,1
"phase10_challenger_run","poisson_team_ridge","open_core","frozen","regulation_1x2","log_loss","tournament","within_tournament","wc2014",1.07740449938585,1,64,64,64,1
"phase10_challenger_run","dynamic_goal_ability_elo","open_core","frozen","regulation_1x2","log_loss","tournament","within_tournament","wc2014",1.07838193162683,1,64,64,64,1
"phase10_challenger_run","dynamic_goal_ability","open_core","frozen","regulation_1x2","log_loss","tournament","within_tournament","wc2014",1.08323498229846,1,64,64,64,1
"phase10_challenger_run","open_nb_elo_only_ablation","open_core","updating","regulation_scoreline","joint_scoreline_log_loss","tournament","within_tournament","wc2014",3.00338660723843,1,64,64,64,1
"phase10_challenger_run","open_nb_elo_only_ablation","open_core","frozen","regulation_scoreline","joint_scoreline_log_loss","tournament","within_tournament","wc2014",3.02387160609511,1,64,64,64,1
"phase10_challenger_run","poisson_team_ridge_elo_bivpois","open_core","updating","regulation_scoreline","joint_scoreline_log_loss","tournament","within_tournament","wc2014",3.02824214110571,1,64,64,64,1
"phase10_challenger_run","poisson_team_ridge_elo","open_core","updating","regulation_scoreline","joint_scoreline_log_loss","tournament","within_tournament","wc2014",3.02824434327812,1,64,64,64,1
"phase10_challenger_run","poisson_team_ridge_elo_dc","open_core","updating","regulation_scoreline","joint_scoreline_log_loss","tournament","within_tournament","wc2014",3.02825178634325,1,64,64,64,1
"phase10_challenger_run","poisson_team_ridge_elo_bivpois","open_core","frozen","regulation_scoreline","joint_scoreline_log_loss","tournament","within_tournament","wc2014",3.03795419352003,1,64,64,64,1
"phase10_challenger_run","poisson_team_ridge_elo","open_core","frozen","regulation_scoreline","joint_scoreline_log_loss","tournament","within_tournament","wc2014",3.03795495310046,1,64,64,64,1
"phase10_challenger_run","poisson_team_ridge_elo_dc","open_core","frozen","regulation_scoreline","joint_scoreline_log_loss","tournament","within_tournament","wc2014",3.03796163439291,1,64,64,64,1
"phase10_challenger_run","poisson_team_ridge","open_core","updating","regulation_scoreline","joint_scoreline_log_loss","tournament","within_tournament","wc2014",3.04868995321087,1,64,64,64,1
"phase10_challenger_run","poisson_team_ridge","open_core","frozen","regulation_scoreline","joint_scoreline_log_loss","tournament","within_tournament","wc2014",3.05076089261162,1,64,64,64,1
"phase10_challenger_run","dynamic_goal_ability_elo","open_core","updating","regulation_scoreline","joint_scoreline_log_loss","tournament","within_tournament","wc2014",3.08037797503536,1,64,64,64,1
"phase10_challenger_run","dynamic_goal_ability","open_core","updating","regulation_scoreline","joint_scoreline_log_loss","tournament","within_tournament","wc2014",3.08845605120309,1,64,64,64,1
"phase10_challenger_run","dynamic_goal_ability_elo","open_core","frozen","regulation_scoreline","joint_scoreline_log_loss","tournament","within_tournament","wc2014",3.10581915019124,1,64,64,64,1
"phase10_challenger_run","dynamic_goal_ability","open_core","frozen","regulation_scoreline","joint_scoreline_log_loss","tournament","within_tournament","wc2014",3.10982714773071,1,64,64,64,1
"phase10_challenger_run","dynamic_goal_ability","open_core","frozen","regulation_scoreline","exact_score_hit","tournament","within_tournament","wc2018",0.0625,1,64,64,64,1
"phase10_challenger_run","dynamic_goal_ability","open_core","updating","regulation_scoreline","exact_score_hit","tournament","within_tournament","wc2018",0.0625,1,64,64,64,1
"phase10_challenger_run","dynamic_goal_ability_elo","open_core","frozen","regulation_scoreline","exact_score_hit","tournament","within_tournament","wc2018",0.0625,1,64,64,64,1
"phase10_challenger_run","dynamic_goal_ability_elo","open_core","updating","regulation_scoreline","exact_score_hit","tournament","within_tournament","wc2018",0.0625,1,64,64,64,1
"phase10_challenger_run","open_nb_elo_only_ablation","open_core","frozen","regulation_scoreline","exact_score_hit","tournament","within_tournament","wc2018",0.109375,1,64,64,64,1
"phase10_challenger_run","open_nb_elo_only_ablation","open_core","updating","regulation_scoreline","exact_score_hit","tournament","within_tournament","wc2018",0.125,1,64,64,64,1
"phase10_challenger_run","poisson_team_ridge_elo","open_core","frozen","regulation_scoreline","exact_score_hit","tournament","within_tournament","wc2018",0.125,1,64,64,64,1
"phase10_challenger_run","poisson_team_ridge_elo_bivpois","open_core","frozen","regulation_scoreline","exact_score_hit","tournament","within_tournament","wc2018",0.125,1,64,64,64,1
"phase10_challenger_run","poisson_team_ridge_elo_dc","open_core","frozen","regulation_scoreline","exact_score_hit","tournament","within_tournament","wc2018",0.125,1,64,64,64,1
"phase10_challenger_run","poisson_team_ridge","open_core","frozen","regulation_scoreline","exact_score_hit","tournament","within_tournament","wc2018",0.140625,1,64,64,64,1
"phase10_challenger_run","poisson_team_ridge","open_core","updating","regulation_scoreline","exact_score_hit","tournament","within_tournament","wc2018",0.140625,1,64,64,64,1
"phase10_challenger_run","poisson_team_ridge_elo_dc","open_core","updating","regulation_1x2","rps","tournament","within_tournament","wc2018",0.200481211288002,1,64,64,64,1
"phase10_challenger_run","poisson_team_ridge_elo_bivpois","open_core","updating","regulation_1x2","rps","tournament","within_tournament","wc2018",0.200481996659076,1,64,64,64,1
"phase10_challenger_run","poisson_team_ridge_elo","open_core","updating","regulation_1x2","rps","tournament","within_tournament","wc2018",0.200482144097233,1,64,64,64,1
"phase10_challenger_run","open_nb_elo_only_ablation","open_core","updating","regulation_1x2","rps","tournament","within_tournament","wc2018",0.204307958122653,1,64,64,64,1
"phase10_challenger_run","dynamic_goal_ability_elo","open_core","updating","regulation_1x2","rps","tournament","within_tournament","wc2018",0.209922264854676,1,64,64,64,1
"phase10_challenger_run","dynamic_goal_ability","open_core","updating","regulation_1x2","rps","tournament","within_tournament","wc2018",0.215597178590357,1,64,64,64,1
"phase10_challenger_run","dynamic_goal_ability_elo","open_core","frozen","regulation_1x2","rps","tournament","within_tournament","wc2018",0.216742002919258,1,64,64,64,1
"phase10_challenger_run","dynamic_goal_ability","open_core","frozen","regulation_1x2","rps","tournament","within_tournament","wc2018",0.217961572485697,1,64,64,64,1
"phase10_challenger_run","poisson_team_ridge_elo","open_core","updating","regulation_scoreline","exact_score_hit","tournament","within_tournament","wc2018",0.21875,1,64,64,64,1
"phase10_challenger_run","poisson_team_ridge_elo_bivpois","open_core","updating","regulation_scoreline","exact_score_hit","tournament","within_tournament","wc2018",0.21875,1,64,64,64,1
"phase10_challenger_run","poisson_team_ridge_elo_dc","open_core","updating","regulation_scoreline","exact_score_hit","tournament","within_tournament","wc2018",0.21875,1,64,64,64,1
"phase10_challenger_run","poisson_team_ridge_elo_dc","open_core","frozen","regulation_1x2","rps","tournament","within_tournament","wc2018",0.22457699557333,1,64,64,64,1
"phase10_challenger_run","poisson_team_ridge_elo","open_core","frozen","regulation_1x2","rps","tournament","within_tournament","wc2018",0.224578419790467,1,64,64,64,1
"phase10_challenger_run","poisson_team_ridge_elo_bivpois","open_core","frozen","regulation_1x2","rps","tournament","within_tournament","wc2018",0.224578492787415,1,64,64,64,1
"phase10_challenger_run","poisson_team_ridge","open_core","updating","regulation_1x2","rps","tournament","within_tournament","wc2018",0.229480509371904,1,64,64,64,1
"phase10_challenger_run","poisson_team_ridge","open_core","frozen","regulation_1x2","rps","tournament","within_tournament","wc2018",0.230362952685968,1,64,64,64,1
"phase10_challenger_run","open_nb_elo_only_ablation","open_core","frozen","regulation_1x2","rps","tournament","within_tournament","wc2018",0.234622034801422,1,64,64,64,1
"phase10_challenger_run","poisson_team_ridge_elo","open_core","frozen","over_2_5","over_2_5_brier","tournament","within_tournament","wc2018",0.243990295187037,1,64,64,64,1
"phase10_challenger_run","poisson_team_ridge_elo_dc","open_core","frozen","over_2_5","over_2_5_brier","tournament","within_tournament","wc2018",0.243990295187037,1,64,64,64,1
"phase10_challenger_run","poisson_team_ridge_elo","open_core","frozen","under_2_5","under_2_5_brier","tournament","within_tournament","wc2018",0.243990295187037,1,64,64,64,1
"phase10_challenger_run","poisson_team_ridge_elo_dc","open_core","frozen","under_2_5","under_2_5_brier","tournament","within_tournament","wc2018",0.243990295187037,1,64,64,64,1
"phase10_challenger_run","poisson_team_ridge_elo_bivpois","open_core","frozen","over_2_5","over_2_5_brier","tournament","within_tournament","wc2018",0.243990347196375,1,64,64,64,1
"phase10_challenger_run","poisson_team_ridge_elo_bivpois","open_core","frozen","under_2_5","under_2_5_brier","tournament","within_tournament","wc2018",0.243990347196375,1,64,64,64,1
"phase10_challenger_run","poisson_team_ridge_elo_bivpois","open_core","updating","over_2_5","over_2_5_brier","tournament","within_tournament","wc2018",0.244588548287638,1,64,64,64,1
"phase10_challenger_run","poisson_team_ridge_elo_bivpois","open_core","updating","under_2_5","under_2_5_brier","tournament","within_tournament","wc2018",0.244588548287638,1,64,64,64,1
"phase10_challenger_run","poisson_team_ridge_elo","open_core","updating","over_2_5","over_2_5_brier","tournament","within_tournament","wc2018",0.244588629955063,1,64,64,64,1
"phase10_challenger_run","poisson_team_ridge_elo_dc","open_core","updating","over_2_5","over_2_5_brier","tournament","within_tournament","wc2018",0.244588629955063,1,64,64,64,1
"phase10_challenger_run","poisson_team_ridge_elo","open_core","updating","under_2_5","under_2_5_brier","tournament","within_tournament","wc2018",0.244588629955063,1,64,64,64,1
"phase10_challenger_run","poisson_team_ridge_elo_dc","open_core","updating","under_2_5","under_2_5_brier","tournament","within_tournament","wc2018",0.244588629955063,1,64,64,64,1
"phase10_challenger_run","poisson_team_ridge","open_core","frozen","over_2_5","over_2_5_brier","tournament","within_tournament","wc2018",0.244818298175194,1,64,64,64,1
"phase10_challenger_run","poisson_team_ridge","open_core","frozen","under_2_5","under_2_5_brier","tournament","within_tournament","wc2018",0.244818298175195,1,64,64,64,1
"phase10_challenger_run","poisson_team_ridge","open_core","updating","over_2_5","over_2_5_brier","tournament","within_tournament","wc2018",0.246071462063634,1,64,64,64,1
"phase10_challenger_run","poisson_team_ridge","open_core","updating","under_2_5","under_2_5_brier","tournament","within_tournament","wc2018",0.246071462063634,1,64,64,64,1
"phase10_challenger_run","open_nb_elo_only_ablation","open_core","updating","under_2_5","under_2_5_brier","tournament","within_tournament","wc2018",0.246192696720628,1,64,64,64,1
"phase10_challenger_run","open_nb_elo_only_ablation","open_core","updating","over_2_5","over_2_5_brier","tournament","within_tournament","wc2018",0.246192696720629,1,64,64,64,1
"phase10_challenger_run","open_nb_elo_only_ablation","open_core","frozen","over_2_5","over_2_5_brier","tournament","within_tournament","wc2018",0.247652851906714,1,64,64,64,1
"phase10_challenger_run","open_nb_elo_only_ablation","open_core","frozen","under_2_5","under_2_5_brier","tournament","within_tournament","wc2018",0.247652851906714,1,64,64,64,1
"phase10_challenger_run","poisson_team_ridge","open_core","frozen","btts","btts_brier","tournament","within_tournament","wc2018",0.249823840840959,1,64,64,64,1
"phase10_challenger_run","poisson_team_ridge","open_core","updating","btts","btts_brier","tournament","within_tournament","wc2018",0.249979286088457,1,64,64,64,1
"phase10_challenger_run","poisson_team_ridge_elo_bivpois","open_core","frozen","btts","btts_brier","tournament","within_tournament","wc2018",0.250232037716433,1,64,64,64,1
"phase10_challenger_run","poisson_team_ridge_elo","open_core","frozen","btts","btts_brier","tournament","within_tournament","wc2018",0.250232075901226,1,64,64,64,1
"phase10_challenger_run","poisson_team_ridge_elo_dc","open_core","frozen","btts","btts_brier","tournament","within_tournament","wc2018",0.250232386754027,1,64,64,64,1
"phase10_challenger_run","poisson_team_ridge_elo_bivpois","open_core","updating","btts","btts_brier","tournament","within_tournament","wc2018",0.250994992826653,1,64,64,64,1
"phase10_challenger_run","poisson_team_ridge_elo","open_core","updating","btts","btts_brier","tournament","within_tournament","wc2018",0.250994994285212,1,64,64,64,1
"phase10_challenger_run","poisson_team_ridge_elo_dc","open_core","updating","btts","btts_brier","tournament","within_tournament","wc2018",0.250995542560648,1,64,64,64,1
"phase10_challenger_run","dynamic_goal_ability_elo","open_core","frozen","over_2_5","over_2_5_brier","tournament","within_tournament","wc2018",0.253887912852866,1,64,64,64,1
"phase10_challenger_run","dynamic_goal_ability_elo","open_core","frozen","under_2_5","under_2_5_brier","tournament","within_tournament","wc2018",0.253887912852866,1,64,64,64,1
"phase10_challenger_run","dynamic_goal_ability","open_core","frozen","over_2_5","over_2_5_brier","tournament","within_tournament","wc2018",0.254363221570218,1,64,64,64,1
"phase10_challenger_run","dynamic_goal_ability","open_core","frozen","under_2_5","under_2_5_brier","tournament","within_tournament","wc2018",0.254363221570218,1,64,64,64,1
"phase10_challenger_run","open_nb_elo_only_ablation","open_core","frozen","btts","btts_brier","tournament","within_tournament","wc2018",0.25455286072237,1,64,64,64,1
"phase10_challenger_run","dynamic_goal_ability_elo","open_core","updating","over_2_5","over_2_5_brier","tournament","within_tournament","wc2018",0.25458072742994,1,64,64,64,1
"phase10_challenger_run","dynamic_goal_ability_elo","open_core","updating","under_2_5","under_2_5_brier","tournament","within_tournament","wc2018",0.25458072742994,1,64,64,64,1
"phase10_challenger_run","dynamic_goal_ability","open_core","updating","over_2_5","over_2_5_brier","tournament","within_tournament","wc2018",0.255685736156094,1,64,64,64,1
"phase10_challenger_run","dynamic_goal_ability","open_core","updating","under_2_5","under_2_5_brier","tournament","within_tournament","wc2018",0.255685736156094,1,64,64,64,1
"phase10_challenger_run","open_nb_elo_only_ablation","open_core","updating","btts","btts_brier","tournament","within_tournament","wc2018",0.256265415883359,1,64,64,64,1
"phase10_challenger_run","dynamic_goal_ability","open_core","updating","btts","btts_brier","tournament","within_tournament","wc2018",0.266461470765414,1,64,64,64,1
"phase10_challenger_run","dynamic_goal_ability","open_core","frozen","btts","btts_brier","tournament","within_tournament","wc2018",0.267245926053299,1,64,64,64,1
"phase10_challenger_run","dynamic_goal_ability_elo","open_core","frozen","btts","btts_brier","tournament","within_tournament","wc2018",0.267413260178426,1,64,64,64,1
"phase10_challenger_run","dynamic_goal_ability_elo","open_core","updating","btts","btts_brier","tournament","within_tournament","wc2018",0.267429042773052,1,64,64,64,1
"phase10_challenger_run","open_nb_elo_only_ablation","open_core","frozen","regulation_1x2","winner_pick_accuracy","tournament","within_tournament","wc2018",0.421875,1,64,64,64,1
"phase10_challenger_run","poisson_team_ridge_elo","open_core","frozen","away_goals","away_goal_rps","tournament","within_tournament","wc2018",0.497548437684074,1,64,64,64,1
"phase10_challenger_run","poisson_team_ridge_elo_bivpois","open_core","frozen","away_goals","away_goal_rps","tournament","within_tournament","wc2018",0.497548437684074,1,64,64,64,1
"phase10_challenger_run","poisson_team_ridge_elo_dc","open_core","frozen","away_goals","away_goal_rps","tournament","within_tournament","wc2018",0.497548437684074,1,64,64,64,1
"phase10_challenger_run","dynamic_goal_ability","open_core","updating","regulation_1x2","winner_pick_accuracy","tournament","within_tournament","wc2018",0.5,1,64,64,64,1
"phase10_challenger_run","poisson_team_ridge_elo","open_core","updating","away_goals","away_goal_rps","tournament","within_tournament","wc2018",0.505412181689376,1,64,64,64,1
"phase10_challenger_run","poisson_team_ridge_elo_bivpois","open_core","updating","away_goals","away_goal_rps","tournament","within_tournament","wc2018",0.505412181689376,1,64,64,64,1
"phase10_challenger_run","poisson_team_ridge_elo_dc","open_core","updating","away_goals","away_goal_rps","tournament","within_tournament","wc2018",0.505412181689376,1,64,64,64,1
"phase10_challenger_run","poisson_team_ridge","open_core","frozen","away_goals","away_goal_rps","tournament","within_tournament","wc2018",0.509150754075317,1,64,64,64,1
"phase10_challenger_run","poisson_team_ridge","open_core","updating","away_goals","away_goal_rps","tournament","within_tournament","wc2018",0.510239483665138,1,64,64,64,1
"phase10_challenger_run","dynamic_goal_ability_elo","open_core","updating","regulation_1x2","winner_pick_accuracy","tournament","within_tournament","wc2018",0.515625,1,64,64,64,1
"phase10_challenger_run","open_nb_elo_only_ablation","open_core","frozen","away_goals","away_goal_rps","tournament","within_tournament","wc2018",0.517251663857663,1,64,64,64,1
"phase10_challenger_run","open_nb_elo_only_ablation","open_core","updating","away_goals","away_goal_rps","tournament","within_tournament","wc2018",0.523230123855691,1,64,64,64,1
"phase10_challenger_run","dynamic_goal_ability_elo","open_core","frozen","away_goals","away_goal_rps","tournament","within_tournament","wc2018",0.523770779559945,1,64,64,64,1
"phase10_challenger_run","dynamic_goal_ability","open_core","frozen","away_goals","away_goal_rps","tournament","within_tournament","wc2018",0.526348027590348,1,64,64,64,1
"phase10_challenger_run","dynamic_goal_ability","open_core","frozen","regulation_1x2","winner_pick_accuracy","tournament","within_tournament","wc2018",0.53125,1,64,64,64,1
"phase10_challenger_run","dynamic_goal_ability_elo","open_core","frozen","regulation_1x2","winner_pick_accuracy","tournament","within_tournament","wc2018",0.53125,1,64,64,64,1
"phase10_challenger_run","dynamic_goal_ability_elo","open_core","updating","away_goals","away_goal_rps","tournament","within_tournament","wc2018",0.532248107605056,1,64,64,64,1
"phase10_challenger_run","dynamic_goal_ability","open_core","updating","away_goals","away_goal_rps","tournament","within_tournament","wc2018",0.53317942885982,1,64,64,64,1
"phase10_challenger_run","poisson_team_ridge","open_core","updating","regulation_1x2","winner_pick_accuracy","tournament","within_tournament","wc2018",0.546875,1,64,64,64,1
"phase10_challenger_run","poisson_team_ridge_elo","open_core","frozen","regulation_1x2","winner_pick_accuracy","tournament","within_tournament","wc2018",0.546875,1,64,64,64,1
"phase10_challenger_run","poisson_team_ridge_elo_bivpois","open_core","frozen","regulation_1x2","winner_pick_accuracy","tournament","within_tournament","wc2018",0.546875,1,64,64,64,1
"phase10_challenger_run","poisson_team_ridge_elo_dc","open_core","frozen","regulation_1x2","winner_pick_accuracy","tournament","within_tournament","wc2018",0.546875,1,64,64,64,1
"phase10_challenger_run","open_nb_elo_only_ablation","open_core","updating","regulation_1x2","winner_pick_accuracy","tournament","within_tournament","wc2018",0.5625,1,64,64,64,1
"phase10_challenger_run","poisson_team_ridge","open_core","frozen","regulation_1x2","winner_pick_accuracy","tournament","within_tournament","wc2018",0.5625,1,64,64,64,1
"phase10_challenger_run","poisson_team_ridge_elo","open_core","updating","regulation_1x2","winner_pick_accuracy","tournament","within_tournament","wc2018",0.5625,1,64,64,64,1
"phase10_challenger_run","poisson_team_ridge_elo_bivpois","open_core","updating","regulation_1x2","winner_pick_accuracy","tournament","within_tournament","wc2018",0.5625,1,64,64,64,1
"phase10_challenger_run","poisson_team_ridge_elo_dc","open_core","updating","regulation_1x2","winner_pick_accuracy","tournament","within_tournament","wc2018",0.5625,1,64,64,64,1
"phase10_challenger_run","poisson_team_ridge_elo_dc","open_core","updating","regulation_1x2","brier","tournament","within_tournament","wc2018",0.573246877385515,1,64,64,64,1
"phase10_challenger_run","poisson_team_ridge_elo","open_core","updating","regulation_1x2","brier","tournament","within_tournament","wc2018",0.573252474240903,1,64,64,64,1
"phase10_challenger_run","poisson_team_ridge_elo_bivpois","open_core","updating","regulation_1x2","brier","tournament","within_tournament","wc2018",0.57325272082819,1,64,64,64,1
"phase10_challenger_run","open_nb_elo_only_ablation","open_core","updating","regulation_1x2","brier","tournament","within_tournament","wc2018",0.580961858014318,1,64,64,64,1
"phase10_challenger_run","dynamic_goal_ability_elo","open_core","updating","regulation_1x2","brier","tournament","within_tournament","wc2018",0.59218050907275,1,64,64,64,1
"phase10_challenger_run","dynamic_goal_ability","open_core","updating","regulation_1x2","brier","tournament","within_tournament","wc2018",0.603766148514956,1,64,64,64,1
"phase10_challenger_run","dynamic_goal_ability_elo","open_core","frozen","regulation_1x2","brier","tournament","within_tournament","wc2018",0.606723121304256,1,64,64,64,1
"phase10_challenger_run","poisson_team_ridge_elo","open_core","updating","home_goals","home_goal_rps","tournament","within_tournament","wc2018",0.608532925181136,1,64,64,64,1
"phase10_challenger_run","poisson_team_ridge_elo_bivpois","open_core","updating","home_goals","home_goal_rps","tournament","within_tournament","wc2018",0.608532925181136,1,64,64,64,1
"phase10_challenger_run","poisson_team_ridge_elo_dc","open_core","updating","home_goals","home_goal_rps","tournament","within_tournament","wc2018",0.608532925181136,1,64,64,64,1
"phase10_challenger_run","dynamic_goal_ability","open_core","frozen","regulation_1x2","brier","tournament","within_tournament","wc2018",0.608929138752047,1,64,64,64,1
"phase10_challenger_run","open_nb_elo_only_ablation","open_core","updating","home_goals","home_goal_rps","tournament","within_tournament","wc2018",0.618693913488142,1,64,64,64,1
"phase10_challenger_run","poisson_team_ridge_elo_dc","open_core","frozen","regulation_1x2","brier","tournament","within_tournament","wc2018",0.623976455534295,1,64,64,64,1
"phase10_challenger_run","poisson_team_ridge_elo","open_core","frozen","regulation_1x2","brier","tournament","within_tournament","wc2018",0.623985000837116,1,64,64,64,1
"phase10_challenger_run","poisson_team_ridge_elo_bivpois","open_core","frozen","regulation_1x2","brier","tournament","within_tournament","wc2018",0.623986125353533,1,64,64,64,1
"phase10_challenger_run","poisson_team_ridge","open_core","updating","regulation_1x2","brier","tournament","within_tournament","wc2018",0.632899168684391,1,64,64,64,1
"phase10_challenger_run","poisson_team_ridge","open_core","frozen","regulation_1x2","brier","tournament","within_tournament","wc2018",0.634725509111471,1,64,64,64,1
"phase10_challenger_run","dynamic_goal_ability_elo","open_core","updating","home_goals","home_goal_rps","tournament","within_tournament","wc2018",0.639507748219383,1,64,64,64,1
"phase10_challenger_run","open_nb_elo_only_ablation","open_core","frozen","regulation_1x2","brier","tournament","within_tournament","wc2018",0.643666473694309,1,64,64,64,1
"phase10_challenger_run","dynamic_goal_ability","open_core","updating","home_goals","home_goal_rps","tournament","within_tournament","wc2018",0.65224032550965,1,64,64,64,1
"phase10_challenger_run","poisson_team_ridge_elo_bivpois","open_core","frozen","home_goals","home_goal_rps","tournament","within_tournament","wc2018",0.655154519457465,1,64,64,64,1
"phase10_challenger_run","poisson_team_ridge_elo","open_core","frozen","home_goals","home_goal_rps","tournament","within_tournament","wc2018",0.655154519457466,1,64,64,64,1
"phase10_challenger_run","poisson_team_ridge_elo_dc","open_core","frozen","home_goals","home_goal_rps","tournament","within_tournament","wc2018",0.655154519457466,1,64,64,64,1
"phase10_challenger_run","dynamic_goal_ability_elo","open_core","frozen","home_goals","home_goal_rps","tournament","within_tournament","wc2018",0.656190373094087,1,64,64,64,1
"phase10_challenger_run","dynamic_goal_ability","open_core","frozen","home_goals","home_goal_rps","tournament","within_tournament","wc2018",0.658185192764014,1,64,64,64,1
"phase10_challenger_run","poisson_team_ridge","open_core","updating","home_goals","home_goal_rps","tournament","within_tournament","wc2018",0.662824276372678,1,64,64,64,1
"phase10_challenger_run","poisson_team_ridge","open_core","frozen","home_goals","home_goal_rps","tournament","within_tournament","wc2018",0.66313592773824,1,64,64,64,1
"phase10_challenger_run","open_nb_elo_only_ablation","open_core","frozen","home_goals","home_goal_rps","tournament","within_tournament","wc2018",0.67727812908986,1,64,64,64,1
"phase10_challenger_run","poisson_team_ridge_elo","open_core","frozen","over_2_5","over_2_5_log_loss","tournament","within_tournament","wc2018",0.681046110815853,1,64,64,64,1
"phase10_challenger_run","poisson_team_ridge_elo_dc","open_core","frozen","over_2_5","over_2_5_log_loss","tournament","within_tournament","wc2018",0.681046110815853,1,64,64,64,1
"phase10_challenger_run","poisson_team_ridge_elo","open_core","frozen","under_2_5","under_2_5_log_loss","tournament","within_tournament","wc2018",0.681046110815853,1,64,64,64,1
"phase10_challenger_run","poisson_team_ridge_elo_dc","open_core","frozen","under_2_5","under_2_5_log_loss","tournament","within_tournament","wc2018",0.681046110815853,1,64,64,64,1
"phase10_challenger_run","poisson_team_ridge_elo_bivpois","open_core","frozen","under_2_5","under_2_5_log_loss","tournament","within_tournament","wc2018",0.681046214868537,1,64,64,64,1
"phase10_challenger_run","poisson_team_ridge_elo_bivpois","open_core","frozen","over_2_5","over_2_5_log_loss","tournament","within_tournament","wc2018",0.681046214868538,1,64,64,64,1
"phase10_challenger_run","poisson_team_ridge_elo_bivpois","open_core","updating","over_2_5","over_2_5_log_loss","tournament","within_tournament","wc2018",0.682234774329471,1,64,64,64,1
"phase10_challenger_run","poisson_team_ridge_elo_bivpois","open_core","updating","under_2_5","under_2_5_log_loss","tournament","within_tournament","wc2018",0.682234774329471,1,64,64,64,1
"phase10_challenger_run","poisson_team_ridge_elo","open_core","updating","over_2_5","over_2_5_log_loss","tournament","within_tournament","wc2018",0.682234948008563,1,64,64,64,1
"phase10_challenger_run","poisson_team_ridge_elo_dc","open_core","updating","over_2_5","over_2_5_log_loss","tournament","within_tournament","wc2018",0.682234948008563,1,64,64,64,1
"phase10_challenger_run","poisson_team_ridge_elo","open_core","updating","under_2_5","under_2_5_log_loss","tournament","within_tournament","wc2018",0.682234948008563,1,64,64,64,1
"phase10_challenger_run","poisson_team_ridge_elo_dc","open_core","updating","under_2_5","under_2_5_log_loss","tournament","within_tournament","wc2018",0.682234948008563,1,64,64,64,1
"phase10_challenger_run","poisson_team_ridge","open_core","frozen","over_2_5","over_2_5_log_loss","tournament","within_tournament","wc2018",0.682707396252977,1,64,64,64,1
"phase10_challenger_run","poisson_team_ridge","open_core","frozen","under_2_5","under_2_5_log_loss","tournament","within_tournament","wc2018",0.682707396252977,1,64,64,64,1
"phase10_challenger_run","poisson_team_ridge","open_core","updating","over_2_5","over_2_5_log_loss","tournament","within_tournament","wc2018",0.685241818201348,1,64,64,64,1
"phase10_challenger_run","poisson_team_ridge","open_core","updating","under_2_5","under_2_5_log_loss","tournament","within_tournament","wc2018",0.685241818201348,1,64,64,64,1
"phase10_challenger_run","open_nb_elo_only_ablation","open_core","updating","over_2_5","over_2_5_log_loss","tournament","within_tournament","wc2018",0.685490683533466,1,64,64,64,1
"phase10_challenger_run","open_nb_elo_only_ablation","open_core","updating","under_2_5","under_2_5_log_loss","tournament","within_tournament","wc2018",0.685490683533466,1,64,64,64,1
"phase10_challenger_run","open_nb_elo_only_ablation","open_core","frozen","over_2_5","over_2_5_log_loss","tournament","within_tournament","wc2018",0.68843809163585,1,64,64,64,1
"phase10_challenger_run","open_nb_elo_only_ablation","open_core","frozen","under_2_5","under_2_5_log_loss","tournament","within_tournament","wc2018",0.68843809163585,1,64,64,64,1
"phase10_challenger_run","poisson_team_ridge","open_core","frozen","btts","btts_log_loss","tournament","within_tournament","wc2018",0.692793867786984,1,64,64,64,1
"phase10_challenger_run","poisson_team_ridge","open_core","updating","btts","btts_log_loss","tournament","within_tournament","wc2018",0.693088170339881,1,64,64,64,1
"phase10_challenger_run","poisson_team_ridge_elo_bivpois","open_core","frozen","btts","btts_log_loss","tournament","within_tournament","wc2018",0.693599674184794,1,64,64,64,1
"phase10_challenger_run","poisson_team_ridge_elo","open_core","frozen","btts","btts_log_loss","tournament","within_tournament","wc2018",0.693599754479782,1,64,64,64,1
"phase10_challenger_run","poisson_team_ridge_elo_dc","open_core","frozen","btts","btts_log_loss","tournament","within_tournament","wc2018",0.693600393412577,1,64,64,64,1
"phase10_challenger_run","poisson_team_ridge_elo_bivpois","open_core","updating","btts","btts_log_loss","tournament","within_tournament","wc2018",0.695132719845193,1,64,64,64,1
"phase10_challenger_run","poisson_team_ridge_elo","open_core","updating","btts","btts_log_loss","tournament","within_tournament","wc2018",0.6951327224553,1,64,64,64,1
"phase10_challenger_run","poisson_team_ridge_elo_dc","open_core","updating","btts","btts_log_loss","tournament","within_tournament","wc2018",0.695133822912618,1,64,64,64,1
"phase10_challenger_run","dynamic_goal_ability_elo","open_core","frozen","over_2_5","over_2_5_log_loss","tournament","within_tournament","wc2018",0.700911786410925,1,64,64,64,1
"phase10_challenger_run","dynamic_goal_ability_elo","open_core","frozen","under_2_5","under_2_5_log_loss","tournament","within_tournament","wc2018",0.700911786410925,1,64,64,64,1
"phase10_challenger_run","dynamic_goal_ability","open_core","frozen","over_2_5","over_2_5_log_loss","tournament","within_tournament","wc2018",0.701895652575091,1,64,64,64,1
"phase10_challenger_run","dynamic_goal_ability","open_core","frozen","under_2_5","under_2_5_log_loss","tournament","within_tournament","wc2018",0.701895652575091,1,64,64,64,1
"phase10_challenger_run","dynamic_goal_ability_elo","open_core","updating","over_2_5","over_2_5_log_loss","tournament","within_tournament","wc2018",0.70204385660691,1,64,64,64,1
"phase10_challenger_run","dynamic_goal_ability_elo","open_core","updating","under_2_5","under_2_5_log_loss","tournament","within_tournament","wc2018",0.70204385660691,1,64,64,64,1
"phase10_challenger_run","open_nb_elo_only_ablation","open_core","frozen","btts","btts_log_loss","tournament","within_tournament","wc2018",0.702365154218081,1,64,64,64,1
"phase10_challenger_run","dynamic_goal_ability","open_core","updating","over_2_5","over_2_5_log_loss","tournament","within_tournament","wc2018",0.704597974097942,1,64,64,64,1
"phase10_challenger_run","dynamic_goal_ability","open_core","updating","under_2_5","under_2_5_log_loss","tournament","within_tournament","wc2018",0.704597974097943,1,64,64,64,1
"phase10_challenger_run","open_nb_elo_only_ablation","open_core","updating","btts","btts_log_loss","tournament","within_tournament","wc2018",0.70584513572752,1,64,64,64,1
"phase10_challenger_run","dynamic_goal_ability","open_core","updating","btts","btts_log_loss","tournament","within_tournament","wc2018",0.727034412766632,1,64,64,64,1
"phase10_challenger_run","dynamic_goal_ability","open_core","frozen","btts","btts_log_loss","tournament","within_tournament","wc2018",0.728648254651797,1,64,64,64,1
"phase10_challenger_run","dynamic_goal_ability_elo","open_core","frozen","btts","btts_log_loss","tournament","within_tournament","wc2018",0.728995951952687,1,64,64,64,1
"phase10_challenger_run","dynamic_goal_ability_elo","open_core","updating","btts","btts_log_loss","tournament","within_tournament","wc2018",0.729076426780942,1,64,64,64,1
"phase10_challenger_run","poisson_team_ridge_elo_dc","open_core","updating","regulation_1x2","log_loss","tournament","within_tournament","wc2018",0.965421133933105,1,64,64,64,1
"phase10_challenger_run","poisson_team_ridge_elo","open_core","updating","regulation_1x2","log_loss","tournament","within_tournament","wc2018",0.965427118922772,1,64,64,64,1
"phase10_challenger_run","poisson_team_ridge_elo_bivpois","open_core","updating","regulation_1x2","log_loss","tournament","within_tournament","wc2018",0.965427188266848,1,64,64,64,1
"phase10_challenger_run","open_nb_elo_only_ablation","open_core","updating","regulation_1x2","log_loss","tournament","within_tournament","wc2018",0.974800456645559,1,64,64,64,1
"phase10_challenger_run","dynamic_goal_ability_elo","open_core","updating","regulation_1x2","log_loss","tournament","within_tournament","wc2018",0.98857349464078,1,64,64,64,1
"phase10_challenger_run","dynamic_goal_ability","open_core","updating","regulation_1x2","log_loss","tournament","within_tournament","wc2018",1.00637330085197,1,64,64,64,1
"phase10_challenger_run","dynamic_goal_ability_elo","open_core","frozen","regulation_1x2","log_loss","tournament","within_tournament","wc2018",1.0101856891902,1,64,64,64,1
"phase10_challenger_run","dynamic_goal_ability","open_core","frozen","regulation_1x2","log_loss","tournament","within_tournament","wc2018",1.01417794921059,1,64,64,64,1
"phase10_challenger_run","poisson_team_ridge_elo_dc","open_core","frozen","regulation_1x2","log_loss","tournament","within_tournament","wc2018",1.03509940632676,1,64,64,64,1
"phase10_challenger_run","poisson_team_ridge_elo","open_core","frozen","regulation_1x2","log_loss","tournament","within_tournament","wc2018",1.03511126726144,1,64,64,64,1
"phase10_challenger_run","poisson_team_ridge_elo_bivpois","open_core","frozen","regulation_1x2","log_loss","tournament","within_tournament","wc2018",1.03511283710975,1,64,64,64,1
"phase10_challenger_run","poisson_team_ridge","open_core","updating","regulation_1x2","log_loss","tournament","within_tournament","wc2018",1.04963415496929,1,64,64,64,1
"phase10_challenger_run","poisson_team_ridge","open_core","frozen","regulation_1x2","log_loss","tournament","within_tournament","wc2018",1.05208805760883,1,64,64,64,1
"phase10_challenger_run","open_nb_elo_only_ablation","open_core","frozen","regulation_1x2","log_loss","tournament","within_tournament","wc2018",1.06170256578722,1,64,64,64,1
"phase10_challenger_run","poisson_team_ridge_elo_dc","open_core","updating","regulation_scoreline","joint_scoreline_log_loss","tournament","within_tournament","wc2018",2.77101297828381,1,64,64,64,1
"phase10_challenger_run","poisson_team_ridge_elo_bivpois","open_core","updating","regulation_scoreline","joint_scoreline_log_loss","tournament","within_tournament","wc2018",2.77103402401749,1,64,64,64,1
"phase10_challenger_run","poisson_team_ridge_elo","open_core","updating","regulation_scoreline","joint_scoreline_log_loss","tournament","within_tournament","wc2018",2.77103575070346,1,64,64,64,1
"phase10_challenger_run","poisson_team_ridge_elo_dc","open_core","frozen","regulation_scoreline","joint_scoreline_log_loss","tournament","within_tournament","wc2018",2.83641256594498,1,64,64,64,1
"phase10_challenger_run","poisson_team_ridge_elo","open_core","frozen","regulation_scoreline","joint_scoreline_log_loss","tournament","within_tournament","wc2018",2.83643742562463,1,64,64,64,1
"phase10_challenger_run","poisson_team_ridge_elo_bivpois","open_core","frozen","regulation_scoreline","joint_scoreline_log_loss","tournament","within_tournament","wc2018",2.83643794940382,1,64,64,64,1
"phase10_challenger_run","open_nb_elo_only_ablation","open_core","updating","regulation_scoreline","joint_scoreline_log_loss","tournament","within_tournament","wc2018",2.8382312834375,1,64,64,64,1
"phase10_challenger_run","dynamic_goal_ability_elo","open_core","updating","regulation_scoreline","joint_scoreline_log_loss","tournament","within_tournament","wc2018",2.85388509184058,1,64,64,64,1
"phase10_challenger_run","poisson_team_ridge","open_core","frozen","regulation_scoreline","joint_scoreline_log_loss","tournament","within_tournament","wc2018",2.86262744522821,1,64,64,64,1
"phase10_challenger_run","poisson_team_ridge","open_core","updating","regulation_scoreline","joint_scoreline_log_loss","tournament","within_tournament","wc2018",2.86276978946237,1,64,64,64,1
"phase10_challenger_run","dynamic_goal_ability_elo","open_core","frozen","regulation_scoreline","joint_scoreline_log_loss","tournament","within_tournament","wc2018",2.86979519745374,1,64,64,64,1
"phase10_challenger_run","dynamic_goal_ability","open_core","updating","regulation_scoreline","joint_scoreline_log_loss","tournament","within_tournament","wc2018",2.8746463562858,1,64,64,64,1
"phase10_challenger_run","dynamic_goal_ability","open_core","frozen","regulation_scoreline","joint_scoreline_log_loss","tournament","within_tournament","wc2018",2.87647922736367,1,64,64,64,1
"phase10_challenger_run","open_nb_elo_only_ablation","open_core","frozen","regulation_scoreline","joint_scoreline_log_loss","tournament","within_tournament","wc2018",2.91059328264636,1,64,64,64,1
"phase10_challenger_run","dynamic_goal_ability","open_core","frozen","regulation_scoreline","exact_score_hit","tournament","within_tournament","wc2022",0.046875,1,64,64,64,1
"phase10_challenger_run","dynamic_goal_ability","open_core","updating","regulation_scoreline","exact_score_hit","tournament","within_tournament","wc2022",0.046875,1,64,64,64,1
"phase10_challenger_run","dynamic_goal_ability_elo","open_core","frozen","regulation_scoreline","exact_score_hit","tournament","within_tournament","wc2022",0.046875,1,64,64,64,1
"phase10_challenger_run","dynamic_goal_ability_elo","open_core","updating","regulation_scoreline","exact_score_hit","tournament","within_tournament","wc2022",0.046875,1,64,64,64,1
"phase10_challenger_run","open_nb_elo_only_ablation","open_core","updating","regulation_scoreline","exact_score_hit","tournament","within_tournament","wc2022",0.0625,1,64,64,64,1
"phase10_challenger_run","poisson_team_ridge","open_core","frozen","regulation_scoreline","exact_score_hit","tournament","within_tournament","wc2022",0.0625,1,64,64,64,1
"phase10_challenger_run","poisson_team_ridge","open_core","updating","regulation_scoreline","exact_score_hit","tournament","within_tournament","wc2022",0.0625,1,64,64,64,1
"phase10_challenger_run","poisson_team_ridge_elo","open_core","frozen","regulation_scoreline","exact_score_hit","tournament","within_tournament","wc2022",0.078125,1,64,64,64,1
"phase10_challenger_run","poisson_team_ridge_elo","open_core","updating","regulation_scoreline","exact_score_hit","tournament","within_tournament","wc2022",0.078125,1,64,64,64,1
"phase10_challenger_run","poisson_team_ridge_elo_bivpois","open_core","frozen","regulation_scoreline","exact_score_hit","tournament","within_tournament","wc2022",0.078125,1,64,64,64,1
"phase10_challenger_run","poisson_team_ridge_elo_bivpois","open_core","updating","regulation_scoreline","exact_score_hit","tournament","within_tournament","wc2022",0.078125,1,64,64,64,1
"phase10_challenger_run","poisson_team_ridge_elo_dc","open_core","frozen","regulation_scoreline","exact_score_hit","tournament","within_tournament","wc2022",0.078125,1,64,64,64,1
"phase10_challenger_run","poisson_team_ridge_elo_dc","open_core","updating","regulation_scoreline","exact_score_hit","tournament","within_tournament","wc2022",0.078125,1,64,64,64,1
"phase10_challenger_run","open_nb_elo_only_ablation","open_core","frozen","regulation_scoreline","exact_score_hit","tournament","within_tournament","wc2022",0.109375,1,64,64,64,1
"phase10_challenger_run","open_nb_elo_only_ablation","open_core","updating","regulation_1x2","rps","tournament","within_tournament","wc2022",0.211343804704678,1,64,64,64,1
"phase10_challenger_run","poisson_team_ridge_elo_dc","open_core","updating","regulation_1x2","rps","tournament","within_tournament","wc2022",0.21789359365587,1,64,64,64,1
"phase10_challenger_run","poisson_team_ridge_elo_bivpois","open_core","updating","regulation_1x2","rps","tournament","within_tournament","wc2022",0.217915058157479,1,64,64,64,1
"phase10_challenger_run","poisson_team_ridge_elo","open_core","updating","regulation_1x2","rps","tournament","within_tournament","wc2022",0.217915076067073,1,64,64,64,1
"phase10_challenger_run","open_nb_elo_only_ablation","open_core","frozen","regulation_1x2","rps","tournament","within_tournament","wc2022",0.226092961716657,1,64,64,64,1
"phase10_challenger_run","dynamic_goal_ability_elo","open_core","updating","regulation_1x2","rps","tournament","within_tournament","wc2022",0.227929997649405,1,64,64,64,1
"phase10_challenger_run","poisson_team_ridge_elo_dc","open_core","frozen","regulation_1x2","rps","tournament","within_tournament","wc2022",0.228896354880575,1,64,64,64,1
"phase10_challenger_run","poisson_team_ridge_elo","open_core","frozen","regulation_1x2","rps","tournament","within_tournament","wc2022",0.228976619301951,1,64,64,64,1
"phase10_challenger_run","poisson_team_ridge_elo_bivpois","open_core","frozen","regulation_1x2","rps","tournament","within_tournament","wc2022",0.228976738378351,1,64,64,64,1
"phase10_challenger_run","dynamic_goal_ability_elo","open_core","frozen","regulation_1x2","rps","tournament","within_tournament","wc2022",0.229196226741075,1,64,64,64,1
"phase10_challenger_run","dynamic_goal_ability","open_core","frozen","regulation_1x2","rps","tournament","within_tournament","wc2022",0.23139490670879,1,64,64,64,1
"phase10_challenger_run","dynamic_goal_ability","open_core","updating","regulation_1x2","rps","tournament","within_tournament","wc2022",0.23240548863217,1,64,64,64,1
"phase10_challenger_run","poisson_team_ridge","open_core","frozen","regulation_1x2","rps","tournament","within_tournament","wc2022",0.236290822872624,1,64,64,64,1
"phase10_challenger_run","poisson_team_ridge","open_core","updating","regulation_1x2","rps","tournament","within_tournament","wc2022",0.236415623383062,1,64,64,64,1
"phase10_challenger_run","dynamic_goal_ability","open_core","frozen","btts","btts_brier","tournament","within_tournament","wc2022",0.243026159663541,1,64,64,64,1
"phase10_challenger_run","dynamic_goal_ability_elo","open_core","frozen","btts","btts_brier","tournament","within_tournament","wc2022",0.243222647718826,1,64,64,64,1
"phase10_challenger_run","dynamic_goal_ability","open_core","updating","btts","btts_brier","tournament","within_tournament","wc2022",0.246359082967452,1,64,64,64,1
"phase10_challenger_run","dynamic_goal_ability_elo","open_core","updating","btts","btts_brier","tournament","within_tournament","wc2022",0.246411758863468,1,64,64,64,1
"phase10_challenger_run","poisson_team_ridge_elo_bivpois","open_core","updating","btts","btts_brier","tournament","within_tournament","wc2022",0.247392312311546,1,64,64,64,1
"phase10_challenger_run","poisson_team_ridge_elo","open_core","updating","btts","btts_brier","tournament","within_tournament","wc2022",0.247392378791027,1,64,64,64,1
"phase10_challenger_run","poisson_team_ridge_elo_dc","open_core","updating","btts","btts_brier","tournament","within_tournament","wc2022",0.247394085248619,1,64,64,64,1
"phase10_challenger_run","poisson_team_ridge","open_core","frozen","btts","btts_brier","tournament","within_tournament","wc2022",0.248308000055962,1,64,64,64,1
"phase10_challenger_run","poisson_team_ridge_elo_dc","open_core","frozen","btts","btts_brier","tournament","within_tournament","wc2022",0.248717142430441,1,64,64,64,1
"phase10_challenger_run","poisson_team_ridge","open_core","updating","btts","btts_brier","tournament","within_tournament","wc2022",0.248776361921567,1,64,64,64,1
"phase10_challenger_run","poisson_team_ridge_elo","open_core","frozen","btts","btts_brier","tournament","within_tournament","wc2022",0.24878401568474,1,64,64,64,1
"phase10_challenger_run","poisson_team_ridge_elo_bivpois","open_core","frozen","btts","btts_brier","tournament","within_tournament","wc2022",0.248784170159056,1,64,64,64,1
"phase10_challenger_run","open_nb_elo_only_ablation","open_core","frozen","over_2_5","over_2_5_brier","tournament","within_tournament","wc2022",0.248833788063604,1,64,64,64,1
"phase10_challenger_run","open_nb_elo_only_ablation","open_core","frozen","under_2_5","under_2_5_brier","tournament","within_tournament","wc2022",0.248833788063604,1,64,64,64,1
"phase10_challenger_run","open_nb_elo_only_ablation","open_core","updating","over_2_5","over_2_5_brier","tournament","within_tournament","wc2022",0.250163327839058,1,64,64,64,1
"phase10_challenger_run","open_nb_elo_only_ablation","open_core","updating","under_2_5","under_2_5_brier","tournament","within_tournament","wc2022",0.250163327839058,1,64,64,64,1
"phase10_challenger_run","poisson_team_ridge_elo","open_core","frozen","over_2_5","over_2_5_brier","tournament","within_tournament","wc2022",0.250939765418021,1,64,64,64,1
"phase10_challenger_run","poisson_team_ridge_elo_dc","open_core","frozen","over_2_5","over_2_5_brier","tournament","within_tournament","wc2022",0.250939765418021,1,64,64,64,1
"phase10_challenger_run","poisson_team_ridge_elo","open_core","frozen","under_2_5","under_2_5_brier","tournament","within_tournament","wc2022",0.250939765418021,1,64,64,64,1
"phase10_challenger_run","poisson_team_ridge_elo_dc","open_core","frozen","under_2_5","under_2_5_brier","tournament","within_tournament","wc2022",0.250939765418021,1,64,64,64,1
"phase10_challenger_run","poisson_team_ridge_elo_bivpois","open_core","frozen","over_2_5","over_2_5_brier","tournament","within_tournament","wc2022",0.25093990479805,1,64,64,64,1
"phase10_challenger_run","poisson_team_ridge_elo_bivpois","open_core","frozen","under_2_5","under_2_5_brier","tournament","within_tournament","wc2022",0.25093990479805,1,64,64,64,1
"phase10_challenger_run","open_nb_elo_only_ablation","open_core","updating","btts","btts_brier","tournament","within_tournament","wc2022",0.250947105774854,1,64,64,64,1
"phase10_challenger_run","open_nb_elo_only_ablation","open_core","frozen","btts","btts_brier","tournament","within_tournament","wc2022",0.251432662865626,1,64,64,64,1
"phase10_challenger_run","poisson_team_ridge_elo","open_core","updating","over_2_5","over_2_5_brier","tournament","within_tournament","wc2022",0.25177573845076,1,64,64,64,1
"phase10_challenger_run","poisson_team_ridge_elo_dc","open_core","updating","over_2_5","over_2_5_brier","tournament","within_tournament","wc2022",0.25177573845076,1,64,64,64,1
"phase10_challenger_run","poisson_team_ridge_elo","open_core","updating","under_2_5","under_2_5_brier","tournament","within_tournament","wc2022",0.25177573845076,1,64,64,64,1
"phase10_challenger_run","poisson_team_ridge_elo_dc","open_core","updating","under_2_5","under_2_5_brier","tournament","within_tournament","wc2022",0.25177573845076,1,64,64,64,1
"phase10_challenger_run","poisson_team_ridge_elo_bivpois","open_core","updating","over_2_5","over_2_5_brier","tournament","within_tournament","wc2022",0.251775786214722,1,64,64,64,1
"phase10_challenger_run","poisson_team_ridge_elo_bivpois","open_core","updating","under_2_5","under_2_5_brier","tournament","within_tournament","wc2022",0.251775786214722,1,64,64,64,1
"phase10_challenger_run","poisson_team_ridge","open_core","updating","over_2_5","over_2_5_brier","tournament","within_tournament","wc2022",0.253207143975842,1,64,64,64,1
"phase10_challenger_run","poisson_team_ridge","open_core","updating","under_2_5","under_2_5_brier","tournament","within_tournament","wc2022",0.253207143975842,1,64,64,64,1
"phase10_challenger_run","poisson_team_ridge","open_core","frozen","over_2_5","over_2_5_brier","tournament","within_tournament","wc2022",0.253544210173538,1,64,64,64,1
"phase10_challenger_run","poisson_team_ridge","open_core","frozen","under_2_5","under_2_5_brier","tournament","within_tournament","wc2022",0.253544210173538,1,64,64,64,1
"phase10_challenger_run","dynamic_goal_ability_elo","open_core","frozen","over_2_5","over_2_5_brier","tournament","within_tournament","wc2022",0.270202905360193,1,64,64,64,1
"phase10_challenger_run","dynamic_goal_ability_elo","open_core","frozen","under_2_5","under_2_5_brier","tournament","within_tournament","wc2022",0.270202905360193,1,64,64,64,1
"phase10_challenger_run","dynamic_goal_ability","open_core","frozen","over_2_5","over_2_5_brier","tournament","within_tournament","wc2022",0.271088115049981,1,64,64,64,1
"phase10_challenger_run","dynamic_goal_ability","open_core","frozen","under_2_5","under_2_5_brier","tournament","within_tournament","wc2022",0.271088115049981,1,64,64,64,1
"phase10_challenger_run","dynamic_goal_ability_elo","open_core","updating","over_2_5","over_2_5_brier","tournament","within_tournament","wc2022",0.271142298019757,1,64,64,64,1
"phase10_challenger_run","dynamic_goal_ability_elo","open_core","updating","under_2_5","under_2_5_brier","tournament","within_tournament","wc2022",0.271142298019757,1,64,64,64,1
"phase10_challenger_run","dynamic_goal_ability","open_core","updating","over_2_5","over_2_5_brier","tournament","within_tournament","wc2022",0.272225067962883,1,64,64,64,1
"phase10_challenger_run","dynamic_goal_ability","open_core","updating","under_2_5","under_2_5_brier","tournament","within_tournament","wc2022",0.272225067962883,1,64,64,64,1
"phase10_challenger_run","dynamic_goal_ability","open_core","updating","regulation_1x2","winner_pick_accuracy","tournament","within_tournament","wc2022",0.40625,1,64,64,64,1
"phase10_challenger_run","dynamic_goal_ability","open_core","frozen","regulation_1x2","winner_pick_accuracy","tournament","within_tournament","wc2022",0.4375,1,64,64,64,1
"phase10_challenger_run","poisson_team_ridge_elo","open_core","frozen","regulation_1x2","winner_pick_accuracy","tournament","within_tournament","wc2022",0.4375,1,64,64,64,1
"phase10_challenger_run","poisson_team_ridge_elo_bivpois","open_core","frozen","regulation_1x2","winner_pick_accuracy","tournament","within_tournament","wc2022",0.4375,1,64,64,64,1
"phase10_challenger_run","poisson_team_ridge_elo_dc","open_core","frozen","regulation_1x2","winner_pick_accuracy","tournament","within_tournament","wc2022",0.4375,1,64,64,64,1
"phase10_challenger_run","open_nb_elo_only_ablation","open_core","frozen","regulation_1x2","winner_pick_accuracy","tournament","within_tournament","wc2022",0.453125,1,64,64,64,1
"phase10_challenger_run","poisson_team_ridge","open_core","frozen","regulation_1x2","winner_pick_accuracy","tournament","within_tournament","wc2022",0.453125,1,64,64,64,1
"phase10_challenger_run","dynamic_goal_ability_elo","open_core","frozen","regulation_1x2","winner_pick_accuracy","tournament","within_tournament","wc2022",0.46875,1,64,64,64,1
"phase10_challenger_run","dynamic_goal_ability_elo","open_core","updating","regulation_1x2","winner_pick_accuracy","tournament","within_tournament","wc2022",0.484375,1,64,64,64,1
"phase10_challenger_run","poisson_team_ridge","open_core","updating","regulation_1x2","winner_pick_accuracy","tournament","within_tournament","wc2022",0.484375,1,64,64,64,1
"phase10_challenger_run","open_nb_elo_only_ablation","open_core","updating","regulation_1x2","winner_pick_accuracy","tournament","within_tournament","wc2022",0.515625,1,64,64,64,1
"phase10_challenger_run","poisson_team_ridge_elo","open_core","updating","regulation_1x2","winner_pick_accuracy","tournament","within_tournament","wc2022",0.53125,1,64,64,64,1
"phase10_challenger_run","poisson_team_ridge_elo_bivpois","open_core","updating","regulation_1x2","winner_pick_accuracy","tournament","within_tournament","wc2022",0.53125,1,64,64,64,1
"phase10_challenger_run","poisson_team_ridge_elo_dc","open_core","updating","regulation_1x2","winner_pick_accuracy","tournament","within_tournament","wc2022",0.53125,1,64,64,64,1
"phase10_challenger_run","dynamic_goal_ability_elo","open_core","updating","away_goals","away_goal_rps","tournament","within_tournament","wc2022",0.546794349815079,1,64,64,64,1
"phase10_challenger_run","dynamic_goal_ability","open_core","updating","away_goals","away_goal_rps","tournament","within_tournament","wc2022",0.548781150499509,1,64,64,64,1
"phase10_challenger_run","poisson_team_ridge_elo","open_core","updating","away_goals","away_goal_rps","tournament","within_tournament","wc2022",0.553025000700409,1,64,64,64,1
"phase10_challenger_run","poisson_team_ridge_elo_bivpois","open_core","updating","away_goals","away_goal_rps","tournament","within_tournament","wc2022",0.553025000700409,1,64,64,64,1
"phase10_challenger_run","poisson_team_ridge_elo_dc","open_core","updating","away_goals","away_goal_rps","tournament","within_tournament","wc2022",0.553025000700409,1,64,64,64,1
"phase10_challenger_run","poisson_team_ridge_elo_bivpois","open_core","frozen","away_goals","away_goal_rps","tournament","within_tournament","wc2022",0.557438523627191,1,64,64,64,1
"phase10_challenger_run","poisson_team_ridge_elo","open_core","frozen","away_goals","away_goal_rps","tournament","within_tournament","wc2022",0.557438523627192,1,64,64,64,1
"phase10_challenger_run","poisson_team_ridge_elo_dc","open_core","frozen","away_goals","away_goal_rps","tournament","within_tournament","wc2022",0.557438523627192,1,64,64,64,1
"phase10_challenger_run","dynamic_goal_ability_elo","open_core","frozen","away_goals","away_goal_rps","tournament","within_tournament","wc2022",0.55866068146644,1,64,64,64,1
"phase10_challenger_run","poisson_team_ridge","open_core","updating","away_goals","away_goal_rps","tournament","within_tournament","wc2022",0.558882454663784,1,64,64,64,1
"phase10_challenger_run","dynamic_goal_ability","open_core","frozen","away_goals","away_goal_rps","tournament","within_tournament","wc2022",0.559369686276877,1,64,64,64,1
"phase10_challenger_run","poisson_team_ridge","open_core","frozen","away_goals","away_goal_rps","tournament","within_tournament","wc2022",0.560251412163369,1,64,64,64,1
"phase10_challenger_run","open_nb_elo_only_ablation","open_core","updating","away_goals","away_goal_rps","tournament","within_tournament","wc2022",0.562753008128806,1,64,64,64,1
"phase10_challenger_run","open_nb_elo_only_ablation","open_core","frozen","away_goals","away_goal_rps","tournament","within_tournament","wc2022",0.563902263886616,1,64,64,64,1
"phase10_challenger_run","open_nb_elo_only_ablation","open_core","updating","regulation_1x2","brier","tournament","within_tournament","wc2022",0.596020846897571,1,64,64,64,1
"phase10_challenger_run","poisson_team_ridge_elo_dc","open_core","updating","regulation_1x2","brier","tournament","within_tournament","wc2022",0.611002697155612,1,64,64,64,1
"phase10_challenger_run","poisson_team_ridge_elo_bivpois","open_core","updating","regulation_1x2","brier","tournament","within_tournament","wc2022",0.611131432275089,1,64,64,64,1
"phase10_challenger_run","poisson_team_ridge_elo","open_core","updating","regulation_1x2","brier","tournament","within_tournament","wc2022",0.611131591622831,1,64,64,64,1
"phase10_challenger_run","open_nb_elo_only_ablation","open_core","frozen","regulation_1x2","brier","tournament","within_tournament","wc2022",0.630444187999035,1,64,64,64,1
"phase10_challenger_run","poisson_team_ridge_elo_dc","open_core","frozen","regulation_1x2","brier","tournament","within_tournament","wc2022",0.636323305650512,1,64,64,64,1
"phase10_challenger_run","poisson_team_ridge_elo","open_core","frozen","regulation_1x2","brier","tournament","within_tournament","wc2022",0.636804892178771,1,64,64,64,1
"phase10_challenger_run","poisson_team_ridge_elo_bivpois","open_core","frozen","regulation_1x2","brier","tournament","within_tournament","wc2022",0.636805591645514,1,64,64,64,1
"phase10_challenger_run","dynamic_goal_ability_elo","open_core","updating","regulation_1x2","brier","tournament","within_tournament","wc2022",0.640807991072782,1,64,64,64,1
"phase10_challenger_run","dynamic_goal_ability_elo","open_core","frozen","regulation_1x2","brier","tournament","within_tournament","wc2022",0.646245536835842,1,64,64,64,1
"phase10_challenger_run","dynamic_goal_ability","open_core","frozen","regulation_1x2","brier","tournament","within_tournament","wc2022",0.651296773517654,1,64,64,64,1
"phase10_challenger_run","dynamic_goal_ability","open_core","updating","regulation_1x2","brier","tournament","within_tournament","wc2022",0.651405327126082,1,64,64,64,1
"phase10_challenger_run","poisson_team_ridge","open_core","frozen","regulation_1x2","brier","tournament","within_tournament","wc2022",0.653785437099519,1,64,64,64,1
"phase10_challenger_run","poisson_team_ridge","open_core","updating","regulation_1x2","brier","tournament","within_tournament","wc2022",0.654022448460951,1,64,64,64,1
"phase10_challenger_run","dynamic_goal_ability","open_core","frozen","btts","btts_log_loss","tournament","within_tournament","wc2022",0.679415092744638,1,64,64,64,1
"phase10_challenger_run","dynamic_goal_ability_elo","open_core","frozen","btts","btts_log_loss","tournament","within_tournament","wc2022",0.679887969612921,1,64,64,64,1
"phase10_challenger_run","dynamic_goal_ability","open_core","updating","btts","btts_log_loss","tournament","within_tournament","wc2022",0.686526565423867,1,64,64,64,1
"phase10_challenger_run","dynamic_goal_ability_elo","open_core","updating","btts","btts_log_loss","tournament","within_tournament","wc2022",0.686650314292165,1,64,64,64,1
"phase10_challenger_run","poisson_team_ridge_elo_bivpois","open_core","updating","btts","btts_log_loss","tournament","within_tournament","wc2022",0.687946477831153,1,64,64,64,1
"phase10_challenger_run","poisson_team_ridge_elo","open_core","updating","btts","btts_log_loss","tournament","within_tournament","wc2022",0.687946606957545,1,64,64,64,1
"phase10_challenger_run","poisson_team_ridge_elo_dc","open_core","updating","btts","btts_log_loss","tournament","within_tournament","wc2022",0.687947391540927,1,64,64,64,1
"phase10_challenger_run","poisson_team_ridge","open_core","frozen","btts","btts_log_loss","tournament","within_tournament","wc2022",0.689789871648589,1,64,64,64,1
"phase10_challenger_run","poisson_team_ridge_elo_dc","open_core","frozen","btts","btts_log_loss","tournament","within_tournament","wc2022",0.690648039080387,1,64,64,64,1
"phase10_challenger_run","poisson_team_ridge","open_core","updating","btts","btts_log_loss","tournament","within_tournament","wc2022",0.690734201197906,1,64,64,64,1
"phase10_challenger_run","poisson_team_ridge_elo","open_core","frozen","btts","btts_log_loss","tournament","within_tournament","wc2022",0.690784024270464,1,64,64,64,1
"phase10_challenger_run","poisson_team_ridge_elo_bivpois","open_core","frozen","btts","btts_log_loss","tournament","within_tournament","wc2022",0.690784339094606,1,64,64,64,1
"phase10_challenger_run","open_nb_elo_only_ablation","open_core","frozen","over_2_5","over_2_5_log_loss","tournament","within_tournament","wc2022",0.690912224657226,1,64,64,64,1
"phase10_challenger_run","open_nb_elo_only_ablation","open_core","frozen","under_2_5","under_2_5_log_loss","tournament","within_tournament","wc2022",0.690912224657227,1,64,64,64,1
"phase10_challenger_run","open_nb_elo_only_ablation","open_core","updating","under_2_5","under_2_5_log_loss","tournament","within_tournament","wc2022",0.693537064202506,1,64,64,64,1
"phase10_challenger_run","open_nb_elo_only_ablation","open_core","updating","over_2_5","over_2_5_log_loss","tournament","within_tournament","wc2022",0.693537064202507,1,64,64,64,1
"phase10_challenger_run","poisson_team_ridge_elo","open_core","frozen","over_2_5","over_2_5_log_loss","tournament","within_tournament","wc2022",0.695025619889478,1,64,64,64,1
"phase10_challenger_run","poisson_team_ridge_elo_dc","open_core","frozen","over_2_5","over_2_5_log_loss","tournament","within_tournament","wc2022",0.695025619889478,1,64,64,64,1
"phase10_challenger_run","poisson_team_ridge_elo","open_core","frozen","under_2_5","under_2_5_log_loss","tournament","within_tournament","wc2022",0.695025619889478,1,64,64,64,1
"phase10_challenger_run","poisson_team_ridge_elo_dc","open_core","frozen","under_2_5","under_2_5_log_loss","tournament","within_tournament","wc2022",0.695025619889478,1,64,64,64,1
"phase10_challenger_run","poisson_team_ridge_elo_bivpois","open_core","frozen","over_2_5","over_2_5_log_loss","tournament","within_tournament","wc2022",0.695025902572594,1,64,64,64,1
"phase10_challenger_run","poisson_team_ridge_elo_bivpois","open_core","frozen","under_2_5","under_2_5_log_loss","tournament","within_tournament","wc2022",0.695025902572594,1,64,64,64,1
"phase10_challenger_run","open_nb_elo_only_ablation","open_core","updating","btts","btts_log_loss","tournament","within_tournament","wc2022",0.695236549416975,1,64,64,64,1
"phase10_challenger_run","open_nb_elo_only_ablation","open_core","frozen","btts","btts_log_loss","tournament","within_tournament","wc2022",0.696238221139178,1,64,64,64,1
"phase10_challenger_run","poisson_team_ridge_elo","open_core","updating","over_2_5","over_2_5_log_loss","tournament","within_tournament","wc2022",0.696698336156053,1,64,64,64,1
"phase10_challenger_run","poisson_team_ridge_elo_dc","open_core","updating","over_2_5","over_2_5_log_loss","tournament","within_tournament","wc2022",0.696698336156053,1,64,64,64,1
"phase10_challenger_run","poisson_team_ridge_elo","open_core","updating","under_2_5","under_2_5_log_loss","tournament","within_tournament","wc2022",0.696698336156053,1,64,64,64,1
"phase10_challenger_run","poisson_team_ridge_elo_dc","open_core","updating","under_2_5","under_2_5_log_loss","tournament","within_tournament","wc2022",0.696698336156053,1,64,64,64,1
"phase10_challenger_run","poisson_team_ridge_elo_bivpois","open_core","updating","over_2_5","over_2_5_log_loss","tournament","within_tournament","wc2022",0.696698428606829,1,64,64,64,1
"phase10_challenger_run","poisson_team_ridge_elo_bivpois","open_core","updating","under_2_5","under_2_5_log_loss","tournament","within_tournament","wc2022",0.696698428606829,1,64,64,64,1
"phase10_challenger_run","poisson_team_ridge","open_core","updating","over_2_5","over_2_5_log_loss","tournament","within_tournament","wc2022",0.69966866532602,1,64,64,64,1
"phase10_challenger_run","poisson_team_ridge","open_core","updating","under_2_5","under_2_5_log_loss","tournament","within_tournament","wc2022",0.699668665326021,1,64,64,64,1
"phase10_challenger_run","poisson_team_ridge","open_core","frozen","over_2_5","over_2_5_log_loss","tournament","within_tournament","wc2022",0.700334248408138,1,64,64,64,1
"phase10_challenger_run","poisson_team_ridge","open_core","frozen","under_2_5","under_2_5_log_loss","tournament","within_tournament","wc2022",0.700334248408139,1,64,64,64,1
"phase10_challenger_run","open_nb_elo_only_ablation","open_core","updating","home_goals","home_goal_rps","tournament","within_tournament","wc2022",0.727621701687841,1,64,64,64,1
"phase10_challenger_run","dynamic_goal_ability_elo","open_core","frozen","over_2_5","over_2_5_log_loss","tournament","within_tournament","wc2022",0.738373294452369,1,64,64,64,1
"phase10_challenger_run","dynamic_goal_ability_elo","open_core","frozen","under_2_5","under_2_5_log_loss","tournament","within_tournament","wc2022",0.738373294452369,1,64,64,64,1
"phase10_challenger_run","dynamic_goal_ability_elo","open_core","updating","under_2_5","under_2_5_log_loss","tournament","within_tournament","wc2022",0.740220593064959,1,64,64,64,1
"phase10_challenger_run","dynamic_goal_ability_elo","open_core","updating","over_2_5","over_2_5_log_loss","tournament","within_tournament","wc2022",0.74022059306496,1,64,64,64,1
"phase10_challenger_run","dynamic_goal_ability","open_core","frozen","over_2_5","over_2_5_log_loss","tournament","within_tournament","wc2022",0.740734017268389,1,64,64,64,1
"phase10_challenger_run","dynamic_goal_ability","open_core","frozen","under_2_5","under_2_5_log_loss","tournament","within_tournament","wc2022",0.740734017268389,1,64,64,64,1
"phase10_challenger_run","dynamic_goal_ability","open_core","updating","over_2_5","over_2_5_log_loss","tournament","within_tournament","wc2022",0.743330868038903,1,64,64,64,1
"phase10_challenger_run","dynamic_goal_ability","open_core","updating","under_2_5","under_2_5_log_loss","tournament","within_tournament","wc2022",0.743330868038903,1,64,64,64,1
"phase10_challenger_run","poisson_team_ridge_elo","open_core","updating","home_goals","home_goal_rps","tournament","within_tournament","wc2022",0.75192713848951,1,64,64,64,1
"phase10_challenger_run","poisson_team_ridge_elo_bivpois","open_core","updating","home_goals","home_goal_rps","tournament","within_tournament","wc2022",0.75192713848951,1,64,64,64,1
"phase10_challenger_run","poisson_team_ridge_elo_dc","open_core","updating","home_goals","home_goal_rps","tournament","within_tournament","wc2022",0.75192713848951,1,64,64,64,1
"phase10_challenger_run","open_nb_elo_only_ablation","open_core","frozen","home_goals","home_goal_rps","tournament","within_tournament","wc2022",0.784428180811898,1,64,64,64,1
"phase10_challenger_run","poisson_team_ridge_elo","open_core","frozen","home_goals","home_goal_rps","tournament","within_tournament","wc2022",0.794719300225421,1,64,64,64,1
"phase10_challenger_run","poisson_team_ridge_elo_bivpois","open_core","frozen","home_goals","home_goal_rps","tournament","within_tournament","wc2022",0.794719300225421,1,64,64,64,1
"phase10_challenger_run","poisson_team_ridge_elo_dc","open_core","frozen","home_goals","home_goal_rps","tournament","within_tournament","wc2022",0.794719300225421,1,64,64,64,1
"phase10_challenger_run","dynamic_goal_ability_elo","open_core","frozen","home_goals","home_goal_rps","tournament","within_tournament","wc2022",0.805809285473625,1,64,64,64,1
"phase10_challenger_run","dynamic_goal_ability_elo","open_core","updating","home_goals","home_goal_rps","tournament","within_tournament","wc2022",0.811138297256897,1,64,64,64,1
"phase10_challenger_run","dynamic_goal_ability","open_core","frozen","home_goals","home_goal_rps","tournament","within_tournament","wc2022",0.812443319928593,1,64,64,64,1
"phase10_challenger_run","poisson_team_ridge","open_core","frozen","home_goals","home_goal_rps","tournament","within_tournament","wc2022",0.814775882772372,1,64,64,64,1
"phase10_challenger_run","poisson_team_ridge","open_core","updating","home_goals","home_goal_rps","tournament","within_tournament","wc2022",0.815471718284272,1,64,64,64,1
"phase10_challenger_run","dynamic_goal_ability","open_core","updating","home_goals","home_goal_rps","tournament","within_tournament","wc2022",0.826969551050044,1,64,64,64,1
"phase10_challenger_run","open_nb_elo_only_ablation","open_core","updating","regulation_1x2","log_loss","tournament","within_tournament","wc2022",1.01587595381916,1,64,64,64,1
"phase10_challenger_run","poisson_team_ridge_elo_dc","open_core","updating","regulation_1x2","log_loss","tournament","within_tournament","wc2022",1.03127707496263,1,64,64,64,1
"phase10_challenger_run","poisson_team_ridge_elo","open_core","updating","regulation_1x2","log_loss","tournament","within_tournament","wc2022",1.03198289269664,1,64,64,64,1
"phase10_challenger_run","poisson_team_ridge_elo_bivpois","open_core","updating","regulation_1x2","log_loss","tournament","within_tournament","wc2022",1.03198350737669,1,64,64,64,1
"phase10_challenger_run","open_nb_elo_only_ablation","open_core","frozen","regulation_1x2","log_loss","tournament","within_tournament","wc2022",1.05268533160571,1,64,64,64,1
"phase10_challenger_run","poisson_team_ridge_elo_dc","open_core","frozen","regulation_1x2","log_loss","tournament","within_tournament","wc2022",1.0577928565808,1,64,64,64,1
"phase10_challenger_run","poisson_team_ridge_elo","open_core","frozen","regulation_1x2","log_loss","tournament","within_tournament","wc2022",1.05874234249117,1,64,64,64,1
"phase10_challenger_run","poisson_team_ridge_elo_bivpois","open_core","frozen","regulation_1x2","log_loss","tournament","within_tournament","wc2022",1.05874375107733,1,64,64,64,1
"phase10_challenger_run","dynamic_goal_ability_elo","open_core","updating","regulation_1x2","log_loss","tournament","within_tournament","wc2022",1.07205188986213,1,64,64,64,1
"phase10_challenger_run","dynamic_goal_ability_elo","open_core","frozen","regulation_1x2","log_loss","tournament","within_tournament","wc2022",1.07345673682849,1,64,64,64,1
"phase10_challenger_run","poisson_team_ridge","open_core","frozen","regulation_1x2","log_loss","tournament","within_tournament","wc2022",1.07864823050506,1,64,64,64,1
"phase10_challenger_run","poisson_team_ridge","open_core","updating","regulation_1x2","log_loss","tournament","within_tournament","wc2022",1.07915344698706,1,64,64,64,1
"phase10_challenger_run","dynamic_goal_ability","open_core","frozen","regulation_1x2","log_loss","tournament","within_tournament","wc2022",1.07970885799161,1,64,64,64,1
"phase10_challenger_run","dynamic_goal_ability","open_core","updating","regulation_1x2","log_loss","tournament","within_tournament","wc2022",1.08354339395286,1,64,64,64,1
"phase10_challenger_run","open_nb_elo_only_ablation","open_core","updating","regulation_scoreline","joint_scoreline_log_loss","tournament","within_tournament","wc2022",2.94506197497453,1,64,64,64,1
"phase10_challenger_run","poisson_team_ridge_elo_bivpois","open_core","updating","regulation_scoreline","joint_scoreline_log_loss","tournament","within_tournament","wc2022",2.98107984306224,1,64,64,64,1
"phase10_challenger_run","poisson_team_ridge_elo","open_core","updating","regulation_scoreline","joint_scoreline_log_loss","tournament","within_tournament","wc2022",2.98108675091946,1,64,64,64,1
"phase10_challenger_run","poisson_team_ridge_elo_dc","open_core","updating","regulation_scoreline","joint_scoreline_log_loss","tournament","within_tournament","wc2022",2.98187839244233,1,64,64,64,1
"phase10_challenger_run","open_nb_elo_only_ablation","open_core","frozen","regulation_scoreline","joint_scoreline_log_loss","tournament","within_tournament","wc2022",3.02057198542039,1,64,64,64,1
"phase10_challenger_run","poisson_team_ridge_elo_bivpois","open_core","frozen","regulation_scoreline","joint_scoreline_log_loss","tournament","within_tournament","wc2022",3.04716910043533,1,64,64,64,1
"phase10_challenger_run","poisson_team_ridge_elo","open_core","frozen","regulation_scoreline","joint_scoreline_log_loss","tournament","within_tournament","wc2022",3.0471725363979,1,64,64,64,1
"phase10_challenger_run","poisson_team_ridge_elo_dc","open_core","frozen","regulation_scoreline","joint_scoreline_log_loss","tournament","within_tournament","wc2022",3.04858048037344,1,64,64,64,1
"phase10_challenger_run","dynamic_goal_ability_elo","open_core","updating","regulation_scoreline","joint_scoreline_log_loss","tournament","within_tournament","wc2022",3.07901018608876,1,64,64,64,1
"phase10_challenger_run","dynamic_goal_ability_elo","open_core","frozen","regulation_scoreline","joint_scoreline_log_loss","tournament","within_tournament","wc2022",3.08625015949332,1,64,64,64,1
"phase10_challenger_run","poisson_team_ridge","open_core","updating","regulation_scoreline","joint_scoreline_log_loss","tournament","within_tournament","wc2022",3.0967099220135,1,64,64,64,1
"phase10_challenger_run","poisson_team_ridge","open_core","frozen","regulation_scoreline","joint_scoreline_log_loss","tournament","within_tournament","wc2022",3.09810799909951,1,64,64,64,1
"phase10_challenger_run","dynamic_goal_ability","open_core","frozen","regulation_scoreline","joint_scoreline_log_loss","tournament","within_tournament","wc2022",3.10166435803765,1,64,64,64,1
"phase10_challenger_run","dynamic_goal_ability","open_core","updating","regulation_scoreline","joint_scoreline_log_loss","tournament","within_tournament","wc2022",3.10985512439246,1,64,64,64,1
