"schema_version","edition_id","fixture_id","source_match_id","stage_id","group_id","round_id","home_team_id","away_team_id","scheduled_date","actual_completion_date","time_precision","boundary_id","venue_country","neutral","venue_role","home_is_host","away_is_host","regulation_home_goals","regulation_away_goals","final_home_goals","final_away_goals","went_extra_time","went_penalties","winner_team_id","status","fit_eligible","score_eligible","exclusion_reason","result_source","result_source_date","source_license","row_sha256"
"1.0","wc2002","wc2002_001","France_Senegal_2002-05-31","group","group_06","group","team_fra","team_sen",2002-05-31,2002-05-31,"date","wc2002__2002-05-31","South Korea",TRUE,"neutral",FALSE,FALSE,0,1,0,1,FALSE,FALSE,"team_sen","completed",TRUE,TRUE,"","martj42/international_results local results+goalscorers+shootouts snapshot",2002-05-31,"CC0-1.0","f0a51a9e778485d72c4f1f0b8b8cd727adef6f7bc211631c734e96ca1d36dc0e"
"1.0","wc2002","wc2002_002","Germany_Saudi Arabia_2002-06-01","group","group_04","group","team_ger","team_ksa",2002-06-01,2002-06-01,"date","wc2002__2002-06-01","Japan",TRUE,"neutral",FALSE,FALSE,8,0,8,0,FALSE,FALSE,"team_ger","completed",TRUE,TRUE,"","martj42/international_results local results+goalscorers+shootouts snapshot",2002-06-01,"CC0-1.0","14313f6cfeb55f002800ea2fe2b394dbf15cb70f4a219870bab12665fa18eace"
"1.0","wc2002","wc2002_003","Republic of Ireland_Cameroon_2002-06-01","group","group_04","group","team_irl","team_cmr",2002-06-01,2002-06-01,"date","wc2002__2002-06-01","Japan",TRUE,"neutral",FALSE,FALSE,1,1,1,1,FALSE,FALSE,"","completed",TRUE,TRUE,"","martj42/international_results local results+goalscorers+shootouts snapshot",2002-06-01,"CC0-1.0","1a45dc319e188ec11ae4b31f48ed8cb78a6bcf2cc8518b3fb1a1cffe8a3e76fb"
"1.0","wc2002","wc2002_004","Uruguay_Denmark_2002-06-01","group","group_06","group","team_uru","team_den",2002-06-01,2002-06-01,"date","wc2002__2002-06-01","South Korea",TRUE,"neutral",FALSE,FALSE,1,2,1,2,FALSE,FALSE,"team_den","completed",TRUE,TRUE,"","martj42/international_results local results+goalscorers+shootouts snapshot",2002-06-01,"CC0-1.0","5c0399d8b7a3699b01ef60aa860344fcb167002a41b015e29d8e432489beda85"
"1.0","wc2002","wc2002_005","Argentina_Nigeria_2002-06-02","group","group_01","group","team_arg","team_nga",2002-06-02,2002-06-02,"date","wc2002__2002-06-02","Japan",TRUE,"neutral",FALSE,FALSE,1,0,1,0,FALSE,FALSE,"team_arg","completed",TRUE,TRUE,"","martj42/international_results local results+goalscorers+shootouts snapshot",2002-06-02,"CC0-1.0","a5f25f85d717a3dd214438eda81c7d1731c5a88187d4655fa635b8057d718ace"
"1.0","wc2002","wc2002_006","England_Sweden_2002-06-02","group","group_01","group","team_eng","team_swe",2002-06-02,2002-06-02,"date","wc2002__2002-06-02","Japan",TRUE,"neutral",FALSE,FALSE,1,1,1,1,FALSE,FALSE,"","completed",TRUE,TRUE,"","martj42/international_results local results+goalscorers+shootouts snapshot",2002-06-02,"CC0-1.0","931b3600f0d85f21b359f6e79085dbac7019b80fd8f6a884199cf12677bb0737"
"1.0","wc2002","wc2002_007","Paraguay_South Africa_2002-06-02","group","group_08","group","team_par","team_rsa",2002-06-02,2002-06-02,"date","wc2002__2002-06-02","South Korea",TRUE,"neutral",FALSE,FALSE,2,2,2,2,FALSE,FALSE,"","completed",TRUE,TRUE,"","martj42/international_results local results+goalscorers+shootouts snapshot",2002-06-02,"CC0-1.0","5a2f7e81ba535c2b9a02c33b7dbc7769a9d37cdff8377990b67e5f98143a40de"
"1.0","wc2002","wc2002_008","Spain_Slovenia_2002-06-02","group","group_08","group","team_esp","team_svn",2002-06-02,2002-06-02,"date","wc2002__2002-06-02","South Korea",TRUE,"neutral",FALSE,FALSE,3,1,3,1,FALSE,FALSE,"team_esp","completed",TRUE,TRUE,"","martj42/international_results local results+goalscorers+shootouts snapshot",2002-06-02,"CC0-1.0","a3c724bc3c021c72d3984aeb6415f6b348df4838763be9e3dd337b03e65d2abf"
"1.0","wc2002","wc2002_009","Brazil_Turkey_2002-06-03","group","group_03","group","team_bra","team_tur",2002-06-03,2002-06-03,"date","wc2002__2002-06-03","South Korea",TRUE,"neutral",FALSE,FALSE,2,1,2,1,FALSE,FALSE,"team_bra","completed",TRUE,TRUE,"","martj42/international_results local results+goalscorers+shootouts snapshot",2002-06-03,"CC0-1.0","3fd571034b3c4d1b4b6f8a5ac4db9cfc6e22352e1a05bd0148f6b1fdf3346d25"
"1.0","wc2002","wc2002_010","Croatia_Mexico_2002-06-03","group","group_05","group","team_cro","team_mex",2002-06-03,2002-06-03,"date","wc2002__2002-06-03","Japan",TRUE,"neutral",FALSE,FALSE,0,1,0,1,FALSE,FALSE,"team_mex","completed",TRUE,TRUE,"","martj42/international_results local results+goalscorers+shootouts snapshot",2002-06-03,"CC0-1.0","18fe3340e3c3179ce5f6bb4b8f6e23165b896eba4d0d4ad52171c0941e72cef6"
"1.0","wc2002","wc2002_011","Italy_Ecuador_2002-06-03","group","group_05","group","team_ita","team_ecu",2002-06-03,2002-06-03,"date","wc2002__2002-06-03","Japan",TRUE,"neutral",FALSE,FALSE,2,0,2,0,FALSE,FALSE,"team_ita","completed",TRUE,TRUE,"","martj42/international_results local results+goalscorers+shootouts snapshot",2002-06-03,"CC0-1.0","51b37474b5584b368105b272b679f9f60bf0c44de0c5bc65d835ab00033e5fed"
"1.0","wc2002","wc2002_012","China_Costa Rica_2002-06-04","group","group_03","group","team_chn","team_crc",2002-06-04,2002-06-04,"date","wc2002__2002-06-04","South Korea",TRUE,"neutral",FALSE,FALSE,0,2,0,2,FALSE,FALSE,"team_crc","completed",TRUE,TRUE,"","martj42/international_results local results+goalscorers+shootouts snapshot",2002-06-04,"CC0-1.0","febef8b812cef1f43278d0688fcdd07a8501aa447fe3a067e82144bc11df46ff"
"1.0","wc2002","wc2002_013","Japan_Belgium_2002-06-04","group","group_02","group","team_jpn","team_bel",2002-06-04,2002-06-04,"date","wc2002__2002-06-04","Japan",FALSE,"home",TRUE,FALSE,2,2,2,2,FALSE,FALSE,"","completed",TRUE,TRUE,"","martj42/international_results local results+goalscorers+shootouts snapshot",2002-06-04,"CC0-1.0","26b454e5d0f2b7f6357231ce39a1fa298e177869c66a30c45f3fd28baa741bfe"
"1.0","wc2002","wc2002_014","Korea Republic_Poland_2002-06-04","group","group_07","group","team_kor","team_pol",2002-06-04,2002-06-04,"date","wc2002__2002-06-04","South Korea",FALSE,"home",TRUE,FALSE,2,0,2,0,FALSE,FALSE,"team_kor","completed",TRUE,TRUE,"","martj42/international_results local results+goalscorers+shootouts snapshot",2002-06-04,"CC0-1.0","b086a05b4d06052207fa0ce5e77f0fcb71ea0e83a95582647709276eb93fef8b"
"1.0","wc2002","wc2002_015","Germany_Republic of Ireland_2002-06-05","group","group_04","group","team_ger","team_irl",2002-06-05,2002-06-05,"date","wc2002__2002-06-05","Japan",TRUE,"neutral",FALSE,FALSE,1,1,1,1,FALSE,FALSE,"","completed",TRUE,TRUE,"","martj42/international_results local results+goalscorers+shootouts snapshot",2002-06-05,"CC0-1.0","5ddc96c50c228bb908b7a81755c89701a226d72f627f5a0308c423ed728c945c"
"1.0","wc2002","wc2002_016","Russia_Tunisia_2002-06-05","group","group_02","group","team_rus","team_tun",2002-06-05,2002-06-05,"date","wc2002__2002-06-05","Japan",TRUE,"neutral",FALSE,FALSE,2,0,2,0,FALSE,FALSE,"team_rus","completed",TRUE,TRUE,"","martj42/international_results local results+goalscorers+shootouts snapshot",2002-06-05,"CC0-1.0","726836db242e4a2cd30b8272d5ce9cc4dd7873711e996c1475a99c9ef9c81936"
"1.0","wc2002","wc2002_017","United States_Portugal_2002-06-05","group","group_07","group","team_usa","team_por",2002-06-05,2002-06-05,"date","wc2002__2002-06-05","South Korea",TRUE,"neutral",FALSE,FALSE,3,2,3,2,FALSE,FALSE,"team_usa","completed",TRUE,TRUE,"","martj42/international_results local results+goalscorers+shootouts snapshot",2002-06-05,"CC0-1.0","0bef7cf31acdf0e4a3fb0e11b3bb5e93d76497007ebded26273cf5c7a72b370a"
"1.0","wc2002","wc2002_018","Cameroon_Saudi Arabia_2002-06-06","group","group_04","group","team_cmr","team_ksa",2002-06-06,2002-06-06,"date","wc2002__2002-06-06","Japan",TRUE,"neutral",FALSE,FALSE,1,0,1,0,FALSE,FALSE,"team_cmr","completed",TRUE,TRUE,"","martj42/international_results local results+goalscorers+shootouts snapshot",2002-06-06,"CC0-1.0","6b3bbcd443d22ea88df73744da7b3641fd9caffb860fe8d1ab4ce00e0e543745"
"1.0","wc2002","wc2002_019","Denmark_Senegal_2002-06-06","group","group_06","group","team_den","team_sen",2002-06-06,2002-06-06,"date","wc2002__2002-06-06","South Korea",TRUE,"neutral",FALSE,FALSE,1,1,1,1,FALSE,FALSE,"","completed",TRUE,TRUE,"","martj42/international_results local results+goalscorers+shootouts snapshot",2002-06-06,"CC0-1.0","6809d7c8f8a141d385e3569e91b05b1d626034ee7f0ae4b460e631107c3812f2"
"1.0","wc2002","wc2002_020","France_Uruguay_2002-06-06","group","group_06","group","team_fra","team_uru",2002-06-06,2002-06-06,"date","wc2002__2002-06-06","South Korea",TRUE,"neutral",FALSE,FALSE,0,0,0,0,FALSE,FALSE,"","completed",TRUE,TRUE,"","martj42/international_results local results+goalscorers+shootouts snapshot",2002-06-06,"CC0-1.0","9655fa006a524b5cdafad9dfe9db060b36498ed18ee84a93c4efe9d610371ab6"
"1.0","wc2002","wc2002_021","Argentina_England_2002-06-07","group","group_01","group","team_arg","team_eng",2002-06-07,2002-06-07,"date","wc2002__2002-06-07","Japan",TRUE,"neutral",FALSE,FALSE,0,1,0,1,FALSE,FALSE,"team_eng","completed",TRUE,TRUE,"","martj42/international_results local results+goalscorers+shootouts snapshot",2002-06-07,"CC0-1.0","a978062f760b393f89cc1bb9ce6a37b1b72a4ad4c226f87beb3deb2de60b274d"
"1.0","wc2002","wc2002_022","Spain_Paraguay_2002-06-07","group","group_08","group","team_esp","team_par",2002-06-07,2002-06-07,"date","wc2002__2002-06-07","South Korea",TRUE,"neutral",FALSE,FALSE,3,1,3,1,FALSE,FALSE,"team_esp","completed",TRUE,TRUE,"","martj42/international_results local results+goalscorers+shootouts snapshot",2002-06-07,"CC0-1.0","1a5002d40c6a4bc2ea3495de33eea19bfcc7abdf9843d7790f0a2e0b73da585d"
"1.0","wc2002","wc2002_023","Sweden_Nigeria_2002-06-07","group","group_01","group","team_swe","team_nga",2002-06-07,2002-06-07,"date","wc2002__2002-06-07","Japan",TRUE,"neutral",FALSE,FALSE,2,1,2,1,FALSE,FALSE,"team_swe","completed",TRUE,TRUE,"","martj42/international_results local results+goalscorers+shootouts snapshot",2002-06-07,"CC0-1.0","131e66c15f2b998d4688ca7a1a472e05d64553487d11c0d9b613b50854304f5c"
"1.0","wc2002","wc2002_024","Brazil_China_2002-06-08","group","group_03","group","team_bra","team_chn",2002-06-08,2002-06-08,"date","wc2002__2002-06-08","South Korea",TRUE,"neutral",FALSE,FALSE,4,0,4,0,FALSE,FALSE,"team_bra","completed",TRUE,TRUE,"","martj42/international_results local results+goalscorers+shootouts snapshot",2002-06-08,"CC0-1.0","03460d931db83024ac29f00a7c3310b47c91a7872562d9015ada85954b9f4636"
"1.0","wc2002","wc2002_025","Italy_Croatia_2002-06-08","group","group_05","group","team_ita","team_cro",2002-06-08,2002-06-08,"date","wc2002__2002-06-08","Japan",TRUE,"neutral",FALSE,FALSE,1,2,1,2,FALSE,FALSE,"team_cro","completed",TRUE,TRUE,"","martj42/international_results local results+goalscorers+shootouts snapshot",2002-06-08,"CC0-1.0","4061c842fd09809ac2de2e525936cbe3da8d5461c124e38ff503a06ef6b0e15a"
"1.0","wc2002","wc2002_026","South Africa_Slovenia_2002-06-08","group","group_08","group","team_rsa","team_svn",2002-06-08,2002-06-08,"date","wc2002__2002-06-08","South Korea",TRUE,"neutral",FALSE,FALSE,1,0,1,0,FALSE,FALSE,"team_rsa","completed",TRUE,TRUE,"","martj42/international_results local results+goalscorers+shootouts snapshot",2002-06-08,"CC0-1.0","cf11582c9f0f52646e7610f5389cfec144b7d8bccb7845036f522e7066460c8b"
"1.0","wc2002","wc2002_027","Costa Rica_Turkey_2002-06-09","group","group_03","group","team_crc","team_tur",2002-06-09,2002-06-09,"date","wc2002__2002-06-09","South Korea",TRUE,"neutral",FALSE,FALSE,1,1,1,1,FALSE,FALSE,"","completed",TRUE,TRUE,"","martj42/international_results local results+goalscorers+shootouts snapshot",2002-06-09,"CC0-1.0","5fc2123f219bcb1cbcf6f67e06db51d3dab8a0dad15dd57e7ba2f383761ac843"
"1.0","wc2002","wc2002_028","Japan_Russia_2002-06-09","group","group_02","group","team_jpn","team_rus",2002-06-09,2002-06-09,"date","wc2002__2002-06-09","Japan",FALSE,"home",TRUE,FALSE,1,0,1,0,FALSE,FALSE,"team_jpn","completed",TRUE,TRUE,"","martj42/international_results local results+goalscorers+shootouts snapshot",2002-06-09,"CC0-1.0","cbdeee65200f3644807db01cea0c3e78992cf91d3c3880d4696f253b97523b21"
"1.0","wc2002","wc2002_029","Mexico_Ecuador_2002-06-09","group","group_05","group","team_mex","team_ecu",2002-06-09,2002-06-09,"date","wc2002__2002-06-09","Japan",TRUE,"neutral",FALSE,FALSE,2,1,2,1,FALSE,FALSE,"team_mex","completed",TRUE,TRUE,"","martj42/international_results local results+goalscorers+shootouts snapshot",2002-06-09,"CC0-1.0","1f5dda828d6bc37d32496177e89d374fbb282a59a662111fb351fd3903b7c1d6"
"1.0","wc2002","wc2002_030","Korea Republic_United States_2002-06-10","group","group_07","group","team_kor","team_usa",2002-06-10,2002-06-10,"date","wc2002__2002-06-10","South Korea",FALSE,"home",TRUE,FALSE,1,1,1,1,FALSE,FALSE,"","completed",TRUE,TRUE,"","martj42/international_results local results+goalscorers+shootouts snapshot",2002-06-10,"CC0-1.0","429db9a7241a8ead637f9e897981d24ae45fe383edf9c6423995be0542f7e773"
"1.0","wc2002","wc2002_031","Portugal_Poland_2002-06-10","group","group_07","group","team_por","team_pol",2002-06-10,2002-06-10,"date","wc2002__2002-06-10","South Korea",TRUE,"neutral",FALSE,FALSE,4,0,4,0,FALSE,FALSE,"team_por","completed",TRUE,TRUE,"","martj42/international_results local results+goalscorers+shootouts snapshot",2002-06-10,"CC0-1.0","658722fd0ce0217d0d220824890747c6afce416f973420449fbce0f9a62404ce"
"1.0","wc2002","wc2002_032","Tunisia_Belgium_2002-06-10","group","group_02","group","team_tun","team_bel",2002-06-10,2002-06-10,"date","wc2002__2002-06-10","Japan",TRUE,"neutral",FALSE,FALSE,1,1,1,1,FALSE,FALSE,"","completed",TRUE,TRUE,"","martj42/international_results local results+goalscorers+shootouts snapshot",2002-06-10,"CC0-1.0","10bd2d9151b5dec747fdbec4e20161bcb1a1e7c780a7604debd28184cdc82d1a"
"1.0","wc2002","wc2002_033","Cameroon_Germany_2002-06-11","group","group_04","group","team_cmr","team_ger",2002-06-11,2002-06-11,"date","wc2002__2002-06-11","Japan",TRUE,"neutral",FALSE,FALSE,0,2,0,2,FALSE,FALSE,"team_ger","completed",TRUE,TRUE,"","martj42/international_results local results+goalscorers+shootouts snapshot",2002-06-11,"CC0-1.0","80c3dac4116b5d014a02e4a8cb407c6fb207ecd168c798d3df90c20912307235"
"1.0","wc2002","wc2002_034","Denmark_France_2002-06-11","group","group_06","group","team_den","team_fra",2002-06-11,2002-06-11,"date","wc2002__2002-06-11","South Korea",TRUE,"neutral",FALSE,FALSE,2,0,2,0,FALSE,FALSE,"team_den","completed",TRUE,TRUE,"","martj42/international_results local results+goalscorers+shootouts snapshot",2002-06-11,"CC0-1.0","8a1240059681182f02efc1aaa41b6a4e5bbad35f537299dcad39eeb8aa843c84"
"1.0","wc2002","wc2002_035","Saudi Arabia_Republic of Ireland_2002-06-11","group","group_04","group","team_ksa","team_irl",2002-06-11,2002-06-11,"date","wc2002__2002-06-11","Japan",TRUE,"neutral",FALSE,FALSE,0,3,0,3,FALSE,FALSE,"team_irl","completed",TRUE,TRUE,"","martj42/international_results local results+goalscorers+shootouts snapshot",2002-06-11,"CC0-1.0","eaf09b03352846cd77b8e1a09f3635275b81c77d611e4e7571b952de419b84e8"
"1.0","wc2002","wc2002_036","Senegal_Uruguay_2002-06-11","group","group_06","group","team_sen","team_uru",2002-06-11,2002-06-11,"date","wc2002__2002-06-11","South Korea",TRUE,"neutral",FALSE,FALSE,3,3,3,3,FALSE,FALSE,"","completed",TRUE,TRUE,"","martj42/international_results local results+goalscorers+shootouts snapshot",2002-06-11,"CC0-1.0","9d6d07f1c54628ad980d63b64d85821684dd9e5132486a70aa858fc64aef10f8"
"1.0","wc2002","wc2002_037","Nigeria_England_2002-06-12","group","group_01","group","team_nga","team_eng",2002-06-12,2002-06-12,"date","wc2002__2002-06-12","Japan",TRUE,"neutral",FALSE,FALSE,0,0,0,0,FALSE,FALSE,"","completed",TRUE,TRUE,"","martj42/international_results local results+goalscorers+shootouts snapshot",2002-06-12,"CC0-1.0","a381ac89e78d9df5a3d74d9fc569626fd5bfe1a0fcf620dc2670eaa33689dbc5"
"1.0","wc2002","wc2002_038","Slovenia_Paraguay_2002-06-12","group","group_08","group","team_svn","team_par",2002-06-12,2002-06-12,"date","wc2002__2002-06-12","South Korea",TRUE,"neutral",FALSE,FALSE,1,3,1,3,FALSE,FALSE,"team_par","completed",TRUE,TRUE,"","martj42/international_results local results+goalscorers+shootouts snapshot",2002-06-12,"CC0-1.0","6e5d8320f7e20774f6a7209087f7dfc7351f6f99f2179de40dbb5a2b17fe9461"
"1.0","wc2002","wc2002_039","South Africa_Spain_2002-06-12","group","group_08","group","team_rsa","team_esp",2002-06-12,2002-06-12,"date","wc2002__2002-06-12","South Korea",TRUE,"neutral",FALSE,FALSE,2,3,2,3,FALSE,FALSE,"team_esp","completed",TRUE,TRUE,"","martj42/international_results local results+goalscorers+shootouts snapshot",2002-06-12,"CC0-1.0","3748f516f017d5653cd5fd2b03a2f077c7eff103c1b365bc2071c5448625f1a1"
"1.0","wc2002","wc2002_040","Sweden_Argentina_2002-06-12","group","group_01","group","team_swe","team_arg",2002-06-12,2002-06-12,"date","wc2002__2002-06-12","Japan",TRUE,"neutral",FALSE,FALSE,1,1,1,1,FALSE,FALSE,"","completed",TRUE,TRUE,"","martj42/international_results local results+goalscorers+shootouts snapshot",2002-06-12,"CC0-1.0","b1218aeaa373f105214e3fd2593fab9c321bda35a48b98919701a5b8b855c375"
"1.0","wc2002","wc2002_041","Costa Rica_Brazil_2002-06-13","group","group_03","group","team_crc","team_bra",2002-06-13,2002-06-13,"date","wc2002__2002-06-13","South Korea",TRUE,"neutral",FALSE,FALSE,2,5,2,5,FALSE,FALSE,"team_bra","completed",TRUE,TRUE,"","martj42/international_results local results+goalscorers+shootouts snapshot",2002-06-13,"CC0-1.0","b08c3c3b786a6c1529fd7af3729f38969961e9418a49b35b2bac1c149ea2a573"
"1.0","wc2002","wc2002_042","Ecuador_Croatia_2002-06-13","group","group_05","group","team_ecu","team_cro",2002-06-13,2002-06-13,"date","wc2002__2002-06-13","Japan",TRUE,"neutral",FALSE,FALSE,1,0,1,0,FALSE,FALSE,"team_ecu","completed",TRUE,TRUE,"","martj42/international_results local results+goalscorers+shootouts snapshot",2002-06-13,"CC0-1.0","187389c49f91b3e340f8933ff58a19deb6d95f2d37ac48b9369606793c020332"
"1.0","wc2002","wc2002_043","Mexico_Italy_2002-06-13","group","group_05","group","team_mex","team_ita",2002-06-13,2002-06-13,"date","wc2002__2002-06-13","Japan",TRUE,"neutral",FALSE,FALSE,1,1,1,1,FALSE,FALSE,"","completed",TRUE,TRUE,"","martj42/international_results local results+goalscorers+shootouts snapshot",2002-06-13,"CC0-1.0","245c0dfa95c37135182d445a6f2d6347e0d8208e5c8e8f4b2b8933fa46788fa8"
"1.0","wc2002","wc2002_044","Turkey_China_2002-06-13","group","group_03","group","team_tur","team_chn",2002-06-13,2002-06-13,"date","wc2002__2002-06-13","South Korea",TRUE,"neutral",FALSE,FALSE,3,0,3,0,FALSE,FALSE,"team_tur","completed",TRUE,TRUE,"","martj42/international_results local results+goalscorers+shootouts snapshot",2002-06-13,"CC0-1.0","0beda7f34437ebbb4cf605ec7376633774ee1a865f6917618b42f84568748d0f"
"1.0","wc2002","wc2002_045","Belgium_Russia_2002-06-14","group","group_02","group","team_bel","team_rus",2002-06-14,2002-06-14,"date","wc2002__2002-06-14","Japan",TRUE,"neutral",FALSE,FALSE,3,2,3,2,FALSE,FALSE,"team_bel","completed",TRUE,TRUE,"","martj42/international_results local results+goalscorers+shootouts snapshot",2002-06-14,"CC0-1.0","97c09533a3c16c2ac9c8b33535990663ef219e68b84a5f89ae9adebc59a23bc4"
"1.0","wc2002","wc2002_046","Japan_Tunisia_2002-06-14","group","group_02","group","team_jpn","team_tun",2002-06-14,2002-06-14,"date","wc2002__2002-06-14","Japan",FALSE,"home",TRUE,FALSE,2,0,2,0,FALSE,FALSE,"team_jpn","completed",TRUE,TRUE,"","martj42/international_results local results+goalscorers+shootouts snapshot",2002-06-14,"CC0-1.0","d9d323e0a7b5dfeb22df64f80049b9c77151f286bd3abfd685e462df0b6d3825"
"1.0","wc2002","wc2002_047","Korea Republic_Portugal_2002-06-14","group","group_07","group","team_kor","team_por",2002-06-14,2002-06-14,"date","wc2002__2002-06-14","South Korea",FALSE,"home",TRUE,FALSE,1,0,1,0,FALSE,FALSE,"team_kor","completed",TRUE,TRUE,"","martj42/international_results local results+goalscorers+shootouts snapshot",2002-06-14,"CC0-1.0","437ab98cfc95b3d60da5da6a714a854076c6ba946a63bff659fa19c4c3c4af2d"
"1.0","wc2002","wc2002_048","Poland_United States_2002-06-14","group","group_07","group","team_pol","team_usa",2002-06-14,2002-06-14,"date","wc2002__2002-06-14","South Korea",TRUE,"neutral",FALSE,FALSE,3,1,3,1,FALSE,FALSE,"team_pol","completed",TRUE,TRUE,"","martj42/international_results local results+goalscorers+shootouts snapshot",2002-06-14,"CC0-1.0","4111586de02092d3976ae75a23025660b21ab4930a66db64c35076ae56302692"
"1.0","wc2002","wc2002_049","Denmark_England_2002-06-15","round_of_16","","round_of_16","team_den","team_eng",2002-06-15,2002-06-15,"date","wc2002__2002-06-15","Japan",TRUE,"neutral",FALSE,FALSE,0,3,0,3,FALSE,FALSE,"team_eng","completed",TRUE,TRUE,"","martj42/international_results local results+goalscorers+shootouts snapshot",2002-06-15,"CC0-1.0","b755d69fc8341608a5b0a6d80ec18daadbb61eb06910ce38dce486b9b4009df9"
"1.0","wc2002","wc2002_050","Germany_Paraguay_2002-06-15","round_of_16","","round_of_16","team_ger","team_par",2002-06-15,2002-06-15,"date","wc2002__2002-06-15","South Korea",TRUE,"neutral",FALSE,FALSE,1,0,1,0,FALSE,FALSE,"team_ger","completed",TRUE,TRUE,"","martj42/international_results local results+goalscorers+shootouts snapshot",2002-06-15,"CC0-1.0","235e93c6041580d9ace791dab7477e91d76f990925c3905e6ea15c6651de95f2"
"1.0","wc2002","wc2002_051","Spain_Republic of Ireland_2002-06-16","round_of_16","","round_of_16","team_esp","team_irl",2002-06-16,2002-06-16,"date","wc2002__2002-06-16","South Korea",TRUE,"neutral",FALSE,FALSE,1,1,1,1,TRUE,TRUE,"team_esp","completed",TRUE,TRUE,"","martj42/international_results local results+goalscorers+shootouts snapshot",2002-06-16,"CC0-1.0","29e29789be44a46f3db96c5e41710b1e20d3863c40a6c16bcefb231f7404ff46"
"1.0","wc2002","wc2002_052","Sweden_Senegal_2002-06-16","round_of_16","","round_of_16","team_swe","team_sen",2002-06-16,2002-06-16,"date","wc2002__2002-06-16","Japan",TRUE,"neutral",FALSE,FALSE,1,1,1,2,TRUE,FALSE,"team_sen","completed",TRUE,TRUE,"","martj42/international_results local results+goalscorers+shootouts snapshot",2002-06-16,"CC0-1.0","9dc550b4b9e6e60c0b2bd195be3d31b1223f8ffff41687a92e395205cd7527d1"
"1.0","wc2002","wc2002_053","Brazil_Belgium_2002-06-17","round_of_16","","round_of_16","team_bra","team_bel",2002-06-17,2002-06-17,"date","wc2002__2002-06-17","Japan",TRUE,"neutral",FALSE,FALSE,2,0,2,0,FALSE,FALSE,"team_bra","completed",TRUE,TRUE,"","martj42/international_results local results+goalscorers+shootouts snapshot",2002-06-17,"CC0-1.0","402d720cc9068a330e2b40ce0785d7bae2d431c4757f55eb0c98253821f17ecc"
"1.0","wc2002","wc2002_054","Mexico_United States_2002-06-17","round_of_16","","round_of_16","team_mex","team_usa",2002-06-17,2002-06-17,"date","wc2002__2002-06-17","South Korea",TRUE,"neutral",FALSE,FALSE,0,2,0,2,FALSE,FALSE,"team_usa","completed",TRUE,TRUE,"","martj42/international_results local results+goalscorers+shootouts snapshot",2002-06-17,"CC0-1.0","6002451f68fbf05a0e00bdb988b7c56d9d3f2a684bce27d25ef0f115f62dd0e1"
"1.0","wc2002","wc2002_055","Japan_Turkey_2002-06-18","round_of_16","","round_of_16","team_jpn","team_tur",2002-06-18,2002-06-18,"date","wc2002__2002-06-18","Japan",FALSE,"home",TRUE,FALSE,0,1,0,1,FALSE,FALSE,"team_tur","completed",TRUE,TRUE,"","martj42/international_results local results+goalscorers+shootouts snapshot",2002-06-18,"CC0-1.0","536b224eb87ce27cbd60c52e7f6b45932a84c0bc75648098462215cef13aeee1"
"1.0","wc2002","wc2002_056","Korea Republic_Italy_2002-06-18","round_of_16","","round_of_16","team_kor","team_ita",2002-06-18,2002-06-18,"date","wc2002__2002-06-18","South Korea",FALSE,"home",TRUE,FALSE,1,1,2,1,TRUE,FALSE,"team_kor","completed",TRUE,TRUE,"","martj42/international_results local results+goalscorers+shootouts snapshot",2002-06-18,"CC0-1.0","0654e6940ea7b1873b79b1cbb22fa53e9f8c7064e1e213993ba52218952ac6bc"
"1.0","wc2002","wc2002_057","England_Brazil_2002-06-21","quarterfinal","","quarterfinal","team_eng","team_bra",2002-06-21,2002-06-21,"date","wc2002__2002-06-21","Japan",TRUE,"neutral",FALSE,FALSE,1,2,1,2,FALSE,FALSE,"team_bra","completed",TRUE,TRUE,"","martj42/international_results local results+goalscorers+shootouts snapshot",2002-06-21,"CC0-1.0","5505559b6178939de1e8342c5cde373b6a9f9c9b47d4e9c88c0829dc5b69d7af"
"1.0","wc2002","wc2002_058","Germany_United States_2002-06-21","quarterfinal","","quarterfinal","team_ger","team_usa",2002-06-21,2002-06-21,"date","wc2002__2002-06-21","South Korea",TRUE,"neutral",FALSE,FALSE,1,0,1,0,FALSE,FALSE,"team_ger","completed",TRUE,TRUE,"","martj42/international_results local results+goalscorers+shootouts snapshot",2002-06-21,"CC0-1.0","3eb77ed3269bc6cb2b67c1b57f88521451030dd35c756b200bef11aceca9c284"
"1.0","wc2002","wc2002_059","Korea Republic_Spain_2002-06-22","quarterfinal","","quarterfinal","team_kor","team_esp",2002-06-22,2002-06-22,"date","wc2002__2002-06-22","South Korea",FALSE,"home",TRUE,FALSE,0,0,0,0,TRUE,TRUE,"team_kor","completed",TRUE,TRUE,"","martj42/international_results local results+goalscorers+shootouts snapshot",2002-06-22,"CC0-1.0","1c42f6b98abaece1c97395cbd8f89960800e3e5833e464bb1b1204eda4a784bb"
"1.0","wc2002","wc2002_060","Senegal_Turkey_2002-06-22","quarterfinal","","quarterfinal","team_sen","team_tur",2002-06-22,2002-06-22,"date","wc2002__2002-06-22","Japan",TRUE,"neutral",FALSE,FALSE,0,0,0,1,TRUE,FALSE,"team_tur","completed",TRUE,TRUE,"","martj42/international_results local results+goalscorers+shootouts snapshot",2002-06-22,"CC0-1.0","829c44cad3050a74e5277b37a2319f51f7b2097dcbc68ecdb4ddcfcd47b8bdd9"
"1.0","wc2002","wc2002_061","Korea Republic_Germany_2002-06-25","semifinal","","semifinal","team_kor","team_ger",2002-06-25,2002-06-25,"date","wc2002__2002-06-25","South Korea",FALSE,"home",TRUE,FALSE,0,1,0,1,FALSE,FALSE,"team_ger","completed",TRUE,TRUE,"","martj42/international_results local results+goalscorers+shootouts snapshot",2002-06-25,"CC0-1.0","6fdf778a3dbf782a2add82671286f6983fae4094aff1ded172366aaf6ba55584"
"1.0","wc2002","wc2002_062","Brazil_Turkey_2002-06-26","semifinal","","semifinal","team_bra","team_tur",2002-06-26,2002-06-26,"date","wc2002__2002-06-26","Japan",TRUE,"neutral",FALSE,FALSE,1,0,1,0,FALSE,FALSE,"team_bra","completed",TRUE,TRUE,"","martj42/international_results local results+goalscorers+shootouts snapshot",2002-06-26,"CC0-1.0","6e92469e5b5f90763b849bc2082aacae231ed6ad0993b223b5a277e21246dfaf"
"1.0","wc2002","wc2002_063","Korea Republic_Turkey_2002-06-29","third_place","","third_place","team_kor","team_tur",2002-06-29,2002-06-29,"date","wc2002__2002-06-29","South Korea",FALSE,"home",TRUE,FALSE,2,3,2,3,FALSE,FALSE,"team_tur","completed",TRUE,TRUE,"","martj42/international_results local results+goalscorers+shootouts snapshot",2002-06-29,"CC0-1.0","c71f0328f8242a485e550b03c93c06d69a76504b0070afa372c63711c75fa992"
"1.0","wc2002","wc2002_064","Germany_Brazil_2002-06-30","final","","final","team_ger","team_bra",2002-06-30,2002-06-30,"date","wc2002__2002-06-30","Japan",TRUE,"neutral",FALSE,FALSE,0,2,0,2,FALSE,FALSE,"team_bra","completed",TRUE,TRUE,"","martj42/international_results local results+goalscorers+shootouts snapshot",2002-06-30,"CC0-1.0","cceb32dd33760e8094bfcad6b175d102030e176ff1d1639fd2cbfc2ba1dc158a"
"1.0","wc2006","wc2006_001","Germany_Costa Rica_2006-06-09","group","group_04","group","team_ger","team_crc",2006-06-09,2006-06-09,"date","wc2006__2006-06-09","Germany",FALSE,"home",TRUE,FALSE,4,2,4,2,FALSE,FALSE,"team_ger","completed",TRUE,TRUE,"","martj42/international_results local results+goalscorers+shootouts snapshot",2006-06-09,"CC0-1.0","68e9cb9a0d3204e94f7c3e531a09af6cb6dd39ef5f020f442797e60134d112c3"
"1.0","wc2006","wc2006_002","Poland_Ecuador_2006-06-09","group","group_04","group","team_pol","team_ecu",2006-06-09,2006-06-09,"date","wc2006__2006-06-09","Germany",TRUE,"neutral",FALSE,FALSE,0,2,0,2,FALSE,FALSE,"team_ecu","completed",TRUE,TRUE,"","martj42/international_results local results+goalscorers+shootouts snapshot",2006-06-09,"CC0-1.0","d50e86caccdd950983cc99c32c3a2afc7277d4a357b291662e24ff5275f148a6"
"1.0","wc2006","wc2006_003","Argentina_Ivory Coast_2006-06-10","group","group_02","group","team_arg","team_civ",2006-06-10,2006-06-10,"date","wc2006__2006-06-10","Germany",TRUE,"neutral",FALSE,FALSE,2,1,2,1,FALSE,FALSE,"team_arg","completed",TRUE,TRUE,"","martj42/international_results local results+goalscorers+shootouts snapshot",2006-06-10,"CC0-1.0","c9bf165d42abad2a900c64db0af3342def0fc9a30481111218993b269a2e4c97"
"1.0","wc2006","wc2006_004","England_Paraguay_2006-06-10","group","group_06","group","team_eng","team_par",2006-06-10,2006-06-10,"date","wc2006__2006-06-10","Germany",TRUE,"neutral",FALSE,FALSE,1,0,1,0,FALSE,FALSE,"team_eng","completed",TRUE,TRUE,"","martj42/international_results local results+goalscorers+shootouts snapshot",2006-06-10,"CC0-1.0","648b21eb85cfbafb26e8d3417fad9e4b1a8c20d97a148cf15ae5d312677d77da"
"1.0","wc2006","wc2006_005","Trinidad and Tobago_Sweden_2006-06-10","group","group_06","group","team_tri","team_swe",2006-06-10,2006-06-10,"date","wc2006__2006-06-10","Germany",TRUE,"neutral",FALSE,FALSE,0,0,0,0,FALSE,FALSE,"","completed",TRUE,TRUE,"","martj42/international_results local results+goalscorers+shootouts snapshot",2006-06-10,"CC0-1.0","5e1e77804e732b2a7f58707080462e421c93065892c53bc4ad8ec1d16185e21a"
"1.0","wc2006","wc2006_006","Angola_Portugal_2006-06-11","group","group_01","group","team_ang","team_por",2006-06-11,2006-06-11,"date","wc2006__2006-06-11","Germany",TRUE,"neutral",FALSE,FALSE,0,1,0,1,FALSE,FALSE,"team_por","completed",TRUE,TRUE,"","martj42/international_results local results+goalscorers+shootouts snapshot",2006-06-11,"CC0-1.0","9294ee29c0219093a5c4ebff7edb8c1123ec58fee0c8b932e138166ed3ab9c22"
"1.0","wc2006","wc2006_007","Mexico_Iran_2006-06-11","group","group_01","group","team_mex","team_irn",2006-06-11,2006-06-11,"date","wc2006__2006-06-11","Germany",TRUE,"neutral",FALSE,FALSE,3,1,3,1,FALSE,FALSE,"team_mex","completed",TRUE,TRUE,"","martj42/international_results local results+goalscorers+shootouts snapshot",2006-06-11,"CC0-1.0","7a4bda2e63a1a3209bfff18b7beef1eb63ee61ba080e8c4d2b5b76e7a2eefbfa"
"1.0","wc2006","wc2006_008","Serbia_Netherlands_2006-06-11","group","group_02","group","team_srb","team_ned",2006-06-11,2006-06-11,"date","wc2006__2006-06-11","Germany",TRUE,"neutral",FALSE,FALSE,0,1,0,1,FALSE,FALSE,"team_ned","completed",TRUE,TRUE,"","martj42/international_results local results+goalscorers+shootouts snapshot",2006-06-11,"CC0-1.0","bf2c9085fdbd47a1eb85688882cea818745835e2792da15bd8d60062bba06463"
"1.0","wc2006","wc2006_009","Australia_Japan_2006-06-12","group","group_03","group","team_aus","team_jpn",2006-06-12,2006-06-12,"date","wc2006__2006-06-12","Germany",TRUE,"neutral",FALSE,FALSE,3,1,3,1,FALSE,FALSE,"team_aus","completed",TRUE,TRUE,"","martj42/international_results local results+goalscorers+shootouts snapshot",2006-06-12,"CC0-1.0","a778cc3d37722b241f0844cadfdf1946bfe0db0f24964fb9da7d80db122fec93"
"1.0","wc2006","wc2006_010","Italy_Ghana_2006-06-12","group","group_05","group","team_ita","team_gha",2006-06-12,2006-06-12,"date","wc2006__2006-06-12","Germany",TRUE,"neutral",FALSE,FALSE,2,0,2,0,FALSE,FALSE,"team_ita","completed",TRUE,TRUE,"","martj42/international_results local results+goalscorers+shootouts snapshot",2006-06-12,"CC0-1.0","58ea18e940f70aa17e303f44a32c9ee8e0501a875f1830cb6ba1d632048034a7"
"1.0","wc2006","wc2006_011","United States_Czech Republic_2006-06-12","group","group_05","group","team_usa","team_cze",2006-06-12,2006-06-12,"date","wc2006__2006-06-12","Germany",TRUE,"neutral",FALSE,FALSE,0,3,0,3,FALSE,FALSE,"team_cze","completed",TRUE,TRUE,"","martj42/international_results local results+goalscorers+shootouts snapshot",2006-06-12,"CC0-1.0","3049e267c7f153312aea5ee4443b870942b93fc0361bb78ced0229c8b681710c"
"1.0","wc2006","wc2006_012","Brazil_Croatia_2006-06-13","group","group_03","group","team_bra","team_cro",2006-06-13,2006-06-13,"date","wc2006__2006-06-13","Germany",TRUE,"neutral",FALSE,FALSE,1,0,1,0,FALSE,FALSE,"team_bra","completed",TRUE,TRUE,"","martj42/international_results local results+goalscorers+shootouts snapshot",2006-06-13,"CC0-1.0","80a744f890e29f30f789e8ec97e9371866a66972b592e004360676ae8a70c312"
"1.0","wc2006","wc2006_013","France_Switzerland_2006-06-13","group","group_07","group","team_fra","team_sui",2006-06-13,2006-06-13,"date","wc2006__2006-06-13","Germany",TRUE,"neutral",FALSE,FALSE,0,0,0,0,FALSE,FALSE,"","completed",TRUE,TRUE,"","martj42/international_results local results+goalscorers+shootouts snapshot",2006-06-13,"CC0-1.0","edc1d52257dff8db1a203c7e56b4bfbb204c1b892340aa3e5e1ac0b1726dc490"
"1.0","wc2006","wc2006_014","Korea Republic_Togo_2006-06-13","group","group_07","group","team_kor","team_tog",2006-06-13,2006-06-13,"date","wc2006__2006-06-13","Germany",TRUE,"neutral",FALSE,FALSE,2,1,2,1,FALSE,FALSE,"team_kor","completed",TRUE,TRUE,"","martj42/international_results local results+goalscorers+shootouts snapshot",2006-06-13,"CC0-1.0","46ef0be2633fa42922e35e29c45a68bd280efd1a1e9783067944c19bba99de92"
"1.0","wc2006","wc2006_015","Germany_Poland_2006-06-14","group","group_04","group","team_ger","team_pol",2006-06-14,2006-06-14,"date","wc2006__2006-06-14","Germany",FALSE,"home",TRUE,FALSE,1,0,1,0,FALSE,FALSE,"team_ger","completed",TRUE,TRUE,"","martj42/international_results local results+goalscorers+shootouts snapshot",2006-06-14,"CC0-1.0","30ebe44866eb2028fb9681c39cf4383b912d8bcc1dad35c715cf9f3ce1a6818c"
"1.0","wc2006","wc2006_016","Spain_Ukraine_2006-06-14","group","group_08","group","team_esp","team_ukr",2006-06-14,2006-06-14,"date","wc2006__2006-06-14","Germany",TRUE,"neutral",FALSE,FALSE,4,0,4,0,FALSE,FALSE,"team_esp","completed",TRUE,TRUE,"","martj42/international_results local results+goalscorers+shootouts snapshot",2006-06-14,"CC0-1.0","26eeec1f754d06d50120010350c3ae48a3a70987d9f9bd437007a7e2c92c9cd0"
"1.0","wc2006","wc2006_017","Tunisia_Saudi Arabia_2006-06-14","group","group_08","group","team_tun","team_ksa",2006-06-14,2006-06-14,"date","wc2006__2006-06-14","Germany",TRUE,"neutral",FALSE,FALSE,2,2,2,2,FALSE,FALSE,"","completed",TRUE,TRUE,"","martj42/international_results local results+goalscorers+shootouts snapshot",2006-06-14,"CC0-1.0","8d039434aee445690632a6c5bccfa8224c860551b41559729cde6dead4f9fe63"
"1.0","wc2006","wc2006_018","Ecuador_Costa Rica_2006-06-15","group","group_04","group","team_ecu","team_crc",2006-06-15,2006-06-15,"date","wc2006__2006-06-15","Germany",TRUE,"neutral",FALSE,FALSE,3,0,3,0,FALSE,FALSE,"team_ecu","completed",TRUE,TRUE,"","martj42/international_results local results+goalscorers+shootouts snapshot",2006-06-15,"CC0-1.0","9544d7f2d5d827f7c1cac327d7bde7e68e4d3968b1640e567f2ca154d9a6cd20"
"1.0","wc2006","wc2006_019","England_Trinidad and Tobago_2006-06-15","group","group_06","group","team_eng","team_tri",2006-06-15,2006-06-15,"date","wc2006__2006-06-15","Germany",TRUE,"neutral",FALSE,FALSE,2,0,2,0,FALSE,FALSE,"team_eng","completed",TRUE,TRUE,"","martj42/international_results local results+goalscorers+shootouts snapshot",2006-06-15,"CC0-1.0","96c477b5f2455126dfcb8d44ec598253184bb2d28a043537d626282689ac200a"
"1.0","wc2006","wc2006_020","Sweden_Paraguay_2006-06-15","group","group_06","group","team_swe","team_par",2006-06-15,2006-06-15,"date","wc2006__2006-06-15","Germany",TRUE,"neutral",FALSE,FALSE,1,0,1,0,FALSE,FALSE,"team_swe","completed",TRUE,TRUE,"","martj42/international_results local results+goalscorers+shootouts snapshot",2006-06-15,"CC0-1.0","d06ca16b4dbcd6e389ade41002cd6e69e984a97bc62fc2808b99b3e90cc58f93"
"1.0","wc2006","wc2006_021","Argentina_Serbia_2006-06-16","group","group_02","group","team_arg","team_srb",2006-06-16,2006-06-16,"date","wc2006__2006-06-16","Germany",TRUE,"neutral",FALSE,FALSE,6,0,6,0,FALSE,FALSE,"team_arg","completed",TRUE,TRUE,"","martj42/international_results local results+goalscorers+shootouts snapshot",2006-06-16,"CC0-1.0","d755fb3ef72aad076be32f47e23390125351b1616f7e5ebee234085106d0f533"
"1.0","wc2006","wc2006_022","Mexico_Angola_2006-06-16","group","group_01","group","team_mex","team_ang",2006-06-16,2006-06-16,"date","wc2006__2006-06-16","Germany",TRUE,"neutral",FALSE,FALSE,0,0,0,0,FALSE,FALSE,"","completed",TRUE,TRUE,"","martj42/international_results local results+goalscorers+shootouts snapshot",2006-06-16,"CC0-1.0","97d2b26fab2b946a4fb5c40a74f85540bbe636ba95db3a12a6ab6ceaf2081f8e"
"1.0","wc2006","wc2006_023","Netherlands_Ivory Coast_2006-06-16","group","group_02","group","team_ned","team_civ",2006-06-16,2006-06-16,"date","wc2006__2006-06-16","Germany",TRUE,"neutral",FALSE,FALSE,2,1,2,1,FALSE,FALSE,"team_ned","completed",TRUE,TRUE,"","martj42/international_results local results+goalscorers+shootouts snapshot",2006-06-16,"CC0-1.0","ab855b2b18de29494a89914c4db23863ea2d2e23650e4ffbec6d6f7d9446b8d1"
"1.0","wc2006","wc2006_024","Czech Republic_Ghana_2006-06-17","group","group_05","group","team_cze","team_gha",2006-06-17,2006-06-17,"date","wc2006__2006-06-17","Germany",TRUE,"neutral",FALSE,FALSE,0,2,0,2,FALSE,FALSE,"team_gha","completed",TRUE,TRUE,"","martj42/international_results local results+goalscorers+shootouts snapshot",2006-06-17,"CC0-1.0","900262c9febb74f412d8ca182e581e5ad000c0131602d4466c1280e4ce6c44ef"
"1.0","wc2006","wc2006_025","Italy_United States_2006-06-17","group","group_05","group","team_ita","team_usa",2006-06-17,2006-06-17,"date","wc2006__2006-06-17","Germany",TRUE,"neutral",FALSE,FALSE,1,1,1,1,FALSE,FALSE,"","completed",TRUE,TRUE,"","martj42/international_results local results+goalscorers+shootouts snapshot",2006-06-17,"CC0-1.0","3ed15c0d2a0239bc898b8a4380c3eb8cb95f7fa752252297d1e7d4871f67acbd"
"1.0","wc2006","wc2006_026","Portugal_Iran_2006-06-17","group","group_01","group","team_por","team_irn",2006-06-17,2006-06-17,"date","wc2006__2006-06-17","Germany",TRUE,"neutral",FALSE,FALSE,2,0,2,0,FALSE,FALSE,"team_por","completed",TRUE,TRUE,"","martj42/international_results local results+goalscorers+shootouts snapshot",2006-06-17,"CC0-1.0","64a1c0850237857774b85f923a89214cd3b446069123aab15ae8aab0d0e86475"
"1.0","wc2006","wc2006_027","Brazil_Australia_2006-06-18","group","group_03","group","team_bra","team_aus",2006-06-18,2006-06-18,"date","wc2006__2006-06-18","Germany",TRUE,"neutral",FALSE,FALSE,2,0,2,0,FALSE,FALSE,"team_bra","completed",TRUE,TRUE,"","martj42/international_results local results+goalscorers+shootouts snapshot",2006-06-18,"CC0-1.0","dad003008b97d5140f8c018c03df9190219709f635393381da750dfa123ba585"
"1.0","wc2006","wc2006_028","France_Korea Republic_2006-06-18","group","group_07","group","team_fra","team_kor",2006-06-18,2006-06-18,"date","wc2006__2006-06-18","Germany",TRUE,"neutral",FALSE,FALSE,1,1,1,1,FALSE,FALSE,"","completed",TRUE,TRUE,"","martj42/international_results local results+goalscorers+shootouts snapshot",2006-06-18,"CC0-1.0","4c289c9bd07c9c7b93e25bc25b1668faa1c514b8491db49aa4945ab901c8114f"
"1.0","wc2006","wc2006_029","Japan_Croatia_2006-06-18","group","group_03","group","team_jpn","team_cro",2006-06-18,2006-06-18,"date","wc2006__2006-06-18","Germany",TRUE,"neutral",FALSE,FALSE,0,0,0,0,FALSE,FALSE,"","completed",TRUE,TRUE,"","martj42/international_results local results+goalscorers+shootouts snapshot",2006-06-18,"CC0-1.0","7d6c15370e8aced89bcbe2571612842a35a0a3c70d16204dae37c579b1327688"
"1.0","wc2006","wc2006_030","Saudi Arabia_Ukraine_2006-06-19","group","group_08","group","team_ksa","team_ukr",2006-06-19,2006-06-19,"date","wc2006__2006-06-19","Germany",TRUE,"neutral",FALSE,FALSE,0,4,0,4,FALSE,FALSE,"team_ukr","completed",TRUE,TRUE,"","martj42/international_results local results+goalscorers+shootouts snapshot",2006-06-19,"CC0-1.0","1c4a953549284d7cdab32afe64570f9b133f1e110db46b1ee0a19df10df00591"
"1.0","wc2006","wc2006_031","Spain_Tunisia_2006-06-19","group","group_08","group","team_esp","team_tun",2006-06-19,2006-06-19,"date","wc2006__2006-06-19","Germany",TRUE,"neutral",FALSE,FALSE,3,1,3,1,FALSE,FALSE,"team_esp","completed",TRUE,TRUE,"","martj42/international_results local results+goalscorers+shootouts snapshot",2006-06-19,"CC0-1.0","dade2e02f173382a9df7d3feb0ed26a530ec927a866035ac1f1f5ac1885aa5ea"
"1.0","wc2006","wc2006_032","Togo_Switzerland_2006-06-19","group","group_07","group","team_tog","team_sui",2006-06-19,2006-06-19,"date","wc2006__2006-06-19","Germany",TRUE,"neutral",FALSE,FALSE,0,2,0,2,FALSE,FALSE,"team_sui","completed",TRUE,TRUE,"","martj42/international_results local results+goalscorers+shootouts snapshot",2006-06-19,"CC0-1.0","246199d450c764db409dcdf8a2b6e42f8ffe04851f187331c63f8c7086e8e5cb"
"1.0","wc2006","wc2006_033","Costa Rica_Poland_2006-06-20","group","group_04","group","team_crc","team_pol",2006-06-20,2006-06-20,"date","wc2006__2006-06-20","Germany",TRUE,"neutral",FALSE,FALSE,1,2,1,2,FALSE,FALSE,"team_pol","completed",TRUE,TRUE,"","martj42/international_results local results+goalscorers+shootouts snapshot",2006-06-20,"CC0-1.0","80b19704120ce5978e0bb372cb22621c95215aa2343f0f6cea0ed4f57241bb32"
"1.0","wc2006","wc2006_034","Germany_Ecuador_2006-06-20","group","group_04","group","team_ger","team_ecu",2006-06-20,2006-06-20,"date","wc2006__2006-06-20","Germany",FALSE,"home",TRUE,FALSE,3,0,3,0,FALSE,FALSE,"team_ger","completed",TRUE,TRUE,"","martj42/international_results local results+goalscorers+shootouts snapshot",2006-06-20,"CC0-1.0","fc66e8f8837f19e29d27ae4959b638943127c3a440b478f45266711dc95e2dc3"
"1.0","wc2006","wc2006_035","Paraguay_Trinidad and Tobago_2006-06-20","group","group_06","group","team_par","team_tri",2006-06-20,2006-06-20,"date","wc2006__2006-06-20","Germany",TRUE,"neutral",FALSE,FALSE,2,0,2,0,FALSE,FALSE,"team_par","completed",TRUE,TRUE,"","martj42/international_results local results+goalscorers+shootouts snapshot",2006-06-20,"CC0-1.0","bff7ca7e98d95fc0b59afa58bcd854a9d27d03727afc5342fb8682d0281207af"
"1.0","wc2006","wc2006_036","Sweden_England_2006-06-20","group","group_06","group","team_swe","team_eng",2006-06-20,2006-06-20,"date","wc2006__2006-06-20","Germany",TRUE,"neutral",FALSE,FALSE,2,2,2,2,FALSE,FALSE,"","completed",TRUE,TRUE,"","martj42/international_results local results+goalscorers+shootouts snapshot",2006-06-20,"CC0-1.0","4233a9bf80356be5ab1f79c80fe1f2ca62b93d91ac297273180ab9c9bfdbf290"
"1.0","wc2006","wc2006_037","Iran_Angola_2006-06-21","group","group_01","group","team_irn","team_ang",2006-06-21,2006-06-21,"date","wc2006__2006-06-21","Germany",TRUE,"neutral",FALSE,FALSE,1,1,1,1,FALSE,FALSE,"","completed",TRUE,TRUE,"","martj42/international_results local results+goalscorers+shootouts snapshot",2006-06-21,"CC0-1.0","48864b0a69accefe1b521ae236c677c434194ab3f8bf8bb06aaef009a4e7bf11"
"1.0","wc2006","wc2006_038","Ivory Coast_Serbia_2006-06-21","group","group_02","group","team_civ","team_srb",2006-06-21,2006-06-21,"date","wc2006__2006-06-21","Germany",TRUE,"neutral",FALSE,FALSE,3,2,3,2,FALSE,FALSE,"team_civ","completed",TRUE,TRUE,"","martj42/international_results local results+goalscorers+shootouts snapshot",2006-06-21,"CC0-1.0","185d780e297564c3cd0090b7e626fea04112147908382e740a739cb11814dbea"
"1.0","wc2006","wc2006_039","Netherlands_Argentina_2006-06-21","group","group_02","group","team_ned","team_arg",2006-06-21,2006-06-21,"date","wc2006__2006-06-21","Germany",TRUE,"neutral",FALSE,FALSE,0,0,0,0,FALSE,FALSE,"","completed",TRUE,TRUE,"","martj42/international_results local results+goalscorers+shootouts snapshot",2006-06-21,"CC0-1.0","2d62648365685e167ff132070c81d89b0faa12ddee152a76e1e27e94579d45e4"
"1.0","wc2006","wc2006_040","Portugal_Mexico_2006-06-21","group","group_01","group","team_por","team_mex",2006-06-21,2006-06-21,"date","wc2006__2006-06-21","Germany",TRUE,"neutral",FALSE,FALSE,2,1,2,1,FALSE,FALSE,"team_por","completed",TRUE,TRUE,"","martj42/international_results local results+goalscorers+shootouts snapshot",2006-06-21,"CC0-1.0","1de8b632f03b02f29913234d87ef147c7dfc2f4fe13e3b5ce7473908fa34c66a"
"1.0","wc2006","wc2006_041","Croatia_Australia_2006-06-22","group","group_03","group","team_cro","team_aus",2006-06-22,2006-06-22,"date","wc2006__2006-06-22","Germany",TRUE,"neutral",FALSE,FALSE,2,2,2,2,FALSE,FALSE,"","completed",TRUE,TRUE,"","martj42/international_results local results+goalscorers+shootouts snapshot",2006-06-22,"CC0-1.0","a832ea02d7379146f6590b19583c58bc0a6d82215a911f1bc94cb9f7736ba9b5"
"1.0","wc2006","wc2006_042","Czech Republic_Italy_2006-06-22","group","group_05","group","team_cze","team_ita",2006-06-22,2006-06-22,"date","wc2006__2006-06-22","Germany",TRUE,"neutral",FALSE,FALSE,0,2,0,2,FALSE,FALSE,"team_ita","completed",TRUE,TRUE,"","martj42/international_results local results+goalscorers+shootouts snapshot",2006-06-22,"CC0-1.0","72982d9fb64b72e17b6110ae80ecd421f72a945e07dc4febef0b6896413e07f1"
"1.0","wc2006","wc2006_043","Ghana_United States_2006-06-22","group","group_05","group","team_gha","team_usa",2006-06-22,2006-06-22,"date","wc2006__2006-06-22","Germany",TRUE,"neutral",FALSE,FALSE,2,1,2,1,FALSE,FALSE,"team_gha","completed",TRUE,TRUE,"","martj42/international_results local results+goalscorers+shootouts snapshot",2006-06-22,"CC0-1.0","f43a8c0461983f4dc50773d46d3cb9b68c0ffc9d0a05f2a208f5af516947088a"
"1.0","wc2006","wc2006_044","Japan_Brazil_2006-06-22","group","group_03","group","team_jpn","team_bra",2006-06-22,2006-06-22,"date","wc2006__2006-06-22","Germany",TRUE,"neutral",FALSE,FALSE,1,4,1,4,FALSE,FALSE,"team_bra","completed",TRUE,TRUE,"","martj42/international_results local results+goalscorers+shootouts snapshot",2006-06-22,"CC0-1.0","36ec88ac37b6feff1848b365a6bbb520a63bb59ca87f6380d3b0d148e7880a14"
"1.0","wc2006","wc2006_045","Saudi Arabia_Spain_2006-06-23","group","group_08","group","team_ksa","team_esp",2006-06-23,2006-06-23,"date","wc2006__2006-06-23","Germany",TRUE,"neutral",FALSE,FALSE,0,1,0,1,FALSE,FALSE,"team_esp","completed",TRUE,TRUE,"","martj42/international_results local results+goalscorers+shootouts snapshot",2006-06-23,"CC0-1.0","3cafecfc8131a10eb39adb2e6ba5395a3adb44fbd1aee0137522d48ae61b0832"
"1.0","wc2006","wc2006_046","Switzerland_Korea Republic_2006-06-23","group","group_07","group","team_sui","team_kor",2006-06-23,2006-06-23,"date","wc2006__2006-06-23","Germany",TRUE,"neutral",FALSE,FALSE,2,0,2,0,FALSE,FALSE,"team_sui","completed",TRUE,TRUE,"","martj42/international_results local results+goalscorers+shootouts snapshot",2006-06-23,"CC0-1.0","fb51effa84a8d6830a95ce7b3d67539c784be9694c34e302af78bf91a8038e13"
"1.0","wc2006","wc2006_047","Togo_France_2006-06-23","group","group_07","group","team_tog","team_fra",2006-06-23,2006-06-23,"date","wc2006__2006-06-23","Germany",TRUE,"neutral",FALSE,FALSE,0,2,0,2,FALSE,FALSE,"team_fra","completed",TRUE,TRUE,"","martj42/international_results local results+goalscorers+shootouts snapshot",2006-06-23,"CC0-1.0","e4ae41f8215d9e3e421c72169da6147647f01be8a77da9b7b7ca0b422949f20d"
"1.0","wc2006","wc2006_048","Ukraine_Tunisia_2006-06-23","group","group_08","group","team_ukr","team_tun",2006-06-23,2006-06-23,"date","wc2006__2006-06-23","Germany",TRUE,"neutral",FALSE,FALSE,1,0,1,0,FALSE,FALSE,"team_ukr","completed",TRUE,TRUE,"","martj42/international_results local results+goalscorers+shootouts snapshot",2006-06-23,"CC0-1.0","eb6cb0b55935f663492877876cdf10016dc8401e8666806769bec1e7d5a36153"
"1.0","wc2006","wc2006_049","Argentina_Mexico_2006-06-24","round_of_16","","round_of_16","team_arg","team_mex",2006-06-24,2006-06-24,"date","wc2006__2006-06-24","Germany",TRUE,"neutral",FALSE,FALSE,1,1,2,1,TRUE,FALSE,"team_arg","completed",TRUE,TRUE,"","martj42/international_results local results+goalscorers+shootouts snapshot",2006-06-24,"CC0-1.0","744c60d1f65d1db8f0cbb17c5186e3587ea44097e69c591abd73d7c20013d4fb"
"1.0","wc2006","wc2006_050","Germany_Sweden_2006-06-24","round_of_16","","round_of_16","team_ger","team_swe",2006-06-24,2006-06-24,"date","wc2006__2006-06-24","Germany",FALSE,"home",TRUE,FALSE,2,0,2,0,FALSE,FALSE,"team_ger","completed",TRUE,TRUE,"","martj42/international_results local results+goalscorers+shootouts snapshot",2006-06-24,"CC0-1.0","36935d20786da3003257c485600ccabb23901545f4ed86124fcd70df21b0c08a"
"1.0","wc2006","wc2006_051","England_Ecuador_2006-06-25","round_of_16","","round_of_16","team_eng","team_ecu",2006-06-25,2006-06-25,"date","wc2006__2006-06-25","Germany",TRUE,"neutral",FALSE,FALSE,1,0,1,0,FALSE,FALSE,"team_eng","completed",TRUE,TRUE,"","martj42/international_results local results+goalscorers+shootouts snapshot",2006-06-25,"CC0-1.0","6a4f0e7c2a8028ab74b70ea00b9457e10b3a8228b75b6aeea51666ddd0c380de"
"1.0","wc2006","wc2006_052","Portugal_Netherlands_2006-06-25","round_of_16","","round_of_16","team_por","team_ned",2006-06-25,2006-06-25,"date","wc2006__2006-06-25","Germany",TRUE,"neutral",FALSE,FALSE,1,0,1,0,FALSE,FALSE,"team_por","completed",TRUE,TRUE,"","martj42/international_results local results+goalscorers+shootouts snapshot",2006-06-25,"CC0-1.0","dcb8e716bbfc12f71dec34b94c32d8082b89d90d5097ed18adce6dcf36a7dbac"
"1.0","wc2006","wc2006_053","Italy_Australia_2006-06-26","round_of_16","","round_of_16","team_ita","team_aus",2006-06-26,2006-06-26,"date","wc2006__2006-06-26","Germany",TRUE,"neutral",FALSE,FALSE,1,0,1,0,FALSE,FALSE,"team_ita","completed",TRUE,TRUE,"","martj42/international_results local results+goalscorers+shootouts snapshot",2006-06-26,"CC0-1.0","0f8ec204f05b3b47be66ae998bdc31c7af5ba717f5f930ea00f24c78eecebc72"
"1.0","wc2006","wc2006_054","Switzerland_Ukraine_2006-06-26","round_of_16","","round_of_16","team_sui","team_ukr",2006-06-26,2006-06-26,"date","wc2006__2006-06-26","Germany",TRUE,"neutral",FALSE,FALSE,0,0,0,0,TRUE,TRUE,"team_ukr","completed",TRUE,TRUE,"","martj42/international_results local results+goalscorers+shootouts snapshot",2006-06-26,"CC0-1.0","064bb7e405e6731f456b3431290ca1032dc4a9afc3b2e970dca35a9c55be5948"
"1.0","wc2006","wc2006_055","Brazil_Ghana_2006-06-27","round_of_16","","round_of_16","team_bra","team_gha",2006-06-27,2006-06-27,"date","wc2006__2006-06-27","Germany",TRUE,"neutral",FALSE,FALSE,3,0,3,0,FALSE,FALSE,"team_bra","completed",TRUE,TRUE,"","martj42/international_results local results+goalscorers+shootouts snapshot",2006-06-27,"CC0-1.0","c00a481675055ba2d51d53645fba6533c19124761d957e31b11f99eb6cd5a224"
"1.0","wc2006","wc2006_056","Spain_France_2006-06-27","round_of_16","","round_of_16","team_esp","team_fra",2006-06-27,2006-06-27,"date","wc2006__2006-06-27","Germany",TRUE,"neutral",FALSE,FALSE,1,3,1,3,FALSE,FALSE,"team_fra","completed",TRUE,TRUE,"","martj42/international_results local results+goalscorers+shootouts snapshot",2006-06-27,"CC0-1.0","638171f67655edbc467ad6b37c581513666d65499e52e854c0d4d0ec30158dee"
"1.0","wc2006","wc2006_057","Germany_Argentina_2006-06-30","quarterfinal","","quarterfinal","team_ger","team_arg",2006-06-30,2006-06-30,"date","wc2006__2006-06-30","Germany",FALSE,"home",TRUE,FALSE,1,1,1,1,TRUE,TRUE,"team_ger","completed",TRUE,TRUE,"","martj42/international_results local results+goalscorers+shootouts snapshot",2006-06-30,"CC0-1.0","e0575e7d13d91334c2f94d2bcf6b11a18f8a6045fa9177bc1a643670df71dd11"
"1.0","wc2006","wc2006_058","Italy_Ukraine_2006-06-30","quarterfinal","","quarterfinal","team_ita","team_ukr",2006-06-30,2006-06-30,"date","wc2006__2006-06-30","Germany",TRUE,"neutral",FALSE,FALSE,3,0,3,0,FALSE,FALSE,"team_ita","completed",TRUE,TRUE,"","martj42/international_results local results+goalscorers+shootouts snapshot",2006-06-30,"CC0-1.0","4e7f210c74fd86af7c972e6bb0fde610d29a5f07f75564df9be0bf00585418d8"
"1.0","wc2006","wc2006_059","Brazil_France_2006-07-01","quarterfinal","","quarterfinal","team_bra","team_fra",2006-07-01,2006-07-01,"date","wc2006__2006-07-01","Germany",TRUE,"neutral",FALSE,FALSE,0,1,0,1,FALSE,FALSE,"team_fra","completed",TRUE,TRUE,"","martj42/international_results local results+goalscorers+shootouts snapshot",2006-07-01,"CC0-1.0","ed75d93d7321d8374a3ea8a9ef4e5a09cb95f48171690a0fa6aa56a346e28bf7"
"1.0","wc2006","wc2006_060","England_Portugal_2006-07-01","quarterfinal","","quarterfinal","team_eng","team_por",2006-07-01,2006-07-01,"date","wc2006__2006-07-01","Germany",TRUE,"neutral",FALSE,FALSE,0,0,0,0,TRUE,TRUE,"team_por","completed",TRUE,TRUE,"","martj42/international_results local results+goalscorers+shootouts snapshot",2006-07-01,"CC0-1.0","a0053072b2f92f397f6354eea9ffb60f6b2a5286a08e284e8e158136f998a4db"
"1.0","wc2006","wc2006_061","Germany_Italy_2006-07-04","semifinal","","semifinal","team_ger","team_ita",2006-07-04,2006-07-04,"date","wc2006__2006-07-04","Germany",FALSE,"home",TRUE,FALSE,0,0,0,2,TRUE,FALSE,"team_ita","completed",TRUE,TRUE,"","martj42/international_results local results+goalscorers+shootouts snapshot",2006-07-04,"CC0-1.0","4d1a79c2f5be0c78339244f0057c3945a4152139b5139eb0db4789a71633bdaf"
"1.0","wc2006","wc2006_062","Portugal_France_2006-07-05","semifinal","","semifinal","team_por","team_fra",2006-07-05,2006-07-05,"date","wc2006__2006-07-05","Germany",TRUE,"neutral",FALSE,FALSE,0,1,0,1,FALSE,FALSE,"team_fra","completed",TRUE,TRUE,"","martj42/international_results local results+goalscorers+shootouts snapshot",2006-07-05,"CC0-1.0","98497983e07b6c2bcedd191cda2383f634fbe2545d865399fb58dfdb2ea17219"
"1.0","wc2006","wc2006_063","Germany_Portugal_2006-07-08","third_place","","third_place","team_ger","team_por",2006-07-08,2006-07-08,"date","wc2006__2006-07-08","Germany",FALSE,"home",TRUE,FALSE,3,1,3,1,FALSE,FALSE,"team_ger","completed",TRUE,TRUE,"","martj42/international_results local results+goalscorers+shootouts snapshot",2006-07-08,"CC0-1.0","de9070a2406db43f6df53ab84a231c66b6963c938c6d435cecdc18d4245f02cf"
"1.0","wc2006","wc2006_064","Italy_France_2006-07-09","final","","final","team_ita","team_fra",2006-07-09,2006-07-09,"date","wc2006__2006-07-09","Germany",TRUE,"neutral",FALSE,FALSE,1,1,1,1,TRUE,TRUE,"team_ita","completed",TRUE,TRUE,"","martj42/international_results local results+goalscorers+shootouts snapshot",2006-07-09,"CC0-1.0","ab0f9f0e8339618cc825642917d50dc40d5c3a6b114672b95c34500a93b50ac8"
"1.0","wc2010","wc2010_001","South Africa_Mexico_2010-06-11","group","group_07","group","team_rsa","team_mex",2010-06-11,2010-06-11,"date","wc2010__2010-06-11","South Africa",FALSE,"home",TRUE,FALSE,1,1,1,1,FALSE,FALSE,"","completed",TRUE,TRUE,"","martj42/international_results local results+goalscorers+shootouts snapshot",2010-06-11,"CC0-1.0","0183ed27799c44d3c3cccf15a1d505b09ce8890c2c1100c4977bab9176597654"
"1.0","wc2010","wc2010_002","Uruguay_France_2010-06-11","group","group_07","group","team_uru","team_fra",2010-06-11,2010-06-11,"date","wc2010__2010-06-11","South Africa",TRUE,"neutral",FALSE,FALSE,0,0,0,0,FALSE,FALSE,"","completed",TRUE,TRUE,"","martj42/international_results local results+goalscorers+shootouts snapshot",2010-06-11,"CC0-1.0","c01ce303781110e818036a32d98607eb21ad623d5d8930a376963944330f6315"
"1.0","wc2010","wc2010_003","Argentina_Nigeria_2010-06-12","group","group_02","group","team_arg","team_nga",2010-06-12,2010-06-12,"date","wc2010__2010-06-12","South Africa",TRUE,"neutral",FALSE,FALSE,1,0,1,0,FALSE,FALSE,"team_arg","completed",TRUE,TRUE,"","martj42/international_results local results+goalscorers+shootouts snapshot",2010-06-12,"CC0-1.0","107adc821e6bc5b5b0abac260758eae2f6c0e3a46927739d7c05502cab81c2c3"
"1.0","wc2010","wc2010_004","England_United States_2010-06-12","group","group_01","group","team_eng","team_usa",2010-06-12,2010-06-12,"date","wc2010__2010-06-12","South Africa",TRUE,"neutral",FALSE,FALSE,1,1,1,1,FALSE,FALSE,"","completed",TRUE,TRUE,"","martj42/international_results local results+goalscorers+shootouts snapshot",2010-06-12,"CC0-1.0","d0cc698991a7854f2d6a33764cb4b1ac0163a17d755ef48674671e1b28e09ad8"
"1.0","wc2010","wc2010_005","Korea Republic_Greece_2010-06-12","group","group_02","group","team_kor","team_gre",2010-06-12,2010-06-12,"date","wc2010__2010-06-12","South Africa",TRUE,"neutral",FALSE,FALSE,2,0,2,0,FALSE,FALSE,"team_kor","completed",TRUE,TRUE,"","martj42/international_results local results+goalscorers+shootouts snapshot",2010-06-12,"CC0-1.0","b10b8431b9e4587327c568c6fd713239c99eb1873aad1c126cb2c4b9cba943c7"
"1.0","wc2010","wc2010_006","Algeria_Slovenia_2010-06-13","group","group_01","group","team_alg","team_svn",2010-06-13,2010-06-13,"date","wc2010__2010-06-13","South Africa",TRUE,"neutral",FALSE,FALSE,0,1,0,1,FALSE,FALSE,"team_svn","completed",TRUE,TRUE,"","martj42/international_results local results+goalscorers+shootouts snapshot",2010-06-13,"CC0-1.0","d5def1a00578ed018013f79c5abe0b681098a8e18f8b8d2e0b7a400db8957641"
"1.0","wc2010","wc2010_007","Germany_Australia_2010-06-13","group","group_03","group","team_ger","team_aus",2010-06-13,2010-06-13,"date","wc2010__2010-06-13","South Africa",TRUE,"neutral",FALSE,FALSE,4,0,4,0,FALSE,FALSE,"team_ger","completed",TRUE,TRUE,"","martj42/international_results local results+goalscorers+shootouts snapshot",2010-06-13,"CC0-1.0","c6b1795bf2ef8671b32d7bf0ad368ed750a42e352a07ad390191d69466a2bf6f"
"1.0","wc2010","wc2010_008","Serbia_Ghana_2010-06-13","group","group_03","group","team_srb","team_gha",2010-06-13,2010-06-13,"date","wc2010__2010-06-13","South Africa",TRUE,"neutral",FALSE,FALSE,0,1,0,1,FALSE,FALSE,"team_gha","completed",TRUE,TRUE,"","martj42/international_results local results+goalscorers+shootouts snapshot",2010-06-13,"CC0-1.0","7569135b6ebe47aaab837aaf437264899f90281b0719656780a6fd81557d06ac"
"1.0","wc2010","wc2010_009","Italy_Paraguay_2010-06-14","group","group_08","group","team_ita","team_par",2010-06-14,2010-06-14,"date","wc2010__2010-06-14","South Africa",TRUE,"neutral",FALSE,FALSE,1,1,1,1,FALSE,FALSE,"","completed",TRUE,TRUE,"","martj42/international_results local results+goalscorers+shootouts snapshot",2010-06-14,"CC0-1.0","a8412c0a3f2c693063378ca7dc88d5fd2a2a9990f31030988049772d79e9bb84"
"1.0","wc2010","wc2010_010","Japan_Cameroon_2010-06-14","group","group_05","group","team_jpn","team_cmr",2010-06-14,2010-06-14,"date","wc2010__2010-06-14","South Africa",TRUE,"neutral",FALSE,FALSE,1,0,1,0,FALSE,FALSE,"team_jpn","completed",TRUE,TRUE,"","martj42/international_results local results+goalscorers+shootouts snapshot",2010-06-14,"CC0-1.0","72b2a7da42c6bf3449d40ca55d0b9d749382559d14a86eac1ef7e453e0644177"
"1.0","wc2010","wc2010_011","Netherlands_Denmark_2010-06-14","group","group_05","group","team_ned","team_den",2010-06-14,2010-06-14,"date","wc2010__2010-06-14","South Africa",TRUE,"neutral",FALSE,FALSE,2,0,2,0,FALSE,FALSE,"team_ned","completed",TRUE,TRUE,"","martj42/international_results local results+goalscorers+shootouts snapshot",2010-06-14,"CC0-1.0","8517e720f32f83e8d2982dfb8684e44bb24cab9642c230cc7243598637c4ca4e"
"1.0","wc2010","wc2010_012","Brazil_Korea DPR_2010-06-15","group","group_04","group","team_bra","team_prk",2010-06-15,2010-06-15,"date","wc2010__2010-06-15","South Africa",TRUE,"neutral",FALSE,FALSE,2,1,2,1,FALSE,FALSE,"team_bra","completed",TRUE,TRUE,"","martj42/international_results local results+goalscorers+shootouts snapshot",2010-06-15,"CC0-1.0","5e4a69eb650db7c81b25b45cf1394774233e0dfbd1fbbf15b175246692dccdcf"
"1.0","wc2010","wc2010_013","Ivory Coast_Portugal_2010-06-15","group","group_04","group","team_civ","team_por",2010-06-15,2010-06-15,"date","wc2010__2010-06-15","South Africa",TRUE,"neutral",FALSE,FALSE,0,0,0,0,FALSE,FALSE,"","completed",TRUE,TRUE,"","martj42/international_results local results+goalscorers+shootouts snapshot",2010-06-15,"CC0-1.0","d5dce1db750e47ead29ee41affe81496b175edee092157953ef72686926dc4cb"
"1.0","wc2010","wc2010_014","New Zealand_Slovakia_2010-06-15","group","group_08","group","team_nzl","team_svk",2010-06-15,2010-06-15,"date","wc2010__2010-06-15","South Africa",TRUE,"neutral",FALSE,FALSE,1,1,1,1,FALSE,FALSE,"","completed",TRUE,TRUE,"","martj42/international_results local results+goalscorers+shootouts snapshot",2010-06-15,"CC0-1.0","87ebf7812132c62be70276a68901d0f2adf51e22e32b12f444bfac3befe191cf"
"1.0","wc2010","wc2010_015","Honduras_Chile_2010-06-16","group","group_06","group","team_hon","team_chi",2010-06-16,2010-06-16,"date","wc2010__2010-06-16","South Africa",TRUE,"neutral",FALSE,FALSE,0,1,0,1,FALSE,FALSE,"team_chi","completed",TRUE,TRUE,"","martj42/international_results local results+goalscorers+shootouts snapshot",2010-06-16,"CC0-1.0","bb3845ba3acedf5854cc68d37247b598da7f62c2eb06f1c57821bb8f2fb6a604"
"1.0","wc2010","wc2010_016","South Africa_Uruguay_2010-06-16","group","group_07","group","team_rsa","team_uru",2010-06-16,2010-06-16,"date","wc2010__2010-06-16","South Africa",FALSE,"home",TRUE,FALSE,0,3,0,3,FALSE,FALSE,"team_uru","completed",TRUE,TRUE,"","martj42/international_results local results+goalscorers+shootouts snapshot",2010-06-16,"CC0-1.0","4848b2aad8535b72823495f956fa52f1eac04788e56cfb836887444800d545c6"
"1.0","wc2010","wc2010_017","Spain_Switzerland_2010-06-16","group","group_06","group","team_esp","team_sui",2010-06-16,2010-06-16,"date","wc2010__2010-06-16","South Africa",TRUE,"neutral",FALSE,FALSE,0,1,0,1,FALSE,FALSE,"team_sui","completed",TRUE,TRUE,"","martj42/international_results local results+goalscorers+shootouts snapshot",2010-06-16,"CC0-1.0","f8d5de890f0bd7e765f8607e2452f1fc8dd99c2078eb90f4af42ff139624de15"
"1.0","wc2010","wc2010_018","Argentina_Korea Republic_2010-06-17","group","group_02","group","team_arg","team_kor",2010-06-17,2010-06-17,"date","wc2010__2010-06-17","South Africa",TRUE,"neutral",FALSE,FALSE,4,1,4,1,FALSE,FALSE,"team_arg","completed",TRUE,TRUE,"","martj42/international_results local results+goalscorers+shootouts snapshot",2010-06-17,"CC0-1.0","6cebfe2eddeb850576a283b3419b3d37d59043bcfad169052b31e98fd65779f6"
"1.0","wc2010","wc2010_019","France_Mexico_2010-06-17","group","group_07","group","team_fra","team_mex",2010-06-17,2010-06-17,"date","wc2010__2010-06-17","South Africa",TRUE,"neutral",FALSE,FALSE,0,2,0,2,FALSE,FALSE,"team_mex","completed",TRUE,TRUE,"","martj42/international_results local results+goalscorers+shootouts snapshot",2010-06-17,"CC0-1.0","2aff415786e1a9dd4fd1696b1b56ccfd8fdbed7770e5f9fe710c3bde2212919a"
"1.0","wc2010","wc2010_020","Greece_Nigeria_2010-06-17","group","group_02","group","team_gre","team_nga",2010-06-17,2010-06-17,"date","wc2010__2010-06-17","South Africa",TRUE,"neutral",FALSE,FALSE,2,1,2,1,FALSE,FALSE,"team_gre","completed",TRUE,TRUE,"","martj42/international_results local results+goalscorers+shootouts snapshot",2010-06-17,"CC0-1.0","2e297e19f2131f9ee84a555973c9bcf073672130843bd8406dde7a62c36f7501"
"1.0","wc2010","wc2010_021","England_Algeria_2010-06-18","group","group_01","group","team_eng","team_alg",2010-06-18,2010-06-18,"date","wc2010__2010-06-18","South Africa",TRUE,"neutral",FALSE,FALSE,0,0,0,0,FALSE,FALSE,"","completed",TRUE,TRUE,"","martj42/international_results local results+goalscorers+shootouts snapshot",2010-06-18,"CC0-1.0","a0c5f481b502a34bb9c7d32868a36779c5c6a5ac5a2d36169ca45a30662ac94d"
"1.0","wc2010","wc2010_022","Germany_Serbia_2010-06-18","group","group_03","group","team_ger","team_srb",2010-06-18,2010-06-18,"date","wc2010__2010-06-18","South Africa",TRUE,"neutral",FALSE,FALSE,0,1,0,1,FALSE,FALSE,"team_srb","completed",TRUE,TRUE,"","martj42/international_results local results+goalscorers+shootouts snapshot",2010-06-18,"CC0-1.0","67031d287c18a4b59aead2ba2a828d1d8796eb8e6a2bfd9f7bca401be4a120ad"
"1.0","wc2010","wc2010_023","Slovenia_United States_2010-06-18","group","group_01","group","team_svn","team_usa",2010-06-18,2010-06-18,"date","wc2010__2010-06-18","South Africa",TRUE,"neutral",FALSE,FALSE,2,2,2,2,FALSE,FALSE,"","completed",TRUE,TRUE,"","martj42/international_results local results+goalscorers+shootouts snapshot",2010-06-18,"CC0-1.0","bc366ba1917fd4dfdf213c7d5abec4b21cc10fbc9e5a659ce20267b4a27eeff1"
"1.0","wc2010","wc2010_024","Cameroon_Denmark_2010-06-19","group","group_05","group","team_cmr","team_den",2010-06-19,2010-06-19,"date","wc2010__2010-06-19","South Africa",TRUE,"neutral",FALSE,FALSE,1,2,1,2,FALSE,FALSE,"team_den","completed",TRUE,TRUE,"","martj42/international_results local results+goalscorers+shootouts snapshot",2010-06-19,"CC0-1.0","5dace5a62f459783867192e5a58d979318c9993fd927bb991ef609b993d3200b"
"1.0","wc2010","wc2010_025","Ghana_Australia_2010-06-19","group","group_03","group","team_gha","team_aus",2010-06-19,2010-06-19,"date","wc2010__2010-06-19","South Africa",TRUE,"neutral",FALSE,FALSE,1,1,1,1,FALSE,FALSE,"","completed",TRUE,TRUE,"","martj42/international_results local results+goalscorers+shootouts snapshot",2010-06-19,"CC0-1.0","48690a66aa2604473785ec6e78b931c0b1c935110d2c40a791a078d2230926f7"
"1.0","wc2010","wc2010_026","Netherlands_Japan_2010-06-19","group","group_05","group","team_ned","team_jpn",2010-06-19,2010-06-19,"date","wc2010__2010-06-19","South Africa",TRUE,"neutral",FALSE,FALSE,1,0,1,0,FALSE,FALSE,"team_ned","completed",TRUE,TRUE,"","martj42/international_results local results+goalscorers+shootouts snapshot",2010-06-19,"CC0-1.0","9a994b373240254a6177c6b99ac49e90022c6c955d03fc6fb8dfc4300b24142f"
"1.0","wc2010","wc2010_027","Brazil_Ivory Coast_2010-06-20","group","group_04","group","team_bra","team_civ",2010-06-20,2010-06-20,"date","wc2010__2010-06-20","South Africa",TRUE,"neutral",FALSE,FALSE,3,1,3,1,FALSE,FALSE,"team_bra","completed",TRUE,TRUE,"","martj42/international_results local results+goalscorers+shootouts snapshot",2010-06-20,"CC0-1.0","f0bc3739310a27d12a513eefd69572dedc43aff0f2b588f566f1226e97243f64"
"1.0","wc2010","wc2010_028","Italy_New Zealand_2010-06-20","group","group_08","group","team_ita","team_nzl",2010-06-20,2010-06-20,"date","wc2010__2010-06-20","South Africa",TRUE,"neutral",FALSE,FALSE,1,1,1,1,FALSE,FALSE,"","completed",TRUE,TRUE,"","martj42/international_results local results+goalscorers+shootouts snapshot",2010-06-20,"CC0-1.0","8faa8fd106b77fbc9ac839456cf433a2ce8cd797bc904867ebb8a9de7bba0f0c"
"1.0","wc2010","wc2010_029","Slovakia_Paraguay_2010-06-20","group","group_08","group","team_svk","team_par",2010-06-20,2010-06-20,"date","wc2010__2010-06-20","South Africa",TRUE,"neutral",FALSE,FALSE,0,2,0,2,FALSE,FALSE,"team_par","completed",TRUE,TRUE,"","martj42/international_results local results+goalscorers+shootouts snapshot",2010-06-20,"CC0-1.0","00b5ac969e5e9cec29e02c85e45cafa5add92cd079b57f81ead7a42a6cb438ca"
"1.0","wc2010","wc2010_030","Chile_Switzerland_2010-06-21","group","group_06","group","team_chi","team_sui",2010-06-21,2010-06-21,"date","wc2010__2010-06-21","South Africa",TRUE,"neutral",FALSE,FALSE,1,0,1,0,FALSE,FALSE,"team_chi","completed",TRUE,TRUE,"","martj42/international_results local results+goalscorers+shootouts snapshot",2010-06-21,"CC0-1.0","6190d27bda15dcbbc565df4e1419ca9005f49b654ee33bb767979e49d88e2dc3"
"1.0","wc2010","wc2010_031","Portugal_Korea DPR_2010-06-21","group","group_04","group","team_por","team_prk",2010-06-21,2010-06-21,"date","wc2010__2010-06-21","South Africa",TRUE,"neutral",FALSE,FALSE,7,0,7,0,FALSE,FALSE,"team_por","completed",TRUE,TRUE,"","martj42/international_results local results+goalscorers+shootouts snapshot",2010-06-21,"CC0-1.0","b6abc2bf1f2a2a9decc92903fad92770ec2f1e92d1cc2c4c071ac179e1ff4b0f"
"1.0","wc2010","wc2010_032","Spain_Honduras_2010-06-21","group","group_06","group","team_esp","team_hon",2010-06-21,2010-06-21,"date","wc2010__2010-06-21","South Africa",TRUE,"neutral",FALSE,FALSE,2,0,2,0,FALSE,FALSE,"team_esp","completed",TRUE,TRUE,"","martj42/international_results local results+goalscorers+shootouts snapshot",2010-06-21,"CC0-1.0","117f2dd16a2a43d163c24b3d20afe74e5227626c26f752b294fa97cb31e57805"
"1.0","wc2010","wc2010_033","Greece_Argentina_2010-06-22","group","group_02","group","team_gre","team_arg",2010-06-22,2010-06-22,"date","wc2010__2010-06-22","South Africa",TRUE,"neutral",FALSE,FALSE,0,2,0,2,FALSE,FALSE,"team_arg","completed",TRUE,TRUE,"","martj42/international_results local results+goalscorers+shootouts snapshot",2010-06-22,"CC0-1.0","5509385963bfdebf8088437f347eb0d4ba872037cbea1500fe5082574b9549b7"
"1.0","wc2010","wc2010_034","Mexico_Uruguay_2010-06-22","group","group_07","group","team_mex","team_uru",2010-06-22,2010-06-22,"date","wc2010__2010-06-22","South Africa",TRUE,"neutral",FALSE,FALSE,0,1,0,1,FALSE,FALSE,"team_uru","completed",TRUE,TRUE,"","martj42/international_results local results+goalscorers+shootouts snapshot",2010-06-22,"CC0-1.0","86fcd588780504def07f1b23bdab3067f15a7c1147cd01a7458b11c2b24895fa"
"1.0","wc2010","wc2010_035","Nigeria_Korea Republic_2010-06-22","group","group_02","group","team_nga","team_kor",2010-06-22,2010-06-22,"date","wc2010__2010-06-22","South Africa",TRUE,"neutral",FALSE,FALSE,2,2,2,2,FALSE,FALSE,"","completed",TRUE,TRUE,"","martj42/international_results local results+goalscorers+shootouts snapshot",2010-06-22,"CC0-1.0","7102107c7e5c43ad3c20e3557c05d30e9407c09f034c26d0191367274d29a02a"
"1.0","wc2010","wc2010_036","South Africa_France_2010-06-22","group","group_07","group","team_rsa","team_fra",2010-06-22,2010-06-22,"date","wc2010__2010-06-22","South Africa",FALSE,"home",TRUE,FALSE,2,1,2,1,FALSE,FALSE,"team_rsa","completed",TRUE,TRUE,"","martj42/international_results local results+goalscorers+shootouts snapshot",2010-06-22,"CC0-1.0","6141e34c57560547522f747f425550b722e40b865ec2008d0ceeceb4f67396d3"
"1.0","wc2010","wc2010_037","Australia_Serbia_2010-06-23","group","group_03","group","team_aus","team_srb",2010-06-23,2010-06-23,"date","wc2010__2010-06-23","South Africa",TRUE,"neutral",FALSE,FALSE,2,1,2,1,FALSE,FALSE,"team_aus","completed",TRUE,TRUE,"","martj42/international_results local results+goalscorers+shootouts snapshot",2010-06-23,"CC0-1.0","a2c30f2606e0d84b55aaed7e9c804fb831083cc7b6d7f1eea41c67d922176e47"
"1.0","wc2010","wc2010_038","Ghana_Germany_2010-06-23","group","group_03","group","team_gha","team_ger",2010-06-23,2010-06-23,"date","wc2010__2010-06-23","South Africa",TRUE,"neutral",FALSE,FALSE,0,1,0,1,FALSE,FALSE,"team_ger","completed",TRUE,TRUE,"","martj42/international_results local results+goalscorers+shootouts snapshot",2010-06-23,"CC0-1.0","ca54d344e41abd3033703ed0c8a8fd32c0df449c15df1f37fb1d47cdeefb1cb0"
"1.0","wc2010","wc2010_039","Slovenia_England_2010-06-23","group","group_01","group","team_svn","team_eng",2010-06-23,2010-06-23,"date","wc2010__2010-06-23","South Africa",TRUE,"neutral",FALSE,FALSE,0,1,0,1,FALSE,FALSE,"team_eng","completed",TRUE,TRUE,"","martj42/international_results local results+goalscorers+shootouts snapshot",2010-06-23,"CC0-1.0","b46188ad748d948b5b2ce19eb682218f10abd7167d0e6ff8cee667dce86c9572"
"1.0","wc2010","wc2010_040","United States_Algeria_2010-06-23","group","group_01","group","team_usa","team_alg",2010-06-23,2010-06-23,"date","wc2010__2010-06-23","South Africa",TRUE,"neutral",FALSE,FALSE,1,0,1,0,FALSE,FALSE,"team_usa","completed",TRUE,TRUE,"","martj42/international_results local results+goalscorers+shootouts snapshot",2010-06-23,"CC0-1.0","069f2d9162222a8f3e62c2e233d1b61f5149e650c1e8a54b5246e31bcd1e0880"
"1.0","wc2010","wc2010_041","Cameroon_Netherlands_2010-06-24","group","group_05","group","team_cmr","team_ned",2010-06-24,2010-06-24,"date","wc2010__2010-06-24","South Africa",TRUE,"neutral",FALSE,FALSE,1,2,1,2,FALSE,FALSE,"team_ned","completed",TRUE,TRUE,"","martj42/international_results local results+goalscorers+shootouts snapshot",2010-06-24,"CC0-1.0","e6e8be7789a313277f80143bcd1392964f47ce052c287f250e928321374631fe"
"1.0","wc2010","wc2010_042","Denmark_Japan_2010-06-24","group","group_05","group","team_den","team_jpn",2010-06-24,2010-06-24,"date","wc2010__2010-06-24","South Africa",TRUE,"neutral",FALSE,FALSE,1,3,1,3,FALSE,FALSE,"team_jpn","completed",TRUE,TRUE,"","martj42/international_results local results+goalscorers+shootouts snapshot",2010-06-24,"CC0-1.0","8cb630f6ee203d5abb8de5442157de326ad49b3e9d6d527eca28d520e3ee40af"
"1.0","wc2010","wc2010_043","Paraguay_New Zealand_2010-06-24","group","group_08","group","team_par","team_nzl",2010-06-24,2010-06-24,"date","wc2010__2010-06-24","South Africa",TRUE,"neutral",FALSE,FALSE,0,0,0,0,FALSE,FALSE,"","completed",TRUE,TRUE,"","martj42/international_results local results+goalscorers+shootouts snapshot",2010-06-24,"CC0-1.0","0e69112b946b903437c09d29197cad0ee5d3b8ad5e880f3daf4d4481a6b6e5cf"
"1.0","wc2010","wc2010_044","Slovakia_Italy_2010-06-24","group","group_08","group","team_svk","team_ita",2010-06-24,2010-06-24,"date","wc2010__2010-06-24","South Africa",TRUE,"neutral",FALSE,FALSE,3,2,3,2,FALSE,FALSE,"team_svk","completed",TRUE,TRUE,"","martj42/international_results local results+goalscorers+shootouts snapshot",2010-06-24,"CC0-1.0","05e183027134807f98913e14006a818642e3330b8c1b87df4ad9281702f38941"
"1.0","wc2010","wc2010_045","Chile_Spain_2010-06-25","group","group_06","group","team_chi","team_esp",2010-06-25,2010-06-25,"date","wc2010__2010-06-25","South Africa",TRUE,"neutral",FALSE,FALSE,1,2,1,2,FALSE,FALSE,"team_esp","completed",TRUE,TRUE,"","martj42/international_results local results+goalscorers+shootouts snapshot",2010-06-25,"CC0-1.0","8aa87cf86a04aca2f144f26dd1375f61574fcb39279c5daf1cd40c225c750949"
"1.0","wc2010","wc2010_046","Korea DPR_Ivory Coast_2010-06-25","group","group_04","group","team_prk","team_civ",2010-06-25,2010-06-25,"date","wc2010__2010-06-25","South Africa",TRUE,"neutral",FALSE,FALSE,0,3,0,3,FALSE,FALSE,"team_civ","completed",TRUE,TRUE,"","martj42/international_results local results+goalscorers+shootouts snapshot",2010-06-25,"CC0-1.0","7cbc2a0edc68210b007227fb1a4077df2fce7fd52c27bebe4da4595823607f57"
"1.0","wc2010","wc2010_047","Portugal_Brazil_2010-06-25","group","group_04","group","team_por","team_bra",2010-06-25,2010-06-25,"date","wc2010__2010-06-25","South Africa",TRUE,"neutral",FALSE,FALSE,0,0,0,0,FALSE,FALSE,"","completed",TRUE,TRUE,"","martj42/international_results local results+goalscorers+shootouts snapshot",2010-06-25,"CC0-1.0","e636eec563dee2b49a9d6b04bfa3dd1b1d4e4863fbc5003d32b4ede5351d35b7"
"1.0","wc2010","wc2010_048","Switzerland_Honduras_2010-06-25","group","group_06","group","team_sui","team_hon",2010-06-25,2010-06-25,"date","wc2010__2010-06-25","South Africa",TRUE,"neutral",FALSE,FALSE,0,0,0,0,FALSE,FALSE,"","completed",TRUE,TRUE,"","martj42/international_results local results+goalscorers+shootouts snapshot",2010-06-25,"CC0-1.0","87d78a41eb9eeb3b2f73477d5d89e8740e3f61563297bfd78efebae2d74f8256"
"1.0","wc2010","wc2010_049","Uruguay_Korea Republic_2010-06-26","round_of_16","","round_of_16","team_uru","team_kor",2010-06-26,2010-06-26,"date","wc2010__2010-06-26","South Africa",TRUE,"neutral",FALSE,FALSE,2,1,2,1,FALSE,FALSE,"team_uru","completed",TRUE,TRUE,"","martj42/international_results local results+goalscorers+shootouts snapshot",2010-06-26,"CC0-1.0","a36736a148d006774570f3481f3e70fd2de8455e6b5f5d9b4b51f8395fc51b31"
"1.0","wc2010","wc2010_050","United States_Ghana_2010-06-26","round_of_16","","round_of_16","team_usa","team_gha",2010-06-26,2010-06-26,"date","wc2010__2010-06-26","South Africa",TRUE,"neutral",FALSE,FALSE,1,1,1,2,TRUE,FALSE,"team_gha","completed",TRUE,TRUE,"","martj42/international_results local results+goalscorers+shootouts snapshot",2010-06-26,"CC0-1.0","fd50325fc07cc4b2213865714f85d3668841dba5d7f31a4411b06d745f189eac"
"1.0","wc2010","wc2010_051","Argentina_Mexico_2010-06-27","round_of_16","","round_of_16","team_arg","team_mex",2010-06-27,2010-06-27,"date","wc2010__2010-06-27","South Africa",TRUE,"neutral",FALSE,FALSE,3,1,3,1,FALSE,FALSE,"team_arg","completed",TRUE,TRUE,"","martj42/international_results local results+goalscorers+shootouts snapshot",2010-06-27,"CC0-1.0","d51134dcc283a649018ca01abc128c8af9c0ebe4a1329ba15f7fdac7761bec34"
"1.0","wc2010","wc2010_052","Germany_England_2010-06-27","round_of_16","","round_of_16","team_ger","team_eng",2010-06-27,2010-06-27,"date","wc2010__2010-06-27","South Africa",TRUE,"neutral",FALSE,FALSE,4,1,4,1,FALSE,FALSE,"team_ger","completed",TRUE,TRUE,"","martj42/international_results local results+goalscorers+shootouts snapshot",2010-06-27,"CC0-1.0","05bb40f878000aa3139c4692437f85e2d8ee503cc06c06e8bcf804553f8cefc5"
"1.0","wc2010","wc2010_053","Brazil_Chile_2010-06-28","round_of_16","","round_of_16","team_bra","team_chi",2010-06-28,2010-06-28,"date","wc2010__2010-06-28","South Africa",TRUE,"neutral",FALSE,FALSE,3,0,3,0,FALSE,FALSE,"team_bra","completed",TRUE,TRUE,"","martj42/international_results local results+goalscorers+shootouts snapshot",2010-06-28,"CC0-1.0","9aa6766a0cfbe2bd1bbf766b86fa827b338be4a8d8d59456e943e7443563a6b4"
"1.0","wc2010","wc2010_054","Netherlands_Slovakia_2010-06-28","round_of_16","","round_of_16","team_ned","team_svk",2010-06-28,2010-06-28,"date","wc2010__2010-06-28","South Africa",TRUE,"neutral",FALSE,FALSE,2,1,2,1,FALSE,FALSE,"team_ned","completed",TRUE,TRUE,"","martj42/international_results local results+goalscorers+shootouts snapshot",2010-06-28,"CC0-1.0","791303fd35cd98f0320fba23df9858aca7b1d62295e658345beb1fa9d7050349"
"1.0","wc2010","wc2010_055","Paraguay_Japan_2010-06-29","round_of_16","","round_of_16","team_par","team_jpn",2010-06-29,2010-06-29,"date","wc2010__2010-06-29","South Africa",TRUE,"neutral",FALSE,FALSE,0,0,0,0,TRUE,TRUE,"team_par","completed",TRUE,TRUE,"","martj42/international_results local results+goalscorers+shootouts snapshot",2010-06-29,"CC0-1.0","5a603ca611d3611f916810f5cbbb984724e95e7379d68d7dfc76b3f8897db9b2"
"1.0","wc2010","wc2010_056","Spain_Portugal_2010-06-29","round_of_16","","round_of_16","team_esp","team_por",2010-06-29,2010-06-29,"date","wc2010__2010-06-29","South Africa",TRUE,"neutral",FALSE,FALSE,1,0,1,0,FALSE,FALSE,"team_esp","completed",TRUE,TRUE,"","martj42/international_results local results+goalscorers+shootouts snapshot",2010-06-29,"CC0-1.0","7054dbcee323ef61d611fd108c3420d89f5b1db6823f39900ca43fa9e85e711b"
"1.0","wc2010","wc2010_057","Netherlands_Brazil_2010-07-02","quarterfinal","","quarterfinal","team_ned","team_bra",2010-07-02,2010-07-02,"date","wc2010__2010-07-02","South Africa",TRUE,"neutral",FALSE,FALSE,2,1,2,1,FALSE,FALSE,"team_ned","completed",TRUE,TRUE,"","martj42/international_results local results+goalscorers+shootouts snapshot",2010-07-02,"CC0-1.0","7dd23171f1921237c07a947c6442d5bdd54fc66a7feb78c8068b7988712f614b"
"1.0","wc2010","wc2010_058","Uruguay_Ghana_2010-07-02","quarterfinal","","quarterfinal","team_uru","team_gha",2010-07-02,2010-07-02,"date","wc2010__2010-07-02","South Africa",TRUE,"neutral",FALSE,FALSE,1,1,1,1,TRUE,TRUE,"team_uru","completed",TRUE,TRUE,"","martj42/international_results local results+goalscorers+shootouts snapshot",2010-07-02,"CC0-1.0","2ff29513e65d638cebc2f5bf9fcff8f015f8621b1d70ed95e7b77a50cfc6b73c"
"1.0","wc2010","wc2010_059","Argentina_Germany_2010-07-03","quarterfinal","","quarterfinal","team_arg","team_ger",2010-07-03,2010-07-03,"date","wc2010__2010-07-03","South Africa",TRUE,"neutral",FALSE,FALSE,0,4,0,4,FALSE,FALSE,"team_ger","completed",TRUE,TRUE,"","martj42/international_results local results+goalscorers+shootouts snapshot",2010-07-03,"CC0-1.0","38b0c5b713f68963005fd4befab2ff39660fec7d3ba0f307f33269fb52ed4c26"
"1.0","wc2010","wc2010_060","Paraguay_Spain_2010-07-03","quarterfinal","","quarterfinal","team_par","team_esp",2010-07-03,2010-07-03,"date","wc2010__2010-07-03","South Africa",TRUE,"neutral",FALSE,FALSE,0,1,0,1,FALSE,FALSE,"team_esp","completed",TRUE,TRUE,"","martj42/international_results local results+goalscorers+shootouts snapshot",2010-07-03,"CC0-1.0","fd6a6cbd99ced109b3f7ff48d31fd6311a7ffcf57a31bd46336696fa8c768876"
"1.0","wc2010","wc2010_061","Uruguay_Netherlands_2010-07-06","semifinal","","semifinal","team_uru","team_ned",2010-07-06,2010-07-06,"date","wc2010__2010-07-06","South Africa",TRUE,"neutral",FALSE,FALSE,2,3,2,3,FALSE,FALSE,"team_ned","completed",TRUE,TRUE,"","martj42/international_results local results+goalscorers+shootouts snapshot",2010-07-06,"CC0-1.0","21bf1f020143b0d81e97a135a448ea7e0fe8b6c674f7dbe636ff7f9484a9395b"
"1.0","wc2010","wc2010_062","Germany_Spain_2010-07-07","semifinal","","semifinal","team_ger","team_esp",2010-07-07,2010-07-07,"date","wc2010__2010-07-07","South Africa",TRUE,"neutral",FALSE,FALSE,0,1,0,1,FALSE,FALSE,"team_esp","completed",TRUE,TRUE,"","martj42/international_results local results+goalscorers+shootouts snapshot",2010-07-07,"CC0-1.0","d8a4536a3fb197a27bf7aa392d81e4812f65cbfe50ccb92cc8526dea689699ed"
"1.0","wc2010","wc2010_063","Uruguay_Germany_2010-07-10","third_place","","third_place","team_uru","team_ger",2010-07-10,2010-07-10,"date","wc2010__2010-07-10","South Africa",TRUE,"neutral",FALSE,FALSE,2,3,2,3,FALSE,FALSE,"team_ger","completed",TRUE,TRUE,"","martj42/international_results local results+goalscorers+shootouts snapshot",2010-07-10,"CC0-1.0","10bb9f468b5ab81d565db69079da8b727749e2b803da5ce62e2d8a970913d2d7"
"1.0","wc2010","wc2010_064","Netherlands_Spain_2010-07-11","final","","final","team_ned","team_esp",2010-07-11,2010-07-11,"date","wc2010__2010-07-11","South Africa",TRUE,"neutral",FALSE,FALSE,0,0,0,1,TRUE,FALSE,"team_esp","completed",TRUE,TRUE,"","martj42/international_results local results+goalscorers+shootouts snapshot",2010-07-11,"CC0-1.0","f97ab76da2e5ef4b7e4d3cdc065aea48859164fc64baaf34cfab05c66fa600d8"
"1.0","wc2014","wc2014_001","Brazil_Croatia_2014-06-12","group","group_04","group","team_bra","team_cro",2014-06-12,2014-06-12,"date","wc2014__2014-06-12","Brazil",FALSE,"home",TRUE,FALSE,3,1,3,1,FALSE,FALSE,"team_bra","completed",TRUE,TRUE,"","martj42/international_results local results+goalscorers+shootouts snapshot",2014-06-12,"CC0-1.0","5bb1d7c8bef7b74e624032ee38e05a0e9182e56a118fe1d6c13e3d0a72d3f75b"
"1.0","wc2014","wc2014_002","Chile_Australia_2014-06-13","group","group_03","group","team_chi","team_aus",2014-06-13,2014-06-13,"date","wc2014__2014-06-13","Brazil",TRUE,"neutral",FALSE,FALSE,3,1,3,1,FALSE,FALSE,"team_chi","completed",TRUE,TRUE,"","martj42/international_results local results+goalscorers+shootouts snapshot",2014-06-13,"CC0-1.0","85a53512097e421a550c22fc00c8e36341bcf79dc61ffa64dbb47c8a535c9700"
"1.0","wc2014","wc2014_003","Mexico_Cameroon_2014-06-13","group","group_04","group","team_mex","team_cmr",2014-06-13,2014-06-13,"date","wc2014__2014-06-13","Brazil",TRUE,"neutral",FALSE,FALSE,1,0,1,0,FALSE,FALSE,"team_mex","completed",TRUE,TRUE,"","martj42/international_results local results+goalscorers+shootouts snapshot",2014-06-13,"CC0-1.0","b1f4275499cf8a1fc4b19b1bceae7f4e191ce19c4c2b40e8f74c7b036aaae169"
"1.0","wc2014","wc2014_004","Spain_Netherlands_2014-06-13","group","group_03","group","team_esp","team_ned",2014-06-13,2014-06-13,"date","wc2014__2014-06-13","Brazil",TRUE,"neutral",FALSE,FALSE,1,5,1,5,FALSE,FALSE,"team_ned","completed",TRUE,TRUE,"","martj42/international_results local results+goalscorers+shootouts snapshot",2014-06-13,"CC0-1.0","f5064b21d9ee9f57b17d0d36d2f265c9c99a516ff48ea1b92ac30ffc24f0c75f"
"1.0","wc2014","wc2014_005","Colombia_Greece_2014-06-14","group","group_05","group","team_col","team_gre",2014-06-14,2014-06-14,"date","wc2014__2014-06-14","Brazil",TRUE,"neutral",FALSE,FALSE,3,0,3,0,FALSE,FALSE,"team_col","completed",TRUE,TRUE,"","martj42/international_results local results+goalscorers+shootouts snapshot",2014-06-14,"CC0-1.0","3104c9e9b5b1bd488e1c639b794aa470283b771763ecb378a2951eb315c2e0e9"
"1.0","wc2014","wc2014_006","England_Italy_2014-06-14","group","group_06","group","team_eng","team_ita",2014-06-14,2014-06-14,"date","wc2014__2014-06-14","Brazil",TRUE,"neutral",FALSE,FALSE,1,2,1,2,FALSE,FALSE,"team_ita","completed",TRUE,TRUE,"","martj42/international_results local results+goalscorers+shootouts snapshot",2014-06-14,"CC0-1.0","c5e2b7163c273cc6f1eb4a0eb16e69cad6f45905235bd1716fa8787b44507666"
"1.0","wc2014","wc2014_007","Ivory Coast_Japan_2014-06-14","group","group_05","group","team_civ","team_jpn",2014-06-14,2014-06-14,"date","wc2014__2014-06-14","Brazil",TRUE,"neutral",FALSE,FALSE,2,1,2,1,FALSE,FALSE,"team_civ","completed",TRUE,TRUE,"","martj42/international_results local results+goalscorers+shootouts snapshot",2014-06-14,"CC0-1.0","6829961da4338765358e601b6b45159754da3c38d61ba01803a7e3e81285f762"
"1.0","wc2014","wc2014_008","Uruguay_Costa Rica_2014-06-14","group","group_06","group","team_uru","team_crc",2014-06-14,2014-06-14,"date","wc2014__2014-06-14","Brazil",TRUE,"neutral",FALSE,FALSE,1,3,1,3,FALSE,FALSE,"team_crc","completed",TRUE,TRUE,"","martj42/international_results local results+goalscorers+shootouts snapshot",2014-06-14,"CC0-1.0","6655613931e495c70ee582f91d70ee59781ae02d612ba7ea24b23bddaf630be8"
"1.0","wc2014","wc2014_009","Argentina_Bosnia and Herzegovina_2014-06-15","group","group_02","group","team_arg","team_bih",2014-06-15,2014-06-15,"date","wc2014__2014-06-15","Brazil",TRUE,"neutral",FALSE,FALSE,2,1,2,1,FALSE,FALSE,"team_arg","completed",TRUE,TRUE,"","martj42/international_results local results+goalscorers+shootouts snapshot",2014-06-15,"CC0-1.0","c6b9f57ce2271c349d786be3b3ba8aa3cf5b051979fe6a0536dc30cfe3d3e1a5"
"1.0","wc2014","wc2014_010","France_Honduras_2014-06-15","group","group_07","group","team_fra","team_hon",2014-06-15,2014-06-15,"date","wc2014__2014-06-15","Brazil",TRUE,"neutral",FALSE,FALSE,3,0,3,0,FALSE,FALSE,"team_fra","completed",TRUE,TRUE,"","martj42/international_results local results+goalscorers+shootouts snapshot",2014-06-15,"CC0-1.0","1d0568e8660d9c0a3a30a8ed030a55d291bf567d91ab146cf120a71ad4a74260"
"1.0","wc2014","wc2014_011","Switzerland_Ecuador_2014-06-15","group","group_07","group","team_sui","team_ecu",2014-06-15,2014-06-15,"date","wc2014__2014-06-15","Brazil",TRUE,"neutral",FALSE,FALSE,2,1,2,1,FALSE,FALSE,"team_sui","completed",TRUE,TRUE,"","martj42/international_results local results+goalscorers+shootouts snapshot",2014-06-15,"CC0-1.0","3d06d17da4105b3555b4a17663b55011efbd9862d07662671685f1eca965dd85"
"1.0","wc2014","wc2014_012","Germany_Portugal_2014-06-16","group","group_08","group","team_ger","team_por",2014-06-16,2014-06-16,"date","wc2014__2014-06-16","Brazil",TRUE,"neutral",FALSE,FALSE,4,0,4,0,FALSE,FALSE,"team_ger","completed",TRUE,TRUE,"","martj42/international_results local results+goalscorers+shootouts snapshot",2014-06-16,"CC0-1.0","fe7492e6707b30f96cb4abe204288bd6b56d039e32d74863605e67765595e071"
"1.0","wc2014","wc2014_013","Ghana_United States_2014-06-16","group","group_08","group","team_gha","team_usa",2014-06-16,2014-06-16,"date","wc2014__2014-06-16","Brazil",TRUE,"neutral",FALSE,FALSE,1,2,1,2,FALSE,FALSE,"team_usa","completed",TRUE,TRUE,"","martj42/international_results local results+goalscorers+shootouts snapshot",2014-06-16,"CC0-1.0","8e2febaea4d3c65d6577cc4a6227bc6c0700eae6325ff0293e6b827fa9863995"
"1.0","wc2014","wc2014_014","Iran_Nigeria_2014-06-16","group","group_02","group","team_irn","team_nga",2014-06-16,2014-06-16,"date","wc2014__2014-06-16","Brazil",TRUE,"neutral",FALSE,FALSE,0,0,0,0,FALSE,FALSE,"","completed",TRUE,TRUE,"","martj42/international_results local results+goalscorers+shootouts snapshot",2014-06-16,"CC0-1.0","d7c220d98fd28618ae1b5fb5ede2876df6add5d285303069b303cb892029fef4"
"1.0","wc2014","wc2014_015","Belgium_Algeria_2014-06-17","group","group_01","group","team_bel","team_alg",2014-06-17,2014-06-17,"date","wc2014__2014-06-17","Brazil",TRUE,"neutral",FALSE,FALSE,2,1,2,1,FALSE,FALSE,"team_bel","completed",TRUE,TRUE,"","martj42/international_results local results+goalscorers+shootouts snapshot",2014-06-17,"CC0-1.0","6f6cc528fbada8a6af80d278828a73ce57cf76dc026fb13a49492726491505ee"
"1.0","wc2014","wc2014_016","Brazil_Mexico_2014-06-17","group","group_04","group","team_bra","team_mex",2014-06-17,2014-06-17,"date","wc2014__2014-06-17","Brazil",FALSE,"home",TRUE,FALSE,0,0,0,0,FALSE,FALSE,"","completed",TRUE,TRUE,"","martj42/international_results local results+goalscorers+shootouts snapshot",2014-06-17,"CC0-1.0","e2836d88e8a8cded01a57bc0a1123b3d75cbbf465c4fc0c1942cd347aed202e8"
"1.0","wc2014","wc2014_017","Russia_Korea Republic_2014-06-17","group","group_01","group","team_rus","team_kor",2014-06-17,2014-06-17,"date","wc2014__2014-06-17","Brazil",TRUE,"neutral",FALSE,FALSE,1,1,1,1,FALSE,FALSE,"","completed",TRUE,TRUE,"","martj42/international_results local results+goalscorers+shootouts snapshot",2014-06-17,"CC0-1.0","74190675d50d4a9f5be05038bf7b549fbaf702896187b02196174f389550a966"
"1.0","wc2014","wc2014_018","Australia_Netherlands_2014-06-18","group","group_03","group","team_aus","team_ned",2014-06-18,2014-06-18,"date","wc2014__2014-06-18","Brazil",TRUE,"neutral",FALSE,FALSE,2,3,2,3,FALSE,FALSE,"team_ned","completed",TRUE,TRUE,"","martj42/international_results local results+goalscorers+shootouts snapshot",2014-06-18,"CC0-1.0","1de94ced2247ab2455c535b17396a1658a5ed2ed5dab5b70c5ba76f3f1f63358"
"1.0","wc2014","wc2014_019","Cameroon_Croatia_2014-06-18","group","group_04","group","team_cmr","team_cro",2014-06-18,2014-06-18,"date","wc2014__2014-06-18","Brazil",TRUE,"neutral",FALSE,FALSE,0,4,0,4,FALSE,FALSE,"team_cro","completed",TRUE,TRUE,"","martj42/international_results local results+goalscorers+shootouts snapshot",2014-06-18,"CC0-1.0","ebe37e61bd9c6c743a98ffcb53449f4be8ad8d964563c44925ac6e9817a265df"
"1.0","wc2014","wc2014_020","Spain_Chile_2014-06-18","group","group_03","group","team_esp","team_chi",2014-06-18,2014-06-18,"date","wc2014__2014-06-18","Brazil",TRUE,"neutral",FALSE,FALSE,0,2,0,2,FALSE,FALSE,"team_chi","completed",TRUE,TRUE,"","martj42/international_results local results+goalscorers+shootouts snapshot",2014-06-18,"CC0-1.0","cf3e0d493190bdcb7895211acb16d03cec33e6af45836d943adb017a3858e6ed"
"1.0","wc2014","wc2014_021","Colombia_Ivory Coast_2014-06-19","group","group_05","group","team_col","team_civ",2014-06-19,2014-06-19,"date","wc2014__2014-06-19","Brazil",TRUE,"neutral",FALSE,FALSE,2,1,2,1,FALSE,FALSE,"team_col","completed",TRUE,TRUE,"","martj42/international_results local results+goalscorers+shootouts snapshot",2014-06-19,"CC0-1.0","43eca741cd5fa4dde154b40101946a8d9fc47403b4c4d533884f5e9c6ab82638"
"1.0","wc2014","wc2014_022","Japan_Greece_2014-06-19","group","group_05","group","team_jpn","team_gre",2014-06-19,2014-06-19,"date","wc2014__2014-06-19","Brazil",TRUE,"neutral",FALSE,FALSE,0,0,0,0,FALSE,FALSE,"","completed",TRUE,TRUE,"","martj42/international_results local results+goalscorers+shootouts snapshot",2014-06-19,"CC0-1.0","687b310066cfa72c716380d02854342ca517b4bb4925d9a8c6950d354d7aba41"
"1.0","wc2014","wc2014_023","Uruguay_England_2014-06-19","group","group_06","group","team_uru","team_eng",2014-06-19,2014-06-19,"date","wc2014__2014-06-19","Brazil",TRUE,"neutral",FALSE,FALSE,2,1,2,1,FALSE,FALSE,"team_uru","completed",TRUE,TRUE,"","martj42/international_results local results+goalscorers+shootouts snapshot",2014-06-19,"CC0-1.0","8bf24e03dab1cbad3ea3428ad45420fd3d351e708811b4dd51bc3dc305d048aa"
"1.0","wc2014","wc2014_024","Honduras_Ecuador_2014-06-20","group","group_07","group","team_hon","team_ecu",2014-06-20,2014-06-20,"date","wc2014__2014-06-20","Brazil",TRUE,"neutral",FALSE,FALSE,1,2,1,2,FALSE,FALSE,"team_ecu","completed",TRUE,TRUE,"","martj42/international_results local results+goalscorers+shootouts snapshot",2014-06-20,"CC0-1.0","68511c16a075e774dac40b1635c307783079e5eed2b4de5da31e054bfb907c44"
"1.0","wc2014","wc2014_025","Italy_Costa Rica_2014-06-20","group","group_06","group","team_ita","team_crc",2014-06-20,2014-06-20,"date","wc2014__2014-06-20","Brazil",TRUE,"neutral",FALSE,FALSE,0,1,0,1,FALSE,FALSE,"team_crc","completed",TRUE,TRUE,"","martj42/international_results local results+goalscorers+shootouts snapshot",2014-06-20,"CC0-1.0","2c13216bfdc5ed5c1f03029b764e753587de4f826c60e16190fd27ff6259dd59"
"1.0","wc2014","wc2014_026","Switzerland_France_2014-06-20","group","group_07","group","team_sui","team_fra",2014-06-20,2014-06-20,"date","wc2014__2014-06-20","Brazil",TRUE,"neutral",FALSE,FALSE,2,5,2,5,FALSE,FALSE,"team_fra","completed",TRUE,TRUE,"","martj42/international_results local results+goalscorers+shootouts snapshot",2014-06-20,"CC0-1.0","fd99b454c558b8f4448cee70d5e82b6b18805913c5317de6fce0e17c721dbd8c"
"1.0","wc2014","wc2014_027","Argentina_Iran_2014-06-21","group","group_02","group","team_arg","team_irn",2014-06-21,2014-06-21,"date","wc2014__2014-06-21","Brazil",TRUE,"neutral",FALSE,FALSE,1,0,1,0,FALSE,FALSE,"team_arg","completed",TRUE,TRUE,"","martj42/international_results local results+goalscorers+shootouts snapshot",2014-06-21,"CC0-1.0","cad2c0518fd90f208ac657aecca52dc7f8153e86a64b30f86b3f64509d1d66eb"
"1.0","wc2014","wc2014_028","Germany_Ghana_2014-06-21","group","group_08","group","team_ger","team_gha",2014-06-21,2014-06-21,"date","wc2014__2014-06-21","Brazil",TRUE,"neutral",FALSE,FALSE,2,2,2,2,FALSE,FALSE,"","completed",TRUE,TRUE,"","martj42/international_results local results+goalscorers+shootouts snapshot",2014-06-21,"CC0-1.0","41e7404b1da1fb7b68bb5277c45c5d4c35d00fd9498c2dcc520775114b5495bf"
"1.0","wc2014","wc2014_029","Nigeria_Bosnia and Herzegovina_2014-06-21","group","group_02","group","team_nga","team_bih",2014-06-21,2014-06-21,"date","wc2014__2014-06-21","Brazil",TRUE,"neutral",FALSE,FALSE,1,0,1,0,FALSE,FALSE,"team_nga","completed",TRUE,TRUE,"","martj42/international_results local results+goalscorers+shootouts snapshot",2014-06-21,"CC0-1.0","c504ac26fa0d7da1d160b2e3b12de08486a410a6f6faf01df36831f7ed3a722d"
"1.0","wc2014","wc2014_030","Belgium_Russia_2014-06-22","group","group_01","group","team_bel","team_rus",2014-06-22,2014-06-22,"date","wc2014__2014-06-22","Brazil",TRUE,"neutral",FALSE,FALSE,1,0,1,0,FALSE,FALSE,"team_bel","completed",TRUE,TRUE,"","martj42/international_results local results+goalscorers+shootouts snapshot",2014-06-22,"CC0-1.0","38c1810dac790d7b812593dbb47d24e613d3fdd20b571d937972ea482eb280b4"
"1.0","wc2014","wc2014_031","Korea Republic_Algeria_2014-06-22","group","group_01","group","team_kor","team_alg",2014-06-22,2014-06-22,"date","wc2014__2014-06-22","Brazil",TRUE,"neutral",FALSE,FALSE,2,4,2,4,FALSE,FALSE,"team_alg","completed",TRUE,TRUE,"","martj42/international_results local results+goalscorers+shootouts snapshot",2014-06-22,"CC0-1.0","5e29b31e064f131d79d6419ebcdcb73dafbd52957230c90f078f9f261f2204d8"
"1.0","wc2014","wc2014_032","United States_Portugal_2014-06-22","group","group_08","group","team_usa","team_por",2014-06-22,2014-06-22,"date","wc2014__2014-06-22","Brazil",TRUE,"neutral",FALSE,FALSE,2,2,2,2,FALSE,FALSE,"","completed",TRUE,TRUE,"","martj42/international_results local results+goalscorers+shootouts snapshot",2014-06-22,"CC0-1.0","14855cd175d1513f5d8da499de112b2feecc7045a307d8213a4835f5ce684378"
"1.0","wc2014","wc2014_033","Australia_Spain_2014-06-23","group","group_03","group","team_aus","team_esp",2014-06-23,2014-06-23,"date","wc2014__2014-06-23","Brazil",TRUE,"neutral",FALSE,FALSE,0,3,0,3,FALSE,FALSE,"team_esp","completed",TRUE,TRUE,"","martj42/international_results local results+goalscorers+shootouts snapshot",2014-06-23,"CC0-1.0","0c12c3cebcae25a69558f756aeaca3995d4566166ed8af3b029b86c6e0804b6a"
"1.0","wc2014","wc2014_034","Brazil_Cameroon_2014-06-23","group","group_04","group","team_bra","team_cmr",2014-06-23,2014-06-23,"date","wc2014__2014-06-23","Brazil",FALSE,"home",TRUE,FALSE,4,1,4,1,FALSE,FALSE,"team_bra","completed",TRUE,TRUE,"","martj42/international_results local results+goalscorers+shootouts snapshot",2014-06-23,"CC0-1.0","ccc69ae1efca3c7ba096fda4a428e4458f08a93786aa8c6520972397950cd8ac"
"1.0","wc2014","wc2014_035","Croatia_Mexico_2014-06-23","group","group_04","group","team_cro","team_mex",2014-06-23,2014-06-23,"date","wc2014__2014-06-23","Brazil",TRUE,"neutral",FALSE,FALSE,1,3,1,3,FALSE,FALSE,"team_mex","completed",TRUE,TRUE,"","martj42/international_results local results+goalscorers+shootouts snapshot",2014-06-23,"CC0-1.0","049b7bfe84c9e515d0d0757ab20962aa3140d394efe7027be1b26ddfa9430e2c"
"1.0","wc2014","wc2014_036","Netherlands_Chile_2014-06-23","group","group_03","group","team_ned","team_chi",2014-06-23,2014-06-23,"date","wc2014__2014-06-23","Brazil",TRUE,"neutral",FALSE,FALSE,2,0,2,0,FALSE,FALSE,"team_ned","completed",TRUE,TRUE,"","martj42/international_results local results+goalscorers+shootouts snapshot",2014-06-23,"CC0-1.0","ae3e53707ddd27102b96fdc965f82ece44df6b46eb48a213bb89ca279e1c7a86"
"1.0","wc2014","wc2014_037","Costa Rica_England_2014-06-24","group","group_06","group","team_crc","team_eng",2014-06-24,2014-06-24,"date","wc2014__2014-06-24","Brazil",TRUE,"neutral",FALSE,FALSE,0,0,0,0,FALSE,FALSE,"","completed",TRUE,TRUE,"","martj42/international_results local results+goalscorers+shootouts snapshot",2014-06-24,"CC0-1.0","e2cff618ac97b2f1fe3f8e4b55a47aaabb3ee5532895e021f2fe76f7db8cdc05"
"1.0","wc2014","wc2014_038","Greece_Ivory Coast_2014-06-24","group","group_05","group","team_gre","team_civ",2014-06-24,2014-06-24,"date","wc2014__2014-06-24","Brazil",TRUE,"neutral",FALSE,FALSE,2,1,2,1,FALSE,FALSE,"team_gre","completed",TRUE,TRUE,"","martj42/international_results local results+goalscorers+shootouts snapshot",2014-06-24,"CC0-1.0","cb663c88b8b20d384d55160875c48157db602b83f6b7f8fa9bec08b81b3c9211"
"1.0","wc2014","wc2014_039","Italy_Uruguay_2014-06-24","group","group_06","group","team_ita","team_uru",2014-06-24,2014-06-24,"date","wc2014__2014-06-24","Brazil",TRUE,"neutral",FALSE,FALSE,0,1,0,1,FALSE,FALSE,"team_uru","completed",TRUE,TRUE,"","martj42/international_results local results+goalscorers+shootouts snapshot",2014-06-24,"CC0-1.0","ac3e524f80fd2cb98f68431d221d7e3e94ee85be25a88a36d58ac9deaa025363"
"1.0","wc2014","wc2014_040","Japan_Colombia_2014-06-24","group","group_05","group","team_jpn","team_col",2014-06-24,2014-06-24,"date","wc2014__2014-06-24","Brazil",TRUE,"neutral",FALSE,FALSE,1,4,1,4,FALSE,FALSE,"team_col","completed",TRUE,TRUE,"","martj42/international_results local results+goalscorers+shootouts snapshot",2014-06-24,"CC0-1.0","517138a58207dcb6206dc88fe2f8f141182849ba2f5f2b9bdec32cd11ef217f8"
"1.0","wc2014","wc2014_041","Bosnia and Herzegovina_Iran_2014-06-25","group","group_02","group","team_bih","team_irn",2014-06-25,2014-06-25,"date","wc2014__2014-06-25","Brazil",TRUE,"neutral",FALSE,FALSE,3,1,3,1,FALSE,FALSE,"team_bih","completed",TRUE,TRUE,"","martj42/international_results local results+goalscorers+shootouts snapshot",2014-06-25,"CC0-1.0","c045f3166c3aeae1d417d347c3bd53b490888023ce2b67044958b054c01e41b7"
"1.0","wc2014","wc2014_042","Ecuador_France_2014-06-25","group","group_07","group","team_ecu","team_fra",2014-06-25,2014-06-25,"date","wc2014__2014-06-25","Brazil",TRUE,"neutral",FALSE,FALSE,0,0,0,0,FALSE,FALSE,"","completed",TRUE,TRUE,"","martj42/international_results local results+goalscorers+shootouts snapshot",2014-06-25,"CC0-1.0","e3353deb672cbe796b886a07eb53c856bd5584a87ecf90d9a2f303bafc020c85"
"1.0","wc2014","wc2014_043","Honduras_Switzerland_2014-06-25","group","group_07","group","team_hon","team_sui",2014-06-25,2014-06-25,"date","wc2014__2014-06-25","Brazil",TRUE,"neutral",FALSE,FALSE,0,3,0,3,FALSE,FALSE,"team_sui","completed",TRUE,TRUE,"","martj42/international_results local results+goalscorers+shootouts snapshot",2014-06-25,"CC0-1.0","af9395086d11ef506cf905e5928c7e1863cf9beb39bc0d1ed0bb545414b6cd7d"
"1.0","wc2014","wc2014_044","Nigeria_Argentina_2014-06-25","group","group_02","group","team_nga","team_arg",2014-06-25,2014-06-25,"date","wc2014__2014-06-25","Brazil",TRUE,"neutral",FALSE,FALSE,2,3,2,3,FALSE,FALSE,"team_arg","completed",TRUE,TRUE,"","martj42/international_results local results+goalscorers+shootouts snapshot",2014-06-25,"CC0-1.0","5b06a26f251b117cddedfe6feff5d47f8843a19ffbe90723af0625cab1d86db1"
"1.0","wc2014","wc2014_045","Algeria_Russia_2014-06-26","group","group_01","group","team_alg","team_rus",2014-06-26,2014-06-26,"date","wc2014__2014-06-26","Brazil",TRUE,"neutral",FALSE,FALSE,1,1,1,1,FALSE,FALSE,"","completed",TRUE,TRUE,"","martj42/international_results local results+goalscorers+shootouts snapshot",2014-06-26,"CC0-1.0","f86a9a4293f1d9f041c01b318165a82442f333c2e1ff90b0966975b465d0a134"
"1.0","wc2014","wc2014_046","Korea Republic_Belgium_2014-06-26","group","group_01","group","team_kor","team_bel",2014-06-26,2014-06-26,"date","wc2014__2014-06-26","Brazil",TRUE,"neutral",FALSE,FALSE,0,1,0,1,FALSE,FALSE,"team_bel","completed",TRUE,TRUE,"","martj42/international_results local results+goalscorers+shootouts snapshot",2014-06-26,"CC0-1.0","e13b18a27cfa4d14a8b69e23102334e1af41b1c16aa648edf0ae10e63994633c"
"1.0","wc2014","wc2014_047","Portugal_Ghana_2014-06-26","group","group_08","group","team_por","team_gha",2014-06-26,2014-06-26,"date","wc2014__2014-06-26","Brazil",TRUE,"neutral",FALSE,FALSE,2,1,2,1,FALSE,FALSE,"team_por","completed",TRUE,TRUE,"","martj42/international_results local results+goalscorers+shootouts snapshot",2014-06-26,"CC0-1.0","6ee114015b697c1c8764d94a2a0b45bbacab446ebcb4fe77f3d9193457c77d54"
"1.0","wc2014","wc2014_048","United States_Germany_2014-06-26","group","group_08","group","team_usa","team_ger",2014-06-26,2014-06-26,"date","wc2014__2014-06-26","Brazil",TRUE,"neutral",FALSE,FALSE,0,1,0,1,FALSE,FALSE,"team_ger","completed",TRUE,TRUE,"","martj42/international_results local results+goalscorers+shootouts snapshot",2014-06-26,"CC0-1.0","966ada3387fcd58078e4ac32de6ac2fd6f6f351fe2c12eaf100fc646b7ab10b5"
"1.0","wc2014","wc2014_049","Brazil_Chile_2014-06-28","round_of_16","","round_of_16","team_bra","team_chi",2014-06-28,2014-06-28,"date","wc2014__2014-06-28","Brazil",FALSE,"home",TRUE,FALSE,1,1,1,1,TRUE,TRUE,"team_bra","completed",TRUE,TRUE,"","martj42/international_results local results+goalscorers+shootouts snapshot",2014-06-28,"CC0-1.0","01db9551296eb3c3caefffc13d552a400f43638bf8841bc041ae7cbb11e881d2"
"1.0","wc2014","wc2014_050","Colombia_Uruguay_2014-06-28","round_of_16","","round_of_16","team_col","team_uru",2014-06-28,2014-06-28,"date","wc2014__2014-06-28","Brazil",TRUE,"neutral",FALSE,FALSE,2,0,2,0,FALSE,FALSE,"team_col","completed",TRUE,TRUE,"","martj42/international_results local results+goalscorers+shootouts snapshot",2014-06-28,"CC0-1.0","3dc94632b91127ea86653f4bdaa2b8b28c83c4a7c162718b9cb0a8f10713b454"
"1.0","wc2014","wc2014_051","Costa Rica_Greece_2014-06-29","round_of_16","","round_of_16","team_crc","team_gre",2014-06-29,2014-06-29,"date","wc2014__2014-06-29","Brazil",TRUE,"neutral",FALSE,FALSE,1,1,1,1,TRUE,TRUE,"team_crc","completed",TRUE,TRUE,"","martj42/international_results local results+goalscorers+shootouts snapshot",2014-06-29,"CC0-1.0","eed5f7c5680cbf86f218da1c3282fbb3ee1aacc0f59890b5b536818ace4b451b"
"1.0","wc2014","wc2014_052","Netherlands_Mexico_2014-06-29","round_of_16","","round_of_16","team_ned","team_mex",2014-06-29,2014-06-29,"date","wc2014__2014-06-29","Brazil",TRUE,"neutral",FALSE,FALSE,2,1,2,1,FALSE,FALSE,"team_ned","completed",TRUE,TRUE,"","martj42/international_results local results+goalscorers+shootouts snapshot",2014-06-29,"CC0-1.0","7a89f43f9b398452072bef7a8600bdbbbde3cd4b5e4559682667b1a89f13b94c"
"1.0","wc2014","wc2014_053","France_Nigeria_2014-06-30","round_of_16","","round_of_16","team_fra","team_nga",2014-06-30,2014-06-30,"date","wc2014__2014-06-30","Brazil",TRUE,"neutral",FALSE,FALSE,2,0,2,0,FALSE,FALSE,"team_fra","completed",TRUE,TRUE,"","martj42/international_results local results+goalscorers+shootouts snapshot",2014-06-30,"CC0-1.0","def5ef244f1cf644e60b239f96a0b7f1a2fd7b00da84dec8f4ebe2f4380c3039"
"1.0","wc2014","wc2014_054","Germany_Algeria_2014-06-30","round_of_16","","round_of_16","team_ger","team_alg",2014-06-30,2014-06-30,"date","wc2014__2014-06-30","Brazil",TRUE,"neutral",FALSE,FALSE,0,0,2,1,TRUE,FALSE,"team_ger","completed",TRUE,TRUE,"","martj42/international_results local results+goalscorers+shootouts snapshot",2014-06-30,"CC0-1.0","05c1cd6c45a8b09b7fd7109b5bf1f2277352c78a608ba7c02fb62321a743b5bf"
"1.0","wc2014","wc2014_055","Argentina_Switzerland_2014-07-01","round_of_16","","round_of_16","team_arg","team_sui",2014-07-01,2014-07-01,"date","wc2014__2014-07-01","Brazil",TRUE,"neutral",FALSE,FALSE,0,0,1,0,TRUE,FALSE,"team_arg","completed",TRUE,TRUE,"","martj42/international_results local results+goalscorers+shootouts snapshot",2014-07-01,"CC0-1.0","f95badeeac04f6fd3fbbc0c040f65371e6976e2365e1acef4eeea59e3537d9b7"
"1.0","wc2014","wc2014_056","Belgium_United States_2014-07-01","round_of_16","","round_of_16","team_bel","team_usa",2014-07-01,2014-07-01,"date","wc2014__2014-07-01","Brazil",TRUE,"neutral",FALSE,FALSE,0,0,2,1,TRUE,FALSE,"team_bel","completed",TRUE,TRUE,"","martj42/international_results local results+goalscorers+shootouts snapshot",2014-07-01,"CC0-1.0","d754003fd41df1c0c6f6cb3995b49c145867d34e465ee5f368a6d969cf8fb41a"
"1.0","wc2014","wc2014_057","Brazil_Colombia_2014-07-04","quarterfinal","","quarterfinal","team_bra","team_col",2014-07-04,2014-07-04,"date","wc2014__2014-07-04","Brazil",FALSE,"home",TRUE,FALSE,2,1,2,1,FALSE,FALSE,"team_bra","completed",TRUE,TRUE,"","martj42/international_results local results+goalscorers+shootouts snapshot",2014-07-04,"CC0-1.0","ed7827357edfbd34ff3e90d9c637d855830683cdeec20f3c742b06ad9666d0b4"
"1.0","wc2014","wc2014_058","France_Germany_2014-07-04","quarterfinal","","quarterfinal","team_fra","team_ger",2014-07-04,2014-07-04,"date","wc2014__2014-07-04","Brazil",TRUE,"neutral",FALSE,FALSE,0,1,0,1,FALSE,FALSE,"team_ger","completed",TRUE,TRUE,"","martj42/international_results local results+goalscorers+shootouts snapshot",2014-07-04,"CC0-1.0","cff42d3460ceaf191df09c464de7e0c089e0180bc2746b2cc11b366d574c4df5"
"1.0","wc2014","wc2014_059","Argentina_Belgium_2014-07-05","quarterfinal","","quarterfinal","team_arg","team_bel",2014-07-05,2014-07-05,"date","wc2014__2014-07-05","Brazil",TRUE,"neutral",FALSE,FALSE,1,0,1,0,FALSE,FALSE,"team_arg","completed",TRUE,TRUE,"","martj42/international_results local results+goalscorers+shootouts snapshot",2014-07-05,"CC0-1.0","8eacebaa635c3f162f78fb9f0e2ce2e745b34f082dd0ea3138ed9a73459b3798"
"1.0","wc2014","wc2014_060","Netherlands_Costa Rica_2014-07-05","quarterfinal","","quarterfinal","team_ned","team_crc",2014-07-05,2014-07-05,"date","wc2014__2014-07-05","Brazil",TRUE,"neutral",FALSE,FALSE,0,0,0,0,TRUE,TRUE,"team_ned","completed",TRUE,TRUE,"","martj42/international_results local results+goalscorers+shootouts snapshot",2014-07-05,"CC0-1.0","e37f7546969a8872a56eb75e0ddc71d4a32063c36cfda7e72d0be11a6422f735"
"1.0","wc2014","wc2014_061","Brazil_Germany_2014-07-08","semifinal","","semifinal","team_bra","team_ger",2014-07-08,2014-07-08,"date","wc2014__2014-07-08","Brazil",FALSE,"home",TRUE,FALSE,1,7,1,7,FALSE,FALSE,"team_ger","completed",TRUE,TRUE,"","martj42/international_results local results+goalscorers+shootouts snapshot",2014-07-08,"CC0-1.0","900bccd1238bd5c5c346105d33b4802c40d5ac062894bb7fd8ac11e3c538d0ab"
"1.0","wc2014","wc2014_062","Netherlands_Argentina_2014-07-09","semifinal","","semifinal","team_ned","team_arg",2014-07-09,2014-07-09,"date","wc2014__2014-07-09","Brazil",TRUE,"neutral",FALSE,FALSE,0,0,0,0,TRUE,TRUE,"team_arg","completed",TRUE,TRUE,"","martj42/international_results local results+goalscorers+shootouts snapshot",2014-07-09,"CC0-1.0","36f26925f3ae0e81ae1a516c37c178544d2d69be1d619597bdd8d60b014db0e1"
"1.0","wc2014","wc2014_063","Brazil_Netherlands_2014-07-12","third_place","","third_place","team_bra","team_ned",2014-07-12,2014-07-12,"date","wc2014__2014-07-12","Brazil",FALSE,"home",TRUE,FALSE,0,3,0,3,FALSE,FALSE,"team_ned","completed",TRUE,TRUE,"","martj42/international_results local results+goalscorers+shootouts snapshot",2014-07-12,"CC0-1.0","d836a3c71de4231e0d709142e2c3d5a093f69cc66c380098816e8d14763778ee"
"1.0","wc2014","wc2014_064","Germany_Argentina_2014-07-13","final","","final","team_ger","team_arg",2014-07-13,2014-07-13,"date","wc2014__2014-07-13","Brazil",TRUE,"neutral",FALSE,FALSE,0,0,1,0,TRUE,FALSE,"team_ger","completed",TRUE,TRUE,"","martj42/international_results local results+goalscorers+shootouts snapshot",2014-07-13,"CC0-1.0","0877cce40d72f4eb71e9a1a2b6832b4fd8f4bb97b13759cf8dd2a2dc22fc33a2"
"1.0","wc2018","wc2018_001","Russia_Saudi Arabia_2018-06-14","group","group_06","group","team_rus","team_ksa",2018-06-14,2018-06-14,"date","wc2018__2018-06-14","Russia",FALSE,"home",TRUE,FALSE,5,0,5,0,FALSE,FALSE,"team_rus","completed",TRUE,TRUE,"","martj42/international_results local results+goalscorers+shootouts snapshot",2018-06-14,"CC0-1.0","1267989095ca882fefabe2dcb846618b8b7163acf367dca2d5f6c98139607531"
"1.0","wc2018","wc2018_002","Egypt_Uruguay_2018-06-15","group","group_06","group","team_egy","team_uru",2018-06-15,2018-06-15,"date","wc2018__2018-06-15","Russia",TRUE,"neutral",FALSE,FALSE,0,1,0,1,FALSE,FALSE,"team_uru","completed",TRUE,TRUE,"","martj42/international_results local results+goalscorers+shootouts snapshot",2018-06-15,"CC0-1.0","0849ab850d7527ef21cfe22b64d9476c14157f1f36e618999c33b22597ab0865"
"1.0","wc2018","wc2018_003","Morocco_Iran_2018-06-15","group","group_08","group","team_mar","team_irn",2018-06-15,2018-06-15,"date","wc2018__2018-06-15","Russia",TRUE,"neutral",FALSE,FALSE,0,1,0,1,FALSE,FALSE,"team_irn","completed",TRUE,TRUE,"","martj42/international_results local results+goalscorers+shootouts snapshot",2018-06-15,"CC0-1.0","f7737c312ddfee4de7bfc4f74a184db66241f138c64c05ede26189b1327b47dc"
"1.0","wc2018","wc2018_004","Portugal_Spain_2018-06-15","group","group_08","group","team_por","team_esp",2018-06-15,2018-06-15,"date","wc2018__2018-06-15","Russia",TRUE,"neutral",FALSE,FALSE,3,3,3,3,FALSE,FALSE,"","completed",TRUE,TRUE,"","martj42/international_results local results+goalscorers+shootouts snapshot",2018-06-15,"CC0-1.0","2c97c0ecfd9fed85f1321ca1994843dff68f1d27f4c64a487c01957ce4208944"
"1.0","wc2018","wc2018_005","France_Australia_2018-06-16","group","group_02","group","team_fra","team_aus",2018-06-16,2018-06-16,"date","wc2018__2018-06-16","Russia",TRUE,"neutral",FALSE,FALSE,2,1,2,1,FALSE,FALSE,"team_fra","completed",TRUE,TRUE,"","martj42/international_results local results+goalscorers+shootouts snapshot",2018-06-16,"CC0-1.0","7ceaf5778cb183f1690f27997d33db7658c0776175f30ba23bded8f0d4fd4dac"
"1.0","wc2018","wc2018_006","Argentina_Iceland_2018-06-16","group","group_01","group","team_arg","team_isl",2018-06-16,2018-06-16,"date","wc2018__2018-06-16","Russia",TRUE,"neutral",FALSE,FALSE,1,1,1,1,FALSE,FALSE,"","completed",TRUE,TRUE,"","martj42/international_results local results+goalscorers+shootouts snapshot",2018-06-16,"CC0-1.0","097c2c95a28d37a64e1e13e0d7d4f95ea50823e2079cde3d557745eda547f250"
"1.0","wc2018","wc2018_007","Peru_Denmark_2018-06-16","group","group_02","group","team_per","team_den",2018-06-16,2018-06-16,"date","wc2018__2018-06-16","Russia",TRUE,"neutral",FALSE,FALSE,0,1,0,1,FALSE,FALSE,"team_den","completed",TRUE,TRUE,"","martj42/international_results local results+goalscorers+shootouts snapshot",2018-06-16,"CC0-1.0","4d75b52b81e7299b05bee4af37cfb770060ca9ddf9a8789f5a95c0dc0cd222b4"
"1.0","wc2018","wc2018_008","Croatia_Nigeria_2018-06-16","group","group_01","group","team_cro","team_nga",2018-06-16,2018-06-16,"date","wc2018__2018-06-16","Russia",TRUE,"neutral",FALSE,FALSE,2,0,2,0,FALSE,FALSE,"team_cro","completed",TRUE,TRUE,"","martj42/international_results local results+goalscorers+shootouts snapshot",2018-06-16,"CC0-1.0","bf3f603aaf9baf906c5761ea0e9b650b529f628c8dc19575fa8dd7c24c5c950b"
"1.0","wc2018","wc2018_009","Costa Rica_Serbia_2018-06-17","group","group_04","group","team_crc","team_srb",2018-06-17,2018-06-17,"date","wc2018__2018-06-17","Russia",TRUE,"neutral",FALSE,FALSE,0,1,0,1,FALSE,FALSE,"team_srb","completed",TRUE,TRUE,"","martj42/international_results local results+goalscorers+shootouts snapshot",2018-06-17,"CC0-1.0","988d4050eaafafd98470a4bd074c6bf1076900a81c9b161102ff9b80fb50a48d"
"1.0","wc2018","wc2018_010","Germany_Mexico_2018-06-17","group","group_07","group","team_ger","team_mex",2018-06-17,2018-06-17,"date","wc2018__2018-06-17","Russia",TRUE,"neutral",FALSE,FALSE,0,1,0,1,FALSE,FALSE,"team_mex","completed",TRUE,TRUE,"","martj42/international_results local results+goalscorers+shootouts snapshot",2018-06-17,"CC0-1.0","db0734bd481360cae63f71b1c6410710aa0141f2748f69b42e57252b065b99cc"
"1.0","wc2018","wc2018_011","Brazil_Switzerland_2018-06-17","group","group_04","group","team_bra","team_sui",2018-06-17,2018-06-17,"date","wc2018__2018-06-17","Russia",TRUE,"neutral",FALSE,FALSE,1,1,1,1,FALSE,FALSE,"","completed",TRUE,TRUE,"","martj42/international_results local results+goalscorers+shootouts snapshot",2018-06-17,"CC0-1.0","a2f16dcffb5714c42e49abf174f106f4ca53e4bcbc6f65e27e156682ce65e777"
"1.0","wc2018","wc2018_012","Sweden_Korea Republic_2018-06-18","group","group_07","group","team_swe","team_kor",2018-06-18,2018-06-18,"date","wc2018__2018-06-18","Russia",TRUE,"neutral",FALSE,FALSE,1,0,1,0,FALSE,FALSE,"team_swe","completed",TRUE,TRUE,"","martj42/international_results local results+goalscorers+shootouts snapshot",2018-06-18,"CC0-1.0","b398006fc0628cd042c0efa6a02d4493ffe7c9af98ae1e2bffb806e91ffd737f"
"1.0","wc2018","wc2018_013","Belgium_Panama_2018-06-18","group","group_03","group","team_bel","team_pan",2018-06-18,2018-06-18,"date","wc2018__2018-06-18","Russia",TRUE,"neutral",FALSE,FALSE,3,0,3,0,FALSE,FALSE,"team_bel","completed",TRUE,TRUE,"","martj42/international_results local results+goalscorers+shootouts snapshot",2018-06-18,"CC0-1.0","410021b90f3becef407c3985e5b789b18acb133c6e9384e262ede22ff3544006"
"1.0","wc2018","wc2018_014","Tunisia_England_2018-06-18","group","group_03","group","team_tun","team_eng",2018-06-18,2018-06-18,"date","wc2018__2018-06-18","Russia",TRUE,"neutral",FALSE,FALSE,1,2,1,2,FALSE,FALSE,"team_eng","completed",TRUE,TRUE,"","martj42/international_results local results+goalscorers+shootouts snapshot",2018-06-18,"CC0-1.0","4403483eebaef33fce8b4fce3cd3ae1f804dcc3125801a87ad0f5416dc1a66ef"
"1.0","wc2018","wc2018_015","Colombia_Japan_2018-06-19","group","group_05","group","team_col","team_jpn",2018-06-19,2018-06-19,"date","wc2018__2018-06-19","Russia",TRUE,"neutral",FALSE,FALSE,1,2,1,2,FALSE,FALSE,"team_jpn","completed",TRUE,TRUE,"","martj42/international_results local results+goalscorers+shootouts snapshot",2018-06-19,"CC0-1.0","4f707e63e09aeb26be9bfff9b4bc241fbcaed135b6041acd2c9b62e7ca3ba883"
"1.0","wc2018","wc2018_016","Poland_Senegal_2018-06-19","group","group_05","group","team_pol","team_sen",2018-06-19,2018-06-19,"date","wc2018__2018-06-19","Russia",TRUE,"neutral",FALSE,FALSE,1,2,1,2,FALSE,FALSE,"team_sen","completed",TRUE,TRUE,"","martj42/international_results local results+goalscorers+shootouts snapshot",2018-06-19,"CC0-1.0","d708f057c946debde100fec0b6e966bca0161563678f71be08b245c4476c1c36"
"1.0","wc2018","wc2018_017","Russia_Egypt_2018-06-19","group","group_06","group","team_rus","team_egy",2018-06-19,2018-06-19,"date","wc2018__2018-06-19","Russia",FALSE,"home",TRUE,FALSE,3,1,3,1,FALSE,FALSE,"team_rus","completed",TRUE,TRUE,"","martj42/international_results local results+goalscorers+shootouts snapshot",2018-06-19,"CC0-1.0","b39bc186df87890c5a54b13337b2d643ff282458b139c041970ee9eaa2b27e9f"
"1.0","wc2018","wc2018_018","Portugal_Morocco_2018-06-20","group","group_08","group","team_por","team_mar",2018-06-20,2018-06-20,"date","wc2018__2018-06-20","Russia",TRUE,"neutral",FALSE,FALSE,1,0,1,0,FALSE,FALSE,"team_por","completed",TRUE,TRUE,"","martj42/international_results local results+goalscorers+shootouts snapshot",2018-06-20,"CC0-1.0","d0664ab85092aa566d94fd2261c95bdea685d8e8099aac7cfd6d719feaa332e1"
"1.0","wc2018","wc2018_019","Uruguay_Saudi Arabia_2018-06-20","group","group_06","group","team_uru","team_ksa",2018-06-20,2018-06-20,"date","wc2018__2018-06-20","Russia",TRUE,"neutral",FALSE,FALSE,1,0,1,0,FALSE,FALSE,"team_uru","completed",TRUE,TRUE,"","martj42/international_results local results+goalscorers+shootouts snapshot",2018-06-20,"CC0-1.0","6940757aa610e49ca8e6547ae92374302548e1a2e0391db18d496656a3d7504d"
"1.0","wc2018","wc2018_020","Iran_Spain_2018-06-20","group","group_08","group","team_irn","team_esp",2018-06-20,2018-06-20,"date","wc2018__2018-06-20","Russia",TRUE,"neutral",FALSE,FALSE,0,1,0,1,FALSE,FALSE,"team_esp","completed",TRUE,TRUE,"","martj42/international_results local results+goalscorers+shootouts snapshot",2018-06-20,"CC0-1.0","00cf197e3699a86009c5cffb745171dfe4bfc889b47bc2f0ab9e3785fc9c3405"
"1.0","wc2018","wc2018_021","Denmark_Australia_2018-06-21","group","group_02","group","team_den","team_aus",2018-06-21,2018-06-21,"date","wc2018__2018-06-21","Russia",TRUE,"neutral",FALSE,FALSE,1,1,1,1,FALSE,FALSE,"","completed",TRUE,TRUE,"","martj42/international_results local results+goalscorers+shootouts snapshot",2018-06-21,"CC0-1.0","cc578ee4b2b7c12b6d626c1d34dfa6a61025a61e60ab70e7ee3a7c32625a9fb5"
"1.0","wc2018","wc2018_022","France_Peru_2018-06-21","group","group_02","group","team_fra","team_per",2018-06-21,2018-06-21,"date","wc2018__2018-06-21","Russia",TRUE,"neutral",FALSE,FALSE,1,0,1,0,FALSE,FALSE,"team_fra","completed",TRUE,TRUE,"","martj42/international_results local results+goalscorers+shootouts snapshot",2018-06-21,"CC0-1.0","78d49a3693ee27444d5a556e2631abbb10d5896443d6057374e9ce55d87e77e0"
"1.0","wc2018","wc2018_023","Argentina_Croatia_2018-06-21","group","group_01","group","team_arg","team_cro",2018-06-21,2018-06-21,"date","wc2018__2018-06-21","Russia",TRUE,"neutral",FALSE,FALSE,0,3,0,3,FALSE,FALSE,"team_cro","completed",TRUE,TRUE,"","martj42/international_results local results+goalscorers+shootouts snapshot",2018-06-21,"CC0-1.0","4d9e1d5b439736eb1a40d7ec043cbdba94671ae190d66b4f97e43efc3d031b5b"
"1.0","wc2018","wc2018_024","Brazil_Costa Rica_2018-06-22","group","group_04","group","team_bra","team_crc",2018-06-22,2018-06-22,"date","wc2018__2018-06-22","Russia",TRUE,"neutral",FALSE,FALSE,2,0,2,0,FALSE,FALSE,"team_bra","completed",TRUE,TRUE,"","martj42/international_results local results+goalscorers+shootouts snapshot",2018-06-22,"CC0-1.0","27d1a0af779e41cc1d6ec28b77907dd807be9b6f0887b15ade4ffeea3b8a8868"
"1.0","wc2018","wc2018_025","Nigeria_Iceland_2018-06-22","group","group_01","group","team_nga","team_isl",2018-06-22,2018-06-22,"date","wc2018__2018-06-22","Russia",TRUE,"neutral",FALSE,FALSE,2,0,2,0,FALSE,FALSE,"team_nga","completed",TRUE,TRUE,"","martj42/international_results local results+goalscorers+shootouts snapshot",2018-06-22,"CC0-1.0","d1245beab27a3759468405e4dcc9fc3167b12a1caa6f7e2b2a6a3b5d6cf97748"
"1.0","wc2018","wc2018_026","Serbia_Switzerland_2018-06-22","group","group_04","group","team_srb","team_sui",2018-06-22,2018-06-22,"date","wc2018__2018-06-22","Russia",TRUE,"neutral",FALSE,FALSE,1,2,1,2,FALSE,FALSE,"team_sui","completed",TRUE,TRUE,"","martj42/international_results local results+goalscorers+shootouts snapshot",2018-06-22,"CC0-1.0","58fc291dccb6a3aa8f87482e2a46e92c4e908a6c0fc97c36a0c0b844c6446434"
"1.0","wc2018","wc2018_027","Belgium_Tunisia_2018-06-23","group","group_03","group","team_bel","team_tun",2018-06-23,2018-06-23,"date","wc2018__2018-06-23","Russia",TRUE,"neutral",FALSE,FALSE,5,2,5,2,FALSE,FALSE,"team_bel","completed",TRUE,TRUE,"","martj42/international_results local results+goalscorers+shootouts snapshot",2018-06-23,"CC0-1.0","09aa1c012d1e18eb8d28587e6e37f9c41e8c16a6ba3d2b5365382d121719540e"
"1.0","wc2018","wc2018_028","Korea Republic_Mexico_2018-06-23","group","group_07","group","team_kor","team_mex",2018-06-23,2018-06-23,"date","wc2018__2018-06-23","Russia",TRUE,"neutral",FALSE,FALSE,1,2,1,2,FALSE,FALSE,"team_mex","completed",TRUE,TRUE,"","martj42/international_results local results+goalscorers+shootouts snapshot",2018-06-23,"CC0-1.0","486c126d11581ab61cb1eeb42b65d89431849289acb97b07b73f98c0eca426d2"
"1.0","wc2018","wc2018_029","Germany_Sweden_2018-06-23","group","group_07","group","team_ger","team_swe",2018-06-23,2018-06-23,"date","wc2018__2018-06-23","Russia",TRUE,"neutral",FALSE,FALSE,2,1,2,1,FALSE,FALSE,"team_ger","completed",TRUE,TRUE,"","martj42/international_results local results+goalscorers+shootouts snapshot",2018-06-23,"CC0-1.0","cea4b38460d99390917d89ca5371b748262c5d432e931141860f27ec5b65f865"
"1.0","wc2018","wc2018_030","England_Panama_2018-06-24","group","group_03","group","team_eng","team_pan",2018-06-24,2018-06-24,"date","wc2018__2018-06-24","Russia",TRUE,"neutral",FALSE,FALSE,6,1,6,1,FALSE,FALSE,"team_eng","completed",TRUE,TRUE,"","martj42/international_results local results+goalscorers+shootouts snapshot",2018-06-24,"CC0-1.0","4cfb1d4a55d2762e60bfef2e00d1699508fe1db73b34aeebc1dce8acecc5d37d"
"1.0","wc2018","wc2018_031","Japan_Senegal_2018-06-24","group","group_05","group","team_jpn","team_sen",2018-06-24,2018-06-24,"date","wc2018__2018-06-24","Russia",TRUE,"neutral",FALSE,FALSE,2,2,2,2,FALSE,FALSE,"","completed",TRUE,TRUE,"","martj42/international_results local results+goalscorers+shootouts snapshot",2018-06-24,"CC0-1.0","59844638420228501555515dfdc7ad496e73b19ebdd0095b31267f30a391d712"
"1.0","wc2018","wc2018_032","Poland_Colombia_2018-06-24","group","group_05","group","team_pol","team_col",2018-06-24,2018-06-24,"date","wc2018__2018-06-24","Russia",TRUE,"neutral",FALSE,FALSE,0,3,0,3,FALSE,FALSE,"team_col","completed",TRUE,TRUE,"","martj42/international_results local results+goalscorers+shootouts snapshot",2018-06-24,"CC0-1.0","3c78fb706a140eb9632d7ec4ee73bc4f6407d57dd674751b78880ce34d74c928"
"1.0","wc2018","wc2018_033","Russia_Uruguay_2018-06-25","group","group_06","group","team_rus","team_uru",2018-06-25,2018-06-25,"date","wc2018__2018-06-25","Russia",FALSE,"home",TRUE,FALSE,0,3,0,3,FALSE,FALSE,"team_uru","completed",TRUE,TRUE,"","martj42/international_results local results+goalscorers+shootouts snapshot",2018-06-25,"CC0-1.0","01457c7d1e728de23a1152312568b047a625b8ee0d8bbb336242435c05fcc126"
"1.0","wc2018","wc2018_034","Saudi Arabia_Egypt_2018-06-25","group","group_06","group","team_ksa","team_egy",2018-06-25,2018-06-25,"date","wc2018__2018-06-25","Russia",TRUE,"neutral",FALSE,FALSE,2,1,2,1,FALSE,FALSE,"team_ksa","completed",TRUE,TRUE,"","martj42/international_results local results+goalscorers+shootouts snapshot",2018-06-25,"CC0-1.0","e9b84f3ce7d4577abb7316db6dde2f4bb4d630e6974ec0fff09719eb1ae42cf6"
"1.0","wc2018","wc2018_035","Spain_Morocco_2018-06-25","group","group_08","group","team_esp","team_mar",2018-06-25,2018-06-25,"date","wc2018__2018-06-25","Russia",TRUE,"neutral",FALSE,FALSE,2,2,2,2,FALSE,FALSE,"","completed",TRUE,TRUE,"","martj42/international_results local results+goalscorers+shootouts snapshot",2018-06-25,"CC0-1.0","65ab3e4f945265660b65200c6edb2186ec0dbc64bd0b51214a10199fd18cfbfc"
"1.0","wc2018","wc2018_036","Iran_Portugal_2018-06-25","group","group_08","group","team_irn","team_por",2018-06-25,2018-06-25,"date","wc2018__2018-06-25","Russia",TRUE,"neutral",FALSE,FALSE,1,1,1,1,FALSE,FALSE,"","completed",TRUE,TRUE,"","martj42/international_results local results+goalscorers+shootouts snapshot",2018-06-25,"CC0-1.0","41be6b8498f15e32799727145869112c9ebb57eb76daada09161920a9387793b"
"1.0","wc2018","wc2018_037","Australia_Peru_2018-06-26","group","group_02","group","team_aus","team_per",2018-06-26,2018-06-26,"date","wc2018__2018-06-26","Russia",TRUE,"neutral",FALSE,FALSE,0,2,0,2,FALSE,FALSE,"team_per","completed",TRUE,TRUE,"","martj42/international_results local results+goalscorers+shootouts snapshot",2018-06-26,"CC0-1.0","dd58db572794f3a602c99549474a5f4ecb9ea86e4a9deafd88c8a60b68e35353"
"1.0","wc2018","wc2018_038","Denmark_France_2018-06-26","group","group_02","group","team_den","team_fra",2018-06-26,2018-06-26,"date","wc2018__2018-06-26","Russia",TRUE,"neutral",FALSE,FALSE,0,0,0,0,FALSE,FALSE,"","completed",TRUE,TRUE,"","martj42/international_results local results+goalscorers+shootouts snapshot",2018-06-26,"CC0-1.0","e01fecb59606895e483d1728eecc878b8b37f46e6fcf6348cec402af71be063c"
"1.0","wc2018","wc2018_039","Nigeria_Argentina_2018-06-26","group","group_01","group","team_nga","team_arg",2018-06-26,2018-06-26,"date","wc2018__2018-06-26","Russia",TRUE,"neutral",FALSE,FALSE,1,2,1,2,FALSE,FALSE,"team_arg","completed",TRUE,TRUE,"","martj42/international_results local results+goalscorers+shootouts snapshot",2018-06-26,"CC0-1.0","27a3028a1fc28a473283376bd3950077b66ee177b2a4250239a0429613ccb16e"
"1.0","wc2018","wc2018_040","Iceland_Croatia_2018-06-26","group","group_01","group","team_isl","team_cro",2018-06-26,2018-06-26,"date","wc2018__2018-06-26","Russia",TRUE,"neutral",FALSE,FALSE,1,2,1,2,FALSE,FALSE,"team_cro","completed",TRUE,TRUE,"","martj42/international_results local results+goalscorers+shootouts snapshot",2018-06-26,"CC0-1.0","0b70a227467cc3c8ba8756da420c2472d90bdf79cc2785ae640ade5a1b75d292"
"1.0","wc2018","wc2018_041","Korea Republic_Germany_2018-06-27","group","group_07","group","team_kor","team_ger",2018-06-27,2018-06-27,"date","wc2018__2018-06-27","Russia",TRUE,"neutral",FALSE,FALSE,2,0,2,0,FALSE,FALSE,"team_kor","completed",TRUE,TRUE,"","martj42/international_results local results+goalscorers+shootouts snapshot",2018-06-27,"CC0-1.0","d7561e6bdeabb509219d29eeeb0183575bc048d14cbd1a46336034ffd35dd6a0"
"1.0","wc2018","wc2018_042","Mexico_Sweden_2018-06-27","group","group_07","group","team_mex","team_swe",2018-06-27,2018-06-27,"date","wc2018__2018-06-27","Russia",TRUE,"neutral",FALSE,FALSE,0,3,0,3,FALSE,FALSE,"team_swe","completed",TRUE,TRUE,"","martj42/international_results local results+goalscorers+shootouts snapshot",2018-06-27,"CC0-1.0","4fe6da1f4e21f44aed58e6ac9bd98ec577e40fa165f269f5af1e9cb4fc16e27a"
"1.0","wc2018","wc2018_043","Serbia_Brazil_2018-06-27","group","group_04","group","team_srb","team_bra",2018-06-27,2018-06-27,"date","wc2018__2018-06-27","Russia",TRUE,"neutral",FALSE,FALSE,0,2,0,2,FALSE,FALSE,"team_bra","completed",TRUE,TRUE,"","martj42/international_results local results+goalscorers+shootouts snapshot",2018-06-27,"CC0-1.0","e202ef23585eacf8d9b022339e6dff5293b90a6c08cc55394225192189c1a9c3"
"1.0","wc2018","wc2018_044","Switzerland_Costa Rica_2018-06-27","group","group_04","group","team_sui","team_crc",2018-06-27,2018-06-27,"date","wc2018__2018-06-27","Russia",TRUE,"neutral",FALSE,FALSE,2,2,2,2,FALSE,FALSE,"","completed",TRUE,TRUE,"","martj42/international_results local results+goalscorers+shootouts snapshot",2018-06-27,"CC0-1.0","87b11995ba37ad8c002cccbca23b6865cf50b57916a3b5eb5454085f65bf51e6"
"1.0","wc2018","wc2018_045","Japan_Poland_2018-06-28","group","group_05","group","team_jpn","team_pol",2018-06-28,2018-06-28,"date","wc2018__2018-06-28","Russia",TRUE,"neutral",FALSE,FALSE,0,1,0,1,FALSE,FALSE,"team_pol","completed",TRUE,TRUE,"","martj42/international_results local results+goalscorers+shootouts snapshot",2018-06-28,"CC0-1.0","bac5edbd701d713a7854d17a5d78617594368acff89a4287856ab05f9c43ec51"
"1.0","wc2018","wc2018_046","Senegal_Colombia_2018-06-28","group","group_05","group","team_sen","team_col",2018-06-28,2018-06-28,"date","wc2018__2018-06-28","Russia",TRUE,"neutral",FALSE,FALSE,0,1,0,1,FALSE,FALSE,"team_col","completed",TRUE,TRUE,"","martj42/international_results local results+goalscorers+shootouts snapshot",2018-06-28,"CC0-1.0","71f2ddd6dd4a65b3a31645623e76fefd4acd0d56dfaeddddf313effe18b2561b"
"1.0","wc2018","wc2018_047","Panama_Tunisia_2018-06-28","group","group_03","group","team_pan","team_tun",2018-06-28,2018-06-28,"date","wc2018__2018-06-28","Russia",TRUE,"neutral",FALSE,FALSE,1,2,1,2,FALSE,FALSE,"team_tun","completed",TRUE,TRUE,"","martj42/international_results local results+goalscorers+shootouts snapshot",2018-06-28,"CC0-1.0","6ffc3b3a655766381281edeedba2e63aa6b3d00912bd6d5ad3d32cd7fb860d7d"
"1.0","wc2018","wc2018_048","England_Belgium_2018-06-28","group","group_03","group","team_eng","team_bel",2018-06-28,2018-06-28,"date","wc2018__2018-06-28","Russia",TRUE,"neutral",FALSE,FALSE,0,1,0,1,FALSE,FALSE,"team_bel","completed",TRUE,TRUE,"","martj42/international_results local results+goalscorers+shootouts snapshot",2018-06-28,"CC0-1.0","f72b5d1962347b98115fe65a3c5cca23a772a52c778e616c74cd84f497d812cf"
"1.0","wc2018","wc2018_049","France_Argentina_2018-06-30","round_of_16","","round_of_16","team_fra","team_arg",2018-06-30,2018-06-30,"date","wc2018__2018-06-30","Russia",TRUE,"neutral",FALSE,FALSE,4,3,4,3,FALSE,FALSE,"team_fra","completed",TRUE,TRUE,"","martj42/international_results local results+goalscorers+shootouts snapshot",2018-06-30,"CC0-1.0","d9949b5d1b2f58a9926c89e776b77c2014678fc2db44569b873cb478e8264e81"
"1.0","wc2018","wc2018_050","Uruguay_Portugal_2018-06-30","round_of_16","","round_of_16","team_uru","team_por",2018-06-30,2018-06-30,"date","wc2018__2018-06-30","Russia",TRUE,"neutral",FALSE,FALSE,2,1,2,1,FALSE,FALSE,"team_uru","completed",TRUE,TRUE,"","martj42/international_results local results+goalscorers+shootouts snapshot",2018-06-30,"CC0-1.0","bf9f954c97956eb5acae769bb1fdc856d0e3e9e4564f3a3fe1f24babb1b5034e"
"1.0","wc2018","wc2018_051","Russia_Spain_2018-07-01","round_of_16","","round_of_16","team_rus","team_esp",2018-07-01,2018-07-01,"date","wc2018__2018-07-01","Russia",FALSE,"home",TRUE,FALSE,1,1,1,1,TRUE,TRUE,"team_rus","completed",TRUE,TRUE,"","martj42/international_results local results+goalscorers+shootouts snapshot",2018-07-01,"CC0-1.0","1828fa3ae71b32f51eb115cd250ab7f5926372bd6b93f54400b73b4540f707b4"
"1.0","wc2018","wc2018_052","Croatia_Denmark_2018-07-01","round_of_16","","round_of_16","team_cro","team_den",2018-07-01,2018-07-01,"date","wc2018__2018-07-01","Russia",TRUE,"neutral",FALSE,FALSE,1,1,1,1,TRUE,TRUE,"team_cro","completed",TRUE,TRUE,"","martj42/international_results local results+goalscorers+shootouts snapshot",2018-07-01,"CC0-1.0","8c3bd88619e87ccb8c7559efeb248758e712847d437b5b4c850d00f1f61d493c"
"1.0","wc2018","wc2018_053","Brazil_Mexico_2018-07-02","round_of_16","","round_of_16","team_bra","team_mex",2018-07-02,2018-07-02,"date","wc2018__2018-07-02","Russia",TRUE,"neutral",FALSE,FALSE,2,0,2,0,FALSE,FALSE,"team_bra","completed",TRUE,TRUE,"","martj42/international_results local results+goalscorers+shootouts snapshot",2018-07-02,"CC0-1.0","96f12e6699e35c0391e2a5c31c95dd09d122ed7d231663cb2d6ad840823109d6"
"1.0","wc2018","wc2018_054","Belgium_Japan_2018-07-02","round_of_16","","round_of_16","team_bel","team_jpn",2018-07-02,2018-07-02,"date","wc2018__2018-07-02","Russia",TRUE,"neutral",FALSE,FALSE,3,2,3,2,FALSE,FALSE,"team_bel","completed",TRUE,TRUE,"","martj42/international_results local results+goalscorers+shootouts snapshot",2018-07-02,"CC0-1.0","0d4e2010cd07a17698ce3889789b37fb41d116fd7680792a6d9ef0965ed068df"
"1.0","wc2018","wc2018_055","Sweden_Switzerland_2018-07-03","round_of_16","","round_of_16","team_swe","team_sui",2018-07-03,2018-07-03,"date","wc2018__2018-07-03","Russia",TRUE,"neutral",FALSE,FALSE,1,0,1,0,FALSE,FALSE,"team_swe","completed",TRUE,TRUE,"","martj42/international_results local results+goalscorers+shootouts snapshot",2018-07-03,"CC0-1.0","aae38821d1fbca3d56cc04450af3269220900c3cf055e4847483f19c2d0806b4"
"1.0","wc2018","wc2018_056","Colombia_England_2018-07-03","round_of_16","","round_of_16","team_col","team_eng",2018-07-03,2018-07-03,"date","wc2018__2018-07-03","Russia",TRUE,"neutral",FALSE,FALSE,1,1,1,1,TRUE,TRUE,"team_eng","completed",TRUE,TRUE,"","martj42/international_results local results+goalscorers+shootouts snapshot",2018-07-03,"CC0-1.0","370a9f2560cbac81fcbde532773ba6387a8f2a787b2ae75d2bcac2dde2b3fcdc"
"1.0","wc2018","wc2018_057","Uruguay_France_2018-07-06","quarterfinal","","quarterfinal","team_uru","team_fra",2018-07-06,2018-07-06,"date","wc2018__2018-07-06","Russia",TRUE,"neutral",FALSE,FALSE,0,2,0,2,FALSE,FALSE,"team_fra","completed",TRUE,TRUE,"","martj42/international_results local results+goalscorers+shootouts snapshot",2018-07-06,"CC0-1.0","48b7aebf70fec051449f1f6c5558aed38da869a25a441d5eb71892af25a856a6"
"1.0","wc2018","wc2018_058","Brazil_Belgium_2018-07-06","quarterfinal","","quarterfinal","team_bra","team_bel",2018-07-06,2018-07-06,"date","wc2018__2018-07-06","Russia",TRUE,"neutral",FALSE,FALSE,1,2,1,2,FALSE,FALSE,"team_bel","completed",TRUE,TRUE,"","martj42/international_results local results+goalscorers+shootouts snapshot",2018-07-06,"CC0-1.0","6634735b31e6a02f188ef9c3072bf3da1b2f56870a159a03cc96bb08212575c6"
"1.0","wc2018","wc2018_059","Sweden_England_2018-07-07","quarterfinal","","quarterfinal","team_swe","team_eng",2018-07-07,2018-07-07,"date","wc2018__2018-07-07","Russia",TRUE,"neutral",FALSE,FALSE,0,2,0,2,FALSE,FALSE,"team_eng","completed",TRUE,TRUE,"","martj42/international_results local results+goalscorers+shootouts snapshot",2018-07-07,"CC0-1.0","6f6b44d0a55a8eb0a4a46bec7a482dc173c18a199607b94b7d0db69f0648c592"
"1.0","wc2018","wc2018_060","Russia_Croatia_2018-07-07","quarterfinal","","quarterfinal","team_rus","team_cro",2018-07-07,2018-07-07,"date","wc2018__2018-07-07","Russia",FALSE,"home",TRUE,FALSE,1,1,2,2,TRUE,TRUE,"team_cro","completed",TRUE,TRUE,"","martj42/international_results local results+goalscorers+shootouts snapshot",2018-07-07,"CC0-1.0","46fbe66b3b6013d44761fbd453f8efee50f550731c56443cd377025d7def1a9b"
"1.0","wc2018","wc2018_061","France_Belgium_2018-07-10","semifinal","","semifinal","team_fra","team_bel",2018-07-10,2018-07-10,"date","wc2018__2018-07-10","Russia",TRUE,"neutral",FALSE,FALSE,1,0,1,0,FALSE,FALSE,"team_fra","completed",TRUE,TRUE,"","martj42/international_results local results+goalscorers+shootouts snapshot",2018-07-10,"CC0-1.0","218f3acac03e78e8321e87572728296711361e5b603b44f64a6f8fd7e62523e5"
"1.0","wc2018","wc2018_062","Croatia_England_2018-07-11","semifinal","","semifinal","team_cro","team_eng",2018-07-11,2018-07-11,"date","wc2018__2018-07-11","Russia",TRUE,"neutral",FALSE,FALSE,1,1,2,1,TRUE,FALSE,"team_cro","completed",TRUE,TRUE,"","martj42/international_results local results+goalscorers+shootouts snapshot",2018-07-11,"CC0-1.0","5ec9b5a60c1679c073c62830480662038d74d0f3d38845ba37e5b5260587920b"
"1.0","wc2018","wc2018_063","Belgium_England_2018-07-14","third_place","","third_place","team_bel","team_eng",2018-07-14,2018-07-14,"date","wc2018__2018-07-14","Russia",TRUE,"neutral",FALSE,FALSE,2,0,2,0,FALSE,FALSE,"team_bel","completed",TRUE,TRUE,"","martj42/international_results local results+goalscorers+shootouts snapshot",2018-07-14,"CC0-1.0","2aa6c98c750c86cc980a7cb1632897378d4d29e8b9cf1896101af738d86e9769"
"1.0","wc2018","wc2018_064","France_Croatia_2018-07-15","final","","final","team_fra","team_cro",2018-07-15,2018-07-15,"date","wc2018__2018-07-15","Russia",TRUE,"neutral",FALSE,FALSE,4,2,4,2,FALSE,FALSE,"team_fra","completed",TRUE,TRUE,"","martj42/international_results local results+goalscorers+shootouts snapshot",2018-07-15,"CC0-1.0","0f9ce193ee220d993f8da26b3dc419b506b078d9f74c63b73194f9bbb0142a1b"
"1.0","wc2022","wc2022_001","Qatar_Ecuador_2022-11-20","group","group_06","group","team_qat","team_ecu",2022-11-20,2022-11-20,"date","wc2022__2022-11-20","Qatar",FALSE,"home",TRUE,FALSE,0,2,0,2,FALSE,FALSE,"team_ecu","completed",TRUE,TRUE,"","martj42/international_results local results+goalscorers+shootouts snapshot",2022-11-20,"CC0-1.0","e2cb7426cdecdcd7868798c7c24140d3fb54c0b999b1669a1a31a2e4b8b65c21"
"1.0","wc2022","wc2022_002","Senegal_Netherlands_2022-11-21","group","group_06","group","team_sen","team_ned",2022-11-21,2022-11-21,"date","wc2022__2022-11-21","Qatar",TRUE,"neutral",FALSE,FALSE,0,2,0,2,FALSE,FALSE,"team_ned","completed",TRUE,TRUE,"","martj42/international_results local results+goalscorers+shootouts snapshot",2022-11-21,"CC0-1.0","f3e38212af4d10dc961b5c2def693fbb1ddba1e015d890c981c5f6d2e62785b0"
"1.0","wc2022","wc2022_003","England_Iran_2022-11-21","group","group_07","group","team_eng","team_irn",2022-11-21,2022-11-21,"date","wc2022__2022-11-21","Qatar",TRUE,"neutral",FALSE,FALSE,6,2,6,2,FALSE,FALSE,"team_eng","completed",TRUE,TRUE,"","martj42/international_results local results+goalscorers+shootouts snapshot",2022-11-21,"CC0-1.0","84e42d963aa11c483471b08e231fb4edd0b44841d8cdc963777e36836dafa65b"
"1.0","wc2022","wc2022_004","United States_Wales_2022-11-21","group","group_07","group","team_usa","team_wal",2022-11-21,2022-11-21,"date","wc2022__2022-11-21","Qatar",TRUE,"neutral",FALSE,FALSE,1,1,1,1,FALSE,FALSE,"","completed",TRUE,TRUE,"","martj42/international_results local results+goalscorers+shootouts snapshot",2022-11-21,"CC0-1.0","5dbb6a2a234f24c9841b99791e485e784edc8bdd9e97ac54b4d9351929de05f7"
"1.0","wc2022","wc2022_005","Argentina_Saudi Arabia_2022-11-22","group","group_01","group","team_arg","team_ksa",2022-11-22,2022-11-22,"date","wc2022__2022-11-22","Qatar",TRUE,"neutral",FALSE,FALSE,1,2,1,2,FALSE,FALSE,"team_ksa","completed",TRUE,TRUE,"","martj42/international_results local results+goalscorers+shootouts snapshot",2022-11-22,"CC0-1.0","1ea7ca058b4f691a0ba2e97f3bddfb3b4ef15c74637766ca6bcc35908949d525"
"1.0","wc2022","wc2022_006","Mexico_Poland_2022-11-22","group","group_01","group","team_mex","team_pol",2022-11-22,2022-11-22,"date","wc2022__2022-11-22","Qatar",TRUE,"neutral",FALSE,FALSE,0,0,0,0,FALSE,FALSE,"","completed",TRUE,TRUE,"","martj42/international_results local results+goalscorers+shootouts snapshot",2022-11-22,"CC0-1.0","d5bbc4fcb92a6a1c93487894ab75df716276c2ab22a0e196c2a8d60c3e4157ea"
"1.0","wc2022","wc2022_007","Denmark_Tunisia_2022-11-22","group","group_02","group","team_den","team_tun",2022-11-22,2022-11-22,"date","wc2022__2022-11-22","Qatar",TRUE,"neutral",FALSE,FALSE,0,0,0,0,FALSE,FALSE,"","completed",TRUE,TRUE,"","martj42/international_results local results+goalscorers+shootouts snapshot",2022-11-22,"CC0-1.0","0094165f8bae9ce050e9f14bdbfb4b0f5a72540b4c065737e77bfc63fdd63795"
"1.0","wc2022","wc2022_008","France_Australia_2022-11-22","group","group_02","group","team_fra","team_aus",2022-11-22,2022-11-22,"date","wc2022__2022-11-22","Qatar",TRUE,"neutral",FALSE,FALSE,4,1,4,1,FALSE,FALSE,"team_fra","completed",TRUE,TRUE,"","martj42/international_results local results+goalscorers+shootouts snapshot",2022-11-22,"CC0-1.0","9abfc44624540f4ac9ed85580f931f0c59de4c3e9acb840dd6c30ee16b21dd70"
"1.0","wc2022","wc2022_009","Germany_Japan_2022-11-23","group","group_05","group","team_ger","team_jpn",2022-11-23,2022-11-23,"date","wc2022__2022-11-23","Qatar",TRUE,"neutral",FALSE,FALSE,1,2,1,2,FALSE,FALSE,"team_jpn","completed",TRUE,TRUE,"","martj42/international_results local results+goalscorers+shootouts snapshot",2022-11-23,"CC0-1.0","7b1a7d30f1eee54fefb19827adb31910be1c3ca0e9c789bdc1847c8a2d474174"
"1.0","wc2022","wc2022_010","Spain_Costa Rica_2022-11-23","group","group_05","group","team_esp","team_crc",2022-11-23,2022-11-23,"date","wc2022__2022-11-23","Qatar",TRUE,"neutral",FALSE,FALSE,7,0,7,0,FALSE,FALSE,"team_esp","completed",TRUE,TRUE,"","martj42/international_results local results+goalscorers+shootouts snapshot",2022-11-23,"CC0-1.0","4116cb5cc58b391f7d29199f0050436e58be6ee0b88f98f814c34f6ebdfea0ba"
"1.0","wc2022","wc2022_011","Morocco_Croatia_2022-11-23","group","group_03","group","team_mar","team_cro",2022-11-23,2022-11-23,"date","wc2022__2022-11-23","Qatar",TRUE,"neutral",FALSE,FALSE,0,0,0,0,FALSE,FALSE,"","completed",TRUE,TRUE,"","martj42/international_results local results+goalscorers+shootouts snapshot",2022-11-23,"CC0-1.0","b7ac74cffb1ec605a8075d73e7c6c034bd96111667a657c3108b44539f496572"
"1.0","wc2022","wc2022_012","Belgium_Canada_2022-11-23","group","group_03","group","team_bel","team_can",2022-11-23,2022-11-23,"date","wc2022__2022-11-23","Qatar",TRUE,"neutral",FALSE,FALSE,1,0,1,0,FALSE,FALSE,"team_bel","completed",TRUE,TRUE,"","martj42/international_results local results+goalscorers+shootouts snapshot",2022-11-23,"CC0-1.0","01b33edcd1681a5aecb924bb4b2de01d1f84413385bf21ae5b4b63526a899b4b"
"1.0","wc2022","wc2022_013","Switzerland_Cameroon_2022-11-24","group","group_04","group","team_sui","team_cmr",2022-11-24,2022-11-24,"date","wc2022__2022-11-24","Qatar",TRUE,"neutral",FALSE,FALSE,1,0,1,0,FALSE,FALSE,"team_sui","completed",TRUE,TRUE,"","martj42/international_results local results+goalscorers+shootouts snapshot",2022-11-24,"CC0-1.0","72ba8487e488c0103404c3faaac837cd0c5094794b1fd9057ee19ad89329d7bf"
"1.0","wc2022","wc2022_014","Brazil_Serbia_2022-11-24","group","group_04","group","team_bra","team_srb",2022-11-24,2022-11-24,"date","wc2022__2022-11-24","Qatar",TRUE,"neutral",FALSE,FALSE,2,0,2,0,FALSE,FALSE,"team_bra","completed",TRUE,TRUE,"","martj42/international_results local results+goalscorers+shootouts snapshot",2022-11-24,"CC0-1.0","f9dd4999603d3e108e6fc8399edec8335e5668c28e1868d30cd3fa5f0b4938c4"
"1.0","wc2022","wc2022_015","Uruguay_Korea Republic_2022-11-24","group","group_08","group","team_uru","team_kor",2022-11-24,2022-11-24,"date","wc2022__2022-11-24","Qatar",TRUE,"neutral",FALSE,FALSE,0,0,0,0,FALSE,FALSE,"","completed",TRUE,TRUE,"","martj42/international_results local results+goalscorers+shootouts snapshot",2022-11-24,"CC0-1.0","2e5c81ad7ee3c006e329aee2694da3c7d5bec8cd6fd7502dc0bdc78a6da7f0af"
"1.0","wc2022","wc2022_016","Portugal_Ghana_2022-11-24","group","group_08","group","team_por","team_gha",2022-11-24,2022-11-24,"date","wc2022__2022-11-24","Qatar",TRUE,"neutral",FALSE,FALSE,3,2,3,2,FALSE,FALSE,"team_por","completed",TRUE,TRUE,"","martj42/international_results local results+goalscorers+shootouts snapshot",2022-11-24,"CC0-1.0","eae1d8c35689a13dc9aa477ccbb2e51ba0c3b330fe56bc589fe05a34c8ad9ba6"
"1.0","wc2022","wc2022_017","Qatar_Senegal_2022-11-25","group","group_06","group","team_qat","team_sen",2022-11-25,2022-11-25,"date","wc2022__2022-11-25","Qatar",FALSE,"home",TRUE,FALSE,1,3,1,3,FALSE,FALSE,"team_sen","completed",TRUE,TRUE,"","martj42/international_results local results+goalscorers+shootouts snapshot",2022-11-25,"CC0-1.0","fe4213360fab7c636295b69dcc3ca73f70db9c86a18545aaaf2f3e18e0a2a376"
"1.0","wc2022","wc2022_018","Netherlands_Ecuador_2022-11-25","group","group_06","group","team_ned","team_ecu",2022-11-25,2022-11-25,"date","wc2022__2022-11-25","Qatar",TRUE,"neutral",FALSE,FALSE,1,1,1,1,FALSE,FALSE,"","completed",TRUE,TRUE,"","martj42/international_results local results+goalscorers+shootouts snapshot",2022-11-25,"CC0-1.0","5ee76641009b7839c284f3efcf07f4cd66c620f3c8ef2b7b36d913bbca0bf0a1"
"1.0","wc2022","wc2022_019","Wales_Iran_2022-11-25","group","group_07","group","team_wal","team_irn",2022-11-25,2022-11-25,"date","wc2022__2022-11-25","Qatar",TRUE,"neutral",FALSE,FALSE,0,2,0,2,FALSE,FALSE,"team_irn","completed",TRUE,TRUE,"","martj42/international_results local results+goalscorers+shootouts snapshot",2022-11-25,"CC0-1.0","76f90dcb652b6c9da09a371e7cc35915a1286582faf0fc97c13871c8a65f96d3"
"1.0","wc2022","wc2022_020","England_United States_2022-11-25","group","group_07","group","team_eng","team_usa",2022-11-25,2022-11-25,"date","wc2022__2022-11-25","Qatar",TRUE,"neutral",FALSE,FALSE,0,0,0,0,FALSE,FALSE,"","completed",TRUE,TRUE,"","martj42/international_results local results+goalscorers+shootouts snapshot",2022-11-25,"CC0-1.0","fc7ce9010a00226f73a5d2eb8bed5481f60bf411e1a096ed31d0d491259942b9"
"1.0","wc2022","wc2022_021","Poland_Saudi Arabia_2022-11-26","group","group_01","group","team_pol","team_ksa",2022-11-26,2022-11-26,"date","wc2022__2022-11-26","Qatar",TRUE,"neutral",FALSE,FALSE,2,0,2,0,FALSE,FALSE,"team_pol","completed",TRUE,TRUE,"","martj42/international_results local results+goalscorers+shootouts snapshot",2022-11-26,"CC0-1.0","07a8cc44d098d6eb97a424c7a3cf0d41cc15bce5020657ab3dbfa6af0764b227"
"1.0","wc2022","wc2022_022","Argentina_Mexico_2022-11-26","group","group_01","group","team_arg","team_mex",2022-11-26,2022-11-26,"date","wc2022__2022-11-26","Qatar",TRUE,"neutral",FALSE,FALSE,2,0,2,0,FALSE,FALSE,"team_arg","completed",TRUE,TRUE,"","martj42/international_results local results+goalscorers+shootouts snapshot",2022-11-26,"CC0-1.0","9fa90bfe382459c423167202c226751c73b79c113462f97eb4fcd935d3f2e364"
"1.0","wc2022","wc2022_023","Tunisia_Australia_2022-11-26","group","group_02","group","team_tun","team_aus",2022-11-26,2022-11-26,"date","wc2022__2022-11-26","Qatar",TRUE,"neutral",FALSE,FALSE,0,1,0,1,FALSE,FALSE,"team_aus","completed",TRUE,TRUE,"","martj42/international_results local results+goalscorers+shootouts snapshot",2022-11-26,"CC0-1.0","8dec4274d75bc274f8ba287464c46378dd406010d6694fa85bfe11671f0d3459"
"1.0","wc2022","wc2022_024","France_Denmark_2022-11-26","group","group_02","group","team_fra","team_den",2022-11-26,2022-11-26,"date","wc2022__2022-11-26","Qatar",TRUE,"neutral",FALSE,FALSE,2,1,2,1,FALSE,FALSE,"team_fra","completed",TRUE,TRUE,"","martj42/international_results local results+goalscorers+shootouts snapshot",2022-11-26,"CC0-1.0","48cb75896f089ff4f8c4920d3cfc3fd5a4e877808ca654b61337cd710e2a6584"
"1.0","wc2022","wc2022_025","Japan_Costa Rica_2022-11-27","group","group_05","group","team_jpn","team_crc",2022-11-27,2022-11-27,"date","wc2022__2022-11-27","Qatar",TRUE,"neutral",FALSE,FALSE,0,1,0,1,FALSE,FALSE,"team_crc","completed",TRUE,TRUE,"","martj42/international_results local results+goalscorers+shootouts snapshot",2022-11-27,"CC0-1.0","2fb482fe1358d0109546f528f74a830468e64584380626426ed688f0cb7b228e"
"1.0","wc2022","wc2022_026","Spain_Germany_2022-11-27","group","group_05","group","team_esp","team_ger",2022-11-27,2022-11-27,"date","wc2022__2022-11-27","Qatar",TRUE,"neutral",FALSE,FALSE,1,1,1,1,FALSE,FALSE,"","completed",TRUE,TRUE,"","martj42/international_results local results+goalscorers+shootouts snapshot",2022-11-27,"CC0-1.0","196f88b48cad555b4f686c61ec1f61863109d223ceee28b0c6fbf27c7f8b17ad"
"1.0","wc2022","wc2022_027","Belgium_Morocco_2022-11-27","group","group_03","group","team_bel","team_mar",2022-11-27,2022-11-27,"date","wc2022__2022-11-27","Qatar",TRUE,"neutral",FALSE,FALSE,0,2,0,2,FALSE,FALSE,"team_mar","completed",TRUE,TRUE,"","martj42/international_results local results+goalscorers+shootouts snapshot",2022-11-27,"CC0-1.0","33826074c854a01ccc0d6e7ab1419e0016f032b6980cbcbf2ecb5d5807e18f21"
"1.0","wc2022","wc2022_028","Croatia_Canada_2022-11-27","group","group_03","group","team_cro","team_can",2022-11-27,2022-11-27,"date","wc2022__2022-11-27","Qatar",TRUE,"neutral",FALSE,FALSE,4,1,4,1,FALSE,FALSE,"team_cro","completed",TRUE,TRUE,"","martj42/international_results local results+goalscorers+shootouts snapshot",2022-11-27,"CC0-1.0","1319b69d93dd7956b05aa012f5216d9746a0de2d24b471940362436b28041c03"
"1.0","wc2022","wc2022_029","Cameroon_Serbia_2022-11-28","group","group_04","group","team_cmr","team_srb",2022-11-28,2022-11-28,"date","wc2022__2022-11-28","Qatar",TRUE,"neutral",FALSE,FALSE,3,3,3,3,FALSE,FALSE,"","completed",TRUE,TRUE,"","martj42/international_results local results+goalscorers+shootouts snapshot",2022-11-28,"CC0-1.0","8f5aab8aedf19cdddabf6986cadd52f9561d90b352ff2d3cb4c3505a84109d9d"
"1.0","wc2022","wc2022_030","Brazil_Switzerland_2022-11-28","group","group_04","group","team_bra","team_sui",2022-11-28,2022-11-28,"date","wc2022__2022-11-28","Qatar",TRUE,"neutral",FALSE,FALSE,1,0,1,0,FALSE,FALSE,"team_bra","completed",TRUE,TRUE,"","martj42/international_results local results+goalscorers+shootouts snapshot",2022-11-28,"CC0-1.0","6ccd3f0ca65cf3676459c6b23eee61da7dfa1b8afe3f4047ba1fc4fb5562cf4f"
"1.0","wc2022","wc2022_031","Korea Republic_Ghana_2022-11-28","group","group_08","group","team_kor","team_gha",2022-11-28,2022-11-28,"date","wc2022__2022-11-28","Qatar",TRUE,"neutral",FALSE,FALSE,2,3,2,3,FALSE,FALSE,"team_gha","completed",TRUE,TRUE,"","martj42/international_results local results+goalscorers+shootouts snapshot",2022-11-28,"CC0-1.0","b9cd1068205eb216d3603ab5dbab9e39cf2acf9717000cbc61faa89f0b394b60"
"1.0","wc2022","wc2022_032","Portugal_Uruguay_2022-11-28","group","group_08","group","team_por","team_uru",2022-11-28,2022-11-28,"date","wc2022__2022-11-28","Qatar",TRUE,"neutral",FALSE,FALSE,2,0,2,0,FALSE,FALSE,"team_por","completed",TRUE,TRUE,"","martj42/international_results local results+goalscorers+shootouts snapshot",2022-11-28,"CC0-1.0","8a5e0d96a681b4ead34ed5cc32e535e40c670d431d097f19cc6fcd5a6d6b35cc"
"1.0","wc2022","wc2022_033","Ecuador_Senegal_2022-11-29","group","group_06","group","team_ecu","team_sen",2022-11-29,2022-11-29,"date","wc2022__2022-11-29","Qatar",TRUE,"neutral",FALSE,FALSE,1,2,1,2,FALSE,FALSE,"team_sen","completed",TRUE,TRUE,"","martj42/international_results local results+goalscorers+shootouts snapshot",2022-11-29,"CC0-1.0","354b1aaac1a992c4c4481d6aef6cfc4fab8e1c399db6402913abcbbfaca97951"
"1.0","wc2022","wc2022_034","Qatar_Netherlands_2022-11-29","group","group_06","group","team_qat","team_ned",2022-11-29,2022-11-29,"date","wc2022__2022-11-29","Qatar",FALSE,"home",TRUE,FALSE,0,2,0,2,FALSE,FALSE,"team_ned","completed",TRUE,TRUE,"","martj42/international_results local results+goalscorers+shootouts snapshot",2022-11-29,"CC0-1.0","74090c2fa03524d120bb179b45d255c61e6cdfbe91eeaf912d15220f35d03516"
"1.0","wc2022","wc2022_035","Wales_England_2022-11-29","group","group_07","group","team_wal","team_eng",2022-11-29,2022-11-29,"date","wc2022__2022-11-29","Qatar",TRUE,"neutral",FALSE,FALSE,0,3,0,3,FALSE,FALSE,"team_eng","completed",TRUE,TRUE,"","martj42/international_results local results+goalscorers+shootouts snapshot",2022-11-29,"CC0-1.0","5e970d43379c12119c925bca55a18abebf4030366e80b7a5bdb15071e500d0ed"
"1.0","wc2022","wc2022_036","Iran_United States_2022-11-29","group","group_07","group","team_irn","team_usa",2022-11-29,2022-11-29,"date","wc2022__2022-11-29","Qatar",TRUE,"neutral",FALSE,FALSE,0,1,0,1,FALSE,FALSE,"team_usa","completed",TRUE,TRUE,"","martj42/international_results local results+goalscorers+shootouts snapshot",2022-11-29,"CC0-1.0","b9b48a7e7c8f45b3e73d642efe56c7c8e995935512b24771fbe06cf39048f277"
"1.0","wc2022","wc2022_037","Poland_Argentina_2022-11-30","group","group_01","group","team_pol","team_arg",2022-11-30,2022-11-30,"date","wc2022__2022-11-30","Qatar",TRUE,"neutral",FALSE,FALSE,0,2,0,2,FALSE,FALSE,"team_arg","completed",TRUE,TRUE,"","martj42/international_results local results+goalscorers+shootouts snapshot",2022-11-30,"CC0-1.0","add901dc1bed577aaead2d60de8e72c2e5a985f4adec6ea94224b0f4e6393ea1"
"1.0","wc2022","wc2022_038","Saudi Arabia_Mexico_2022-11-30","group","group_01","group","team_ksa","team_mex",2022-11-30,2022-11-30,"date","wc2022__2022-11-30","Qatar",TRUE,"neutral",FALSE,FALSE,1,2,1,2,FALSE,FALSE,"team_mex","completed",TRUE,TRUE,"","martj42/international_results local results+goalscorers+shootouts snapshot",2022-11-30,"CC0-1.0","d78c2c59e92a15f590ba17eea87539ccf196cac534113a0a413c2a20e5ff9a11"
"1.0","wc2022","wc2022_039","Australia_Denmark_2022-11-30","group","group_02","group","team_aus","team_den",2022-11-30,2022-11-30,"date","wc2022__2022-11-30","Qatar",TRUE,"neutral",FALSE,FALSE,1,0,1,0,FALSE,FALSE,"team_aus","completed",TRUE,TRUE,"","martj42/international_results local results+goalscorers+shootouts snapshot",2022-11-30,"CC0-1.0","fddba72d4976fd9299cd3342b513837b17f483bc99e8e105054bb242e1a8039a"
"1.0","wc2022","wc2022_040","Tunisia_France_2022-11-30","group","group_02","group","team_tun","team_fra",2022-11-30,2022-11-30,"date","wc2022__2022-11-30","Qatar",TRUE,"neutral",FALSE,FALSE,1,0,1,0,FALSE,FALSE,"team_tun","completed",TRUE,TRUE,"","martj42/international_results local results+goalscorers+shootouts snapshot",2022-11-30,"CC0-1.0","3b5639b8fa94fdf999f87301063e037d761628a97128182d4972aef134eb3795"
"1.0","wc2022","wc2022_041","Japan_Spain_2022-12-01","group","group_05","group","team_jpn","team_esp",2022-12-01,2022-12-01,"date","wc2022__2022-12-01","Qatar",TRUE,"neutral",FALSE,FALSE,2,1,2,1,FALSE,FALSE,"team_jpn","completed",TRUE,TRUE,"","martj42/international_results local results+goalscorers+shootouts snapshot",2022-12-01,"CC0-1.0","455c9daf0b2f908aaa4f4f2bec6a747e97bc17af0bf581daef7f89dceaa1232d"
"1.0","wc2022","wc2022_042","Costa Rica_Germany_2022-12-01","group","group_05","group","team_crc","team_ger",2022-12-01,2022-12-01,"date","wc2022__2022-12-01","Qatar",TRUE,"neutral",FALSE,FALSE,2,4,2,4,FALSE,FALSE,"team_ger","completed",TRUE,TRUE,"","martj42/international_results local results+goalscorers+shootouts snapshot",2022-12-01,"CC0-1.0","8383027754d19e3b60f6e5c127d45e5bba31c59a0cecc3fd306736fd80630dbb"
"1.0","wc2022","wc2022_043","Croatia_Belgium_2022-12-01","group","group_03","group","team_cro","team_bel",2022-12-01,2022-12-01,"date","wc2022__2022-12-01","Qatar",TRUE,"neutral",FALSE,FALSE,0,0,0,0,FALSE,FALSE,"","completed",TRUE,TRUE,"","martj42/international_results local results+goalscorers+shootouts snapshot",2022-12-01,"CC0-1.0","91442af65f60d2a1b0de738b000c191dcb5c919ad461ab100f86c77c83b3aaa7"
"1.0","wc2022","wc2022_044","Canada_Morocco_2022-12-01","group","group_03","group","team_can","team_mar",2022-12-01,2022-12-01,"date","wc2022__2022-12-01","Qatar",TRUE,"neutral",FALSE,FALSE,1,2,1,2,FALSE,FALSE,"team_mar","completed",TRUE,TRUE,"","martj42/international_results local results+goalscorers+shootouts snapshot",2022-12-01,"CC0-1.0","5198b620bb70576a646eac3c4ba36f77b4d3ab80f74c0e9fcf90268c94cabfa4"
"1.0","wc2022","wc2022_045","Serbia_Switzerland_2022-12-02","group","group_04","group","team_srb","team_sui",2022-12-02,2022-12-02,"date","wc2022__2022-12-02","Qatar",TRUE,"neutral",FALSE,FALSE,2,3,2,3,FALSE,FALSE,"team_sui","completed",TRUE,TRUE,"","martj42/international_results local results+goalscorers+shootouts snapshot",2022-12-02,"CC0-1.0","9155fd2d9a164c21f15f9bde1ac02b00a041f7ce57a7c3831c96cdce619d68ec"
"1.0","wc2022","wc2022_046","Cameroon_Brazil_2022-12-02","group","group_04","group","team_cmr","team_bra",2022-12-02,2022-12-02,"date","wc2022__2022-12-02","Qatar",TRUE,"neutral",FALSE,FALSE,1,0,1,0,FALSE,FALSE,"team_cmr","completed",TRUE,TRUE,"","martj42/international_results local results+goalscorers+shootouts snapshot",2022-12-02,"CC0-1.0","d51e6b0f22d2ad931c0d62c13343088c8a861c188387db041f63c35e0821c386"
"1.0","wc2022","wc2022_047","Ghana_Uruguay_2022-12-02","group","group_08","group","team_gha","team_uru",2022-12-02,2022-12-02,"date","wc2022__2022-12-02","Qatar",TRUE,"neutral",FALSE,FALSE,0,2,0,2,FALSE,FALSE,"team_uru","completed",TRUE,TRUE,"","martj42/international_results local results+goalscorers+shootouts snapshot",2022-12-02,"CC0-1.0","3743f4c458bda1f783770958797bdec19ff7d1a35ded01dd93cdfc0316d923f3"
"1.0","wc2022","wc2022_048","Korea Republic_Portugal_2022-12-02","group","group_08","group","team_kor","team_por",2022-12-02,2022-12-02,"date","wc2022__2022-12-02","Qatar",TRUE,"neutral",FALSE,FALSE,2,1,2,1,FALSE,FALSE,"team_kor","completed",TRUE,TRUE,"","martj42/international_results local results+goalscorers+shootouts snapshot",2022-12-02,"CC0-1.0","e3dcf5619652cc263e3dd1b87e7fce24a97b2b8f865943eb704af7d32438ec51"
"1.0","wc2022","wc2022_049","Netherlands_United States_2022-12-03","round_of_16","","round_of_16","team_ned","team_usa",2022-12-03,2022-12-03,"date","wc2022__2022-12-03","Qatar",TRUE,"neutral",FALSE,FALSE,3,1,3,1,FALSE,FALSE,"team_ned","completed",TRUE,TRUE,"","martj42/international_results local results+goalscorers+shootouts snapshot",2022-12-03,"CC0-1.0","d2e1d680439cb4b40f9ed414f2443a69fa8a4926e8c11a203b70cf31f3571a52"
"1.0","wc2022","wc2022_050","Argentina_Australia_2022-12-03","round_of_16","","round_of_16","team_arg","team_aus",2022-12-03,2022-12-03,"date","wc2022__2022-12-03","Qatar",TRUE,"neutral",FALSE,FALSE,2,1,2,1,FALSE,FALSE,"team_arg","completed",TRUE,TRUE,"","martj42/international_results local results+goalscorers+shootouts snapshot",2022-12-03,"CC0-1.0","bc23877ead1fe94bed53b2c186f673070fb9ae29c75132f2361fdae02bcc1324"
"1.0","wc2022","wc2022_051","France_Poland_2022-12-04","round_of_16","","round_of_16","team_fra","team_pol",2022-12-04,2022-12-04,"date","wc2022__2022-12-04","Qatar",TRUE,"neutral",FALSE,FALSE,3,1,3,1,FALSE,FALSE,"team_fra","completed",TRUE,TRUE,"","martj42/international_results local results+goalscorers+shootouts snapshot",2022-12-04,"CC0-1.0","cd8393ebb41b96ad75fb9ec78fc90280346a4330cd8adb6eeb06df6d8527ed7b"
"1.0","wc2022","wc2022_052","England_Senegal_2022-12-04","round_of_16","","round_of_16","team_eng","team_sen",2022-12-04,2022-12-04,"date","wc2022__2022-12-04","Qatar",TRUE,"neutral",FALSE,FALSE,3,0,3,0,FALSE,FALSE,"team_eng","completed",TRUE,TRUE,"","martj42/international_results local results+goalscorers+shootouts snapshot",2022-12-04,"CC0-1.0","0cb449309dc246b816be2d24b64be251165a96f7810d9dcc391f7770c43f45a4"
"1.0","wc2022","wc2022_053","Japan_Croatia_2022-12-05","round_of_16","","round_of_16","team_jpn","team_cro",2022-12-05,2022-12-05,"date","wc2022__2022-12-05","Qatar",TRUE,"neutral",FALSE,FALSE,1,1,1,1,TRUE,TRUE,"team_cro","completed",TRUE,TRUE,"","martj42/international_results local results+goalscorers+shootouts snapshot",2022-12-05,"CC0-1.0","107d445b7eda16bb7b91ab31398a865fa8684059ca7bc9b9b7cc16213c12bf54"
"1.0","wc2022","wc2022_054","Brazil_Korea Republic_2022-12-05","round_of_16","","round_of_16","team_bra","team_kor",2022-12-05,2022-12-05,"date","wc2022__2022-12-05","Qatar",TRUE,"neutral",FALSE,FALSE,4,1,4,1,FALSE,FALSE,"team_bra","completed",TRUE,TRUE,"","martj42/international_results local results+goalscorers+shootouts snapshot",2022-12-05,"CC0-1.0","ac21646980dba1a3ca700074737829cb9cfc47d262dd9fde5246cddf92534a5e"
"1.0","wc2022","wc2022_055","Morocco_Spain_2022-12-06","round_of_16","","round_of_16","team_mar","team_esp",2022-12-06,2022-12-06,"date","wc2022__2022-12-06","Qatar",TRUE,"neutral",FALSE,FALSE,0,0,0,0,TRUE,TRUE,"team_mar","completed",TRUE,TRUE,"","martj42/international_results local results+goalscorers+shootouts snapshot",2022-12-06,"CC0-1.0","f0464f095e80715fbfe4aa7e4d3ee2e3d74f6351ccf0381988c25dcd7721bda8"
"1.0","wc2022","wc2022_056","Portugal_Switzerland_2022-12-06","round_of_16","","round_of_16","team_por","team_sui",2022-12-06,2022-12-06,"date","wc2022__2022-12-06","Qatar",TRUE,"neutral",FALSE,FALSE,6,1,6,1,FALSE,FALSE,"team_por","completed",TRUE,TRUE,"","martj42/international_results local results+goalscorers+shootouts snapshot",2022-12-06,"CC0-1.0","e0b1a4b9278968090dab91e9b54256c2c131114caf52600e25579b1d93c25537"
"1.0","wc2022","wc2022_057","Croatia_Brazil_2022-12-09","quarterfinal","","quarterfinal","team_cro","team_bra",2022-12-09,2022-12-09,"date","wc2022__2022-12-09","Qatar",TRUE,"neutral",FALSE,FALSE,0,0,1,1,TRUE,TRUE,"team_cro","completed",TRUE,TRUE,"","martj42/international_results local results+goalscorers+shootouts snapshot",2022-12-09,"CC0-1.0","f1bf4425f4b227366363946c4849e0302d2afb5c4f56a3d78f9c2a78cc07f2b0"
"1.0","wc2022","wc2022_058","Netherlands_Argentina_2022-12-09","quarterfinal","","quarterfinal","team_ned","team_arg",2022-12-09,2022-12-09,"date","wc2022__2022-12-09","Qatar",TRUE,"neutral",FALSE,FALSE,2,2,2,2,TRUE,TRUE,"team_arg","completed",TRUE,TRUE,"","martj42/international_results local results+goalscorers+shootouts snapshot",2022-12-09,"CC0-1.0","51c799b6e8f67ea117dbb3700164cf913e4872a051eed5a79ef6ba1ae734ce0d"
"1.0","wc2022","wc2022_059","Morocco_Portugal_2022-12-10","quarterfinal","","quarterfinal","team_mar","team_por",2022-12-10,2022-12-10,"date","wc2022__2022-12-10","Qatar",TRUE,"neutral",FALSE,FALSE,1,0,1,0,FALSE,FALSE,"team_mar","completed",TRUE,TRUE,"","martj42/international_results local results+goalscorers+shootouts snapshot",2022-12-10,"CC0-1.0","94002dd54041b24b3c3c295a9696376db7c9c527a4d07fc0bcdb58353b8f88ea"
"1.0","wc2022","wc2022_060","England_France_2022-12-10","quarterfinal","","quarterfinal","team_eng","team_fra",2022-12-10,2022-12-10,"date","wc2022__2022-12-10","Qatar",TRUE,"neutral",FALSE,FALSE,1,2,1,2,FALSE,FALSE,"team_fra","completed",TRUE,TRUE,"","martj42/international_results local results+goalscorers+shootouts snapshot",2022-12-10,"CC0-1.0","53299582d00757296fbd4e33983fd28d8e1efe791031886be0efb04b30bbb701"
"1.0","wc2022","wc2022_061","Argentina_Croatia_2022-12-13","semifinal","","semifinal","team_arg","team_cro",2022-12-13,2022-12-13,"date","wc2022__2022-12-13","Qatar",TRUE,"neutral",FALSE,FALSE,3,0,3,0,FALSE,FALSE,"team_arg","completed",TRUE,TRUE,"","martj42/international_results local results+goalscorers+shootouts snapshot",2022-12-13,"CC0-1.0","3b0cfb4f55f354a0026f4e6da69d7d46f8d28a132ebc4cc493c6babd5b3861c1"
"1.0","wc2022","wc2022_062","France_Morocco_2022-12-14","semifinal","","semifinal","team_fra","team_mar",2022-12-14,2022-12-14,"date","wc2022__2022-12-14","Qatar",TRUE,"neutral",FALSE,FALSE,2,0,2,0,FALSE,FALSE,"team_fra","completed",TRUE,TRUE,"","martj42/international_results local results+goalscorers+shootouts snapshot",2022-12-14,"CC0-1.0","b7c79864e8c8b991ee920113641945a6aeab01ccecfd8fdc667ab707eb77cf2b"
"1.0","wc2022","wc2022_063","Croatia_Morocco_2022-12-17","third_place","","third_place","team_cro","team_mar",2022-12-17,2022-12-17,"date","wc2022__2022-12-17","Qatar",TRUE,"neutral",FALSE,FALSE,2,1,2,1,FALSE,FALSE,"team_cro","completed",TRUE,TRUE,"","martj42/international_results local results+goalscorers+shootouts snapshot",2022-12-17,"CC0-1.0","1a18187a1f92ba97db5a9f2757bc572be007b9fc6d9d12cfc22af2f466e0fc83"
"1.0","wc2022","wc2022_064","Argentina_France_2022-12-18","final","","final","team_arg","team_fra",2022-12-18,2022-12-18,"date","wc2022__2022-12-18","Qatar",TRUE,"neutral",FALSE,FALSE,2,2,3,3,TRUE,TRUE,"team_arg","completed",TRUE,TRUE,"","martj42/international_results local results+goalscorers+shootouts snapshot",2022-12-18,"CC0-1.0","3ca1a682066e2e67673b6a1ccccfbb6aa9d0258fe698397c28a8a32ff183a831"
"1.0","euro2004","euro2004_001","Portugal_Greece_2004-06-12","group","group_04","group","team_por","team_gre",2004-06-12,2004-06-12,"date","euro2004__2004-06-12","Portugal",FALSE,"home",TRUE,FALSE,1,2,1,2,FALSE,FALSE,"team_gre","completed",TRUE,TRUE,"","martj42/international_results local results+goalscorers+shootouts snapshot",2004-06-12,"CC0-1.0","a74c8fac415400357a71755c324b35f3c1feda8e75895687a9cff83793d93093"
"1.0","euro2004","euro2004_002","Spain_Russia_2004-06-12","group","group_04","group","team_esp","team_rus",2004-06-12,2004-06-12,"date","euro2004__2004-06-12","Portugal",TRUE,"neutral",FALSE,FALSE,1,0,1,0,FALSE,FALSE,"team_esp","completed",TRUE,TRUE,"","martj42/international_results local results+goalscorers+shootouts snapshot",2004-06-12,"CC0-1.0","feccf18f2dceed7ab1655313ab846b9db930c4ce3312397bfc740afbc1568146"
"1.0","euro2004","euro2004_003","France_England_2004-06-13","group","group_02","group","team_fra","team_eng",2004-06-13,2004-06-13,"date","euro2004__2004-06-13","Portugal",TRUE,"neutral",FALSE,FALSE,2,1,2,1,FALSE,FALSE,"team_fra","completed",TRUE,TRUE,"","martj42/international_results local results+goalscorers+shootouts snapshot",2004-06-13,"CC0-1.0","8d9e5184d3558741e5366245aabfe4899fd95dc574a70f7480c9ca35143488a7"
"1.0","euro2004","euro2004_004","Switzerland_Croatia_2004-06-13","group","group_02","group","team_sui","team_cro",2004-06-13,2004-06-13,"date","euro2004__2004-06-13","Portugal",TRUE,"neutral",FALSE,FALSE,0,0,0,0,FALSE,FALSE,"","completed",TRUE,TRUE,"","martj42/international_results local results+goalscorers+shootouts snapshot",2004-06-13,"CC0-1.0","979fc2137acd983aeeb2886f2490fab4c80876205e87825f7f8082bdf00980af"
"1.0","euro2004","euro2004_005","Denmark_Italy_2004-06-14","group","group_01","group","team_den","team_ita",2004-06-14,2004-06-14,"date","euro2004__2004-06-14","Portugal",TRUE,"neutral",FALSE,FALSE,0,0,0,0,FALSE,FALSE,"","completed",TRUE,TRUE,"","martj42/international_results local results+goalscorers+shootouts snapshot",2004-06-14,"CC0-1.0","0f9d8fc5c4866b216d1228cfa8f616393604952c4c6adbd5b286324f2f22bda9"
"1.0","euro2004","euro2004_006","Sweden_Bulgaria_2004-06-14","group","group_01","group","team_swe","team_bul",2004-06-14,2004-06-14,"date","euro2004__2004-06-14","Portugal",TRUE,"neutral",FALSE,FALSE,5,0,5,0,FALSE,FALSE,"team_swe","completed",TRUE,TRUE,"","martj42/international_results local results+goalscorers+shootouts snapshot",2004-06-14,"CC0-1.0","ef096ddd5090a5c91363b260667347841043c6a8d0511766552986b3093d487b"
"1.0","euro2004","euro2004_007","Czech Republic_Latvia_2004-06-15","group","group_03","group","team_cze","team_lva",2004-06-15,2004-06-15,"date","euro2004__2004-06-15","Portugal",TRUE,"neutral",FALSE,FALSE,2,1,2,1,FALSE,FALSE,"team_cze","completed",TRUE,TRUE,"","martj42/international_results local results+goalscorers+shootouts snapshot",2004-06-15,"CC0-1.0","e19703f6f4bba8565ac7bd8b963d34aea821f2c7c03e94d4a995f2a148b747bf"
"1.0","euro2004","euro2004_008","Germany_Netherlands_2004-06-15","group","group_03","group","team_ger","team_ned",2004-06-15,2004-06-15,"date","euro2004__2004-06-15","Portugal",TRUE,"neutral",FALSE,FALSE,1,1,1,1,FALSE,FALSE,"","completed",TRUE,TRUE,"","martj42/international_results local results+goalscorers+shootouts snapshot",2004-06-15,"CC0-1.0","375817f05fe1b958569ca8ab2fa78dd53a0d001b1a605ea5fbb9bf8b541ed86e"
"1.0","euro2004","euro2004_009","Greece_Spain_2004-06-16","group","group_04","group","team_gre","team_esp",2004-06-16,2004-06-16,"date","euro2004__2004-06-16","Portugal",TRUE,"neutral",FALSE,FALSE,1,1,1,1,FALSE,FALSE,"","completed",TRUE,TRUE,"","martj42/international_results local results+goalscorers+shootouts snapshot",2004-06-16,"CC0-1.0","b9814c90a0320b79bc83252333326f5af4352fda5505785c34e8cb2aa3261052"
"1.0","euro2004","euro2004_010","Portugal_Russia_2004-06-16","group","group_04","group","team_por","team_rus",2004-06-16,2004-06-16,"date","euro2004__2004-06-16","Portugal",FALSE,"home",TRUE,FALSE,2,0,2,0,FALSE,FALSE,"team_por","completed",TRUE,TRUE,"","martj42/international_results local results+goalscorers+shootouts snapshot",2004-06-16,"CC0-1.0","d14a010a7aa7aae19e2033f53eaa8b6439b3bfc4dc3f6412de398cd22e57e90c"
"1.0","euro2004","euro2004_011","Croatia_France_2004-06-17","group","group_02","group","team_cro","team_fra",2004-06-17,2004-06-17,"date","euro2004__2004-06-17","Portugal",TRUE,"neutral",FALSE,FALSE,2,2,2,2,FALSE,FALSE,"","completed",TRUE,TRUE,"","martj42/international_results local results+goalscorers+shootouts snapshot",2004-06-17,"CC0-1.0","2a163bdb60bf7a2daabaf5a258dad43814828fafd2490c4e978ae572f00bb271"
"1.0","euro2004","euro2004_012","England_Switzerland_2004-06-17","group","group_02","group","team_eng","team_sui",2004-06-17,2004-06-17,"date","euro2004__2004-06-17","Portugal",TRUE,"neutral",FALSE,FALSE,3,0,3,0,FALSE,FALSE,"team_eng","completed",TRUE,TRUE,"","martj42/international_results local results+goalscorers+shootouts snapshot",2004-06-17,"CC0-1.0","59ec739bb50f3f190fed8b1d45cd417a798c267cf3480de15a92eb9edeeed27a"
"1.0","euro2004","euro2004_013","Bulgaria_Denmark_2004-06-18","group","group_01","group","team_bul","team_den",2004-06-18,2004-06-18,"date","euro2004__2004-06-18","Portugal",TRUE,"neutral",FALSE,FALSE,0,2,0,2,FALSE,FALSE,"team_den","completed",TRUE,TRUE,"","martj42/international_results local results+goalscorers+shootouts snapshot",2004-06-18,"CC0-1.0","4533d5957d17d8f3c92406adae1147699eb5188fbb9bc0b97a77e1dc6a791c5b"
"1.0","euro2004","euro2004_014","Italy_Sweden_2004-06-18","group","group_01","group","team_ita","team_swe",2004-06-18,2004-06-18,"date","euro2004__2004-06-18","Portugal",TRUE,"neutral",FALSE,FALSE,1,1,1,1,FALSE,FALSE,"","completed",TRUE,TRUE,"","martj42/international_results local results+goalscorers+shootouts snapshot",2004-06-18,"CC0-1.0","11326819c524e1752820205cd3731a34b66633785fead49726879399a7bcfd82"
"1.0","euro2004","euro2004_015","Latvia_Germany_2004-06-19","group","group_03","group","team_lva","team_ger",2004-06-19,2004-06-19,"date","euro2004__2004-06-19","Portugal",TRUE,"neutral",FALSE,FALSE,0,0,0,0,FALSE,FALSE,"","completed",TRUE,TRUE,"","martj42/international_results local results+goalscorers+shootouts snapshot",2004-06-19,"CC0-1.0","0009dfa6026d633ffb59be435c1c4620d0ca3b6efbc76bb6d7fd520449fc8eb3"
"1.0","euro2004","euro2004_016","Netherlands_Czech Republic_2004-06-19","group","group_03","group","team_ned","team_cze",2004-06-19,2004-06-19,"date","euro2004__2004-06-19","Portugal",TRUE,"neutral",FALSE,FALSE,2,3,2,3,FALSE,FALSE,"team_cze","completed",TRUE,TRUE,"","martj42/international_results local results+goalscorers+shootouts snapshot",2004-06-19,"CC0-1.0","35c03ada2eb6cc902b7b007816f75049f713c744ab7465af578e49b9e0bd8aa8"
"1.0","euro2004","euro2004_017","Portugal_Spain_2004-06-20","group","group_04","group","team_por","team_esp",2004-06-20,2004-06-20,"date","euro2004__2004-06-20","Portugal",FALSE,"home",TRUE,FALSE,1,0,1,0,FALSE,FALSE,"team_por","completed",TRUE,TRUE,"","martj42/international_results local results+goalscorers+shootouts snapshot",2004-06-20,"CC0-1.0","9ea5fcd68e2546499bb0839a2235e3d437cdd98c476bf033f60f60be8b7e8d15"
"1.0","euro2004","euro2004_018","Russia_Greece_2004-06-20","group","group_04","group","team_rus","team_gre",2004-06-20,2004-06-20,"date","euro2004__2004-06-20","Portugal",TRUE,"neutral",FALSE,FALSE,2,1,2,1,FALSE,FALSE,"team_rus","completed",TRUE,TRUE,"","martj42/international_results local results+goalscorers+shootouts snapshot",2004-06-20,"CC0-1.0","b814deb3d322bd38f471446a8da3edbf711aeb1504678714c606dbe14d97bdd2"
"1.0","euro2004","euro2004_019","Croatia_England_2004-06-21","group","group_02","group","team_cro","team_eng",2004-06-21,2004-06-21,"date","euro2004__2004-06-21","Portugal",TRUE,"neutral",FALSE,FALSE,2,4,2,4,FALSE,FALSE,"team_eng","completed",TRUE,TRUE,"","martj42/international_results local results+goalscorers+shootouts snapshot",2004-06-21,"CC0-1.0","7da38f2159c17eb9b18ce334d47e9f7bd975a6f85651d5a20dee26a011ccac75"
"1.0","euro2004","euro2004_020","Switzerland_France_2004-06-21","group","group_02","group","team_sui","team_fra",2004-06-21,2004-06-21,"date","euro2004__2004-06-21","Portugal",TRUE,"neutral",FALSE,FALSE,1,3,1,3,FALSE,FALSE,"team_fra","completed",TRUE,TRUE,"","martj42/international_results local results+goalscorers+shootouts snapshot",2004-06-21,"CC0-1.0","d99e15f8a73f52a26376433b00ca92b14002ccefbe0a6bdc6eee80608d102bfb"
"1.0","euro2004","euro2004_021","Denmark_Sweden_2004-06-22","group","group_01","group","team_den","team_swe",2004-06-22,2004-06-22,"date","euro2004__2004-06-22","Portugal",TRUE,"neutral",FALSE,FALSE,2,2,2,2,FALSE,FALSE,"","completed",TRUE,TRUE,"","martj42/international_results local results+goalscorers+shootouts snapshot",2004-06-22,"CC0-1.0","3b6a5bf7dd9ec7bbc0651431438295c6636fe40a9846d0c272c988a75f60cc22"
"1.0","euro2004","euro2004_022","Italy_Bulgaria_2004-06-22","group","group_01","group","team_ita","team_bul",2004-06-22,2004-06-22,"date","euro2004__2004-06-22","Portugal",TRUE,"neutral",FALSE,FALSE,2,1,2,1,FALSE,FALSE,"team_ita","completed",TRUE,TRUE,"","martj42/international_results local results+goalscorers+shootouts snapshot",2004-06-22,"CC0-1.0","8d27508cb5c10d4b875a3e0ce6b42b1c29552c606998e47b0d074237e7a45d56"
"1.0","euro2004","euro2004_023","Germany_Czech Republic_2004-06-23","group","group_03","group","team_ger","team_cze",2004-06-23,2004-06-23,"date","euro2004__2004-06-23","Portugal",TRUE,"neutral",FALSE,FALSE,1,2,1,2,FALSE,FALSE,"team_cze","completed",TRUE,TRUE,"","martj42/international_results local results+goalscorers+shootouts snapshot",2004-06-23,"CC0-1.0","9c2569208cf541ac1900ab4fe662151b9f20f2531179b7eb4e886cda5b7605eb"
"1.0","euro2004","euro2004_024","Netherlands_Latvia_2004-06-23","group","group_03","group","team_ned","team_lva",2004-06-23,2004-06-23,"date","euro2004__2004-06-23","Portugal",TRUE,"neutral",FALSE,FALSE,3,0,3,0,FALSE,FALSE,"team_ned","completed",TRUE,TRUE,"","martj42/international_results local results+goalscorers+shootouts snapshot",2004-06-23,"CC0-1.0","be85d50a4f76e178f238944f09a8ab06a21cef6bcd70085ff6213ab7e1299245"
"1.0","euro2004","euro2004_025","Portugal_England_2004-06-24","quarterfinal","","quarterfinal","team_por","team_eng",2004-06-24,2004-06-24,"date","euro2004__2004-06-24","Portugal",FALSE,"home",TRUE,FALSE,1,1,2,2,TRUE,TRUE,"team_por","completed",TRUE,TRUE,"","martj42/international_results local results+goalscorers+shootouts snapshot",2004-06-24,"CC0-1.0","c5335b120827b7a5da80ab79121bbfcdc8fdfe94bad0a88b91679d0071ad3cea"
"1.0","euro2004","euro2004_026","France_Greece_2004-06-25","quarterfinal","","quarterfinal","team_fra","team_gre",2004-06-25,2004-06-25,"date","euro2004__2004-06-25","Portugal",TRUE,"neutral",FALSE,FALSE,0,1,0,1,FALSE,FALSE,"team_gre","completed",TRUE,TRUE,"","martj42/international_results local results+goalscorers+shootouts snapshot",2004-06-25,"CC0-1.0","667a8294c440fc13ff8acbcaf8d1085dbb77fd4c97028132765cf73be84c762c"
"1.0","euro2004","euro2004_027","Sweden_Netherlands_2004-06-26","quarterfinal","","quarterfinal","team_swe","team_ned",2004-06-26,2004-06-26,"date","euro2004__2004-06-26","Portugal",TRUE,"neutral",FALSE,FALSE,0,0,0,0,TRUE,TRUE,"team_ned","completed",TRUE,TRUE,"","martj42/international_results local results+goalscorers+shootouts snapshot",2004-06-26,"CC0-1.0","c806c42b780468554cc5e4656548a835fc2468f10e0044bf7c9d83e168a19531"
"1.0","euro2004","euro2004_028","Czech Republic_Denmark_2004-06-27","quarterfinal","","quarterfinal","team_cze","team_den",2004-06-27,2004-06-27,"date","euro2004__2004-06-27","Portugal",TRUE,"neutral",FALSE,FALSE,3,0,3,0,FALSE,FALSE,"team_cze","completed",TRUE,TRUE,"","martj42/international_results local results+goalscorers+shootouts snapshot",2004-06-27,"CC0-1.0","0a0c9b142919173f1903a63eb1d2094b4866c2903ba07c60a2ee8832ddad0d2a"
"1.0","euro2004","euro2004_029","Portugal_Netherlands_2004-06-30","semifinal","","semifinal","team_por","team_ned",2004-06-30,2004-06-30,"date","euro2004__2004-06-30","Portugal",FALSE,"home",TRUE,FALSE,2,1,2,1,FALSE,FALSE,"team_por","completed",TRUE,TRUE,"","martj42/international_results local results+goalscorers+shootouts snapshot",2004-06-30,"CC0-1.0","9ea9b563448ed0e843297fae4ef6f5f1e5e59af1b4ebf833fcfa2ce03e3d6351"
"1.0","euro2004","euro2004_030","Greece_Czech Republic_2004-07-01","semifinal","","semifinal","team_gre","team_cze",2004-07-01,2004-07-01,"date","euro2004__2004-07-01","Portugal",TRUE,"neutral",FALSE,FALSE,0,0,1,0,TRUE,FALSE,"team_gre","completed",TRUE,TRUE,"","martj42/international_results local results+goalscorers+shootouts snapshot",2004-07-01,"CC0-1.0","72320d812c47ac61dd43aac6b18e2fa2db16074c413ff0b414bf806f5873965b"
"1.0","euro2004","euro2004_031","Portugal_Greece_2004-07-04","final","","final","team_por","team_gre",2004-07-04,2004-07-04,"date","euro2004__2004-07-04","Portugal",FALSE,"home",TRUE,FALSE,0,1,0,1,FALSE,FALSE,"team_gre","completed",TRUE,TRUE,"","martj42/international_results local results+goalscorers+shootouts snapshot",2004-07-04,"CC0-1.0","232fc889dbdd5a67818a1c7f3642b3603d83ab888850d1200da6ca5954369324"
"1.0","euro2008","euro2008_001","Portugal_Turkey_2008-06-07","group","group_02","group","team_por","team_tur",2008-06-07,2008-06-07,"date","euro2008__2008-06-07","Switzerland",TRUE,"neutral",FALSE,FALSE,2,0,2,0,FALSE,FALSE,"team_por","completed",TRUE,TRUE,"","martj42/international_results local results+goalscorers+shootouts snapshot",2008-06-07,"CC0-1.0","81ac01b9e624ff87797df506bc9def8fcb36f1377394b1a3e57ecc5202c42d5d"
"1.0","euro2008","euro2008_002","Switzerland_Czech Republic_2008-06-07","group","group_02","group","team_sui","team_cze",2008-06-07,2008-06-07,"date","euro2008__2008-06-07","Switzerland",FALSE,"home",TRUE,FALSE,0,1,0,1,FALSE,FALSE,"team_cze","completed",TRUE,TRUE,"","martj42/international_results local results+goalscorers+shootouts snapshot",2008-06-07,"CC0-1.0","5137cc38f9654229de47450cffb8baf61b94559cef2d8cc20d29d6cd61db626d"
"1.0","euro2008","euro2008_003","Austria_Croatia_2008-06-08","group","group_01","group","team_aut","team_cro",2008-06-08,2008-06-08,"date","euro2008__2008-06-08","Austria",FALSE,"home",TRUE,FALSE,0,1,0,1,FALSE,FALSE,"team_cro","completed",TRUE,TRUE,"","martj42/international_results local results+goalscorers+shootouts snapshot",2008-06-08,"CC0-1.0","63c63a8e8717c505408ae8165c3ee2c0f3bd866b1f599252d1cd5d409de1e539"
"1.0","euro2008","euro2008_004","Germany_Poland_2008-06-08","group","group_01","group","team_ger","team_pol",2008-06-08,2008-06-08,"date","euro2008__2008-06-08","Austria",TRUE,"neutral",FALSE,FALSE,2,0,2,0,FALSE,FALSE,"team_ger","completed",TRUE,TRUE,"","martj42/international_results local results+goalscorers+shootouts snapshot",2008-06-08,"CC0-1.0","a2d5ec6d50c693016d91f57826583b8bad22d79d3859d3122e36e94d6bf16057"
"1.0","euro2008","euro2008_005","Netherlands_Italy_2008-06-09","group","group_03","group","team_ned","team_ita",2008-06-09,2008-06-09,"date","euro2008__2008-06-09","Switzerland",TRUE,"neutral",FALSE,FALSE,3,0,3,0,FALSE,FALSE,"team_ned","completed",TRUE,TRUE,"","martj42/international_results local results+goalscorers+shootouts snapshot",2008-06-09,"CC0-1.0","bd9eeb666e062142ba045a3ac75d9f28db28f6ee346a4160d99f43c1430dc298"
"1.0","euro2008","euro2008_006","Romania_France_2008-06-09","group","group_03","group","team_rou","team_fra",2008-06-09,2008-06-09,"date","euro2008__2008-06-09","Switzerland",TRUE,"neutral",FALSE,FALSE,0,0,0,0,FALSE,FALSE,"","completed",TRUE,TRUE,"","martj42/international_results local results+goalscorers+shootouts snapshot",2008-06-09,"CC0-1.0","40dea16ed18d0b96477e68212d8a1f2f6e9e72181c3912966c69b0ed86295068"
"1.0","euro2008","euro2008_007","Greece_Sweden_2008-06-10","group","group_04","group","team_gre","team_swe",2008-06-10,2008-06-10,"date","euro2008__2008-06-10","Austria",TRUE,"neutral",FALSE,FALSE,0,2,0,2,FALSE,FALSE,"team_swe","completed",TRUE,TRUE,"","martj42/international_results local results+goalscorers+shootouts snapshot",2008-06-10,"CC0-1.0","aff3d9e76c690f09d9071d6a6abae58905bcf547e9dfe1855c0208d4430f9c19"
"1.0","euro2008","euro2008_008","Spain_Russia_2008-06-10","group","group_04","group","team_esp","team_rus",2008-06-10,2008-06-10,"date","euro2008__2008-06-10","Austria",TRUE,"neutral",FALSE,FALSE,4,1,4,1,FALSE,FALSE,"team_esp","completed",TRUE,TRUE,"","martj42/international_results local results+goalscorers+shootouts snapshot",2008-06-10,"CC0-1.0","c98d9bd39c882dd12d05cc303fd326a1bb8265f2df089f83b2a3707357cc24ea"
"1.0","euro2008","euro2008_009","Czech Republic_Portugal_2008-06-11","group","group_02","group","team_cze","team_por",2008-06-11,2008-06-11,"date","euro2008__2008-06-11","Switzerland",TRUE,"neutral",FALSE,FALSE,1,3,1,3,FALSE,FALSE,"team_por","completed",TRUE,TRUE,"","martj42/international_results local results+goalscorers+shootouts snapshot",2008-06-11,"CC0-1.0","c5e7364d70c43d29a258a51feb9916639b3c363ee5c505e34e6eb6dcfd5dcfbe"
"1.0","euro2008","euro2008_010","Switzerland_Turkey_2008-06-11","group","group_02","group","team_sui","team_tur",2008-06-11,2008-06-11,"date","euro2008__2008-06-11","Switzerland",FALSE,"home",TRUE,FALSE,1,2,1,2,FALSE,FALSE,"team_tur","completed",TRUE,TRUE,"","martj42/international_results local results+goalscorers+shootouts snapshot",2008-06-11,"CC0-1.0","ec1103f67243ffe24e9fdf1ae5fc8801c16e0fb93f8be4e6f71fb209eb58ca28"
"1.0","euro2008","euro2008_011","Austria_Poland_2008-06-12","group","group_01","group","team_aut","team_pol",2008-06-12,2008-06-12,"date","euro2008__2008-06-12","Austria",FALSE,"home",TRUE,FALSE,1,1,1,1,FALSE,FALSE,"","completed",TRUE,TRUE,"","martj42/international_results local results+goalscorers+shootouts snapshot",2008-06-12,"CC0-1.0","825cf6a8de2a339e1054f62c0aceac9a020b8b26c53ec4b9bf88e13b00bd7eb2"
"1.0","euro2008","euro2008_012","Croatia_Germany_2008-06-12","group","group_01","group","team_cro","team_ger",2008-06-12,2008-06-12,"date","euro2008__2008-06-12","Austria",TRUE,"neutral",FALSE,FALSE,2,1,2,1,FALSE,FALSE,"team_cro","completed",TRUE,TRUE,"","martj42/international_results local results+goalscorers+shootouts snapshot",2008-06-12,"CC0-1.0","ac769c447e7a776211a3d287b048dfea70ed8dd403e86a7fb39c2a1142b785d1"
"1.0","euro2008","euro2008_013","Italy_Romania_2008-06-13","group","group_03","group","team_ita","team_rou",2008-06-13,2008-06-13,"date","euro2008__2008-06-13","Switzerland",TRUE,"neutral",FALSE,FALSE,1,1,1,1,FALSE,FALSE,"","completed",TRUE,TRUE,"","martj42/international_results local results+goalscorers+shootouts snapshot",2008-06-13,"CC0-1.0","26a4dafa6bdd61852ec9e95518ed811f1767e0f3a7594621ca808db7d10b0f60"
"1.0","euro2008","euro2008_014","Netherlands_France_2008-06-13","group","group_03","group","team_ned","team_fra",2008-06-13,2008-06-13,"date","euro2008__2008-06-13","Switzerland",TRUE,"neutral",FALSE,FALSE,4,1,4,1,FALSE,FALSE,"team_ned","completed",TRUE,TRUE,"","martj42/international_results local results+goalscorers+shootouts snapshot",2008-06-13,"CC0-1.0","4eb2c3aede55c90ecc2ecd0f4f63ae91204baa4cc307c5d3d2ae2e198438e44a"
"1.0","euro2008","euro2008_015","Greece_Russia_2008-06-14","group","group_04","group","team_gre","team_rus",2008-06-14,2008-06-14,"date","euro2008__2008-06-14","Austria",TRUE,"neutral",FALSE,FALSE,0,1,0,1,FALSE,FALSE,"team_rus","completed",TRUE,TRUE,"","martj42/international_results local results+goalscorers+shootouts snapshot",2008-06-14,"CC0-1.0","02495983099e67b6d1c2ce5634f5638e3b3b6ae30d4974c4c34cfdd25755e424"
"1.0","euro2008","euro2008_016","Sweden_Spain_2008-06-14","group","group_04","group","team_swe","team_esp",2008-06-14,2008-06-14,"date","euro2008__2008-06-14","Austria",TRUE,"neutral",FALSE,FALSE,1,2,1,2,FALSE,FALSE,"team_esp","completed",TRUE,TRUE,"","martj42/international_results local results+goalscorers+shootouts snapshot",2008-06-14,"CC0-1.0","6b0e01ee2d4752fe80647c63b04c0dbc7aab32e15d7d24f44780a6c0075515ec"
"1.0","euro2008","euro2008_017","Switzerland_Portugal_2008-06-15","group","group_02","group","team_sui","team_por",2008-06-15,2008-06-15,"date","euro2008__2008-06-15","Switzerland",FALSE,"home",TRUE,FALSE,2,0,2,0,FALSE,FALSE,"team_sui","completed",TRUE,TRUE,"","martj42/international_results local results+goalscorers+shootouts snapshot",2008-06-15,"CC0-1.0","aa05cb3b287bbbdb8995d715dbbe7844e01922f4d42cb14b8c86394dc40a9e8e"
"1.0","euro2008","euro2008_018","Turkey_Czech Republic_2008-06-15","group","group_02","group","team_tur","team_cze",2008-06-15,2008-06-15,"date","euro2008__2008-06-15","Switzerland",TRUE,"neutral",FALSE,FALSE,3,2,3,2,FALSE,FALSE,"team_tur","completed",TRUE,TRUE,"","martj42/international_results local results+goalscorers+shootouts snapshot",2008-06-15,"CC0-1.0","70bac13534f68085284092d7b5d5ce22fdaeb9e0acaa26bd3f5f7f96d41d0a82"
"1.0","euro2008","euro2008_019","Austria_Germany_2008-06-16","group","group_01","group","team_aut","team_ger",2008-06-16,2008-06-16,"date","euro2008__2008-06-16","Austria",FALSE,"home",TRUE,FALSE,0,1,0,1,FALSE,FALSE,"team_ger","completed",TRUE,TRUE,"","martj42/international_results local results+goalscorers+shootouts snapshot",2008-06-16,"CC0-1.0","0a84d69cc71036ee0bdceb74a3a3c629776df837dd99f0c3f91bb1a6c839d227"
"1.0","euro2008","euro2008_020","Poland_Croatia_2008-06-16","group","group_01","group","team_pol","team_cro",2008-06-16,2008-06-16,"date","euro2008__2008-06-16","Austria",TRUE,"neutral",FALSE,FALSE,0,1,0,1,FALSE,FALSE,"team_cro","completed",TRUE,TRUE,"","martj42/international_results local results+goalscorers+shootouts snapshot",2008-06-16,"CC0-1.0","4e9d56f3365136933bf1fca8fea5c17de20c60476feb9c7993e4f00cf9706572"
"1.0","euro2008","euro2008_021","France_Italy_2008-06-17","group","group_03","group","team_fra","team_ita",2008-06-17,2008-06-17,"date","euro2008__2008-06-17","Switzerland",TRUE,"neutral",FALSE,FALSE,0,2,0,2,FALSE,FALSE,"team_ita","completed",TRUE,TRUE,"","martj42/international_results local results+goalscorers+shootouts snapshot",2008-06-17,"CC0-1.0","be64a797944c3b49306efd7bb74f1f766d1d5dbfcaae0cb3b9a062f96558d3ad"
"1.0","euro2008","euro2008_022","Netherlands_Romania_2008-06-17","group","group_03","group","team_ned","team_rou",2008-06-17,2008-06-17,"date","euro2008__2008-06-17","Switzerland",TRUE,"neutral",FALSE,FALSE,2,0,2,0,FALSE,FALSE,"team_ned","completed",TRUE,TRUE,"","martj42/international_results local results+goalscorers+shootouts snapshot",2008-06-17,"CC0-1.0","4e7d0074c67fc218489965f223d49d3a27af7043c542bcc117153cf8393d0f62"
"1.0","euro2008","euro2008_023","Greece_Spain_2008-06-18","group","group_04","group","team_gre","team_esp",2008-06-18,2008-06-18,"date","euro2008__2008-06-18","Austria",TRUE,"neutral",FALSE,FALSE,1,2,1,2,FALSE,FALSE,"team_esp","completed",TRUE,TRUE,"","martj42/international_results local results+goalscorers+shootouts snapshot",2008-06-18,"CC0-1.0","b10475689d1ca29fe5e03b716e5f9835cc749ec88b65db8ac76793269c9c3e3c"
"1.0","euro2008","euro2008_024","Russia_Sweden_2008-06-18","group","group_04","group","team_rus","team_swe",2008-06-18,2008-06-18,"date","euro2008__2008-06-18","Austria",TRUE,"neutral",FALSE,FALSE,2,0,2,0,FALSE,FALSE,"team_rus","completed",TRUE,TRUE,"","martj42/international_results local results+goalscorers+shootouts snapshot",2008-06-18,"CC0-1.0","c258dab7b62c097eec0f62588c0edca67fac60bb4b3903ce9d9c004402a1f4ee"
"1.0","euro2008","euro2008_025","Portugal_Germany_2008-06-19","quarterfinal","","quarterfinal","team_por","team_ger",2008-06-19,2008-06-19,"date","euro2008__2008-06-19","Switzerland",TRUE,"neutral",FALSE,FALSE,2,3,2,3,FALSE,FALSE,"team_ger","completed",TRUE,TRUE,"","martj42/international_results local results+goalscorers+shootouts snapshot",2008-06-19,"CC0-1.0","92f06c5787e64d8f654dc5ed83915e5a8f32b6fbdce2a4d9396b96dd9d6555ac"
"1.0","euro2008","euro2008_026","Croatia_Turkey_2008-06-20","quarterfinal","","quarterfinal","team_cro","team_tur",2008-06-20,2008-06-20,"date","euro2008__2008-06-20","Austria",TRUE,"neutral",FALSE,FALSE,0,0,1,1,TRUE,TRUE,"team_tur","completed",TRUE,TRUE,"","martj42/international_results local results+goalscorers+shootouts snapshot",2008-06-20,"CC0-1.0","3d05761c1f1a2291243429e0ee608114d251fa2be81f7d5ae6c7ed59c79c6a96"
"1.0","euro2008","euro2008_027","Netherlands_Russia_2008-06-21","quarterfinal","","quarterfinal","team_ned","team_rus",2008-06-21,2008-06-21,"date","euro2008__2008-06-21","Switzerland",TRUE,"neutral",FALSE,FALSE,1,1,1,3,TRUE,FALSE,"team_rus","completed",TRUE,TRUE,"","martj42/international_results local results+goalscorers+shootouts snapshot",2008-06-21,"CC0-1.0","d752b302d76af252dc03673f4dd600d185cc016df16119b951d607c611326598"
"1.0","euro2008","euro2008_028","Spain_Italy_2008-06-22","quarterfinal","","quarterfinal","team_esp","team_ita",2008-06-22,2008-06-22,"date","euro2008__2008-06-22","Austria",TRUE,"neutral",FALSE,FALSE,0,0,0,0,TRUE,TRUE,"team_esp","completed",TRUE,TRUE,"","martj42/international_results local results+goalscorers+shootouts snapshot",2008-06-22,"CC0-1.0","23306db97644b2da814578f39d5d1d31c8076a690e7cfcaf0f9f95719dc9cc79"
"1.0","euro2008","euro2008_029","Germany_Turkey_2008-06-25","semifinal","","semifinal","team_ger","team_tur",2008-06-25,2008-06-25,"date","euro2008__2008-06-25","Switzerland",TRUE,"neutral",FALSE,FALSE,3,2,3,2,FALSE,FALSE,"team_ger","completed",TRUE,TRUE,"","martj42/international_results local results+goalscorers+shootouts snapshot",2008-06-25,"CC0-1.0","614d66e460cdb01cc5429ac1e6225b15293ccbf3804935ec38a665635cd5ce85"
"1.0","euro2008","euro2008_030","Russia_Spain_2008-06-26","semifinal","","semifinal","team_rus","team_esp",2008-06-26,2008-06-26,"date","euro2008__2008-06-26","Austria",TRUE,"neutral",FALSE,FALSE,0,3,0,3,FALSE,FALSE,"team_esp","completed",TRUE,TRUE,"","martj42/international_results local results+goalscorers+shootouts snapshot",2008-06-26,"CC0-1.0","3937b77216e7283c85f8c43bcb246aff53a20a0ad5b2cf4bd1d4520b218f0f31"
"1.0","euro2008","euro2008_031","Germany_Spain_2008-06-29","final","","final","team_ger","team_esp",2008-06-29,2008-06-29,"date","euro2008__2008-06-29","Austria",TRUE,"neutral",FALSE,FALSE,0,1,0,1,FALSE,FALSE,"team_esp","completed",TRUE,TRUE,"","martj42/international_results local results+goalscorers+shootouts snapshot",2008-06-29,"CC0-1.0","1ee9a2c0fb3314bcc42eae9084eca8be342612f9e0bc25c3d48736db4bf05733"
"1.0","euro2012","euro2012_001","Poland_Greece_2012-06-08","group","group_02","group","team_pol","team_gre",2012-06-08,2012-06-08,"date","euro2012__2012-06-08","Poland",FALSE,"home",TRUE,FALSE,1,1,1,1,FALSE,FALSE,"","completed",TRUE,TRUE,"","martj42/international_results local results+goalscorers+shootouts snapshot",2012-06-08,"CC0-1.0","35f831a658ef27c739154cc3d5cda7e894bee7c5442b716300d16c7cac75d441"
"1.0","euro2012","euro2012_002","Russia_Czech Republic_2012-06-08","group","group_02","group","team_rus","team_cze",2012-06-08,2012-06-08,"date","euro2012__2012-06-08","Poland",TRUE,"neutral",FALSE,FALSE,4,1,4,1,FALSE,FALSE,"team_rus","completed",TRUE,TRUE,"","martj42/international_results local results+goalscorers+shootouts snapshot",2012-06-08,"CC0-1.0","b1e20eff85cac338395081bc7a1b53c10f63316ac396b8dff886868229cee787"
"1.0","euro2012","euro2012_003","Germany_Portugal_2012-06-09","group","group_03","group","team_ger","team_por",2012-06-09,2012-06-09,"date","euro2012__2012-06-09","Ukraine",TRUE,"neutral",FALSE,FALSE,1,0,1,0,FALSE,FALSE,"team_ger","completed",TRUE,TRUE,"","martj42/international_results local results+goalscorers+shootouts snapshot",2012-06-09,"CC0-1.0","3171a5f5939d3ee5123b7b87b21e47297c9b93566f075574a0c0b06cdd0cc9c8"
"1.0","euro2012","euro2012_004","Netherlands_Denmark_2012-06-09","group","group_03","group","team_ned","team_den",2012-06-09,2012-06-09,"date","euro2012__2012-06-09","Ukraine",TRUE,"neutral",FALSE,FALSE,0,1,0,1,FALSE,FALSE,"team_den","completed",TRUE,TRUE,"","martj42/international_results local results+goalscorers+shootouts snapshot",2012-06-09,"CC0-1.0","fbfde4a3109925f73a0ee38c864f5789c4fddbc27ed7efc1ee734ab63c5c9c92"
"1.0","euro2012","euro2012_005","Republic of Ireland_Croatia_2012-06-10","group","group_01","group","team_irl","team_cro",2012-06-10,2012-06-10,"date","euro2012__2012-06-10","Poland",TRUE,"neutral",FALSE,FALSE,1,3,1,3,FALSE,FALSE,"team_cro","completed",TRUE,TRUE,"","martj42/international_results local results+goalscorers+shootouts snapshot",2012-06-10,"CC0-1.0","19cb56e02499637b611b0aacdd0f98d70a7bdb7f1ed4118f37ecd2c8b0fece44"
"1.0","euro2012","euro2012_006","Spain_Italy_2012-06-10","group","group_01","group","team_esp","team_ita",2012-06-10,2012-06-10,"date","euro2012__2012-06-10","Poland",TRUE,"neutral",FALSE,FALSE,1,1,1,1,FALSE,FALSE,"","completed",TRUE,TRUE,"","martj42/international_results local results+goalscorers+shootouts snapshot",2012-06-10,"CC0-1.0","4140bea48ac1448fcb6db46a196b328ddfae869b05779eef716d3ed7d1955578"
"1.0","euro2012","euro2012_007","France_England_2012-06-11","group","group_04","group","team_fra","team_eng",2012-06-11,2012-06-11,"date","euro2012__2012-06-11","Ukraine",TRUE,"neutral",FALSE,FALSE,1,1,1,1,FALSE,FALSE,"","completed",TRUE,TRUE,"","martj42/international_results local results+goalscorers+shootouts snapshot",2012-06-11,"CC0-1.0","0c40cf0f4639547b4305b31df17ff6cda2b04df23cbd365c5aa113c004dbffe1"
"1.0","euro2012","euro2012_008","Ukraine_Sweden_2012-06-11","group","group_04","group","team_ukr","team_swe",2012-06-11,2012-06-11,"date","euro2012__2012-06-11","Ukraine",FALSE,"home",TRUE,FALSE,2,1,2,1,FALSE,FALSE,"team_ukr","completed",TRUE,TRUE,"","martj42/international_results local results+goalscorers+shootouts snapshot",2012-06-11,"CC0-1.0","72ca344842d997dfe6e341968d5d83aa7535f8fa5a40c17e28c6446e7066b2e2"
"1.0","euro2012","euro2012_009","Greece_Czech Republic_2012-06-12","group","group_02","group","team_gre","team_cze",2012-06-12,2012-06-12,"date","euro2012__2012-06-12","Poland",TRUE,"neutral",FALSE,FALSE,1,2,1,2,FALSE,FALSE,"team_cze","completed",TRUE,TRUE,"","martj42/international_results local results+goalscorers+shootouts snapshot",2012-06-12,"CC0-1.0","b8808f3d2334384b496dedf29bc5e133e9d04f4031854d3cc00a75ee6bba816e"
"1.0","euro2012","euro2012_010","Poland_Russia_2012-06-12","group","group_02","group","team_pol","team_rus",2012-06-12,2012-06-12,"date","euro2012__2012-06-12","Poland",FALSE,"home",TRUE,FALSE,1,1,1,1,FALSE,FALSE,"","completed",TRUE,TRUE,"","martj42/international_results local results+goalscorers+shootouts snapshot",2012-06-12,"CC0-1.0","f482b5bba0601ff6754cf146567f6e67662f972563317c967ffc82f11a0fec82"
"1.0","euro2012","euro2012_011","Denmark_Portugal_2012-06-13","group","group_03","group","team_den","team_por",2012-06-13,2012-06-13,"date","euro2012__2012-06-13","Ukraine",TRUE,"neutral",FALSE,FALSE,2,3,2,3,FALSE,FALSE,"team_por","completed",TRUE,TRUE,"","martj42/international_results local results+goalscorers+shootouts snapshot",2012-06-13,"CC0-1.0","f3832981f798166435038f11813cef31fa132d4d8c11cbdf1007a24e4a115ab0"
"1.0","euro2012","euro2012_012","Netherlands_Germany_2012-06-13","group","group_03","group","team_ned","team_ger",2012-06-13,2012-06-13,"date","euro2012__2012-06-13","Ukraine",TRUE,"neutral",FALSE,FALSE,1,2,1,2,FALSE,FALSE,"team_ger","completed",TRUE,TRUE,"","martj42/international_results local results+goalscorers+shootouts snapshot",2012-06-13,"CC0-1.0","7b53356436f15af93fbda569f8460c90e2667c5a1f7ff126ffa4741c609ab96e"
"1.0","euro2012","euro2012_013","Italy_Croatia_2012-06-14","group","group_01","group","team_ita","team_cro",2012-06-14,2012-06-14,"date","euro2012__2012-06-14","Poland",TRUE,"neutral",FALSE,FALSE,1,1,1,1,FALSE,FALSE,"","completed",TRUE,TRUE,"","martj42/international_results local results+goalscorers+shootouts snapshot",2012-06-14,"CC0-1.0","cb9ed43f16ae3520a2618841facac9d77600651a69732c9c4aa43af249d7abfe"
"1.0","euro2012","euro2012_014","Spain_Republic of Ireland_2012-06-14","group","group_01","group","team_esp","team_irl",2012-06-14,2012-06-14,"date","euro2012__2012-06-14","Poland",TRUE,"neutral",FALSE,FALSE,4,0,4,0,FALSE,FALSE,"team_esp","completed",TRUE,TRUE,"","martj42/international_results local results+goalscorers+shootouts snapshot",2012-06-14,"CC0-1.0","3480e6fbcde3c9143c7a2d5370a7430a70827afe85c7294c919233c03407b67f"
"1.0","euro2012","euro2012_015","Sweden_England_2012-06-15","group","group_04","group","team_swe","team_eng",2012-06-15,2012-06-15,"date","euro2012__2012-06-15","Ukraine",TRUE,"neutral",FALSE,FALSE,2,3,2,3,FALSE,FALSE,"team_eng","completed",TRUE,TRUE,"","martj42/international_results local results+goalscorers+shootouts snapshot",2012-06-15,"CC0-1.0","cddb39d6f371a88c46dc9c5720d8bd48127d48040bd810d0ced4684be977ca89"
"1.0","euro2012","euro2012_016","Ukraine_France_2012-06-15","group","group_04","group","team_ukr","team_fra",2012-06-15,2012-06-15,"date","euro2012__2012-06-15","Ukraine",FALSE,"home",TRUE,FALSE,0,2,0,2,FALSE,FALSE,"team_fra","completed",TRUE,TRUE,"","martj42/international_results local results+goalscorers+shootouts snapshot",2012-06-15,"CC0-1.0","60ef1947dba62439649ab20e9188b0a236530edcce6e2e003f21255cd2068c36"
"1.0","euro2012","euro2012_017","Greece_Russia_2012-06-16","group","group_02","group","team_gre","team_rus",2012-06-16,2012-06-16,"date","euro2012__2012-06-16","Poland",TRUE,"neutral",FALSE,FALSE,1,0,1,0,FALSE,FALSE,"team_gre","completed",TRUE,TRUE,"","martj42/international_results local results+goalscorers+shootouts snapshot",2012-06-16,"CC0-1.0","ec7a5b42dbc27c6612b86f8f84f5642335acc9b1e6fd90d2e1e6ec5e218ad295"
"1.0","euro2012","euro2012_018","Poland_Czech Republic_2012-06-16","group","group_02","group","team_pol","team_cze",2012-06-16,2012-06-16,"date","euro2012__2012-06-16","Poland",FALSE,"home",TRUE,FALSE,0,1,0,1,FALSE,FALSE,"team_cze","completed",TRUE,TRUE,"","martj42/international_results local results+goalscorers+shootouts snapshot",2012-06-16,"CC0-1.0","d14cb6f8a23e3fa6027d236f78d3dd48f98673a5ee9d86665bca165fb3418945"
"1.0","euro2012","euro2012_019","Denmark_Germany_2012-06-17","group","group_03","group","team_den","team_ger",2012-06-17,2012-06-17,"date","euro2012__2012-06-17","Ukraine",TRUE,"neutral",FALSE,FALSE,1,2,1,2,FALSE,FALSE,"team_ger","completed",TRUE,TRUE,"","martj42/international_results local results+goalscorers+shootouts snapshot",2012-06-17,"CC0-1.0","4ea458b4703994cad4225ca85cf5cb9dbe25c14fffa9a05e22f0a2f0e7a47d33"
"1.0","euro2012","euro2012_020","Portugal_Netherlands_2012-06-17","group","group_03","group","team_por","team_ned",2012-06-17,2012-06-17,"date","euro2012__2012-06-17","Ukraine",TRUE,"neutral",FALSE,FALSE,2,1,2,1,FALSE,FALSE,"team_por","completed",TRUE,TRUE,"","martj42/international_results local results+goalscorers+shootouts snapshot",2012-06-17,"CC0-1.0","19027c04cc22094b2969ed0a37943d2d8a1e479f8525c23a5aa4e311d41a9eee"
"1.0","euro2012","euro2012_021","Croatia_Spain_2012-06-18","group","group_01","group","team_cro","team_esp",2012-06-18,2012-06-18,"date","euro2012__2012-06-18","Poland",TRUE,"neutral",FALSE,FALSE,0,1,0,1,FALSE,FALSE,"team_esp","completed",TRUE,TRUE,"","martj42/international_results local results+goalscorers+shootouts snapshot",2012-06-18,"CC0-1.0","734382034695965ecb9f1be2149053ffc96131c001e922e782eba4fdfa227630"
"1.0","euro2012","euro2012_022","Italy_Republic of Ireland_2012-06-18","group","group_01","group","team_ita","team_irl",2012-06-18,2012-06-18,"date","euro2012__2012-06-18","Poland",TRUE,"neutral",FALSE,FALSE,2,0,2,0,FALSE,FALSE,"team_ita","completed",TRUE,TRUE,"","martj42/international_results local results+goalscorers+shootouts snapshot",2012-06-18,"CC0-1.0","97b83a16794eb4baad5c681f0f3f15ea37b0d1c69c33cc8a26bd8102293c5642"
"1.0","euro2012","euro2012_023","Sweden_France_2012-06-19","group","group_04","group","team_swe","team_fra",2012-06-19,2012-06-19,"date","euro2012__2012-06-19","Ukraine",TRUE,"neutral",FALSE,FALSE,2,0,2,0,FALSE,FALSE,"team_swe","completed",TRUE,TRUE,"","martj42/international_results local results+goalscorers+shootouts snapshot",2012-06-19,"CC0-1.0","b64094bc1d42d1499fbe22ca212fbc60b55133e5be2ae2b60dc08424c6a8fcb1"
"1.0","euro2012","euro2012_024","Ukraine_England_2012-06-19","group","group_04","group","team_ukr","team_eng",2012-06-19,2012-06-19,"date","euro2012__2012-06-19","Ukraine",FALSE,"home",TRUE,FALSE,0,1,0,1,FALSE,FALSE,"team_eng","completed",TRUE,TRUE,"","martj42/international_results local results+goalscorers+shootouts snapshot",2012-06-19,"CC0-1.0","0edccc4fbebf61da908847f86271915f28001a02d195fd4c1efcfc001f58f4fb"
"1.0","euro2012","euro2012_025","Czech Republic_Portugal_2012-06-21","quarterfinal","","quarterfinal","team_cze","team_por",2012-06-21,2012-06-21,"date","euro2012__2012-06-21","Poland",TRUE,"neutral",FALSE,FALSE,0,1,0,1,FALSE,FALSE,"team_por","completed",TRUE,TRUE,"","martj42/international_results local results+goalscorers+shootouts snapshot",2012-06-21,"CC0-1.0","5cf4f85805d40a5489a4dc31c9039ea5bd9e0bdd3c5b5e3355176b1f1acd0c24"
"1.0","euro2012","euro2012_026","Germany_Greece_2012-06-22","quarterfinal","","quarterfinal","team_ger","team_gre",2012-06-22,2012-06-22,"date","euro2012__2012-06-22","Poland",TRUE,"neutral",FALSE,FALSE,4,2,4,2,FALSE,FALSE,"team_ger","completed",TRUE,TRUE,"","martj42/international_results local results+goalscorers+shootouts snapshot",2012-06-22,"CC0-1.0","1c62a5a66e476be6ef71c597c549813f33bc128fef3729a57177f43b3cad391b"
"1.0","euro2012","euro2012_027","Spain_France_2012-06-23","quarterfinal","","quarterfinal","team_esp","team_fra",2012-06-23,2012-06-23,"date","euro2012__2012-06-23","Ukraine",TRUE,"neutral",FALSE,FALSE,2,0,2,0,FALSE,FALSE,"team_esp","completed",TRUE,TRUE,"","martj42/international_results local results+goalscorers+shootouts snapshot",2012-06-23,"CC0-1.0","47bb02c5d4ad689bed5a27ecc5b2e595fb5e9b0eb1908549e32bf27bf1a1a544"
"1.0","euro2012","euro2012_028","England_Italy_2012-06-24","quarterfinal","","quarterfinal","team_eng","team_ita",2012-06-24,2012-06-24,"date","euro2012__2012-06-24","Ukraine",TRUE,"neutral",FALSE,FALSE,0,0,0,0,TRUE,TRUE,"team_ita","completed",TRUE,TRUE,"","martj42/international_results local results+goalscorers+shootouts snapshot",2012-06-24,"CC0-1.0","10b946cccb4e21043103f2ceb5759f1b7278233a430b3ee61f0e0322da8c073d"
"1.0","euro2012","euro2012_029","Portugal_Spain_2012-06-27","semifinal","","semifinal","team_por","team_esp",2012-06-27,2012-06-27,"date","euro2012__2012-06-27","Ukraine",TRUE,"neutral",FALSE,FALSE,0,0,0,0,TRUE,TRUE,"team_esp","completed",TRUE,TRUE,"","martj42/international_results local results+goalscorers+shootouts snapshot",2012-06-27,"CC0-1.0","bd617666521e643f8a997e357be90c2528eeee56006c30e9f5ff82d0f5129534"
"1.0","euro2012","euro2012_030","Germany_Italy_2012-06-28","semifinal","","semifinal","team_ger","team_ita",2012-06-28,2012-06-28,"date","euro2012__2012-06-28","Poland",TRUE,"neutral",FALSE,FALSE,1,2,1,2,FALSE,FALSE,"team_ita","completed",TRUE,TRUE,"","martj42/international_results local results+goalscorers+shootouts snapshot",2012-06-28,"CC0-1.0","263d902d96dfdacdf2acd66e3f9caf6241169f939d2ea4c410aeaf4a401dc2c5"
"1.0","euro2012","euro2012_031","Spain_Italy_2012-07-01","final","","final","team_esp","team_ita",2012-07-01,2012-07-01,"date","euro2012__2012-07-01","Ukraine",TRUE,"neutral",FALSE,FALSE,4,0,4,0,FALSE,FALSE,"team_esp","completed",TRUE,TRUE,"","martj42/international_results local results+goalscorers+shootouts snapshot",2012-07-01,"CC0-1.0","cb02144269ff8b395006cc3dd399d335bd078d0aa5acb074da945d8b911a70cb"
"1.0","euro2016","euro2016_001","France_Romania_2016-06-10","group","group_01","group","team_fra","team_rou",2016-06-10,2016-06-10,"date","euro2016__2016-06-10","France",FALSE,"home",TRUE,FALSE,2,1,2,1,FALSE,FALSE,"team_fra","completed",TRUE,TRUE,"","martj42/international_results local results+goalscorers+shootouts snapshot",2016-06-10,"CC0-1.0","4e3ecc44b65d68d9556201c2323d0a18a03d8f753996a9cc490380537e5093da"
"1.0","euro2016","euro2016_002","Albania_Switzerland_2016-06-11","group","group_01","group","team_alb","team_sui",2016-06-11,2016-06-11,"date","euro2016__2016-06-11","France",TRUE,"neutral",FALSE,FALSE,0,1,0,1,FALSE,FALSE,"team_sui","completed",TRUE,TRUE,"","martj42/international_results local results+goalscorers+shootouts snapshot",2016-06-11,"CC0-1.0","25ef32c4c472ce1becf41c5414621a5ccbbebc0a9dbdee4c14ebd1aeca39ef29"
"1.0","euro2016","euro2016_003","England_Russia_2016-06-11","group","group_05","group","team_eng","team_rus",2016-06-11,2016-06-11,"date","euro2016__2016-06-11","France",TRUE,"neutral",FALSE,FALSE,1,1,1,1,FALSE,FALSE,"","completed",TRUE,TRUE,"","martj42/international_results local results+goalscorers+shootouts snapshot",2016-06-11,"CC0-1.0","31e41c3164eec4275176c6040c34a05bad1d62f980d6732f60f695f46598b523"
"1.0","euro2016","euro2016_004","Wales_Slovakia_2016-06-11","group","group_05","group","team_wal","team_svk",2016-06-11,2016-06-11,"date","euro2016__2016-06-11","France",TRUE,"neutral",FALSE,FALSE,2,1,2,1,FALSE,FALSE,"team_wal","completed",TRUE,TRUE,"","martj42/international_results local results+goalscorers+shootouts snapshot",2016-06-11,"CC0-1.0","66a8acfc6bf75889c7e45007e8221843fa672719bb33df92ddbb6bfb81510439"
"1.0","euro2016","euro2016_005","Germany_Ukraine_2016-06-12","group","group_06","group","team_ger","team_ukr",2016-06-12,2016-06-12,"date","euro2016__2016-06-12","France",TRUE,"neutral",FALSE,FALSE,2,0,2,0,FALSE,FALSE,"team_ger","completed",TRUE,TRUE,"","martj42/international_results local results+goalscorers+shootouts snapshot",2016-06-12,"CC0-1.0","0f6ec871d83a4acb4aa5eeaea78384a74adb238206e428f99ac16fc5f91f8e21"
"1.0","euro2016","euro2016_006","Poland_Ireland, Northern_2016-06-12","group","group_06","group","team_pol","team_nir",2016-06-12,2016-06-12,"date","euro2016__2016-06-12","France",TRUE,"neutral",FALSE,FALSE,1,0,1,0,FALSE,FALSE,"team_pol","completed",TRUE,TRUE,"","martj42/international_results local results+goalscorers+shootouts snapshot",2016-06-12,"CC0-1.0","0f4d0e33d1fe6607e72d376a30a4902d2fd8a586629649bf64af1975d5053dff"
"1.0","euro2016","euro2016_007","Turkey_Croatia_2016-06-12","group","group_04","group","team_tur","team_cro",2016-06-12,2016-06-12,"date","euro2016__2016-06-12","France",TRUE,"neutral",FALSE,FALSE,0,1,0,1,FALSE,FALSE,"team_cro","completed",TRUE,TRUE,"","martj42/international_results local results+goalscorers+shootouts snapshot",2016-06-12,"CC0-1.0","9d176272353f6f0a04f95765aeb02f66d9dd385f6ca990c520b75024abc37291"
"1.0","euro2016","euro2016_008","Belgium_Italy_2016-06-13","group","group_03","group","team_bel","team_ita",2016-06-13,2016-06-13,"date","euro2016__2016-06-13","France",TRUE,"neutral",FALSE,FALSE,0,2,0,2,FALSE,FALSE,"team_ita","completed",TRUE,TRUE,"","martj42/international_results local results+goalscorers+shootouts snapshot",2016-06-13,"CC0-1.0","686e3a3a2d42271e2ab6ea4b747eadf597acedd242ac29c3ad207ce6e0f14cfb"
"1.0","euro2016","euro2016_009","Republic of Ireland_Sweden_2016-06-13","group","group_03","group","team_irl","team_swe",2016-06-13,2016-06-13,"date","euro2016__2016-06-13","France",TRUE,"neutral",FALSE,FALSE,1,1,1,1,FALSE,FALSE,"","completed",TRUE,TRUE,"","martj42/international_results local results+goalscorers+shootouts snapshot",2016-06-13,"CC0-1.0","703553a0a5e796adf1ce918f592424cae3b89eaacd4d903e50edd17070b1732f"
"1.0","euro2016","euro2016_010","Spain_Czech Republic_2016-06-13","group","group_04","group","team_esp","team_cze",2016-06-13,2016-06-13,"date","euro2016__2016-06-13","France",TRUE,"neutral",FALSE,FALSE,1,0,1,0,FALSE,FALSE,"team_esp","completed",TRUE,TRUE,"","martj42/international_results local results+goalscorers+shootouts snapshot",2016-06-13,"CC0-1.0","5ef63e8d54d550f6e95e5a173613d4329b8b2519aaf3a59b6e5b330c66bb0abb"
"1.0","euro2016","euro2016_011","Austria_Hungary_2016-06-14","group","group_02","group","team_aut","team_hun",2016-06-14,2016-06-14,"date","euro2016__2016-06-14","France",TRUE,"neutral",FALSE,FALSE,0,2,0,2,FALSE,FALSE,"team_hun","completed",TRUE,TRUE,"","martj42/international_results local results+goalscorers+shootouts snapshot",2016-06-14,"CC0-1.0","56d7e35a2e3846a379738004decab6d4011a99845fa6f903f1419c27dd891661"
"1.0","euro2016","euro2016_012","Portugal_Iceland_2016-06-14","group","group_02","group","team_por","team_isl",2016-06-14,2016-06-14,"date","euro2016__2016-06-14","France",TRUE,"neutral",FALSE,FALSE,1,1,1,1,FALSE,FALSE,"","completed",TRUE,TRUE,"","martj42/international_results local results+goalscorers+shootouts snapshot",2016-06-14,"CC0-1.0","17f6ba7ded8cab1c97e5c7f42e060f07fe344635e09a1bf153ee82f9044858b5"
"1.0","euro2016","euro2016_013","France_Albania_2016-06-15","group","group_01","group","team_fra","team_alb",2016-06-15,2016-06-15,"date","euro2016__2016-06-15","France",FALSE,"home",TRUE,FALSE,2,0,2,0,FALSE,FALSE,"team_fra","completed",TRUE,TRUE,"","martj42/international_results local results+goalscorers+shootouts snapshot",2016-06-15,"CC0-1.0","fe6bdf726231712a858fe3d32ab714639b42913fa80d52f8798933a2ae97ab98"
"1.0","euro2016","euro2016_014","Romania_Switzerland_2016-06-15","group","group_01","group","team_rou","team_sui",2016-06-15,2016-06-15,"date","euro2016__2016-06-15","France",TRUE,"neutral",FALSE,FALSE,1,1,1,1,FALSE,FALSE,"","completed",TRUE,TRUE,"","martj42/international_results local results+goalscorers+shootouts snapshot",2016-06-15,"CC0-1.0","e36f13dcbf2393168553c247817e31f32ac8e5c322c53104f636074aab0e21dd"
"1.0","euro2016","euro2016_015","Russia_Slovakia_2016-06-15","group","group_05","group","team_rus","team_svk",2016-06-15,2016-06-15,"date","euro2016__2016-06-15","France",TRUE,"neutral",FALSE,FALSE,1,2,1,2,FALSE,FALSE,"team_svk","completed",TRUE,TRUE,"","martj42/international_results local results+goalscorers+shootouts snapshot",2016-06-15,"CC0-1.0","9b623d56a4fecefc120630ce067aa364f893ab1d3227d71aee2376834c682aed"
"1.0","euro2016","euro2016_016","England_Wales_2016-06-16","group","group_05","group","team_eng","team_wal",2016-06-16,2016-06-16,"date","euro2016__2016-06-16","France",TRUE,"neutral",FALSE,FALSE,2,1,2,1,FALSE,FALSE,"team_eng","completed",TRUE,TRUE,"","martj42/international_results local results+goalscorers+shootouts snapshot",2016-06-16,"CC0-1.0","4d45947817f851eefdde644b7d60c012a5a9b52c2f55d66bc7bc723323607e19"
"1.0","euro2016","euro2016_017","Germany_Poland_2016-06-16","group","group_06","group","team_ger","team_pol",2016-06-16,2016-06-16,"date","euro2016__2016-06-16","France",TRUE,"neutral",FALSE,FALSE,0,0,0,0,FALSE,FALSE,"","completed",TRUE,TRUE,"","martj42/international_results local results+goalscorers+shootouts snapshot",2016-06-16,"CC0-1.0","107ee588fcbf8262d1a5b54c0e002afa92a00cf12f184be839279856bbb83aab"
"1.0","euro2016","euro2016_018","Ukraine_Ireland, Northern_2016-06-16","group","group_06","group","team_ukr","team_nir",2016-06-16,2016-06-16,"date","euro2016__2016-06-16","France",TRUE,"neutral",FALSE,FALSE,0,2,0,2,FALSE,FALSE,"","completed",TRUE,TRUE,"","martj42/international_results local results+goalscorers+shootouts snapshot",2016-06-16,"CC0-1.0","d861e84d9715b414f297ec31c375408ab88a9e21fce42b5bc4392e4decc46ad0"
"1.0","euro2016","euro2016_019","Czech Republic_Croatia_2016-06-17","group","group_04","group","team_cze","team_cro",2016-06-17,2016-06-17,"date","euro2016__2016-06-17","France",TRUE,"neutral",FALSE,FALSE,2,2,2,2,FALSE,FALSE,"","completed",TRUE,TRUE,"","martj42/international_results local results+goalscorers+shootouts snapshot",2016-06-17,"CC0-1.0","8b9b0bc89be00b9e6e0b124dd15d818ce1ed94a322a0a1eb9b5eae5e493010e1"
"1.0","euro2016","euro2016_020","Italy_Sweden_2016-06-17","group","group_03","group","team_ita","team_swe",2016-06-17,2016-06-17,"date","euro2016__2016-06-17","France",TRUE,"neutral",FALSE,FALSE,1,0,1,0,FALSE,FALSE,"team_ita","completed",TRUE,TRUE,"","martj42/international_results local results+goalscorers+shootouts snapshot",2016-06-17,"CC0-1.0","a3d7571438fa212e39bbf9ecbe42425a177154697d68c07ab82f37f1c6704f0a"
"1.0","euro2016","euro2016_021","Spain_Turkey_2016-06-17","group","group_04","group","team_esp","team_tur",2016-06-17,2016-06-17,"date","euro2016__2016-06-17","France",TRUE,"neutral",FALSE,FALSE,3,0,3,0,FALSE,FALSE,"team_esp","completed",TRUE,TRUE,"","martj42/international_results local results+goalscorers+shootouts snapshot",2016-06-17,"CC0-1.0","387850d573327becb464032f17fe283bbf2c24b7adefe7b2b69d151e80f5afc7"
"1.0","euro2016","euro2016_022","Belgium_Republic of Ireland_2016-06-18","group","group_03","group","team_bel","team_irl",2016-06-18,2016-06-18,"date","euro2016__2016-06-18","France",TRUE,"neutral",FALSE,FALSE,3,0,3,0,FALSE,FALSE,"team_bel","completed",TRUE,TRUE,"","martj42/international_results local results+goalscorers+shootouts snapshot",2016-06-18,"CC0-1.0","00a95725be833416ed01900713017fa51515e08db27d7e4d74f38fe6ad2076d3"
"1.0","euro2016","euro2016_023","Iceland_Hungary_2016-06-18","group","group_02","group","team_isl","team_hun",2016-06-18,2016-06-18,"date","euro2016__2016-06-18","France",TRUE,"neutral",FALSE,FALSE,1,1,1,1,FALSE,FALSE,"","completed",TRUE,TRUE,"","martj42/international_results local results+goalscorers+shootouts snapshot",2016-06-18,"CC0-1.0","273f3dfccbf1f6ea481ef305822bfa3821180b14ef35962fa635a04eb99ae27c"
"1.0","euro2016","euro2016_024","Portugal_Austria_2016-06-18","group","group_02","group","team_por","team_aut",2016-06-18,2016-06-18,"date","euro2016__2016-06-18","France",TRUE,"neutral",FALSE,FALSE,0,0,0,0,FALSE,FALSE,"","completed",TRUE,TRUE,"","martj42/international_results local results+goalscorers+shootouts snapshot",2016-06-18,"CC0-1.0","76113f77a97128f03b53783993e11a5d8926baae212ba4e648335063d8ed1319"
"1.0","euro2016","euro2016_025","France_Switzerland_2016-06-19","group","group_01","group","team_fra","team_sui",2016-06-19,2016-06-19,"date","euro2016__2016-06-19","France",FALSE,"home",TRUE,FALSE,0,0,0,0,FALSE,FALSE,"","completed",TRUE,TRUE,"","martj42/international_results local results+goalscorers+shootouts snapshot",2016-06-19,"CC0-1.0","842ddbec56662431b113f0cdeb665b2f880ecbc6c3f581ace978d42ff50b4297"
"1.0","euro2016","euro2016_026","Romania_Albania_2016-06-19","group","group_01","group","team_rou","team_alb",2016-06-19,2016-06-19,"date","euro2016__2016-06-19","France",TRUE,"neutral",FALSE,FALSE,0,1,0,1,FALSE,FALSE,"team_alb","completed",TRUE,TRUE,"","martj42/international_results local results+goalscorers+shootouts snapshot",2016-06-19,"CC0-1.0","c2e8ec797926e6ebd097b9b7e9723357486e1a1337758daad8de4bd178dfb658"
"1.0","euro2016","euro2016_027","Russia_Wales_2016-06-20","group","group_05","group","team_rus","team_wal",2016-06-20,2016-06-20,"date","euro2016__2016-06-20","France",TRUE,"neutral",FALSE,FALSE,0,3,0,3,FALSE,FALSE,"team_wal","completed",TRUE,TRUE,"","martj42/international_results local results+goalscorers+shootouts snapshot",2016-06-20,"CC0-1.0","7e1798f8466c994b1f8ce467da7867ac164910c6b35cf3d4975108fe722e32f6"
"1.0","euro2016","euro2016_028","Slovakia_England_2016-06-20","group","group_05","group","team_svk","team_eng",2016-06-20,2016-06-20,"date","euro2016__2016-06-20","France",TRUE,"neutral",FALSE,FALSE,0,0,0,0,FALSE,FALSE,"","completed",TRUE,TRUE,"","martj42/international_results local results+goalscorers+shootouts snapshot",2016-06-20,"CC0-1.0","8c0b7bcfbf129ff061555b44dd2d3e26c5145e195803583eff28e227bb0dc352"
"1.0","euro2016","euro2016_029","Croatia_Spain_2016-06-21","group","group_04","group","team_cro","team_esp",2016-06-21,2016-06-21,"date","euro2016__2016-06-21","France",TRUE,"neutral",FALSE,FALSE,2,1,2,1,FALSE,FALSE,"team_cro","completed",TRUE,TRUE,"","martj42/international_results local results+goalscorers+shootouts snapshot",2016-06-21,"CC0-1.0","ca3cba01b2b84d1799d5d43d71eea896935c68337fdc0fa76ecabac282e908d8"
"1.0","euro2016","euro2016_030","Czech Republic_Turkey_2016-06-21","group","group_04","group","team_cze","team_tur",2016-06-21,2016-06-21,"date","euro2016__2016-06-21","France",TRUE,"neutral",FALSE,FALSE,0,2,0,2,FALSE,FALSE,"team_tur","completed",TRUE,TRUE,"","martj42/international_results local results+goalscorers+shootouts snapshot",2016-06-21,"CC0-1.0","1fb419e1ff3d77aa2617771f20caf0b5935608225e5280b88826b420369ec5c0"
"1.0","euro2016","euro2016_031","Ireland, Northern_Germany_2016-06-21","group","group_06","group","team_nir","team_ger",2016-06-21,2016-06-21,"date","euro2016__2016-06-21","France",TRUE,"neutral",FALSE,FALSE,0,1,0,1,FALSE,FALSE,"team_ger","completed",TRUE,TRUE,"","martj42/international_results local results+goalscorers+shootouts snapshot",2016-06-21,"CC0-1.0","0eacad1653039785d0f624c5931cc61927aff4ba5cecc493ee07afa3ad22be19"
"1.0","euro2016","euro2016_032","Ukraine_Poland_2016-06-21","group","group_06","group","team_ukr","team_pol",2016-06-21,2016-06-21,"date","euro2016__2016-06-21","France",TRUE,"neutral",FALSE,FALSE,0,1,0,1,FALSE,FALSE,"team_pol","completed",TRUE,TRUE,"","martj42/international_results local results+goalscorers+shootouts snapshot",2016-06-21,"CC0-1.0","caf74adc94551bf01b5860ac57d556e97887c3ee2312f888c771a9902f41945e"
"1.0","euro2016","euro2016_033","Hungary_Portugal_2016-06-22","group","group_02","group","team_hun","team_por",2016-06-22,2016-06-22,"date","euro2016__2016-06-22","France",TRUE,"neutral",FALSE,FALSE,3,3,3,3,FALSE,FALSE,"","completed",TRUE,TRUE,"","martj42/international_results local results+goalscorers+shootouts snapshot",2016-06-22,"CC0-1.0","522015fa051c6100829905b4014c2bceb9eb4cb36bd1faedb7689c7506e1084b"
"1.0","euro2016","euro2016_034","Iceland_Austria_2016-06-22","group","group_02","group","team_isl","team_aut",2016-06-22,2016-06-22,"date","euro2016__2016-06-22","France",TRUE,"neutral",FALSE,FALSE,2,1,2,1,FALSE,FALSE,"team_isl","completed",TRUE,TRUE,"","martj42/international_results local results+goalscorers+shootouts snapshot",2016-06-22,"CC0-1.0","27d920abd22f7600c61f1a71b50ea8841904901267d87d359e35b82274831770"
"1.0","euro2016","euro2016_035","Italy_Republic of Ireland_2016-06-22","group","group_03","group","team_ita","team_irl",2016-06-22,2016-06-22,"date","euro2016__2016-06-22","France",TRUE,"neutral",FALSE,FALSE,0,1,0,1,FALSE,FALSE,"team_irl","completed",TRUE,TRUE,"","martj42/international_results local results+goalscorers+shootouts snapshot",2016-06-22,"CC0-1.0","921827810209fd3ce5867568f2ae6f8693060bb47e11293b6621b7904a5eceed"
"1.0","euro2016","euro2016_036","Sweden_Belgium_2016-06-22","group","group_03","group","team_swe","team_bel",2016-06-22,2016-06-22,"date","euro2016__2016-06-22","France",TRUE,"neutral",FALSE,FALSE,0,1,0,1,FALSE,FALSE,"team_bel","completed",TRUE,TRUE,"","martj42/international_results local results+goalscorers+shootouts snapshot",2016-06-22,"CC0-1.0","92297d089ea08e56df767f5d028d710a3135fd2b0eaa93b0816a2b2a65d3fc47"
"1.0","euro2016","euro2016_037","Croatia_Portugal_2016-06-25","round_of_16","","round_of_16","team_cro","team_por",2016-06-25,2016-06-25,"date","euro2016__2016-06-25","France",TRUE,"neutral",FALSE,FALSE,0,0,0,1,TRUE,FALSE,"team_por","completed",TRUE,TRUE,"","martj42/international_results local results+goalscorers+shootouts snapshot",2016-06-25,"CC0-1.0","f99ba5dfd7bf12c9ce426f8f5668016151f0cd9d29ea8a5aa04c8f9abfaff70e"
"1.0","euro2016","euro2016_038","Switzerland_Poland_2016-06-25","round_of_16","","round_of_16","team_sui","team_pol",2016-06-25,2016-06-25,"date","euro2016__2016-06-25","France",TRUE,"neutral",FALSE,FALSE,1,1,1,1,TRUE,TRUE,"team_pol","completed",TRUE,TRUE,"","martj42/international_results local results+goalscorers+shootouts snapshot",2016-06-25,"CC0-1.0","6947f82abfe5c018b093228950f5c59f7e6217bb3a870d881142c24af616f334"
"1.0","euro2016","euro2016_039","Wales_Ireland, Northern_2016-06-25","round_of_16","","round_of_16","team_wal","team_nir",2016-06-25,2016-06-25,"date","euro2016__2016-06-25","France",TRUE,"neutral",FALSE,FALSE,1,0,1,0,FALSE,FALSE,"team_wal","completed",TRUE,TRUE,"","martj42/international_results local results+goalscorers+shootouts snapshot",2016-06-25,"CC0-1.0","96b62d166f08cd2a44353ba98522a90f6847bf64d78ffab88303ea3b01c51755"
"1.0","euro2016","euro2016_040","France_Republic of Ireland_2016-06-26","round_of_16","","round_of_16","team_fra","team_irl",2016-06-26,2016-06-26,"date","euro2016__2016-06-26","France",FALSE,"home",TRUE,FALSE,2,1,2,1,FALSE,FALSE,"team_fra","completed",TRUE,TRUE,"","martj42/international_results local results+goalscorers+shootouts snapshot",2016-06-26,"CC0-1.0","b30ec0b0d7e02f6a353efe43a9c64724f61810774b556014522e186a1fe7bbbb"
"1.0","euro2016","euro2016_041","Germany_Slovakia_2016-06-26","round_of_16","","round_of_16","team_ger","team_svk",2016-06-26,2016-06-26,"date","euro2016__2016-06-26","France",TRUE,"neutral",FALSE,FALSE,3,0,3,0,FALSE,FALSE,"team_ger","completed",TRUE,TRUE,"","martj42/international_results local results+goalscorers+shootouts snapshot",2016-06-26,"CC0-1.0","faf4c4321806cc41336587d0976b2ebdaf6b9973bd6adb581db54202c935165b"
"1.0","euro2016","euro2016_042","Hungary_Belgium_2016-06-26","round_of_16","","round_of_16","team_hun","team_bel",2016-06-26,2016-06-26,"date","euro2016__2016-06-26","France",TRUE,"neutral",FALSE,FALSE,0,4,0,4,FALSE,FALSE,"team_bel","completed",TRUE,TRUE,"","martj42/international_results local results+goalscorers+shootouts snapshot",2016-06-26,"CC0-1.0","20c10c8c46690e2017ca7ab873988a242c8ca48012b3cd01af7328c39f6ad341"
"1.0","euro2016","euro2016_043","England_Iceland_2016-06-27","round_of_16","","round_of_16","team_eng","team_isl",2016-06-27,2016-06-27,"date","euro2016__2016-06-27","France",TRUE,"neutral",FALSE,FALSE,1,2,1,2,FALSE,FALSE,"team_isl","completed",TRUE,TRUE,"","martj42/international_results local results+goalscorers+shootouts snapshot",2016-06-27,"CC0-1.0","57abc0cc3052de7024c33a409ca0d489c8fdd0db78dd1b1b1858ec4a67244ea0"
"1.0","euro2016","euro2016_044","Italy_Spain_2016-06-27","round_of_16","","round_of_16","team_ita","team_esp",2016-06-27,2016-06-27,"date","euro2016__2016-06-27","France",TRUE,"neutral",FALSE,FALSE,2,0,2,0,FALSE,FALSE,"team_ita","completed",TRUE,TRUE,"","martj42/international_results local results+goalscorers+shootouts snapshot",2016-06-27,"CC0-1.0","a8bb878b5b27f1ed6329d991663896b3a0244768e121b688657ea2be170b32e0"
"1.0","euro2016","euro2016_045","Poland_Portugal_2016-06-30","quarterfinal","","quarterfinal","team_pol","team_por",2016-06-30,2016-06-30,"date","euro2016__2016-06-30","France",TRUE,"neutral",FALSE,FALSE,1,1,1,1,TRUE,TRUE,"team_por","completed",TRUE,TRUE,"","martj42/international_results local results+goalscorers+shootouts snapshot",2016-06-30,"CC0-1.0","06ba7c0c3df22377e785518c6707ea37cc4da671f804a469b4b29c205142c0d1"
"1.0","euro2016","euro2016_046","Wales_Belgium_2016-07-01","quarterfinal","","quarterfinal","team_wal","team_bel",2016-07-01,2016-07-01,"date","euro2016__2016-07-01","France",TRUE,"neutral",FALSE,FALSE,3,1,3,1,FALSE,FALSE,"team_wal","completed",TRUE,TRUE,"","martj42/international_results local results+goalscorers+shootouts snapshot",2016-07-01,"CC0-1.0","459e75ca6141fe0ec5745af4de35fdc597e169e3006641b5320b77416fe6188f"
"1.0","euro2016","euro2016_047","Germany_Italy_2016-07-02","quarterfinal","","quarterfinal","team_ger","team_ita",2016-07-02,2016-07-02,"date","euro2016__2016-07-02","France",TRUE,"neutral",FALSE,FALSE,1,1,1,1,TRUE,TRUE,"team_ger","completed",TRUE,TRUE,"","martj42/international_results local results+goalscorers+shootouts snapshot",2016-07-02,"CC0-1.0","6dfc87e292f82539f5e2b66e053f1601779394c745111e6a398f5d62c4ac5a61"
"1.0","euro2016","euro2016_048","France_Iceland_2016-07-03","quarterfinal","","quarterfinal","team_fra","team_isl",2016-07-03,2016-07-03,"date","euro2016__2016-07-03","France",FALSE,"home",TRUE,FALSE,5,2,5,2,FALSE,FALSE,"team_fra","completed",TRUE,TRUE,"","martj42/international_results local results+goalscorers+shootouts snapshot",2016-07-03,"CC0-1.0","17b8ea5b24637bde7508eae15a4855daf47072c96ca8056f897e26a33fa0ece7"
"1.0","euro2016","euro2016_049","Portugal_Wales_2016-07-06","semifinal","","semifinal","team_por","team_wal",2016-07-06,2016-07-06,"date","euro2016__2016-07-06","France",TRUE,"neutral",FALSE,FALSE,2,0,2,0,FALSE,FALSE,"team_por","completed",TRUE,TRUE,"","martj42/international_results local results+goalscorers+shootouts snapshot",2016-07-06,"CC0-1.0","e22a0b1b4153116397e09427518d493e98299338ea94fc438a43e7d54f1a8038"
"1.0","euro2016","euro2016_050","France_Germany_2016-07-07","semifinal","","semifinal","team_fra","team_ger",2016-07-07,2016-07-07,"date","euro2016__2016-07-07","France",FALSE,"home",TRUE,FALSE,2,0,2,0,FALSE,FALSE,"team_fra","completed",TRUE,TRUE,"","martj42/international_results local results+goalscorers+shootouts snapshot",2016-07-07,"CC0-1.0","cf01d9758cf208be737f30435e0ca10cce1952939c97c10314ab9dd4085aaeb8"
"1.0","euro2016","euro2016_051","France_Portugal_2016-07-10","final","","final","team_fra","team_por",2016-07-10,2016-07-10,"date","euro2016__2016-07-10","France",FALSE,"home",TRUE,FALSE,0,0,0,1,TRUE,FALSE,"team_por","completed",TRUE,TRUE,"","martj42/international_results local results+goalscorers+shootouts snapshot",2016-07-10,"CC0-1.0","61fdf0aacdba21779a28a6d6e3f01d1689438a0ab7f244bfd89d5b8c5797e1e0"
"1.0","euro2020","euro2020_001","Italy_Turkey_2021-06-11","group","group_05","group","team_ita","team_tur",2021-06-11,2021-06-11,"date","euro2020__2021-06-11","Italy",FALSE,"home",TRUE,FALSE,3,0,3,0,FALSE,FALSE,"team_ita","completed",TRUE,TRUE,"","martj42/international_results local results+goalscorers+shootouts snapshot",2021-06-11,"CC0-1.0","2bce8a5ee1d7c0ade1368853847d155a2c96e556c6fc59503c60adf78d749dcd"
"1.0","euro2020","euro2020_002","Wales_Switzerland_2021-06-12","group","group_05","group","team_wal","team_sui",2021-06-12,2021-06-12,"date","euro2020__2021-06-12","Wales",FALSE,"home",FALSE,FALSE,1,1,1,1,FALSE,FALSE,"","completed",TRUE,TRUE,"","martj42/international_results local results+goalscorers+shootouts snapshot",2021-06-12,"CC0-1.0","7437e3778cce2850d63523e5276f2cde543912bbd80cb8a356a76ccdfcbc96d1"
"1.0","euro2020","euro2020_003","Denmark_Finland_2021-06-12","group","group_02","group","team_den","team_fin",2021-06-12,2021-06-12,"date","euro2020__2021-06-12","Denmark",FALSE,"home",TRUE,FALSE,0,1,0,1,FALSE,FALSE,"team_fin","completed",TRUE,TRUE,"","martj42/international_results local results+goalscorers+shootouts snapshot",2021-06-12,"CC0-1.0","4397c8139deb53a9cf69f06c653c5b367c6d3c74067fdc1bdc196164c36482f0"
"1.0","euro2020","euro2020_004","Russia_Belgium_2021-06-12","group","group_02","group","team_rus","team_bel",2021-06-12,2021-06-12,"date","euro2020__2021-06-12","Russia",FALSE,"home",TRUE,FALSE,0,3,0,3,FALSE,FALSE,"team_bel","completed",TRUE,TRUE,"","martj42/international_results local results+goalscorers+shootouts snapshot",2021-06-12,"CC0-1.0","08969450bbcbcb2b4012cbfda996a247710b77fedabc37734e518398e490ac84"
"1.0","euro2020","euro2020_005","Austria_Macedonia_2021-06-13","group","group_01","group","team_aut","team_mkd",2021-06-13,2021-06-13,"date","euro2020__2021-06-13","Romania",TRUE,"neutral",FALSE,FALSE,3,1,3,1,FALSE,FALSE,"team_aut","completed",TRUE,TRUE,"","martj42/international_results local results+goalscorers+shootouts snapshot",2021-06-13,"CC0-1.0","d71107e394839efeddb31418115c5a750ad429bf76086697670ead66345bd0b6"
"1.0","euro2020","euro2020_006","Netherlands_Ukraine_2021-06-13","group","group_01","group","team_ned","team_ukr",2021-06-13,2021-06-13,"date","euro2020__2021-06-13","Netherlands",FALSE,"home",TRUE,FALSE,3,2,3,2,FALSE,FALSE,"team_ned","completed",TRUE,TRUE,"","martj42/international_results local results+goalscorers+shootouts snapshot",2021-06-13,"CC0-1.0","ed296ea640a4100d911bb986ed0f9371b5efac1645da8eb5cfc29969b7572468"
"1.0","euro2020","euro2020_007","England_Croatia_2021-06-13","group","group_03","group","team_eng","team_cro",2021-06-13,2021-06-13,"date","euro2020__2021-06-13","England",FALSE,"home",TRUE,FALSE,1,0,1,0,FALSE,FALSE,"team_eng","completed",TRUE,TRUE,"","martj42/international_results local results+goalscorers+shootouts snapshot",2021-06-13,"CC0-1.0","deba03337c0af330ea2d1cc4304352e3bd62841b7c963dc2b1dea18b187335d3"
"1.0","euro2020","euro2020_008","Scotland_Czech Republic_2021-06-14","group","group_03","group","team_sco","team_cze",2021-06-14,2021-06-14,"date","euro2020__2021-06-14","Scotland",FALSE,"home",TRUE,FALSE,0,2,0,2,FALSE,FALSE,"team_cze","completed",TRUE,TRUE,"","martj42/international_results local results+goalscorers+shootouts snapshot",2021-06-14,"CC0-1.0","2c2969222b1cd87c2f29e79e54f322474013d159d6a034084d399039194a7e92"
"1.0","euro2020","euro2020_009","Poland_Slovakia_2021-06-14","group","group_06","group","team_pol","team_svk",2021-06-14,2021-06-14,"date","euro2020__2021-06-14","Russia",TRUE,"neutral",FALSE,FALSE,1,2,1,2,FALSE,FALSE,"team_svk","completed",TRUE,TRUE,"","martj42/international_results local results+goalscorers+shootouts snapshot",2021-06-14,"CC0-1.0","f56027c7e305177e40baba05fa431a42a01350cf3b5a008a4f9b000df31e884c"
"1.0","euro2020","euro2020_010","Spain_Sweden_2021-06-14","group","group_06","group","team_esp","team_swe",2021-06-14,2021-06-14,"date","euro2020__2021-06-14","Spain",FALSE,"home",TRUE,FALSE,0,0,0,0,FALSE,FALSE,"","completed",TRUE,TRUE,"","martj42/international_results local results+goalscorers+shootouts snapshot",2021-06-14,"CC0-1.0","108460a94a91569d4d14992fcbe6f526398362c14d164bb983d8a8fbc901592b"
"1.0","euro2020","euro2020_011","Hungary_Portugal_2021-06-15","group","group_04","group","team_hun","team_por",2021-06-15,2021-06-15,"date","euro2020__2021-06-15","Hungary",FALSE,"home",TRUE,FALSE,0,3,0,3,FALSE,FALSE,"team_por","completed",TRUE,TRUE,"","martj42/international_results local results+goalscorers+shootouts snapshot",2021-06-15,"CC0-1.0","c53cc45aaefa66d86129bde332d56cd6bbbe4488b5032c8aebf865294e0c6479"
"1.0","euro2020","euro2020_012","Germany_France_2021-06-15","group","group_04","group","team_ger","team_fra",2021-06-15,2021-06-15,"date","euro2020__2021-06-15","Germany",FALSE,"home",TRUE,FALSE,0,1,0,1,FALSE,FALSE,"team_fra","completed",TRUE,TRUE,"","martj42/international_results local results+goalscorers+shootouts snapshot",2021-06-15,"CC0-1.0","283ffcba739c4d7b71397244f0f445a5068a99c0fcaa8d963324eafaf14ea050"
"1.0","euro2020","euro2020_013","Turkey_Wales_2021-06-16","group","group_05","group","team_tur","team_wal",2021-06-16,2021-06-16,"date","euro2020__2021-06-16","Azerbaijan",TRUE,"neutral",FALSE,FALSE,0,2,0,2,FALSE,FALSE,"team_wal","completed",TRUE,TRUE,"","martj42/international_results local results+goalscorers+shootouts snapshot",2021-06-16,"CC0-1.0","7d676ec6e26106c41f5407eddd15caa6deea864044ec1293787f06ce7cd09fd8"
"1.0","euro2020","euro2020_014","Italy_Switzerland_2021-06-16","group","group_05","group","team_ita","team_sui",2021-06-16,2021-06-16,"date","euro2020__2021-06-16","Italy",FALSE,"home",TRUE,FALSE,3,0,3,0,FALSE,FALSE,"team_ita","completed",TRUE,TRUE,"","martj42/international_results local results+goalscorers+shootouts snapshot",2021-06-16,"CC0-1.0","81714310018135ffbb88da11209e693ee807644f252f117eaac1020bdccf39b1"
"1.0","euro2020","euro2020_015","Russia_Finland_2021-06-16","group","group_02","group","team_rus","team_fin",2021-06-16,2021-06-16,"date","euro2020__2021-06-16","Russia",FALSE,"home",TRUE,FALSE,1,0,1,0,FALSE,FALSE,"team_rus","completed",TRUE,TRUE,"","martj42/international_results local results+goalscorers+shootouts snapshot",2021-06-16,"CC0-1.0","3ae168c150f16b3e11749635efc03a4def32ef6bf67d56df7b6483e885247c20"
"1.0","euro2020","euro2020_016","Denmark_Belgium_2021-06-17","group","group_02","group","team_den","team_bel",2021-06-17,2021-06-17,"date","euro2020__2021-06-17","Denmark",FALSE,"home",TRUE,FALSE,1,2,1,2,FALSE,FALSE,"team_bel","completed",TRUE,TRUE,"","martj42/international_results local results+goalscorers+shootouts snapshot",2021-06-17,"CC0-1.0","41e2139fe91dfe44b5608b5114378e38413e8753f0608cb58753af1b5aedda62"
"1.0","euro2020","euro2020_017","Ukraine_Macedonia_2021-06-17","group","group_01","group","team_ukr","team_mkd",2021-06-17,2021-06-17,"date","euro2020__2021-06-17","Romania",TRUE,"neutral",FALSE,FALSE,2,1,2,1,FALSE,FALSE,"team_ukr","completed",TRUE,TRUE,"","martj42/international_results local results+goalscorers+shootouts snapshot",2021-06-17,"CC0-1.0","5154e6d4a43f49c1e236aeab503ea0f11ea2967b57d50d60de29532dce190410"
"1.0","euro2020","euro2020_018","Netherlands_Austria_2021-06-17","group","group_01","group","team_ned","team_aut",2021-06-17,2021-06-17,"date","euro2020__2021-06-17","Netherlands",FALSE,"home",TRUE,FALSE,2,0,2,0,FALSE,FALSE,"team_ned","completed",TRUE,TRUE,"","martj42/international_results local results+goalscorers+shootouts snapshot",2021-06-17,"CC0-1.0","9e227c8be38cee1a5b6332103121eb612930a8cf20c9c9523a3ab3cb4be4e432"
"1.0","euro2020","euro2020_019","Croatia_Czech Republic_2021-06-18","group","group_03","group","team_cro","team_cze",2021-06-18,2021-06-18,"date","euro2020__2021-06-18","Scotland",TRUE,"neutral",FALSE,FALSE,1,1,1,1,FALSE,FALSE,"","completed",TRUE,TRUE,"","martj42/international_results local results+goalscorers+shootouts snapshot",2021-06-18,"CC0-1.0","fd168cef408f9b875a50fce7d6e2cba5505354f64b9ed0d65d07a8563f07c0a8"
"1.0","euro2020","euro2020_020","England_Scotland_2021-06-18","group","group_03","group","team_eng","team_sco",2021-06-18,2021-06-18,"date","euro2020__2021-06-18","England",FALSE,"home",TRUE,TRUE,0,0,0,0,FALSE,FALSE,"","completed",TRUE,TRUE,"","martj42/international_results local results+goalscorers+shootouts snapshot",2021-06-18,"CC0-1.0","b6e91d08a372dc1e175b43d902261a9070662a669b4a1f0f6faa1b296c349f68"
"1.0","euro2020","euro2020_021","Sweden_Slovakia_2021-06-18","group","group_06","group","team_swe","team_svk",2021-06-18,2021-06-18,"date","euro2020__2021-06-18","Russia",TRUE,"neutral",FALSE,FALSE,1,0,1,0,FALSE,FALSE,"team_swe","completed",TRUE,TRUE,"","martj42/international_results local results+goalscorers+shootouts snapshot",2021-06-18,"CC0-1.0","318e7238052828c79dde536267c07caff5e9dfc9e05779d014d2b093390238a8"
"1.0","euro2020","euro2020_022","Spain_Poland_2021-06-19","group","group_06","group","team_esp","team_pol",2021-06-19,2021-06-19,"date","euro2020__2021-06-19","Spain",FALSE,"home",TRUE,FALSE,1,1,1,1,FALSE,FALSE,"","completed",TRUE,TRUE,"","martj42/international_results local results+goalscorers+shootouts snapshot",2021-06-19,"CC0-1.0","a14a61604c71f7a956cd2a92b05cb56fd05a7b5287f19c76b1da3621c9d3c336"
"1.0","euro2020","euro2020_023","Hungary_France_2021-06-19","group","group_04","group","team_hun","team_fra",2021-06-19,2021-06-19,"date","euro2020__2021-06-19","Hungary",FALSE,"home",TRUE,FALSE,1,1,1,1,FALSE,FALSE,"","completed",TRUE,TRUE,"","martj42/international_results local results+goalscorers+shootouts snapshot",2021-06-19,"CC0-1.0","598f72d5eba573c34e5eb3b34cc56afa68f8c95d95fcbaf16af8688bfa85c31c"
"1.0","euro2020","euro2020_024","Germany_Portugal_2021-06-19","group","group_04","group","team_ger","team_por",2021-06-19,2021-06-19,"date","euro2020__2021-06-19","Germany",FALSE,"home",TRUE,FALSE,4,2,4,2,FALSE,FALSE,"team_ger","completed",TRUE,TRUE,"","martj42/international_results local results+goalscorers+shootouts snapshot",2021-06-19,"CC0-1.0","67ce91216064c3b8aaee99900cdfb16363f5b711254c75bdaefcfa1d69166333"
"1.0","euro2020","euro2020_025","Italy_Wales_2021-06-20","group","group_05","group","team_ita","team_wal",2021-06-20,2021-06-20,"date","euro2020__2021-06-20","Italy",FALSE,"home",TRUE,FALSE,1,0,1,0,FALSE,FALSE,"team_ita","completed",TRUE,TRUE,"","martj42/international_results local results+goalscorers+shootouts snapshot",2021-06-20,"CC0-1.0","5674f6ce69b5c92cf9a6c691748cbbc9f4b92ca5d047653a6bbc60f13db34dc0"
"1.0","euro2020","euro2020_026","Switzerland_Turkey_2021-06-20","group","group_05","group","team_sui","team_tur",2021-06-20,2021-06-20,"date","euro2020__2021-06-20","Azerbaijan",TRUE,"neutral",FALSE,FALSE,3,1,3,1,FALSE,FALSE,"team_sui","completed",TRUE,TRUE,"","martj42/international_results local results+goalscorers+shootouts snapshot",2021-06-20,"CC0-1.0","b66810a630bd7eb41e301b53b43a581b73b6c18d643444f0b03c19732065b828"
"1.0","euro2020","euro2020_027","Denmark_Russia_2021-06-21","group","group_02","group","team_den","team_rus",2021-06-21,2021-06-21,"date","euro2020__2021-06-21","Denmark",FALSE,"home",TRUE,TRUE,4,1,4,1,FALSE,FALSE,"team_den","completed",TRUE,TRUE,"","martj42/international_results local results+goalscorers+shootouts snapshot",2021-06-21,"CC0-1.0","7c8502198b2d0ea69e902a536b69a1994457720758acb0b9a9efd123705407a8"
"1.0","euro2020","euro2020_028","Finland_Belgium_2021-06-21","group","group_02","group","team_fin","team_bel",2021-06-21,2021-06-21,"date","euro2020__2021-06-21","Russia",TRUE,"neutral",FALSE,FALSE,0,2,0,2,FALSE,FALSE,"team_bel","completed",TRUE,TRUE,"","martj42/international_results local results+goalscorers+shootouts snapshot",2021-06-21,"CC0-1.0","a75bce4be65dcc994d176a88c543d54de37a034f83381fcda2a91bcd24857fdd"
"1.0","euro2020","euro2020_029","Netherlands_Macedonia_2021-06-21","group","group_01","group","team_ned","team_mkd",2021-06-21,2021-06-21,"date","euro2020__2021-06-21","Netherlands",FALSE,"home",TRUE,FALSE,3,0,3,0,FALSE,FALSE,"team_ned","completed",TRUE,TRUE,"","martj42/international_results local results+goalscorers+shootouts snapshot",2021-06-21,"CC0-1.0","8747d9ea9e367ebba9698ec6abaa4a4a9d6787981d85af257a7051e4ed2028a3"
"1.0","euro2020","euro2020_030","Ukraine_Austria_2021-06-21","group","group_01","group","team_ukr","team_aut",2021-06-21,2021-06-21,"date","euro2020__2021-06-21","Romania",TRUE,"neutral",FALSE,FALSE,0,1,0,1,FALSE,FALSE,"team_aut","completed",TRUE,TRUE,"","martj42/international_results local results+goalscorers+shootouts snapshot",2021-06-21,"CC0-1.0","731c0c23013ebbd26b8de3ba23d1473250103a8864cc34942f8d6bb74a0245ae"
"1.0","euro2020","euro2020_031","Scotland_Croatia_2021-06-22","group","group_03","group","team_sco","team_cro",2021-06-22,2021-06-22,"date","euro2020__2021-06-22","Scotland",FALSE,"home",TRUE,FALSE,1,3,1,3,FALSE,FALSE,"team_cro","completed",TRUE,TRUE,"","martj42/international_results local results+goalscorers+shootouts snapshot",2021-06-22,"CC0-1.0","3c46eaaa40aaccb96ee396389e448f04c8244860d50f3b0aa58038676b66ad8e"
"1.0","euro2020","euro2020_032","England_Czech Republic_2021-06-22","group","group_03","group","team_eng","team_cze",2021-06-22,2021-06-22,"date","euro2020__2021-06-22","England",FALSE,"home",TRUE,FALSE,1,0,1,0,FALSE,FALSE,"team_eng","completed",TRUE,TRUE,"","martj42/international_results local results+goalscorers+shootouts snapshot",2021-06-22,"CC0-1.0","33406a5c97ef21db7853143ffced8e50dcc3519e8b231d96421740a49f3d6cf1"
"1.0","euro2020","euro2020_033","Spain_Slovakia_2021-06-23","group","group_06","group","team_esp","team_svk",2021-06-23,2021-06-23,"date","euro2020__2021-06-23","Spain",FALSE,"home",TRUE,FALSE,5,0,5,0,FALSE,FALSE,"team_esp","completed",TRUE,TRUE,"","martj42/international_results local results+goalscorers+shootouts snapshot",2021-06-23,"CC0-1.0","356112a767c8d6d5d95e985a0602ffc534d4dd828163f1b0a9eb1a1f4076c5b5"
"1.0","euro2020","euro2020_034","Sweden_Poland_2021-06-23","group","group_06","group","team_swe","team_pol",2021-06-23,2021-06-23,"date","euro2020__2021-06-23","Russia",TRUE,"neutral",FALSE,FALSE,3,2,3,2,FALSE,FALSE,"team_swe","completed",TRUE,TRUE,"","martj42/international_results local results+goalscorers+shootouts snapshot",2021-06-23,"CC0-1.0","ad87d1345f2da5d4a1ba3f483c5d324b67455028da5528fd519ff6837c40e338"
"1.0","euro2020","euro2020_035","Germany_Hungary_2021-06-23","group","group_04","group","team_ger","team_hun",2021-06-23,2021-06-23,"date","euro2020__2021-06-23","Germany",FALSE,"home",TRUE,TRUE,2,2,2,2,FALSE,FALSE,"","completed",TRUE,TRUE,"","martj42/international_results local results+goalscorers+shootouts snapshot",2021-06-23,"CC0-1.0","a4c4099e26c9e6f043554068fdfb114474a601c79dc1f256621e69e4415159af"
"1.0","euro2020","euro2020_036","Portugal_France_2021-06-23","group","group_04","group","team_por","team_fra",2021-06-23,2021-06-23,"date","euro2020__2021-06-23","Hungary",TRUE,"neutral",FALSE,FALSE,2,2,2,2,FALSE,FALSE,"","completed",TRUE,TRUE,"","martj42/international_results local results+goalscorers+shootouts snapshot",2021-06-23,"CC0-1.0","47c97238e2694549160ac5737abd75959cb94e89adaf897fc549cb899325454a"
"1.0","euro2020","euro2020_037","Italy_Austria_2021-06-26","round_of_16","","round_of_16","team_ita","team_aut",2021-06-26,2021-06-26,"date","euro2020__2021-06-26","England",TRUE,"neutral",TRUE,FALSE,0,0,2,1,TRUE,FALSE,"team_ita","completed",TRUE,TRUE,"","martj42/international_results local results+goalscorers+shootouts snapshot",2021-06-26,"CC0-1.0","0800cef3e053c4dae6f87b6f0420e7c4b80b7965526893f9c8895a026c1e6e97"
"1.0","euro2020","euro2020_038","Wales_Denmark_2021-06-26","round_of_16","","round_of_16","team_wal","team_den",2021-06-26,2021-06-26,"date","euro2020__2021-06-26","Netherlands",TRUE,"neutral",FALSE,TRUE,0,4,0,4,FALSE,FALSE,"team_den","completed",TRUE,TRUE,"","martj42/international_results local results+goalscorers+shootouts snapshot",2021-06-26,"CC0-1.0","d79e18952d74abe22ae5617908a9f68ad4367c639db4b962cd62e86b949fedd5"
"1.0","euro2020","euro2020_039","Netherlands_Czech Republic_2021-06-27","round_of_16","","round_of_16","team_ned","team_cze",2021-06-27,2021-06-27,"date","euro2020__2021-06-27","Hungary",TRUE,"neutral",TRUE,FALSE,0,2,0,2,FALSE,FALSE,"team_cze","completed",TRUE,TRUE,"","martj42/international_results local results+goalscorers+shootouts snapshot",2021-06-27,"CC0-1.0","995575730394dc647a4b77d06ad5ff07412c570287df609a7fea321a8534fade"
"1.0","euro2020","euro2020_040","Belgium_Portugal_2021-06-27","round_of_16","","round_of_16","team_bel","team_por",2021-06-27,2021-06-27,"date","euro2020__2021-06-27","Spain",TRUE,"neutral",FALSE,FALSE,1,0,1,0,FALSE,FALSE,"team_bel","completed",TRUE,TRUE,"","martj42/international_results local results+goalscorers+shootouts snapshot",2021-06-27,"CC0-1.0","e275db1e5153591f73b2285a3af734552f2db9ef730e0513393fe1af6b6156ef"
"1.0","euro2020","euro2020_041","Croatia_Spain_2021-06-28","round_of_16","","round_of_16","team_cro","team_esp",2021-06-28,2021-06-28,"date","euro2020__2021-06-28","Denmark",TRUE,"neutral",FALSE,TRUE,3,3,3,5,TRUE,FALSE,"team_esp","completed",TRUE,TRUE,"","martj42/international_results local results+goalscorers+shootouts snapshot",2021-06-28,"CC0-1.0","c92d110a8c5be4e4aa1d739acb80ece19703e4c1ece6fb7db796e41fe8712960"
"1.0","euro2020","euro2020_042","France_Switzerland_2021-06-28","round_of_16","","round_of_16","team_fra","team_sui",2021-06-28,2021-06-28,"date","euro2020__2021-06-28","Romania",TRUE,"neutral",FALSE,FALSE,3,3,3,3,TRUE,TRUE,"team_sui","completed",TRUE,TRUE,"","martj42/international_results local results+goalscorers+shootouts snapshot",2021-06-28,"CC0-1.0","e3efe459d0193af0a5fd7dc50ce4b7be2f3fb200fdb30f4573819cfc0641983b"
"1.0","euro2020","euro2020_043","England_Germany_2021-06-29","round_of_16","","round_of_16","team_eng","team_ger",2021-06-29,2021-06-29,"date","euro2020__2021-06-29","England",FALSE,"home",TRUE,TRUE,2,0,2,0,FALSE,FALSE,"team_eng","completed",TRUE,TRUE,"","martj42/international_results local results+goalscorers+shootouts snapshot",2021-06-29,"CC0-1.0","cb52b294e56769ea03189a468003607814cd74f0b7587059b2d454ee4da62d3a"
"1.0","euro2020","euro2020_044","Sweden_Ukraine_2021-06-29","round_of_16","","round_of_16","team_swe","team_ukr",2021-06-29,2021-06-29,"date","euro2020__2021-06-29","Scotland",TRUE,"neutral",FALSE,FALSE,1,1,1,2,TRUE,FALSE,"team_ukr","completed",TRUE,TRUE,"","martj42/international_results local results+goalscorers+shootouts snapshot",2021-06-29,"CC0-1.0","c3f60f5c06028a069a1f4fbc4bec451afe6fb679cf50e1abbf5428e0c6ff3c6f"
"1.0","euro2020","euro2020_045","Switzerland_Spain_2021-07-02","quarterfinal","","quarterfinal","team_sui","team_esp",2021-07-02,2021-07-02,"date","euro2020__2021-07-02","Russia",TRUE,"neutral",FALSE,TRUE,1,1,1,1,TRUE,TRUE,"team_esp","completed",TRUE,TRUE,"","martj42/international_results local results+goalscorers+shootouts snapshot",2021-07-02,"CC0-1.0","c1b84c553f23dec412e5428f45fb2c709b29f03cd61b002ed9d7af706439a4ca"
"1.0","euro2020","euro2020_046","Belgium_Italy_2021-07-02","quarterfinal","","quarterfinal","team_bel","team_ita",2021-07-02,2021-07-02,"date","euro2020__2021-07-02","Germany",TRUE,"neutral",FALSE,TRUE,1,2,1,2,FALSE,FALSE,"team_ita","completed",TRUE,TRUE,"","martj42/international_results local results+goalscorers+shootouts snapshot",2021-07-02,"CC0-1.0","09348524e0c7c2c6c7206aa2e6521c3cbb593b363fa28cb7ad4c9a0c47c438ad"
"1.0","euro2020","euro2020_047","Czech Republic_Denmark_2021-07-03","quarterfinal","","quarterfinal","team_cze","team_den",2021-07-03,2021-07-03,"date","euro2020__2021-07-03","Azerbaijan",TRUE,"neutral",FALSE,TRUE,1,2,1,2,FALSE,FALSE,"team_den","completed",TRUE,TRUE,"","martj42/international_results local results+goalscorers+shootouts snapshot",2021-07-03,"CC0-1.0","f123e68193266e8a62b94567cc3db2660077144dbbc60446a1e0d90a8fe6e172"
"1.0","euro2020","euro2020_048","Ukraine_England_2021-07-03","quarterfinal","","quarterfinal","team_ukr","team_eng",2021-07-03,2021-07-03,"date","euro2020__2021-07-03","Italy",TRUE,"neutral",FALSE,TRUE,0,4,0,4,FALSE,FALSE,"team_eng","completed",TRUE,TRUE,"","martj42/international_results local results+goalscorers+shootouts snapshot",2021-07-03,"CC0-1.0","55c66813d47452c09bda9e27fded6afae6fa9ca90b32bc471d69818629610d59"
"1.0","euro2020","euro2020_049","Italy_Spain_2021-07-06","semifinal","","semifinal","team_ita","team_esp",2021-07-06,2021-07-06,"date","euro2020__2021-07-06","England",TRUE,"neutral",TRUE,TRUE,1,1,1,1,TRUE,TRUE,"team_ita","completed",TRUE,TRUE,"","martj42/international_results local results+goalscorers+shootouts snapshot",2021-07-06,"CC0-1.0","2b2e4d12a5e86158ac46bbee35aeef93f27f94586c461ffef94c4aa8c2156652"
"1.0","euro2020","euro2020_050","England_Denmark_2021-07-07","semifinal","","semifinal","team_eng","team_den",2021-07-07,2021-07-07,"date","euro2020__2021-07-07","England",FALSE,"home",TRUE,TRUE,1,1,2,1,TRUE,FALSE,"team_eng","completed",TRUE,TRUE,"","martj42/international_results local results+goalscorers+shootouts snapshot",2021-07-07,"CC0-1.0","27e98fd26c50f74449f59e3c4e7490277dca4b145fc40d67364246216b31322a"
"1.0","euro2020","euro2020_051","England_Italy_2021-07-11","final","","final","team_eng","team_ita",2021-07-11,2021-07-11,"date","euro2020__2021-07-11","England",FALSE,"home",TRUE,TRUE,1,1,1,1,TRUE,TRUE,"team_ita","completed",TRUE,TRUE,"","martj42/international_results local results+goalscorers+shootouts snapshot",2021-07-11,"CC0-1.0","b416980b81ae8e04678d0e87a7e3b741989a4b16901d411ec54b33d53b33e21c"
"1.0","euro2024","euro2024_001","Germany_Scotland_2024-06-14","group","group_06","group","team_ger","team_sco",2024-06-14,2024-06-14,"date","euro2024__2024-06-14","Germany",FALSE,"home",TRUE,FALSE,5,1,5,1,FALSE,FALSE,"team_ger","completed",TRUE,TRUE,"","martj42/international_results local results+goalscorers+shootouts snapshot",2024-06-14,"CC0-1.0","801c29dafd002218bc8cabb967320a30ed41447cc7ae20d6c661e51eaedad906"
"1.0","euro2024","euro2024_002","Hungary_Switzerland_2024-06-15","group","group_06","group","team_hun","team_sui",2024-06-15,2024-06-15,"date","euro2024__2024-06-15","Germany",TRUE,"neutral",FALSE,FALSE,1,3,1,3,FALSE,FALSE,"team_sui","completed",TRUE,TRUE,"","martj42/international_results local results+goalscorers+shootouts snapshot",2024-06-15,"CC0-1.0","2fb77fdd32e1b6e131e680d49fd1f63f7574a6506e7aa9ba2a33392379029eec"
"1.0","euro2024","euro2024_003","Spain_Croatia_2024-06-15","group","group_01","group","team_esp","team_cro",2024-06-15,2024-06-15,"date","euro2024__2024-06-15","Germany",TRUE,"neutral",FALSE,FALSE,3,0,3,0,FALSE,FALSE,"team_esp","completed",TRUE,TRUE,"","martj42/international_results local results+goalscorers+shootouts snapshot",2024-06-15,"CC0-1.0","23f0d144092697855eca0f9fa8856b4d24aba547d87a1c3f50ab0d7a216637b3"
"1.0","euro2024","euro2024_004","Italy_Albania_2024-06-15","group","group_01","group","team_ita","team_alb",2024-06-15,2024-06-15,"date","euro2024__2024-06-15","Germany",TRUE,"neutral",FALSE,FALSE,2,1,2,1,FALSE,FALSE,"team_ita","completed",TRUE,TRUE,"","martj42/international_results local results+goalscorers+shootouts snapshot",2024-06-15,"CC0-1.0","1fa9a71981ab7344aba30cb5129ddf5f8e1c09162286a32a56d3ec63c94b3c8c"
"1.0","euro2024","euro2024_005","Slovenia_Denmark_2024-06-16","group","group_05","group","team_svn","team_den",2024-06-16,2024-06-16,"date","euro2024__2024-06-16","Germany",TRUE,"neutral",FALSE,FALSE,1,1,1,1,FALSE,FALSE,"","completed",TRUE,TRUE,"","martj42/international_results local results+goalscorers+shootouts snapshot",2024-06-16,"CC0-1.0","17ccc4390ebeb945abd088fed60d04a665b552de5d3b0353c6717ba921508fa6"
"1.0","euro2024","euro2024_006","Serbia_England_2024-06-16","group","group_05","group","team_srb","team_eng",2024-06-16,2024-06-16,"date","euro2024__2024-06-16","Germany",TRUE,"neutral",FALSE,FALSE,0,1,0,1,FALSE,FALSE,"team_eng","completed",TRUE,TRUE,"","martj42/international_results local results+goalscorers+shootouts snapshot",2024-06-16,"CC0-1.0","a8798000f2103b3ad890c86ec56fa61dc40b33c846ff9e444db889b1c777795c"
"1.0","euro2024","euro2024_007","Poland_Netherlands_2024-06-16","group","group_02","group","team_pol","team_ned",2024-06-16,2024-06-16,"date","euro2024__2024-06-16","Germany",TRUE,"neutral",FALSE,FALSE,1,2,1,2,FALSE,FALSE,"team_ned","completed",TRUE,TRUE,"","martj42/international_results local results+goalscorers+shootouts snapshot",2024-06-16,"CC0-1.0","7742c06ac6154b09966d473707426c66d479d14fd529273fabbbb9e322fa7a7b"
"1.0","euro2024","euro2024_008","Austria_France_2024-06-17","group","group_02","group","team_aut","team_fra",2024-06-17,2024-06-17,"date","euro2024__2024-06-17","Germany",TRUE,"neutral",FALSE,FALSE,0,1,0,1,FALSE,FALSE,"team_fra","completed",TRUE,TRUE,"","martj42/international_results local results+goalscorers+shootouts snapshot",2024-06-17,"CC0-1.0","f64144da4af7f8ea62d0e18a083afc21d1421ed5d48ae316971cfcaf9a86623d"
"1.0","euro2024","euro2024_009","Romania_Ukraine_2024-06-17","group","group_03","group","team_rou","team_ukr",2024-06-17,2024-06-17,"date","euro2024__2024-06-17","Germany",TRUE,"neutral",FALSE,FALSE,3,0,3,0,FALSE,FALSE,"team_rou","completed",TRUE,TRUE,"","martj42/international_results local results+goalscorers+shootouts snapshot",2024-06-17,"CC0-1.0","73f50b849f4c336957f91c34133b90fc07e68a82945d31bef058a154f952338e"
"1.0","euro2024","euro2024_010","Belgium_Slovakia_2024-06-17","group","group_03","group","team_bel","team_svk",2024-06-17,2024-06-17,"date","euro2024__2024-06-17","Germany",TRUE,"neutral",FALSE,FALSE,0,1,0,1,FALSE,FALSE,"team_svk","completed",TRUE,TRUE,"","martj42/international_results local results+goalscorers+shootouts snapshot",2024-06-17,"CC0-1.0","61b08c9a1e7ed78029bdb4a0abda303ef61d7919016e704723e0983578dd12c3"
"1.0","euro2024","euro2024_011","Turkey_Georgia_2024-06-18","group","group_04","group","team_tur","team_geo",2024-06-18,2024-06-18,"date","euro2024__2024-06-18","Germany",TRUE,"neutral",FALSE,FALSE,3,1,3,1,FALSE,FALSE,"team_tur","completed",TRUE,TRUE,"","martj42/international_results local results+goalscorers+shootouts snapshot",2024-06-18,"CC0-1.0","279a22d4f59ca79da7e5b4390c86a909710085a5670b3085fc25fc3e99285078"
"1.0","euro2024","euro2024_012","Portugal_Czech Republic_2024-06-18","group","group_04","group","team_por","team_cze",2024-06-18,2024-06-18,"date","euro2024__2024-06-18","Germany",TRUE,"neutral",FALSE,FALSE,2,1,2,1,FALSE,FALSE,"team_por","completed",TRUE,TRUE,"","martj42/international_results local results+goalscorers+shootouts snapshot",2024-06-18,"CC0-1.0","a23814f0517cdd4f6876884b584797aaa61fbdd5494390ba61a16db2f561d4c0"
"1.0","euro2024","euro2024_013","Germany_Hungary_2024-06-19","group","group_06","group","team_ger","team_hun",2024-06-19,2024-06-19,"date","euro2024__2024-06-19","Germany",FALSE,"home",TRUE,FALSE,2,0,2,0,FALSE,FALSE,"team_ger","completed",TRUE,TRUE,"","martj42/international_results local results+goalscorers+shootouts snapshot",2024-06-19,"CC0-1.0","55200ba5a26f1bb8e64bd6e9f6006f182c0890ed4d8c9804f4575538b7cadd43"
"1.0","euro2024","euro2024_014","Scotland_Switzerland_2024-06-19","group","group_06","group","team_sco","team_sui",2024-06-19,2024-06-19,"date","euro2024__2024-06-19","Germany",TRUE,"neutral",FALSE,FALSE,1,1,1,1,FALSE,FALSE,"","completed",TRUE,TRUE,"","martj42/international_results local results+goalscorers+shootouts snapshot",2024-06-19,"CC0-1.0","565ff648896709b79b46c7a66eaeef44c771b348dc501aa1e33196b84e16ece4"
"1.0","euro2024","euro2024_015","Croatia_Albania_2024-06-19","group","group_01","group","team_cro","team_alb",2024-06-19,2024-06-19,"date","euro2024__2024-06-19","Germany",TRUE,"neutral",FALSE,FALSE,2,2,2,2,FALSE,FALSE,"","completed",TRUE,TRUE,"","martj42/international_results local results+goalscorers+shootouts snapshot",2024-06-19,"CC0-1.0","d6c072c326fd160347a54786fb2850f4853abe6966a2e7d719fff2fb7a3e914a"
"1.0","euro2024","euro2024_016","Spain_Italy_2024-06-20","group","group_01","group","team_esp","team_ita",2024-06-20,2024-06-20,"date","euro2024__2024-06-20","Germany",TRUE,"neutral",FALSE,FALSE,1,0,1,0,FALSE,FALSE,"team_esp","completed",TRUE,TRUE,"","martj42/international_results local results+goalscorers+shootouts snapshot",2024-06-20,"CC0-1.0","01a1cecc56168a9057350f09a8ad8885e1876532d58e70dd55c6713493113a86"
"1.0","euro2024","euro2024_017","Slovenia_Serbia_2024-06-20","group","group_05","group","team_svn","team_srb",2024-06-20,2024-06-20,"date","euro2024__2024-06-20","Germany",TRUE,"neutral",FALSE,FALSE,1,1,1,1,FALSE,FALSE,"","completed",TRUE,TRUE,"","martj42/international_results local results+goalscorers+shootouts snapshot",2024-06-20,"CC0-1.0","f9ec66a10fe9e981ff5f654a7b13665ff47738fd51b1073b4d72ff926a0db664"
"1.0","euro2024","euro2024_018","Denmark_England_2024-06-20","group","group_05","group","team_den","team_eng",2024-06-20,2024-06-20,"date","euro2024__2024-06-20","Germany",TRUE,"neutral",FALSE,FALSE,1,1,1,1,FALSE,FALSE,"","completed",TRUE,TRUE,"","martj42/international_results local results+goalscorers+shootouts snapshot",2024-06-20,"CC0-1.0","b043bdf469e6a8349b8e94a464231e820aa406802fe0363ac400e98419102f41"
"1.0","euro2024","euro2024_019","Poland_Austria_2024-06-21","group","group_02","group","team_pol","team_aut",2024-06-21,2024-06-21,"date","euro2024__2024-06-21","Germany",TRUE,"neutral",FALSE,FALSE,1,3,1,3,FALSE,FALSE,"team_aut","completed",TRUE,TRUE,"","martj42/international_results local results+goalscorers+shootouts snapshot",2024-06-21,"CC0-1.0","7fe96d5495af70328eaf0ad13f3bcd5dad83bda004571eed2e269673848f0868"
"1.0","euro2024","euro2024_020","Netherlands_France_2024-06-21","group","group_02","group","team_ned","team_fra",2024-06-21,2024-06-21,"date","euro2024__2024-06-21","Germany",TRUE,"neutral",FALSE,FALSE,0,0,0,0,FALSE,FALSE,"","completed",TRUE,TRUE,"","martj42/international_results local results+goalscorers+shootouts snapshot",2024-06-21,"CC0-1.0","e8f8f4050b84a5f4e659539f15fe868b27f4daeca7591e13c99d9e571a4704f6"
"1.0","euro2024","euro2024_021","Slovakia_Ukraine_2024-06-21","group","group_03","group","team_svk","team_ukr",2024-06-21,2024-06-21,"date","euro2024__2024-06-21","Germany",TRUE,"neutral",FALSE,FALSE,1,2,1,2,FALSE,FALSE,"team_ukr","completed",TRUE,TRUE,"","martj42/international_results local results+goalscorers+shootouts snapshot",2024-06-21,"CC0-1.0","1fac00ac44b779f4df0602f4b3bb989b059d040feae737fa07f105eb36a6a9d0"
"1.0","euro2024","euro2024_022","Belgium_Romania_2024-06-22","group","group_03","group","team_bel","team_rou",2024-06-22,2024-06-22,"date","euro2024__2024-06-22","Germany",TRUE,"neutral",FALSE,FALSE,2,0,2,0,FALSE,FALSE,"team_bel","completed",TRUE,TRUE,"","martj42/international_results local results+goalscorers+shootouts snapshot",2024-06-22,"CC0-1.0","a6623982a74a2da0af9a230a7c61871584fc119da3927f6cc66929e27914d6a2"
"1.0","euro2024","euro2024_023","Georgia_Czech Republic_2024-06-22","group","group_04","group","team_geo","team_cze",2024-06-22,2024-06-22,"date","euro2024__2024-06-22","Germany",TRUE,"neutral",FALSE,FALSE,1,1,1,1,FALSE,FALSE,"","completed",TRUE,TRUE,"","martj42/international_results local results+goalscorers+shootouts snapshot",2024-06-22,"CC0-1.0","2fbdfbd34bd46f6dec35b751ea2d4e8bc20e83983e71c56afae5e21beb8ec2a7"
"1.0","euro2024","euro2024_024","Turkey_Portugal_2024-06-22","group","group_04","group","team_tur","team_por",2024-06-22,2024-06-22,"date","euro2024__2024-06-22","Germany",TRUE,"neutral",FALSE,FALSE,0,3,0,3,FALSE,FALSE,"team_por","completed",TRUE,TRUE,"","martj42/international_results local results+goalscorers+shootouts snapshot",2024-06-22,"CC0-1.0","1fc85a8e3f8826fc95c1713c04114f84853c080881b3802957bea96ce8ce497a"
"1.0","euro2024","euro2024_025","Germany_Switzerland_2024-06-23","group","group_06","group","team_ger","team_sui",2024-06-23,2024-06-23,"date","euro2024__2024-06-23","Germany",FALSE,"home",TRUE,FALSE,1,1,1,1,FALSE,FALSE,"","completed",TRUE,TRUE,"","martj42/international_results local results+goalscorers+shootouts snapshot",2024-06-23,"CC0-1.0","fd3d0dd5ef65e2b0b16fe11cdacdab58bd7422ac6adc5b43bcce5e917a129f9d"
"1.0","euro2024","euro2024_026","Scotland_Hungary_2024-06-23","group","group_06","group","team_sco","team_hun",2024-06-23,2024-06-23,"date","euro2024__2024-06-23","Germany",TRUE,"neutral",FALSE,FALSE,0,1,0,1,FALSE,FALSE,"team_hun","completed",TRUE,TRUE,"","martj42/international_results local results+goalscorers+shootouts snapshot",2024-06-23,"CC0-1.0","3fc65b3bde3ec7056c7405c1565ed790edd9f22ea9a27c843ba9d3cfbb8a0ff2"
"1.0","euro2024","euro2024_027","Albania_Spain_2024-06-24","group","group_01","group","team_alb","team_esp",2024-06-24,2024-06-24,"date","euro2024__2024-06-24","Germany",TRUE,"neutral",FALSE,FALSE,0,1,0,1,FALSE,FALSE,"team_esp","completed",TRUE,TRUE,"","martj42/international_results local results+goalscorers+shootouts snapshot",2024-06-24,"CC0-1.0","d1fa4500b25ee918bad9818091aa268844daf7834fee6918c3a94ff24e52de4b"
"1.0","euro2024","euro2024_028","Croatia_Italy_2024-06-24","group","group_01","group","team_cro","team_ita",2024-06-24,2024-06-24,"date","euro2024__2024-06-24","Germany",TRUE,"neutral",FALSE,FALSE,1,1,1,1,FALSE,FALSE,"","completed",TRUE,TRUE,"","martj42/international_results local results+goalscorers+shootouts snapshot",2024-06-24,"CC0-1.0","ad8ddd53f081ec2bbabc39a624babb040436545c86cb6b2621f9935743fa2f70"
"1.0","euro2024","euro2024_029","England_Slovenia_2024-06-25","group","group_05","group","team_eng","team_svn",2024-06-25,2024-06-25,"date","euro2024__2024-06-25","Germany",TRUE,"neutral",FALSE,FALSE,0,0,0,0,FALSE,FALSE,"","completed",TRUE,TRUE,"","martj42/international_results local results+goalscorers+shootouts snapshot",2024-06-25,"CC0-1.0","0495790cb0c221b45cde94f671b136a73156329ce3f3d9b3f30039e035b0865c"
"1.0","euro2024","euro2024_030","Denmark_Serbia_2024-06-25","group","group_05","group","team_den","team_srb",2024-06-25,2024-06-25,"date","euro2024__2024-06-25","Germany",TRUE,"neutral",FALSE,FALSE,0,0,0,0,FALSE,FALSE,"","completed",TRUE,TRUE,"","martj42/international_results local results+goalscorers+shootouts snapshot",2024-06-25,"CC0-1.0","9bee7cd2d789416c8923b6defe33098c416d8e4232817f7271c2bce68b9eb39d"
"1.0","euro2024","euro2024_031","Netherlands_Austria_2024-06-25","group","group_02","group","team_ned","team_aut",2024-06-25,2024-06-25,"date","euro2024__2024-06-25","Germany",TRUE,"neutral",FALSE,FALSE,2,3,2,3,FALSE,FALSE,"team_aut","completed",TRUE,TRUE,"","martj42/international_results local results+goalscorers+shootouts snapshot",2024-06-25,"CC0-1.0","02f4c5167c28de5027f3e808c4f860976951cbce61e2cdcbd42999c4759e6c13"
"1.0","euro2024","euro2024_032","France_Poland_2024-06-25","group","group_02","group","team_fra","team_pol",2024-06-25,2024-06-25,"date","euro2024__2024-06-25","Germany",TRUE,"neutral",FALSE,FALSE,1,1,1,1,FALSE,FALSE,"","completed",TRUE,TRUE,"","martj42/international_results local results+goalscorers+shootouts snapshot",2024-06-25,"CC0-1.0","a5837cd7d1b1dec45b56af12f8202a4dc840f7297c403530018cc8e123f7cacc"
"1.0","euro2024","euro2024_033","Slovakia_Romania_2024-06-26","group","group_03","group","team_svk","team_rou",2024-06-26,2024-06-26,"date","euro2024__2024-06-26","Germany",TRUE,"neutral",FALSE,FALSE,1,1,1,1,FALSE,FALSE,"","completed",TRUE,TRUE,"","martj42/international_results local results+goalscorers+shootouts snapshot",2024-06-26,"CC0-1.0","d7b5b13bd4adb24e710ddef4c6518e71e4204baf4ba79ebc323f18d3454a7fea"
"1.0","euro2024","euro2024_034","Ukraine_Belgium_2024-06-26","group","group_03","group","team_ukr","team_bel",2024-06-26,2024-06-26,"date","euro2024__2024-06-26","Germany",TRUE,"neutral",FALSE,FALSE,0,0,0,0,FALSE,FALSE,"","completed",TRUE,TRUE,"","martj42/international_results local results+goalscorers+shootouts snapshot",2024-06-26,"CC0-1.0","07f3842bd36f9d4098e02be16225b75d0884f71a24ecfaac859463a69452cf2e"
"1.0","euro2024","euro2024_035","Georgia_Portugal_2024-06-26","group","group_04","group","team_geo","team_por",2024-06-26,2024-06-26,"date","euro2024__2024-06-26","Germany",TRUE,"neutral",FALSE,FALSE,2,0,2,0,FALSE,FALSE,"team_geo","completed",TRUE,TRUE,"","martj42/international_results local results+goalscorers+shootouts snapshot",2024-06-26,"CC0-1.0","8f5418d6586bd30d18879b8eba892e186ac39b5af0caaa78629efc1e4cf3a57d"
"1.0","euro2024","euro2024_036","Czech Republic_Turkey_2024-06-26","group","group_04","group","team_cze","team_tur",2024-06-26,2024-06-26,"date","euro2024__2024-06-26","Germany",TRUE,"neutral",FALSE,FALSE,1,2,1,2,FALSE,FALSE,"team_tur","completed",TRUE,TRUE,"","martj42/international_results local results+goalscorers+shootouts snapshot",2024-06-26,"CC0-1.0","2f2a2e204131fd600424b64eb9a6619f55af4520d31e942c7e3051741ff50df7"
"1.0","euro2024","euro2024_037","Switzerland_Italy_2024-06-29","round_of_16","","round_of_16","team_sui","team_ita",2024-06-29,2024-06-29,"date","euro2024__2024-06-29","Germany",TRUE,"neutral",FALSE,FALSE,2,0,2,0,FALSE,FALSE,"team_sui","completed",TRUE,TRUE,"","martj42/international_results local results+goalscorers+shootouts snapshot",2024-06-29,"CC0-1.0","cea42c5b3045d465d39d9ac767296460d521ac1198a8d5e70226b05b2429c062"
"1.0","euro2024","euro2024_038","Germany_Denmark_2024-06-29","round_of_16","","round_of_16","team_ger","team_den",2024-06-29,2024-06-29,"date","euro2024__2024-06-29","Germany",FALSE,"home",TRUE,FALSE,2,0,2,0,FALSE,FALSE,"team_ger","completed",TRUE,TRUE,"","martj42/international_results local results+goalscorers+shootouts snapshot",2024-06-29,"CC0-1.0","3925fac57f12999038be30ab91070df2388f6fbadb7830fccd410e81ed226ace"
"1.0","euro2024","euro2024_039","England_Slovakia_2024-06-30","round_of_16","","round_of_16","team_eng","team_svk",2024-06-30,2024-06-30,"date","euro2024__2024-06-30","Germany",TRUE,"neutral",FALSE,FALSE,1,1,2,1,TRUE,FALSE,"team_eng","completed",TRUE,TRUE,"","martj42/international_results local results+goalscorers+shootouts snapshot",2024-06-30,"CC0-1.0","44f375a12e313c60cc7159c5e7243eb4988489ceccf1b48f261c957125d85d74"
"1.0","euro2024","euro2024_040","Spain_Georgia_2024-06-30","round_of_16","","round_of_16","team_esp","team_geo",2024-06-30,2024-06-30,"date","euro2024__2024-06-30","Germany",TRUE,"neutral",FALSE,FALSE,4,1,4,1,FALSE,FALSE,"team_esp","completed",TRUE,TRUE,"","martj42/international_results local results+goalscorers+shootouts snapshot",2024-06-30,"CC0-1.0","1f330dcb6d82f02620dc0740d1b5b5cc3dc75b78d8df70cdbc84f2b09400174d"
"1.0","euro2024","euro2024_041","France_Belgium_2024-07-01","round_of_16","","round_of_16","team_fra","team_bel",2024-07-01,2024-07-01,"date","euro2024__2024-07-01","Germany",TRUE,"neutral",FALSE,FALSE,1,0,1,0,FALSE,FALSE,"team_fra","completed",TRUE,TRUE,"","martj42/international_results local results+goalscorers+shootouts snapshot",2024-07-01,"CC0-1.0","587eaf592938d93ccaf243853a4e7dfb72307248a2542b8eb5436b498266f959"
"1.0","euro2024","euro2024_042","Portugal_Slovenia_2024-07-01","round_of_16","","round_of_16","team_por","team_svn",2024-07-01,2024-07-01,"date","euro2024__2024-07-01","Germany",TRUE,"neutral",FALSE,FALSE,0,0,0,0,TRUE,TRUE,"team_por","completed",TRUE,TRUE,"","martj42/international_results local results+goalscorers+shootouts snapshot",2024-07-01,"CC0-1.0","30ce4b619abac3593e8c4a5aa2887c92207f759e892efe7f188d27cabed885fd"
"1.0","euro2024","euro2024_043","Romania_Netherlands_2024-07-02","round_of_16","","round_of_16","team_rou","team_ned",2024-07-02,2024-07-02,"date","euro2024__2024-07-02","Germany",TRUE,"neutral",FALSE,FALSE,0,3,0,3,FALSE,FALSE,"team_ned","completed",TRUE,TRUE,"","martj42/international_results local results+goalscorers+shootouts snapshot",2024-07-02,"CC0-1.0","d317ce915e2f7e6d5ab2efc72110b36d99b3fcf5fc5cd98b680a1c4bfda8715f"
"1.0","euro2024","euro2024_044","Austria_Turkey_2024-07-02","round_of_16","","round_of_16","team_aut","team_tur",2024-07-02,2024-07-02,"date","euro2024__2024-07-02","Germany",TRUE,"neutral",FALSE,FALSE,1,2,1,2,FALSE,FALSE,"team_tur","completed",TRUE,TRUE,"","martj42/international_results local results+goalscorers+shootouts snapshot",2024-07-02,"CC0-1.0","318c3c886047b227a4fce5a997016d37c1fc29504c1a98722b333222f7bcf410"
"1.0","euro2024","euro2024_045","Germany_Spain_2024-07-05","quarterfinal","","quarterfinal","team_ger","team_esp",2024-07-05,2024-07-05,"date","euro2024__2024-07-05","Germany",FALSE,"home",TRUE,FALSE,1,1,1,2,TRUE,FALSE,"team_esp","completed",TRUE,TRUE,"","martj42/international_results local results+goalscorers+shootouts snapshot",2024-07-05,"CC0-1.0","8c58f2a798cae62b5c73c2a2e211ec30400238c61aeef2ee0779c80a11ab9b10"
"1.0","euro2024","euro2024_046","Portugal_France_2024-07-05","quarterfinal","","quarterfinal","team_por","team_fra",2024-07-05,2024-07-05,"date","euro2024__2024-07-05","Germany",TRUE,"neutral",FALSE,FALSE,0,0,0,0,TRUE,TRUE,"team_fra","completed",TRUE,TRUE,"","martj42/international_results local results+goalscorers+shootouts snapshot",2024-07-05,"CC0-1.0","73fa95bc8124eb06ace3c86bb351360da287aa85349800fd69dfe485eb2c351f"
"1.0","euro2024","euro2024_047","England_Switzerland_2024-07-06","quarterfinal","","quarterfinal","team_eng","team_sui",2024-07-06,2024-07-06,"date","euro2024__2024-07-06","Germany",TRUE,"neutral",FALSE,FALSE,1,1,1,1,TRUE,TRUE,"team_eng","completed",TRUE,TRUE,"","martj42/international_results local results+goalscorers+shootouts snapshot",2024-07-06,"CC0-1.0","2ebb1a3af15c1df37520fb0753a989df0adfccdad20abeb6096360fc86a4dc21"
"1.0","euro2024","euro2024_048","Netherlands_Turkey_2024-07-06","quarterfinal","","quarterfinal","team_ned","team_tur",2024-07-06,2024-07-06,"date","euro2024__2024-07-06","Germany",TRUE,"neutral",FALSE,FALSE,2,1,2,1,FALSE,FALSE,"team_ned","completed",TRUE,TRUE,"","martj42/international_results local results+goalscorers+shootouts snapshot",2024-07-06,"CC0-1.0","3b099c25a25f6e41ebb2bbb550ac925ca781447d423d19be893cd72046ef7c4a"
"1.0","euro2024","euro2024_049","Spain_France_2024-07-09","semifinal","","semifinal","team_esp","team_fra",2024-07-09,2024-07-09,"date","euro2024__2024-07-09","Germany",TRUE,"neutral",FALSE,FALSE,2,1,2,1,FALSE,FALSE,"team_esp","completed",TRUE,TRUE,"","martj42/international_results local results+goalscorers+shootouts snapshot",2024-07-09,"CC0-1.0","1ae71273ea96b483cce3092291ddff011ee43676fc77b8e984ccf101111a5a36"
"1.0","euro2024","euro2024_050","Netherlands_England_2024-07-10","semifinal","","semifinal","team_ned","team_eng",2024-07-10,2024-07-10,"date","euro2024__2024-07-10","Germany",TRUE,"neutral",FALSE,FALSE,1,2,1,2,FALSE,FALSE,"team_eng","completed",TRUE,TRUE,"","martj42/international_results local results+goalscorers+shootouts snapshot",2024-07-10,"CC0-1.0","3946aba0a7e009773e2a0b3d1510d60eb510a2e3e2ee8bd01ef6b607280f8042"
"1.0","euro2024","euro2024_051","Spain_England_2024-07-14","final","","final","team_esp","team_eng",2024-07-14,2024-07-14,"date","euro2024__2024-07-14","Germany",TRUE,"neutral",FALSE,FALSE,2,1,2,1,FALSE,FALSE,"team_esp","completed",TRUE,TRUE,"","martj42/international_results local results+goalscorers+shootouts snapshot",2024-07-14,"CC0-1.0","1b8b3b2a86b1e5a53134074a385a2d00f5c496678943c016421e9f52da9f075f"
