"schema_version","panel_id","edition_id","fixture_id","eligible","point_in_time_provenance_complete","output_coverage_required","source_max_date","evidence_cutoff_exclusive","declaration_failure_reason","fixture_registry_sha256","feature_contract_sha256","panel_registry_sha256","parent_hashes","row_sha256"
"1.0","feature_rich","euro2004","euro2004_001",TRUE,TRUE,TRUE,2003-12-31,2004-06-12,"","dbcf24c9f86f48423588ed254bdb08b4eb8663c31d50135a35aac5648ce87c73","1f97aae25b451b487872acbec081b19f16f85159628e9b3ae8b8a1228cdea265","cdcc4eaa9ecaf383e30d71f7cdcaab0f7e3e6d0296739b4e6eb9399407eef12a","26ef0f1bc9e3418fd79e4e8c56e574cd4029c5b833f73a6804bfb9714fe29d97","0e87a864575cb14a4e5cc91936c17adb6e8a481a2729ae5bf148b850f3bfcc77"
"1.0","feature_rich","euro2004","euro2004_002",TRUE,TRUE,TRUE,2003-12-31,2004-06-12,"","dbcf24c9f86f48423588ed254bdb08b4eb8663c31d50135a35aac5648ce87c73","1f97aae25b451b487872acbec081b19f16f85159628e9b3ae8b8a1228cdea265","cdcc4eaa9ecaf383e30d71f7cdcaab0f7e3e6d0296739b4e6eb9399407eef12a","b622fcc50aab9c948bd021d8267b4cc5b261f4a674a8d1ee66d519d07e3a9041","ab5cf0937397608d5a93e73ab756e4e20b6337a4eb5dca8bfe513b6363d3fbe2"
"1.0","feature_rich","euro2004","euro2004_003",TRUE,TRUE,TRUE,2003-12-31,2004-06-13,"","dbcf24c9f86f48423588ed254bdb08b4eb8663c31d50135a35aac5648ce87c73","1f97aae25b451b487872acbec081b19f16f85159628e9b3ae8b8a1228cdea265","cdcc4eaa9ecaf383e30d71f7cdcaab0f7e3e6d0296739b4e6eb9399407eef12a","fc92fe53403b269b9d40c7bcc0d2f0df87cc86a0a9879053461fda4ccaa7313b","40dfebf8926f8450ba97b220db38623d05f46b6c0438c46d4b9c6bc70d90e871"
"1.0","feature_rich","euro2004","euro2004_004",TRUE,TRUE,TRUE,2003-12-31,2004-06-13,"","dbcf24c9f86f48423588ed254bdb08b4eb8663c31d50135a35aac5648ce87c73","1f97aae25b451b487872acbec081b19f16f85159628e9b3ae8b8a1228cdea265","cdcc4eaa9ecaf383e30d71f7cdcaab0f7e3e6d0296739b4e6eb9399407eef12a","a5ad64c8f91d143a8a8805581d29febac84f6047c3bf158aa12697fb4454d1b4","47d1fb8563aac9466ef09c0e7327482ce64399a27978d5bce1f94faae5ca0fdc"
"1.0","feature_rich","euro2004","euro2004_005",TRUE,TRUE,TRUE,2003-12-31,2004-06-14,"","dbcf24c9f86f48423588ed254bdb08b4eb8663c31d50135a35aac5648ce87c73","1f97aae25b451b487872acbec081b19f16f85159628e9b3ae8b8a1228cdea265","cdcc4eaa9ecaf383e30d71f7cdcaab0f7e3e6d0296739b4e6eb9399407eef12a","b7827b67c99d8046ef4185d6a859da8725b2845b9dad8450a4f7ffa5eec7bbfe","6a32be5c82015fa8eae128ea2a4f5a6d7e0d84a3996558d1b4355e8cb7a86cae"
"1.0","feature_rich","euro2004","euro2004_006",TRUE,TRUE,TRUE,2003-12-31,2004-06-14,"","dbcf24c9f86f48423588ed254bdb08b4eb8663c31d50135a35aac5648ce87c73","1f97aae25b451b487872acbec081b19f16f85159628e9b3ae8b8a1228cdea265","cdcc4eaa9ecaf383e30d71f7cdcaab0f7e3e6d0296739b4e6eb9399407eef12a","8e51f0beb665a4d5d2d2f53301fab83b0f79ab50b42833a9b1bb96e9361bec71","2b1bdef0a22c9a0e73baec69e30d08a2719471f11c9f68aef5b3bd522d3a436e"
"1.0","feature_rich","euro2004","euro2004_007",TRUE,TRUE,TRUE,2003-12-31,2004-06-15,"","dbcf24c9f86f48423588ed254bdb08b4eb8663c31d50135a35aac5648ce87c73","1f97aae25b451b487872acbec081b19f16f85159628e9b3ae8b8a1228cdea265","cdcc4eaa9ecaf383e30d71f7cdcaab0f7e3e6d0296739b4e6eb9399407eef12a","a661a4c1fed4fb7eff1bbfd51df27634a07cfcfb319473df56329986c79d73d6","1295b2e2520432a7de2835876f94cd093bf42ca6cf45633f214ba7152c9042a6"
"1.0","feature_rich","euro2004","euro2004_008",TRUE,TRUE,TRUE,2003-12-31,2004-06-15,"","dbcf24c9f86f48423588ed254bdb08b4eb8663c31d50135a35aac5648ce87c73","1f97aae25b451b487872acbec081b19f16f85159628e9b3ae8b8a1228cdea265","cdcc4eaa9ecaf383e30d71f7cdcaab0f7e3e6d0296739b4e6eb9399407eef12a","85d4d3813c9d7254c360b7477cf513f625e8623d5cf65cb1be2bf3ecaee32a76","792e0e9806c63652eb669f9f1ef877f81bb56ac0788c9a649c76b94a261d00c4"
"1.0","feature_rich","euro2004","euro2004_009",TRUE,TRUE,TRUE,2003-12-31,2004-06-16,"","dbcf24c9f86f48423588ed254bdb08b4eb8663c31d50135a35aac5648ce87c73","1f97aae25b451b487872acbec081b19f16f85159628e9b3ae8b8a1228cdea265","cdcc4eaa9ecaf383e30d71f7cdcaab0f7e3e6d0296739b4e6eb9399407eef12a","d14b2985de46a6563adf86b1efce012cb3f031ba52cb19c3a36eba5b86c58e40","dbc740247070c28490bfcdc92189f0452424f26d58cca593c51cc73811d42079"
"1.0","feature_rich","euro2004","euro2004_010",TRUE,TRUE,TRUE,2003-12-31,2004-06-16,"","dbcf24c9f86f48423588ed254bdb08b4eb8663c31d50135a35aac5648ce87c73","1f97aae25b451b487872acbec081b19f16f85159628e9b3ae8b8a1228cdea265","cdcc4eaa9ecaf383e30d71f7cdcaab0f7e3e6d0296739b4e6eb9399407eef12a","9cdc544248662597fd28d855955f1008afbb789540663bd730b0a8debc761922","35760380b4b1dbb0722c9fa18987f613b28f0514f2a9720a4db723e82d0760b7"
"1.0","feature_rich","euro2004","euro2004_011",TRUE,TRUE,TRUE,2003-12-31,2004-06-17,"","dbcf24c9f86f48423588ed254bdb08b4eb8663c31d50135a35aac5648ce87c73","1f97aae25b451b487872acbec081b19f16f85159628e9b3ae8b8a1228cdea265","cdcc4eaa9ecaf383e30d71f7cdcaab0f7e3e6d0296739b4e6eb9399407eef12a","1e2856aa5f8c6a5d6b8dcb98237b613badebec8fe5363b0204c9731b61dd697c","66ec437b2922b25bf43577db60fa858a29075e0bb0be50ee4515151342777c54"
"1.0","feature_rich","euro2004","euro2004_012",TRUE,TRUE,TRUE,2003-12-31,2004-06-17,"","dbcf24c9f86f48423588ed254bdb08b4eb8663c31d50135a35aac5648ce87c73","1f97aae25b451b487872acbec081b19f16f85159628e9b3ae8b8a1228cdea265","cdcc4eaa9ecaf383e30d71f7cdcaab0f7e3e6d0296739b4e6eb9399407eef12a","efb5f3812f1e4b07da9896174b385845db9c80ff7ab3d219be3a732ea2b7e123","5de04c04a9244d168d31a6bdd22ecf0dfed9650b6cab6f17ed639ca96a632e0c"
"1.0","feature_rich","euro2004","euro2004_013",TRUE,TRUE,TRUE,2003-12-31,2004-06-18,"","dbcf24c9f86f48423588ed254bdb08b4eb8663c31d50135a35aac5648ce87c73","1f97aae25b451b487872acbec081b19f16f85159628e9b3ae8b8a1228cdea265","cdcc4eaa9ecaf383e30d71f7cdcaab0f7e3e6d0296739b4e6eb9399407eef12a","9615e7d7a40e1184d0c8692046f8002c594aaed52dd4f0439f08e3057d1aaebf","10185052b870d7dffb85ea27d92582339fc42e92cb44a96735c56f36ce9a94c8"
"1.0","feature_rich","euro2004","euro2004_014",TRUE,TRUE,TRUE,2003-12-31,2004-06-18,"","dbcf24c9f86f48423588ed254bdb08b4eb8663c31d50135a35aac5648ce87c73","1f97aae25b451b487872acbec081b19f16f85159628e9b3ae8b8a1228cdea265","cdcc4eaa9ecaf383e30d71f7cdcaab0f7e3e6d0296739b4e6eb9399407eef12a","965588a8c240b90dfbb75e337d151547e47cbb1a00588eb65789499ee847fa6b","bd629cc1d280246fd7794bf42eeb3883be00b4979f794f049307452abc82e138"
"1.0","feature_rich","euro2004","euro2004_015",TRUE,TRUE,TRUE,2003-12-31,2004-06-19,"","dbcf24c9f86f48423588ed254bdb08b4eb8663c31d50135a35aac5648ce87c73","1f97aae25b451b487872acbec081b19f16f85159628e9b3ae8b8a1228cdea265","cdcc4eaa9ecaf383e30d71f7cdcaab0f7e3e6d0296739b4e6eb9399407eef12a","75e2b2f294269f6a3d7b00047d7cec5e640b7e375c817bdc56112bab79780baf","fdeb2b2ffc04a04122ac81f28ae0569aa335867233b5eba876ab74932d19aefd"
"1.0","feature_rich","euro2004","euro2004_016",TRUE,TRUE,TRUE,2003-12-31,2004-06-19,"","dbcf24c9f86f48423588ed254bdb08b4eb8663c31d50135a35aac5648ce87c73","1f97aae25b451b487872acbec081b19f16f85159628e9b3ae8b8a1228cdea265","cdcc4eaa9ecaf383e30d71f7cdcaab0f7e3e6d0296739b4e6eb9399407eef12a","e3de3aa1df2a566da6683fdbf0f4bf30b03661d95ccc6b3505f5dc60a6cf436b","a6048b2a7cc6f194c8d2aa84584e21f505727fe1699b2e39468e01bde94c9dda"
"1.0","feature_rich","euro2004","euro2004_017",TRUE,TRUE,TRUE,2003-12-31,2004-06-20,"","dbcf24c9f86f48423588ed254bdb08b4eb8663c31d50135a35aac5648ce87c73","1f97aae25b451b487872acbec081b19f16f85159628e9b3ae8b8a1228cdea265","cdcc4eaa9ecaf383e30d71f7cdcaab0f7e3e6d0296739b4e6eb9399407eef12a","c06149e15ee12cea0d6c73218c9014aae37fb0a7d5b7b218fe70dc8f9e2a07c9","ed903b483d4aeb7e4b7f4074e89b2a927a9ca0ace4cc7437e895a760f94bcff1"
"1.0","feature_rich","euro2004","euro2004_018",TRUE,TRUE,TRUE,2003-12-31,2004-06-20,"","dbcf24c9f86f48423588ed254bdb08b4eb8663c31d50135a35aac5648ce87c73","1f97aae25b451b487872acbec081b19f16f85159628e9b3ae8b8a1228cdea265","cdcc4eaa9ecaf383e30d71f7cdcaab0f7e3e6d0296739b4e6eb9399407eef12a","58f179f55fe0b8dce14a4bc9941de6e69677c212e0ab02d63cebb9c698b5e835","8bb8214f477a294ebf0cee3a5fca62e384a178e02887d0ebbf5cdc06c5d31f49"
"1.0","feature_rich","euro2004","euro2004_019",TRUE,TRUE,TRUE,2003-12-31,2004-06-21,"","dbcf24c9f86f48423588ed254bdb08b4eb8663c31d50135a35aac5648ce87c73","1f97aae25b451b487872acbec081b19f16f85159628e9b3ae8b8a1228cdea265","cdcc4eaa9ecaf383e30d71f7cdcaab0f7e3e6d0296739b4e6eb9399407eef12a","5ab546f8fcfdd664406ffde7b6ee9059f0e60e9a0b18db054f5d2bc4961406cd","14dafe1ed773e5fff91788b6c414ec07e60e3b0351e47248b3953262974a512b"
"1.0","feature_rich","euro2004","euro2004_020",TRUE,TRUE,TRUE,2003-12-31,2004-06-21,"","dbcf24c9f86f48423588ed254bdb08b4eb8663c31d50135a35aac5648ce87c73","1f97aae25b451b487872acbec081b19f16f85159628e9b3ae8b8a1228cdea265","cdcc4eaa9ecaf383e30d71f7cdcaab0f7e3e6d0296739b4e6eb9399407eef12a","1835cac5cdb40404c8c72268baa90cf814572962c492671d3225257834f7234e","8660dfb42e89340388c682b15795e1214770f318ac8000719093f2187f356c88"
"1.0","feature_rich","euro2004","euro2004_021",TRUE,TRUE,TRUE,2003-12-31,2004-06-22,"","dbcf24c9f86f48423588ed254bdb08b4eb8663c31d50135a35aac5648ce87c73","1f97aae25b451b487872acbec081b19f16f85159628e9b3ae8b8a1228cdea265","cdcc4eaa9ecaf383e30d71f7cdcaab0f7e3e6d0296739b4e6eb9399407eef12a","40ab4626cae68823f9dcd8b9abd87ace6b2e17ff95caa90c6cca73fd6f58c7ff","57d5ed84350142d81e0c2631b7758a162400d1183fa8e5f596b0ec7b5bec7695"
"1.0","feature_rich","euro2004","euro2004_022",TRUE,TRUE,TRUE,2003-12-31,2004-06-22,"","dbcf24c9f86f48423588ed254bdb08b4eb8663c31d50135a35aac5648ce87c73","1f97aae25b451b487872acbec081b19f16f85159628e9b3ae8b8a1228cdea265","cdcc4eaa9ecaf383e30d71f7cdcaab0f7e3e6d0296739b4e6eb9399407eef12a","285c14ac66601d23feba08bc6b28679cb75701d4d5ffa749058a276d0a7bd7a0","112190239d3ecee1c048ccce66de6d298e545045453b14fb53e947c5fa269067"
"1.0","feature_rich","euro2004","euro2004_023",TRUE,TRUE,TRUE,2003-12-31,2004-06-23,"","dbcf24c9f86f48423588ed254bdb08b4eb8663c31d50135a35aac5648ce87c73","1f97aae25b451b487872acbec081b19f16f85159628e9b3ae8b8a1228cdea265","cdcc4eaa9ecaf383e30d71f7cdcaab0f7e3e6d0296739b4e6eb9399407eef12a","61907c493bc9b6017680f59e0e482414c23e38fed6a1d90aa4f460e2d90c045b","43f2d5f00851a3f58246ac6cb63a0c0f2d550cc082e7a4510df5cb6a991eb60e"
"1.0","feature_rich","euro2004","euro2004_024",TRUE,TRUE,TRUE,2003-12-31,2004-06-23,"","dbcf24c9f86f48423588ed254bdb08b4eb8663c31d50135a35aac5648ce87c73","1f97aae25b451b487872acbec081b19f16f85159628e9b3ae8b8a1228cdea265","cdcc4eaa9ecaf383e30d71f7cdcaab0f7e3e6d0296739b4e6eb9399407eef12a","b68208dca847ac0a978212677ec21d86bc82bf7c0325562139895da7cf03434c","88c95d70827e5d735bca04cca5daa5d3628b7a05caa07e2d8f79cec7062e03d2"
"1.0","feature_rich","euro2004","euro2004_025",TRUE,TRUE,TRUE,2003-12-31,2004-06-24,"","dbcf24c9f86f48423588ed254bdb08b4eb8663c31d50135a35aac5648ce87c73","1f97aae25b451b487872acbec081b19f16f85159628e9b3ae8b8a1228cdea265","cdcc4eaa9ecaf383e30d71f7cdcaab0f7e3e6d0296739b4e6eb9399407eef12a","5e4e7ccd08fcc82fa5d9c2108e22cadeab1251f56f35ffecac0e6ea2ed31ab71","2d8af82ec2184b849a79fa39b134c394002103c1f1b8780501577da949447b2b"
"1.0","feature_rich","euro2004","euro2004_026",TRUE,TRUE,TRUE,2003-12-31,2004-06-25,"","dbcf24c9f86f48423588ed254bdb08b4eb8663c31d50135a35aac5648ce87c73","1f97aae25b451b487872acbec081b19f16f85159628e9b3ae8b8a1228cdea265","cdcc4eaa9ecaf383e30d71f7cdcaab0f7e3e6d0296739b4e6eb9399407eef12a","3aea303a4891b29429588b8ceecd2640a0e3b64c4943093bd1f12f50b705504b","79554d24738e84174f9fcacafc297205d89b87fb0c3922a525717f029732df9a"
"1.0","feature_rich","euro2004","euro2004_027",TRUE,TRUE,TRUE,2003-12-31,2004-06-26,"","dbcf24c9f86f48423588ed254bdb08b4eb8663c31d50135a35aac5648ce87c73","1f97aae25b451b487872acbec081b19f16f85159628e9b3ae8b8a1228cdea265","cdcc4eaa9ecaf383e30d71f7cdcaab0f7e3e6d0296739b4e6eb9399407eef12a","5bd52b524c6cd9c2465775eb3ee362e9f697eacdd85390a55dd74e2d26b27689","a2b62dc333cac501b4f3bdf66db540b523954be0e05b9a66969a76d41a481fcf"
"1.0","feature_rich","euro2004","euro2004_028",TRUE,TRUE,TRUE,2003-12-31,2004-06-27,"","dbcf24c9f86f48423588ed254bdb08b4eb8663c31d50135a35aac5648ce87c73","1f97aae25b451b487872acbec081b19f16f85159628e9b3ae8b8a1228cdea265","cdcc4eaa9ecaf383e30d71f7cdcaab0f7e3e6d0296739b4e6eb9399407eef12a","412ebde3ac928cb4287ddfe8eb6df9e2ce973702b99f22e2cb4d553383ce4127","5aacdd7ebc776a35c4531c38220a8120939218105361884301d03d3b1b6efd44"
"1.0","feature_rich","euro2004","euro2004_029",TRUE,TRUE,TRUE,2003-12-31,2004-06-30,"","dbcf24c9f86f48423588ed254bdb08b4eb8663c31d50135a35aac5648ce87c73","1f97aae25b451b487872acbec081b19f16f85159628e9b3ae8b8a1228cdea265","cdcc4eaa9ecaf383e30d71f7cdcaab0f7e3e6d0296739b4e6eb9399407eef12a","3fb21e7d0195c1e840bc9ca02253090bd1482473b89d799ff60acdcadbfa5454","fabb092232a5737ce95d29201b7ffed9457236ddcb9a63b60d86d9a14b2b414d"
"1.0","feature_rich","euro2004","euro2004_030",TRUE,TRUE,TRUE,2004-06-30,2004-07-01,"","dbcf24c9f86f48423588ed254bdb08b4eb8663c31d50135a35aac5648ce87c73","1f97aae25b451b487872acbec081b19f16f85159628e9b3ae8b8a1228cdea265","cdcc4eaa9ecaf383e30d71f7cdcaab0f7e3e6d0296739b4e6eb9399407eef12a","330a49d01476457a59448697ec09e07a5d4a64740f0d74fcb3c3519c0c5deb4a","5b18bf6a83e5228ea2e1c88a73b61ce9851475e605cc2ee5f1366db8eff89878"
"1.0","feature_rich","euro2004","euro2004_031",TRUE,TRUE,TRUE,2004-06-30,2004-07-04,"","dbcf24c9f86f48423588ed254bdb08b4eb8663c31d50135a35aac5648ce87c73","1f97aae25b451b487872acbec081b19f16f85159628e9b3ae8b8a1228cdea265","cdcc4eaa9ecaf383e30d71f7cdcaab0f7e3e6d0296739b4e6eb9399407eef12a","c20d4f3d9737567d5f666f97e977b83edc7e755a577d10bb962703dbe48cbcf6","205887277a126bbca9939c4ad86ff4ceac63388f400ee188ce7741917101d2f2"
"1.0","feature_rich","euro2008","euro2008_001",TRUE,TRUE,TRUE,2007-12-31,2008-06-07,"","dbcf24c9f86f48423588ed254bdb08b4eb8663c31d50135a35aac5648ce87c73","1f97aae25b451b487872acbec081b19f16f85159628e9b3ae8b8a1228cdea265","cdcc4eaa9ecaf383e30d71f7cdcaab0f7e3e6d0296739b4e6eb9399407eef12a","f9604797d1be245996e1e9e850f10e42f13cefcd766cd9b727872cd88f078470","7d340868850a036133ed22c70c68dbcf33ea747fcf2f7cc0272aad12c632e83e"
"1.0","feature_rich","euro2008","euro2008_002",TRUE,TRUE,TRUE,2007-12-31,2008-06-07,"","dbcf24c9f86f48423588ed254bdb08b4eb8663c31d50135a35aac5648ce87c73","1f97aae25b451b487872acbec081b19f16f85159628e9b3ae8b8a1228cdea265","cdcc4eaa9ecaf383e30d71f7cdcaab0f7e3e6d0296739b4e6eb9399407eef12a","621a0e5c737b856aeb46660e010bdab7ab42419f720c9fa61641e1428a30d84b","fd439506b6228891382e849fd4b831ad02719bedef8665ec4f234aedb021da80"
"1.0","feature_rich","euro2008","euro2008_003",TRUE,TRUE,TRUE,2007-12-31,2008-06-08,"","dbcf24c9f86f48423588ed254bdb08b4eb8663c31d50135a35aac5648ce87c73","1f97aae25b451b487872acbec081b19f16f85159628e9b3ae8b8a1228cdea265","cdcc4eaa9ecaf383e30d71f7cdcaab0f7e3e6d0296739b4e6eb9399407eef12a","55321ed4f4fa0c234beca039fd2ea4f4e444ce531cb03af4d9578f89ed98e7ae","4e2400d29669f0aef6047fbd39b2ce2be5fe467f3ec6c2d5ff3ded85878da286"
"1.0","feature_rich","euro2008","euro2008_004",TRUE,TRUE,TRUE,2007-12-31,2008-06-08,"","dbcf24c9f86f48423588ed254bdb08b4eb8663c31d50135a35aac5648ce87c73","1f97aae25b451b487872acbec081b19f16f85159628e9b3ae8b8a1228cdea265","cdcc4eaa9ecaf383e30d71f7cdcaab0f7e3e6d0296739b4e6eb9399407eef12a","6a002178ec2dc06352f2cc6326db129ff0b2914e57e2df59397f1c1e5ed19d42","bc6a41bf7be11aaf44b00af0d3583c05ff06e9168aaad25445896330a1109f19"
"1.0","feature_rich","euro2008","euro2008_005",TRUE,TRUE,TRUE,2007-12-31,2008-06-09,"","dbcf24c9f86f48423588ed254bdb08b4eb8663c31d50135a35aac5648ce87c73","1f97aae25b451b487872acbec081b19f16f85159628e9b3ae8b8a1228cdea265","cdcc4eaa9ecaf383e30d71f7cdcaab0f7e3e6d0296739b4e6eb9399407eef12a","d97f101a55e6e17ce3fdfa6613633f952b07f824dd8bedf634152ae635e27562","12e6a58f34ba18086d264b09796661b8f2983f63f9ff13f162e51509b08f106f"
"1.0","feature_rich","euro2008","euro2008_006",TRUE,TRUE,TRUE,2007-12-31,2008-06-09,"","dbcf24c9f86f48423588ed254bdb08b4eb8663c31d50135a35aac5648ce87c73","1f97aae25b451b487872acbec081b19f16f85159628e9b3ae8b8a1228cdea265","cdcc4eaa9ecaf383e30d71f7cdcaab0f7e3e6d0296739b4e6eb9399407eef12a","479479e8a81401ba921610ef3b139e32d3c5785c2b954b8e51b4205eb228b4cd","a1c358613e4cae3a8f60b6895e6c910917a3c88a3fe6b5483e3c6c619a0a8cf5"
"1.0","feature_rich","euro2008","euro2008_007",TRUE,TRUE,TRUE,2007-12-31,2008-06-10,"","dbcf24c9f86f48423588ed254bdb08b4eb8663c31d50135a35aac5648ce87c73","1f97aae25b451b487872acbec081b19f16f85159628e9b3ae8b8a1228cdea265","cdcc4eaa9ecaf383e30d71f7cdcaab0f7e3e6d0296739b4e6eb9399407eef12a","541cfd525ef9bd26ff0b22f09de4c92252ff2117e7faa6ada9476a870d81b7bd","fb450acc963b5c0ec7cfeadeb4d5d8853a1466de008b7a82ac19660509d3bca3"
"1.0","feature_rich","euro2008","euro2008_008",TRUE,TRUE,TRUE,2007-12-31,2008-06-10,"","dbcf24c9f86f48423588ed254bdb08b4eb8663c31d50135a35aac5648ce87c73","1f97aae25b451b487872acbec081b19f16f85159628e9b3ae8b8a1228cdea265","cdcc4eaa9ecaf383e30d71f7cdcaab0f7e3e6d0296739b4e6eb9399407eef12a","5406e2f1ddcad3f62e5c95a5b0ba0ef8b6250164d245064a11e5813b108ad8e1","74f659b7cb6aec23dc8ec47436de356a524f30c62a54b8221d050087e9cc1e48"
"1.0","feature_rich","euro2008","euro2008_009",TRUE,TRUE,TRUE,2007-12-31,2008-06-11,"","dbcf24c9f86f48423588ed254bdb08b4eb8663c31d50135a35aac5648ce87c73","1f97aae25b451b487872acbec081b19f16f85159628e9b3ae8b8a1228cdea265","cdcc4eaa9ecaf383e30d71f7cdcaab0f7e3e6d0296739b4e6eb9399407eef12a","d49f2d5f00c6fff1353e0acfc5079afa8dff3056284778dc15c84e5481eaffac","312d086d74c504a424b07a15a1383399486c1c56a8f624742513d4482a738896"
"1.0","feature_rich","euro2008","euro2008_010",TRUE,TRUE,TRUE,2007-12-31,2008-06-11,"","dbcf24c9f86f48423588ed254bdb08b4eb8663c31d50135a35aac5648ce87c73","1f97aae25b451b487872acbec081b19f16f85159628e9b3ae8b8a1228cdea265","cdcc4eaa9ecaf383e30d71f7cdcaab0f7e3e6d0296739b4e6eb9399407eef12a","c0da6d50df46bba765c869569ced6b66a691a0ff94cac688f13d150f365b172e","96e1d3e4505f997b69d8db1fea5e75f214579e3213b813941f3e9a7cb14c1050"
"1.0","feature_rich","euro2008","euro2008_011",TRUE,TRUE,TRUE,2007-12-31,2008-06-12,"","dbcf24c9f86f48423588ed254bdb08b4eb8663c31d50135a35aac5648ce87c73","1f97aae25b451b487872acbec081b19f16f85159628e9b3ae8b8a1228cdea265","cdcc4eaa9ecaf383e30d71f7cdcaab0f7e3e6d0296739b4e6eb9399407eef12a","731e9cfcb603d8178b6e1e20383a81a68413573573536e7426320615cef3b962","33cc85d9121827537f9fee871ac582dc6e3b8cbfb19f9beafaad53b7cdd56566"
"1.0","feature_rich","euro2008","euro2008_012",TRUE,TRUE,TRUE,2007-12-31,2008-06-12,"","dbcf24c9f86f48423588ed254bdb08b4eb8663c31d50135a35aac5648ce87c73","1f97aae25b451b487872acbec081b19f16f85159628e9b3ae8b8a1228cdea265","cdcc4eaa9ecaf383e30d71f7cdcaab0f7e3e6d0296739b4e6eb9399407eef12a","790c20284c1962874ac431bdea342c24092601d5835669c9952171f639678aa7","9e9458c617d14f1a01bb4594da14f58b757157866b98dae408adbc1b435fe8d6"
"1.0","feature_rich","euro2008","euro2008_013",TRUE,TRUE,TRUE,2007-12-31,2008-06-13,"","dbcf24c9f86f48423588ed254bdb08b4eb8663c31d50135a35aac5648ce87c73","1f97aae25b451b487872acbec081b19f16f85159628e9b3ae8b8a1228cdea265","cdcc4eaa9ecaf383e30d71f7cdcaab0f7e3e6d0296739b4e6eb9399407eef12a","604f248e2653e62d648edb20d0cd07d062f66796e8d9e8f30cef71964ca000f8","b19e8b3486bf4edf0133cd470cd16fa842b987d7cfa8c93aaea73fdf172fb7ea"
"1.0","feature_rich","euro2008","euro2008_014",TRUE,TRUE,TRUE,2007-12-31,2008-06-13,"","dbcf24c9f86f48423588ed254bdb08b4eb8663c31d50135a35aac5648ce87c73","1f97aae25b451b487872acbec081b19f16f85159628e9b3ae8b8a1228cdea265","cdcc4eaa9ecaf383e30d71f7cdcaab0f7e3e6d0296739b4e6eb9399407eef12a","ca704d7c10fabc0614ef9c4d33b18a28a091dd7423f85caa7ac5cd92a7e2864a","cc31921ed470402bff78a677ae7e4d440b1f37a58f45b65c5a1513a64c2530c3"
"1.0","feature_rich","euro2008","euro2008_015",TRUE,TRUE,TRUE,2007-12-31,2008-06-14,"","dbcf24c9f86f48423588ed254bdb08b4eb8663c31d50135a35aac5648ce87c73","1f97aae25b451b487872acbec081b19f16f85159628e9b3ae8b8a1228cdea265","cdcc4eaa9ecaf383e30d71f7cdcaab0f7e3e6d0296739b4e6eb9399407eef12a","6b219a1d29237a130dc93244d59fa7fed3ad0f98d7d8e6e621fa67921aeba801","eaec3d8b30f7d70cd68c82cc6916f338e791734870635c6817138449f8d0f085"
"1.0","feature_rich","euro2008","euro2008_016",TRUE,TRUE,TRUE,2007-12-31,2008-06-14,"","dbcf24c9f86f48423588ed254bdb08b4eb8663c31d50135a35aac5648ce87c73","1f97aae25b451b487872acbec081b19f16f85159628e9b3ae8b8a1228cdea265","cdcc4eaa9ecaf383e30d71f7cdcaab0f7e3e6d0296739b4e6eb9399407eef12a","d5fd2d47f71dbac1daa5de196313c276b74f5fdb6ce493881f9ee34208cd09fe","8448e5b42d9bf7b03b9ce9b5dc2996eb9a85e0a7279e26d7adb2027ca7130e70"
"1.0","feature_rich","euro2008","euro2008_017",TRUE,TRUE,TRUE,2007-12-31,2008-06-15,"","dbcf24c9f86f48423588ed254bdb08b4eb8663c31d50135a35aac5648ce87c73","1f97aae25b451b487872acbec081b19f16f85159628e9b3ae8b8a1228cdea265","cdcc4eaa9ecaf383e30d71f7cdcaab0f7e3e6d0296739b4e6eb9399407eef12a","2513283ad3a2d9fc07d473fa1b38c264fc808a6871b4d2228bd672db40b33ffe","e3c682913d1acf59bb3d89b729e4664f117d6c92ff192b9ae106ea8f040be19b"
"1.0","feature_rich","euro2008","euro2008_018",TRUE,TRUE,TRUE,2007-12-31,2008-06-15,"","dbcf24c9f86f48423588ed254bdb08b4eb8663c31d50135a35aac5648ce87c73","1f97aae25b451b487872acbec081b19f16f85159628e9b3ae8b8a1228cdea265","cdcc4eaa9ecaf383e30d71f7cdcaab0f7e3e6d0296739b4e6eb9399407eef12a","73cb946fe7d99cf455356a386cec72fcf36800792298b313f69b922e4a96b21b","503b369578a5b0e53e626d8c3f6b05be9e6b596a24d7355fb3add52df6b9c2af"
"1.0","feature_rich","euro2008","euro2008_019",TRUE,TRUE,TRUE,2007-12-31,2008-06-16,"","dbcf24c9f86f48423588ed254bdb08b4eb8663c31d50135a35aac5648ce87c73","1f97aae25b451b487872acbec081b19f16f85159628e9b3ae8b8a1228cdea265","cdcc4eaa9ecaf383e30d71f7cdcaab0f7e3e6d0296739b4e6eb9399407eef12a","0740507aeb5173edc8b8ec32c8cbd9ff98bc40b705d292c9e4c99b2a7621f367","be8b6463ac1a79875dd43501a9cec04e3a1040900fd033e202d859a940e9e3cd"
"1.0","feature_rich","euro2008","euro2008_020",TRUE,TRUE,TRUE,2007-12-31,2008-06-16,"","dbcf24c9f86f48423588ed254bdb08b4eb8663c31d50135a35aac5648ce87c73","1f97aae25b451b487872acbec081b19f16f85159628e9b3ae8b8a1228cdea265","cdcc4eaa9ecaf383e30d71f7cdcaab0f7e3e6d0296739b4e6eb9399407eef12a","49cd70bc9e78794a4d8bd5b64f3e31a6726f9b4558459f8e0c985aa337dc9192","28682798e21f55621bf12efc24a53c90b1df8e9e0a35804479d76dec40c8752e"
"1.0","feature_rich","euro2008","euro2008_021",TRUE,TRUE,TRUE,2007-12-31,2008-06-17,"","dbcf24c9f86f48423588ed254bdb08b4eb8663c31d50135a35aac5648ce87c73","1f97aae25b451b487872acbec081b19f16f85159628e9b3ae8b8a1228cdea265","cdcc4eaa9ecaf383e30d71f7cdcaab0f7e3e6d0296739b4e6eb9399407eef12a","32a6bccc39c9cf02ca34b71dd9b4010cd8c037be2bafed584ad470468412cc22","3414a613b640f6395ffc9c9dfb606ddbecbfa882064e10e34951fa72586872fe"
"1.0","feature_rich","euro2008","euro2008_022",TRUE,TRUE,TRUE,2007-12-31,2008-06-17,"","dbcf24c9f86f48423588ed254bdb08b4eb8663c31d50135a35aac5648ce87c73","1f97aae25b451b487872acbec081b19f16f85159628e9b3ae8b8a1228cdea265","cdcc4eaa9ecaf383e30d71f7cdcaab0f7e3e6d0296739b4e6eb9399407eef12a","25d297acabbcedfd73183d362a5d1e0924ddd91bf68cb34c47adfff926a72cab","1aef6464fd37607147ecbac5964d496278497851f4eec19fc68ac10007874bba"
"1.0","feature_rich","euro2008","euro2008_023",TRUE,TRUE,TRUE,2007-12-31,2008-06-18,"","dbcf24c9f86f48423588ed254bdb08b4eb8663c31d50135a35aac5648ce87c73","1f97aae25b451b487872acbec081b19f16f85159628e9b3ae8b8a1228cdea265","cdcc4eaa9ecaf383e30d71f7cdcaab0f7e3e6d0296739b4e6eb9399407eef12a","dd5d1b8a8e0bd040f2dbcc396ee69aa2d3e499d3568c3f410b16c4135ca6c932","4d5dae43e1e7ec2996fbd99610d13837a92123e51c77ba651174361f17052346"
"1.0","feature_rich","euro2008","euro2008_024",TRUE,TRUE,TRUE,2007-12-31,2008-06-18,"","dbcf24c9f86f48423588ed254bdb08b4eb8663c31d50135a35aac5648ce87c73","1f97aae25b451b487872acbec081b19f16f85159628e9b3ae8b8a1228cdea265","cdcc4eaa9ecaf383e30d71f7cdcaab0f7e3e6d0296739b4e6eb9399407eef12a","0593bf1da931349f01f690f1c2d8be6617732078e1431599328e200c6a4ec56f","6b7c4804054c7459fa7e76fe95ffa4ad02da05aaf80a2de1800dff6a476f5f34"
"1.0","feature_rich","euro2008","euro2008_025",TRUE,TRUE,TRUE,2007-12-31,2008-06-19,"","dbcf24c9f86f48423588ed254bdb08b4eb8663c31d50135a35aac5648ce87c73","1f97aae25b451b487872acbec081b19f16f85159628e9b3ae8b8a1228cdea265","cdcc4eaa9ecaf383e30d71f7cdcaab0f7e3e6d0296739b4e6eb9399407eef12a","080b8716e6e9a090f81e57a660ff1dc4821b636e305b5b7f3664abd19ce03baf","b3b2af723a165ee290e1d3621954c0d8800133e01323adace434498f1accd359"
"1.0","feature_rich","euro2008","euro2008_026",TRUE,TRUE,TRUE,2007-12-31,2008-06-20,"","dbcf24c9f86f48423588ed254bdb08b4eb8663c31d50135a35aac5648ce87c73","1f97aae25b451b487872acbec081b19f16f85159628e9b3ae8b8a1228cdea265","cdcc4eaa9ecaf383e30d71f7cdcaab0f7e3e6d0296739b4e6eb9399407eef12a","ffd5cd59fee74ff1422f4e1e12cde7ee3ca53e6b383d6702e885de209c39ba8a","bcd5d440c754ea5fdd77a858d1a40c536fa950a961a91e1db21e7b0e560f6fd9"
"1.0","feature_rich","euro2008","euro2008_027",TRUE,TRUE,TRUE,2007-12-31,2008-06-21,"","dbcf24c9f86f48423588ed254bdb08b4eb8663c31d50135a35aac5648ce87c73","1f97aae25b451b487872acbec081b19f16f85159628e9b3ae8b8a1228cdea265","cdcc4eaa9ecaf383e30d71f7cdcaab0f7e3e6d0296739b4e6eb9399407eef12a","eafdf194a0680f65db77813d6aae519c5557ad346f4776ab83315960753eef8b","dcaddb4217de4ee4bbed053fb9fed503933373a7237ae0105f4185a5a0d4570a"
"1.0","feature_rich","euro2008","euro2008_028",TRUE,TRUE,TRUE,2007-12-31,2008-06-22,"","dbcf24c9f86f48423588ed254bdb08b4eb8663c31d50135a35aac5648ce87c73","1f97aae25b451b487872acbec081b19f16f85159628e9b3ae8b8a1228cdea265","cdcc4eaa9ecaf383e30d71f7cdcaab0f7e3e6d0296739b4e6eb9399407eef12a","d597736ccd50306a8cedd5a4a42b8c289b6388ead46fcabd92c0843422960282","1b4feac57f9aa83213753d76f32a6292fff71a12bc06228e8766deb6361c51e5"
"1.0","feature_rich","euro2008","euro2008_029",TRUE,TRUE,TRUE,2007-12-31,2008-06-25,"","dbcf24c9f86f48423588ed254bdb08b4eb8663c31d50135a35aac5648ce87c73","1f97aae25b451b487872acbec081b19f16f85159628e9b3ae8b8a1228cdea265","cdcc4eaa9ecaf383e30d71f7cdcaab0f7e3e6d0296739b4e6eb9399407eef12a","f43af500f70c675ebaeb9bd5368770a7b5698287b816e951d8767def3dcb4bf6","e9e0cb744d8c3cf77421d87b7cec5f3994ae35cc2dbecb2f42b30f854b8904b6"
"1.0","feature_rich","euro2008","euro2008_030",TRUE,TRUE,TRUE,2007-12-31,2008-06-26,"","dbcf24c9f86f48423588ed254bdb08b4eb8663c31d50135a35aac5648ce87c73","1f97aae25b451b487872acbec081b19f16f85159628e9b3ae8b8a1228cdea265","cdcc4eaa9ecaf383e30d71f7cdcaab0f7e3e6d0296739b4e6eb9399407eef12a","6973402eadb243dc60b6057c746b4d266f5559289d9388921c515ec287d161cb","6a88fa65eb252b65b3fa3f5124ce13ef31c11cd4a24d7b91c08a77eda74e6d63"
"1.0","feature_rich","euro2008","euro2008_031",TRUE,TRUE,TRUE,2007-12-31,2008-06-29,"","dbcf24c9f86f48423588ed254bdb08b4eb8663c31d50135a35aac5648ce87c73","1f97aae25b451b487872acbec081b19f16f85159628e9b3ae8b8a1228cdea265","cdcc4eaa9ecaf383e30d71f7cdcaab0f7e3e6d0296739b4e6eb9399407eef12a","f5c2af59053b3f639caf10af91134ea56b9ea34288676ef12c031c9e2ee65f9a","a31c16c56638aa160d451e148de67571700001f5c3e0d95a980fd658e53707ae"
"1.0","feature_rich","euro2012","euro2012_001",TRUE,TRUE,TRUE,2011-12-31,2012-06-08,"","dbcf24c9f86f48423588ed254bdb08b4eb8663c31d50135a35aac5648ce87c73","1f97aae25b451b487872acbec081b19f16f85159628e9b3ae8b8a1228cdea265","cdcc4eaa9ecaf383e30d71f7cdcaab0f7e3e6d0296739b4e6eb9399407eef12a","2ee035efd3cd022143ef48512242bf47a1986967c156b6b1fc39e1fae7962529","ad01ad7853cffd0878906d81f856380b4edd54a80743bfad0ea296ca42aa67c8"
"1.0","feature_rich","euro2012","euro2012_002",TRUE,TRUE,TRUE,2011-12-31,2012-06-08,"","dbcf24c9f86f48423588ed254bdb08b4eb8663c31d50135a35aac5648ce87c73","1f97aae25b451b487872acbec081b19f16f85159628e9b3ae8b8a1228cdea265","cdcc4eaa9ecaf383e30d71f7cdcaab0f7e3e6d0296739b4e6eb9399407eef12a","9ba7249df85791d1525bf843d6bb12444c36f8dfa4fbe51ec6ca917eb0c102eb","a6638b10eef0efa36d238e3162b1045d7fe6e6995c06ee5e8c83e8f30d40f3be"
"1.0","feature_rich","euro2012","euro2012_003",TRUE,TRUE,TRUE,2011-12-31,2012-06-09,"","dbcf24c9f86f48423588ed254bdb08b4eb8663c31d50135a35aac5648ce87c73","1f97aae25b451b487872acbec081b19f16f85159628e9b3ae8b8a1228cdea265","cdcc4eaa9ecaf383e30d71f7cdcaab0f7e3e6d0296739b4e6eb9399407eef12a","0aaa78f28315425b58eb56289937d8f65e0631a98660526cb4ee9d80b40130eb","c42a127d208025a0474a93abc7c99187d4d48ff52fa7e429187e9ddda4c79196"
"1.0","feature_rich","euro2012","euro2012_004",TRUE,TRUE,TRUE,2011-12-31,2012-06-09,"","dbcf24c9f86f48423588ed254bdb08b4eb8663c31d50135a35aac5648ce87c73","1f97aae25b451b487872acbec081b19f16f85159628e9b3ae8b8a1228cdea265","cdcc4eaa9ecaf383e30d71f7cdcaab0f7e3e6d0296739b4e6eb9399407eef12a","b438d800bebf95a6d766c5dcafde55fad50cd3571866fb98c9c47b6509bd5758","e4284b55a55c578c7bb4ecd53342baae97dfbb807fdb0697652e31fc75eb609f"
"1.0","feature_rich","euro2012","euro2012_005",FALSE,FALSE,TRUE,2011-12-31,2012-06-10,"missing_point_in_time_required_transfermarkt_snapshot","dbcf24c9f86f48423588ed254bdb08b4eb8663c31d50135a35aac5648ce87c73","1f97aae25b451b487872acbec081b19f16f85159628e9b3ae8b8a1228cdea265","cdcc4eaa9ecaf383e30d71f7cdcaab0f7e3e6d0296739b4e6eb9399407eef12a","e5cc92ba56662236427b0264de5fc86b4b86665acf88510d6feb8700e2c99657","300de325edd21f86d1fbe3bbc564f8c56bcb04e3edc9ef5a1dcb0277d0e829fe"
"1.0","feature_rich","euro2012","euro2012_006",TRUE,TRUE,TRUE,2011-12-31,2012-06-10,"","dbcf24c9f86f48423588ed254bdb08b4eb8663c31d50135a35aac5648ce87c73","1f97aae25b451b487872acbec081b19f16f85159628e9b3ae8b8a1228cdea265","cdcc4eaa9ecaf383e30d71f7cdcaab0f7e3e6d0296739b4e6eb9399407eef12a","b7960b493354758fcd2aba1674b2085087443c75ee1a2b97c50fbeb1e865b988","248f192f363a4abe11ce5dadd38f9df1cb6e3b3f1ae13a93b9874c44c743101c"
"1.0","feature_rich","euro2012","euro2012_007",TRUE,TRUE,TRUE,2011-12-31,2012-06-11,"","dbcf24c9f86f48423588ed254bdb08b4eb8663c31d50135a35aac5648ce87c73","1f97aae25b451b487872acbec081b19f16f85159628e9b3ae8b8a1228cdea265","cdcc4eaa9ecaf383e30d71f7cdcaab0f7e3e6d0296739b4e6eb9399407eef12a","c98950f82e350ba14f6ca36ba9b4d8441e15b6aa5a79ba57889fa74baaa4bad5","b9eeaddeed0ad958b26d5d5b3a424b15c722f6314d990406f77b1d3c1c8fe9bb"
"1.0","feature_rich","euro2012","euro2012_008",TRUE,TRUE,TRUE,2011-12-31,2012-06-11,"","dbcf24c9f86f48423588ed254bdb08b4eb8663c31d50135a35aac5648ce87c73","1f97aae25b451b487872acbec081b19f16f85159628e9b3ae8b8a1228cdea265","cdcc4eaa9ecaf383e30d71f7cdcaab0f7e3e6d0296739b4e6eb9399407eef12a","0448560979ae946f8f7917f32cf8a17cfff1c9b3ec668477744c16c0a058475b","64565648e2a59e343953c831fb33d80947d5d241fd7c44ad0b870f9de4910fe7"
"1.0","feature_rich","euro2012","euro2012_009",TRUE,TRUE,TRUE,2011-12-31,2012-06-12,"","dbcf24c9f86f48423588ed254bdb08b4eb8663c31d50135a35aac5648ce87c73","1f97aae25b451b487872acbec081b19f16f85159628e9b3ae8b8a1228cdea265","cdcc4eaa9ecaf383e30d71f7cdcaab0f7e3e6d0296739b4e6eb9399407eef12a","cf7ca53edb2eaa358db00c66a46620dcd370cbd034501a2c9ac4d309ce3fde61","a226aff8946a85c6f41fe7fde587afe9bc8bf801aae7b487ad79e94756a92388"
"1.0","feature_rich","euro2012","euro2012_010",TRUE,TRUE,TRUE,2011-12-31,2012-06-12,"","dbcf24c9f86f48423588ed254bdb08b4eb8663c31d50135a35aac5648ce87c73","1f97aae25b451b487872acbec081b19f16f85159628e9b3ae8b8a1228cdea265","cdcc4eaa9ecaf383e30d71f7cdcaab0f7e3e6d0296739b4e6eb9399407eef12a","9547f79dbb92fcdfb857cc8685b08c58a850310b6820553eed05feb13c3ae6c3","91fb7010910180289f548762584d752417397da9a89345a6ee7de6bbc48a68d2"
"1.0","feature_rich","euro2012","euro2012_011",TRUE,TRUE,TRUE,2011-12-31,2012-06-13,"","dbcf24c9f86f48423588ed254bdb08b4eb8663c31d50135a35aac5648ce87c73","1f97aae25b451b487872acbec081b19f16f85159628e9b3ae8b8a1228cdea265","cdcc4eaa9ecaf383e30d71f7cdcaab0f7e3e6d0296739b4e6eb9399407eef12a","79cf5e629c75b0b453bbb363e589d5ef65d17c6575e02461671082aa0cf22ad2","c504ca7b81acb44911236bd1a4d3f273e2f6cb4201600dd6f0322a9ca8783a67"
"1.0","feature_rich","euro2012","euro2012_012",TRUE,TRUE,TRUE,2011-12-31,2012-06-13,"","dbcf24c9f86f48423588ed254bdb08b4eb8663c31d50135a35aac5648ce87c73","1f97aae25b451b487872acbec081b19f16f85159628e9b3ae8b8a1228cdea265","cdcc4eaa9ecaf383e30d71f7cdcaab0f7e3e6d0296739b4e6eb9399407eef12a","ee252db9dd45f7f91017362aecce4ef4f59bc2d6b5fb749031569510df387db1","834b58770dec7e3136dc097ca403f0bc7c2667355d20bb912754c644a34e6b43"
"1.0","feature_rich","euro2012","euro2012_013",TRUE,TRUE,TRUE,2011-12-31,2012-06-14,"","dbcf24c9f86f48423588ed254bdb08b4eb8663c31d50135a35aac5648ce87c73","1f97aae25b451b487872acbec081b19f16f85159628e9b3ae8b8a1228cdea265","cdcc4eaa9ecaf383e30d71f7cdcaab0f7e3e6d0296739b4e6eb9399407eef12a","a7944331844a16366135eea838e86e859f5bb70bf09ff0038e61c188ea4fc181","509f63dc606d37504d2c03f04d1dfeb496cb6df02e267f092cfb3146c1d42e01"
"1.0","feature_rich","euro2012","euro2012_014",FALSE,FALSE,TRUE,2011-12-31,2012-06-14,"missing_point_in_time_required_transfermarkt_snapshot","dbcf24c9f86f48423588ed254bdb08b4eb8663c31d50135a35aac5648ce87c73","1f97aae25b451b487872acbec081b19f16f85159628e9b3ae8b8a1228cdea265","cdcc4eaa9ecaf383e30d71f7cdcaab0f7e3e6d0296739b4e6eb9399407eef12a","22cb3566c186d968e1dee77e7e821f89c7b1e9af2153735d933d8609de967683","536ebf01ffc33d0465bbca65aa3895ecc392cd3827dcd2ddb12e4ca26cebecec"
"1.0","feature_rich","euro2012","euro2012_015",TRUE,TRUE,TRUE,2011-12-31,2012-06-15,"","dbcf24c9f86f48423588ed254bdb08b4eb8663c31d50135a35aac5648ce87c73","1f97aae25b451b487872acbec081b19f16f85159628e9b3ae8b8a1228cdea265","cdcc4eaa9ecaf383e30d71f7cdcaab0f7e3e6d0296739b4e6eb9399407eef12a","9cccfe6b58da7eb7fea6a72f9b62f805c04efcbbe5af4efa27745e658c703d6d","609e70ee26e35260c03cf295c89cf8190726a86429e811c14740fcb70a6847fa"
"1.0","feature_rich","euro2012","euro2012_016",TRUE,TRUE,TRUE,2011-12-31,2012-06-15,"","dbcf24c9f86f48423588ed254bdb08b4eb8663c31d50135a35aac5648ce87c73","1f97aae25b451b487872acbec081b19f16f85159628e9b3ae8b8a1228cdea265","cdcc4eaa9ecaf383e30d71f7cdcaab0f7e3e6d0296739b4e6eb9399407eef12a","02de9fc15d0e3a9064fe6a9cee5770de1d50d19589677ae9aaac836f4cddc959","30e34198e2ce85e0225799cca400b2dbf51a15e0cbff6120c0141771679f8e03"
"1.0","feature_rich","euro2012","euro2012_017",TRUE,TRUE,TRUE,2011-12-31,2012-06-16,"","dbcf24c9f86f48423588ed254bdb08b4eb8663c31d50135a35aac5648ce87c73","1f97aae25b451b487872acbec081b19f16f85159628e9b3ae8b8a1228cdea265","cdcc4eaa9ecaf383e30d71f7cdcaab0f7e3e6d0296739b4e6eb9399407eef12a","b172ca956d46fcdf5186245d4609d1b6cf1c8a127b9a22a4f338234775bcfda7","e3495fb6931aa4aa8309af846d10c4889fd8b3484e4e27efded3239c6e2230e3"
"1.0","feature_rich","euro2012","euro2012_018",TRUE,TRUE,TRUE,2011-12-31,2012-06-16,"","dbcf24c9f86f48423588ed254bdb08b4eb8663c31d50135a35aac5648ce87c73","1f97aae25b451b487872acbec081b19f16f85159628e9b3ae8b8a1228cdea265","cdcc4eaa9ecaf383e30d71f7cdcaab0f7e3e6d0296739b4e6eb9399407eef12a","596866c948f170a7430df913a64960b8fc44fc0adc4e1bd5e3d553a8bfd95b73","56a3487301d03ab76cb8a147ebc138fff7090026d70242cd1522511ddbcd2964"
"1.0","feature_rich","euro2012","euro2012_019",TRUE,TRUE,TRUE,2011-12-31,2012-06-17,"","dbcf24c9f86f48423588ed254bdb08b4eb8663c31d50135a35aac5648ce87c73","1f97aae25b451b487872acbec081b19f16f85159628e9b3ae8b8a1228cdea265","cdcc4eaa9ecaf383e30d71f7cdcaab0f7e3e6d0296739b4e6eb9399407eef12a","251a9e71d738f3846912b320dfed590195660f7334c81dc95309db76f1cfb7bb","a1deb3593a691ccf73baa077a8bf648fe502287926af6abb9172d33f0676ce5f"
"1.0","feature_rich","euro2012","euro2012_020",TRUE,TRUE,TRUE,2011-12-31,2012-06-17,"","dbcf24c9f86f48423588ed254bdb08b4eb8663c31d50135a35aac5648ce87c73","1f97aae25b451b487872acbec081b19f16f85159628e9b3ae8b8a1228cdea265","cdcc4eaa9ecaf383e30d71f7cdcaab0f7e3e6d0296739b4e6eb9399407eef12a","1e3d4e3d0de6e1e9196db3dd50d406f7bc0e11e1d4e220c681af91fc7073e74a","1d8fa378c09d7874ccbb26be7f440bebe02f5d286e83a02cb3944809ab5d4a1b"
"1.0","feature_rich","euro2012","euro2012_021",TRUE,TRUE,TRUE,2011-12-31,2012-06-18,"","dbcf24c9f86f48423588ed254bdb08b4eb8663c31d50135a35aac5648ce87c73","1f97aae25b451b487872acbec081b19f16f85159628e9b3ae8b8a1228cdea265","cdcc4eaa9ecaf383e30d71f7cdcaab0f7e3e6d0296739b4e6eb9399407eef12a","151cc621aca2061b70c92faf8754ed60238f8de138c0f46ca5d8872c623d191e","11959f7d37dbedb19c63e77f7a9e46fae8f0fbc0375f3f0212ee219405c8214a"
"1.0","feature_rich","euro2012","euro2012_022",FALSE,FALSE,TRUE,2011-12-31,2012-06-18,"missing_point_in_time_required_transfermarkt_snapshot","dbcf24c9f86f48423588ed254bdb08b4eb8663c31d50135a35aac5648ce87c73","1f97aae25b451b487872acbec081b19f16f85159628e9b3ae8b8a1228cdea265","cdcc4eaa9ecaf383e30d71f7cdcaab0f7e3e6d0296739b4e6eb9399407eef12a","2513c0eb3a902aa244b21a0e0137fbdfd42210f64841bdde0cd305958530dd8f","25c7bb9b7a0485f32f3b5da2e8bfb0b6d97eaafcb939bb936407094fa29d9990"
"1.0","feature_rich","euro2012","euro2012_023",TRUE,TRUE,TRUE,2011-12-31,2012-06-19,"","dbcf24c9f86f48423588ed254bdb08b4eb8663c31d50135a35aac5648ce87c73","1f97aae25b451b487872acbec081b19f16f85159628e9b3ae8b8a1228cdea265","cdcc4eaa9ecaf383e30d71f7cdcaab0f7e3e6d0296739b4e6eb9399407eef12a","b44eebe3d98146ce0825d2a06233af5a1a696a2d033b85570da587d1455a83c5","d6580397c32775d587241116c14197233f93b0c78db4bed32debf7c1b86fb110"
"1.0","feature_rich","euro2012","euro2012_024",TRUE,TRUE,TRUE,2011-12-31,2012-06-19,"","dbcf24c9f86f48423588ed254bdb08b4eb8663c31d50135a35aac5648ce87c73","1f97aae25b451b487872acbec081b19f16f85159628e9b3ae8b8a1228cdea265","cdcc4eaa9ecaf383e30d71f7cdcaab0f7e3e6d0296739b4e6eb9399407eef12a","402cbe079158fa97251ea95b6b4e2e69f481fd4c4059f5171c33acdfd5253409","bc24c1d7ea53ac2b36842d6290aa42664e1c7273a2948b9eba832592e5e4cbc4"
"1.0","feature_rich","euro2012","euro2012_025",TRUE,TRUE,TRUE,2011-12-31,2012-06-21,"","dbcf24c9f86f48423588ed254bdb08b4eb8663c31d50135a35aac5648ce87c73","1f97aae25b451b487872acbec081b19f16f85159628e9b3ae8b8a1228cdea265","cdcc4eaa9ecaf383e30d71f7cdcaab0f7e3e6d0296739b4e6eb9399407eef12a","b99e1d9662d396434885b3286a9c374b3e5ef41b2853ec7ce573781ab1ee19c2","0adfccd9047054b071a7fb344f5edcbefa4a96103325adc0255052bd4a0be41a"
"1.0","feature_rich","euro2012","euro2012_026",TRUE,TRUE,TRUE,2011-12-31,2012-06-22,"","dbcf24c9f86f48423588ed254bdb08b4eb8663c31d50135a35aac5648ce87c73","1f97aae25b451b487872acbec081b19f16f85159628e9b3ae8b8a1228cdea265","cdcc4eaa9ecaf383e30d71f7cdcaab0f7e3e6d0296739b4e6eb9399407eef12a","358222e5f528aa3dc583e1ed55f377f0f09e2f7e0366b22d5d68a374c4a91103","21fa5e9004138cbb5545723cd5e56760fa82e1bc3e32baf1be3cc1e2874221a0"
"1.0","feature_rich","euro2012","euro2012_027",TRUE,TRUE,TRUE,2011-12-31,2012-06-23,"","dbcf24c9f86f48423588ed254bdb08b4eb8663c31d50135a35aac5648ce87c73","1f97aae25b451b487872acbec081b19f16f85159628e9b3ae8b8a1228cdea265","cdcc4eaa9ecaf383e30d71f7cdcaab0f7e3e6d0296739b4e6eb9399407eef12a","cce6f665e7c44a986257e675ed563eafadcb06b656f051d6598ef45d339bb2b0","fcd4130892e63ea9e021f06ae0581f36c8b216172e27a2987e5f63700e461dbd"
"1.0","feature_rich","euro2012","euro2012_028",TRUE,TRUE,TRUE,2011-12-31,2012-06-24,"","dbcf24c9f86f48423588ed254bdb08b4eb8663c31d50135a35aac5648ce87c73","1f97aae25b451b487872acbec081b19f16f85159628e9b3ae8b8a1228cdea265","cdcc4eaa9ecaf383e30d71f7cdcaab0f7e3e6d0296739b4e6eb9399407eef12a","8d342a574bba187a40ea9f3d11da0f6e7127b0b15bacc91d0efe8100dd9ec218","de3d7fc7f52932386869e55d11dd260a9f46e6ac02f08f464b0ec65e490904f7"
"1.0","feature_rich","euro2012","euro2012_029",TRUE,TRUE,TRUE,2011-12-31,2012-06-27,"","dbcf24c9f86f48423588ed254bdb08b4eb8663c31d50135a35aac5648ce87c73","1f97aae25b451b487872acbec081b19f16f85159628e9b3ae8b8a1228cdea265","cdcc4eaa9ecaf383e30d71f7cdcaab0f7e3e6d0296739b4e6eb9399407eef12a","bd488f67264fa88b0402a171df5b36786300a477d02f9c8af7630660036a8fff","c01fd7e84b4ed1cbcfd055c555f02357ceb267e0ff632dc584a5d4a36a762e66"
"1.0","feature_rich","euro2012","euro2012_030",TRUE,TRUE,TRUE,2011-12-31,2012-06-28,"","dbcf24c9f86f48423588ed254bdb08b4eb8663c31d50135a35aac5648ce87c73","1f97aae25b451b487872acbec081b19f16f85159628e9b3ae8b8a1228cdea265","cdcc4eaa9ecaf383e30d71f7cdcaab0f7e3e6d0296739b4e6eb9399407eef12a","9a8a2cc50922e8a9aa90e8d10bf39f207c1d3019c4067198faa58e76c4833113","c699622ee4448a22d7ce80d41e6c8ddc0a794cbfc4ce485fb3a21b5bfaea5453"
"1.0","feature_rich","euro2012","euro2012_031",TRUE,TRUE,TRUE,2012-06-30,2012-07-01,"","dbcf24c9f86f48423588ed254bdb08b4eb8663c31d50135a35aac5648ce87c73","1f97aae25b451b487872acbec081b19f16f85159628e9b3ae8b8a1228cdea265","cdcc4eaa9ecaf383e30d71f7cdcaab0f7e3e6d0296739b4e6eb9399407eef12a","ad653d1c3675dd2d779e91bc8ce2e5bf92300bbdae0caca91081b89ad129d56e","e8e23129c97a9de28d5e494ae3cbb4cb98e6f277143a244ccd8fcbba5b35ecf9"
"1.0","feature_rich","euro2016","euro2016_001",TRUE,TRUE,TRUE,2015-12-31,2016-06-10,"","dbcf24c9f86f48423588ed254bdb08b4eb8663c31d50135a35aac5648ce87c73","1f97aae25b451b487872acbec081b19f16f85159628e9b3ae8b8a1228cdea265","cdcc4eaa9ecaf383e30d71f7cdcaab0f7e3e6d0296739b4e6eb9399407eef12a","915b652dbb3aaf6f586326034c1087b38ebbfcf109e6b3445cac790ace505216","943385ccf52c33af1f4d20dcf1298445f0b313e92349403e874a5caf28f1d2af"
"1.0","feature_rich","euro2016","euro2016_002",TRUE,TRUE,TRUE,2015-12-31,2016-06-11,"","dbcf24c9f86f48423588ed254bdb08b4eb8663c31d50135a35aac5648ce87c73","1f97aae25b451b487872acbec081b19f16f85159628e9b3ae8b8a1228cdea265","cdcc4eaa9ecaf383e30d71f7cdcaab0f7e3e6d0296739b4e6eb9399407eef12a","800771884eb67554e9b18ec037a0b439be005db74f355cfeb566a4132a491a99","4d927601b60372ba4f1b2861e1fe2d2a87c1df88c6030697326bbdf408b128e7"
"1.0","feature_rich","euro2016","euro2016_003",TRUE,TRUE,TRUE,2015-12-31,2016-06-11,"","dbcf24c9f86f48423588ed254bdb08b4eb8663c31d50135a35aac5648ce87c73","1f97aae25b451b487872acbec081b19f16f85159628e9b3ae8b8a1228cdea265","cdcc4eaa9ecaf383e30d71f7cdcaab0f7e3e6d0296739b4e6eb9399407eef12a","85a133f708de387a60395a9926caa7dabf38b14a131e5bdbf0d2d6676c213327","7e4ddbc4d27a41d997e083a2f3feaa27e76369f5f9052f0c708fcfe3ce38d417"
"1.0","feature_rich","euro2016","euro2016_004",TRUE,TRUE,TRUE,2015-12-31,2016-06-11,"","dbcf24c9f86f48423588ed254bdb08b4eb8663c31d50135a35aac5648ce87c73","1f97aae25b451b487872acbec081b19f16f85159628e9b3ae8b8a1228cdea265","cdcc4eaa9ecaf383e30d71f7cdcaab0f7e3e6d0296739b4e6eb9399407eef12a","ed943cd53e5bfa08063ea67ead547d9502680e7f00a9932eea41ea0cadaf1bc0","b7ce97b485523767cd8141897d53ae832567a67f91da2a43004cbe2c2498a4e6"
"1.0","feature_rich","euro2016","euro2016_005",TRUE,TRUE,TRUE,2015-12-31,2016-06-12,"","dbcf24c9f86f48423588ed254bdb08b4eb8663c31d50135a35aac5648ce87c73","1f97aae25b451b487872acbec081b19f16f85159628e9b3ae8b8a1228cdea265","cdcc4eaa9ecaf383e30d71f7cdcaab0f7e3e6d0296739b4e6eb9399407eef12a","264132d15200fa97d639d575159b4aab16ba4853e6123e4dd49e297863c4f3b3","394958a46f1c894c93d508943774cd19f901874cce3d56e94a7a46864e1cfba4"
"1.0","feature_rich","euro2016","euro2016_006",FALSE,FALSE,TRUE,2015-12-31,2016-06-12,"missing_point_in_time_required_transfermarkt_snapshot","dbcf24c9f86f48423588ed254bdb08b4eb8663c31d50135a35aac5648ce87c73","1f97aae25b451b487872acbec081b19f16f85159628e9b3ae8b8a1228cdea265","cdcc4eaa9ecaf383e30d71f7cdcaab0f7e3e6d0296739b4e6eb9399407eef12a","0b0a992d8f7e84de8d79c93ec22eb0b5a24646605b3b26a7d59b246061e1f84d","51ce9745d55e13b6b6f0f886d57d931c3158cdab6362406629108eb9071a0e61"
"1.0","feature_rich","euro2016","euro2016_007",TRUE,TRUE,TRUE,2015-12-31,2016-06-12,"","dbcf24c9f86f48423588ed254bdb08b4eb8663c31d50135a35aac5648ce87c73","1f97aae25b451b487872acbec081b19f16f85159628e9b3ae8b8a1228cdea265","cdcc4eaa9ecaf383e30d71f7cdcaab0f7e3e6d0296739b4e6eb9399407eef12a","cf47261cf337ae3b66b8ffa97538519f09a3972098753fd90ecfd6425bf3315b","2dc058b541d57262db1db78e7460b4dc0a13a0425a43ef7e161eb4d185dd4a66"
"1.0","feature_rich","euro2016","euro2016_008",TRUE,TRUE,TRUE,2015-12-31,2016-06-13,"","dbcf24c9f86f48423588ed254bdb08b4eb8663c31d50135a35aac5648ce87c73","1f97aae25b451b487872acbec081b19f16f85159628e9b3ae8b8a1228cdea265","cdcc4eaa9ecaf383e30d71f7cdcaab0f7e3e6d0296739b4e6eb9399407eef12a","832929b0944c0e4fcae8a545c40dac4c71f4ddf0250f9e4bab5bcf7d27574d3e","74a22142acdecba0e276941b987c88f23d3183bba7e8d51f1d615b8e51a33b4a"
"1.0","feature_rich","euro2016","euro2016_009",FALSE,FALSE,TRUE,2015-12-31,2016-06-13,"missing_point_in_time_required_transfermarkt_snapshot","dbcf24c9f86f48423588ed254bdb08b4eb8663c31d50135a35aac5648ce87c73","1f97aae25b451b487872acbec081b19f16f85159628e9b3ae8b8a1228cdea265","cdcc4eaa9ecaf383e30d71f7cdcaab0f7e3e6d0296739b4e6eb9399407eef12a","fe59bd9193e8737faa66beacd86cf970d346bdf5ea64a0df2efd60582678f05b","e97e07cca779867bc964c735fee40cc13d43112f6e93b25a23803ae498f17562"
"1.0","feature_rich","euro2016","euro2016_010",TRUE,TRUE,TRUE,2015-12-31,2016-06-13,"","dbcf24c9f86f48423588ed254bdb08b4eb8663c31d50135a35aac5648ce87c73","1f97aae25b451b487872acbec081b19f16f85159628e9b3ae8b8a1228cdea265","cdcc4eaa9ecaf383e30d71f7cdcaab0f7e3e6d0296739b4e6eb9399407eef12a","fc20efe259afccf34f46ffb5975476ac7586bdaf5fbcb3f888bbafe053501c14","ab1763d1469cf8cec11349a687ba06f02f8fc57e6d51c84a711688857c113de3"
"1.0","feature_rich","euro2016","euro2016_011",TRUE,TRUE,TRUE,2015-12-31,2016-06-14,"","dbcf24c9f86f48423588ed254bdb08b4eb8663c31d50135a35aac5648ce87c73","1f97aae25b451b487872acbec081b19f16f85159628e9b3ae8b8a1228cdea265","cdcc4eaa9ecaf383e30d71f7cdcaab0f7e3e6d0296739b4e6eb9399407eef12a","2fdd293732c1a20c688889910d3c332a67e584a9ba60422138be5ed6268fb38a","d64485a1509422ef98673bb9653c7b248aaf07024aba22197a44cdbf373b071e"
"1.0","feature_rich","euro2016","euro2016_012",TRUE,TRUE,TRUE,2015-12-31,2016-06-14,"","dbcf24c9f86f48423588ed254bdb08b4eb8663c31d50135a35aac5648ce87c73","1f97aae25b451b487872acbec081b19f16f85159628e9b3ae8b8a1228cdea265","cdcc4eaa9ecaf383e30d71f7cdcaab0f7e3e6d0296739b4e6eb9399407eef12a","e6b80f889a7df6f72218398c751fe776f2356a537be311b64ad5b4cac6f68fbb","7d20a4582675dec61c92af114199bb8cc2de3e973f7b62e06546770b9f213f2b"
"1.0","feature_rich","euro2016","euro2016_013",TRUE,TRUE,TRUE,2015-12-31,2016-06-15,"","dbcf24c9f86f48423588ed254bdb08b4eb8663c31d50135a35aac5648ce87c73","1f97aae25b451b487872acbec081b19f16f85159628e9b3ae8b8a1228cdea265","cdcc4eaa9ecaf383e30d71f7cdcaab0f7e3e6d0296739b4e6eb9399407eef12a","c5642978acab4ba6a32a5879c40491fb94ad6ac39504ab1f40bbc99a0195a453","ff3b675d7b29013b91d58e2a5dfc0cd347b8bb2f15e0254e47aea81f10cd0dc3"
"1.0","feature_rich","euro2016","euro2016_014",TRUE,TRUE,TRUE,2015-12-31,2016-06-15,"","dbcf24c9f86f48423588ed254bdb08b4eb8663c31d50135a35aac5648ce87c73","1f97aae25b451b487872acbec081b19f16f85159628e9b3ae8b8a1228cdea265","cdcc4eaa9ecaf383e30d71f7cdcaab0f7e3e6d0296739b4e6eb9399407eef12a","f07135e18a3f000a43811d03aa2eab3d16f00d922df8e69c97aeff01888bc179","3c4133abc39e42a50ad0c4248cb7560fda7b94502e7a00a958516af8fe669faf"
"1.0","feature_rich","euro2016","euro2016_015",TRUE,TRUE,TRUE,2015-12-31,2016-06-15,"","dbcf24c9f86f48423588ed254bdb08b4eb8663c31d50135a35aac5648ce87c73","1f97aae25b451b487872acbec081b19f16f85159628e9b3ae8b8a1228cdea265","cdcc4eaa9ecaf383e30d71f7cdcaab0f7e3e6d0296739b4e6eb9399407eef12a","2c76ed9ec3b1b70696efe5cb126b8813f7cd8fda3a0f3fd76a51ca27f8141d58","3bf25779beb0f45ba64380ab74e86b33e884f878bf70f19c379c78fdeb72a130"
"1.0","feature_rich","euro2016","euro2016_016",TRUE,TRUE,TRUE,2015-12-31,2016-06-16,"","dbcf24c9f86f48423588ed254bdb08b4eb8663c31d50135a35aac5648ce87c73","1f97aae25b451b487872acbec081b19f16f85159628e9b3ae8b8a1228cdea265","cdcc4eaa9ecaf383e30d71f7cdcaab0f7e3e6d0296739b4e6eb9399407eef12a","de824f0b73d981d490cd4234cc08c35542be98ab73a78e3a27ee26be5d9160b3","e8746013ba197560df37f9a648dfce40b774948135d1c0698d2a1ea0c8a2e8cf"
"1.0","feature_rich","euro2016","euro2016_017",TRUE,TRUE,TRUE,2015-12-31,2016-06-16,"","dbcf24c9f86f48423588ed254bdb08b4eb8663c31d50135a35aac5648ce87c73","1f97aae25b451b487872acbec081b19f16f85159628e9b3ae8b8a1228cdea265","cdcc4eaa9ecaf383e30d71f7cdcaab0f7e3e6d0296739b4e6eb9399407eef12a","809099b0b32226f22702b725d58a9c93720899adf8114f45c8fab7c37179c69e","6b632fe795cbbd9b751a97d487ee4853ed7822d126d665119d5aaed01e94fb9d"
"1.0","feature_rich","euro2016","euro2016_018",FALSE,FALSE,TRUE,2015-12-31,2016-06-16,"missing_point_in_time_required_transfermarkt_snapshot","dbcf24c9f86f48423588ed254bdb08b4eb8663c31d50135a35aac5648ce87c73","1f97aae25b451b487872acbec081b19f16f85159628e9b3ae8b8a1228cdea265","cdcc4eaa9ecaf383e30d71f7cdcaab0f7e3e6d0296739b4e6eb9399407eef12a","6f3557e3ed4e2aa05d0671d9c7ed729db664dbaaa9b5c191593ad584beaed3b8","d4a1346c6d7aaf1c7158a3250d852269a142c9dd16b1ebab18ebe44ccbbc09b1"
"1.0","feature_rich","euro2016","euro2016_019",TRUE,TRUE,TRUE,2015-12-31,2016-06-17,"","dbcf24c9f86f48423588ed254bdb08b4eb8663c31d50135a35aac5648ce87c73","1f97aae25b451b487872acbec081b19f16f85159628e9b3ae8b8a1228cdea265","cdcc4eaa9ecaf383e30d71f7cdcaab0f7e3e6d0296739b4e6eb9399407eef12a","6fdd9042ee1d737c58cca6e7ab919d00cce5fe5c89f08608989cddd8f74e6968","302c744ea2d33d9a7ec8a6a1008f14bd2550ced53406f6a8ebb7519073caf6f7"
"1.0","feature_rich","euro2016","euro2016_020",TRUE,TRUE,TRUE,2015-12-31,2016-06-17,"","dbcf24c9f86f48423588ed254bdb08b4eb8663c31d50135a35aac5648ce87c73","1f97aae25b451b487872acbec081b19f16f85159628e9b3ae8b8a1228cdea265","cdcc4eaa9ecaf383e30d71f7cdcaab0f7e3e6d0296739b4e6eb9399407eef12a","5862e1d4e3f87f217bf1d9e7d3a257737466222c72263df6f889ee725dd68076","bb31f45f4640d2e92e765620f0bda42bef09b314bac2f3be7cd775a17efcdd17"
"1.0","feature_rich","euro2016","euro2016_021",TRUE,TRUE,TRUE,2015-12-31,2016-06-17,"","dbcf24c9f86f48423588ed254bdb08b4eb8663c31d50135a35aac5648ce87c73","1f97aae25b451b487872acbec081b19f16f85159628e9b3ae8b8a1228cdea265","cdcc4eaa9ecaf383e30d71f7cdcaab0f7e3e6d0296739b4e6eb9399407eef12a","f4cf993cf709c47404ad90580e17ead1a0fdca48916451653d4db8776b006490","4e023e62f14cddf3106eff76fe7ab85bbfb2c2ad8dfc66612b463d523d74a70c"
"1.0","feature_rich","euro2016","euro2016_022",FALSE,FALSE,TRUE,2015-12-31,2016-06-18,"missing_point_in_time_required_transfermarkt_snapshot","dbcf24c9f86f48423588ed254bdb08b4eb8663c31d50135a35aac5648ce87c73","1f97aae25b451b487872acbec081b19f16f85159628e9b3ae8b8a1228cdea265","cdcc4eaa9ecaf383e30d71f7cdcaab0f7e3e6d0296739b4e6eb9399407eef12a","c8255e76ff1a051df6152f04c68de75e1f7151718238db5896960a0f6cdba83c","8ef49620254af41d2f6c62c0ce9c8827e9c252824ec0f19b852c356e032bd39d"
"1.0","feature_rich","euro2016","euro2016_023",TRUE,TRUE,TRUE,2015-12-31,2016-06-18,"","dbcf24c9f86f48423588ed254bdb08b4eb8663c31d50135a35aac5648ce87c73","1f97aae25b451b487872acbec081b19f16f85159628e9b3ae8b8a1228cdea265","cdcc4eaa9ecaf383e30d71f7cdcaab0f7e3e6d0296739b4e6eb9399407eef12a","be8ef07d2668d29ec62376306805ad428eabf7aab0050f1b06cd6fbfd773ebc7","724ea0c2aa29367c2a5722fbd5c3a0f2f477124bd7c6f833828d19a563440337"
"1.0","feature_rich","euro2016","euro2016_024",TRUE,TRUE,TRUE,2015-12-31,2016-06-18,"","dbcf24c9f86f48423588ed254bdb08b4eb8663c31d50135a35aac5648ce87c73","1f97aae25b451b487872acbec081b19f16f85159628e9b3ae8b8a1228cdea265","cdcc4eaa9ecaf383e30d71f7cdcaab0f7e3e6d0296739b4e6eb9399407eef12a","aa7bc2cc38297a35e27f030bfb2ef00f4eae15e13e00879ec399292237eaaa35","49927a27a0c1cc86dc53c49e51cac65d500cdacf4ed640ac13d3138b15ab7b32"
"1.0","feature_rich","euro2016","euro2016_025",TRUE,TRUE,TRUE,2015-12-31,2016-06-19,"","dbcf24c9f86f48423588ed254bdb08b4eb8663c31d50135a35aac5648ce87c73","1f97aae25b451b487872acbec081b19f16f85159628e9b3ae8b8a1228cdea265","cdcc4eaa9ecaf383e30d71f7cdcaab0f7e3e6d0296739b4e6eb9399407eef12a","608ccbed892d46c861e2ce4dd97eea2810604486de986c1a53cf7b7a1fec4dce","73d31ea479dca459defb05db3cb2240b1a39b5b0dff89cba96cc60c8eecc1ab2"
"1.0","feature_rich","euro2016","euro2016_026",TRUE,TRUE,TRUE,2015-12-31,2016-06-19,"","dbcf24c9f86f48423588ed254bdb08b4eb8663c31d50135a35aac5648ce87c73","1f97aae25b451b487872acbec081b19f16f85159628e9b3ae8b8a1228cdea265","cdcc4eaa9ecaf383e30d71f7cdcaab0f7e3e6d0296739b4e6eb9399407eef12a","a98ee69495886a1f59cdbf859e90ecf187939ac2772f54715dde1f17f1c8bd55","74770a900055bba8d8a4a6b45f655518f581c971a0c767fc6ad3c6e6c9a43923"
"1.0","feature_rich","euro2016","euro2016_027",TRUE,TRUE,TRUE,2015-12-31,2016-06-20,"","dbcf24c9f86f48423588ed254bdb08b4eb8663c31d50135a35aac5648ce87c73","1f97aae25b451b487872acbec081b19f16f85159628e9b3ae8b8a1228cdea265","cdcc4eaa9ecaf383e30d71f7cdcaab0f7e3e6d0296739b4e6eb9399407eef12a","855218d927ba04acd82748e77dee7252f8e811924b00d6bdd388deb0b0e71748","b4b4dacd274d09393e0b1746d1afc6c301f95c58dedd97010231f438beae3870"
"1.0","feature_rich","euro2016","euro2016_028",TRUE,TRUE,TRUE,2015-12-31,2016-06-20,"","dbcf24c9f86f48423588ed254bdb08b4eb8663c31d50135a35aac5648ce87c73","1f97aae25b451b487872acbec081b19f16f85159628e9b3ae8b8a1228cdea265","cdcc4eaa9ecaf383e30d71f7cdcaab0f7e3e6d0296739b4e6eb9399407eef12a","a66bd4c7531e8a4a41caa693118e999872ff39e6508bbffcb097e316e800bcf5","3af5a7718681a70c4d02a0dffc3fb9e2ca9284b74d9759fbb6db1470d9368475"
"1.0","feature_rich","euro2016","euro2016_029",TRUE,TRUE,TRUE,2015-12-31,2016-06-21,"","dbcf24c9f86f48423588ed254bdb08b4eb8663c31d50135a35aac5648ce87c73","1f97aae25b451b487872acbec081b19f16f85159628e9b3ae8b8a1228cdea265","cdcc4eaa9ecaf383e30d71f7cdcaab0f7e3e6d0296739b4e6eb9399407eef12a","3021dfcbbd56551f03b9057637ddfdabbdf3430f8f00ab4b71f7faf43b15b7ea","65a8caa269d82302f47789934c668c76c1d3f2594adb673183c76eef6be0e336"
"1.0","feature_rich","euro2016","euro2016_030",TRUE,TRUE,TRUE,2015-12-31,2016-06-21,"","dbcf24c9f86f48423588ed254bdb08b4eb8663c31d50135a35aac5648ce87c73","1f97aae25b451b487872acbec081b19f16f85159628e9b3ae8b8a1228cdea265","cdcc4eaa9ecaf383e30d71f7cdcaab0f7e3e6d0296739b4e6eb9399407eef12a","8ca63559a86e267fb0c09349674c1420830a26f54f622689c482ff56044792cd","bdc31e1e97c593147e82cec464b592ba62f54d2ff6178c00d477dba16e083c23"
"1.0","feature_rich","euro2016","euro2016_031",FALSE,FALSE,TRUE,2015-12-31,2016-06-21,"missing_point_in_time_required_transfermarkt_snapshot","dbcf24c9f86f48423588ed254bdb08b4eb8663c31d50135a35aac5648ce87c73","1f97aae25b451b487872acbec081b19f16f85159628e9b3ae8b8a1228cdea265","cdcc4eaa9ecaf383e30d71f7cdcaab0f7e3e6d0296739b4e6eb9399407eef12a","3f63786450d47c13cfa9dafe686c745508f9b0c06264e3f7cee0a4a28d7b08e4","ba6c416e0e5ae18f4f64ae7f78a92f55362562b9ce492ae7aaa3c9198cf103de"
"1.0","feature_rich","euro2016","euro2016_032",TRUE,TRUE,TRUE,2015-12-31,2016-06-21,"","dbcf24c9f86f48423588ed254bdb08b4eb8663c31d50135a35aac5648ce87c73","1f97aae25b451b487872acbec081b19f16f85159628e9b3ae8b8a1228cdea265","cdcc4eaa9ecaf383e30d71f7cdcaab0f7e3e6d0296739b4e6eb9399407eef12a","a4e10e81910213734c73111e3daa0878d06f1bdc5e075c019a31e7dbabe59a2a","693cdf7d512bde72198341fe50e79adb182d1cffa3b8e340bc9a995ac36cdae9"
"1.0","feature_rich","euro2016","euro2016_033",TRUE,TRUE,TRUE,2015-12-31,2016-06-22,"","dbcf24c9f86f48423588ed254bdb08b4eb8663c31d50135a35aac5648ce87c73","1f97aae25b451b487872acbec081b19f16f85159628e9b3ae8b8a1228cdea265","cdcc4eaa9ecaf383e30d71f7cdcaab0f7e3e6d0296739b4e6eb9399407eef12a","0fd16ea3ebae928b5728f24f9dcab6c8f67b0c1cc92b1813681a8b707b164536","287bf201e263ad8d1681a6fbf242f7c121bffa908a433c84a93a89637ba1a729"
"1.0","feature_rich","euro2016","euro2016_034",TRUE,TRUE,TRUE,2015-12-31,2016-06-22,"","dbcf24c9f86f48423588ed254bdb08b4eb8663c31d50135a35aac5648ce87c73","1f97aae25b451b487872acbec081b19f16f85159628e9b3ae8b8a1228cdea265","cdcc4eaa9ecaf383e30d71f7cdcaab0f7e3e6d0296739b4e6eb9399407eef12a","89c1be3afddb331a05ce1fb79df41cd54483933269702f17ce968678d9bb18ab","f5007c806dc0d1354f14af48c5b5a379669315ee78b2f69aab24b82b2e7082e3"
"1.0","feature_rich","euro2016","euro2016_035",FALSE,FALSE,TRUE,2015-12-31,2016-06-22,"missing_point_in_time_required_transfermarkt_snapshot","dbcf24c9f86f48423588ed254bdb08b4eb8663c31d50135a35aac5648ce87c73","1f97aae25b451b487872acbec081b19f16f85159628e9b3ae8b8a1228cdea265","cdcc4eaa9ecaf383e30d71f7cdcaab0f7e3e6d0296739b4e6eb9399407eef12a","24d2153c1af0710dfb08f6b1f64d1d901e26c23b95a61f74adbc7dc60eeb78dd","6ef1608cde69f484ccd6e36b3c4feaacc339fd8c6500a3551e44bb3de96201cf"
"1.0","feature_rich","euro2016","euro2016_036",TRUE,TRUE,TRUE,2015-12-31,2016-06-22,"","dbcf24c9f86f48423588ed254bdb08b4eb8663c31d50135a35aac5648ce87c73","1f97aae25b451b487872acbec081b19f16f85159628e9b3ae8b8a1228cdea265","cdcc4eaa9ecaf383e30d71f7cdcaab0f7e3e6d0296739b4e6eb9399407eef12a","cb1dba5bce92f4c19ad1dbda920aa0fa6624726ca62cfd4f4b9334c367bdbc6e","8d4bb8b6f3d09aa6dd8a20693974023dd6c7fe7e73e0a2f8df82b0093118967f"
"1.0","feature_rich","euro2016","euro2016_037",TRUE,TRUE,TRUE,2015-12-31,2016-06-25,"","dbcf24c9f86f48423588ed254bdb08b4eb8663c31d50135a35aac5648ce87c73","1f97aae25b451b487872acbec081b19f16f85159628e9b3ae8b8a1228cdea265","cdcc4eaa9ecaf383e30d71f7cdcaab0f7e3e6d0296739b4e6eb9399407eef12a","8e9420e610b8b9bc75860094cfc824d4fdabcbfcc9b3965abf47bb9d0cd5fe1e","337f114dcc5f9f3be87bac162079e759e818c37b217fa480f0cba44317d9cd6b"
"1.0","feature_rich","euro2016","euro2016_038",TRUE,TRUE,TRUE,2015-12-31,2016-06-25,"","dbcf24c9f86f48423588ed254bdb08b4eb8663c31d50135a35aac5648ce87c73","1f97aae25b451b487872acbec081b19f16f85159628e9b3ae8b8a1228cdea265","cdcc4eaa9ecaf383e30d71f7cdcaab0f7e3e6d0296739b4e6eb9399407eef12a","aed01fd286f08a252fa6db9d8f83a542d764a95483d11f351bef4934d64e5b1f","261b2386142c5297a6e00e1aa51ae9bf1edd0a3758d15259f7c3cdfdb66e0b62"
"1.0","feature_rich","euro2016","euro2016_039",FALSE,FALSE,TRUE,2015-12-31,2016-06-25,"missing_point_in_time_required_transfermarkt_snapshot","dbcf24c9f86f48423588ed254bdb08b4eb8663c31d50135a35aac5648ce87c73","1f97aae25b451b487872acbec081b19f16f85159628e9b3ae8b8a1228cdea265","cdcc4eaa9ecaf383e30d71f7cdcaab0f7e3e6d0296739b4e6eb9399407eef12a","cf967607fe878f6a219e3fdf02e13919a920a518f913187c8b58d5e8a0dee928","6745b94163bcb30e759a4a8b36056646a63c98ae0ebd27a13d7fde266667e222"
"1.0","feature_rich","euro2016","euro2016_040",FALSE,FALSE,TRUE,2015-12-31,2016-06-26,"missing_point_in_time_required_transfermarkt_snapshot","dbcf24c9f86f48423588ed254bdb08b4eb8663c31d50135a35aac5648ce87c73","1f97aae25b451b487872acbec081b19f16f85159628e9b3ae8b8a1228cdea265","cdcc4eaa9ecaf383e30d71f7cdcaab0f7e3e6d0296739b4e6eb9399407eef12a","acdbd394aec79f9406a99046708cc45316194662c1335c6c3eea6da86d0d4d92","79577e2744a409d6a5caf85793c2e20c1fd544f073178cdfdc50ad24fd3c0d7b"
"1.0","feature_rich","euro2016","euro2016_041",TRUE,TRUE,TRUE,2015-12-31,2016-06-26,"","dbcf24c9f86f48423588ed254bdb08b4eb8663c31d50135a35aac5648ce87c73","1f97aae25b451b487872acbec081b19f16f85159628e9b3ae8b8a1228cdea265","cdcc4eaa9ecaf383e30d71f7cdcaab0f7e3e6d0296739b4e6eb9399407eef12a","33aa5f04e95a2f455d69a3f623526604ad3e382c9a754f66bd75850054748a12","caad5655d03e4fae05b5eac82879105a4b8f40ef07e806c314169b94a60e5cdb"
"1.0","feature_rich","euro2016","euro2016_042",TRUE,TRUE,TRUE,2015-12-31,2016-06-26,"","dbcf24c9f86f48423588ed254bdb08b4eb8663c31d50135a35aac5648ce87c73","1f97aae25b451b487872acbec081b19f16f85159628e9b3ae8b8a1228cdea265","cdcc4eaa9ecaf383e30d71f7cdcaab0f7e3e6d0296739b4e6eb9399407eef12a","8a38aca3086b4c309deb419b1194ecd04f264b4c634550e561ecc819bf86d0ca","d22cbc91014c6604d1932ee89776e002c8cc9c1304c48eb7c67c797150c3aa4a"
"1.0","feature_rich","euro2016","euro2016_043",TRUE,TRUE,TRUE,2015-12-31,2016-06-27,"","dbcf24c9f86f48423588ed254bdb08b4eb8663c31d50135a35aac5648ce87c73","1f97aae25b451b487872acbec081b19f16f85159628e9b3ae8b8a1228cdea265","cdcc4eaa9ecaf383e30d71f7cdcaab0f7e3e6d0296739b4e6eb9399407eef12a","63db5d421f78000e893714dcecc7d6059eb7c3b92ed9460ebb65f9e13b30aa55","69159ab78a5cca0a9d344dcec02c5995f31b0dee95e1e51427e0b97bf1800379"
"1.0","feature_rich","euro2016","euro2016_044",TRUE,TRUE,TRUE,2015-12-31,2016-06-27,"","dbcf24c9f86f48423588ed254bdb08b4eb8663c31d50135a35aac5648ce87c73","1f97aae25b451b487872acbec081b19f16f85159628e9b3ae8b8a1228cdea265","cdcc4eaa9ecaf383e30d71f7cdcaab0f7e3e6d0296739b4e6eb9399407eef12a","2714917ffcee3374d6f83435d517c470ae7ab8597e4322fd351bc913e404fc5e","febb90f1440b08e2d1c9a75865a92a8d38711cfe4815b3f138b9d8b4c93b8295"
"1.0","feature_rich","euro2016","euro2016_045",TRUE,TRUE,TRUE,2015-12-31,2016-06-30,"","dbcf24c9f86f48423588ed254bdb08b4eb8663c31d50135a35aac5648ce87c73","1f97aae25b451b487872acbec081b19f16f85159628e9b3ae8b8a1228cdea265","cdcc4eaa9ecaf383e30d71f7cdcaab0f7e3e6d0296739b4e6eb9399407eef12a","9621df3f506d30de526fc92e98e80cf7325134cb9fd2b39657d79b37a79f8659","f052ad7692a4caa87ff052857d8d09c3a0179db3c06443dfffa5d72d4c02ad0c"
"1.0","feature_rich","euro2016","euro2016_046",TRUE,TRUE,TRUE,2016-06-30,2016-07-01,"","dbcf24c9f86f48423588ed254bdb08b4eb8663c31d50135a35aac5648ce87c73","1f97aae25b451b487872acbec081b19f16f85159628e9b3ae8b8a1228cdea265","cdcc4eaa9ecaf383e30d71f7cdcaab0f7e3e6d0296739b4e6eb9399407eef12a","c45eafef7f39ce9255dddeefca3cfae94ed9a270a00855e08d2fd53c3b5d6cc6","798af041ea566be85b1501a4f6d520ed144d9d1437db685f9b5b0171d64e2cf1"
"1.0","feature_rich","euro2016","euro2016_047",TRUE,TRUE,TRUE,2016-06-30,2016-07-02,"","dbcf24c9f86f48423588ed254bdb08b4eb8663c31d50135a35aac5648ce87c73","1f97aae25b451b487872acbec081b19f16f85159628e9b3ae8b8a1228cdea265","cdcc4eaa9ecaf383e30d71f7cdcaab0f7e3e6d0296739b4e6eb9399407eef12a","b09d9a8d2d1c3eadff5b664aef98bb10e2980ed0d6c12824f48a4b324605025f","43e40ead9b76f5022a768de7ef8ce61062aeb9fb83cc2bec7ee5f1592b38d693"
"1.0","feature_rich","euro2016","euro2016_048",TRUE,TRUE,TRUE,2016-06-30,2016-07-03,"","dbcf24c9f86f48423588ed254bdb08b4eb8663c31d50135a35aac5648ce87c73","1f97aae25b451b487872acbec081b19f16f85159628e9b3ae8b8a1228cdea265","cdcc4eaa9ecaf383e30d71f7cdcaab0f7e3e6d0296739b4e6eb9399407eef12a","df242447c0d875edbd28f92c7d1d693a9c7a5bebbff85e2a19661a159db813c2","c08797f8534378e17dd09d9a4d24cd449d9088b060eb3462b805c42b4237503d"
"1.0","feature_rich","euro2016","euro2016_049",TRUE,TRUE,TRUE,2016-06-30,2016-07-06,"","dbcf24c9f86f48423588ed254bdb08b4eb8663c31d50135a35aac5648ce87c73","1f97aae25b451b487872acbec081b19f16f85159628e9b3ae8b8a1228cdea265","cdcc4eaa9ecaf383e30d71f7cdcaab0f7e3e6d0296739b4e6eb9399407eef12a","507474d9ce6bcc0f0106a66aeba0f9143c812fdf0cd92fc406dde8a972ce9938","b41e7a829c3cc49c26d97a6fecb8466f3e44faa552caf1035eda88df903d294b"
"1.0","feature_rich","euro2016","euro2016_050",TRUE,TRUE,TRUE,2016-06-30,2016-07-07,"","dbcf24c9f86f48423588ed254bdb08b4eb8663c31d50135a35aac5648ce87c73","1f97aae25b451b487872acbec081b19f16f85159628e9b3ae8b8a1228cdea265","cdcc4eaa9ecaf383e30d71f7cdcaab0f7e3e6d0296739b4e6eb9399407eef12a","b6dcef755d92ada760ba9e79356959ff444508bbf7789284d3a14281a12ae116","b8ffb8767551242dcb1dd5a39ae9cfcddd7ff1a47a602bf49e0a00ed5eb36acb"
"1.0","feature_rich","euro2016","euro2016_051",TRUE,TRUE,TRUE,2016-06-30,2016-07-10,"","dbcf24c9f86f48423588ed254bdb08b4eb8663c31d50135a35aac5648ce87c73","1f97aae25b451b487872acbec081b19f16f85159628e9b3ae8b8a1228cdea265","cdcc4eaa9ecaf383e30d71f7cdcaab0f7e3e6d0296739b4e6eb9399407eef12a","7b50a4331514224da1607ca503d4b807e3a6a90f3d37cfc7a33f0ac46d4271f0","ecdc7280dab295c56120742deb373c58c483d389b0b6a8ca60bcb45ab76731d6"
"1.0","feature_rich","euro2020","euro2020_001",TRUE,TRUE,TRUE,2020-12-31,2021-06-11,"","dbcf24c9f86f48423588ed254bdb08b4eb8663c31d50135a35aac5648ce87c73","1f97aae25b451b487872acbec081b19f16f85159628e9b3ae8b8a1228cdea265","cdcc4eaa9ecaf383e30d71f7cdcaab0f7e3e6d0296739b4e6eb9399407eef12a","83859907ffa4afe309a7f4125c4ca9bca87804bf4ffb0f2cee84896475b1916e","ae6e8bcc69ea12eb32239145c75b30904074bef5b07770c93e2bcc3f9488fd81"
"1.0","feature_rich","euro2020","euro2020_002",TRUE,TRUE,TRUE,2020-12-31,2021-06-12,"","dbcf24c9f86f48423588ed254bdb08b4eb8663c31d50135a35aac5648ce87c73","1f97aae25b451b487872acbec081b19f16f85159628e9b3ae8b8a1228cdea265","cdcc4eaa9ecaf383e30d71f7cdcaab0f7e3e6d0296739b4e6eb9399407eef12a","25a6498662de7e472b72a36d5f2449efd37a477438fede00cce794c4cce4a05e","368808ec29b51629d9d8f54b4ae18cddca15db47e048f5ccdd582cc6ea43e714"
"1.0","feature_rich","euro2020","euro2020_003",TRUE,TRUE,TRUE,2020-12-31,2021-06-12,"","dbcf24c9f86f48423588ed254bdb08b4eb8663c31d50135a35aac5648ce87c73","1f97aae25b451b487872acbec081b19f16f85159628e9b3ae8b8a1228cdea265","cdcc4eaa9ecaf383e30d71f7cdcaab0f7e3e6d0296739b4e6eb9399407eef12a","a6462b268eafa65f970110442c27a2444034292936b8e9edc1e14422b8d885c4","27238e2c980162f614c65864b7720e1d84403412a759594d24e7083e64de3d17"
"1.0","feature_rich","euro2020","euro2020_004",TRUE,TRUE,TRUE,2020-12-31,2021-06-12,"","dbcf24c9f86f48423588ed254bdb08b4eb8663c31d50135a35aac5648ce87c73","1f97aae25b451b487872acbec081b19f16f85159628e9b3ae8b8a1228cdea265","cdcc4eaa9ecaf383e30d71f7cdcaab0f7e3e6d0296739b4e6eb9399407eef12a","b2c10c4a813e4a5a08b4cccc5f23bd4b62d5b871189c7db8299a9aabf6061c6b","226195af21a7f7fdb56f29018b2adb52bceb5abe933944de90b3404da7a03afe"
"1.0","feature_rich","euro2020","euro2020_005",FALSE,FALSE,TRUE,2020-12-31,2021-06-13,"missing_point_in_time_required_transfermarkt_snapshot","dbcf24c9f86f48423588ed254bdb08b4eb8663c31d50135a35aac5648ce87c73","1f97aae25b451b487872acbec081b19f16f85159628e9b3ae8b8a1228cdea265","cdcc4eaa9ecaf383e30d71f7cdcaab0f7e3e6d0296739b4e6eb9399407eef12a","976a5a4a8d4728c014f197b2dcf34726f54f9fdee9e456788cf8e133f289dbec","dcbbe6a479f1ebdf50b26f24bdc11172ed6c1084dd301503ba6954dbadd50894"
"1.0","feature_rich","euro2020","euro2020_006",TRUE,TRUE,TRUE,2020-12-31,2021-06-13,"","dbcf24c9f86f48423588ed254bdb08b4eb8663c31d50135a35aac5648ce87c73","1f97aae25b451b487872acbec081b19f16f85159628e9b3ae8b8a1228cdea265","cdcc4eaa9ecaf383e30d71f7cdcaab0f7e3e6d0296739b4e6eb9399407eef12a","bd80a1d37976ee3d4d98fccf9f32936e5bec157977b8f2e33a79702ee1874dc5","a87b051e117562709fae44acb8881daa63344d718014a943c4653660b78973bb"
"1.0","feature_rich","euro2020","euro2020_007",TRUE,TRUE,TRUE,2020-12-31,2021-06-13,"","dbcf24c9f86f48423588ed254bdb08b4eb8663c31d50135a35aac5648ce87c73","1f97aae25b451b487872acbec081b19f16f85159628e9b3ae8b8a1228cdea265","cdcc4eaa9ecaf383e30d71f7cdcaab0f7e3e6d0296739b4e6eb9399407eef12a","c2c5dc1221ff679d8bc82567172e6c4dcb0f281638bdc89e19ae30030904cb19","5f4c7d3b04e67855d6bbba864e24ee9037af002eec8f044ec8fac5422f69ebe3"
"1.0","feature_rich","euro2020","euro2020_008",TRUE,TRUE,TRUE,2020-12-31,2021-06-14,"","dbcf24c9f86f48423588ed254bdb08b4eb8663c31d50135a35aac5648ce87c73","1f97aae25b451b487872acbec081b19f16f85159628e9b3ae8b8a1228cdea265","cdcc4eaa9ecaf383e30d71f7cdcaab0f7e3e6d0296739b4e6eb9399407eef12a","59562ea28a3cfc7a9620be5e19534495136d9ae6734255fbfac2de60bf538c00","51ab4f264688e22b498cc9907ea8cdd8e14c10c330f0af12df94a9e33f84965b"
"1.0","feature_rich","euro2020","euro2020_009",TRUE,TRUE,TRUE,2020-12-31,2021-06-14,"","dbcf24c9f86f48423588ed254bdb08b4eb8663c31d50135a35aac5648ce87c73","1f97aae25b451b487872acbec081b19f16f85159628e9b3ae8b8a1228cdea265","cdcc4eaa9ecaf383e30d71f7cdcaab0f7e3e6d0296739b4e6eb9399407eef12a","88806b878163348d5adf903dcc4330e9917ff9822853c5be204dda646bc80a4e","34f977cb5884d6acc7c2907f46e773c835cb1545fb98e761e0cfcb118a63f0c6"
"1.0","feature_rich","euro2020","euro2020_010",TRUE,TRUE,TRUE,2020-12-31,2021-06-14,"","dbcf24c9f86f48423588ed254bdb08b4eb8663c31d50135a35aac5648ce87c73","1f97aae25b451b487872acbec081b19f16f85159628e9b3ae8b8a1228cdea265","cdcc4eaa9ecaf383e30d71f7cdcaab0f7e3e6d0296739b4e6eb9399407eef12a","fc32bcf20356d97811c27189b8c04da1de07c73486be1deacfadfd8f15944465","0079de9a0a8408549e120060b46acc051697ca2fb4277b414e05087b1767b1f1"
"1.0","feature_rich","euro2020","euro2020_011",TRUE,TRUE,TRUE,2020-12-31,2021-06-15,"","dbcf24c9f86f48423588ed254bdb08b4eb8663c31d50135a35aac5648ce87c73","1f97aae25b451b487872acbec081b19f16f85159628e9b3ae8b8a1228cdea265","cdcc4eaa9ecaf383e30d71f7cdcaab0f7e3e6d0296739b4e6eb9399407eef12a","9bf4f3c11ea02c47c2bf976bd52350ea930e1a7340e99bc186db0220a467c977","b9a20d8c612aae348f919758f84697b20e265c2b44d61f1f760c9e3006ebff4b"
"1.0","feature_rich","euro2020","euro2020_012",TRUE,TRUE,TRUE,2020-12-31,2021-06-15,"","dbcf24c9f86f48423588ed254bdb08b4eb8663c31d50135a35aac5648ce87c73","1f97aae25b451b487872acbec081b19f16f85159628e9b3ae8b8a1228cdea265","cdcc4eaa9ecaf383e30d71f7cdcaab0f7e3e6d0296739b4e6eb9399407eef12a","15094796e99cb807d9d5c410d5775204e756bd66a6ff2c72fb8cbbc028c0d043","78783dd059d003ca864efa08839909e586907c42ef5ca4550104b8d067969afb"
"1.0","feature_rich","euro2020","euro2020_013",TRUE,TRUE,TRUE,2020-12-31,2021-06-16,"","dbcf24c9f86f48423588ed254bdb08b4eb8663c31d50135a35aac5648ce87c73","1f97aae25b451b487872acbec081b19f16f85159628e9b3ae8b8a1228cdea265","cdcc4eaa9ecaf383e30d71f7cdcaab0f7e3e6d0296739b4e6eb9399407eef12a","1b669304b6540f86aef44b08728398f42ac2b4d7a9628828bfa343f81c0139c2","acf75d76dd30ac5df9fd49d71a66d4d56cf30f4efb1bb77be11954a8ef5ee90b"
"1.0","feature_rich","euro2020","euro2020_014",TRUE,TRUE,TRUE,2020-12-31,2021-06-16,"","dbcf24c9f86f48423588ed254bdb08b4eb8663c31d50135a35aac5648ce87c73","1f97aae25b451b487872acbec081b19f16f85159628e9b3ae8b8a1228cdea265","cdcc4eaa9ecaf383e30d71f7cdcaab0f7e3e6d0296739b4e6eb9399407eef12a","50d97cc24f59d813f59945ae0a486684cf3a41121c1fcd12131590cf7a50d86b","caa0ac1b9b8d5ae8e5dca6ff06d59dd200be7d7a586b707bf33628dc767b474e"
"1.0","feature_rich","euro2020","euro2020_015",TRUE,TRUE,TRUE,2020-12-31,2021-06-16,"","dbcf24c9f86f48423588ed254bdb08b4eb8663c31d50135a35aac5648ce87c73","1f97aae25b451b487872acbec081b19f16f85159628e9b3ae8b8a1228cdea265","cdcc4eaa9ecaf383e30d71f7cdcaab0f7e3e6d0296739b4e6eb9399407eef12a","4e53dad32ee707948ac1c0093025e4219eee924d42f7ffa9b6cb5f88f3e2e8bc","e510d60e972d468f66a761bc4622ee59a7f313e25a4d3edb07114b651c96b875"
"1.0","feature_rich","euro2020","euro2020_016",TRUE,TRUE,TRUE,2020-12-31,2021-06-17,"","dbcf24c9f86f48423588ed254bdb08b4eb8663c31d50135a35aac5648ce87c73","1f97aae25b451b487872acbec081b19f16f85159628e9b3ae8b8a1228cdea265","cdcc4eaa9ecaf383e30d71f7cdcaab0f7e3e6d0296739b4e6eb9399407eef12a","7158825bba1ece1a43cf6507c9c7ec00464084ee5d867e2181e1867edde9a562","5af8f50e761eef957a9035bdb6fbdd72d8e1bc6a74da0a784fb80714ece4eae5"
"1.0","feature_rich","euro2020","euro2020_017",FALSE,FALSE,TRUE,2020-12-31,2021-06-17,"missing_point_in_time_required_transfermarkt_snapshot","dbcf24c9f86f48423588ed254bdb08b4eb8663c31d50135a35aac5648ce87c73","1f97aae25b451b487872acbec081b19f16f85159628e9b3ae8b8a1228cdea265","cdcc4eaa9ecaf383e30d71f7cdcaab0f7e3e6d0296739b4e6eb9399407eef12a","2afddd7f374922b509f419def6debfaaf0b26615efc944113a1c43f89e1dd8ed","9dc57b5249c1a9dfe71a6abe2f33c0cce9b94a91b1e0a6606158032f2bf95f23"
"1.0","feature_rich","euro2020","euro2020_018",TRUE,TRUE,TRUE,2020-12-31,2021-06-17,"","dbcf24c9f86f48423588ed254bdb08b4eb8663c31d50135a35aac5648ce87c73","1f97aae25b451b487872acbec081b19f16f85159628e9b3ae8b8a1228cdea265","cdcc4eaa9ecaf383e30d71f7cdcaab0f7e3e6d0296739b4e6eb9399407eef12a","64e489c0a35fa41b49a256e9f078e0d722c52be1ed4f7b16b3ba2a544463559b","d61a91ec84490bf8fafd060d5e4e7a0769d2d0dd1e56c533daacf13f706ac5f8"
"1.0","feature_rich","euro2020","euro2020_019",TRUE,TRUE,TRUE,2020-12-31,2021-06-18,"","dbcf24c9f86f48423588ed254bdb08b4eb8663c31d50135a35aac5648ce87c73","1f97aae25b451b487872acbec081b19f16f85159628e9b3ae8b8a1228cdea265","cdcc4eaa9ecaf383e30d71f7cdcaab0f7e3e6d0296739b4e6eb9399407eef12a","fca1263c403032c149c633bba2127d2b1d59d03971c48308784ebbe6b8879fa4","9e98a64ab3d910ef9217b95ac93b58e926b05faded1ac960f965a9bbb9201fb2"
"1.0","feature_rich","euro2020","euro2020_020",TRUE,TRUE,TRUE,2020-12-31,2021-06-18,"","dbcf24c9f86f48423588ed254bdb08b4eb8663c31d50135a35aac5648ce87c73","1f97aae25b451b487872acbec081b19f16f85159628e9b3ae8b8a1228cdea265","cdcc4eaa9ecaf383e30d71f7cdcaab0f7e3e6d0296739b4e6eb9399407eef12a","ee8e1b17da7893f73222bfc6c1f9f38b9fe2c70fc0513689e7d8b5cf7e74be79","b8617c2b8e57635ffe2de3bfe90aa536f8b0a1d8aafad18019e6c88b3f55d77c"
"1.0","feature_rich","euro2020","euro2020_021",TRUE,TRUE,TRUE,2020-12-31,2021-06-18,"","dbcf24c9f86f48423588ed254bdb08b4eb8663c31d50135a35aac5648ce87c73","1f97aae25b451b487872acbec081b19f16f85159628e9b3ae8b8a1228cdea265","cdcc4eaa9ecaf383e30d71f7cdcaab0f7e3e6d0296739b4e6eb9399407eef12a","2dfcc09fbbd4b688fd73b93a9c057ca77b9ea7a0a043cef47c5f52909f357927","533c57ca45901dcbcbc83e9be729a5a931c1bd5f41e8c5aa6fec16ee8253e579"
"1.0","feature_rich","euro2020","euro2020_022",TRUE,TRUE,TRUE,2020-12-31,2021-06-19,"","dbcf24c9f86f48423588ed254bdb08b4eb8663c31d50135a35aac5648ce87c73","1f97aae25b451b487872acbec081b19f16f85159628e9b3ae8b8a1228cdea265","cdcc4eaa9ecaf383e30d71f7cdcaab0f7e3e6d0296739b4e6eb9399407eef12a","c81296f4bd4c18c26c6df6030da25022df4600033d7970e19cc1fc4ad36aaeb3","cea95434a872d5bea052f18e8c43a033391a3bce690ce3a046ce8c841b78ffb3"
"1.0","feature_rich","euro2020","euro2020_023",TRUE,TRUE,TRUE,2020-12-31,2021-06-19,"","dbcf24c9f86f48423588ed254bdb08b4eb8663c31d50135a35aac5648ce87c73","1f97aae25b451b487872acbec081b19f16f85159628e9b3ae8b8a1228cdea265","cdcc4eaa9ecaf383e30d71f7cdcaab0f7e3e6d0296739b4e6eb9399407eef12a","d96579126d742b53abcfc73a981072efffc0b50cfbd2aafb52634dcf28bc3ab4","5f7ed65d1f1c9cfd3603b8b4f8528c8ca44311666e4ad2a79ab402af599043f3"
"1.0","feature_rich","euro2020","euro2020_024",TRUE,TRUE,TRUE,2020-12-31,2021-06-19,"","dbcf24c9f86f48423588ed254bdb08b4eb8663c31d50135a35aac5648ce87c73","1f97aae25b451b487872acbec081b19f16f85159628e9b3ae8b8a1228cdea265","cdcc4eaa9ecaf383e30d71f7cdcaab0f7e3e6d0296739b4e6eb9399407eef12a","f6240b2366deebae3bb4f322e5ce9481d70d589304106a3ec2cf9c54425815d5","3de91bbe44fa6605e51458b784ca93f52eded707ab25cd4b2d88fb394ec01649"
"1.0","feature_rich","euro2020","euro2020_025",TRUE,TRUE,TRUE,2020-12-31,2021-06-20,"","dbcf24c9f86f48423588ed254bdb08b4eb8663c31d50135a35aac5648ce87c73","1f97aae25b451b487872acbec081b19f16f85159628e9b3ae8b8a1228cdea265","cdcc4eaa9ecaf383e30d71f7cdcaab0f7e3e6d0296739b4e6eb9399407eef12a","27a7f64df736f59e203cae44d1fd5fcd61cf2ea26a5995be9fda5e6727a3d10f","6f52685d506727a39b4f2ddf9d5d1511affa3a7433d10cf56e1ca11d5e0e67d2"
"1.0","feature_rich","euro2020","euro2020_026",TRUE,TRUE,TRUE,2020-12-31,2021-06-20,"","dbcf24c9f86f48423588ed254bdb08b4eb8663c31d50135a35aac5648ce87c73","1f97aae25b451b487872acbec081b19f16f85159628e9b3ae8b8a1228cdea265","cdcc4eaa9ecaf383e30d71f7cdcaab0f7e3e6d0296739b4e6eb9399407eef12a","555b52340a1665c9e21a10244f99907dd24a77ee1cc21062271f77b618e32f67","56587ea41bc5a3238ed4a19bdb34e457d0d2548efb4b32b0d667fb8544f8127e"
"1.0","feature_rich","euro2020","euro2020_027",TRUE,TRUE,TRUE,2020-12-31,2021-06-21,"","dbcf24c9f86f48423588ed254bdb08b4eb8663c31d50135a35aac5648ce87c73","1f97aae25b451b487872acbec081b19f16f85159628e9b3ae8b8a1228cdea265","cdcc4eaa9ecaf383e30d71f7cdcaab0f7e3e6d0296739b4e6eb9399407eef12a","d6f032274370bc545005366f84998d7f676fd7ece26e3bcc33e76ff1e8737079","5a570b887d59d6cf88a0c83d49992ad1078cf328a858ed55b7f11749292fde45"
"1.0","feature_rich","euro2020","euro2020_028",TRUE,TRUE,TRUE,2020-12-31,2021-06-21,"","dbcf24c9f86f48423588ed254bdb08b4eb8663c31d50135a35aac5648ce87c73","1f97aae25b451b487872acbec081b19f16f85159628e9b3ae8b8a1228cdea265","cdcc4eaa9ecaf383e30d71f7cdcaab0f7e3e6d0296739b4e6eb9399407eef12a","ca585b763aa16a3ed1574cfa1e89f31385266b644401f419fce6c5be895e7aae","b34446b36c971a2233de3d490fe98f32cc15a5f17f2f1fc3d441803421a9e8d8"
"1.0","feature_rich","euro2020","euro2020_029",FALSE,FALSE,TRUE,2020-12-31,2021-06-21,"missing_point_in_time_required_transfermarkt_snapshot","dbcf24c9f86f48423588ed254bdb08b4eb8663c31d50135a35aac5648ce87c73","1f97aae25b451b487872acbec081b19f16f85159628e9b3ae8b8a1228cdea265","cdcc4eaa9ecaf383e30d71f7cdcaab0f7e3e6d0296739b4e6eb9399407eef12a","ae69f6737c14327b7a2394199ca6c8e36828225b668a134e879a1b398b01e936","063f3647d73d434ac1ba6dae3fa4a4f5d51bf186d92a81d1443583d5f6c4f292"
"1.0","feature_rich","euro2020","euro2020_030",TRUE,TRUE,TRUE,2020-12-31,2021-06-21,"","dbcf24c9f86f48423588ed254bdb08b4eb8663c31d50135a35aac5648ce87c73","1f97aae25b451b487872acbec081b19f16f85159628e9b3ae8b8a1228cdea265","cdcc4eaa9ecaf383e30d71f7cdcaab0f7e3e6d0296739b4e6eb9399407eef12a","362eec7f92a54dc75e46294a6fc0cdc06c170f6265ef31d0fe154613c39ba243","a757bfba0ed5708773796f1a4378668a4e0942a7137e1fc1009494314c430920"
"1.0","feature_rich","euro2020","euro2020_031",TRUE,TRUE,TRUE,2020-12-31,2021-06-22,"","dbcf24c9f86f48423588ed254bdb08b4eb8663c31d50135a35aac5648ce87c73","1f97aae25b451b487872acbec081b19f16f85159628e9b3ae8b8a1228cdea265","cdcc4eaa9ecaf383e30d71f7cdcaab0f7e3e6d0296739b4e6eb9399407eef12a","9a24e09f86aae4d385fd2cc566ef09e651aa253fb3fe2b6b574641687fe5c62c","95cf9e251fb5a975d884ff6f43e6291427e62ea2ce4e372f41c4a28edb70c958"
"1.0","feature_rich","euro2020","euro2020_032",TRUE,TRUE,TRUE,2020-12-31,2021-06-22,"","dbcf24c9f86f48423588ed254bdb08b4eb8663c31d50135a35aac5648ce87c73","1f97aae25b451b487872acbec081b19f16f85159628e9b3ae8b8a1228cdea265","cdcc4eaa9ecaf383e30d71f7cdcaab0f7e3e6d0296739b4e6eb9399407eef12a","4c3408b12b83ec808f4a19156ab3703e79b8b53cc09cfd49e29ee256e2e53c72","9d15342bc937c2aa537d8bd59b09257f1e23906cf5e3459b252d3ea2d97efac6"
"1.0","feature_rich","euro2020","euro2020_033",TRUE,TRUE,TRUE,2020-12-31,2021-06-23,"","dbcf24c9f86f48423588ed254bdb08b4eb8663c31d50135a35aac5648ce87c73","1f97aae25b451b487872acbec081b19f16f85159628e9b3ae8b8a1228cdea265","cdcc4eaa9ecaf383e30d71f7cdcaab0f7e3e6d0296739b4e6eb9399407eef12a","feae96be845db6a7bc618c7d83810f07f5c7a9dd573d864a13228ded6ad68130","11126454fabe2ffa6c7501ac149c939735bf79b15b7f8129e6151b931bf912ef"
"1.0","feature_rich","euro2020","euro2020_034",TRUE,TRUE,TRUE,2020-12-31,2021-06-23,"","dbcf24c9f86f48423588ed254bdb08b4eb8663c31d50135a35aac5648ce87c73","1f97aae25b451b487872acbec081b19f16f85159628e9b3ae8b8a1228cdea265","cdcc4eaa9ecaf383e30d71f7cdcaab0f7e3e6d0296739b4e6eb9399407eef12a","78f73c4a7855d5217f164e340cbc9bf3c3707b6b2a3fd9babcd2f3091195e6b7","6ab54f4f57efc5e7cc4b4fdb96d3bbc79d19e33b3b267fe002de4841ce5e8c56"
"1.0","feature_rich","euro2020","euro2020_035",TRUE,TRUE,TRUE,2020-12-31,2021-06-23,"","dbcf24c9f86f48423588ed254bdb08b4eb8663c31d50135a35aac5648ce87c73","1f97aae25b451b487872acbec081b19f16f85159628e9b3ae8b8a1228cdea265","cdcc4eaa9ecaf383e30d71f7cdcaab0f7e3e6d0296739b4e6eb9399407eef12a","7541c40ebcf603472b2aeb75207399e07a5ac609271495d8d3ffcc61b47999bd","771724afb4b9091c1d3cf08254d519b6418515a6471705a9284f77d0b1953063"
"1.0","feature_rich","euro2020","euro2020_036",TRUE,TRUE,TRUE,2020-12-31,2021-06-23,"","dbcf24c9f86f48423588ed254bdb08b4eb8663c31d50135a35aac5648ce87c73","1f97aae25b451b487872acbec081b19f16f85159628e9b3ae8b8a1228cdea265","cdcc4eaa9ecaf383e30d71f7cdcaab0f7e3e6d0296739b4e6eb9399407eef12a","5be597271fe5ecc50ed08c2abc8782899c24735a064a6eb6963df5f5e22fb157","b39ff0ef6a3f8a67310d9894e08538b279eb403d1426904c04ab9c7562868bf1"
"1.0","feature_rich","euro2020","euro2020_037",TRUE,TRUE,TRUE,2020-12-31,2021-06-26,"","dbcf24c9f86f48423588ed254bdb08b4eb8663c31d50135a35aac5648ce87c73","1f97aae25b451b487872acbec081b19f16f85159628e9b3ae8b8a1228cdea265","cdcc4eaa9ecaf383e30d71f7cdcaab0f7e3e6d0296739b4e6eb9399407eef12a","5d46cbe60b2000b6769f2d5ce516ade00ab5742dea65c385ed393b66b48eaede","8f8e41ea3550b148b6bef9d886a15bd7fbc6542c5d96a35c456639e48274405e"
"1.0","feature_rich","euro2020","euro2020_038",TRUE,TRUE,TRUE,2020-12-31,2021-06-26,"","dbcf24c9f86f48423588ed254bdb08b4eb8663c31d50135a35aac5648ce87c73","1f97aae25b451b487872acbec081b19f16f85159628e9b3ae8b8a1228cdea265","cdcc4eaa9ecaf383e30d71f7cdcaab0f7e3e6d0296739b4e6eb9399407eef12a","de63afd5b1e421d0c5cb82ff2570983f88d3826a63fccf7824e1078ad0be1570","c7a09d78749741eb5a4710eedfc84ec02bbd8b6bb473b0354097f23ac9e960f8"
"1.0","feature_rich","euro2020","euro2020_039",TRUE,TRUE,TRUE,2020-12-31,2021-06-27,"","dbcf24c9f86f48423588ed254bdb08b4eb8663c31d50135a35aac5648ce87c73","1f97aae25b451b487872acbec081b19f16f85159628e9b3ae8b8a1228cdea265","cdcc4eaa9ecaf383e30d71f7cdcaab0f7e3e6d0296739b4e6eb9399407eef12a","0339f240417a4d28d97d30ea8d1a5f9512796015a47da96fbe5d242e84efa805","b455d6968f848b7c95fdb5372823dd181e519954412f442c6d9da0c4c31be2e9"
"1.0","feature_rich","euro2020","euro2020_040",TRUE,TRUE,TRUE,2020-12-31,2021-06-27,"","dbcf24c9f86f48423588ed254bdb08b4eb8663c31d50135a35aac5648ce87c73","1f97aae25b451b487872acbec081b19f16f85159628e9b3ae8b8a1228cdea265","cdcc4eaa9ecaf383e30d71f7cdcaab0f7e3e6d0296739b4e6eb9399407eef12a","c98f4e5172e2f94dd4cd7190fb0102b25a3ee7e3fb03878a97f28059608ee16e","e52b706eebe11320dfa67d7f1da81cc2e66da27277e9e86ff026922aaa9b5a69"
"1.0","feature_rich","euro2020","euro2020_041",TRUE,TRUE,TRUE,2020-12-31,2021-06-28,"","dbcf24c9f86f48423588ed254bdb08b4eb8663c31d50135a35aac5648ce87c73","1f97aae25b451b487872acbec081b19f16f85159628e9b3ae8b8a1228cdea265","cdcc4eaa9ecaf383e30d71f7cdcaab0f7e3e6d0296739b4e6eb9399407eef12a","678891ee9157fba78f505202ff1722e32328528c1512867f34674655aa95ebcd","fb313b817b75df18f2760863f63db39958bb4c92bf99d45539641d61c3c1b906"
"1.0","feature_rich","euro2020","euro2020_042",TRUE,TRUE,TRUE,2020-12-31,2021-06-28,"","dbcf24c9f86f48423588ed254bdb08b4eb8663c31d50135a35aac5648ce87c73","1f97aae25b451b487872acbec081b19f16f85159628e9b3ae8b8a1228cdea265","cdcc4eaa9ecaf383e30d71f7cdcaab0f7e3e6d0296739b4e6eb9399407eef12a","e6808d1b1c5ca11d9b85333d733bd8ec25bcca37acf68f5af7373d42e65830a3","6f5b78a1004fb94beb13331ac9f790f7708a70faa89212602406d75101845e99"
"1.0","feature_rich","euro2020","euro2020_043",TRUE,TRUE,TRUE,2020-12-31,2021-06-29,"","dbcf24c9f86f48423588ed254bdb08b4eb8663c31d50135a35aac5648ce87c73","1f97aae25b451b487872acbec081b19f16f85159628e9b3ae8b8a1228cdea265","cdcc4eaa9ecaf383e30d71f7cdcaab0f7e3e6d0296739b4e6eb9399407eef12a","600a140c86dfc2609cfb18795fa3b9f8c1be52174860a3e6c24a7a4f7b4bd206","0cdb35fcb39cd82b90c9a3808055d4ee614cf270edb864a52ba28ba62388d4b8"
"1.0","feature_rich","euro2020","euro2020_044",TRUE,TRUE,TRUE,2020-12-31,2021-06-29,"","dbcf24c9f86f48423588ed254bdb08b4eb8663c31d50135a35aac5648ce87c73","1f97aae25b451b487872acbec081b19f16f85159628e9b3ae8b8a1228cdea265","cdcc4eaa9ecaf383e30d71f7cdcaab0f7e3e6d0296739b4e6eb9399407eef12a","506eff0121a85f1874ed56f0bf97367c656ceecaf9a5f5519d109f0464d6d890","ecc3e28653b2b3282b6093d3849ad048937b6fef7f432d9c938ddeb3908e670d"
"1.0","feature_rich","euro2020","euro2020_045",TRUE,TRUE,TRUE,2021-06-30,2021-07-02,"","dbcf24c9f86f48423588ed254bdb08b4eb8663c31d50135a35aac5648ce87c73","1f97aae25b451b487872acbec081b19f16f85159628e9b3ae8b8a1228cdea265","cdcc4eaa9ecaf383e30d71f7cdcaab0f7e3e6d0296739b4e6eb9399407eef12a","951436c3c96db3a8426f9c140500c7ba84c141c4542f55057edc48c5a486fde4","1b4839d743ba17f192b734cb4361ff927a5717e4b262ad3db09080ae4aa052c4"
"1.0","feature_rich","euro2020","euro2020_046",TRUE,TRUE,TRUE,2021-06-30,2021-07-02,"","dbcf24c9f86f48423588ed254bdb08b4eb8663c31d50135a35aac5648ce87c73","1f97aae25b451b487872acbec081b19f16f85159628e9b3ae8b8a1228cdea265","cdcc4eaa9ecaf383e30d71f7cdcaab0f7e3e6d0296739b4e6eb9399407eef12a","4397d5267b900f88a384706c31d379e42af376a0e747729143e8d72b2088e3b2","25b09ce23ef106cea43a216b8e3545a4aebe4680df6b03439d6573b76d1e0386"
"1.0","feature_rich","euro2020","euro2020_047",TRUE,TRUE,TRUE,2021-06-30,2021-07-03,"","dbcf24c9f86f48423588ed254bdb08b4eb8663c31d50135a35aac5648ce87c73","1f97aae25b451b487872acbec081b19f16f85159628e9b3ae8b8a1228cdea265","cdcc4eaa9ecaf383e30d71f7cdcaab0f7e3e6d0296739b4e6eb9399407eef12a","7016417121b24eb2bf971074d69fc22d543dfde1ac5a413573b90842edc3b958","76fa377991572413d546842643f7a464df6b25d823ec5f5e804f8632d5402610"
"1.0","feature_rich","euro2020","euro2020_048",TRUE,TRUE,TRUE,2021-06-30,2021-07-03,"","dbcf24c9f86f48423588ed254bdb08b4eb8663c31d50135a35aac5648ce87c73","1f97aae25b451b487872acbec081b19f16f85159628e9b3ae8b8a1228cdea265","cdcc4eaa9ecaf383e30d71f7cdcaab0f7e3e6d0296739b4e6eb9399407eef12a","65a06888bd5d46ad80f46d7e7a4ae3dd8d77f8f4c6eb1abd8fa3a158fba1a8ec","21f533df3b60742abd638f12dc024a49717d6586f33fd22571fa549a18525e70"
"1.0","feature_rich","euro2020","euro2020_049",TRUE,TRUE,TRUE,2021-06-30,2021-07-06,"","dbcf24c9f86f48423588ed254bdb08b4eb8663c31d50135a35aac5648ce87c73","1f97aae25b451b487872acbec081b19f16f85159628e9b3ae8b8a1228cdea265","cdcc4eaa9ecaf383e30d71f7cdcaab0f7e3e6d0296739b4e6eb9399407eef12a","add5310b8467b8e26c4b10f45813881b4242305efe78e193279c3d2769ac1dd7","6b38f78b1512548397307b486c657603286a6c52f75d1abdba46539640efc34b"
"1.0","feature_rich","euro2020","euro2020_050",TRUE,TRUE,TRUE,2021-06-30,2021-07-07,"","dbcf24c9f86f48423588ed254bdb08b4eb8663c31d50135a35aac5648ce87c73","1f97aae25b451b487872acbec081b19f16f85159628e9b3ae8b8a1228cdea265","cdcc4eaa9ecaf383e30d71f7cdcaab0f7e3e6d0296739b4e6eb9399407eef12a","f64972f9d1d3ba6586a57e6b47797f4cd267a0cae9600bed876bce105912aeb1","3daac44589240dfcb84a7feb9b5f9cd9bc84e1e345f906ab9b64bca2087b1a9b"
"1.0","feature_rich","euro2020","euro2020_051",TRUE,TRUE,TRUE,2021-06-30,2021-07-11,"","dbcf24c9f86f48423588ed254bdb08b4eb8663c31d50135a35aac5648ce87c73","1f97aae25b451b487872acbec081b19f16f85159628e9b3ae8b8a1228cdea265","cdcc4eaa9ecaf383e30d71f7cdcaab0f7e3e6d0296739b4e6eb9399407eef12a","f9428a079238340ed53591fa6e76ea1ca7e4ca7d37520ce58df9552184335ada","b34a64615b5e974f472cf5c4d1c1675dca8eeaf5ef58dad110b9759473df154f"
"1.0","feature_rich","euro2024","euro2024_001",TRUE,TRUE,TRUE,2024-06-13,2024-06-14,"","dbcf24c9f86f48423588ed254bdb08b4eb8663c31d50135a35aac5648ce87c73","1f97aae25b451b487872acbec081b19f16f85159628e9b3ae8b8a1228cdea265","cdcc4eaa9ecaf383e30d71f7cdcaab0f7e3e6d0296739b4e6eb9399407eef12a","05ea5815940fd543a8cae09d543a8c4d4024a5e83d7fa07cf4d324f128598f60","4812230251465b9601bf5c66ec3a70d633b251235ff5779bc4618f9e707527c4"
"1.0","feature_rich","euro2024","euro2024_002",TRUE,TRUE,TRUE,2024-06-13,2024-06-15,"","dbcf24c9f86f48423588ed254bdb08b4eb8663c31d50135a35aac5648ce87c73","1f97aae25b451b487872acbec081b19f16f85159628e9b3ae8b8a1228cdea265","cdcc4eaa9ecaf383e30d71f7cdcaab0f7e3e6d0296739b4e6eb9399407eef12a","d431888fe7b69d26a22460645e79d63e359696be68f64d36f03880e149eb10bd","79904e4b1329135d28b065abfe1fe95437b5d6e3e00b9f10b31a7ec97fd1c685"
"1.0","feature_rich","euro2024","euro2024_003",TRUE,TRUE,TRUE,2024-06-13,2024-06-15,"","dbcf24c9f86f48423588ed254bdb08b4eb8663c31d50135a35aac5648ce87c73","1f97aae25b451b487872acbec081b19f16f85159628e9b3ae8b8a1228cdea265","cdcc4eaa9ecaf383e30d71f7cdcaab0f7e3e6d0296739b4e6eb9399407eef12a","b9ae0031afaf84d974143c8fc1fffd9ab6193dbf12ad79b4431cf09ecd501792","698da61ba5450edc29af091f85370768cd26940eaacd808c22f11d1e09594cd0"
"1.0","feature_rich","euro2024","euro2024_004",TRUE,TRUE,TRUE,2024-06-13,2024-06-15,"","dbcf24c9f86f48423588ed254bdb08b4eb8663c31d50135a35aac5648ce87c73","1f97aae25b451b487872acbec081b19f16f85159628e9b3ae8b8a1228cdea265","cdcc4eaa9ecaf383e30d71f7cdcaab0f7e3e6d0296739b4e6eb9399407eef12a","90d773ab1868669f54c98f4fd9321711a151e5d2067c0107be3b84434acc3bb7","d43c34e76c7831ffe1ec8bfe4d51b65968d7a62f984ad376c0333deca4063a6f"
"1.0","feature_rich","euro2024","euro2024_005",TRUE,TRUE,TRUE,2024-06-13,2024-06-16,"","dbcf24c9f86f48423588ed254bdb08b4eb8663c31d50135a35aac5648ce87c73","1f97aae25b451b487872acbec081b19f16f85159628e9b3ae8b8a1228cdea265","cdcc4eaa9ecaf383e30d71f7cdcaab0f7e3e6d0296739b4e6eb9399407eef12a","e9b14909fad94b00e6d598f961f4db5c66b03b9dcdd3f25e174e8a39ad55d008","e8212e53a3af9a593439da62211e750a451010425ea936cdbfa44719ce9a042a"
"1.0","feature_rich","euro2024","euro2024_006",TRUE,TRUE,TRUE,2024-06-13,2024-06-16,"","dbcf24c9f86f48423588ed254bdb08b4eb8663c31d50135a35aac5648ce87c73","1f97aae25b451b487872acbec081b19f16f85159628e9b3ae8b8a1228cdea265","cdcc4eaa9ecaf383e30d71f7cdcaab0f7e3e6d0296739b4e6eb9399407eef12a","eb17510bf7003b919dffdb0522166b1d4cca28edc3db40467a3bed2d033d1fa1","210db8c4af9bbc039f1d3d9f233a609e2b6172f60b9c250f0a5b76b9bfbb70e3"
"1.0","feature_rich","euro2024","euro2024_007",TRUE,TRUE,TRUE,2024-06-13,2024-06-16,"","dbcf24c9f86f48423588ed254bdb08b4eb8663c31d50135a35aac5648ce87c73","1f97aae25b451b487872acbec081b19f16f85159628e9b3ae8b8a1228cdea265","cdcc4eaa9ecaf383e30d71f7cdcaab0f7e3e6d0296739b4e6eb9399407eef12a","fb9263589ca5aad068bcb8c3ad5585c548307112f6bf0043a7700a8a2ae770e6","a912b051c1bd0e33a52a8b4adf0ac44575888cffa348745c6e1f0fce732fa250"
"1.0","feature_rich","euro2024","euro2024_008",TRUE,TRUE,TRUE,2024-06-13,2024-06-17,"","dbcf24c9f86f48423588ed254bdb08b4eb8663c31d50135a35aac5648ce87c73","1f97aae25b451b487872acbec081b19f16f85159628e9b3ae8b8a1228cdea265","cdcc4eaa9ecaf383e30d71f7cdcaab0f7e3e6d0296739b4e6eb9399407eef12a","194783bfc742727022a2f5110cfd2429e74d541a5b063b4d41e8e69e24009634","c9e33af71731f04b2e02da4ee275479c6e1c2b2834b170fa395f4385fb0e20b3"
"1.0","feature_rich","euro2024","euro2024_009",TRUE,TRUE,TRUE,2024-06-13,2024-06-17,"","dbcf24c9f86f48423588ed254bdb08b4eb8663c31d50135a35aac5648ce87c73","1f97aae25b451b487872acbec081b19f16f85159628e9b3ae8b8a1228cdea265","cdcc4eaa9ecaf383e30d71f7cdcaab0f7e3e6d0296739b4e6eb9399407eef12a","9a808083fca0fe11e43d65240b64804c6f3d0b955b907b6e028f0a412d011a0c","c313539c6484830c603b550661a227f4566b9490c0cff0ce3bdccaa485d69bee"
"1.0","feature_rich","euro2024","euro2024_010",TRUE,TRUE,TRUE,2024-06-13,2024-06-17,"","dbcf24c9f86f48423588ed254bdb08b4eb8663c31d50135a35aac5648ce87c73","1f97aae25b451b487872acbec081b19f16f85159628e9b3ae8b8a1228cdea265","cdcc4eaa9ecaf383e30d71f7cdcaab0f7e3e6d0296739b4e6eb9399407eef12a","c0169567c6a2904d0b639f4ab353df9b11eea0318176b7905cdd1f498457eeaa","8f2dec2b75ac637ba444fee7ef6f0f8ef8494e17c830da6a574e6790c0c47061"
"1.0","feature_rich","euro2024","euro2024_011",TRUE,TRUE,TRUE,2024-06-13,2024-06-18,"","dbcf24c9f86f48423588ed254bdb08b4eb8663c31d50135a35aac5648ce87c73","1f97aae25b451b487872acbec081b19f16f85159628e9b3ae8b8a1228cdea265","cdcc4eaa9ecaf383e30d71f7cdcaab0f7e3e6d0296739b4e6eb9399407eef12a","d27ad15f67190546333d6b124a3cdf9fcae424a2aa5dc9d959854adeba53e592","6c05dcb38919854aa95bd1ff62f1ee596d5ec1b64ce8c72c7502ad067007700a"
"1.0","feature_rich","euro2024","euro2024_012",TRUE,TRUE,TRUE,2024-06-13,2024-06-18,"","dbcf24c9f86f48423588ed254bdb08b4eb8663c31d50135a35aac5648ce87c73","1f97aae25b451b487872acbec081b19f16f85159628e9b3ae8b8a1228cdea265","cdcc4eaa9ecaf383e30d71f7cdcaab0f7e3e6d0296739b4e6eb9399407eef12a","0d280584c3eb389557b423dd0f3e36381f2c947f945db9dee5616de9314850eb","9120bd3799036b265c1320c9090da82f7f1db017f9d1df67fcba2f9b509cc8a2"
"1.0","feature_rich","euro2024","euro2024_013",TRUE,TRUE,TRUE,2024-06-13,2024-06-19,"","dbcf24c9f86f48423588ed254bdb08b4eb8663c31d50135a35aac5648ce87c73","1f97aae25b451b487872acbec081b19f16f85159628e9b3ae8b8a1228cdea265","cdcc4eaa9ecaf383e30d71f7cdcaab0f7e3e6d0296739b4e6eb9399407eef12a","a201febf8fa8767e9264f8c40a87b95a202f1833393964d7fe471c8c7e6100be","996d476635c234db97aa1f2dc4668e8d0b13542edf7274dcf5a007eeef1544ac"
"1.0","feature_rich","euro2024","euro2024_014",TRUE,TRUE,TRUE,2024-06-13,2024-06-19,"","dbcf24c9f86f48423588ed254bdb08b4eb8663c31d50135a35aac5648ce87c73","1f97aae25b451b487872acbec081b19f16f85159628e9b3ae8b8a1228cdea265","cdcc4eaa9ecaf383e30d71f7cdcaab0f7e3e6d0296739b4e6eb9399407eef12a","a6f5168c23dd025d732cc14c3c342f253cee9448fcfe9323cdcfd8292e4d35c4","11507d0e3215115a11dea379ced6f4539cc75e33746db380e6ace2f7d30f462b"
"1.0","feature_rich","euro2024","euro2024_015",TRUE,TRUE,TRUE,2024-06-13,2024-06-19,"","dbcf24c9f86f48423588ed254bdb08b4eb8663c31d50135a35aac5648ce87c73","1f97aae25b451b487872acbec081b19f16f85159628e9b3ae8b8a1228cdea265","cdcc4eaa9ecaf383e30d71f7cdcaab0f7e3e6d0296739b4e6eb9399407eef12a","d6e9b72b8cf797d040d8f300ca944daa125142c4b826d6afa6a90609e54bf352","9b564173baad3a434fd46f91976e713a83d56bfbc590bf7a207d4ec9812df218"
"1.0","feature_rich","euro2024","euro2024_016",TRUE,TRUE,TRUE,2024-06-13,2024-06-20,"","dbcf24c9f86f48423588ed254bdb08b4eb8663c31d50135a35aac5648ce87c73","1f97aae25b451b487872acbec081b19f16f85159628e9b3ae8b8a1228cdea265","cdcc4eaa9ecaf383e30d71f7cdcaab0f7e3e6d0296739b4e6eb9399407eef12a","fdd9c1033e64c322f6e416bf2549b92ee536d4624445d7b85688535b54a5180e","2e9b38bf29b306ba4a2f88835a3c062e60d0c06d9c9dd66e676bb087f505b9b3"
"1.0","feature_rich","euro2024","euro2024_017",TRUE,TRUE,TRUE,2024-06-13,2024-06-20,"","dbcf24c9f86f48423588ed254bdb08b4eb8663c31d50135a35aac5648ce87c73","1f97aae25b451b487872acbec081b19f16f85159628e9b3ae8b8a1228cdea265","cdcc4eaa9ecaf383e30d71f7cdcaab0f7e3e6d0296739b4e6eb9399407eef12a","703ff691d22a5c5b40bf85f01e3eed2d1d8582c78cce164e5e7b994884d5eb5d","4ab2d0c69b0d4623f826dfb0bac7e9682d8d6a7d086850500cc84297abadf470"
"1.0","feature_rich","euro2024","euro2024_018",TRUE,TRUE,TRUE,2024-06-13,2024-06-20,"","dbcf24c9f86f48423588ed254bdb08b4eb8663c31d50135a35aac5648ce87c73","1f97aae25b451b487872acbec081b19f16f85159628e9b3ae8b8a1228cdea265","cdcc4eaa9ecaf383e30d71f7cdcaab0f7e3e6d0296739b4e6eb9399407eef12a","fc4606d02e38cd0ea2b2b11e3f844e46cef371b2feb6952b58e1abb1039ad08b","795ed38aa4f4969da0afc497d9c4e57e99a9cfc26d9b9b9d663410d8ffba520d"
"1.0","feature_rich","euro2024","euro2024_019",TRUE,TRUE,TRUE,2024-06-13,2024-06-21,"","dbcf24c9f86f48423588ed254bdb08b4eb8663c31d50135a35aac5648ce87c73","1f97aae25b451b487872acbec081b19f16f85159628e9b3ae8b8a1228cdea265","cdcc4eaa9ecaf383e30d71f7cdcaab0f7e3e6d0296739b4e6eb9399407eef12a","22381d7610920362831edd49924913a5b7dddee663ef59d801ec08698ecd829d","884ed67d6156865e4c61c3852fe6e2e30ca2b9fe99af0013ef41c8d262d892f2"
"1.0","feature_rich","euro2024","euro2024_020",TRUE,TRUE,TRUE,2024-06-13,2024-06-21,"","dbcf24c9f86f48423588ed254bdb08b4eb8663c31d50135a35aac5648ce87c73","1f97aae25b451b487872acbec081b19f16f85159628e9b3ae8b8a1228cdea265","cdcc4eaa9ecaf383e30d71f7cdcaab0f7e3e6d0296739b4e6eb9399407eef12a","727c386865c2e59e774375b273118b1fd2c0935a0f1d451d109e54b161a28742","f7fab0381f48c2ebbbc4a82a8ae1db7c77b0c431d83281c84fe0ef04f8165c0c"
"1.0","feature_rich","euro2024","euro2024_021",TRUE,TRUE,TRUE,2024-06-13,2024-06-21,"","dbcf24c9f86f48423588ed254bdb08b4eb8663c31d50135a35aac5648ce87c73","1f97aae25b451b487872acbec081b19f16f85159628e9b3ae8b8a1228cdea265","cdcc4eaa9ecaf383e30d71f7cdcaab0f7e3e6d0296739b4e6eb9399407eef12a","ef23fca94c9da9446cf155f9f6ccf09522470790aaaac6be9368677364ca7af3","996331146faa8ef983a7d02cf5a63d3a20677b7b9a22013b9bd1455fcd816e64"
"1.0","feature_rich","euro2024","euro2024_022",TRUE,TRUE,TRUE,2024-06-13,2024-06-22,"","dbcf24c9f86f48423588ed254bdb08b4eb8663c31d50135a35aac5648ce87c73","1f97aae25b451b487872acbec081b19f16f85159628e9b3ae8b8a1228cdea265","cdcc4eaa9ecaf383e30d71f7cdcaab0f7e3e6d0296739b4e6eb9399407eef12a","9a252eb7715a11a51f9bc881826a9a45d58891657d47e55cae6862d51fbffeb4","5bfc3e5bf0528731323e99ffca821e6af9d325428aa388fd6b917812471f5335"
"1.0","feature_rich","euro2024","euro2024_023",TRUE,TRUE,TRUE,2024-06-13,2024-06-22,"","dbcf24c9f86f48423588ed254bdb08b4eb8663c31d50135a35aac5648ce87c73","1f97aae25b451b487872acbec081b19f16f85159628e9b3ae8b8a1228cdea265","cdcc4eaa9ecaf383e30d71f7cdcaab0f7e3e6d0296739b4e6eb9399407eef12a","a5753a0218d640abe34e6e5047a2775c5190f6090d805445d037827db68a67d5","048349ff56a7f713ca2746c473d47b778ff8173cb864447ef1f6937df60cca38"
"1.0","feature_rich","euro2024","euro2024_024",TRUE,TRUE,TRUE,2024-06-13,2024-06-22,"","dbcf24c9f86f48423588ed254bdb08b4eb8663c31d50135a35aac5648ce87c73","1f97aae25b451b487872acbec081b19f16f85159628e9b3ae8b8a1228cdea265","cdcc4eaa9ecaf383e30d71f7cdcaab0f7e3e6d0296739b4e6eb9399407eef12a","05d1f5716dd6b574617a2e8f2d74c12172cecd3826470568af0a812b5d0e4316","b567b0d5d677d800779584eccd3cf2b00d4da82d56510a3711ea0746cf331b28"
"1.0","feature_rich","euro2024","euro2024_025",TRUE,TRUE,TRUE,2024-06-13,2024-06-23,"","dbcf24c9f86f48423588ed254bdb08b4eb8663c31d50135a35aac5648ce87c73","1f97aae25b451b487872acbec081b19f16f85159628e9b3ae8b8a1228cdea265","cdcc4eaa9ecaf383e30d71f7cdcaab0f7e3e6d0296739b4e6eb9399407eef12a","f17ee11cece8ff414da2ad03b3e035318ffa316c4f1a41a4294f4011ca297fbc","92f12df369f5037c929ec4501b6c7c74aafb2f757c9ebf6eec2188af00f9f5b6"
"1.0","feature_rich","euro2024","euro2024_026",TRUE,TRUE,TRUE,2024-06-13,2024-06-23,"","dbcf24c9f86f48423588ed254bdb08b4eb8663c31d50135a35aac5648ce87c73","1f97aae25b451b487872acbec081b19f16f85159628e9b3ae8b8a1228cdea265","cdcc4eaa9ecaf383e30d71f7cdcaab0f7e3e6d0296739b4e6eb9399407eef12a","5d5c0978cb3cea086d0b969a99469041dc0a448cb3da8ef587c5bc2e87dba217","b3c974cb1ffdcdc5641d80a922d531cb9a931755dc15043fe182002a2654bb0b"
"1.0","feature_rich","euro2024","euro2024_027",TRUE,TRUE,TRUE,2024-06-13,2024-06-24,"","dbcf24c9f86f48423588ed254bdb08b4eb8663c31d50135a35aac5648ce87c73","1f97aae25b451b487872acbec081b19f16f85159628e9b3ae8b8a1228cdea265","cdcc4eaa9ecaf383e30d71f7cdcaab0f7e3e6d0296739b4e6eb9399407eef12a","25b2f75df2d438f4303bc35ec60c394b85ed931513b2afa908da4c6035f94cb0","90a21b0376f0e1ffb3003837876f4e4f219567d5975fd21b8d198c8228c880d3"
"1.0","feature_rich","euro2024","euro2024_028",TRUE,TRUE,TRUE,2024-06-13,2024-06-24,"","dbcf24c9f86f48423588ed254bdb08b4eb8663c31d50135a35aac5648ce87c73","1f97aae25b451b487872acbec081b19f16f85159628e9b3ae8b8a1228cdea265","cdcc4eaa9ecaf383e30d71f7cdcaab0f7e3e6d0296739b4e6eb9399407eef12a","0b8682c6178cebd9e07bdf2458e86318fb09d285f99ebae8bae7cc709e903f32","3378abe821063d06013a49011092d0dd854cc24d6e8041bf046bb7fce3bfc848"
"1.0","feature_rich","euro2024","euro2024_029",TRUE,TRUE,TRUE,2024-06-13,2024-06-25,"","dbcf24c9f86f48423588ed254bdb08b4eb8663c31d50135a35aac5648ce87c73","1f97aae25b451b487872acbec081b19f16f85159628e9b3ae8b8a1228cdea265","cdcc4eaa9ecaf383e30d71f7cdcaab0f7e3e6d0296739b4e6eb9399407eef12a","0951252f4f68741692cee6dbb1e4ec7001c961bea227f48bfce4dba9beff309b","08f31edbb324e2d26e3f08c14fa25a3f6ebc7dfb854b2aeb7459a1c490923f1d"
"1.0","feature_rich","euro2024","euro2024_030",TRUE,TRUE,TRUE,2024-06-13,2024-06-25,"","dbcf24c9f86f48423588ed254bdb08b4eb8663c31d50135a35aac5648ce87c73","1f97aae25b451b487872acbec081b19f16f85159628e9b3ae8b8a1228cdea265","cdcc4eaa9ecaf383e30d71f7cdcaab0f7e3e6d0296739b4e6eb9399407eef12a","d82ebbe3ada55fdb9b938b118115ccd832474a6f5e930723152060bfa90493ac","3d1cc1148ec1d287be16ac400622c0530e1ff17a1e21d7edc21edd8578f26423"
"1.0","feature_rich","euro2024","euro2024_031",TRUE,TRUE,TRUE,2024-06-13,2024-06-25,"","dbcf24c9f86f48423588ed254bdb08b4eb8663c31d50135a35aac5648ce87c73","1f97aae25b451b487872acbec081b19f16f85159628e9b3ae8b8a1228cdea265","cdcc4eaa9ecaf383e30d71f7cdcaab0f7e3e6d0296739b4e6eb9399407eef12a","ddb612344108cd303fca813f7dcc1bcbcc18aec9d983d13b46278c7bd536fb54","e21f8a71ddd9402a18ffb30716303eeae8e91885cd611eaa205f96a399200abd"
"1.0","feature_rich","euro2024","euro2024_032",TRUE,TRUE,TRUE,2024-06-13,2024-06-25,"","dbcf24c9f86f48423588ed254bdb08b4eb8663c31d50135a35aac5648ce87c73","1f97aae25b451b487872acbec081b19f16f85159628e9b3ae8b8a1228cdea265","cdcc4eaa9ecaf383e30d71f7cdcaab0f7e3e6d0296739b4e6eb9399407eef12a","1ce97d64fa18bfe4868c56e0411bc5738b2d7fdd2923159ca7552ba382aa08a0","0f6e161d3d0f3fab94d25c39f8315742cf6cdc735e150fb588885a6cd39db270"
"1.0","feature_rich","euro2024","euro2024_033",TRUE,TRUE,TRUE,2024-06-13,2024-06-26,"","dbcf24c9f86f48423588ed254bdb08b4eb8663c31d50135a35aac5648ce87c73","1f97aae25b451b487872acbec081b19f16f85159628e9b3ae8b8a1228cdea265","cdcc4eaa9ecaf383e30d71f7cdcaab0f7e3e6d0296739b4e6eb9399407eef12a","0b04eef6b45a2ebeabe56a0b75b748e8f8216a5c6a05d71f21ba09b86b35cd88","10323e53f6b6c2b07f0f8d6d0a319417d5804b7f88ce7367b343e68d119c50e8"
"1.0","feature_rich","euro2024","euro2024_034",TRUE,TRUE,TRUE,2024-06-13,2024-06-26,"","dbcf24c9f86f48423588ed254bdb08b4eb8663c31d50135a35aac5648ce87c73","1f97aae25b451b487872acbec081b19f16f85159628e9b3ae8b8a1228cdea265","cdcc4eaa9ecaf383e30d71f7cdcaab0f7e3e6d0296739b4e6eb9399407eef12a","d353168ac9a1397c04af76d0f3f3d6ccc5dd3ea5563a8a73e025d0dcc9d4fdbc","18aac55792523b670051b1c97978ec2bd46a2a83cb635670e765a92ef6ea424f"
"1.0","feature_rich","euro2024","euro2024_035",TRUE,TRUE,TRUE,2024-06-13,2024-06-26,"","dbcf24c9f86f48423588ed254bdb08b4eb8663c31d50135a35aac5648ce87c73","1f97aae25b451b487872acbec081b19f16f85159628e9b3ae8b8a1228cdea265","cdcc4eaa9ecaf383e30d71f7cdcaab0f7e3e6d0296739b4e6eb9399407eef12a","fe5dafae5ae104c9299d66cb6495cd745e48223d9207cbb159761d95b9311387","552025dbf3033fe9103f9222d0231900a4474ca32df9ba85bbe77934f4333c15"
"1.0","feature_rich","euro2024","euro2024_036",TRUE,TRUE,TRUE,2024-06-13,2024-06-26,"","dbcf24c9f86f48423588ed254bdb08b4eb8663c31d50135a35aac5648ce87c73","1f97aae25b451b487872acbec081b19f16f85159628e9b3ae8b8a1228cdea265","cdcc4eaa9ecaf383e30d71f7cdcaab0f7e3e6d0296739b4e6eb9399407eef12a","2716728003de695c84b9e665d1e72fc24e3cc926012ad6d0ef868dc732febf98","e656ee8b0de3ce8fce50b7a222581743ea3037956b2fc0f880e461514f88edbf"
"1.0","feature_rich","euro2024","euro2024_037",TRUE,TRUE,TRUE,2024-06-13,2024-06-29,"","dbcf24c9f86f48423588ed254bdb08b4eb8663c31d50135a35aac5648ce87c73","1f97aae25b451b487872acbec081b19f16f85159628e9b3ae8b8a1228cdea265","cdcc4eaa9ecaf383e30d71f7cdcaab0f7e3e6d0296739b4e6eb9399407eef12a","21e5857644e6be0406389b215e1d0c85f53325ec98e61888a0ee0f477002562b","dcba0f133cf4dac724352a553f48c8e104fec47b60d871431ad3bd4d9e0f14f4"
"1.0","feature_rich","euro2024","euro2024_038",TRUE,TRUE,TRUE,2024-06-13,2024-06-29,"","dbcf24c9f86f48423588ed254bdb08b4eb8663c31d50135a35aac5648ce87c73","1f97aae25b451b487872acbec081b19f16f85159628e9b3ae8b8a1228cdea265","cdcc4eaa9ecaf383e30d71f7cdcaab0f7e3e6d0296739b4e6eb9399407eef12a","5317ae5abf0b45738158252903fc6a77f827d9c105ea375dfbff71c2a3622bd2","db97298c2d395162fd8d265fad51e8b86dc4db0e469a3cb55ea29d3dcb9262b4"
"1.0","feature_rich","euro2024","euro2024_039",TRUE,TRUE,TRUE,2024-06-13,2024-06-30,"","dbcf24c9f86f48423588ed254bdb08b4eb8663c31d50135a35aac5648ce87c73","1f97aae25b451b487872acbec081b19f16f85159628e9b3ae8b8a1228cdea265","cdcc4eaa9ecaf383e30d71f7cdcaab0f7e3e6d0296739b4e6eb9399407eef12a","1030b7fc409de5558184696dc8e70c3df963b03132f88b37d9104c4e2a76c015","955a7a65f8f35b1ff2a5dd32a2cd909f2baacd2950c9d1d33e0c8c90db6b4332"
"1.0","feature_rich","euro2024","euro2024_040",TRUE,TRUE,TRUE,2024-06-13,2024-06-30,"","dbcf24c9f86f48423588ed254bdb08b4eb8663c31d50135a35aac5648ce87c73","1f97aae25b451b487872acbec081b19f16f85159628e9b3ae8b8a1228cdea265","cdcc4eaa9ecaf383e30d71f7cdcaab0f7e3e6d0296739b4e6eb9399407eef12a","f47c6588542231d605ae4c236181a911854f7121eabca1487afa9f41b4ea5130","46e6943c22b4cb17fd7c3ca21fc5ed85325cc2649951887aaa7f1369645a4269"
"1.0","feature_rich","euro2024","euro2024_041",TRUE,TRUE,TRUE,2024-06-30,2024-07-01,"","dbcf24c9f86f48423588ed254bdb08b4eb8663c31d50135a35aac5648ce87c73","1f97aae25b451b487872acbec081b19f16f85159628e9b3ae8b8a1228cdea265","cdcc4eaa9ecaf383e30d71f7cdcaab0f7e3e6d0296739b4e6eb9399407eef12a","0b5916c369772cd928a09ed232527bc78e7b337fb2223f216f87d8022c7b7068","2aca7765b96411d9676e50949d9e58555b6a1a82e3157641903481bc10c767b5"
"1.0","feature_rich","euro2024","euro2024_042",TRUE,TRUE,TRUE,2024-06-30,2024-07-01,"","dbcf24c9f86f48423588ed254bdb08b4eb8663c31d50135a35aac5648ce87c73","1f97aae25b451b487872acbec081b19f16f85159628e9b3ae8b8a1228cdea265","cdcc4eaa9ecaf383e30d71f7cdcaab0f7e3e6d0296739b4e6eb9399407eef12a","81282e308d11c6616b71aab027cf149df53fa1a8a9f860107e5ffc5cec9da931","20a9684e1975d522f7053b5dbc9f96fbf60670a029d08ccc996c4ee971097284"
"1.0","feature_rich","euro2024","euro2024_043",TRUE,TRUE,TRUE,2024-06-30,2024-07-02,"","dbcf24c9f86f48423588ed254bdb08b4eb8663c31d50135a35aac5648ce87c73","1f97aae25b451b487872acbec081b19f16f85159628e9b3ae8b8a1228cdea265","cdcc4eaa9ecaf383e30d71f7cdcaab0f7e3e6d0296739b4e6eb9399407eef12a","ce9f224bfbc82d4d38fc1638ad76716fc1c42abac99f100478098dc2473d246d","f86c386067932319d58562a8b21637788ea90d46719f4edbdc11b85c7edec540"
"1.0","feature_rich","euro2024","euro2024_044",TRUE,TRUE,TRUE,2024-06-30,2024-07-02,"","dbcf24c9f86f48423588ed254bdb08b4eb8663c31d50135a35aac5648ce87c73","1f97aae25b451b487872acbec081b19f16f85159628e9b3ae8b8a1228cdea265","cdcc4eaa9ecaf383e30d71f7cdcaab0f7e3e6d0296739b4e6eb9399407eef12a","028bae2c4004b9e9a25961234f1e04fc7dfd908fb33b066f76dbf4686ca129a5","80e2ddecaad1c1ba592c278dbd48f2ae9c3d2b128264fe5ce9118a0b98ff9359"
"1.0","feature_rich","euro2024","euro2024_045",TRUE,TRUE,TRUE,2024-06-30,2024-07-05,"","dbcf24c9f86f48423588ed254bdb08b4eb8663c31d50135a35aac5648ce87c73","1f97aae25b451b487872acbec081b19f16f85159628e9b3ae8b8a1228cdea265","cdcc4eaa9ecaf383e30d71f7cdcaab0f7e3e6d0296739b4e6eb9399407eef12a","904b8c3abf85fca12cf8a53120925375b6790a67eef294a854bc5794f10fffdf","8010728131f3af05549fa1fa104acce9caa0038aa6ab455496726b74b59c468e"
"1.0","feature_rich","euro2024","euro2024_046",TRUE,TRUE,TRUE,2024-06-30,2024-07-05,"","dbcf24c9f86f48423588ed254bdb08b4eb8663c31d50135a35aac5648ce87c73","1f97aae25b451b487872acbec081b19f16f85159628e9b3ae8b8a1228cdea265","cdcc4eaa9ecaf383e30d71f7cdcaab0f7e3e6d0296739b4e6eb9399407eef12a","6073711645f802ee5aaf12acef32ef914d4256c82b69a558ca66c71091a8d2cb","c49b55dd6a665c370ec5cae7405dc2631c4652cf3594e8d3b31558544293ea52"
"1.0","feature_rich","euro2024","euro2024_047",TRUE,TRUE,TRUE,2024-06-30,2024-07-06,"","dbcf24c9f86f48423588ed254bdb08b4eb8663c31d50135a35aac5648ce87c73","1f97aae25b451b487872acbec081b19f16f85159628e9b3ae8b8a1228cdea265","cdcc4eaa9ecaf383e30d71f7cdcaab0f7e3e6d0296739b4e6eb9399407eef12a","85fc7e2a41e23744d0958c69a24e8e86c0b9856f7054d845249e7c753e2f2fd7","5b45fecdf4a678ddf12233a188a276ee5ccd6a3e1a731564c7e3f6319a6976a0"
"1.0","feature_rich","euro2024","euro2024_048",TRUE,TRUE,TRUE,2024-06-30,2024-07-06,"","dbcf24c9f86f48423588ed254bdb08b4eb8663c31d50135a35aac5648ce87c73","1f97aae25b451b487872acbec081b19f16f85159628e9b3ae8b8a1228cdea265","cdcc4eaa9ecaf383e30d71f7cdcaab0f7e3e6d0296739b4e6eb9399407eef12a","9098af13b16c201ce7648afb1cc0f00835b758074c6d2cb6a9848dd881979aa2","9c1f36c614ceb60cd3f28166332fe7eda95cdb1253c1fee76763ec5ba59976ac"
"1.0","feature_rich","euro2024","euro2024_049",TRUE,TRUE,TRUE,2024-06-30,2024-07-09,"","dbcf24c9f86f48423588ed254bdb08b4eb8663c31d50135a35aac5648ce87c73","1f97aae25b451b487872acbec081b19f16f85159628e9b3ae8b8a1228cdea265","cdcc4eaa9ecaf383e30d71f7cdcaab0f7e3e6d0296739b4e6eb9399407eef12a","23f142e801ebc0a1689e7bf2bd306155d68bc313e4c792c4d8b318c44ee18805","e0c9c98e74d8004a5e1b63962c52c317dea41414b5f02e5ad7e80d7f5cbb60c8"
"1.0","feature_rich","euro2024","euro2024_050",TRUE,TRUE,TRUE,2024-06-30,2024-07-10,"","dbcf24c9f86f48423588ed254bdb08b4eb8663c31d50135a35aac5648ce87c73","1f97aae25b451b487872acbec081b19f16f85159628e9b3ae8b8a1228cdea265","cdcc4eaa9ecaf383e30d71f7cdcaab0f7e3e6d0296739b4e6eb9399407eef12a","7e95fde08d274b7d9ffc5dac8333346c5ddff35d04478dba0389d02dcdbecb2c","0cf1884706cc7f73c16b8c48cc2b74f4945ac9fd4cadaa1410b8cc426eefd785"
"1.0","feature_rich","euro2024","euro2024_051",TRUE,TRUE,TRUE,2024-06-30,2024-07-14,"","dbcf24c9f86f48423588ed254bdb08b4eb8663c31d50135a35aac5648ce87c73","1f97aae25b451b487872acbec081b19f16f85159628e9b3ae8b8a1228cdea265","cdcc4eaa9ecaf383e30d71f7cdcaab0f7e3e6d0296739b4e6eb9399407eef12a","ff48916bb46595975defcff199d42134823ca50d62e47e1e7581568ee080b476","459159891692cfe04ad42dd681d74b9de7b53809e0fab4e568e2207ad30e3232"
"1.0","feature_rich","wc2002","wc2002_001",TRUE,TRUE,TRUE,2001-12-31,2002-05-31,"","dbcf24c9f86f48423588ed254bdb08b4eb8663c31d50135a35aac5648ce87c73","1f97aae25b451b487872acbec081b19f16f85159628e9b3ae8b8a1228cdea265","cdcc4eaa9ecaf383e30d71f7cdcaab0f7e3e6d0296739b4e6eb9399407eef12a","3ee5a10680daec29828f8715cddf16a54473775a66cabafb3a0c2c32ee4b90b9","d491256fe81337016083353224c98c97c2f2a1e92751512d77c195829c02b3ee"
"1.0","feature_rich","wc2002","wc2002_002",TRUE,TRUE,TRUE,2001-12-31,2002-06-01,"","dbcf24c9f86f48423588ed254bdb08b4eb8663c31d50135a35aac5648ce87c73","1f97aae25b451b487872acbec081b19f16f85159628e9b3ae8b8a1228cdea265","cdcc4eaa9ecaf383e30d71f7cdcaab0f7e3e6d0296739b4e6eb9399407eef12a","c8f90abf320f6a72445e92802545d4af4dc7228306548f8a08bcfa0a3cbd249e","d1af9713403b3bc3ad0615c5e70ded759fe1e6677da68a56b1020638bbf83333"
"1.0","feature_rich","wc2002","wc2002_003",FALSE,FALSE,TRUE,2001-12-31,2002-06-01,"missing_point_in_time_required_transfermarkt_snapshot","dbcf24c9f86f48423588ed254bdb08b4eb8663c31d50135a35aac5648ce87c73","1f97aae25b451b487872acbec081b19f16f85159628e9b3ae8b8a1228cdea265","cdcc4eaa9ecaf383e30d71f7cdcaab0f7e3e6d0296739b4e6eb9399407eef12a","946a46a10fff8ea0f1473739ecadea33edb67c500e5782dc5ce5a76712a32363","3c59fd1b2df240a6f71ffe7a38edd9be70569aceef44c3fe895096dce4b7d5dc"
"1.0","feature_rich","wc2002","wc2002_004",TRUE,TRUE,TRUE,2001-12-31,2002-06-01,"","dbcf24c9f86f48423588ed254bdb08b4eb8663c31d50135a35aac5648ce87c73","1f97aae25b451b487872acbec081b19f16f85159628e9b3ae8b8a1228cdea265","cdcc4eaa9ecaf383e30d71f7cdcaab0f7e3e6d0296739b4e6eb9399407eef12a","b081d04868418aa564f55297974a0dc222ab08144bbaafb59e6a36111e8c1099","8a6323b3b69f4fd331a22f5f39403b1d7d546a2cbfb6ba8b42deb223174e08b6"
"1.0","feature_rich","wc2002","wc2002_005",TRUE,TRUE,TRUE,2001-12-31,2002-06-02,"","dbcf24c9f86f48423588ed254bdb08b4eb8663c31d50135a35aac5648ce87c73","1f97aae25b451b487872acbec081b19f16f85159628e9b3ae8b8a1228cdea265","cdcc4eaa9ecaf383e30d71f7cdcaab0f7e3e6d0296739b4e6eb9399407eef12a","146eac7e9aa1f4f72c9af3634e64daf41b3935a5e5cb096f09cd5a3064fc0074","4b1af5cdc91c028c8959c07d7c60a72477dbdcd44dd26546b4f5c414916b8e49"
"1.0","feature_rich","wc2002","wc2002_006",TRUE,TRUE,TRUE,2001-12-31,2002-06-02,"","dbcf24c9f86f48423588ed254bdb08b4eb8663c31d50135a35aac5648ce87c73","1f97aae25b451b487872acbec081b19f16f85159628e9b3ae8b8a1228cdea265","cdcc4eaa9ecaf383e30d71f7cdcaab0f7e3e6d0296739b4e6eb9399407eef12a","3417e1a3b9277e4e09b43bb1b1d16979a8e7933c047cdc324c3e330057c948ef","047b37af73bf5f29e63cf6e2cf309e75b20f26e93954acaa2f09d0ce32218c46"
"1.0","feature_rich","wc2002","wc2002_007",TRUE,TRUE,TRUE,2001-12-31,2002-06-02,"","dbcf24c9f86f48423588ed254bdb08b4eb8663c31d50135a35aac5648ce87c73","1f97aae25b451b487872acbec081b19f16f85159628e9b3ae8b8a1228cdea265","cdcc4eaa9ecaf383e30d71f7cdcaab0f7e3e6d0296739b4e6eb9399407eef12a","3e074192cdd53b08a0ab0765410f9320ce5d108c4c42125900508c57a5ad64d8","246f2c1c6cb4c53782ca498bdd637b777cef8d6f794c816dcfede19a66661716"
"1.0","feature_rich","wc2002","wc2002_008",TRUE,TRUE,TRUE,2001-12-31,2002-06-02,"","dbcf24c9f86f48423588ed254bdb08b4eb8663c31d50135a35aac5648ce87c73","1f97aae25b451b487872acbec081b19f16f85159628e9b3ae8b8a1228cdea265","cdcc4eaa9ecaf383e30d71f7cdcaab0f7e3e6d0296739b4e6eb9399407eef12a","5e16dfd5e82d8d7e6a8c399c6e64862716849611aeaecc7fad66215e3a98eb3a","04799ee1fab1f5870fb9754c8cb2c623008920c48d64ff682a9c7a2ed44511df"
"1.0","feature_rich","wc2002","wc2002_009",TRUE,TRUE,TRUE,2001-12-31,2002-06-03,"","dbcf24c9f86f48423588ed254bdb08b4eb8663c31d50135a35aac5648ce87c73","1f97aae25b451b487872acbec081b19f16f85159628e9b3ae8b8a1228cdea265","cdcc4eaa9ecaf383e30d71f7cdcaab0f7e3e6d0296739b4e6eb9399407eef12a","8ee6f2e789c0266bf70f166d87970bcfb8c39bdfcfed78cb096d0fbe9c37150d","c4d2b602d3a9c5a43a0272e69a584229282da075b5966df813b7a093596f2c90"
"1.0","feature_rich","wc2002","wc2002_010",TRUE,TRUE,TRUE,2001-12-31,2002-06-03,"","dbcf24c9f86f48423588ed254bdb08b4eb8663c31d50135a35aac5648ce87c73","1f97aae25b451b487872acbec081b19f16f85159628e9b3ae8b8a1228cdea265","cdcc4eaa9ecaf383e30d71f7cdcaab0f7e3e6d0296739b4e6eb9399407eef12a","5336a9f93828f06dddecd7fcf6d01e2d287ec30b63f0fbd1c46d65cac923b67d","af9f0351dd26b763bc09db628ad61eb64c5f2b8aca512c07864cba65f6389d5f"
"1.0","feature_rich","wc2002","wc2002_011",TRUE,TRUE,TRUE,2001-12-31,2002-06-03,"","dbcf24c9f86f48423588ed254bdb08b4eb8663c31d50135a35aac5648ce87c73","1f97aae25b451b487872acbec081b19f16f85159628e9b3ae8b8a1228cdea265","cdcc4eaa9ecaf383e30d71f7cdcaab0f7e3e6d0296739b4e6eb9399407eef12a","94336a39b18b382e7c44ca8251808bd3a8b70af2d8e6035d25fa986ae8caae83","5e47202d135be5652ed4db52df81a8353680561f8d9d781744272474c696b752"
"1.0","feature_rich","wc2002","wc2002_012",TRUE,TRUE,TRUE,2001-12-31,2002-06-04,"","dbcf24c9f86f48423588ed254bdb08b4eb8663c31d50135a35aac5648ce87c73","1f97aae25b451b487872acbec081b19f16f85159628e9b3ae8b8a1228cdea265","cdcc4eaa9ecaf383e30d71f7cdcaab0f7e3e6d0296739b4e6eb9399407eef12a","17c7664c2f2623e9e2e85580ec8d81b814ad0ccc41b73684d1795d72bc8ecdf7","27894dc9b2f3a5f45bdfec11fa65226c243870c789529d1722e8f8d9ec9257d9"
"1.0","feature_rich","wc2002","wc2002_013",TRUE,TRUE,TRUE,2001-12-31,2002-06-04,"","dbcf24c9f86f48423588ed254bdb08b4eb8663c31d50135a35aac5648ce87c73","1f97aae25b451b487872acbec081b19f16f85159628e9b3ae8b8a1228cdea265","cdcc4eaa9ecaf383e30d71f7cdcaab0f7e3e6d0296739b4e6eb9399407eef12a","0c251e5276a821d4b8d67c19ea3dc0d36370503052d56155c7b40186d077c93a","824a7502546376589186710ebd846a2c05dbd1109a2610b51a6ca746a18c8564"
"1.0","feature_rich","wc2002","wc2002_014",TRUE,TRUE,TRUE,2001-12-31,2002-06-04,"","dbcf24c9f86f48423588ed254bdb08b4eb8663c31d50135a35aac5648ce87c73","1f97aae25b451b487872acbec081b19f16f85159628e9b3ae8b8a1228cdea265","cdcc4eaa9ecaf383e30d71f7cdcaab0f7e3e6d0296739b4e6eb9399407eef12a","0c57ea23bc84312e33345d8adf6d2e0090b012a2a9ef67cbd53b00ab85b07bc8","8020ed64e6e8d02b6363ab2236e7c7fefb2d8407821fafdc2b903cb97d91fe46"
"1.0","feature_rich","wc2002","wc2002_015",FALSE,FALSE,TRUE,2001-12-31,2002-06-05,"missing_point_in_time_required_transfermarkt_snapshot","dbcf24c9f86f48423588ed254bdb08b4eb8663c31d50135a35aac5648ce87c73","1f97aae25b451b487872acbec081b19f16f85159628e9b3ae8b8a1228cdea265","cdcc4eaa9ecaf383e30d71f7cdcaab0f7e3e6d0296739b4e6eb9399407eef12a","24be397514d6585d4dd74e02861fc9b497c5c43207bf9882fd3929aedcb1539e","3b104cd835f82790b27c158b2cb4652b75940f0d387ba79dc9f0db05e2de0143"
"1.0","feature_rich","wc2002","wc2002_016",TRUE,TRUE,TRUE,2001-12-31,2002-06-05,"","dbcf24c9f86f48423588ed254bdb08b4eb8663c31d50135a35aac5648ce87c73","1f97aae25b451b487872acbec081b19f16f85159628e9b3ae8b8a1228cdea265","cdcc4eaa9ecaf383e30d71f7cdcaab0f7e3e6d0296739b4e6eb9399407eef12a","199c6ad5b7d94a1d1930343054f7cdf2202ef8d80e3c90cff59becbdb73028c7","49fe494fe9cf21185a35c7950634e260bc080b325a484ce51e571f8cfe7615d0"
"1.0","feature_rich","wc2002","wc2002_017",TRUE,TRUE,TRUE,2001-12-31,2002-06-05,"","dbcf24c9f86f48423588ed254bdb08b4eb8663c31d50135a35aac5648ce87c73","1f97aae25b451b487872acbec081b19f16f85159628e9b3ae8b8a1228cdea265","cdcc4eaa9ecaf383e30d71f7cdcaab0f7e3e6d0296739b4e6eb9399407eef12a","2df2c3b5b5a63fcedef9f3c3323427ebc12284eb960f3727b9aae9ab13a7584f","65988f820c8e7c62d4f7e30d0552bc371a307d2cbf90451da7f56d9ba0b0f487"
"1.0","feature_rich","wc2002","wc2002_018",TRUE,TRUE,TRUE,2001-12-31,2002-06-06,"","dbcf24c9f86f48423588ed254bdb08b4eb8663c31d50135a35aac5648ce87c73","1f97aae25b451b487872acbec081b19f16f85159628e9b3ae8b8a1228cdea265","cdcc4eaa9ecaf383e30d71f7cdcaab0f7e3e6d0296739b4e6eb9399407eef12a","16712ad78a84198b33919c33353d8e177fd51185b9339c61d1737c00ef07b9e3","84ff8e1c6ac3587e82a8f7d90a17bca0f689b8bca8a927309cb55b0aa2b78f24"
"1.0","feature_rich","wc2002","wc2002_019",TRUE,TRUE,TRUE,2001-12-31,2002-06-06,"","dbcf24c9f86f48423588ed254bdb08b4eb8663c31d50135a35aac5648ce87c73","1f97aae25b451b487872acbec081b19f16f85159628e9b3ae8b8a1228cdea265","cdcc4eaa9ecaf383e30d71f7cdcaab0f7e3e6d0296739b4e6eb9399407eef12a","a1d441052cdd851cf75b8c661c92827f483552dd7ca29841cae9987a90bbd488","8dc4017cb3ea240ff2e8b888aa70a0f2e8e6b91ff4e8ef6d824b06be2e3a533c"
"1.0","feature_rich","wc2002","wc2002_020",TRUE,TRUE,TRUE,2001-12-31,2002-06-06,"","dbcf24c9f86f48423588ed254bdb08b4eb8663c31d50135a35aac5648ce87c73","1f97aae25b451b487872acbec081b19f16f85159628e9b3ae8b8a1228cdea265","cdcc4eaa9ecaf383e30d71f7cdcaab0f7e3e6d0296739b4e6eb9399407eef12a","51bb6c672136b44daa6107a52a5b6bc47aa9c88ae2854e94e71f3e2199efc288","f2fb941a46cf8d6ef1b760064bed17644e75981637e00b3875147dea9dbfce90"
"1.0","feature_rich","wc2002","wc2002_021",TRUE,TRUE,TRUE,2001-12-31,2002-06-07,"","dbcf24c9f86f48423588ed254bdb08b4eb8663c31d50135a35aac5648ce87c73","1f97aae25b451b487872acbec081b19f16f85159628e9b3ae8b8a1228cdea265","cdcc4eaa9ecaf383e30d71f7cdcaab0f7e3e6d0296739b4e6eb9399407eef12a","821cca43d677d74d29ea4e20ddd8ac0ab6ff230c310faaf08a0c8860db71cd55","e25990408691a7d4931cd5ba799fc027556207596699cd9e6267ecdbed09e9df"
"1.0","feature_rich","wc2002","wc2002_022",TRUE,TRUE,TRUE,2001-12-31,2002-06-07,"","dbcf24c9f86f48423588ed254bdb08b4eb8663c31d50135a35aac5648ce87c73","1f97aae25b451b487872acbec081b19f16f85159628e9b3ae8b8a1228cdea265","cdcc4eaa9ecaf383e30d71f7cdcaab0f7e3e6d0296739b4e6eb9399407eef12a","aac113442e729ef7c8d9741c401c17b3f8524b192710e84fdee4a1b7c032c772","3151e5ba53a51155b4497b9bd1096992da4562a0959aa802e2705c01225c1dbe"
"1.0","feature_rich","wc2002","wc2002_023",TRUE,TRUE,TRUE,2001-12-31,2002-06-07,"","dbcf24c9f86f48423588ed254bdb08b4eb8663c31d50135a35aac5648ce87c73","1f97aae25b451b487872acbec081b19f16f85159628e9b3ae8b8a1228cdea265","cdcc4eaa9ecaf383e30d71f7cdcaab0f7e3e6d0296739b4e6eb9399407eef12a","df218a400e2d10869620765ae57b9c2aba21c30e3347a2ca4bd51d8066857ce4","e528411f929893cb9ca94b2dcd1595910d7e94388cdb5d96c26a05c26a624aee"
"1.0","feature_rich","wc2002","wc2002_024",TRUE,TRUE,TRUE,2001-12-31,2002-06-08,"","dbcf24c9f86f48423588ed254bdb08b4eb8663c31d50135a35aac5648ce87c73","1f97aae25b451b487872acbec081b19f16f85159628e9b3ae8b8a1228cdea265","cdcc4eaa9ecaf383e30d71f7cdcaab0f7e3e6d0296739b4e6eb9399407eef12a","7fdd98f2aa24e4f6d14a3eecbe58187c504f6ed669100f55000c2eb9d4b441d5","c52efa12a0fbdc6818373cc9408d9de2865a76170471dcdb89544a0819e818a8"
"1.0","feature_rich","wc2002","wc2002_025",TRUE,TRUE,TRUE,2001-12-31,2002-06-08,"","dbcf24c9f86f48423588ed254bdb08b4eb8663c31d50135a35aac5648ce87c73","1f97aae25b451b487872acbec081b19f16f85159628e9b3ae8b8a1228cdea265","cdcc4eaa9ecaf383e30d71f7cdcaab0f7e3e6d0296739b4e6eb9399407eef12a","96fb7ef4504f273b35396230ae413e7a5c175e7b211ee30fcd438c3cc71a47df","d2ae9c0bb19b94bdda01935348c5e4319b1e17386e6c31192856fd035e0aa634"
"1.0","feature_rich","wc2002","wc2002_026",TRUE,TRUE,TRUE,2001-12-31,2002-06-08,"","dbcf24c9f86f48423588ed254bdb08b4eb8663c31d50135a35aac5648ce87c73","1f97aae25b451b487872acbec081b19f16f85159628e9b3ae8b8a1228cdea265","cdcc4eaa9ecaf383e30d71f7cdcaab0f7e3e6d0296739b4e6eb9399407eef12a","40205d0a58977c73a2941ba94164d628dc78a3cd8def4b086c53444d36f21140","6241ce60f3ee41ffdb0bcd77ae11823b60f8094ed48173eb4b32f166c95bc08f"
"1.0","feature_rich","wc2002","wc2002_027",TRUE,TRUE,TRUE,2001-12-31,2002-06-09,"","dbcf24c9f86f48423588ed254bdb08b4eb8663c31d50135a35aac5648ce87c73","1f97aae25b451b487872acbec081b19f16f85159628e9b3ae8b8a1228cdea265","cdcc4eaa9ecaf383e30d71f7cdcaab0f7e3e6d0296739b4e6eb9399407eef12a","0d1bcdada63641595a57b2fcb4a6eaf64d74c56f7c549d18a765353554fcaed3","df1df83a9c0971619db2ef690b6c7c058e62e97de0bf13664caac87efd445697"
"1.0","feature_rich","wc2002","wc2002_028",TRUE,TRUE,TRUE,2001-12-31,2002-06-09,"","dbcf24c9f86f48423588ed254bdb08b4eb8663c31d50135a35aac5648ce87c73","1f97aae25b451b487872acbec081b19f16f85159628e9b3ae8b8a1228cdea265","cdcc4eaa9ecaf383e30d71f7cdcaab0f7e3e6d0296739b4e6eb9399407eef12a","b064acbec96b095019f83833f073088798ea57c39765b9f3257beabc2862a6ae","f85a23d6f6d2d58db2c00f1af96ab8efd3e5554aeb6c0ae3e2a375026ca2a7a9"
"1.0","feature_rich","wc2002","wc2002_029",TRUE,TRUE,TRUE,2001-12-31,2002-06-09,"","dbcf24c9f86f48423588ed254bdb08b4eb8663c31d50135a35aac5648ce87c73","1f97aae25b451b487872acbec081b19f16f85159628e9b3ae8b8a1228cdea265","cdcc4eaa9ecaf383e30d71f7cdcaab0f7e3e6d0296739b4e6eb9399407eef12a","8d31d54154d05325138b718957c65bf6a15e626c446dc2382220198f02950af7","89b121f56ff03d76172bf46f76fc77dae5505f78acaa568dd16d8e433f0e97ab"
"1.0","feature_rich","wc2002","wc2002_030",TRUE,TRUE,TRUE,2001-12-31,2002-06-10,"","dbcf24c9f86f48423588ed254bdb08b4eb8663c31d50135a35aac5648ce87c73","1f97aae25b451b487872acbec081b19f16f85159628e9b3ae8b8a1228cdea265","cdcc4eaa9ecaf383e30d71f7cdcaab0f7e3e6d0296739b4e6eb9399407eef12a","0acaebf3bd8a2b46217e8a97487986273021f9cca26981640c875831736b63c4","8b4deab3c271a646e04a80d407c9ae1bd89d5677104e4ab97f32431229de7b39"
"1.0","feature_rich","wc2002","wc2002_031",TRUE,TRUE,TRUE,2001-12-31,2002-06-10,"","dbcf24c9f86f48423588ed254bdb08b4eb8663c31d50135a35aac5648ce87c73","1f97aae25b451b487872acbec081b19f16f85159628e9b3ae8b8a1228cdea265","cdcc4eaa9ecaf383e30d71f7cdcaab0f7e3e6d0296739b4e6eb9399407eef12a","1b7b8b7fc4acee5ba060ab761ab780af7191d3d5bf90380160f66f3d4aefd98c","5a9f63feb073b69d551ebda09e117e2d8e802f55dffea771937d99347434af76"
"1.0","feature_rich","wc2002","wc2002_032",TRUE,TRUE,TRUE,2001-12-31,2002-06-10,"","dbcf24c9f86f48423588ed254bdb08b4eb8663c31d50135a35aac5648ce87c73","1f97aae25b451b487872acbec081b19f16f85159628e9b3ae8b8a1228cdea265","cdcc4eaa9ecaf383e30d71f7cdcaab0f7e3e6d0296739b4e6eb9399407eef12a","6f860028548c49b6ee808b193088e8a71f20adc15b2cd0001e248742d5b79e41","0a49c0c47f97782c989ddce7ebb698a69af6eeb2535e2cd1512abbeca986b352"
"1.0","feature_rich","wc2002","wc2002_033",TRUE,TRUE,TRUE,2001-12-31,2002-06-11,"","dbcf24c9f86f48423588ed254bdb08b4eb8663c31d50135a35aac5648ce87c73","1f97aae25b451b487872acbec081b19f16f85159628e9b3ae8b8a1228cdea265","cdcc4eaa9ecaf383e30d71f7cdcaab0f7e3e6d0296739b4e6eb9399407eef12a","03e8f23b5e7e2e94156c4bca315470a8f3eaaec7dab860bf687fe317211c330d","33bb6988dedc706739a9ceecbdde8b0bc8e45e2b5224224d63b05da12eeb73ac"
"1.0","feature_rich","wc2002","wc2002_034",TRUE,TRUE,TRUE,2001-12-31,2002-06-11,"","dbcf24c9f86f48423588ed254bdb08b4eb8663c31d50135a35aac5648ce87c73","1f97aae25b451b487872acbec081b19f16f85159628e9b3ae8b8a1228cdea265","cdcc4eaa9ecaf383e30d71f7cdcaab0f7e3e6d0296739b4e6eb9399407eef12a","e4b38f5292c0c870937d3aeb85bf4e37aa9602c34ccdf92fe5469f117f940e31","1ad2c57b18c7aa6382ae4652593a6215ad3cfbb4efe14c7506b1de7b8e0dbec1"
"1.0","feature_rich","wc2002","wc2002_035",FALSE,FALSE,TRUE,2001-12-31,2002-06-11,"missing_point_in_time_required_transfermarkt_snapshot","dbcf24c9f86f48423588ed254bdb08b4eb8663c31d50135a35aac5648ce87c73","1f97aae25b451b487872acbec081b19f16f85159628e9b3ae8b8a1228cdea265","cdcc4eaa9ecaf383e30d71f7cdcaab0f7e3e6d0296739b4e6eb9399407eef12a","098b92c54e1ba9dd6f3832718b9a69560a544468fc0a9de82709faaf65104187","93d63ca9ea34aac9177e0621220ecf5b923d341cd6476606b5b8ee6603cd8e64"
"1.0","feature_rich","wc2002","wc2002_036",TRUE,TRUE,TRUE,2001-12-31,2002-06-11,"","dbcf24c9f86f48423588ed254bdb08b4eb8663c31d50135a35aac5648ce87c73","1f97aae25b451b487872acbec081b19f16f85159628e9b3ae8b8a1228cdea265","cdcc4eaa9ecaf383e30d71f7cdcaab0f7e3e6d0296739b4e6eb9399407eef12a","eea2ff864ba3ff58f6f5836ccee549cb9f8b0b107af08ee11d07a76e95c9422f","bf27eefd6983dc4d80a05c611a8442e919c632e218ab9bcd9b84cdd8c888f6b8"
"1.0","feature_rich","wc2002","wc2002_037",TRUE,TRUE,TRUE,2001-12-31,2002-06-12,"","dbcf24c9f86f48423588ed254bdb08b4eb8663c31d50135a35aac5648ce87c73","1f97aae25b451b487872acbec081b19f16f85159628e9b3ae8b8a1228cdea265","cdcc4eaa9ecaf383e30d71f7cdcaab0f7e3e6d0296739b4e6eb9399407eef12a","67f15896d049e675b258854085b41e112475538af9a2c573d05e3b8c7d7d65b6","ec4ea32c645e135898c148597860e06115adf3e4c540938a61d542b3f7cb4d3d"
"1.0","feature_rich","wc2002","wc2002_038",TRUE,TRUE,TRUE,2001-12-31,2002-06-12,"","dbcf24c9f86f48423588ed254bdb08b4eb8663c31d50135a35aac5648ce87c73","1f97aae25b451b487872acbec081b19f16f85159628e9b3ae8b8a1228cdea265","cdcc4eaa9ecaf383e30d71f7cdcaab0f7e3e6d0296739b4e6eb9399407eef12a","a355d6a8f85cbc66e2ccb402a7c69b2149e1c7a9edf328ea90f8233db4fcbd5d","58d8425e08d4fa24536f37c8fd8ee8365c4ee37a281bba091e952afc003a05bd"
"1.0","feature_rich","wc2002","wc2002_039",TRUE,TRUE,TRUE,2001-12-31,2002-06-12,"","dbcf24c9f86f48423588ed254bdb08b4eb8663c31d50135a35aac5648ce87c73","1f97aae25b451b487872acbec081b19f16f85159628e9b3ae8b8a1228cdea265","cdcc4eaa9ecaf383e30d71f7cdcaab0f7e3e6d0296739b4e6eb9399407eef12a","1fce3504a5de27460d9005954a2b055cd8825aa7a6a5a591f45be1112a8744c0","3aba13a5f8c68a39718f7453d73b3cafdec498f063dcd7e309a2c886fae507fc"
"1.0","feature_rich","wc2002","wc2002_040",TRUE,TRUE,TRUE,2001-12-31,2002-06-12,"","dbcf24c9f86f48423588ed254bdb08b4eb8663c31d50135a35aac5648ce87c73","1f97aae25b451b487872acbec081b19f16f85159628e9b3ae8b8a1228cdea265","cdcc4eaa9ecaf383e30d71f7cdcaab0f7e3e6d0296739b4e6eb9399407eef12a","0a0c463b0ea84bd797b6ae5150a1bdb8c569f42b9e71b85d6ac4e44d23bfe970","779deb2c25d932b65b71f2f07a203581beb58bb62ce8cbb22d857f9d4043133e"
"1.0","feature_rich","wc2002","wc2002_041",TRUE,TRUE,TRUE,2001-12-31,2002-06-13,"","dbcf24c9f86f48423588ed254bdb08b4eb8663c31d50135a35aac5648ce87c73","1f97aae25b451b487872acbec081b19f16f85159628e9b3ae8b8a1228cdea265","cdcc4eaa9ecaf383e30d71f7cdcaab0f7e3e6d0296739b4e6eb9399407eef12a","3d9fffba116712f3229d076f342998992d221b6aba809bcf04ab91128a52f96f","3673bdccef06ed1c6f0bef241a79d5f10e48e150f59b8d894736d654fce49ffb"
"1.0","feature_rich","wc2002","wc2002_042",TRUE,TRUE,TRUE,2001-12-31,2002-06-13,"","dbcf24c9f86f48423588ed254bdb08b4eb8663c31d50135a35aac5648ce87c73","1f97aae25b451b487872acbec081b19f16f85159628e9b3ae8b8a1228cdea265","cdcc4eaa9ecaf383e30d71f7cdcaab0f7e3e6d0296739b4e6eb9399407eef12a","73e2c59aa0e27f487aaf44a8a6f5fe327c8f1a720f15b7c1bc096d7878513069","1fae2029f95bcd74b4e345a8ce870e5f892117e469a86e5f2df1d93ddaa31171"
"1.0","feature_rich","wc2002","wc2002_043",TRUE,TRUE,TRUE,2001-12-31,2002-06-13,"","dbcf24c9f86f48423588ed254bdb08b4eb8663c31d50135a35aac5648ce87c73","1f97aae25b451b487872acbec081b19f16f85159628e9b3ae8b8a1228cdea265","cdcc4eaa9ecaf383e30d71f7cdcaab0f7e3e6d0296739b4e6eb9399407eef12a","04a833073c026b33899b57b372c1a0e1bc675c94ab29fc0d916dd9e6fe5bb892","d07461bcbd30c8da92268618ff3b0b5fba17318c24f4d5047df6ae5d7356ec91"
"1.0","feature_rich","wc2002","wc2002_044",TRUE,TRUE,TRUE,2001-12-31,2002-06-13,"","dbcf24c9f86f48423588ed254bdb08b4eb8663c31d50135a35aac5648ce87c73","1f97aae25b451b487872acbec081b19f16f85159628e9b3ae8b8a1228cdea265","cdcc4eaa9ecaf383e30d71f7cdcaab0f7e3e6d0296739b4e6eb9399407eef12a","4b7401d2f4f3d7e33d3471b7cee11b83bb1b623f63a5e727dfffbcdf38a73807","7a67540cb00d21829b1d64f26e4999334dd459021b6459699e228565e724486f"
"1.0","feature_rich","wc2002","wc2002_045",TRUE,TRUE,TRUE,2001-12-31,2002-06-14,"","dbcf24c9f86f48423588ed254bdb08b4eb8663c31d50135a35aac5648ce87c73","1f97aae25b451b487872acbec081b19f16f85159628e9b3ae8b8a1228cdea265","cdcc4eaa9ecaf383e30d71f7cdcaab0f7e3e6d0296739b4e6eb9399407eef12a","0179aacf32b5148b07fe3385484cfb1a49b3f2a59d679d6cc3fbfedfb704dabb","631c809bafd48c65016fbf799750ee7e2c935d21f14a6fc3d81e69eeeaa923a9"
"1.0","feature_rich","wc2002","wc2002_046",TRUE,TRUE,TRUE,2001-12-31,2002-06-14,"","dbcf24c9f86f48423588ed254bdb08b4eb8663c31d50135a35aac5648ce87c73","1f97aae25b451b487872acbec081b19f16f85159628e9b3ae8b8a1228cdea265","cdcc4eaa9ecaf383e30d71f7cdcaab0f7e3e6d0296739b4e6eb9399407eef12a","7ad9f24b69c5e7346b323a8ca2864cb7638e2243e257379d3b29a15d872b14f9","913127e7a190b3948e70b50894a2824670f2cf89f7b72617c35825e7d04986fa"
"1.0","feature_rich","wc2002","wc2002_047",TRUE,TRUE,TRUE,2001-12-31,2002-06-14,"","dbcf24c9f86f48423588ed254bdb08b4eb8663c31d50135a35aac5648ce87c73","1f97aae25b451b487872acbec081b19f16f85159628e9b3ae8b8a1228cdea265","cdcc4eaa9ecaf383e30d71f7cdcaab0f7e3e6d0296739b4e6eb9399407eef12a","2627eca744a273bee0827767b6044c8aa2f4fd8fbd84a6ba835c089f5e63f7d0","8c200261f52321040991c21cb80b99f61fbdd36b994b15ca61e7a0cada66d8dd"
"1.0","feature_rich","wc2002","wc2002_048",TRUE,TRUE,TRUE,2001-12-31,2002-06-14,"","dbcf24c9f86f48423588ed254bdb08b4eb8663c31d50135a35aac5648ce87c73","1f97aae25b451b487872acbec081b19f16f85159628e9b3ae8b8a1228cdea265","cdcc4eaa9ecaf383e30d71f7cdcaab0f7e3e6d0296739b4e6eb9399407eef12a","461f3c457ff98e68684f562b4319bd9f1383eb10e566401617fd47bd5a353beb","39daa6597fd101d7f5525caad345eeaf32c170341cc574564d69f411b1d0ee6f"
"1.0","feature_rich","wc2002","wc2002_049",TRUE,TRUE,TRUE,2001-12-31,2002-06-15,"","dbcf24c9f86f48423588ed254bdb08b4eb8663c31d50135a35aac5648ce87c73","1f97aae25b451b487872acbec081b19f16f85159628e9b3ae8b8a1228cdea265","cdcc4eaa9ecaf383e30d71f7cdcaab0f7e3e6d0296739b4e6eb9399407eef12a","bfb0cfe4665b5b81ddfc72003cbb076463948c4bfd34d9cf1b22e776be359f97","59280270b92730ffab4aaa8f4d14fd5a2e2d84b7c0c998388737cb40562d69cb"
"1.0","feature_rich","wc2002","wc2002_050",TRUE,TRUE,TRUE,2001-12-31,2002-06-15,"","dbcf24c9f86f48423588ed254bdb08b4eb8663c31d50135a35aac5648ce87c73","1f97aae25b451b487872acbec081b19f16f85159628e9b3ae8b8a1228cdea265","cdcc4eaa9ecaf383e30d71f7cdcaab0f7e3e6d0296739b4e6eb9399407eef12a","11d0c7147f64d5c6773c0a5c5ee6732232e4c96f5efafb5d7d3f87f722bf53bd","482488de37d78a19a4a9a0c8606bca70976eaa49303b71c3febecb3ba35831c4"
"1.0","feature_rich","wc2002","wc2002_051",FALSE,FALSE,TRUE,2001-12-31,2002-06-16,"missing_point_in_time_required_transfermarkt_snapshot","dbcf24c9f86f48423588ed254bdb08b4eb8663c31d50135a35aac5648ce87c73","1f97aae25b451b487872acbec081b19f16f85159628e9b3ae8b8a1228cdea265","cdcc4eaa9ecaf383e30d71f7cdcaab0f7e3e6d0296739b4e6eb9399407eef12a","765593106182802cb7960a91aaa5dae75444d7bd9a921536f26daec3df4e08c1","4565f8f467a6160d5968745ecf59f93a27b80ed2882fe225ba0b4b37c28791d1"
"1.0","feature_rich","wc2002","wc2002_052",TRUE,TRUE,TRUE,2001-12-31,2002-06-16,"","dbcf24c9f86f48423588ed254bdb08b4eb8663c31d50135a35aac5648ce87c73","1f97aae25b451b487872acbec081b19f16f85159628e9b3ae8b8a1228cdea265","cdcc4eaa9ecaf383e30d71f7cdcaab0f7e3e6d0296739b4e6eb9399407eef12a","bc8ee7b41a90a2006e94f02cfec1f9523dbdfd8cd6991a33157659e9e9392ba9","40b036e4508fcd87171f0c34c340536762c45cd99f935eef94aa5caeba7b4bc6"
"1.0","feature_rich","wc2002","wc2002_053",TRUE,TRUE,TRUE,2001-12-31,2002-06-17,"","dbcf24c9f86f48423588ed254bdb08b4eb8663c31d50135a35aac5648ce87c73","1f97aae25b451b487872acbec081b19f16f85159628e9b3ae8b8a1228cdea265","cdcc4eaa9ecaf383e30d71f7cdcaab0f7e3e6d0296739b4e6eb9399407eef12a","81eceaaa6c3253fbd4061431b7566a348cf42b7f49a0a27e2d1a986bcd357332","2a992396cf2923d1e78badfef75d5fbfc3c7f421fd4556df674b8c2dd5797033"
"1.0","feature_rich","wc2002","wc2002_054",TRUE,TRUE,TRUE,2001-12-31,2002-06-17,"","dbcf24c9f86f48423588ed254bdb08b4eb8663c31d50135a35aac5648ce87c73","1f97aae25b451b487872acbec081b19f16f85159628e9b3ae8b8a1228cdea265","cdcc4eaa9ecaf383e30d71f7cdcaab0f7e3e6d0296739b4e6eb9399407eef12a","2457ae2f26d7e424ee0210ca2a46b792153d092e6df3043325905e718e8d204a","bfa9ff603f063e29428a61530aeb0aceaea378f108c7f41cddb0f94e9a82c982"
"1.0","feature_rich","wc2002","wc2002_055",TRUE,TRUE,TRUE,2001-12-31,2002-06-18,"","dbcf24c9f86f48423588ed254bdb08b4eb8663c31d50135a35aac5648ce87c73","1f97aae25b451b487872acbec081b19f16f85159628e9b3ae8b8a1228cdea265","cdcc4eaa9ecaf383e30d71f7cdcaab0f7e3e6d0296739b4e6eb9399407eef12a","ed91bc31d3bd67e68e7a26921501d9e0d50be732ac48ea8ed7a9febd28ba48f4","c757671f184844addc0e3718f370881a1c037d46e4b140a5667320ce8ac2587c"
"1.0","feature_rich","wc2002","wc2002_056",TRUE,TRUE,TRUE,2001-12-31,2002-06-18,"","dbcf24c9f86f48423588ed254bdb08b4eb8663c31d50135a35aac5648ce87c73","1f97aae25b451b487872acbec081b19f16f85159628e9b3ae8b8a1228cdea265","cdcc4eaa9ecaf383e30d71f7cdcaab0f7e3e6d0296739b4e6eb9399407eef12a","8c2d4b1f9c7a94dcfd19ccc3b7989c0f44605609d8b5bc0ed2b3df35ed6a0660","6d74fdc7dd668468e2d636934d7b18e191024258008e447fd3bf32a205d70cf3"
"1.0","feature_rich","wc2002","wc2002_057",TRUE,TRUE,TRUE,2001-12-31,2002-06-21,"","dbcf24c9f86f48423588ed254bdb08b4eb8663c31d50135a35aac5648ce87c73","1f97aae25b451b487872acbec081b19f16f85159628e9b3ae8b8a1228cdea265","cdcc4eaa9ecaf383e30d71f7cdcaab0f7e3e6d0296739b4e6eb9399407eef12a","7b2783f325e534b63068b3b3832b515e9f708d4e29c716c3987d5a6608d216e1","704b54a468f29d00a15f8111a2f0ef0bed20d519f8afe1bd5763d3b98ba083c0"
"1.0","feature_rich","wc2002","wc2002_058",TRUE,TRUE,TRUE,2001-12-31,2002-06-21,"","dbcf24c9f86f48423588ed254bdb08b4eb8663c31d50135a35aac5648ce87c73","1f97aae25b451b487872acbec081b19f16f85159628e9b3ae8b8a1228cdea265","cdcc4eaa9ecaf383e30d71f7cdcaab0f7e3e6d0296739b4e6eb9399407eef12a","e26d8be438b2ec09ab68da3593d24ba04edc067580f08eaaf1bd91714c60c971","e724ba2ce1c3fd5f005a9bb60417304744a00539346366651464dd786f8890d4"
"1.0","feature_rich","wc2002","wc2002_059",TRUE,TRUE,TRUE,2001-12-31,2002-06-22,"","dbcf24c9f86f48423588ed254bdb08b4eb8663c31d50135a35aac5648ce87c73","1f97aae25b451b487872acbec081b19f16f85159628e9b3ae8b8a1228cdea265","cdcc4eaa9ecaf383e30d71f7cdcaab0f7e3e6d0296739b4e6eb9399407eef12a","6574b412c8cdfab98e65a9645a5349c7882ae5a9c97f94ec4da3ff9eafd76c89","1caf374d5f0b5e502ecab218550804d95215b3833fbf052ce59e43c2902518fe"
"1.0","feature_rich","wc2002","wc2002_060",TRUE,TRUE,TRUE,2001-12-31,2002-06-22,"","dbcf24c9f86f48423588ed254bdb08b4eb8663c31d50135a35aac5648ce87c73","1f97aae25b451b487872acbec081b19f16f85159628e9b3ae8b8a1228cdea265","cdcc4eaa9ecaf383e30d71f7cdcaab0f7e3e6d0296739b4e6eb9399407eef12a","93938de3e89d99472fc9bd0962157e522468ab65b48de64ecba1e3c396e45bc9","5136db3619471055cbccdeecfc706f3d7e5b31cb9e47b2066460e3f53858d391"
"1.0","feature_rich","wc2002","wc2002_061",TRUE,TRUE,TRUE,2001-12-31,2002-06-25,"","dbcf24c9f86f48423588ed254bdb08b4eb8663c31d50135a35aac5648ce87c73","1f97aae25b451b487872acbec081b19f16f85159628e9b3ae8b8a1228cdea265","cdcc4eaa9ecaf383e30d71f7cdcaab0f7e3e6d0296739b4e6eb9399407eef12a","040520ab77939df71c3e398d86c7ffcb5cef2b1a4642e38dfc1f9600bb115c4f","ef1b141c401868d55af569cdda6f348a9ddf5a4f1ec68630919c9a6f081fcdc6"
"1.0","feature_rich","wc2002","wc2002_062",TRUE,TRUE,TRUE,2001-12-31,2002-06-26,"","dbcf24c9f86f48423588ed254bdb08b4eb8663c31d50135a35aac5648ce87c73","1f97aae25b451b487872acbec081b19f16f85159628e9b3ae8b8a1228cdea265","cdcc4eaa9ecaf383e30d71f7cdcaab0f7e3e6d0296739b4e6eb9399407eef12a","ea55cfde13e51c016b7c87677bf53d310cf31fb844f7659a8aeec2ff8f49b17f","8b9d4bae2ac8de752cfd90e91c9b27d9b38309e64fcbc67e9a5f3ef1d4f97f3f"
"1.0","feature_rich","wc2002","wc2002_063",TRUE,TRUE,TRUE,2001-12-31,2002-06-29,"","dbcf24c9f86f48423588ed254bdb08b4eb8663c31d50135a35aac5648ce87c73","1f97aae25b451b487872acbec081b19f16f85159628e9b3ae8b8a1228cdea265","cdcc4eaa9ecaf383e30d71f7cdcaab0f7e3e6d0296739b4e6eb9399407eef12a","1f2fb6d68ed9ea27770f68005a1a3d2d2ddba99df9f4aaa5dd5512d055f3d99b","c3a30d18ef7ace11265b77805e40b6ce70f0ad3bc0f20a3dc767d440f5ecb7d7"
"1.0","feature_rich","wc2002","wc2002_064",TRUE,TRUE,TRUE,2001-12-31,2002-06-30,"","dbcf24c9f86f48423588ed254bdb08b4eb8663c31d50135a35aac5648ce87c73","1f97aae25b451b487872acbec081b19f16f85159628e9b3ae8b8a1228cdea265","cdcc4eaa9ecaf383e30d71f7cdcaab0f7e3e6d0296739b4e6eb9399407eef12a","7e43ee377749bd31ea546f348ac81cf72c9ac26c3f059b9f69b83a492a4c5052","58880a11501d4a163d1397ad95542784d18cc7ca3192b77013b2b3e2265efee5"
"1.0","feature_rich","wc2006","wc2006_001",TRUE,TRUE,TRUE,2005-12-31,2006-06-09,"","dbcf24c9f86f48423588ed254bdb08b4eb8663c31d50135a35aac5648ce87c73","1f97aae25b451b487872acbec081b19f16f85159628e9b3ae8b8a1228cdea265","cdcc4eaa9ecaf383e30d71f7cdcaab0f7e3e6d0296739b4e6eb9399407eef12a","ac46fb25a05aa782ddb2fa9327e7e5dc996fb8d638682091a471d8b5ea0bc2dd","b38ee44047f3d2aa917854db7de22bc345d12370fcefc24981d14d21c01e01f0"
"1.0","feature_rich","wc2006","wc2006_002",TRUE,TRUE,TRUE,2005-12-31,2006-06-09,"","dbcf24c9f86f48423588ed254bdb08b4eb8663c31d50135a35aac5648ce87c73","1f97aae25b451b487872acbec081b19f16f85159628e9b3ae8b8a1228cdea265","cdcc4eaa9ecaf383e30d71f7cdcaab0f7e3e6d0296739b4e6eb9399407eef12a","c6ff988205ff247b6d37a735a58b0458acce36aa0c2a2f25f6570f55a4644ccb","0d67f4bf0b6bb0405ae55809b6c6c96da4fa236f9726d8e74d4f8916b6151d3e"
"1.0","feature_rich","wc2006","wc2006_003",TRUE,TRUE,TRUE,2005-12-31,2006-06-10,"","dbcf24c9f86f48423588ed254bdb08b4eb8663c31d50135a35aac5648ce87c73","1f97aae25b451b487872acbec081b19f16f85159628e9b3ae8b8a1228cdea265","cdcc4eaa9ecaf383e30d71f7cdcaab0f7e3e6d0296739b4e6eb9399407eef12a","679f35ae711f75886170bc78ca3c59286ae0f53e3023535b364c0bb7eef8df7b","e1c83779f3b8c57107ff5c0bc79b784581b9529b427671dc24146cf9f7c23eb9"
"1.0","feature_rich","wc2006","wc2006_004",TRUE,TRUE,TRUE,2005-12-31,2006-06-10,"","dbcf24c9f86f48423588ed254bdb08b4eb8663c31d50135a35aac5648ce87c73","1f97aae25b451b487872acbec081b19f16f85159628e9b3ae8b8a1228cdea265","cdcc4eaa9ecaf383e30d71f7cdcaab0f7e3e6d0296739b4e6eb9399407eef12a","ab9a220faf61051e4d427ec1cdd05ae7f32310712122f0bf6e588370aeab1b6f","72ce8b7b9881fe813328a1afa5bf0d831dce85720cbc385d49847e1e8a784322"
"1.0","feature_rich","wc2006","wc2006_005",TRUE,TRUE,TRUE,2005-12-31,2006-06-10,"","dbcf24c9f86f48423588ed254bdb08b4eb8663c31d50135a35aac5648ce87c73","1f97aae25b451b487872acbec081b19f16f85159628e9b3ae8b8a1228cdea265","cdcc4eaa9ecaf383e30d71f7cdcaab0f7e3e6d0296739b4e6eb9399407eef12a","389357f4b8fc73945fcf2c87c31858dec3158c1528ea0cf74522c75385e3b345","e5ae23502c86428749e796dc10a3d68d480052628845a98ab15085b6f5143f11"
"1.0","feature_rich","wc2006","wc2006_006",TRUE,TRUE,TRUE,2005-12-31,2006-06-11,"","dbcf24c9f86f48423588ed254bdb08b4eb8663c31d50135a35aac5648ce87c73","1f97aae25b451b487872acbec081b19f16f85159628e9b3ae8b8a1228cdea265","cdcc4eaa9ecaf383e30d71f7cdcaab0f7e3e6d0296739b4e6eb9399407eef12a","cd88658923bea457b0409570de2ae79b0b82eb7f2d00a69a977dd9bfd59231ef","c509e49563ae4b745d87b18449dfc31e6258369fd57f5c2111a32c0e0c64965c"
"1.0","feature_rich","wc2006","wc2006_007",TRUE,TRUE,TRUE,2005-12-31,2006-06-11,"","dbcf24c9f86f48423588ed254bdb08b4eb8663c31d50135a35aac5648ce87c73","1f97aae25b451b487872acbec081b19f16f85159628e9b3ae8b8a1228cdea265","cdcc4eaa9ecaf383e30d71f7cdcaab0f7e3e6d0296739b4e6eb9399407eef12a","ed89431e6bdc602ad4b6a7554c3f73a064e236b278ff3b228d98b8643a63711d","cc9fcb553b4d16c49c52bb3fc7a2b8c4180edc5b642ec8f420c47d50e33a173c"
"1.0","feature_rich","wc2006","wc2006_008",TRUE,TRUE,TRUE,2005-12-31,2006-06-11,"","dbcf24c9f86f48423588ed254bdb08b4eb8663c31d50135a35aac5648ce87c73","1f97aae25b451b487872acbec081b19f16f85159628e9b3ae8b8a1228cdea265","cdcc4eaa9ecaf383e30d71f7cdcaab0f7e3e6d0296739b4e6eb9399407eef12a","62390dcf164088f8b8448bf7e740c1957a32203239494fdc289d5176033c1fb0","633830424c8ff9d248f2203c6c577270dae18ef54e888b175d95cac44572c7af"
"1.0","feature_rich","wc2006","wc2006_009",TRUE,TRUE,TRUE,2005-12-31,2006-06-12,"","dbcf24c9f86f48423588ed254bdb08b4eb8663c31d50135a35aac5648ce87c73","1f97aae25b451b487872acbec081b19f16f85159628e9b3ae8b8a1228cdea265","cdcc4eaa9ecaf383e30d71f7cdcaab0f7e3e6d0296739b4e6eb9399407eef12a","f86bd487e0d2e3363e3f3072858ae4d27f276e2db0da1dbdef4d4100de9fa7fd","1de4a5510d408a62fa08136fe663b0e6026308b6b2bdb379d0626e456ebac3f0"
"1.0","feature_rich","wc2006","wc2006_010",TRUE,TRUE,TRUE,2005-12-31,2006-06-12,"","dbcf24c9f86f48423588ed254bdb08b4eb8663c31d50135a35aac5648ce87c73","1f97aae25b451b487872acbec081b19f16f85159628e9b3ae8b8a1228cdea265","cdcc4eaa9ecaf383e30d71f7cdcaab0f7e3e6d0296739b4e6eb9399407eef12a","c9fbd49859ddee014b3729d883c1dc84f9168171bc04d79979a136b5997d57d6","90e84e194bcf456ed29dc11fdd60f39b17ebdfb1f6e6be2bb8354bb70335bb4c"
"1.0","feature_rich","wc2006","wc2006_011",TRUE,TRUE,TRUE,2005-12-31,2006-06-12,"","dbcf24c9f86f48423588ed254bdb08b4eb8663c31d50135a35aac5648ce87c73","1f97aae25b451b487872acbec081b19f16f85159628e9b3ae8b8a1228cdea265","cdcc4eaa9ecaf383e30d71f7cdcaab0f7e3e6d0296739b4e6eb9399407eef12a","96d3ba1d2b53bd662c6d88eb11462900b7471a6fa6a2d7d23cfba1588fa16d06","96bf10ccb46fb18a221b4adc03891bee2f819a5d7a29ed868b79fa524ea58c29"
"1.0","feature_rich","wc2006","wc2006_012",TRUE,TRUE,TRUE,2005-12-31,2006-06-13,"","dbcf24c9f86f48423588ed254bdb08b4eb8663c31d50135a35aac5648ce87c73","1f97aae25b451b487872acbec081b19f16f85159628e9b3ae8b8a1228cdea265","cdcc4eaa9ecaf383e30d71f7cdcaab0f7e3e6d0296739b4e6eb9399407eef12a","39bd43bfffbe8fe224a0a48380a1d139fe812dd1ff90a4915983eb86ee9e69f5","3c21529dffdd660ca47a3fba012229cf022b48110d647d599d31a18ec14b235b"
"1.0","feature_rich","wc2006","wc2006_013",TRUE,TRUE,TRUE,2005-12-31,2006-06-13,"","dbcf24c9f86f48423588ed254bdb08b4eb8663c31d50135a35aac5648ce87c73","1f97aae25b451b487872acbec081b19f16f85159628e9b3ae8b8a1228cdea265","cdcc4eaa9ecaf383e30d71f7cdcaab0f7e3e6d0296739b4e6eb9399407eef12a","5106b67d324169f3238891bcdca2aa857b0d8c3c6511b068af1b263e0a3c5745","88f98040087e674b78fadc6f61c8c6d8d0afe24ae7ffd12d12028d3fe0703c9a"
"1.0","feature_rich","wc2006","wc2006_014",TRUE,TRUE,TRUE,2005-12-31,2006-06-13,"","dbcf24c9f86f48423588ed254bdb08b4eb8663c31d50135a35aac5648ce87c73","1f97aae25b451b487872acbec081b19f16f85159628e9b3ae8b8a1228cdea265","cdcc4eaa9ecaf383e30d71f7cdcaab0f7e3e6d0296739b4e6eb9399407eef12a","d2323e8bea17345c3c26d96fd475fbef9a250f5ce04c0bb92ec9b6472a45f2be","8dcfb20e97195211e96f54fb6eff2e3144fd537678408ed861208e2e4c156fda"
"1.0","feature_rich","wc2006","wc2006_015",TRUE,TRUE,TRUE,2005-12-31,2006-06-14,"","dbcf24c9f86f48423588ed254bdb08b4eb8663c31d50135a35aac5648ce87c73","1f97aae25b451b487872acbec081b19f16f85159628e9b3ae8b8a1228cdea265","cdcc4eaa9ecaf383e30d71f7cdcaab0f7e3e6d0296739b4e6eb9399407eef12a","f8cba49cbe2e535cfe28eea8d8abac38379092098b5ef8035388201e27f8ef1b","187162888e1ecce995415f2705ae88db51bc62325df0a0bc251b0a5e22971a21"
"1.0","feature_rich","wc2006","wc2006_016",TRUE,TRUE,TRUE,2005-12-31,2006-06-14,"","dbcf24c9f86f48423588ed254bdb08b4eb8663c31d50135a35aac5648ce87c73","1f97aae25b451b487872acbec081b19f16f85159628e9b3ae8b8a1228cdea265","cdcc4eaa9ecaf383e30d71f7cdcaab0f7e3e6d0296739b4e6eb9399407eef12a","9fef02edfea5d964eeffcb7ba714dbc19a256a17c73b49adf21e3a1d03c1850c","61b0e27cd1b1529b1a8f1886ccbf2b4cb190834ea317c987414a8cd7e57c0260"
"1.0","feature_rich","wc2006","wc2006_017",TRUE,TRUE,TRUE,2005-12-31,2006-06-14,"","dbcf24c9f86f48423588ed254bdb08b4eb8663c31d50135a35aac5648ce87c73","1f97aae25b451b487872acbec081b19f16f85159628e9b3ae8b8a1228cdea265","cdcc4eaa9ecaf383e30d71f7cdcaab0f7e3e6d0296739b4e6eb9399407eef12a","ed0246b7b485a86d36708c907a48300be99354e737f6ea02a3919d6fe2614af3","3322a09c9bf73ebfd3d82f25c6ab385f49116c22b6fa330ffd2e8ad02d80497e"
"1.0","feature_rich","wc2006","wc2006_018",TRUE,TRUE,TRUE,2005-12-31,2006-06-15,"","dbcf24c9f86f48423588ed254bdb08b4eb8663c31d50135a35aac5648ce87c73","1f97aae25b451b487872acbec081b19f16f85159628e9b3ae8b8a1228cdea265","cdcc4eaa9ecaf383e30d71f7cdcaab0f7e3e6d0296739b4e6eb9399407eef12a","f014008f8f09681556e21889f04c7644c9bd2ad7a06568ac8ecf25595394e46c","3963795362589b05fee044565511e21a64028bded1fb9e4d18e6420b530668dc"
"1.0","feature_rich","wc2006","wc2006_019",TRUE,TRUE,TRUE,2005-12-31,2006-06-15,"","dbcf24c9f86f48423588ed254bdb08b4eb8663c31d50135a35aac5648ce87c73","1f97aae25b451b487872acbec081b19f16f85159628e9b3ae8b8a1228cdea265","cdcc4eaa9ecaf383e30d71f7cdcaab0f7e3e6d0296739b4e6eb9399407eef12a","7a6e293d7f5368b403c6cfb298e6a3f54240e5b06076a848e01b2f3947c9a4dc","e6a0acf989f73c93f4a6ec6ecf70e4091430b8816252a2f4b428d3daff468a85"
"1.0","feature_rich","wc2006","wc2006_020",TRUE,TRUE,TRUE,2005-12-31,2006-06-15,"","dbcf24c9f86f48423588ed254bdb08b4eb8663c31d50135a35aac5648ce87c73","1f97aae25b451b487872acbec081b19f16f85159628e9b3ae8b8a1228cdea265","cdcc4eaa9ecaf383e30d71f7cdcaab0f7e3e6d0296739b4e6eb9399407eef12a","00ef38438500e7362bc4069a6f3f88b4e6b04691cca41a48d3dab2a211186e07","d927f15feac6621cd456337db20c168411190ceef66ed76c0efffa105b35a87c"
"1.0","feature_rich","wc2006","wc2006_021",TRUE,TRUE,TRUE,2005-12-31,2006-06-16,"","dbcf24c9f86f48423588ed254bdb08b4eb8663c31d50135a35aac5648ce87c73","1f97aae25b451b487872acbec081b19f16f85159628e9b3ae8b8a1228cdea265","cdcc4eaa9ecaf383e30d71f7cdcaab0f7e3e6d0296739b4e6eb9399407eef12a","befbf5dbeb8b839cf773dec1832cd98d59aa8234e6053ed3a2c7b0c84fcb1401","9cb975a2c10acd4051b0fcdffebe7d65f8c548be230e897eedd9b172500e6cdc"
"1.0","feature_rich","wc2006","wc2006_022",TRUE,TRUE,TRUE,2005-12-31,2006-06-16,"","dbcf24c9f86f48423588ed254bdb08b4eb8663c31d50135a35aac5648ce87c73","1f97aae25b451b487872acbec081b19f16f85159628e9b3ae8b8a1228cdea265","cdcc4eaa9ecaf383e30d71f7cdcaab0f7e3e6d0296739b4e6eb9399407eef12a","fc0f211af9ca060c19dbf094e2ba134817a4d5f5c1eda6f370425c82cad5c873","c48e3300ede29a60ddd839bf4bfd772a1225a43e217fac6724633994aba80ebb"
"1.0","feature_rich","wc2006","wc2006_023",TRUE,TRUE,TRUE,2005-12-31,2006-06-16,"","dbcf24c9f86f48423588ed254bdb08b4eb8663c31d50135a35aac5648ce87c73","1f97aae25b451b487872acbec081b19f16f85159628e9b3ae8b8a1228cdea265","cdcc4eaa9ecaf383e30d71f7cdcaab0f7e3e6d0296739b4e6eb9399407eef12a","a22703fca4775ad6e6be34bb074f63e77a8deb68eaf3622dc791605dc45a89b2","b3dd2f38ce70be5b12e5d6d66bca27f7fe483632e775493b911686309ed37508"
"1.0","feature_rich","wc2006","wc2006_024",TRUE,TRUE,TRUE,2005-12-31,2006-06-17,"","dbcf24c9f86f48423588ed254bdb08b4eb8663c31d50135a35aac5648ce87c73","1f97aae25b451b487872acbec081b19f16f85159628e9b3ae8b8a1228cdea265","cdcc4eaa9ecaf383e30d71f7cdcaab0f7e3e6d0296739b4e6eb9399407eef12a","469b19fd730c40e352cbba3d1c3da87019ceed5618d5254bb242fa3d54b4af71","9590753fd52e965ae44bd1828a7ed9c3a3dae5dc0d9f42045ac5cee913ed0724"
"1.0","feature_rich","wc2006","wc2006_025",TRUE,TRUE,TRUE,2005-12-31,2006-06-17,"","dbcf24c9f86f48423588ed254bdb08b4eb8663c31d50135a35aac5648ce87c73","1f97aae25b451b487872acbec081b19f16f85159628e9b3ae8b8a1228cdea265","cdcc4eaa9ecaf383e30d71f7cdcaab0f7e3e6d0296739b4e6eb9399407eef12a","83aa4b47404a3994de2aaf95d150065d94c0c09db0868518d01cb427fb557fdb","30a2f083f7cb0c4d5a207b28a44fb59a356e5ed6cd4c0738cd9824181fd45e88"
"1.0","feature_rich","wc2006","wc2006_026",TRUE,TRUE,TRUE,2005-12-31,2006-06-17,"","dbcf24c9f86f48423588ed254bdb08b4eb8663c31d50135a35aac5648ce87c73","1f97aae25b451b487872acbec081b19f16f85159628e9b3ae8b8a1228cdea265","cdcc4eaa9ecaf383e30d71f7cdcaab0f7e3e6d0296739b4e6eb9399407eef12a","692d85b495e1062baf409ea16cbeee270f8589bd27a9d0f78421b06a54854b49","968672975b2d7d2c6557f61c9eef579925168e191f2ed7c6be98820f65ac97e4"
"1.0","feature_rich","wc2006","wc2006_027",TRUE,TRUE,TRUE,2005-12-31,2006-06-18,"","dbcf24c9f86f48423588ed254bdb08b4eb8663c31d50135a35aac5648ce87c73","1f97aae25b451b487872acbec081b19f16f85159628e9b3ae8b8a1228cdea265","cdcc4eaa9ecaf383e30d71f7cdcaab0f7e3e6d0296739b4e6eb9399407eef12a","9bdaca88164c7437eb2d55f2ef4cade75020085719f8faa324908c27bd834e0c","4f772fa6dc65caba952f0307f01bd82239bc978df7e50efdc3dadc5669b5f07d"
"1.0","feature_rich","wc2006","wc2006_028",TRUE,TRUE,TRUE,2005-12-31,2006-06-18,"","dbcf24c9f86f48423588ed254bdb08b4eb8663c31d50135a35aac5648ce87c73","1f97aae25b451b487872acbec081b19f16f85159628e9b3ae8b8a1228cdea265","cdcc4eaa9ecaf383e30d71f7cdcaab0f7e3e6d0296739b4e6eb9399407eef12a","5cbc8e58482bc228deef5430138296ce0a47fab836f38f8e1fe00f53c031c2bf","da69528af015f16186ffc4de506f9bebd7f2ff60e18d4a28f5db9a1d8e0599a0"
"1.0","feature_rich","wc2006","wc2006_029",TRUE,TRUE,TRUE,2005-12-31,2006-06-18,"","dbcf24c9f86f48423588ed254bdb08b4eb8663c31d50135a35aac5648ce87c73","1f97aae25b451b487872acbec081b19f16f85159628e9b3ae8b8a1228cdea265","cdcc4eaa9ecaf383e30d71f7cdcaab0f7e3e6d0296739b4e6eb9399407eef12a","b91f9d095d5123e21b543233e6237eaa1227d0a0640acec6331bf5ec4e736a26","698e33dd00c273d84c60fe2d3e8147c23c03d397a714d43cf568da7941f5157c"
"1.0","feature_rich","wc2006","wc2006_030",TRUE,TRUE,TRUE,2005-12-31,2006-06-19,"","dbcf24c9f86f48423588ed254bdb08b4eb8663c31d50135a35aac5648ce87c73","1f97aae25b451b487872acbec081b19f16f85159628e9b3ae8b8a1228cdea265","cdcc4eaa9ecaf383e30d71f7cdcaab0f7e3e6d0296739b4e6eb9399407eef12a","1e0fff2a1b475b385172cc2ba2e7cdb9a17473139130aa0dbf105f32edc01b48","d542328774680729da917a185c522e0ce1733670732ae5da338a8b947d622c96"
"1.0","feature_rich","wc2006","wc2006_031",TRUE,TRUE,TRUE,2005-12-31,2006-06-19,"","dbcf24c9f86f48423588ed254bdb08b4eb8663c31d50135a35aac5648ce87c73","1f97aae25b451b487872acbec081b19f16f85159628e9b3ae8b8a1228cdea265","cdcc4eaa9ecaf383e30d71f7cdcaab0f7e3e6d0296739b4e6eb9399407eef12a","bc6f8ae758b8670d53a7d7c4a09f1efc962421790c3c56ef19e607ec87a0a878","d2eb594471e81d4e2fa38e39f02f6e366d82b041ec19ecdc6cee6b09ebef601d"
"1.0","feature_rich","wc2006","wc2006_032",TRUE,TRUE,TRUE,2005-12-31,2006-06-19,"","dbcf24c9f86f48423588ed254bdb08b4eb8663c31d50135a35aac5648ce87c73","1f97aae25b451b487872acbec081b19f16f85159628e9b3ae8b8a1228cdea265","cdcc4eaa9ecaf383e30d71f7cdcaab0f7e3e6d0296739b4e6eb9399407eef12a","811b33bf5ce70c6af3499c7ea4fd6eefd9fac2bb5236e90e3b06d0549e13958c","250cf1bc3fa8e209ddc195b6ca10e13093eeb32269f1a90df7d3bd21c704d861"
"1.0","feature_rich","wc2006","wc2006_033",TRUE,TRUE,TRUE,2005-12-31,2006-06-20,"","dbcf24c9f86f48423588ed254bdb08b4eb8663c31d50135a35aac5648ce87c73","1f97aae25b451b487872acbec081b19f16f85159628e9b3ae8b8a1228cdea265","cdcc4eaa9ecaf383e30d71f7cdcaab0f7e3e6d0296739b4e6eb9399407eef12a","5884575c58ebd6852f363a1daaad31d4226be4641ce9baa73ab80f67508d8cff","6e18ea4d8573374bb79593a17b76f70e0ae322e5944387f89c43a88792d94319"
"1.0","feature_rich","wc2006","wc2006_034",TRUE,TRUE,TRUE,2005-12-31,2006-06-20,"","dbcf24c9f86f48423588ed254bdb08b4eb8663c31d50135a35aac5648ce87c73","1f97aae25b451b487872acbec081b19f16f85159628e9b3ae8b8a1228cdea265","cdcc4eaa9ecaf383e30d71f7cdcaab0f7e3e6d0296739b4e6eb9399407eef12a","36814624a8e30fe1272807805d7c50a41244d869823ef278334b674d7b081674","e61ac9a786468edf007e8e47945fe137dfb370dd96982c8d1b7a66d80e222046"
"1.0","feature_rich","wc2006","wc2006_035",TRUE,TRUE,TRUE,2005-12-31,2006-06-20,"","dbcf24c9f86f48423588ed254bdb08b4eb8663c31d50135a35aac5648ce87c73","1f97aae25b451b487872acbec081b19f16f85159628e9b3ae8b8a1228cdea265","cdcc4eaa9ecaf383e30d71f7cdcaab0f7e3e6d0296739b4e6eb9399407eef12a","873a63e41c8cee49ec76a02d784f3424b051f051bb44ccd7ae7c25fcd2713575","abcc3a5accf8fbc0e5d8565da8395b227625b1447dbdbd8fbb3ccc995e073563"
"1.0","feature_rich","wc2006","wc2006_036",TRUE,TRUE,TRUE,2005-12-31,2006-06-20,"","dbcf24c9f86f48423588ed254bdb08b4eb8663c31d50135a35aac5648ce87c73","1f97aae25b451b487872acbec081b19f16f85159628e9b3ae8b8a1228cdea265","cdcc4eaa9ecaf383e30d71f7cdcaab0f7e3e6d0296739b4e6eb9399407eef12a","e738b0a8709fd3b27aafe589e6c84277d6d0bf3d6c31b8cbbe726db744a3548e","ff8b2ff46ee5f1e3a9239e89f2ce63d0c88d288d3ebc9fc9cdb2f290112e34c8"
"1.0","feature_rich","wc2006","wc2006_037",TRUE,TRUE,TRUE,2005-12-31,2006-06-21,"","dbcf24c9f86f48423588ed254bdb08b4eb8663c31d50135a35aac5648ce87c73","1f97aae25b451b487872acbec081b19f16f85159628e9b3ae8b8a1228cdea265","cdcc4eaa9ecaf383e30d71f7cdcaab0f7e3e6d0296739b4e6eb9399407eef12a","45968ce9b604df0b8c626255ae8704eea49fce77148c9fa8538c66e046e7b01b","25ec5c48c01d0407ae0d9eda3f834868595c69423197e60d949a59e8ba5fe5fd"
"1.0","feature_rich","wc2006","wc2006_038",TRUE,TRUE,TRUE,2005-12-31,2006-06-21,"","dbcf24c9f86f48423588ed254bdb08b4eb8663c31d50135a35aac5648ce87c73","1f97aae25b451b487872acbec081b19f16f85159628e9b3ae8b8a1228cdea265","cdcc4eaa9ecaf383e30d71f7cdcaab0f7e3e6d0296739b4e6eb9399407eef12a","ca2740c6630679d755ed5e60216ac156c6d45f3c07a936245030d84b8401ab32","934ca21f9c0b183159f64d7848768e9dcfc2638f5f2ba3229878715fe23d5def"
"1.0","feature_rich","wc2006","wc2006_039",TRUE,TRUE,TRUE,2005-12-31,2006-06-21,"","dbcf24c9f86f48423588ed254bdb08b4eb8663c31d50135a35aac5648ce87c73","1f97aae25b451b487872acbec081b19f16f85159628e9b3ae8b8a1228cdea265","cdcc4eaa9ecaf383e30d71f7cdcaab0f7e3e6d0296739b4e6eb9399407eef12a","c346a95ee19f5d6133917f08886abf124d21fd006219002c445e3ad1a72386d6","87533d0424bc7bba1e154c8cb28a4081ccfc1ab76e5525ef750cf31cb9be6219"
"1.0","feature_rich","wc2006","wc2006_040",TRUE,TRUE,TRUE,2005-12-31,2006-06-21,"","dbcf24c9f86f48423588ed254bdb08b4eb8663c31d50135a35aac5648ce87c73","1f97aae25b451b487872acbec081b19f16f85159628e9b3ae8b8a1228cdea265","cdcc4eaa9ecaf383e30d71f7cdcaab0f7e3e6d0296739b4e6eb9399407eef12a","f33c5ce09c0f1ab461a75b23236e5bfe9a8a8c0bfa183e7a2da66acd9e9fafe1","ba39936c6ca1338447f0af5fe7e8beb8d057a86ce4b86b6c4a8ed0d422d07d78"
"1.0","feature_rich","wc2006","wc2006_041",TRUE,TRUE,TRUE,2005-12-31,2006-06-22,"","dbcf24c9f86f48423588ed254bdb08b4eb8663c31d50135a35aac5648ce87c73","1f97aae25b451b487872acbec081b19f16f85159628e9b3ae8b8a1228cdea265","cdcc4eaa9ecaf383e30d71f7cdcaab0f7e3e6d0296739b4e6eb9399407eef12a","ad1b63a53a4853a8963538a73756ee9b808c4d10786dae06f6b030419af1f6ff","38e0eb4c01cf4bd81df0248d3dd9861660bdad7d7818e8bcd949ff06e860eef5"
"1.0","feature_rich","wc2006","wc2006_042",TRUE,TRUE,TRUE,2005-12-31,2006-06-22,"","dbcf24c9f86f48423588ed254bdb08b4eb8663c31d50135a35aac5648ce87c73","1f97aae25b451b487872acbec081b19f16f85159628e9b3ae8b8a1228cdea265","cdcc4eaa9ecaf383e30d71f7cdcaab0f7e3e6d0296739b4e6eb9399407eef12a","23479eb1db144511aa4b90ee10172169957749df76146660aa07c94593ad0270","0e74dd142cc5e559d012686e86649c566fd5b132c72f468b422139ce86d0ea60"
"1.0","feature_rich","wc2006","wc2006_043",TRUE,TRUE,TRUE,2005-12-31,2006-06-22,"","dbcf24c9f86f48423588ed254bdb08b4eb8663c31d50135a35aac5648ce87c73","1f97aae25b451b487872acbec081b19f16f85159628e9b3ae8b8a1228cdea265","cdcc4eaa9ecaf383e30d71f7cdcaab0f7e3e6d0296739b4e6eb9399407eef12a","fda86321a2ae91fed4a69d76dd4e60777e29ed9987b1d61f5c1fe1ec717c3d7c","4e7f72186fc07819d0a39259cdaa17145b6374ce3309983d18d5013ec49c1f67"
"1.0","feature_rich","wc2006","wc2006_044",TRUE,TRUE,TRUE,2005-12-31,2006-06-22,"","dbcf24c9f86f48423588ed254bdb08b4eb8663c31d50135a35aac5648ce87c73","1f97aae25b451b487872acbec081b19f16f85159628e9b3ae8b8a1228cdea265","cdcc4eaa9ecaf383e30d71f7cdcaab0f7e3e6d0296739b4e6eb9399407eef12a","2b8175b62805ba9f6ab594d53856937c232cb5571cb3e993f5d8bae0603574a9","8258d8d6731269792961df2fb48bace8484e26e4554de5653e0a5cd9679b119a"
"1.0","feature_rich","wc2006","wc2006_045",TRUE,TRUE,TRUE,2005-12-31,2006-06-23,"","dbcf24c9f86f48423588ed254bdb08b4eb8663c31d50135a35aac5648ce87c73","1f97aae25b451b487872acbec081b19f16f85159628e9b3ae8b8a1228cdea265","cdcc4eaa9ecaf383e30d71f7cdcaab0f7e3e6d0296739b4e6eb9399407eef12a","212a55097671029eca09bac64bc74f430945a2461dbb310d71fd8377cbe55c2f","00b12e310bcf5cee80fc0395206806d4396863fcc63d25b61ba8db497768e563"
"1.0","feature_rich","wc2006","wc2006_046",TRUE,TRUE,TRUE,2005-12-31,2006-06-23,"","dbcf24c9f86f48423588ed254bdb08b4eb8663c31d50135a35aac5648ce87c73","1f97aae25b451b487872acbec081b19f16f85159628e9b3ae8b8a1228cdea265","cdcc4eaa9ecaf383e30d71f7cdcaab0f7e3e6d0296739b4e6eb9399407eef12a","cabe75437bbd2aa8d3c5b599c9f15059309016580615d4691cca34a72b6b15f1","d0be21365320b6e6446bf9af649a6caf46f23da3c1262c0ce38826efb2aaa3fc"
"1.0","feature_rich","wc2006","wc2006_047",TRUE,TRUE,TRUE,2005-12-31,2006-06-23,"","dbcf24c9f86f48423588ed254bdb08b4eb8663c31d50135a35aac5648ce87c73","1f97aae25b451b487872acbec081b19f16f85159628e9b3ae8b8a1228cdea265","cdcc4eaa9ecaf383e30d71f7cdcaab0f7e3e6d0296739b4e6eb9399407eef12a","4e3426e44287815d702802b4fb813752edce7a64e668cdaf4145293465516e15","c753bf970c9bb1fa323bf53e183e9be840872d5ded476bfceb6b6c8ee91dde9f"
"1.0","feature_rich","wc2006","wc2006_048",TRUE,TRUE,TRUE,2005-12-31,2006-06-23,"","dbcf24c9f86f48423588ed254bdb08b4eb8663c31d50135a35aac5648ce87c73","1f97aae25b451b487872acbec081b19f16f85159628e9b3ae8b8a1228cdea265","cdcc4eaa9ecaf383e30d71f7cdcaab0f7e3e6d0296739b4e6eb9399407eef12a","daf27d6ce230efbcd66b5270adbde86af01ce016918c8cdac89ae9793d304ea9","75da45089220d1024fc1548e0b0a653adfee65245c11e5571e3da079a4f46242"
"1.0","feature_rich","wc2006","wc2006_049",TRUE,TRUE,TRUE,2005-12-31,2006-06-24,"","dbcf24c9f86f48423588ed254bdb08b4eb8663c31d50135a35aac5648ce87c73","1f97aae25b451b487872acbec081b19f16f85159628e9b3ae8b8a1228cdea265","cdcc4eaa9ecaf383e30d71f7cdcaab0f7e3e6d0296739b4e6eb9399407eef12a","c6f6e9ceb0783119751393bd031ea694665a38701b8725e9846700c6a69dee41","693d26e0a2b37ff9d9e715ff1df8a00384cc38ecfe2549e7b4d4c5aa08a49dac"
"1.0","feature_rich","wc2006","wc2006_050",TRUE,TRUE,TRUE,2005-12-31,2006-06-24,"","dbcf24c9f86f48423588ed254bdb08b4eb8663c31d50135a35aac5648ce87c73","1f97aae25b451b487872acbec081b19f16f85159628e9b3ae8b8a1228cdea265","cdcc4eaa9ecaf383e30d71f7cdcaab0f7e3e6d0296739b4e6eb9399407eef12a","3c4fbdccf9d4e76f9f4b745053b72e72f1fde4026a6175635a26370f4988ee89","b714e08c8ce2197a71c3d8abdf0c3836ae4e50076efc37f2bb0837ae680ef783"
"1.0","feature_rich","wc2006","wc2006_051",TRUE,TRUE,TRUE,2005-12-31,2006-06-25,"","dbcf24c9f86f48423588ed254bdb08b4eb8663c31d50135a35aac5648ce87c73","1f97aae25b451b487872acbec081b19f16f85159628e9b3ae8b8a1228cdea265","cdcc4eaa9ecaf383e30d71f7cdcaab0f7e3e6d0296739b4e6eb9399407eef12a","89623c1c38ba374f4a786317a79cfe718d86ae69840b5e50aa060f565222a411","f522862bc9558cb5fbb6e750b40f5ebf7d07f076c8f20831eafeab7c94641ea7"
"1.0","feature_rich","wc2006","wc2006_052",TRUE,TRUE,TRUE,2005-12-31,2006-06-25,"","dbcf24c9f86f48423588ed254bdb08b4eb8663c31d50135a35aac5648ce87c73","1f97aae25b451b487872acbec081b19f16f85159628e9b3ae8b8a1228cdea265","cdcc4eaa9ecaf383e30d71f7cdcaab0f7e3e6d0296739b4e6eb9399407eef12a","a14257515b55c6c4a8d29e3b7892a6127dd0e7adf99a604554dbbba90a8eae0d","57caad75ff904292e942411742c3a904011cea9f17b1ecd2ece64d2a56915dcf"
"1.0","feature_rich","wc2006","wc2006_053",TRUE,TRUE,TRUE,2005-12-31,2006-06-26,"","dbcf24c9f86f48423588ed254bdb08b4eb8663c31d50135a35aac5648ce87c73","1f97aae25b451b487872acbec081b19f16f85159628e9b3ae8b8a1228cdea265","cdcc4eaa9ecaf383e30d71f7cdcaab0f7e3e6d0296739b4e6eb9399407eef12a","94e7720842c790d2e5764addab252b6ed4e455f5a41a7492d5629a1c85d21874","bb1aa6ec6b973b33d981e5ecdc1bb67fcd2d9f858fe2ad17cd23e49e14cc30fa"
"1.0","feature_rich","wc2006","wc2006_054",TRUE,TRUE,TRUE,2005-12-31,2006-06-26,"","dbcf24c9f86f48423588ed254bdb08b4eb8663c31d50135a35aac5648ce87c73","1f97aae25b451b487872acbec081b19f16f85159628e9b3ae8b8a1228cdea265","cdcc4eaa9ecaf383e30d71f7cdcaab0f7e3e6d0296739b4e6eb9399407eef12a","2c9716dd43d2772292e04efa8ee8b3ece013184df71815b8073446e7f30025d0","831b796cf899b7597c9a83a0197d1ae4e609e2d440d6f62123210b044eb9aa86"
"1.0","feature_rich","wc2006","wc2006_055",TRUE,TRUE,TRUE,2005-12-31,2006-06-27,"","dbcf24c9f86f48423588ed254bdb08b4eb8663c31d50135a35aac5648ce87c73","1f97aae25b451b487872acbec081b19f16f85159628e9b3ae8b8a1228cdea265","cdcc4eaa9ecaf383e30d71f7cdcaab0f7e3e6d0296739b4e6eb9399407eef12a","958bd51fcb1ec1f0c4bcf1fcd1d11a61f04763c2394427bcd8231ede9232bd92","d1deb866a1aec8f813f058a88e94b38ea754d4d117ef53005d5714039c536fae"
"1.0","feature_rich","wc2006","wc2006_056",TRUE,TRUE,TRUE,2005-12-31,2006-06-27,"","dbcf24c9f86f48423588ed254bdb08b4eb8663c31d50135a35aac5648ce87c73","1f97aae25b451b487872acbec081b19f16f85159628e9b3ae8b8a1228cdea265","cdcc4eaa9ecaf383e30d71f7cdcaab0f7e3e6d0296739b4e6eb9399407eef12a","970fa4a28da3a0cfa5e806beb95712c720e9260ec804ac9d2ea3928272227797","69f4e8dee779af109f195452fd128f1e1f21f76dc4ef1b17e77b4b12ce2caf11"
"1.0","feature_rich","wc2006","wc2006_057",TRUE,TRUE,TRUE,2005-12-31,2006-06-30,"","dbcf24c9f86f48423588ed254bdb08b4eb8663c31d50135a35aac5648ce87c73","1f97aae25b451b487872acbec081b19f16f85159628e9b3ae8b8a1228cdea265","cdcc4eaa9ecaf383e30d71f7cdcaab0f7e3e6d0296739b4e6eb9399407eef12a","5e4d0e0040a2c2a040c3f7854bb29cb96e65d8361415064f31ca7451843f9aa3","4dfa1941653ca15b8dbdd66e9668d8292e68745357f6837ffa195f3b13479bb4"
"1.0","feature_rich","wc2006","wc2006_058",TRUE,TRUE,TRUE,2005-12-31,2006-06-30,"","dbcf24c9f86f48423588ed254bdb08b4eb8663c31d50135a35aac5648ce87c73","1f97aae25b451b487872acbec081b19f16f85159628e9b3ae8b8a1228cdea265","cdcc4eaa9ecaf383e30d71f7cdcaab0f7e3e6d0296739b4e6eb9399407eef12a","1f0f7841b7ffc2050a48b3f0fbedd63cc450834ac6218ec8dd9aeb0e0bf64bc5","3aa78ab1c3e9f972e1caec7fb894bc91b441fb5f4444e9d3bf835368a2b97f37"
"1.0","feature_rich","wc2006","wc2006_059",TRUE,TRUE,TRUE,2006-06-30,2006-07-01,"","dbcf24c9f86f48423588ed254bdb08b4eb8663c31d50135a35aac5648ce87c73","1f97aae25b451b487872acbec081b19f16f85159628e9b3ae8b8a1228cdea265","cdcc4eaa9ecaf383e30d71f7cdcaab0f7e3e6d0296739b4e6eb9399407eef12a","4d327ab0416bf5bb47831161eae2be28514cd8757c6a289b017d5437b8387c49","1f47fec7147851d52152311b4625f1b1a23ea44043a9fbf1d3ab0f9fcaefebbc"
"1.0","feature_rich","wc2006","wc2006_060",TRUE,TRUE,TRUE,2006-06-30,2006-07-01,"","dbcf24c9f86f48423588ed254bdb08b4eb8663c31d50135a35aac5648ce87c73","1f97aae25b451b487872acbec081b19f16f85159628e9b3ae8b8a1228cdea265","cdcc4eaa9ecaf383e30d71f7cdcaab0f7e3e6d0296739b4e6eb9399407eef12a","8065761704e67e6f233abe6e3f02ac68b35efd8e176ec2685b489dd691e268e5","67a180104536de116a7de3f0122141042b08c42ecce36ea84e965b95ad001416"
"1.0","feature_rich","wc2006","wc2006_061",TRUE,TRUE,TRUE,2006-06-30,2006-07-04,"","dbcf24c9f86f48423588ed254bdb08b4eb8663c31d50135a35aac5648ce87c73","1f97aae25b451b487872acbec081b19f16f85159628e9b3ae8b8a1228cdea265","cdcc4eaa9ecaf383e30d71f7cdcaab0f7e3e6d0296739b4e6eb9399407eef12a","93df7a960efb3c6a9e9cb2d0bd68841d1b852481aafa38cf69f2d31d2f259496","8dc85cfd06b0f5259c77a1b4b084286fcd065b22c17ade138b6d302cf6bda8fa"
"1.0","feature_rich","wc2006","wc2006_062",TRUE,TRUE,TRUE,2006-06-30,2006-07-05,"","dbcf24c9f86f48423588ed254bdb08b4eb8663c31d50135a35aac5648ce87c73","1f97aae25b451b487872acbec081b19f16f85159628e9b3ae8b8a1228cdea265","cdcc4eaa9ecaf383e30d71f7cdcaab0f7e3e6d0296739b4e6eb9399407eef12a","b99c277b4cfea8ea9a64b3446b1b5971f95a42a971100050aa0aa8579793e748","1f75a380cd8773ab8414ba4ab5de07b08016e067f0b66440fd59667d4d6bff9f"
"1.0","feature_rich","wc2006","wc2006_063",TRUE,TRUE,TRUE,2006-06-30,2006-07-08,"","dbcf24c9f86f48423588ed254bdb08b4eb8663c31d50135a35aac5648ce87c73","1f97aae25b451b487872acbec081b19f16f85159628e9b3ae8b8a1228cdea265","cdcc4eaa9ecaf383e30d71f7cdcaab0f7e3e6d0296739b4e6eb9399407eef12a","09466252027ed1dad41c8fd85f78c8296fddda1decc9eb3da453e4d257103eaf","993a89f8bb3b1219e2964515d40390542f0fff5d22055397fb83c33398b26274"
"1.0","feature_rich","wc2006","wc2006_064",TRUE,TRUE,TRUE,2006-06-30,2006-07-09,"","dbcf24c9f86f48423588ed254bdb08b4eb8663c31d50135a35aac5648ce87c73","1f97aae25b451b487872acbec081b19f16f85159628e9b3ae8b8a1228cdea265","cdcc4eaa9ecaf383e30d71f7cdcaab0f7e3e6d0296739b4e6eb9399407eef12a","934648c0a3daf43191bf1f76655e6d5c5239ce17d3261036537a5f050920dce4","4e7a9554cd37a69877f2e88caf4e8b52b86a3e8dcb2bf20e5463ee3b554e4c67"
"1.0","feature_rich","wc2010","wc2010_001",TRUE,TRUE,TRUE,2009-12-31,2010-06-11,"","dbcf24c9f86f48423588ed254bdb08b4eb8663c31d50135a35aac5648ce87c73","1f97aae25b451b487872acbec081b19f16f85159628e9b3ae8b8a1228cdea265","cdcc4eaa9ecaf383e30d71f7cdcaab0f7e3e6d0296739b4e6eb9399407eef12a","4ce8c1d1b9a7938aa07b9dcaa5ba3b605a6f1ce2a13b5fcbc49cf4488f4896da","889c886c0385f7f51080592622863ed3f065ca87db711a0a74fb4e54dd605101"
"1.0","feature_rich","wc2010","wc2010_002",TRUE,TRUE,TRUE,2009-12-31,2010-06-11,"","dbcf24c9f86f48423588ed254bdb08b4eb8663c31d50135a35aac5648ce87c73","1f97aae25b451b487872acbec081b19f16f85159628e9b3ae8b8a1228cdea265","cdcc4eaa9ecaf383e30d71f7cdcaab0f7e3e6d0296739b4e6eb9399407eef12a","e76ef856c39379c04c7636711c5146822afc13c70afb106a24b542ca9200531e","b8b1250f78f0f62bb0961046a9bbc122625ed70413627448c36ff6d8dbf503fc"
"1.0","feature_rich","wc2010","wc2010_003",TRUE,TRUE,TRUE,2009-12-31,2010-06-12,"","dbcf24c9f86f48423588ed254bdb08b4eb8663c31d50135a35aac5648ce87c73","1f97aae25b451b487872acbec081b19f16f85159628e9b3ae8b8a1228cdea265","cdcc4eaa9ecaf383e30d71f7cdcaab0f7e3e6d0296739b4e6eb9399407eef12a","b210658a71d8f0dd138a503d26a19002a69693d7e9c349987d98fd20c1a2d9eb","c45346ceea174b434d1ff085697b1a6455ec94db921e7e5c2db6c97f1d4b24a8"
"1.0","feature_rich","wc2010","wc2010_004",TRUE,TRUE,TRUE,2009-12-31,2010-06-12,"","dbcf24c9f86f48423588ed254bdb08b4eb8663c31d50135a35aac5648ce87c73","1f97aae25b451b487872acbec081b19f16f85159628e9b3ae8b8a1228cdea265","cdcc4eaa9ecaf383e30d71f7cdcaab0f7e3e6d0296739b4e6eb9399407eef12a","7ddaa325289b147bb95ab62cfc7b0eb76342fb3aa2fefbf08bfcbf3b48104d01","51639c239c5ce2e61c1c250a5196077cf479433182a6063b8480758258e1b099"
"1.0","feature_rich","wc2010","wc2010_005",TRUE,TRUE,TRUE,2009-12-31,2010-06-12,"","dbcf24c9f86f48423588ed254bdb08b4eb8663c31d50135a35aac5648ce87c73","1f97aae25b451b487872acbec081b19f16f85159628e9b3ae8b8a1228cdea265","cdcc4eaa9ecaf383e30d71f7cdcaab0f7e3e6d0296739b4e6eb9399407eef12a","3b2f8c91e8b55bf53f2747abe3e28898d322a2eb7e20ca7bed72af55e46002f0","e68a048d0189c2bd9ae72766e6a5f2163bfbf70e3cfc319c09f34734f00fbcd0"
"1.0","feature_rich","wc2010","wc2010_006",TRUE,TRUE,TRUE,2009-12-31,2010-06-13,"","dbcf24c9f86f48423588ed254bdb08b4eb8663c31d50135a35aac5648ce87c73","1f97aae25b451b487872acbec081b19f16f85159628e9b3ae8b8a1228cdea265","cdcc4eaa9ecaf383e30d71f7cdcaab0f7e3e6d0296739b4e6eb9399407eef12a","acded2b6ecd527108a18de4f5a810699452c873e63e6c76d5c33514f74a34f68","3154ca3491ea57b46a6b0060dd98f5a443f02b01665be554b9550a22826ea54b"
"1.0","feature_rich","wc2010","wc2010_007",TRUE,TRUE,TRUE,2009-12-31,2010-06-13,"","dbcf24c9f86f48423588ed254bdb08b4eb8663c31d50135a35aac5648ce87c73","1f97aae25b451b487872acbec081b19f16f85159628e9b3ae8b8a1228cdea265","cdcc4eaa9ecaf383e30d71f7cdcaab0f7e3e6d0296739b4e6eb9399407eef12a","db3fc1ba1ab454dd2a4864b17a93debc17c593b29f8bb2100f470bae94c0f7f0","d025059d103971696dc66434d4ec61140c0c5746376d4e2b0395ce85c906a9da"
"1.0","feature_rich","wc2010","wc2010_008",TRUE,TRUE,TRUE,2009-12-31,2010-06-13,"","dbcf24c9f86f48423588ed254bdb08b4eb8663c31d50135a35aac5648ce87c73","1f97aae25b451b487872acbec081b19f16f85159628e9b3ae8b8a1228cdea265","cdcc4eaa9ecaf383e30d71f7cdcaab0f7e3e6d0296739b4e6eb9399407eef12a","1cfe4fd5e3e42a693e1bcf8488b1b7df10c4a0ceac4cafa27e56eb6c1e09e6d5","f6ae11ac9c124e6db089a52a9797c8e7246f5786d85af62aa341968ed22f4bb2"
"1.0","feature_rich","wc2010","wc2010_009",TRUE,TRUE,TRUE,2009-12-31,2010-06-14,"","dbcf24c9f86f48423588ed254bdb08b4eb8663c31d50135a35aac5648ce87c73","1f97aae25b451b487872acbec081b19f16f85159628e9b3ae8b8a1228cdea265","cdcc4eaa9ecaf383e30d71f7cdcaab0f7e3e6d0296739b4e6eb9399407eef12a","f90a0385e1d477cd33fe9638fdb9b76b9a6e1958a08aa3e72c333666a8b99efe","559336d23d677696df9765da73fc938d48e07745eccf49b29f8b67d01e0d3bf3"
"1.0","feature_rich","wc2010","wc2010_010",TRUE,TRUE,TRUE,2009-12-31,2010-06-14,"","dbcf24c9f86f48423588ed254bdb08b4eb8663c31d50135a35aac5648ce87c73","1f97aae25b451b487872acbec081b19f16f85159628e9b3ae8b8a1228cdea265","cdcc4eaa9ecaf383e30d71f7cdcaab0f7e3e6d0296739b4e6eb9399407eef12a","76218909b84281f324a90cc234ad067f80ad2cb3220c70624a6962a1b0dfe6f9","162b28e687c7b88a7355df74188d53a7add8671ea2e16f1c3819d97e82d9a1dd"
"1.0","feature_rich","wc2010","wc2010_011",TRUE,TRUE,TRUE,2009-12-31,2010-06-14,"","dbcf24c9f86f48423588ed254bdb08b4eb8663c31d50135a35aac5648ce87c73","1f97aae25b451b487872acbec081b19f16f85159628e9b3ae8b8a1228cdea265","cdcc4eaa9ecaf383e30d71f7cdcaab0f7e3e6d0296739b4e6eb9399407eef12a","398e6359ff7af1956b88a2577ddf26a4db60d6460da73a4aa9fc3cce1c6b97ce","182a5731c89e6285944d6800e4e22c9c92417ca0b05c09ae972148d16a533b8b"
"1.0","feature_rich","wc2010","wc2010_012",FALSE,FALSE,TRUE,2009-12-31,2010-06-15,"missing_point_in_time_required_transfermarkt_snapshot","dbcf24c9f86f48423588ed254bdb08b4eb8663c31d50135a35aac5648ce87c73","1f97aae25b451b487872acbec081b19f16f85159628e9b3ae8b8a1228cdea265","cdcc4eaa9ecaf383e30d71f7cdcaab0f7e3e6d0296739b4e6eb9399407eef12a","5a84162c0b74e3545d2b4f894e6182e0536b3a0db9134c8f9974f97689cefbcf","cc7661ce68dd1385b900ec7213514012e9b22d9ebee89b3b00ec9fb0db07718c"
"1.0","feature_rich","wc2010","wc2010_013",TRUE,TRUE,TRUE,2009-12-31,2010-06-15,"","dbcf24c9f86f48423588ed254bdb08b4eb8663c31d50135a35aac5648ce87c73","1f97aae25b451b487872acbec081b19f16f85159628e9b3ae8b8a1228cdea265","cdcc4eaa9ecaf383e30d71f7cdcaab0f7e3e6d0296739b4e6eb9399407eef12a","51af6f010cdd577ff820062642c965f6ae0c50f73e0c7dbab094907590fe57ab","c755cffa716d5fef60ec21653d8d3ffb9246b801974f4d7a5664e270f4b1d31d"
"1.0","feature_rich","wc2010","wc2010_014",TRUE,TRUE,TRUE,2009-12-31,2010-06-15,"","dbcf24c9f86f48423588ed254bdb08b4eb8663c31d50135a35aac5648ce87c73","1f97aae25b451b487872acbec081b19f16f85159628e9b3ae8b8a1228cdea265","cdcc4eaa9ecaf383e30d71f7cdcaab0f7e3e6d0296739b4e6eb9399407eef12a","62357f19db0126d9500c5e42021d44eca1abb9517d44d564f3f340945d80ff9e","7ed2fd3cd049e804f6f5494e8f9849f6011c603ce430257fb3094e7c80d062a8"
"1.0","feature_rich","wc2010","wc2010_015",TRUE,TRUE,TRUE,2009-12-31,2010-06-16,"","dbcf24c9f86f48423588ed254bdb08b4eb8663c31d50135a35aac5648ce87c73","1f97aae25b451b487872acbec081b19f16f85159628e9b3ae8b8a1228cdea265","cdcc4eaa9ecaf383e30d71f7cdcaab0f7e3e6d0296739b4e6eb9399407eef12a","65df56a2d63337ed6357aa83866da8dbb5d4a01e7b2bb9d0a0cf9ee95d01c536","8e4f4e6bba7cc4bb4bc68076afd4f76a473a7876e6e2a127c008712771737355"
"1.0","feature_rich","wc2010","wc2010_016",TRUE,TRUE,TRUE,2009-12-31,2010-06-16,"","dbcf24c9f86f48423588ed254bdb08b4eb8663c31d50135a35aac5648ce87c73","1f97aae25b451b487872acbec081b19f16f85159628e9b3ae8b8a1228cdea265","cdcc4eaa9ecaf383e30d71f7cdcaab0f7e3e6d0296739b4e6eb9399407eef12a","031fe4285653219e83e25dd38ffaf58920a72e3971ee547a448edfb18e891e64","96110df5b97f1689315a7d698eb8a8394e7eeefdc57bd6a248aff20035fadecb"
"1.0","feature_rich","wc2010","wc2010_017",TRUE,TRUE,TRUE,2009-12-31,2010-06-16,"","dbcf24c9f86f48423588ed254bdb08b4eb8663c31d50135a35aac5648ce87c73","1f97aae25b451b487872acbec081b19f16f85159628e9b3ae8b8a1228cdea265","cdcc4eaa9ecaf383e30d71f7cdcaab0f7e3e6d0296739b4e6eb9399407eef12a","b4f63159d7d0477d169bb292f3cde0770ef05a7c8b93fc368eba8a893eb398cd","296b186e1801f6e9b83d52cd7056a7d944c3df05b3a4c1256a658639aa01e4d3"
"1.0","feature_rich","wc2010","wc2010_018",TRUE,TRUE,TRUE,2009-12-31,2010-06-17,"","dbcf24c9f86f48423588ed254bdb08b4eb8663c31d50135a35aac5648ce87c73","1f97aae25b451b487872acbec081b19f16f85159628e9b3ae8b8a1228cdea265","cdcc4eaa9ecaf383e30d71f7cdcaab0f7e3e6d0296739b4e6eb9399407eef12a","428110df45ff442933deb7750cd6ffbe1d2b87675a678c86369d31da11286c96","75bfd2685f45ae33d80f67698705b0a3656d16f889e8440d6efc7d64dccb1da3"
"1.0","feature_rich","wc2010","wc2010_019",TRUE,TRUE,TRUE,2009-12-31,2010-06-17,"","dbcf24c9f86f48423588ed254bdb08b4eb8663c31d50135a35aac5648ce87c73","1f97aae25b451b487872acbec081b19f16f85159628e9b3ae8b8a1228cdea265","cdcc4eaa9ecaf383e30d71f7cdcaab0f7e3e6d0296739b4e6eb9399407eef12a","240920152d2eefe00c3944b16f5ed16f7bdff8da591e16b26a335a47429e37c7","8c0246886c709c8c7d87339fc3dac9f68bc09ee55d429a8013ba31efcfbd943f"
"1.0","feature_rich","wc2010","wc2010_020",TRUE,TRUE,TRUE,2009-12-31,2010-06-17,"","dbcf24c9f86f48423588ed254bdb08b4eb8663c31d50135a35aac5648ce87c73","1f97aae25b451b487872acbec081b19f16f85159628e9b3ae8b8a1228cdea265","cdcc4eaa9ecaf383e30d71f7cdcaab0f7e3e6d0296739b4e6eb9399407eef12a","16937bbf3c79cd0886563d20bfc8b3e2161d7d69ecf993d440c1b7b3b45d4546","87627b01a45f18e3765b4b855630fc66a27ef926a6585e6a126b8195dd8c79c0"
"1.0","feature_rich","wc2010","wc2010_021",TRUE,TRUE,TRUE,2009-12-31,2010-06-18,"","dbcf24c9f86f48423588ed254bdb08b4eb8663c31d50135a35aac5648ce87c73","1f97aae25b451b487872acbec081b19f16f85159628e9b3ae8b8a1228cdea265","cdcc4eaa9ecaf383e30d71f7cdcaab0f7e3e6d0296739b4e6eb9399407eef12a","265d7fff5b0063a90cd8df75865fbf30d25c6408c1270b734f41f4dc6e28e41f","696c6dbfbf423f7bf80143a54e0c81c494277dbdd6192bd18baadea1c955b217"
"1.0","feature_rich","wc2010","wc2010_022",TRUE,TRUE,TRUE,2009-12-31,2010-06-18,"","dbcf24c9f86f48423588ed254bdb08b4eb8663c31d50135a35aac5648ce87c73","1f97aae25b451b487872acbec081b19f16f85159628e9b3ae8b8a1228cdea265","cdcc4eaa9ecaf383e30d71f7cdcaab0f7e3e6d0296739b4e6eb9399407eef12a","baaa5bd192ce8e7c3f25d49ab2dbd0e4ef4dd355725d343c6662153c3914cc3d","fafbccaa7a0137b6e5f8dd6f3ed307e001a405b522890b93e84ac5fbba24097f"
"1.0","feature_rich","wc2010","wc2010_023",TRUE,TRUE,TRUE,2009-12-31,2010-06-18,"","dbcf24c9f86f48423588ed254bdb08b4eb8663c31d50135a35aac5648ce87c73","1f97aae25b451b487872acbec081b19f16f85159628e9b3ae8b8a1228cdea265","cdcc4eaa9ecaf383e30d71f7cdcaab0f7e3e6d0296739b4e6eb9399407eef12a","a78dc1a657bbc31bf2a6aca10496e7fcc4143a33e52c787b85f10ac187914a82","8ee60892a9f369b9d6e62fb0cf2f005c3e5058de3ba51abf5dd33d7894778d94"
"1.0","feature_rich","wc2010","wc2010_024",TRUE,TRUE,TRUE,2009-12-31,2010-06-19,"","dbcf24c9f86f48423588ed254bdb08b4eb8663c31d50135a35aac5648ce87c73","1f97aae25b451b487872acbec081b19f16f85159628e9b3ae8b8a1228cdea265","cdcc4eaa9ecaf383e30d71f7cdcaab0f7e3e6d0296739b4e6eb9399407eef12a","ee0e2ea6a171b8a28135a306c773564a36a27b5f39d0eb4424e1f9fead86dd61","624077e557150da8847880d2f66a6dc65b3c09d10ac8c12c83ac77440e80b5ff"
"1.0","feature_rich","wc2010","wc2010_025",TRUE,TRUE,TRUE,2009-12-31,2010-06-19,"","dbcf24c9f86f48423588ed254bdb08b4eb8663c31d50135a35aac5648ce87c73","1f97aae25b451b487872acbec081b19f16f85159628e9b3ae8b8a1228cdea265","cdcc4eaa9ecaf383e30d71f7cdcaab0f7e3e6d0296739b4e6eb9399407eef12a","cd82d3060ee7f660793e8ea8464ec7159492bbeb6b67a710410d5690f086afe8","d31e2e77d5209de00e5d0ac5f225541bbcd8dfd1f89aff3d5856cf9e9927b96f"
"1.0","feature_rich","wc2010","wc2010_026",TRUE,TRUE,TRUE,2009-12-31,2010-06-19,"","dbcf24c9f86f48423588ed254bdb08b4eb8663c31d50135a35aac5648ce87c73","1f97aae25b451b487872acbec081b19f16f85159628e9b3ae8b8a1228cdea265","cdcc4eaa9ecaf383e30d71f7cdcaab0f7e3e6d0296739b4e6eb9399407eef12a","baf9afa4967d29e4a4dd5560cc1ff8b76260f5f4c83ec4cbdd200f79ca8415c8","f245b2b6e96c2acde249a724c49f7db5439b30a17845d3e95b9a4dc9746ed85f"
"1.0","feature_rich","wc2010","wc2010_027",TRUE,TRUE,TRUE,2009-12-31,2010-06-20,"","dbcf24c9f86f48423588ed254bdb08b4eb8663c31d50135a35aac5648ce87c73","1f97aae25b451b487872acbec081b19f16f85159628e9b3ae8b8a1228cdea265","cdcc4eaa9ecaf383e30d71f7cdcaab0f7e3e6d0296739b4e6eb9399407eef12a","c0017f8290c38913e472821128186f8a23fe6721509a9fb5af9f1ab5ed9ab399","54e7f65982ae108d9cddb44c55144c76728c8264927f55422a0d4cf7f6e61df5"
"1.0","feature_rich","wc2010","wc2010_028",TRUE,TRUE,TRUE,2009-12-31,2010-06-20,"","dbcf24c9f86f48423588ed254bdb08b4eb8663c31d50135a35aac5648ce87c73","1f97aae25b451b487872acbec081b19f16f85159628e9b3ae8b8a1228cdea265","cdcc4eaa9ecaf383e30d71f7cdcaab0f7e3e6d0296739b4e6eb9399407eef12a","fe6010f30ca65f9f5415d7c4aa3468d99336e7e0ba847d6964274c4ca34fc671","8ea4939c8a8e9d70fce79e9b636ce01f545c868f05ba09bbae902e1a217c5cfd"
"1.0","feature_rich","wc2010","wc2010_029",TRUE,TRUE,TRUE,2009-12-31,2010-06-20,"","dbcf24c9f86f48423588ed254bdb08b4eb8663c31d50135a35aac5648ce87c73","1f97aae25b451b487872acbec081b19f16f85159628e9b3ae8b8a1228cdea265","cdcc4eaa9ecaf383e30d71f7cdcaab0f7e3e6d0296739b4e6eb9399407eef12a","7c9ad89071c2abdae6a30ec333a8309fc235b6f78a1b48612dc830f3637ae3d2","ef0b062528c06c0fa4878056e08d74f817df2c147eef2967fd9ef3aaa93338ac"
"1.0","feature_rich","wc2010","wc2010_030",TRUE,TRUE,TRUE,2009-12-31,2010-06-21,"","dbcf24c9f86f48423588ed254bdb08b4eb8663c31d50135a35aac5648ce87c73","1f97aae25b451b487872acbec081b19f16f85159628e9b3ae8b8a1228cdea265","cdcc4eaa9ecaf383e30d71f7cdcaab0f7e3e6d0296739b4e6eb9399407eef12a","2670f2be5bfc05bc7805e321e132c27d35da1fadc7044978ece01acfa03819d8","50f50effb10c5bd4c0f1c50d8496fb6f06e4906416a6ebdfc72bc7d8b7f2f82f"
"1.0","feature_rich","wc2010","wc2010_031",FALSE,FALSE,TRUE,2009-12-31,2010-06-21,"missing_point_in_time_required_transfermarkt_snapshot","dbcf24c9f86f48423588ed254bdb08b4eb8663c31d50135a35aac5648ce87c73","1f97aae25b451b487872acbec081b19f16f85159628e9b3ae8b8a1228cdea265","cdcc4eaa9ecaf383e30d71f7cdcaab0f7e3e6d0296739b4e6eb9399407eef12a","1e4ce96795d8d44ea2fc5956b1339d449147d4f797517308dd1f20f7592d3942","584371460e1f80f9e1b363c07d4149e7996446e6d18ea93ef073c4bc9b4d5d0b"
"1.0","feature_rich","wc2010","wc2010_032",TRUE,TRUE,TRUE,2009-12-31,2010-06-21,"","dbcf24c9f86f48423588ed254bdb08b4eb8663c31d50135a35aac5648ce87c73","1f97aae25b451b487872acbec081b19f16f85159628e9b3ae8b8a1228cdea265","cdcc4eaa9ecaf383e30d71f7cdcaab0f7e3e6d0296739b4e6eb9399407eef12a","25da73cdb1263d138e9668a4e6f78daed49d24ada0fd164d8c033e46cd34fd85","db0426498ef298aa4d5235527fcca4eef299934e84ffcca7d0d04bd436650643"
"1.0","feature_rich","wc2010","wc2010_033",TRUE,TRUE,TRUE,2009-12-31,2010-06-22,"","dbcf24c9f86f48423588ed254bdb08b4eb8663c31d50135a35aac5648ce87c73","1f97aae25b451b487872acbec081b19f16f85159628e9b3ae8b8a1228cdea265","cdcc4eaa9ecaf383e30d71f7cdcaab0f7e3e6d0296739b4e6eb9399407eef12a","2625d77e0b0cec6c10feeffb95908a4cc45228b9efc01cf88218996df793f1a8","095601f474631ec67c189f893e18d29a7c5f0e8a6425b45151f0ecc27e3c191f"
"1.0","feature_rich","wc2010","wc2010_034",TRUE,TRUE,TRUE,2009-12-31,2010-06-22,"","dbcf24c9f86f48423588ed254bdb08b4eb8663c31d50135a35aac5648ce87c73","1f97aae25b451b487872acbec081b19f16f85159628e9b3ae8b8a1228cdea265","cdcc4eaa9ecaf383e30d71f7cdcaab0f7e3e6d0296739b4e6eb9399407eef12a","f0f0686fe9e8ea4f055bb5c9c801d924331bfd94ad1bb39e24d3344967f440f6","299dabb4c3358134cfdc639c53baf65056627ca369e5fc6cbd217753c35ece39"
"1.0","feature_rich","wc2010","wc2010_035",TRUE,TRUE,TRUE,2009-12-31,2010-06-22,"","dbcf24c9f86f48423588ed254bdb08b4eb8663c31d50135a35aac5648ce87c73","1f97aae25b451b487872acbec081b19f16f85159628e9b3ae8b8a1228cdea265","cdcc4eaa9ecaf383e30d71f7cdcaab0f7e3e6d0296739b4e6eb9399407eef12a","8c60f8591c4c03e2ea7f1e5e72d7d4a84677049d4f1cf2f40ad6d66d8ca56d5a","041fa2f1ca9da88a7e8dba0cf7b143e61cbe069bfd7b119c21813c2ab55a5323"
"1.0","feature_rich","wc2010","wc2010_036",TRUE,TRUE,TRUE,2009-12-31,2010-06-22,"","dbcf24c9f86f48423588ed254bdb08b4eb8663c31d50135a35aac5648ce87c73","1f97aae25b451b487872acbec081b19f16f85159628e9b3ae8b8a1228cdea265","cdcc4eaa9ecaf383e30d71f7cdcaab0f7e3e6d0296739b4e6eb9399407eef12a","d2433e111cdcb4554fa6e5df20a9a9d0ae2e8b70254118b9f7ec49f198a18352","bb2c47bd5b52befdf54f8e8cb27a219fab65e5a206a5c2ae446faaa355edfb8d"
"1.0","feature_rich","wc2010","wc2010_037",TRUE,TRUE,TRUE,2009-12-31,2010-06-23,"","dbcf24c9f86f48423588ed254bdb08b4eb8663c31d50135a35aac5648ce87c73","1f97aae25b451b487872acbec081b19f16f85159628e9b3ae8b8a1228cdea265","cdcc4eaa9ecaf383e30d71f7cdcaab0f7e3e6d0296739b4e6eb9399407eef12a","02ea8a6e3d1098ebe1d39c8a8da810b91f2aa07de5524bd1dac4c2bab35d812b","c3c13814819c3a2faef41f95530b8f3af1d5c1a97090bc68cf3304bee3824996"
"1.0","feature_rich","wc2010","wc2010_038",TRUE,TRUE,TRUE,2009-12-31,2010-06-23,"","dbcf24c9f86f48423588ed254bdb08b4eb8663c31d50135a35aac5648ce87c73","1f97aae25b451b487872acbec081b19f16f85159628e9b3ae8b8a1228cdea265","cdcc4eaa9ecaf383e30d71f7cdcaab0f7e3e6d0296739b4e6eb9399407eef12a","9395bcf298491a0f75d3219a8f1d6baa8ab9d6bbc68849f3c7a228796940ee50","c06d1043b74718453e15d92b15958243169792b79cec870a5702147f15520cfe"
"1.0","feature_rich","wc2010","wc2010_039",TRUE,TRUE,TRUE,2009-12-31,2010-06-23,"","dbcf24c9f86f48423588ed254bdb08b4eb8663c31d50135a35aac5648ce87c73","1f97aae25b451b487872acbec081b19f16f85159628e9b3ae8b8a1228cdea265","cdcc4eaa9ecaf383e30d71f7cdcaab0f7e3e6d0296739b4e6eb9399407eef12a","8f6592c4e359c6e01db4997307402abafc9a0e468dddb30da9e9f0784cd7e5d1","e8e594e8c32455ab6668509a00f1f28d581cfaede8015a442d25ccb2283e16fb"
"1.0","feature_rich","wc2010","wc2010_040",TRUE,TRUE,TRUE,2009-12-31,2010-06-23,"","dbcf24c9f86f48423588ed254bdb08b4eb8663c31d50135a35aac5648ce87c73","1f97aae25b451b487872acbec081b19f16f85159628e9b3ae8b8a1228cdea265","cdcc4eaa9ecaf383e30d71f7cdcaab0f7e3e6d0296739b4e6eb9399407eef12a","1b6029e7eec1093a86ccfef1442414fabecd97e9fb8f246ab6c5cd7fa0e577f0","7276040c5ee835726e228f565e5649aaf73115481ba6e1aab20d4f1815536d48"
"1.0","feature_rich","wc2010","wc2010_041",TRUE,TRUE,TRUE,2009-12-31,2010-06-24,"","dbcf24c9f86f48423588ed254bdb08b4eb8663c31d50135a35aac5648ce87c73","1f97aae25b451b487872acbec081b19f16f85159628e9b3ae8b8a1228cdea265","cdcc4eaa9ecaf383e30d71f7cdcaab0f7e3e6d0296739b4e6eb9399407eef12a","f7f9a2e3f100b09bc580c9d182a15d5f1b7628b3e3e2601ba07350ce85f35e18","cb28ce7501ff573f48affebe7f21f6c957d8ebd6636403ceb90533eb57d1a2d9"
"1.0","feature_rich","wc2010","wc2010_042",TRUE,TRUE,TRUE,2009-12-31,2010-06-24,"","dbcf24c9f86f48423588ed254bdb08b4eb8663c31d50135a35aac5648ce87c73","1f97aae25b451b487872acbec081b19f16f85159628e9b3ae8b8a1228cdea265","cdcc4eaa9ecaf383e30d71f7cdcaab0f7e3e6d0296739b4e6eb9399407eef12a","7377cf6a302743773d94d08920ab82b6ff3bef81ed518d98a472098b449542c0","2b37088ebe31460b30b3c895d9a2051aaca77090db5dcee5cf66e4bf88f00faa"
"1.0","feature_rich","wc2010","wc2010_043",TRUE,TRUE,TRUE,2009-12-31,2010-06-24,"","dbcf24c9f86f48423588ed254bdb08b4eb8663c31d50135a35aac5648ce87c73","1f97aae25b451b487872acbec081b19f16f85159628e9b3ae8b8a1228cdea265","cdcc4eaa9ecaf383e30d71f7cdcaab0f7e3e6d0296739b4e6eb9399407eef12a","7f322c459a96126ed45c263d18a1b89ff7bccf8340f6a9066a34f3d21127644c","cd64cf3fe903422c90a3d78b91aa03b71ce88960739406eccc137fd753a92462"
"1.0","feature_rich","wc2010","wc2010_044",TRUE,TRUE,TRUE,2009-12-31,2010-06-24,"","dbcf24c9f86f48423588ed254bdb08b4eb8663c31d50135a35aac5648ce87c73","1f97aae25b451b487872acbec081b19f16f85159628e9b3ae8b8a1228cdea265","cdcc4eaa9ecaf383e30d71f7cdcaab0f7e3e6d0296739b4e6eb9399407eef12a","084cfaeac7c5f409fa108948b5b27e815e38be56e69fb875752ceccf8b46225d","e66110712eff84b2a2e740a7fd44baa9603a152bd55418db699e644c586ac599"
"1.0","feature_rich","wc2010","wc2010_045",TRUE,TRUE,TRUE,2009-12-31,2010-06-25,"","dbcf24c9f86f48423588ed254bdb08b4eb8663c31d50135a35aac5648ce87c73","1f97aae25b451b487872acbec081b19f16f85159628e9b3ae8b8a1228cdea265","cdcc4eaa9ecaf383e30d71f7cdcaab0f7e3e6d0296739b4e6eb9399407eef12a","5720c3c5e4dfed64b7050e53bdcbe7adb598f89375bdce1b1334fbc1df9177f1","70b78c20e0276a064362bb5e7dbd237d5ea71b6c95d8d93f056ac12b8a24ec4e"
"1.0","feature_rich","wc2010","wc2010_046",FALSE,FALSE,TRUE,2009-12-31,2010-06-25,"missing_point_in_time_required_transfermarkt_snapshot","dbcf24c9f86f48423588ed254bdb08b4eb8663c31d50135a35aac5648ce87c73","1f97aae25b451b487872acbec081b19f16f85159628e9b3ae8b8a1228cdea265","cdcc4eaa9ecaf383e30d71f7cdcaab0f7e3e6d0296739b4e6eb9399407eef12a","d45db5a674f57c5b9e67594a7369cf04764537ca9816450fe9584a4a9691b0ea","1c6c6eef57c2839909e243d98dece66a844b9d597c8d5cd8720e56c46df323bc"
"1.0","feature_rich","wc2010","wc2010_047",TRUE,TRUE,TRUE,2009-12-31,2010-06-25,"","dbcf24c9f86f48423588ed254bdb08b4eb8663c31d50135a35aac5648ce87c73","1f97aae25b451b487872acbec081b19f16f85159628e9b3ae8b8a1228cdea265","cdcc4eaa9ecaf383e30d71f7cdcaab0f7e3e6d0296739b4e6eb9399407eef12a","644b6c87c9a008fb936de5fbb96d5c1cab9ace7fe51ecb145b97037c14020a2c","10f0eb3b776a17524cb0818c295214161fae11130660fa7f8585068d83bb7c1a"
"1.0","feature_rich","wc2010","wc2010_048",TRUE,TRUE,TRUE,2009-12-31,2010-06-25,"","dbcf24c9f86f48423588ed254bdb08b4eb8663c31d50135a35aac5648ce87c73","1f97aae25b451b487872acbec081b19f16f85159628e9b3ae8b8a1228cdea265","cdcc4eaa9ecaf383e30d71f7cdcaab0f7e3e6d0296739b4e6eb9399407eef12a","6bbbea214336a9d346ad1bb7abd4a294a6490010e92869cf09b90772f86d94e6","e7feb77c99c60628d29ec05d92a867992263beda0181b909d89b5abf5489838e"
"1.0","feature_rich","wc2010","wc2010_049",TRUE,TRUE,TRUE,2009-12-31,2010-06-26,"","dbcf24c9f86f48423588ed254bdb08b4eb8663c31d50135a35aac5648ce87c73","1f97aae25b451b487872acbec081b19f16f85159628e9b3ae8b8a1228cdea265","cdcc4eaa9ecaf383e30d71f7cdcaab0f7e3e6d0296739b4e6eb9399407eef12a","e640b1e60d7d2eb357849cea81c00e8a2a241de2a5d64d0c826aa302531e6476","24c73b80b0fc4d050b9aa3c3f72b01423e6ba291eff1bdb15c3c4fd5a92f754b"
"1.0","feature_rich","wc2010","wc2010_050",TRUE,TRUE,TRUE,2009-12-31,2010-06-26,"","dbcf24c9f86f48423588ed254bdb08b4eb8663c31d50135a35aac5648ce87c73","1f97aae25b451b487872acbec081b19f16f85159628e9b3ae8b8a1228cdea265","cdcc4eaa9ecaf383e30d71f7cdcaab0f7e3e6d0296739b4e6eb9399407eef12a","ca909d1374512f7567996eda385f6a5401eb25a2141ef569b87b5508e76af38b","9bf43438ac34ef3fa82c5ba36c7264cd521c72fae5bf1d0f6681b809b58c9611"
"1.0","feature_rich","wc2010","wc2010_051",TRUE,TRUE,TRUE,2009-12-31,2010-06-27,"","dbcf24c9f86f48423588ed254bdb08b4eb8663c31d50135a35aac5648ce87c73","1f97aae25b451b487872acbec081b19f16f85159628e9b3ae8b8a1228cdea265","cdcc4eaa9ecaf383e30d71f7cdcaab0f7e3e6d0296739b4e6eb9399407eef12a","9d40229d3fb18a3c942f147ef04d84ded111c9942be8116d196305e96e590077","e253914e83fe80b3f6c8acd19a4524b2406fb11d2990d33aa888b649240e7ec2"
"1.0","feature_rich","wc2010","wc2010_052",TRUE,TRUE,TRUE,2009-12-31,2010-06-27,"","dbcf24c9f86f48423588ed254bdb08b4eb8663c31d50135a35aac5648ce87c73","1f97aae25b451b487872acbec081b19f16f85159628e9b3ae8b8a1228cdea265","cdcc4eaa9ecaf383e30d71f7cdcaab0f7e3e6d0296739b4e6eb9399407eef12a","03c73870a9230a1972c6f377c83c85dda5e2f7c50057af6d59632d9b045eab14","6a2ef5313e8582481e5b0ad1e95a98327bcfbc16c9d5c5334441bea63a8d62d8"
"1.0","feature_rich","wc2010","wc2010_053",TRUE,TRUE,TRUE,2009-12-31,2010-06-28,"","dbcf24c9f86f48423588ed254bdb08b4eb8663c31d50135a35aac5648ce87c73","1f97aae25b451b487872acbec081b19f16f85159628e9b3ae8b8a1228cdea265","cdcc4eaa9ecaf383e30d71f7cdcaab0f7e3e6d0296739b4e6eb9399407eef12a","65ed16971b648973495b55a220300d9196b48b7d12eb85added3c7d57525e515","bf4b6dc5c437e6231fd317e514e6129441bb1583ce29ee47e67d77c66c8b3455"
"1.0","feature_rich","wc2010","wc2010_054",TRUE,TRUE,TRUE,2009-12-31,2010-06-28,"","dbcf24c9f86f48423588ed254bdb08b4eb8663c31d50135a35aac5648ce87c73","1f97aae25b451b487872acbec081b19f16f85159628e9b3ae8b8a1228cdea265","cdcc4eaa9ecaf383e30d71f7cdcaab0f7e3e6d0296739b4e6eb9399407eef12a","313069f9a09e9d0f4986cd4e8ff76b0180d15117099080bc8208c6ff11f2aba6","43681ecdc06bfdf7ef705a2a2479d66892ac7f07e8314e02c3ea76909ecd7cf9"
"1.0","feature_rich","wc2010","wc2010_055",TRUE,TRUE,TRUE,2009-12-31,2010-06-29,"","dbcf24c9f86f48423588ed254bdb08b4eb8663c31d50135a35aac5648ce87c73","1f97aae25b451b487872acbec081b19f16f85159628e9b3ae8b8a1228cdea265","cdcc4eaa9ecaf383e30d71f7cdcaab0f7e3e6d0296739b4e6eb9399407eef12a","337d561c0fafe2c3fa83299fa1d8732bd34148024c75912a65f5e528f03fab46","0778a47d279a7ceba5f09f314fc2e510a3f335b79dedf16fb2bb1c6a7b155d51"
"1.0","feature_rich","wc2010","wc2010_056",TRUE,TRUE,TRUE,2009-12-31,2010-06-29,"","dbcf24c9f86f48423588ed254bdb08b4eb8663c31d50135a35aac5648ce87c73","1f97aae25b451b487872acbec081b19f16f85159628e9b3ae8b8a1228cdea265","cdcc4eaa9ecaf383e30d71f7cdcaab0f7e3e6d0296739b4e6eb9399407eef12a","23cdb26ea00714b324012371bb1b9e2e87e4bee8cd90dd356fbf306f40e810be","af6e77c1827ac8913c37a7b9d9c5840ec8c933736fbb82407ad9f2587769b5d1"
"1.0","feature_rich","wc2010","wc2010_057",TRUE,TRUE,TRUE,2010-06-30,2010-07-02,"","dbcf24c9f86f48423588ed254bdb08b4eb8663c31d50135a35aac5648ce87c73","1f97aae25b451b487872acbec081b19f16f85159628e9b3ae8b8a1228cdea265","cdcc4eaa9ecaf383e30d71f7cdcaab0f7e3e6d0296739b4e6eb9399407eef12a","93cf58a40033800ceae162c7886ba8869455d8fd0d2c03baa4cb4924c01a44b2","8cac4079fa8eb507e6c53eae0f8625e37dd1b0f98b6d76a3233867069579c76f"
"1.0","feature_rich","wc2010","wc2010_058",TRUE,TRUE,TRUE,2010-06-30,2010-07-02,"","dbcf24c9f86f48423588ed254bdb08b4eb8663c31d50135a35aac5648ce87c73","1f97aae25b451b487872acbec081b19f16f85159628e9b3ae8b8a1228cdea265","cdcc4eaa9ecaf383e30d71f7cdcaab0f7e3e6d0296739b4e6eb9399407eef12a","54b1ff647a8fc1a01c63580bab2ffb7e6d1007c1d8bb88c543f689cdee2572e8","15881064f6bba8abd1a773dc792a0586294e3511a770d08f9fbb9c43cb67c7e5"
"1.0","feature_rich","wc2010","wc2010_059",TRUE,TRUE,TRUE,2010-06-30,2010-07-03,"","dbcf24c9f86f48423588ed254bdb08b4eb8663c31d50135a35aac5648ce87c73","1f97aae25b451b487872acbec081b19f16f85159628e9b3ae8b8a1228cdea265","cdcc4eaa9ecaf383e30d71f7cdcaab0f7e3e6d0296739b4e6eb9399407eef12a","5eacf2c5b80b95fed1e3d84aa60746bf89a1c57129a08fe9175445a248555fec","19c406842fc0abdef9ae629aecd053586b345e8ae3db9f5fcf3fb864ea382dae"
"1.0","feature_rich","wc2010","wc2010_060",TRUE,TRUE,TRUE,2010-06-30,2010-07-03,"","dbcf24c9f86f48423588ed254bdb08b4eb8663c31d50135a35aac5648ce87c73","1f97aae25b451b487872acbec081b19f16f85159628e9b3ae8b8a1228cdea265","cdcc4eaa9ecaf383e30d71f7cdcaab0f7e3e6d0296739b4e6eb9399407eef12a","bd5a17734d23bbb62637596f7f7bddb1f4ff8c7bbc75af9e487c35a4bd0575ef","909a3036117a65339b48585ae157dde28218dabfb0381757c3c29d3772c89f7e"
"1.0","feature_rich","wc2010","wc2010_061",TRUE,TRUE,TRUE,2010-06-30,2010-07-06,"","dbcf24c9f86f48423588ed254bdb08b4eb8663c31d50135a35aac5648ce87c73","1f97aae25b451b487872acbec081b19f16f85159628e9b3ae8b8a1228cdea265","cdcc4eaa9ecaf383e30d71f7cdcaab0f7e3e6d0296739b4e6eb9399407eef12a","53c09b2d539c8575bab4db127fb4fdc2d1a1ea85790d58b2ed3a0d5f030d0c16","0f88222e83223725803c34b2efa4c6997891894ff243acb2c8ff59d94d2735ec"
"1.0","feature_rich","wc2010","wc2010_062",TRUE,TRUE,TRUE,2010-06-30,2010-07-07,"","dbcf24c9f86f48423588ed254bdb08b4eb8663c31d50135a35aac5648ce87c73","1f97aae25b451b487872acbec081b19f16f85159628e9b3ae8b8a1228cdea265","cdcc4eaa9ecaf383e30d71f7cdcaab0f7e3e6d0296739b4e6eb9399407eef12a","3d3bdc787f28ad7f4ceedfd049a90df4bee02a350f793cd2b239fce1554f9c92","c10f046bcf3498254b7f5232f7f02cd79aa0fa1444c085be461b5abfddfb3c79"
"1.0","feature_rich","wc2010","wc2010_063",TRUE,TRUE,TRUE,2010-06-30,2010-07-10,"","dbcf24c9f86f48423588ed254bdb08b4eb8663c31d50135a35aac5648ce87c73","1f97aae25b451b487872acbec081b19f16f85159628e9b3ae8b8a1228cdea265","cdcc4eaa9ecaf383e30d71f7cdcaab0f7e3e6d0296739b4e6eb9399407eef12a","72719bff807ddd104ba3360f5b3855107a94c1200932b534d10635b64e03360b","a0938cc4f0be4746274fdfb534748b22a58b36da5e9ca719b6868e095e2cbc52"
"1.0","feature_rich","wc2010","wc2010_064",TRUE,TRUE,TRUE,2010-06-30,2010-07-11,"","dbcf24c9f86f48423588ed254bdb08b4eb8663c31d50135a35aac5648ce87c73","1f97aae25b451b487872acbec081b19f16f85159628e9b3ae8b8a1228cdea265","cdcc4eaa9ecaf383e30d71f7cdcaab0f7e3e6d0296739b4e6eb9399407eef12a","51f36a89d41183290aedf436913c6870709927b638e3a345a538dca70da09cf4","51d7a866ee65d3d74beccafcb268a8e99ef050556432f723f461d2176a7de687"
"1.0","feature_rich","wc2014","wc2014_001",TRUE,TRUE,TRUE,2013-12-31,2014-06-12,"","dbcf24c9f86f48423588ed254bdb08b4eb8663c31d50135a35aac5648ce87c73","1f97aae25b451b487872acbec081b19f16f85159628e9b3ae8b8a1228cdea265","cdcc4eaa9ecaf383e30d71f7cdcaab0f7e3e6d0296739b4e6eb9399407eef12a","baceebcd9214005c8b2fd2ab06d56f80f1535610e7d3881526e59c457c174d32","30c48a9acc3c841d1920b8950058ec554a16416d8401398290bdfae1a9666092"
"1.0","feature_rich","wc2014","wc2014_002",TRUE,TRUE,TRUE,2013-12-31,2014-06-13,"","dbcf24c9f86f48423588ed254bdb08b4eb8663c31d50135a35aac5648ce87c73","1f97aae25b451b487872acbec081b19f16f85159628e9b3ae8b8a1228cdea265","cdcc4eaa9ecaf383e30d71f7cdcaab0f7e3e6d0296739b4e6eb9399407eef12a","b2a03c0d0d5913f6fb9455a68ef89a64b32a599d784566db5d9af6c093dccbdf","53607638f20346239c5a9575c1ed95d561ad881e61e6f0fb65b04cb9a029412b"
"1.0","feature_rich","wc2014","wc2014_003",TRUE,TRUE,TRUE,2013-12-31,2014-06-13,"","dbcf24c9f86f48423588ed254bdb08b4eb8663c31d50135a35aac5648ce87c73","1f97aae25b451b487872acbec081b19f16f85159628e9b3ae8b8a1228cdea265","cdcc4eaa9ecaf383e30d71f7cdcaab0f7e3e6d0296739b4e6eb9399407eef12a","9d738a52982e4a9c22e049f39eaf9f2c99602fed2d1931016e8cb7078996e1c8","691ec311bb8e8b64e49bb42d779771487902a06a5ba47aa9aa75fe0da333769c"
"1.0","feature_rich","wc2014","wc2014_004",TRUE,TRUE,TRUE,2013-12-31,2014-06-13,"","dbcf24c9f86f48423588ed254bdb08b4eb8663c31d50135a35aac5648ce87c73","1f97aae25b451b487872acbec081b19f16f85159628e9b3ae8b8a1228cdea265","cdcc4eaa9ecaf383e30d71f7cdcaab0f7e3e6d0296739b4e6eb9399407eef12a","4745e4e6847b970f5960d6fee4736971e8ecfbceaffb2c78ad332af66610e201","bca65612f17b1991d3c5b12c45a212a6f1504df86cbe7801a82db3b137a46a4b"
"1.0","feature_rich","wc2014","wc2014_005",TRUE,TRUE,TRUE,2013-12-31,2014-06-14,"","dbcf24c9f86f48423588ed254bdb08b4eb8663c31d50135a35aac5648ce87c73","1f97aae25b451b487872acbec081b19f16f85159628e9b3ae8b8a1228cdea265","cdcc4eaa9ecaf383e30d71f7cdcaab0f7e3e6d0296739b4e6eb9399407eef12a","6e021a5c488baf3356e7b7acd76c7d32619936dde73dcdc77ec1ff89003c7699","de184683ae9f9274e6de4fbb23c2f1586633e62d2c0aa244b6c9123817ee1060"
"1.0","feature_rich","wc2014","wc2014_006",TRUE,TRUE,TRUE,2013-12-31,2014-06-14,"","dbcf24c9f86f48423588ed254bdb08b4eb8663c31d50135a35aac5648ce87c73","1f97aae25b451b487872acbec081b19f16f85159628e9b3ae8b8a1228cdea265","cdcc4eaa9ecaf383e30d71f7cdcaab0f7e3e6d0296739b4e6eb9399407eef12a","b8036ce346dbc3371362b8d112ba18bd58f92dbb598d7e0363bd0c640331aab0","8ea103266ed7b31af33d886f7faa731f521dc57f8a02eb170948f671b93e1ca8"
"1.0","feature_rich","wc2014","wc2014_007",TRUE,TRUE,TRUE,2013-12-31,2014-06-14,"","dbcf24c9f86f48423588ed254bdb08b4eb8663c31d50135a35aac5648ce87c73","1f97aae25b451b487872acbec081b19f16f85159628e9b3ae8b8a1228cdea265","cdcc4eaa9ecaf383e30d71f7cdcaab0f7e3e6d0296739b4e6eb9399407eef12a","17f9650137489b8c46468098dea238ce482abae2dcd86a3797c18f31e6aef968","d74640b009f542195d42d8e53aa75c3d4914f8cf18312ebc41f6b1600c30d7d5"
"1.0","feature_rich","wc2014","wc2014_008",TRUE,TRUE,TRUE,2013-12-31,2014-06-14,"","dbcf24c9f86f48423588ed254bdb08b4eb8663c31d50135a35aac5648ce87c73","1f97aae25b451b487872acbec081b19f16f85159628e9b3ae8b8a1228cdea265","cdcc4eaa9ecaf383e30d71f7cdcaab0f7e3e6d0296739b4e6eb9399407eef12a","05fc5174d5053a8dee606afe8ae77ca138af4b5c237ba15e00d7069cdd1c88a9","2e3ffcd6c6481ab1a42455b088c83b2f36df408a6e3a90f1d30b86b445d3d36e"
"1.0","feature_rich","wc2014","wc2014_009",TRUE,TRUE,TRUE,2013-12-31,2014-06-15,"","dbcf24c9f86f48423588ed254bdb08b4eb8663c31d50135a35aac5648ce87c73","1f97aae25b451b487872acbec081b19f16f85159628e9b3ae8b8a1228cdea265","cdcc4eaa9ecaf383e30d71f7cdcaab0f7e3e6d0296739b4e6eb9399407eef12a","8ce00492868f592b3aab1b1d0b8187297ae532fcc025878bc1fa4aedde83ba27","ff4d1ffae84f2ab4ab64472109cff8ca3447a2bb9f823c920f11abeb48f6ddde"
"1.0","feature_rich","wc2014","wc2014_010",TRUE,TRUE,TRUE,2013-12-31,2014-06-15,"","dbcf24c9f86f48423588ed254bdb08b4eb8663c31d50135a35aac5648ce87c73","1f97aae25b451b487872acbec081b19f16f85159628e9b3ae8b8a1228cdea265","cdcc4eaa9ecaf383e30d71f7cdcaab0f7e3e6d0296739b4e6eb9399407eef12a","7ec73b5de6fd625d22d45a8efef92cd6e89747c1d7e8f66e9f0dbb4905994ab7","ace45674830608d50016fcf96a9e36a6d5c9795000b29224e21dd20620949a70"
"1.0","feature_rich","wc2014","wc2014_011",TRUE,TRUE,TRUE,2013-12-31,2014-06-15,"","dbcf24c9f86f48423588ed254bdb08b4eb8663c31d50135a35aac5648ce87c73","1f97aae25b451b487872acbec081b19f16f85159628e9b3ae8b8a1228cdea265","cdcc4eaa9ecaf383e30d71f7cdcaab0f7e3e6d0296739b4e6eb9399407eef12a","b8fe5895ecec7ac1e60ad3acce8d7a33f598c6c6da72149df47390058951fdc7","dde75fbeebdd93209941f78115dcce1cb6b8b88f24bc0dcc3e2235adc932d8a0"
"1.0","feature_rich","wc2014","wc2014_012",TRUE,TRUE,TRUE,2013-12-31,2014-06-16,"","dbcf24c9f86f48423588ed254bdb08b4eb8663c31d50135a35aac5648ce87c73","1f97aae25b451b487872acbec081b19f16f85159628e9b3ae8b8a1228cdea265","cdcc4eaa9ecaf383e30d71f7cdcaab0f7e3e6d0296739b4e6eb9399407eef12a","c76ac7ece3aaad3f0003e1e98049279a37acdb34a12f15c8726083e815f2b4b0","626b8a8e1d86278ad14e2a7e5da062da033d78311c892112acd97b9d07bfd240"
"1.0","feature_rich","wc2014","wc2014_013",TRUE,TRUE,TRUE,2013-12-31,2014-06-16,"","dbcf24c9f86f48423588ed254bdb08b4eb8663c31d50135a35aac5648ce87c73","1f97aae25b451b487872acbec081b19f16f85159628e9b3ae8b8a1228cdea265","cdcc4eaa9ecaf383e30d71f7cdcaab0f7e3e6d0296739b4e6eb9399407eef12a","ab665c9a56dc2e52f12cc1e7051b0b689ef968abd4713d5d36b21677ac34fbb9","1c50e34b23093f820f1b3b33ee4c24953219af24f306c0ac42fd243df7556374"
"1.0","feature_rich","wc2014","wc2014_014",TRUE,TRUE,TRUE,2013-12-31,2014-06-16,"","dbcf24c9f86f48423588ed254bdb08b4eb8663c31d50135a35aac5648ce87c73","1f97aae25b451b487872acbec081b19f16f85159628e9b3ae8b8a1228cdea265","cdcc4eaa9ecaf383e30d71f7cdcaab0f7e3e6d0296739b4e6eb9399407eef12a","c85609210ffacadade4b33f4c5c338c7cd9802ec9bdbd985894415af5fa43564","5108ef146885e3b5229f82a6c345a82d445c82ee7296b071e00d4daee16b986d"
"1.0","feature_rich","wc2014","wc2014_015",TRUE,TRUE,TRUE,2013-12-31,2014-06-17,"","dbcf24c9f86f48423588ed254bdb08b4eb8663c31d50135a35aac5648ce87c73","1f97aae25b451b487872acbec081b19f16f85159628e9b3ae8b8a1228cdea265","cdcc4eaa9ecaf383e30d71f7cdcaab0f7e3e6d0296739b4e6eb9399407eef12a","0f32994e7849c269ba200603d2ff935fded5d434924945668d2a0cb290dba5ea","199be263233042f78911f47bb35006af8f4237eafb24fc27e4b792e67781a096"
"1.0","feature_rich","wc2014","wc2014_016",TRUE,TRUE,TRUE,2013-12-31,2014-06-17,"","dbcf24c9f86f48423588ed254bdb08b4eb8663c31d50135a35aac5648ce87c73","1f97aae25b451b487872acbec081b19f16f85159628e9b3ae8b8a1228cdea265","cdcc4eaa9ecaf383e30d71f7cdcaab0f7e3e6d0296739b4e6eb9399407eef12a","3f1250350245aab4f1a53a414b6938c884fdb6ae1f0fdd1d25072f629bcbf504","0dc0dda59a7e7fd4a9ab6c48818b89e1e8de1c31b3b59500e5fda2054e9ad67c"
"1.0","feature_rich","wc2014","wc2014_017",TRUE,TRUE,TRUE,2013-12-31,2014-06-17,"","dbcf24c9f86f48423588ed254bdb08b4eb8663c31d50135a35aac5648ce87c73","1f97aae25b451b487872acbec081b19f16f85159628e9b3ae8b8a1228cdea265","cdcc4eaa9ecaf383e30d71f7cdcaab0f7e3e6d0296739b4e6eb9399407eef12a","06d38309e00f706744d2c856d4e5f7ebccc0c81c7c7acc5f88ed7d0120944da5","c10953fdd85e1e5b18de3bb2e3a62c46ecc5b09c8eb11e2af644b072edc43dd2"
"1.0","feature_rich","wc2014","wc2014_018",TRUE,TRUE,TRUE,2013-12-31,2014-06-18,"","dbcf24c9f86f48423588ed254bdb08b4eb8663c31d50135a35aac5648ce87c73","1f97aae25b451b487872acbec081b19f16f85159628e9b3ae8b8a1228cdea265","cdcc4eaa9ecaf383e30d71f7cdcaab0f7e3e6d0296739b4e6eb9399407eef12a","7ad6a67fbf0490eaf0aa39635855b3bddb29cc6df90bff4070fb2b27d8671f56","e9e02d59272bfa19d3ee9ef4675386442908ae32833785f60293b4d0b383339e"
"1.0","feature_rich","wc2014","wc2014_019",TRUE,TRUE,TRUE,2013-12-31,2014-06-18,"","dbcf24c9f86f48423588ed254bdb08b4eb8663c31d50135a35aac5648ce87c73","1f97aae25b451b487872acbec081b19f16f85159628e9b3ae8b8a1228cdea265","cdcc4eaa9ecaf383e30d71f7cdcaab0f7e3e6d0296739b4e6eb9399407eef12a","b5c40b1fa6dbf41b4040ad7a0ca3a79ead05050cb1eb3efe16bc4adaeb0ab7e3","c6b14a4e22345796f9bec6357b8e562219bd8dcecf58e95ed4357f8f2b79b8d5"
"1.0","feature_rich","wc2014","wc2014_020",TRUE,TRUE,TRUE,2013-12-31,2014-06-18,"","dbcf24c9f86f48423588ed254bdb08b4eb8663c31d50135a35aac5648ce87c73","1f97aae25b451b487872acbec081b19f16f85159628e9b3ae8b8a1228cdea265","cdcc4eaa9ecaf383e30d71f7cdcaab0f7e3e6d0296739b4e6eb9399407eef12a","61802acd32daf825fd58a635b6c6142de0cd612ccacd97db769a1b715a400d9c","ac69be79f8faaaa10da337c1f59837a5de56249ae72e0d7111a020aa046e1a72"
"1.0","feature_rich","wc2014","wc2014_021",TRUE,TRUE,TRUE,2013-12-31,2014-06-19,"","dbcf24c9f86f48423588ed254bdb08b4eb8663c31d50135a35aac5648ce87c73","1f97aae25b451b487872acbec081b19f16f85159628e9b3ae8b8a1228cdea265","cdcc4eaa9ecaf383e30d71f7cdcaab0f7e3e6d0296739b4e6eb9399407eef12a","967a995773889e02bc48542e3584b695c2c9fcbdf7bfd5d600b674702e286e5c","805bf7fbf92af8579c34bcae877760567d4d1d33d72393e3710d9bd7157ee0e8"
"1.0","feature_rich","wc2014","wc2014_022",TRUE,TRUE,TRUE,2013-12-31,2014-06-19,"","dbcf24c9f86f48423588ed254bdb08b4eb8663c31d50135a35aac5648ce87c73","1f97aae25b451b487872acbec081b19f16f85159628e9b3ae8b8a1228cdea265","cdcc4eaa9ecaf383e30d71f7cdcaab0f7e3e6d0296739b4e6eb9399407eef12a","111a05955bcb15a2efb7308f1fbdcb6d57ac0cba9d8f5ca598267a44ecddf59e","62a44dc01dae59b5205bb32421ef2856a597c293124f2822175c050409c6b221"
"1.0","feature_rich","wc2014","wc2014_023",TRUE,TRUE,TRUE,2013-12-31,2014-06-19,"","dbcf24c9f86f48423588ed254bdb08b4eb8663c31d50135a35aac5648ce87c73","1f97aae25b451b487872acbec081b19f16f85159628e9b3ae8b8a1228cdea265","cdcc4eaa9ecaf383e30d71f7cdcaab0f7e3e6d0296739b4e6eb9399407eef12a","fbe793af91e4bb99168297a389f6e7d85adcde96d63c12a32bff6b5e634752f9","2eed7dc1be6a5bc2ff215c4938a7507fcb8eb6ca2614d3b1679548061d37f65b"
"1.0","feature_rich","wc2014","wc2014_024",TRUE,TRUE,TRUE,2013-12-31,2014-06-20,"","dbcf24c9f86f48423588ed254bdb08b4eb8663c31d50135a35aac5648ce87c73","1f97aae25b451b487872acbec081b19f16f85159628e9b3ae8b8a1228cdea265","cdcc4eaa9ecaf383e30d71f7cdcaab0f7e3e6d0296739b4e6eb9399407eef12a","49ed2bad319d867541ad4de8e02cdaed2779bd3dcc9df15754fb454bb917487b","8221b2b761979e09d39c582a30c7661189edebae8e006e9a37e9ee3bb2ff43d8"
"1.0","feature_rich","wc2014","wc2014_025",TRUE,TRUE,TRUE,2013-12-31,2014-06-20,"","dbcf24c9f86f48423588ed254bdb08b4eb8663c31d50135a35aac5648ce87c73","1f97aae25b451b487872acbec081b19f16f85159628e9b3ae8b8a1228cdea265","cdcc4eaa9ecaf383e30d71f7cdcaab0f7e3e6d0296739b4e6eb9399407eef12a","77f313d37a68e632a18ac7dfb7eeaa6bf48fe5a5561c89715272e8e403b2e64e","3e1e6b593b62558fd9e69c962e552bf122ad32abb48bbf6e35d8adce432fa3c4"
"1.0","feature_rich","wc2014","wc2014_026",TRUE,TRUE,TRUE,2013-12-31,2014-06-20,"","dbcf24c9f86f48423588ed254bdb08b4eb8663c31d50135a35aac5648ce87c73","1f97aae25b451b487872acbec081b19f16f85159628e9b3ae8b8a1228cdea265","cdcc4eaa9ecaf383e30d71f7cdcaab0f7e3e6d0296739b4e6eb9399407eef12a","1d7aed4d86c1de3b9203aacb66b5056c48d8266a1fcbc8c98b9dfd37784460cf","c490500e6e57b2142e8e426cd32502d9ddbb888f9e4eb0e07c95ab678c60665a"
"1.0","feature_rich","wc2014","wc2014_027",TRUE,TRUE,TRUE,2013-12-31,2014-06-21,"","dbcf24c9f86f48423588ed254bdb08b4eb8663c31d50135a35aac5648ce87c73","1f97aae25b451b487872acbec081b19f16f85159628e9b3ae8b8a1228cdea265","cdcc4eaa9ecaf383e30d71f7cdcaab0f7e3e6d0296739b4e6eb9399407eef12a","06aac1184a9e75443bd44e831f742d948ddee050aa4ef6410cc8017851e1856e","afad4f972891d6bec990d3ebe4be10a8570e9f203f3be3893205f225e229bd91"
"1.0","feature_rich","wc2014","wc2014_028",TRUE,TRUE,TRUE,2013-12-31,2014-06-21,"","dbcf24c9f86f48423588ed254bdb08b4eb8663c31d50135a35aac5648ce87c73","1f97aae25b451b487872acbec081b19f16f85159628e9b3ae8b8a1228cdea265","cdcc4eaa9ecaf383e30d71f7cdcaab0f7e3e6d0296739b4e6eb9399407eef12a","50c615d68a94edc7ba7fd9a85f063e879a84e588ac17dd510aec64b9cc311591","06a57f0f90d1e143119f278131dedcb9e6d1243cb19535f22c360a33edda15e7"
"1.0","feature_rich","wc2014","wc2014_029",TRUE,TRUE,TRUE,2013-12-31,2014-06-21,"","dbcf24c9f86f48423588ed254bdb08b4eb8663c31d50135a35aac5648ce87c73","1f97aae25b451b487872acbec081b19f16f85159628e9b3ae8b8a1228cdea265","cdcc4eaa9ecaf383e30d71f7cdcaab0f7e3e6d0296739b4e6eb9399407eef12a","ea284700e9fc0d1a35327e7659d496d39f230322409154ccf314975ad9dd9122","af6ca135a961a41e5f15f70986adf270cbf8aa9dd86aeef9154c2f6fc56127ee"
"1.0","feature_rich","wc2014","wc2014_030",TRUE,TRUE,TRUE,2013-12-31,2014-06-22,"","dbcf24c9f86f48423588ed254bdb08b4eb8663c31d50135a35aac5648ce87c73","1f97aae25b451b487872acbec081b19f16f85159628e9b3ae8b8a1228cdea265","cdcc4eaa9ecaf383e30d71f7cdcaab0f7e3e6d0296739b4e6eb9399407eef12a","62694dffa4717311aa8e069fb6f2b151b6042fb6b5c38fc35bb2fda11e2e4b59","2a7b633083c20b1917f141573621b8daee7f1d8b2f4e6177a8673614cbd22eba"
"1.0","feature_rich","wc2014","wc2014_031",TRUE,TRUE,TRUE,2013-12-31,2014-06-22,"","dbcf24c9f86f48423588ed254bdb08b4eb8663c31d50135a35aac5648ce87c73","1f97aae25b451b487872acbec081b19f16f85159628e9b3ae8b8a1228cdea265","cdcc4eaa9ecaf383e30d71f7cdcaab0f7e3e6d0296739b4e6eb9399407eef12a","674305bb1807a73b6d61f20e5f3e7338c9466d3f902101e6f0405dde128a0e84","d6132a19bbafb60d8b53252770af2627e10600b0e7aeb6fe34409110e3d8029f"
"1.0","feature_rich","wc2014","wc2014_032",TRUE,TRUE,TRUE,2013-12-31,2014-06-22,"","dbcf24c9f86f48423588ed254bdb08b4eb8663c31d50135a35aac5648ce87c73","1f97aae25b451b487872acbec081b19f16f85159628e9b3ae8b8a1228cdea265","cdcc4eaa9ecaf383e30d71f7cdcaab0f7e3e6d0296739b4e6eb9399407eef12a","53ebcd946d606b601b960c7601427a8710f8e22c65308ff622c67fb37280a244","0aecb47a540e0103e9ab36dba9c16b92f6d9fa14e9ede180ae2cf5a215f5d407"
"1.0","feature_rich","wc2014","wc2014_033",TRUE,TRUE,TRUE,2013-12-31,2014-06-23,"","dbcf24c9f86f48423588ed254bdb08b4eb8663c31d50135a35aac5648ce87c73","1f97aae25b451b487872acbec081b19f16f85159628e9b3ae8b8a1228cdea265","cdcc4eaa9ecaf383e30d71f7cdcaab0f7e3e6d0296739b4e6eb9399407eef12a","596d2473e51c7cbe6120db1f8a7745c9162f70a4ac9f626d5594548cfd9a2bef","b3d94886cf9a4880405622658ccc28439b47b7504011a8603297529de9bc63ed"
"1.0","feature_rich","wc2014","wc2014_034",TRUE,TRUE,TRUE,2013-12-31,2014-06-23,"","dbcf24c9f86f48423588ed254bdb08b4eb8663c31d50135a35aac5648ce87c73","1f97aae25b451b487872acbec081b19f16f85159628e9b3ae8b8a1228cdea265","cdcc4eaa9ecaf383e30d71f7cdcaab0f7e3e6d0296739b4e6eb9399407eef12a","9c9715412c093be5c3cfa990dc9442e68bd3d32c9f731dfcbb214e6fcf9e6ec1","a64766cfcc552211054a31bc453f0ed254a323673f284c725bf3e68db813e994"
"1.0","feature_rich","wc2014","wc2014_035",TRUE,TRUE,TRUE,2013-12-31,2014-06-23,"","dbcf24c9f86f48423588ed254bdb08b4eb8663c31d50135a35aac5648ce87c73","1f97aae25b451b487872acbec081b19f16f85159628e9b3ae8b8a1228cdea265","cdcc4eaa9ecaf383e30d71f7cdcaab0f7e3e6d0296739b4e6eb9399407eef12a","0b23abf705ae59dc47745b0bf15288e5259c06b1fd19896cf328a47960405224","195abe7e98aa739a099dec75d144d1f815f5fbcafc50618aed82d8bcbdb54739"
"1.0","feature_rich","wc2014","wc2014_036",TRUE,TRUE,TRUE,2013-12-31,2014-06-23,"","dbcf24c9f86f48423588ed254bdb08b4eb8663c31d50135a35aac5648ce87c73","1f97aae25b451b487872acbec081b19f16f85159628e9b3ae8b8a1228cdea265","cdcc4eaa9ecaf383e30d71f7cdcaab0f7e3e6d0296739b4e6eb9399407eef12a","21241d1e6afe0543a991d83a386fbfdc5f4bbf41f1cf30be39f157ac632cf175","52be31934b12f4881198f83fae88c130f8527ab76b1d749fdf64ce271cd4e01d"
"1.0","feature_rich","wc2014","wc2014_037",TRUE,TRUE,TRUE,2013-12-31,2014-06-24,"","dbcf24c9f86f48423588ed254bdb08b4eb8663c31d50135a35aac5648ce87c73","1f97aae25b451b487872acbec081b19f16f85159628e9b3ae8b8a1228cdea265","cdcc4eaa9ecaf383e30d71f7cdcaab0f7e3e6d0296739b4e6eb9399407eef12a","45206db5c37df94cdcc1854bffe325c6dea36db63fd84b8fa91e8151564c73d4","80337eff300ca4c2196a15d9f5d2041e2107b21676ea3f97c82bbe2a44188598"
"1.0","feature_rich","wc2014","wc2014_038",TRUE,TRUE,TRUE,2013-12-31,2014-06-24,"","dbcf24c9f86f48423588ed254bdb08b4eb8663c31d50135a35aac5648ce87c73","1f97aae25b451b487872acbec081b19f16f85159628e9b3ae8b8a1228cdea265","cdcc4eaa9ecaf383e30d71f7cdcaab0f7e3e6d0296739b4e6eb9399407eef12a","d297f91a92bcd3c254b5fff4149031ee0e5452e114008e1ec777f6577283e696","a05b9569a929d7d852d46c1d7ba5baba5c34852b122b7716fd8943a8641f17f3"
"1.0","feature_rich","wc2014","wc2014_039",TRUE,TRUE,TRUE,2013-12-31,2014-06-24,"","dbcf24c9f86f48423588ed254bdb08b4eb8663c31d50135a35aac5648ce87c73","1f97aae25b451b487872acbec081b19f16f85159628e9b3ae8b8a1228cdea265","cdcc4eaa9ecaf383e30d71f7cdcaab0f7e3e6d0296739b4e6eb9399407eef12a","40c1b371feeac5238739bfd32da630612b15aa7e563cd5ccd71952ee66ee9a6b","5349fbc358491ca3cbe78f3c3de91f42d4a4ad3c0ab62620f58a702e95a0da7e"
"1.0","feature_rich","wc2014","wc2014_040",TRUE,TRUE,TRUE,2013-12-31,2014-06-24,"","dbcf24c9f86f48423588ed254bdb08b4eb8663c31d50135a35aac5648ce87c73","1f97aae25b451b487872acbec081b19f16f85159628e9b3ae8b8a1228cdea265","cdcc4eaa9ecaf383e30d71f7cdcaab0f7e3e6d0296739b4e6eb9399407eef12a","9824d173f4d2df83af1e9cf5032b758dbda1b5c65efe70105619f1564054fbf7","b96eab805b6df9854d8b9b788dec6146096d38d1941fe82abcb9589e78861f33"
"1.0","feature_rich","wc2014","wc2014_041",TRUE,TRUE,TRUE,2013-12-31,2014-06-25,"","dbcf24c9f86f48423588ed254bdb08b4eb8663c31d50135a35aac5648ce87c73","1f97aae25b451b487872acbec081b19f16f85159628e9b3ae8b8a1228cdea265","cdcc4eaa9ecaf383e30d71f7cdcaab0f7e3e6d0296739b4e6eb9399407eef12a","0c824bb8a46db9f0587ad3f8f0d5c246268df61b67e87c5402f1a236567588d1","3ad4f11aeae5ef89ababde4d84e6f14763d0fa5128c53fba37fed57ab18532f3"
"1.0","feature_rich","wc2014","wc2014_042",TRUE,TRUE,TRUE,2013-12-31,2014-06-25,"","dbcf24c9f86f48423588ed254bdb08b4eb8663c31d50135a35aac5648ce87c73","1f97aae25b451b487872acbec081b19f16f85159628e9b3ae8b8a1228cdea265","cdcc4eaa9ecaf383e30d71f7cdcaab0f7e3e6d0296739b4e6eb9399407eef12a","73bb4b6a6b4387f544a92697fc6024c58bdc33617096d53f52ae5eef4337e965","3d7763ef39e15c655f52dc13960f735509a070f437fd62946f9c5de8f165884d"
"1.0","feature_rich","wc2014","wc2014_043",TRUE,TRUE,TRUE,2013-12-31,2014-06-25,"","dbcf24c9f86f48423588ed254bdb08b4eb8663c31d50135a35aac5648ce87c73","1f97aae25b451b487872acbec081b19f16f85159628e9b3ae8b8a1228cdea265","cdcc4eaa9ecaf383e30d71f7cdcaab0f7e3e6d0296739b4e6eb9399407eef12a","365658cc7fffe86ec434136aa37eef8143d2212d8711c8663ae393843263041b","55dfdec6f69c900ea7c01fa8793c704dbed3d39f36578a72722d127819ae0333"
"1.0","feature_rich","wc2014","wc2014_044",TRUE,TRUE,TRUE,2013-12-31,2014-06-25,"","dbcf24c9f86f48423588ed254bdb08b4eb8663c31d50135a35aac5648ce87c73","1f97aae25b451b487872acbec081b19f16f85159628e9b3ae8b8a1228cdea265","cdcc4eaa9ecaf383e30d71f7cdcaab0f7e3e6d0296739b4e6eb9399407eef12a","28288589ffa2f956f12a22b33e40b12ac34bc4c23a7e746c33d2013e462ca1d9","f972e4d7155753e57878a79709004987db9e78cebde1e38ceae410c10bda0359"
"1.0","feature_rich","wc2014","wc2014_045",TRUE,TRUE,TRUE,2013-12-31,2014-06-26,"","dbcf24c9f86f48423588ed254bdb08b4eb8663c31d50135a35aac5648ce87c73","1f97aae25b451b487872acbec081b19f16f85159628e9b3ae8b8a1228cdea265","cdcc4eaa9ecaf383e30d71f7cdcaab0f7e3e6d0296739b4e6eb9399407eef12a","b0a7870545663ce87a13abee3f7c43de904d786e6e65a576a605a45d560cfdaf","8a0dfd114c5a11e4ecf33de62d8859a37fc6ae6a40cb48e4d6667850e335a26c"
"1.0","feature_rich","wc2014","wc2014_046",TRUE,TRUE,TRUE,2013-12-31,2014-06-26,"","dbcf24c9f86f48423588ed254bdb08b4eb8663c31d50135a35aac5648ce87c73","1f97aae25b451b487872acbec081b19f16f85159628e9b3ae8b8a1228cdea265","cdcc4eaa9ecaf383e30d71f7cdcaab0f7e3e6d0296739b4e6eb9399407eef12a","849c13e8113423f8e1f4f576ca90519a201a0f0443dd9dd759c1d0735122be5a","7fe189a27e5050bb16487fb8bf60acb24338c78571eeceb78a51c93daf63f846"
"1.0","feature_rich","wc2014","wc2014_047",TRUE,TRUE,TRUE,2013-12-31,2014-06-26,"","dbcf24c9f86f48423588ed254bdb08b4eb8663c31d50135a35aac5648ce87c73","1f97aae25b451b487872acbec081b19f16f85159628e9b3ae8b8a1228cdea265","cdcc4eaa9ecaf383e30d71f7cdcaab0f7e3e6d0296739b4e6eb9399407eef12a","5e55bdb139fa8c1d930cb75d7dacc15721b4bcdd8b96acf7cdd46755e34cbe22","65cc43d1bad34afb42ca607ebfcd2d15ae5ef39c620058aa6cd0d921f585f66c"
"1.0","feature_rich","wc2014","wc2014_048",TRUE,TRUE,TRUE,2013-12-31,2014-06-26,"","dbcf24c9f86f48423588ed254bdb08b4eb8663c31d50135a35aac5648ce87c73","1f97aae25b451b487872acbec081b19f16f85159628e9b3ae8b8a1228cdea265","cdcc4eaa9ecaf383e30d71f7cdcaab0f7e3e6d0296739b4e6eb9399407eef12a","31d3a04edd18132b47ccfc0f2fa4c66410e7e32d252ebe251ca4edb299c05095","3bb24f1ce5c002b243840953dec1791399017191c6a77224835c86f0f11d8ee2"
"1.0","feature_rich","wc2014","wc2014_049",TRUE,TRUE,TRUE,2013-12-31,2014-06-28,"","dbcf24c9f86f48423588ed254bdb08b4eb8663c31d50135a35aac5648ce87c73","1f97aae25b451b487872acbec081b19f16f85159628e9b3ae8b8a1228cdea265","cdcc4eaa9ecaf383e30d71f7cdcaab0f7e3e6d0296739b4e6eb9399407eef12a","75a6aa8b507d2b07441781d48fd58441ce0b9b5b2c6719fc46227ec8462425ed","7a2fb160941d094883bb75b5a199d3c51d4c8708794e4ad7e5aa1b4583fc94e9"
"1.0","feature_rich","wc2014","wc2014_050",TRUE,TRUE,TRUE,2013-12-31,2014-06-28,"","dbcf24c9f86f48423588ed254bdb08b4eb8663c31d50135a35aac5648ce87c73","1f97aae25b451b487872acbec081b19f16f85159628e9b3ae8b8a1228cdea265","cdcc4eaa9ecaf383e30d71f7cdcaab0f7e3e6d0296739b4e6eb9399407eef12a","c2a036ee584d2c44799fa4e76977abe9dd54961237b510cf1340f15db20f905b","df727b9a6965f75fa96044bc2d7d86f231a7e21b22db318000a56f6669d650a7"
"1.0","feature_rich","wc2014","wc2014_051",TRUE,TRUE,TRUE,2013-12-31,2014-06-29,"","dbcf24c9f86f48423588ed254bdb08b4eb8663c31d50135a35aac5648ce87c73","1f97aae25b451b487872acbec081b19f16f85159628e9b3ae8b8a1228cdea265","cdcc4eaa9ecaf383e30d71f7cdcaab0f7e3e6d0296739b4e6eb9399407eef12a","c5b41af56fef1061daf8a28a0e763849a07f730deb70b15649c8ff920576fc04","03ef793810903eee20383a13c37fa0d11ffa040a1855042724a1dde4e5e0d96d"
"1.0","feature_rich","wc2014","wc2014_052",TRUE,TRUE,TRUE,2013-12-31,2014-06-29,"","dbcf24c9f86f48423588ed254bdb08b4eb8663c31d50135a35aac5648ce87c73","1f97aae25b451b487872acbec081b19f16f85159628e9b3ae8b8a1228cdea265","cdcc4eaa9ecaf383e30d71f7cdcaab0f7e3e6d0296739b4e6eb9399407eef12a","33386a615c8b0fb80a12c41cd1dfacfd058b8ca320f85dfe63a28ab3230fcb82","00aac7c5633d910d8686181637614b1545a8e5d8105908041cfd9932baed3736"
"1.0","feature_rich","wc2014","wc2014_053",TRUE,TRUE,TRUE,2013-12-31,2014-06-30,"","dbcf24c9f86f48423588ed254bdb08b4eb8663c31d50135a35aac5648ce87c73","1f97aae25b451b487872acbec081b19f16f85159628e9b3ae8b8a1228cdea265","cdcc4eaa9ecaf383e30d71f7cdcaab0f7e3e6d0296739b4e6eb9399407eef12a","22d5a9f5a1d23a1dc7b615cd7c41801b42e6555b927d1ac6c866198acf65f658","0be8396e7b8da863d1eba04738a758dac15fa8586ffcae74edc75fbccd9d10ac"
"1.0","feature_rich","wc2014","wc2014_054",TRUE,TRUE,TRUE,2013-12-31,2014-06-30,"","dbcf24c9f86f48423588ed254bdb08b4eb8663c31d50135a35aac5648ce87c73","1f97aae25b451b487872acbec081b19f16f85159628e9b3ae8b8a1228cdea265","cdcc4eaa9ecaf383e30d71f7cdcaab0f7e3e6d0296739b4e6eb9399407eef12a","b5430dabf4b78b101cb55e505e9267614a303a8911eea446c34d56a6a2c36212","c6f4821365bfd2414915d4c3ecbf357b9e2637b8212cf2aa87d2ae455e1818a6"
"1.0","feature_rich","wc2014","wc2014_055",TRUE,TRUE,TRUE,2014-06-30,2014-07-01,"","dbcf24c9f86f48423588ed254bdb08b4eb8663c31d50135a35aac5648ce87c73","1f97aae25b451b487872acbec081b19f16f85159628e9b3ae8b8a1228cdea265","cdcc4eaa9ecaf383e30d71f7cdcaab0f7e3e6d0296739b4e6eb9399407eef12a","b43323999c37368ed623e690629e50eb1930b5d2a923f881044a16ef57d0c6a3","4b65193eef717905a40b7eacd8cde079ebc315d0c941865368f7d13024b10658"
"1.0","feature_rich","wc2014","wc2014_056",TRUE,TRUE,TRUE,2014-06-30,2014-07-01,"","dbcf24c9f86f48423588ed254bdb08b4eb8663c31d50135a35aac5648ce87c73","1f97aae25b451b487872acbec081b19f16f85159628e9b3ae8b8a1228cdea265","cdcc4eaa9ecaf383e30d71f7cdcaab0f7e3e6d0296739b4e6eb9399407eef12a","7778eba8a1ea10cc94b8e22ec2007ef1c73580ce622f4075f32facc9904baa2a","9ad796da3ee23580cdbc5fbb49cd4939045552a5bdc44a0c5fa99b0083ae8b29"
"1.0","feature_rich","wc2014","wc2014_057",TRUE,TRUE,TRUE,2014-06-30,2014-07-04,"","dbcf24c9f86f48423588ed254bdb08b4eb8663c31d50135a35aac5648ce87c73","1f97aae25b451b487872acbec081b19f16f85159628e9b3ae8b8a1228cdea265","cdcc4eaa9ecaf383e30d71f7cdcaab0f7e3e6d0296739b4e6eb9399407eef12a","7ba7770d2cac42062993ec68d42eee9c82ff51d3e05a55d26f4a959a5a80c521","a7f48d23523839619a6df5969abe0120c24477f7378f0083891050a5a0fd9f9c"
"1.0","feature_rich","wc2014","wc2014_058",TRUE,TRUE,TRUE,2014-06-30,2014-07-04,"","dbcf24c9f86f48423588ed254bdb08b4eb8663c31d50135a35aac5648ce87c73","1f97aae25b451b487872acbec081b19f16f85159628e9b3ae8b8a1228cdea265","cdcc4eaa9ecaf383e30d71f7cdcaab0f7e3e6d0296739b4e6eb9399407eef12a","db8fb6d00bb9773919e823f15b73d95a1b0032d35b734ea75fa346246c25de69","012a328058aca375b85450202f350ce1940933b23c7c2fdd813823c479155272"
"1.0","feature_rich","wc2014","wc2014_059",TRUE,TRUE,TRUE,2014-06-30,2014-07-05,"","dbcf24c9f86f48423588ed254bdb08b4eb8663c31d50135a35aac5648ce87c73","1f97aae25b451b487872acbec081b19f16f85159628e9b3ae8b8a1228cdea265","cdcc4eaa9ecaf383e30d71f7cdcaab0f7e3e6d0296739b4e6eb9399407eef12a","5c0d7d988840e943b5cb16dfe2fdd14599ab6aada64dd479cde125434daa65d6","f1c321b3696cbd663b9a60a4a7d08e6ba7e7bdbe1c6696d1cd24127f10b7571c"
"1.0","feature_rich","wc2014","wc2014_060",TRUE,TRUE,TRUE,2014-06-30,2014-07-05,"","dbcf24c9f86f48423588ed254bdb08b4eb8663c31d50135a35aac5648ce87c73","1f97aae25b451b487872acbec081b19f16f85159628e9b3ae8b8a1228cdea265","cdcc4eaa9ecaf383e30d71f7cdcaab0f7e3e6d0296739b4e6eb9399407eef12a","bc08d388016e346f372692430ccd6d6ea220ecd4a61382f2325a7a3116c16923","c8fd06e6e8088e221a59d7f5dee8227d086c0b1a7aad7234d77d101cc5e51942"
"1.0","feature_rich","wc2014","wc2014_061",TRUE,TRUE,TRUE,2014-06-30,2014-07-08,"","dbcf24c9f86f48423588ed254bdb08b4eb8663c31d50135a35aac5648ce87c73","1f97aae25b451b487872acbec081b19f16f85159628e9b3ae8b8a1228cdea265","cdcc4eaa9ecaf383e30d71f7cdcaab0f7e3e6d0296739b4e6eb9399407eef12a","4efc556160a8d982e2168288ee5eff5adc23ad94950f454134360db4143bbda6","39f4f24c8b93bc4c7b5eb83e308a20225fcd8930db7d6f8ad34ea6081643206f"
"1.0","feature_rich","wc2014","wc2014_062",TRUE,TRUE,TRUE,2014-06-30,2014-07-09,"","dbcf24c9f86f48423588ed254bdb08b4eb8663c31d50135a35aac5648ce87c73","1f97aae25b451b487872acbec081b19f16f85159628e9b3ae8b8a1228cdea265","cdcc4eaa9ecaf383e30d71f7cdcaab0f7e3e6d0296739b4e6eb9399407eef12a","5b744479cade9b886262e4ba6d4a9c9e4543cf8f7517de0b9363e557ee8c453a","8b0f7bbab00e9dced95e537f0a81d27d107d88fd87f17165c037f79da9861a9b"
"1.0","feature_rich","wc2014","wc2014_063",TRUE,TRUE,TRUE,2014-06-30,2014-07-12,"","dbcf24c9f86f48423588ed254bdb08b4eb8663c31d50135a35aac5648ce87c73","1f97aae25b451b487872acbec081b19f16f85159628e9b3ae8b8a1228cdea265","cdcc4eaa9ecaf383e30d71f7cdcaab0f7e3e6d0296739b4e6eb9399407eef12a","4969fdcf6f3b03a0b63108927708750a7c56d237598d3e991a1ca7b2cd5c5fa1","90c5a472b3b230f05e482649bfdd11b8b0d7b6ebb17c8d94668975b4b3b744dd"
"1.0","feature_rich","wc2014","wc2014_064",TRUE,TRUE,TRUE,2014-06-30,2014-07-13,"","dbcf24c9f86f48423588ed254bdb08b4eb8663c31d50135a35aac5648ce87c73","1f97aae25b451b487872acbec081b19f16f85159628e9b3ae8b8a1228cdea265","cdcc4eaa9ecaf383e30d71f7cdcaab0f7e3e6d0296739b4e6eb9399407eef12a","014413f043aed9569250a91874a30ee88814a2614b2fc851913549ba6e308e85","b3b60bea89200213f8af755299d66417db14bd9347812276962270353b8c54bb"
"1.0","feature_rich","wc2018","wc2018_001",TRUE,TRUE,TRUE,2017-12-31,2018-06-14,"","dbcf24c9f86f48423588ed254bdb08b4eb8663c31d50135a35aac5648ce87c73","1f97aae25b451b487872acbec081b19f16f85159628e9b3ae8b8a1228cdea265","cdcc4eaa9ecaf383e30d71f7cdcaab0f7e3e6d0296739b4e6eb9399407eef12a","3b75b490597a06e9222cb556dc65f82d33e69626ffb9f6316f54e5f2c47799d4","f38a4044553b674139e7d8c13284023cd3658d8e56d3f1b136269d9b7088157e"
"1.0","feature_rich","wc2018","wc2018_002",TRUE,TRUE,TRUE,2017-12-31,2018-06-15,"","dbcf24c9f86f48423588ed254bdb08b4eb8663c31d50135a35aac5648ce87c73","1f97aae25b451b487872acbec081b19f16f85159628e9b3ae8b8a1228cdea265","cdcc4eaa9ecaf383e30d71f7cdcaab0f7e3e6d0296739b4e6eb9399407eef12a","e2da2d52c143d29b344941d16303575a205cf92a44262265aa9daf18a44885f6","a4d2d56fd642e4b850655afedafea16ff7ad9d765900eef78d9bc06afc73c6cf"
"1.0","feature_rich","wc2018","wc2018_003",TRUE,TRUE,TRUE,2017-12-31,2018-06-15,"","dbcf24c9f86f48423588ed254bdb08b4eb8663c31d50135a35aac5648ce87c73","1f97aae25b451b487872acbec081b19f16f85159628e9b3ae8b8a1228cdea265","cdcc4eaa9ecaf383e30d71f7cdcaab0f7e3e6d0296739b4e6eb9399407eef12a","f8d52d6e0e795aa266a346ad62c6c91e31e8c35dc104fddfac52776143f6127d","ba1bfdaadd460d3367210165e517ab0cffbcd3be77736b7c9510ac94ea27a87c"
"1.0","feature_rich","wc2018","wc2018_004",TRUE,TRUE,TRUE,2017-12-31,2018-06-15,"","dbcf24c9f86f48423588ed254bdb08b4eb8663c31d50135a35aac5648ce87c73","1f97aae25b451b487872acbec081b19f16f85159628e9b3ae8b8a1228cdea265","cdcc4eaa9ecaf383e30d71f7cdcaab0f7e3e6d0296739b4e6eb9399407eef12a","4d233bfbd0d7bc0a397384b89bf252fb6831cce8cddd507f4232f60bfbbaabd1","f44b2a0d3311bd6736a6527a99c30b05967e8c31fcecc6007a6525fc406fff8b"
"1.0","feature_rich","wc2018","wc2018_005",TRUE,TRUE,TRUE,2017-12-31,2018-06-16,"","dbcf24c9f86f48423588ed254bdb08b4eb8663c31d50135a35aac5648ce87c73","1f97aae25b451b487872acbec081b19f16f85159628e9b3ae8b8a1228cdea265","cdcc4eaa9ecaf383e30d71f7cdcaab0f7e3e6d0296739b4e6eb9399407eef12a","6eb80b9c8a6e8968cfda34f9e60d36b0941f874f9e0b666d4d21a816d118a69f","eaca1d3ff6d59322199eb7fa89182f8f99ca545a4593a196625b0fe78f8fda63"
"1.0","feature_rich","wc2018","wc2018_006",TRUE,TRUE,TRUE,2017-12-31,2018-06-16,"","dbcf24c9f86f48423588ed254bdb08b4eb8663c31d50135a35aac5648ce87c73","1f97aae25b451b487872acbec081b19f16f85159628e9b3ae8b8a1228cdea265","cdcc4eaa9ecaf383e30d71f7cdcaab0f7e3e6d0296739b4e6eb9399407eef12a","78d611aee19ddaf77a00b9493badb6ad13f821a09829ca3ee371bdd2af3c63b2","8a5965ac557733ba9edb6a24194d7c857cb76f54e53dbbe61c2296355bf0549b"
"1.0","feature_rich","wc2018","wc2018_007",TRUE,TRUE,TRUE,2017-12-31,2018-06-16,"","dbcf24c9f86f48423588ed254bdb08b4eb8663c31d50135a35aac5648ce87c73","1f97aae25b451b487872acbec081b19f16f85159628e9b3ae8b8a1228cdea265","cdcc4eaa9ecaf383e30d71f7cdcaab0f7e3e6d0296739b4e6eb9399407eef12a","7d01e218247180bcbe7ff863ddbd00e78d73a7a307f9aebacd77b71bd83f4f4d","3af7c18972fae39c4f185c9181a6ab6c62c7f25672c78c28f29474f17133255e"
"1.0","feature_rich","wc2018","wc2018_008",TRUE,TRUE,TRUE,2017-12-31,2018-06-16,"","dbcf24c9f86f48423588ed254bdb08b4eb8663c31d50135a35aac5648ce87c73","1f97aae25b451b487872acbec081b19f16f85159628e9b3ae8b8a1228cdea265","cdcc4eaa9ecaf383e30d71f7cdcaab0f7e3e6d0296739b4e6eb9399407eef12a","f022beb2157f1fa9ace38ece983b176a1d975a9a5e2041190fce077b1b0419e2","066987a3fa9bef173e9eed797bd29f9b7c77f07b37e67e868d16ca056c12dbb3"
"1.0","feature_rich","wc2018","wc2018_009",TRUE,TRUE,TRUE,2017-12-31,2018-06-17,"","dbcf24c9f86f48423588ed254bdb08b4eb8663c31d50135a35aac5648ce87c73","1f97aae25b451b487872acbec081b19f16f85159628e9b3ae8b8a1228cdea265","cdcc4eaa9ecaf383e30d71f7cdcaab0f7e3e6d0296739b4e6eb9399407eef12a","2bf3cfd54358eeb8dbb0a0f0019ceea87e1b5c30ea9525dd44e51c1300477618","ed9a961b5d4864ae0b57eb5bd9c38a6b02db8c7307fb2ef23951e6faa01de471"
"1.0","feature_rich","wc2018","wc2018_010",TRUE,TRUE,TRUE,2017-12-31,2018-06-17,"","dbcf24c9f86f48423588ed254bdb08b4eb8663c31d50135a35aac5648ce87c73","1f97aae25b451b487872acbec081b19f16f85159628e9b3ae8b8a1228cdea265","cdcc4eaa9ecaf383e30d71f7cdcaab0f7e3e6d0296739b4e6eb9399407eef12a","a55b534d8f1356b06bc82702453bb00cbff2c0443f9e6e94229b3e23ac7a3a7d","70829df6961364821552369c91f8b4d1c6ca255483ec7498de7393d27159a072"
"1.0","feature_rich","wc2018","wc2018_011",TRUE,TRUE,TRUE,2017-12-31,2018-06-17,"","dbcf24c9f86f48423588ed254bdb08b4eb8663c31d50135a35aac5648ce87c73","1f97aae25b451b487872acbec081b19f16f85159628e9b3ae8b8a1228cdea265","cdcc4eaa9ecaf383e30d71f7cdcaab0f7e3e6d0296739b4e6eb9399407eef12a","63ff2a80e2fac6a717102f2f936d0d53c74a28bd77bb1b285c898e16205a3377","3971673321c040948d7477fd3408e399342363ee16425cdb9fc53d4feab2a4db"
"1.0","feature_rich","wc2018","wc2018_012",TRUE,TRUE,TRUE,2017-12-31,2018-06-18,"","dbcf24c9f86f48423588ed254bdb08b4eb8663c31d50135a35aac5648ce87c73","1f97aae25b451b487872acbec081b19f16f85159628e9b3ae8b8a1228cdea265","cdcc4eaa9ecaf383e30d71f7cdcaab0f7e3e6d0296739b4e6eb9399407eef12a","d2850079af9ae2c4a50fdaabcdb7f760a9371a14cb38ec0e3415da61541b541f","831cedcbb9866d54ef215b61efea5a5402453c8777d60a61595de8cc5330cf56"
"1.0","feature_rich","wc2018","wc2018_013",TRUE,TRUE,TRUE,2017-12-31,2018-06-18,"","dbcf24c9f86f48423588ed254bdb08b4eb8663c31d50135a35aac5648ce87c73","1f97aae25b451b487872acbec081b19f16f85159628e9b3ae8b8a1228cdea265","cdcc4eaa9ecaf383e30d71f7cdcaab0f7e3e6d0296739b4e6eb9399407eef12a","71156a787088afd387bce00496676b36c518cacc9955b938dfe69f76ea035c94","c017ec089c60ebddbd175353cbd88fd6c5c02da06f8e748df8372694b4904b04"
"1.0","feature_rich","wc2018","wc2018_014",TRUE,TRUE,TRUE,2017-12-31,2018-06-18,"","dbcf24c9f86f48423588ed254bdb08b4eb8663c31d50135a35aac5648ce87c73","1f97aae25b451b487872acbec081b19f16f85159628e9b3ae8b8a1228cdea265","cdcc4eaa9ecaf383e30d71f7cdcaab0f7e3e6d0296739b4e6eb9399407eef12a","3768487081613f191c006d16a1bbdf47bcaaef982a42e5bc0f4688a3bd15cfcc","a185c5bf9e51339804893edf4cd664d9687857d16a3e9f35555c32990b031abc"
"1.0","feature_rich","wc2018","wc2018_015",TRUE,TRUE,TRUE,2017-12-31,2018-06-19,"","dbcf24c9f86f48423588ed254bdb08b4eb8663c31d50135a35aac5648ce87c73","1f97aae25b451b487872acbec081b19f16f85159628e9b3ae8b8a1228cdea265","cdcc4eaa9ecaf383e30d71f7cdcaab0f7e3e6d0296739b4e6eb9399407eef12a","c23cb268db309242f7fa2876f3a60d77774c05ba3b6adb8b40ab8165bd54467b","12f79632e14b4dfd2e2892f8ae1189697d3c1f3ff0952c85283a13d4565fffd0"
"1.0","feature_rich","wc2018","wc2018_016",TRUE,TRUE,TRUE,2017-12-31,2018-06-19,"","dbcf24c9f86f48423588ed254bdb08b4eb8663c31d50135a35aac5648ce87c73","1f97aae25b451b487872acbec081b19f16f85159628e9b3ae8b8a1228cdea265","cdcc4eaa9ecaf383e30d71f7cdcaab0f7e3e6d0296739b4e6eb9399407eef12a","3074014c3b684f277fe9ebbfe8e2e8c3b6db4de273088338ed3477b72aa11aa6","8d1230edf859dceedbced632c7510a1448a638b4ea6d43dedb67deffff46db34"
"1.0","feature_rich","wc2018","wc2018_017",TRUE,TRUE,TRUE,2017-12-31,2018-06-19,"","dbcf24c9f86f48423588ed254bdb08b4eb8663c31d50135a35aac5648ce87c73","1f97aae25b451b487872acbec081b19f16f85159628e9b3ae8b8a1228cdea265","cdcc4eaa9ecaf383e30d71f7cdcaab0f7e3e6d0296739b4e6eb9399407eef12a","aa91b6b345897caeb862e1ac60688718c0a05e5d7b89caa971d32f0eb1cda572","5212e2b17679aa07b7d9a54460a30d332338750dfab1f15f8a310aff2aad7600"
"1.0","feature_rich","wc2018","wc2018_018",TRUE,TRUE,TRUE,2017-12-31,2018-06-20,"","dbcf24c9f86f48423588ed254bdb08b4eb8663c31d50135a35aac5648ce87c73","1f97aae25b451b487872acbec081b19f16f85159628e9b3ae8b8a1228cdea265","cdcc4eaa9ecaf383e30d71f7cdcaab0f7e3e6d0296739b4e6eb9399407eef12a","4e0faa19293ed761ef1075a60ff2acd61759875b66e6cb908bc4f1c9a3c05529","4f3baec2b0ceac512c626f01d78a61fc097da897c69d0dac8f675b1db92118bd"
"1.0","feature_rich","wc2018","wc2018_019",TRUE,TRUE,TRUE,2017-12-31,2018-06-20,"","dbcf24c9f86f48423588ed254bdb08b4eb8663c31d50135a35aac5648ce87c73","1f97aae25b451b487872acbec081b19f16f85159628e9b3ae8b8a1228cdea265","cdcc4eaa9ecaf383e30d71f7cdcaab0f7e3e6d0296739b4e6eb9399407eef12a","f3da5d0aa39ba61f29c5639436ad3e83fd5e07af621b969bbff938307a40fa8c","44c511b919a7df7921b6b6acac8c80fa15957437c0149f07e7c20854eebbbeca"
"1.0","feature_rich","wc2018","wc2018_020",TRUE,TRUE,TRUE,2017-12-31,2018-06-20,"","dbcf24c9f86f48423588ed254bdb08b4eb8663c31d50135a35aac5648ce87c73","1f97aae25b451b487872acbec081b19f16f85159628e9b3ae8b8a1228cdea265","cdcc4eaa9ecaf383e30d71f7cdcaab0f7e3e6d0296739b4e6eb9399407eef12a","f15aa8a49a14f2ec04aec124e5e91bf0291289d21f266f765cb33775060737a7","65976453ec552d6065e322cba489d2495e82296a30b97d81b14d1828959d7540"
"1.0","feature_rich","wc2018","wc2018_021",TRUE,TRUE,TRUE,2017-12-31,2018-06-21,"","dbcf24c9f86f48423588ed254bdb08b4eb8663c31d50135a35aac5648ce87c73","1f97aae25b451b487872acbec081b19f16f85159628e9b3ae8b8a1228cdea265","cdcc4eaa9ecaf383e30d71f7cdcaab0f7e3e6d0296739b4e6eb9399407eef12a","9976b38d9dac3194a265347079427f787c53085f9508e3d8ce8ec283d2aebd35","2adc911d7c6c8343f3319ae8fb9ec974b639c81207419e5a3b6fb1f30855ea63"
"1.0","feature_rich","wc2018","wc2018_022",TRUE,TRUE,TRUE,2017-12-31,2018-06-21,"","dbcf24c9f86f48423588ed254bdb08b4eb8663c31d50135a35aac5648ce87c73","1f97aae25b451b487872acbec081b19f16f85159628e9b3ae8b8a1228cdea265","cdcc4eaa9ecaf383e30d71f7cdcaab0f7e3e6d0296739b4e6eb9399407eef12a","fec36647cd26e9952e2af5f6da0da01baf0dc2f54be8d9ff5c0fbe2699aacca1","ee474d2fbf3e7e3e96733b4ba84e0042b94f6eda308cfa40858c0f2e5bcaaec0"
"1.0","feature_rich","wc2018","wc2018_023",TRUE,TRUE,TRUE,2017-12-31,2018-06-21,"","dbcf24c9f86f48423588ed254bdb08b4eb8663c31d50135a35aac5648ce87c73","1f97aae25b451b487872acbec081b19f16f85159628e9b3ae8b8a1228cdea265","cdcc4eaa9ecaf383e30d71f7cdcaab0f7e3e6d0296739b4e6eb9399407eef12a","7f402103c2f4cf12b2d331139f14b46d74c0b5c071e82ca64f42df7d62f21dbe","8bd223b70d5e09aed9f7548c31f27dc9cee65687f3c732ee07c54cf98f3a7f28"
"1.0","feature_rich","wc2018","wc2018_024",TRUE,TRUE,TRUE,2017-12-31,2018-06-22,"","dbcf24c9f86f48423588ed254bdb08b4eb8663c31d50135a35aac5648ce87c73","1f97aae25b451b487872acbec081b19f16f85159628e9b3ae8b8a1228cdea265","cdcc4eaa9ecaf383e30d71f7cdcaab0f7e3e6d0296739b4e6eb9399407eef12a","85a074dc28c913ffb7e3db8d8f69e18baa2f4a6fd4d7078b186f38123a985c4a","c47ad3757a42705a6abb6572516bbc207e46bf4a3be76edbeb815140c519a4e0"
"1.0","feature_rich","wc2018","wc2018_025",TRUE,TRUE,TRUE,2017-12-31,2018-06-22,"","dbcf24c9f86f48423588ed254bdb08b4eb8663c31d50135a35aac5648ce87c73","1f97aae25b451b487872acbec081b19f16f85159628e9b3ae8b8a1228cdea265","cdcc4eaa9ecaf383e30d71f7cdcaab0f7e3e6d0296739b4e6eb9399407eef12a","f91ea3a7a03f2736a9367498f1b9426a30527fdb107726a9cee4590a21e5ae78","b0093f0fde39c17167025d0c7372b91250741a6a98eced754afe580f1f21f9fe"
"1.0","feature_rich","wc2018","wc2018_026",TRUE,TRUE,TRUE,2017-12-31,2018-06-22,"","dbcf24c9f86f48423588ed254bdb08b4eb8663c31d50135a35aac5648ce87c73","1f97aae25b451b487872acbec081b19f16f85159628e9b3ae8b8a1228cdea265","cdcc4eaa9ecaf383e30d71f7cdcaab0f7e3e6d0296739b4e6eb9399407eef12a","83deb56c944e03b82fdce696aa4b251b53cfb2015adca3546d2ee1b8385d2d49","57dcf0e3b81dd555c148debd303042abad21d0d9ebb9d9782046e15e2c52fb8b"
"1.0","feature_rich","wc2018","wc2018_027",TRUE,TRUE,TRUE,2017-12-31,2018-06-23,"","dbcf24c9f86f48423588ed254bdb08b4eb8663c31d50135a35aac5648ce87c73","1f97aae25b451b487872acbec081b19f16f85159628e9b3ae8b8a1228cdea265","cdcc4eaa9ecaf383e30d71f7cdcaab0f7e3e6d0296739b4e6eb9399407eef12a","318281595bdbb6cc2ac0c7144928a39e9875f7570af351d45d1da47a5239a9c6","f2f62826bb44307759c79c7d34edc2b187868cd0fd9ee2ef0ac3ae94a60af152"
"1.0","feature_rich","wc2018","wc2018_028",TRUE,TRUE,TRUE,2017-12-31,2018-06-23,"","dbcf24c9f86f48423588ed254bdb08b4eb8663c31d50135a35aac5648ce87c73","1f97aae25b451b487872acbec081b19f16f85159628e9b3ae8b8a1228cdea265","cdcc4eaa9ecaf383e30d71f7cdcaab0f7e3e6d0296739b4e6eb9399407eef12a","2e9b7b6cfd2e4c94d2cfcb7b1a1e928c054122702a00f0092ba15b54b8c17695","a1fcd6f1331238d927ee1e480b5271f1bd6cd58310e7e3b206b464e65ec2373a"
"1.0","feature_rich","wc2018","wc2018_029",TRUE,TRUE,TRUE,2017-12-31,2018-06-23,"","dbcf24c9f86f48423588ed254bdb08b4eb8663c31d50135a35aac5648ce87c73","1f97aae25b451b487872acbec081b19f16f85159628e9b3ae8b8a1228cdea265","cdcc4eaa9ecaf383e30d71f7cdcaab0f7e3e6d0296739b4e6eb9399407eef12a","8aa1b922ed37c6bb9e281d8f6fcca5f087a9a174562b56d9fa3aaaadfaed8636","fe495d74e5933206b052f745941d793414df90a8ba4c5a9f225ff3e1fe4cfdae"
"1.0","feature_rich","wc2018","wc2018_030",TRUE,TRUE,TRUE,2017-12-31,2018-06-24,"","dbcf24c9f86f48423588ed254bdb08b4eb8663c31d50135a35aac5648ce87c73","1f97aae25b451b487872acbec081b19f16f85159628e9b3ae8b8a1228cdea265","cdcc4eaa9ecaf383e30d71f7cdcaab0f7e3e6d0296739b4e6eb9399407eef12a","043eb51677017d71d850c94e5256bfec06502ae95609416773f5268e3a377f7f","a57332e2370f35b6ff52d8c038d2bbd16ba6fe4a21e87f8689486581bbc4aadc"
"1.0","feature_rich","wc2018","wc2018_031",TRUE,TRUE,TRUE,2017-12-31,2018-06-24,"","dbcf24c9f86f48423588ed254bdb08b4eb8663c31d50135a35aac5648ce87c73","1f97aae25b451b487872acbec081b19f16f85159628e9b3ae8b8a1228cdea265","cdcc4eaa9ecaf383e30d71f7cdcaab0f7e3e6d0296739b4e6eb9399407eef12a","e37eacf6f2f06bd316b2d7b8259d4924b0174169bd1af80ab52b3d42918c1cbc","d57f23935b5c1b28d392a76c90605ca186d726ce5305b710b748ce14625ddb3e"
"1.0","feature_rich","wc2018","wc2018_032",TRUE,TRUE,TRUE,2017-12-31,2018-06-24,"","dbcf24c9f86f48423588ed254bdb08b4eb8663c31d50135a35aac5648ce87c73","1f97aae25b451b487872acbec081b19f16f85159628e9b3ae8b8a1228cdea265","cdcc4eaa9ecaf383e30d71f7cdcaab0f7e3e6d0296739b4e6eb9399407eef12a","6fa9694bb0ad3ee2077b395e11bbeb9258b6486cb54b4cd92b7c1fe5170889ed","5f99a68361563bb2a82205bd72d3899378f59b791e4e0703a462bbbc811dbc6d"
"1.0","feature_rich","wc2018","wc2018_033",TRUE,TRUE,TRUE,2017-12-31,2018-06-25,"","dbcf24c9f86f48423588ed254bdb08b4eb8663c31d50135a35aac5648ce87c73","1f97aae25b451b487872acbec081b19f16f85159628e9b3ae8b8a1228cdea265","cdcc4eaa9ecaf383e30d71f7cdcaab0f7e3e6d0296739b4e6eb9399407eef12a","4696f58f8be69f892dfae050581696bf7c34d5c9b06112f7db628a7ab72b5ca3","bdd67dc8106f4ae1e1e40d5e3a2be8f22cf5d71ca85be791138a3cb62e98e5a8"
"1.0","feature_rich","wc2018","wc2018_034",TRUE,TRUE,TRUE,2017-12-31,2018-06-25,"","dbcf24c9f86f48423588ed254bdb08b4eb8663c31d50135a35aac5648ce87c73","1f97aae25b451b487872acbec081b19f16f85159628e9b3ae8b8a1228cdea265","cdcc4eaa9ecaf383e30d71f7cdcaab0f7e3e6d0296739b4e6eb9399407eef12a","5ed1add362772c00e48a05f32be7a10a3b82b8f81cc94105ef306684782ca486","b230b3d9cee9b51c99f74d0df41c80d382937413346117ba5aea8dde0f981b6c"
"1.0","feature_rich","wc2018","wc2018_035",TRUE,TRUE,TRUE,2017-12-31,2018-06-25,"","dbcf24c9f86f48423588ed254bdb08b4eb8663c31d50135a35aac5648ce87c73","1f97aae25b451b487872acbec081b19f16f85159628e9b3ae8b8a1228cdea265","cdcc4eaa9ecaf383e30d71f7cdcaab0f7e3e6d0296739b4e6eb9399407eef12a","b06ab81bcfdacf312099fa934b9164b9afedc673ef2f04addbe1d7403cf5da2c","db39b95c0e6dcce84d562c5165e07ce023e846270c245b048a68a2fc434379cd"
"1.0","feature_rich","wc2018","wc2018_036",TRUE,TRUE,TRUE,2017-12-31,2018-06-25,"","dbcf24c9f86f48423588ed254bdb08b4eb8663c31d50135a35aac5648ce87c73","1f97aae25b451b487872acbec081b19f16f85159628e9b3ae8b8a1228cdea265","cdcc4eaa9ecaf383e30d71f7cdcaab0f7e3e6d0296739b4e6eb9399407eef12a","bcfa7bcca2ffcb50a6f8eb7ac733a90c997adf31f7fbfde1e26ee782d8902560","272ea97949d9659e7adc43fdead6f764e6d66ebb858efcb492f95ed6d55beea3"
"1.0","feature_rich","wc2018","wc2018_037",TRUE,TRUE,TRUE,2017-12-31,2018-06-26,"","dbcf24c9f86f48423588ed254bdb08b4eb8663c31d50135a35aac5648ce87c73","1f97aae25b451b487872acbec081b19f16f85159628e9b3ae8b8a1228cdea265","cdcc4eaa9ecaf383e30d71f7cdcaab0f7e3e6d0296739b4e6eb9399407eef12a","14bba14f44e587fcbe78f00ac63258a599a99f3a89fe0a8c388153a0b40dcb9c","cf09641f4e3369f1121036d7758c42c13ff0c31e9ed55f93cdd94afe8598b506"
"1.0","feature_rich","wc2018","wc2018_038",TRUE,TRUE,TRUE,2017-12-31,2018-06-26,"","dbcf24c9f86f48423588ed254bdb08b4eb8663c31d50135a35aac5648ce87c73","1f97aae25b451b487872acbec081b19f16f85159628e9b3ae8b8a1228cdea265","cdcc4eaa9ecaf383e30d71f7cdcaab0f7e3e6d0296739b4e6eb9399407eef12a","2028b0f431ed12ae7826fdc8482576d9de4c5079730bddc34790dbb0cda26670","0946c58dce84b86d7cf79235c783505c2a3ff8bc007bc7e10a794b943ee3afcf"
"1.0","feature_rich","wc2018","wc2018_039",TRUE,TRUE,TRUE,2017-12-31,2018-06-26,"","dbcf24c9f86f48423588ed254bdb08b4eb8663c31d50135a35aac5648ce87c73","1f97aae25b451b487872acbec081b19f16f85159628e9b3ae8b8a1228cdea265","cdcc4eaa9ecaf383e30d71f7cdcaab0f7e3e6d0296739b4e6eb9399407eef12a","5fef4f6866aa5325566f316fbfb55bb829bd97764865d1caa154a858bcac8617","c13a182599551d4d687935b45bc1c5642e602cc45d155cc44063dd142607e058"
"1.0","feature_rich","wc2018","wc2018_040",TRUE,TRUE,TRUE,2017-12-31,2018-06-26,"","dbcf24c9f86f48423588ed254bdb08b4eb8663c31d50135a35aac5648ce87c73","1f97aae25b451b487872acbec081b19f16f85159628e9b3ae8b8a1228cdea265","cdcc4eaa9ecaf383e30d71f7cdcaab0f7e3e6d0296739b4e6eb9399407eef12a","8e56d7b5f6578809ebecc50acf4cddc5bb126059ab00e9e92ca51b325d3520ff","4e0b2a709754260bf450798832b3f75d23e1189685c7e401ada7ac7386e5b529"
"1.0","feature_rich","wc2018","wc2018_041",TRUE,TRUE,TRUE,2017-12-31,2018-06-27,"","dbcf24c9f86f48423588ed254bdb08b4eb8663c31d50135a35aac5648ce87c73","1f97aae25b451b487872acbec081b19f16f85159628e9b3ae8b8a1228cdea265","cdcc4eaa9ecaf383e30d71f7cdcaab0f7e3e6d0296739b4e6eb9399407eef12a","769ee6668638efe3e1a0531c15450dfe5633ffc8794ed9d4bbb4677aa176a8f0","327a6f916a2b52f893356540dec1601bd26b7347f8007f0b91c8f78cf52807ce"
"1.0","feature_rich","wc2018","wc2018_042",TRUE,TRUE,TRUE,2017-12-31,2018-06-27,"","dbcf24c9f86f48423588ed254bdb08b4eb8663c31d50135a35aac5648ce87c73","1f97aae25b451b487872acbec081b19f16f85159628e9b3ae8b8a1228cdea265","cdcc4eaa9ecaf383e30d71f7cdcaab0f7e3e6d0296739b4e6eb9399407eef12a","12d58bee046af81b8cb160201e26abe1a87856b5aa343bbf026adb233c9032f1","3009de465713a0e125210991459a1f03c39b8400b7d8b8854d85386a8a7208f8"
"1.0","feature_rich","wc2018","wc2018_043",TRUE,TRUE,TRUE,2017-12-31,2018-06-27,"","dbcf24c9f86f48423588ed254bdb08b4eb8663c31d50135a35aac5648ce87c73","1f97aae25b451b487872acbec081b19f16f85159628e9b3ae8b8a1228cdea265","cdcc4eaa9ecaf383e30d71f7cdcaab0f7e3e6d0296739b4e6eb9399407eef12a","1b0f4ab802589b00e10a08dbf02080bf9973ec3d086a2cd1ab3968ab146199cb","3257f2d0b774130620f37e68768d2ad9efd9f91dff0b8479be1c2140d5587d3c"
"1.0","feature_rich","wc2018","wc2018_044",TRUE,TRUE,TRUE,2017-12-31,2018-06-27,"","dbcf24c9f86f48423588ed254bdb08b4eb8663c31d50135a35aac5648ce87c73","1f97aae25b451b487872acbec081b19f16f85159628e9b3ae8b8a1228cdea265","cdcc4eaa9ecaf383e30d71f7cdcaab0f7e3e6d0296739b4e6eb9399407eef12a","fd70b7435b3e59477de37b610ce87bf2e8af01c3915a9d26190216412d4edad0","25c95058a974ac1754040fc277e59bebabc14eacafa847df9bee1e85f99a6ac9"
"1.0","feature_rich","wc2018","wc2018_045",TRUE,TRUE,TRUE,2017-12-31,2018-06-28,"","dbcf24c9f86f48423588ed254bdb08b4eb8663c31d50135a35aac5648ce87c73","1f97aae25b451b487872acbec081b19f16f85159628e9b3ae8b8a1228cdea265","cdcc4eaa9ecaf383e30d71f7cdcaab0f7e3e6d0296739b4e6eb9399407eef12a","502c33d09a48b390f7409093da547ab48946efce9df9ec8cee348a796ceac25a","ccdeb9848810099cc8bacc192b914465db9043665f4f85548bec975f274078c7"
"1.0","feature_rich","wc2018","wc2018_046",TRUE,TRUE,TRUE,2017-12-31,2018-06-28,"","dbcf24c9f86f48423588ed254bdb08b4eb8663c31d50135a35aac5648ce87c73","1f97aae25b451b487872acbec081b19f16f85159628e9b3ae8b8a1228cdea265","cdcc4eaa9ecaf383e30d71f7cdcaab0f7e3e6d0296739b4e6eb9399407eef12a","179a3ecc66e9d70de83e6446d5631c85a09209eec1b718b379d75926b44b7100","2f29b2b9a45ee9a07473a85af0611ed97cdf133ac0185a99f49b2e582e2d06ef"
"1.0","feature_rich","wc2018","wc2018_047",TRUE,TRUE,TRUE,2017-12-31,2018-06-28,"","dbcf24c9f86f48423588ed254bdb08b4eb8663c31d50135a35aac5648ce87c73","1f97aae25b451b487872acbec081b19f16f85159628e9b3ae8b8a1228cdea265","cdcc4eaa9ecaf383e30d71f7cdcaab0f7e3e6d0296739b4e6eb9399407eef12a","66f2c2257574bd9ba445490aeaacb9611497c2c3fc6da75151bccc9c002074c7","3afce7563b992ff41b1b637795a5ba932c323a6e77a50bc687a1af0ccb7369b6"
"1.0","feature_rich","wc2018","wc2018_048",TRUE,TRUE,TRUE,2017-12-31,2018-06-28,"","dbcf24c9f86f48423588ed254bdb08b4eb8663c31d50135a35aac5648ce87c73","1f97aae25b451b487872acbec081b19f16f85159628e9b3ae8b8a1228cdea265","cdcc4eaa9ecaf383e30d71f7cdcaab0f7e3e6d0296739b4e6eb9399407eef12a","ddf2b612cf9b5d5ba7860975add5174a39b57eef1be73199558848f60caacac4","bfd41af7384c4bd33e976ca5af47a7ffe85c67e37445471b94338bd7ab4b1f66"
"1.0","feature_rich","wc2018","wc2018_049",TRUE,TRUE,TRUE,2017-12-31,2018-06-30,"","dbcf24c9f86f48423588ed254bdb08b4eb8663c31d50135a35aac5648ce87c73","1f97aae25b451b487872acbec081b19f16f85159628e9b3ae8b8a1228cdea265","cdcc4eaa9ecaf383e30d71f7cdcaab0f7e3e6d0296739b4e6eb9399407eef12a","abf04a2727d8a15bd79234be3f0f93c174f93b9313e86e9c4e4f3374e9f603ef","c331afd926e7d8f394317d56cc13d8bd68f199bb922a259c058c9a35a5925e72"
"1.0","feature_rich","wc2018","wc2018_050",TRUE,TRUE,TRUE,2017-12-31,2018-06-30,"","dbcf24c9f86f48423588ed254bdb08b4eb8663c31d50135a35aac5648ce87c73","1f97aae25b451b487872acbec081b19f16f85159628e9b3ae8b8a1228cdea265","cdcc4eaa9ecaf383e30d71f7cdcaab0f7e3e6d0296739b4e6eb9399407eef12a","8e2f8299092c04da7c3f5ff9aa689b4620f7c0757e70ad21c32fe9a22e06328a","b3f58e62ba98079e2904b9506b8c0eb67806dd6e7f5d166f5c12ee85e5ed11c4"
"1.0","feature_rich","wc2018","wc2018_051",TRUE,TRUE,TRUE,2018-06-30,2018-07-01,"","dbcf24c9f86f48423588ed254bdb08b4eb8663c31d50135a35aac5648ce87c73","1f97aae25b451b487872acbec081b19f16f85159628e9b3ae8b8a1228cdea265","cdcc4eaa9ecaf383e30d71f7cdcaab0f7e3e6d0296739b4e6eb9399407eef12a","6959171b117bdc60b0cf03f08b6b6e10c3960cb3002f1fb14d8ad96e977b22c5","57796d86a948f0808ce7dd7ec263c96a22a9cbc3865cf6a9d451c08a1aade339"
"1.0","feature_rich","wc2018","wc2018_052",TRUE,TRUE,TRUE,2018-06-30,2018-07-01,"","dbcf24c9f86f48423588ed254bdb08b4eb8663c31d50135a35aac5648ce87c73","1f97aae25b451b487872acbec081b19f16f85159628e9b3ae8b8a1228cdea265","cdcc4eaa9ecaf383e30d71f7cdcaab0f7e3e6d0296739b4e6eb9399407eef12a","d593450dbf85d317f00619285c055800d483aaaf46c6ab89342ff7535c484b7c","e9686f60ed3ae785803b4206dce480e3f43e7987105ae4146f969270d43710f2"
"1.0","feature_rich","wc2018","wc2018_053",TRUE,TRUE,TRUE,2018-06-30,2018-07-02,"","dbcf24c9f86f48423588ed254bdb08b4eb8663c31d50135a35aac5648ce87c73","1f97aae25b451b487872acbec081b19f16f85159628e9b3ae8b8a1228cdea265","cdcc4eaa9ecaf383e30d71f7cdcaab0f7e3e6d0296739b4e6eb9399407eef12a","eb725626f761f76b603a8ca2d1b1a5c7377392dfa752b27c106ea1961b05f41e","a440fbc57cd49394972c8cc3c0551aa51d6c8698f17e0757855cd4cf1331266a"
"1.0","feature_rich","wc2018","wc2018_054",TRUE,TRUE,TRUE,2018-06-30,2018-07-02,"","dbcf24c9f86f48423588ed254bdb08b4eb8663c31d50135a35aac5648ce87c73","1f97aae25b451b487872acbec081b19f16f85159628e9b3ae8b8a1228cdea265","cdcc4eaa9ecaf383e30d71f7cdcaab0f7e3e6d0296739b4e6eb9399407eef12a","358713a58cc460893504421a53a9a8703f7299fc0a97bb48b5b609ae14a61b1e","fe4782f80c85286661bf171363b9857c0f1add9216c4de4d1458880e2a5b097f"
"1.0","feature_rich","wc2018","wc2018_055",TRUE,TRUE,TRUE,2018-06-30,2018-07-03,"","dbcf24c9f86f48423588ed254bdb08b4eb8663c31d50135a35aac5648ce87c73","1f97aae25b451b487872acbec081b19f16f85159628e9b3ae8b8a1228cdea265","cdcc4eaa9ecaf383e30d71f7cdcaab0f7e3e6d0296739b4e6eb9399407eef12a","aa46d7600f2d683314e6d3547e84cd08999a1dc2d803edf9fc81362df4d44508","9243564a9245e78bcf24e8e85a7710e3d7527fe2358bd83a60a4e2fbbd00eeda"
"1.0","feature_rich","wc2018","wc2018_056",TRUE,TRUE,TRUE,2018-06-30,2018-07-03,"","dbcf24c9f86f48423588ed254bdb08b4eb8663c31d50135a35aac5648ce87c73","1f97aae25b451b487872acbec081b19f16f85159628e9b3ae8b8a1228cdea265","cdcc4eaa9ecaf383e30d71f7cdcaab0f7e3e6d0296739b4e6eb9399407eef12a","882e3060f5e135c7cb137bdf0143aafe4b5933883b4fbb8e9c6cd710668e5277","33ca367989330a9a4b2a74d43439f10868cff54c35ecfce500c0020550c11a07"
"1.0","feature_rich","wc2018","wc2018_057",TRUE,TRUE,TRUE,2018-06-30,2018-07-06,"","dbcf24c9f86f48423588ed254bdb08b4eb8663c31d50135a35aac5648ce87c73","1f97aae25b451b487872acbec081b19f16f85159628e9b3ae8b8a1228cdea265","cdcc4eaa9ecaf383e30d71f7cdcaab0f7e3e6d0296739b4e6eb9399407eef12a","c299856e21e05a77ec3c06d6ef01a3f0f128653227821c27e91c2c60867298e6","4f4ab5d1f48d34602839decd381fb25f9ac73f5b153f11f13b9ff51d6de919ef"
"1.0","feature_rich","wc2018","wc2018_058",TRUE,TRUE,TRUE,2018-06-30,2018-07-06,"","dbcf24c9f86f48423588ed254bdb08b4eb8663c31d50135a35aac5648ce87c73","1f97aae25b451b487872acbec081b19f16f85159628e9b3ae8b8a1228cdea265","cdcc4eaa9ecaf383e30d71f7cdcaab0f7e3e6d0296739b4e6eb9399407eef12a","6d6955839486678df832015ade1a0daf5b80bf8bb0f46c18546f714906c4c987","5c60a455dbdfa93ce8d0070afd2f49375e7b7acc52d1f4cd643cca2e7adf6084"
"1.0","feature_rich","wc2018","wc2018_059",TRUE,TRUE,TRUE,2018-06-30,2018-07-07,"","dbcf24c9f86f48423588ed254bdb08b4eb8663c31d50135a35aac5648ce87c73","1f97aae25b451b487872acbec081b19f16f85159628e9b3ae8b8a1228cdea265","cdcc4eaa9ecaf383e30d71f7cdcaab0f7e3e6d0296739b4e6eb9399407eef12a","d30d003b3924b95b499575fb2a83e27c37e661d1da2519a583f551d3e7168a12","9be383725560308de7651b31f5dbf5eed0b93f8385c8759229ead0ef0b575dc8"
"1.0","feature_rich","wc2018","wc2018_060",TRUE,TRUE,TRUE,2018-06-30,2018-07-07,"","dbcf24c9f86f48423588ed254bdb08b4eb8663c31d50135a35aac5648ce87c73","1f97aae25b451b487872acbec081b19f16f85159628e9b3ae8b8a1228cdea265","cdcc4eaa9ecaf383e30d71f7cdcaab0f7e3e6d0296739b4e6eb9399407eef12a","5e466ab380f1ae51acfc441aad4ae0a3d66ad6cdddcf6556ca17cff4e53e36e6","c77938c526142d5b23ababb30421f5c6a5130949a37b06e748e3f4c43bad06c3"
"1.0","feature_rich","wc2018","wc2018_061",TRUE,TRUE,TRUE,2018-06-30,2018-07-10,"","dbcf24c9f86f48423588ed254bdb08b4eb8663c31d50135a35aac5648ce87c73","1f97aae25b451b487872acbec081b19f16f85159628e9b3ae8b8a1228cdea265","cdcc4eaa9ecaf383e30d71f7cdcaab0f7e3e6d0296739b4e6eb9399407eef12a","0c2ccf8cf534e17de815aa75383795271d91206172f6aabca749cdd0232a13dd","32acb1063eb47799c5a01580009f163bb1d39ed1cc9f8f03e2819c83cfbbe7bc"
"1.0","feature_rich","wc2018","wc2018_062",TRUE,TRUE,TRUE,2018-06-30,2018-07-11,"","dbcf24c9f86f48423588ed254bdb08b4eb8663c31d50135a35aac5648ce87c73","1f97aae25b451b487872acbec081b19f16f85159628e9b3ae8b8a1228cdea265","cdcc4eaa9ecaf383e30d71f7cdcaab0f7e3e6d0296739b4e6eb9399407eef12a","6e79f87cab79f07e2889d20a4cbe9629cb59abfb77bf6dd83a947d8d6fb71ce7","0f5182c51c4d4d6669f028516a9c5008b8f486e4798805e5710c9fe8f5470ae1"
"1.0","feature_rich","wc2018","wc2018_063",TRUE,TRUE,TRUE,2018-06-30,2018-07-14,"","dbcf24c9f86f48423588ed254bdb08b4eb8663c31d50135a35aac5648ce87c73","1f97aae25b451b487872acbec081b19f16f85159628e9b3ae8b8a1228cdea265","cdcc4eaa9ecaf383e30d71f7cdcaab0f7e3e6d0296739b4e6eb9399407eef12a","05db6b244512fdf91f3e92f74848a84e8454ec875eea19f95a372b664a86a563","7224b5eb2a3e2367d400d0ae162fce047a34e82dbf19c50039d0850551fce96a"
"1.0","feature_rich","wc2018","wc2018_064",TRUE,TRUE,TRUE,2018-06-30,2018-07-15,"","dbcf24c9f86f48423588ed254bdb08b4eb8663c31d50135a35aac5648ce87c73","1f97aae25b451b487872acbec081b19f16f85159628e9b3ae8b8a1228cdea265","cdcc4eaa9ecaf383e30d71f7cdcaab0f7e3e6d0296739b4e6eb9399407eef12a","5b7698981232eb34b15ec8f413278a12c647cb853632c3572d123211b8b6a325","849105c42a2e0664489e8ef2e73e1d18131d069db63a2a272c45b6e4c27d9721"
"1.0","feature_rich","wc2022","wc2022_001",TRUE,TRUE,TRUE,2022-06-30,2022-11-20,"","dbcf24c9f86f48423588ed254bdb08b4eb8663c31d50135a35aac5648ce87c73","1f97aae25b451b487872acbec081b19f16f85159628e9b3ae8b8a1228cdea265","cdcc4eaa9ecaf383e30d71f7cdcaab0f7e3e6d0296739b4e6eb9399407eef12a","ba8ea5c0b61e9fd230cc2ab7e7b8af0657ffce9949e373cc208ac29c2bc6b220","911692a183de06713ba8565fe40dacee2956aec683c23dd3664b87dbbd194a49"
"1.0","feature_rich","wc2022","wc2022_002",TRUE,TRUE,TRUE,2022-06-30,2022-11-21,"","dbcf24c9f86f48423588ed254bdb08b4eb8663c31d50135a35aac5648ce87c73","1f97aae25b451b487872acbec081b19f16f85159628e9b3ae8b8a1228cdea265","cdcc4eaa9ecaf383e30d71f7cdcaab0f7e3e6d0296739b4e6eb9399407eef12a","4359af5a77a42ebf0aba01ee94bd225f4ba0dfa38163c80c886089c574beae06","edd0537c6b38f01be745b1b859893b676b8f58596e2148ad27481a5c3a731f44"
"1.0","feature_rich","wc2022","wc2022_003",TRUE,TRUE,TRUE,2022-06-30,2022-11-21,"","dbcf24c9f86f48423588ed254bdb08b4eb8663c31d50135a35aac5648ce87c73","1f97aae25b451b487872acbec081b19f16f85159628e9b3ae8b8a1228cdea265","cdcc4eaa9ecaf383e30d71f7cdcaab0f7e3e6d0296739b4e6eb9399407eef12a","25319467cfac003421f3f7636de39f4caef823307e47137342fa07744ee821b5","09b9d2526a37b147e4cb2b053094dbb06435cbe065f8fe3a9bd8bf6b5db1eb14"
"1.0","feature_rich","wc2022","wc2022_004",TRUE,TRUE,TRUE,2022-06-30,2022-11-21,"","dbcf24c9f86f48423588ed254bdb08b4eb8663c31d50135a35aac5648ce87c73","1f97aae25b451b487872acbec081b19f16f85159628e9b3ae8b8a1228cdea265","cdcc4eaa9ecaf383e30d71f7cdcaab0f7e3e6d0296739b4e6eb9399407eef12a","6bb2fbf506dedc6d91c40d784ad4ab24bacaa9c71bcb3c07716cb90e7633f1ae","4bda2a49e738d38c8157eff7ac1059029fbadf6b29bd50f1fd430b9f4538bae1"
"1.0","feature_rich","wc2022","wc2022_005",TRUE,TRUE,TRUE,2022-06-30,2022-11-22,"","dbcf24c9f86f48423588ed254bdb08b4eb8663c31d50135a35aac5648ce87c73","1f97aae25b451b487872acbec081b19f16f85159628e9b3ae8b8a1228cdea265","cdcc4eaa9ecaf383e30d71f7cdcaab0f7e3e6d0296739b4e6eb9399407eef12a","b0650cf8a7cf51cdf0ff011a070ab1cdd73262ef7443c53fbcba2322c65c35ee","71664a145a6462b3a797579800e777154478e312a9387c029a7c54852c518ce1"
"1.0","feature_rich","wc2022","wc2022_006",TRUE,TRUE,TRUE,2022-06-30,2022-11-22,"","dbcf24c9f86f48423588ed254bdb08b4eb8663c31d50135a35aac5648ce87c73","1f97aae25b451b487872acbec081b19f16f85159628e9b3ae8b8a1228cdea265","cdcc4eaa9ecaf383e30d71f7cdcaab0f7e3e6d0296739b4e6eb9399407eef12a","ec9c8b1291a533ef378b635c9c4c50d6ba48e1674358be161df1b9a717ab775c","f5a3ad624033ecef2f2b9d42e7992db7653238e3bcf37d8d29b2ad0f1974c603"
"1.0","feature_rich","wc2022","wc2022_007",TRUE,TRUE,TRUE,2022-06-30,2022-11-22,"","dbcf24c9f86f48423588ed254bdb08b4eb8663c31d50135a35aac5648ce87c73","1f97aae25b451b487872acbec081b19f16f85159628e9b3ae8b8a1228cdea265","cdcc4eaa9ecaf383e30d71f7cdcaab0f7e3e6d0296739b4e6eb9399407eef12a","cfff1ff28d03c449d8ff7da2b01bab0e3b8c80d2a6b350f7453e4d66853d4dc1","b914237c5a71c043e8e5ec55e489601a3109132eea731f0fbf654148db674ae7"
"1.0","feature_rich","wc2022","wc2022_008",TRUE,TRUE,TRUE,2022-06-30,2022-11-22,"","dbcf24c9f86f48423588ed254bdb08b4eb8663c31d50135a35aac5648ce87c73","1f97aae25b451b487872acbec081b19f16f85159628e9b3ae8b8a1228cdea265","cdcc4eaa9ecaf383e30d71f7cdcaab0f7e3e6d0296739b4e6eb9399407eef12a","8740f72107468ebab78e33c3bba196a216a1a1bfc544d31b54352eaf6ed7fb82","0a674a4eba7f8300ea85fff07faa7caa276c2bfed50009efa83fbb728d7aba81"
"1.0","feature_rich","wc2022","wc2022_009",TRUE,TRUE,TRUE,2022-06-30,2022-11-23,"","dbcf24c9f86f48423588ed254bdb08b4eb8663c31d50135a35aac5648ce87c73","1f97aae25b451b487872acbec081b19f16f85159628e9b3ae8b8a1228cdea265","cdcc4eaa9ecaf383e30d71f7cdcaab0f7e3e6d0296739b4e6eb9399407eef12a","ade6ed2fcc5b6bfb2c2808740ada099a8faae24dc622d5cfca88c384823f4910","db8d349e388eff17c7830e1afe476c55d98742a44c5c30137b6578c065519739"
"1.0","feature_rich","wc2022","wc2022_010",TRUE,TRUE,TRUE,2022-06-30,2022-11-23,"","dbcf24c9f86f48423588ed254bdb08b4eb8663c31d50135a35aac5648ce87c73","1f97aae25b451b487872acbec081b19f16f85159628e9b3ae8b8a1228cdea265","cdcc4eaa9ecaf383e30d71f7cdcaab0f7e3e6d0296739b4e6eb9399407eef12a","c547d5aedcb68b2a8226ae5b3cb614a244a31111b5d40251fe9fd02c3f6ac3aa","ac68bd279483f1019770b9b0cfdeda987da7593b954988207f1811492be8f965"
"1.0","feature_rich","wc2022","wc2022_011",TRUE,TRUE,TRUE,2022-06-30,2022-11-23,"","dbcf24c9f86f48423588ed254bdb08b4eb8663c31d50135a35aac5648ce87c73","1f97aae25b451b487872acbec081b19f16f85159628e9b3ae8b8a1228cdea265","cdcc4eaa9ecaf383e30d71f7cdcaab0f7e3e6d0296739b4e6eb9399407eef12a","94f27ed89f6edd5d25b9d88b24389cba3666dec6e994b766912ae0f22ce796a9","d2c92cf6039d5fdd88708472f6a47ae12d4e6a3dfe08e44ead9b301deb6bf3d5"
"1.0","feature_rich","wc2022","wc2022_012",TRUE,TRUE,TRUE,2022-06-30,2022-11-23,"","dbcf24c9f86f48423588ed254bdb08b4eb8663c31d50135a35aac5648ce87c73","1f97aae25b451b487872acbec081b19f16f85159628e9b3ae8b8a1228cdea265","cdcc4eaa9ecaf383e30d71f7cdcaab0f7e3e6d0296739b4e6eb9399407eef12a","1e00d226a83f511243c9cc6332c30f15d1dda3bd1aeeb363d44d1fbd27bf09db","b817ef4f182bebc3ee9cce9273920fa92a375f10968cbc8b1be3c0ed7f041508"
"1.0","feature_rich","wc2022","wc2022_013",TRUE,TRUE,TRUE,2022-06-30,2022-11-24,"","dbcf24c9f86f48423588ed254bdb08b4eb8663c31d50135a35aac5648ce87c73","1f97aae25b451b487872acbec081b19f16f85159628e9b3ae8b8a1228cdea265","cdcc4eaa9ecaf383e30d71f7cdcaab0f7e3e6d0296739b4e6eb9399407eef12a","de0c234861828627d536ffe7930c740d6859501e9ba098c308f260db172fb6f2","89e76d5805256f46571e1e5891fcef655bc1a8f3d2ad6dee0dc0a5800e511558"
"1.0","feature_rich","wc2022","wc2022_014",TRUE,TRUE,TRUE,2022-06-30,2022-11-24,"","dbcf24c9f86f48423588ed254bdb08b4eb8663c31d50135a35aac5648ce87c73","1f97aae25b451b487872acbec081b19f16f85159628e9b3ae8b8a1228cdea265","cdcc4eaa9ecaf383e30d71f7cdcaab0f7e3e6d0296739b4e6eb9399407eef12a","26e1b77e7981f2fad43f264ccc9ad786fcf5c301e2991cb52d94ff4bdbaaa6b1","7de3d53f69252b296e0cd1f06fa198e8f3c7b055faf4738d24b4d3049236314b"
"1.0","feature_rich","wc2022","wc2022_015",TRUE,TRUE,TRUE,2022-06-30,2022-11-24,"","dbcf24c9f86f48423588ed254bdb08b4eb8663c31d50135a35aac5648ce87c73","1f97aae25b451b487872acbec081b19f16f85159628e9b3ae8b8a1228cdea265","cdcc4eaa9ecaf383e30d71f7cdcaab0f7e3e6d0296739b4e6eb9399407eef12a","2d87efa6fca32dd7af090d038f5097740ee511a86d05aa2e739c541832f2455e","311628628c653fb0131fc21c79c51c0552e37e6584108ef139cb4cb5d385269b"
"1.0","feature_rich","wc2022","wc2022_016",TRUE,TRUE,TRUE,2022-06-30,2022-11-24,"","dbcf24c9f86f48423588ed254bdb08b4eb8663c31d50135a35aac5648ce87c73","1f97aae25b451b487872acbec081b19f16f85159628e9b3ae8b8a1228cdea265","cdcc4eaa9ecaf383e30d71f7cdcaab0f7e3e6d0296739b4e6eb9399407eef12a","953800770d644b7a0685eb569e821002c65916a19a0b7c01a2597c445d1c001c","5fb29c458179d679ef2452e4cc195aefaca6b6331a3993fb2b231658872fb041"
"1.0","feature_rich","wc2022","wc2022_017",TRUE,TRUE,TRUE,2022-06-30,2022-11-25,"","dbcf24c9f86f48423588ed254bdb08b4eb8663c31d50135a35aac5648ce87c73","1f97aae25b451b487872acbec081b19f16f85159628e9b3ae8b8a1228cdea265","cdcc4eaa9ecaf383e30d71f7cdcaab0f7e3e6d0296739b4e6eb9399407eef12a","aa9e37b581bcd3601a4fe06e36cbc824c111049b17684124b54d55b8a9bdf2ad","5bbc047e03bab8c2a78e5ad62bd066047e6303a250dfc6de0fa839cfd77ba13f"
"1.0","feature_rich","wc2022","wc2022_018",TRUE,TRUE,TRUE,2022-06-30,2022-11-25,"","dbcf24c9f86f48423588ed254bdb08b4eb8663c31d50135a35aac5648ce87c73","1f97aae25b451b487872acbec081b19f16f85159628e9b3ae8b8a1228cdea265","cdcc4eaa9ecaf383e30d71f7cdcaab0f7e3e6d0296739b4e6eb9399407eef12a","b44759d5bd54b26d54e54442424fe07a079fd4be2f9e7c0ee713e291cf993d85","2270ce25bbde63c84d793e179de65ac9445df1422c93c4683d4c11ed26321783"
"1.0","feature_rich","wc2022","wc2022_019",TRUE,TRUE,TRUE,2022-06-30,2022-11-25,"","dbcf24c9f86f48423588ed254bdb08b4eb8663c31d50135a35aac5648ce87c73","1f97aae25b451b487872acbec081b19f16f85159628e9b3ae8b8a1228cdea265","cdcc4eaa9ecaf383e30d71f7cdcaab0f7e3e6d0296739b4e6eb9399407eef12a","b8f26ace69630499bf3d19a288d1e1200041975ab2a81ee6826c86e985056fdf","a040252c424d048a9017dd642de7746a99534f2f95674a6d74596077afb307a6"
"1.0","feature_rich","wc2022","wc2022_020",TRUE,TRUE,TRUE,2022-06-30,2022-11-25,"","dbcf24c9f86f48423588ed254bdb08b4eb8663c31d50135a35aac5648ce87c73","1f97aae25b451b487872acbec081b19f16f85159628e9b3ae8b8a1228cdea265","cdcc4eaa9ecaf383e30d71f7cdcaab0f7e3e6d0296739b4e6eb9399407eef12a","d905ad1556f0b539d34e44ee621fb075e847727eab662ab1eff13cb847078962","341e5b25f5daede61bf57cff2b44a13b202ba6988bfffe48e2ca0f26cf87f7ee"
"1.0","feature_rich","wc2022","wc2022_021",TRUE,TRUE,TRUE,2022-06-30,2022-11-26,"","dbcf24c9f86f48423588ed254bdb08b4eb8663c31d50135a35aac5648ce87c73","1f97aae25b451b487872acbec081b19f16f85159628e9b3ae8b8a1228cdea265","cdcc4eaa9ecaf383e30d71f7cdcaab0f7e3e6d0296739b4e6eb9399407eef12a","0d7170e0955226ab7deb691ef68b04f5779de82a35c56066add466a24bd3ec21","18155e7a52284b87bada7581afb929406bb7626fc9c24f15c6b642af2cb048d0"
"1.0","feature_rich","wc2022","wc2022_022",TRUE,TRUE,TRUE,2022-06-30,2022-11-26,"","dbcf24c9f86f48423588ed254bdb08b4eb8663c31d50135a35aac5648ce87c73","1f97aae25b451b487872acbec081b19f16f85159628e9b3ae8b8a1228cdea265","cdcc4eaa9ecaf383e30d71f7cdcaab0f7e3e6d0296739b4e6eb9399407eef12a","d4825831c081face9b9979968e9a9ac11141965e9c375d6a14deae26615c2c0e","4c7be622d7ac2cfbf17f90e72de25c28952b13bab1e2f08ba5377783e901d234"
"1.0","feature_rich","wc2022","wc2022_023",TRUE,TRUE,TRUE,2022-06-30,2022-11-26,"","dbcf24c9f86f48423588ed254bdb08b4eb8663c31d50135a35aac5648ce87c73","1f97aae25b451b487872acbec081b19f16f85159628e9b3ae8b8a1228cdea265","cdcc4eaa9ecaf383e30d71f7cdcaab0f7e3e6d0296739b4e6eb9399407eef12a","ed2dc70f3388af88e349b363d2b77a0c9be238e37a19f2cc2de53e2087ee827c","e2888d61280049361a5db1e1b4bebf68bceab306b62ad60b21bac8d7e62acf4e"
"1.0","feature_rich","wc2022","wc2022_024",TRUE,TRUE,TRUE,2022-06-30,2022-11-26,"","dbcf24c9f86f48423588ed254bdb08b4eb8663c31d50135a35aac5648ce87c73","1f97aae25b451b487872acbec081b19f16f85159628e9b3ae8b8a1228cdea265","cdcc4eaa9ecaf383e30d71f7cdcaab0f7e3e6d0296739b4e6eb9399407eef12a","e8525c9be8d07a52a180e3796a37616e9337373cd1bf621b40563ba1e176e486","2c535fbcfd78a67538880cadc850741928928dd1da1ab3851f7c104ff11d7d41"
"1.0","feature_rich","wc2022","wc2022_025",TRUE,TRUE,TRUE,2022-06-30,2022-11-27,"","dbcf24c9f86f48423588ed254bdb08b4eb8663c31d50135a35aac5648ce87c73","1f97aae25b451b487872acbec081b19f16f85159628e9b3ae8b8a1228cdea265","cdcc4eaa9ecaf383e30d71f7cdcaab0f7e3e6d0296739b4e6eb9399407eef12a","145ddf49a8163d85e96a4aaf21f80893b1b97011bf06375b0cca7580dc154a09","88fe19ff8c990b78d43940b671c1c4eb04cf76f29760285b1be5fea054b52905"
"1.0","feature_rich","wc2022","wc2022_026",TRUE,TRUE,TRUE,2022-06-30,2022-11-27,"","dbcf24c9f86f48423588ed254bdb08b4eb8663c31d50135a35aac5648ce87c73","1f97aae25b451b487872acbec081b19f16f85159628e9b3ae8b8a1228cdea265","cdcc4eaa9ecaf383e30d71f7cdcaab0f7e3e6d0296739b4e6eb9399407eef12a","ef24a99c7c12d3cf902346636b3d3d583702201db54deb3d92a8415f61002ec0","8f8d17f884d8217db42937737a15c128c14ae6f120dbd5b55c693ebf0de80a3a"
"1.0","feature_rich","wc2022","wc2022_027",TRUE,TRUE,TRUE,2022-06-30,2022-11-27,"","dbcf24c9f86f48423588ed254bdb08b4eb8663c31d50135a35aac5648ce87c73","1f97aae25b451b487872acbec081b19f16f85159628e9b3ae8b8a1228cdea265","cdcc4eaa9ecaf383e30d71f7cdcaab0f7e3e6d0296739b4e6eb9399407eef12a","5e1253d6f7ab23a48a26d603cdcbf32e1766d4e4d6af63336743b5f0613edaea","dfbb2f4829cc0cb61acbc5a1fbf77634aa7d66989c999d6b4b53e5d5848d21de"
"1.0","feature_rich","wc2022","wc2022_028",TRUE,TRUE,TRUE,2022-06-30,2022-11-27,"","dbcf24c9f86f48423588ed254bdb08b4eb8663c31d50135a35aac5648ce87c73","1f97aae25b451b487872acbec081b19f16f85159628e9b3ae8b8a1228cdea265","cdcc4eaa9ecaf383e30d71f7cdcaab0f7e3e6d0296739b4e6eb9399407eef12a","1d32f4d0d7363a64800b60dca4fd5857699d1afea47e40bff69ef4d4c8e443d8","28aea9f5ea4d2ea30eb50b3b38e15dd0ec2aadf326b460388b0f3bb8d3308e18"
"1.0","feature_rich","wc2022","wc2022_029",TRUE,TRUE,TRUE,2022-06-30,2022-11-28,"","dbcf24c9f86f48423588ed254bdb08b4eb8663c31d50135a35aac5648ce87c73","1f97aae25b451b487872acbec081b19f16f85159628e9b3ae8b8a1228cdea265","cdcc4eaa9ecaf383e30d71f7cdcaab0f7e3e6d0296739b4e6eb9399407eef12a","6ef5b00744d16d6cd36ca35cdda779204ce1bcc2b731f438d246981a28b5fd7b","e82dd6d9f4a1bb9853ba650d77f09ffebd93bbf206b6df4b2a1e36c3e3c481e6"
"1.0","feature_rich","wc2022","wc2022_030",TRUE,TRUE,TRUE,2022-06-30,2022-11-28,"","dbcf24c9f86f48423588ed254bdb08b4eb8663c31d50135a35aac5648ce87c73","1f97aae25b451b487872acbec081b19f16f85159628e9b3ae8b8a1228cdea265","cdcc4eaa9ecaf383e30d71f7cdcaab0f7e3e6d0296739b4e6eb9399407eef12a","c157816ba9a9ecda7e6f6ec15e4abf365bf1bed8ee46d4e725c0b386f5e6dc5a","c6621e33ddec78748693a047235070db35016326112b8f0dc10d3cf5feb961e2"
"1.0","feature_rich","wc2022","wc2022_031",TRUE,TRUE,TRUE,2022-06-30,2022-11-28,"","dbcf24c9f86f48423588ed254bdb08b4eb8663c31d50135a35aac5648ce87c73","1f97aae25b451b487872acbec081b19f16f85159628e9b3ae8b8a1228cdea265","cdcc4eaa9ecaf383e30d71f7cdcaab0f7e3e6d0296739b4e6eb9399407eef12a","392c8976bc5c6f14173567eebee13e2c3c9af008e3273eeb411a389da778017c","1c2324588fdd90f8dcff295a8cc6e222fe209880f71e1cfd1c579a3933246894"
"1.0","feature_rich","wc2022","wc2022_032",TRUE,TRUE,TRUE,2022-06-30,2022-11-28,"","dbcf24c9f86f48423588ed254bdb08b4eb8663c31d50135a35aac5648ce87c73","1f97aae25b451b487872acbec081b19f16f85159628e9b3ae8b8a1228cdea265","cdcc4eaa9ecaf383e30d71f7cdcaab0f7e3e6d0296739b4e6eb9399407eef12a","8c33ada07001091687ec77c5e68c54ce11fca82476b57856728df0419a8487c5","6fb1d4a34b2e4544afb575f8bd76066c28f12a9f43b4347ccd5ae77056ada29a"
"1.0","feature_rich","wc2022","wc2022_033",TRUE,TRUE,TRUE,2022-06-30,2022-11-29,"","dbcf24c9f86f48423588ed254bdb08b4eb8663c31d50135a35aac5648ce87c73","1f97aae25b451b487872acbec081b19f16f85159628e9b3ae8b8a1228cdea265","cdcc4eaa9ecaf383e30d71f7cdcaab0f7e3e6d0296739b4e6eb9399407eef12a","f256902965d975a1de53aa3bfe62eb58b8f43e235c3744fb3701e7de9db72ba9","5717a9b44077c174dc36ffcca2efe3c993fec1f28d0a7ca16e0085999b322b40"
"1.0","feature_rich","wc2022","wc2022_034",TRUE,TRUE,TRUE,2022-06-30,2022-11-29,"","dbcf24c9f86f48423588ed254bdb08b4eb8663c31d50135a35aac5648ce87c73","1f97aae25b451b487872acbec081b19f16f85159628e9b3ae8b8a1228cdea265","cdcc4eaa9ecaf383e30d71f7cdcaab0f7e3e6d0296739b4e6eb9399407eef12a","9ff88057d8ce380901ad7c9b501db0341177cfec2e875ac6718191f60f150526","ea4b58fbd602b2a8a661d0802b552bd468a4f5c683035aeb85c6062a3fa75f81"
"1.0","feature_rich","wc2022","wc2022_035",TRUE,TRUE,TRUE,2022-06-30,2022-11-29,"","dbcf24c9f86f48423588ed254bdb08b4eb8663c31d50135a35aac5648ce87c73","1f97aae25b451b487872acbec081b19f16f85159628e9b3ae8b8a1228cdea265","cdcc4eaa9ecaf383e30d71f7cdcaab0f7e3e6d0296739b4e6eb9399407eef12a","31f9d93b7fc92287ae5aadfb21182b52aedbc24018e7f06dec144a1a4fe9bbbb","46770ff1878c6d29513c8a2446f3d229a5bbf8235d5a9719d46add180f45f783"
"1.0","feature_rich","wc2022","wc2022_036",TRUE,TRUE,TRUE,2022-06-30,2022-11-29,"","dbcf24c9f86f48423588ed254bdb08b4eb8663c31d50135a35aac5648ce87c73","1f97aae25b451b487872acbec081b19f16f85159628e9b3ae8b8a1228cdea265","cdcc4eaa9ecaf383e30d71f7cdcaab0f7e3e6d0296739b4e6eb9399407eef12a","84558ba603ab26366bd4edb131654c2ff5a0e99be23d7c19df4ccbf946cea7b2","a1690962fe851aba8bf83e8a6865bf0b1f78ce2f14378c9e9e5cefbdbf3c3835"
"1.0","feature_rich","wc2022","wc2022_037",TRUE,TRUE,TRUE,2022-06-30,2022-11-30,"","dbcf24c9f86f48423588ed254bdb08b4eb8663c31d50135a35aac5648ce87c73","1f97aae25b451b487872acbec081b19f16f85159628e9b3ae8b8a1228cdea265","cdcc4eaa9ecaf383e30d71f7cdcaab0f7e3e6d0296739b4e6eb9399407eef12a","eeaf651bcc05884df86278e7fd324142f77e77a067967445f678ac9922d98798","4f2265ec1868145e5711646644f6ed57780bb193780f83170f185ccee357cfa1"
"1.0","feature_rich","wc2022","wc2022_038",TRUE,TRUE,TRUE,2022-06-30,2022-11-30,"","dbcf24c9f86f48423588ed254bdb08b4eb8663c31d50135a35aac5648ce87c73","1f97aae25b451b487872acbec081b19f16f85159628e9b3ae8b8a1228cdea265","cdcc4eaa9ecaf383e30d71f7cdcaab0f7e3e6d0296739b4e6eb9399407eef12a","a46a14bc13ebf9fe3e59ba5d11237115eeada3a0a889fcc695253e881753f910","5ef101f670623f63d1f3a1ee06aefa1d498f5e1d1229bd6a9cb118fc142a7356"
"1.0","feature_rich","wc2022","wc2022_039",TRUE,TRUE,TRUE,2022-06-30,2022-11-30,"","dbcf24c9f86f48423588ed254bdb08b4eb8663c31d50135a35aac5648ce87c73","1f97aae25b451b487872acbec081b19f16f85159628e9b3ae8b8a1228cdea265","cdcc4eaa9ecaf383e30d71f7cdcaab0f7e3e6d0296739b4e6eb9399407eef12a","955889a0aa78fe804bf80d5dfea8df2fea7f88bebfa020d93987e8a392722a61","aa652b255894190163e667e8609cfdc97d61942335f7f7153f4aafa6be11e4ec"
"1.0","feature_rich","wc2022","wc2022_040",TRUE,TRUE,TRUE,2022-06-30,2022-11-30,"","dbcf24c9f86f48423588ed254bdb08b4eb8663c31d50135a35aac5648ce87c73","1f97aae25b451b487872acbec081b19f16f85159628e9b3ae8b8a1228cdea265","cdcc4eaa9ecaf383e30d71f7cdcaab0f7e3e6d0296739b4e6eb9399407eef12a","f1ae3569247142f38750edf58f76e3d78c1c4f41a91dde2e5e2206eb372f2d2a","a45b01e7cf22ce92660df6d17d58930b1a7f858e8bb1f69d03ea6c465f941488"
"1.0","feature_rich","wc2022","wc2022_041",TRUE,TRUE,TRUE,2022-06-30,2022-12-01,"","dbcf24c9f86f48423588ed254bdb08b4eb8663c31d50135a35aac5648ce87c73","1f97aae25b451b487872acbec081b19f16f85159628e9b3ae8b8a1228cdea265","cdcc4eaa9ecaf383e30d71f7cdcaab0f7e3e6d0296739b4e6eb9399407eef12a","dd154758c7a77f770d03d4ff739b6fffb7b05f14ae58dc71e077bfa54529f9da","071f669cb73a65358e004113ebbc359e803ec28009cee0539b2707036589db03"
"1.0","feature_rich","wc2022","wc2022_042",TRUE,TRUE,TRUE,2022-06-30,2022-12-01,"","dbcf24c9f86f48423588ed254bdb08b4eb8663c31d50135a35aac5648ce87c73","1f97aae25b451b487872acbec081b19f16f85159628e9b3ae8b8a1228cdea265","cdcc4eaa9ecaf383e30d71f7cdcaab0f7e3e6d0296739b4e6eb9399407eef12a","2f3b154df445e23f8cbbaa14b24d89452ad5a5cb692ac4c14007c96b909d8635","59d603de9b277c8556fccda673166f9667be7635bb2f625fe7cb103a56acf4b8"
"1.0","feature_rich","wc2022","wc2022_043",TRUE,TRUE,TRUE,2022-06-30,2022-12-01,"","dbcf24c9f86f48423588ed254bdb08b4eb8663c31d50135a35aac5648ce87c73","1f97aae25b451b487872acbec081b19f16f85159628e9b3ae8b8a1228cdea265","cdcc4eaa9ecaf383e30d71f7cdcaab0f7e3e6d0296739b4e6eb9399407eef12a","df44b63a2a146d7fbf7a39f39c2bd93b64a5e16258b5eac46e914621b618f2d7","69a3676f634458b3eed37661df3bd4c22b1a61399eda97db8ac156863944da15"
"1.0","feature_rich","wc2022","wc2022_044",TRUE,TRUE,TRUE,2022-06-30,2022-12-01,"","dbcf24c9f86f48423588ed254bdb08b4eb8663c31d50135a35aac5648ce87c73","1f97aae25b451b487872acbec081b19f16f85159628e9b3ae8b8a1228cdea265","cdcc4eaa9ecaf383e30d71f7cdcaab0f7e3e6d0296739b4e6eb9399407eef12a","a315379b7e2a27ffcbb142d952457decd05b96f91a0a241c6c50d806d17e7ac3","3b86badb5f572666a6add959cb489eb50cd96ddce9bedf3765ad9c685e45b654"
"1.0","feature_rich","wc2022","wc2022_045",TRUE,TRUE,TRUE,2022-06-30,2022-12-02,"","dbcf24c9f86f48423588ed254bdb08b4eb8663c31d50135a35aac5648ce87c73","1f97aae25b451b487872acbec081b19f16f85159628e9b3ae8b8a1228cdea265","cdcc4eaa9ecaf383e30d71f7cdcaab0f7e3e6d0296739b4e6eb9399407eef12a","d7b5e39c606b6fbe8c9363589aeacab3824b0047e27265b0c2918b3e45b92bb2","a5e66bc56aa9fb2750592b9e80218c4ed5bcdd5cb0a62e2a9dd31f852e072422"
"1.0","feature_rich","wc2022","wc2022_046",TRUE,TRUE,TRUE,2022-06-30,2022-12-02,"","dbcf24c9f86f48423588ed254bdb08b4eb8663c31d50135a35aac5648ce87c73","1f97aae25b451b487872acbec081b19f16f85159628e9b3ae8b8a1228cdea265","cdcc4eaa9ecaf383e30d71f7cdcaab0f7e3e6d0296739b4e6eb9399407eef12a","086aa8f6ca1259e28d19ef39be39a70547d4e58ef1475ee97dd58a1c0d737731","086f0fd0a8bb7710601fc7270129894a8bdbaf44c1d73303c625c1d555d79d4a"
"1.0","feature_rich","wc2022","wc2022_047",TRUE,TRUE,TRUE,2022-06-30,2022-12-02,"","dbcf24c9f86f48423588ed254bdb08b4eb8663c31d50135a35aac5648ce87c73","1f97aae25b451b487872acbec081b19f16f85159628e9b3ae8b8a1228cdea265","cdcc4eaa9ecaf383e30d71f7cdcaab0f7e3e6d0296739b4e6eb9399407eef12a","3f011dd32e93c49aaec5a5b1ce90a7c9422dffd548d25da69cc7d47ebc0b1dfe","614613a33bb53cf61027b8007eeb742060e7dfdcfa22a9cec4da3288269dcdde"
"1.0","feature_rich","wc2022","wc2022_048",TRUE,TRUE,TRUE,2022-06-30,2022-12-02,"","dbcf24c9f86f48423588ed254bdb08b4eb8663c31d50135a35aac5648ce87c73","1f97aae25b451b487872acbec081b19f16f85159628e9b3ae8b8a1228cdea265","cdcc4eaa9ecaf383e30d71f7cdcaab0f7e3e6d0296739b4e6eb9399407eef12a","a7181185b2101f4655e99253d26f1a24d7f0c1dc84100ca2382d75dd713b9e02","d57079683205209e494ead8a6f259b6c8fab0fc11c69ac40c546dce3a782a036"
"1.0","feature_rich","wc2022","wc2022_049",TRUE,TRUE,TRUE,2022-06-30,2022-12-03,"","dbcf24c9f86f48423588ed254bdb08b4eb8663c31d50135a35aac5648ce87c73","1f97aae25b451b487872acbec081b19f16f85159628e9b3ae8b8a1228cdea265","cdcc4eaa9ecaf383e30d71f7cdcaab0f7e3e6d0296739b4e6eb9399407eef12a","fbfcad19932bc58a048afb72b3834f349244f549d079e2a3efa79690d1250d3f","c8fe64ad3aa7fb845678821efeeaa75d16f0c5769603bfa6f1371eebb50ac071"
"1.0","feature_rich","wc2022","wc2022_050",TRUE,TRUE,TRUE,2022-06-30,2022-12-03,"","dbcf24c9f86f48423588ed254bdb08b4eb8663c31d50135a35aac5648ce87c73","1f97aae25b451b487872acbec081b19f16f85159628e9b3ae8b8a1228cdea265","cdcc4eaa9ecaf383e30d71f7cdcaab0f7e3e6d0296739b4e6eb9399407eef12a","b11bdb9bebc3000c72d604f01eb3ed29990b5e697e6fd696972a56cba4c0c396","2118f3cf48da1841fd0ba69961609b663a02a48005c1bc8aa1d1acd69a554078"
"1.0","feature_rich","wc2022","wc2022_051",TRUE,TRUE,TRUE,2022-06-30,2022-12-04,"","dbcf24c9f86f48423588ed254bdb08b4eb8663c31d50135a35aac5648ce87c73","1f97aae25b451b487872acbec081b19f16f85159628e9b3ae8b8a1228cdea265","cdcc4eaa9ecaf383e30d71f7cdcaab0f7e3e6d0296739b4e6eb9399407eef12a","c6c4d145280e610b970e61d41d4daebc0f7c9856866ca0313e5a136c0686d927","d86d0869755d52b8c02c4edff2ec7430f464a7fedc5d93d7d0e6908721621cdb"
"1.0","feature_rich","wc2022","wc2022_052",TRUE,TRUE,TRUE,2022-06-30,2022-12-04,"","dbcf24c9f86f48423588ed254bdb08b4eb8663c31d50135a35aac5648ce87c73","1f97aae25b451b487872acbec081b19f16f85159628e9b3ae8b8a1228cdea265","cdcc4eaa9ecaf383e30d71f7cdcaab0f7e3e6d0296739b4e6eb9399407eef12a","94cae60e42d5b26c6414532e1848f6de1268caf871cfae6ab413e7a8a48ea9be","a4c58926c542efa5b09b0d5827e532a80bf6a1a5218d24df93da4802cf734a18"
"1.0","feature_rich","wc2022","wc2022_053",TRUE,TRUE,TRUE,2022-06-30,2022-12-05,"","dbcf24c9f86f48423588ed254bdb08b4eb8663c31d50135a35aac5648ce87c73","1f97aae25b451b487872acbec081b19f16f85159628e9b3ae8b8a1228cdea265","cdcc4eaa9ecaf383e30d71f7cdcaab0f7e3e6d0296739b4e6eb9399407eef12a","34e28d6093dc5321f0e85711bb1fd124e61cdfff96abafcae94769578ec319b3","c537388df9b3e175b8092b41962289e0f23da9460e596c7d561877fa983f451c"
"1.0","feature_rich","wc2022","wc2022_054",TRUE,TRUE,TRUE,2022-06-30,2022-12-05,"","dbcf24c9f86f48423588ed254bdb08b4eb8663c31d50135a35aac5648ce87c73","1f97aae25b451b487872acbec081b19f16f85159628e9b3ae8b8a1228cdea265","cdcc4eaa9ecaf383e30d71f7cdcaab0f7e3e6d0296739b4e6eb9399407eef12a","4e5bcb59723f8962db52e9244bfd198700f138ee7b160dc635517ff8e925f055","7d3c9d572f1260044ddfbbe5cf99730e9cefd1adb2e27233ea4287fbb2eff018"
"1.0","feature_rich","wc2022","wc2022_055",TRUE,TRUE,TRUE,2022-06-30,2022-12-06,"","dbcf24c9f86f48423588ed254bdb08b4eb8663c31d50135a35aac5648ce87c73","1f97aae25b451b487872acbec081b19f16f85159628e9b3ae8b8a1228cdea265","cdcc4eaa9ecaf383e30d71f7cdcaab0f7e3e6d0296739b4e6eb9399407eef12a","dcc1653c093d62047386660a7bc03dd63b6f8926cb94858a8903b07fa40a4da2","61d8aef9bd282d3fc9d57cb1e6ed5ef901438d88eca3db5abe5904ed6f4fe2ae"
"1.0","feature_rich","wc2022","wc2022_056",TRUE,TRUE,TRUE,2022-06-30,2022-12-06,"","dbcf24c9f86f48423588ed254bdb08b4eb8663c31d50135a35aac5648ce87c73","1f97aae25b451b487872acbec081b19f16f85159628e9b3ae8b8a1228cdea265","cdcc4eaa9ecaf383e30d71f7cdcaab0f7e3e6d0296739b4e6eb9399407eef12a","a2beadbb876972a41a268632f9337be7a0adf6f9893ead39e0d0de7d31d0dd74","b029f9d3cfec2421beeb7f0995c2a09683f2bfaa7ffed1c7233a1ae2650a6800"
"1.0","feature_rich","wc2022","wc2022_057",TRUE,TRUE,TRUE,2022-06-30,2022-12-09,"","dbcf24c9f86f48423588ed254bdb08b4eb8663c31d50135a35aac5648ce87c73","1f97aae25b451b487872acbec081b19f16f85159628e9b3ae8b8a1228cdea265","cdcc4eaa9ecaf383e30d71f7cdcaab0f7e3e6d0296739b4e6eb9399407eef12a","5cbda9522e90f93e488e56e0864ac7d764335dcf9a1e19fd63c00a38b4525490","92b34db6cb5b54e3d7c30462df9edc513b65f0f62706bf2c084378469647b97f"
"1.0","feature_rich","wc2022","wc2022_058",TRUE,TRUE,TRUE,2022-06-30,2022-12-09,"","dbcf24c9f86f48423588ed254bdb08b4eb8663c31d50135a35aac5648ce87c73","1f97aae25b451b487872acbec081b19f16f85159628e9b3ae8b8a1228cdea265","cdcc4eaa9ecaf383e30d71f7cdcaab0f7e3e6d0296739b4e6eb9399407eef12a","7f7f2cf7c6844dd3a424e4121fb2f4af485781f165ade18f65b2a46ecd5c86b8","70030e13d212095dd8a6df1c484499758c85a19c25d2fab890d504de0334d9fe"
"1.0","feature_rich","wc2022","wc2022_059",TRUE,TRUE,TRUE,2022-06-30,2022-12-10,"","dbcf24c9f86f48423588ed254bdb08b4eb8663c31d50135a35aac5648ce87c73","1f97aae25b451b487872acbec081b19f16f85159628e9b3ae8b8a1228cdea265","cdcc4eaa9ecaf383e30d71f7cdcaab0f7e3e6d0296739b4e6eb9399407eef12a","a13be2d76247c34c69551c2f8476d44e87a3264ac369584e38140759b0e039f0","bebe552cdb0aa5e5cda5f8f0e7ee6294e946fdd063cafa154b7fba274e373d16"
"1.0","feature_rich","wc2022","wc2022_060",TRUE,TRUE,TRUE,2022-06-30,2022-12-10,"","dbcf24c9f86f48423588ed254bdb08b4eb8663c31d50135a35aac5648ce87c73","1f97aae25b451b487872acbec081b19f16f85159628e9b3ae8b8a1228cdea265","cdcc4eaa9ecaf383e30d71f7cdcaab0f7e3e6d0296739b4e6eb9399407eef12a","68529a76f7a3f36e509a4416bb06098459bd491b5ec60726e0dc51f0dd127df6","5cd44a78880e5f276b06924b2fa684760ac64b4b21b08193360fcf930fd9ebbb"
"1.0","feature_rich","wc2022","wc2022_061",TRUE,TRUE,TRUE,2022-06-30,2022-12-13,"","dbcf24c9f86f48423588ed254bdb08b4eb8663c31d50135a35aac5648ce87c73","1f97aae25b451b487872acbec081b19f16f85159628e9b3ae8b8a1228cdea265","cdcc4eaa9ecaf383e30d71f7cdcaab0f7e3e6d0296739b4e6eb9399407eef12a","4018177488423eec0118feac4ef2296e4ce9297682edf03b79fc39828dd1ce9b","92fe64f7d707e4e408e430b40519355f84bdd0f35ef12ccd0c9a0ed2913897b9"
"1.0","feature_rich","wc2022","wc2022_062",TRUE,TRUE,TRUE,2022-06-30,2022-12-14,"","dbcf24c9f86f48423588ed254bdb08b4eb8663c31d50135a35aac5648ce87c73","1f97aae25b451b487872acbec081b19f16f85159628e9b3ae8b8a1228cdea265","cdcc4eaa9ecaf383e30d71f7cdcaab0f7e3e6d0296739b4e6eb9399407eef12a","f9999f4e408218fb6602c7e9f0dfda5dffc08e4c2965b8c22b7a80eb0e4368b4","82ec3ceb8525026daeea014118aeec77d9c1f85de4f54b197aab8ce5bd493a71"
"1.0","feature_rich","wc2022","wc2022_063",TRUE,TRUE,TRUE,2022-06-30,2022-12-17,"","dbcf24c9f86f48423588ed254bdb08b4eb8663c31d50135a35aac5648ce87c73","1f97aae25b451b487872acbec081b19f16f85159628e9b3ae8b8a1228cdea265","cdcc4eaa9ecaf383e30d71f7cdcaab0f7e3e6d0296739b4e6eb9399407eef12a","adc93abb59097a08c3f68b086e42fc3e077ac538048e408a85e942dbcd4def21","bacdff2f6444d451ac1cfec837dbe35a2ecbc0b497e706d9f342ad6553066d5f"
"1.0","feature_rich","wc2022","wc2022_064",TRUE,TRUE,TRUE,2022-06-30,2022-12-18,"","dbcf24c9f86f48423588ed254bdb08b4eb8663c31d50135a35aac5648ce87c73","1f97aae25b451b487872acbec081b19f16f85159628e9b3ae8b8a1228cdea265","cdcc4eaa9ecaf383e30d71f7cdcaab0f7e3e6d0296739b4e6eb9399407eef12a","5417be5989412bb0db22e3a153b0c2a8ce446dc6353ec13619922c0fa3b040ee","41f1bf66535d6b95784926d87461fe6b9291f97f87a57c917beb00d72fea1fa3"
"1.0","open_core","euro2004","euro2004_001",TRUE,TRUE,TRUE,2004-06-11,2004-06-12,"","dbcf24c9f86f48423588ed254bdb08b4eb8663c31d50135a35aac5648ce87c73","1f97aae25b451b487872acbec081b19f16f85159628e9b3ae8b8a1228cdea265","7a5e5629a678fff177770206d872af4aabb850c7b2f06148e7092eb01db80527","355fc787dc90dd113d8cd606b2806a61cec5f49b7c4e3832b3a9c3331696dc9a","f83339315ba8234d81d0a4c0b1a543a6f9ab1e6e812ecc4fa98895b63e673ff5"
"1.0","open_core","euro2004","euro2004_002",TRUE,TRUE,TRUE,2004-06-11,2004-06-12,"","dbcf24c9f86f48423588ed254bdb08b4eb8663c31d50135a35aac5648ce87c73","1f97aae25b451b487872acbec081b19f16f85159628e9b3ae8b8a1228cdea265","7a5e5629a678fff177770206d872af4aabb850c7b2f06148e7092eb01db80527","3eb79982205924c7be097d8a078a05f676ebada9a1c00019b4c53f8b72623c66","a0cc1cc273069e26510f086ed0ddafc1e91d9241ed3e5a920c0c535b3c39a71c"
"1.0","open_core","euro2004","euro2004_003",TRUE,TRUE,TRUE,2004-06-12,2004-06-13,"","dbcf24c9f86f48423588ed254bdb08b4eb8663c31d50135a35aac5648ce87c73","1f97aae25b451b487872acbec081b19f16f85159628e9b3ae8b8a1228cdea265","7a5e5629a678fff177770206d872af4aabb850c7b2f06148e7092eb01db80527","0917c6e729735028fc305f45b32b6ac835acea95e1adec8bb615324f0ce8d658","db1e065011440d484117e990314546bd194c9f35f99724bedf16ed3f21d42ab2"
"1.0","open_core","euro2004","euro2004_004",TRUE,TRUE,TRUE,2004-06-12,2004-06-13,"","dbcf24c9f86f48423588ed254bdb08b4eb8663c31d50135a35aac5648ce87c73","1f97aae25b451b487872acbec081b19f16f85159628e9b3ae8b8a1228cdea265","7a5e5629a678fff177770206d872af4aabb850c7b2f06148e7092eb01db80527","0aea3572e252d73fb9506f058a8efe1983e8efda35f5694827390a07c1abd9b6","cc3bb8f0793fb0d8857abf61f7b1b39c4b0a9134c2bde204d127928807959922"
"1.0","open_core","euro2004","euro2004_005",TRUE,TRUE,TRUE,2004-06-13,2004-06-14,"","dbcf24c9f86f48423588ed254bdb08b4eb8663c31d50135a35aac5648ce87c73","1f97aae25b451b487872acbec081b19f16f85159628e9b3ae8b8a1228cdea265","7a5e5629a678fff177770206d872af4aabb850c7b2f06148e7092eb01db80527","033a903dd32e34b0816208883884b21002e55cc57e3c397158bc6c8dd4e2ebef","ef818631f98fb47d6e87b9153355b63588284f0047c88fcef4ee5fbd3896cee7"
"1.0","open_core","euro2004","euro2004_006",TRUE,TRUE,TRUE,2004-06-13,2004-06-14,"","dbcf24c9f86f48423588ed254bdb08b4eb8663c31d50135a35aac5648ce87c73","1f97aae25b451b487872acbec081b19f16f85159628e9b3ae8b8a1228cdea265","7a5e5629a678fff177770206d872af4aabb850c7b2f06148e7092eb01db80527","e892d8b2b1153b06a719cda0e35a33588e6a3e4533d276c3df0729c15849ae27","2ceabf4d641cdb07800addb27d9517cf6036ea824159e7abfb25a4e410f1ab58"
"1.0","open_core","euro2004","euro2004_007",TRUE,TRUE,TRUE,2004-06-14,2004-06-15,"","dbcf24c9f86f48423588ed254bdb08b4eb8663c31d50135a35aac5648ce87c73","1f97aae25b451b487872acbec081b19f16f85159628e9b3ae8b8a1228cdea265","7a5e5629a678fff177770206d872af4aabb850c7b2f06148e7092eb01db80527","23b70017764fea869c1661a046725bd6e1eb3bdb7bd18d4d1eb71fb374cb3b1c","803a186eb5760b8d5ddaebf5ba542b6904a59ba3e58fce25f4a0ac7b7ee3dd65"
"1.0","open_core","euro2004","euro2004_008",TRUE,TRUE,TRUE,2004-06-14,2004-06-15,"","dbcf24c9f86f48423588ed254bdb08b4eb8663c31d50135a35aac5648ce87c73","1f97aae25b451b487872acbec081b19f16f85159628e9b3ae8b8a1228cdea265","7a5e5629a678fff177770206d872af4aabb850c7b2f06148e7092eb01db80527","b3c9e54300d39d19a49c3af5ae2ceb0ba0c2493434a56c1ef3445a7169416804","0e9219673c395a51000db2e7c84d862c5e79e839db98fbc4c96e59ef7702c0fe"
"1.0","open_core","euro2004","euro2004_009",TRUE,TRUE,TRUE,2004-06-15,2004-06-16,"","dbcf24c9f86f48423588ed254bdb08b4eb8663c31d50135a35aac5648ce87c73","1f97aae25b451b487872acbec081b19f16f85159628e9b3ae8b8a1228cdea265","7a5e5629a678fff177770206d872af4aabb850c7b2f06148e7092eb01db80527","8394e7366ff1eb7fa34673d5dc2738c036f3a3b2887ad4c40a04f61cea76d721","6c80ea11e06e33cee9687d460e31691bfe2c89c2d3f8bcbf2ba8b18dc591c5a1"
"1.0","open_core","euro2004","euro2004_010",TRUE,TRUE,TRUE,2004-06-15,2004-06-16,"","dbcf24c9f86f48423588ed254bdb08b4eb8663c31d50135a35aac5648ce87c73","1f97aae25b451b487872acbec081b19f16f85159628e9b3ae8b8a1228cdea265","7a5e5629a678fff177770206d872af4aabb850c7b2f06148e7092eb01db80527","81736f488641a07170ee2ce6f47ad3d92c0967648a33eaec72dbdaa4d10e0a64","5e0702027980450494c4feeffddfc96d558651ece35d7cf5ed630b8007182433"
"1.0","open_core","euro2004","euro2004_011",TRUE,TRUE,TRUE,2004-06-16,2004-06-17,"","dbcf24c9f86f48423588ed254bdb08b4eb8663c31d50135a35aac5648ce87c73","1f97aae25b451b487872acbec081b19f16f85159628e9b3ae8b8a1228cdea265","7a5e5629a678fff177770206d872af4aabb850c7b2f06148e7092eb01db80527","84594938b66aa3f10ea808ccc79743e9de905f6ef69fae2b768cedc95ea19b17","703f05fdc47f4a88196a7eaef0a4a2cbb0ea435fe71e5cb3d94ace79b9b66dd6"
"1.0","open_core","euro2004","euro2004_012",TRUE,TRUE,TRUE,2004-06-16,2004-06-17,"","dbcf24c9f86f48423588ed254bdb08b4eb8663c31d50135a35aac5648ce87c73","1f97aae25b451b487872acbec081b19f16f85159628e9b3ae8b8a1228cdea265","7a5e5629a678fff177770206d872af4aabb850c7b2f06148e7092eb01db80527","1a31e912a12d48aa2b2093895511443ce33d2af895988c25544e1cfb5ddb95e2","3be69c1991d30a527a38d2d48f666f8b22e043c469342d3a4a4fcb38375a3dc8"
"1.0","open_core","euro2004","euro2004_013",TRUE,TRUE,TRUE,2004-06-17,2004-06-18,"","dbcf24c9f86f48423588ed254bdb08b4eb8663c31d50135a35aac5648ce87c73","1f97aae25b451b487872acbec081b19f16f85159628e9b3ae8b8a1228cdea265","7a5e5629a678fff177770206d872af4aabb850c7b2f06148e7092eb01db80527","c69b51561d41e94892d57bdd191fe16100b2d452650c39719c50bb30fdec5c22","1053db555d5350e97c5e4fb8a10be372de3135b90bc42b533a3688d05f07fcc2"
"1.0","open_core","euro2004","euro2004_014",TRUE,TRUE,TRUE,2004-06-17,2004-06-18,"","dbcf24c9f86f48423588ed254bdb08b4eb8663c31d50135a35aac5648ce87c73","1f97aae25b451b487872acbec081b19f16f85159628e9b3ae8b8a1228cdea265","7a5e5629a678fff177770206d872af4aabb850c7b2f06148e7092eb01db80527","9b94dc4765432cc425f69ceb1589665af3132b740915937f5a56714544a66adb","548d092d3b262bc7a186c667c5b2356ee907317908d49e95224a5518b19db0b4"
"1.0","open_core","euro2004","euro2004_015",TRUE,TRUE,TRUE,2004-06-18,2004-06-19,"","dbcf24c9f86f48423588ed254bdb08b4eb8663c31d50135a35aac5648ce87c73","1f97aae25b451b487872acbec081b19f16f85159628e9b3ae8b8a1228cdea265","7a5e5629a678fff177770206d872af4aabb850c7b2f06148e7092eb01db80527","dff7a37162f8157c05a5270759048f974c470b0ebe48fc3ef508fc64c428d3a0","ed009773f49b09f64c95a9c1f50c8f321148d31dd3c1a5747be74c8344ec44db"
"1.0","open_core","euro2004","euro2004_016",TRUE,TRUE,TRUE,2004-06-18,2004-06-19,"","dbcf24c9f86f48423588ed254bdb08b4eb8663c31d50135a35aac5648ce87c73","1f97aae25b451b487872acbec081b19f16f85159628e9b3ae8b8a1228cdea265","7a5e5629a678fff177770206d872af4aabb850c7b2f06148e7092eb01db80527","aad9fcf4208690ec98aa0c3adb46eb0a92a9217d67847dd362e429a99495231f","430e03f09bbfa866603d5f749c6998ac71aa8bf3c05ad9a0e99393fefb057ff4"
"1.0","open_core","euro2004","euro2004_017",TRUE,TRUE,TRUE,2004-06-19,2004-06-20,"","dbcf24c9f86f48423588ed254bdb08b4eb8663c31d50135a35aac5648ce87c73","1f97aae25b451b487872acbec081b19f16f85159628e9b3ae8b8a1228cdea265","7a5e5629a678fff177770206d872af4aabb850c7b2f06148e7092eb01db80527","f42a21c31e16f2861931ec6ce5ecdcbc2fa8e4a81516a33c9d78b4af90d25961","bd1c3a5829f08b8c90b64a03948a4b03ae49ea47002ae4af464462ccaf2eb7ab"
"1.0","open_core","euro2004","euro2004_018",TRUE,TRUE,TRUE,2004-06-19,2004-06-20,"","dbcf24c9f86f48423588ed254bdb08b4eb8663c31d50135a35aac5648ce87c73","1f97aae25b451b487872acbec081b19f16f85159628e9b3ae8b8a1228cdea265","7a5e5629a678fff177770206d872af4aabb850c7b2f06148e7092eb01db80527","4b124db2b848404ccd7fbfa6498632e06c8b790fe463498236622259446cbbad","c6ffd72f3f22cca4e2e9f0a884d441a3621288ae93f8c811b680b92437bf9245"
"1.0","open_core","euro2004","euro2004_019",TRUE,TRUE,TRUE,2004-06-20,2004-06-21,"","dbcf24c9f86f48423588ed254bdb08b4eb8663c31d50135a35aac5648ce87c73","1f97aae25b451b487872acbec081b19f16f85159628e9b3ae8b8a1228cdea265","7a5e5629a678fff177770206d872af4aabb850c7b2f06148e7092eb01db80527","5238517cb6ac82fc25f8bbc384794e11daab71da6468b8a07f44382ea0545f58","b84068fc8f7d35e6a9bb6ccc2c7b1403fd002fae787c5da1d570edf40f5f0c17"
"1.0","open_core","euro2004","euro2004_020",TRUE,TRUE,TRUE,2004-06-20,2004-06-21,"","dbcf24c9f86f48423588ed254bdb08b4eb8663c31d50135a35aac5648ce87c73","1f97aae25b451b487872acbec081b19f16f85159628e9b3ae8b8a1228cdea265","7a5e5629a678fff177770206d872af4aabb850c7b2f06148e7092eb01db80527","17355ea59a123298827f434c1a887c9b3e1d65c98080977f8954ee1367ca51a8","347bb2d7e7a9d14c890766afac5cc0078fde6d54242166c2f3f176c341db26d6"
"1.0","open_core","euro2004","euro2004_021",TRUE,TRUE,TRUE,2004-06-21,2004-06-22,"","dbcf24c9f86f48423588ed254bdb08b4eb8663c31d50135a35aac5648ce87c73","1f97aae25b451b487872acbec081b19f16f85159628e9b3ae8b8a1228cdea265","7a5e5629a678fff177770206d872af4aabb850c7b2f06148e7092eb01db80527","574347e3496d72d40c19686d02d4b722c7bf74b73bb98f533481eb52cfe29309","4c7bb9ae2109d905f58f974a48ae3b30f7d2d3e71ec36b422cc8511069cb7e73"
"1.0","open_core","euro2004","euro2004_022",TRUE,TRUE,TRUE,2004-06-21,2004-06-22,"","dbcf24c9f86f48423588ed254bdb08b4eb8663c31d50135a35aac5648ce87c73","1f97aae25b451b487872acbec081b19f16f85159628e9b3ae8b8a1228cdea265","7a5e5629a678fff177770206d872af4aabb850c7b2f06148e7092eb01db80527","728ff9ee3fec4c50fe919955743f4c3d1eb25bbf484f8164ab5fe1850c193717","f75c3accd16ad4785deaa9565e7d0439b4f10025b3a351d9866da00853752f5c"
"1.0","open_core","euro2004","euro2004_023",TRUE,TRUE,TRUE,2004-06-22,2004-06-23,"","dbcf24c9f86f48423588ed254bdb08b4eb8663c31d50135a35aac5648ce87c73","1f97aae25b451b487872acbec081b19f16f85159628e9b3ae8b8a1228cdea265","7a5e5629a678fff177770206d872af4aabb850c7b2f06148e7092eb01db80527","2eba8d6c5d0b2a671ebffde6f2464e288b17d1040e97c5d05c46904069bdc67d","c2bb36c8bfd0fd99a81a21381dd9bcddace3bfecc34df7934797ae0db4ee3c1e"
"1.0","open_core","euro2004","euro2004_024",TRUE,TRUE,TRUE,2004-06-22,2004-06-23,"","dbcf24c9f86f48423588ed254bdb08b4eb8663c31d50135a35aac5648ce87c73","1f97aae25b451b487872acbec081b19f16f85159628e9b3ae8b8a1228cdea265","7a5e5629a678fff177770206d872af4aabb850c7b2f06148e7092eb01db80527","2351b31a5e2b8d95da55215a28a5d28f9096fdeda991d0536375ae63bb870901","83351b0f131ba82b152eeb0fddbcd60b7d548ee6b8adc94f032709e051cca8f1"
"1.0","open_core","euro2004","euro2004_025",TRUE,TRUE,TRUE,2004-06-23,2004-06-24,"","dbcf24c9f86f48423588ed254bdb08b4eb8663c31d50135a35aac5648ce87c73","1f97aae25b451b487872acbec081b19f16f85159628e9b3ae8b8a1228cdea265","7a5e5629a678fff177770206d872af4aabb850c7b2f06148e7092eb01db80527","55477f9c261420cdf0df5104d5cd7d67311dfb9bbbae25379b46b29b181b554e","8f0ae159aee466faf9a9b812cb60381510c50a2682c829be2a75ab178aeab8ee"
"1.0","open_core","euro2004","euro2004_026",TRUE,TRUE,TRUE,2004-06-24,2004-06-25,"","dbcf24c9f86f48423588ed254bdb08b4eb8663c31d50135a35aac5648ce87c73","1f97aae25b451b487872acbec081b19f16f85159628e9b3ae8b8a1228cdea265","7a5e5629a678fff177770206d872af4aabb850c7b2f06148e7092eb01db80527","9fbd65bc4bc4af39bac0f6d20a3683729c66c634a37b0ca67a6f2853b691a126","79d9768307589a1deb4db479d1c39a4ed889f95c2b078ef17105aa26e40787d8"
"1.0","open_core","euro2004","euro2004_027",TRUE,TRUE,TRUE,2004-06-25,2004-06-26,"","dbcf24c9f86f48423588ed254bdb08b4eb8663c31d50135a35aac5648ce87c73","1f97aae25b451b487872acbec081b19f16f85159628e9b3ae8b8a1228cdea265","7a5e5629a678fff177770206d872af4aabb850c7b2f06148e7092eb01db80527","0d9b7908df7a661b40c432fe254ecb5d0e5f15987159de74ad7e2378cd5968bd","397608d4052233c35a2b6bd3cba47f3982d806e5d33c05ed9cc3e64413fac078"
"1.0","open_core","euro2004","euro2004_028",TRUE,TRUE,TRUE,2004-06-26,2004-06-27,"","dbcf24c9f86f48423588ed254bdb08b4eb8663c31d50135a35aac5648ce87c73","1f97aae25b451b487872acbec081b19f16f85159628e9b3ae8b8a1228cdea265","7a5e5629a678fff177770206d872af4aabb850c7b2f06148e7092eb01db80527","38abf7ed870a3e0b5e8506942a1b140b19d1f0156f3fea90a96186e4a80b1c9e","92aa3afd8c811f1bb7a176e489db9742b8914336d1816f41656e9409cc6a141f"
"1.0","open_core","euro2004","euro2004_029",TRUE,TRUE,TRUE,2004-06-29,2004-06-30,"","dbcf24c9f86f48423588ed254bdb08b4eb8663c31d50135a35aac5648ce87c73","1f97aae25b451b487872acbec081b19f16f85159628e9b3ae8b8a1228cdea265","7a5e5629a678fff177770206d872af4aabb850c7b2f06148e7092eb01db80527","cdd96291682b79e6d8bc6b78419f74713fabe451307598e00ec16108fb625d65","e363779c18f7b0466ade9b7d1ac37914892e0c3d2572bcce942100aebee81269"
"1.0","open_core","euro2004","euro2004_030",TRUE,TRUE,TRUE,2004-06-30,2004-07-01,"","dbcf24c9f86f48423588ed254bdb08b4eb8663c31d50135a35aac5648ce87c73","1f97aae25b451b487872acbec081b19f16f85159628e9b3ae8b8a1228cdea265","7a5e5629a678fff177770206d872af4aabb850c7b2f06148e7092eb01db80527","b42c1ab4e6190036d0d9588ca683c7785f419acd5e837d8a1660fa0120d2ce00","319568fd12f8d72bdee85faefae0370d56edd365e390a1a4b18c60d08b988fc0"
"1.0","open_core","euro2004","euro2004_031",TRUE,TRUE,TRUE,2004-07-03,2004-07-04,"","dbcf24c9f86f48423588ed254bdb08b4eb8663c31d50135a35aac5648ce87c73","1f97aae25b451b487872acbec081b19f16f85159628e9b3ae8b8a1228cdea265","7a5e5629a678fff177770206d872af4aabb850c7b2f06148e7092eb01db80527","fcdcfac35935300e06451c308d366756fda1e8b87c8d2b9243d378faf7a9a759","ce452da6cc817fed864ddc6aae4e0e38ad2ced7c93d02c954a08e281c76a0a71"
"1.0","open_core","euro2008","euro2008_001",TRUE,TRUE,TRUE,2008-06-06,2008-06-07,"","dbcf24c9f86f48423588ed254bdb08b4eb8663c31d50135a35aac5648ce87c73","1f97aae25b451b487872acbec081b19f16f85159628e9b3ae8b8a1228cdea265","7a5e5629a678fff177770206d872af4aabb850c7b2f06148e7092eb01db80527","d6cf69e03dad2385dae01d2d62683cbae96710ce119ca06f44cf51048aee11c8","32a70d1f965aa9d0deb937cbffafdb2fd1495bf668e9dac77868f9a8786d2133"
"1.0","open_core","euro2008","euro2008_002",TRUE,TRUE,TRUE,2008-06-06,2008-06-07,"","dbcf24c9f86f48423588ed254bdb08b4eb8663c31d50135a35aac5648ce87c73","1f97aae25b451b487872acbec081b19f16f85159628e9b3ae8b8a1228cdea265","7a5e5629a678fff177770206d872af4aabb850c7b2f06148e7092eb01db80527","25e81e20ea6a7135aefe9d5c4d01046c82fd05c90e5f8bd28b89ee3b70e0bc6c","2ae9ea385ef7c30e3dc8d8535b79e0ced2fcd9e68f336312ff9165a0274a658b"
"1.0","open_core","euro2008","euro2008_003",TRUE,TRUE,TRUE,2008-06-07,2008-06-08,"","dbcf24c9f86f48423588ed254bdb08b4eb8663c31d50135a35aac5648ce87c73","1f97aae25b451b487872acbec081b19f16f85159628e9b3ae8b8a1228cdea265","7a5e5629a678fff177770206d872af4aabb850c7b2f06148e7092eb01db80527","2080ab86c517608deee015aebbee3f26b74ae388565e3add56435752e6d26be0","c424aaf3d6f434c0dc03e355f6936a3b363becf1d41cd8849dc60ed62438e877"
"1.0","open_core","euro2008","euro2008_004",TRUE,TRUE,TRUE,2008-06-07,2008-06-08,"","dbcf24c9f86f48423588ed254bdb08b4eb8663c31d50135a35aac5648ce87c73","1f97aae25b451b487872acbec081b19f16f85159628e9b3ae8b8a1228cdea265","7a5e5629a678fff177770206d872af4aabb850c7b2f06148e7092eb01db80527","3fd66d1debe82768161fa9a1d434f4cb603efcb89a9059a4259880560ba85e21","890fccb17aa9e3c305bf696eeec1b2c44bdebcfefb05895d488f172bb6ca1100"
"1.0","open_core","euro2008","euro2008_005",TRUE,TRUE,TRUE,2008-06-08,2008-06-09,"","dbcf24c9f86f48423588ed254bdb08b4eb8663c31d50135a35aac5648ce87c73","1f97aae25b451b487872acbec081b19f16f85159628e9b3ae8b8a1228cdea265","7a5e5629a678fff177770206d872af4aabb850c7b2f06148e7092eb01db80527","65dc146aadfe18b796d8e2768e7b60a81759fac1e750a8dfc396e7ce41ec88d7","246c6cdd4ea89cc37135fa757eb06ed62357583ee2f2502288964eb582cb977f"
"1.0","open_core","euro2008","euro2008_006",TRUE,TRUE,TRUE,2008-06-08,2008-06-09,"","dbcf24c9f86f48423588ed254bdb08b4eb8663c31d50135a35aac5648ce87c73","1f97aae25b451b487872acbec081b19f16f85159628e9b3ae8b8a1228cdea265","7a5e5629a678fff177770206d872af4aabb850c7b2f06148e7092eb01db80527","01b2dfb8a1a036353653fa60ee4443a58598c5c971d6a1d57ef6201c8d713d55","7259f39b060b1467aecf9d90afe2ab92b1352f71dd4755b9543cb5efd0117a21"
"1.0","open_core","euro2008","euro2008_007",TRUE,TRUE,TRUE,2008-06-09,2008-06-10,"","dbcf24c9f86f48423588ed254bdb08b4eb8663c31d50135a35aac5648ce87c73","1f97aae25b451b487872acbec081b19f16f85159628e9b3ae8b8a1228cdea265","7a5e5629a678fff177770206d872af4aabb850c7b2f06148e7092eb01db80527","805ada3bc47c88ecd74841c5ca031e9d6b80bfe12187bb4d9bc4ceb5e2ec88ba","e3a5f8126d48fd9757cc83066c7a4b0118170fa2dbb008119c0a28d11a249fde"
"1.0","open_core","euro2008","euro2008_008",TRUE,TRUE,TRUE,2008-06-09,2008-06-10,"","dbcf24c9f86f48423588ed254bdb08b4eb8663c31d50135a35aac5648ce87c73","1f97aae25b451b487872acbec081b19f16f85159628e9b3ae8b8a1228cdea265","7a5e5629a678fff177770206d872af4aabb850c7b2f06148e7092eb01db80527","6c4454ec2e3ef9136cf60bb11c443b09e30d9aaba5cb5cf21d562d66b864b8b5","4d5b205b2dd024a98e6c9681a56a62369a5915c6ee1b1a673cc8bd6ad93000f7"
"1.0","open_core","euro2008","euro2008_009",TRUE,TRUE,TRUE,2008-06-10,2008-06-11,"","dbcf24c9f86f48423588ed254bdb08b4eb8663c31d50135a35aac5648ce87c73","1f97aae25b451b487872acbec081b19f16f85159628e9b3ae8b8a1228cdea265","7a5e5629a678fff177770206d872af4aabb850c7b2f06148e7092eb01db80527","3224c4848c5fd92038ce012a3bd31910fcce47cc9dab2932cc3f0671a4c03b57","869b5ff929198ffb7130fb72a9fdc1e8aa2006cf500263b118d7c277311d8811"
"1.0","open_core","euro2008","euro2008_010",TRUE,TRUE,TRUE,2008-06-10,2008-06-11,"","dbcf24c9f86f48423588ed254bdb08b4eb8663c31d50135a35aac5648ce87c73","1f97aae25b451b487872acbec081b19f16f85159628e9b3ae8b8a1228cdea265","7a5e5629a678fff177770206d872af4aabb850c7b2f06148e7092eb01db80527","060ffdd1c32d999d3bf0c5402ecbe9d6cfa4825702497c181d0a171eadd5d6e2","53d3619c1c9f63ef12efb6ec2babce7fbd9d65b28da97b37435c582f82575c55"
"1.0","open_core","euro2008","euro2008_011",TRUE,TRUE,TRUE,2008-06-11,2008-06-12,"","dbcf24c9f86f48423588ed254bdb08b4eb8663c31d50135a35aac5648ce87c73","1f97aae25b451b487872acbec081b19f16f85159628e9b3ae8b8a1228cdea265","7a5e5629a678fff177770206d872af4aabb850c7b2f06148e7092eb01db80527","758ac3f14381b238393ccbf2b097bc487832dea49c2ad4418c200c7d69813e41","69ea3ab48c73830d4dcac460626188bcca29fc34c3121f82637156ad8432f159"
"1.0","open_core","euro2008","euro2008_012",TRUE,TRUE,TRUE,2008-06-11,2008-06-12,"","dbcf24c9f86f48423588ed254bdb08b4eb8663c31d50135a35aac5648ce87c73","1f97aae25b451b487872acbec081b19f16f85159628e9b3ae8b8a1228cdea265","7a5e5629a678fff177770206d872af4aabb850c7b2f06148e7092eb01db80527","412c0063764a0343a76e1380918afd4ced468741af389da69dc201e2ca569b10","2b11fe3aac76e855eeffa2a858666ad5264c03aa02bf552a2ec3296afd9094de"
"1.0","open_core","euro2008","euro2008_013",TRUE,TRUE,TRUE,2008-06-12,2008-06-13,"","dbcf24c9f86f48423588ed254bdb08b4eb8663c31d50135a35aac5648ce87c73","1f97aae25b451b487872acbec081b19f16f85159628e9b3ae8b8a1228cdea265","7a5e5629a678fff177770206d872af4aabb850c7b2f06148e7092eb01db80527","3440021f5d9e454f692be815af07b9007c2aba04b228f766dfcf45c9f03857c6","e9a510b71801e06a6ae300d1f69f572a91938a346081273da727dc739abc69c6"
"1.0","open_core","euro2008","euro2008_014",TRUE,TRUE,TRUE,2008-06-12,2008-06-13,"","dbcf24c9f86f48423588ed254bdb08b4eb8663c31d50135a35aac5648ce87c73","1f97aae25b451b487872acbec081b19f16f85159628e9b3ae8b8a1228cdea265","7a5e5629a678fff177770206d872af4aabb850c7b2f06148e7092eb01db80527","05fd5372bb4ea8f555e56b865776f2c65768bb18bed77aeeb11850ca3c7a61bb","8df3cb24988160e95bce35dde4e352553a93cd328ed1a0070e87f8bc7f42747d"
"1.0","open_core","euro2008","euro2008_015",TRUE,TRUE,TRUE,2008-06-13,2008-06-14,"","dbcf24c9f86f48423588ed254bdb08b4eb8663c31d50135a35aac5648ce87c73","1f97aae25b451b487872acbec081b19f16f85159628e9b3ae8b8a1228cdea265","7a5e5629a678fff177770206d872af4aabb850c7b2f06148e7092eb01db80527","c20a1bf540d159ba12d5942bef62bb3580254b51a73ed2f7186c4270f602541f","59fea42ae6329dbb2fa172aa20ae730098254f9376f277d1dc81628fceea0278"
"1.0","open_core","euro2008","euro2008_016",TRUE,TRUE,TRUE,2008-06-13,2008-06-14,"","dbcf24c9f86f48423588ed254bdb08b4eb8663c31d50135a35aac5648ce87c73","1f97aae25b451b487872acbec081b19f16f85159628e9b3ae8b8a1228cdea265","7a5e5629a678fff177770206d872af4aabb850c7b2f06148e7092eb01db80527","d90f5c5f9ea4ec437633eacc312743e47d098595b169fa0a7666b10accea34ca","bb6b2a56f5aa5aa213bf5eb2d0e51ad6f8baf9c9dce928a7531e2b9e8685f984"
"1.0","open_core","euro2008","euro2008_017",TRUE,TRUE,TRUE,2008-06-14,2008-06-15,"","dbcf24c9f86f48423588ed254bdb08b4eb8663c31d50135a35aac5648ce87c73","1f97aae25b451b487872acbec081b19f16f85159628e9b3ae8b8a1228cdea265","7a5e5629a678fff177770206d872af4aabb850c7b2f06148e7092eb01db80527","5a137ea7ae6b93a483c27bb357cc223c9fe6dd53b2b5fc4e22ee118646dcac13","b7741f8f73954b1358896a62208846fa9115de678e4f181287be4a5dd6adfa74"
"1.0","open_core","euro2008","euro2008_018",TRUE,TRUE,TRUE,2008-06-14,2008-06-15,"","dbcf24c9f86f48423588ed254bdb08b4eb8663c31d50135a35aac5648ce87c73","1f97aae25b451b487872acbec081b19f16f85159628e9b3ae8b8a1228cdea265","7a5e5629a678fff177770206d872af4aabb850c7b2f06148e7092eb01db80527","e084b312ac04ba8320194a9498523e4cbada1281ae10c31fb2e27d689ee03157","e2f066dd9a572ac3c6ffa79d6f84e7c7e2cba698ecbe0b6dcd53ef286bcb2cc1"
"1.0","open_core","euro2008","euro2008_019",TRUE,TRUE,TRUE,2008-06-15,2008-06-16,"","dbcf24c9f86f48423588ed254bdb08b4eb8663c31d50135a35aac5648ce87c73","1f97aae25b451b487872acbec081b19f16f85159628e9b3ae8b8a1228cdea265","7a5e5629a678fff177770206d872af4aabb850c7b2f06148e7092eb01db80527","5a83c01ef262277123b1cda68885447ecca5053ae43047c61fb133d6397887e8","01cc18508884a33883e64c50330bdd7ae91b5022a00b7765db15efc45b8b9b19"
"1.0","open_core","euro2008","euro2008_020",TRUE,TRUE,TRUE,2008-06-15,2008-06-16,"","dbcf24c9f86f48423588ed254bdb08b4eb8663c31d50135a35aac5648ce87c73","1f97aae25b451b487872acbec081b19f16f85159628e9b3ae8b8a1228cdea265","7a5e5629a678fff177770206d872af4aabb850c7b2f06148e7092eb01db80527","f06961fc9e9cca8dce5da1348d696d3848fa13985dee448f98b5a6fd676df5a2","26f4f30a0236dac025f3d45e65e378beb674bcb79750a91d5499831a7f7835cb"
"1.0","open_core","euro2008","euro2008_021",TRUE,TRUE,TRUE,2008-06-16,2008-06-17,"","dbcf24c9f86f48423588ed254bdb08b4eb8663c31d50135a35aac5648ce87c73","1f97aae25b451b487872acbec081b19f16f85159628e9b3ae8b8a1228cdea265","7a5e5629a678fff177770206d872af4aabb850c7b2f06148e7092eb01db80527","ba65ca45c979f5770577bfc4ee41b4b28f7594e7b24de19002867cd5fe16a44c","03b0b68f339c9d2d3dc673265458fb0eaaa6466b7c96eace4cb13ceed5df9693"
"1.0","open_core","euro2008","euro2008_022",TRUE,TRUE,TRUE,2008-06-16,2008-06-17,"","dbcf24c9f86f48423588ed254bdb08b4eb8663c31d50135a35aac5648ce87c73","1f97aae25b451b487872acbec081b19f16f85159628e9b3ae8b8a1228cdea265","7a5e5629a678fff177770206d872af4aabb850c7b2f06148e7092eb01db80527","e4cf0cfb3c54900362b5ac1222a0bcee0d9076c520ad554b118a1bc1dba41b4f","afef34aeafa85def859c6bfdebb207ecc8013d1c71b496a594898c9a2473d173"
"1.0","open_core","euro2008","euro2008_023",TRUE,TRUE,TRUE,2008-06-17,2008-06-18,"","dbcf24c9f86f48423588ed254bdb08b4eb8663c31d50135a35aac5648ce87c73","1f97aae25b451b487872acbec081b19f16f85159628e9b3ae8b8a1228cdea265","7a5e5629a678fff177770206d872af4aabb850c7b2f06148e7092eb01db80527","eb5d11c6bcf2c84b7352cea2d80359cf4ca601f49121e653d212d259b5ba4a43","bfccaed6b9c93778f1884f514e927eea190380538d00f09ac0c9998c0571266e"
"1.0","open_core","euro2008","euro2008_024",TRUE,TRUE,TRUE,2008-06-17,2008-06-18,"","dbcf24c9f86f48423588ed254bdb08b4eb8663c31d50135a35aac5648ce87c73","1f97aae25b451b487872acbec081b19f16f85159628e9b3ae8b8a1228cdea265","7a5e5629a678fff177770206d872af4aabb850c7b2f06148e7092eb01db80527","70347a256c576b9f0def36c9d325c213be1a5074a39882a8480567f27dd57705","e2712f6f6065c94900cea6fa5d3055c69f0d15f6415588f8c162a993acd09c78"
"1.0","open_core","euro2008","euro2008_025",TRUE,TRUE,TRUE,2008-06-18,2008-06-19,"","dbcf24c9f86f48423588ed254bdb08b4eb8663c31d50135a35aac5648ce87c73","1f97aae25b451b487872acbec081b19f16f85159628e9b3ae8b8a1228cdea265","7a5e5629a678fff177770206d872af4aabb850c7b2f06148e7092eb01db80527","8ec5bdb0cbe02b9f29e0f49198a569d3adace3674de896fb4b96eddea214ba4f","26f23032d9e9d81c4c718d00f0e26671e2f5b5084364772bb93587730e8cd798"
"1.0","open_core","euro2008","euro2008_026",TRUE,TRUE,TRUE,2008-06-19,2008-06-20,"","dbcf24c9f86f48423588ed254bdb08b4eb8663c31d50135a35aac5648ce87c73","1f97aae25b451b487872acbec081b19f16f85159628e9b3ae8b8a1228cdea265","7a5e5629a678fff177770206d872af4aabb850c7b2f06148e7092eb01db80527","36eb6fbedda2131fc09133df83834306c34477846b0ca7cd7920263aa6c80b5c","21da52dcfeecf95533f6271dc83e53ca7a1bee49e5696009e3b32ece26c70a7c"
"1.0","open_core","euro2008","euro2008_027",TRUE,TRUE,TRUE,2008-06-20,2008-06-21,"","dbcf24c9f86f48423588ed254bdb08b4eb8663c31d50135a35aac5648ce87c73","1f97aae25b451b487872acbec081b19f16f85159628e9b3ae8b8a1228cdea265","7a5e5629a678fff177770206d872af4aabb850c7b2f06148e7092eb01db80527","008760a5a3953e517768f8c3bfcc5c2a7f1c17c2245df66ce9075990e0ea3d81","d8305e62fe29028f8ebf81c863e6bd0183c411c828375284a67b8b375c2058e0"
"1.0","open_core","euro2008","euro2008_028",TRUE,TRUE,TRUE,2008-06-21,2008-06-22,"","dbcf24c9f86f48423588ed254bdb08b4eb8663c31d50135a35aac5648ce87c73","1f97aae25b451b487872acbec081b19f16f85159628e9b3ae8b8a1228cdea265","7a5e5629a678fff177770206d872af4aabb850c7b2f06148e7092eb01db80527","a54b75e7be3176804732bdbe18869bde583997d4ab69e4ca073fae198ed55415","7209b09071c003ee174098fbce17da0973f1604e5a091bbf1c14ce3da16f0302"
"1.0","open_core","euro2008","euro2008_029",TRUE,TRUE,TRUE,2008-06-24,2008-06-25,"","dbcf24c9f86f48423588ed254bdb08b4eb8663c31d50135a35aac5648ce87c73","1f97aae25b451b487872acbec081b19f16f85159628e9b3ae8b8a1228cdea265","7a5e5629a678fff177770206d872af4aabb850c7b2f06148e7092eb01db80527","00a07463d440fa9e6b429e6b72eac50dcca83cf10c158b180e82353bf806f588","11fd4f4e2a272a3246d46bb4ec2106c3c49b62dba1669778f69640fa1f57d568"
"1.0","open_core","euro2008","euro2008_030",TRUE,TRUE,TRUE,2008-06-25,2008-06-26,"","dbcf24c9f86f48423588ed254bdb08b4eb8663c31d50135a35aac5648ce87c73","1f97aae25b451b487872acbec081b19f16f85159628e9b3ae8b8a1228cdea265","7a5e5629a678fff177770206d872af4aabb850c7b2f06148e7092eb01db80527","8ae592cb55b028740b1a651640317d2389ffe90492bbcff85ed698783f88db60","11d66b5ba690d799239809867708d18e0cf177af172eb379f0a393460e0dcd38"
"1.0","open_core","euro2008","euro2008_031",TRUE,TRUE,TRUE,2008-06-28,2008-06-29,"","dbcf24c9f86f48423588ed254bdb08b4eb8663c31d50135a35aac5648ce87c73","1f97aae25b451b487872acbec081b19f16f85159628e9b3ae8b8a1228cdea265","7a5e5629a678fff177770206d872af4aabb850c7b2f06148e7092eb01db80527","12187cf133bf76d7afb807fb17083786810debed32ddf066d9343050f70ad362","d2bc39235e2d7d025555bc3b33b695e838e4c673fbbb7f7cadb63a1cdb6683f5"
"1.0","open_core","euro2012","euro2012_001",TRUE,TRUE,TRUE,2012-06-07,2012-06-08,"","dbcf24c9f86f48423588ed254bdb08b4eb8663c31d50135a35aac5648ce87c73","1f97aae25b451b487872acbec081b19f16f85159628e9b3ae8b8a1228cdea265","7a5e5629a678fff177770206d872af4aabb850c7b2f06148e7092eb01db80527","21f264e4de2e9db85cbbe9c40526037a622a98125c0c290e744fa181e124badf","3b5980674cb1c119848e7845e49c78e1e175e3c94cdd8e9c787339fa5f8f8187"
"1.0","open_core","euro2012","euro2012_002",TRUE,TRUE,TRUE,2012-06-07,2012-06-08,"","dbcf24c9f86f48423588ed254bdb08b4eb8663c31d50135a35aac5648ce87c73","1f97aae25b451b487872acbec081b19f16f85159628e9b3ae8b8a1228cdea265","7a5e5629a678fff177770206d872af4aabb850c7b2f06148e7092eb01db80527","849c97337b1064e93174f095592e462af8c709819668012f5d2b27b17e8905bf","0b0096d7e978b9ffae3b80f8f9c61c70cb10083530c363e3f172183bd64fd24c"
"1.0","open_core","euro2012","euro2012_003",TRUE,TRUE,TRUE,2012-06-08,2012-06-09,"","dbcf24c9f86f48423588ed254bdb08b4eb8663c31d50135a35aac5648ce87c73","1f97aae25b451b487872acbec081b19f16f85159628e9b3ae8b8a1228cdea265","7a5e5629a678fff177770206d872af4aabb850c7b2f06148e7092eb01db80527","cc2b9600fd6621449c1252a020ae88c3adc9f1277624da9ba9fb6d1d4a42e3cf","325eafd8dde5f4b73df22983df4b75bea4a5e33fcf320edd391024f0265b3691"
"1.0","open_core","euro2012","euro2012_004",TRUE,TRUE,TRUE,2012-06-08,2012-06-09,"","dbcf24c9f86f48423588ed254bdb08b4eb8663c31d50135a35aac5648ce87c73","1f97aae25b451b487872acbec081b19f16f85159628e9b3ae8b8a1228cdea265","7a5e5629a678fff177770206d872af4aabb850c7b2f06148e7092eb01db80527","5cf4d1ba35c098abf7cd8d652b20d286cbe1e76e3617cba4b078ba3c9a6e21fc","7b52855b69eb2ceb9c0ab51910037fbd18181b3986881b5e6dd6272d066a5441"
"1.0","open_core","euro2012","euro2012_005",TRUE,TRUE,TRUE,2012-06-09,2012-06-10,"","dbcf24c9f86f48423588ed254bdb08b4eb8663c31d50135a35aac5648ce87c73","1f97aae25b451b487872acbec081b19f16f85159628e9b3ae8b8a1228cdea265","7a5e5629a678fff177770206d872af4aabb850c7b2f06148e7092eb01db80527","a62baa70cadc51025f5200457c93e51b11dec9332620d9e42e3dee8dd9e85336","0f359194b7e8359dd20689d226d737fe21047282cd75f2a3bdc625bde1f5b52e"
"1.0","open_core","euro2012","euro2012_006",TRUE,TRUE,TRUE,2012-06-09,2012-06-10,"","dbcf24c9f86f48423588ed254bdb08b4eb8663c31d50135a35aac5648ce87c73","1f97aae25b451b487872acbec081b19f16f85159628e9b3ae8b8a1228cdea265","7a5e5629a678fff177770206d872af4aabb850c7b2f06148e7092eb01db80527","e51bbd39782cc8c2e51e5b23e00a342aefeef7530b43a0e200caf4dfd683edae","ebd9f21af8fb72b0862c937418cb1f81bbebb85a60ce0f40cf725f20db77b451"
"1.0","open_core","euro2012","euro2012_007",TRUE,TRUE,TRUE,2012-06-10,2012-06-11,"","dbcf24c9f86f48423588ed254bdb08b4eb8663c31d50135a35aac5648ce87c73","1f97aae25b451b487872acbec081b19f16f85159628e9b3ae8b8a1228cdea265","7a5e5629a678fff177770206d872af4aabb850c7b2f06148e7092eb01db80527","d096f0f29d5caad6cc1c437f61b6ce939d0f1498490d3fd5e0e7b04548e70f11","dad4979da1ec23dc6b76d35381082625afdac5e7f2f1404e9029917a4ea8ebc5"
"1.0","open_core","euro2012","euro2012_008",TRUE,TRUE,TRUE,2012-06-10,2012-06-11,"","dbcf24c9f86f48423588ed254bdb08b4eb8663c31d50135a35aac5648ce87c73","1f97aae25b451b487872acbec081b19f16f85159628e9b3ae8b8a1228cdea265","7a5e5629a678fff177770206d872af4aabb850c7b2f06148e7092eb01db80527","a23c801a2e9e5178689ec65586f0ca06e2795218707ce02fc131bc894401cc2d","07c16090641d09301bc2ba84046052ca079e889efc179791cfebd1439d3e88ac"
"1.0","open_core","euro2012","euro2012_009",TRUE,TRUE,TRUE,2012-06-11,2012-06-12,"","dbcf24c9f86f48423588ed254bdb08b4eb8663c31d50135a35aac5648ce87c73","1f97aae25b451b487872acbec081b19f16f85159628e9b3ae8b8a1228cdea265","7a5e5629a678fff177770206d872af4aabb850c7b2f06148e7092eb01db80527","f68f6662cdd2cd6b9dd02fc8ca71339e1bf72fabf897077d5b5fd8e9814b0375","e477eff5b7b40ec9a42ab816c96ce54922bb4f0510e8827ad6c9b82d71b21a41"
"1.0","open_core","euro2012","euro2012_010",TRUE,TRUE,TRUE,2012-06-11,2012-06-12,"","dbcf24c9f86f48423588ed254bdb08b4eb8663c31d50135a35aac5648ce87c73","1f97aae25b451b487872acbec081b19f16f85159628e9b3ae8b8a1228cdea265","7a5e5629a678fff177770206d872af4aabb850c7b2f06148e7092eb01db80527","8a023bb97baf566a8b398e3db7ec03b91bd7597214f7b0f4401a82ba3f522dc8","f7e29c0d7773fb16fa0d08bb22743819053ee5853efee2c74b2e4168ad7c74f2"
"1.0","open_core","euro2012","euro2012_011",TRUE,TRUE,TRUE,2012-06-12,2012-06-13,"","dbcf24c9f86f48423588ed254bdb08b4eb8663c31d50135a35aac5648ce87c73","1f97aae25b451b487872acbec081b19f16f85159628e9b3ae8b8a1228cdea265","7a5e5629a678fff177770206d872af4aabb850c7b2f06148e7092eb01db80527","b06ceaf42be15bbcf605e17f83d8c04c6ea81a52938e0f0f11edcc16067e73af","831ac4776dfa249ea04d7527fbabbba6cad630d28ba980a6d5bb88042ea6056e"
"1.0","open_core","euro2012","euro2012_012",TRUE,TRUE,TRUE,2012-06-12,2012-06-13,"","dbcf24c9f86f48423588ed254bdb08b4eb8663c31d50135a35aac5648ce87c73","1f97aae25b451b487872acbec081b19f16f85159628e9b3ae8b8a1228cdea265","7a5e5629a678fff177770206d872af4aabb850c7b2f06148e7092eb01db80527","e64d9750b32450236a126933c4c7c18eb038586d1eea14debe67a1359041469a","006614abe8aba94c5a3ed67fdced15c6b61c6932fa5c9417c22214b4cbd88d90"
"1.0","open_core","euro2012","euro2012_013",TRUE,TRUE,TRUE,2012-06-13,2012-06-14,"","dbcf24c9f86f48423588ed254bdb08b4eb8663c31d50135a35aac5648ce87c73","1f97aae25b451b487872acbec081b19f16f85159628e9b3ae8b8a1228cdea265","7a5e5629a678fff177770206d872af4aabb850c7b2f06148e7092eb01db80527","ecc8d37f3cf6f76763f7961f0d1e4ebad3e331813da5eb26593cfafad21a1d7d","ce37c5f8a5d5db7f2f9cb053df9e2bd7d61bd6537ac7aa05ae7dfcb72e11a9b4"
"1.0","open_core","euro2012","euro2012_014",TRUE,TRUE,TRUE,2012-06-13,2012-06-14,"","dbcf24c9f86f48423588ed254bdb08b4eb8663c31d50135a35aac5648ce87c73","1f97aae25b451b487872acbec081b19f16f85159628e9b3ae8b8a1228cdea265","7a5e5629a678fff177770206d872af4aabb850c7b2f06148e7092eb01db80527","bcf66e3d871193d23d96c863eb40ced75952c92fbbe86ea28d218e7839dc823c","5edac2b3b76f7f00a000e0538463eba99538db6be14ae0409580530f904195c3"
"1.0","open_core","euro2012","euro2012_015",TRUE,TRUE,TRUE,2012-06-14,2012-06-15,"","dbcf24c9f86f48423588ed254bdb08b4eb8663c31d50135a35aac5648ce87c73","1f97aae25b451b487872acbec081b19f16f85159628e9b3ae8b8a1228cdea265","7a5e5629a678fff177770206d872af4aabb850c7b2f06148e7092eb01db80527","604638c341d45a10b6dfc2340b2121cf8a93ad33fe64c6d62f6a917f5bdac5d9","83379d012dcd8e8b11712c7b42e8c70111eee0eebfbb2e9d91b236162a61c6d1"
"1.0","open_core","euro2012","euro2012_016",TRUE,TRUE,TRUE,2012-06-14,2012-06-15,"","dbcf24c9f86f48423588ed254bdb08b4eb8663c31d50135a35aac5648ce87c73","1f97aae25b451b487872acbec081b19f16f85159628e9b3ae8b8a1228cdea265","7a5e5629a678fff177770206d872af4aabb850c7b2f06148e7092eb01db80527","3b8ae64e99d99d810e1c402fcdb8cd7c3c04c84c4b0d3756f388348d2bedc7c1","d824fbe8fee27b54d4f281ebcfd7408d58754af5f614c9dabe83dd8e35572ed6"
"1.0","open_core","euro2012","euro2012_017",TRUE,TRUE,TRUE,2012-06-15,2012-06-16,"","dbcf24c9f86f48423588ed254bdb08b4eb8663c31d50135a35aac5648ce87c73","1f97aae25b451b487872acbec081b19f16f85159628e9b3ae8b8a1228cdea265","7a5e5629a678fff177770206d872af4aabb850c7b2f06148e7092eb01db80527","54ead26da191ab0690487c4f5daa33ca1979744db7b187e632ce08b36a9de5cb","91c4ddcd08ffce087a03f91d3fceee48ef4066d5044411a391f93d96c19b7d36"
"1.0","open_core","euro2012","euro2012_018",TRUE,TRUE,TRUE,2012-06-15,2012-06-16,"","dbcf24c9f86f48423588ed254bdb08b4eb8663c31d50135a35aac5648ce87c73","1f97aae25b451b487872acbec081b19f16f85159628e9b3ae8b8a1228cdea265","7a5e5629a678fff177770206d872af4aabb850c7b2f06148e7092eb01db80527","c01eca7972bfbf96612aee7c062aa01a5c8a6b1e6f13de843feaf7fc634929aa","207849125e1bfe4aa0f2a96ec24522d59e77ac922a591281c6ecfcf0d10f221d"
"1.0","open_core","euro2012","euro2012_019",TRUE,TRUE,TRUE,2012-06-16,2012-06-17,"","dbcf24c9f86f48423588ed254bdb08b4eb8663c31d50135a35aac5648ce87c73","1f97aae25b451b487872acbec081b19f16f85159628e9b3ae8b8a1228cdea265","7a5e5629a678fff177770206d872af4aabb850c7b2f06148e7092eb01db80527","dc42a54dc37f12cd8362f0e788d474b4fb8edfc8c278738259d69d1268749440","1fbb533d652c902a760598afdf37b1f02f0de2834d3e267aad3aa6aa75bdcf7e"
"1.0","open_core","euro2012","euro2012_020",TRUE,TRUE,TRUE,2012-06-16,2012-06-17,"","dbcf24c9f86f48423588ed254bdb08b4eb8663c31d50135a35aac5648ce87c73","1f97aae25b451b487872acbec081b19f16f85159628e9b3ae8b8a1228cdea265","7a5e5629a678fff177770206d872af4aabb850c7b2f06148e7092eb01db80527","2487b0b815559b60a1ae7fb64ed0017499efce22236bc5df3a195ab6398a89db","b3bff519e9738280bbd4171164a19ffe03ea4c5287d7cf20db8ca1366b9de9f6"
"1.0","open_core","euro2012","euro2012_021",TRUE,TRUE,TRUE,2012-06-17,2012-06-18,"","dbcf24c9f86f48423588ed254bdb08b4eb8663c31d50135a35aac5648ce87c73","1f97aae25b451b487872acbec081b19f16f85159628e9b3ae8b8a1228cdea265","7a5e5629a678fff177770206d872af4aabb850c7b2f06148e7092eb01db80527","13522d2cfb19622d258e31ca4bfad35e4631309b119737bd9531595fddb279ae","bb8f743e830f73bb5fe52de6520dd7586ccb893398eb78d284134685a9105148"
"1.0","open_core","euro2012","euro2012_022",TRUE,TRUE,TRUE,2012-06-17,2012-06-18,"","dbcf24c9f86f48423588ed254bdb08b4eb8663c31d50135a35aac5648ce87c73","1f97aae25b451b487872acbec081b19f16f85159628e9b3ae8b8a1228cdea265","7a5e5629a678fff177770206d872af4aabb850c7b2f06148e7092eb01db80527","db38fc9c63d4d513bd24633db4e47a2c3f6a8a896b09affcf999212c2d1c4809","21371a13e74389a59599bde1446e9cede1051348d09c45047d6fc603d8f2b24c"
"1.0","open_core","euro2012","euro2012_023",TRUE,TRUE,TRUE,2012-06-18,2012-06-19,"","dbcf24c9f86f48423588ed254bdb08b4eb8663c31d50135a35aac5648ce87c73","1f97aae25b451b487872acbec081b19f16f85159628e9b3ae8b8a1228cdea265","7a5e5629a678fff177770206d872af4aabb850c7b2f06148e7092eb01db80527","424239265891c300a7f1fa43e190e16bb222a0b2082b7acefba1ea49997df59d","c39c37fb0c5fb38e898127d97fe172f672e4685b26607a277708abceaad89baf"
"1.0","open_core","euro2012","euro2012_024",TRUE,TRUE,TRUE,2012-06-18,2012-06-19,"","dbcf24c9f86f48423588ed254bdb08b4eb8663c31d50135a35aac5648ce87c73","1f97aae25b451b487872acbec081b19f16f85159628e9b3ae8b8a1228cdea265","7a5e5629a678fff177770206d872af4aabb850c7b2f06148e7092eb01db80527","e1857c612f23568933ccd405b53baf4507fb25032fce518427c854620afa8709","bf617ab273d42010984072107049edde324b978e67790c99377038b53713aa04"
"1.0","open_core","euro2012","euro2012_025",TRUE,TRUE,TRUE,2012-06-20,2012-06-21,"","dbcf24c9f86f48423588ed254bdb08b4eb8663c31d50135a35aac5648ce87c73","1f97aae25b451b487872acbec081b19f16f85159628e9b3ae8b8a1228cdea265","7a5e5629a678fff177770206d872af4aabb850c7b2f06148e7092eb01db80527","b1b00deb9ccad3c7a9f6013f0bd92b90fe2645cd82dc6a07c550de58186988a7","f59241d9976ff1fddffa7548268610ee8ce2541e80803cea127bbf2b1b6228c0"
"1.0","open_core","euro2012","euro2012_026",TRUE,TRUE,TRUE,2012-06-21,2012-06-22,"","dbcf24c9f86f48423588ed254bdb08b4eb8663c31d50135a35aac5648ce87c73","1f97aae25b451b487872acbec081b19f16f85159628e9b3ae8b8a1228cdea265","7a5e5629a678fff177770206d872af4aabb850c7b2f06148e7092eb01db80527","4556deebd2a0e89e5ea8f82bd30d4a866ec1ec29624dbefca3f5e8fef84b89b9","8e7c98dae12225153c65df228aba1c39464a71cc197579f590709d95de34d080"
"1.0","open_core","euro2012","euro2012_027",TRUE,TRUE,TRUE,2012-06-22,2012-06-23,"","dbcf24c9f86f48423588ed254bdb08b4eb8663c31d50135a35aac5648ce87c73","1f97aae25b451b487872acbec081b19f16f85159628e9b3ae8b8a1228cdea265","7a5e5629a678fff177770206d872af4aabb850c7b2f06148e7092eb01db80527","5825c8359c54da5af9bc592c6076371cec962826804511c454cc50241b6e56d2","8b215d0622a12de2cbdd293cf1b2a4209424063ee41c4feb6011bf9e0b00676b"
"1.0","open_core","euro2012","euro2012_028",TRUE,TRUE,TRUE,2012-06-23,2012-06-24,"","dbcf24c9f86f48423588ed254bdb08b4eb8663c31d50135a35aac5648ce87c73","1f97aae25b451b487872acbec081b19f16f85159628e9b3ae8b8a1228cdea265","7a5e5629a678fff177770206d872af4aabb850c7b2f06148e7092eb01db80527","ca9cbd51fe54b8839e11495cada851c8795ecc5c6578196ccb14a70b6e759aa2","717ced2e22740147a3bbbb68ecc2a646d86b7e3e6e52106e24c278c33ee4e6a4"
"1.0","open_core","euro2012","euro2012_029",TRUE,TRUE,TRUE,2012-06-26,2012-06-27,"","dbcf24c9f86f48423588ed254bdb08b4eb8663c31d50135a35aac5648ce87c73","1f97aae25b451b487872acbec081b19f16f85159628e9b3ae8b8a1228cdea265","7a5e5629a678fff177770206d872af4aabb850c7b2f06148e7092eb01db80527","0ba46f77d089df8c1f77e0ad2f28469414d6147ecc149e6294a4e4c9d157cd69","b21a7f604f89807a64015556156a8117c140607cc35522286c3d3a7a4c170413"
"1.0","open_core","euro2012","euro2012_030",TRUE,TRUE,TRUE,2012-06-27,2012-06-28,"","dbcf24c9f86f48423588ed254bdb08b4eb8663c31d50135a35aac5648ce87c73","1f97aae25b451b487872acbec081b19f16f85159628e9b3ae8b8a1228cdea265","7a5e5629a678fff177770206d872af4aabb850c7b2f06148e7092eb01db80527","6b278c6a3cd8711d9be097b2c23fe04be7a0f3348ca7fb903d59119f47eaaba6","0921dcfabe111c3bc0e4dc0cdddd38e7d4f294aea0eb5087a5b832f67ce17024"
"1.0","open_core","euro2012","euro2012_031",TRUE,TRUE,TRUE,2012-06-30,2012-07-01,"","dbcf24c9f86f48423588ed254bdb08b4eb8663c31d50135a35aac5648ce87c73","1f97aae25b451b487872acbec081b19f16f85159628e9b3ae8b8a1228cdea265","7a5e5629a678fff177770206d872af4aabb850c7b2f06148e7092eb01db80527","3f1fa303e32a9cc53855efb4f016718e0af0f7d43cb28c72bce9ff45c989fa6c","71e732a43a0ada57e7fae86169a9cef95fc3fdf211024d29d4bf6f4471bd94f1"
"1.0","open_core","euro2016","euro2016_001",TRUE,TRUE,TRUE,2016-06-09,2016-06-10,"","dbcf24c9f86f48423588ed254bdb08b4eb8663c31d50135a35aac5648ce87c73","1f97aae25b451b487872acbec081b19f16f85159628e9b3ae8b8a1228cdea265","7a5e5629a678fff177770206d872af4aabb850c7b2f06148e7092eb01db80527","d9a2f08efaa9073a16a356cf6f7bab6a4583d4fdb47ebe28389f7cf84ba41734","992dd0addd697d1927dc038841d2d89915bcedeeead9d0b1ccbfe875057ced1f"
"1.0","open_core","euro2016","euro2016_002",TRUE,TRUE,TRUE,2016-06-10,2016-06-11,"","dbcf24c9f86f48423588ed254bdb08b4eb8663c31d50135a35aac5648ce87c73","1f97aae25b451b487872acbec081b19f16f85159628e9b3ae8b8a1228cdea265","7a5e5629a678fff177770206d872af4aabb850c7b2f06148e7092eb01db80527","1411239d4d1664345d754028389585d56417e41bf615de26d939ba5673e16913","20c8564523b64e81fdf70ad32bf5ffc9aa537107191e811e2e35856213be1e0e"
"1.0","open_core","euro2016","euro2016_003",TRUE,TRUE,TRUE,2016-06-10,2016-06-11,"","dbcf24c9f86f48423588ed254bdb08b4eb8663c31d50135a35aac5648ce87c73","1f97aae25b451b487872acbec081b19f16f85159628e9b3ae8b8a1228cdea265","7a5e5629a678fff177770206d872af4aabb850c7b2f06148e7092eb01db80527","737db94d371ac8be0044c8bd2c7b944931e06783c4ecb99141175847121b6cec","6b6b7ec3c8d7ed7e288690782f5e37af5ba0c7a50e1ba7507681c3204a784d08"
"1.0","open_core","euro2016","euro2016_004",TRUE,TRUE,TRUE,2016-06-10,2016-06-11,"","dbcf24c9f86f48423588ed254bdb08b4eb8663c31d50135a35aac5648ce87c73","1f97aae25b451b487872acbec081b19f16f85159628e9b3ae8b8a1228cdea265","7a5e5629a678fff177770206d872af4aabb850c7b2f06148e7092eb01db80527","a22da01bb5975a61232e5d3a1757244399f0bbb951768f31e1c042d4305b15bf","55ebfda2e60a6930802e172c523779733fec41f67fb9cd5ae575aa92dc81a6aa"
"1.0","open_core","euro2016","euro2016_005",TRUE,TRUE,TRUE,2016-06-11,2016-06-12,"","dbcf24c9f86f48423588ed254bdb08b4eb8663c31d50135a35aac5648ce87c73","1f97aae25b451b487872acbec081b19f16f85159628e9b3ae8b8a1228cdea265","7a5e5629a678fff177770206d872af4aabb850c7b2f06148e7092eb01db80527","4d8de119482cc82047178d37f4ac6b538cd03d494268c19e190d4c2decc143a0","23436d1ffbfd19e502e27c799d6dc974d0a7805a608ab12c756a946cedc05fb0"
"1.0","open_core","euro2016","euro2016_006",TRUE,TRUE,TRUE,2016-06-11,2016-06-12,"","dbcf24c9f86f48423588ed254bdb08b4eb8663c31d50135a35aac5648ce87c73","1f97aae25b451b487872acbec081b19f16f85159628e9b3ae8b8a1228cdea265","7a5e5629a678fff177770206d872af4aabb850c7b2f06148e7092eb01db80527","999c905260a4ad4c0c1dbf53051032d3a0cfd009b3cbcbe360e10a01fe14f009","763cbacb8714b9cd63ac24309ef5a95a19488180339426655fc93e67298d3ea6"
"1.0","open_core","euro2016","euro2016_007",TRUE,TRUE,TRUE,2016-06-11,2016-06-12,"","dbcf24c9f86f48423588ed254bdb08b4eb8663c31d50135a35aac5648ce87c73","1f97aae25b451b487872acbec081b19f16f85159628e9b3ae8b8a1228cdea265","7a5e5629a678fff177770206d872af4aabb850c7b2f06148e7092eb01db80527","78fc1ec126543db5b00e4e989c255490e1fde752c192327b6006137a84b3c53b","e041a09cca18b84f450676d6655888b68fb54e7c36e9c26a2892ab94b9f6f7cf"
"1.0","open_core","euro2016","euro2016_008",TRUE,TRUE,TRUE,2016-06-12,2016-06-13,"","dbcf24c9f86f48423588ed254bdb08b4eb8663c31d50135a35aac5648ce87c73","1f97aae25b451b487872acbec081b19f16f85159628e9b3ae8b8a1228cdea265","7a5e5629a678fff177770206d872af4aabb850c7b2f06148e7092eb01db80527","970cce2b4fa385da548591b2b4bd68051f20f80d1b7dd7b378cbfc2e02a9805b","fc6ca66fbc5f7cd0222f8c60516d88e636dca3eec8aa9dea8f3a56ab63622daa"
"1.0","open_core","euro2016","euro2016_009",TRUE,TRUE,TRUE,2016-06-12,2016-06-13,"","dbcf24c9f86f48423588ed254bdb08b4eb8663c31d50135a35aac5648ce87c73","1f97aae25b451b487872acbec081b19f16f85159628e9b3ae8b8a1228cdea265","7a5e5629a678fff177770206d872af4aabb850c7b2f06148e7092eb01db80527","5d1006cff6ae00271703b3a10771843595654137fe9e2a99aadb4323a8db2026","d66316b54ed3f0ad8b93e0530ddf56b0f1e549e1d1f61060854d1f63c83b9b7c"
"1.0","open_core","euro2016","euro2016_010",TRUE,TRUE,TRUE,2016-06-12,2016-06-13,"","dbcf24c9f86f48423588ed254bdb08b4eb8663c31d50135a35aac5648ce87c73","1f97aae25b451b487872acbec081b19f16f85159628e9b3ae8b8a1228cdea265","7a5e5629a678fff177770206d872af4aabb850c7b2f06148e7092eb01db80527","7e17e87032bc332f6c83326e307a85cbad424cf6d74a368afe5341fe69586159","57de8b85267eeb49eb9f783085334675cc902ea27568e5d1625d6a6cf707014a"
"1.0","open_core","euro2016","euro2016_011",TRUE,TRUE,TRUE,2016-06-13,2016-06-14,"","dbcf24c9f86f48423588ed254bdb08b4eb8663c31d50135a35aac5648ce87c73","1f97aae25b451b487872acbec081b19f16f85159628e9b3ae8b8a1228cdea265","7a5e5629a678fff177770206d872af4aabb850c7b2f06148e7092eb01db80527","4fea32ed5a80ff568846d35f0041094c528de421ca0150393e5d793144a147e9","de0368d3cf0bdb78083f91c7b274bda0462315f5cdb6117293bc596c3f586eb6"
"1.0","open_core","euro2016","euro2016_012",TRUE,TRUE,TRUE,2016-06-13,2016-06-14,"","dbcf24c9f86f48423588ed254bdb08b4eb8663c31d50135a35aac5648ce87c73","1f97aae25b451b487872acbec081b19f16f85159628e9b3ae8b8a1228cdea265","7a5e5629a678fff177770206d872af4aabb850c7b2f06148e7092eb01db80527","4639eee9b5c457da78b0bf728e4cb8320f44231fc10d9ec8ba66e3e2b7711fdf","4b4c8cc1a741ff4ba4b1ef187e52d3ea7a4c1afbc15f31113e788e94c9ef42aa"
"1.0","open_core","euro2016","euro2016_013",TRUE,TRUE,TRUE,2016-06-14,2016-06-15,"","dbcf24c9f86f48423588ed254bdb08b4eb8663c31d50135a35aac5648ce87c73","1f97aae25b451b487872acbec081b19f16f85159628e9b3ae8b8a1228cdea265","7a5e5629a678fff177770206d872af4aabb850c7b2f06148e7092eb01db80527","af6867fd6bf7c5fad821402ea307d6e8cf9d9227a01cfbcc67c74e3677694e52","f75a6093b32697ebae228f6fe6d6849cfec2bee9678370b61bede45ad745802f"
"1.0","open_core","euro2016","euro2016_014",TRUE,TRUE,TRUE,2016-06-14,2016-06-15,"","dbcf24c9f86f48423588ed254bdb08b4eb8663c31d50135a35aac5648ce87c73","1f97aae25b451b487872acbec081b19f16f85159628e9b3ae8b8a1228cdea265","7a5e5629a678fff177770206d872af4aabb850c7b2f06148e7092eb01db80527","23509b20e1416728b3d726f6c0ad66b591562dc16f0afa313040177ad1e8c113","13c6e676e8d8215dcd92d23bbe2d9842b64036bb7024109401ba07daca1a0996"
"1.0","open_core","euro2016","euro2016_015",TRUE,TRUE,TRUE,2016-06-14,2016-06-15,"","dbcf24c9f86f48423588ed254bdb08b4eb8663c31d50135a35aac5648ce87c73","1f97aae25b451b487872acbec081b19f16f85159628e9b3ae8b8a1228cdea265","7a5e5629a678fff177770206d872af4aabb850c7b2f06148e7092eb01db80527","9f397e501a6cc0d5d6194025532a14b298039b4d9aba1c063ea044c89df9b98b","897f7c217fc90e0fc6dc910b7c986336f1a377d5dc4f997d308fdf3807e26ac8"
"1.0","open_core","euro2016","euro2016_016",TRUE,TRUE,TRUE,2016-06-15,2016-06-16,"","dbcf24c9f86f48423588ed254bdb08b4eb8663c31d50135a35aac5648ce87c73","1f97aae25b451b487872acbec081b19f16f85159628e9b3ae8b8a1228cdea265","7a5e5629a678fff177770206d872af4aabb850c7b2f06148e7092eb01db80527","d0c657af04754c9b1201d90afe672cb2643e637835e4b9c1d10d90982992d8d2","2c95178a8483385a572232ca79d43d8e4ad9341c4496094f65d9ca499bd93caa"
"1.0","open_core","euro2016","euro2016_017",TRUE,TRUE,TRUE,2016-06-15,2016-06-16,"","dbcf24c9f86f48423588ed254bdb08b4eb8663c31d50135a35aac5648ce87c73","1f97aae25b451b487872acbec081b19f16f85159628e9b3ae8b8a1228cdea265","7a5e5629a678fff177770206d872af4aabb850c7b2f06148e7092eb01db80527","74d4c3029fb6a083b43f088e57c35c75ef9e6b145fd91c5fe184bfee5caf1de8","488220753be9f7801317205f8ba6721755a15edcec22e58da2c5d272964cbc94"
"1.0","open_core","euro2016","euro2016_018",TRUE,TRUE,TRUE,2016-06-15,2016-06-16,"","dbcf24c9f86f48423588ed254bdb08b4eb8663c31d50135a35aac5648ce87c73","1f97aae25b451b487872acbec081b19f16f85159628e9b3ae8b8a1228cdea265","7a5e5629a678fff177770206d872af4aabb850c7b2f06148e7092eb01db80527","77f10b83b93e2d3bb1d011f7f3159bae00d3ad171bd6282c2e92a3c23e8d8fb2","9aa01502562a200d52c52274b433a60136685eacf6928c4df867e62a612f420b"
"1.0","open_core","euro2016","euro2016_019",TRUE,TRUE,TRUE,2016-06-16,2016-06-17,"","dbcf24c9f86f48423588ed254bdb08b4eb8663c31d50135a35aac5648ce87c73","1f97aae25b451b487872acbec081b19f16f85159628e9b3ae8b8a1228cdea265","7a5e5629a678fff177770206d872af4aabb850c7b2f06148e7092eb01db80527","d8845ff6056765ced1c8acbf6a94c3c09fb98ba6d87f59b1e0ac7719c1cf703a","336676fd41e78cdc6682092229d87944b5eea99dcf8a1796ad5af124f1523bc3"
"1.0","open_core","euro2016","euro2016_020",TRUE,TRUE,TRUE,2016-06-16,2016-06-17,"","dbcf24c9f86f48423588ed254bdb08b4eb8663c31d50135a35aac5648ce87c73","1f97aae25b451b487872acbec081b19f16f85159628e9b3ae8b8a1228cdea265","7a5e5629a678fff177770206d872af4aabb850c7b2f06148e7092eb01db80527","4b20faeb3e6e2aef928699d4caec20d3cf69da12949c69ebee0ddea2971ab087","e99d1ed97507a3cfb393dd1d8ae9d73992c01d9c54d77c1b9ee898f3140fc2df"
"1.0","open_core","euro2016","euro2016_021",TRUE,TRUE,TRUE,2016-06-16,2016-06-17,"","dbcf24c9f86f48423588ed254bdb08b4eb8663c31d50135a35aac5648ce87c73","1f97aae25b451b487872acbec081b19f16f85159628e9b3ae8b8a1228cdea265","7a5e5629a678fff177770206d872af4aabb850c7b2f06148e7092eb01db80527","07afca778f03a612e88bd85743d7c4dba270f22af759d35d0a4d7aa71b078cfa","ee5611889ab42d0797db9f181b98552ee787ea7e5ff3d5652fbf8cb5d034a059"
"1.0","open_core","euro2016","euro2016_022",TRUE,TRUE,TRUE,2016-06-17,2016-06-18,"","dbcf24c9f86f48423588ed254bdb08b4eb8663c31d50135a35aac5648ce87c73","1f97aae25b451b487872acbec081b19f16f85159628e9b3ae8b8a1228cdea265","7a5e5629a678fff177770206d872af4aabb850c7b2f06148e7092eb01db80527","30cadb57251274a20a8046b250ea79eb8fb95a6a023f7a646f0ca106d76b801c","7a4a5bb7659f835954453703d208676d2e8f420e522cf1f4c9520c33a74ecaff"
"1.0","open_core","euro2016","euro2016_023",TRUE,TRUE,TRUE,2016-06-17,2016-06-18,"","dbcf24c9f86f48423588ed254bdb08b4eb8663c31d50135a35aac5648ce87c73","1f97aae25b451b487872acbec081b19f16f85159628e9b3ae8b8a1228cdea265","7a5e5629a678fff177770206d872af4aabb850c7b2f06148e7092eb01db80527","da3551690ee67e557c761c998ba7f030e1c02bfe61d8a0f5d1fdfba5c740e351","49d0d24d21c6b2deff118caddaf3760d20f4f946019b364ba75e613e2f201ead"
"1.0","open_core","euro2016","euro2016_024",TRUE,TRUE,TRUE,2016-06-17,2016-06-18,"","dbcf24c9f86f48423588ed254bdb08b4eb8663c31d50135a35aac5648ce87c73","1f97aae25b451b487872acbec081b19f16f85159628e9b3ae8b8a1228cdea265","7a5e5629a678fff177770206d872af4aabb850c7b2f06148e7092eb01db80527","55950d4e1c8dac78294c04df557a39faa25772cd85446a43afdc1f35e6263bf3","064d6dee515f639c46c2bbfbabe43d25d4f3c19cafb554d8a3732a4c3c3ebfdd"
"1.0","open_core","euro2016","euro2016_025",TRUE,TRUE,TRUE,2016-06-18,2016-06-19,"","dbcf24c9f86f48423588ed254bdb08b4eb8663c31d50135a35aac5648ce87c73","1f97aae25b451b487872acbec081b19f16f85159628e9b3ae8b8a1228cdea265","7a5e5629a678fff177770206d872af4aabb850c7b2f06148e7092eb01db80527","f4b8516e37be216fa9ba726d46b3b838510e77d0140807ad7404e94c72883ded","fc52dbf769fe1b8afea7a348e6be63abba0aa83b3ee3c012d99f13050cdd7266"
"1.0","open_core","euro2016","euro2016_026",TRUE,TRUE,TRUE,2016-06-18,2016-06-19,"","dbcf24c9f86f48423588ed254bdb08b4eb8663c31d50135a35aac5648ce87c73","1f97aae25b451b487872acbec081b19f16f85159628e9b3ae8b8a1228cdea265","7a5e5629a678fff177770206d872af4aabb850c7b2f06148e7092eb01db80527","c84b9494562841eae34549871ab935c21e5141fe78e1a9a7f45ac048e8662c6c","eb5963d72abd6cde73bacadca5904b7f58ec38c39f8d53c4f2423feae62b7cb0"
"1.0","open_core","euro2016","euro2016_027",TRUE,TRUE,TRUE,2016-06-19,2016-06-20,"","dbcf24c9f86f48423588ed254bdb08b4eb8663c31d50135a35aac5648ce87c73","1f97aae25b451b487872acbec081b19f16f85159628e9b3ae8b8a1228cdea265","7a5e5629a678fff177770206d872af4aabb850c7b2f06148e7092eb01db80527","4fa784fffd92f9e83cbc1acd9c9b79ef49f78e5b3f689ce8ad8a8a1c97f123af","43439343039f15e0f12f5609fa1cf6a2da40ebd07bd17dfe760a0fa4a507af49"
"1.0","open_core","euro2016","euro2016_028",TRUE,TRUE,TRUE,2016-06-19,2016-06-20,"","dbcf24c9f86f48423588ed254bdb08b4eb8663c31d50135a35aac5648ce87c73","1f97aae25b451b487872acbec081b19f16f85159628e9b3ae8b8a1228cdea265","7a5e5629a678fff177770206d872af4aabb850c7b2f06148e7092eb01db80527","0cc3f1dd91a6c50f20bbe7f38d95dc4821c34f428d9d7a0dede0c31cd2c61e33","fb8adba6cb0f28fee80ca8ccbab113d863ea9fec9923a3053af117880b1e2ac6"
"1.0","open_core","euro2016","euro2016_029",TRUE,TRUE,TRUE,2016-06-20,2016-06-21,"","dbcf24c9f86f48423588ed254bdb08b4eb8663c31d50135a35aac5648ce87c73","1f97aae25b451b487872acbec081b19f16f85159628e9b3ae8b8a1228cdea265","7a5e5629a678fff177770206d872af4aabb850c7b2f06148e7092eb01db80527","ef70f8c2690ef77befb3f9035edb9a56540eaa2832f42936b7f9bc9f2aa7dd94","2803604adaba111c40512eeae3ff1ebc01f3033b34fe1626093cbfd18ac7669b"
"1.0","open_core","euro2016","euro2016_030",TRUE,TRUE,TRUE,2016-06-20,2016-06-21,"","dbcf24c9f86f48423588ed254bdb08b4eb8663c31d50135a35aac5648ce87c73","1f97aae25b451b487872acbec081b19f16f85159628e9b3ae8b8a1228cdea265","7a5e5629a678fff177770206d872af4aabb850c7b2f06148e7092eb01db80527","2ec3861331bf9f7a874e8147b2cebbb393a2378aa7b69aa71c68618f48c29de5","d81088e8626bdac52e9a72f6f9608eb957334da03e06533af49825dcd75e8511"
"1.0","open_core","euro2016","euro2016_031",TRUE,TRUE,TRUE,2016-06-20,2016-06-21,"","dbcf24c9f86f48423588ed254bdb08b4eb8663c31d50135a35aac5648ce87c73","1f97aae25b451b487872acbec081b19f16f85159628e9b3ae8b8a1228cdea265","7a5e5629a678fff177770206d872af4aabb850c7b2f06148e7092eb01db80527","f027ce23c24496be8158e9c85aa5c44828f7798f1a8dccc942886c56f8a521fc","e6446f3eaea4246c6cff5d5e2d902a9185e64886144f1ef82fe72fd28de91ca5"
"1.0","open_core","euro2016","euro2016_032",TRUE,TRUE,TRUE,2016-06-20,2016-06-21,"","dbcf24c9f86f48423588ed254bdb08b4eb8663c31d50135a35aac5648ce87c73","1f97aae25b451b487872acbec081b19f16f85159628e9b3ae8b8a1228cdea265","7a5e5629a678fff177770206d872af4aabb850c7b2f06148e7092eb01db80527","1c9215f2b82bdf7cf0819b42dcd5bcfcc05aadcf82abf0f69d9670fcf27ee3c7","00c6f167e4ee28a845f73a14c7e99239d4d37e310561d06235700dcc0c6fb1f9"
"1.0","open_core","euro2016","euro2016_033",TRUE,TRUE,TRUE,2016-06-21,2016-06-22,"","dbcf24c9f86f48423588ed254bdb08b4eb8663c31d50135a35aac5648ce87c73","1f97aae25b451b487872acbec081b19f16f85159628e9b3ae8b8a1228cdea265","7a5e5629a678fff177770206d872af4aabb850c7b2f06148e7092eb01db80527","4ca6489bcdc1dc63896ce4762dbf530502d7a91abb241d494cf7e8933c22dbe9","797141e2165e823d5cae366fd647fe215db805a886cc5e418486ba843d1f7622"
"1.0","open_core","euro2016","euro2016_034",TRUE,TRUE,TRUE,2016-06-21,2016-06-22,"","dbcf24c9f86f48423588ed254bdb08b4eb8663c31d50135a35aac5648ce87c73","1f97aae25b451b487872acbec081b19f16f85159628e9b3ae8b8a1228cdea265","7a5e5629a678fff177770206d872af4aabb850c7b2f06148e7092eb01db80527","11db9e49dd04b8ee85ae3a65476133b44f3da49a005a67939182dbb2713f3e8f","b39e5d9fdad534067466e6c4b2552b3f742f8f83f2b419b1c2153662abbdd55f"
"1.0","open_core","euro2016","euro2016_035",TRUE,TRUE,TRUE,2016-06-21,2016-06-22,"","dbcf24c9f86f48423588ed254bdb08b4eb8663c31d50135a35aac5648ce87c73","1f97aae25b451b487872acbec081b19f16f85159628e9b3ae8b8a1228cdea265","7a5e5629a678fff177770206d872af4aabb850c7b2f06148e7092eb01db80527","ca749acbe815349bc7f8349a9b0b87f4e9207642780ed72fec525bf81b917610","a8e30c716d23691662aa3ef4897eba49a5625475635188e98f4a4500c964c001"
"1.0","open_core","euro2016","euro2016_036",TRUE,TRUE,TRUE,2016-06-21,2016-06-22,"","dbcf24c9f86f48423588ed254bdb08b4eb8663c31d50135a35aac5648ce87c73","1f97aae25b451b487872acbec081b19f16f85159628e9b3ae8b8a1228cdea265","7a5e5629a678fff177770206d872af4aabb850c7b2f06148e7092eb01db80527","457b927c14aa04bd69f14ded2fd624eaa105a9bc3e266eed00c89081c1feed41","18456d49debcddcdb92d0a33cfcf94c9df10f0ec0efd392aa85233df77838f3e"
"1.0","open_core","euro2016","euro2016_037",TRUE,TRUE,TRUE,2016-06-24,2016-06-25,"","dbcf24c9f86f48423588ed254bdb08b4eb8663c31d50135a35aac5648ce87c73","1f97aae25b451b487872acbec081b19f16f85159628e9b3ae8b8a1228cdea265","7a5e5629a678fff177770206d872af4aabb850c7b2f06148e7092eb01db80527","7ef21e4f75e2742d0edd079367807ee41d98782002920c62708857ca35023a4b","5cdda903d23d618783c731fad1a1328d2e1eba48293f9c78a8485b6a7c10d222"
"1.0","open_core","euro2016","euro2016_038",TRUE,TRUE,TRUE,2016-06-24,2016-06-25,"","dbcf24c9f86f48423588ed254bdb08b4eb8663c31d50135a35aac5648ce87c73","1f97aae25b451b487872acbec081b19f16f85159628e9b3ae8b8a1228cdea265","7a5e5629a678fff177770206d872af4aabb850c7b2f06148e7092eb01db80527","bc6e2b7c6948a8ffe267f4582ab927229bd5c2e00fd83d9c3d0ee9280fc75eb6","26f3749c1af27b4f4f0d5b9b784ebe2508150a51368b8625b8560ab2db6a8ecc"
"1.0","open_core","euro2016","euro2016_039",TRUE,TRUE,TRUE,2016-06-24,2016-06-25,"","dbcf24c9f86f48423588ed254bdb08b4eb8663c31d50135a35aac5648ce87c73","1f97aae25b451b487872acbec081b19f16f85159628e9b3ae8b8a1228cdea265","7a5e5629a678fff177770206d872af4aabb850c7b2f06148e7092eb01db80527","ebc5c5a9431fb2f1f772febb1afe44b0095bf87ee7c3bceaa9b9b55c48b6e533","1b040408fd86d6d30c7a2c527d466c4c1787bcae30d8f2295ea7017cfbc9c270"
"1.0","open_core","euro2016","euro2016_040",TRUE,TRUE,TRUE,2016-06-25,2016-06-26,"","dbcf24c9f86f48423588ed254bdb08b4eb8663c31d50135a35aac5648ce87c73","1f97aae25b451b487872acbec081b19f16f85159628e9b3ae8b8a1228cdea265","7a5e5629a678fff177770206d872af4aabb850c7b2f06148e7092eb01db80527","a850f8631c58054392d1b162b1388bcef46916735dac28e1879a605bb6b1888e","946a0578539efd900b0a685022d180a23c29dd65aa0031398ed93468339654cf"
"1.0","open_core","euro2016","euro2016_041",TRUE,TRUE,TRUE,2016-06-25,2016-06-26,"","dbcf24c9f86f48423588ed254bdb08b4eb8663c31d50135a35aac5648ce87c73","1f97aae25b451b487872acbec081b19f16f85159628e9b3ae8b8a1228cdea265","7a5e5629a678fff177770206d872af4aabb850c7b2f06148e7092eb01db80527","067b241868a28f65e410e481a69a504f479606fda0b025726674a7db971e9434","6d76953676da9cf96476029d47ca61c611018984a1c8b17c7b46afcc1acbcb51"
"1.0","open_core","euro2016","euro2016_042",TRUE,TRUE,TRUE,2016-06-25,2016-06-26,"","dbcf24c9f86f48423588ed254bdb08b4eb8663c31d50135a35aac5648ce87c73","1f97aae25b451b487872acbec081b19f16f85159628e9b3ae8b8a1228cdea265","7a5e5629a678fff177770206d872af4aabb850c7b2f06148e7092eb01db80527","7568734bee4086f95dcf2507ebf036c80cfe2b3824683481c19251e308d01cd9","520b44eeb3a92a25f6860a18bce05032c3f7f6c903eb66be812fcbf91fa1b37f"
"1.0","open_core","euro2016","euro2016_043",TRUE,TRUE,TRUE,2016-06-26,2016-06-27,"","dbcf24c9f86f48423588ed254bdb08b4eb8663c31d50135a35aac5648ce87c73","1f97aae25b451b487872acbec081b19f16f85159628e9b3ae8b8a1228cdea265","7a5e5629a678fff177770206d872af4aabb850c7b2f06148e7092eb01db80527","bd00d06d5d330a052c6e9f10b582a9723ae6434f75902f8283298edce7959f1c","3db10a93f82dda5b7d981ec868f7c74fef92f5346532be0d62ebb75386e8a2f2"
"1.0","open_core","euro2016","euro2016_044",TRUE,TRUE,TRUE,2016-06-26,2016-06-27,"","dbcf24c9f86f48423588ed254bdb08b4eb8663c31d50135a35aac5648ce87c73","1f97aae25b451b487872acbec081b19f16f85159628e9b3ae8b8a1228cdea265","7a5e5629a678fff177770206d872af4aabb850c7b2f06148e7092eb01db80527","3e82adacecfba96bc9359d6f8f9e144ca637b7272a1c55e3b64887fcdd4664f6","1325f0dbe659c445b1fda31e5d67f93a49e22de4fb4e4c3a4ed6e02d7195b6e7"
"1.0","open_core","euro2016","euro2016_045",TRUE,TRUE,TRUE,2016-06-29,2016-06-30,"","dbcf24c9f86f48423588ed254bdb08b4eb8663c31d50135a35aac5648ce87c73","1f97aae25b451b487872acbec081b19f16f85159628e9b3ae8b8a1228cdea265","7a5e5629a678fff177770206d872af4aabb850c7b2f06148e7092eb01db80527","cc6a3e31c50c57a5205dc7e36a2c8ef8a049d566f722a41285c7acc760c8cdb5","6f928f6d9f8fe97d447c906c824570b45ec64947fc86518897e1d44d337e79e4"
"1.0","open_core","euro2016","euro2016_046",TRUE,TRUE,TRUE,2016-06-30,2016-07-01,"","dbcf24c9f86f48423588ed254bdb08b4eb8663c31d50135a35aac5648ce87c73","1f97aae25b451b487872acbec081b19f16f85159628e9b3ae8b8a1228cdea265","7a5e5629a678fff177770206d872af4aabb850c7b2f06148e7092eb01db80527","beecea53b1ad53f921d56091525c0541d7b7dd78b3e3a0c5456f968e748863ae","db60fe1f447577a095daad9e741b1b17bd8100291deb6d896669c16708bb31b0"
"1.0","open_core","euro2016","euro2016_047",TRUE,TRUE,TRUE,2016-07-01,2016-07-02,"","dbcf24c9f86f48423588ed254bdb08b4eb8663c31d50135a35aac5648ce87c73","1f97aae25b451b487872acbec081b19f16f85159628e9b3ae8b8a1228cdea265","7a5e5629a678fff177770206d872af4aabb850c7b2f06148e7092eb01db80527","76e0373800f18f26e7f63c45b15a4f962fa9b993d8b496253c36f3f421b5ce04","1ba39d87dd8a15b238ee254a1ca62442b67f8a9e571da184119f888a9e4093ae"
"1.0","open_core","euro2016","euro2016_048",TRUE,TRUE,TRUE,2016-07-02,2016-07-03,"","dbcf24c9f86f48423588ed254bdb08b4eb8663c31d50135a35aac5648ce87c73","1f97aae25b451b487872acbec081b19f16f85159628e9b3ae8b8a1228cdea265","7a5e5629a678fff177770206d872af4aabb850c7b2f06148e7092eb01db80527","d44045bdded62e4bee167ef1f56acd9d84e39cc69457d54214945db1a4c61282","57b88e38c07961bc16575ddf6cfc882a0c8c94048b5f7f81aa0b40197c757e91"
"1.0","open_core","euro2016","euro2016_049",TRUE,TRUE,TRUE,2016-07-05,2016-07-06,"","dbcf24c9f86f48423588ed254bdb08b4eb8663c31d50135a35aac5648ce87c73","1f97aae25b451b487872acbec081b19f16f85159628e9b3ae8b8a1228cdea265","7a5e5629a678fff177770206d872af4aabb850c7b2f06148e7092eb01db80527","b41b10f52c6b58080afaefd42efb7fa5d50f06de86c9eccc85ed3a2b82e68564","68f09c198980bf56f424a70b0f35d94eb99b45181c97c276b3ba5cea68048c33"
"1.0","open_core","euro2016","euro2016_050",TRUE,TRUE,TRUE,2016-07-06,2016-07-07,"","dbcf24c9f86f48423588ed254bdb08b4eb8663c31d50135a35aac5648ce87c73","1f97aae25b451b487872acbec081b19f16f85159628e9b3ae8b8a1228cdea265","7a5e5629a678fff177770206d872af4aabb850c7b2f06148e7092eb01db80527","651bbc595cd7a38d2e3392b913a8dc7133a70656b5f3ae11258395e56162325f","2734824dedf7040d64bb24888871a3e0c025efbb7c3480d506304452029b7e14"
"1.0","open_core","euro2016","euro2016_051",TRUE,TRUE,TRUE,2016-07-09,2016-07-10,"","dbcf24c9f86f48423588ed254bdb08b4eb8663c31d50135a35aac5648ce87c73","1f97aae25b451b487872acbec081b19f16f85159628e9b3ae8b8a1228cdea265","7a5e5629a678fff177770206d872af4aabb850c7b2f06148e7092eb01db80527","2b461887db4656322ec1ed320108f88fb0dda64a45ac1d1414c059b9508937b4","4bc8560986583323c4f12037e1f8ccf73180533808568a19f899059e6ad10fe6"
"1.0","open_core","euro2020","euro2020_001",TRUE,TRUE,TRUE,2021-06-10,2021-06-11,"","dbcf24c9f86f48423588ed254bdb08b4eb8663c31d50135a35aac5648ce87c73","1f97aae25b451b487872acbec081b19f16f85159628e9b3ae8b8a1228cdea265","7a5e5629a678fff177770206d872af4aabb850c7b2f06148e7092eb01db80527","bf2bb3c1322923f505bb5707209102b55da60339bf3138a0fb4b280fb888a109","ed51112778a4afafc9949707c9c8dec90c31092000500ae1202abd4bd751a9b0"
"1.0","open_core","euro2020","euro2020_002",TRUE,TRUE,TRUE,2021-06-11,2021-06-12,"","dbcf24c9f86f48423588ed254bdb08b4eb8663c31d50135a35aac5648ce87c73","1f97aae25b451b487872acbec081b19f16f85159628e9b3ae8b8a1228cdea265","7a5e5629a678fff177770206d872af4aabb850c7b2f06148e7092eb01db80527","81a9cd314a1c4b081ba7ab2c99c5ebed848e133e267e6288a4a0535e996d4993","c4be5662219b9d4bb1bb1353f15a500975a7b81a1d61f8ac74b9185dd1f40bd8"
"1.0","open_core","euro2020","euro2020_003",TRUE,TRUE,TRUE,2021-06-11,2021-06-12,"","dbcf24c9f86f48423588ed254bdb08b4eb8663c31d50135a35aac5648ce87c73","1f97aae25b451b487872acbec081b19f16f85159628e9b3ae8b8a1228cdea265","7a5e5629a678fff177770206d872af4aabb850c7b2f06148e7092eb01db80527","c81ef192855fb9192089d689297eb132b20049d42867144289af729d1154e5d7","c49a8e97811682e53fafe535ddc536541a6cf1d8106f68924f4c79b07c6684b7"
"1.0","open_core","euro2020","euro2020_004",TRUE,TRUE,TRUE,2021-06-11,2021-06-12,"","dbcf24c9f86f48423588ed254bdb08b4eb8663c31d50135a35aac5648ce87c73","1f97aae25b451b487872acbec081b19f16f85159628e9b3ae8b8a1228cdea265","7a5e5629a678fff177770206d872af4aabb850c7b2f06148e7092eb01db80527","2e3305b722857d172f0397693c89c242569efd5fd756188b30d266591a2d8a96","665b9b694c0a26cc0aae1bd7019d7303bb9b56bebd9aaebb129a33171d072c7c"
"1.0","open_core","euro2020","euro2020_005",TRUE,TRUE,TRUE,2021-06-12,2021-06-13,"","dbcf24c9f86f48423588ed254bdb08b4eb8663c31d50135a35aac5648ce87c73","1f97aae25b451b487872acbec081b19f16f85159628e9b3ae8b8a1228cdea265","7a5e5629a678fff177770206d872af4aabb850c7b2f06148e7092eb01db80527","df3487870870d6b764325e35a5e1e601771f5e78c2e6d92683275577e115ef67","f8e40c9050d71fbebd9701f5838a236b29efb389699b30b835044791c44f7145"
"1.0","open_core","euro2020","euro2020_006",TRUE,TRUE,TRUE,2021-06-12,2021-06-13,"","dbcf24c9f86f48423588ed254bdb08b4eb8663c31d50135a35aac5648ce87c73","1f97aae25b451b487872acbec081b19f16f85159628e9b3ae8b8a1228cdea265","7a5e5629a678fff177770206d872af4aabb850c7b2f06148e7092eb01db80527","c99f7667396fcdef038a5e4127573dbbb86bb22911028b700b46cf0a373e6b50","3ef702cc167b2760330528de098c8e05c6a6121897c1edaf713b69decedf3224"
"1.0","open_core","euro2020","euro2020_007",TRUE,TRUE,TRUE,2021-06-12,2021-06-13,"","dbcf24c9f86f48423588ed254bdb08b4eb8663c31d50135a35aac5648ce87c73","1f97aae25b451b487872acbec081b19f16f85159628e9b3ae8b8a1228cdea265","7a5e5629a678fff177770206d872af4aabb850c7b2f06148e7092eb01db80527","10f156c2181373ed3ccf61a7786502e7c5f376520c98f7b6193748f515ce58e9","0c39f10dabdaba15f8d634e25965303d7040ba1fb473c5441a28c870e010239d"
"1.0","open_core","euro2020","euro2020_008",TRUE,TRUE,TRUE,2021-06-13,2021-06-14,"","dbcf24c9f86f48423588ed254bdb08b4eb8663c31d50135a35aac5648ce87c73","1f97aae25b451b487872acbec081b19f16f85159628e9b3ae8b8a1228cdea265","7a5e5629a678fff177770206d872af4aabb850c7b2f06148e7092eb01db80527","f536771502535b26c0341dcd06df27ee08e29feff118da1de77e2af9453cfce7","6cbfc41629b1802b5ee658d1f59437b60746b7083c62d47de6d43229c6a1131b"
"1.0","open_core","euro2020","euro2020_009",TRUE,TRUE,TRUE,2021-06-13,2021-06-14,"","dbcf24c9f86f48423588ed254bdb08b4eb8663c31d50135a35aac5648ce87c73","1f97aae25b451b487872acbec081b19f16f85159628e9b3ae8b8a1228cdea265","7a5e5629a678fff177770206d872af4aabb850c7b2f06148e7092eb01db80527","986912d306378c9a3f4c7ad71b3a4d2fa35f22ec977641cd24caa324bc0477ae","dffd358eb9831bb48c2bf39eda86f42cf33c94a99dde63aae3d2785bb3a4d59f"
"1.0","open_core","euro2020","euro2020_010",TRUE,TRUE,TRUE,2021-06-13,2021-06-14,"","dbcf24c9f86f48423588ed254bdb08b4eb8663c31d50135a35aac5648ce87c73","1f97aae25b451b487872acbec081b19f16f85159628e9b3ae8b8a1228cdea265","7a5e5629a678fff177770206d872af4aabb850c7b2f06148e7092eb01db80527","81c5b5c77bd240dd98c1fd3e9c88c411c82835b95ddcf3518025b78f17042446","462ab56f565f31635683dc44c8d1893b79db5eb08ecb65864730ca2e325deed0"
"1.0","open_core","euro2020","euro2020_011",TRUE,TRUE,TRUE,2021-06-14,2021-06-15,"","dbcf24c9f86f48423588ed254bdb08b4eb8663c31d50135a35aac5648ce87c73","1f97aae25b451b487872acbec081b19f16f85159628e9b3ae8b8a1228cdea265","7a5e5629a678fff177770206d872af4aabb850c7b2f06148e7092eb01db80527","1329b7f5fc97a058d50671a4fe00713a049cefe424fb3c5cc24a10546e9ebd78","a87ef6a00fad861083e1da587b06d8fcaa24e6bd27a227388fab22b81b64df1c"
"1.0","open_core","euro2020","euro2020_012",TRUE,TRUE,TRUE,2021-06-14,2021-06-15,"","dbcf24c9f86f48423588ed254bdb08b4eb8663c31d50135a35aac5648ce87c73","1f97aae25b451b487872acbec081b19f16f85159628e9b3ae8b8a1228cdea265","7a5e5629a678fff177770206d872af4aabb850c7b2f06148e7092eb01db80527","8bdcc3a7c2f275fcf28115674764313064c47136c997320568e2cf602fa5909a","90a563f761bcd5aa235e4fa1dd9f85a7b55e3d3c7dae80402605627b3351a0e3"
"1.0","open_core","euro2020","euro2020_013",TRUE,TRUE,TRUE,2021-06-15,2021-06-16,"","dbcf24c9f86f48423588ed254bdb08b4eb8663c31d50135a35aac5648ce87c73","1f97aae25b451b487872acbec081b19f16f85159628e9b3ae8b8a1228cdea265","7a5e5629a678fff177770206d872af4aabb850c7b2f06148e7092eb01db80527","31d57c5026466d67d43757034d062518e983d9dc53091b592d92a9a7bbac8a85","a0e2753a6cc77ad6d40cd6e5a2ee2cba315c09cc7f5ea8b2b888f9cdf91c9cd4"
"1.0","open_core","euro2020","euro2020_014",TRUE,TRUE,TRUE,2021-06-15,2021-06-16,"","dbcf24c9f86f48423588ed254bdb08b4eb8663c31d50135a35aac5648ce87c73","1f97aae25b451b487872acbec081b19f16f85159628e9b3ae8b8a1228cdea265","7a5e5629a678fff177770206d872af4aabb850c7b2f06148e7092eb01db80527","c5a4f79ce31dc88764f7adf65f950a428f0f4001be92ce38bcf423105d5ff088","6f2d1193524d65836f589905226d8c32adf7751c9fca918807e3ecefb698db9e"
"1.0","open_core","euro2020","euro2020_015",TRUE,TRUE,TRUE,2021-06-15,2021-06-16,"","dbcf24c9f86f48423588ed254bdb08b4eb8663c31d50135a35aac5648ce87c73","1f97aae25b451b487872acbec081b19f16f85159628e9b3ae8b8a1228cdea265","7a5e5629a678fff177770206d872af4aabb850c7b2f06148e7092eb01db80527","802e81e3f721ba31cc36c243aaf42929f1e021b886ecfa399547cbb66c01c1da","3ad4d09ded17a46c11ff98fb3d50ab4782a60cf3dbd8e2b91953ed026025e894"
"1.0","open_core","euro2020","euro2020_016",TRUE,TRUE,TRUE,2021-06-16,2021-06-17,"","dbcf24c9f86f48423588ed254bdb08b4eb8663c31d50135a35aac5648ce87c73","1f97aae25b451b487872acbec081b19f16f85159628e9b3ae8b8a1228cdea265","7a5e5629a678fff177770206d872af4aabb850c7b2f06148e7092eb01db80527","e3bd1ed1a8aa3bb03edbd15910020e2c63ee42edc8344f64e80cca6119495599","50205ca8d19f7d22d4abfd32e6fe61af290ddd47d8461ef6d432e93444f8a3f8"
"1.0","open_core","euro2020","euro2020_017",TRUE,TRUE,TRUE,2021-06-16,2021-06-17,"","dbcf24c9f86f48423588ed254bdb08b4eb8663c31d50135a35aac5648ce87c73","1f97aae25b451b487872acbec081b19f16f85159628e9b3ae8b8a1228cdea265","7a5e5629a678fff177770206d872af4aabb850c7b2f06148e7092eb01db80527","5eb69759ba6b974756c6a2d9182a55231629ed2d03a2d5ad36607d30d96e2153","134e60b2e608f61560f2881f9685aa9e456cc10a0c37590aafa0c5a79d094648"
"1.0","open_core","euro2020","euro2020_018",TRUE,TRUE,TRUE,2021-06-16,2021-06-17,"","dbcf24c9f86f48423588ed254bdb08b4eb8663c31d50135a35aac5648ce87c73","1f97aae25b451b487872acbec081b19f16f85159628e9b3ae8b8a1228cdea265","7a5e5629a678fff177770206d872af4aabb850c7b2f06148e7092eb01db80527","e265dcd24bcf5092166b1d0f082fa142df8ccbfa12a8fbc56ea7d9d905e490b2","c63e805bd72ea35b01e5807ad847299b819ea6ab97c7c756ceefd15e0f96ad15"
"1.0","open_core","euro2020","euro2020_019",TRUE,TRUE,TRUE,2021-06-17,2021-06-18,"","dbcf24c9f86f48423588ed254bdb08b4eb8663c31d50135a35aac5648ce87c73","1f97aae25b451b487872acbec081b19f16f85159628e9b3ae8b8a1228cdea265","7a5e5629a678fff177770206d872af4aabb850c7b2f06148e7092eb01db80527","25a55ad2a1a0ab801d297e940985d7a5328cde5896b3273fd704271ad1653b15","cba65b1d4b4c0157c998734067c32ee885a2cee7028f9fb8e892bebbed681493"
"1.0","open_core","euro2020","euro2020_020",TRUE,TRUE,TRUE,2021-06-17,2021-06-18,"","dbcf24c9f86f48423588ed254bdb08b4eb8663c31d50135a35aac5648ce87c73","1f97aae25b451b487872acbec081b19f16f85159628e9b3ae8b8a1228cdea265","7a5e5629a678fff177770206d872af4aabb850c7b2f06148e7092eb01db80527","9e7bfa98abed124bcaaa916953ed3777d1c6966452bf462d7f53b5a64a7c9a9f","16490810d02dbb4ffb7c50fc5187e197173a1703b7aa7baa91d57fa25a7535df"
"1.0","open_core","euro2020","euro2020_021",TRUE,TRUE,TRUE,2021-06-17,2021-06-18,"","dbcf24c9f86f48423588ed254bdb08b4eb8663c31d50135a35aac5648ce87c73","1f97aae25b451b487872acbec081b19f16f85159628e9b3ae8b8a1228cdea265","7a5e5629a678fff177770206d872af4aabb850c7b2f06148e7092eb01db80527","5b87a2c59a1cdde9bb31b8098e0343b63ffc1fd969d8e81d1a6fe07b4d02cfaa","7d377d5a906380f854fec947e7e0427a5d34841f731136d9c03f3c837f4fc7ed"
"1.0","open_core","euro2020","euro2020_022",TRUE,TRUE,TRUE,2021-06-18,2021-06-19,"","dbcf24c9f86f48423588ed254bdb08b4eb8663c31d50135a35aac5648ce87c73","1f97aae25b451b487872acbec081b19f16f85159628e9b3ae8b8a1228cdea265","7a5e5629a678fff177770206d872af4aabb850c7b2f06148e7092eb01db80527","7af27dc2a430c5a7a065a1e7ce89c0125d31faf5a26fde8dd028a8a10325ced5","250671a1abcbfeee2383b0b33a1be182dc41734e062e158b27fe03e90e798840"
"1.0","open_core","euro2020","euro2020_023",TRUE,TRUE,TRUE,2021-06-18,2021-06-19,"","dbcf24c9f86f48423588ed254bdb08b4eb8663c31d50135a35aac5648ce87c73","1f97aae25b451b487872acbec081b19f16f85159628e9b3ae8b8a1228cdea265","7a5e5629a678fff177770206d872af4aabb850c7b2f06148e7092eb01db80527","068dcca848d32ae9aa5e3cf93338ae465890fbe3c9f6f7e1db3834adca113369","124387d08091d677c7c22e22cd7a4da22d47946f4e22acada634e56b3c0540f1"
"1.0","open_core","euro2020","euro2020_024",TRUE,TRUE,TRUE,2021-06-18,2021-06-19,"","dbcf24c9f86f48423588ed254bdb08b4eb8663c31d50135a35aac5648ce87c73","1f97aae25b451b487872acbec081b19f16f85159628e9b3ae8b8a1228cdea265","7a5e5629a678fff177770206d872af4aabb850c7b2f06148e7092eb01db80527","31ca8e29bc9449c8d39fec02d9e5d5531f9421655cbb70a6bd9dd60f1b1d59d7","f11f46bad3a6fb154aaf5c64fe28491d69001c7956350859b94781bd0f215694"
"1.0","open_core","euro2020","euro2020_025",TRUE,TRUE,TRUE,2021-06-19,2021-06-20,"","dbcf24c9f86f48423588ed254bdb08b4eb8663c31d50135a35aac5648ce87c73","1f97aae25b451b487872acbec081b19f16f85159628e9b3ae8b8a1228cdea265","7a5e5629a678fff177770206d872af4aabb850c7b2f06148e7092eb01db80527","9be7b746eab2cf09f259721476703ec35a13010d0c1e4eae462f1001f2d36ce8","7e3309293ae93f80b8f64d7ad4149ac8b78235efa514219d55c1ce8f9728385c"
"1.0","open_core","euro2020","euro2020_026",TRUE,TRUE,TRUE,2021-06-19,2021-06-20,"","dbcf24c9f86f48423588ed254bdb08b4eb8663c31d50135a35aac5648ce87c73","1f97aae25b451b487872acbec081b19f16f85159628e9b3ae8b8a1228cdea265","7a5e5629a678fff177770206d872af4aabb850c7b2f06148e7092eb01db80527","b127094b232b76cf64f5a4cb3424eda22ff81fcc6b7d814fa760bf13f4e34019","fcbffa1e6d1f00aae7d27147297ab6fd489189e19ac7fee84dabbf8e21b50850"
"1.0","open_core","euro2020","euro2020_027",TRUE,TRUE,TRUE,2021-06-20,2021-06-21,"","dbcf24c9f86f48423588ed254bdb08b4eb8663c31d50135a35aac5648ce87c73","1f97aae25b451b487872acbec081b19f16f85159628e9b3ae8b8a1228cdea265","7a5e5629a678fff177770206d872af4aabb850c7b2f06148e7092eb01db80527","280251b45f4f0943e2eee72df877459b5fecb2822865f9960337042059741cdc","a1201bc6ac4223832e809632426d4c77aa29c261d07293b1c65b0427c09622af"
"1.0","open_core","euro2020","euro2020_028",TRUE,TRUE,TRUE,2021-06-20,2021-06-21,"","dbcf24c9f86f48423588ed254bdb08b4eb8663c31d50135a35aac5648ce87c73","1f97aae25b451b487872acbec081b19f16f85159628e9b3ae8b8a1228cdea265","7a5e5629a678fff177770206d872af4aabb850c7b2f06148e7092eb01db80527","eeef73e92c5c3566152439ad9524cd8a577a94dcc9f17d87bc1dd128cde8a654","12808aa925a5f434f2602209a8e6e27b0c961e0feb69188e0d220d3679e9686d"
"1.0","open_core","euro2020","euro2020_029",TRUE,TRUE,TRUE,2021-06-20,2021-06-21,"","dbcf24c9f86f48423588ed254bdb08b4eb8663c31d50135a35aac5648ce87c73","1f97aae25b451b487872acbec081b19f16f85159628e9b3ae8b8a1228cdea265","7a5e5629a678fff177770206d872af4aabb850c7b2f06148e7092eb01db80527","ffd610f52b291b1f9e84f9f0ea9230967b926d12310634485e6fbbef35a1dc63","5c0363cff405101ff6007254369ce2bd4ed638d83015e00aba84d590ffa6c25a"
"1.0","open_core","euro2020","euro2020_030",TRUE,TRUE,TRUE,2021-06-20,2021-06-21,"","dbcf24c9f86f48423588ed254bdb08b4eb8663c31d50135a35aac5648ce87c73","1f97aae25b451b487872acbec081b19f16f85159628e9b3ae8b8a1228cdea265","7a5e5629a678fff177770206d872af4aabb850c7b2f06148e7092eb01db80527","3c173a40cfd732133b87a7af382a93fe398114fe5b42ea5320ffd57e4fc30b5c","87d932ae9e52cba026c4c5bc5b1feb28db46f25b9b7b9a60091f2dd78e61710f"
"1.0","open_core","euro2020","euro2020_031",TRUE,TRUE,TRUE,2021-06-21,2021-06-22,"","dbcf24c9f86f48423588ed254bdb08b4eb8663c31d50135a35aac5648ce87c73","1f97aae25b451b487872acbec081b19f16f85159628e9b3ae8b8a1228cdea265","7a5e5629a678fff177770206d872af4aabb850c7b2f06148e7092eb01db80527","0400d3a427d04e4a1bcd6163b231f4ef6fc65a59801d169423d17711e0c96114","ae5419466ffaf7f33096e8070ef553d43370af6fdbfaedaeef5c554e21c85a54"
"1.0","open_core","euro2020","euro2020_032",TRUE,TRUE,TRUE,2021-06-21,2021-06-22,"","dbcf24c9f86f48423588ed254bdb08b4eb8663c31d50135a35aac5648ce87c73","1f97aae25b451b487872acbec081b19f16f85159628e9b3ae8b8a1228cdea265","7a5e5629a678fff177770206d872af4aabb850c7b2f06148e7092eb01db80527","76d20c9d64a6b438bb8719c57ccf93be3ee70c8955ef3451dfcd096e257d3311","0b9419806a00f9526e362305fa49301b7ae33c08c11275144b71c47a7b658969"
"1.0","open_core","euro2020","euro2020_033",TRUE,TRUE,TRUE,2021-06-22,2021-06-23,"","dbcf24c9f86f48423588ed254bdb08b4eb8663c31d50135a35aac5648ce87c73","1f97aae25b451b487872acbec081b19f16f85159628e9b3ae8b8a1228cdea265","7a5e5629a678fff177770206d872af4aabb850c7b2f06148e7092eb01db80527","3d71ff586d870d412877148ddd84a7b659cc64ad1ee990b25d347c84fe1152f8","70bc1bad5ac49f88a6f115eec249d791cd7577f598b163c770b95428901cfab0"
"1.0","open_core","euro2020","euro2020_034",TRUE,TRUE,TRUE,2021-06-22,2021-06-23,"","dbcf24c9f86f48423588ed254bdb08b4eb8663c31d50135a35aac5648ce87c73","1f97aae25b451b487872acbec081b19f16f85159628e9b3ae8b8a1228cdea265","7a5e5629a678fff177770206d872af4aabb850c7b2f06148e7092eb01db80527","679b918da311a8d84646106df141f5eb569956ec319e32204e96b44bfe071880","cd97d94157d05698b67aee3b361423393fbae08c06e53052ea73a574efd08536"
"1.0","open_core","euro2020","euro2020_035",TRUE,TRUE,TRUE,2021-06-22,2021-06-23,"","dbcf24c9f86f48423588ed254bdb08b4eb8663c31d50135a35aac5648ce87c73","1f97aae25b451b487872acbec081b19f16f85159628e9b3ae8b8a1228cdea265","7a5e5629a678fff177770206d872af4aabb850c7b2f06148e7092eb01db80527","0ae029dc9ef6d91046fef718a4de124a5e78ca317c7faeb0fbef0da9e65cbeca","1f32d5cc850f3fbf8e79df6ad5d4cce4a91972efa74c88e33622c67093a3e519"
"1.0","open_core","euro2020","euro2020_036",TRUE,TRUE,TRUE,2021-06-22,2021-06-23,"","dbcf24c9f86f48423588ed254bdb08b4eb8663c31d50135a35aac5648ce87c73","1f97aae25b451b487872acbec081b19f16f85159628e9b3ae8b8a1228cdea265","7a5e5629a678fff177770206d872af4aabb850c7b2f06148e7092eb01db80527","65dbc1d9c3e843be7fa5970017fdbf7ac5f81b8ab6dc800d32c6327836f67b87","fb263472ce94f6e0e082319a1fd3b5f0de1a77b294153783a2d8272318b503e1"
"1.0","open_core","euro2020","euro2020_037",TRUE,TRUE,TRUE,2021-06-25,2021-06-26,"","dbcf24c9f86f48423588ed254bdb08b4eb8663c31d50135a35aac5648ce87c73","1f97aae25b451b487872acbec081b19f16f85159628e9b3ae8b8a1228cdea265","7a5e5629a678fff177770206d872af4aabb850c7b2f06148e7092eb01db80527","c1fea7c1d8dabf9e1c0cd6a601b453147b3d7699dcc609219a29e85d9aa8cd90","e46aa666bbd9361aecdbe7b54e5081f38537065327a3470d6515a37156fe41aa"
"1.0","open_core","euro2020","euro2020_038",TRUE,TRUE,TRUE,2021-06-25,2021-06-26,"","dbcf24c9f86f48423588ed254bdb08b4eb8663c31d50135a35aac5648ce87c73","1f97aae25b451b487872acbec081b19f16f85159628e9b3ae8b8a1228cdea265","7a5e5629a678fff177770206d872af4aabb850c7b2f06148e7092eb01db80527","ffe0dd7563debf0b156e4d7dc894a65c82704c5cf7cab2f6de2c8025fc72e86f","8c839296cd06e514221247d53c3bcf189a40a962d7c3e6b117e1e403abe82686"
"1.0","open_core","euro2020","euro2020_039",TRUE,TRUE,TRUE,2021-06-26,2021-06-27,"","dbcf24c9f86f48423588ed254bdb08b4eb8663c31d50135a35aac5648ce87c73","1f97aae25b451b487872acbec081b19f16f85159628e9b3ae8b8a1228cdea265","7a5e5629a678fff177770206d872af4aabb850c7b2f06148e7092eb01db80527","710580ef82056ab58fbaf2670de0a6837aba5f920afbe726d957d40925077564","cb720620e232d873b3645aee9dd64af53abe50b8799a1adaf0937381419969a4"
"1.0","open_core","euro2020","euro2020_040",TRUE,TRUE,TRUE,2021-06-26,2021-06-27,"","dbcf24c9f86f48423588ed254bdb08b4eb8663c31d50135a35aac5648ce87c73","1f97aae25b451b487872acbec081b19f16f85159628e9b3ae8b8a1228cdea265","7a5e5629a678fff177770206d872af4aabb850c7b2f06148e7092eb01db80527","f7c8f4fc4f4be8a62a0a837aa13bc839a9096d0631b38b214aaa3dea7a77f52f","1a4fa1648bd5cca97e7978256031829893789aab871cc1fe6810e5cadfc3b495"
"1.0","open_core","euro2020","euro2020_041",TRUE,TRUE,TRUE,2021-06-27,2021-06-28,"","dbcf24c9f86f48423588ed254bdb08b4eb8663c31d50135a35aac5648ce87c73","1f97aae25b451b487872acbec081b19f16f85159628e9b3ae8b8a1228cdea265","7a5e5629a678fff177770206d872af4aabb850c7b2f06148e7092eb01db80527","aaf62bebcbcccd673cad0441a0515abe5e85eed76206e991b79336cbed049473","c5f392dd4336aa810cfac80bb93d6a5b90201e810a5dc303795f2b0911724df8"
"1.0","open_core","euro2020","euro2020_042",TRUE,TRUE,TRUE,2021-06-27,2021-06-28,"","dbcf24c9f86f48423588ed254bdb08b4eb8663c31d50135a35aac5648ce87c73","1f97aae25b451b487872acbec081b19f16f85159628e9b3ae8b8a1228cdea265","7a5e5629a678fff177770206d872af4aabb850c7b2f06148e7092eb01db80527","28ddabb0febe4b29cc44e4dd146c0cd29bca443485fdd4c95d12316b763b6b1c","7b6d96381e51da359dd7827a7ab2a22fd4e63281057656056e7cf13644a9c5df"
"1.0","open_core","euro2020","euro2020_043",TRUE,TRUE,TRUE,2021-06-28,2021-06-29,"","dbcf24c9f86f48423588ed254bdb08b4eb8663c31d50135a35aac5648ce87c73","1f97aae25b451b487872acbec081b19f16f85159628e9b3ae8b8a1228cdea265","7a5e5629a678fff177770206d872af4aabb850c7b2f06148e7092eb01db80527","eec1246a52d9d9531445cf1f13348ac3baf4f52faa6cb5cb772c4ec737d0b228","6d4ff40893eda1d62e8e2bbd5f7f34e30d4bf476b4c9f25f83f223b2f19392e9"
"1.0","open_core","euro2020","euro2020_044",TRUE,TRUE,TRUE,2021-06-28,2021-06-29,"","dbcf24c9f86f48423588ed254bdb08b4eb8663c31d50135a35aac5648ce87c73","1f97aae25b451b487872acbec081b19f16f85159628e9b3ae8b8a1228cdea265","7a5e5629a678fff177770206d872af4aabb850c7b2f06148e7092eb01db80527","d6f9f3a77e51267901ee6e88d6eba23870f75c45335b207359a524420f6e8083","1384c5cd0016b7e72de15eaa4eb4a6e6d1ef777cb3b034010b603de73de6492a"
"1.0","open_core","euro2020","euro2020_045",TRUE,TRUE,TRUE,2021-07-01,2021-07-02,"","dbcf24c9f86f48423588ed254bdb08b4eb8663c31d50135a35aac5648ce87c73","1f97aae25b451b487872acbec081b19f16f85159628e9b3ae8b8a1228cdea265","7a5e5629a678fff177770206d872af4aabb850c7b2f06148e7092eb01db80527","c30a915e5c73c9b0f1774d7088953cb118227b7ec4d31d8c02db2932a516f71a","1ce0c4eff0684f98d0d43b97bbb82b60627c6cad52620ce4ff59b1e643349a2d"
"1.0","open_core","euro2020","euro2020_046",TRUE,TRUE,TRUE,2021-07-01,2021-07-02,"","dbcf24c9f86f48423588ed254bdb08b4eb8663c31d50135a35aac5648ce87c73","1f97aae25b451b487872acbec081b19f16f85159628e9b3ae8b8a1228cdea265","7a5e5629a678fff177770206d872af4aabb850c7b2f06148e7092eb01db80527","514d891e4a1cbe99e993ecc2ca9f7ea8c27dae4b113eb2e3bba517e7aabfbc7a","95979d3540aff0117d7dd118a32f515f1aec4a930c6e3476fe8cf0bf632d258e"
"1.0","open_core","euro2020","euro2020_047",TRUE,TRUE,TRUE,2021-07-02,2021-07-03,"","dbcf24c9f86f48423588ed254bdb08b4eb8663c31d50135a35aac5648ce87c73","1f97aae25b451b487872acbec081b19f16f85159628e9b3ae8b8a1228cdea265","7a5e5629a678fff177770206d872af4aabb850c7b2f06148e7092eb01db80527","06268d29c9427285dc7faf40c5c0dca916f869537818b7c49c0e1b1ca33dc9fa","3554e57876b3fe1dd1cb9eb50fb2636228990742238c1b1699d70ad4aba9cd34"
"1.0","open_core","euro2020","euro2020_048",TRUE,TRUE,TRUE,2021-07-02,2021-07-03,"","dbcf24c9f86f48423588ed254bdb08b4eb8663c31d50135a35aac5648ce87c73","1f97aae25b451b487872acbec081b19f16f85159628e9b3ae8b8a1228cdea265","7a5e5629a678fff177770206d872af4aabb850c7b2f06148e7092eb01db80527","b17d87b3eda77330742ea43e372cf5a63d88e764d9f6abaeb9bf2fc4171b26b3","c07e6520d504d3788d11ac0992a682d7dcfe3d6c6f6eb5889a55c0bd2431c14a"
"1.0","open_core","euro2020","euro2020_049",TRUE,TRUE,TRUE,2021-07-05,2021-07-06,"","dbcf24c9f86f48423588ed254bdb08b4eb8663c31d50135a35aac5648ce87c73","1f97aae25b451b487872acbec081b19f16f85159628e9b3ae8b8a1228cdea265","7a5e5629a678fff177770206d872af4aabb850c7b2f06148e7092eb01db80527","b1d381fb2fb78475d59c09c07ce84399f91ef12b8774b6d0f42f35ae0e7b07a0","f2d3a8c3688063c320bd3dbb969c98109bafd03a792d33b2a981ac55dd98698a"
"1.0","open_core","euro2020","euro2020_050",TRUE,TRUE,TRUE,2021-07-06,2021-07-07,"","dbcf24c9f86f48423588ed254bdb08b4eb8663c31d50135a35aac5648ce87c73","1f97aae25b451b487872acbec081b19f16f85159628e9b3ae8b8a1228cdea265","7a5e5629a678fff177770206d872af4aabb850c7b2f06148e7092eb01db80527","cb49dd5128d982cb6fa1f7e22231ad637c1b7ac152be82c00b65e51c983b599c","cf27f6c244fb8f1c0b8eeaa5dbb593f6140aa910b1aeabdd2de90a4761323407"
"1.0","open_core","euro2020","euro2020_051",TRUE,TRUE,TRUE,2021-07-10,2021-07-11,"","dbcf24c9f86f48423588ed254bdb08b4eb8663c31d50135a35aac5648ce87c73","1f97aae25b451b487872acbec081b19f16f85159628e9b3ae8b8a1228cdea265","7a5e5629a678fff177770206d872af4aabb850c7b2f06148e7092eb01db80527","c53812cad5b461d5f686e2cc121385bc82add52cee31e328594a7a7fe37340ed","88e0256058ab4e1a755a53959e8d1740b15017a0ccbee4d5b2b7c548ad5d453b"
"1.0","open_core","euro2024","euro2024_001",TRUE,TRUE,TRUE,2024-06-13,2024-06-14,"","dbcf24c9f86f48423588ed254bdb08b4eb8663c31d50135a35aac5648ce87c73","1f97aae25b451b487872acbec081b19f16f85159628e9b3ae8b8a1228cdea265","7a5e5629a678fff177770206d872af4aabb850c7b2f06148e7092eb01db80527","f22f64774d965a8e7b9cb981ddb62a76d77980b4b238bf45a027cbfc78cc3917","555c74fad7714f485f4c1860f281472cc101430023dd23e512711e3c2abcafe7"
"1.0","open_core","euro2024","euro2024_002",TRUE,TRUE,TRUE,2024-06-14,2024-06-15,"","dbcf24c9f86f48423588ed254bdb08b4eb8663c31d50135a35aac5648ce87c73","1f97aae25b451b487872acbec081b19f16f85159628e9b3ae8b8a1228cdea265","7a5e5629a678fff177770206d872af4aabb850c7b2f06148e7092eb01db80527","e98176f811a90bc69bd30492435d3c1bceba7304544b696c9fc37184e8a7bf2b","b7ae8c352fd42550633bb9fcbc6ee46b7a043ae2c59b8d408073c49959317ea2"
"1.0","open_core","euro2024","euro2024_003",TRUE,TRUE,TRUE,2024-06-14,2024-06-15,"","dbcf24c9f86f48423588ed254bdb08b4eb8663c31d50135a35aac5648ce87c73","1f97aae25b451b487872acbec081b19f16f85159628e9b3ae8b8a1228cdea265","7a5e5629a678fff177770206d872af4aabb850c7b2f06148e7092eb01db80527","85a766e9401390b7e5552026148278ac4db9207f09c033754ec64d8f920b9a4d","5661e0681263f12238f0e3271d95d952338a4bb8f442236ecde97f4200d2829a"
"1.0","open_core","euro2024","euro2024_004",TRUE,TRUE,TRUE,2024-06-14,2024-06-15,"","dbcf24c9f86f48423588ed254bdb08b4eb8663c31d50135a35aac5648ce87c73","1f97aae25b451b487872acbec081b19f16f85159628e9b3ae8b8a1228cdea265","7a5e5629a678fff177770206d872af4aabb850c7b2f06148e7092eb01db80527","81964787d20fd7784099e4492bdeb2eaa6e248f50716c852d63c9a93eecb98c4","8fe896ea6c1f7ee1d68bcb6c98fb5db6c3317089b0a3cd98d16bc7f78941dfdf"
"1.0","open_core","euro2024","euro2024_005",TRUE,TRUE,TRUE,2024-06-15,2024-06-16,"","dbcf24c9f86f48423588ed254bdb08b4eb8663c31d50135a35aac5648ce87c73","1f97aae25b451b487872acbec081b19f16f85159628e9b3ae8b8a1228cdea265","7a5e5629a678fff177770206d872af4aabb850c7b2f06148e7092eb01db80527","94f442c008d9163277db64d38c95e06c2f29b615bc16c2ee104c4ed85eddec5f","9db6c276d5e0443b0104a55410d5244d6e4db6450f738f31e4abfd4b1f8794f3"
"1.0","open_core","euro2024","euro2024_006",TRUE,TRUE,TRUE,2024-06-15,2024-06-16,"","dbcf24c9f86f48423588ed254bdb08b4eb8663c31d50135a35aac5648ce87c73","1f97aae25b451b487872acbec081b19f16f85159628e9b3ae8b8a1228cdea265","7a5e5629a678fff177770206d872af4aabb850c7b2f06148e7092eb01db80527","9590f4bd6f16863ed36ecd1a8d3bc484de00e57e535ce903a9d8657d460305f5","be6c70286c03c8a363c11719a097b27d0d37c533c2d0e2d3692a95ded8093a33"
"1.0","open_core","euro2024","euro2024_007",TRUE,TRUE,TRUE,2024-06-15,2024-06-16,"","dbcf24c9f86f48423588ed254bdb08b4eb8663c31d50135a35aac5648ce87c73","1f97aae25b451b487872acbec081b19f16f85159628e9b3ae8b8a1228cdea265","7a5e5629a678fff177770206d872af4aabb850c7b2f06148e7092eb01db80527","4414ae05f0c4bad47584cd6122c81b5c632924ee66c138aebd56585c7ceed491","38c9280d419061376de20de0e079936ff80e313fa93f5ed0e3eae56fc5f88b41"
"1.0","open_core","euro2024","euro2024_008",TRUE,TRUE,TRUE,2024-06-16,2024-06-17,"","dbcf24c9f86f48423588ed254bdb08b4eb8663c31d50135a35aac5648ce87c73","1f97aae25b451b487872acbec081b19f16f85159628e9b3ae8b8a1228cdea265","7a5e5629a678fff177770206d872af4aabb850c7b2f06148e7092eb01db80527","06b250b8062b1596ffaf082f5794a7a6d13748e831442b9f62ec616c2ad1096a","dc14e60624f4bfb19ef2681b36b694100ed90fbe039aaffbc21af24a119b1163"
"1.0","open_core","euro2024","euro2024_009",TRUE,TRUE,TRUE,2024-06-16,2024-06-17,"","dbcf24c9f86f48423588ed254bdb08b4eb8663c31d50135a35aac5648ce87c73","1f97aae25b451b487872acbec081b19f16f85159628e9b3ae8b8a1228cdea265","7a5e5629a678fff177770206d872af4aabb850c7b2f06148e7092eb01db80527","539c1e9c25459c57c221131b2ea18bfbc27891a7ce4308cf6e52eb64c542dbe8","86156e1ca40d45ae31201d8fe4fe039a3eba17e3184b84f50d98dea3fb2a97c1"
"1.0","open_core","euro2024","euro2024_010",TRUE,TRUE,TRUE,2024-06-16,2024-06-17,"","dbcf24c9f86f48423588ed254bdb08b4eb8663c31d50135a35aac5648ce87c73","1f97aae25b451b487872acbec081b19f16f85159628e9b3ae8b8a1228cdea265","7a5e5629a678fff177770206d872af4aabb850c7b2f06148e7092eb01db80527","f8651152461f1714398fa9e8ac30a4455e836e8a3259a457d1720e82383a9afa","2555cf201b0e9b08d4b1dfa71a9467603e2c0d2c9dea2036a8f02d2aa08e24ca"
"1.0","open_core","euro2024","euro2024_011",TRUE,TRUE,TRUE,2024-06-17,2024-06-18,"","dbcf24c9f86f48423588ed254bdb08b4eb8663c31d50135a35aac5648ce87c73","1f97aae25b451b487872acbec081b19f16f85159628e9b3ae8b8a1228cdea265","7a5e5629a678fff177770206d872af4aabb850c7b2f06148e7092eb01db80527","c39c884dbd6d62638c4a60d8585a9aa04df9a30fc180e4ca2f276d90c26a5cac","138ce7f75df1f05c7be5987f92faf64fc77fe0a86b78df2443d2b5886d71c0cb"
"1.0","open_core","euro2024","euro2024_012",TRUE,TRUE,TRUE,2024-06-17,2024-06-18,"","dbcf24c9f86f48423588ed254bdb08b4eb8663c31d50135a35aac5648ce87c73","1f97aae25b451b487872acbec081b19f16f85159628e9b3ae8b8a1228cdea265","7a5e5629a678fff177770206d872af4aabb850c7b2f06148e7092eb01db80527","683722c331de27f88dbb53048267de254bfc95378055ecb31817e350e9aa9270","82a282684861fd312da6a81300fd63f8528debb1c9181717969ff68153e63426"
"1.0","open_core","euro2024","euro2024_013",TRUE,TRUE,TRUE,2024-06-18,2024-06-19,"","dbcf24c9f86f48423588ed254bdb08b4eb8663c31d50135a35aac5648ce87c73","1f97aae25b451b487872acbec081b19f16f85159628e9b3ae8b8a1228cdea265","7a5e5629a678fff177770206d872af4aabb850c7b2f06148e7092eb01db80527","ccc9075bd386cd35321fabfcb3e03a21c80c45f99856daa2f3a2e5c389bdd892","3a98d706241f46a56c535e2e5b203583c1e7b1f388776b12e8eda39e1746d665"
"1.0","open_core","euro2024","euro2024_014",TRUE,TRUE,TRUE,2024-06-18,2024-06-19,"","dbcf24c9f86f48423588ed254bdb08b4eb8663c31d50135a35aac5648ce87c73","1f97aae25b451b487872acbec081b19f16f85159628e9b3ae8b8a1228cdea265","7a5e5629a678fff177770206d872af4aabb850c7b2f06148e7092eb01db80527","e8345acd71ffa8cd763c445b4e4710b4b7fb83d27913d9652e333af3b664fb3a","528dc9d9b7366da0cd9c9257a39559d5b75836e84ef9433dca9a06b1aec4b4ab"
"1.0","open_core","euro2024","euro2024_015",TRUE,TRUE,TRUE,2024-06-18,2024-06-19,"","dbcf24c9f86f48423588ed254bdb08b4eb8663c31d50135a35aac5648ce87c73","1f97aae25b451b487872acbec081b19f16f85159628e9b3ae8b8a1228cdea265","7a5e5629a678fff177770206d872af4aabb850c7b2f06148e7092eb01db80527","60aeac45d40af0e31ebe278165ab54234ca73902df2260e43b6677f76bb84d53","762088cd768bfdeadbb962f069549e8a654c3b15bbb73f61bb13894bb60c8ea7"
"1.0","open_core","euro2024","euro2024_016",TRUE,TRUE,TRUE,2024-06-19,2024-06-20,"","dbcf24c9f86f48423588ed254bdb08b4eb8663c31d50135a35aac5648ce87c73","1f97aae25b451b487872acbec081b19f16f85159628e9b3ae8b8a1228cdea265","7a5e5629a678fff177770206d872af4aabb850c7b2f06148e7092eb01db80527","d2ca5cfcf9e713f1b58505dc57dd41dbedb12156f2530f1689971de356ac257c","90e1bf3241c729398320f78229e561ae08b56954c6248d3c8311308a0b7b276c"
"1.0","open_core","euro2024","euro2024_017",TRUE,TRUE,TRUE,2024-06-19,2024-06-20,"","dbcf24c9f86f48423588ed254bdb08b4eb8663c31d50135a35aac5648ce87c73","1f97aae25b451b487872acbec081b19f16f85159628e9b3ae8b8a1228cdea265","7a5e5629a678fff177770206d872af4aabb850c7b2f06148e7092eb01db80527","7960fa917c6670282f073df79ad3b38b4c9a86323a3572ba80cda14af45c0cf6","be16ae021d80c1e82f95d2c3559e224e06fcf357fc5c518d917d942a6ebc4e6e"
"1.0","open_core","euro2024","euro2024_018",TRUE,TRUE,TRUE,2024-06-19,2024-06-20,"","dbcf24c9f86f48423588ed254bdb08b4eb8663c31d50135a35aac5648ce87c73","1f97aae25b451b487872acbec081b19f16f85159628e9b3ae8b8a1228cdea265","7a5e5629a678fff177770206d872af4aabb850c7b2f06148e7092eb01db80527","fc4d125aeb7e70013ced26b50932585e97d8dc49dbe0632a98954fbe6379bc0f","f1a84239ee80fb4183155cafabe6ac5683bd9c2925ba78b2201e6098064d65db"
"1.0","open_core","euro2024","euro2024_019",TRUE,TRUE,TRUE,2024-06-20,2024-06-21,"","dbcf24c9f86f48423588ed254bdb08b4eb8663c31d50135a35aac5648ce87c73","1f97aae25b451b487872acbec081b19f16f85159628e9b3ae8b8a1228cdea265","7a5e5629a678fff177770206d872af4aabb850c7b2f06148e7092eb01db80527","ddc2bbee9651bdccd361a4028662793a795a0335fb6099a2e178b0792ef6483f","7b1362a9d8a5409baf00e842b0af479e8202f60043011c5a4ca502f6e7804798"
"1.0","open_core","euro2024","euro2024_020",TRUE,TRUE,TRUE,2024-06-20,2024-06-21,"","dbcf24c9f86f48423588ed254bdb08b4eb8663c31d50135a35aac5648ce87c73","1f97aae25b451b487872acbec081b19f16f85159628e9b3ae8b8a1228cdea265","7a5e5629a678fff177770206d872af4aabb850c7b2f06148e7092eb01db80527","4d93ebeabdb476e4ed26a74f2af8b05f67aa4dee8fbbe6f4c39e44ddd08dcdd7","de5e2641d2c198e2c9b3f8ebe6a29e53242a1e1dadfaaadaefd6f8a48eae0ab5"
"1.0","open_core","euro2024","euro2024_021",TRUE,TRUE,TRUE,2024-06-20,2024-06-21,"","dbcf24c9f86f48423588ed254bdb08b4eb8663c31d50135a35aac5648ce87c73","1f97aae25b451b487872acbec081b19f16f85159628e9b3ae8b8a1228cdea265","7a5e5629a678fff177770206d872af4aabb850c7b2f06148e7092eb01db80527","b7d9fae1dc6a5db7706bd63e0d4b65a58fbbda963859b6b9c23e32ddfff76052","68f2a30dfa8660c3a80827f2d038e67cc4d9e76f385b0880d3323c55ea9da49f"
"1.0","open_core","euro2024","euro2024_022",TRUE,TRUE,TRUE,2024-06-21,2024-06-22,"","dbcf24c9f86f48423588ed254bdb08b4eb8663c31d50135a35aac5648ce87c73","1f97aae25b451b487872acbec081b19f16f85159628e9b3ae8b8a1228cdea265","7a5e5629a678fff177770206d872af4aabb850c7b2f06148e7092eb01db80527","ca2b205371eecefb7820d21481022ce46526db2a33e7787ef039b1e43caec0c9","105ac3713579a20669ce4e215fcee93997b26880cfded8c1511cddcaa18a1d07"
"1.0","open_core","euro2024","euro2024_023",TRUE,TRUE,TRUE,2024-06-21,2024-06-22,"","dbcf24c9f86f48423588ed254bdb08b4eb8663c31d50135a35aac5648ce87c73","1f97aae25b451b487872acbec081b19f16f85159628e9b3ae8b8a1228cdea265","7a5e5629a678fff177770206d872af4aabb850c7b2f06148e7092eb01db80527","8e19e40fbc96752b32f80e717c07e90e3899205d84c800927dda5fa60be327c1","9502f98e5cc665610fddd118e758d9547573c6ab7982d6d33a57b8bd0e753f78"
"1.0","open_core","euro2024","euro2024_024",TRUE,TRUE,TRUE,2024-06-21,2024-06-22,"","dbcf24c9f86f48423588ed254bdb08b4eb8663c31d50135a35aac5648ce87c73","1f97aae25b451b487872acbec081b19f16f85159628e9b3ae8b8a1228cdea265","7a5e5629a678fff177770206d872af4aabb850c7b2f06148e7092eb01db80527","c52a4c7cedc568e77e72c9857349444b57fc955e86b69c7348baee2938e52449","c01b12e7aa9a588a9269eaf7dca1da926b8b9f4d39c674d48a035c8d27cad2a1"
"1.0","open_core","euro2024","euro2024_025",TRUE,TRUE,TRUE,2024-06-22,2024-06-23,"","dbcf24c9f86f48423588ed254bdb08b4eb8663c31d50135a35aac5648ce87c73","1f97aae25b451b487872acbec081b19f16f85159628e9b3ae8b8a1228cdea265","7a5e5629a678fff177770206d872af4aabb850c7b2f06148e7092eb01db80527","96037eea61f5a42ba8eebea306a8dd32e700868416ecf913fa4c90ce26416931","ee80a25586c556cb6514ce90e2af72f34933e926ea47256ea55fc69295a3ada1"
"1.0","open_core","euro2024","euro2024_026",TRUE,TRUE,TRUE,2024-06-22,2024-06-23,"","dbcf24c9f86f48423588ed254bdb08b4eb8663c31d50135a35aac5648ce87c73","1f97aae25b451b487872acbec081b19f16f85159628e9b3ae8b8a1228cdea265","7a5e5629a678fff177770206d872af4aabb850c7b2f06148e7092eb01db80527","44610b94d82950e12847e10ff84c640bd3f6be502b90b2b1a76e696b40a5be6f","17d7b6eb7183a31eafefa43db0baa22450a6b0ac12b5c0a26fe5d4a54e54f377"
"1.0","open_core","euro2024","euro2024_027",TRUE,TRUE,TRUE,2024-06-23,2024-06-24,"","dbcf24c9f86f48423588ed254bdb08b4eb8663c31d50135a35aac5648ce87c73","1f97aae25b451b487872acbec081b19f16f85159628e9b3ae8b8a1228cdea265","7a5e5629a678fff177770206d872af4aabb850c7b2f06148e7092eb01db80527","6ac6b2b65113b3c1afd9afee0a202495963cd791c587665df6ff97d824ba6b94","a0bae6d8a84098b0ab932bc8d7588ec708dcee31cbe43d66ef8c0191131ed492"
"1.0","open_core","euro2024","euro2024_028",TRUE,TRUE,TRUE,2024-06-23,2024-06-24,"","dbcf24c9f86f48423588ed254bdb08b4eb8663c31d50135a35aac5648ce87c73","1f97aae25b451b487872acbec081b19f16f85159628e9b3ae8b8a1228cdea265","7a5e5629a678fff177770206d872af4aabb850c7b2f06148e7092eb01db80527","50375ff39f364b757ba78f66994eed130ac1af2dd586213743d3f0d4fa6b330b","d6b227c6599bd539acead6318d977268d959be75a60528dd1924f2964be10a00"
"1.0","open_core","euro2024","euro2024_029",TRUE,TRUE,TRUE,2024-06-24,2024-06-25,"","dbcf24c9f86f48423588ed254bdb08b4eb8663c31d50135a35aac5648ce87c73","1f97aae25b451b487872acbec081b19f16f85159628e9b3ae8b8a1228cdea265","7a5e5629a678fff177770206d872af4aabb850c7b2f06148e7092eb01db80527","0a18e7004c8260b169de49db13dfe26a6e3bf8fe5217f381ad6454854292f7c0","4d7091a2308527d8da7fdacc26e8d0114a7ffc855847086797db63ccb1f528e7"
"1.0","open_core","euro2024","euro2024_030",TRUE,TRUE,TRUE,2024-06-24,2024-06-25,"","dbcf24c9f86f48423588ed254bdb08b4eb8663c31d50135a35aac5648ce87c73","1f97aae25b451b487872acbec081b19f16f85159628e9b3ae8b8a1228cdea265","7a5e5629a678fff177770206d872af4aabb850c7b2f06148e7092eb01db80527","03d62c314f8e0e624262c6237d93c610c4667c4a4811dd243d73eed8c061be0c","1de65df6aa06b19918afb8b57e2d24c877192e297af3703f00e6ec531459f917"
"1.0","open_core","euro2024","euro2024_031",TRUE,TRUE,TRUE,2024-06-24,2024-06-25,"","dbcf24c9f86f48423588ed254bdb08b4eb8663c31d50135a35aac5648ce87c73","1f97aae25b451b487872acbec081b19f16f85159628e9b3ae8b8a1228cdea265","7a5e5629a678fff177770206d872af4aabb850c7b2f06148e7092eb01db80527","242dbcc2f028acd8e23b9fc5256a15396b170e5301da05c5938e743abeee45f4","7a1d726542af5f2f7add158d987c8ff02db7d0a89df412f8692adf09957fcc03"
"1.0","open_core","euro2024","euro2024_032",TRUE,TRUE,TRUE,2024-06-24,2024-06-25,"","dbcf24c9f86f48423588ed254bdb08b4eb8663c31d50135a35aac5648ce87c73","1f97aae25b451b487872acbec081b19f16f85159628e9b3ae8b8a1228cdea265","7a5e5629a678fff177770206d872af4aabb850c7b2f06148e7092eb01db80527","c2d12d6f7db718314c264044087a65b4aa302adb76ab82f70ff9550632c982cc","e794c64c0a37b6a451e2fa5b6a59b645e24f0e608072ef1420bf7e996090554b"
"1.0","open_core","euro2024","euro2024_033",TRUE,TRUE,TRUE,2024-06-25,2024-06-26,"","dbcf24c9f86f48423588ed254bdb08b4eb8663c31d50135a35aac5648ce87c73","1f97aae25b451b487872acbec081b19f16f85159628e9b3ae8b8a1228cdea265","7a5e5629a678fff177770206d872af4aabb850c7b2f06148e7092eb01db80527","7ed271fcfe3c2f293e02c6360b9241bf0fd9ff4d9c7c3c7ac65cde119c6b9baa","36203ed16b44fc519360f85f97e5448b79a147d3d6d2c11c6c63ee57a2732f09"
"1.0","open_core","euro2024","euro2024_034",TRUE,TRUE,TRUE,2024-06-25,2024-06-26,"","dbcf24c9f86f48423588ed254bdb08b4eb8663c31d50135a35aac5648ce87c73","1f97aae25b451b487872acbec081b19f16f85159628e9b3ae8b8a1228cdea265","7a5e5629a678fff177770206d872af4aabb850c7b2f06148e7092eb01db80527","fcbc4548a95a601453301f32d31276a47e2ce57d14a21bd9d92f78dd38281cb7","fb1b32d2a4bb9154be2a29454e9c727ac3a92f8464168610bd51bd34f71a14ee"
"1.0","open_core","euro2024","euro2024_035",TRUE,TRUE,TRUE,2024-06-25,2024-06-26,"","dbcf24c9f86f48423588ed254bdb08b4eb8663c31d50135a35aac5648ce87c73","1f97aae25b451b487872acbec081b19f16f85159628e9b3ae8b8a1228cdea265","7a5e5629a678fff177770206d872af4aabb850c7b2f06148e7092eb01db80527","1e9b0705d79156a8bb5d42e635aa7d5a3275d02f2b77c588f20c8a0ba58b73b1","e95431fd190aa8020c0fc596ab5290ca8550148c36dee119d61e58407f7390d8"
"1.0","open_core","euro2024","euro2024_036",TRUE,TRUE,TRUE,2024-06-25,2024-06-26,"","dbcf24c9f86f48423588ed254bdb08b4eb8663c31d50135a35aac5648ce87c73","1f97aae25b451b487872acbec081b19f16f85159628e9b3ae8b8a1228cdea265","7a5e5629a678fff177770206d872af4aabb850c7b2f06148e7092eb01db80527","e340bf7f8f4cfd9f94531583f9a796c88cfddad1a616e0204e9f4bff26aa2d5d","d9c9f42009186503c2ca0b709e7c5e722813037a8f713cb32c3e9cb79ca26631"
"1.0","open_core","euro2024","euro2024_037",TRUE,TRUE,TRUE,2024-06-28,2024-06-29,"","dbcf24c9f86f48423588ed254bdb08b4eb8663c31d50135a35aac5648ce87c73","1f97aae25b451b487872acbec081b19f16f85159628e9b3ae8b8a1228cdea265","7a5e5629a678fff177770206d872af4aabb850c7b2f06148e7092eb01db80527","3829ca34b9a6b6a40990acb4f2777fce5d60b1f41806f37fc6e2ccd9d279b471","b891396b490dc9c28a4157ca428984612b4c5af506360a3c5099624054bbe3da"
"1.0","open_core","euro2024","euro2024_038",TRUE,TRUE,TRUE,2024-06-28,2024-06-29,"","dbcf24c9f86f48423588ed254bdb08b4eb8663c31d50135a35aac5648ce87c73","1f97aae25b451b487872acbec081b19f16f85159628e9b3ae8b8a1228cdea265","7a5e5629a678fff177770206d872af4aabb850c7b2f06148e7092eb01db80527","944ec4a17435b1492fa6d3130c9699fa11769fedf99f2eb0f4e79ad8d9d6d434","e9001e9293af1296fc9bc493167f1814f49901c39fccbba2c99a8514e7ea96ce"
"1.0","open_core","euro2024","euro2024_039",TRUE,TRUE,TRUE,2024-06-29,2024-06-30,"","dbcf24c9f86f48423588ed254bdb08b4eb8663c31d50135a35aac5648ce87c73","1f97aae25b451b487872acbec081b19f16f85159628e9b3ae8b8a1228cdea265","7a5e5629a678fff177770206d872af4aabb850c7b2f06148e7092eb01db80527","f945bb60e05a78f337375ee9985f8a4d9947f0721c5309aa574b3017668d2fd0","e127e019ae9f26d9a45c31eb77a75a0bd681f7bbad060212e0ffee5a8da03a0b"
"1.0","open_core","euro2024","euro2024_040",TRUE,TRUE,TRUE,2024-06-29,2024-06-30,"","dbcf24c9f86f48423588ed254bdb08b4eb8663c31d50135a35aac5648ce87c73","1f97aae25b451b487872acbec081b19f16f85159628e9b3ae8b8a1228cdea265","7a5e5629a678fff177770206d872af4aabb850c7b2f06148e7092eb01db80527","a2bc47375def6b0bc16c9b458ce0cfdf623974ab8c0e3920c3660ef8ee0a4c79","d813b26e4b888a4a7cea11e1399b6f27c017b97282464b3d13a016d1be602615"
"1.0","open_core","euro2024","euro2024_041",TRUE,TRUE,TRUE,2024-06-30,2024-07-01,"","dbcf24c9f86f48423588ed254bdb08b4eb8663c31d50135a35aac5648ce87c73","1f97aae25b451b487872acbec081b19f16f85159628e9b3ae8b8a1228cdea265","7a5e5629a678fff177770206d872af4aabb850c7b2f06148e7092eb01db80527","f3668331c8bea9e47afa0c0f85341da839b7c1d1f2e1def4d9bfbaa494458dbf","eec709c50eceba2ea3233c6ccfb5f4b35233b9376e1b39972662d7989c397e96"
"1.0","open_core","euro2024","euro2024_042",TRUE,TRUE,TRUE,2024-06-30,2024-07-01,"","dbcf24c9f86f48423588ed254bdb08b4eb8663c31d50135a35aac5648ce87c73","1f97aae25b451b487872acbec081b19f16f85159628e9b3ae8b8a1228cdea265","7a5e5629a678fff177770206d872af4aabb850c7b2f06148e7092eb01db80527","6389c6964a7ada97f4946e7256fcea7d25c912e7fff0b0c09288eae3106187a5","74411ca89ee7a29410054e6239d28b00ffdd7caa8685d75a33c4af0ae4ae0a4a"
"1.0","open_core","euro2024","euro2024_043",TRUE,TRUE,TRUE,2024-07-01,2024-07-02,"","dbcf24c9f86f48423588ed254bdb08b4eb8663c31d50135a35aac5648ce87c73","1f97aae25b451b487872acbec081b19f16f85159628e9b3ae8b8a1228cdea265","7a5e5629a678fff177770206d872af4aabb850c7b2f06148e7092eb01db80527","87bef2fb8e72494c5dd6a672c52c79527d5cdf6e6a7959a0ee45d0e06f4c3eb6","e3941e8587ab85b1bb7e5995d46591ce8991e545899ec5e559529ce90e418e9f"
"1.0","open_core","euro2024","euro2024_044",TRUE,TRUE,TRUE,2024-07-01,2024-07-02,"","dbcf24c9f86f48423588ed254bdb08b4eb8663c31d50135a35aac5648ce87c73","1f97aae25b451b487872acbec081b19f16f85159628e9b3ae8b8a1228cdea265","7a5e5629a678fff177770206d872af4aabb850c7b2f06148e7092eb01db80527","3e1c3ec7351d7916a6e9734669850952dacb15a543f0e4dc4d1f010b1ddf83a0","2fcabba88a9b7a027028479e3ef2eda5612b54dffcba6987950f794c4f31d5de"
"1.0","open_core","euro2024","euro2024_045",TRUE,TRUE,TRUE,2024-07-04,2024-07-05,"","dbcf24c9f86f48423588ed254bdb08b4eb8663c31d50135a35aac5648ce87c73","1f97aae25b451b487872acbec081b19f16f85159628e9b3ae8b8a1228cdea265","7a5e5629a678fff177770206d872af4aabb850c7b2f06148e7092eb01db80527","eae2ffc31b56413d0b7a1ebe7eaf312c42a88970f1615afb2775d2e54707336d","06a8958a6378c22b2bcb94fced3998874d5dda1d80eb0a782f27cde54acf611e"
"1.0","open_core","euro2024","euro2024_046",TRUE,TRUE,TRUE,2024-07-04,2024-07-05,"","dbcf24c9f86f48423588ed254bdb08b4eb8663c31d50135a35aac5648ce87c73","1f97aae25b451b487872acbec081b19f16f85159628e9b3ae8b8a1228cdea265","7a5e5629a678fff177770206d872af4aabb850c7b2f06148e7092eb01db80527","09f83e9378c3ecda4b02b673253f5a0b4d9823e3d6393efa6bb85cfa7807e3b5","2f18b5d868ba278bd3aaac39b53ce89734d58d72b7b60cd0ced4c0b6dce5cd87"
"1.0","open_core","euro2024","euro2024_047",TRUE,TRUE,TRUE,2024-07-05,2024-07-06,"","dbcf24c9f86f48423588ed254bdb08b4eb8663c31d50135a35aac5648ce87c73","1f97aae25b451b487872acbec081b19f16f85159628e9b3ae8b8a1228cdea265","7a5e5629a678fff177770206d872af4aabb850c7b2f06148e7092eb01db80527","acc5144c06067a8d2082af519cdc6956e2b7195bf2991a73f0ea273e746b1f3c","d70cd5df327fb17f64b4ea2ffaabba639f6f1498ddb994efb9747174dde10c79"
"1.0","open_core","euro2024","euro2024_048",TRUE,TRUE,TRUE,2024-07-05,2024-07-06,"","dbcf24c9f86f48423588ed254bdb08b4eb8663c31d50135a35aac5648ce87c73","1f97aae25b451b487872acbec081b19f16f85159628e9b3ae8b8a1228cdea265","7a5e5629a678fff177770206d872af4aabb850c7b2f06148e7092eb01db80527","c124ec9d0bcadd6ce54237940a65c3a9729d7ed4053fe0c35a3a6842a24d5ba1","1ca87e50bd63f85ec62e40156d8a95b5895bbf4b8b4e39def729065470325104"
"1.0","open_core","euro2024","euro2024_049",TRUE,TRUE,TRUE,2024-07-08,2024-07-09,"","dbcf24c9f86f48423588ed254bdb08b4eb8663c31d50135a35aac5648ce87c73","1f97aae25b451b487872acbec081b19f16f85159628e9b3ae8b8a1228cdea265","7a5e5629a678fff177770206d872af4aabb850c7b2f06148e7092eb01db80527","0eb5dd648de82d07bad79529ed5001676a3a7bc2b596125d9bf824dc78fa037a","18494309cc0e238d078df2af36dc411091b5145df2e1be31d16d315db3612ef4"
"1.0","open_core","euro2024","euro2024_050",TRUE,TRUE,TRUE,2024-07-09,2024-07-10,"","dbcf24c9f86f48423588ed254bdb08b4eb8663c31d50135a35aac5648ce87c73","1f97aae25b451b487872acbec081b19f16f85159628e9b3ae8b8a1228cdea265","7a5e5629a678fff177770206d872af4aabb850c7b2f06148e7092eb01db80527","eb3e32d0837eaed35afb8e6e7e277ff419ed63586adb1a102eef97c1f7682280","c67d3b68f84bc1868eca545cbf625fab78fabf3c714b2718350afc7db4f05ffa"
"1.0","open_core","euro2024","euro2024_051",TRUE,TRUE,TRUE,2024-07-13,2024-07-14,"","dbcf24c9f86f48423588ed254bdb08b4eb8663c31d50135a35aac5648ce87c73","1f97aae25b451b487872acbec081b19f16f85159628e9b3ae8b8a1228cdea265","7a5e5629a678fff177770206d872af4aabb850c7b2f06148e7092eb01db80527","861b868a333f00c3eb2494bc8a7041b518a2cfac9226632ed70dd80f20cdb112","5738aac2d0f66f9a7fe41ee08ccb8f4af744b71e3b110d72252a4b142756628f"
"1.0","open_core","wc2002","wc2002_001",TRUE,TRUE,TRUE,2002-05-30,2002-05-31,"","dbcf24c9f86f48423588ed254bdb08b4eb8663c31d50135a35aac5648ce87c73","1f97aae25b451b487872acbec081b19f16f85159628e9b3ae8b8a1228cdea265","7a5e5629a678fff177770206d872af4aabb850c7b2f06148e7092eb01db80527","f92d12771ab43988154959bf90accaa16bf00f21c0dfadfe5a45e568c181c77e","1136a35529f34130731edcb5398cfea36c8331c16f6eb34295a19fd7fad7787b"
"1.0","open_core","wc2002","wc2002_002",TRUE,TRUE,TRUE,2002-05-31,2002-06-01,"","dbcf24c9f86f48423588ed254bdb08b4eb8663c31d50135a35aac5648ce87c73","1f97aae25b451b487872acbec081b19f16f85159628e9b3ae8b8a1228cdea265","7a5e5629a678fff177770206d872af4aabb850c7b2f06148e7092eb01db80527","eceeab35c58352e10f4375afa5c91a96529ded7b98fe4d5cf42c3f7f288aa759","ee4ec39ca82901acc535bd3e8221725d4366dc54013fb453fac626415ab7dcc1"
"1.0","open_core","wc2002","wc2002_003",TRUE,TRUE,TRUE,2002-05-31,2002-06-01,"","dbcf24c9f86f48423588ed254bdb08b4eb8663c31d50135a35aac5648ce87c73","1f97aae25b451b487872acbec081b19f16f85159628e9b3ae8b8a1228cdea265","7a5e5629a678fff177770206d872af4aabb850c7b2f06148e7092eb01db80527","edeb296d65a5aef93522fbb93afab3c59194b1fcf6798a1c7aeff5d71e5b8ff3","3119fa5d862bee9484044cca1f318e1cca85d0640d8160237f31b08976b2fcd5"
"1.0","open_core","wc2002","wc2002_004",TRUE,TRUE,TRUE,2002-05-31,2002-06-01,"","dbcf24c9f86f48423588ed254bdb08b4eb8663c31d50135a35aac5648ce87c73","1f97aae25b451b487872acbec081b19f16f85159628e9b3ae8b8a1228cdea265","7a5e5629a678fff177770206d872af4aabb850c7b2f06148e7092eb01db80527","d3b0feb187e7a1d4b877934a4fb58ad258849143f76d307132400399fb535d74","67095146207ba40bf76be4cb082b6a8924a08074cd66a0b85c6e1b309bee3316"
"1.0","open_core","wc2002","wc2002_005",TRUE,TRUE,TRUE,2002-06-01,2002-06-02,"","dbcf24c9f86f48423588ed254bdb08b4eb8663c31d50135a35aac5648ce87c73","1f97aae25b451b487872acbec081b19f16f85159628e9b3ae8b8a1228cdea265","7a5e5629a678fff177770206d872af4aabb850c7b2f06148e7092eb01db80527","51d0c9e4af13c4ab2866abe5244c40f1c9dca5f0ece521ffbae10b71aa42f9e8","d044ff5ab74e707ab7edef22b35a6524cc8cb7c063903470f80c47a08da72218"
"1.0","open_core","wc2002","wc2002_006",TRUE,TRUE,TRUE,2002-06-01,2002-06-02,"","dbcf24c9f86f48423588ed254bdb08b4eb8663c31d50135a35aac5648ce87c73","1f97aae25b451b487872acbec081b19f16f85159628e9b3ae8b8a1228cdea265","7a5e5629a678fff177770206d872af4aabb850c7b2f06148e7092eb01db80527","21e2bc873c7af237e88ec189d9fa1fc101c6d6b78fa09192f610d38b70c72d59","2f72bbfcfd36831cd68ce83d6bda73f00052e107e82e1eb1f6a7614d38ea0288"
"1.0","open_core","wc2002","wc2002_007",TRUE,TRUE,TRUE,2002-06-01,2002-06-02,"","dbcf24c9f86f48423588ed254bdb08b4eb8663c31d50135a35aac5648ce87c73","1f97aae25b451b487872acbec081b19f16f85159628e9b3ae8b8a1228cdea265","7a5e5629a678fff177770206d872af4aabb850c7b2f06148e7092eb01db80527","eb35c1ee0aba710bfad1cac5c70d9ecd805f43123587779b5a71721a29ff8ccb","d92bf06ba009712ec720c27174332195df4603de3ce13970f9aa0d9bb9e048e7"
"1.0","open_core","wc2002","wc2002_008",TRUE,TRUE,TRUE,2002-06-01,2002-06-02,"","dbcf24c9f86f48423588ed254bdb08b4eb8663c31d50135a35aac5648ce87c73","1f97aae25b451b487872acbec081b19f16f85159628e9b3ae8b8a1228cdea265","7a5e5629a678fff177770206d872af4aabb850c7b2f06148e7092eb01db80527","70e52375b71835a352745fd188747ddfb5a8e086fa33b400aaebfc8d510c4c0f","d94370863007e93efc1693ea1cc8d1282e56ae9aac5d57aa026cd54d8886a96c"
"1.0","open_core","wc2002","wc2002_009",TRUE,TRUE,TRUE,2002-06-02,2002-06-03,"","dbcf24c9f86f48423588ed254bdb08b4eb8663c31d50135a35aac5648ce87c73","1f97aae25b451b487872acbec081b19f16f85159628e9b3ae8b8a1228cdea265","7a5e5629a678fff177770206d872af4aabb850c7b2f06148e7092eb01db80527","abdd2736277ac0fd7d5c948ee59afcf9b8c3b6f1a3bbf826e0ed91a874a3023e","58c9e7bbe4a1f27c83d6778aafe989c4ff6d61fadf968dc3f1796719f1cdff0f"
"1.0","open_core","wc2002","wc2002_010",TRUE,TRUE,TRUE,2002-06-02,2002-06-03,"","dbcf24c9f86f48423588ed254bdb08b4eb8663c31d50135a35aac5648ce87c73","1f97aae25b451b487872acbec081b19f16f85159628e9b3ae8b8a1228cdea265","7a5e5629a678fff177770206d872af4aabb850c7b2f06148e7092eb01db80527","2f5fa1a316e16031ad3319c5250a711fc668984f8d86917ff87c8a2da41bb983","7978d35f5de7b4ecca78bde5bb9bf722b4027b0bf7159c6574a7c36b225ec195"
"1.0","open_core","wc2002","wc2002_011",TRUE,TRUE,TRUE,2002-06-02,2002-06-03,"","dbcf24c9f86f48423588ed254bdb08b4eb8663c31d50135a35aac5648ce87c73","1f97aae25b451b487872acbec081b19f16f85159628e9b3ae8b8a1228cdea265","7a5e5629a678fff177770206d872af4aabb850c7b2f06148e7092eb01db80527","72c63a59b90c44099d7d9e1ee0f069496e939aa1bc8544a53028bf0aefa615d6","8937b3abd6aed775a72f4be82349c5946ec02ee880242884501f794f3be60e1b"
"1.0","open_core","wc2002","wc2002_012",TRUE,TRUE,TRUE,2002-06-03,2002-06-04,"","dbcf24c9f86f48423588ed254bdb08b4eb8663c31d50135a35aac5648ce87c73","1f97aae25b451b487872acbec081b19f16f85159628e9b3ae8b8a1228cdea265","7a5e5629a678fff177770206d872af4aabb850c7b2f06148e7092eb01db80527","3082672d208f7d615792968d4b2c183c6a9a810cf567c3e9ea71693cfd24a83b","4e829db87bdaa42b4d0dc233b3d522317f366f920042736bcb3a1e45980f5308"
"1.0","open_core","wc2002","wc2002_013",TRUE,TRUE,TRUE,2002-06-03,2002-06-04,"","dbcf24c9f86f48423588ed254bdb08b4eb8663c31d50135a35aac5648ce87c73","1f97aae25b451b487872acbec081b19f16f85159628e9b3ae8b8a1228cdea265","7a5e5629a678fff177770206d872af4aabb850c7b2f06148e7092eb01db80527","a299e64c09a863a3a9b813b31852496216abbb10492cab9731a314c5eb73c965","e3278b770ce98545eafc0962d18e64d6286e73c64d7db7629c0d4c1f403846ca"
"1.0","open_core","wc2002","wc2002_014",TRUE,TRUE,TRUE,2002-06-03,2002-06-04,"","dbcf24c9f86f48423588ed254bdb08b4eb8663c31d50135a35aac5648ce87c73","1f97aae25b451b487872acbec081b19f16f85159628e9b3ae8b8a1228cdea265","7a5e5629a678fff177770206d872af4aabb850c7b2f06148e7092eb01db80527","ea3f1b7fe60daa919680269325512b838fadb508e61a516d1e3fdd690472970e","d74668456db461b46fb21532c64f221b62e3c156010e28af36ed4a57dd34f18b"
"1.0","open_core","wc2002","wc2002_015",TRUE,TRUE,TRUE,2002-06-04,2002-06-05,"","dbcf24c9f86f48423588ed254bdb08b4eb8663c31d50135a35aac5648ce87c73","1f97aae25b451b487872acbec081b19f16f85159628e9b3ae8b8a1228cdea265","7a5e5629a678fff177770206d872af4aabb850c7b2f06148e7092eb01db80527","c8675ad218355141c92c31585d0428366755e51b42590d22207e8f926d8d85d0","084925d8076f5761b7bccda721e5da0d8d22d1c79e1b984b91687ddaee15bab8"
"1.0","open_core","wc2002","wc2002_016",TRUE,TRUE,TRUE,2002-06-04,2002-06-05,"","dbcf24c9f86f48423588ed254bdb08b4eb8663c31d50135a35aac5648ce87c73","1f97aae25b451b487872acbec081b19f16f85159628e9b3ae8b8a1228cdea265","7a5e5629a678fff177770206d872af4aabb850c7b2f06148e7092eb01db80527","3c9ed1e0e5d143e3c3ca693ade8074169b66f3450e98e297aa64b34be72a3d12","a06b159ddec9583bded8e104c29b5797253fa8db8fe443559796b0f0bdae101d"
"1.0","open_core","wc2002","wc2002_017",TRUE,TRUE,TRUE,2002-06-04,2002-06-05,"","dbcf24c9f86f48423588ed254bdb08b4eb8663c31d50135a35aac5648ce87c73","1f97aae25b451b487872acbec081b19f16f85159628e9b3ae8b8a1228cdea265","7a5e5629a678fff177770206d872af4aabb850c7b2f06148e7092eb01db80527","2798c5c309e7fcd8984fdfeee57b940e8ce383a62038ab5b1f143eccdfb3f649","13f1a3a4fce488fc4ff584dfe745127dd65328cfb158b7b2255b450af0c2c7ff"
"1.0","open_core","wc2002","wc2002_018",TRUE,TRUE,TRUE,2002-06-05,2002-06-06,"","dbcf24c9f86f48423588ed254bdb08b4eb8663c31d50135a35aac5648ce87c73","1f97aae25b451b487872acbec081b19f16f85159628e9b3ae8b8a1228cdea265","7a5e5629a678fff177770206d872af4aabb850c7b2f06148e7092eb01db80527","77697d56d0ae2398cb1da197664badc718896753342e0d19caa60e241c7fe5c5","439daf3416098a89a12677c198b185e73aa895399c48b1e5c95880e2b5875e57"
"1.0","open_core","wc2002","wc2002_019",TRUE,TRUE,TRUE,2002-06-05,2002-06-06,"","dbcf24c9f86f48423588ed254bdb08b4eb8663c31d50135a35aac5648ce87c73","1f97aae25b451b487872acbec081b19f16f85159628e9b3ae8b8a1228cdea265","7a5e5629a678fff177770206d872af4aabb850c7b2f06148e7092eb01db80527","062184395ba0064251f6bf04aa5202f6bc88703b5bb042568fdcc4e08cd52243","0d1b58cee89eebd4c1706ba942909c27b8539a2a7edabee9d99abe5efc80547e"
"1.0","open_core","wc2002","wc2002_020",TRUE,TRUE,TRUE,2002-06-05,2002-06-06,"","dbcf24c9f86f48423588ed254bdb08b4eb8663c31d50135a35aac5648ce87c73","1f97aae25b451b487872acbec081b19f16f85159628e9b3ae8b8a1228cdea265","7a5e5629a678fff177770206d872af4aabb850c7b2f06148e7092eb01db80527","2f75931aefc5e01dd96e2ffcb5d9860a97f08c74bb819fbbcbfdedfba8700c1d","c777e052ffe27fa87ea5e772addb6b079f0fb3c9bd095bea72faedb0d49ca065"
"1.0","open_core","wc2002","wc2002_021",TRUE,TRUE,TRUE,2002-06-06,2002-06-07,"","dbcf24c9f86f48423588ed254bdb08b4eb8663c31d50135a35aac5648ce87c73","1f97aae25b451b487872acbec081b19f16f85159628e9b3ae8b8a1228cdea265","7a5e5629a678fff177770206d872af4aabb850c7b2f06148e7092eb01db80527","b852eeecc72cfaee29a8aca9d7a6ba3006c69950d6c7b43d36527509804aa9f7","599a43df1aee342c0deff67d7cfff40545d8279fb555f6b4e771534b77a83023"
"1.0","open_core","wc2002","wc2002_022",TRUE,TRUE,TRUE,2002-06-06,2002-06-07,"","dbcf24c9f86f48423588ed254bdb08b4eb8663c31d50135a35aac5648ce87c73","1f97aae25b451b487872acbec081b19f16f85159628e9b3ae8b8a1228cdea265","7a5e5629a678fff177770206d872af4aabb850c7b2f06148e7092eb01db80527","9d4faf738be35fc57e380fb28cc05fc3a292479dc094b3e2cf278fe59fc468b5","2bee63e1149012361cdb9b0414c1c5ce503ce1084c5937144552d0b86ceb2a7c"
"1.0","open_core","wc2002","wc2002_023",TRUE,TRUE,TRUE,2002-06-06,2002-06-07,"","dbcf24c9f86f48423588ed254bdb08b4eb8663c31d50135a35aac5648ce87c73","1f97aae25b451b487872acbec081b19f16f85159628e9b3ae8b8a1228cdea265","7a5e5629a678fff177770206d872af4aabb850c7b2f06148e7092eb01db80527","c9c9eda5d30bbd448e95a47b6fd759235f98097aa93ce46174d90371273ebc77","9c96dfef9eedcf6813f8e399bb2980a6ec25dc34e1d602efd3d717035fb6a42b"
"1.0","open_core","wc2002","wc2002_024",TRUE,TRUE,TRUE,2002-06-07,2002-06-08,"","dbcf24c9f86f48423588ed254bdb08b4eb8663c31d50135a35aac5648ce87c73","1f97aae25b451b487872acbec081b19f16f85159628e9b3ae8b8a1228cdea265","7a5e5629a678fff177770206d872af4aabb850c7b2f06148e7092eb01db80527","c6e5e4a2f8b5e08101290fd0d553a6e315fd7ef5fb4f4771b3b083ec4b2f23b7","204b046c064e864daa85b2457d59b30a8bc14d3f83b1fd27a97d6d628208f4be"
"1.0","open_core","wc2002","wc2002_025",TRUE,TRUE,TRUE,2002-06-07,2002-06-08,"","dbcf24c9f86f48423588ed254bdb08b4eb8663c31d50135a35aac5648ce87c73","1f97aae25b451b487872acbec081b19f16f85159628e9b3ae8b8a1228cdea265","7a5e5629a678fff177770206d872af4aabb850c7b2f06148e7092eb01db80527","b30e65ccefd6327d491af65a2ea95eb06152f7bc04946114c9a35f13dea049c9","8fa3dbbb0cdf8dd19e4ed666dea4c12f6567510777102992640f37c352ce066d"
"1.0","open_core","wc2002","wc2002_026",TRUE,TRUE,TRUE,2002-06-07,2002-06-08,"","dbcf24c9f86f48423588ed254bdb08b4eb8663c31d50135a35aac5648ce87c73","1f97aae25b451b487872acbec081b19f16f85159628e9b3ae8b8a1228cdea265","7a5e5629a678fff177770206d872af4aabb850c7b2f06148e7092eb01db80527","88986e219ddcd69440118b8d5fd4062aecb197c3edeeca7166c962ca1f4e88ac","34033495aca6664920ecedbd9556bdafc6db0096a14249060ceb4f72d39c04cf"
"1.0","open_core","wc2002","wc2002_027",TRUE,TRUE,TRUE,2002-06-08,2002-06-09,"","dbcf24c9f86f48423588ed254bdb08b4eb8663c31d50135a35aac5648ce87c73","1f97aae25b451b487872acbec081b19f16f85159628e9b3ae8b8a1228cdea265","7a5e5629a678fff177770206d872af4aabb850c7b2f06148e7092eb01db80527","9bcc227ab7bd2b80e3488b6b4e1f6b1687c2e475e76329a31df3b4b6e01b2249","473d9023ae28c676ff38b83eb966221331d09da691ad4a241e5f6e7ce0ef5aca"
"1.0","open_core","wc2002","wc2002_028",TRUE,TRUE,TRUE,2002-06-08,2002-06-09,"","dbcf24c9f86f48423588ed254bdb08b4eb8663c31d50135a35aac5648ce87c73","1f97aae25b451b487872acbec081b19f16f85159628e9b3ae8b8a1228cdea265","7a5e5629a678fff177770206d872af4aabb850c7b2f06148e7092eb01db80527","bc0719f9e76c11f4edf4798c556bb263634248fe54f039e4da16e7bb84f7a10c","b257849df340bee1a06894a5c0382f18c21ad9cc5b701f9ac88ebdd74851e020"
"1.0","open_core","wc2002","wc2002_029",TRUE,TRUE,TRUE,2002-06-08,2002-06-09,"","dbcf24c9f86f48423588ed254bdb08b4eb8663c31d50135a35aac5648ce87c73","1f97aae25b451b487872acbec081b19f16f85159628e9b3ae8b8a1228cdea265","7a5e5629a678fff177770206d872af4aabb850c7b2f06148e7092eb01db80527","7671110a27637f9a88ea73c82457352c7d80ce17684cd7e10dbba0eb7dabc356","68ddce6407e23089fc60027cbf96db8b016382c6192965ee40ab0e84a30ce952"
"1.0","open_core","wc2002","wc2002_030",TRUE,TRUE,TRUE,2002-06-09,2002-06-10,"","dbcf24c9f86f48423588ed254bdb08b4eb8663c31d50135a35aac5648ce87c73","1f97aae25b451b487872acbec081b19f16f85159628e9b3ae8b8a1228cdea265","7a5e5629a678fff177770206d872af4aabb850c7b2f06148e7092eb01db80527","c0a9357139bf5f37d1eae2626cbf6fdd47a2de1d2c5554366ad31c99e8e293d0","8b8c62632f830c2fc57f200e5ae3700bbc67b12e1cfbdc10db6c111a5be64f00"
"1.0","open_core","wc2002","wc2002_031",TRUE,TRUE,TRUE,2002-06-09,2002-06-10,"","dbcf24c9f86f48423588ed254bdb08b4eb8663c31d50135a35aac5648ce87c73","1f97aae25b451b487872acbec081b19f16f85159628e9b3ae8b8a1228cdea265","7a5e5629a678fff177770206d872af4aabb850c7b2f06148e7092eb01db80527","af4dbac0d5afb9a00e8373e13d06dc8874dcff85db7738ddb95f0b23e4f1ddaf","94233d1e08f4d438eae760a098db70cb334273bf1eeb05442d3517e618379652"
"1.0","open_core","wc2002","wc2002_032",TRUE,TRUE,TRUE,2002-06-09,2002-06-10,"","dbcf24c9f86f48423588ed254bdb08b4eb8663c31d50135a35aac5648ce87c73","1f97aae25b451b487872acbec081b19f16f85159628e9b3ae8b8a1228cdea265","7a5e5629a678fff177770206d872af4aabb850c7b2f06148e7092eb01db80527","e7c210e4ba8b4d038b6854a7cefd571d2887777b479e1aba9a4f3b2ec8c560b6","9dc39f4b14c2ef3ff37ceb98239b609bb6b99fece372021284626edbd680e962"
"1.0","open_core","wc2002","wc2002_033",TRUE,TRUE,TRUE,2002-06-10,2002-06-11,"","dbcf24c9f86f48423588ed254bdb08b4eb8663c31d50135a35aac5648ce87c73","1f97aae25b451b487872acbec081b19f16f85159628e9b3ae8b8a1228cdea265","7a5e5629a678fff177770206d872af4aabb850c7b2f06148e7092eb01db80527","2c1a1280534d1466d6bce4d4663e21e919be148aa8fb450369b617828b3bf782","e8a34bf7a6818323a8e924c6c539169e2d1ebe5cdf6adbaf86b357e806209e21"
"1.0","open_core","wc2002","wc2002_034",TRUE,TRUE,TRUE,2002-06-10,2002-06-11,"","dbcf24c9f86f48423588ed254bdb08b4eb8663c31d50135a35aac5648ce87c73","1f97aae25b451b487872acbec081b19f16f85159628e9b3ae8b8a1228cdea265","7a5e5629a678fff177770206d872af4aabb850c7b2f06148e7092eb01db80527","9f93ba98d90c2dfc20c7ee909d41d0209514ffa16161baf87f10b98cf0e7bb09","da1cb033fdec4fb1a2d35708a08e5405d1bb3825c9743c1762e9bc22d3567d26"
"1.0","open_core","wc2002","wc2002_035",TRUE,TRUE,TRUE,2002-06-10,2002-06-11,"","dbcf24c9f86f48423588ed254bdb08b4eb8663c31d50135a35aac5648ce87c73","1f97aae25b451b487872acbec081b19f16f85159628e9b3ae8b8a1228cdea265","7a5e5629a678fff177770206d872af4aabb850c7b2f06148e7092eb01db80527","11a3ada0f2094658db6f5b1fe92fc01b33a0d82da059ee2a13728404f910978e","085d90b153cde0670a0c7fb9a53e18b67c06e3710e66d8d983829d58600f1544"
"1.0","open_core","wc2002","wc2002_036",TRUE,TRUE,TRUE,2002-06-10,2002-06-11,"","dbcf24c9f86f48423588ed254bdb08b4eb8663c31d50135a35aac5648ce87c73","1f97aae25b451b487872acbec081b19f16f85159628e9b3ae8b8a1228cdea265","7a5e5629a678fff177770206d872af4aabb850c7b2f06148e7092eb01db80527","36df3fefbf6ca0d856437afe417e8e165bf08ccdf1fb9db2d65ddb7c0c6aafbc","d5ccd41b7b39e06dc13aaa64617420fffd4acd0ea4ec43622b889a354ce7ac1e"
"1.0","open_core","wc2002","wc2002_037",TRUE,TRUE,TRUE,2002-06-11,2002-06-12,"","dbcf24c9f86f48423588ed254bdb08b4eb8663c31d50135a35aac5648ce87c73","1f97aae25b451b487872acbec081b19f16f85159628e9b3ae8b8a1228cdea265","7a5e5629a678fff177770206d872af4aabb850c7b2f06148e7092eb01db80527","0eee8074b96e9faba98f480d4e702dbb0dba333962a7c4f6c998526c31337659","ed390ded15b369f621ac5f7243f15fe157595d5e4baaf4515903a87c95a8a036"
"1.0","open_core","wc2002","wc2002_038",TRUE,TRUE,TRUE,2002-06-11,2002-06-12,"","dbcf24c9f86f48423588ed254bdb08b4eb8663c31d50135a35aac5648ce87c73","1f97aae25b451b487872acbec081b19f16f85159628e9b3ae8b8a1228cdea265","7a5e5629a678fff177770206d872af4aabb850c7b2f06148e7092eb01db80527","d86ffead5529494506644030319ba582552110b092349a9fe1b7f973279baa93","4ba3b65886aea434ef72bd387a36525e00b995e7f32dd7968db253f1bf29e471"
"1.0","open_core","wc2002","wc2002_039",TRUE,TRUE,TRUE,2002-06-11,2002-06-12,"","dbcf24c9f86f48423588ed254bdb08b4eb8663c31d50135a35aac5648ce87c73","1f97aae25b451b487872acbec081b19f16f85159628e9b3ae8b8a1228cdea265","7a5e5629a678fff177770206d872af4aabb850c7b2f06148e7092eb01db80527","4196fffea16b4d5b36edae5f38c20be45506c6be97608f183e9f8e475961669b","d3a156be91faa4aafb7a0c5594a0792b8187f8ea650f74877449c91aab2dcf54"
"1.0","open_core","wc2002","wc2002_040",TRUE,TRUE,TRUE,2002-06-11,2002-06-12,"","dbcf24c9f86f48423588ed254bdb08b4eb8663c31d50135a35aac5648ce87c73","1f97aae25b451b487872acbec081b19f16f85159628e9b3ae8b8a1228cdea265","7a5e5629a678fff177770206d872af4aabb850c7b2f06148e7092eb01db80527","75239444b887c70b0e66844540100e9399c9c3b1012b621a8542ea3571a2b097","13208118ac3baa311d5074450dd9203ffe2716e8136c266e85c213fe42734045"
"1.0","open_core","wc2002","wc2002_041",TRUE,TRUE,TRUE,2002-06-12,2002-06-13,"","dbcf24c9f86f48423588ed254bdb08b4eb8663c31d50135a35aac5648ce87c73","1f97aae25b451b487872acbec081b19f16f85159628e9b3ae8b8a1228cdea265","7a5e5629a678fff177770206d872af4aabb850c7b2f06148e7092eb01db80527","477eac8541ff65e18bd412634ad6470c72bc4f35a937adb7530b6dc630dfa480","25846f5a525ab82865c674bf8da92002cbc7a0ffff415623a392098bd34dd5ca"
"1.0","open_core","wc2002","wc2002_042",TRUE,TRUE,TRUE,2002-06-12,2002-06-13,"","dbcf24c9f86f48423588ed254bdb08b4eb8663c31d50135a35aac5648ce87c73","1f97aae25b451b487872acbec081b19f16f85159628e9b3ae8b8a1228cdea265","7a5e5629a678fff177770206d872af4aabb850c7b2f06148e7092eb01db80527","a860df47128e775c887172d01a08e2668042516eb59efc76ba58884c733a1b7c","2387c331e0559acdf2106dd0f16037f866554a469b2078052b8cf1e5b4b0f9e5"
"1.0","open_core","wc2002","wc2002_043",TRUE,TRUE,TRUE,2002-06-12,2002-06-13,"","dbcf24c9f86f48423588ed254bdb08b4eb8663c31d50135a35aac5648ce87c73","1f97aae25b451b487872acbec081b19f16f85159628e9b3ae8b8a1228cdea265","7a5e5629a678fff177770206d872af4aabb850c7b2f06148e7092eb01db80527","d94f8ee790ede9a8a067e61abed305886a57f653425b6c3462f3d44ad8db9075","d7ce3a76a32ea74e1cb3a68da0376840ffb4e30c4b9e17a5c10cdc6e12e9a150"
"1.0","open_core","wc2002","wc2002_044",TRUE,TRUE,TRUE,2002-06-12,2002-06-13,"","dbcf24c9f86f48423588ed254bdb08b4eb8663c31d50135a35aac5648ce87c73","1f97aae25b451b487872acbec081b19f16f85159628e9b3ae8b8a1228cdea265","7a5e5629a678fff177770206d872af4aabb850c7b2f06148e7092eb01db80527","420d2b79c54cdd82abe4f04dc49e33984ee411ff627e6591a583812bc5e118d3","c53914c815417d7c5163fb5db535b37baeb40ce5483828946c2c6016c0820d2a"
"1.0","open_core","wc2002","wc2002_045",TRUE,TRUE,TRUE,2002-06-13,2002-06-14,"","dbcf24c9f86f48423588ed254bdb08b4eb8663c31d50135a35aac5648ce87c73","1f97aae25b451b487872acbec081b19f16f85159628e9b3ae8b8a1228cdea265","7a5e5629a678fff177770206d872af4aabb850c7b2f06148e7092eb01db80527","9a38189ba58057bfb0c516efe65226007c016842b4f3ed54c05a1679eb9a989a","bec54e314ec26b07a15f52eb3dcf09697670702f674a7a6cc011f0daa6af45f4"
"1.0","open_core","wc2002","wc2002_046",TRUE,TRUE,TRUE,2002-06-13,2002-06-14,"","dbcf24c9f86f48423588ed254bdb08b4eb8663c31d50135a35aac5648ce87c73","1f97aae25b451b487872acbec081b19f16f85159628e9b3ae8b8a1228cdea265","7a5e5629a678fff177770206d872af4aabb850c7b2f06148e7092eb01db80527","4908cb6b8851534d5a5036ca786ea6c145fadef70c65a4233da160f8fb807759","4b949451a8f61e74af6a0ff618be1e739b5f1ea5f0dd76eda2ed1a688fb0c0ac"
"1.0","open_core","wc2002","wc2002_047",TRUE,TRUE,TRUE,2002-06-13,2002-06-14,"","dbcf24c9f86f48423588ed254bdb08b4eb8663c31d50135a35aac5648ce87c73","1f97aae25b451b487872acbec081b19f16f85159628e9b3ae8b8a1228cdea265","7a5e5629a678fff177770206d872af4aabb850c7b2f06148e7092eb01db80527","435f6a0b336a572f5016ff6770bdcf1a3c50d205240ad23a22666d5899d9dc78","652e9793cef49d476183c40c2e85e09a16d3793c439146e7a58206f40dea9d70"
"1.0","open_core","wc2002","wc2002_048",TRUE,TRUE,TRUE,2002-06-13,2002-06-14,"","dbcf24c9f86f48423588ed254bdb08b4eb8663c31d50135a35aac5648ce87c73","1f97aae25b451b487872acbec081b19f16f85159628e9b3ae8b8a1228cdea265","7a5e5629a678fff177770206d872af4aabb850c7b2f06148e7092eb01db80527","cdba6740e988f9e70d7ae2d993393066b876550abc62b7b4aa545f63de8a9866","6c60bdc9386fb0a9ee0c193a60fc28cefa3b2659526eb154dec0f2e1a003c7da"
"1.0","open_core","wc2002","wc2002_049",TRUE,TRUE,TRUE,2002-06-14,2002-06-15,"","dbcf24c9f86f48423588ed254bdb08b4eb8663c31d50135a35aac5648ce87c73","1f97aae25b451b487872acbec081b19f16f85159628e9b3ae8b8a1228cdea265","7a5e5629a678fff177770206d872af4aabb850c7b2f06148e7092eb01db80527","bc2067e3c55ff6676dd87b1e914644b2ed85fb5f5236baa902f8dc2633ae51f0","b7a45d87781d6549973c030666bc7498acd29f983402aa5ba773c2822739e0b0"
"1.0","open_core","wc2002","wc2002_050",TRUE,TRUE,TRUE,2002-06-14,2002-06-15,"","dbcf24c9f86f48423588ed254bdb08b4eb8663c31d50135a35aac5648ce87c73","1f97aae25b451b487872acbec081b19f16f85159628e9b3ae8b8a1228cdea265","7a5e5629a678fff177770206d872af4aabb850c7b2f06148e7092eb01db80527","1471a8eb73ee5ab36c8686e5a6e7ba371e4d170da88ae115e5f71cc89cf72ca7","75fcd83059595ddd322693a612d1dd9ee58fc2078114e73511ffd06ea389a342"
"1.0","open_core","wc2002","wc2002_051",TRUE,TRUE,TRUE,2002-06-15,2002-06-16,"","dbcf24c9f86f48423588ed254bdb08b4eb8663c31d50135a35aac5648ce87c73","1f97aae25b451b487872acbec081b19f16f85159628e9b3ae8b8a1228cdea265","7a5e5629a678fff177770206d872af4aabb850c7b2f06148e7092eb01db80527","70af65a06c628bdea562615b122c2fdbd56a601c09781c4a50bcd61a1903dc2d","96b67d23b4395306a43a964d055ab67ace485afcabcc4ce74fce54e69805d2cb"
"1.0","open_core","wc2002","wc2002_052",TRUE,TRUE,TRUE,2002-06-15,2002-06-16,"","dbcf24c9f86f48423588ed254bdb08b4eb8663c31d50135a35aac5648ce87c73","1f97aae25b451b487872acbec081b19f16f85159628e9b3ae8b8a1228cdea265","7a5e5629a678fff177770206d872af4aabb850c7b2f06148e7092eb01db80527","9eb11ddd5d3d8ff6644dff0a9e39ee51fe4aa39fdcc5e2731a8d6188ba386d35","1e94145478a1dd22b07149a40f8019e8bde199364bd8709ec7504374ac78e5f5"
"1.0","open_core","wc2002","wc2002_053",TRUE,TRUE,TRUE,2002-06-16,2002-06-17,"","dbcf24c9f86f48423588ed254bdb08b4eb8663c31d50135a35aac5648ce87c73","1f97aae25b451b487872acbec081b19f16f85159628e9b3ae8b8a1228cdea265","7a5e5629a678fff177770206d872af4aabb850c7b2f06148e7092eb01db80527","e4fb88651d72a8e3e3b29b7b8af235b144639936251acc41a824067bc1bd1a03","0568d94c7adfbdb1a64325ed01c57adadf17d553e143d9eadaddb78decdb6246"
"1.0","open_core","wc2002","wc2002_054",TRUE,TRUE,TRUE,2002-06-16,2002-06-17,"","dbcf24c9f86f48423588ed254bdb08b4eb8663c31d50135a35aac5648ce87c73","1f97aae25b451b487872acbec081b19f16f85159628e9b3ae8b8a1228cdea265","7a5e5629a678fff177770206d872af4aabb850c7b2f06148e7092eb01db80527","d8c857965cb36c22deb28a9f6d7a868022bc73fcba65d0f32fc10f6dbd76e87c","7c5cf1edf3ca112fdbee1927980263d7de3730b51474ab107822aba307f00c18"
"1.0","open_core","wc2002","wc2002_055",TRUE,TRUE,TRUE,2002-06-17,2002-06-18,"","dbcf24c9f86f48423588ed254bdb08b4eb8663c31d50135a35aac5648ce87c73","1f97aae25b451b487872acbec081b19f16f85159628e9b3ae8b8a1228cdea265","7a5e5629a678fff177770206d872af4aabb850c7b2f06148e7092eb01db80527","3082021d0900e27c7c2c768a06567b63e447cba7c0859c20cf84db1f0f4d4481","c2d23241dd80ecec7d0ab30ed693ebe8ab35b7040c7048b2a77f8a6da70f77c1"
"1.0","open_core","wc2002","wc2002_056",TRUE,TRUE,TRUE,2002-06-17,2002-06-18,"","dbcf24c9f86f48423588ed254bdb08b4eb8663c31d50135a35aac5648ce87c73","1f97aae25b451b487872acbec081b19f16f85159628e9b3ae8b8a1228cdea265","7a5e5629a678fff177770206d872af4aabb850c7b2f06148e7092eb01db80527","9227ac377ae00902b86ed61d9caf4281c8bb387c36f6340f1cb3045878c4da21","a6e30b9b67a6ebc98d8078ad2967693f7474c98584feaee9c145ce3ca5540f82"
"1.0","open_core","wc2002","wc2002_057",TRUE,TRUE,TRUE,2002-06-20,2002-06-21,"","dbcf24c9f86f48423588ed254bdb08b4eb8663c31d50135a35aac5648ce87c73","1f97aae25b451b487872acbec081b19f16f85159628e9b3ae8b8a1228cdea265","7a5e5629a678fff177770206d872af4aabb850c7b2f06148e7092eb01db80527","062a11a070a332b27c4d7c95493826acd3d591417c6d43cc27b7f1217c4d962f","975c6f5144cb5a32d98061855c0fb3546e7fc4f9e8f8574cbde3d6c5d72a3edc"
"1.0","open_core","wc2002","wc2002_058",TRUE,TRUE,TRUE,2002-06-20,2002-06-21,"","dbcf24c9f86f48423588ed254bdb08b4eb8663c31d50135a35aac5648ce87c73","1f97aae25b451b487872acbec081b19f16f85159628e9b3ae8b8a1228cdea265","7a5e5629a678fff177770206d872af4aabb850c7b2f06148e7092eb01db80527","be2ae23fe70930cfd0fc32b326dfdd3c465dcfef07068c161aea71ed06e2b335","2f936194a40c9dc0acba7cf5339811b607137514272f7d9dafcbcd08fdccf443"
"1.0","open_core","wc2002","wc2002_059",TRUE,TRUE,TRUE,2002-06-21,2002-06-22,"","dbcf24c9f86f48423588ed254bdb08b4eb8663c31d50135a35aac5648ce87c73","1f97aae25b451b487872acbec081b19f16f85159628e9b3ae8b8a1228cdea265","7a5e5629a678fff177770206d872af4aabb850c7b2f06148e7092eb01db80527","4b6ac494930ce7a8fca69ca4f2702f910f639a31639a1f21082debbda70b08d9","2992294cc81cab508d0f8816333ba15b052240a6d908262ec7a7d5af45aee70f"
"1.0","open_core","wc2002","wc2002_060",TRUE,TRUE,TRUE,2002-06-21,2002-06-22,"","dbcf24c9f86f48423588ed254bdb08b4eb8663c31d50135a35aac5648ce87c73","1f97aae25b451b487872acbec081b19f16f85159628e9b3ae8b8a1228cdea265","7a5e5629a678fff177770206d872af4aabb850c7b2f06148e7092eb01db80527","3d7b214f0d8c237af08bb1530c884b04e28a980e4d70234c4013e370dcc6dc0c","b0ba4eb1f4782ca8397ff459478c0f7bb22f6f848d0c923f137873f476a7aa8a"
"1.0","open_core","wc2002","wc2002_061",TRUE,TRUE,TRUE,2002-06-24,2002-06-25,"","dbcf24c9f86f48423588ed254bdb08b4eb8663c31d50135a35aac5648ce87c73","1f97aae25b451b487872acbec081b19f16f85159628e9b3ae8b8a1228cdea265","7a5e5629a678fff177770206d872af4aabb850c7b2f06148e7092eb01db80527","c989497a48bf19ec56a0433f7727e24df3e4c944a967e1dc323b8936482948bf","d25f51233b7ecd97ea6c61cebd65754f86ac174401880283182d47300fe1728f"
"1.0","open_core","wc2002","wc2002_062",TRUE,TRUE,TRUE,2002-06-25,2002-06-26,"","dbcf24c9f86f48423588ed254bdb08b4eb8663c31d50135a35aac5648ce87c73","1f97aae25b451b487872acbec081b19f16f85159628e9b3ae8b8a1228cdea265","7a5e5629a678fff177770206d872af4aabb850c7b2f06148e7092eb01db80527","d7e708d3b586d3200c7ded6d4f4d25311bba24aa0128436ab2bbfd7b6183937d","df135047b0ddc00fa7fd41cc83fb4dcfb71696c283372350c7e73a354780ea27"
"1.0","open_core","wc2002","wc2002_063",TRUE,TRUE,TRUE,2002-06-28,2002-06-29,"","dbcf24c9f86f48423588ed254bdb08b4eb8663c31d50135a35aac5648ce87c73","1f97aae25b451b487872acbec081b19f16f85159628e9b3ae8b8a1228cdea265","7a5e5629a678fff177770206d872af4aabb850c7b2f06148e7092eb01db80527","ebfa88034cb6c20a47a81ea83d0596ab967387aa454d8cd67e00d0103678a164","32799396a8d10dfbe01067de7b3fd993fa426d6e9ca8bdff32d70286fee932fb"
"1.0","open_core","wc2002","wc2002_064",TRUE,TRUE,TRUE,2002-06-29,2002-06-30,"","dbcf24c9f86f48423588ed254bdb08b4eb8663c31d50135a35aac5648ce87c73","1f97aae25b451b487872acbec081b19f16f85159628e9b3ae8b8a1228cdea265","7a5e5629a678fff177770206d872af4aabb850c7b2f06148e7092eb01db80527","7decae0b56ba2dab23d8df4b7d8b6a29e6983704042d539aa26dc081ef108c1e","473f9293417413bc6f8ec3b108857ced38669e9241b710f5786a00644f86a923"
"1.0","open_core","wc2006","wc2006_001",TRUE,TRUE,TRUE,2006-06-08,2006-06-09,"","dbcf24c9f86f48423588ed254bdb08b4eb8663c31d50135a35aac5648ce87c73","1f97aae25b451b487872acbec081b19f16f85159628e9b3ae8b8a1228cdea265","7a5e5629a678fff177770206d872af4aabb850c7b2f06148e7092eb01db80527","5290bb1245d02529f4bff255c2cdcc129afb406ed543956f8d23af943d5a5ee6","2b720d20114128565f833fbb822f35516f7c910f7ef0403473006213cff33d71"
"1.0","open_core","wc2006","wc2006_002",TRUE,TRUE,TRUE,2006-06-08,2006-06-09,"","dbcf24c9f86f48423588ed254bdb08b4eb8663c31d50135a35aac5648ce87c73","1f97aae25b451b487872acbec081b19f16f85159628e9b3ae8b8a1228cdea265","7a5e5629a678fff177770206d872af4aabb850c7b2f06148e7092eb01db80527","202dfc599a98527eb201dd5d994d112acafea3395a43df5afc67414640ba4df8","83c98c4db32375ac06ed199b5f580cfaa2e0fcb6a05f8a682896d9521ba561d9"
"1.0","open_core","wc2006","wc2006_003",TRUE,TRUE,TRUE,2006-06-09,2006-06-10,"","dbcf24c9f86f48423588ed254bdb08b4eb8663c31d50135a35aac5648ce87c73","1f97aae25b451b487872acbec081b19f16f85159628e9b3ae8b8a1228cdea265","7a5e5629a678fff177770206d872af4aabb850c7b2f06148e7092eb01db80527","1c0885d1b003f39f4dcf4257e7699cc6077f59ed91954ac285d7c15a232b8f8a","35d01ea1fde8127bcfcc90a41cc769bdf9b0504078ba27b397dbe5ab44aa1e64"
"1.0","open_core","wc2006","wc2006_004",TRUE,TRUE,TRUE,2006-06-09,2006-06-10,"","dbcf24c9f86f48423588ed254bdb08b4eb8663c31d50135a35aac5648ce87c73","1f97aae25b451b487872acbec081b19f16f85159628e9b3ae8b8a1228cdea265","7a5e5629a678fff177770206d872af4aabb850c7b2f06148e7092eb01db80527","6f14fa86b8afb1b913bbe2dcab8f731d3ab68290f04e5c25d7ce47f595d2ffc3","4e427e1c2ef70ae817dc039cc0e37392e4652db7b0a1a364a266b72b40e33189"
"1.0","open_core","wc2006","wc2006_005",TRUE,TRUE,TRUE,2006-06-09,2006-06-10,"","dbcf24c9f86f48423588ed254bdb08b4eb8663c31d50135a35aac5648ce87c73","1f97aae25b451b487872acbec081b19f16f85159628e9b3ae8b8a1228cdea265","7a5e5629a678fff177770206d872af4aabb850c7b2f06148e7092eb01db80527","904eb63f8c4c02aa1e2e2857028c7dbb99ae444ac4a4f66e6fddd9508457f8e8","0013fa3a9304f1b0aadb6c9a5cea8646b334bfedee5f0e54b34ee8f550d8adf2"
"1.0","open_core","wc2006","wc2006_006",TRUE,TRUE,TRUE,2006-06-10,2006-06-11,"","dbcf24c9f86f48423588ed254bdb08b4eb8663c31d50135a35aac5648ce87c73","1f97aae25b451b487872acbec081b19f16f85159628e9b3ae8b8a1228cdea265","7a5e5629a678fff177770206d872af4aabb850c7b2f06148e7092eb01db80527","7da2b7b779a000125cfaa6fe14f3332d5aef03c1813eb319a403540e354b94d5","f3b72d6ce969f6d8b9967e3c09043315a1dba69c5f5c97fc11a57d527ce73309"
"1.0","open_core","wc2006","wc2006_007",TRUE,TRUE,TRUE,2006-06-10,2006-06-11,"","dbcf24c9f86f48423588ed254bdb08b4eb8663c31d50135a35aac5648ce87c73","1f97aae25b451b487872acbec081b19f16f85159628e9b3ae8b8a1228cdea265","7a5e5629a678fff177770206d872af4aabb850c7b2f06148e7092eb01db80527","d6f86b788a06a6c276f8e2e5bacd5e296eca16b361fdd9a9e982b2d5bb845a02","345365421f2aac7332fb393b3891b77ef144a6b2e55888e454d7971388ea1f29"
"1.0","open_core","wc2006","wc2006_008",TRUE,TRUE,TRUE,2006-06-10,2006-06-11,"","dbcf24c9f86f48423588ed254bdb08b4eb8663c31d50135a35aac5648ce87c73","1f97aae25b451b487872acbec081b19f16f85159628e9b3ae8b8a1228cdea265","7a5e5629a678fff177770206d872af4aabb850c7b2f06148e7092eb01db80527","7fd6e5da781ee1329a83376948ef6f6cb63bc198e4ef5a578ad66b739897af5e","7b760222615f21348d9b2f1b57222ec9b39791918e20f04924cb4b082b2e038f"
"1.0","open_core","wc2006","wc2006_009",TRUE,TRUE,TRUE,2006-06-11,2006-06-12,"","dbcf24c9f86f48423588ed254bdb08b4eb8663c31d50135a35aac5648ce87c73","1f97aae25b451b487872acbec081b19f16f85159628e9b3ae8b8a1228cdea265","7a5e5629a678fff177770206d872af4aabb850c7b2f06148e7092eb01db80527","7cd0b869ab6c3d5af7591d3a90faace7a02e61ac953c3970d4bda82ed01e9454","3d43c13de0f85e98d776dff205db215f75ba1af98f5427ae0a195c802d576500"
"1.0","open_core","wc2006","wc2006_010",TRUE,TRUE,TRUE,2006-06-11,2006-06-12,"","dbcf24c9f86f48423588ed254bdb08b4eb8663c31d50135a35aac5648ce87c73","1f97aae25b451b487872acbec081b19f16f85159628e9b3ae8b8a1228cdea265","7a5e5629a678fff177770206d872af4aabb850c7b2f06148e7092eb01db80527","7355787da19451176e759c9ba78b6f1d08ba8ccfb2236b9b7609a0455037cc9c","bd18a1616f6c056b269add1414243569b012ebb3c612f14bba46bed178d06e17"
"1.0","open_core","wc2006","wc2006_011",TRUE,TRUE,TRUE,2006-06-11,2006-06-12,"","dbcf24c9f86f48423588ed254bdb08b4eb8663c31d50135a35aac5648ce87c73","1f97aae25b451b487872acbec081b19f16f85159628e9b3ae8b8a1228cdea265","7a5e5629a678fff177770206d872af4aabb850c7b2f06148e7092eb01db80527","ad04632b14ee2d222cb5ea1f3f3d0e4bd9d0978e7918b745321e7a3235647a70","9eb6d036fe73c740b759d299393cfae1e3b681640ff184d01443e54a218bf40b"
"1.0","open_core","wc2006","wc2006_012",TRUE,TRUE,TRUE,2006-06-12,2006-06-13,"","dbcf24c9f86f48423588ed254bdb08b4eb8663c31d50135a35aac5648ce87c73","1f97aae25b451b487872acbec081b19f16f85159628e9b3ae8b8a1228cdea265","7a5e5629a678fff177770206d872af4aabb850c7b2f06148e7092eb01db80527","b219e358486fd40fc3782e4861d903a38e97c1ac547d6f32cac02c4c9e2e7c8b","e221eaa3a441f8827b8a71c6e7ec59e9375f3de8544febbb8206fdb9748fe556"
"1.0","open_core","wc2006","wc2006_013",TRUE,TRUE,TRUE,2006-06-12,2006-06-13,"","dbcf24c9f86f48423588ed254bdb08b4eb8663c31d50135a35aac5648ce87c73","1f97aae25b451b487872acbec081b19f16f85159628e9b3ae8b8a1228cdea265","7a5e5629a678fff177770206d872af4aabb850c7b2f06148e7092eb01db80527","6519aa6b05a38fc8b716ddd9fb6d9d3314c21f84fd3c189638cb69d52fa33390","5a1ab21a6260a9b15da69d61f4ddced7b05c8e303a4c76465219d24d47020790"
"1.0","open_core","wc2006","wc2006_014",TRUE,TRUE,TRUE,2006-06-12,2006-06-13,"","dbcf24c9f86f48423588ed254bdb08b4eb8663c31d50135a35aac5648ce87c73","1f97aae25b451b487872acbec081b19f16f85159628e9b3ae8b8a1228cdea265","7a5e5629a678fff177770206d872af4aabb850c7b2f06148e7092eb01db80527","dd1a1260cd2e8e95d047fe228874d009fbf33debc0c5e987a1311a57c3140d42","b4721ccd66af952eaeae4230ce0b42be1dda64bb5c37528d5919f3cf2030de74"
"1.0","open_core","wc2006","wc2006_015",TRUE,TRUE,TRUE,2006-06-13,2006-06-14,"","dbcf24c9f86f48423588ed254bdb08b4eb8663c31d50135a35aac5648ce87c73","1f97aae25b451b487872acbec081b19f16f85159628e9b3ae8b8a1228cdea265","7a5e5629a678fff177770206d872af4aabb850c7b2f06148e7092eb01db80527","99cb569733b86114ad03f305cac9fb6473a7f0f1ca605de3e4954b0dc32b0d80","c9e200f860e63d1c8336839f98d5a9ee80d6c5a14e641c0e9cfc70ba5bdcf3d4"
"1.0","open_core","wc2006","wc2006_016",TRUE,TRUE,TRUE,2006-06-13,2006-06-14,"","dbcf24c9f86f48423588ed254bdb08b4eb8663c31d50135a35aac5648ce87c73","1f97aae25b451b487872acbec081b19f16f85159628e9b3ae8b8a1228cdea265","7a5e5629a678fff177770206d872af4aabb850c7b2f06148e7092eb01db80527","f7781cf05f2ae31879b10d0e8fee95e9dda1582325ae3d5e4ee3b0e005a18fba","11bf1086555be42201ca55948ea4adbb3da84cdde8af12eebbffb866eb2c64a3"
"1.0","open_core","wc2006","wc2006_017",TRUE,TRUE,TRUE,2006-06-13,2006-06-14,"","dbcf24c9f86f48423588ed254bdb08b4eb8663c31d50135a35aac5648ce87c73","1f97aae25b451b487872acbec081b19f16f85159628e9b3ae8b8a1228cdea265","7a5e5629a678fff177770206d872af4aabb850c7b2f06148e7092eb01db80527","f203e2d7329ba3ccce2c2fbbd4ce6e71438c51a97524d68d1838d4769103c9f4","29ea682f00fa1e5ca62f2c8475083b44c07347384970ea1128826664193d4f47"
"1.0","open_core","wc2006","wc2006_018",TRUE,TRUE,TRUE,2006-06-14,2006-06-15,"","dbcf24c9f86f48423588ed254bdb08b4eb8663c31d50135a35aac5648ce87c73","1f97aae25b451b487872acbec081b19f16f85159628e9b3ae8b8a1228cdea265","7a5e5629a678fff177770206d872af4aabb850c7b2f06148e7092eb01db80527","b7981146b1d5b78a3b3ae78db155608dd1de13b2f9c40b561caa50b1a98e1300","08028a4fccc91bc3774629fd292c8c61996dd032cfcc1d1906b26ec31e913764"
"1.0","open_core","wc2006","wc2006_019",TRUE,TRUE,TRUE,2006-06-14,2006-06-15,"","dbcf24c9f86f48423588ed254bdb08b4eb8663c31d50135a35aac5648ce87c73","1f97aae25b451b487872acbec081b19f16f85159628e9b3ae8b8a1228cdea265","7a5e5629a678fff177770206d872af4aabb850c7b2f06148e7092eb01db80527","bde5602bc337545f0135698f5c2f6f30a5363a7c94e8247ce3efa1b83e6738ef","e9955106ac568045d12fc5288aa56afae97cdde68c284a2729d29cc9a5e49b85"
"1.0","open_core","wc2006","wc2006_020",TRUE,TRUE,TRUE,2006-06-14,2006-06-15,"","dbcf24c9f86f48423588ed254bdb08b4eb8663c31d50135a35aac5648ce87c73","1f97aae25b451b487872acbec081b19f16f85159628e9b3ae8b8a1228cdea265","7a5e5629a678fff177770206d872af4aabb850c7b2f06148e7092eb01db80527","6d502e6f69eb6333098de9405613c2be95e758fcd4b791985f382fbaca633906","519abf03ced4e95e7a21d7ad4be28b988ad7061cb10e382c9cf530304dee8f8c"
"1.0","open_core","wc2006","wc2006_021",TRUE,TRUE,TRUE,2006-06-15,2006-06-16,"","dbcf24c9f86f48423588ed254bdb08b4eb8663c31d50135a35aac5648ce87c73","1f97aae25b451b487872acbec081b19f16f85159628e9b3ae8b8a1228cdea265","7a5e5629a678fff177770206d872af4aabb850c7b2f06148e7092eb01db80527","46aea400fc60eb1cc397bd190b8722f1606dfac8d7ee3223106c18a0b0facc95","0575d79c45cf318ecbf1c9d60886002ceb53d024394e27269da180e13e4732e9"
"1.0","open_core","wc2006","wc2006_022",TRUE,TRUE,TRUE,2006-06-15,2006-06-16,"","dbcf24c9f86f48423588ed254bdb08b4eb8663c31d50135a35aac5648ce87c73","1f97aae25b451b487872acbec081b19f16f85159628e9b3ae8b8a1228cdea265","7a5e5629a678fff177770206d872af4aabb850c7b2f06148e7092eb01db80527","752879118324f60df95ee8ef7644aea30dd963a2734bd875ebe1fb4d59c8bbed","89780988bf31ba9c39deb58cf79cb4e847d82caa5a7e2a3c082cbe43d479afa8"
"1.0","open_core","wc2006","wc2006_023",TRUE,TRUE,TRUE,2006-06-15,2006-06-16,"","dbcf24c9f86f48423588ed254bdb08b4eb8663c31d50135a35aac5648ce87c73","1f97aae25b451b487872acbec081b19f16f85159628e9b3ae8b8a1228cdea265","7a5e5629a678fff177770206d872af4aabb850c7b2f06148e7092eb01db80527","55d6a1903545782da330f48e8963f7c952c576a9ca0f53bd1a859ed199ad201f","f1a92d11ad9df07cc903e0ac84529b2edc7b1ce65df76aa88fc3a781750e11e0"
"1.0","open_core","wc2006","wc2006_024",TRUE,TRUE,TRUE,2006-06-16,2006-06-17,"","dbcf24c9f86f48423588ed254bdb08b4eb8663c31d50135a35aac5648ce87c73","1f97aae25b451b487872acbec081b19f16f85159628e9b3ae8b8a1228cdea265","7a5e5629a678fff177770206d872af4aabb850c7b2f06148e7092eb01db80527","83a2a5bb020e8cb8ccc6a28552e9ad2c3a2d30d5f921d436abc49c2526825258","cf8e13fea4a02add9022bb129be9078da9c6ca8c992998e9542d7aa0b15fc1a2"
"1.0","open_core","wc2006","wc2006_025",TRUE,TRUE,TRUE,2006-06-16,2006-06-17,"","dbcf24c9f86f48423588ed254bdb08b4eb8663c31d50135a35aac5648ce87c73","1f97aae25b451b487872acbec081b19f16f85159628e9b3ae8b8a1228cdea265","7a5e5629a678fff177770206d872af4aabb850c7b2f06148e7092eb01db80527","899934285d9a1f81d37f5bf5a5aa9df6e49544ea9fa8ca6aaa005c765cf82461","29e1fc52e5b8b073c20d4af77a52d25cca9bae4d089b626c7c260693792afc7f"
"1.0","open_core","wc2006","wc2006_026",TRUE,TRUE,TRUE,2006-06-16,2006-06-17,"","dbcf24c9f86f48423588ed254bdb08b4eb8663c31d50135a35aac5648ce87c73","1f97aae25b451b487872acbec081b19f16f85159628e9b3ae8b8a1228cdea265","7a5e5629a678fff177770206d872af4aabb850c7b2f06148e7092eb01db80527","e8bff229a3e584a8fdf4a66516b03b4e2aaf2d8996ee74c1fd2f329bf64f4006","ddabfa70736844611521b8ded746f3e8c8cd6a4d95f5b1899dc0dc59d021ff1d"
"1.0","open_core","wc2006","wc2006_027",TRUE,TRUE,TRUE,2006-06-17,2006-06-18,"","dbcf24c9f86f48423588ed254bdb08b4eb8663c31d50135a35aac5648ce87c73","1f97aae25b451b487872acbec081b19f16f85159628e9b3ae8b8a1228cdea265","7a5e5629a678fff177770206d872af4aabb850c7b2f06148e7092eb01db80527","0e4c7c773354c98d52cfa6b56fd2c1921e669ce0298a6f47849125941f710fef","5a4a8204021ca5d99d42fd9fb95279ffb04b324b52eede6f2152741b4270a2c3"
"1.0","open_core","wc2006","wc2006_028",TRUE,TRUE,TRUE,2006-06-17,2006-06-18,"","dbcf24c9f86f48423588ed254bdb08b4eb8663c31d50135a35aac5648ce87c73","1f97aae25b451b487872acbec081b19f16f85159628e9b3ae8b8a1228cdea265","7a5e5629a678fff177770206d872af4aabb850c7b2f06148e7092eb01db80527","817b7e4d02918fe02c6dcc961e88517b51d165735825d3d830a089f300578d3e","288980c252cb18c2e9fe7682a8e5c37a7138578d7c1ca8dbbfd4e6a0e35644b5"
"1.0","open_core","wc2006","wc2006_029",TRUE,TRUE,TRUE,2006-06-17,2006-06-18,"","dbcf24c9f86f48423588ed254bdb08b4eb8663c31d50135a35aac5648ce87c73","1f97aae25b451b487872acbec081b19f16f85159628e9b3ae8b8a1228cdea265","7a5e5629a678fff177770206d872af4aabb850c7b2f06148e7092eb01db80527","665e9dd3fe50be3d3f73dbfdd038cc2a306ea555ce658e6572d453c46691cc0b","fdb22a66cdeaad3c1d423f611025987e94e8f7eed7d116addf568400451a24ee"
"1.0","open_core","wc2006","wc2006_030",TRUE,TRUE,TRUE,2006-06-18,2006-06-19,"","dbcf24c9f86f48423588ed254bdb08b4eb8663c31d50135a35aac5648ce87c73","1f97aae25b451b487872acbec081b19f16f85159628e9b3ae8b8a1228cdea265","7a5e5629a678fff177770206d872af4aabb850c7b2f06148e7092eb01db80527","51788d06dcf8372022f1134e9af4edf1447bcdd8faac50e7ce60f3423938dedd","2f865b2ca5ba98e9223a0f583a83a26cdc78d579de20624f244ed0807aad254c"
"1.0","open_core","wc2006","wc2006_031",TRUE,TRUE,TRUE,2006-06-18,2006-06-19,"","dbcf24c9f86f48423588ed254bdb08b4eb8663c31d50135a35aac5648ce87c73","1f97aae25b451b487872acbec081b19f16f85159628e9b3ae8b8a1228cdea265","7a5e5629a678fff177770206d872af4aabb850c7b2f06148e7092eb01db80527","1574452d588535c9c4687aa1f7f1484f2fd16f1336f5666e47e424e765d35763","1fc2c2141dfe71dea018203bb75e6be4e4a6798300803a15fcc2f73dea9bf61c"
"1.0","open_core","wc2006","wc2006_032",TRUE,TRUE,TRUE,2006-06-18,2006-06-19,"","dbcf24c9f86f48423588ed254bdb08b4eb8663c31d50135a35aac5648ce87c73","1f97aae25b451b487872acbec081b19f16f85159628e9b3ae8b8a1228cdea265","7a5e5629a678fff177770206d872af4aabb850c7b2f06148e7092eb01db80527","e27bdf0f03afbb4322a13f91396a7bccb3b9f438f85fb104a5facf941e3f7c90","796f115f55c1ab92eb2a8a7c6c264996f6d1676beb3051fc040df069aa3bde30"
"1.0","open_core","wc2006","wc2006_033",TRUE,TRUE,TRUE,2006-06-19,2006-06-20,"","dbcf24c9f86f48423588ed254bdb08b4eb8663c31d50135a35aac5648ce87c73","1f97aae25b451b487872acbec081b19f16f85159628e9b3ae8b8a1228cdea265","7a5e5629a678fff177770206d872af4aabb850c7b2f06148e7092eb01db80527","8f16a971214f45b255bada4ef536b3142a94d0a2510d56bbf5074eba992d15bd","be841437dc16fcd35cb4d7a724e02ff7b42dcc11e1781b43b30d4d1240c0ffc5"
"1.0","open_core","wc2006","wc2006_034",TRUE,TRUE,TRUE,2006-06-19,2006-06-20,"","dbcf24c9f86f48423588ed254bdb08b4eb8663c31d50135a35aac5648ce87c73","1f97aae25b451b487872acbec081b19f16f85159628e9b3ae8b8a1228cdea265","7a5e5629a678fff177770206d872af4aabb850c7b2f06148e7092eb01db80527","6ed71649bdaf5c3e02454a158417f0ec8e5c059142f8d8f0e257607f098f5546","a58034bf88c668b3ae21c862a2fb9a19313f80d7e40f1ed8847fb10b8cfee116"
"1.0","open_core","wc2006","wc2006_035",TRUE,TRUE,TRUE,2006-06-19,2006-06-20,"","dbcf24c9f86f48423588ed254bdb08b4eb8663c31d50135a35aac5648ce87c73","1f97aae25b451b487872acbec081b19f16f85159628e9b3ae8b8a1228cdea265","7a5e5629a678fff177770206d872af4aabb850c7b2f06148e7092eb01db80527","e741d3ace1e6afa9b74c82c9ea3b88c38729ca4c2dd24c07f7c3925d528f614e","fa2cc1cb1d2b1ac2b055d8dad82ec246e4e32cea962897f9865ea14d72978fa1"
"1.0","open_core","wc2006","wc2006_036",TRUE,TRUE,TRUE,2006-06-19,2006-06-20,"","dbcf24c9f86f48423588ed254bdb08b4eb8663c31d50135a35aac5648ce87c73","1f97aae25b451b487872acbec081b19f16f85159628e9b3ae8b8a1228cdea265","7a5e5629a678fff177770206d872af4aabb850c7b2f06148e7092eb01db80527","1f34c02a5816b0af6e2fef76b639ff0fc87f852b2d6c44ac72db9973ffec8ef3","06302db565035e02250dd11e36e192a078a27cad06cf4e57d17e09df81fd4eeb"
"1.0","open_core","wc2006","wc2006_037",TRUE,TRUE,TRUE,2006-06-20,2006-06-21,"","dbcf24c9f86f48423588ed254bdb08b4eb8663c31d50135a35aac5648ce87c73","1f97aae25b451b487872acbec081b19f16f85159628e9b3ae8b8a1228cdea265","7a5e5629a678fff177770206d872af4aabb850c7b2f06148e7092eb01db80527","36cbf95fe448a256996c4f47d5d22594cc26f7aa9c99b7885616cd2abbc18d2e","b956a73e6198781eba7e347116b3af39c3e2fb9e06610baefb281d433f8346cd"
"1.0","open_core","wc2006","wc2006_038",TRUE,TRUE,TRUE,2006-06-20,2006-06-21,"","dbcf24c9f86f48423588ed254bdb08b4eb8663c31d50135a35aac5648ce87c73","1f97aae25b451b487872acbec081b19f16f85159628e9b3ae8b8a1228cdea265","7a5e5629a678fff177770206d872af4aabb850c7b2f06148e7092eb01db80527","d237a73b31e2690833dc622fb6c02d8e46e4ea9fed2d0683d18c84405060f3e8","a7a5473cdec0354fa2bbd2f4975f79fd4b99834b913b217706924b46850e5228"
"1.0","open_core","wc2006","wc2006_039",TRUE,TRUE,TRUE,2006-06-20,2006-06-21,"","dbcf24c9f86f48423588ed254bdb08b4eb8663c31d50135a35aac5648ce87c73","1f97aae25b451b487872acbec081b19f16f85159628e9b3ae8b8a1228cdea265","7a5e5629a678fff177770206d872af4aabb850c7b2f06148e7092eb01db80527","1cde0d8db703ce552db09f9817911e7b1929530ef966bca2970aa5bed0a2ff42","cf90170e9b14b07310f5d655db193f12ec20d87e60352f8d609e11ff8764e182"
"1.0","open_core","wc2006","wc2006_040",TRUE,TRUE,TRUE,2006-06-20,2006-06-21,"","dbcf24c9f86f48423588ed254bdb08b4eb8663c31d50135a35aac5648ce87c73","1f97aae25b451b487872acbec081b19f16f85159628e9b3ae8b8a1228cdea265","7a5e5629a678fff177770206d872af4aabb850c7b2f06148e7092eb01db80527","9ddddd7d5266579f047fd2355b5f915a2e36feb5b100cebef1037d001b75324b","74db1103c9c280ab8903c2a67f56bfc34f7e8a020ce8a4251f4ed306e15e40a7"
"1.0","open_core","wc2006","wc2006_041",TRUE,TRUE,TRUE,2006-06-21,2006-06-22,"","dbcf24c9f86f48423588ed254bdb08b4eb8663c31d50135a35aac5648ce87c73","1f97aae25b451b487872acbec081b19f16f85159628e9b3ae8b8a1228cdea265","7a5e5629a678fff177770206d872af4aabb850c7b2f06148e7092eb01db80527","c9f0edae097d1c25bd18a7808417e1b7813fe76fe546194232c69ed037cabe60","2ab013c6f7d28cdee6effb53ad39eb1a1c112ad22eec8ffb597aa5b02d720136"
"1.0","open_core","wc2006","wc2006_042",TRUE,TRUE,TRUE,2006-06-21,2006-06-22,"","dbcf24c9f86f48423588ed254bdb08b4eb8663c31d50135a35aac5648ce87c73","1f97aae25b451b487872acbec081b19f16f85159628e9b3ae8b8a1228cdea265","7a5e5629a678fff177770206d872af4aabb850c7b2f06148e7092eb01db80527","6f7cac643256b6c19bcdb593be857f0e52c109d9f9a1ef325fa9c7f874432f3d","94f6d46bd95cc54f1cb35cbe57dc92040e7b61d60743fc7529b28396d7b7c93c"
"1.0","open_core","wc2006","wc2006_043",TRUE,TRUE,TRUE,2006-06-21,2006-06-22,"","dbcf24c9f86f48423588ed254bdb08b4eb8663c31d50135a35aac5648ce87c73","1f97aae25b451b487872acbec081b19f16f85159628e9b3ae8b8a1228cdea265","7a5e5629a678fff177770206d872af4aabb850c7b2f06148e7092eb01db80527","36020c3c04f60ec23e628452e535e6ed1efbff6f5279aaa8f61abce2d5ee96fe","01f859a292a7b9843197dd1367bd5ba7c444412df186388b0fb7d8800a2d1fad"
"1.0","open_core","wc2006","wc2006_044",TRUE,TRUE,TRUE,2006-06-21,2006-06-22,"","dbcf24c9f86f48423588ed254bdb08b4eb8663c31d50135a35aac5648ce87c73","1f97aae25b451b487872acbec081b19f16f85159628e9b3ae8b8a1228cdea265","7a5e5629a678fff177770206d872af4aabb850c7b2f06148e7092eb01db80527","af7663908a59d16100ba937e1dec6201731ba64eb88c71eed54e63a51056df76","b642f82f036d60bd50523a552bcadbc84090b453e8ca1c465cf6d3f46513da5f"
"1.0","open_core","wc2006","wc2006_045",TRUE,TRUE,TRUE,2006-06-22,2006-06-23,"","dbcf24c9f86f48423588ed254bdb08b4eb8663c31d50135a35aac5648ce87c73","1f97aae25b451b487872acbec081b19f16f85159628e9b3ae8b8a1228cdea265","7a5e5629a678fff177770206d872af4aabb850c7b2f06148e7092eb01db80527","f1b7a542a38085c50621397186ceb10d162cde5200c6e0bdc7f47eb29464fb9f","89c9c2c5bc4746b75d363f705066d767ebe22825c22f5df65d56450a05b231c0"
"1.0","open_core","wc2006","wc2006_046",TRUE,TRUE,TRUE,2006-06-22,2006-06-23,"","dbcf24c9f86f48423588ed254bdb08b4eb8663c31d50135a35aac5648ce87c73","1f97aae25b451b487872acbec081b19f16f85159628e9b3ae8b8a1228cdea265","7a5e5629a678fff177770206d872af4aabb850c7b2f06148e7092eb01db80527","328ec1f96b666a2800f4d57aa753c662351cff489d598e9ca247ec5858741ad4","eadb28164ccd9ace025b43ee379d2b0c19a9c854fa497c34c112412ff903dc04"
"1.0","open_core","wc2006","wc2006_047",TRUE,TRUE,TRUE,2006-06-22,2006-06-23,"","dbcf24c9f86f48423588ed254bdb08b4eb8663c31d50135a35aac5648ce87c73","1f97aae25b451b487872acbec081b19f16f85159628e9b3ae8b8a1228cdea265","7a5e5629a678fff177770206d872af4aabb850c7b2f06148e7092eb01db80527","46ba9cbeed2ca9daf434c92ba80da60346942766729486730e85a35da7b18ea1","c6a949d1875c8f755edcb95815631d18037ab113822f2f65a6569590944d0e0a"
"1.0","open_core","wc2006","wc2006_048",TRUE,TRUE,TRUE,2006-06-22,2006-06-23,"","dbcf24c9f86f48423588ed254bdb08b4eb8663c31d50135a35aac5648ce87c73","1f97aae25b451b487872acbec081b19f16f85159628e9b3ae8b8a1228cdea265","7a5e5629a678fff177770206d872af4aabb850c7b2f06148e7092eb01db80527","82748788440a18dde3acb057485e7ec345d8400c8d9b5c7670533ffa86d305af","c753a5582137e3f8e967b761e8023877aa62e1ab1f1879322b8f64e1cd7c350f"
"1.0","open_core","wc2006","wc2006_049",TRUE,TRUE,TRUE,2006-06-23,2006-06-24,"","dbcf24c9f86f48423588ed254bdb08b4eb8663c31d50135a35aac5648ce87c73","1f97aae25b451b487872acbec081b19f16f85159628e9b3ae8b8a1228cdea265","7a5e5629a678fff177770206d872af4aabb850c7b2f06148e7092eb01db80527","3dc1bdef3f002607e0c6ab070853bc700f6d1298e01b6a72a4ec99baf2db7d24","17ba589e807b1f0cc70e995fd88edeb3131a73404caf84cfe84296e5f51e9f09"
"1.0","open_core","wc2006","wc2006_050",TRUE,TRUE,TRUE,2006-06-23,2006-06-24,"","dbcf24c9f86f48423588ed254bdb08b4eb8663c31d50135a35aac5648ce87c73","1f97aae25b451b487872acbec081b19f16f85159628e9b3ae8b8a1228cdea265","7a5e5629a678fff177770206d872af4aabb850c7b2f06148e7092eb01db80527","52d7194b2a166dc3b0f8b72f58899d1bbc29f886d845b8c8887c362f1357d389","8be513f7a1787a298fd2b2c3d43b0f0929e4b578201b55b7936b8455efb54fb3"
"1.0","open_core","wc2006","wc2006_051",TRUE,TRUE,TRUE,2006-06-24,2006-06-25,"","dbcf24c9f86f48423588ed254bdb08b4eb8663c31d50135a35aac5648ce87c73","1f97aae25b451b487872acbec081b19f16f85159628e9b3ae8b8a1228cdea265","7a5e5629a678fff177770206d872af4aabb850c7b2f06148e7092eb01db80527","8d5e998a50b10f31c04762eb68b3eb04cd406287e68752c0829988c34d526082","f1db01ec806566e6e00f0546b1cd074018082baad0692cb2f851e03a89793d36"
"1.0","open_core","wc2006","wc2006_052",TRUE,TRUE,TRUE,2006-06-24,2006-06-25,"","dbcf24c9f86f48423588ed254bdb08b4eb8663c31d50135a35aac5648ce87c73","1f97aae25b451b487872acbec081b19f16f85159628e9b3ae8b8a1228cdea265","7a5e5629a678fff177770206d872af4aabb850c7b2f06148e7092eb01db80527","fadaae8f5a43743cf8e8d3c66a7415168ba383f541dcf736b0febf71f7dd137b","b4209fbac5bd9376f18132cdcfed602432a280c9c98ae24156478c972ad085c7"
"1.0","open_core","wc2006","wc2006_053",TRUE,TRUE,TRUE,2006-06-25,2006-06-26,"","dbcf24c9f86f48423588ed254bdb08b4eb8663c31d50135a35aac5648ce87c73","1f97aae25b451b487872acbec081b19f16f85159628e9b3ae8b8a1228cdea265","7a5e5629a678fff177770206d872af4aabb850c7b2f06148e7092eb01db80527","c35f0098e8ab9a2766491a577a8423d7e2e1586857ac84b4bb30c99410514067","8546a90f9f3a0320515010c8c7266edc143ae39e7eb24c83b527085e9b154868"
"1.0","open_core","wc2006","wc2006_054",TRUE,TRUE,TRUE,2006-06-25,2006-06-26,"","dbcf24c9f86f48423588ed254bdb08b4eb8663c31d50135a35aac5648ce87c73","1f97aae25b451b487872acbec081b19f16f85159628e9b3ae8b8a1228cdea265","7a5e5629a678fff177770206d872af4aabb850c7b2f06148e7092eb01db80527","4983ca0170b1be1da8afdd2d7a7dd9dea53947094a737969206fb6ec35affdeb","cd6e9b33737625a91753fc0adf41ec07ca27344911422fedf5d2d85c6801ad6a"
"1.0","open_core","wc2006","wc2006_055",TRUE,TRUE,TRUE,2006-06-26,2006-06-27,"","dbcf24c9f86f48423588ed254bdb08b4eb8663c31d50135a35aac5648ce87c73","1f97aae25b451b487872acbec081b19f16f85159628e9b3ae8b8a1228cdea265","7a5e5629a678fff177770206d872af4aabb850c7b2f06148e7092eb01db80527","bd1347ffa37aa9b08f6c3a75c4da69057952f5b74a558a5583f6cb86afe07f5b","b39d434b0512b8b16ef579c1dd52f82b3ed3239400c2b14d08e778c3e80d5a89"
"1.0","open_core","wc2006","wc2006_056",TRUE,TRUE,TRUE,2006-06-26,2006-06-27,"","dbcf24c9f86f48423588ed254bdb08b4eb8663c31d50135a35aac5648ce87c73","1f97aae25b451b487872acbec081b19f16f85159628e9b3ae8b8a1228cdea265","7a5e5629a678fff177770206d872af4aabb850c7b2f06148e7092eb01db80527","02afb77fc90e94b8118754224ebc88dd7f3e6817145752ed32f811bf0f43c897","407d34770de606458efc17ea5feea650b7f35aff164366f15e5e7b5435552250"
"1.0","open_core","wc2006","wc2006_057",TRUE,TRUE,TRUE,2006-06-29,2006-06-30,"","dbcf24c9f86f48423588ed254bdb08b4eb8663c31d50135a35aac5648ce87c73","1f97aae25b451b487872acbec081b19f16f85159628e9b3ae8b8a1228cdea265","7a5e5629a678fff177770206d872af4aabb850c7b2f06148e7092eb01db80527","6a385c003d7c68c60c585e5ce8661923ad07054d88d215c3742a9ae61e03bb22","658ef92dc2398285a31158fc8ea8f47b33810621b62d8fd01cf4c5297fcee4c6"
"1.0","open_core","wc2006","wc2006_058",TRUE,TRUE,TRUE,2006-06-29,2006-06-30,"","dbcf24c9f86f48423588ed254bdb08b4eb8663c31d50135a35aac5648ce87c73","1f97aae25b451b487872acbec081b19f16f85159628e9b3ae8b8a1228cdea265","7a5e5629a678fff177770206d872af4aabb850c7b2f06148e7092eb01db80527","e90a005813dce80b5332ad0f0bcea816d3b76bf864a59d9536dae45c50385544","05809b46a75a6055256f9c217252d4d05bbf55b681b42e4b98282c8db5a43d78"
"1.0","open_core","wc2006","wc2006_059",TRUE,TRUE,TRUE,2006-06-30,2006-07-01,"","dbcf24c9f86f48423588ed254bdb08b4eb8663c31d50135a35aac5648ce87c73","1f97aae25b451b487872acbec081b19f16f85159628e9b3ae8b8a1228cdea265","7a5e5629a678fff177770206d872af4aabb850c7b2f06148e7092eb01db80527","9f83591136da4ef4544b03e4eba63e9cb7871b9937769cff77f56f1006dd6fdb","87f5618dd2947d6fc6a68b9e2e1eb66b20cd0937d9a877c89a9b2292bd546912"
"1.0","open_core","wc2006","wc2006_060",TRUE,TRUE,TRUE,2006-06-30,2006-07-01,"","dbcf24c9f86f48423588ed254bdb08b4eb8663c31d50135a35aac5648ce87c73","1f97aae25b451b487872acbec081b19f16f85159628e9b3ae8b8a1228cdea265","7a5e5629a678fff177770206d872af4aabb850c7b2f06148e7092eb01db80527","f4101879cda20398dafdc026b0b63203aee4393f4e47b6ac4df85181537d761f","d8e70afc1794511e7c9609c0d7d327629747ad794545f50c50599e8a2fc0006d"
"1.0","open_core","wc2006","wc2006_061",TRUE,TRUE,TRUE,2006-07-03,2006-07-04,"","dbcf24c9f86f48423588ed254bdb08b4eb8663c31d50135a35aac5648ce87c73","1f97aae25b451b487872acbec081b19f16f85159628e9b3ae8b8a1228cdea265","7a5e5629a678fff177770206d872af4aabb850c7b2f06148e7092eb01db80527","846b32972c7af1f8801a86003e4c81d90e7ed9df4ad82fc04fa301224bddc040","4cfba86208d38371be9adfbe785e8a80b7cc0c09057e961cbfc9724262bd3b39"
"1.0","open_core","wc2006","wc2006_062",TRUE,TRUE,TRUE,2006-07-04,2006-07-05,"","dbcf24c9f86f48423588ed254bdb08b4eb8663c31d50135a35aac5648ce87c73","1f97aae25b451b487872acbec081b19f16f85159628e9b3ae8b8a1228cdea265","7a5e5629a678fff177770206d872af4aabb850c7b2f06148e7092eb01db80527","5f2a7415e808b6b33094e5190f1e70994fd037474bad603725533da18a3b6f7b","2b1f01c50e8a5d0872d2ed21a36ea9722651a29420a822d791745fe4da60e800"
"1.0","open_core","wc2006","wc2006_063",TRUE,TRUE,TRUE,2006-07-07,2006-07-08,"","dbcf24c9f86f48423588ed254bdb08b4eb8663c31d50135a35aac5648ce87c73","1f97aae25b451b487872acbec081b19f16f85159628e9b3ae8b8a1228cdea265","7a5e5629a678fff177770206d872af4aabb850c7b2f06148e7092eb01db80527","3f526a6823d7776c89511ae197b89916a9ab54b78b08872abdc7e1bb8b1395cf","3dabb6bbd38692f5e70b2068f1a11eb3e6c3255f6a20ebd9e7ea6756e0673d50"
"1.0","open_core","wc2006","wc2006_064",TRUE,TRUE,TRUE,2006-07-08,2006-07-09,"","dbcf24c9f86f48423588ed254bdb08b4eb8663c31d50135a35aac5648ce87c73","1f97aae25b451b487872acbec081b19f16f85159628e9b3ae8b8a1228cdea265","7a5e5629a678fff177770206d872af4aabb850c7b2f06148e7092eb01db80527","4b90e73c4ae1b61a547503e31635c41ddcb4cbdf1d1f4c064be516287433d9fc","5123aed0918bf2378f9c227446ec9d41193e608d7ee5554ce74122190dcdefff"
"1.0","open_core","wc2010","wc2010_001",TRUE,TRUE,TRUE,2010-06-10,2010-06-11,"","dbcf24c9f86f48423588ed254bdb08b4eb8663c31d50135a35aac5648ce87c73","1f97aae25b451b487872acbec081b19f16f85159628e9b3ae8b8a1228cdea265","7a5e5629a678fff177770206d872af4aabb850c7b2f06148e7092eb01db80527","4f6c4a020f8dd3d0832d3de0c9b1fb98b65f02850f94c571d3d76c50997d9876","4777533836bbecce44a642658448d8665f37d90537e7d315afab93dd050d497f"
"1.0","open_core","wc2010","wc2010_002",TRUE,TRUE,TRUE,2010-06-10,2010-06-11,"","dbcf24c9f86f48423588ed254bdb08b4eb8663c31d50135a35aac5648ce87c73","1f97aae25b451b487872acbec081b19f16f85159628e9b3ae8b8a1228cdea265","7a5e5629a678fff177770206d872af4aabb850c7b2f06148e7092eb01db80527","b4354084033df30339745060058cc169b2a0706f891129868cc9a3ad83054f79","665b761483456e02295888f13482f8bc99716d91109548ca99ed006ff01f3703"
"1.0","open_core","wc2010","wc2010_003",TRUE,TRUE,TRUE,2010-06-11,2010-06-12,"","dbcf24c9f86f48423588ed254bdb08b4eb8663c31d50135a35aac5648ce87c73","1f97aae25b451b487872acbec081b19f16f85159628e9b3ae8b8a1228cdea265","7a5e5629a678fff177770206d872af4aabb850c7b2f06148e7092eb01db80527","1e627586885ffb926929e297bda60926c6401b4da56289a47b9f01ad605a2839","471e8349a08cada18c81ea1a63ad0c0e9000b042eef5b9aec5f289563ea88862"
"1.0","open_core","wc2010","wc2010_004",TRUE,TRUE,TRUE,2010-06-11,2010-06-12,"","dbcf24c9f86f48423588ed254bdb08b4eb8663c31d50135a35aac5648ce87c73","1f97aae25b451b487872acbec081b19f16f85159628e9b3ae8b8a1228cdea265","7a5e5629a678fff177770206d872af4aabb850c7b2f06148e7092eb01db80527","d8e1a3722e6cd19d99972343fda47a0dc4c163c210f9b636cc633493e81a7eb3","649eaa15d927a38ded12151cf98ee2e23de87704e0487fa6d28e306cc0857bbd"
"1.0","open_core","wc2010","wc2010_005",TRUE,TRUE,TRUE,2010-06-11,2010-06-12,"","dbcf24c9f86f48423588ed254bdb08b4eb8663c31d50135a35aac5648ce87c73","1f97aae25b451b487872acbec081b19f16f85159628e9b3ae8b8a1228cdea265","7a5e5629a678fff177770206d872af4aabb850c7b2f06148e7092eb01db80527","d05edd68e9a54bc0dcb03abe9cd5ce2a660a2fad425358a9fc202aabed69df01","327412791da4a765c4a51b10539d5d643bcbfd0f426759b886111c759888d326"
"1.0","open_core","wc2010","wc2010_006",TRUE,TRUE,TRUE,2010-06-12,2010-06-13,"","dbcf24c9f86f48423588ed254bdb08b4eb8663c31d50135a35aac5648ce87c73","1f97aae25b451b487872acbec081b19f16f85159628e9b3ae8b8a1228cdea265","7a5e5629a678fff177770206d872af4aabb850c7b2f06148e7092eb01db80527","5559c394bf415abd86b112178f9591339de87071e7f59b14a1cd9b44d6939b65","eea19ee0259fee72d75cf3b6e0949e0055f86995a462b7aadb8682f1d379ae37"
"1.0","open_core","wc2010","wc2010_007",TRUE,TRUE,TRUE,2010-06-12,2010-06-13,"","dbcf24c9f86f48423588ed254bdb08b4eb8663c31d50135a35aac5648ce87c73","1f97aae25b451b487872acbec081b19f16f85159628e9b3ae8b8a1228cdea265","7a5e5629a678fff177770206d872af4aabb850c7b2f06148e7092eb01db80527","af656d5500994b8446f29b066c2d06823749fd574df7ab4231ff493e611f4924","ab8df63c5059bf7a83ecad09cd7b2522fbab64e139bcd0549180f918f99fbbb0"
"1.0","open_core","wc2010","wc2010_008",TRUE,TRUE,TRUE,2010-06-12,2010-06-13,"","dbcf24c9f86f48423588ed254bdb08b4eb8663c31d50135a35aac5648ce87c73","1f97aae25b451b487872acbec081b19f16f85159628e9b3ae8b8a1228cdea265","7a5e5629a678fff177770206d872af4aabb850c7b2f06148e7092eb01db80527","b2fc62c3164e6312b2ef12d748fe255f756d67331f5779cb8638473a52726d88","ac6df4ba60944dbf362409420ddab5cdadfd48185cbcb086cb319fa0a4d7f870"
"1.0","open_core","wc2010","wc2010_009",TRUE,TRUE,TRUE,2010-06-13,2010-06-14,"","dbcf24c9f86f48423588ed254bdb08b4eb8663c31d50135a35aac5648ce87c73","1f97aae25b451b487872acbec081b19f16f85159628e9b3ae8b8a1228cdea265","7a5e5629a678fff177770206d872af4aabb850c7b2f06148e7092eb01db80527","b828c9b0648857a59d24a6d8786e7b3605baadc0d73c086f092e889d57dc8d38","7c3930577eec1a373cef4a9241c49b5f5a9dd56374ba60042bb5435621ef03d7"
"1.0","open_core","wc2010","wc2010_010",TRUE,TRUE,TRUE,2010-06-13,2010-06-14,"","dbcf24c9f86f48423588ed254bdb08b4eb8663c31d50135a35aac5648ce87c73","1f97aae25b451b487872acbec081b19f16f85159628e9b3ae8b8a1228cdea265","7a5e5629a678fff177770206d872af4aabb850c7b2f06148e7092eb01db80527","49fe9b808d9e7a2e9a9b6f7e0b8f59f0126f12c8e0713328c346b6cf59b8e958","f58639744d719ed4012fba802302f94984080e1d1add42aabed20134a465f71a"
"1.0","open_core","wc2010","wc2010_011",TRUE,TRUE,TRUE,2010-06-13,2010-06-14,"","dbcf24c9f86f48423588ed254bdb08b4eb8663c31d50135a35aac5648ce87c73","1f97aae25b451b487872acbec081b19f16f85159628e9b3ae8b8a1228cdea265","7a5e5629a678fff177770206d872af4aabb850c7b2f06148e7092eb01db80527","052162810713d877ce4b28085a0123f55f3c65f4c1fb784aea4f41db8b8cbfe9","382616dd356e37da79fd4b542f8f27c7edd7a6ade6bc1695cd225f925f0b3dfd"
"1.0","open_core","wc2010","wc2010_012",TRUE,TRUE,TRUE,2010-06-14,2010-06-15,"","dbcf24c9f86f48423588ed254bdb08b4eb8663c31d50135a35aac5648ce87c73","1f97aae25b451b487872acbec081b19f16f85159628e9b3ae8b8a1228cdea265","7a5e5629a678fff177770206d872af4aabb850c7b2f06148e7092eb01db80527","6beef83ed4beca7d251252e19fe2c97c22761399fd0818c5db7469381a293a65","6616ad0bfb7c26d2f1106cf448f239373e63d455946c274cae77bf3bd1971c3c"
"1.0","open_core","wc2010","wc2010_013",TRUE,TRUE,TRUE,2010-06-14,2010-06-15,"","dbcf24c9f86f48423588ed254bdb08b4eb8663c31d50135a35aac5648ce87c73","1f97aae25b451b487872acbec081b19f16f85159628e9b3ae8b8a1228cdea265","7a5e5629a678fff177770206d872af4aabb850c7b2f06148e7092eb01db80527","19bd0f6d33c064e6bac563021c59ac43ba1a069dd637a0419e86cc0cea93df67","27c030c4cbad82f5d2c3760415a600b2c2421873983cc6f34753c2ec8a265d30"
"1.0","open_core","wc2010","wc2010_014",TRUE,TRUE,TRUE,2010-06-14,2010-06-15,"","dbcf24c9f86f48423588ed254bdb08b4eb8663c31d50135a35aac5648ce87c73","1f97aae25b451b487872acbec081b19f16f85159628e9b3ae8b8a1228cdea265","7a5e5629a678fff177770206d872af4aabb850c7b2f06148e7092eb01db80527","3a04521b592ad7287a69e11157d0390829a7f997c961a79c9dc6fac543017e92","19935203802d36a9cf68e96a634dd4f81198dc81432a5afdd5617950f8ac84c4"
"1.0","open_core","wc2010","wc2010_015",TRUE,TRUE,TRUE,2010-06-15,2010-06-16,"","dbcf24c9f86f48423588ed254bdb08b4eb8663c31d50135a35aac5648ce87c73","1f97aae25b451b487872acbec081b19f16f85159628e9b3ae8b8a1228cdea265","7a5e5629a678fff177770206d872af4aabb850c7b2f06148e7092eb01db80527","650d3446f27b649c91a6ce418e2c83bc308f3e22bcaeacf0a74fb66a261d89e7","9d8b2f5d0bb617c76a6380b3d8775c250e82fe3ab8791e129c3cde4a1e0dc315"
"1.0","open_core","wc2010","wc2010_016",TRUE,TRUE,TRUE,2010-06-15,2010-06-16,"","dbcf24c9f86f48423588ed254bdb08b4eb8663c31d50135a35aac5648ce87c73","1f97aae25b451b487872acbec081b19f16f85159628e9b3ae8b8a1228cdea265","7a5e5629a678fff177770206d872af4aabb850c7b2f06148e7092eb01db80527","7ecbff0412d70f16fb2180dda4bfc913045f5f8fac410902c9e3e0c34290fe40","7599f127c5cbbe347315f089c9a9ffc0d978d13c06f4c733280db6f88e51bcf0"
"1.0","open_core","wc2010","wc2010_017",TRUE,TRUE,TRUE,2010-06-15,2010-06-16,"","dbcf24c9f86f48423588ed254bdb08b4eb8663c31d50135a35aac5648ce87c73","1f97aae25b451b487872acbec081b19f16f85159628e9b3ae8b8a1228cdea265","7a5e5629a678fff177770206d872af4aabb850c7b2f06148e7092eb01db80527","f5ffff63c117c6f3ce87af5b2b0227b226878508c4488897c56dc29f3aecbe1e","469d9d72a8423c5095b5a406410e604df933769ca5eaa4706d4be0d2368b7371"
"1.0","open_core","wc2010","wc2010_018",TRUE,TRUE,TRUE,2010-06-16,2010-06-17,"","dbcf24c9f86f48423588ed254bdb08b4eb8663c31d50135a35aac5648ce87c73","1f97aae25b451b487872acbec081b19f16f85159628e9b3ae8b8a1228cdea265","7a5e5629a678fff177770206d872af4aabb850c7b2f06148e7092eb01db80527","3575c5d71a0f40ba6d9347d94e253c5a381d53a0a7a10e8feff03ea06bd4c74e","e6ed0c2439416abf5ffb1a5545a19fd930897738f1f892e1e89d0a0061003d44"
"1.0","open_core","wc2010","wc2010_019",TRUE,TRUE,TRUE,2010-06-16,2010-06-17,"","dbcf24c9f86f48423588ed254bdb08b4eb8663c31d50135a35aac5648ce87c73","1f97aae25b451b487872acbec081b19f16f85159628e9b3ae8b8a1228cdea265","7a5e5629a678fff177770206d872af4aabb850c7b2f06148e7092eb01db80527","fb17799ddf56ef527aaabafc1311f64ea06610411b923de6e414f9b42c3e2914","084765db7c421a51c91231f65763f86f4f1b53fd7474bc4232141c5e8b9c6e91"
"1.0","open_core","wc2010","wc2010_020",TRUE,TRUE,TRUE,2010-06-16,2010-06-17,"","dbcf24c9f86f48423588ed254bdb08b4eb8663c31d50135a35aac5648ce87c73","1f97aae25b451b487872acbec081b19f16f85159628e9b3ae8b8a1228cdea265","7a5e5629a678fff177770206d872af4aabb850c7b2f06148e7092eb01db80527","40d8a55c877312cfb2b3c0f731ddb76c4e6db4e89555984a6e85291f7944ce3c","f96f9dc9e537129e4b75f111fcf0c9ff471981a2d1a620230e19428dd3c075fd"
"1.0","open_core","wc2010","wc2010_021",TRUE,TRUE,TRUE,2010-06-17,2010-06-18,"","dbcf24c9f86f48423588ed254bdb08b4eb8663c31d50135a35aac5648ce87c73","1f97aae25b451b487872acbec081b19f16f85159628e9b3ae8b8a1228cdea265","7a5e5629a678fff177770206d872af4aabb850c7b2f06148e7092eb01db80527","ebfaa5e4d8fa6e8e5f103088a8328bd96cc062646bc4fd442739dde312e23f87","83153cbb25d25550361c693cdc8e35fd7dd863e9cfe59a10261ed924d7b9fd49"
"1.0","open_core","wc2010","wc2010_022",TRUE,TRUE,TRUE,2010-06-17,2010-06-18,"","dbcf24c9f86f48423588ed254bdb08b4eb8663c31d50135a35aac5648ce87c73","1f97aae25b451b487872acbec081b19f16f85159628e9b3ae8b8a1228cdea265","7a5e5629a678fff177770206d872af4aabb850c7b2f06148e7092eb01db80527","53d66113c899d70f20b33a70825f82655c51a0245921ccd755c2adbf1536da54","64ba9a46d0d251192fb0ead4e3712f6ed04520e925b7db9625ce8b2649b33894"
"1.0","open_core","wc2010","wc2010_023",TRUE,TRUE,TRUE,2010-06-17,2010-06-18,"","dbcf24c9f86f48423588ed254bdb08b4eb8663c31d50135a35aac5648ce87c73","1f97aae25b451b487872acbec081b19f16f85159628e9b3ae8b8a1228cdea265","7a5e5629a678fff177770206d872af4aabb850c7b2f06148e7092eb01db80527","67cf41067153689518a5c48395d36108e6e0530f87ce7f0297d844e270fa3d3e","8c49be10e37806f1f2f7c855d057d25a134d3f13e7ffbaf21911ac0b486ebce5"
"1.0","open_core","wc2010","wc2010_024",TRUE,TRUE,TRUE,2010-06-18,2010-06-19,"","dbcf24c9f86f48423588ed254bdb08b4eb8663c31d50135a35aac5648ce87c73","1f97aae25b451b487872acbec081b19f16f85159628e9b3ae8b8a1228cdea265","7a5e5629a678fff177770206d872af4aabb850c7b2f06148e7092eb01db80527","f229ba19e5ea73f15c4411651a58947548549618b42693df5ff5a31f3ee4e8ab","e968928e407b0b24e58f56e7b584f27a525a5952aed6af0716f36b80b2dda6db"
"1.0","open_core","wc2010","wc2010_025",TRUE,TRUE,TRUE,2010-06-18,2010-06-19,"","dbcf24c9f86f48423588ed254bdb08b4eb8663c31d50135a35aac5648ce87c73","1f97aae25b451b487872acbec081b19f16f85159628e9b3ae8b8a1228cdea265","7a5e5629a678fff177770206d872af4aabb850c7b2f06148e7092eb01db80527","3b1606643de765357e23fd6b515345c75f01fe01b4eb0531964f781b7111b5f4","0eb3a80cac89f9f76a72f922c1a93fbd745feb9b9fb1aec01707cadfbd6d00f9"
"1.0","open_core","wc2010","wc2010_026",TRUE,TRUE,TRUE,2010-06-18,2010-06-19,"","dbcf24c9f86f48423588ed254bdb08b4eb8663c31d50135a35aac5648ce87c73","1f97aae25b451b487872acbec081b19f16f85159628e9b3ae8b8a1228cdea265","7a5e5629a678fff177770206d872af4aabb850c7b2f06148e7092eb01db80527","fcab475c75db9792c7ccf39dc9a7eb36a2184d41f6ad4ccae89554fcf07ae440","68f4013e38a8bbeabd9c08a388f70bf8bedbd6332b6be65899b0a49d14c21b72"
"1.0","open_core","wc2010","wc2010_027",TRUE,TRUE,TRUE,2010-06-19,2010-06-20,"","dbcf24c9f86f48423588ed254bdb08b4eb8663c31d50135a35aac5648ce87c73","1f97aae25b451b487872acbec081b19f16f85159628e9b3ae8b8a1228cdea265","7a5e5629a678fff177770206d872af4aabb850c7b2f06148e7092eb01db80527","26e745c85193761911a1c5effdc3862edbffba5dd7f52ba3fbb0305ec4205da6","abdae917385703dd752f855ac3c34406a2bad9f1b359d7926c998a1b05db78e5"
"1.0","open_core","wc2010","wc2010_028",TRUE,TRUE,TRUE,2010-06-19,2010-06-20,"","dbcf24c9f86f48423588ed254bdb08b4eb8663c31d50135a35aac5648ce87c73","1f97aae25b451b487872acbec081b19f16f85159628e9b3ae8b8a1228cdea265","7a5e5629a678fff177770206d872af4aabb850c7b2f06148e7092eb01db80527","752c410989b83a47152bc9c38204d413dcd0f63355d04ad3b53ea6a7c79e2bb6","b5d3b8f694f5e4d3c3c353ebe3d27416074a4460a7d27e1b6d73dc3285607a6e"
"1.0","open_core","wc2010","wc2010_029",TRUE,TRUE,TRUE,2010-06-19,2010-06-20,"","dbcf24c9f86f48423588ed254bdb08b4eb8663c31d50135a35aac5648ce87c73","1f97aae25b451b487872acbec081b19f16f85159628e9b3ae8b8a1228cdea265","7a5e5629a678fff177770206d872af4aabb850c7b2f06148e7092eb01db80527","4b8c86319e90a3eb3302d45874e8baf6e7ec9995a962665a10c6262b51fb9e21","5fd559416d967a90547a58879c4aad7fa4c62e6ee95371d00c28678e0990344c"
"1.0","open_core","wc2010","wc2010_030",TRUE,TRUE,TRUE,2010-06-20,2010-06-21,"","dbcf24c9f86f48423588ed254bdb08b4eb8663c31d50135a35aac5648ce87c73","1f97aae25b451b487872acbec081b19f16f85159628e9b3ae8b8a1228cdea265","7a5e5629a678fff177770206d872af4aabb850c7b2f06148e7092eb01db80527","97687226db161cbda0458a463a33ca3476dc3b273f9fc32e281fa878b0a9fa95","2704f287cfdddfc26fe500e832f28314ba3e93488b3c9358031bf855024d353b"
"1.0","open_core","wc2010","wc2010_031",TRUE,TRUE,TRUE,2010-06-20,2010-06-21,"","dbcf24c9f86f48423588ed254bdb08b4eb8663c31d50135a35aac5648ce87c73","1f97aae25b451b487872acbec081b19f16f85159628e9b3ae8b8a1228cdea265","7a5e5629a678fff177770206d872af4aabb850c7b2f06148e7092eb01db80527","85f2f220c4c0ba7af6c80112f43fe571413c6a4d4c31388eb9318f16253817fb","8ef72c66dba0a22b340c5307f3a8e58a8938db63837c79421c1758804362c293"
"1.0","open_core","wc2010","wc2010_032",TRUE,TRUE,TRUE,2010-06-20,2010-06-21,"","dbcf24c9f86f48423588ed254bdb08b4eb8663c31d50135a35aac5648ce87c73","1f97aae25b451b487872acbec081b19f16f85159628e9b3ae8b8a1228cdea265","7a5e5629a678fff177770206d872af4aabb850c7b2f06148e7092eb01db80527","1880b300f9771c632063c8c7fe7ac9cdc068792a79c909f4b7cb1074535e4b4b","612df0397929e7e3407c64dd722a47536921be4f9a2a4b071c7f1b522f4d2180"
"1.0","open_core","wc2010","wc2010_033",TRUE,TRUE,TRUE,2010-06-21,2010-06-22,"","dbcf24c9f86f48423588ed254bdb08b4eb8663c31d50135a35aac5648ce87c73","1f97aae25b451b487872acbec081b19f16f85159628e9b3ae8b8a1228cdea265","7a5e5629a678fff177770206d872af4aabb850c7b2f06148e7092eb01db80527","ac31fbf697da032dddbd91f1fbf861a62043ab8f805bdb185303180f4976e1db","c7104f7fc6af0a20183ea48f738c4b6686e2712f152c066a5bc8066eba48ead6"
"1.0","open_core","wc2010","wc2010_034",TRUE,TRUE,TRUE,2010-06-21,2010-06-22,"","dbcf24c9f86f48423588ed254bdb08b4eb8663c31d50135a35aac5648ce87c73","1f97aae25b451b487872acbec081b19f16f85159628e9b3ae8b8a1228cdea265","7a5e5629a678fff177770206d872af4aabb850c7b2f06148e7092eb01db80527","baeca2238ddbed40ebc998c54707027eda13d97c9964fa10dbfd8d9481945fb2","5827e5d2e85f14014efaa1cb5dcbfc3223f478cb1272935997877a102ddffd0d"
"1.0","open_core","wc2010","wc2010_035",TRUE,TRUE,TRUE,2010-06-21,2010-06-22,"","dbcf24c9f86f48423588ed254bdb08b4eb8663c31d50135a35aac5648ce87c73","1f97aae25b451b487872acbec081b19f16f85159628e9b3ae8b8a1228cdea265","7a5e5629a678fff177770206d872af4aabb850c7b2f06148e7092eb01db80527","3a4562b16cad9219d6c48d114f6e37d26898aa622897ab600be65c91e7df0e94","a4e5a651cc0a0ed94d5492d8e3f0ffd1376698d20c29c63321da2244590b3f71"
"1.0","open_core","wc2010","wc2010_036",TRUE,TRUE,TRUE,2010-06-21,2010-06-22,"","dbcf24c9f86f48423588ed254bdb08b4eb8663c31d50135a35aac5648ce87c73","1f97aae25b451b487872acbec081b19f16f85159628e9b3ae8b8a1228cdea265","7a5e5629a678fff177770206d872af4aabb850c7b2f06148e7092eb01db80527","5b41fa1b203345f55185da978be61bd5ec465b548d35dc53ab4b925e5676991e","18c497d67dc70674f3563896214552858a202ec20d803ccc8ef8ee9d87db12b8"
"1.0","open_core","wc2010","wc2010_037",TRUE,TRUE,TRUE,2010-06-22,2010-06-23,"","dbcf24c9f86f48423588ed254bdb08b4eb8663c31d50135a35aac5648ce87c73","1f97aae25b451b487872acbec081b19f16f85159628e9b3ae8b8a1228cdea265","7a5e5629a678fff177770206d872af4aabb850c7b2f06148e7092eb01db80527","23fedd8ad59b0a6050f40c3ef0b2ade7559bdf7d13604f1cc2217da77ec41c45","6c16818a6155deb4424a6900e936de1c35da5328f5b72bcd206621dbd29ea2de"
"1.0","open_core","wc2010","wc2010_038",TRUE,TRUE,TRUE,2010-06-22,2010-06-23,"","dbcf24c9f86f48423588ed254bdb08b4eb8663c31d50135a35aac5648ce87c73","1f97aae25b451b487872acbec081b19f16f85159628e9b3ae8b8a1228cdea265","7a5e5629a678fff177770206d872af4aabb850c7b2f06148e7092eb01db80527","851e811808d8a9d9d30f64330b438b106fb8a6e2aa7ab16dcd8d22ff102c8dbe","526d436901224fa404ef0fa185b8e585d6f173a478d67e98cc80d318d9fa84d7"
"1.0","open_core","wc2010","wc2010_039",TRUE,TRUE,TRUE,2010-06-22,2010-06-23,"","dbcf24c9f86f48423588ed254bdb08b4eb8663c31d50135a35aac5648ce87c73","1f97aae25b451b487872acbec081b19f16f85159628e9b3ae8b8a1228cdea265","7a5e5629a678fff177770206d872af4aabb850c7b2f06148e7092eb01db80527","d56a3641ed5faa38bf6f3deec9f4443bc246dfb12e27196608afd21be4db5d14","4d1baf2908d7140c0599eb927467fd02ba8308e3e71bb4ebfe20fc5ee03049f2"
"1.0","open_core","wc2010","wc2010_040",TRUE,TRUE,TRUE,2010-06-22,2010-06-23,"","dbcf24c9f86f48423588ed254bdb08b4eb8663c31d50135a35aac5648ce87c73","1f97aae25b451b487872acbec081b19f16f85159628e9b3ae8b8a1228cdea265","7a5e5629a678fff177770206d872af4aabb850c7b2f06148e7092eb01db80527","ce23645704a75df24ef5310e0f0dfe212dcfa836bb88181265c229e49258535e","dcc0945f6b713a73c7b33b66ec549416822165162c80e37022b07156f3d0481b"
"1.0","open_core","wc2010","wc2010_041",TRUE,TRUE,TRUE,2010-06-23,2010-06-24,"","dbcf24c9f86f48423588ed254bdb08b4eb8663c31d50135a35aac5648ce87c73","1f97aae25b451b487872acbec081b19f16f85159628e9b3ae8b8a1228cdea265","7a5e5629a678fff177770206d872af4aabb850c7b2f06148e7092eb01db80527","b5cfc48594da8f07d0566a2309852fd0099a24feb3a578e04baebc6e31540d34","5661036d50e32a7b6350b8fedc4c0e5dd5809b90dd7a857dbac621aa9fb87c6e"
"1.0","open_core","wc2010","wc2010_042",TRUE,TRUE,TRUE,2010-06-23,2010-06-24,"","dbcf24c9f86f48423588ed254bdb08b4eb8663c31d50135a35aac5648ce87c73","1f97aae25b451b487872acbec081b19f16f85159628e9b3ae8b8a1228cdea265","7a5e5629a678fff177770206d872af4aabb850c7b2f06148e7092eb01db80527","32b6ebb17bb3af69a9766ba85793be570bfca6d9769981e1f73edba76c26bb58","966a05dc56789f48ab98b3e829e3c6e5e623e6a0f6294121f2611e882c244859"
"1.0","open_core","wc2010","wc2010_043",TRUE,TRUE,TRUE,2010-06-23,2010-06-24,"","dbcf24c9f86f48423588ed254bdb08b4eb8663c31d50135a35aac5648ce87c73","1f97aae25b451b487872acbec081b19f16f85159628e9b3ae8b8a1228cdea265","7a5e5629a678fff177770206d872af4aabb850c7b2f06148e7092eb01db80527","1fc3b4d05cfe89d8a7e3eef150c1b2394b9b4c4f39d7a1f5d4a7b784eece214b","71e7049fbfdde6bdc57c5ae72e53e871a79a2c37489768df63237360e5000951"
"1.0","open_core","wc2010","wc2010_044",TRUE,TRUE,TRUE,2010-06-23,2010-06-24,"","dbcf24c9f86f48423588ed254bdb08b4eb8663c31d50135a35aac5648ce87c73","1f97aae25b451b487872acbec081b19f16f85159628e9b3ae8b8a1228cdea265","7a5e5629a678fff177770206d872af4aabb850c7b2f06148e7092eb01db80527","0f28ccee99eed839d55857888e99f9797f4d19685f6de6f4acb272116e30e667","a3949711ff95792fad91ed5a34aacf2190ed82cbe5fe65d084a1b1545af17f08"
"1.0","open_core","wc2010","wc2010_045",TRUE,TRUE,TRUE,2010-06-24,2010-06-25,"","dbcf24c9f86f48423588ed254bdb08b4eb8663c31d50135a35aac5648ce87c73","1f97aae25b451b487872acbec081b19f16f85159628e9b3ae8b8a1228cdea265","7a5e5629a678fff177770206d872af4aabb850c7b2f06148e7092eb01db80527","5dcd239494cb02db1419f6ec46d0293fca19b58aa453146e9bc68feefa0cb827","a7ad72b5a9e1a092ca2b93de0c78e3f8c72f76a720eb67f7f1372b89f44412ce"
"1.0","open_core","wc2010","wc2010_046",TRUE,TRUE,TRUE,2010-06-24,2010-06-25,"","dbcf24c9f86f48423588ed254bdb08b4eb8663c31d50135a35aac5648ce87c73","1f97aae25b451b487872acbec081b19f16f85159628e9b3ae8b8a1228cdea265","7a5e5629a678fff177770206d872af4aabb850c7b2f06148e7092eb01db80527","c663de9a4fb969a312660c52032ea35e34f07792b10669bb82e6df57d026e85e","4ba20fcf0ba20c774ea78de0704960b4292fb0f9d3d95b4c5219abf9e75a60fe"
"1.0","open_core","wc2010","wc2010_047",TRUE,TRUE,TRUE,2010-06-24,2010-06-25,"","dbcf24c9f86f48423588ed254bdb08b4eb8663c31d50135a35aac5648ce87c73","1f97aae25b451b487872acbec081b19f16f85159628e9b3ae8b8a1228cdea265","7a5e5629a678fff177770206d872af4aabb850c7b2f06148e7092eb01db80527","267c93a70c995670ea4cf9515dbea0d8bac9a692574f15ba4b617d6522c6bbec","384b7e14543697e610fabfd646260f9fcd4e7f17aef4369719af9c3699e43742"
"1.0","open_core","wc2010","wc2010_048",TRUE,TRUE,TRUE,2010-06-24,2010-06-25,"","dbcf24c9f86f48423588ed254bdb08b4eb8663c31d50135a35aac5648ce87c73","1f97aae25b451b487872acbec081b19f16f85159628e9b3ae8b8a1228cdea265","7a5e5629a678fff177770206d872af4aabb850c7b2f06148e7092eb01db80527","d781b75b499f61caafb8099a278f8c5583da082747d110985217d8b9644c511f","372a2e75f5c7b41c6bf87567e3d3ae9da72224f9c6a32313a24edd42242bfe3a"
"1.0","open_core","wc2010","wc2010_049",TRUE,TRUE,TRUE,2010-06-25,2010-06-26,"","dbcf24c9f86f48423588ed254bdb08b4eb8663c31d50135a35aac5648ce87c73","1f97aae25b451b487872acbec081b19f16f85159628e9b3ae8b8a1228cdea265","7a5e5629a678fff177770206d872af4aabb850c7b2f06148e7092eb01db80527","45fb025d805f69c398790464978ee074e5eb16af1eaedac47318b57010211f2f","4b1eed8f12dad7893c25ea68d87ef11aaffb25a57eead0e78156671af9e0cd28"
"1.0","open_core","wc2010","wc2010_050",TRUE,TRUE,TRUE,2010-06-25,2010-06-26,"","dbcf24c9f86f48423588ed254bdb08b4eb8663c31d50135a35aac5648ce87c73","1f97aae25b451b487872acbec081b19f16f85159628e9b3ae8b8a1228cdea265","7a5e5629a678fff177770206d872af4aabb850c7b2f06148e7092eb01db80527","b43f16f85fb9b20e6c162cd92b92d9ea90ec602b8665e256c293f14628b689ff","9060a0e97dff5c605f31c52504056e0de25b5273943b1612995549fc9a0bdafe"
"1.0","open_core","wc2010","wc2010_051",TRUE,TRUE,TRUE,2010-06-26,2010-06-27,"","dbcf24c9f86f48423588ed254bdb08b4eb8663c31d50135a35aac5648ce87c73","1f97aae25b451b487872acbec081b19f16f85159628e9b3ae8b8a1228cdea265","7a5e5629a678fff177770206d872af4aabb850c7b2f06148e7092eb01db80527","dbb58d85010fce8484ad213729dce34e7110d76c45bf3b84dcbe308b175d0fac","9a1b5e7e7875033ec12634a181b41db71bb5d7545c922146fc4bbff1330d5011"
"1.0","open_core","wc2010","wc2010_052",TRUE,TRUE,TRUE,2010-06-26,2010-06-27,"","dbcf24c9f86f48423588ed254bdb08b4eb8663c31d50135a35aac5648ce87c73","1f97aae25b451b487872acbec081b19f16f85159628e9b3ae8b8a1228cdea265","7a5e5629a678fff177770206d872af4aabb850c7b2f06148e7092eb01db80527","4e7ee0f07446e8253f0582f9de136fcf4009115e6e2cfe3c8c5e63ebf4c090da","fea2396cac4de8a842fa3b5ecd35c935a107eebec1174aa0ff7c8107e28ed7f5"
"1.0","open_core","wc2010","wc2010_053",TRUE,TRUE,TRUE,2010-06-27,2010-06-28,"","dbcf24c9f86f48423588ed254bdb08b4eb8663c31d50135a35aac5648ce87c73","1f97aae25b451b487872acbec081b19f16f85159628e9b3ae8b8a1228cdea265","7a5e5629a678fff177770206d872af4aabb850c7b2f06148e7092eb01db80527","62a8f4dcd6a139ff590a7824699939824c765ac3b5250583777f3fefc1a3d73e","088b67baa66f07a23ebd04c1813ea1d7340ba7ede11f51c7594a3163afdc8df0"
"1.0","open_core","wc2010","wc2010_054",TRUE,TRUE,TRUE,2010-06-27,2010-06-28,"","dbcf24c9f86f48423588ed254bdb08b4eb8663c31d50135a35aac5648ce87c73","1f97aae25b451b487872acbec081b19f16f85159628e9b3ae8b8a1228cdea265","7a5e5629a678fff177770206d872af4aabb850c7b2f06148e7092eb01db80527","59cc47af8d7d323ac147c69de21a13a9e1071f83866f72b7c0ff4a79577cd2b9","7a367ca0298ca5e1b633927062dbe86ecf9f8b5f384f0b65fc3b25a81f977e69"
"1.0","open_core","wc2010","wc2010_055",TRUE,TRUE,TRUE,2010-06-28,2010-06-29,"","dbcf24c9f86f48423588ed254bdb08b4eb8663c31d50135a35aac5648ce87c73","1f97aae25b451b487872acbec081b19f16f85159628e9b3ae8b8a1228cdea265","7a5e5629a678fff177770206d872af4aabb850c7b2f06148e7092eb01db80527","ab89f9b63d4b687688720517fd608848a68ed788529a55ed433763702602dd89","afc1edf18cfa004348017d5a33cc09d439eda2bf386767e9b5b09609669d0e1d"
"1.0","open_core","wc2010","wc2010_056",TRUE,TRUE,TRUE,2010-06-28,2010-06-29,"","dbcf24c9f86f48423588ed254bdb08b4eb8663c31d50135a35aac5648ce87c73","1f97aae25b451b487872acbec081b19f16f85159628e9b3ae8b8a1228cdea265","7a5e5629a678fff177770206d872af4aabb850c7b2f06148e7092eb01db80527","ccfc9ee0d7012d2889dca24e666464e834a980a4522f574c44b50e23e1fb6b82","8b1c75ba08ac349ed94ddab04155fd5363fb77ff8210ead315b6788ab82544a8"
"1.0","open_core","wc2010","wc2010_057",TRUE,TRUE,TRUE,2010-07-01,2010-07-02,"","dbcf24c9f86f48423588ed254bdb08b4eb8663c31d50135a35aac5648ce87c73","1f97aae25b451b487872acbec081b19f16f85159628e9b3ae8b8a1228cdea265","7a5e5629a678fff177770206d872af4aabb850c7b2f06148e7092eb01db80527","85737f512cf5f2335bd88c243dc7687acd389ce267955df790a4ff8827611ab3","406eff1956f64f5c238b2f52921b297b0448e3b715de05cbbe7051c246685739"
"1.0","open_core","wc2010","wc2010_058",TRUE,TRUE,TRUE,2010-07-01,2010-07-02,"","dbcf24c9f86f48423588ed254bdb08b4eb8663c31d50135a35aac5648ce87c73","1f97aae25b451b487872acbec081b19f16f85159628e9b3ae8b8a1228cdea265","7a5e5629a678fff177770206d872af4aabb850c7b2f06148e7092eb01db80527","827ca9c8e5fb28fd628357ffa50d2adf85c93d2fca8f902ffac8fdf471a995f1","d7bdb8d5e32b37986b8b606d66d34c0f78deab4f87f6340edaf6208d717848cf"
"1.0","open_core","wc2010","wc2010_059",TRUE,TRUE,TRUE,2010-07-02,2010-07-03,"","dbcf24c9f86f48423588ed254bdb08b4eb8663c31d50135a35aac5648ce87c73","1f97aae25b451b487872acbec081b19f16f85159628e9b3ae8b8a1228cdea265","7a5e5629a678fff177770206d872af4aabb850c7b2f06148e7092eb01db80527","4be42b1cc4524082e7ddfbd98edf45e0e09181720f933ab2a81f7c93b487fb3a","421d67fab6f0f7e158d5600e21432c9e84c1ddb0709a0928857436ecb1b078c0"
"1.0","open_core","wc2010","wc2010_060",TRUE,TRUE,TRUE,2010-07-02,2010-07-03,"","dbcf24c9f86f48423588ed254bdb08b4eb8663c31d50135a35aac5648ce87c73","1f97aae25b451b487872acbec081b19f16f85159628e9b3ae8b8a1228cdea265","7a5e5629a678fff177770206d872af4aabb850c7b2f06148e7092eb01db80527","c10112cff8ceeaa9e92de9d32cd7fa7968f8e87d5008ff883295253dd4254be6","6718bd0e165ac1ad47e7601083170f901b5534b3f8104936bba4021228a0adb8"
"1.0","open_core","wc2010","wc2010_061",TRUE,TRUE,TRUE,2010-07-05,2010-07-06,"","dbcf24c9f86f48423588ed254bdb08b4eb8663c31d50135a35aac5648ce87c73","1f97aae25b451b487872acbec081b19f16f85159628e9b3ae8b8a1228cdea265","7a5e5629a678fff177770206d872af4aabb850c7b2f06148e7092eb01db80527","ef2ef499ef00648610fc044031710c449a02ac2177663cae94f07f095b262b6c","1ed19dc9e3646d047fce133ebf773c08bef3a3b077a519a324c3995b41d05571"
"1.0","open_core","wc2010","wc2010_062",TRUE,TRUE,TRUE,2010-07-06,2010-07-07,"","dbcf24c9f86f48423588ed254bdb08b4eb8663c31d50135a35aac5648ce87c73","1f97aae25b451b487872acbec081b19f16f85159628e9b3ae8b8a1228cdea265","7a5e5629a678fff177770206d872af4aabb850c7b2f06148e7092eb01db80527","103df50718ed18e01c4e991efd96b33938da3949c497fcd5ec274a3117a7beb7","0618596d8f37b8c99f13d71d342a7a502e06b29aaf669596f764ac90d04a5129"
"1.0","open_core","wc2010","wc2010_063",TRUE,TRUE,TRUE,2010-07-09,2010-07-10,"","dbcf24c9f86f48423588ed254bdb08b4eb8663c31d50135a35aac5648ce87c73","1f97aae25b451b487872acbec081b19f16f85159628e9b3ae8b8a1228cdea265","7a5e5629a678fff177770206d872af4aabb850c7b2f06148e7092eb01db80527","f438085203589a3db9fbf7d7c7bab21f11d16d4fdd8cab19c9d15803580142fc","ef88111555e631b30ea8f49f0c62f0ebfb2a9d4edc9f6d9f0ff50b600d57a007"
"1.0","open_core","wc2010","wc2010_064",TRUE,TRUE,TRUE,2010-07-10,2010-07-11,"","dbcf24c9f86f48423588ed254bdb08b4eb8663c31d50135a35aac5648ce87c73","1f97aae25b451b487872acbec081b19f16f85159628e9b3ae8b8a1228cdea265","7a5e5629a678fff177770206d872af4aabb850c7b2f06148e7092eb01db80527","b7887e92c1489b803dbe9665d5baaacc2c518aeb2547801c8a0853ba359d2790","f3916f5f780214af3059a5d67be2c06529b1d61d882a029524f500d1ce21ab76"
"1.0","open_core","wc2014","wc2014_001",TRUE,TRUE,TRUE,2014-06-11,2014-06-12,"","dbcf24c9f86f48423588ed254bdb08b4eb8663c31d50135a35aac5648ce87c73","1f97aae25b451b487872acbec081b19f16f85159628e9b3ae8b8a1228cdea265","7a5e5629a678fff177770206d872af4aabb850c7b2f06148e7092eb01db80527","424b2b2d5f9d0993714a889abea8221982f1bdc8046d4e34bddc3c1b3a8b66d5","438784abb7646e34ce778b0ffe85316934729ee1a0b432eb58f5a9e9fb0027a8"
"1.0","open_core","wc2014","wc2014_002",TRUE,TRUE,TRUE,2014-06-12,2014-06-13,"","dbcf24c9f86f48423588ed254bdb08b4eb8663c31d50135a35aac5648ce87c73","1f97aae25b451b487872acbec081b19f16f85159628e9b3ae8b8a1228cdea265","7a5e5629a678fff177770206d872af4aabb850c7b2f06148e7092eb01db80527","5e2d75b9789f845320650031db815be3cb39157f8556a3b264e156d64013adef","ad4ab8a1d5faf05f8b7e196f71014debf36ef46d365b7b53fa15c689525e74b6"
"1.0","open_core","wc2014","wc2014_003",TRUE,TRUE,TRUE,2014-06-12,2014-06-13,"","dbcf24c9f86f48423588ed254bdb08b4eb8663c31d50135a35aac5648ce87c73","1f97aae25b451b487872acbec081b19f16f85159628e9b3ae8b8a1228cdea265","7a5e5629a678fff177770206d872af4aabb850c7b2f06148e7092eb01db80527","bd9308156a3c3680679b43d3058a7edd460d3741c3dca950c491965bcd2d6b88","f91bad7c5d08ef4e7aff67f39fb6af8de28e8fd708b57ffdfadd3b22afb5f8f0"
"1.0","open_core","wc2014","wc2014_004",TRUE,TRUE,TRUE,2014-06-12,2014-06-13,"","dbcf24c9f86f48423588ed254bdb08b4eb8663c31d50135a35aac5648ce87c73","1f97aae25b451b487872acbec081b19f16f85159628e9b3ae8b8a1228cdea265","7a5e5629a678fff177770206d872af4aabb850c7b2f06148e7092eb01db80527","2aaff855513c1f3bd3c1a0b4cd1a5c2641c93c0c03b7697e2541120ae1277b1a","e0d20c5714e72fe6375896286aeba22ae70f6a6a53d7469b9c21fe587cb330c0"
"1.0","open_core","wc2014","wc2014_005",TRUE,TRUE,TRUE,2014-06-13,2014-06-14,"","dbcf24c9f86f48423588ed254bdb08b4eb8663c31d50135a35aac5648ce87c73","1f97aae25b451b487872acbec081b19f16f85159628e9b3ae8b8a1228cdea265","7a5e5629a678fff177770206d872af4aabb850c7b2f06148e7092eb01db80527","a81528f7b15d8aac0f76eeb5358ea4101a08080b9df7ecc0c6ade49d787aa163","51cb48682ea79b11478e34e7c45902a9f4c9b8029169907d63ebb73e42311cb7"
"1.0","open_core","wc2014","wc2014_006",TRUE,TRUE,TRUE,2014-06-13,2014-06-14,"","dbcf24c9f86f48423588ed254bdb08b4eb8663c31d50135a35aac5648ce87c73","1f97aae25b451b487872acbec081b19f16f85159628e9b3ae8b8a1228cdea265","7a5e5629a678fff177770206d872af4aabb850c7b2f06148e7092eb01db80527","8bf7e4719eb714f0e1d6a542f18652bee1d04dd292eaa98d0db9d1f44aad59a0","1ba6a8d69c0d5fa922adcec668768fac306e4a55dd3e139103d0128b8477f1ba"
"1.0","open_core","wc2014","wc2014_007",TRUE,TRUE,TRUE,2014-06-13,2014-06-14,"","dbcf24c9f86f48423588ed254bdb08b4eb8663c31d50135a35aac5648ce87c73","1f97aae25b451b487872acbec081b19f16f85159628e9b3ae8b8a1228cdea265","7a5e5629a678fff177770206d872af4aabb850c7b2f06148e7092eb01db80527","0dce675be9a1e8b61e3c61b35bf0494996cd79deda38c5b9cbe3ba877d5688ea","956f0d3f5b67a65bba650bbc56fb5c1b98822acbde621e8d60c5443642f25210"
"1.0","open_core","wc2014","wc2014_008",TRUE,TRUE,TRUE,2014-06-13,2014-06-14,"","dbcf24c9f86f48423588ed254bdb08b4eb8663c31d50135a35aac5648ce87c73","1f97aae25b451b487872acbec081b19f16f85159628e9b3ae8b8a1228cdea265","7a5e5629a678fff177770206d872af4aabb850c7b2f06148e7092eb01db80527","08282869162bab00336c44fd17c37165496a856aeb4ed09224635e0b465e178a","2826298a7a9b3049cf7966b3ef5fa8bb7a6e2a8b585743aec3f5d58868fadb17"
"1.0","open_core","wc2014","wc2014_009",TRUE,TRUE,TRUE,2014-06-14,2014-06-15,"","dbcf24c9f86f48423588ed254bdb08b4eb8663c31d50135a35aac5648ce87c73","1f97aae25b451b487872acbec081b19f16f85159628e9b3ae8b8a1228cdea265","7a5e5629a678fff177770206d872af4aabb850c7b2f06148e7092eb01db80527","7eeaf37b41b6f6292fd0d139c000201ca6d06c1574db8959bef9442409c7805b","50eeaa6843e10295c1ffb0db6524efd1c697c31f706ec321cc1c5e54cf82fbac"
"1.0","open_core","wc2014","wc2014_010",TRUE,TRUE,TRUE,2014-06-14,2014-06-15,"","dbcf24c9f86f48423588ed254bdb08b4eb8663c31d50135a35aac5648ce87c73","1f97aae25b451b487872acbec081b19f16f85159628e9b3ae8b8a1228cdea265","7a5e5629a678fff177770206d872af4aabb850c7b2f06148e7092eb01db80527","80c4df85096755fe70871049e9cf4c8ef5b89a8ac5f952c5fac933bcd6335cb2","9a90621295bb7b1d1764bbd86bd3851f3255164816befca29aa4ac48e1702d12"
"1.0","open_core","wc2014","wc2014_011",TRUE,TRUE,TRUE,2014-06-14,2014-06-15,"","dbcf24c9f86f48423588ed254bdb08b4eb8663c31d50135a35aac5648ce87c73","1f97aae25b451b487872acbec081b19f16f85159628e9b3ae8b8a1228cdea265","7a5e5629a678fff177770206d872af4aabb850c7b2f06148e7092eb01db80527","cca6ee6f08f4f82cfb12d491501f4892823206386da396a3806204a8d4126adf","cb4c05fd550178ff2756994715f4eb7dceba78b593fc0dc2f87135493b3cb525"
"1.0","open_core","wc2014","wc2014_012",TRUE,TRUE,TRUE,2014-06-15,2014-06-16,"","dbcf24c9f86f48423588ed254bdb08b4eb8663c31d50135a35aac5648ce87c73","1f97aae25b451b487872acbec081b19f16f85159628e9b3ae8b8a1228cdea265","7a5e5629a678fff177770206d872af4aabb850c7b2f06148e7092eb01db80527","2de04b1d766dc5be0c39d01ae749c1a1f21d3fabd12a2799c013a5b245cc7a3a","7711cf1816cd9fb1e3cbc7168e025d5c0c1cd784ffecface97a8d16454f96044"
"1.0","open_core","wc2014","wc2014_013",TRUE,TRUE,TRUE,2014-06-15,2014-06-16,"","dbcf24c9f86f48423588ed254bdb08b4eb8663c31d50135a35aac5648ce87c73","1f97aae25b451b487872acbec081b19f16f85159628e9b3ae8b8a1228cdea265","7a5e5629a678fff177770206d872af4aabb850c7b2f06148e7092eb01db80527","983798ef3f3dddc466b7d13015d5e02dcc0003f3d8993b0476c368c6241db804","cccef16fcc0a942aea62e7dcd02b728ecbe6977c65c78a3afce771dc4014e7c3"
"1.0","open_core","wc2014","wc2014_014",TRUE,TRUE,TRUE,2014-06-15,2014-06-16,"","dbcf24c9f86f48423588ed254bdb08b4eb8663c31d50135a35aac5648ce87c73","1f97aae25b451b487872acbec081b19f16f85159628e9b3ae8b8a1228cdea265","7a5e5629a678fff177770206d872af4aabb850c7b2f06148e7092eb01db80527","4112a44710d0ef78f6cb092526797ef0f2f27126a0cdf7486500a35d30b9356b","9fb99aebb5efd176b91744614f9047f0aaffb8c6b6f8f626f309a49f9dcdbf0a"
"1.0","open_core","wc2014","wc2014_015",TRUE,TRUE,TRUE,2014-06-16,2014-06-17,"","dbcf24c9f86f48423588ed254bdb08b4eb8663c31d50135a35aac5648ce87c73","1f97aae25b451b487872acbec081b19f16f85159628e9b3ae8b8a1228cdea265","7a5e5629a678fff177770206d872af4aabb850c7b2f06148e7092eb01db80527","c6656bbbd5ade4a087772c39d3c803456ff4f37a91981ec63c6049766eab1f89","a58b4f9eecb5579987bb9f1e80db1129f87596c7d84512ed973310508b8e9be1"
"1.0","open_core","wc2014","wc2014_016",TRUE,TRUE,TRUE,2014-06-16,2014-06-17,"","dbcf24c9f86f48423588ed254bdb08b4eb8663c31d50135a35aac5648ce87c73","1f97aae25b451b487872acbec081b19f16f85159628e9b3ae8b8a1228cdea265","7a5e5629a678fff177770206d872af4aabb850c7b2f06148e7092eb01db80527","b059609fc09816b913309ffe05c1830c1de4984c937384afdb98b081ca1fff47","7c75b8bf35d75ca24499ea2e3c2d5d96e4851e66079d25123c222b32c3dc43fc"
"1.0","open_core","wc2014","wc2014_017",TRUE,TRUE,TRUE,2014-06-16,2014-06-17,"","dbcf24c9f86f48423588ed254bdb08b4eb8663c31d50135a35aac5648ce87c73","1f97aae25b451b487872acbec081b19f16f85159628e9b3ae8b8a1228cdea265","7a5e5629a678fff177770206d872af4aabb850c7b2f06148e7092eb01db80527","9d3140543925b538d22e72ffbac69b034526000142170d9a749f71bffef3e74a","2dd4476084b19adc11f4a20fe2c86a7f6a524a7a3386de52b45f43c85d564780"
"1.0","open_core","wc2014","wc2014_018",TRUE,TRUE,TRUE,2014-06-17,2014-06-18,"","dbcf24c9f86f48423588ed254bdb08b4eb8663c31d50135a35aac5648ce87c73","1f97aae25b451b487872acbec081b19f16f85159628e9b3ae8b8a1228cdea265","7a5e5629a678fff177770206d872af4aabb850c7b2f06148e7092eb01db80527","d6ac664613da84f5428f2a7bd041b34cb9f98e68ab3a44dffec5a3b55810a828","16bd56e240ff3cbda3c4daba961585eee619a3725342a78b51508cd5dcc4b101"
"1.0","open_core","wc2014","wc2014_019",TRUE,TRUE,TRUE,2014-06-17,2014-06-18,"","dbcf24c9f86f48423588ed254bdb08b4eb8663c31d50135a35aac5648ce87c73","1f97aae25b451b487872acbec081b19f16f85159628e9b3ae8b8a1228cdea265","7a5e5629a678fff177770206d872af4aabb850c7b2f06148e7092eb01db80527","154bcc57f7e12a6a6ac8d4c5195763dac203198fe5f308f276617d644f6178da","69fe8d5788a24bc736ca7bc9fdd84fcdac24f3fa5bfc488a83c19b74f10beddc"
"1.0","open_core","wc2014","wc2014_020",TRUE,TRUE,TRUE,2014-06-17,2014-06-18,"","dbcf24c9f86f48423588ed254bdb08b4eb8663c31d50135a35aac5648ce87c73","1f97aae25b451b487872acbec081b19f16f85159628e9b3ae8b8a1228cdea265","7a5e5629a678fff177770206d872af4aabb850c7b2f06148e7092eb01db80527","9503c297e70c55f51e8ad5f9b01e57e451cfd64c33ef6587e67dde057a5d5fea","4d123c4e9bbbe599cee209dd10bc5c8637fe093d2fc7f371359ba1f85179d345"
"1.0","open_core","wc2014","wc2014_021",TRUE,TRUE,TRUE,2014-06-18,2014-06-19,"","dbcf24c9f86f48423588ed254bdb08b4eb8663c31d50135a35aac5648ce87c73","1f97aae25b451b487872acbec081b19f16f85159628e9b3ae8b8a1228cdea265","7a5e5629a678fff177770206d872af4aabb850c7b2f06148e7092eb01db80527","3c629c951b963be11dfeacc7d7096f97968dfea3fa2f8bae57a39204ea84c861","2de9565c41c651cf96e0456d27ad03af0480ae09207ee7645822e32a647b51e3"
"1.0","open_core","wc2014","wc2014_022",TRUE,TRUE,TRUE,2014-06-18,2014-06-19,"","dbcf24c9f86f48423588ed254bdb08b4eb8663c31d50135a35aac5648ce87c73","1f97aae25b451b487872acbec081b19f16f85159628e9b3ae8b8a1228cdea265","7a5e5629a678fff177770206d872af4aabb850c7b2f06148e7092eb01db80527","a787a27af0c9d3b5b5d8ead4f197f19c63a984657bea483782ce8e8a026813be","645294a4f710e5885025939c7b1c7832560bb4ee7d6a327fb971afe39e24a9c6"
"1.0","open_core","wc2014","wc2014_023",TRUE,TRUE,TRUE,2014-06-18,2014-06-19,"","dbcf24c9f86f48423588ed254bdb08b4eb8663c31d50135a35aac5648ce87c73","1f97aae25b451b487872acbec081b19f16f85159628e9b3ae8b8a1228cdea265","7a5e5629a678fff177770206d872af4aabb850c7b2f06148e7092eb01db80527","1436f17ebe30b8df09fe795d17592a179513c108d61a6622d827812c232e7995","23f5c8701d8b26e7c49df0dbf21b7055cac6d8cd973af50b96c9833a71d3e0d0"
"1.0","open_core","wc2014","wc2014_024",TRUE,TRUE,TRUE,2014-06-19,2014-06-20,"","dbcf24c9f86f48423588ed254bdb08b4eb8663c31d50135a35aac5648ce87c73","1f97aae25b451b487872acbec081b19f16f85159628e9b3ae8b8a1228cdea265","7a5e5629a678fff177770206d872af4aabb850c7b2f06148e7092eb01db80527","e843113bc61c061ec91c98fda6c3d0dd9fc405237a3f614b6738098221adf1fa","2ac5eab2afea5bac49edae4db4d1255b5bc6afd1eebb7e389baee3df3cd8a1c6"
"1.0","open_core","wc2014","wc2014_025",TRUE,TRUE,TRUE,2014-06-19,2014-06-20,"","dbcf24c9f86f48423588ed254bdb08b4eb8663c31d50135a35aac5648ce87c73","1f97aae25b451b487872acbec081b19f16f85159628e9b3ae8b8a1228cdea265","7a5e5629a678fff177770206d872af4aabb850c7b2f06148e7092eb01db80527","79e7d15cda4cc24d88034238e8bbdad792d794efddee49c681418171ee71b02c","7fdc922232d90d7c0da47aeb88dc8c12897fb8c55d16f257914d0739c887469b"
"1.0","open_core","wc2014","wc2014_026",TRUE,TRUE,TRUE,2014-06-19,2014-06-20,"","dbcf24c9f86f48423588ed254bdb08b4eb8663c31d50135a35aac5648ce87c73","1f97aae25b451b487872acbec081b19f16f85159628e9b3ae8b8a1228cdea265","7a5e5629a678fff177770206d872af4aabb850c7b2f06148e7092eb01db80527","55a9af89a6702fdc2187dce60f99896dd3c458006c71e6a17e69d5b56b378772","9875df9c25407b9604ad615efad1f7fcc958533fb22cc0dfdd27e06d35ef0cab"
"1.0","open_core","wc2014","wc2014_027",TRUE,TRUE,TRUE,2014-06-20,2014-06-21,"","dbcf24c9f86f48423588ed254bdb08b4eb8663c31d50135a35aac5648ce87c73","1f97aae25b451b487872acbec081b19f16f85159628e9b3ae8b8a1228cdea265","7a5e5629a678fff177770206d872af4aabb850c7b2f06148e7092eb01db80527","80daa7b128f59dcd037a6b7b8a1d72be33192268087bd8e4adfbfb00c8249305","5ddd8915745e28ba28f26f64bd046dc55a2ebe392890460003ba167b97126753"
"1.0","open_core","wc2014","wc2014_028",TRUE,TRUE,TRUE,2014-06-20,2014-06-21,"","dbcf24c9f86f48423588ed254bdb08b4eb8663c31d50135a35aac5648ce87c73","1f97aae25b451b487872acbec081b19f16f85159628e9b3ae8b8a1228cdea265","7a5e5629a678fff177770206d872af4aabb850c7b2f06148e7092eb01db80527","37f9dcdbca98fbd37cddb4adbb06af169146135f2101b2604620434573e1df17","e3de9476b7ed0d433b6fa343ef2ec2a59c23455c7c54fd0a680abc404bff8866"
"1.0","open_core","wc2014","wc2014_029",TRUE,TRUE,TRUE,2014-06-20,2014-06-21,"","dbcf24c9f86f48423588ed254bdb08b4eb8663c31d50135a35aac5648ce87c73","1f97aae25b451b487872acbec081b19f16f85159628e9b3ae8b8a1228cdea265","7a5e5629a678fff177770206d872af4aabb850c7b2f06148e7092eb01db80527","65eb49df9d0d34642b641bffbed46a08d594bb2faceed8177fe012b2e9d65539","0961ea272cf5b0a5f25cef2065e570e56e472887505a2bd1d69a32dcfafcca05"
"1.0","open_core","wc2014","wc2014_030",TRUE,TRUE,TRUE,2014-06-21,2014-06-22,"","dbcf24c9f86f48423588ed254bdb08b4eb8663c31d50135a35aac5648ce87c73","1f97aae25b451b487872acbec081b19f16f85159628e9b3ae8b8a1228cdea265","7a5e5629a678fff177770206d872af4aabb850c7b2f06148e7092eb01db80527","eadf957658d7024afaf1d76f005576a967d78a1d3ad68878152d8050866308fb","72014cb237bf252faecfc0883ab3edac8dbc0e6f9a0c440b858f0cb0db58a1f5"
"1.0","open_core","wc2014","wc2014_031",TRUE,TRUE,TRUE,2014-06-21,2014-06-22,"","dbcf24c9f86f48423588ed254bdb08b4eb8663c31d50135a35aac5648ce87c73","1f97aae25b451b487872acbec081b19f16f85159628e9b3ae8b8a1228cdea265","7a5e5629a678fff177770206d872af4aabb850c7b2f06148e7092eb01db80527","3e1d8c8a966fc475a5f412b23bf2ca1bc4efc466c3afeb1a506459ec259c26c8","ae4d9951336018f4194ed1473382d3ecca4a3814fb9e97444c1ce83d6e402439"
"1.0","open_core","wc2014","wc2014_032",TRUE,TRUE,TRUE,2014-06-21,2014-06-22,"","dbcf24c9f86f48423588ed254bdb08b4eb8663c31d50135a35aac5648ce87c73","1f97aae25b451b487872acbec081b19f16f85159628e9b3ae8b8a1228cdea265","7a5e5629a678fff177770206d872af4aabb850c7b2f06148e7092eb01db80527","b9c32d6c5130c86d737c1ac977a315354d7657e530cd62bcd6d1aec2a93e417e","7ce622a4ea3f485668f9985d556d045715c66f68691a970d3808e0c3b56cc6ec"
"1.0","open_core","wc2014","wc2014_033",TRUE,TRUE,TRUE,2014-06-22,2014-06-23,"","dbcf24c9f86f48423588ed254bdb08b4eb8663c31d50135a35aac5648ce87c73","1f97aae25b451b487872acbec081b19f16f85159628e9b3ae8b8a1228cdea265","7a5e5629a678fff177770206d872af4aabb850c7b2f06148e7092eb01db80527","d60ac06bbcd15f838ea054e329df9bb0cf08997ed7ebca1dceb52907d215fc24","85a26c866637759a56d0e885564bc9763cad8fa9593318ff3c666bd060cb9108"
"1.0","open_core","wc2014","wc2014_034",TRUE,TRUE,TRUE,2014-06-22,2014-06-23,"","dbcf24c9f86f48423588ed254bdb08b4eb8663c31d50135a35aac5648ce87c73","1f97aae25b451b487872acbec081b19f16f85159628e9b3ae8b8a1228cdea265","7a5e5629a678fff177770206d872af4aabb850c7b2f06148e7092eb01db80527","dea10cd1ce274bb4a4118c03ed83a607a621d42f4572d5b4775fe8d4e0df3c77","444cf2e44240b7f86a12c026ceeefc3dbc13dca049fcc3cae0c4618c37acc685"
"1.0","open_core","wc2014","wc2014_035",TRUE,TRUE,TRUE,2014-06-22,2014-06-23,"","dbcf24c9f86f48423588ed254bdb08b4eb8663c31d50135a35aac5648ce87c73","1f97aae25b451b487872acbec081b19f16f85159628e9b3ae8b8a1228cdea265","7a5e5629a678fff177770206d872af4aabb850c7b2f06148e7092eb01db80527","8fc0c5ad62b7bd682064c2967852f0a717fa7439fd2a23a9057c288bcb4a56ab","54a806a5fdcedf0e0b0957685d81406aea9f280607e41f42496df0347ff186ed"
"1.0","open_core","wc2014","wc2014_036",TRUE,TRUE,TRUE,2014-06-22,2014-06-23,"","dbcf24c9f86f48423588ed254bdb08b4eb8663c31d50135a35aac5648ce87c73","1f97aae25b451b487872acbec081b19f16f85159628e9b3ae8b8a1228cdea265","7a5e5629a678fff177770206d872af4aabb850c7b2f06148e7092eb01db80527","9e1c3400bbf838bcfb98eb611e900f5aac62e1c1f2fd946013e9c430270ed6e8","c1ed4141702102b4f5766101b825992ebc3664f88e8805717a2df5ebf2bd560b"
"1.0","open_core","wc2014","wc2014_037",TRUE,TRUE,TRUE,2014-06-23,2014-06-24,"","dbcf24c9f86f48423588ed254bdb08b4eb8663c31d50135a35aac5648ce87c73","1f97aae25b451b487872acbec081b19f16f85159628e9b3ae8b8a1228cdea265","7a5e5629a678fff177770206d872af4aabb850c7b2f06148e7092eb01db80527","7f69e79123eeed7fc6143b5b4713bf47f3c6c2864d724d7edfdcf085d26ee8cc","3e56d29841a3dfc027c19c96edd9f25851019e0c1331be5b6d9d41adbea365cf"
"1.0","open_core","wc2014","wc2014_038",TRUE,TRUE,TRUE,2014-06-23,2014-06-24,"","dbcf24c9f86f48423588ed254bdb08b4eb8663c31d50135a35aac5648ce87c73","1f97aae25b451b487872acbec081b19f16f85159628e9b3ae8b8a1228cdea265","7a5e5629a678fff177770206d872af4aabb850c7b2f06148e7092eb01db80527","8c26f6ffa9e8954e7b4cea6a70e5668ba73df1ca8ba77a1eed79e01e9db6d7af","311ec0a00f7ed231323efe123d4ef7e9046e5d8c2ec176c141a46c31abd61a68"
"1.0","open_core","wc2014","wc2014_039",TRUE,TRUE,TRUE,2014-06-23,2014-06-24,"","dbcf24c9f86f48423588ed254bdb08b4eb8663c31d50135a35aac5648ce87c73","1f97aae25b451b487872acbec081b19f16f85159628e9b3ae8b8a1228cdea265","7a5e5629a678fff177770206d872af4aabb850c7b2f06148e7092eb01db80527","349ee1bcf17f1a82cbcd2d9b36e4dc5d9993e7f8580913a4737f6b11a612713d","8c6136e6530b3d4135318a4fb9c85be7d3482a1c92e1df8c7f762419ac39f44a"
"1.0","open_core","wc2014","wc2014_040",TRUE,TRUE,TRUE,2014-06-23,2014-06-24,"","dbcf24c9f86f48423588ed254bdb08b4eb8663c31d50135a35aac5648ce87c73","1f97aae25b451b487872acbec081b19f16f85159628e9b3ae8b8a1228cdea265","7a5e5629a678fff177770206d872af4aabb850c7b2f06148e7092eb01db80527","2ec1d3582de94518ca1afd63142d50f1ad2b74884b474e95a1806c9f5d1bfdcc","7e03c3b6d3b13acef45489104d34f2745a4f7b092b75500c7b0a5962883074ed"
"1.0","open_core","wc2014","wc2014_041",TRUE,TRUE,TRUE,2014-06-24,2014-06-25,"","dbcf24c9f86f48423588ed254bdb08b4eb8663c31d50135a35aac5648ce87c73","1f97aae25b451b487872acbec081b19f16f85159628e9b3ae8b8a1228cdea265","7a5e5629a678fff177770206d872af4aabb850c7b2f06148e7092eb01db80527","e1325105c64b62cf690063509d4152d41f2687f0245abb8ebe359f31eb014552","ea746167777f72e0faf65ccba7f84bc1d5433858f88836a2c47dd021b6143404"
"1.0","open_core","wc2014","wc2014_042",TRUE,TRUE,TRUE,2014-06-24,2014-06-25,"","dbcf24c9f86f48423588ed254bdb08b4eb8663c31d50135a35aac5648ce87c73","1f97aae25b451b487872acbec081b19f16f85159628e9b3ae8b8a1228cdea265","7a5e5629a678fff177770206d872af4aabb850c7b2f06148e7092eb01db80527","78de46072463e2fcc36c29ef828355123d67712eb26d1e235565d9c9056e7939","4c8ca2405e5cb924faf61a77e1d79408dfbbe1223b27fadae5cfa6e29c41eba4"
"1.0","open_core","wc2014","wc2014_043",TRUE,TRUE,TRUE,2014-06-24,2014-06-25,"","dbcf24c9f86f48423588ed254bdb08b4eb8663c31d50135a35aac5648ce87c73","1f97aae25b451b487872acbec081b19f16f85159628e9b3ae8b8a1228cdea265","7a5e5629a678fff177770206d872af4aabb850c7b2f06148e7092eb01db80527","37ee5c76b39106d9de5e2cb342b57ce4e8e127ec9299922f7f1bf10a212cd1fd","a0a3f17ca841b6af26f8e48e637d5cb4e4b16c8bbf41feb9e1c1a1e2d431870b"
"1.0","open_core","wc2014","wc2014_044",TRUE,TRUE,TRUE,2014-06-24,2014-06-25,"","dbcf24c9f86f48423588ed254bdb08b4eb8663c31d50135a35aac5648ce87c73","1f97aae25b451b487872acbec081b19f16f85159628e9b3ae8b8a1228cdea265","7a5e5629a678fff177770206d872af4aabb850c7b2f06148e7092eb01db80527","bc93e5a1f3f7531c5f7dec5352cb6ca76758cf62ece759a250f7708ad0339182","9095fa2d38d17a9d2e990b74f2a87967159b9c8fdf2fba4c7d85a8e7b552b2f4"
"1.0","open_core","wc2014","wc2014_045",TRUE,TRUE,TRUE,2014-06-25,2014-06-26,"","dbcf24c9f86f48423588ed254bdb08b4eb8663c31d50135a35aac5648ce87c73","1f97aae25b451b487872acbec081b19f16f85159628e9b3ae8b8a1228cdea265","7a5e5629a678fff177770206d872af4aabb850c7b2f06148e7092eb01db80527","2eed906627569db874b6bc681655387c999530b8413d03ed0316f2235c8a7a6b","44ec9e10c620a042f22c4e0ab70cff1ec3d81196c5a00a0d44d61c199371ad73"
"1.0","open_core","wc2014","wc2014_046",TRUE,TRUE,TRUE,2014-06-25,2014-06-26,"","dbcf24c9f86f48423588ed254bdb08b4eb8663c31d50135a35aac5648ce87c73","1f97aae25b451b487872acbec081b19f16f85159628e9b3ae8b8a1228cdea265","7a5e5629a678fff177770206d872af4aabb850c7b2f06148e7092eb01db80527","9596a1d36a361381e2e38bb85ef501cb1dd4a5c8769493761dc992b4dade7bfa","8d45ad93729d41c9100dc7340654b9af6411825eda5d9941a0adda35a67f3afb"
"1.0","open_core","wc2014","wc2014_047",TRUE,TRUE,TRUE,2014-06-25,2014-06-26,"","dbcf24c9f86f48423588ed254bdb08b4eb8663c31d50135a35aac5648ce87c73","1f97aae25b451b487872acbec081b19f16f85159628e9b3ae8b8a1228cdea265","7a5e5629a678fff177770206d872af4aabb850c7b2f06148e7092eb01db80527","ff3a1ba505e748f5f8b855061a2fb952935ebfd5b533e48b58dfb42115663176","675bf66bb95bc5f87280c7ebd5d164ced48013ed8f1f184cf95b086b46610c17"
"1.0","open_core","wc2014","wc2014_048",TRUE,TRUE,TRUE,2014-06-25,2014-06-26,"","dbcf24c9f86f48423588ed254bdb08b4eb8663c31d50135a35aac5648ce87c73","1f97aae25b451b487872acbec081b19f16f85159628e9b3ae8b8a1228cdea265","7a5e5629a678fff177770206d872af4aabb850c7b2f06148e7092eb01db80527","ab2f3395fa06b80431f85fb9223eae5f0a58fd15c5b7978bcb84b9ac424b39bb","26ef9bdd4f4a5a83b59cc0ce70948d0cf51c6b8fd038ccbb36fae30caef91fa4"
"1.0","open_core","wc2014","wc2014_049",TRUE,TRUE,TRUE,2014-06-27,2014-06-28,"","dbcf24c9f86f48423588ed254bdb08b4eb8663c31d50135a35aac5648ce87c73","1f97aae25b451b487872acbec081b19f16f85159628e9b3ae8b8a1228cdea265","7a5e5629a678fff177770206d872af4aabb850c7b2f06148e7092eb01db80527","82d95df1f442686c68ebf1b88839395e1753592f6a44972c695487a8034fe01f","e7716ec4822236a6b437bec32e306baa282aff26957b390d18325459ed33e71c"
"1.0","open_core","wc2014","wc2014_050",TRUE,TRUE,TRUE,2014-06-27,2014-06-28,"","dbcf24c9f86f48423588ed254bdb08b4eb8663c31d50135a35aac5648ce87c73","1f97aae25b451b487872acbec081b19f16f85159628e9b3ae8b8a1228cdea265","7a5e5629a678fff177770206d872af4aabb850c7b2f06148e7092eb01db80527","4eccd193ce42c9646bb275c6cb9a0ec0317133d5a5e0fd72075f4eb1783d24bf","e1460b38e3eda37d2d4323aa5c9b6021e3d878fbb6c55f6c2c3ae3a7e2543d87"
"1.0","open_core","wc2014","wc2014_051",TRUE,TRUE,TRUE,2014-06-28,2014-06-29,"","dbcf24c9f86f48423588ed254bdb08b4eb8663c31d50135a35aac5648ce87c73","1f97aae25b451b487872acbec081b19f16f85159628e9b3ae8b8a1228cdea265","7a5e5629a678fff177770206d872af4aabb850c7b2f06148e7092eb01db80527","89325a5a9a9c1487c447624c785105a0d99c388453ace39795cc5ab84d9fdab0","1ec05efb655c1f70b81ac6c0429018329035d7c9d4151e90a56a1fa6d91ea0b8"
"1.0","open_core","wc2014","wc2014_052",TRUE,TRUE,TRUE,2014-06-28,2014-06-29,"","dbcf24c9f86f48423588ed254bdb08b4eb8663c31d50135a35aac5648ce87c73","1f97aae25b451b487872acbec081b19f16f85159628e9b3ae8b8a1228cdea265","7a5e5629a678fff177770206d872af4aabb850c7b2f06148e7092eb01db80527","022fed7ad75ed3a0ac1c7d31b6f6fdbac83cb145a44dfd0d2aa53a3408e1ab93","ddd84e43137cd3dbc471318a8a594f5bfbe0973ef7424236a631dcb442e50753"
"1.0","open_core","wc2014","wc2014_053",TRUE,TRUE,TRUE,2014-06-29,2014-06-30,"","dbcf24c9f86f48423588ed254bdb08b4eb8663c31d50135a35aac5648ce87c73","1f97aae25b451b487872acbec081b19f16f85159628e9b3ae8b8a1228cdea265","7a5e5629a678fff177770206d872af4aabb850c7b2f06148e7092eb01db80527","5c5a3b10406cecd9fbb8df82f3088d57998429b8f436ac70befe166645cfab84","3feb6057d0fc49b05448ee91df218248cf006345b6de1257f048f0f54842d0cb"
"1.0","open_core","wc2014","wc2014_054",TRUE,TRUE,TRUE,2014-06-29,2014-06-30,"","dbcf24c9f86f48423588ed254bdb08b4eb8663c31d50135a35aac5648ce87c73","1f97aae25b451b487872acbec081b19f16f85159628e9b3ae8b8a1228cdea265","7a5e5629a678fff177770206d872af4aabb850c7b2f06148e7092eb01db80527","e2028f2a059377d3796e9e980fd48b2e0871b8e0c92ff0f7dee0bd8350c90ad7","2bcca53d3f806bafcb34fe7fe7b19bfcca1a2116c23f4bb5bf7800533e3c388f"
"1.0","open_core","wc2014","wc2014_055",TRUE,TRUE,TRUE,2014-06-30,2014-07-01,"","dbcf24c9f86f48423588ed254bdb08b4eb8663c31d50135a35aac5648ce87c73","1f97aae25b451b487872acbec081b19f16f85159628e9b3ae8b8a1228cdea265","7a5e5629a678fff177770206d872af4aabb850c7b2f06148e7092eb01db80527","ad3f6c68409bf4a3c86c9f1af65fd57559068e3a9aaab1191172c497d18a5774","8612718ac3c4be03302c7c6a55a9532bbabd1968baeac0c1f073522b8dd8198c"
"1.0","open_core","wc2014","wc2014_056",TRUE,TRUE,TRUE,2014-06-30,2014-07-01,"","dbcf24c9f86f48423588ed254bdb08b4eb8663c31d50135a35aac5648ce87c73","1f97aae25b451b487872acbec081b19f16f85159628e9b3ae8b8a1228cdea265","7a5e5629a678fff177770206d872af4aabb850c7b2f06148e7092eb01db80527","c7555c20a1b3c07ab7ac6d8540b43c34c249caf9029f7614824e8520d36a7892","1215259f2581078abc04597ce3282751e5dde1e2dde88ac39ba5cda77ef7d460"
"1.0","open_core","wc2014","wc2014_057",TRUE,TRUE,TRUE,2014-07-03,2014-07-04,"","dbcf24c9f86f48423588ed254bdb08b4eb8663c31d50135a35aac5648ce87c73","1f97aae25b451b487872acbec081b19f16f85159628e9b3ae8b8a1228cdea265","7a5e5629a678fff177770206d872af4aabb850c7b2f06148e7092eb01db80527","b8bc1b00d46a118821850dd1014e22ca7470900acc45bfdb37c3715eb8b2ac49","8d95d370b14d942d83186f9a04bb9984eb995a6ad9d51f9864cb843cc35a1cae"
"1.0","open_core","wc2014","wc2014_058",TRUE,TRUE,TRUE,2014-07-03,2014-07-04,"","dbcf24c9f86f48423588ed254bdb08b4eb8663c31d50135a35aac5648ce87c73","1f97aae25b451b487872acbec081b19f16f85159628e9b3ae8b8a1228cdea265","7a5e5629a678fff177770206d872af4aabb850c7b2f06148e7092eb01db80527","64773a6e444c4d0d08a4e08389df01ad02a9645afba1e275d499fef8e2dea3a6","875a04446a4f6b7a2606cf1f7ada13530d956b93a67d4e9b84be65d16f47f61e"
"1.0","open_core","wc2014","wc2014_059",TRUE,TRUE,TRUE,2014-07-04,2014-07-05,"","dbcf24c9f86f48423588ed254bdb08b4eb8663c31d50135a35aac5648ce87c73","1f97aae25b451b487872acbec081b19f16f85159628e9b3ae8b8a1228cdea265","7a5e5629a678fff177770206d872af4aabb850c7b2f06148e7092eb01db80527","9f48977b40842c92be39d1ef3bbe1e12b092f0e27b25974d85ace6e89f7eaf6b","51344d6405a9f8b955428e2169e37902824d083f344d2a0e13383fabab3e504a"
"1.0","open_core","wc2014","wc2014_060",TRUE,TRUE,TRUE,2014-07-04,2014-07-05,"","dbcf24c9f86f48423588ed254bdb08b4eb8663c31d50135a35aac5648ce87c73","1f97aae25b451b487872acbec081b19f16f85159628e9b3ae8b8a1228cdea265","7a5e5629a678fff177770206d872af4aabb850c7b2f06148e7092eb01db80527","0f0e2c2aac04258e58a76bbc7e38418688ff897282a74c5352108f0f8e10e72d","e1ce69a27e57ecff9c30cc0ee553341df075386061270b3f4fe14b28138e11be"
"1.0","open_core","wc2014","wc2014_061",TRUE,TRUE,TRUE,2014-07-07,2014-07-08,"","dbcf24c9f86f48423588ed254bdb08b4eb8663c31d50135a35aac5648ce87c73","1f97aae25b451b487872acbec081b19f16f85159628e9b3ae8b8a1228cdea265","7a5e5629a678fff177770206d872af4aabb850c7b2f06148e7092eb01db80527","35e0ddc7ddb05d631d29a8869f29ec550fe83ab251b4ebe3fadeaf86561424b6","6b8300468579b961a4fec37fe0465a87b5d905cdaea3ad250b6120233b38d63a"
"1.0","open_core","wc2014","wc2014_062",TRUE,TRUE,TRUE,2014-07-08,2014-07-09,"","dbcf24c9f86f48423588ed254bdb08b4eb8663c31d50135a35aac5648ce87c73","1f97aae25b451b487872acbec081b19f16f85159628e9b3ae8b8a1228cdea265","7a5e5629a678fff177770206d872af4aabb850c7b2f06148e7092eb01db80527","b5088235744ea3cdc6fed6c7e827e0e44ee61f3df748d93645ff2b4379fe1f81","9298334da19b99076998650b4bfd65644a80bc06058372b68b576c8c8fad5182"
"1.0","open_core","wc2014","wc2014_063",TRUE,TRUE,TRUE,2014-07-11,2014-07-12,"","dbcf24c9f86f48423588ed254bdb08b4eb8663c31d50135a35aac5648ce87c73","1f97aae25b451b487872acbec081b19f16f85159628e9b3ae8b8a1228cdea265","7a5e5629a678fff177770206d872af4aabb850c7b2f06148e7092eb01db80527","43a821d09481312f1bb145631eaa6eccaf989f1b1978719478ab232fa4dc6b88","690175ce3501b8c755adad0606beae1cf6f0d9205f153605a8b1dd9dee217ab1"
"1.0","open_core","wc2014","wc2014_064",TRUE,TRUE,TRUE,2014-07-12,2014-07-13,"","dbcf24c9f86f48423588ed254bdb08b4eb8663c31d50135a35aac5648ce87c73","1f97aae25b451b487872acbec081b19f16f85159628e9b3ae8b8a1228cdea265","7a5e5629a678fff177770206d872af4aabb850c7b2f06148e7092eb01db80527","b27cfa91cb9f7fda7860e7c32fed9c564701381f28c4c7a7194685c97bd89afe","1b40a61914d98a7239f0f811cf960d0f66377097202baa3ea0fc561988af405a"
"1.0","open_core","wc2018","wc2018_001",TRUE,TRUE,TRUE,2018-06-13,2018-06-14,"","dbcf24c9f86f48423588ed254bdb08b4eb8663c31d50135a35aac5648ce87c73","1f97aae25b451b487872acbec081b19f16f85159628e9b3ae8b8a1228cdea265","7a5e5629a678fff177770206d872af4aabb850c7b2f06148e7092eb01db80527","4610fec849d890bc54f2c13e8106c0a38930bf11a69cabc580aba1168ce9cc00","4372c9b685c84f4d4eb271df9e451e5afe1b25c4d3fd2e517f10d9c31dcf2793"
"1.0","open_core","wc2018","wc2018_002",TRUE,TRUE,TRUE,2018-06-14,2018-06-15,"","dbcf24c9f86f48423588ed254bdb08b4eb8663c31d50135a35aac5648ce87c73","1f97aae25b451b487872acbec081b19f16f85159628e9b3ae8b8a1228cdea265","7a5e5629a678fff177770206d872af4aabb850c7b2f06148e7092eb01db80527","48db618e1828a4c70d9a08ea58aeb7a65d6c3debbb7cb642f1e1427f096a6b33","cf63f589b64aca629a55900613b8df88ccfabfd13c558e5d247024f644a54fab"
"1.0","open_core","wc2018","wc2018_003",TRUE,TRUE,TRUE,2018-06-14,2018-06-15,"","dbcf24c9f86f48423588ed254bdb08b4eb8663c31d50135a35aac5648ce87c73","1f97aae25b451b487872acbec081b19f16f85159628e9b3ae8b8a1228cdea265","7a5e5629a678fff177770206d872af4aabb850c7b2f06148e7092eb01db80527","d99989c4d8610f14bd9da75f02510d4c7207598758051afc8d5cf864c507d3f5","bf54675fc2d36cdea4f079346520e689b4d0d85eca81cf991fbfcbce9e2181f0"
"1.0","open_core","wc2018","wc2018_004",TRUE,TRUE,TRUE,2018-06-14,2018-06-15,"","dbcf24c9f86f48423588ed254bdb08b4eb8663c31d50135a35aac5648ce87c73","1f97aae25b451b487872acbec081b19f16f85159628e9b3ae8b8a1228cdea265","7a5e5629a678fff177770206d872af4aabb850c7b2f06148e7092eb01db80527","e9b3d3a59b57666bfe74dae284f1474148823ca00921a50a56a5c440c2b9014b","15745162577bc5b731e81d161af5c6eb0ba1b9e5d4d0881186a029e06c9afc0f"
"1.0","open_core","wc2018","wc2018_005",TRUE,TRUE,TRUE,2018-06-15,2018-06-16,"","dbcf24c9f86f48423588ed254bdb08b4eb8663c31d50135a35aac5648ce87c73","1f97aae25b451b487872acbec081b19f16f85159628e9b3ae8b8a1228cdea265","7a5e5629a678fff177770206d872af4aabb850c7b2f06148e7092eb01db80527","5117f4041dea818f853fa6e9a91fd92ce76d5c94db9e64e7d29e6fea59d40bcd","5d0f88990dce2a8c65626c9b16ec30e454f0eb28910e7cc398c7ac6a3aa29204"
"1.0","open_core","wc2018","wc2018_006",TRUE,TRUE,TRUE,2018-06-15,2018-06-16,"","dbcf24c9f86f48423588ed254bdb08b4eb8663c31d50135a35aac5648ce87c73","1f97aae25b451b487872acbec081b19f16f85159628e9b3ae8b8a1228cdea265","7a5e5629a678fff177770206d872af4aabb850c7b2f06148e7092eb01db80527","2379809709ff770bbe473bb3b3476e3a4f5b7d0600c95edd35672acf0af8350f","7b3395e415fdf87dc317066f338b3b43b86767ba4e133fc0689da806f792bd8c"
"1.0","open_core","wc2018","wc2018_007",TRUE,TRUE,TRUE,2018-06-15,2018-06-16,"","dbcf24c9f86f48423588ed254bdb08b4eb8663c31d50135a35aac5648ce87c73","1f97aae25b451b487872acbec081b19f16f85159628e9b3ae8b8a1228cdea265","7a5e5629a678fff177770206d872af4aabb850c7b2f06148e7092eb01db80527","ae7e7736321681ef021b109c719fa752a1c1a85d89026490ed7c920dfc0afaec","c310d28003fc63d30365b5cbed7d60c8a282794b715ba802d6a89eec9be70509"
"1.0","open_core","wc2018","wc2018_008",TRUE,TRUE,TRUE,2018-06-15,2018-06-16,"","dbcf24c9f86f48423588ed254bdb08b4eb8663c31d50135a35aac5648ce87c73","1f97aae25b451b487872acbec081b19f16f85159628e9b3ae8b8a1228cdea265","7a5e5629a678fff177770206d872af4aabb850c7b2f06148e7092eb01db80527","e02fff4a9457b35967a9c6e7ad0d74a9cbcd51a5d83a467a8ded540642e64652","d1a921077715499488c92a33d8ba3d5c739b5cb2140dc74b486fc2f457cf6e0f"
"1.0","open_core","wc2018","wc2018_009",TRUE,TRUE,TRUE,2018-06-16,2018-06-17,"","dbcf24c9f86f48423588ed254bdb08b4eb8663c31d50135a35aac5648ce87c73","1f97aae25b451b487872acbec081b19f16f85159628e9b3ae8b8a1228cdea265","7a5e5629a678fff177770206d872af4aabb850c7b2f06148e7092eb01db80527","fcd79a46a88c8b69f9ea1da38a478dc0bb09ebca1c96c1ea084ab5c81d7aa110","e9a95006afe4452c05fd28dbe835c94a0a93f24471a25730e89976cac041ee2b"
"1.0","open_core","wc2018","wc2018_010",TRUE,TRUE,TRUE,2018-06-16,2018-06-17,"","dbcf24c9f86f48423588ed254bdb08b4eb8663c31d50135a35aac5648ce87c73","1f97aae25b451b487872acbec081b19f16f85159628e9b3ae8b8a1228cdea265","7a5e5629a678fff177770206d872af4aabb850c7b2f06148e7092eb01db80527","60ec993695063850fada296a0a511a0ed8e412080bb6a3cc600499414b95ee7d","86c90a82376227f75b8f8ec1b8174ce5eeffe8d2cffc097a27c3b6d9ac7b6725"
"1.0","open_core","wc2018","wc2018_011",TRUE,TRUE,TRUE,2018-06-16,2018-06-17,"","dbcf24c9f86f48423588ed254bdb08b4eb8663c31d50135a35aac5648ce87c73","1f97aae25b451b487872acbec081b19f16f85159628e9b3ae8b8a1228cdea265","7a5e5629a678fff177770206d872af4aabb850c7b2f06148e7092eb01db80527","d9fc26ea52a7c953557275ede28e230c8d85698608f5abce78f29116075c980f","6d946964520162f49e4d291f8cd48c11c3790ea519a409023012f61ee5c7a63c"
"1.0","open_core","wc2018","wc2018_012",TRUE,TRUE,TRUE,2018-06-17,2018-06-18,"","dbcf24c9f86f48423588ed254bdb08b4eb8663c31d50135a35aac5648ce87c73","1f97aae25b451b487872acbec081b19f16f85159628e9b3ae8b8a1228cdea265","7a5e5629a678fff177770206d872af4aabb850c7b2f06148e7092eb01db80527","f5cd23208cd1628e0ab1a5d3fcf299de6a94b6c91c26c7de5cd819ddae17833e","f0d9c1a95e1926feb73950a20739e5a8a910be858f1f542b889c416bedc2e7d4"
"1.0","open_core","wc2018","wc2018_013",TRUE,TRUE,TRUE,2018-06-17,2018-06-18,"","dbcf24c9f86f48423588ed254bdb08b4eb8663c31d50135a35aac5648ce87c73","1f97aae25b451b487872acbec081b19f16f85159628e9b3ae8b8a1228cdea265","7a5e5629a678fff177770206d872af4aabb850c7b2f06148e7092eb01db80527","e8bbb74f108f27b49da1339908f80fe09965c2597bcf89f4d5b45792e6ba417a","9cb6fc4223b8580dda633cee33a85dc60353f9117de99324f390befe51a9e7a1"
"1.0","open_core","wc2018","wc2018_014",TRUE,TRUE,TRUE,2018-06-17,2018-06-18,"","dbcf24c9f86f48423588ed254bdb08b4eb8663c31d50135a35aac5648ce87c73","1f97aae25b451b487872acbec081b19f16f85159628e9b3ae8b8a1228cdea265","7a5e5629a678fff177770206d872af4aabb850c7b2f06148e7092eb01db80527","7f3e2e3dad19ddfc2fb420b7c4eb8f568b9bbd2c47b6721445cee2c75a497f07","5af4875aada854739b6331bc4df10654dc1e83fe3399c9640b968b5c3b3fa367"
"1.0","open_core","wc2018","wc2018_015",TRUE,TRUE,TRUE,2018-06-18,2018-06-19,"","dbcf24c9f86f48423588ed254bdb08b4eb8663c31d50135a35aac5648ce87c73","1f97aae25b451b487872acbec081b19f16f85159628e9b3ae8b8a1228cdea265","7a5e5629a678fff177770206d872af4aabb850c7b2f06148e7092eb01db80527","692f0c0f660066be0107049783b7aee0c11a3780906dde5ee88747ec0fc920d5","5a09f068ef04313dbbea29c021b00667613202ed76c8e9dff67851b981abc769"
"1.0","open_core","wc2018","wc2018_016",TRUE,TRUE,TRUE,2018-06-18,2018-06-19,"","dbcf24c9f86f48423588ed254bdb08b4eb8663c31d50135a35aac5648ce87c73","1f97aae25b451b487872acbec081b19f16f85159628e9b3ae8b8a1228cdea265","7a5e5629a678fff177770206d872af4aabb850c7b2f06148e7092eb01db80527","b90bb65b93531895cdbba79ac1fa0019d8a482fea97e6eec9e2a60379639845f","90030d8aece3e135ddbdf2ff092c79370360a8f7ca6f7f92a14d874191c6f43f"
"1.0","open_core","wc2018","wc2018_017",TRUE,TRUE,TRUE,2018-06-18,2018-06-19,"","dbcf24c9f86f48423588ed254bdb08b4eb8663c31d50135a35aac5648ce87c73","1f97aae25b451b487872acbec081b19f16f85159628e9b3ae8b8a1228cdea265","7a5e5629a678fff177770206d872af4aabb850c7b2f06148e7092eb01db80527","532d4450e1128c7a0816f457402381371a2669ac84e92dcdb87b9c4bd921996e","9b02ce0a17fb8c80822af88b263ba49f93ac0131db2968a51c153e2d4b55974f"
"1.0","open_core","wc2018","wc2018_018",TRUE,TRUE,TRUE,2018-06-19,2018-06-20,"","dbcf24c9f86f48423588ed254bdb08b4eb8663c31d50135a35aac5648ce87c73","1f97aae25b451b487872acbec081b19f16f85159628e9b3ae8b8a1228cdea265","7a5e5629a678fff177770206d872af4aabb850c7b2f06148e7092eb01db80527","5d2d4968c856af403927042c1366312c4230c7e2b62ae1de52de9cc977effc8f","d6e39aaea3de0211884286fb6f88aee673254edda2e38bec128917b2bc811766"
"1.0","open_core","wc2018","wc2018_019",TRUE,TRUE,TRUE,2018-06-19,2018-06-20,"","dbcf24c9f86f48423588ed254bdb08b4eb8663c31d50135a35aac5648ce87c73","1f97aae25b451b487872acbec081b19f16f85159628e9b3ae8b8a1228cdea265","7a5e5629a678fff177770206d872af4aabb850c7b2f06148e7092eb01db80527","9fca9a2d8f2782531938a1959b821895f34f05864fc659adf8479f686200d719","8c781be60dfae53792264cfb3ab0d7b5af32cbb9a1fc2e51f23911c59401cf62"
"1.0","open_core","wc2018","wc2018_020",TRUE,TRUE,TRUE,2018-06-19,2018-06-20,"","dbcf24c9f86f48423588ed254bdb08b4eb8663c31d50135a35aac5648ce87c73","1f97aae25b451b487872acbec081b19f16f85159628e9b3ae8b8a1228cdea265","7a5e5629a678fff177770206d872af4aabb850c7b2f06148e7092eb01db80527","21fef6cc74a043ad56eb55a52de043e69cba42ef073c5549572976587f1eb9e5","282b76eb94d36b2177abb153cefd98172d2fa6ccb405759973f7b428d68b0df6"
"1.0","open_core","wc2018","wc2018_021",TRUE,TRUE,TRUE,2018-06-20,2018-06-21,"","dbcf24c9f86f48423588ed254bdb08b4eb8663c31d50135a35aac5648ce87c73","1f97aae25b451b487872acbec081b19f16f85159628e9b3ae8b8a1228cdea265","7a5e5629a678fff177770206d872af4aabb850c7b2f06148e7092eb01db80527","29adfe113371d0a8f9accfd4b74783a07d96c55b88c4bb773661d34e0aa65eeb","fa173a5b67558ae60f3aead43a6001c168b23e56a860a533820ea7a01e91c9fb"
"1.0","open_core","wc2018","wc2018_022",TRUE,TRUE,TRUE,2018-06-20,2018-06-21,"","dbcf24c9f86f48423588ed254bdb08b4eb8663c31d50135a35aac5648ce87c73","1f97aae25b451b487872acbec081b19f16f85159628e9b3ae8b8a1228cdea265","7a5e5629a678fff177770206d872af4aabb850c7b2f06148e7092eb01db80527","0823b60f28dcb57c71a13196b68ea69c5b02ca7fcd28e465bde371f72e7ebbbb","287e209fb915b6b6bc013862306ab14dd81125ab5a4b6a163ec8195684bbabc7"
"1.0","open_core","wc2018","wc2018_023",TRUE,TRUE,TRUE,2018-06-20,2018-06-21,"","dbcf24c9f86f48423588ed254bdb08b4eb8663c31d50135a35aac5648ce87c73","1f97aae25b451b487872acbec081b19f16f85159628e9b3ae8b8a1228cdea265","7a5e5629a678fff177770206d872af4aabb850c7b2f06148e7092eb01db80527","04ca1a2fc85196b4522eb78a7f91db18370a2ebe1c7ecab052f8cd2ab68b0322","0020738af0898c44d4b36cb4853acf6d077b5c5caa46409631f15de4c4fdbfe0"
"1.0","open_core","wc2018","wc2018_024",TRUE,TRUE,TRUE,2018-06-21,2018-06-22,"","dbcf24c9f86f48423588ed254bdb08b4eb8663c31d50135a35aac5648ce87c73","1f97aae25b451b487872acbec081b19f16f85159628e9b3ae8b8a1228cdea265","7a5e5629a678fff177770206d872af4aabb850c7b2f06148e7092eb01db80527","8b28c44984945efd0a35d555d2989df71d508ccff8ae6425ebe8e7d8a25556af","6b7beec04c559dfce3ab1dcd436b3acddd6fb2a3e75709667fe6d00d742af905"
"1.0","open_core","wc2018","wc2018_025",TRUE,TRUE,TRUE,2018-06-21,2018-06-22,"","dbcf24c9f86f48423588ed254bdb08b4eb8663c31d50135a35aac5648ce87c73","1f97aae25b451b487872acbec081b19f16f85159628e9b3ae8b8a1228cdea265","7a5e5629a678fff177770206d872af4aabb850c7b2f06148e7092eb01db80527","5d28926a9d12c5ec3cf16ffb91212ededb3c619136688e4fdbc788b435c38a8d","33126404502b439ec88549842fa19135b251be0d5aad67e58285af6bd7ab60f0"
"1.0","open_core","wc2018","wc2018_026",TRUE,TRUE,TRUE,2018-06-21,2018-06-22,"","dbcf24c9f86f48423588ed254bdb08b4eb8663c31d50135a35aac5648ce87c73","1f97aae25b451b487872acbec081b19f16f85159628e9b3ae8b8a1228cdea265","7a5e5629a678fff177770206d872af4aabb850c7b2f06148e7092eb01db80527","762e36131b7b33414e0a3c2f336d9b99aed754acf66a85fc19ff20346df6dc00","b0cb371f94f6dae791e14218ff1110601de00cd433819be351556828db980464"
"1.0","open_core","wc2018","wc2018_027",TRUE,TRUE,TRUE,2018-06-22,2018-06-23,"","dbcf24c9f86f48423588ed254bdb08b4eb8663c31d50135a35aac5648ce87c73","1f97aae25b451b487872acbec081b19f16f85159628e9b3ae8b8a1228cdea265","7a5e5629a678fff177770206d872af4aabb850c7b2f06148e7092eb01db80527","e7a76d27dfd7b98dc1b950bd5a2fff8eeb62e3e1c91b38701b6f69854d464a53","59b268b330a770eb5aea6bbeb6b220ea03a01570445fa1d540b25434903d9321"
"1.0","open_core","wc2018","wc2018_028",TRUE,TRUE,TRUE,2018-06-22,2018-06-23,"","dbcf24c9f86f48423588ed254bdb08b4eb8663c31d50135a35aac5648ce87c73","1f97aae25b451b487872acbec081b19f16f85159628e9b3ae8b8a1228cdea265","7a5e5629a678fff177770206d872af4aabb850c7b2f06148e7092eb01db80527","dcf682402fc8b6d59ee9f4036f14621a11213ae722565cf72cb087bc202d575b","93ab8589b51b58cf173857ae5328597f568e641aea72a5df31aec8124fc8cc5e"
"1.0","open_core","wc2018","wc2018_029",TRUE,TRUE,TRUE,2018-06-22,2018-06-23,"","dbcf24c9f86f48423588ed254bdb08b4eb8663c31d50135a35aac5648ce87c73","1f97aae25b451b487872acbec081b19f16f85159628e9b3ae8b8a1228cdea265","7a5e5629a678fff177770206d872af4aabb850c7b2f06148e7092eb01db80527","271d9d03205ca025247ca7b7909de3120bf4d6d1fa7c4eac1e92600d1cccfd04","518167b6370a1548c92e03766ca9b3b9aaf223353e16bbfa78402b1d6b72199f"
"1.0","open_core","wc2018","wc2018_030",TRUE,TRUE,TRUE,2018-06-23,2018-06-24,"","dbcf24c9f86f48423588ed254bdb08b4eb8663c31d50135a35aac5648ce87c73","1f97aae25b451b487872acbec081b19f16f85159628e9b3ae8b8a1228cdea265","7a5e5629a678fff177770206d872af4aabb850c7b2f06148e7092eb01db80527","2f953be5f828328a35aa9e5b3e7c9d2182bf14eaf3c68cc3e0e924ecd3caf667","0a4b3d3149a2c7ef3a2ea6e70cc8d62e218d448621e686f833f296858cdf835a"
"1.0","open_core","wc2018","wc2018_031",TRUE,TRUE,TRUE,2018-06-23,2018-06-24,"","dbcf24c9f86f48423588ed254bdb08b4eb8663c31d50135a35aac5648ce87c73","1f97aae25b451b487872acbec081b19f16f85159628e9b3ae8b8a1228cdea265","7a5e5629a678fff177770206d872af4aabb850c7b2f06148e7092eb01db80527","be5fce465fa6cf9b6e9d6b39325acfc2f547b714e10613d6b4c70e937471d4bd","206e88b894d3ebe58d9bdd993f6d774087c1372ed5a60638558379b9c12ccab5"
"1.0","open_core","wc2018","wc2018_032",TRUE,TRUE,TRUE,2018-06-23,2018-06-24,"","dbcf24c9f86f48423588ed254bdb08b4eb8663c31d50135a35aac5648ce87c73","1f97aae25b451b487872acbec081b19f16f85159628e9b3ae8b8a1228cdea265","7a5e5629a678fff177770206d872af4aabb850c7b2f06148e7092eb01db80527","2c95f1defb22e7bbec0cee70158ec00d88cdf60930c654ae76ecb9be21534774","9bf7492dffa79524206faeb85d9d5a603c671d765a910873afb1e3e57dd8fd8b"
"1.0","open_core","wc2018","wc2018_033",TRUE,TRUE,TRUE,2018-06-24,2018-06-25,"","dbcf24c9f86f48423588ed254bdb08b4eb8663c31d50135a35aac5648ce87c73","1f97aae25b451b487872acbec081b19f16f85159628e9b3ae8b8a1228cdea265","7a5e5629a678fff177770206d872af4aabb850c7b2f06148e7092eb01db80527","3f195f40bc6d170e06def71c2efb9ec65c2848ad5e56172c5eb0ddd5c063fcdd","a0fe2b870a3b643dfdf22eba7b979c1aa1f4642d143a55951b349d6149e94d96"
"1.0","open_core","wc2018","wc2018_034",TRUE,TRUE,TRUE,2018-06-24,2018-06-25,"","dbcf24c9f86f48423588ed254bdb08b4eb8663c31d50135a35aac5648ce87c73","1f97aae25b451b487872acbec081b19f16f85159628e9b3ae8b8a1228cdea265","7a5e5629a678fff177770206d872af4aabb850c7b2f06148e7092eb01db80527","539932ce7d8e4ce56dd947b69a8dbaea4fea9c8e5ca06ad209f007a4322de166","f71a9bf87d736d879a22773a7fa2a22ffe6a8299bf7073847174d1aa958c8cc4"
"1.0","open_core","wc2018","wc2018_035",TRUE,TRUE,TRUE,2018-06-24,2018-06-25,"","dbcf24c9f86f48423588ed254bdb08b4eb8663c31d50135a35aac5648ce87c73","1f97aae25b451b487872acbec081b19f16f85159628e9b3ae8b8a1228cdea265","7a5e5629a678fff177770206d872af4aabb850c7b2f06148e7092eb01db80527","5298e1dacbf4f5bb7fa028b71feca1266ac2b1e9ba80d85083bfab2076fc5aaa","fe32f468362cd2c6be4e52a8bb4ea671c945fec7f10349187e961fbdec525f48"
"1.0","open_core","wc2018","wc2018_036",TRUE,TRUE,TRUE,2018-06-24,2018-06-25,"","dbcf24c9f86f48423588ed254bdb08b4eb8663c31d50135a35aac5648ce87c73","1f97aae25b451b487872acbec081b19f16f85159628e9b3ae8b8a1228cdea265","7a5e5629a678fff177770206d872af4aabb850c7b2f06148e7092eb01db80527","3fff10538c5999e2ee70fbbb0bf39f5201762d0348306f0b8a8d36291e6452ee","31450a72ac3957fbff888c45b8e6617c72a4d602f2ec340909c7d215167ab0df"
"1.0","open_core","wc2018","wc2018_037",TRUE,TRUE,TRUE,2018-06-25,2018-06-26,"","dbcf24c9f86f48423588ed254bdb08b4eb8663c31d50135a35aac5648ce87c73","1f97aae25b451b487872acbec081b19f16f85159628e9b3ae8b8a1228cdea265","7a5e5629a678fff177770206d872af4aabb850c7b2f06148e7092eb01db80527","d1a9e2269916f585ad4794f0baad2ab76806ccaf38a20f66af0f0c02a568c079","572a1d6a21e532fbd5f40dc5b07cc2b41423bd1a4334ad12cb1c021a5f98724b"
"1.0","open_core","wc2018","wc2018_038",TRUE,TRUE,TRUE,2018-06-25,2018-06-26,"","dbcf24c9f86f48423588ed254bdb08b4eb8663c31d50135a35aac5648ce87c73","1f97aae25b451b487872acbec081b19f16f85159628e9b3ae8b8a1228cdea265","7a5e5629a678fff177770206d872af4aabb850c7b2f06148e7092eb01db80527","ab36b159a22943823daa8c6e0aa4ec64c3df8e46c9991f20500dd9d8bd3845ae","1ce16841ef1ff9b1bfe3191ae699d982973969c9c898b87893a1a38d516337b8"
"1.0","open_core","wc2018","wc2018_039",TRUE,TRUE,TRUE,2018-06-25,2018-06-26,"","dbcf24c9f86f48423588ed254bdb08b4eb8663c31d50135a35aac5648ce87c73","1f97aae25b451b487872acbec081b19f16f85159628e9b3ae8b8a1228cdea265","7a5e5629a678fff177770206d872af4aabb850c7b2f06148e7092eb01db80527","ba5cd2db4ecf20dd8e5673a802f47805b02b70352cdf2fcef347c3f875e1d2f2","c4e4af3db07cbf91c4963f25c069f03c84bfa89faaae07e4910fe82b56ea07bc"
"1.0","open_core","wc2018","wc2018_040",TRUE,TRUE,TRUE,2018-06-25,2018-06-26,"","dbcf24c9f86f48423588ed254bdb08b4eb8663c31d50135a35aac5648ce87c73","1f97aae25b451b487872acbec081b19f16f85159628e9b3ae8b8a1228cdea265","7a5e5629a678fff177770206d872af4aabb850c7b2f06148e7092eb01db80527","6055ca5d3a7415f495952c8e2223f1ab34934b72d344a78c7f3b26d3f253c37c","c26aed2e2ed091f606de57e0d92fadcf691511f833d9bf60076b93726d976f05"
"1.0","open_core","wc2018","wc2018_041",TRUE,TRUE,TRUE,2018-06-26,2018-06-27,"","dbcf24c9f86f48423588ed254bdb08b4eb8663c31d50135a35aac5648ce87c73","1f97aae25b451b487872acbec081b19f16f85159628e9b3ae8b8a1228cdea265","7a5e5629a678fff177770206d872af4aabb850c7b2f06148e7092eb01db80527","7b44907a6a8415b51ba23b9ccd6f69bcc05037cca31a4b02a2acd3c693276435","68e98a295d1549a65bf0ab3d3ac4a2deba75e9f8d7efac4992aecc106517f44c"
"1.0","open_core","wc2018","wc2018_042",TRUE,TRUE,TRUE,2018-06-26,2018-06-27,"","dbcf24c9f86f48423588ed254bdb08b4eb8663c31d50135a35aac5648ce87c73","1f97aae25b451b487872acbec081b19f16f85159628e9b3ae8b8a1228cdea265","7a5e5629a678fff177770206d872af4aabb850c7b2f06148e7092eb01db80527","d1f23412eb23c660e15870ebda5bff27de1a967efef24baebe576d6884ea08e3","847a3f80c7f12fc3d0e95da140f8f45913459d6b51a09ccdb0e2ccf7b443e680"
"1.0","open_core","wc2018","wc2018_043",TRUE,TRUE,TRUE,2018-06-26,2018-06-27,"","dbcf24c9f86f48423588ed254bdb08b4eb8663c31d50135a35aac5648ce87c73","1f97aae25b451b487872acbec081b19f16f85159628e9b3ae8b8a1228cdea265","7a5e5629a678fff177770206d872af4aabb850c7b2f06148e7092eb01db80527","c7c33ea11973d585dc02130d9b33cd488f7f4d4f9d3319ed17cf5d24daa79e6b","d88ca9d09445bee91a21322b34592800cacbbbaacdd96ec750443d482ce8e8b6"
"1.0","open_core","wc2018","wc2018_044",TRUE,TRUE,TRUE,2018-06-26,2018-06-27,"","dbcf24c9f86f48423588ed254bdb08b4eb8663c31d50135a35aac5648ce87c73","1f97aae25b451b487872acbec081b19f16f85159628e9b3ae8b8a1228cdea265","7a5e5629a678fff177770206d872af4aabb850c7b2f06148e7092eb01db80527","d66b8fd2b917eb908473e8a8737ec20898e6bf8732b720bb6ba8005ecb36a015","16a778a2fc5bb16145a7269b1c23a86a87bfac1242d4309a067ed461fc7e5c73"
"1.0","open_core","wc2018","wc2018_045",TRUE,TRUE,TRUE,2018-06-27,2018-06-28,"","dbcf24c9f86f48423588ed254bdb08b4eb8663c31d50135a35aac5648ce87c73","1f97aae25b451b487872acbec081b19f16f85159628e9b3ae8b8a1228cdea265","7a5e5629a678fff177770206d872af4aabb850c7b2f06148e7092eb01db80527","c32effb39ac1919aa0627941d8bf0581f2166f5e33f88263670aa2a2cb82badf","08c7cab7250de6676becbe8954656372a1a2abb7df21b2b0ca2002e67533e44e"
"1.0","open_core","wc2018","wc2018_046",TRUE,TRUE,TRUE,2018-06-27,2018-06-28,"","dbcf24c9f86f48423588ed254bdb08b4eb8663c31d50135a35aac5648ce87c73","1f97aae25b451b487872acbec081b19f16f85159628e9b3ae8b8a1228cdea265","7a5e5629a678fff177770206d872af4aabb850c7b2f06148e7092eb01db80527","9d4d7479649bdca48d354fb40b39c680da6c7b1c95cd8e264232d8d4a5757735","19ba8d1fe9e57f47695aebb1e2ef584fc164ad15862c879750bdbcae48f56534"
"1.0","open_core","wc2018","wc2018_047",TRUE,TRUE,TRUE,2018-06-27,2018-06-28,"","dbcf24c9f86f48423588ed254bdb08b4eb8663c31d50135a35aac5648ce87c73","1f97aae25b451b487872acbec081b19f16f85159628e9b3ae8b8a1228cdea265","7a5e5629a678fff177770206d872af4aabb850c7b2f06148e7092eb01db80527","b5180fdbea745596c26fdef46038f50a6cc918083892575386b0d8d22d151b68","38d2b482107026982cd519ee44a57801a907002d7e9f7393d6328ec427a7d178"
"1.0","open_core","wc2018","wc2018_048",TRUE,TRUE,TRUE,2018-06-27,2018-06-28,"","dbcf24c9f86f48423588ed254bdb08b4eb8663c31d50135a35aac5648ce87c73","1f97aae25b451b487872acbec081b19f16f85159628e9b3ae8b8a1228cdea265","7a5e5629a678fff177770206d872af4aabb850c7b2f06148e7092eb01db80527","27f58b5384abb8aa9ca7a39c3daa2b285113b46383594a47e9a62b65c2aa027c","0544f4ae104c94d1e44a7946deee110235330e4f88844019047f7f3c00cb9b7e"
"1.0","open_core","wc2018","wc2018_049",TRUE,TRUE,TRUE,2018-06-29,2018-06-30,"","dbcf24c9f86f48423588ed254bdb08b4eb8663c31d50135a35aac5648ce87c73","1f97aae25b451b487872acbec081b19f16f85159628e9b3ae8b8a1228cdea265","7a5e5629a678fff177770206d872af4aabb850c7b2f06148e7092eb01db80527","89ad0345d67d15876df4674a951e8f0fd22854618548eccead41757ebd95a920","6adee26ca78f5a66b3c23d1c36aa48be38457dad15ffcf2ff42e771431b8ad19"
"1.0","open_core","wc2018","wc2018_050",TRUE,TRUE,TRUE,2018-06-29,2018-06-30,"","dbcf24c9f86f48423588ed254bdb08b4eb8663c31d50135a35aac5648ce87c73","1f97aae25b451b487872acbec081b19f16f85159628e9b3ae8b8a1228cdea265","7a5e5629a678fff177770206d872af4aabb850c7b2f06148e7092eb01db80527","41779a753a8b155292f25c9641c5bc7542a9a3ebb7c1000e4dc00c9ffb77a821","8f2b3bb288e128ad1003be1f4577f5aa2da1c866d695b4c6aeadfa85630e6cc0"
"1.0","open_core","wc2018","wc2018_051",TRUE,TRUE,TRUE,2018-06-30,2018-07-01,"","dbcf24c9f86f48423588ed254bdb08b4eb8663c31d50135a35aac5648ce87c73","1f97aae25b451b487872acbec081b19f16f85159628e9b3ae8b8a1228cdea265","7a5e5629a678fff177770206d872af4aabb850c7b2f06148e7092eb01db80527","f1f7a090fb4446a2fc9c3a4a1fe44134a266db90802c18173af066621c8233c5","a9f3bf43e337972435fd8dd39b54e2aecef6f2dcd1033f6f17bae11e3de402e9"
"1.0","open_core","wc2018","wc2018_052",TRUE,TRUE,TRUE,2018-06-30,2018-07-01,"","dbcf24c9f86f48423588ed254bdb08b4eb8663c31d50135a35aac5648ce87c73","1f97aae25b451b487872acbec081b19f16f85159628e9b3ae8b8a1228cdea265","7a5e5629a678fff177770206d872af4aabb850c7b2f06148e7092eb01db80527","2e9eceda57ee8bc842e98535e885b079db2f74c678b04b61e907a4b29aefe636","ec8811742baaf893cdff70d1dfc08ef0f966d5a6a8f92d7e27dae51d01d0ce9d"
"1.0","open_core","wc2018","wc2018_053",TRUE,TRUE,TRUE,2018-07-01,2018-07-02,"","dbcf24c9f86f48423588ed254bdb08b4eb8663c31d50135a35aac5648ce87c73","1f97aae25b451b487872acbec081b19f16f85159628e9b3ae8b8a1228cdea265","7a5e5629a678fff177770206d872af4aabb850c7b2f06148e7092eb01db80527","a47c0e797ef0f30243c35905a372f981fbd8649a2540c8929fa332823ebff70b","41ff31a719fea5b6a11ac996e6cc47bacac24aeac7f39ac80f22258faeeeaffd"
"1.0","open_core","wc2018","wc2018_054",TRUE,TRUE,TRUE,2018-07-01,2018-07-02,"","dbcf24c9f86f48423588ed254bdb08b4eb8663c31d50135a35aac5648ce87c73","1f97aae25b451b487872acbec081b19f16f85159628e9b3ae8b8a1228cdea265","7a5e5629a678fff177770206d872af4aabb850c7b2f06148e7092eb01db80527","c9873894693bd80cf793acd9c6cd75cc1b257cbf98b9c15f85f286a691666e63","4fddb371c6df63de05f21890e7058ce8bfa08442a6e186aeb01ecef8d261c1c4"
"1.0","open_core","wc2018","wc2018_055",TRUE,TRUE,TRUE,2018-07-02,2018-07-03,"","dbcf24c9f86f48423588ed254bdb08b4eb8663c31d50135a35aac5648ce87c73","1f97aae25b451b487872acbec081b19f16f85159628e9b3ae8b8a1228cdea265","7a5e5629a678fff177770206d872af4aabb850c7b2f06148e7092eb01db80527","e2b12f66378b79623eb01da73891abf1899aa9af551f2ece651de3bf281d0329","2903fb2ccd1db8b5d4c48b401f0e171c820971bf0f2d5e9bdd0ce5d99e3a8854"
"1.0","open_core","wc2018","wc2018_056",TRUE,TRUE,TRUE,2018-07-02,2018-07-03,"","dbcf24c9f86f48423588ed254bdb08b4eb8663c31d50135a35aac5648ce87c73","1f97aae25b451b487872acbec081b19f16f85159628e9b3ae8b8a1228cdea265","7a5e5629a678fff177770206d872af4aabb850c7b2f06148e7092eb01db80527","7904921e8e06a19fee94d05be7e78cf2959a2fe2b82f8c75404b865a64056d73","2e6bc7bd3ac30bb6fdb2231c5b36d8b649b769ab8060333bc13b2326ff7e2648"
"1.0","open_core","wc2018","wc2018_057",TRUE,TRUE,TRUE,2018-07-05,2018-07-06,"","dbcf24c9f86f48423588ed254bdb08b4eb8663c31d50135a35aac5648ce87c73","1f97aae25b451b487872acbec081b19f16f85159628e9b3ae8b8a1228cdea265","7a5e5629a678fff177770206d872af4aabb850c7b2f06148e7092eb01db80527","02fce93232a89b1bcf0c87a746f783a33c65de6ee3014e7a636a46c73dd4fb54","c3814a10b2e787ba872698865957ccb5c06ac07eadbd70d81fa9ffb7607ab016"
"1.0","open_core","wc2018","wc2018_058",TRUE,TRUE,TRUE,2018-07-05,2018-07-06,"","dbcf24c9f86f48423588ed254bdb08b4eb8663c31d50135a35aac5648ce87c73","1f97aae25b451b487872acbec081b19f16f85159628e9b3ae8b8a1228cdea265","7a5e5629a678fff177770206d872af4aabb850c7b2f06148e7092eb01db80527","d63c6ee7b0e257895064a4e7ee87ac82358b2c7e73ab954d5b2565d89934eadf","a22d3b5c9a50f3d4ed74d7701425888b6fdd1461a0c700483bbbfdfe064f91fe"
"1.0","open_core","wc2018","wc2018_059",TRUE,TRUE,TRUE,2018-07-06,2018-07-07,"","dbcf24c9f86f48423588ed254bdb08b4eb8663c31d50135a35aac5648ce87c73","1f97aae25b451b487872acbec081b19f16f85159628e9b3ae8b8a1228cdea265","7a5e5629a678fff177770206d872af4aabb850c7b2f06148e7092eb01db80527","b7108513abedd88642930d66655648b4165e3c604b841f73e5dab1520189c644","9337cd0540472e55c2f0d0932c927f6f76d1e72cad72ff39eb2e60da2761656d"
"1.0","open_core","wc2018","wc2018_060",TRUE,TRUE,TRUE,2018-07-06,2018-07-07,"","dbcf24c9f86f48423588ed254bdb08b4eb8663c31d50135a35aac5648ce87c73","1f97aae25b451b487872acbec081b19f16f85159628e9b3ae8b8a1228cdea265","7a5e5629a678fff177770206d872af4aabb850c7b2f06148e7092eb01db80527","bb0a5596edaa098c4ab59f6014a594a8c6e8c29b834fd105a8f1616ae4c29663","c4377bac70090ad4b432d825c91bde2d7016be58d27866a611e14a7c1cac1ebd"
"1.0","open_core","wc2018","wc2018_061",TRUE,TRUE,TRUE,2018-07-09,2018-07-10,"","dbcf24c9f86f48423588ed254bdb08b4eb8663c31d50135a35aac5648ce87c73","1f97aae25b451b487872acbec081b19f16f85159628e9b3ae8b8a1228cdea265","7a5e5629a678fff177770206d872af4aabb850c7b2f06148e7092eb01db80527","9fc85d32a5fa06df3131e4cae4704ef3cb03ffdba1e98fd441777b65c01584da","696237a35ebe70b8166cb4542551b747b8777c024f26c4dd56b033b3de1edd68"
"1.0","open_core","wc2018","wc2018_062",TRUE,TRUE,TRUE,2018-07-10,2018-07-11,"","dbcf24c9f86f48423588ed254bdb08b4eb8663c31d50135a35aac5648ce87c73","1f97aae25b451b487872acbec081b19f16f85159628e9b3ae8b8a1228cdea265","7a5e5629a678fff177770206d872af4aabb850c7b2f06148e7092eb01db80527","2f59fa0e942c6cfd87d09ff1f5aed7c757b6b3bc5a1cdb412ccd9a3355b5a3bc","9cc6d67e509e3597095008566c5a4622f41e3a3cd9f690df63f7d1d0d84c2432"
"1.0","open_core","wc2018","wc2018_063",TRUE,TRUE,TRUE,2018-07-13,2018-07-14,"","dbcf24c9f86f48423588ed254bdb08b4eb8663c31d50135a35aac5648ce87c73","1f97aae25b451b487872acbec081b19f16f85159628e9b3ae8b8a1228cdea265","7a5e5629a678fff177770206d872af4aabb850c7b2f06148e7092eb01db80527","10d120e2f0db67ab4ec5c42c35fbcf73cf4247f14fd9c9b14bd840f3b3636255","800390f083f64557d1a3e475e0841f0bf0f25f6d557057a0054a547566e9c488"
"1.0","open_core","wc2018","wc2018_064",TRUE,TRUE,TRUE,2018-07-14,2018-07-15,"","dbcf24c9f86f48423588ed254bdb08b4eb8663c31d50135a35aac5648ce87c73","1f97aae25b451b487872acbec081b19f16f85159628e9b3ae8b8a1228cdea265","7a5e5629a678fff177770206d872af4aabb850c7b2f06148e7092eb01db80527","35ece51b76acd60860652460771418a9291011adafa52884427e4d3bf4ada2f5","badfb6d2c99571ab220bb2cc0092874be4fa22b9f6f35948840afcb5550541fd"
"1.0","open_core","wc2022","wc2022_001",TRUE,TRUE,TRUE,2022-11-19,2022-11-20,"","dbcf24c9f86f48423588ed254bdb08b4eb8663c31d50135a35aac5648ce87c73","1f97aae25b451b487872acbec081b19f16f85159628e9b3ae8b8a1228cdea265","7a5e5629a678fff177770206d872af4aabb850c7b2f06148e7092eb01db80527","45dbd6b3fe3efca4518b4e647cb8bd60b39f1758bc41d379876fb28f2091bc5a","5d52abb326f5bafdc03a59611782951bc5b892ccac549293cdf23242c55652ab"
"1.0","open_core","wc2022","wc2022_002",TRUE,TRUE,TRUE,2022-11-20,2022-11-21,"","dbcf24c9f86f48423588ed254bdb08b4eb8663c31d50135a35aac5648ce87c73","1f97aae25b451b487872acbec081b19f16f85159628e9b3ae8b8a1228cdea265","7a5e5629a678fff177770206d872af4aabb850c7b2f06148e7092eb01db80527","1257650308b512da9d7b4c437fbefc1599137cec2eb7ab77224f49f84b91173c","4eec36832a9dfaedfcf068d1977778237b1b650e9775a654b0d5a19acb7f3848"
"1.0","open_core","wc2022","wc2022_003",TRUE,TRUE,TRUE,2022-11-20,2022-11-21,"","dbcf24c9f86f48423588ed254bdb08b4eb8663c31d50135a35aac5648ce87c73","1f97aae25b451b487872acbec081b19f16f85159628e9b3ae8b8a1228cdea265","7a5e5629a678fff177770206d872af4aabb850c7b2f06148e7092eb01db80527","bba700c58d342b37e0da52efeafd13e230669e360d3e255d5ca0417714a32675","50b3606b1024c432bc836e783fdeb610218ed12b9f2ad16ef469d3e96ef70220"
"1.0","open_core","wc2022","wc2022_004",TRUE,TRUE,TRUE,2022-11-20,2022-11-21,"","dbcf24c9f86f48423588ed254bdb08b4eb8663c31d50135a35aac5648ce87c73","1f97aae25b451b487872acbec081b19f16f85159628e9b3ae8b8a1228cdea265","7a5e5629a678fff177770206d872af4aabb850c7b2f06148e7092eb01db80527","729b6df06c364d817a7bc0cccbaca67d131d1f0aaccc060820120a01cdf195f5","b11669d61211e8fdb9780fef1055e63c546b2055f957590851d10a7f986d1ac7"
"1.0","open_core","wc2022","wc2022_005",TRUE,TRUE,TRUE,2022-11-21,2022-11-22,"","dbcf24c9f86f48423588ed254bdb08b4eb8663c31d50135a35aac5648ce87c73","1f97aae25b451b487872acbec081b19f16f85159628e9b3ae8b8a1228cdea265","7a5e5629a678fff177770206d872af4aabb850c7b2f06148e7092eb01db80527","584626a7b5bcfd3abc41a4280505fbaa31d0a119acd247c3ea6bf96013ad9531","e7e1b0c04ae96f8385af5f633aeb33dd05ae22ad34ef8ce3d78ef4f813d01fad"
"1.0","open_core","wc2022","wc2022_006",TRUE,TRUE,TRUE,2022-11-21,2022-11-22,"","dbcf24c9f86f48423588ed254bdb08b4eb8663c31d50135a35aac5648ce87c73","1f97aae25b451b487872acbec081b19f16f85159628e9b3ae8b8a1228cdea265","7a5e5629a678fff177770206d872af4aabb850c7b2f06148e7092eb01db80527","7131f71a79054c16c46c575d966185baedb7285dc208063215583c88eb6f086a","5717aabeade4b1d1a8fce4cf0fb3da9a53f07b9b17a37709f5a5b188e594575b"
"1.0","open_core","wc2022","wc2022_007",TRUE,TRUE,TRUE,2022-11-21,2022-11-22,"","dbcf24c9f86f48423588ed254bdb08b4eb8663c31d50135a35aac5648ce87c73","1f97aae25b451b487872acbec081b19f16f85159628e9b3ae8b8a1228cdea265","7a5e5629a678fff177770206d872af4aabb850c7b2f06148e7092eb01db80527","e4cb8d9c5e8ad33d98016b13af39d9f7484447caef68cc39737cbb93fdc09f0d","294e873650bf161b558444383af14abc01b6dea16ce2ffe9b25b3151e3deae90"
"1.0","open_core","wc2022","wc2022_008",TRUE,TRUE,TRUE,2022-11-21,2022-11-22,"","dbcf24c9f86f48423588ed254bdb08b4eb8663c31d50135a35aac5648ce87c73","1f97aae25b451b487872acbec081b19f16f85159628e9b3ae8b8a1228cdea265","7a5e5629a678fff177770206d872af4aabb850c7b2f06148e7092eb01db80527","1ed56ce87e27a8d855e7f4afbd4806b6d0e36421e532ea50b96bfc7562b30422","5ad4e058d6c33f818e63a063d143394d66addfcb4d7c5af8e071d143a97ac9d5"
"1.0","open_core","wc2022","wc2022_009",TRUE,TRUE,TRUE,2022-11-22,2022-11-23,"","dbcf24c9f86f48423588ed254bdb08b4eb8663c31d50135a35aac5648ce87c73","1f97aae25b451b487872acbec081b19f16f85159628e9b3ae8b8a1228cdea265","7a5e5629a678fff177770206d872af4aabb850c7b2f06148e7092eb01db80527","25eecb78b838fb89b5971b137ed57a06a7f12dd0256e0e66747b8585f3143d57","0debd61225ea10d43f6c7249f889bf66db94fb1b7d2f5389eb5882ec27d4f3a9"
"1.0","open_core","wc2022","wc2022_010",TRUE,TRUE,TRUE,2022-11-22,2022-11-23,"","dbcf24c9f86f48423588ed254bdb08b4eb8663c31d50135a35aac5648ce87c73","1f97aae25b451b487872acbec081b19f16f85159628e9b3ae8b8a1228cdea265","7a5e5629a678fff177770206d872af4aabb850c7b2f06148e7092eb01db80527","3f4e56332e5ded9bdd436aae7d55d44cc3d18bdbdd1450fa3f901e4d3906b2af","4e7cd1f15cec31f8a5562f31f6e3e23d8fd830430d395f9255fe821eaee9fca6"
"1.0","open_core","wc2022","wc2022_011",TRUE,TRUE,TRUE,2022-11-22,2022-11-23,"","dbcf24c9f86f48423588ed254bdb08b4eb8663c31d50135a35aac5648ce87c73","1f97aae25b451b487872acbec081b19f16f85159628e9b3ae8b8a1228cdea265","7a5e5629a678fff177770206d872af4aabb850c7b2f06148e7092eb01db80527","1cafcb0caa652ee8f1cb9a4af4f2bf0ed9a6bbf36d83e52985311d17db7c8ae9","97b1c8b0a3ee63e6e2ca5b9abc6bce5a66d3bf4da1e834b23b67d8769ca2d405"
"1.0","open_core","wc2022","wc2022_012",TRUE,TRUE,TRUE,2022-11-22,2022-11-23,"","dbcf24c9f86f48423588ed254bdb08b4eb8663c31d50135a35aac5648ce87c73","1f97aae25b451b487872acbec081b19f16f85159628e9b3ae8b8a1228cdea265","7a5e5629a678fff177770206d872af4aabb850c7b2f06148e7092eb01db80527","74be6c562ed706938c3eff8851e977fd1f85e2c014e53eeb78881014ae8cce0a","6e285969fcae44a5d810d98915ad8ab5c4118d454429bfd0e68d37bd22bb2442"
"1.0","open_core","wc2022","wc2022_013",TRUE,TRUE,TRUE,2022-11-23,2022-11-24,"","dbcf24c9f86f48423588ed254bdb08b4eb8663c31d50135a35aac5648ce87c73","1f97aae25b451b487872acbec081b19f16f85159628e9b3ae8b8a1228cdea265","7a5e5629a678fff177770206d872af4aabb850c7b2f06148e7092eb01db80527","e43e8ea0b134afa920ba627a1cb887ea2de49fc3e4faecd4090727b188740a38","4e8e73e8db3eda10154a8b36b58ea06c6f46d8b1c768e31c8c2a2a5c885cff53"
"1.0","open_core","wc2022","wc2022_014",TRUE,TRUE,TRUE,2022-11-23,2022-11-24,"","dbcf24c9f86f48423588ed254bdb08b4eb8663c31d50135a35aac5648ce87c73","1f97aae25b451b487872acbec081b19f16f85159628e9b3ae8b8a1228cdea265","7a5e5629a678fff177770206d872af4aabb850c7b2f06148e7092eb01db80527","60ac1c9fcdb59bcb7942941f94ff2aa24db11c6a567db0f90c1f1d1e829a964b","1eb009c26fc97f769c51a58de64f4556d37b813db70248444612c67780e757e1"
"1.0","open_core","wc2022","wc2022_015",TRUE,TRUE,TRUE,2022-11-23,2022-11-24,"","dbcf24c9f86f48423588ed254bdb08b4eb8663c31d50135a35aac5648ce87c73","1f97aae25b451b487872acbec081b19f16f85159628e9b3ae8b8a1228cdea265","7a5e5629a678fff177770206d872af4aabb850c7b2f06148e7092eb01db80527","646f38753ba584603fa6f0dcf04048e0f6d5df5e4a223840e8a7b23281ca2aea","f7d66eb68a5e4e2b3f2072ca5c7b83b4abe16423f2e801c9f66726b0e25412d7"
"1.0","open_core","wc2022","wc2022_016",TRUE,TRUE,TRUE,2022-11-23,2022-11-24,"","dbcf24c9f86f48423588ed254bdb08b4eb8663c31d50135a35aac5648ce87c73","1f97aae25b451b487872acbec081b19f16f85159628e9b3ae8b8a1228cdea265","7a5e5629a678fff177770206d872af4aabb850c7b2f06148e7092eb01db80527","e51039c1bf574c1c04383af849e5a7dabfc69255dd19de5c37edd669a2f77658","7b52dc0c71ffe88f2f64dccaa57180604e3f7978c9a0d314767033c60ab27072"
"1.0","open_core","wc2022","wc2022_017",TRUE,TRUE,TRUE,2022-11-24,2022-11-25,"","dbcf24c9f86f48423588ed254bdb08b4eb8663c31d50135a35aac5648ce87c73","1f97aae25b451b487872acbec081b19f16f85159628e9b3ae8b8a1228cdea265","7a5e5629a678fff177770206d872af4aabb850c7b2f06148e7092eb01db80527","4815575460361b0ad1167fcfbd8db73fb7c04f7ff16568082545228d1f0767a1","110bf5baf5ef5c958648baff030192bf1d9103910d3507f832ef22188e12ee9a"
"1.0","open_core","wc2022","wc2022_018",TRUE,TRUE,TRUE,2022-11-24,2022-11-25,"","dbcf24c9f86f48423588ed254bdb08b4eb8663c31d50135a35aac5648ce87c73","1f97aae25b451b487872acbec081b19f16f85159628e9b3ae8b8a1228cdea265","7a5e5629a678fff177770206d872af4aabb850c7b2f06148e7092eb01db80527","94b5275c35199686f9dc7c87c298168b56356ba4a33348fe01f5f7d96c6fe313","75f70b26ecac4a5583847b20065bb42668f06866ffece33d9db3877b58965793"
"1.0","open_core","wc2022","wc2022_019",TRUE,TRUE,TRUE,2022-11-24,2022-11-25,"","dbcf24c9f86f48423588ed254bdb08b4eb8663c31d50135a35aac5648ce87c73","1f97aae25b451b487872acbec081b19f16f85159628e9b3ae8b8a1228cdea265","7a5e5629a678fff177770206d872af4aabb850c7b2f06148e7092eb01db80527","40aecfaf131ea21be3212d9bfa02757f81055d2f4ba287f2d77c23016230a4df","67ba1f55044c287b5d8a51e67624e0911c3c1837b3fe681b7e01622efbcc5258"
"1.0","open_core","wc2022","wc2022_020",TRUE,TRUE,TRUE,2022-11-24,2022-11-25,"","dbcf24c9f86f48423588ed254bdb08b4eb8663c31d50135a35aac5648ce87c73","1f97aae25b451b487872acbec081b19f16f85159628e9b3ae8b8a1228cdea265","7a5e5629a678fff177770206d872af4aabb850c7b2f06148e7092eb01db80527","be15dfa353adff4cc6e195b9e3b1c5e626e1378d6c03dc77cd1299c52e4b17ab","d63fb6d7f385b7ddf0fc5cd36cda1c716f400ec34605942ae8e47c4a43d31c52"
"1.0","open_core","wc2022","wc2022_021",TRUE,TRUE,TRUE,2022-11-25,2022-11-26,"","dbcf24c9f86f48423588ed254bdb08b4eb8663c31d50135a35aac5648ce87c73","1f97aae25b451b487872acbec081b19f16f85159628e9b3ae8b8a1228cdea265","7a5e5629a678fff177770206d872af4aabb850c7b2f06148e7092eb01db80527","415b43fa2ce1210defcee8ba196ffb752550921564b0013a64487d019d982b5c","945874a9600caf2e1293f8fe2c852a4c56a2173b1c08169f50e9c032ae932272"
"1.0","open_core","wc2022","wc2022_022",TRUE,TRUE,TRUE,2022-11-25,2022-11-26,"","dbcf24c9f86f48423588ed254bdb08b4eb8663c31d50135a35aac5648ce87c73","1f97aae25b451b487872acbec081b19f16f85159628e9b3ae8b8a1228cdea265","7a5e5629a678fff177770206d872af4aabb850c7b2f06148e7092eb01db80527","29f2ebf0a9b16a2980dd21d166e7e8f3aebbd3961f6209bd8f6e81e22a3a21b3","8fd3707563bb99e248e3b1f75ae5b3a2af43a23f048a123055cc609aa0342984"
"1.0","open_core","wc2022","wc2022_023",TRUE,TRUE,TRUE,2022-11-25,2022-11-26,"","dbcf24c9f86f48423588ed254bdb08b4eb8663c31d50135a35aac5648ce87c73","1f97aae25b451b487872acbec081b19f16f85159628e9b3ae8b8a1228cdea265","7a5e5629a678fff177770206d872af4aabb850c7b2f06148e7092eb01db80527","df45e0d7cf3914284925912e8f1ee37bace84bec746b5c7772a5d82e03a6f027","42fa19cbe6914d1bdc005c21fb19a23e5542d641bbbc60bbfe521515a32950ab"
"1.0","open_core","wc2022","wc2022_024",TRUE,TRUE,TRUE,2022-11-25,2022-11-26,"","dbcf24c9f86f48423588ed254bdb08b4eb8663c31d50135a35aac5648ce87c73","1f97aae25b451b487872acbec081b19f16f85159628e9b3ae8b8a1228cdea265","7a5e5629a678fff177770206d872af4aabb850c7b2f06148e7092eb01db80527","8b71dafcec3b83a93747108d85812a032bba824479edfcdb7fa2e1e2d78d6160","2cc40cbcafd999952188cc8e472f83cdbce950aac88beda3ed46838a1c8aaa94"
"1.0","open_core","wc2022","wc2022_025",TRUE,TRUE,TRUE,2022-11-26,2022-11-27,"","dbcf24c9f86f48423588ed254bdb08b4eb8663c31d50135a35aac5648ce87c73","1f97aae25b451b487872acbec081b19f16f85159628e9b3ae8b8a1228cdea265","7a5e5629a678fff177770206d872af4aabb850c7b2f06148e7092eb01db80527","ec762be4d0c41c44a47e23c841179a2db0867e8a40cfff9eee6ceb68dd2c91f6","a9c270bd8c71902e0bae4d7fa358285fc35504d47c6105af3ea60fdb72571102"
"1.0","open_core","wc2022","wc2022_026",TRUE,TRUE,TRUE,2022-11-26,2022-11-27,"","dbcf24c9f86f48423588ed254bdb08b4eb8663c31d50135a35aac5648ce87c73","1f97aae25b451b487872acbec081b19f16f85159628e9b3ae8b8a1228cdea265","7a5e5629a678fff177770206d872af4aabb850c7b2f06148e7092eb01db80527","39675a20635a11dec96ab3f1154ac3ccc8c26ab74bd1877d8c90c529d6eb99f5","ad148a5e45bf73dfc730bbcbc24cce66efe6bb709ffcae07c9df978714f8ca61"
"1.0","open_core","wc2022","wc2022_027",TRUE,TRUE,TRUE,2022-11-26,2022-11-27,"","dbcf24c9f86f48423588ed254bdb08b4eb8663c31d50135a35aac5648ce87c73","1f97aae25b451b487872acbec081b19f16f85159628e9b3ae8b8a1228cdea265","7a5e5629a678fff177770206d872af4aabb850c7b2f06148e7092eb01db80527","a7d4134bf1460a101a284361a0bf99e1c764fb7f55940756c1465da795458662","441c5cf4cae705a2c2cec7efb7c3b63b3809369c6ae21facfcaa6f2d30ce454e"
"1.0","open_core","wc2022","wc2022_028",TRUE,TRUE,TRUE,2022-11-26,2022-11-27,"","dbcf24c9f86f48423588ed254bdb08b4eb8663c31d50135a35aac5648ce87c73","1f97aae25b451b487872acbec081b19f16f85159628e9b3ae8b8a1228cdea265","7a5e5629a678fff177770206d872af4aabb850c7b2f06148e7092eb01db80527","79997aad39e6b27119c175510ea8e9707b330b7d531a5d8aea8ebe7b1d465dfe","ff9fe265495868a2496042318920a9d67e2502a432f0dbdd130dda951ea39bcb"
"1.0","open_core","wc2022","wc2022_029",TRUE,TRUE,TRUE,2022-11-27,2022-11-28,"","dbcf24c9f86f48423588ed254bdb08b4eb8663c31d50135a35aac5648ce87c73","1f97aae25b451b487872acbec081b19f16f85159628e9b3ae8b8a1228cdea265","7a5e5629a678fff177770206d872af4aabb850c7b2f06148e7092eb01db80527","5bbf58112e90dfc2fc93507ff5bd9111dbf7c0f7efa13edfa9743ec6a9278325","2850c7c6126216c2986717be4ee44644e931a62da7eda97e6332e7ff7a680763"
"1.0","open_core","wc2022","wc2022_030",TRUE,TRUE,TRUE,2022-11-27,2022-11-28,"","dbcf24c9f86f48423588ed254bdb08b4eb8663c31d50135a35aac5648ce87c73","1f97aae25b451b487872acbec081b19f16f85159628e9b3ae8b8a1228cdea265","7a5e5629a678fff177770206d872af4aabb850c7b2f06148e7092eb01db80527","1c634cd36cfef0eae44b38da92c9b958796a8da1a47e8006c782e8f36dcfb42e","c9bc02832dbb367487687b09ba1177636c5877f7785751998a7acccde780f2f2"
"1.0","open_core","wc2022","wc2022_031",TRUE,TRUE,TRUE,2022-11-27,2022-11-28,"","dbcf24c9f86f48423588ed254bdb08b4eb8663c31d50135a35aac5648ce87c73","1f97aae25b451b487872acbec081b19f16f85159628e9b3ae8b8a1228cdea265","7a5e5629a678fff177770206d872af4aabb850c7b2f06148e7092eb01db80527","22edbde8f90ed4d00e857d7ae4553fb3b3712d24b50596e9f1bb83104f04b748","a07b701e913a230762cbd3dd186b8fbfa5661328df0a03c798a1e53e1fc877bf"
"1.0","open_core","wc2022","wc2022_032",TRUE,TRUE,TRUE,2022-11-27,2022-11-28,"","dbcf24c9f86f48423588ed254bdb08b4eb8663c31d50135a35aac5648ce87c73","1f97aae25b451b487872acbec081b19f16f85159628e9b3ae8b8a1228cdea265","7a5e5629a678fff177770206d872af4aabb850c7b2f06148e7092eb01db80527","3a02893ba7a14da1f8b5fb11f7c0a05c6cfac4fad0510568016087e59e63cf75","42518dff8acb610a45e96f209ea55e99b8fe2ca0159e4a2adf310c601249d306"
"1.0","open_core","wc2022","wc2022_033",TRUE,TRUE,TRUE,2022-11-28,2022-11-29,"","dbcf24c9f86f48423588ed254bdb08b4eb8663c31d50135a35aac5648ce87c73","1f97aae25b451b487872acbec081b19f16f85159628e9b3ae8b8a1228cdea265","7a5e5629a678fff177770206d872af4aabb850c7b2f06148e7092eb01db80527","a89fad90e8e4045fe1c9eea265108f73127c3b5f558f4593990000de133ff9b7","40669461f4f56a94bfed87a037ab5febb73b7e8e24305accd7ee6e572857b660"
"1.0","open_core","wc2022","wc2022_034",TRUE,TRUE,TRUE,2022-11-28,2022-11-29,"","dbcf24c9f86f48423588ed254bdb08b4eb8663c31d50135a35aac5648ce87c73","1f97aae25b451b487872acbec081b19f16f85159628e9b3ae8b8a1228cdea265","7a5e5629a678fff177770206d872af4aabb850c7b2f06148e7092eb01db80527","399b0f61cf9c978b8c3b376e7ed42fe83e5dfb539d5850a35ad2b8323cf9a05a","ffd8cedf57f9077050f6764d302d0e132615baf15fc574dd1d13bc3063ca0ffe"
"1.0","open_core","wc2022","wc2022_035",TRUE,TRUE,TRUE,2022-11-28,2022-11-29,"","dbcf24c9f86f48423588ed254bdb08b4eb8663c31d50135a35aac5648ce87c73","1f97aae25b451b487872acbec081b19f16f85159628e9b3ae8b8a1228cdea265","7a5e5629a678fff177770206d872af4aabb850c7b2f06148e7092eb01db80527","a79f78404bfdcc32fe9e55ed54600a56d525f0cfcf1d1e9be389ba125203046f","754d9a11e43cfc2cdba66bf6ced68f777bcc14eddaf6b1fe2f2bbc19293ce967"
"1.0","open_core","wc2022","wc2022_036",TRUE,TRUE,TRUE,2022-11-28,2022-11-29,"","dbcf24c9f86f48423588ed254bdb08b4eb8663c31d50135a35aac5648ce87c73","1f97aae25b451b487872acbec081b19f16f85159628e9b3ae8b8a1228cdea265","7a5e5629a678fff177770206d872af4aabb850c7b2f06148e7092eb01db80527","00cd12d21c44f48141c6b0a46e81f58530672d0836f4476c128ccf21489b1c5e","2b6cbbb51ec3265434b514941b94477b0e6bfcbf760ac6a455a8c59119ef0608"
"1.0","open_core","wc2022","wc2022_037",TRUE,TRUE,TRUE,2022-11-29,2022-11-30,"","dbcf24c9f86f48423588ed254bdb08b4eb8663c31d50135a35aac5648ce87c73","1f97aae25b451b487872acbec081b19f16f85159628e9b3ae8b8a1228cdea265","7a5e5629a678fff177770206d872af4aabb850c7b2f06148e7092eb01db80527","58d1c50b1192bd3396624adf739de64cea066441d697d1a90c3ba89addced1d1","bb3e089c3c6629a14aa3749253ae5d62cbd8ace8f85cffdf4c6d10b699db0104"
"1.0","open_core","wc2022","wc2022_038",TRUE,TRUE,TRUE,2022-11-29,2022-11-30,"","dbcf24c9f86f48423588ed254bdb08b4eb8663c31d50135a35aac5648ce87c73","1f97aae25b451b487872acbec081b19f16f85159628e9b3ae8b8a1228cdea265","7a5e5629a678fff177770206d872af4aabb850c7b2f06148e7092eb01db80527","229f25b0fba03da9d71a857f4d7e1e509f09869e754f430b3aab9999dcb2585e","697bd2eab309eb69bbbc60267153275ee06f7e89fea608b621d1eaba043a13fb"
"1.0","open_core","wc2022","wc2022_039",TRUE,TRUE,TRUE,2022-11-29,2022-11-30,"","dbcf24c9f86f48423588ed254bdb08b4eb8663c31d50135a35aac5648ce87c73","1f97aae25b451b487872acbec081b19f16f85159628e9b3ae8b8a1228cdea265","7a5e5629a678fff177770206d872af4aabb850c7b2f06148e7092eb01db80527","2f381289e4fb0b794c542c86d48e5f87b6b556b128966aecea6dce0ae258b1d8","52d9cb70b00d3ee5264c006b8767c3e1fb10280817aceb7f2937ec4ecf0ecf2e"
"1.0","open_core","wc2022","wc2022_040",TRUE,TRUE,TRUE,2022-11-29,2022-11-30,"","dbcf24c9f86f48423588ed254bdb08b4eb8663c31d50135a35aac5648ce87c73","1f97aae25b451b487872acbec081b19f16f85159628e9b3ae8b8a1228cdea265","7a5e5629a678fff177770206d872af4aabb850c7b2f06148e7092eb01db80527","de4bef10e126bf3b02c5d4e1c86052c3b6fcdc8b84b5d07ba901095d2994aa38","54a488d2bfb42539bedcb116817b90c7ab9c0fe5159dc4e809b9f0129ec5f7be"
"1.0","open_core","wc2022","wc2022_041",TRUE,TRUE,TRUE,2022-11-30,2022-12-01,"","dbcf24c9f86f48423588ed254bdb08b4eb8663c31d50135a35aac5648ce87c73","1f97aae25b451b487872acbec081b19f16f85159628e9b3ae8b8a1228cdea265","7a5e5629a678fff177770206d872af4aabb850c7b2f06148e7092eb01db80527","e1eae7fbc1552ff64b74c0f159211452f420dab005a1714c6b029ea744ab3129","a5974d44ca3356e70acb47d2b6faa28647d87c9df61ab5ac8d4dace4cd25f638"
"1.0","open_core","wc2022","wc2022_042",TRUE,TRUE,TRUE,2022-11-30,2022-12-01,"","dbcf24c9f86f48423588ed254bdb08b4eb8663c31d50135a35aac5648ce87c73","1f97aae25b451b487872acbec081b19f16f85159628e9b3ae8b8a1228cdea265","7a5e5629a678fff177770206d872af4aabb850c7b2f06148e7092eb01db80527","0a823160f989633d3a6d483c78a2050011286e786fa1bf286bd438ec9d542eb1","321e0135b1fbb635a90224c68e085ea5017654ab7758dbf74eba6142e50d2d38"
"1.0","open_core","wc2022","wc2022_043",TRUE,TRUE,TRUE,2022-11-30,2022-12-01,"","dbcf24c9f86f48423588ed254bdb08b4eb8663c31d50135a35aac5648ce87c73","1f97aae25b451b487872acbec081b19f16f85159628e9b3ae8b8a1228cdea265","7a5e5629a678fff177770206d872af4aabb850c7b2f06148e7092eb01db80527","7f87cf6bd1cf8851841b3677b43e7355adc48160200f2184abfd6bdf7231cbb4","24766807b75df6ab3bfecd72a0ceb346f42a7e119eae0b8f721b51344fc26e0f"
"1.0","open_core","wc2022","wc2022_044",TRUE,TRUE,TRUE,2022-11-30,2022-12-01,"","dbcf24c9f86f48423588ed254bdb08b4eb8663c31d50135a35aac5648ce87c73","1f97aae25b451b487872acbec081b19f16f85159628e9b3ae8b8a1228cdea265","7a5e5629a678fff177770206d872af4aabb850c7b2f06148e7092eb01db80527","4806b35515d6fb14b32079335a25217f2b4fbc0053a956bba0a7e4ae55189108","45988a0536650757b9ee5fa75094f567ccff22b94024f76367da1897a89c78b8"
"1.0","open_core","wc2022","wc2022_045",TRUE,TRUE,TRUE,2022-12-01,2022-12-02,"","dbcf24c9f86f48423588ed254bdb08b4eb8663c31d50135a35aac5648ce87c73","1f97aae25b451b487872acbec081b19f16f85159628e9b3ae8b8a1228cdea265","7a5e5629a678fff177770206d872af4aabb850c7b2f06148e7092eb01db80527","e72f59ee73283dcece3e47bcb86d8eb6ab8a6e73d947f58820c52acb8c75f575","610845c95ad4fc74779b66ed27520acd87f40a75cf13613d00c2317a253656b6"
"1.0","open_core","wc2022","wc2022_046",TRUE,TRUE,TRUE,2022-12-01,2022-12-02,"","dbcf24c9f86f48423588ed254bdb08b4eb8663c31d50135a35aac5648ce87c73","1f97aae25b451b487872acbec081b19f16f85159628e9b3ae8b8a1228cdea265","7a5e5629a678fff177770206d872af4aabb850c7b2f06148e7092eb01db80527","b7ccad0c0d04c9d5f0e433335b88ddedca51cc2fd735207f4cb23da02d2d9205","dc9904e2c5b31a91c0e1d93f2c54f586f8df76b825cdaa528d13f872d4803a03"
"1.0","open_core","wc2022","wc2022_047",TRUE,TRUE,TRUE,2022-12-01,2022-12-02,"","dbcf24c9f86f48423588ed254bdb08b4eb8663c31d50135a35aac5648ce87c73","1f97aae25b451b487872acbec081b19f16f85159628e9b3ae8b8a1228cdea265","7a5e5629a678fff177770206d872af4aabb850c7b2f06148e7092eb01db80527","251432aef9b071f3836c15fa3aec183358efdc99ecfb85eea71e6d47c0391315","5fb160e063e4326fc0c66656eba43597f3131775cc50b4b3bf9ba73908a3108d"
"1.0","open_core","wc2022","wc2022_048",TRUE,TRUE,TRUE,2022-12-01,2022-12-02,"","dbcf24c9f86f48423588ed254bdb08b4eb8663c31d50135a35aac5648ce87c73","1f97aae25b451b487872acbec081b19f16f85159628e9b3ae8b8a1228cdea265","7a5e5629a678fff177770206d872af4aabb850c7b2f06148e7092eb01db80527","4a1ad7dc8ed803008f6d0bc650ea132ce574aaa524ee897cf99f64fb722451ec","cd2f93a4d3821d3e8e3b3c27eb1f4760422913126c68034279c45b22f7b7abfa"
"1.0","open_core","wc2022","wc2022_049",TRUE,TRUE,TRUE,2022-12-02,2022-12-03,"","dbcf24c9f86f48423588ed254bdb08b4eb8663c31d50135a35aac5648ce87c73","1f97aae25b451b487872acbec081b19f16f85159628e9b3ae8b8a1228cdea265","7a5e5629a678fff177770206d872af4aabb850c7b2f06148e7092eb01db80527","eb536a1674d9b1636ffaee74e86d9fc1b1d6e95264311610014277c02ebf70c5","a55177a77e49e37189e892d89d4a57d035f140cdde3b1951ecf86fc06f91c7ac"
"1.0","open_core","wc2022","wc2022_050",TRUE,TRUE,TRUE,2022-12-02,2022-12-03,"","dbcf24c9f86f48423588ed254bdb08b4eb8663c31d50135a35aac5648ce87c73","1f97aae25b451b487872acbec081b19f16f85159628e9b3ae8b8a1228cdea265","7a5e5629a678fff177770206d872af4aabb850c7b2f06148e7092eb01db80527","200eb0ad747a598a1b546e97c3ec9fba3f1c9a6dccdea442cf6d256cd01e65c2","fa8cc7dca74c05d1b34e6a174ad1286b6df92ff8836b0360dc014807f3496a99"
"1.0","open_core","wc2022","wc2022_051",TRUE,TRUE,TRUE,2022-12-03,2022-12-04,"","dbcf24c9f86f48423588ed254bdb08b4eb8663c31d50135a35aac5648ce87c73","1f97aae25b451b487872acbec081b19f16f85159628e9b3ae8b8a1228cdea265","7a5e5629a678fff177770206d872af4aabb850c7b2f06148e7092eb01db80527","ed4571b83f459239816d0aeba4a17879fce915532a50bd6e98414360abde258d","6b6f26a6cd1006062422c690799d7bfe3e83ff626e0af52379c25cf2abd85205"
"1.0","open_core","wc2022","wc2022_052",TRUE,TRUE,TRUE,2022-12-03,2022-12-04,"","dbcf24c9f86f48423588ed254bdb08b4eb8663c31d50135a35aac5648ce87c73","1f97aae25b451b487872acbec081b19f16f85159628e9b3ae8b8a1228cdea265","7a5e5629a678fff177770206d872af4aabb850c7b2f06148e7092eb01db80527","9e959e1f753d026258c2ae4c2d68b8957a97fd3fe6269e814f0f3d825d6aecda","30c160390f134022b6c22e39bc9d6c62ff690ecd6728ec4f6517f0cb762dcef7"
"1.0","open_core","wc2022","wc2022_053",TRUE,TRUE,TRUE,2022-12-04,2022-12-05,"","dbcf24c9f86f48423588ed254bdb08b4eb8663c31d50135a35aac5648ce87c73","1f97aae25b451b487872acbec081b19f16f85159628e9b3ae8b8a1228cdea265","7a5e5629a678fff177770206d872af4aabb850c7b2f06148e7092eb01db80527","bdde905b985b32eead343af695a0e1516360077f524344dea6f5abaa8a41e522","7fc1ec4bab27f5526e6da3d35a0b88091e8ed80d765e342b8f2a33655051ff5b"
"1.0","open_core","wc2022","wc2022_054",TRUE,TRUE,TRUE,2022-12-04,2022-12-05,"","dbcf24c9f86f48423588ed254bdb08b4eb8663c31d50135a35aac5648ce87c73","1f97aae25b451b487872acbec081b19f16f85159628e9b3ae8b8a1228cdea265","7a5e5629a678fff177770206d872af4aabb850c7b2f06148e7092eb01db80527","93ab83aec5523cec095529e0213dc5fbf4f1133b73d37a22a9a2122bff5b115e","5f27eb5dd76ed412d39391edbcdf6028c73574d866267f02738d385b1a972617"
"1.0","open_core","wc2022","wc2022_055",TRUE,TRUE,TRUE,2022-12-05,2022-12-06,"","dbcf24c9f86f48423588ed254bdb08b4eb8663c31d50135a35aac5648ce87c73","1f97aae25b451b487872acbec081b19f16f85159628e9b3ae8b8a1228cdea265","7a5e5629a678fff177770206d872af4aabb850c7b2f06148e7092eb01db80527","e3d054e1d4553bd9a8aa005e6586bc9beb33b093ee72c7c73ec824aebcf8e025","40acb9306f29191fbca71df792a0d56bc4717f41101f5d1404ebf52de7d02d37"
"1.0","open_core","wc2022","wc2022_056",TRUE,TRUE,TRUE,2022-12-05,2022-12-06,"","dbcf24c9f86f48423588ed254bdb08b4eb8663c31d50135a35aac5648ce87c73","1f97aae25b451b487872acbec081b19f16f85159628e9b3ae8b8a1228cdea265","7a5e5629a678fff177770206d872af4aabb850c7b2f06148e7092eb01db80527","4127eb7e3174b70380dac8cb653a1ef8fa4316131cd72b35939279d46f384b76","0f09792bcceed41e4977e8ab80a9131e69fd21f5317ff6fdec58af7c9f8d473e"
"1.0","open_core","wc2022","wc2022_057",TRUE,TRUE,TRUE,2022-12-08,2022-12-09,"","dbcf24c9f86f48423588ed254bdb08b4eb8663c31d50135a35aac5648ce87c73","1f97aae25b451b487872acbec081b19f16f85159628e9b3ae8b8a1228cdea265","7a5e5629a678fff177770206d872af4aabb850c7b2f06148e7092eb01db80527","a4d1fc34fa268d1446bf1098dfa4b71bde02b39537294a48456434681ed17b4e","83d8fef8b006307eb8cc17ccfadca3eee3123c97a1e90f0f236afc6104bbb902"
"1.0","open_core","wc2022","wc2022_058",TRUE,TRUE,TRUE,2022-12-08,2022-12-09,"","dbcf24c9f86f48423588ed254bdb08b4eb8663c31d50135a35aac5648ce87c73","1f97aae25b451b487872acbec081b19f16f85159628e9b3ae8b8a1228cdea265","7a5e5629a678fff177770206d872af4aabb850c7b2f06148e7092eb01db80527","45712a6fbd5a26ed54569b41331f81e51b8843752b73c6296d149ea923811dfc","365047c519ecc2fa08c7dce90d563e160312bdbe52739d68b9386a3bc7f371cb"
"1.0","open_core","wc2022","wc2022_059",TRUE,TRUE,TRUE,2022-12-09,2022-12-10,"","dbcf24c9f86f48423588ed254bdb08b4eb8663c31d50135a35aac5648ce87c73","1f97aae25b451b487872acbec081b19f16f85159628e9b3ae8b8a1228cdea265","7a5e5629a678fff177770206d872af4aabb850c7b2f06148e7092eb01db80527","2d8b599dd449e005f6f7f1204e1218e63727cd26e30f28701d03138d3511e8ca","93ff1a509d1d0b9e68e307d30826e542e884138c3b737435be5801f2521cbdf3"
"1.0","open_core","wc2022","wc2022_060",TRUE,TRUE,TRUE,2022-12-09,2022-12-10,"","dbcf24c9f86f48423588ed254bdb08b4eb8663c31d50135a35aac5648ce87c73","1f97aae25b451b487872acbec081b19f16f85159628e9b3ae8b8a1228cdea265","7a5e5629a678fff177770206d872af4aabb850c7b2f06148e7092eb01db80527","95ee9a51d07c922f0384b4bd83a55dccb0e24b49c5e10d04f0dffae4de9ea124","8df8961c286f858c6c11f8d87ddae29158cfd970d79a782d5e3acb1239a9455e"
"1.0","open_core","wc2022","wc2022_061",TRUE,TRUE,TRUE,2022-12-12,2022-12-13,"","dbcf24c9f86f48423588ed254bdb08b4eb8663c31d50135a35aac5648ce87c73","1f97aae25b451b487872acbec081b19f16f85159628e9b3ae8b8a1228cdea265","7a5e5629a678fff177770206d872af4aabb850c7b2f06148e7092eb01db80527","762a891c8b94649b9a70822b2a6fe0ee84cc1dd0b7382923c8d5ecbeefcfc5b4","ac9a674e96d96bfcb5440139a3ba4b3fd6b3b436862e59d76430744397356e46"
"1.0","open_core","wc2022","wc2022_062",TRUE,TRUE,TRUE,2022-12-13,2022-12-14,"","dbcf24c9f86f48423588ed254bdb08b4eb8663c31d50135a35aac5648ce87c73","1f97aae25b451b487872acbec081b19f16f85159628e9b3ae8b8a1228cdea265","7a5e5629a678fff177770206d872af4aabb850c7b2f06148e7092eb01db80527","7378ab866d5995442c5068cb476384e3df20699ceb000b98efadae06b5396248","172d3bea187b155abf9b330e4554f34ca826cfc2f18bdde0eaf6185a6c010fef"
"1.0","open_core","wc2022","wc2022_063",TRUE,TRUE,TRUE,2022-12-16,2022-12-17,"","dbcf24c9f86f48423588ed254bdb08b4eb8663c31d50135a35aac5648ce87c73","1f97aae25b451b487872acbec081b19f16f85159628e9b3ae8b8a1228cdea265","7a5e5629a678fff177770206d872af4aabb850c7b2f06148e7092eb01db80527","d2fc2078e763f155d9d77887959c3d06d8660ff6488937720319a30a22870569","56018e12e3a8bcffe114e4c59055b194aa92fff4c410fc0ef54e96e9b88228ca"
"1.0","open_core","wc2022","wc2022_064",TRUE,TRUE,TRUE,2022-12-17,2022-12-18,"","dbcf24c9f86f48423588ed254bdb08b4eb8663c31d50135a35aac5648ce87c73","1f97aae25b451b487872acbec081b19f16f85159628e9b3ae8b8a1228cdea265","7a5e5629a678fff177770206d872af4aabb850c7b2f06148e7092eb01db80527","cf5574f86b32474a3220b817077612de6a538d66916290340556d6d6952ee162","54061958851e671cf2e76b5ff483d305043263c2bb6538910bb7dbfebd4d569c"
