"schema_version","seed_id","purpose","edition_id","boundary_id","fixture_id","seed","model_independent","n_simulations","bootstrap_replicates","seed_algorithm","seed_key_sha256"
"1.0","fixture_prediction__wc2002_001","fixture_prediction","wc2002","wc2002__2002-05-31","wc2002_001",900001,TRUE,0,0,"L'Ecuyer-CMRG-v1","3a57b1c5ae3c699c20bea2698cb10cbf47f3eef706061ca2f36152a423edba71"
"1.0","fixture_prediction__wc2002_002","fixture_prediction","wc2002","wc2002__2002-06-01","wc2002_002",900002,TRUE,0,0,"L'Ecuyer-CMRG-v1","30091a298f952cc9a75269b24bde97b126eb470ba2212fadd6e0f4d2b2f74ebd"
"1.0","fixture_prediction__wc2002_003","fixture_prediction","wc2002","wc2002__2002-06-01","wc2002_003",900003,TRUE,0,0,"L'Ecuyer-CMRG-v1","d29c87b589e16a706a3922cca69ddf1357a731c976ffde3158a2f0ce46f045f7"
"1.0","fixture_prediction__wc2002_004","fixture_prediction","wc2002","wc2002__2002-06-01","wc2002_004",900004,TRUE,0,0,"L'Ecuyer-CMRG-v1","1a835ba3cc1081b7b6f64a5dcc5967c2ac009f995a561f4f5fec389ba5a67356"
"1.0","fixture_prediction__wc2002_005","fixture_prediction","wc2002","wc2002__2002-06-02","wc2002_005",900005,TRUE,0,0,"L'Ecuyer-CMRG-v1","d7f7b084e3f2a09e8e79d1e86747c0c225a091f73ea16ff778c262596d11e4c5"
"1.0","fixture_prediction__wc2002_006","fixture_prediction","wc2002","wc2002__2002-06-02","wc2002_006",900006,TRUE,0,0,"L'Ecuyer-CMRG-v1","9c205d65b3bed27139fe764fcf86f6402b6423a8f5b6a1e8087a3535ee5998a3"
"1.0","fixture_prediction__wc2002_007","fixture_prediction","wc2002","wc2002__2002-06-02","wc2002_007",900007,TRUE,0,0,"L'Ecuyer-CMRG-v1","42b448fd3685d0061c22979b4467e5e0f8220a0d47455d48cc0e029ec9f60998"
"1.0","fixture_prediction__wc2002_008","fixture_prediction","wc2002","wc2002__2002-06-02","wc2002_008",900008,TRUE,0,0,"L'Ecuyer-CMRG-v1","b507163362be4e1c30cdb7372742cc96664a3bdfa33445cc6effc51a461705f0"
"1.0","fixture_prediction__wc2002_009","fixture_prediction","wc2002","wc2002__2002-06-03","wc2002_009",900009,TRUE,0,0,"L'Ecuyer-CMRG-v1","1700e1406344c0a30bfee98dff30b3ea1f7cf2ce5d7f54793068a0048b7c00b4"
"1.0","fixture_prediction__wc2002_010","fixture_prediction","wc2002","wc2002__2002-06-03","wc2002_010",900010,TRUE,0,0,"L'Ecuyer-CMRG-v1","3cd045d8480d5203924200b711239f3ad64d978625ef07a634cc826d516dd99f"
"1.0","fixture_prediction__wc2002_011","fixture_prediction","wc2002","wc2002__2002-06-03","wc2002_011",900011,TRUE,0,0,"L'Ecuyer-CMRG-v1","7f1c4ebf9c3e32db182e3b2d54d83c2df6859e0eedf26d61ebd9b5e0ce3c4fb3"
"1.0","fixture_prediction__wc2002_012","fixture_prediction","wc2002","wc2002__2002-06-04","wc2002_012",900012,TRUE,0,0,"L'Ecuyer-CMRG-v1","d505ccbb1abbdf32f783e8ee2e8a5f189189bd78b10914e74c9291cd74e5eb7a"
"1.0","fixture_prediction__wc2002_013","fixture_prediction","wc2002","wc2002__2002-06-04","wc2002_013",900013,TRUE,0,0,"L'Ecuyer-CMRG-v1","de60852a5f67851816a454094ded55dd515de9da5d21e62faf18be91ed928241"
"1.0","fixture_prediction__wc2002_014","fixture_prediction","wc2002","wc2002__2002-06-04","wc2002_014",900014,TRUE,0,0,"L'Ecuyer-CMRG-v1","c40e2e10ea3c326a8bc09d2ec7c5a73c5bc6c90c87af0bf0878e460476057258"
"1.0","fixture_prediction__wc2002_015","fixture_prediction","wc2002","wc2002__2002-06-05","wc2002_015",900015,TRUE,0,0,"L'Ecuyer-CMRG-v1","07c3880872546610ff99ac9f813abd009224b832380ff81aa2d984d1cb45a97a"
"1.0","fixture_prediction__wc2002_016","fixture_prediction","wc2002","wc2002__2002-06-05","wc2002_016",900016,TRUE,0,0,"L'Ecuyer-CMRG-v1","53f0cd995937e59529b29a9057ffe96c74ba3778d169a25102b390d590e6f81b"
"1.0","fixture_prediction__wc2002_017","fixture_prediction","wc2002","wc2002__2002-06-05","wc2002_017",900017,TRUE,0,0,"L'Ecuyer-CMRG-v1","b428a8864cf1306f6d6b2fd862028d11f65e9d5c49ade97f8ee58f7d0dabfb94"
"1.0","fixture_prediction__wc2002_018","fixture_prediction","wc2002","wc2002__2002-06-06","wc2002_018",900018,TRUE,0,0,"L'Ecuyer-CMRG-v1","6d37a3401601d1698e47b183424a7250754ba031966ced4e1f7ecf002a7217a9"
"1.0","fixture_prediction__wc2002_019","fixture_prediction","wc2002","wc2002__2002-06-06","wc2002_019",900019,TRUE,0,0,"L'Ecuyer-CMRG-v1","c987959e0b8af40cc31f5d5afbd3ee0c9d85b3c2bcc588a8d279f13b25080873"
"1.0","fixture_prediction__wc2002_020","fixture_prediction","wc2002","wc2002__2002-06-06","wc2002_020",900020,TRUE,0,0,"L'Ecuyer-CMRG-v1","c89b8a72ee7a6dd9b93dc09ff04969881095da6acaf3f95053575f015d394fdf"
"1.0","fixture_prediction__wc2002_021","fixture_prediction","wc2002","wc2002__2002-06-07","wc2002_021",900021,TRUE,0,0,"L'Ecuyer-CMRG-v1","23c9df584c6a465ba7d128ee4c353a9bf8257dbcc4d856aea21995a586b3eb5c"
"1.0","fixture_prediction__wc2002_022","fixture_prediction","wc2002","wc2002__2002-06-07","wc2002_022",900022,TRUE,0,0,"L'Ecuyer-CMRG-v1","3392c0080b356be67a5a10a985265fa36c885054be433aadd37654c1911c1e41"
"1.0","fixture_prediction__wc2002_023","fixture_prediction","wc2002","wc2002__2002-06-07","wc2002_023",900023,TRUE,0,0,"L'Ecuyer-CMRG-v1","95b5e1c93e9b5c3e6e6587bf63b77f6e23d6431b5bdee0728672fddff4052920"
"1.0","fixture_prediction__wc2002_024","fixture_prediction","wc2002","wc2002__2002-06-08","wc2002_024",900024,TRUE,0,0,"L'Ecuyer-CMRG-v1","099fbae3cdd97aee39be557f30fdc7356f7f4cb400833a4e6f9e378cb9366452"
"1.0","fixture_prediction__wc2002_025","fixture_prediction","wc2002","wc2002__2002-06-08","wc2002_025",900025,TRUE,0,0,"L'Ecuyer-CMRG-v1","c4bd1ee8aa3124960c2d210fd57df1d186ba4d9f01104b0196b94d48a1a9d1ff"
"1.0","fixture_prediction__wc2002_026","fixture_prediction","wc2002","wc2002__2002-06-08","wc2002_026",900026,TRUE,0,0,"L'Ecuyer-CMRG-v1","fb66b5e1f938bc5238757f315abad1a70edd5c4b60445ed9930ce7a860d4c03b"
"1.0","fixture_prediction__wc2002_027","fixture_prediction","wc2002","wc2002__2002-06-09","wc2002_027",900027,TRUE,0,0,"L'Ecuyer-CMRG-v1","4e56883facfaa152b885cfc29c5644b2cf597b921e71a27d32bfc0dd87efbacf"
"1.0","fixture_prediction__wc2002_028","fixture_prediction","wc2002","wc2002__2002-06-09","wc2002_028",900028,TRUE,0,0,"L'Ecuyer-CMRG-v1","c310b7830a800ecae57222f12c26f2d68ec6e6b1fc91ecbeba19312fe97d32c7"
"1.0","fixture_prediction__wc2002_029","fixture_prediction","wc2002","wc2002__2002-06-09","wc2002_029",900029,TRUE,0,0,"L'Ecuyer-CMRG-v1","f7a5598078c88170d5a9aaa9cd3333b9fb86dcf46ffee3cedbe62e663f266224"
"1.0","fixture_prediction__wc2002_030","fixture_prediction","wc2002","wc2002__2002-06-10","wc2002_030",900030,TRUE,0,0,"L'Ecuyer-CMRG-v1","685d154e6a07387c583382d604b4213baae48cbfca8b2498ad606e75bf00ca67"
"1.0","fixture_prediction__wc2002_031","fixture_prediction","wc2002","wc2002__2002-06-10","wc2002_031",900031,TRUE,0,0,"L'Ecuyer-CMRG-v1","b85bdc0e371b6b0014b0cc2af98fde99714f7eb497216693a015593ac9930c0b"
"1.0","fixture_prediction__wc2002_032","fixture_prediction","wc2002","wc2002__2002-06-10","wc2002_032",900032,TRUE,0,0,"L'Ecuyer-CMRG-v1","a71e3fe059bd6aec6eabc8cec23d49fa484352480147d3b788599e63c4aa8c79"
"1.0","fixture_prediction__wc2002_033","fixture_prediction","wc2002","wc2002__2002-06-11","wc2002_033",900033,TRUE,0,0,"L'Ecuyer-CMRG-v1","4f01a6ffa313e8ea4f1282377f28a46c85516eb64931385ae1847eeb4aa6595e"
"1.0","fixture_prediction__wc2002_034","fixture_prediction","wc2002","wc2002__2002-06-11","wc2002_034",900034,TRUE,0,0,"L'Ecuyer-CMRG-v1","3f06187f4ba612e49758b5cc58fe4736708b8188e01c31223dc257337b2c668f"
"1.0","fixture_prediction__wc2002_035","fixture_prediction","wc2002","wc2002__2002-06-11","wc2002_035",900035,TRUE,0,0,"L'Ecuyer-CMRG-v1","7cc9a413b4795880adac76384b4dd72050c2b5ef429afc4507ba480fe876b901"
"1.0","fixture_prediction__wc2002_036","fixture_prediction","wc2002","wc2002__2002-06-11","wc2002_036",900036,TRUE,0,0,"L'Ecuyer-CMRG-v1","b8fb9e7d7890eb85a87a37a9be79899f69eb0046536b152ea58f9240b4adf600"
"1.0","fixture_prediction__wc2002_037","fixture_prediction","wc2002","wc2002__2002-06-12","wc2002_037",900037,TRUE,0,0,"L'Ecuyer-CMRG-v1","03ad2391e8808091f1414a3fa1110cd987e963fc9d86aeafdaef4a43522e1473"
"1.0","fixture_prediction__wc2002_038","fixture_prediction","wc2002","wc2002__2002-06-12","wc2002_038",900038,TRUE,0,0,"L'Ecuyer-CMRG-v1","0e0fedb27517c37f7001210792a03a8b992cb62bc3433f3df633ae76892c9cec"
"1.0","fixture_prediction__wc2002_039","fixture_prediction","wc2002","wc2002__2002-06-12","wc2002_039",900039,TRUE,0,0,"L'Ecuyer-CMRG-v1","0e45e044fc5a8938ea15ac3011c15e38ea7481d77d5600717208808230c585d8"
"1.0","fixture_prediction__wc2002_040","fixture_prediction","wc2002","wc2002__2002-06-12","wc2002_040",900040,TRUE,0,0,"L'Ecuyer-CMRG-v1","51b4f015e1bd173efffb74b19463f28b9dcea668bbd148667ba243ab0bf16ea2"
"1.0","fixture_prediction__wc2002_041","fixture_prediction","wc2002","wc2002__2002-06-13","wc2002_041",900041,TRUE,0,0,"L'Ecuyer-CMRG-v1","a2b69800460e67f6e0b586e7d002bc0ab22ae65dab00ed3e51c87ae5222eb11b"
"1.0","fixture_prediction__wc2002_042","fixture_prediction","wc2002","wc2002__2002-06-13","wc2002_042",900042,TRUE,0,0,"L'Ecuyer-CMRG-v1","20cc630eca8ba4937552fcb70df124c0e3a584831092d13664b4ff9a2304f22d"
"1.0","fixture_prediction__wc2002_043","fixture_prediction","wc2002","wc2002__2002-06-13","wc2002_043",900043,TRUE,0,0,"L'Ecuyer-CMRG-v1","e115218e46789d2dc6fbbfa5e98681e5a65185da419f51a3fec00d136005c7f7"
"1.0","fixture_prediction__wc2002_044","fixture_prediction","wc2002","wc2002__2002-06-13","wc2002_044",900044,TRUE,0,0,"L'Ecuyer-CMRG-v1","ca3ce0fd2cab0f44dd18cf12de024127d30a75b58f5bcfc966829d975d96c051"
"1.0","fixture_prediction__wc2002_045","fixture_prediction","wc2002","wc2002__2002-06-14","wc2002_045",900045,TRUE,0,0,"L'Ecuyer-CMRG-v1","9766b2a293d2c357b02e2e4149b0f6e6942b05d6b0eee62e9b117183fab77bab"
"1.0","fixture_prediction__wc2002_046","fixture_prediction","wc2002","wc2002__2002-06-14","wc2002_046",900046,TRUE,0,0,"L'Ecuyer-CMRG-v1","fe8f7aed11da67cb01de4b0e54040cc9f9b29c8b2f99fde614b38a50cbf6c053"
"1.0","fixture_prediction__wc2002_047","fixture_prediction","wc2002","wc2002__2002-06-14","wc2002_047",900047,TRUE,0,0,"L'Ecuyer-CMRG-v1","cdc54afd8f5ef8d4bbe76da1e66476fe725ebd0fbdb36669c484ecdcbcff1128"
"1.0","fixture_prediction__wc2002_048","fixture_prediction","wc2002","wc2002__2002-06-14","wc2002_048",900048,TRUE,0,0,"L'Ecuyer-CMRG-v1","d608221fc21d8fb3a0054dd9a4d14a3333ea1078c8e797c1104ceca9c271a3f5"
"1.0","fixture_prediction__wc2002_049","fixture_prediction","wc2002","wc2002__2002-06-15","wc2002_049",900049,TRUE,0,0,"L'Ecuyer-CMRG-v1","b1c7cc7dd0d8089a6885588ce01ae68390911960125009de7f203392ba5912c7"
"1.0","fixture_prediction__wc2002_050","fixture_prediction","wc2002","wc2002__2002-06-15","wc2002_050",900050,TRUE,0,0,"L'Ecuyer-CMRG-v1","ef6bcc7af8b698cf622024b75e3056059da5da282d527640d041e6e837d7a835"
"1.0","fixture_prediction__wc2002_051","fixture_prediction","wc2002","wc2002__2002-06-16","wc2002_051",900051,TRUE,0,0,"L'Ecuyer-CMRG-v1","9eb3d46f05ed616ca500bd2f2a26bf63e8222214d26b7f0d9d1527deb46f69b6"
"1.0","fixture_prediction__wc2002_052","fixture_prediction","wc2002","wc2002__2002-06-16","wc2002_052",900052,TRUE,0,0,"L'Ecuyer-CMRG-v1","6446508a028a7906c244344f93bdd411f94ab6eae506c87e61afd964112152df"
"1.0","fixture_prediction__wc2002_053","fixture_prediction","wc2002","wc2002__2002-06-17","wc2002_053",900053,TRUE,0,0,"L'Ecuyer-CMRG-v1","b3683793c5452dec132967659526cd8137243b3ee61b3e1394051bba3ad236f1"
"1.0","fixture_prediction__wc2002_054","fixture_prediction","wc2002","wc2002__2002-06-17","wc2002_054",900054,TRUE,0,0,"L'Ecuyer-CMRG-v1","02573719188972d1b4a0256d5b4c5dbce80b6ad849828a71595d2997845908dc"
"1.0","fixture_prediction__wc2002_055","fixture_prediction","wc2002","wc2002__2002-06-18","wc2002_055",900055,TRUE,0,0,"L'Ecuyer-CMRG-v1","26317a3809ab614459f6277c6795efd214eff8bbc0ed8460d47bc20acdfee930"
"1.0","fixture_prediction__wc2002_056","fixture_prediction","wc2002","wc2002__2002-06-18","wc2002_056",900056,TRUE,0,0,"L'Ecuyer-CMRG-v1","27e0014a11430d7735f316fc7904e24b96f2c328219a4447aa3a74e800be1e24"
"1.0","fixture_prediction__wc2002_057","fixture_prediction","wc2002","wc2002__2002-06-21","wc2002_057",900057,TRUE,0,0,"L'Ecuyer-CMRG-v1","9c75b1e337fe54304b53ef84af7e0beaef93356eeef6f097d093e0be8a16afca"
"1.0","fixture_prediction__wc2002_058","fixture_prediction","wc2002","wc2002__2002-06-21","wc2002_058",900058,TRUE,0,0,"L'Ecuyer-CMRG-v1","f2315a44ee73972ab3cb48425f1ed183a913d9c8446ea3ccfe7296c3719dcddc"
"1.0","fixture_prediction__wc2002_059","fixture_prediction","wc2002","wc2002__2002-06-22","wc2002_059",900059,TRUE,0,0,"L'Ecuyer-CMRG-v1","12e58493a493587069ac188bf3bcab639cc50fdc01b60c9c92f0b5c06cc9af2d"
"1.0","fixture_prediction__wc2002_060","fixture_prediction","wc2002","wc2002__2002-06-22","wc2002_060",900060,TRUE,0,0,"L'Ecuyer-CMRG-v1","3a57c6d6d191d749c4a6edb08020d4b1a3c5196126546a9516e6a9d47c786f95"
"1.0","fixture_prediction__wc2002_061","fixture_prediction","wc2002","wc2002__2002-06-25","wc2002_061",900061,TRUE,0,0,"L'Ecuyer-CMRG-v1","1a10b0d5195e6148a37534d4d14ce8aa0387461828ea3453ae4c2f8426d53ff8"
"1.0","fixture_prediction__wc2002_062","fixture_prediction","wc2002","wc2002__2002-06-26","wc2002_062",900062,TRUE,0,0,"L'Ecuyer-CMRG-v1","2e5c9d59810e659df80aaca5278715d5d2b8752e5ec11298e6551c61414ebb0c"
"1.0","fixture_prediction__wc2002_063","fixture_prediction","wc2002","wc2002__2002-06-29","wc2002_063",900063,TRUE,0,0,"L'Ecuyer-CMRG-v1","4aa19d41324787ca19339a0cb69278bc0e9f4cc421cdd7b92765006686d31625"
"1.0","fixture_prediction__wc2002_064","fixture_prediction","wc2002","wc2002__2002-06-30","wc2002_064",900064,TRUE,0,0,"L'Ecuyer-CMRG-v1","ddddc1f9c3b1af3c9e25942a15b6060f5b5966cf12e7717df41545acf0d9ca50"
"1.0","fixture_prediction__wc2006_001","fixture_prediction","wc2006","wc2006__2006-06-09","wc2006_001",900065,TRUE,0,0,"L'Ecuyer-CMRG-v1","4d150da3e8844f5bbd5a630ed20b64fd3a81bb7e17fa906044bfabc07bb44122"
"1.0","fixture_prediction__wc2006_002","fixture_prediction","wc2006","wc2006__2006-06-09","wc2006_002",900066,TRUE,0,0,"L'Ecuyer-CMRG-v1","09630aedf281a9b973013bfd01c7eb5f0e4bac5b43f6c6d4302f6647145e9d78"
"1.0","fixture_prediction__wc2006_003","fixture_prediction","wc2006","wc2006__2006-06-10","wc2006_003",900067,TRUE,0,0,"L'Ecuyer-CMRG-v1","d958acfdd67f673306feb4f88881755a0781250fd3f0c1f67edd5a822717b979"
"1.0","fixture_prediction__wc2006_004","fixture_prediction","wc2006","wc2006__2006-06-10","wc2006_004",900068,TRUE,0,0,"L'Ecuyer-CMRG-v1","22a4b470b1bb7bb01818ba229c77d4d81e9c8b538965f56c4ff4decd98690aeb"
"1.0","fixture_prediction__wc2006_005","fixture_prediction","wc2006","wc2006__2006-06-10","wc2006_005",900069,TRUE,0,0,"L'Ecuyer-CMRG-v1","8de4fa608211837bc513360960a3adcf27148f7e26cbae6e069b56b5f563703f"
"1.0","fixture_prediction__wc2006_006","fixture_prediction","wc2006","wc2006__2006-06-11","wc2006_006",900070,TRUE,0,0,"L'Ecuyer-CMRG-v1","676b4fbbc79e96811f6c53793de21226b638d491812126445599e3ff7bb0ae7a"
"1.0","fixture_prediction__wc2006_007","fixture_prediction","wc2006","wc2006__2006-06-11","wc2006_007",900071,TRUE,0,0,"L'Ecuyer-CMRG-v1","8b845cc65d51abf8e85ddf7fdedab3dcd655cdd5947e22108ddbd4bb38ad00d4"
"1.0","fixture_prediction__wc2006_008","fixture_prediction","wc2006","wc2006__2006-06-11","wc2006_008",900072,TRUE,0,0,"L'Ecuyer-CMRG-v1","3b7660f1d0266bcee6980e114e16fd904ecddab20214ff026bea2bb79de23c2e"
"1.0","fixture_prediction__wc2006_009","fixture_prediction","wc2006","wc2006__2006-06-12","wc2006_009",900073,TRUE,0,0,"L'Ecuyer-CMRG-v1","5ed7901abb8aac65d8f6d7dee47be55919b7a34f36ed7a109925599ffc05beef"
"1.0","fixture_prediction__wc2006_010","fixture_prediction","wc2006","wc2006__2006-06-12","wc2006_010",900074,TRUE,0,0,"L'Ecuyer-CMRG-v1","7877f6fbfb6cbbe96dc9bd60720d0ca708f7e6900963057df9bf65f0c7e854bf"
"1.0","fixture_prediction__wc2006_011","fixture_prediction","wc2006","wc2006__2006-06-12","wc2006_011",900075,TRUE,0,0,"L'Ecuyer-CMRG-v1","bef769d1630fff35f4c622a09a66688d4e2298f7103b9df429db590bb2882f9c"
"1.0","fixture_prediction__wc2006_012","fixture_prediction","wc2006","wc2006__2006-06-13","wc2006_012",900076,TRUE,0,0,"L'Ecuyer-CMRG-v1","723ddf52ab95e2fae8f9698fb324ad93f1bff13c48c9845dae2d3dc9ed60d403"
"1.0","fixture_prediction__wc2006_013","fixture_prediction","wc2006","wc2006__2006-06-13","wc2006_013",900077,TRUE,0,0,"L'Ecuyer-CMRG-v1","577e0d9825e8f998cf4b4eec89d4631672ee409dbb74c842243f11703fc8bc0b"
"1.0","fixture_prediction__wc2006_014","fixture_prediction","wc2006","wc2006__2006-06-13","wc2006_014",900078,TRUE,0,0,"L'Ecuyer-CMRG-v1","8c37a4b70846a68b8ab435b3f56b41436b54afd3ee5cee082c3d978c5810cf9c"
"1.0","fixture_prediction__wc2006_015","fixture_prediction","wc2006","wc2006__2006-06-14","wc2006_015",900079,TRUE,0,0,"L'Ecuyer-CMRG-v1","a9f00da4cabc9d1aa763e0f9017a6b50fa29fd102bd783e54eb1fbee7d689b02"
"1.0","fixture_prediction__wc2006_016","fixture_prediction","wc2006","wc2006__2006-06-14","wc2006_016",900080,TRUE,0,0,"L'Ecuyer-CMRG-v1","b0e9c503e84e58b9a23ec2baec72f7a8d74c00444bc157deb0c662f6776c1c55"
"1.0","fixture_prediction__wc2006_017","fixture_prediction","wc2006","wc2006__2006-06-14","wc2006_017",900081,TRUE,0,0,"L'Ecuyer-CMRG-v1","100b60dacaee502a29bcda27524b745508a4ce641b744e54d97b606935d4140c"
"1.0","fixture_prediction__wc2006_018","fixture_prediction","wc2006","wc2006__2006-06-15","wc2006_018",900082,TRUE,0,0,"L'Ecuyer-CMRG-v1","a73d3b412c2d276f69b58848b01d7e18017009676917219bd045c75ba24636c9"
"1.0","fixture_prediction__wc2006_019","fixture_prediction","wc2006","wc2006__2006-06-15","wc2006_019",900083,TRUE,0,0,"L'Ecuyer-CMRG-v1","b489cc32a8c3a7d6763390aa8f27079866a4a0cef10a422e8b5736e4184135e8"
"1.0","fixture_prediction__wc2006_020","fixture_prediction","wc2006","wc2006__2006-06-15","wc2006_020",900084,TRUE,0,0,"L'Ecuyer-CMRG-v1","ccbc89847ea6a4cfc5197784cf6f10fe7dc3776f24c782be67465cc67711d62d"
"1.0","fixture_prediction__wc2006_021","fixture_prediction","wc2006","wc2006__2006-06-16","wc2006_021",900085,TRUE,0,0,"L'Ecuyer-CMRG-v1","b2b4b0a2323df9fc9d16329778ca1143738d834bd614cccb7216141d2a066ecc"
"1.0","fixture_prediction__wc2006_022","fixture_prediction","wc2006","wc2006__2006-06-16","wc2006_022",900086,TRUE,0,0,"L'Ecuyer-CMRG-v1","2f197d2729358da1dafe2fd73001d1f5ef120e680952ec8909f53ea08315101d"
"1.0","fixture_prediction__wc2006_023","fixture_prediction","wc2006","wc2006__2006-06-16","wc2006_023",900087,TRUE,0,0,"L'Ecuyer-CMRG-v1","4a6e2ca425fb4780b2c4ed39afa0217f6a908f991782ebe21fc4aad09b4e3109"
"1.0","fixture_prediction__wc2006_024","fixture_prediction","wc2006","wc2006__2006-06-17","wc2006_024",900088,TRUE,0,0,"L'Ecuyer-CMRG-v1","376132d082224b846dc2a9e7a77b341d17bad9491008b33451974a7920a11593"
"1.0","fixture_prediction__wc2006_025","fixture_prediction","wc2006","wc2006__2006-06-17","wc2006_025",900089,TRUE,0,0,"L'Ecuyer-CMRG-v1","2c3cfde991bc23d7f1a5de68d2820cad36eecc868a8c572b9a3602bf6b99164d"
"1.0","fixture_prediction__wc2006_026","fixture_prediction","wc2006","wc2006__2006-06-17","wc2006_026",900090,TRUE,0,0,"L'Ecuyer-CMRG-v1","3713b1ae1578e01cadaf75b701e00e7006aefe3e1e0719f1f98b0dfe22589d27"
"1.0","fixture_prediction__wc2006_027","fixture_prediction","wc2006","wc2006__2006-06-18","wc2006_027",900091,TRUE,0,0,"L'Ecuyer-CMRG-v1","9814ba902a40a7544d502005024ff12e6b74982459abeeb2d7c1d82c080f358e"
"1.0","fixture_prediction__wc2006_028","fixture_prediction","wc2006","wc2006__2006-06-18","wc2006_028",900092,TRUE,0,0,"L'Ecuyer-CMRG-v1","ead4ffc5822e92acc37fc376c980119101ea58f370c842586b76ce49f33aa32b"
"1.0","fixture_prediction__wc2006_029","fixture_prediction","wc2006","wc2006__2006-06-18","wc2006_029",900093,TRUE,0,0,"L'Ecuyer-CMRG-v1","863d1033d9967848559642397911a13ae2937848e5ddf5116f396a4e3a074a9b"
"1.0","fixture_prediction__wc2006_030","fixture_prediction","wc2006","wc2006__2006-06-19","wc2006_030",900094,TRUE,0,0,"L'Ecuyer-CMRG-v1","a66b7e21f4b4ed08587b3e7426a55f79cacd677a8b8c928f9d0e4f3f9debd87b"
"1.0","fixture_prediction__wc2006_031","fixture_prediction","wc2006","wc2006__2006-06-19","wc2006_031",900095,TRUE,0,0,"L'Ecuyer-CMRG-v1","718abfe37d2d73efd5c15179b3bdf7647c299051e215db071efbcee659f9c679"
"1.0","fixture_prediction__wc2006_032","fixture_prediction","wc2006","wc2006__2006-06-19","wc2006_032",900096,TRUE,0,0,"L'Ecuyer-CMRG-v1","f2d218782d3c39ca9e985acfc3d5f78d9e79b18952da722b902118d6cd070f46"
"1.0","fixture_prediction__wc2006_033","fixture_prediction","wc2006","wc2006__2006-06-20","wc2006_033",900097,TRUE,0,0,"L'Ecuyer-CMRG-v1","ddda0432d4eb0fa6100bbec9dde07392401a4507163f22ca1e03f4b809ae9fae"
"1.0","fixture_prediction__wc2006_034","fixture_prediction","wc2006","wc2006__2006-06-20","wc2006_034",900098,TRUE,0,0,"L'Ecuyer-CMRG-v1","028452d1c86d0b4116b72138b1b944b5a19eb0abf1ba3bef0edcf959401bd11b"
"1.0","fixture_prediction__wc2006_035","fixture_prediction","wc2006","wc2006__2006-06-20","wc2006_035",900099,TRUE,0,0,"L'Ecuyer-CMRG-v1","8f881c9f74e8e87ffa199bca6160561f84c193c35d134fb5a17dce8ee00f722c"
"1.0","fixture_prediction__wc2006_036","fixture_prediction","wc2006","wc2006__2006-06-20","wc2006_036",900100,TRUE,0,0,"L'Ecuyer-CMRG-v1","8e11dffc6ad59c0fc85ccbd54d01000dd2f6ed06ffc38b7bae3ac38e7a6feb0f"
"1.0","fixture_prediction__wc2006_037","fixture_prediction","wc2006","wc2006__2006-06-21","wc2006_037",900101,TRUE,0,0,"L'Ecuyer-CMRG-v1","998fd1ec7a5be6aa11ca93e209e5aac6db1e4d0deb8f6c870f3a759547a6a705"
"1.0","fixture_prediction__wc2006_038","fixture_prediction","wc2006","wc2006__2006-06-21","wc2006_038",900102,TRUE,0,0,"L'Ecuyer-CMRG-v1","1d6551ad247f305e51e5f9d252fb8ebc04337909c1e449b6c16c42338a5cea0f"
"1.0","fixture_prediction__wc2006_039","fixture_prediction","wc2006","wc2006__2006-06-21","wc2006_039",900103,TRUE,0,0,"L'Ecuyer-CMRG-v1","fc2392da0e7154fd950831a0298a1eb225ad9cb8a404d79823145c31eff03af6"
"1.0","fixture_prediction__wc2006_040","fixture_prediction","wc2006","wc2006__2006-06-21","wc2006_040",900104,TRUE,0,0,"L'Ecuyer-CMRG-v1","e66d195981a6f1ef9baf273d59f973589991ef6cf17af67674491cde9daa267e"
"1.0","fixture_prediction__wc2006_041","fixture_prediction","wc2006","wc2006__2006-06-22","wc2006_041",900105,TRUE,0,0,"L'Ecuyer-CMRG-v1","9aa0db2490fdfafe530e425203a9c7e2181e649a80f72aae9a93dc0cac44e0ad"
"1.0","fixture_prediction__wc2006_042","fixture_prediction","wc2006","wc2006__2006-06-22","wc2006_042",900106,TRUE,0,0,"L'Ecuyer-CMRG-v1","db88c9f45951159b4a846abcff06fad2713342817b605867e15967ec00e34359"
"1.0","fixture_prediction__wc2006_043","fixture_prediction","wc2006","wc2006__2006-06-22","wc2006_043",900107,TRUE,0,0,"L'Ecuyer-CMRG-v1","2ed2a516ae805db5290272c84eed754e6ff4f5f50fc322f7622098933db77495"
"1.0","fixture_prediction__wc2006_044","fixture_prediction","wc2006","wc2006__2006-06-22","wc2006_044",900108,TRUE,0,0,"L'Ecuyer-CMRG-v1","44ef7fc6e59297b41d6d508a02ccf7881079e3064f6766965149c4b39fec2a0d"
"1.0","fixture_prediction__wc2006_045","fixture_prediction","wc2006","wc2006__2006-06-23","wc2006_045",900109,TRUE,0,0,"L'Ecuyer-CMRG-v1","89003317e9bb5e1dfe076fa61904b01af8d7eaad10af26090b247dbffaec182a"
"1.0","fixture_prediction__wc2006_046","fixture_prediction","wc2006","wc2006__2006-06-23","wc2006_046",900110,TRUE,0,0,"L'Ecuyer-CMRG-v1","bce3b016037f4f75f89ebd5287147bea75660185f45abef1de3583cc372bf61b"
"1.0","fixture_prediction__wc2006_047","fixture_prediction","wc2006","wc2006__2006-06-23","wc2006_047",900111,TRUE,0,0,"L'Ecuyer-CMRG-v1","b640a6a3fe538b1c181886a1d1c51030b2e34c8c37e8b05fb68af53a666a09ff"
"1.0","fixture_prediction__wc2006_048","fixture_prediction","wc2006","wc2006__2006-06-23","wc2006_048",900112,TRUE,0,0,"L'Ecuyer-CMRG-v1","05aa4105433ee703ad06feb205dd3d01701ec24f29a80c738a8907640eb84865"
"1.0","fixture_prediction__wc2006_049","fixture_prediction","wc2006","wc2006__2006-06-24","wc2006_049",900113,TRUE,0,0,"L'Ecuyer-CMRG-v1","6209284ef398448f3c3c0611649a2d6adb739de7320ac018b944625ed025ba64"
"1.0","fixture_prediction__wc2006_050","fixture_prediction","wc2006","wc2006__2006-06-24","wc2006_050",900114,TRUE,0,0,"L'Ecuyer-CMRG-v1","4a21fd5cad7fe9acdd328d38fc9a3084bd5b41e73fbdc0671cc1bf4e687f46f9"
"1.0","fixture_prediction__wc2006_051","fixture_prediction","wc2006","wc2006__2006-06-25","wc2006_051",900115,TRUE,0,0,"L'Ecuyer-CMRG-v1","46e64972c44a9d43504eb6d476848e8819084fd103bfea6a5ca53673505f5dd9"
"1.0","fixture_prediction__wc2006_052","fixture_prediction","wc2006","wc2006__2006-06-25","wc2006_052",900116,TRUE,0,0,"L'Ecuyer-CMRG-v1","951c41c6e0c3cc474e122af989c6d56372698f554cab5239ef47e26dd9d588c4"
"1.0","fixture_prediction__wc2006_053","fixture_prediction","wc2006","wc2006__2006-06-26","wc2006_053",900117,TRUE,0,0,"L'Ecuyer-CMRG-v1","0e90fc2190ce44cbb2bde02710e9eb2764bd98bda11f2924f07f00b3bafbba15"
"1.0","fixture_prediction__wc2006_054","fixture_prediction","wc2006","wc2006__2006-06-26","wc2006_054",900118,TRUE,0,0,"L'Ecuyer-CMRG-v1","9aa8266b447f8953ef076ccc424d4c178981a206ebc0d383eddbe8a163d15689"
"1.0","fixture_prediction__wc2006_055","fixture_prediction","wc2006","wc2006__2006-06-27","wc2006_055",900119,TRUE,0,0,"L'Ecuyer-CMRG-v1","50f1c6374c5371a04459188719a7f57b8ac4924a04c2f19edf7e57cfeeaac5a8"
"1.0","fixture_prediction__wc2006_056","fixture_prediction","wc2006","wc2006__2006-06-27","wc2006_056",900120,TRUE,0,0,"L'Ecuyer-CMRG-v1","11b2534f5e4129185cb08116dad7822c207f1bbdbf96839ac2c2b70a4d1b3159"
"1.0","fixture_prediction__wc2006_057","fixture_prediction","wc2006","wc2006__2006-06-30","wc2006_057",900121,TRUE,0,0,"L'Ecuyer-CMRG-v1","05354697ca2554af40ab27c01dd1b315e2df1b10b25c50ac9a2607a6736ccb52"
"1.0","fixture_prediction__wc2006_058","fixture_prediction","wc2006","wc2006__2006-06-30","wc2006_058",900122,TRUE,0,0,"L'Ecuyer-CMRG-v1","540a47ecfb5c7fc4f07cdb8812406b08355e96c68ab443a7d03a1ca485361a84"
"1.0","fixture_prediction__wc2006_059","fixture_prediction","wc2006","wc2006__2006-07-01","wc2006_059",900123,TRUE,0,0,"L'Ecuyer-CMRG-v1","b692e5bc93aa61c82c6e2d57193551f5de68171a4bf3c3132422f03dd85af345"
"1.0","fixture_prediction__wc2006_060","fixture_prediction","wc2006","wc2006__2006-07-01","wc2006_060",900124,TRUE,0,0,"L'Ecuyer-CMRG-v1","20a26fa4909e09dee68b5821ec4c7bbe84bba90f746ba92b76794ece0c291ce6"
"1.0","fixture_prediction__wc2006_061","fixture_prediction","wc2006","wc2006__2006-07-04","wc2006_061",900125,TRUE,0,0,"L'Ecuyer-CMRG-v1","c0ebfb1107870f9d813ee9d554504933f6115a387572a046e166349c3fc00d9b"
"1.0","fixture_prediction__wc2006_062","fixture_prediction","wc2006","wc2006__2006-07-05","wc2006_062",900126,TRUE,0,0,"L'Ecuyer-CMRG-v1","cbc6ead02d1f70553da83ee0deaa0b8b69d4e0731f4da346c92db70692e41db0"
"1.0","fixture_prediction__wc2006_063","fixture_prediction","wc2006","wc2006__2006-07-08","wc2006_063",900127,TRUE,0,0,"L'Ecuyer-CMRG-v1","5fb9e83f1541e570ff43a7269fd6c0ebeac171e19f3ea8015e459f22c03ebe3a"
"1.0","fixture_prediction__wc2006_064","fixture_prediction","wc2006","wc2006__2006-07-09","wc2006_064",900128,TRUE,0,0,"L'Ecuyer-CMRG-v1","baa9ed21984f257a0f287657bf7994e40a04caa09a55b8ec940128245005fa96"
"1.0","fixture_prediction__wc2010_001","fixture_prediction","wc2010","wc2010__2010-06-11","wc2010_001",900129,TRUE,0,0,"L'Ecuyer-CMRG-v1","8e820a7728a1c43cd8bbee2d1cddbb4cad17d624cde342c28a079da4f693a335"
"1.0","fixture_prediction__wc2010_002","fixture_prediction","wc2010","wc2010__2010-06-11","wc2010_002",900130,TRUE,0,0,"L'Ecuyer-CMRG-v1","05053f4f2762ba27ece6af19476e91fbcb3369ba6651a368d9bee9c4153236da"
"1.0","fixture_prediction__wc2010_003","fixture_prediction","wc2010","wc2010__2010-06-12","wc2010_003",900131,TRUE,0,0,"L'Ecuyer-CMRG-v1","01eee1cf6eea6dc52a210e14a5f9f4fac923ee26701461d99298cac1360f407a"
"1.0","fixture_prediction__wc2010_004","fixture_prediction","wc2010","wc2010__2010-06-12","wc2010_004",900132,TRUE,0,0,"L'Ecuyer-CMRG-v1","b3dae5c99e3e032e9ee45bf2284acad755fdce8504ffc3c61fbdc838b1b9c6e5"
"1.0","fixture_prediction__wc2010_005","fixture_prediction","wc2010","wc2010__2010-06-12","wc2010_005",900133,TRUE,0,0,"L'Ecuyer-CMRG-v1","492238ec6b99727c6b15d784b3ba40d3bf87b0b2ff967da381d080c7025a86b3"
"1.0","fixture_prediction__wc2010_006","fixture_prediction","wc2010","wc2010__2010-06-13","wc2010_006",900134,TRUE,0,0,"L'Ecuyer-CMRG-v1","90b7bf27080366f1d0516b9be9af86fcbb0c74d4b2997c99d428c16bf304b320"
"1.0","fixture_prediction__wc2010_007","fixture_prediction","wc2010","wc2010__2010-06-13","wc2010_007",900135,TRUE,0,0,"L'Ecuyer-CMRG-v1","a512a576ff4bd86bb3cda8be926636514245933bbbeceaedb7bb75dc0c385571"
"1.0","fixture_prediction__wc2010_008","fixture_prediction","wc2010","wc2010__2010-06-13","wc2010_008",900136,TRUE,0,0,"L'Ecuyer-CMRG-v1","e3e0b7d560885e3acfc45754a492bf6df74e82b05f4c3f35292174a383accee2"
"1.0","fixture_prediction__wc2010_009","fixture_prediction","wc2010","wc2010__2010-06-14","wc2010_009",900137,TRUE,0,0,"L'Ecuyer-CMRG-v1","a839ebbe1d715afcb59f8bbd33b67b6fbcadbcc8bfd8dd45986e92a4912bc08e"
"1.0","fixture_prediction__wc2010_010","fixture_prediction","wc2010","wc2010__2010-06-14","wc2010_010",900138,TRUE,0,0,"L'Ecuyer-CMRG-v1","530bc94686bf86d61c534c45d5da4df017f2a748bd77c48320cb85a9000266dc"
"1.0","fixture_prediction__wc2010_011","fixture_prediction","wc2010","wc2010__2010-06-14","wc2010_011",900139,TRUE,0,0,"L'Ecuyer-CMRG-v1","968c8d5ee770cb37d7ea145ad30eaa1392211d4bf9a251563d10625861ea9eed"
"1.0","fixture_prediction__wc2010_012","fixture_prediction","wc2010","wc2010__2010-06-15","wc2010_012",900140,TRUE,0,0,"L'Ecuyer-CMRG-v1","ad96f54eb72fa8cb3524373438ee715ab73717d1722becd5cf181dc0b8c8686c"
"1.0","fixture_prediction__wc2010_013","fixture_prediction","wc2010","wc2010__2010-06-15","wc2010_013",900141,TRUE,0,0,"L'Ecuyer-CMRG-v1","67fa2fc0342691b2f035ed987332e61975628079e0b72213db7a0df8e3d14478"
"1.0","fixture_prediction__wc2010_014","fixture_prediction","wc2010","wc2010__2010-06-15","wc2010_014",900142,TRUE,0,0,"L'Ecuyer-CMRG-v1","b553d397c269d56f047a4527ef674ceec98fa140a49cdc8903d13219ea292a22"
"1.0","fixture_prediction__wc2010_015","fixture_prediction","wc2010","wc2010__2010-06-16","wc2010_015",900143,TRUE,0,0,"L'Ecuyer-CMRG-v1","19923ccb1164bb144f1d66626c1b661ae8037a080a22e63534be2efefc217438"
"1.0","fixture_prediction__wc2010_016","fixture_prediction","wc2010","wc2010__2010-06-16","wc2010_016",900144,TRUE,0,0,"L'Ecuyer-CMRG-v1","69e75fced9813ca21148fea6b9219e53e1897fed2d617c457d4cc3224724ee32"
"1.0","fixture_prediction__wc2010_017","fixture_prediction","wc2010","wc2010__2010-06-16","wc2010_017",900145,TRUE,0,0,"L'Ecuyer-CMRG-v1","aa1d2ae9004ff71e366e04bfc66b364ffdb3c70509b4d78f61fe80b1107473b1"
"1.0","fixture_prediction__wc2010_018","fixture_prediction","wc2010","wc2010__2010-06-17","wc2010_018",900146,TRUE,0,0,"L'Ecuyer-CMRG-v1","f3023ce0531aca5b19de9bee3d42ec512d7393ee53cb122aeb476e2a4706fe68"
"1.0","fixture_prediction__wc2010_019","fixture_prediction","wc2010","wc2010__2010-06-17","wc2010_019",900147,TRUE,0,0,"L'Ecuyer-CMRG-v1","46812e3b53ae0a4cf87cb9a3a799f4981bb7edb81b64ac55270c54ae39bd7419"
"1.0","fixture_prediction__wc2010_020","fixture_prediction","wc2010","wc2010__2010-06-17","wc2010_020",900148,TRUE,0,0,"L'Ecuyer-CMRG-v1","ee8b0ab0d1230dce8768cb71e87c7301e33b3cba021c244f1e35875f8e508c27"
"1.0","fixture_prediction__wc2010_021","fixture_prediction","wc2010","wc2010__2010-06-18","wc2010_021",900149,TRUE,0,0,"L'Ecuyer-CMRG-v1","42cfcd9e05b936235a0d1c6e9fa90824d116594760e1d411df3b2ae34371aab4"
"1.0","fixture_prediction__wc2010_022","fixture_prediction","wc2010","wc2010__2010-06-18","wc2010_022",900150,TRUE,0,0,"L'Ecuyer-CMRG-v1","2a0d187d09ae762a9b40d00b6e3abc156a4fff3d4358f02a9c1ae2c0f8a03526"
"1.0","fixture_prediction__wc2010_023","fixture_prediction","wc2010","wc2010__2010-06-18","wc2010_023",900151,TRUE,0,0,"L'Ecuyer-CMRG-v1","6ba49d92175218c7c55d6246a7b5b913786ce5f022247e8e35c8edf1a25d24f7"
"1.0","fixture_prediction__wc2010_024","fixture_prediction","wc2010","wc2010__2010-06-19","wc2010_024",900152,TRUE,0,0,"L'Ecuyer-CMRG-v1","1f3a18f053ddb814c9ff5c34c48181614d73a73d298e149ef807db90176c87fe"
"1.0","fixture_prediction__wc2010_025","fixture_prediction","wc2010","wc2010__2010-06-19","wc2010_025",900153,TRUE,0,0,"L'Ecuyer-CMRG-v1","e955410698ec838ecca1b3c22c91b317eafaa20cab43ca2d30e546baa4bdab3f"
"1.0","fixture_prediction__wc2010_026","fixture_prediction","wc2010","wc2010__2010-06-19","wc2010_026",900154,TRUE,0,0,"L'Ecuyer-CMRG-v1","c34baa339c03ffbebb0715bbc8e8f826cf3abc56b08b0976f6b0167cb7bba0a3"
"1.0","fixture_prediction__wc2010_027","fixture_prediction","wc2010","wc2010__2010-06-20","wc2010_027",900155,TRUE,0,0,"L'Ecuyer-CMRG-v1","7877d2bff0cac92b8fe9a373720a51fe32b654b34516df3ef7972c0f0fb9ff1d"
"1.0","fixture_prediction__wc2010_028","fixture_prediction","wc2010","wc2010__2010-06-20","wc2010_028",900156,TRUE,0,0,"L'Ecuyer-CMRG-v1","841006163319d8329a384b8e1df8a2f029b1261e409a4c5ed5ce7c116af059b2"
"1.0","fixture_prediction__wc2010_029","fixture_prediction","wc2010","wc2010__2010-06-20","wc2010_029",900157,TRUE,0,0,"L'Ecuyer-CMRG-v1","8d8fb5f0815b1ad8b1427428dd750325f936201f67a41b4f4dcc1f583c3fcdd9"
"1.0","fixture_prediction__wc2010_030","fixture_prediction","wc2010","wc2010__2010-06-21","wc2010_030",900158,TRUE,0,0,"L'Ecuyer-CMRG-v1","f78aadde7cb8796e970ae1678577fdd1d7d424d58ffc19345ebb09acf844edc0"
"1.0","fixture_prediction__wc2010_031","fixture_prediction","wc2010","wc2010__2010-06-21","wc2010_031",900159,TRUE,0,0,"L'Ecuyer-CMRG-v1","1d0e3aba24ed2069a25962dc2071f5b54f216574724280a88a531569502c22bb"
"1.0","fixture_prediction__wc2010_032","fixture_prediction","wc2010","wc2010__2010-06-21","wc2010_032",900160,TRUE,0,0,"L'Ecuyer-CMRG-v1","3f6b5a2152770e0e729e89fe43ff8f35ae740d3744e946f576500212b51e8f52"
"1.0","fixture_prediction__wc2010_033","fixture_prediction","wc2010","wc2010__2010-06-22","wc2010_033",900161,TRUE,0,0,"L'Ecuyer-CMRG-v1","7f9896658df810d0c8a84502449f60db854d578613195bbcb20dd1edc39efc7b"
"1.0","fixture_prediction__wc2010_034","fixture_prediction","wc2010","wc2010__2010-06-22","wc2010_034",900162,TRUE,0,0,"L'Ecuyer-CMRG-v1","57578001b809b557bb88087cecda47c5e601d909dfa09d33ad3114e9a205e9c3"
"1.0","fixture_prediction__wc2010_035","fixture_prediction","wc2010","wc2010__2010-06-22","wc2010_035",900163,TRUE,0,0,"L'Ecuyer-CMRG-v1","a932fe113979f80047b3279561dd2cd3906585185266ffbe47194e99f2e3d2e8"
"1.0","fixture_prediction__wc2010_036","fixture_prediction","wc2010","wc2010__2010-06-22","wc2010_036",900164,TRUE,0,0,"L'Ecuyer-CMRG-v1","e8e2227997918b2a8ebc395e20f09058cd9c9dbe1fc6e8508d144563be2819c2"
"1.0","fixture_prediction__wc2010_037","fixture_prediction","wc2010","wc2010__2010-06-23","wc2010_037",900165,TRUE,0,0,"L'Ecuyer-CMRG-v1","02efd21c5f2e56e3939fe499050354268c3356c160ddff033203a7f4eb89f4ce"
"1.0","fixture_prediction__wc2010_038","fixture_prediction","wc2010","wc2010__2010-06-23","wc2010_038",900166,TRUE,0,0,"L'Ecuyer-CMRG-v1","be6703eb10c981407cf11f93d0c051372a992729d01a0b0385b068befa60b1b5"
"1.0","fixture_prediction__wc2010_039","fixture_prediction","wc2010","wc2010__2010-06-23","wc2010_039",900167,TRUE,0,0,"L'Ecuyer-CMRG-v1","1b957c41006d33b4e2db06ea7990400c1f50dabd5c1e702ab4ccce0aaf53e8a9"
"1.0","fixture_prediction__wc2010_040","fixture_prediction","wc2010","wc2010__2010-06-23","wc2010_040",900168,TRUE,0,0,"L'Ecuyer-CMRG-v1","615f7456c7e5c53293fe45e899d8c2d3369a6762ddc02c6b98bc29cf7b798d85"
"1.0","fixture_prediction__wc2010_041","fixture_prediction","wc2010","wc2010__2010-06-24","wc2010_041",900169,TRUE,0,0,"L'Ecuyer-CMRG-v1","2ef230dcafa578211fcfd12fe9cb87b5fb9748c050a68012f6ce1dc417254c1b"
"1.0","fixture_prediction__wc2010_042","fixture_prediction","wc2010","wc2010__2010-06-24","wc2010_042",900170,TRUE,0,0,"L'Ecuyer-CMRG-v1","0af0c3fd722d80ed31f9192dbae35d7241967df9fcbaa73b7acb54f71dd26f45"
"1.0","fixture_prediction__wc2010_043","fixture_prediction","wc2010","wc2010__2010-06-24","wc2010_043",900171,TRUE,0,0,"L'Ecuyer-CMRG-v1","db094988625d236c736145222fb63bd283d4a7b777793311899eddffd25dbf96"
"1.0","fixture_prediction__wc2010_044","fixture_prediction","wc2010","wc2010__2010-06-24","wc2010_044",900172,TRUE,0,0,"L'Ecuyer-CMRG-v1","100ae7c54ce56705046d54fb951ccaee36d159d6850d44432091317628623e0b"
"1.0","fixture_prediction__wc2010_045","fixture_prediction","wc2010","wc2010__2010-06-25","wc2010_045",900173,TRUE,0,0,"L'Ecuyer-CMRG-v1","f3ba330a132e7ea3212791305c7b405caf5b24f3099682e158245e47ff4d100e"
"1.0","fixture_prediction__wc2010_046","fixture_prediction","wc2010","wc2010__2010-06-25","wc2010_046",900174,TRUE,0,0,"L'Ecuyer-CMRG-v1","121ca99434ea5ed3215ee0f59d02d604e5dde9e491904f47e9ecce4c131c0e43"
"1.0","fixture_prediction__wc2010_047","fixture_prediction","wc2010","wc2010__2010-06-25","wc2010_047",900175,TRUE,0,0,"L'Ecuyer-CMRG-v1","de74c113cdbaf5648c82d74b6ed52332eae8f7319fa1c5ca29ca8d942a07c041"
"1.0","fixture_prediction__wc2010_048","fixture_prediction","wc2010","wc2010__2010-06-25","wc2010_048",900176,TRUE,0,0,"L'Ecuyer-CMRG-v1","b776f84d4fbd456e1e4e86b3efe0fbbcf1f2d9f70633fc31a68fc44a905b3a8f"
"1.0","fixture_prediction__wc2010_049","fixture_prediction","wc2010","wc2010__2010-06-26","wc2010_049",900177,TRUE,0,0,"L'Ecuyer-CMRG-v1","57c3efb1934db030cd598412ec7f6cc53b13db594855a5d89ab1502518f1742a"
"1.0","fixture_prediction__wc2010_050","fixture_prediction","wc2010","wc2010__2010-06-26","wc2010_050",900178,TRUE,0,0,"L'Ecuyer-CMRG-v1","ed076a235d1b647dae0c754a869d7a2e67232f26d2275c8f6745318811a8c1e1"
"1.0","fixture_prediction__wc2010_051","fixture_prediction","wc2010","wc2010__2010-06-27","wc2010_051",900179,TRUE,0,0,"L'Ecuyer-CMRG-v1","79f77d0a270acab2f47078cc7a53c8dc8c7cb75b1c6497b34f8931e060bacb26"
"1.0","fixture_prediction__wc2010_052","fixture_prediction","wc2010","wc2010__2010-06-27","wc2010_052",900180,TRUE,0,0,"L'Ecuyer-CMRG-v1","021c63507d9043c7a5c03415290cd333987eddc84a8cf0dcf8df28242cde0774"
"1.0","fixture_prediction__wc2010_053","fixture_prediction","wc2010","wc2010__2010-06-28","wc2010_053",900181,TRUE,0,0,"L'Ecuyer-CMRG-v1","1ca896710c9619ae8075edc536bb994b3183c94cf4de5889eb25816b700c5524"
"1.0","fixture_prediction__wc2010_054","fixture_prediction","wc2010","wc2010__2010-06-28","wc2010_054",900182,TRUE,0,0,"L'Ecuyer-CMRG-v1","ae0686e8482116ecceb2bec2779aee2a2c530e3f5e64a31e998c381461654d9f"
"1.0","fixture_prediction__wc2010_055","fixture_prediction","wc2010","wc2010__2010-06-29","wc2010_055",900183,TRUE,0,0,"L'Ecuyer-CMRG-v1","876b096fd2899fb6604ec35a91dab77b98086b62adc9a2860abea6d57cfdb6ef"
"1.0","fixture_prediction__wc2010_056","fixture_prediction","wc2010","wc2010__2010-06-29","wc2010_056",900184,TRUE,0,0,"L'Ecuyer-CMRG-v1","c8309faea6327c6b9058c9e6a8de61ba38521f1f093d9e025155010e54ca7246"
"1.0","fixture_prediction__wc2010_057","fixture_prediction","wc2010","wc2010__2010-07-02","wc2010_057",900185,TRUE,0,0,"L'Ecuyer-CMRG-v1","a2643ec2155c05ef36f55451384a4987b133b1e8e2683f9eb07c8e1ce5319809"
"1.0","fixture_prediction__wc2010_058","fixture_prediction","wc2010","wc2010__2010-07-02","wc2010_058",900186,TRUE,0,0,"L'Ecuyer-CMRG-v1","13883cc092a9b3067d5fe79f091caadc17e9410e1bf981b50fd358a3543afe59"
"1.0","fixture_prediction__wc2010_059","fixture_prediction","wc2010","wc2010__2010-07-03","wc2010_059",900187,TRUE,0,0,"L'Ecuyer-CMRG-v1","670f7e48bc06f2c1d99ec9d2c59b8586eeda6cf9e995fa53636c583eb5092154"
"1.0","fixture_prediction__wc2010_060","fixture_prediction","wc2010","wc2010__2010-07-03","wc2010_060",900188,TRUE,0,0,"L'Ecuyer-CMRG-v1","507d869e0d1eb497a3489974fae887e16a6c84f1a683f046cc6cb73a3fdbebd9"
"1.0","fixture_prediction__wc2010_061","fixture_prediction","wc2010","wc2010__2010-07-06","wc2010_061",900189,TRUE,0,0,"L'Ecuyer-CMRG-v1","5f3bdcf3262b609ee455c84e632e91c32056c93d3af4493443924c8c5a12e073"
"1.0","fixture_prediction__wc2010_062","fixture_prediction","wc2010","wc2010__2010-07-07","wc2010_062",900190,TRUE,0,0,"L'Ecuyer-CMRG-v1","460fbb4891efb1bd79fc8187d009e9c34a5583f81a784cdb1d1560c9838002b7"
"1.0","fixture_prediction__wc2010_063","fixture_prediction","wc2010","wc2010__2010-07-10","wc2010_063",900191,TRUE,0,0,"L'Ecuyer-CMRG-v1","641ee4904e59fea9284d405a302d2542b553ea1f1fcff1eecc8375df4b376464"
"1.0","fixture_prediction__wc2010_064","fixture_prediction","wc2010","wc2010__2010-07-11","wc2010_064",900192,TRUE,0,0,"L'Ecuyer-CMRG-v1","8458802836cbedaafa066048ac65e1a0594249e1bdd09094a974ea7f12dc6410"
"1.0","fixture_prediction__wc2014_001","fixture_prediction","wc2014","wc2014__2014-06-12","wc2014_001",900193,TRUE,0,0,"L'Ecuyer-CMRG-v1","d3079b5807700de6d9837bae8fa590dda1f7ff83f928ec93ea90fc54d2aeb991"
"1.0","fixture_prediction__wc2014_002","fixture_prediction","wc2014","wc2014__2014-06-13","wc2014_002",900194,TRUE,0,0,"L'Ecuyer-CMRG-v1","7077a0302722441823a1a57a05740012a20ca6f4285a8c548d4f6c96f7d6f7bf"
"1.0","fixture_prediction__wc2014_003","fixture_prediction","wc2014","wc2014__2014-06-13","wc2014_003",900195,TRUE,0,0,"L'Ecuyer-CMRG-v1","ffdb76345661fb56c4f8631976092fef3718b86f8f88d5ecf46238ee39db8760"
"1.0","fixture_prediction__wc2014_004","fixture_prediction","wc2014","wc2014__2014-06-13","wc2014_004",900196,TRUE,0,0,"L'Ecuyer-CMRG-v1","56a9ec0697bc99503093489e1d5db90e448b86c448b5fc29f93551c90a0ae64e"
"1.0","fixture_prediction__wc2014_005","fixture_prediction","wc2014","wc2014__2014-06-14","wc2014_005",900197,TRUE,0,0,"L'Ecuyer-CMRG-v1","0c24faf6eca83b2808479be9100ca62c2b8a332751b5e330a91888e3f1752b22"
"1.0","fixture_prediction__wc2014_006","fixture_prediction","wc2014","wc2014__2014-06-14","wc2014_006",900198,TRUE,0,0,"L'Ecuyer-CMRG-v1","4412913d42738177f4520a088c8c3825edec437a8e09ca802a1673aa5757534b"
"1.0","fixture_prediction__wc2014_007","fixture_prediction","wc2014","wc2014__2014-06-14","wc2014_007",900199,TRUE,0,0,"L'Ecuyer-CMRG-v1","ecc9e089afda212abc265f93c98429b7621a787d3bb0af7e9d0e9c0bcb5ee5b5"
"1.0","fixture_prediction__wc2014_008","fixture_prediction","wc2014","wc2014__2014-06-14","wc2014_008",900200,TRUE,0,0,"L'Ecuyer-CMRG-v1","0391da4a2a000a3fb3fc95d0982c3a9768db5735e6f470e1486334a2db51dd71"
"1.0","fixture_prediction__wc2014_009","fixture_prediction","wc2014","wc2014__2014-06-15","wc2014_009",900201,TRUE,0,0,"L'Ecuyer-CMRG-v1","736ea19791082af9eb79fd830d3aba8b26339c953cdb10202ec6c5703786e353"
"1.0","fixture_prediction__wc2014_010","fixture_prediction","wc2014","wc2014__2014-06-15","wc2014_010",900202,TRUE,0,0,"L'Ecuyer-CMRG-v1","696553e536717c78c92170abf05435ef6a65aa27848ae40e4491e966165cdd90"
"1.0","fixture_prediction__wc2014_011","fixture_prediction","wc2014","wc2014__2014-06-15","wc2014_011",900203,TRUE,0,0,"L'Ecuyer-CMRG-v1","54ccc6b8aad262eb2d9335681cf0630ef1d998b3a0f98d16c07abcdd892b26ce"
"1.0","fixture_prediction__wc2014_012","fixture_prediction","wc2014","wc2014__2014-06-16","wc2014_012",900204,TRUE,0,0,"L'Ecuyer-CMRG-v1","81a010ea2005b04484a51282e6f7f98110ae848bcc1968313751beed85ce1526"
"1.0","fixture_prediction__wc2014_013","fixture_prediction","wc2014","wc2014__2014-06-16","wc2014_013",900205,TRUE,0,0,"L'Ecuyer-CMRG-v1","be1a7b107a8a2240832d5edf2deea0245b2b66fc36dbddb37b2726a96a4f4c21"
"1.0","fixture_prediction__wc2014_014","fixture_prediction","wc2014","wc2014__2014-06-16","wc2014_014",900206,TRUE,0,0,"L'Ecuyer-CMRG-v1","d270234efa02f16823dbc4fe9c3974d4f602482c4fe1443944e2c738c7beb517"
"1.0","fixture_prediction__wc2014_015","fixture_prediction","wc2014","wc2014__2014-06-17","wc2014_015",900207,TRUE,0,0,"L'Ecuyer-CMRG-v1","bf3f434fedf9cd585f6ab3a973e17d28a73133cbd54357ad547820167b7592ce"
"1.0","fixture_prediction__wc2014_016","fixture_prediction","wc2014","wc2014__2014-06-17","wc2014_016",900208,TRUE,0,0,"L'Ecuyer-CMRG-v1","9c1f7df482a3985a268a3f188558f96111d9ca50330397334d705563e54b53a9"
"1.0","fixture_prediction__wc2014_017","fixture_prediction","wc2014","wc2014__2014-06-17","wc2014_017",900209,TRUE,0,0,"L'Ecuyer-CMRG-v1","12a63ad92d90455012980ea29c4490d9df15fd06f1f9b268d17c1736dfab93c4"
"1.0","fixture_prediction__wc2014_018","fixture_prediction","wc2014","wc2014__2014-06-18","wc2014_018",900210,TRUE,0,0,"L'Ecuyer-CMRG-v1","53235c4c4de8d6451c9d7abb9578a0d955cfaca6abc2d1437ffa5f1bef3d7739"
"1.0","fixture_prediction__wc2014_019","fixture_prediction","wc2014","wc2014__2014-06-18","wc2014_019",900211,TRUE,0,0,"L'Ecuyer-CMRG-v1","149ba50335f2efa27bc237d34e99fe269b9df12236a583c2c80b1d31b8b98944"
"1.0","fixture_prediction__wc2014_020","fixture_prediction","wc2014","wc2014__2014-06-18","wc2014_020",900212,TRUE,0,0,"L'Ecuyer-CMRG-v1","3f1ccbd47b28c43367e2f92a479a01d6b192086c19a2e8c61749d2b34e509a90"
"1.0","fixture_prediction__wc2014_021","fixture_prediction","wc2014","wc2014__2014-06-19","wc2014_021",900213,TRUE,0,0,"L'Ecuyer-CMRG-v1","a6a299339d035d6e976a24a47ad5f5c2c0b47e387d3e56c15ebffc0e8e34f136"
"1.0","fixture_prediction__wc2014_022","fixture_prediction","wc2014","wc2014__2014-06-19","wc2014_022",900214,TRUE,0,0,"L'Ecuyer-CMRG-v1","469c386976eb96dcff5de5b09375b20808be4a340640cc8ccb1a0c2348d01e32"
"1.0","fixture_prediction__wc2014_023","fixture_prediction","wc2014","wc2014__2014-06-19","wc2014_023",900215,TRUE,0,0,"L'Ecuyer-CMRG-v1","58876eb5d38e0c1cf6bbd870b24faee57ba23d57542a6ab7dc98e20610deafa0"
"1.0","fixture_prediction__wc2014_024","fixture_prediction","wc2014","wc2014__2014-06-20","wc2014_024",900216,TRUE,0,0,"L'Ecuyer-CMRG-v1","0bc14193da08aeefd4de82bd9a3e7fdea1f9713c50584ca8f26184af2fc84b53"
"1.0","fixture_prediction__wc2014_025","fixture_prediction","wc2014","wc2014__2014-06-20","wc2014_025",900217,TRUE,0,0,"L'Ecuyer-CMRG-v1","6fa65d2c67f73b27507b2a1977d8f97a00eb959dc7e6e061afbdd9a6864ec61e"
"1.0","fixture_prediction__wc2014_026","fixture_prediction","wc2014","wc2014__2014-06-20","wc2014_026",900218,TRUE,0,0,"L'Ecuyer-CMRG-v1","ce0a4d10b5325ef3b681b2386442c76fef49e59e08bde6822772516b96ed3036"
"1.0","fixture_prediction__wc2014_027","fixture_prediction","wc2014","wc2014__2014-06-21","wc2014_027",900219,TRUE,0,0,"L'Ecuyer-CMRG-v1","0acd1a8ed36789b8c63218b470746436be285fd23eecf6bfa1b3ad14da387703"
"1.0","fixture_prediction__wc2014_028","fixture_prediction","wc2014","wc2014__2014-06-21","wc2014_028",900220,TRUE,0,0,"L'Ecuyer-CMRG-v1","10e356e4faa04ec040deb5f33281d247c7dea5b647196ae87ccc82382ebc120a"
"1.0","fixture_prediction__wc2014_029","fixture_prediction","wc2014","wc2014__2014-06-21","wc2014_029",900221,TRUE,0,0,"L'Ecuyer-CMRG-v1","0a766edddb478dc6af92059bdfe178e77c2bbf9852b76f09180d1736552323b1"
"1.0","fixture_prediction__wc2014_030","fixture_prediction","wc2014","wc2014__2014-06-22","wc2014_030",900222,TRUE,0,0,"L'Ecuyer-CMRG-v1","504c2156eeff90aac319fbf998887b2b5bb763cc80f4143877a0b9221ed92ea9"
"1.0","fixture_prediction__wc2014_031","fixture_prediction","wc2014","wc2014__2014-06-22","wc2014_031",900223,TRUE,0,0,"L'Ecuyer-CMRG-v1","1e53b4975975a1d910f3b9b7ab2ced1cdb14718955d0320e8f9e8814fb243e06"
"1.0","fixture_prediction__wc2014_032","fixture_prediction","wc2014","wc2014__2014-06-22","wc2014_032",900224,TRUE,0,0,"L'Ecuyer-CMRG-v1","601420e37f867363b3ba9a88fb546d66e5ff33e4ccb480f94f281d49583df084"
"1.0","fixture_prediction__wc2014_033","fixture_prediction","wc2014","wc2014__2014-06-23","wc2014_033",900225,TRUE,0,0,"L'Ecuyer-CMRG-v1","680d80eaace90d7f45a81d34dc4f9471389f15f0b12bc06151cc8391521c716e"
"1.0","fixture_prediction__wc2014_034","fixture_prediction","wc2014","wc2014__2014-06-23","wc2014_034",900226,TRUE,0,0,"L'Ecuyer-CMRG-v1","6a457dc7b7ca7ee8bc8c9bcd67c74fc7836f8bdd1348db69f0c15b3090fb607f"
"1.0","fixture_prediction__wc2014_035","fixture_prediction","wc2014","wc2014__2014-06-23","wc2014_035",900227,TRUE,0,0,"L'Ecuyer-CMRG-v1","7a08eff8013073a7ebf0f94ef218bb8bad58054877780f274f628e938ef35958"
"1.0","fixture_prediction__wc2014_036","fixture_prediction","wc2014","wc2014__2014-06-23","wc2014_036",900228,TRUE,0,0,"L'Ecuyer-CMRG-v1","62891a3201396802d4518ad3de7d3897f6de66b4dc8e2dcb53d87b25371b24bb"
"1.0","fixture_prediction__wc2014_037","fixture_prediction","wc2014","wc2014__2014-06-24","wc2014_037",900229,TRUE,0,0,"L'Ecuyer-CMRG-v1","f4fb3f3497ef4da4527b29fd04195c49d7658cbe3cc3339adadb98aac40b76d9"
"1.0","fixture_prediction__wc2014_038","fixture_prediction","wc2014","wc2014__2014-06-24","wc2014_038",900230,TRUE,0,0,"L'Ecuyer-CMRG-v1","0a2b828e8c7f6eb5bea21340bebef4d9dd514fce2d754a95eb21b28bd30034a0"
"1.0","fixture_prediction__wc2014_039","fixture_prediction","wc2014","wc2014__2014-06-24","wc2014_039",900231,TRUE,0,0,"L'Ecuyer-CMRG-v1","cbf6b4d1e92ffc6744c2c3b0badee4e7edf975f2bc30a8836c8904b65b47b0e2"
"1.0","fixture_prediction__wc2014_040","fixture_prediction","wc2014","wc2014__2014-06-24","wc2014_040",900232,TRUE,0,0,"L'Ecuyer-CMRG-v1","cc9ff7cb50c5cc1dfc24d30c1be57078447141f31095e741d8fb0543a1f90a41"
"1.0","fixture_prediction__wc2014_041","fixture_prediction","wc2014","wc2014__2014-06-25","wc2014_041",900233,TRUE,0,0,"L'Ecuyer-CMRG-v1","99a5863e3bf18bfdd0249ab5f0a7ed724317bf66269a0a4abd0c2eba4d2e6d5e"
"1.0","fixture_prediction__wc2014_042","fixture_prediction","wc2014","wc2014__2014-06-25","wc2014_042",900234,TRUE,0,0,"L'Ecuyer-CMRG-v1","9c552e593c4219a5d9be523bda6763ec87ad0e392281603463863e2a8e6b884d"
"1.0","fixture_prediction__wc2014_043","fixture_prediction","wc2014","wc2014__2014-06-25","wc2014_043",900235,TRUE,0,0,"L'Ecuyer-CMRG-v1","ccf629099726c3a6ac059361964f1df1a2eafc3afa8a2d7bab75212ddb7e9eaf"
"1.0","fixture_prediction__wc2014_044","fixture_prediction","wc2014","wc2014__2014-06-25","wc2014_044",900236,TRUE,0,0,"L'Ecuyer-CMRG-v1","c263b6cabb1bef422042243601c1930e36f96bd7c2052acc8d5e5eb8b25e28ac"
"1.0","fixture_prediction__wc2014_045","fixture_prediction","wc2014","wc2014__2014-06-26","wc2014_045",900237,TRUE,0,0,"L'Ecuyer-CMRG-v1","8a9cf9af7c81fd1700af81106e18f74fdc419210b6fbae13c7809ecf34202cc9"
"1.0","fixture_prediction__wc2014_046","fixture_prediction","wc2014","wc2014__2014-06-26","wc2014_046",900238,TRUE,0,0,"L'Ecuyer-CMRG-v1","b0cbf23eb6dd471be071b3a4f4c3cd51bad7563fae53cada17b9f4e4339a1f80"
"1.0","fixture_prediction__wc2014_047","fixture_prediction","wc2014","wc2014__2014-06-26","wc2014_047",900239,TRUE,0,0,"L'Ecuyer-CMRG-v1","144fdb4605df51155564f6d1c01fef1e49ccd3c88ab534446aa5944579b3e234"
"1.0","fixture_prediction__wc2014_048","fixture_prediction","wc2014","wc2014__2014-06-26","wc2014_048",900240,TRUE,0,0,"L'Ecuyer-CMRG-v1","d8871fc3e264a1b20e7c62f296bd13acafbd5011d8ae1594c5c1164d017529f1"
"1.0","fixture_prediction__wc2014_049","fixture_prediction","wc2014","wc2014__2014-06-28","wc2014_049",900241,TRUE,0,0,"L'Ecuyer-CMRG-v1","7d8857850d965c3632b99b91e0ce29751997651bac4fc9934b6a6badb8951766"
"1.0","fixture_prediction__wc2014_050","fixture_prediction","wc2014","wc2014__2014-06-28","wc2014_050",900242,TRUE,0,0,"L'Ecuyer-CMRG-v1","57b2af2c897ef93db363ad5d04db0703bb6966e6f66028fd81ea3d028eb10606"
"1.0","fixture_prediction__wc2014_051","fixture_prediction","wc2014","wc2014__2014-06-29","wc2014_051",900243,TRUE,0,0,"L'Ecuyer-CMRG-v1","844682cb42f5a13ddd2ab1e99f11dc5baeea60ef05df398dd600ddf661dcef44"
"1.0","fixture_prediction__wc2014_052","fixture_prediction","wc2014","wc2014__2014-06-29","wc2014_052",900244,TRUE,0,0,"L'Ecuyer-CMRG-v1","e55bc78d3c02e5f83bf465248961e5cdd800de37f856d372376fd6f1247dbae9"
"1.0","fixture_prediction__wc2014_053","fixture_prediction","wc2014","wc2014__2014-06-30","wc2014_053",900245,TRUE,0,0,"L'Ecuyer-CMRG-v1","76bb226b3628ac32ab65ccd27543c6317319337bf81097406624a7cb5ef53e37"
"1.0","fixture_prediction__wc2014_054","fixture_prediction","wc2014","wc2014__2014-06-30","wc2014_054",900246,TRUE,0,0,"L'Ecuyer-CMRG-v1","8415e5927298b3baf580b22188e968fed82eedcbcbc391189238c171d17f2094"
"1.0","fixture_prediction__wc2014_055","fixture_prediction","wc2014","wc2014__2014-07-01","wc2014_055",900247,TRUE,0,0,"L'Ecuyer-CMRG-v1","c8d597c8f85fb7b2d251687f2473f446003843436f0cb885c05fad23f5ad7225"
"1.0","fixture_prediction__wc2014_056","fixture_prediction","wc2014","wc2014__2014-07-01","wc2014_056",900248,TRUE,0,0,"L'Ecuyer-CMRG-v1","730c9c4485d7b23a26af5d6a11203757c8e8a76308b22d06b5ec66aca36def56"
"1.0","fixture_prediction__wc2014_057","fixture_prediction","wc2014","wc2014__2014-07-04","wc2014_057",900249,TRUE,0,0,"L'Ecuyer-CMRG-v1","3f885e48a9ed2e153c7b648a84bcb47ae7fc81822a7f0bca906f0ddbf76662e6"
"1.0","fixture_prediction__wc2014_058","fixture_prediction","wc2014","wc2014__2014-07-04","wc2014_058",900250,TRUE,0,0,"L'Ecuyer-CMRG-v1","be6ffa8ece32fdbbcf919237e8daaf24d68295ffe221bc737853f4d59f12ed6a"
"1.0","fixture_prediction__wc2014_059","fixture_prediction","wc2014","wc2014__2014-07-05","wc2014_059",900251,TRUE,0,0,"L'Ecuyer-CMRG-v1","1e5c8f0761d8f68c4529ce3b970b3bf76a2dff1da126c9e145ba7b2d2296a5fc"
"1.0","fixture_prediction__wc2014_060","fixture_prediction","wc2014","wc2014__2014-07-05","wc2014_060",900252,TRUE,0,0,"L'Ecuyer-CMRG-v1","2cbd59ea8ea1daab59ae727fe733efd69a1a673cc6bb8c10cea584304dd62d90"
"1.0","fixture_prediction__wc2014_061","fixture_prediction","wc2014","wc2014__2014-07-08","wc2014_061",900253,TRUE,0,0,"L'Ecuyer-CMRG-v1","09c907acb7cd9ad8d8d8effe2d86756064646dcf8b501927eb138e4ee826b346"
"1.0","fixture_prediction__wc2014_062","fixture_prediction","wc2014","wc2014__2014-07-09","wc2014_062",900254,TRUE,0,0,"L'Ecuyer-CMRG-v1","0917a9dafa3a1da8b431ca13713adb1bf3b1ee751cb2432d1e683aed563376aa"
"1.0","fixture_prediction__wc2014_063","fixture_prediction","wc2014","wc2014__2014-07-12","wc2014_063",900255,TRUE,0,0,"L'Ecuyer-CMRG-v1","e51676cd94ddbc1653560306c10a0abd09b7b9938a8cb6d4631cdd936f2979ad"
"1.0","fixture_prediction__wc2014_064","fixture_prediction","wc2014","wc2014__2014-07-13","wc2014_064",900256,TRUE,0,0,"L'Ecuyer-CMRG-v1","be2e870de736e805246dba50d6b651c3321729198ea45ef2f2ea2bbb34290286"
"1.0","fixture_prediction__wc2018_001","fixture_prediction","wc2018","wc2018__2018-06-14","wc2018_001",900257,TRUE,0,0,"L'Ecuyer-CMRG-v1","17096754f2b3fa8c293de37c709350f71d5ac4a759d48aaf5d2bda3688b771da"
"1.0","fixture_prediction__wc2018_002","fixture_prediction","wc2018","wc2018__2018-06-15","wc2018_002",900258,TRUE,0,0,"L'Ecuyer-CMRG-v1","c445ccdcb2e07c506564934c203b61ada92452ca0c624e3bf9ef998e90c819bb"
"1.0","fixture_prediction__wc2018_003","fixture_prediction","wc2018","wc2018__2018-06-15","wc2018_003",900259,TRUE,0,0,"L'Ecuyer-CMRG-v1","83fd5e960485b4c218ab939aa5a001d42fd1f57558bbabb5d07d142d2072e963"
"1.0","fixture_prediction__wc2018_004","fixture_prediction","wc2018","wc2018__2018-06-15","wc2018_004",900260,TRUE,0,0,"L'Ecuyer-CMRG-v1","970cc19ca4e10695989d93625fcc17d0e5c61c4354fae263e0093a0a40993400"
"1.0","fixture_prediction__wc2018_005","fixture_prediction","wc2018","wc2018__2018-06-16","wc2018_005",900261,TRUE,0,0,"L'Ecuyer-CMRG-v1","1d571a312546220ad66ff4b29093aebf0f943a8eacd6cf3eb91d9395cd383a3b"
"1.0","fixture_prediction__wc2018_006","fixture_prediction","wc2018","wc2018__2018-06-16","wc2018_006",900262,TRUE,0,0,"L'Ecuyer-CMRG-v1","f8c2a0e9b84356ad26f1b4d44cbcbb4cad23992955fa00d44879f885a5ce450b"
"1.0","fixture_prediction__wc2018_007","fixture_prediction","wc2018","wc2018__2018-06-16","wc2018_007",900263,TRUE,0,0,"L'Ecuyer-CMRG-v1","a0e53a4925f8c8820f542927e098214227eecd807ece5be96a26c796914ccfd4"
"1.0","fixture_prediction__wc2018_008","fixture_prediction","wc2018","wc2018__2018-06-16","wc2018_008",900264,TRUE,0,0,"L'Ecuyer-CMRG-v1","efe7622daef2eb63c68a38c419ddc94a078dfac0c45f5ea198763032ceba3b99"
"1.0","fixture_prediction__wc2018_009","fixture_prediction","wc2018","wc2018__2018-06-17","wc2018_009",900265,TRUE,0,0,"L'Ecuyer-CMRG-v1","b43b6d10a378602d6e0f833b94ab86d668b7ae53219b72a551a24d22c0f3b027"
"1.0","fixture_prediction__wc2018_010","fixture_prediction","wc2018","wc2018__2018-06-17","wc2018_010",900266,TRUE,0,0,"L'Ecuyer-CMRG-v1","8a856877afeb4dcffaeb089a9efeaf9abaacd7a4082962d619ab4626fbaf43a6"
"1.0","fixture_prediction__wc2018_011","fixture_prediction","wc2018","wc2018__2018-06-17","wc2018_011",900267,TRUE,0,0,"L'Ecuyer-CMRG-v1","e5d2984526e1c6bbb81319d1f86875d8eeab6a0036590fb73cbc883b73168fab"
"1.0","fixture_prediction__wc2018_012","fixture_prediction","wc2018","wc2018__2018-06-18","wc2018_012",900268,TRUE,0,0,"L'Ecuyer-CMRG-v1","2a91403c5fb120ca86b6d525e595aa61e649dec547df71358165716fecf9d0ae"
"1.0","fixture_prediction__wc2018_013","fixture_prediction","wc2018","wc2018__2018-06-18","wc2018_013",900269,TRUE,0,0,"L'Ecuyer-CMRG-v1","cd612ec68f3a64fd8bd796b60be12f777eb5787c5f5259f05a72708756b7937c"
"1.0","fixture_prediction__wc2018_014","fixture_prediction","wc2018","wc2018__2018-06-18","wc2018_014",900270,TRUE,0,0,"L'Ecuyer-CMRG-v1","cff8b892648eb2701f7b2d4c47fb4fba576cf3f7e307d2948a8ed5048cdbd6e1"
"1.0","fixture_prediction__wc2018_015","fixture_prediction","wc2018","wc2018__2018-06-19","wc2018_015",900271,TRUE,0,0,"L'Ecuyer-CMRG-v1","52f74bccd7f41b3eabd762f0a5127fb1ae5d394057011f73506a8ecfb0b57ea1"
"1.0","fixture_prediction__wc2018_016","fixture_prediction","wc2018","wc2018__2018-06-19","wc2018_016",900272,TRUE,0,0,"L'Ecuyer-CMRG-v1","c437d2fb3b65a5507a718f0bb5289e582e26d6c7ef4df880692e11009ba29d0c"
"1.0","fixture_prediction__wc2018_017","fixture_prediction","wc2018","wc2018__2018-06-19","wc2018_017",900273,TRUE,0,0,"L'Ecuyer-CMRG-v1","f866a4511208756e25764e99f199df45bda9c080b2100035cdcba44059da0496"
"1.0","fixture_prediction__wc2018_018","fixture_prediction","wc2018","wc2018__2018-06-20","wc2018_018",900274,TRUE,0,0,"L'Ecuyer-CMRG-v1","f52f2277550bbf458b421d783e6825006bcd4d84a5c45612def46525ff285136"
"1.0","fixture_prediction__wc2018_019","fixture_prediction","wc2018","wc2018__2018-06-20","wc2018_019",900275,TRUE,0,0,"L'Ecuyer-CMRG-v1","8e56e04db272e4eefdb04895225616e79972d933efc2463049f35f7485a64ffe"
"1.0","fixture_prediction__wc2018_020","fixture_prediction","wc2018","wc2018__2018-06-20","wc2018_020",900276,TRUE,0,0,"L'Ecuyer-CMRG-v1","886f20c78dfea841e551b8acc6d51f243f644d84306cff757c9af26cb15f2342"
"1.0","fixture_prediction__wc2018_021","fixture_prediction","wc2018","wc2018__2018-06-21","wc2018_021",900277,TRUE,0,0,"L'Ecuyer-CMRG-v1","318e95bd1bc9bb691fad39106ad980b132fe95e37985304bc5b5fa82c74fbdc9"
"1.0","fixture_prediction__wc2018_022","fixture_prediction","wc2018","wc2018__2018-06-21","wc2018_022",900278,TRUE,0,0,"L'Ecuyer-CMRG-v1","87073e67b2cb132f29d7e2c8e32cc17b3f62d17e423a1ca88bc6a07468451558"
"1.0","fixture_prediction__wc2018_023","fixture_prediction","wc2018","wc2018__2018-06-21","wc2018_023",900279,TRUE,0,0,"L'Ecuyer-CMRG-v1","a4f7fc97d8f1dbaa3e9a71453f9b4e38c932d735776b62c2bfb0d45222c64415"
"1.0","fixture_prediction__wc2018_024","fixture_prediction","wc2018","wc2018__2018-06-22","wc2018_024",900280,TRUE,0,0,"L'Ecuyer-CMRG-v1","4434961c34ccda3e9d1378bbe114f17b373a0d52d9f6395b1c0585d667cd94c6"
"1.0","fixture_prediction__wc2018_025","fixture_prediction","wc2018","wc2018__2018-06-22","wc2018_025",900281,TRUE,0,0,"L'Ecuyer-CMRG-v1","1799d05ad5d30d9f0ea322d07ef00b32d78fa17e3e65a7318eab6f0ca2f1b612"
"1.0","fixture_prediction__wc2018_026","fixture_prediction","wc2018","wc2018__2018-06-22","wc2018_026",900282,TRUE,0,0,"L'Ecuyer-CMRG-v1","7b7a153d7fac9b83cdeca8fa4d05cb351ede477c5bfe94d017b66cd54bd1d705"
"1.0","fixture_prediction__wc2018_027","fixture_prediction","wc2018","wc2018__2018-06-23","wc2018_027",900283,TRUE,0,0,"L'Ecuyer-CMRG-v1","6caf3e4bdf4934b3e408244a937d1877ba80498410ccfaa279ddd2de463e7aff"
"1.0","fixture_prediction__wc2018_028","fixture_prediction","wc2018","wc2018__2018-06-23","wc2018_028",900284,TRUE,0,0,"L'Ecuyer-CMRG-v1","d7910dbc210287375a01d0fa0cea9986144853f8cb099d9e62a4aea95a57f00a"
"1.0","fixture_prediction__wc2018_029","fixture_prediction","wc2018","wc2018__2018-06-23","wc2018_029",900285,TRUE,0,0,"L'Ecuyer-CMRG-v1","14f81f9fdf2b33294311133ae701d65a7348b125e4e06ab953e7bd441fd3007a"
"1.0","fixture_prediction__wc2018_030","fixture_prediction","wc2018","wc2018__2018-06-24","wc2018_030",900286,TRUE,0,0,"L'Ecuyer-CMRG-v1","e60ebb350a442beb890b46c8b2d98fc5c3a53369bb74bfc53918616b3f78d37a"
"1.0","fixture_prediction__wc2018_031","fixture_prediction","wc2018","wc2018__2018-06-24","wc2018_031",900287,TRUE,0,0,"L'Ecuyer-CMRG-v1","acd5dab7ffd68bfc9253cc2122feb2f727d0b33c8c7fd545cd702e1c5d7a4e5e"
"1.0","fixture_prediction__wc2018_032","fixture_prediction","wc2018","wc2018__2018-06-24","wc2018_032",900288,TRUE,0,0,"L'Ecuyer-CMRG-v1","a3c12b3aabc8e4e0aaeeaf267b9f76639da4eda67cafb732d4e2a2821eca3d91"
"1.0","fixture_prediction__wc2018_033","fixture_prediction","wc2018","wc2018__2018-06-25","wc2018_033",900289,TRUE,0,0,"L'Ecuyer-CMRG-v1","931330331c02e7dbbcabfcbb52b7600a45dc84ac0e5bb8c720ea30b155ca11fe"
"1.0","fixture_prediction__wc2018_034","fixture_prediction","wc2018","wc2018__2018-06-25","wc2018_034",900290,TRUE,0,0,"L'Ecuyer-CMRG-v1","a883190c53dacf593de05e6de26fa0b4f3ce51847ba68ae3d19923d8a78aee13"
"1.0","fixture_prediction__wc2018_035","fixture_prediction","wc2018","wc2018__2018-06-25","wc2018_035",900291,TRUE,0,0,"L'Ecuyer-CMRG-v1","94e7064c8ac11412929ec211a9b5d6595222e4e16f0ae3554241aad7de69c1e4"
"1.0","fixture_prediction__wc2018_036","fixture_prediction","wc2018","wc2018__2018-06-25","wc2018_036",900292,TRUE,0,0,"L'Ecuyer-CMRG-v1","152b743f3e642d53029a61cf2290fbb619a275fbadad6ce2e20a1d84ee9d34f5"
"1.0","fixture_prediction__wc2018_037","fixture_prediction","wc2018","wc2018__2018-06-26","wc2018_037",900293,TRUE,0,0,"L'Ecuyer-CMRG-v1","ed63151fad14f94310c97d8b2679b80d3bc14519405161b4abbd94a77544c7c3"
"1.0","fixture_prediction__wc2018_038","fixture_prediction","wc2018","wc2018__2018-06-26","wc2018_038",900294,TRUE,0,0,"L'Ecuyer-CMRG-v1","fa51ee56b12079ee9c5a18d3886f0a4c17b98aec4f7c3ccd4d0fc81ddeb0a501"
"1.0","fixture_prediction__wc2018_039","fixture_prediction","wc2018","wc2018__2018-06-26","wc2018_039",900295,TRUE,0,0,"L'Ecuyer-CMRG-v1","2863aeaa0337f3f417b208bef49e6345ce328af6731995dd9a7336d504c594d9"
"1.0","fixture_prediction__wc2018_040","fixture_prediction","wc2018","wc2018__2018-06-26","wc2018_040",900296,TRUE,0,0,"L'Ecuyer-CMRG-v1","bca673d6e91364017d6bb67ecdbbb76d5a420381c1fb1faf0394e31c4aef1743"
"1.0","fixture_prediction__wc2018_041","fixture_prediction","wc2018","wc2018__2018-06-27","wc2018_041",900297,TRUE,0,0,"L'Ecuyer-CMRG-v1","d1d569e5d2564c35fbf44b61831abda73305fbdb2feba593761ceb8969780818"
"1.0","fixture_prediction__wc2018_042","fixture_prediction","wc2018","wc2018__2018-06-27","wc2018_042",900298,TRUE,0,0,"L'Ecuyer-CMRG-v1","b79538885a4c3ace250f58894149f15f72bc619ba098c7162ce1f515b2924156"
"1.0","fixture_prediction__wc2018_043","fixture_prediction","wc2018","wc2018__2018-06-27","wc2018_043",900299,TRUE,0,0,"L'Ecuyer-CMRG-v1","f1dc4c78b3de7e64bd819680c18f5694daa06cba7a7444b84a343aa3dbe696ec"
"1.0","fixture_prediction__wc2018_044","fixture_prediction","wc2018","wc2018__2018-06-27","wc2018_044",900300,TRUE,0,0,"L'Ecuyer-CMRG-v1","65ee06777938583dbf7f7ea4ae62a8e99b24cf6adda13c9d2118856e2bf81b81"
"1.0","fixture_prediction__wc2018_045","fixture_prediction","wc2018","wc2018__2018-06-28","wc2018_045",900301,TRUE,0,0,"L'Ecuyer-CMRG-v1","d15eb198f993aa4971948e694ca4c892c144d1a5433e8d27133882c0166102af"
"1.0","fixture_prediction__wc2018_046","fixture_prediction","wc2018","wc2018__2018-06-28","wc2018_046",900302,TRUE,0,0,"L'Ecuyer-CMRG-v1","1187bfc6324cf597bac66a17966d365040ff06a38eb407c7f1dbe3c3b579313e"
"1.0","fixture_prediction__wc2018_047","fixture_prediction","wc2018","wc2018__2018-06-28","wc2018_047",900303,TRUE,0,0,"L'Ecuyer-CMRG-v1","731b8529d26dfd5a0d1d717bbbf4f383ec61d4adc91cf4989f00477cd4e32678"
"1.0","fixture_prediction__wc2018_048","fixture_prediction","wc2018","wc2018__2018-06-28","wc2018_048",900304,TRUE,0,0,"L'Ecuyer-CMRG-v1","6a36d8b8b0d4d59eb46b83b905eb638042a32afd302d1e9c01368f7440992068"
"1.0","fixture_prediction__wc2018_049","fixture_prediction","wc2018","wc2018__2018-06-30","wc2018_049",900305,TRUE,0,0,"L'Ecuyer-CMRG-v1","f77ed25bc0c3c9fe9177e2f9999258f614ef339da155df3eb94a965dba85c922"
"1.0","fixture_prediction__wc2018_050","fixture_prediction","wc2018","wc2018__2018-06-30","wc2018_050",900306,TRUE,0,0,"L'Ecuyer-CMRG-v1","b9d96ddb565a5e35dd95bffce8a2a112b6791d99a1fc271a661a7f9d436a0f4c"
"1.0","fixture_prediction__wc2018_051","fixture_prediction","wc2018","wc2018__2018-07-01","wc2018_051",900307,TRUE,0,0,"L'Ecuyer-CMRG-v1","1529bf7e01042aa7ea69089479d72ae8f49ae7e15c51dd12175b48dc5db7850e"
"1.0","fixture_prediction__wc2018_052","fixture_prediction","wc2018","wc2018__2018-07-01","wc2018_052",900308,TRUE,0,0,"L'Ecuyer-CMRG-v1","ca5a358127e8b9627b9c42342d52e81e6aee59b026acc08c39bc319e37dd73f0"
"1.0","fixture_prediction__wc2018_053","fixture_prediction","wc2018","wc2018__2018-07-02","wc2018_053",900309,TRUE,0,0,"L'Ecuyer-CMRG-v1","6c832ecdda00c1ccb5c60c190b2daf79436d4be99a361d584cda1efb6a2e0b32"
"1.0","fixture_prediction__wc2018_054","fixture_prediction","wc2018","wc2018__2018-07-02","wc2018_054",900310,TRUE,0,0,"L'Ecuyer-CMRG-v1","8058a34b16bc7ba901e472531b0c140285cdf2b86713dc0536b9018f761e9443"
"1.0","fixture_prediction__wc2018_055","fixture_prediction","wc2018","wc2018__2018-07-03","wc2018_055",900311,TRUE,0,0,"L'Ecuyer-CMRG-v1","7e811ca16529fa4f97fa0baebe5917400f88cd650ab5051897bce86ef539b294"
"1.0","fixture_prediction__wc2018_056","fixture_prediction","wc2018","wc2018__2018-07-03","wc2018_056",900312,TRUE,0,0,"L'Ecuyer-CMRG-v1","e869b2d148bf021e1da5c3b31f4f8e4d9636b9e89e879f421f67a4e5970b344d"
"1.0","fixture_prediction__wc2018_057","fixture_prediction","wc2018","wc2018__2018-07-06","wc2018_057",900313,TRUE,0,0,"L'Ecuyer-CMRG-v1","801a5f10ffbfc0e58c1ffcbf39a37160a79729c0bc0699059ff8c6adbc055d13"
"1.0","fixture_prediction__wc2018_058","fixture_prediction","wc2018","wc2018__2018-07-06","wc2018_058",900314,TRUE,0,0,"L'Ecuyer-CMRG-v1","19f320f864e9d6edeafe7c102bee784f408c0bc0d5c87ad3f7fa95e866292582"
"1.0","fixture_prediction__wc2018_059","fixture_prediction","wc2018","wc2018__2018-07-07","wc2018_059",900315,TRUE,0,0,"L'Ecuyer-CMRG-v1","5b77ea389c893d35dbb7aba662bd91d4206a9d6b71bf78948c58ecd4980240de"
"1.0","fixture_prediction__wc2018_060","fixture_prediction","wc2018","wc2018__2018-07-07","wc2018_060",900316,TRUE,0,0,"L'Ecuyer-CMRG-v1","1348a0f3a015fb65d3ff7dcd6283061cc29a85c621bc6532e5a43482e8b7ca60"
"1.0","fixture_prediction__wc2018_061","fixture_prediction","wc2018","wc2018__2018-07-10","wc2018_061",900317,TRUE,0,0,"L'Ecuyer-CMRG-v1","3d3c6c6ee2c9a9fade659c6ef5c0898e29df7f2eab96316911fc3d644e7167aa"
"1.0","fixture_prediction__wc2018_062","fixture_prediction","wc2018","wc2018__2018-07-11","wc2018_062",900318,TRUE,0,0,"L'Ecuyer-CMRG-v1","f9ce8bfd9326c1e2db78ac01d8e23e1932ae4166818d5d0f4d4745cff27af82e"
"1.0","fixture_prediction__wc2018_063","fixture_prediction","wc2018","wc2018__2018-07-14","wc2018_063",900319,TRUE,0,0,"L'Ecuyer-CMRG-v1","a7ff3d413a61b7aff893a10aafa3b3404fe5ffc88ad6d731ba0dff445032543d"
"1.0","fixture_prediction__wc2018_064","fixture_prediction","wc2018","wc2018__2018-07-15","wc2018_064",900320,TRUE,0,0,"L'Ecuyer-CMRG-v1","52fc9b2bff01f91484b84da92b3a4142072cabbe615edfdd26a7f6ae1e1d5b53"
"1.0","fixture_prediction__wc2022_001","fixture_prediction","wc2022","wc2022__2022-11-20","wc2022_001",900321,TRUE,0,0,"L'Ecuyer-CMRG-v1","e6c6a86bdbe4fac24b73e6a30946f2ef4ea0300689c5464bc759a6d6c5066f9e"
"1.0","fixture_prediction__wc2022_002","fixture_prediction","wc2022","wc2022__2022-11-21","wc2022_002",900322,TRUE,0,0,"L'Ecuyer-CMRG-v1","43ea0fe235efc215222b561797a39adb2eac53d303d40dee6d13262648b97c40"
"1.0","fixture_prediction__wc2022_003","fixture_prediction","wc2022","wc2022__2022-11-21","wc2022_003",900323,TRUE,0,0,"L'Ecuyer-CMRG-v1","d50792e0ae33df0ea207d9b71ec46bc2eb6e8efc5c409644c87fe9d9f3b157d4"
"1.0","fixture_prediction__wc2022_004","fixture_prediction","wc2022","wc2022__2022-11-21","wc2022_004",900324,TRUE,0,0,"L'Ecuyer-CMRG-v1","1fd49e2032312ec239d48f093d74c9f248822c53712f3bffad3c189d996ef499"
"1.0","fixture_prediction__wc2022_005","fixture_prediction","wc2022","wc2022__2022-11-22","wc2022_005",900325,TRUE,0,0,"L'Ecuyer-CMRG-v1","639da4c2551ea2fe6095169ca763ecc16c5732dd4c0074bf67f0d48b708fd08a"
"1.0","fixture_prediction__wc2022_006","fixture_prediction","wc2022","wc2022__2022-11-22","wc2022_006",900326,TRUE,0,0,"L'Ecuyer-CMRG-v1","e720aa4e4a506afc68a1bd644e14327f13ad96e4fe8f0af48cb11c1cb03e1f40"
"1.0","fixture_prediction__wc2022_007","fixture_prediction","wc2022","wc2022__2022-11-22","wc2022_007",900327,TRUE,0,0,"L'Ecuyer-CMRG-v1","8562153e0c5ad75a5e830b29308e253d447f6f2c3994298a510e0dc971f38d10"
"1.0","fixture_prediction__wc2022_008","fixture_prediction","wc2022","wc2022__2022-11-22","wc2022_008",900328,TRUE,0,0,"L'Ecuyer-CMRG-v1","c04614451af68d02c02f279914929f6a6b9ec11b5a9c22ced0e92528b95bdacf"
"1.0","fixture_prediction__wc2022_009","fixture_prediction","wc2022","wc2022__2022-11-23","wc2022_009",900329,TRUE,0,0,"L'Ecuyer-CMRG-v1","f8c9e86ec9bea6ce32617c81b4820477e1140ee1215d51c988e2738aa98bd0c6"
"1.0","fixture_prediction__wc2022_010","fixture_prediction","wc2022","wc2022__2022-11-23","wc2022_010",900330,TRUE,0,0,"L'Ecuyer-CMRG-v1","8cc150d571ce768ea6159ded13d45b5fe7ca7eaf48652c851e08ff74b3a781a3"
"1.0","fixture_prediction__wc2022_011","fixture_prediction","wc2022","wc2022__2022-11-23","wc2022_011",900331,TRUE,0,0,"L'Ecuyer-CMRG-v1","ff224d20617aad2a5909b2de79d0fa201b746c208659f8a5a82c2b7130a1293e"
"1.0","fixture_prediction__wc2022_012","fixture_prediction","wc2022","wc2022__2022-11-23","wc2022_012",900332,TRUE,0,0,"L'Ecuyer-CMRG-v1","07d5317035bc0eb1c922ad750822412bc580d70e9e3aecb70b74e1177d5dd8d7"
"1.0","fixture_prediction__wc2022_013","fixture_prediction","wc2022","wc2022__2022-11-24","wc2022_013",900333,TRUE,0,0,"L'Ecuyer-CMRG-v1","822ed94e32646ecf619f6b904968b832725cb70c15c6fa1c29f5ac65a7fe3a1d"
"1.0","fixture_prediction__wc2022_014","fixture_prediction","wc2022","wc2022__2022-11-24","wc2022_014",900334,TRUE,0,0,"L'Ecuyer-CMRG-v1","64c09fe27e312f653c48106c13647710dc08d2ccbc73b6c6e852b1ad4c0e37fc"
"1.0","fixture_prediction__wc2022_015","fixture_prediction","wc2022","wc2022__2022-11-24","wc2022_015",900335,TRUE,0,0,"L'Ecuyer-CMRG-v1","d57d5f79cb71ebecd2a73d7761ba18c51fec6d7142e194bdeb600ba4205e7c15"
"1.0","fixture_prediction__wc2022_016","fixture_prediction","wc2022","wc2022__2022-11-24","wc2022_016",900336,TRUE,0,0,"L'Ecuyer-CMRG-v1","b25fcc30355d41226978641c477938d4a953c9e8ff5c9ebd67b4cf5bc3241bbd"
"1.0","fixture_prediction__wc2022_017","fixture_prediction","wc2022","wc2022__2022-11-25","wc2022_017",900337,TRUE,0,0,"L'Ecuyer-CMRG-v1","7971f99c4624929df34604d9acecb25bf043860bc43dcaaea910eb8e4d80ad40"
"1.0","fixture_prediction__wc2022_018","fixture_prediction","wc2022","wc2022__2022-11-25","wc2022_018",900338,TRUE,0,0,"L'Ecuyer-CMRG-v1","0bf38792626363405bef72cc595b0676bdba7ae0e252dadbbad5c72b36f05b54"
"1.0","fixture_prediction__wc2022_019","fixture_prediction","wc2022","wc2022__2022-11-25","wc2022_019",900339,TRUE,0,0,"L'Ecuyer-CMRG-v1","af7fe5c0f79aa0435836ffd3a022f94a7973a591d84d44126cfad78fd8254545"
"1.0","fixture_prediction__wc2022_020","fixture_prediction","wc2022","wc2022__2022-11-25","wc2022_020",900340,TRUE,0,0,"L'Ecuyer-CMRG-v1","bcd9a11f01cfaf7a4dd10e109b2e6b3803e8835a16c64c57f1659df4b74b8ef7"
"1.0","fixture_prediction__wc2022_021","fixture_prediction","wc2022","wc2022__2022-11-26","wc2022_021",900341,TRUE,0,0,"L'Ecuyer-CMRG-v1","83ac34c0c451f2e475aef64a2686314ea8b184bfe0e07d12ff799a8afbdd655c"
"1.0","fixture_prediction__wc2022_022","fixture_prediction","wc2022","wc2022__2022-11-26","wc2022_022",900342,TRUE,0,0,"L'Ecuyer-CMRG-v1","03c77ef10bff9ba671f231212bf63a6b4358a0fc393a80ca8012c6d677cd2685"
"1.0","fixture_prediction__wc2022_023","fixture_prediction","wc2022","wc2022__2022-11-26","wc2022_023",900343,TRUE,0,0,"L'Ecuyer-CMRG-v1","fc8122b1fb5ce3a8738087cd432c6231c7a990185b20e66a6c7b049bfc0a337a"
"1.0","fixture_prediction__wc2022_024","fixture_prediction","wc2022","wc2022__2022-11-26","wc2022_024",900344,TRUE,0,0,"L'Ecuyer-CMRG-v1","6afa6454b2bbe3306a3f353632f5f00b4a14c13177f3bac3d8f7f36966811e10"
"1.0","fixture_prediction__wc2022_025","fixture_prediction","wc2022","wc2022__2022-11-27","wc2022_025",900345,TRUE,0,0,"L'Ecuyer-CMRG-v1","4610c421dcd5e85d5fafc3bc2752150b0883fb47160206f2c88c6d82d1a97d3d"
"1.0","fixture_prediction__wc2022_026","fixture_prediction","wc2022","wc2022__2022-11-27","wc2022_026",900346,TRUE,0,0,"L'Ecuyer-CMRG-v1","5401cf0346c0b1cc653d49e1b73696c99cd77a11a64068adf9850af6b77191bf"
"1.0","fixture_prediction__wc2022_027","fixture_prediction","wc2022","wc2022__2022-11-27","wc2022_027",900347,TRUE,0,0,"L'Ecuyer-CMRG-v1","8b79b406d3dcce421ee18c8c071288a2e4ce9a45759a3c80da3b3cee9677b7ca"
"1.0","fixture_prediction__wc2022_028","fixture_prediction","wc2022","wc2022__2022-11-27","wc2022_028",900348,TRUE,0,0,"L'Ecuyer-CMRG-v1","8baae5aa01b4f4a7bfef4004b3399eba62ebc40fab1233a2d77c919817142410"
"1.0","fixture_prediction__wc2022_029","fixture_prediction","wc2022","wc2022__2022-11-28","wc2022_029",900349,TRUE,0,0,"L'Ecuyer-CMRG-v1","cd982820085f2748c6aa6db536019836aed4969cb805fe84b16c6d9b66e63bbc"
"1.0","fixture_prediction__wc2022_030","fixture_prediction","wc2022","wc2022__2022-11-28","wc2022_030",900350,TRUE,0,0,"L'Ecuyer-CMRG-v1","6ca2ee42cc26874d3dca71c89428444008ebe2ee4c4c2c8d3afb78721aea0373"
"1.0","fixture_prediction__wc2022_031","fixture_prediction","wc2022","wc2022__2022-11-28","wc2022_031",900351,TRUE,0,0,"L'Ecuyer-CMRG-v1","43cbe26e47fc2576e31c75ebe7facf5b042b0e39b7b25734229523950b2b3298"
"1.0","fixture_prediction__wc2022_032","fixture_prediction","wc2022","wc2022__2022-11-28","wc2022_032",900352,TRUE,0,0,"L'Ecuyer-CMRG-v1","58cd412719636beda0e57f9b46d1c16745db45123d07642ffaf2bda9d368d4e2"
"1.0","fixture_prediction__wc2022_033","fixture_prediction","wc2022","wc2022__2022-11-29","wc2022_033",900353,TRUE,0,0,"L'Ecuyer-CMRG-v1","976b0486946f4c1d01529ab885eeb0736dc9cb7c936320ed18732ed8906b9425"
"1.0","fixture_prediction__wc2022_034","fixture_prediction","wc2022","wc2022__2022-11-29","wc2022_034",900354,TRUE,0,0,"L'Ecuyer-CMRG-v1","4d8d4a4bad4e3bc7133e9b1b10955e5cd299c26fdac1cffbe84215590beebe1a"
"1.0","fixture_prediction__wc2022_035","fixture_prediction","wc2022","wc2022__2022-11-29","wc2022_035",900355,TRUE,0,0,"L'Ecuyer-CMRG-v1","8b45edfc31a968a7eed225bd907cedbf8e8ede03bd47b76e143ec51b02ecee02"
"1.0","fixture_prediction__wc2022_036","fixture_prediction","wc2022","wc2022__2022-11-29","wc2022_036",900356,TRUE,0,0,"L'Ecuyer-CMRG-v1","7cbd144fa48c22321b45f628138f3c5764417dcfed3eb4876b12163a1bd49c98"
"1.0","fixture_prediction__wc2022_037","fixture_prediction","wc2022","wc2022__2022-11-30","wc2022_037",900357,TRUE,0,0,"L'Ecuyer-CMRG-v1","67ba26ef885adfaeb4d6b976924a9aa66da35d3e8574b28219c841710494280d"
"1.0","fixture_prediction__wc2022_038","fixture_prediction","wc2022","wc2022__2022-11-30","wc2022_038",900358,TRUE,0,0,"L'Ecuyer-CMRG-v1","3fe63619984bf53f3ad2218642a5459877eb7e426c49e3415b9821b0b80442ad"
"1.0","fixture_prediction__wc2022_039","fixture_prediction","wc2022","wc2022__2022-11-30","wc2022_039",900359,TRUE,0,0,"L'Ecuyer-CMRG-v1","5d0e5a4024e07e250e3288cdf263a935e55aaecdf1c9522a50597eaa5c6db15d"
"1.0","fixture_prediction__wc2022_040","fixture_prediction","wc2022","wc2022__2022-11-30","wc2022_040",900360,TRUE,0,0,"L'Ecuyer-CMRG-v1","6a13e5c1dd32b8a17f3783d59876b131469b8cd9c64ed54ee298d8d7cddfdbfd"
"1.0","fixture_prediction__wc2022_041","fixture_prediction","wc2022","wc2022__2022-12-01","wc2022_041",900361,TRUE,0,0,"L'Ecuyer-CMRG-v1","11b37594158cb7948d41d0d4f1f96dc3e3c852570c3b7efc0d1fde1641358dca"
"1.0","fixture_prediction__wc2022_042","fixture_prediction","wc2022","wc2022__2022-12-01","wc2022_042",900362,TRUE,0,0,"L'Ecuyer-CMRG-v1","beb99e04c98e2b8be71adddc77cc3bf3598a0751bf707e1e57b4d2fee512876c"
"1.0","fixture_prediction__wc2022_043","fixture_prediction","wc2022","wc2022__2022-12-01","wc2022_043",900363,TRUE,0,0,"L'Ecuyer-CMRG-v1","ab04c2619561522b48e1c357f9b8fe0d2e4a7408f0232fa50bda9fb8e0e5c329"
"1.0","fixture_prediction__wc2022_044","fixture_prediction","wc2022","wc2022__2022-12-01","wc2022_044",900364,TRUE,0,0,"L'Ecuyer-CMRG-v1","9aa532b428c2cf5d54e265563b8f48e5e1abf5d805344996b25533e556354961"
"1.0","fixture_prediction__wc2022_045","fixture_prediction","wc2022","wc2022__2022-12-02","wc2022_045",900365,TRUE,0,0,"L'Ecuyer-CMRG-v1","daf6a5969028d6a396de291af4b12109b99a5b88d53e2fd8088f2dbbba8739be"
"1.0","fixture_prediction__wc2022_046","fixture_prediction","wc2022","wc2022__2022-12-02","wc2022_046",900366,TRUE,0,0,"L'Ecuyer-CMRG-v1","2e48469b1fd1c25235c90065d2f3a0b0081fc1d0564ceb7af99230214dd0c410"
"1.0","fixture_prediction__wc2022_047","fixture_prediction","wc2022","wc2022__2022-12-02","wc2022_047",900367,TRUE,0,0,"L'Ecuyer-CMRG-v1","7cb091dfec449db3aca7901a3343338cb303fb2845c6f647684ccd239566bfb0"
"1.0","fixture_prediction__wc2022_048","fixture_prediction","wc2022","wc2022__2022-12-02","wc2022_048",900368,TRUE,0,0,"L'Ecuyer-CMRG-v1","813cd7bba3dd9944250a371dc0ce8a6df44dc901265e943ab2046c0d9f7d176e"
"1.0","fixture_prediction__wc2022_049","fixture_prediction","wc2022","wc2022__2022-12-03","wc2022_049",900369,TRUE,0,0,"L'Ecuyer-CMRG-v1","b2e7dd34838901006b4c51952e0a99738cd2555449b174e658a71c9b45eda2be"
"1.0","fixture_prediction__wc2022_050","fixture_prediction","wc2022","wc2022__2022-12-03","wc2022_050",900370,TRUE,0,0,"L'Ecuyer-CMRG-v1","22b344921ef3e76f1c610ffb17f4240749d4c748f4204184f7212eb091c2b268"
"1.0","fixture_prediction__wc2022_051","fixture_prediction","wc2022","wc2022__2022-12-04","wc2022_051",900371,TRUE,0,0,"L'Ecuyer-CMRG-v1","3bc9dc0ba2a55b5fe584271190c4bd1064a5026b1d6b7fc20ca0d82bb3bd7037"
"1.0","fixture_prediction__wc2022_052","fixture_prediction","wc2022","wc2022__2022-12-04","wc2022_052",900372,TRUE,0,0,"L'Ecuyer-CMRG-v1","c32385799c1701d20e9abd5ad29cc4fdcc76fb943ece18b6ee8d0d36432aa22d"
"1.0","fixture_prediction__wc2022_053","fixture_prediction","wc2022","wc2022__2022-12-05","wc2022_053",900373,TRUE,0,0,"L'Ecuyer-CMRG-v1","eb3524b5bd155aefcf550cb0d58d21c3f63bfdcdb202da220d33ded394748789"
"1.0","fixture_prediction__wc2022_054","fixture_prediction","wc2022","wc2022__2022-12-05","wc2022_054",900374,TRUE,0,0,"L'Ecuyer-CMRG-v1","d23c547f89d417271a1cd1654dd24ac8d70899510954276e1fd4098ecd8b2678"
"1.0","fixture_prediction__wc2022_055","fixture_prediction","wc2022","wc2022__2022-12-06","wc2022_055",900375,TRUE,0,0,"L'Ecuyer-CMRG-v1","2892b5ddff19d9f12e17850158bbcd9595efef72bd9af61964985f3d5c0f3fad"
"1.0","fixture_prediction__wc2022_056","fixture_prediction","wc2022","wc2022__2022-12-06","wc2022_056",900376,TRUE,0,0,"L'Ecuyer-CMRG-v1","8fe24d43292fbfd8675def5040d212962831f71dee38268ba7ecd5266f1f4f4a"
"1.0","fixture_prediction__wc2022_057","fixture_prediction","wc2022","wc2022__2022-12-09","wc2022_057",900377,TRUE,0,0,"L'Ecuyer-CMRG-v1","fe455dca4f121b5f90bd49ec96ea8d0c8b27ab7fca41fb949ca7702b6d1758f7"
"1.0","fixture_prediction__wc2022_058","fixture_prediction","wc2022","wc2022__2022-12-09","wc2022_058",900378,TRUE,0,0,"L'Ecuyer-CMRG-v1","ba02b1ac93cf871b16e1de1afb082b28e7dff510b6abc8b403bcca27e796bbec"
"1.0","fixture_prediction__wc2022_059","fixture_prediction","wc2022","wc2022__2022-12-10","wc2022_059",900379,TRUE,0,0,"L'Ecuyer-CMRG-v1","2d0d0651e1e086bf9d69c5f4d0e084156312f9a4f79e10f220b13aba536f57ba"
"1.0","fixture_prediction__wc2022_060","fixture_prediction","wc2022","wc2022__2022-12-10","wc2022_060",900380,TRUE,0,0,"L'Ecuyer-CMRG-v1","ab3782229e7c44db56aec3c1f33d036adc90b4617dd524f9f695734dd2ccbb02"
"1.0","fixture_prediction__wc2022_061","fixture_prediction","wc2022","wc2022__2022-12-13","wc2022_061",900381,TRUE,0,0,"L'Ecuyer-CMRG-v1","be322b5c3aad169eb49bb2fe55e3a7f9e5a1a4ee16cc0b0f40d9c3f65f08b685"
"1.0","fixture_prediction__wc2022_062","fixture_prediction","wc2022","wc2022__2022-12-14","wc2022_062",900382,TRUE,0,0,"L'Ecuyer-CMRG-v1","5ad2fd74865a86948c8fea43c6fb108b0118bc6ec7f270d32538ed62b3e1d4a0"
"1.0","fixture_prediction__wc2022_063","fixture_prediction","wc2022","wc2022__2022-12-17","wc2022_063",900383,TRUE,0,0,"L'Ecuyer-CMRG-v1","7009d90fe9d9ff17bf865190b11354f08038d838801d1bec936a5f42d94b2f2c"
"1.0","fixture_prediction__wc2022_064","fixture_prediction","wc2022","wc2022__2022-12-18","wc2022_064",900384,TRUE,0,0,"L'Ecuyer-CMRG-v1","2da27676266d50a0e1b6c8694db9570e76c69865cb30aa0f6bf9bd25cc262277"
"1.0","fixture_prediction__euro2004_001","fixture_prediction","euro2004","euro2004__2004-06-12","euro2004_001",900385,TRUE,0,0,"L'Ecuyer-CMRG-v1","dc7cc96e8ae6e32a74be1c8b949520291983c8094b0b000055285aac411757a7"
"1.0","fixture_prediction__euro2004_002","fixture_prediction","euro2004","euro2004__2004-06-12","euro2004_002",900386,TRUE,0,0,"L'Ecuyer-CMRG-v1","ab3f98a44df2c02db84661ff13d277f03f67f6346199692ac5f1a25ece8678ed"
"1.0","fixture_prediction__euro2004_003","fixture_prediction","euro2004","euro2004__2004-06-13","euro2004_003",900387,TRUE,0,0,"L'Ecuyer-CMRG-v1","99b006b3b7cb32f25f465531db4cb686ab9fed05f526ca48ff94b691217aff0f"
"1.0","fixture_prediction__euro2004_004","fixture_prediction","euro2004","euro2004__2004-06-13","euro2004_004",900388,TRUE,0,0,"L'Ecuyer-CMRG-v1","c6e63504decc670fc6043cc6f33f4217ae73cd9babe59f65abce5f132df7bc6a"
"1.0","fixture_prediction__euro2004_005","fixture_prediction","euro2004","euro2004__2004-06-14","euro2004_005",900389,TRUE,0,0,"L'Ecuyer-CMRG-v1","64475d2606344a114ab20a3b696125fd8aee0366b5b4ff4995d3b0e575aed48d"
"1.0","fixture_prediction__euro2004_006","fixture_prediction","euro2004","euro2004__2004-06-14","euro2004_006",900390,TRUE,0,0,"L'Ecuyer-CMRG-v1","e2d89102c30e3eb957bafb06f6104b140b8edc644f0bcc86d29aa386e370ec12"
"1.0","fixture_prediction__euro2004_007","fixture_prediction","euro2004","euro2004__2004-06-15","euro2004_007",900391,TRUE,0,0,"L'Ecuyer-CMRG-v1","8272b0de7049a2c976b9ab0d1c1baf561dabf609d36f5dec25179445b61c01a2"
"1.0","fixture_prediction__euro2004_008","fixture_prediction","euro2004","euro2004__2004-06-15","euro2004_008",900392,TRUE,0,0,"L'Ecuyer-CMRG-v1","a0ad0d3f8beb08975fbd0de7dbc63aa3b09630881a591ef96e93c6cc2adc7fde"
"1.0","fixture_prediction__euro2004_009","fixture_prediction","euro2004","euro2004__2004-06-16","euro2004_009",900393,TRUE,0,0,"L'Ecuyer-CMRG-v1","81cca0f22aa5ac0a0107556a333d692bd1d641699b1549f7546c1c767ffb4f00"
"1.0","fixture_prediction__euro2004_010","fixture_prediction","euro2004","euro2004__2004-06-16","euro2004_010",900394,TRUE,0,0,"L'Ecuyer-CMRG-v1","814933ad572330fb936bf1a115c79ea33d3ab2d1d392b0a477de66d19d2b2fa6"
"1.0","fixture_prediction__euro2004_011","fixture_prediction","euro2004","euro2004__2004-06-17","euro2004_011",900395,TRUE,0,0,"L'Ecuyer-CMRG-v1","3b69b4ab4eb542647cec1793be077246b22690702ec1398c6642c696e22eb8b2"
"1.0","fixture_prediction__euro2004_012","fixture_prediction","euro2004","euro2004__2004-06-17","euro2004_012",900396,TRUE,0,0,"L'Ecuyer-CMRG-v1","314ededd2e81688e2246c3fd573c6d00bbd8baf9650b097927b0b01132cce3a8"
"1.0","fixture_prediction__euro2004_013","fixture_prediction","euro2004","euro2004__2004-06-18","euro2004_013",900397,TRUE,0,0,"L'Ecuyer-CMRG-v1","9464772440b0c731f7a3baab4eb636497f808475c6aaef1103e8008fe30bc183"
"1.0","fixture_prediction__euro2004_014","fixture_prediction","euro2004","euro2004__2004-06-18","euro2004_014",900398,TRUE,0,0,"L'Ecuyer-CMRG-v1","ff7ee6f8256dafca887f0b239705b8b9dd0e19b4220636f85ad23d7765ea3274"
"1.0","fixture_prediction__euro2004_015","fixture_prediction","euro2004","euro2004__2004-06-19","euro2004_015",900399,TRUE,0,0,"L'Ecuyer-CMRG-v1","1ba22e17964100c8a235c27ac2181d09b0bf6efdb1747c26385296843991f8bb"
"1.0","fixture_prediction__euro2004_016","fixture_prediction","euro2004","euro2004__2004-06-19","euro2004_016",900400,TRUE,0,0,"L'Ecuyer-CMRG-v1","9fdec81a6cd6f1d946349fe1fb3bb5877ae97785d4dc6e47282c72f30277607a"
"1.0","fixture_prediction__euro2004_017","fixture_prediction","euro2004","euro2004__2004-06-20","euro2004_017",900401,TRUE,0,0,"L'Ecuyer-CMRG-v1","4c1fee887cfeaf14176079b573d52b388d3deea03626c6f36f782417cda07804"
"1.0","fixture_prediction__euro2004_018","fixture_prediction","euro2004","euro2004__2004-06-20","euro2004_018",900402,TRUE,0,0,"L'Ecuyer-CMRG-v1","ffc83bb208e77a28cca5ac7248fec275e3184d5e29513615cbaf7d725c050fc8"
"1.0","fixture_prediction__euro2004_019","fixture_prediction","euro2004","euro2004__2004-06-21","euro2004_019",900403,TRUE,0,0,"L'Ecuyer-CMRG-v1","c4c02c9d568f4200d9e7035a50439c106994a727d4d00380bd0c34ec8efe87b4"
"1.0","fixture_prediction__euro2004_020","fixture_prediction","euro2004","euro2004__2004-06-21","euro2004_020",900404,TRUE,0,0,"L'Ecuyer-CMRG-v1","1e7a32110ba36a21af444a0ce62bc961dbc80ec4ce0cbb43725dab19577f7eb6"
"1.0","fixture_prediction__euro2004_021","fixture_prediction","euro2004","euro2004__2004-06-22","euro2004_021",900405,TRUE,0,0,"L'Ecuyer-CMRG-v1","601efccad81cdbb8f7b08692f042f26dc19d1316649bacdbaa4a0e7a7c5ec8e9"
"1.0","fixture_prediction__euro2004_022","fixture_prediction","euro2004","euro2004__2004-06-22","euro2004_022",900406,TRUE,0,0,"L'Ecuyer-CMRG-v1","3f7a9a1ed9bc1c422ad694264013f5f9c11a6e8ccaa27155199b0f057ec6183c"
"1.0","fixture_prediction__euro2004_023","fixture_prediction","euro2004","euro2004__2004-06-23","euro2004_023",900407,TRUE,0,0,"L'Ecuyer-CMRG-v1","688a511f83fb3e06b0da15efc7f0480aa89a2bfe3f049ce10bcbc334e967d57e"
"1.0","fixture_prediction__euro2004_024","fixture_prediction","euro2004","euro2004__2004-06-23","euro2004_024",900408,TRUE,0,0,"L'Ecuyer-CMRG-v1","a3f2429540929052d4e0424a489048ad9b16a39c90f6eb53c1ed35d2c6788802"
"1.0","fixture_prediction__euro2004_025","fixture_prediction","euro2004","euro2004__2004-06-24","euro2004_025",900409,TRUE,0,0,"L'Ecuyer-CMRG-v1","b13e1d9f73bc61cb7fd46681fee349e66c7a1993b9b5d28db61e02a1c5679606"
"1.0","fixture_prediction__euro2004_026","fixture_prediction","euro2004","euro2004__2004-06-25","euro2004_026",900410,TRUE,0,0,"L'Ecuyer-CMRG-v1","1fd0170f35eadf6db27ac73c18e73e6e9bfb2a9dc5140487d277dcd0ff583109"
"1.0","fixture_prediction__euro2004_027","fixture_prediction","euro2004","euro2004__2004-06-26","euro2004_027",900411,TRUE,0,0,"L'Ecuyer-CMRG-v1","2e0a7d1f5ce80214747ec170eb627fc674cd0260feea2d8eb195a74227452803"
"1.0","fixture_prediction__euro2004_028","fixture_prediction","euro2004","euro2004__2004-06-27","euro2004_028",900412,TRUE,0,0,"L'Ecuyer-CMRG-v1","6f4d924887aa8e0f2f67f8543d41435f7d516adcda8466917782bc2a498ed2cc"
"1.0","fixture_prediction__euro2004_029","fixture_prediction","euro2004","euro2004__2004-06-30","euro2004_029",900413,TRUE,0,0,"L'Ecuyer-CMRG-v1","21dbc8fce538de7ae2502ab7d480f234ad3f61ec24b40313d836d53979e17f18"
"1.0","fixture_prediction__euro2004_030","fixture_prediction","euro2004","euro2004__2004-07-01","euro2004_030",900414,TRUE,0,0,"L'Ecuyer-CMRG-v1","dc16c2a4f929ee339439b6484d64448719b7f84473282dc1c21d7a060e025ab1"
"1.0","fixture_prediction__euro2004_031","fixture_prediction","euro2004","euro2004__2004-07-04","euro2004_031",900415,TRUE,0,0,"L'Ecuyer-CMRG-v1","d7ac5fde449a6cff5cfc2465222722abab636e211b3b562f9c43cbe5001b58d0"
"1.0","fixture_prediction__euro2008_001","fixture_prediction","euro2008","euro2008__2008-06-07","euro2008_001",900416,TRUE,0,0,"L'Ecuyer-CMRG-v1","6b11bf0ccf07240e1ddbb03d879c490ca1111e5994619b35f84c91d79e332370"
"1.0","fixture_prediction__euro2008_002","fixture_prediction","euro2008","euro2008__2008-06-07","euro2008_002",900417,TRUE,0,0,"L'Ecuyer-CMRG-v1","fd30e162df63c19b6fcb404d2bd728840d02489f0886bbf72cd3fd53541e85c6"
"1.0","fixture_prediction__euro2008_003","fixture_prediction","euro2008","euro2008__2008-06-08","euro2008_003",900418,TRUE,0,0,"L'Ecuyer-CMRG-v1","2755ae4896143b60061e819ad78eba9d762c549520a472be29ced0fb5bc89819"
"1.0","fixture_prediction__euro2008_004","fixture_prediction","euro2008","euro2008__2008-06-08","euro2008_004",900419,TRUE,0,0,"L'Ecuyer-CMRG-v1","fc87f945f2eee78ff4ce3c62d56cd17eb9a88ca43d6d27b53cea599e5c7cfcf5"
"1.0","fixture_prediction__euro2008_005","fixture_prediction","euro2008","euro2008__2008-06-09","euro2008_005",900420,TRUE,0,0,"L'Ecuyer-CMRG-v1","f15ec60d189ac6ea9dd8c2a964cf35e92ae4b37679c63e9ddadf1b9b46c2e825"
"1.0","fixture_prediction__euro2008_006","fixture_prediction","euro2008","euro2008__2008-06-09","euro2008_006",900421,TRUE,0,0,"L'Ecuyer-CMRG-v1","2b7a264799a731bf0d2db78a63e31c447cf395fc55253b9960784cc88999cf4a"
"1.0","fixture_prediction__euro2008_007","fixture_prediction","euro2008","euro2008__2008-06-10","euro2008_007",900422,TRUE,0,0,"L'Ecuyer-CMRG-v1","8708cc3124b934cc407d382f0bfcb8a389e1d08a9942aa5b8d94893c85b9355f"
"1.0","fixture_prediction__euro2008_008","fixture_prediction","euro2008","euro2008__2008-06-10","euro2008_008",900423,TRUE,0,0,"L'Ecuyer-CMRG-v1","3b3ee78200523f2c95ced2e4b800c2887e0d533ab21f22e338500bd28237d7d3"
"1.0","fixture_prediction__euro2008_009","fixture_prediction","euro2008","euro2008__2008-06-11","euro2008_009",900424,TRUE,0,0,"L'Ecuyer-CMRG-v1","5fdf9179b04bf0329de42f06d799f3311782fec3bb1fb1330d714240b69aa4ab"
"1.0","fixture_prediction__euro2008_010","fixture_prediction","euro2008","euro2008__2008-06-11","euro2008_010",900425,TRUE,0,0,"L'Ecuyer-CMRG-v1","f02be5be889c6c9c24c8179159b4f2b10b25140701b604b96b2942b8a45c0a0e"
"1.0","fixture_prediction__euro2008_011","fixture_prediction","euro2008","euro2008__2008-06-12","euro2008_011",900426,TRUE,0,0,"L'Ecuyer-CMRG-v1","9aa179a47c54591fdcd78e9af7439179f11064287422c4a6d0d5c80256d8c2b6"
"1.0","fixture_prediction__euro2008_012","fixture_prediction","euro2008","euro2008__2008-06-12","euro2008_012",900427,TRUE,0,0,"L'Ecuyer-CMRG-v1","9d72f4dd150580e5e1b7fd4b70753555841b2e8ed072b5ad7d25ae06b365fbc6"
"1.0","fixture_prediction__euro2008_013","fixture_prediction","euro2008","euro2008__2008-06-13","euro2008_013",900428,TRUE,0,0,"L'Ecuyer-CMRG-v1","9a1ff3dc4169a2afc84884f5cab796814454785f6f758fc94b9aa820b7eacdff"
"1.0","fixture_prediction__euro2008_014","fixture_prediction","euro2008","euro2008__2008-06-13","euro2008_014",900429,TRUE,0,0,"L'Ecuyer-CMRG-v1","4fd1fbff7625230ccde7bcf53b6033a34d55f75b8c013af4de8e2cda18dd5304"
"1.0","fixture_prediction__euro2008_015","fixture_prediction","euro2008","euro2008__2008-06-14","euro2008_015",900430,TRUE,0,0,"L'Ecuyer-CMRG-v1","4a77d216b1810b9fe007fd1c9b92efd8c47628cbb255cf2341f63923b485ee6a"
"1.0","fixture_prediction__euro2008_016","fixture_prediction","euro2008","euro2008__2008-06-14","euro2008_016",900431,TRUE,0,0,"L'Ecuyer-CMRG-v1","8b6c06f429bf361dc18eb847434138987c00948c7b33b1b18c240aca618ae5da"
"1.0","fixture_prediction__euro2008_017","fixture_prediction","euro2008","euro2008__2008-06-15","euro2008_017",900432,TRUE,0,0,"L'Ecuyer-CMRG-v1","9f07e4f3cd6b19a363f9f1e16041c5f1da9a40e397cc6af24579d67d3fc7781a"
"1.0","fixture_prediction__euro2008_018","fixture_prediction","euro2008","euro2008__2008-06-15","euro2008_018",900433,TRUE,0,0,"L'Ecuyer-CMRG-v1","3b326148ccf7fb6d56fe293f696e12b0849e71dfe249ac20dd2f180479330b67"
"1.0","fixture_prediction__euro2008_019","fixture_prediction","euro2008","euro2008__2008-06-16","euro2008_019",900434,TRUE,0,0,"L'Ecuyer-CMRG-v1","28b2de9ff5333c36f1fa59b50a805bd7c018a71e3974b4d8a3d374968f140d7b"
"1.0","fixture_prediction__euro2008_020","fixture_prediction","euro2008","euro2008__2008-06-16","euro2008_020",900435,TRUE,0,0,"L'Ecuyer-CMRG-v1","bb01995f1aba330973dd531b76b2131229afa766078634ec161a96feb68d465a"
"1.0","fixture_prediction__euro2008_021","fixture_prediction","euro2008","euro2008__2008-06-17","euro2008_021",900436,TRUE,0,0,"L'Ecuyer-CMRG-v1","11851c81a7a4e98562db1ddb1c1e3a32ad9cf3254977d879f63902db9e0613d3"
"1.0","fixture_prediction__euro2008_022","fixture_prediction","euro2008","euro2008__2008-06-17","euro2008_022",900437,TRUE,0,0,"L'Ecuyer-CMRG-v1","0cfd3ffae65dd45022a74c0b19f28bbfae7563bca6cca6f7ddb4a4e7944a9dae"
"1.0","fixture_prediction__euro2008_023","fixture_prediction","euro2008","euro2008__2008-06-18","euro2008_023",900438,TRUE,0,0,"L'Ecuyer-CMRG-v1","ed04f34d296fc2112e72a39b8c6a97e6ed347292b4a8fba63ee31ac7b5537e70"
"1.0","fixture_prediction__euro2008_024","fixture_prediction","euro2008","euro2008__2008-06-18","euro2008_024",900439,TRUE,0,0,"L'Ecuyer-CMRG-v1","d971efda8b3d5451a0459d2c4ff03aaacd904c9ad2b4bee3b9ef4be1653534de"
"1.0","fixture_prediction__euro2008_025","fixture_prediction","euro2008","euro2008__2008-06-19","euro2008_025",900440,TRUE,0,0,"L'Ecuyer-CMRG-v1","57c874e428ddb49ed9f012d651b6dcc08c6fa0d21581860dd4c5af5239ac9089"
"1.0","fixture_prediction__euro2008_026","fixture_prediction","euro2008","euro2008__2008-06-20","euro2008_026",900441,TRUE,0,0,"L'Ecuyer-CMRG-v1","f56050ac5e2afc829ef24c9863506b8b5001b34007caf0b584f68f502d2a82a1"
"1.0","fixture_prediction__euro2008_027","fixture_prediction","euro2008","euro2008__2008-06-21","euro2008_027",900442,TRUE,0,0,"L'Ecuyer-CMRG-v1","dca4274d999558b5efc0324080e0dc9c7abf6287f241669d3cd2abf32b2505b7"
"1.0","fixture_prediction__euro2008_028","fixture_prediction","euro2008","euro2008__2008-06-22","euro2008_028",900443,TRUE,0,0,"L'Ecuyer-CMRG-v1","e318b8c1ee58a3b33cdd4e7a63c3d5f158b0c879ed51c219f98e62825272b8e1"
"1.0","fixture_prediction__euro2008_029","fixture_prediction","euro2008","euro2008__2008-06-25","euro2008_029",900444,TRUE,0,0,"L'Ecuyer-CMRG-v1","bca9c316dd352cd3064407e7322d6def1348be9631d79103dafcd6d7701b0dd7"
"1.0","fixture_prediction__euro2008_030","fixture_prediction","euro2008","euro2008__2008-06-26","euro2008_030",900445,TRUE,0,0,"L'Ecuyer-CMRG-v1","b142eb1c2e5ddb25ceb6392166f1314184f01b474e5aed1d88bcddc2dca54d52"
"1.0","fixture_prediction__euro2008_031","fixture_prediction","euro2008","euro2008__2008-06-29","euro2008_031",900446,TRUE,0,0,"L'Ecuyer-CMRG-v1","d7676813df52227d05d5a6ec8342ea39f8f4b1ee7c62766cd42ba66cd5aa0579"
"1.0","fixture_prediction__euro2012_001","fixture_prediction","euro2012","euro2012__2012-06-08","euro2012_001",900447,TRUE,0,0,"L'Ecuyer-CMRG-v1","6f30b5ab91ec6724af55d9f697f21303f7d7e01b533006ed9f5e8bc4350d5386"
"1.0","fixture_prediction__euro2012_002","fixture_prediction","euro2012","euro2012__2012-06-08","euro2012_002",900448,TRUE,0,0,"L'Ecuyer-CMRG-v1","e41642862c398df701f04af117d07955b244a358090692573aa7c514787a226d"
"1.0","fixture_prediction__euro2012_003","fixture_prediction","euro2012","euro2012__2012-06-09","euro2012_003",900449,TRUE,0,0,"L'Ecuyer-CMRG-v1","1f72909dfaeb960af1b2148af7b05155ecac80e80f2783e496b18ae154aa50c3"
"1.0","fixture_prediction__euro2012_004","fixture_prediction","euro2012","euro2012__2012-06-09","euro2012_004",900450,TRUE,0,0,"L'Ecuyer-CMRG-v1","3a49837d1d3d93eec8f4d5291bb6794cdb9281bfecf0ef9f4dfb86d9bc009181"
"1.0","fixture_prediction__euro2012_005","fixture_prediction","euro2012","euro2012__2012-06-10","euro2012_005",900451,TRUE,0,0,"L'Ecuyer-CMRG-v1","f013c3b9831b91f3bf49c2f79ad452cea3bfd6904c7d313695322ca8735f284d"
"1.0","fixture_prediction__euro2012_006","fixture_prediction","euro2012","euro2012__2012-06-10","euro2012_006",900452,TRUE,0,0,"L'Ecuyer-CMRG-v1","a5227dace85e3407dd557103b182ea630ecdacab65fdce720a6fb1efc8cdcc39"
"1.0","fixture_prediction__euro2012_007","fixture_prediction","euro2012","euro2012__2012-06-11","euro2012_007",900453,TRUE,0,0,"L'Ecuyer-CMRG-v1","21cbf2d655e67a0ec60d3fe51ec960a28e40f1a697aa0717da2e8b43e96b9d2e"
"1.0","fixture_prediction__euro2012_008","fixture_prediction","euro2012","euro2012__2012-06-11","euro2012_008",900454,TRUE,0,0,"L'Ecuyer-CMRG-v1","6ce1f48166a6ceca7e3bf36f16a04eb5c2936f5076e3b275e0906e093a739d35"
"1.0","fixture_prediction__euro2012_009","fixture_prediction","euro2012","euro2012__2012-06-12","euro2012_009",900455,TRUE,0,0,"L'Ecuyer-CMRG-v1","c91172f8ac93eb7e5f4caecbb1c04b4590bb95e7a459c13f428a9e91abbb2ad6"
"1.0","fixture_prediction__euro2012_010","fixture_prediction","euro2012","euro2012__2012-06-12","euro2012_010",900456,TRUE,0,0,"L'Ecuyer-CMRG-v1","09a08c2ea46786a53eab2a2cbe7f1b8532d0693d1119600a617349e672daf4f2"
"1.0","fixture_prediction__euro2012_011","fixture_prediction","euro2012","euro2012__2012-06-13","euro2012_011",900457,TRUE,0,0,"L'Ecuyer-CMRG-v1","6886a769e6092db75038a9e3bb61c1cfde210ff5eeca306a08cd0feaf6657f0d"
"1.0","fixture_prediction__euro2012_012","fixture_prediction","euro2012","euro2012__2012-06-13","euro2012_012",900458,TRUE,0,0,"L'Ecuyer-CMRG-v1","aed3310bda6df79955678db66c318485947edcefffc9dcb7b36517f29bdba7d4"
"1.0","fixture_prediction__euro2012_013","fixture_prediction","euro2012","euro2012__2012-06-14","euro2012_013",900459,TRUE,0,0,"L'Ecuyer-CMRG-v1","a2f304e9a0a3c9375e28327f4ee6724d468147ee8a5fa445b9071007f2b26694"
"1.0","fixture_prediction__euro2012_014","fixture_prediction","euro2012","euro2012__2012-06-14","euro2012_014",900460,TRUE,0,0,"L'Ecuyer-CMRG-v1","61d7c5991007b5cbde72a477a262a17903d2a69b6970074cd6feda05e3726bbc"
"1.0","fixture_prediction__euro2012_015","fixture_prediction","euro2012","euro2012__2012-06-15","euro2012_015",900461,TRUE,0,0,"L'Ecuyer-CMRG-v1","db82cf13d1391607fa47078c1e24de90c4ea77c6909d916f9af91dec9a9b731d"
"1.0","fixture_prediction__euro2012_016","fixture_prediction","euro2012","euro2012__2012-06-15","euro2012_016",900462,TRUE,0,0,"L'Ecuyer-CMRG-v1","455d410443e786b9ef3cea4743047283ab4db97bdc4d925c6e3e2689ceef4c92"
"1.0","fixture_prediction__euro2012_017","fixture_prediction","euro2012","euro2012__2012-06-16","euro2012_017",900463,TRUE,0,0,"L'Ecuyer-CMRG-v1","30c8e7a989c6282d4493f2da049fe69bbda1a78595c8c16d3dbb7ef3c5e61a86"
"1.0","fixture_prediction__euro2012_018","fixture_prediction","euro2012","euro2012__2012-06-16","euro2012_018",900464,TRUE,0,0,"L'Ecuyer-CMRG-v1","ba5dd5a3b08b2fd402acae775a1af21659bdd93e79088def2b82fa2abb56ecf8"
"1.0","fixture_prediction__euro2012_019","fixture_prediction","euro2012","euro2012__2012-06-17","euro2012_019",900465,TRUE,0,0,"L'Ecuyer-CMRG-v1","23a742954e58e2a46857f91f118420a1380fa9a33a3b811f0c6f83609e6268e6"
"1.0","fixture_prediction__euro2012_020","fixture_prediction","euro2012","euro2012__2012-06-17","euro2012_020",900466,TRUE,0,0,"L'Ecuyer-CMRG-v1","075cc4c214827d2cae22a20c524010df6d7e0f9611f20b556139aa8d52b49af4"
"1.0","fixture_prediction__euro2012_021","fixture_prediction","euro2012","euro2012__2012-06-18","euro2012_021",900467,TRUE,0,0,"L'Ecuyer-CMRG-v1","9b87805a67cf7282d553a998e33322ac2f87d49362bad1250d6833daec8d27d7"
"1.0","fixture_prediction__euro2012_022","fixture_prediction","euro2012","euro2012__2012-06-18","euro2012_022",900468,TRUE,0,0,"L'Ecuyer-CMRG-v1","69e2fac4449f674ef11885dc346d5ae5ffc8c1081914edb3486cfd6ac110f65b"
"1.0","fixture_prediction__euro2012_023","fixture_prediction","euro2012","euro2012__2012-06-19","euro2012_023",900469,TRUE,0,0,"L'Ecuyer-CMRG-v1","02b34df127f08f6a3611a255dfcb56a3da5063930624624a2a207c77ba97719c"
"1.0","fixture_prediction__euro2012_024","fixture_prediction","euro2012","euro2012__2012-06-19","euro2012_024",900470,TRUE,0,0,"L'Ecuyer-CMRG-v1","902b92fef6caf668b687ace623e21cba3cd74c8f675562b1b1131d0d44161643"
"1.0","fixture_prediction__euro2012_025","fixture_prediction","euro2012","euro2012__2012-06-21","euro2012_025",900471,TRUE,0,0,"L'Ecuyer-CMRG-v1","f5a1a2bcce45cc40b237bc6aa019335d183af8d16733caaff82459d1855e74ad"
"1.0","fixture_prediction__euro2012_026","fixture_prediction","euro2012","euro2012__2012-06-22","euro2012_026",900472,TRUE,0,0,"L'Ecuyer-CMRG-v1","2d2c59a8f0ace1ebfc97fe6e85cde3ff34c1fb104188353f1e37dc656df9a21d"
"1.0","fixture_prediction__euro2012_027","fixture_prediction","euro2012","euro2012__2012-06-23","euro2012_027",900473,TRUE,0,0,"L'Ecuyer-CMRG-v1","6c78e822f8cc5b68ed49c1791fb7be078cd92816ff81525df8922da79288c31d"
"1.0","fixture_prediction__euro2012_028","fixture_prediction","euro2012","euro2012__2012-06-24","euro2012_028",900474,TRUE,0,0,"L'Ecuyer-CMRG-v1","78d5ea614be10f5f82f0106ef5a00d67830f047832ae744ade4f1da0577dbde8"
"1.0","fixture_prediction__euro2012_029","fixture_prediction","euro2012","euro2012__2012-06-27","euro2012_029",900475,TRUE,0,0,"L'Ecuyer-CMRG-v1","70b70944f8f74abac3c0d0e78f179cdf122eb4453dcd03a6866d253f650e5299"
"1.0","fixture_prediction__euro2012_030","fixture_prediction","euro2012","euro2012__2012-06-28","euro2012_030",900476,TRUE,0,0,"L'Ecuyer-CMRG-v1","220a3afcc48e68f1cd3188a90620b041f5b1bc9943f4c77e121c32ff264fbeb7"
"1.0","fixture_prediction__euro2012_031","fixture_prediction","euro2012","euro2012__2012-07-01","euro2012_031",900477,TRUE,0,0,"L'Ecuyer-CMRG-v1","4b25eb192d6ebd0f2612433958806eb7ffeafc14330aa06f359e8390e46cc61e"
"1.0","fixture_prediction__euro2016_001","fixture_prediction","euro2016","euro2016__2016-06-10","euro2016_001",900478,TRUE,0,0,"L'Ecuyer-CMRG-v1","575339fbb735283b1d6d5c674f760cfcaf01199f9aed798dd5ce099877a6bec8"
"1.0","fixture_prediction__euro2016_002","fixture_prediction","euro2016","euro2016__2016-06-11","euro2016_002",900479,TRUE,0,0,"L'Ecuyer-CMRG-v1","b2c6597b038ef0463c1745ddbf051ee9461fa8393f577302ef3e1363987204c0"
"1.0","fixture_prediction__euro2016_003","fixture_prediction","euro2016","euro2016__2016-06-11","euro2016_003",900480,TRUE,0,0,"L'Ecuyer-CMRG-v1","b5d667fdf9f7b31e974647a7a159cc16c1c01c828096834b63687bc8682cdf4d"
"1.0","fixture_prediction__euro2016_004","fixture_prediction","euro2016","euro2016__2016-06-11","euro2016_004",900481,TRUE,0,0,"L'Ecuyer-CMRG-v1","14cf009cf7c2c81b9510ee22cc44405d4eb25d1fe1359e72ae46d03597bc62e5"
"1.0","fixture_prediction__euro2016_005","fixture_prediction","euro2016","euro2016__2016-06-12","euro2016_005",900482,TRUE,0,0,"L'Ecuyer-CMRG-v1","0cc5a93c34349d27110424ebc42a70e01a79731c08f5939797472b11bb56fd7e"
"1.0","fixture_prediction__euro2016_006","fixture_prediction","euro2016","euro2016__2016-06-12","euro2016_006",900483,TRUE,0,0,"L'Ecuyer-CMRG-v1","8b3b8332fe2a4c5deaa613c05d27ec63e0e9f376d9197d1cac62bbe0a57a213c"
"1.0","fixture_prediction__euro2016_007","fixture_prediction","euro2016","euro2016__2016-06-12","euro2016_007",900484,TRUE,0,0,"L'Ecuyer-CMRG-v1","fa0cf84461415afb737f02a6d6263a6917c0900bd5d4726ca8c499a951476e05"
"1.0","fixture_prediction__euro2016_008","fixture_prediction","euro2016","euro2016__2016-06-13","euro2016_008",900485,TRUE,0,0,"L'Ecuyer-CMRG-v1","a40330e2107863ef2da972cdbcd4c3f31d7c091836a8791a03018a56e95eed8e"
"1.0","fixture_prediction__euro2016_009","fixture_prediction","euro2016","euro2016__2016-06-13","euro2016_009",900486,TRUE,0,0,"L'Ecuyer-CMRG-v1","453ef458dfa0f64fb7dc55601723b1aca8044a3204d54f58bc22e93bda160ac9"
"1.0","fixture_prediction__euro2016_010","fixture_prediction","euro2016","euro2016__2016-06-13","euro2016_010",900487,TRUE,0,0,"L'Ecuyer-CMRG-v1","784f1ed87889452c63253cfc6140710ca0e107b44eab8c0edcfd9ab861901ba8"
"1.0","fixture_prediction__euro2016_011","fixture_prediction","euro2016","euro2016__2016-06-14","euro2016_011",900488,TRUE,0,0,"L'Ecuyer-CMRG-v1","7ca8ec05ce4b39188060e5f9c238141e0fcf680da04df7f36f82700f7db91ae7"
"1.0","fixture_prediction__euro2016_012","fixture_prediction","euro2016","euro2016__2016-06-14","euro2016_012",900489,TRUE,0,0,"L'Ecuyer-CMRG-v1","5655aa29365b588067515bafb0ebe2e42ff4df13e28e3475615a9c2b558f544f"
"1.0","fixture_prediction__euro2016_013","fixture_prediction","euro2016","euro2016__2016-06-15","euro2016_013",900490,TRUE,0,0,"L'Ecuyer-CMRG-v1","098de8946747c0d7a64f7f0ef8dbf223ec13e2b8d05c5a647dffef2d8b6674a4"
"1.0","fixture_prediction__euro2016_014","fixture_prediction","euro2016","euro2016__2016-06-15","euro2016_014",900491,TRUE,0,0,"L'Ecuyer-CMRG-v1","bc7eb5b7e23f4621f9fedfd74246f35e05d8af1f3d90a41e24f5573c6c6e38c1"
"1.0","fixture_prediction__euro2016_015","fixture_prediction","euro2016","euro2016__2016-06-15","euro2016_015",900492,TRUE,0,0,"L'Ecuyer-CMRG-v1","522b741aefd0861ad82e47150e1d31965ea610c9f1089ccd16d657056b67bfb8"
"1.0","fixture_prediction__euro2016_016","fixture_prediction","euro2016","euro2016__2016-06-16","euro2016_016",900493,TRUE,0,0,"L'Ecuyer-CMRG-v1","a6f118cf879495306a1771fd7834bfbdf896b937a9715a4aafeba4a525e095ab"
"1.0","fixture_prediction__euro2016_017","fixture_prediction","euro2016","euro2016__2016-06-16","euro2016_017",900494,TRUE,0,0,"L'Ecuyer-CMRG-v1","f8ceafecc551b2c4d66d0a60a56dadc3a20c730073f7365aa258c6029818a0c3"
"1.0","fixture_prediction__euro2016_018","fixture_prediction","euro2016","euro2016__2016-06-16","euro2016_018",900495,TRUE,0,0,"L'Ecuyer-CMRG-v1","a1907512a83f3e042a924e8e83933882809a77f7122a6a0b4279bbe6bb27f3a5"
"1.0","fixture_prediction__euro2016_019","fixture_prediction","euro2016","euro2016__2016-06-17","euro2016_019",900496,TRUE,0,0,"L'Ecuyer-CMRG-v1","7b9761288a8186558eb00b875965856e40ee4d197684d4b2dbdac82a8d6ad1e2"
"1.0","fixture_prediction__euro2016_020","fixture_prediction","euro2016","euro2016__2016-06-17","euro2016_020",900497,TRUE,0,0,"L'Ecuyer-CMRG-v1","8db3099505119ab9553ce1ad4ef83133142c25938094e95a516ae753a9a3e451"
"1.0","fixture_prediction__euro2016_021","fixture_prediction","euro2016","euro2016__2016-06-17","euro2016_021",900498,TRUE,0,0,"L'Ecuyer-CMRG-v1","160c1a3b0c719425b3f02d22d30f0f4afce02680510eb5817feadf400500884f"
"1.0","fixture_prediction__euro2016_022","fixture_prediction","euro2016","euro2016__2016-06-18","euro2016_022",900499,TRUE,0,0,"L'Ecuyer-CMRG-v1","67ba7cb185c339a654e3d2c8af9b0cc97d00f25d0590ec576d030f2a8ab48973"
"1.0","fixture_prediction__euro2016_023","fixture_prediction","euro2016","euro2016__2016-06-18","euro2016_023",900500,TRUE,0,0,"L'Ecuyer-CMRG-v1","a7e20040f8e4205171208e0c78cedf0c2fbf8c7e0dba68b9470cf22502bc09ca"
"1.0","fixture_prediction__euro2016_024","fixture_prediction","euro2016","euro2016__2016-06-18","euro2016_024",900501,TRUE,0,0,"L'Ecuyer-CMRG-v1","e6e068889df8837d0a3cb2c3a52151a3a765fbc4bcafe908a6aafdb7606cd772"
"1.0","fixture_prediction__euro2016_025","fixture_prediction","euro2016","euro2016__2016-06-19","euro2016_025",900502,TRUE,0,0,"L'Ecuyer-CMRG-v1","8cee4fd62af417091a529047a6b351f4ae7ed3a9c00045fc0fdeda0792a7f918"
"1.0","fixture_prediction__euro2016_026","fixture_prediction","euro2016","euro2016__2016-06-19","euro2016_026",900503,TRUE,0,0,"L'Ecuyer-CMRG-v1","629d08ecfd28ff8617856f8d962737d2ca39690543958bf4b36f458a0a42cf1d"
"1.0","fixture_prediction__euro2016_027","fixture_prediction","euro2016","euro2016__2016-06-20","euro2016_027",900504,TRUE,0,0,"L'Ecuyer-CMRG-v1","517efaa8357bd7d2cf08069630b5e900a240ff7f09c47bc2e036fe65733d0845"
"1.0","fixture_prediction__euro2016_028","fixture_prediction","euro2016","euro2016__2016-06-20","euro2016_028",900505,TRUE,0,0,"L'Ecuyer-CMRG-v1","a9a926792e80c04fa4d2e33cc6addf35f6d2425e4b479866d7198391920a9e65"
"1.0","fixture_prediction__euro2016_029","fixture_prediction","euro2016","euro2016__2016-06-21","euro2016_029",900506,TRUE,0,0,"L'Ecuyer-CMRG-v1","0a00658e8f316b0fc7083545ffa81d1694012d3f86e9b13f1552925f97f609b4"
"1.0","fixture_prediction__euro2016_030","fixture_prediction","euro2016","euro2016__2016-06-21","euro2016_030",900507,TRUE,0,0,"L'Ecuyer-CMRG-v1","ae98f6e4f8649c072ef15e6bc04f8db3b52f2a01fadcca8916d2184a6d02c29a"
"1.0","fixture_prediction__euro2016_031","fixture_prediction","euro2016","euro2016__2016-06-21","euro2016_031",900508,TRUE,0,0,"L'Ecuyer-CMRG-v1","a00d11d0a56477ef2b70f15bde4b4c46923797a0a2b61d60f87ca963edcb25ba"
"1.0","fixture_prediction__euro2016_032","fixture_prediction","euro2016","euro2016__2016-06-21","euro2016_032",900509,TRUE,0,0,"L'Ecuyer-CMRG-v1","a1d4a05c0f512200719dbbb598be3d611a340c791e25b9d536d3f8c084595547"
"1.0","fixture_prediction__euro2016_033","fixture_prediction","euro2016","euro2016__2016-06-22","euro2016_033",900510,TRUE,0,0,"L'Ecuyer-CMRG-v1","2e8244501938892cb6fbe4b1d46ea6c3feffb039c297c0f2a4e3bd4b41f0654c"
"1.0","fixture_prediction__euro2016_034","fixture_prediction","euro2016","euro2016__2016-06-22","euro2016_034",900511,TRUE,0,0,"L'Ecuyer-CMRG-v1","10ae6a8be820f24ec2dfbb1f36946aed7715653b227258f36b7322db35ada9c3"
"1.0","fixture_prediction__euro2016_035","fixture_prediction","euro2016","euro2016__2016-06-22","euro2016_035",900512,TRUE,0,0,"L'Ecuyer-CMRG-v1","4d02a8d9296ff0d2d2fbc14064c7100f10d4bfefe9d9d4d97dc4c44c577bf997"
"1.0","fixture_prediction__euro2016_036","fixture_prediction","euro2016","euro2016__2016-06-22","euro2016_036",900513,TRUE,0,0,"L'Ecuyer-CMRG-v1","5a1eeaaca3ed8341d474c620a3b5020b7216fdf632f9d729c74a88986ad7bd15"
"1.0","fixture_prediction__euro2016_037","fixture_prediction","euro2016","euro2016__2016-06-25","euro2016_037",900514,TRUE,0,0,"L'Ecuyer-CMRG-v1","4f375d81b2160340021ec47f21d818170eb4fa3be2c8fe865b3f87f2722402f9"
"1.0","fixture_prediction__euro2016_038","fixture_prediction","euro2016","euro2016__2016-06-25","euro2016_038",900515,TRUE,0,0,"L'Ecuyer-CMRG-v1","87958dc5082564ca0723540d474ac5957769da6b12bc0d127172d9a16fdc7970"
"1.0","fixture_prediction__euro2016_039","fixture_prediction","euro2016","euro2016__2016-06-25","euro2016_039",900516,TRUE,0,0,"L'Ecuyer-CMRG-v1","de5056080ea5bfa76e085b2d5e92169f297b5b186cac4317a4b94909db263a4a"
"1.0","fixture_prediction__euro2016_040","fixture_prediction","euro2016","euro2016__2016-06-26","euro2016_040",900517,TRUE,0,0,"L'Ecuyer-CMRG-v1","7557a525c634a9e2a940c8c899367da25c2b960dc3f436d2596069ef43cd68d8"
"1.0","fixture_prediction__euro2016_041","fixture_prediction","euro2016","euro2016__2016-06-26","euro2016_041",900518,TRUE,0,0,"L'Ecuyer-CMRG-v1","8ddf29c63f617306e7bf5e86d4d8da11eca58cccb62e14e682936118e13bba3b"
"1.0","fixture_prediction__euro2016_042","fixture_prediction","euro2016","euro2016__2016-06-26","euro2016_042",900519,TRUE,0,0,"L'Ecuyer-CMRG-v1","8960cdea12f87c094fdbfc5ba564969e5e272ffbccb3069887de3daa8395ac8d"
"1.0","fixture_prediction__euro2016_043","fixture_prediction","euro2016","euro2016__2016-06-27","euro2016_043",900520,TRUE,0,0,"L'Ecuyer-CMRG-v1","8fd6d2883b26c4b45f755956becb42908532568030b74162338e0859e3b97db5"
"1.0","fixture_prediction__euro2016_044","fixture_prediction","euro2016","euro2016__2016-06-27","euro2016_044",900521,TRUE,0,0,"L'Ecuyer-CMRG-v1","0669cc99ccb31087caac2b4edad0da498a4b9a8c18b855bf19a52db1c2967f69"
"1.0","fixture_prediction__euro2016_045","fixture_prediction","euro2016","euro2016__2016-06-30","euro2016_045",900522,TRUE,0,0,"L'Ecuyer-CMRG-v1","523a3a62eaeea675a343d6b2dfa5616b2eb69d1d4c084e3ef5de7c4c53daee88"
"1.0","fixture_prediction__euro2016_046","fixture_prediction","euro2016","euro2016__2016-07-01","euro2016_046",900523,TRUE,0,0,"L'Ecuyer-CMRG-v1","4ea7d4f7105381cf27cf4188af52fcb52df3971aed809feaa726f7abb3a7b8f0"
"1.0","fixture_prediction__euro2016_047","fixture_prediction","euro2016","euro2016__2016-07-02","euro2016_047",900524,TRUE,0,0,"L'Ecuyer-CMRG-v1","01bcb4a526e5dcca414ca22e0296b0075e4c457becc9260a28de32ade4aff8c5"
"1.0","fixture_prediction__euro2016_048","fixture_prediction","euro2016","euro2016__2016-07-03","euro2016_048",900525,TRUE,0,0,"L'Ecuyer-CMRG-v1","05a5373737fdd18ebb55f24ea874d735e47acc4039ecd1f72a2b8ccdc350023e"
"1.0","fixture_prediction__euro2016_049","fixture_prediction","euro2016","euro2016__2016-07-06","euro2016_049",900526,TRUE,0,0,"L'Ecuyer-CMRG-v1","bc85af46c4ca353342f58a924e7d855bc1db5459c329c7df0f10ece0afac48bf"
"1.0","fixture_prediction__euro2016_050","fixture_prediction","euro2016","euro2016__2016-07-07","euro2016_050",900527,TRUE,0,0,"L'Ecuyer-CMRG-v1","ac486de2873e97a09d069d8b8a240cc61504a9f3e762b50e9a98cbaacba0d6f6"
"1.0","fixture_prediction__euro2016_051","fixture_prediction","euro2016","euro2016__2016-07-10","euro2016_051",900528,TRUE,0,0,"L'Ecuyer-CMRG-v1","eb2c40dac64ce1fa3e68bd44c476aa5c08989c538fe7cf9f434cd463cbb120a9"
"1.0","fixture_prediction__euro2020_001","fixture_prediction","euro2020","euro2020__2021-06-11","euro2020_001",900529,TRUE,0,0,"L'Ecuyer-CMRG-v1","b975aed06fcde95c0009cebbaba2cb90f397d140aa5349ec30c3cc7846728fd2"
"1.0","fixture_prediction__euro2020_002","fixture_prediction","euro2020","euro2020__2021-06-12","euro2020_002",900530,TRUE,0,0,"L'Ecuyer-CMRG-v1","ceea1c87611458d6259e7b585e5a7fd6f99791145a0c3df646b991f0f3a0ecee"
"1.0","fixture_prediction__euro2020_003","fixture_prediction","euro2020","euro2020__2021-06-12","euro2020_003",900531,TRUE,0,0,"L'Ecuyer-CMRG-v1","94c8f9bb1a8f08ad7bd9136cc28966c8cdb9ce94c4dc10a0a7c0ac3d6299ada2"
"1.0","fixture_prediction__euro2020_004","fixture_prediction","euro2020","euro2020__2021-06-12","euro2020_004",900532,TRUE,0,0,"L'Ecuyer-CMRG-v1","80df038c6dfd12fb8be0700c87fb3cb223bed9933d305df3776470abfc3a2e6c"
"1.0","fixture_prediction__euro2020_005","fixture_prediction","euro2020","euro2020__2021-06-13","euro2020_005",900533,TRUE,0,0,"L'Ecuyer-CMRG-v1","c24de7ed003dfaa8dd3214516c1416554a43e61cc07efa764c517b10ee5e88ef"
"1.0","fixture_prediction__euro2020_006","fixture_prediction","euro2020","euro2020__2021-06-13","euro2020_006",900534,TRUE,0,0,"L'Ecuyer-CMRG-v1","43780210e5f10982ffa80f297b7bb2fae7eebdd92caa977ed625fadd0c308b6d"
"1.0","fixture_prediction__euro2020_007","fixture_prediction","euro2020","euro2020__2021-06-13","euro2020_007",900535,TRUE,0,0,"L'Ecuyer-CMRG-v1","99f36bcb5725b324b70a25eed87603f63fc400bcc8b16909cd3760b8d3489d35"
"1.0","fixture_prediction__euro2020_008","fixture_prediction","euro2020","euro2020__2021-06-14","euro2020_008",900536,TRUE,0,0,"L'Ecuyer-CMRG-v1","0e99aa46c98145f51d8102caf9868f7501152482f56d94ef49f35380a4c257a6"
"1.0","fixture_prediction__euro2020_009","fixture_prediction","euro2020","euro2020__2021-06-14","euro2020_009",900537,TRUE,0,0,"L'Ecuyer-CMRG-v1","d2d7350db2d79984e6056a8bb4039a80553a4b24bb27864b17ad764cad7ecb71"
"1.0","fixture_prediction__euro2020_010","fixture_prediction","euro2020","euro2020__2021-06-14","euro2020_010",900538,TRUE,0,0,"L'Ecuyer-CMRG-v1","34d4399c74435b12274d6e2fc25e2595015c129e6697079a3a5527307cfe6269"
"1.0","fixture_prediction__euro2020_011","fixture_prediction","euro2020","euro2020__2021-06-15","euro2020_011",900539,TRUE,0,0,"L'Ecuyer-CMRG-v1","80a28fbda009ad0ef5878ded3f640afc2a5cd990529f145b21b7d84f4b3837b8"
"1.0","fixture_prediction__euro2020_012","fixture_prediction","euro2020","euro2020__2021-06-15","euro2020_012",900540,TRUE,0,0,"L'Ecuyer-CMRG-v1","460eec2775cd8b205331b5fec07d6a96efdf48d08d6a8bcb4795d09edf32b70c"
"1.0","fixture_prediction__euro2020_013","fixture_prediction","euro2020","euro2020__2021-06-16","euro2020_013",900541,TRUE,0,0,"L'Ecuyer-CMRG-v1","e26ca5f129036663a156eb49cb539a48d2cb5784f2285a20d4bdee695740fb5b"
"1.0","fixture_prediction__euro2020_014","fixture_prediction","euro2020","euro2020__2021-06-16","euro2020_014",900542,TRUE,0,0,"L'Ecuyer-CMRG-v1","dcca916eb18f8fadeee29315e7b47344169a7bf2910148ddeb6e9c7dbde2332f"
"1.0","fixture_prediction__euro2020_015","fixture_prediction","euro2020","euro2020__2021-06-16","euro2020_015",900543,TRUE,0,0,"L'Ecuyer-CMRG-v1","eaa668b8cac545c67f5968f7f9ab37daa8656465026c870009d595657770f572"
"1.0","fixture_prediction__euro2020_016","fixture_prediction","euro2020","euro2020__2021-06-17","euro2020_016",900544,TRUE,0,0,"L'Ecuyer-CMRG-v1","406f5144d4cc265750f657597903c1bce0c52a9508da15bb30646da334e0c995"
"1.0","fixture_prediction__euro2020_017","fixture_prediction","euro2020","euro2020__2021-06-17","euro2020_017",900545,TRUE,0,0,"L'Ecuyer-CMRG-v1","fe2a89e8d62ee2d4630626f0ec85b58aae80bdfb0db0b38e92c8be91bc60e009"
"1.0","fixture_prediction__euro2020_018","fixture_prediction","euro2020","euro2020__2021-06-17","euro2020_018",900546,TRUE,0,0,"L'Ecuyer-CMRG-v1","e49b7f6e0e8bba773cc4fcc5a544a02c4b028409a308b0a9c30966a259acc8f1"
"1.0","fixture_prediction__euro2020_019","fixture_prediction","euro2020","euro2020__2021-06-18","euro2020_019",900547,TRUE,0,0,"L'Ecuyer-CMRG-v1","3c1dcff07b4ed1d00157b99a29cbac3bd2bd8f42c3580460e4ed83f93163ac30"
"1.0","fixture_prediction__euro2020_020","fixture_prediction","euro2020","euro2020__2021-06-18","euro2020_020",900548,TRUE,0,0,"L'Ecuyer-CMRG-v1","97e972e47fec7c9b5bc07285f69a81d1179b4c75f97ec99cd7d22ae6535b9684"
"1.0","fixture_prediction__euro2020_021","fixture_prediction","euro2020","euro2020__2021-06-18","euro2020_021",900549,TRUE,0,0,"L'Ecuyer-CMRG-v1","744bced093afcdb03df6154dda17208e927312d1e5057c4e23c2f99443530722"
"1.0","fixture_prediction__euro2020_022","fixture_prediction","euro2020","euro2020__2021-06-19","euro2020_022",900550,TRUE,0,0,"L'Ecuyer-CMRG-v1","680ee189260d484b0427501b51df44b29d0c4c8909e61e3f80d56c3a7c34d6d7"
"1.0","fixture_prediction__euro2020_023","fixture_prediction","euro2020","euro2020__2021-06-19","euro2020_023",900551,TRUE,0,0,"L'Ecuyer-CMRG-v1","731899566ad63ae0aaf1cf0d32bd78dff8e5c7fbef7e3b27d508cab4fe157a0e"
"1.0","fixture_prediction__euro2020_024","fixture_prediction","euro2020","euro2020__2021-06-19","euro2020_024",900552,TRUE,0,0,"L'Ecuyer-CMRG-v1","dc38223889509b6b481200d42486643d4323ad2bf2dde9b627af4b6b6cbc9d69"
"1.0","fixture_prediction__euro2020_025","fixture_prediction","euro2020","euro2020__2021-06-20","euro2020_025",900553,TRUE,0,0,"L'Ecuyer-CMRG-v1","3d6561f2493d148bc7e8401c186dd13d999ec1dbc9d884449ec635f8bb6ecdf2"
"1.0","fixture_prediction__euro2020_026","fixture_prediction","euro2020","euro2020__2021-06-20","euro2020_026",900554,TRUE,0,0,"L'Ecuyer-CMRG-v1","e6342e6340a6a7bc61fa49cb455cbf991512300e4803a4c7d7b40e39263d53d3"
"1.0","fixture_prediction__euro2020_027","fixture_prediction","euro2020","euro2020__2021-06-21","euro2020_027",900555,TRUE,0,0,"L'Ecuyer-CMRG-v1","a233f823f1f999084db78d2986ba041e5aa352d4ae115fbdb3fc3f98e7b6b6c1"
"1.0","fixture_prediction__euro2020_028","fixture_prediction","euro2020","euro2020__2021-06-21","euro2020_028",900556,TRUE,0,0,"L'Ecuyer-CMRG-v1","f9c982f2a22a53e944cfd26d20b2f6a624c3ffe997ac84061c90a88e70efa09c"
"1.0","fixture_prediction__euro2020_029","fixture_prediction","euro2020","euro2020__2021-06-21","euro2020_029",900557,TRUE,0,0,"L'Ecuyer-CMRG-v1","28ad367d83c6d4943edc10f78dd5a32778d1abf10a2bf7832684dcba77fa16c7"
"1.0","fixture_prediction__euro2020_030","fixture_prediction","euro2020","euro2020__2021-06-21","euro2020_030",900558,TRUE,0,0,"L'Ecuyer-CMRG-v1","914dc1dd9ac51dab393b383310cbe335feab01f8326c47427b93efd9f067111e"
"1.0","fixture_prediction__euro2020_031","fixture_prediction","euro2020","euro2020__2021-06-22","euro2020_031",900559,TRUE,0,0,"L'Ecuyer-CMRG-v1","4fb9fab7acefc845e4d2f967af448f0a8f43410be52438af99d3d0d0cecae35e"
"1.0","fixture_prediction__euro2020_032","fixture_prediction","euro2020","euro2020__2021-06-22","euro2020_032",900560,TRUE,0,0,"L'Ecuyer-CMRG-v1","28457f0bc4e47b488f375ef83bea733416e06fcd7bfa38ca9ccf0e3a4002f7e5"
"1.0","fixture_prediction__euro2020_033","fixture_prediction","euro2020","euro2020__2021-06-23","euro2020_033",900561,TRUE,0,0,"L'Ecuyer-CMRG-v1","eaf1f9420b963be88e0ff887fdcf7f57882fdcbafa0efcade4414abdc15b5121"
"1.0","fixture_prediction__euro2020_034","fixture_prediction","euro2020","euro2020__2021-06-23","euro2020_034",900562,TRUE,0,0,"L'Ecuyer-CMRG-v1","79dc4654d9837a2fd580e6767690f9c9145c9e9cd1326ed5588fbe0f5ef98f8d"
"1.0","fixture_prediction__euro2020_035","fixture_prediction","euro2020","euro2020__2021-06-23","euro2020_035",900563,TRUE,0,0,"L'Ecuyer-CMRG-v1","0b514f1fde61d7d6e0fcbd792423c0fd390f486b4d7adfe0155679017e733eeb"
"1.0","fixture_prediction__euro2020_036","fixture_prediction","euro2020","euro2020__2021-06-23","euro2020_036",900564,TRUE,0,0,"L'Ecuyer-CMRG-v1","2c634754b0641c0ee3cd2ce5a7833431ec9a10f6d09ac5fb4102b807827a204d"
"1.0","fixture_prediction__euro2020_037","fixture_prediction","euro2020","euro2020__2021-06-26","euro2020_037",900565,TRUE,0,0,"L'Ecuyer-CMRG-v1","8b6b91ff0397ec75be883c9075fab7d8cdd738182db63bd3b2fa52d066a13b51"
"1.0","fixture_prediction__euro2020_038","fixture_prediction","euro2020","euro2020__2021-06-26","euro2020_038",900566,TRUE,0,0,"L'Ecuyer-CMRG-v1","6accf63ebc3aac362b0e59e82f9f985cdffc42566558f0928e1ceee1e8dbec16"
"1.0","fixture_prediction__euro2020_039","fixture_prediction","euro2020","euro2020__2021-06-27","euro2020_039",900567,TRUE,0,0,"L'Ecuyer-CMRG-v1","9ae5d488a4cd71ef1c86724a223c51091fb5b0bc35d9528727987b81c5689aa5"
"1.0","fixture_prediction__euro2020_040","fixture_prediction","euro2020","euro2020__2021-06-27","euro2020_040",900568,TRUE,0,0,"L'Ecuyer-CMRG-v1","d60e306f1c4f360b0c5dd431ecd3b7e4d256f9849180409122e605eecf7f6e2e"
"1.0","fixture_prediction__euro2020_041","fixture_prediction","euro2020","euro2020__2021-06-28","euro2020_041",900569,TRUE,0,0,"L'Ecuyer-CMRG-v1","eac638397ab8d2f965fe9482f4d0dac5271347827f4be6d72e9ee714c5bdafad"
"1.0","fixture_prediction__euro2020_042","fixture_prediction","euro2020","euro2020__2021-06-28","euro2020_042",900570,TRUE,0,0,"L'Ecuyer-CMRG-v1","a7bea1ff5d2f71d9df7d0caccaf2ecbfee2262e62e825464e6b92000c3ddd0c1"
"1.0","fixture_prediction__euro2020_043","fixture_prediction","euro2020","euro2020__2021-06-29","euro2020_043",900571,TRUE,0,0,"L'Ecuyer-CMRG-v1","08c5fcfc18e4b0384eb625e90b133ff6ade5b45f660d5cd3e27e0d0f745f1509"
"1.0","fixture_prediction__euro2020_044","fixture_prediction","euro2020","euro2020__2021-06-29","euro2020_044",900572,TRUE,0,0,"L'Ecuyer-CMRG-v1","1c97d0b6687a3ed4efaa0d75d069299f7862d5900b00790f51a21c540ad43390"
"1.0","fixture_prediction__euro2020_045","fixture_prediction","euro2020","euro2020__2021-07-02","euro2020_045",900573,TRUE,0,0,"L'Ecuyer-CMRG-v1","3564ca6332e28f4fb94b3bebe4cc232cef8d11ec4296d4a011075de5b82e0fab"
"1.0","fixture_prediction__euro2020_046","fixture_prediction","euro2020","euro2020__2021-07-02","euro2020_046",900574,TRUE,0,0,"L'Ecuyer-CMRG-v1","701cbf22090a74b8e8db1b02f79f394e1b41db65cdc2d92ddafae400004a806f"
"1.0","fixture_prediction__euro2020_047","fixture_prediction","euro2020","euro2020__2021-07-03","euro2020_047",900575,TRUE,0,0,"L'Ecuyer-CMRG-v1","75dd3c0095e1596ca1fda038a7d567c81c5be340927669eef41d7e84669bb9bb"
"1.0","fixture_prediction__euro2020_048","fixture_prediction","euro2020","euro2020__2021-07-03","euro2020_048",900576,TRUE,0,0,"L'Ecuyer-CMRG-v1","c4dc0c94e33a3192647d5d83246ba464a62dca81058893446787ef02b1bb8c2c"
"1.0","fixture_prediction__euro2020_049","fixture_prediction","euro2020","euro2020__2021-07-06","euro2020_049",900577,TRUE,0,0,"L'Ecuyer-CMRG-v1","6433577a60f7eb6e7214c9ff31858e867859a8ac3735a04149c7505647bc99a2"
"1.0","fixture_prediction__euro2020_050","fixture_prediction","euro2020","euro2020__2021-07-07","euro2020_050",900578,TRUE,0,0,"L'Ecuyer-CMRG-v1","9900ecaa709e4b9087c4a3eab6d27e9479d794ca70d00604e548b6e7f7e47a3b"
"1.0","fixture_prediction__euro2020_051","fixture_prediction","euro2020","euro2020__2021-07-11","euro2020_051",900579,TRUE,0,0,"L'Ecuyer-CMRG-v1","3cab92f3090ed38ea36d7ce90624b8d66825f57eb4e941883e1bdc42f8b3fb1f"
"1.0","fixture_prediction__euro2024_001","fixture_prediction","euro2024","euro2024__2024-06-14","euro2024_001",900580,TRUE,0,0,"L'Ecuyer-CMRG-v1","eed318ca52a14be1ae278e23ae3b1a13281cf4809fae65b4c616dd5e552d1916"
"1.0","fixture_prediction__euro2024_002","fixture_prediction","euro2024","euro2024__2024-06-15","euro2024_002",900581,TRUE,0,0,"L'Ecuyer-CMRG-v1","085da3d5a7a31d5251831ddc6600456bad3f99d3855be22b9f9684aea8afc4c0"
"1.0","fixture_prediction__euro2024_003","fixture_prediction","euro2024","euro2024__2024-06-15","euro2024_003",900582,TRUE,0,0,"L'Ecuyer-CMRG-v1","f0cb7f459b03cfc231bf30f4a8cf7c08bd417df15925f82165c3a663fa100f77"
"1.0","fixture_prediction__euro2024_004","fixture_prediction","euro2024","euro2024__2024-06-15","euro2024_004",900583,TRUE,0,0,"L'Ecuyer-CMRG-v1","4d0c719639521644ea62b9f9ca4b814b9c3e5f945fd0fa2a6f8427786a333089"
"1.0","fixture_prediction__euro2024_005","fixture_prediction","euro2024","euro2024__2024-06-16","euro2024_005",900584,TRUE,0,0,"L'Ecuyer-CMRG-v1","995829820def320b21d429e76b4ded6b0a525b595c21638d141c20a2768087a5"
"1.0","fixture_prediction__euro2024_006","fixture_prediction","euro2024","euro2024__2024-06-16","euro2024_006",900585,TRUE,0,0,"L'Ecuyer-CMRG-v1","5094292a89264bb93826c9ac12fb343227f7dd02cada5e564b54f455d7948afc"
"1.0","fixture_prediction__euro2024_007","fixture_prediction","euro2024","euro2024__2024-06-16","euro2024_007",900586,TRUE,0,0,"L'Ecuyer-CMRG-v1","d4f75961ad2b352a26651e6594dfc37d51629c1ee6ff20d308f079301deb8312"
"1.0","fixture_prediction__euro2024_008","fixture_prediction","euro2024","euro2024__2024-06-17","euro2024_008",900587,TRUE,0,0,"L'Ecuyer-CMRG-v1","ec0ac1ad017c9f76cc02f99a7efd7f2245fff748bd5bc577767df53ae824326a"
"1.0","fixture_prediction__euro2024_009","fixture_prediction","euro2024","euro2024__2024-06-17","euro2024_009",900588,TRUE,0,0,"L'Ecuyer-CMRG-v1","aa1b97480e8cfc519e70d3e8e7a8f913bc2ce23238ce7419b79e262461203086"
"1.0","fixture_prediction__euro2024_010","fixture_prediction","euro2024","euro2024__2024-06-17","euro2024_010",900589,TRUE,0,0,"L'Ecuyer-CMRG-v1","de7b3b0cebcd0e678e44d4ba86df0587852a48464a09568476a719d5f78b1433"
"1.0","fixture_prediction__euro2024_011","fixture_prediction","euro2024","euro2024__2024-06-18","euro2024_011",900590,TRUE,0,0,"L'Ecuyer-CMRG-v1","b8706617f25aefdb670ebfd16e1aed0e0e3b3f5d3e6f04be073878d9e056f2d6"
"1.0","fixture_prediction__euro2024_012","fixture_prediction","euro2024","euro2024__2024-06-18","euro2024_012",900591,TRUE,0,0,"L'Ecuyer-CMRG-v1","8d0fa1be681ac88a7d0bf14c0273e9445fd8665b7b87ca63d32dcabb880ab008"
"1.0","fixture_prediction__euro2024_013","fixture_prediction","euro2024","euro2024__2024-06-19","euro2024_013",900592,TRUE,0,0,"L'Ecuyer-CMRG-v1","13b74c29f1f87ab73be4977bacf817d15d594fd2c5eb308937f8916ce38cdb16"
"1.0","fixture_prediction__euro2024_014","fixture_prediction","euro2024","euro2024__2024-06-19","euro2024_014",900593,TRUE,0,0,"L'Ecuyer-CMRG-v1","a2fa95284b3fca98b971197691b07f907d278381198e48e61ca583ba0dcc3241"
"1.0","fixture_prediction__euro2024_015","fixture_prediction","euro2024","euro2024__2024-06-19","euro2024_015",900594,TRUE,0,0,"L'Ecuyer-CMRG-v1","ebbf64f720e1466735ff239fba3c562d92e771547bf9a254b4d5bebdec2df27b"
"1.0","fixture_prediction__euro2024_016","fixture_prediction","euro2024","euro2024__2024-06-20","euro2024_016",900595,TRUE,0,0,"L'Ecuyer-CMRG-v1","51db772be1a47c7e51998d57df15a0cd15b135111ede3a1c3cc8f29c1f240ba5"
"1.0","fixture_prediction__euro2024_017","fixture_prediction","euro2024","euro2024__2024-06-20","euro2024_017",900596,TRUE,0,0,"L'Ecuyer-CMRG-v1","9a9d4c5248cd10e4f300104c142fd12f950cbbf2f1f0bf22824dad6a2d10e0e2"
"1.0","fixture_prediction__euro2024_018","fixture_prediction","euro2024","euro2024__2024-06-20","euro2024_018",900597,TRUE,0,0,"L'Ecuyer-CMRG-v1","58438655bab7a65ea3882ec2a34b726289a068136c63918a8671e2e37b8e6f40"
"1.0","fixture_prediction__euro2024_019","fixture_prediction","euro2024","euro2024__2024-06-21","euro2024_019",900598,TRUE,0,0,"L'Ecuyer-CMRG-v1","9cdf2b0321859c86e58ee2c1c7d2fcad6cde23b52ed49cd40928d68cfe1c812d"
"1.0","fixture_prediction__euro2024_020","fixture_prediction","euro2024","euro2024__2024-06-21","euro2024_020",900599,TRUE,0,0,"L'Ecuyer-CMRG-v1","a1f1d1aefa4c8c3445fc6ade67a2442d5d9f1d8fb906f5ce256c5267ca279dc0"
"1.0","fixture_prediction__euro2024_021","fixture_prediction","euro2024","euro2024__2024-06-21","euro2024_021",900600,TRUE,0,0,"L'Ecuyer-CMRG-v1","abb596f42ce8112d3453c95c7be6d4aaa0fc0f85e13ccb66dff5a231fed67213"
"1.0","fixture_prediction__euro2024_022","fixture_prediction","euro2024","euro2024__2024-06-22","euro2024_022",900601,TRUE,0,0,"L'Ecuyer-CMRG-v1","a1002be746ada7f6eeb991306f86cd9a9930192c1c8fabcd97dcaec779a0e83c"
"1.0","fixture_prediction__euro2024_023","fixture_prediction","euro2024","euro2024__2024-06-22","euro2024_023",900602,TRUE,0,0,"L'Ecuyer-CMRG-v1","d60ff2dff70650d01e852fc935ea50a72dfbf21de6fa67df043d0a2e2abe8ba1"
"1.0","fixture_prediction__euro2024_024","fixture_prediction","euro2024","euro2024__2024-06-22","euro2024_024",900603,TRUE,0,0,"L'Ecuyer-CMRG-v1","144e3c678e238908ffb2c0dc9e6efe12b7e098a6d53ee9f517784c6006693ea9"
"1.0","fixture_prediction__euro2024_025","fixture_prediction","euro2024","euro2024__2024-06-23","euro2024_025",900604,TRUE,0,0,"L'Ecuyer-CMRG-v1","dcbfb598c26ad1bdc95909ae4e5bf6c212cd7c7a07a76ab85f5e34edede60b74"
"1.0","fixture_prediction__euro2024_026","fixture_prediction","euro2024","euro2024__2024-06-23","euro2024_026",900605,TRUE,0,0,"L'Ecuyer-CMRG-v1","4c32df7be28317faabd4827efb115fc60742ec411646191b625787bfd5740ce4"
"1.0","fixture_prediction__euro2024_027","fixture_prediction","euro2024","euro2024__2024-06-24","euro2024_027",900606,TRUE,0,0,"L'Ecuyer-CMRG-v1","5705785fd85cf97d8f094fde967575e5cd0e664cc6ef9f794da4913e3ea5d862"
"1.0","fixture_prediction__euro2024_028","fixture_prediction","euro2024","euro2024__2024-06-24","euro2024_028",900607,TRUE,0,0,"L'Ecuyer-CMRG-v1","dafacbda747d54f641fc8fbde05eed11a887304d05e54aa06fc804c2738b2eae"
"1.0","fixture_prediction__euro2024_029","fixture_prediction","euro2024","euro2024__2024-06-25","euro2024_029",900608,TRUE,0,0,"L'Ecuyer-CMRG-v1","66e50b7d1c07d84bcf08439d2460b72a198f66a26a5a7d791f84c40991d28f10"
"1.0","fixture_prediction__euro2024_030","fixture_prediction","euro2024","euro2024__2024-06-25","euro2024_030",900609,TRUE,0,0,"L'Ecuyer-CMRG-v1","8cc548256c2d79692c594c78af01c35831550063c7fb0b03a9fb94760b4bcbfc"
"1.0","fixture_prediction__euro2024_031","fixture_prediction","euro2024","euro2024__2024-06-25","euro2024_031",900610,TRUE,0,0,"L'Ecuyer-CMRG-v1","df7be6c4cece434aa06ecb0b06e40cea390a0029a786184e55237b936c1b5f05"
"1.0","fixture_prediction__euro2024_032","fixture_prediction","euro2024","euro2024__2024-06-25","euro2024_032",900611,TRUE,0,0,"L'Ecuyer-CMRG-v1","9fc6e2b0ce96327e0209588f2afc9dd5d3cccab152ffcb7ea95dfaec5422ede1"
"1.0","fixture_prediction__euro2024_033","fixture_prediction","euro2024","euro2024__2024-06-26","euro2024_033",900612,TRUE,0,0,"L'Ecuyer-CMRG-v1","19b75699596375925e93f8b0851d53c2d7c68cd298aee7e2db64b5901fc320e3"
"1.0","fixture_prediction__euro2024_034","fixture_prediction","euro2024","euro2024__2024-06-26","euro2024_034",900613,TRUE,0,0,"L'Ecuyer-CMRG-v1","84fc3ec913908e0ec10c1b205d6e08a186c81dce0ea44442a11cb659a53012b6"
"1.0","fixture_prediction__euro2024_035","fixture_prediction","euro2024","euro2024__2024-06-26","euro2024_035",900614,TRUE,0,0,"L'Ecuyer-CMRG-v1","a5400be81abf94fb582a3953d3ff28c11a39f23439faddc780a2a470369d240b"
"1.0","fixture_prediction__euro2024_036","fixture_prediction","euro2024","euro2024__2024-06-26","euro2024_036",900615,TRUE,0,0,"L'Ecuyer-CMRG-v1","e4e9f4627d5862c502a45c5453820befe6b7a884c0b4f90d8670f8b0d4361fa7"
"1.0","fixture_prediction__euro2024_037","fixture_prediction","euro2024","euro2024__2024-06-29","euro2024_037",900616,TRUE,0,0,"L'Ecuyer-CMRG-v1","11f2dfcff807b7f2c3a576749bd8f4dfbb24a3a50dcbb36687fb2fde40ef070a"
"1.0","fixture_prediction__euro2024_038","fixture_prediction","euro2024","euro2024__2024-06-29","euro2024_038",900617,TRUE,0,0,"L'Ecuyer-CMRG-v1","b55a46103b1eb62311ffad2fa8dafd904a845fd51d583b88cc86ad2e4befd428"
"1.0","fixture_prediction__euro2024_039","fixture_prediction","euro2024","euro2024__2024-06-30","euro2024_039",900618,TRUE,0,0,"L'Ecuyer-CMRG-v1","bac189d785d2afa9a75a6cd33377ca6c943e9a708ffbe028725ee86e895af9e7"
"1.0","fixture_prediction__euro2024_040","fixture_prediction","euro2024","euro2024__2024-06-30","euro2024_040",900619,TRUE,0,0,"L'Ecuyer-CMRG-v1","36c32ec2ff6d679937ff5e8745315a077f244892042ec10324f8014433c5cedc"
"1.0","fixture_prediction__euro2024_041","fixture_prediction","euro2024","euro2024__2024-07-01","euro2024_041",900620,TRUE,0,0,"L'Ecuyer-CMRG-v1","4390034a6572d5dbfad40ca4db8f7542c84c13fd22da6cccaef349ce5e838441"
"1.0","fixture_prediction__euro2024_042","fixture_prediction","euro2024","euro2024__2024-07-01","euro2024_042",900621,TRUE,0,0,"L'Ecuyer-CMRG-v1","054ef47aec5d2b4ac2133185efa547e98f4bc4c5a75c405b82b78ca1672245c2"
"1.0","fixture_prediction__euro2024_043","fixture_prediction","euro2024","euro2024__2024-07-02","euro2024_043",900622,TRUE,0,0,"L'Ecuyer-CMRG-v1","54a822a1fe7b213dc5f89ba3ccdeab55f1ec092e79625788e140bc25f700e3bf"
"1.0","fixture_prediction__euro2024_044","fixture_prediction","euro2024","euro2024__2024-07-02","euro2024_044",900623,TRUE,0,0,"L'Ecuyer-CMRG-v1","0eccaae439fb352ad6c121eaef695d9dfd3d78e4d8836a130540baa67a99e5c8"
"1.0","fixture_prediction__euro2024_045","fixture_prediction","euro2024","euro2024__2024-07-05","euro2024_045",900624,TRUE,0,0,"L'Ecuyer-CMRG-v1","2681f8244f344780a494db4b39f9c9bcea0797b16cdb1cc026b48b073078516c"
"1.0","fixture_prediction__euro2024_046","fixture_prediction","euro2024","euro2024__2024-07-05","euro2024_046",900625,TRUE,0,0,"L'Ecuyer-CMRG-v1","236442ec53b4f6355b27ce2c04422428846e69e89bce817226b571f35b60425f"
"1.0","fixture_prediction__euro2024_047","fixture_prediction","euro2024","euro2024__2024-07-06","euro2024_047",900626,TRUE,0,0,"L'Ecuyer-CMRG-v1","b9e71c9292b40536b9542656e860f219ad8383140b83ea144a8cc29a2353c761"
"1.0","fixture_prediction__euro2024_048","fixture_prediction","euro2024","euro2024__2024-07-06","euro2024_048",900627,TRUE,0,0,"L'Ecuyer-CMRG-v1","ec2856ddf11e1420a5389c7e07e44d145ea3b0448ffe6909f9f7b0934fc1502b"
"1.0","fixture_prediction__euro2024_049","fixture_prediction","euro2024","euro2024__2024-07-09","euro2024_049",900628,TRUE,0,0,"L'Ecuyer-CMRG-v1","2c59e580892e49acd8052d698b0a21e0a38a4e957f999c43d288eec7e385e9e5"
"1.0","fixture_prediction__euro2024_050","fixture_prediction","euro2024","euro2024__2024-07-10","euro2024_050",900629,TRUE,0,0,"L'Ecuyer-CMRG-v1","8f65fcaf627a1d62812cbb1939551efe7fc1843a5e36eba12a269898b956c411"
"1.0","fixture_prediction__euro2024_051","fixture_prediction","euro2024","euro2024__2024-07-14","euro2024_051",900630,TRUE,0,0,"L'Ecuyer-CMRG-v1","0514a2de63ddea9550969489a299a9a68fe016314f386b0a879f62e1b1f9ebfe"
"1.0","stage_simulation__wc2002","stage_simulation","wc2002","wc2002__frozen","",910001,TRUE,50000,0,"L'Ecuyer-CMRG-v1","9d9fb38dded1ca0a516948d25ed25884b2c09bf6d61e273e3d3b8ec6d0b63303"
"1.0","stage_simulation__wc2006","stage_simulation","wc2006","wc2006__frozen","",910002,TRUE,50000,0,"L'Ecuyer-CMRG-v1","ffe0e6f5b7f31022e57cdec763669aa62cd2a8d9be6652d1a485dfa41845af7c"
"1.0","stage_simulation__wc2010","stage_simulation","wc2010","wc2010__frozen","",910003,TRUE,50000,0,"L'Ecuyer-CMRG-v1","968f31bc8b5d5546e5ee7895c964ebde01e23756164e6e0ebcba5af515e81d3f"
"1.0","stage_simulation__wc2014","stage_simulation","wc2014","wc2014__frozen","",910004,TRUE,50000,0,"L'Ecuyer-CMRG-v1","2d4ed08be6ecd53f23d571c2753a0b8e882298f4dd78000954fe00907ec313b5"
"1.0","stage_simulation__wc2018","stage_simulation","wc2018","wc2018__frozen","",910005,TRUE,50000,0,"L'Ecuyer-CMRG-v1","b06384b741da56dfdef4a36ba62ef088c9dac309f95707ce45579a7df1a658cc"
"1.0","stage_simulation__wc2022","stage_simulation","wc2022","wc2022__frozen","",910006,TRUE,50000,0,"L'Ecuyer-CMRG-v1","f3bcef867db78202e5f4a0cfc9c9db02c261f2caf32a04b386cf42046adffb4f"
"1.0","stage_simulation__euro2004","stage_simulation","euro2004","euro2004__frozen","",910007,TRUE,50000,0,"L'Ecuyer-CMRG-v1","18167e38ae3099e6a15429ef9000b4963e918977b6e55c4e34d3b5d11726e04d"
"1.0","stage_simulation__euro2008","stage_simulation","euro2008","euro2008__frozen","",910008,TRUE,50000,0,"L'Ecuyer-CMRG-v1","98b843918a30a28dfb5575d738c2355b29cd6abd2fd773688e60641a7ee9871d"
"1.0","stage_simulation__euro2012","stage_simulation","euro2012","euro2012__frozen","",910009,TRUE,50000,0,"L'Ecuyer-CMRG-v1","2adeb721ec8b6801d2b7e8035232252eff946918026f65836469efc92b2594fd"
"1.0","stage_simulation__euro2016","stage_simulation","euro2016","euro2016__frozen","",910010,TRUE,50000,0,"L'Ecuyer-CMRG-v1","789378f8b6275a43bb6cf850f3ce62249140faec15693571305dad527d311863"
"1.0","stage_simulation__euro2020","stage_simulation","euro2020","euro2020__frozen","",910011,TRUE,50000,0,"L'Ecuyer-CMRG-v1","7f01d690e4a9fe566870cbec61c8c5668e263141c3e7c38c59e0befdb4a78bf9"
"1.0","stage_simulation__euro2024","stage_simulation","euro2024","euro2024__frozen","",910012,TRUE,50000,0,"L'Ecuyer-CMRG-v1","1972758753cafdb9f1812baab8d7a86c27004bd6867549e2e9acb4a6eb1707e7"
"1.0","paired_tournament_bootstrap__development","paired_tournament_bootstrap","all_development","all_tournaments","",920001,TRUE,0,10000,"L'Ecuyer-CMRG-v1","2f54f23528f59d27dfe69691815f97fd753f34d2ba3bb7b619cc5e53bdae79f4"
